Rank,Ticker,Price,Prev_Close,DVol,Sector,Industry,RS Percentile,1M_RS Percentile,3M_RS Percentile,6M_RS Percentile,ATR,ADR,AvgVol,AvgVol10,52WKH,52WKL,MCAP,IPO,SMA20,SMA50,SMA200,SMA10W,SMA30W,Earning_Date,History_Days,Gap (%),Latest Volume,9M+ Volume,HVE,HVE Date,HVE Volume
1,SBTU,53.23,54.95,8633.0,ETF,ETF,98.0,99.0,99.0,99.0,5.6504,3.9166,108725.0,11170.0,59.17,1.3,0,NO,43.57,19.69,8.68,24.28,10.1,,231,0.0,8633,NO,NO,2026-08-19,636600.0
2,BWET,739.4,834.0,205044.0,ETF,ETF,98.0,98.0,98.0,98.0,68.5723,49.1615,221965.0,270600.0,872.14,13.58,0,NO,600.21,421.37,183.1,491.35,267.45,,850,0.0,205261,NO,NO,2024-01-30,657200.0
3,ZCSH,121.58,121.86,803072.0,ETF,ETF,98.0,98.0,98.0,98.0,10.6925,7.6989,242763.0,806910.0,131.72,4.12,0,NO,91.05,59.74,35.15,67.57,41.45,,1238,0.0,803072,NO,NO,2026-09-17,1509200.0
4,NFEGP,457.0,495.0,2228.0,n/a,n/a,98.0,,,,,,25457.0,25457.0,519.84,38.4,0,YES,,,,,,,7,0.0,2228,NO,NO,2026-09-15,106600.0
5,DLLL,34.25,34.11,2517853.0,ETF,ETF,98.0,98.0,94.0,98.0,4.1099,3.6629,1839752.0,2155150.0,40.21,2.17,0,NO,31.66,26.9,13.19,28.8,18.16,,403,0.0,2527357,NO,NO,2026-05-28,15772800.0
6,SNDK,1816.57,1887.04,7646795.0,Electronic technology,Computer peripherals,98.0,97.0,21.0,98.0,106.4245,95.4331,13849965.0,10110300.0,2354.39,93.53,265980362752,NO,1636.43,1506.65,1092.52,1556.75,1390.25,,404,0.0,7672720,NO,NO,2025-11-26,43000900.0
7,ANL,15.75,15.57,215991.0,Commercial services,Miscellaneous commercial services,98.0,96.0,96.0,97.0,1.1188,1.1084,193123.0,172230.0,17.25,0.88,1014267520,NO,14.88,13.65,9.77,14.13,11.98,,747,0.0,218129,NO,NO,2025-12-29,23639500.0
8,AXTI,72.98,77.79,5301830.0,Electronic technology,Electronic production equipment,98.0,94.0,69.0,45.0,6.0604,5.4418,10234696.0,9410590.0,143.16,4.0,4785533440,NO,64.89,64.32,58.08,67.67,74.31,,7129,0.0,5301830,NO,NO,2024-02-23,103105600.0
9,AMUU,283.13,285.108,25074.0,ETF,ETF,98.0,98.0,90.0,98.0,19.2504,14.1807,86028.0,59910.0,293.65,37.32,0,NO,197.61,197.76,131.63,204.44,169.01,,369,0.0,25430,NO,NO,2025-10-06,1327100.0
10,RFAIU,46.5,44.94,886.0,Finance,Financial conglomerates,98.0,9.0,98.0,98.0,0.8914,0.7436,166.0,550.0,53.7,10.44,0,NO,47.18,27.14,14.98,33.05,18.35,,588,0.0,886,NO,NO,2024-05-17,9572400.0
11,BUUU,46.97,45.83,120602.0,Industrials,Specialty Business Services,98.0,98.0,98.0,98.0,4.6768,4.6575,70473.0,49620.0,52.91,5.7,784247616,NO,37.12,29.79,18.03,32.53,22.32,,278,0.0,120602,NO,NO,2025-08-14,1682200.0
12,LINT,168.11,166.5,54143.0,ETF,ETF,98.0,98.0,2.0,98.0,14.9926,10.5701,133511.0,128480.0,266.71,23.87,0,NO,114.72,114.55,98.56,117.48,127.07,,210,0.0,54143,NO,NO,2026-01-23,456000.0
13,TXG,75.62,79.1,3472918.0,Health technology,Biotechnology,98.0,96.0,98.0,98.0,4.5963,4.377,3059147.0,2973200.0,82.68,11.16,9852618752,NO,67.93,58.08,31.92,61.18,38.57,,1766,0.0,3472918,NO,NO,2025-06-27,17909500.0
14,TWST,158.5,165.83,2133313.0,Health technology,Biotechnology,98.0,92.0,98.0,98.0,10.2043,9.625,1731323.0,2072310.0,170.66,23.3,10508736512,NO,141.1,121.18,71.0,128.05,86.22,,1982,0.0,2133313,NO,NO,2022-11-15,7568500.0
15,RFAI,34.22,37.51,2365.0,Finance,Financial conglomerates,98.0,0.0,98.0,98.0,7.4841,7.142,83238.0,21130.0,73.0,8.94,285565344,NO,40.4,24.52,14.3,30.07,17.33,,556,0.0,2365,NO,NO,2026-08-21,3150800.0
16,SNXX,18.37,19.8,44576847.0,ETF,ETF,98.0,98.0,0.0,98.0,2.0137,1.808,87225193.0,58629790.0,49.34,3.14,0,NO,15.39,14.06,,14.59,16.94,,166,0.0,44964942,YES,NO,2026-07-29,221465500.0
17,EDRY,51.34,67.97,186194.0,Industrials,Marine Shipping,98.0,93.0,98.0,98.0,6.4804,5.6239,128480.0,234530.0,73.07,11.95,163242160,NO,58.94,42.26,24.45,46.38,29.63,,2088,0.0,186194,NO,NO,2020-11-12,15683900.0
18,CRWL,103.31,93.541,176349.0,ETF,ETF,98.0,98.0,98.0,98.0,8.8054,8.2215,155895.0,269720.0,103.8,15.25,0,NO,76.91,71.65,43.19,73.21,50.62,,465,1.92,176349,NO,NO,2026-02-23,1426500.0
19,BNMC,80.06,66.26,35.0,ETF,ETF,98.0,98.0,,,7.0207,1.71,490.0,660.0,80.06,24.42,0,NO,62.34,45.78,,51.68,,,51,0.0,500,NO,NO,2026-07-10,9100.0
20,SAIH,29.74,27.02,8634.0,Technology services,Data processing services,98.0,97.0,98.0,98.0,2.3161,2.0944,12623.0,19080.0,29.88,5.9,54641064,NO,24.85,20.97,12.39,22.65,14.59,,1315,6.32,8815,NO,NO,2023-04-26,3801647.0
21,DELL,549.83,548.92,8206204.0,Technology,Computer Hardware,98.0,97.0,92.0,98.0,33.5221,29.8893,7829333.0,9834180.0,595.51,110.22,349588914176,NO,521.04,469.82,278.81,489.51,351.36,,2539,0.0,8218969,NO,NO,2016-09-07,147907159.0
22,CDNA,54.31,54.33,1907133.0,Healthcare,Diagnostics & Research,98.0,94.0,98.0,98.0,2.074,2.0733,1149246.0,1099920.0,57.16,13.95,2809685760,NO,51.46,45.9,26.99,48.05,31.06,,3064,0.0,1907187,NO,NO,2025-07-17,16111000.0
23,PALU,61.66,55.26,164442.0,ETF,ETF,98.0,95.0,97.0,98.0,5.2737,4.7523,123774.0,133070.0,67.86,9.85,0,NO,52.24,53.27,29.54,52.9,35.66,,374,3.22,168074,NO,NO,2026-06-02,1848600.0
24,TXXH,80.45,80.17,18332.0,ETF,ETF,98.0,98.0,97.0,,6.2321,4.0593,15865.0,14440.0,86.4,23.05,0,NO,67.43,50.29,,54.11,,,100,0.0,18332,NO,NO,2026-06-05,72200.0
25,BDSX,29.29,28.43,68961.0,Health services,Medical/Nursing services,98.0,93.0,96.0,97.0,1.7149,1.7099,98733.0,69930.0,31.31,5.26,309042240,NO,27.57,24.56,16.09,25.58,19.32,,1481,0.0,68961,NO,NO,2026-01-12,75528700.0
26,BAND,59.13,54.31,1280384.0,Technology services,Packaged software,98.0,97.0,84.0,98.0,4.6811,4.4032,1083671.0,1108130.0,79.08,12.5,1902850048,NO,49.76,52.47,35.69,50.94,46.15,,2227,6.54,1280384,NO,NO,2022-11-02,11116300.0
27,PANG,37.95,33.997,45124.0,ETF,ETF,98.0,95.0,97.0,98.0,3.2613,2.8963,46884.0,59890.0,41.59,6.05,0,NO,32.09,32.75,18.27,32.48,21.95,,378,4.04,45124,NO,NO,2026-02-18,646000.0
28,PLSE,51.98,53.31,550583.0,Health technology,Medical specialties,98.0,86.0,98.0,98.0,4.7224,4.6136,492638.0,734820.0,58.9,12.56,3707349248,NO,51.72,43.37,26.24,46.25,31.21,,2601,0.0,550583,NO,NO,2022-09-26,4339700.0
29,ANRO,27.5,30.63,638784.0,Health technology,Biotechnology,98.0,2.0,85.0,90.0,2.0828,2.0524,588023.0,649970.0,37.48,3.77,1079157888,NO,33.42,30.98,23.23,30.94,25.76,,661,0.0,639647,NO,NO,2025-10-03,61880600.0
30,PLTL,69.56,63.41,605.0,ETF,ETF,98.0,94.0,,,3.5548,0.5826,1060.0,200.0,69.56,27.78,0,NO,59.95,51.75,,55.17,,,61,7.38,605,NO,NO,2026-08-10,9400.0
31,BBGI,16.6,16.77,13325.0,Consumer services,Broadcasting,98.0,2.0,2.0,98.0,1.2107,1.2107,48349.0,32930.0,29.3,3.14,30755668,NO,17.83,20.19,13.35,19.29,16.92,,6692,0.0,13325,NO,NO,2026-04-08,52492000.0
32,ETON,55.61,55.31,436087.0,Healthcare,Drug Manufacturers - Specialty & Generic,98.0,6.0,97.0,97.0,2.6914,2.6614,564896.0,423630.0,66.37,14.27,1589508224,NO,58.74,52.13,30.51,54.24,37.34,,1973,0.0,436087,NO,NO,2023-08-11,15757000.0
33,ATEX,83.98,83.62,152975.0,Communication Services,Telecom Services,98.0,10.0,73.0,97.0,4.2491,4.0341,385623.0,382170.0,113.0,17.58,1646829952,NO,85.0,91.4,56.94,89.28,70.69,,2926,0.0,152975,NO,NO,2020-12-21,3077900.0
34,PUR,42.89,40.95,185263.0,ETF,ETF,98.0,98.0,,,6.3146,5.4939,93750.0,228130.0,48.44,9.66,0,NO,34.86,22.66,,26.18,,,54,0.9,185263,NO,NO,2026-08-20,500100.0
35,LIFE,33.91,36.49,1700822.0,Financial Services,Insurance Brokers,98.0,66.0,98.0,98.0,2.8421,2.7978,1224549.0,1925000.0,42.55,9.45,3249882112,NO,38.16,30.92,,32.74,22.15,,163,0.0,1701181,NO,NO,2026-08-04,5332100.0
36,SNDU,28.41,30.69,3068563.0,ETF,ETF,98.0,98.0,0.0,98.0,3.0921,2.7999,9027268.0,4498690.0,79.0,5.72,0,NO,23.82,21.93,,22.65,,,135,0.0,3108839,NO,NO,2026-07-29,36061600.0
37,RNG,79.23,77.3,2261015.0,Technology services,Packaged software,98.0,96.0,98.0,97.0,3.7108,3.4244,1887828.0,1598730.0,81.9,24.14,6616193536,NO,71.58,62.01,42.3,66.12,48.71,,3265,1.95,2261586,NO,NO,2026-02-11,15343500.0
38,ARMG,28.29,28.37,1256457.0,ETF,ETF,98.0,98.0,1.0,98.0,2.5614,1.9548,908704.0,1219990.0,65.95,4.63,0,NO,18.57,19.34,17.54,19.66,22.56,,425,0.0,1256457,NO,NO,2026-05-06,10883000.0
39,SOXL,146.25,151.95,60463230.0,ETF,ETF,98.0,97.0,1.0,98.0,11.6093,8.095,63336901.0,61187940.0,302.0,28.12,0,NO,118.64,127.08,113.87,127.77,137.8,,4160,0.0,61043803,YES,NO,2025-04-09,787748800.0
40,LITE,937.0,945.67,3246664.0,Technology,Communication Equipment,98.0,95.0,84.0,71.0,62.5439,56.4657,4718550.0,4939230.0,1085.68,144.52,84048896000,NO,912.92,850.82,723.25,873.11,838.76,,2809,0.0,3265565,NO,NO,2026-03-20,22868800.0
41,STX,923.86,877.33,3216534.0,Electronic technology,Computer peripherals,98.0,92.0,10.0,97.0,49.3967,45.7988,4692987.0,4392230.0,1145.0,209.0,210079301632,NO,837.64,843.94,625.7,863.59,749.82,,5982,4.09,3216535,NO,NO,2012-06-29,89629700.0
42,DFTX,37.65,39.28,2711825.0,Healthcare,Biotechnology,98.0,3.0,69.0,97.0,2.025,1.9693,2633200.0,2705610.0,49.7,9.49,5058915840,NO,39.44,42.16,26.4,41.48,31.3,,2475,0.0,2712068,NO,NO,2024-03-07,38010300.0
43,SILC,48.58,48.73,141200.0,Technology,Communication Equipment,98.0,94.0,89.0,98.0,2.9093,2.7386,189582.0,167860.0,52.95,13.34,279218944,NO,43.29,43.03,31.25,43.5,37.99,,8201,0.0,141200,NO,NO,1999-12-08,2163100.0
44,RVMD,190.74,192.76,1987915.0,Health technology,Pharmaceuticals: other,98.0,12.0,85.0,97.0,6.9916,6.9916,2190185.0,2052400.0,224.31,42.18,40882528256,NO,205.04,199.36,140.97,199.84,160.2,,1660,0.0,2124721,NO,NO,2025-06-27,26439100.0
45,ASX,43.93,43.73,5523658.0,Technology,Semiconductors,98.0,97.0,83.0,97.0,1.7021,1.2357,8738679.0,7518940.0,45.52,10.93,114379022336,NO,38.96,38.12,29.51,38.58,34.25,,6531,0.0,5523658,NO,NO,2025-04-09,36777100.0
46,CUE,31.71,28.27,692844.0,Healthcare,Biotechnology,98.0,98.0,89.0,98.0,4.5442,4.4285,241739.0,629270.0,45.5,4.98,230354560,NO,29.81,29.25,19.59,29.71,24.06,,2192,6.12,693524,NO,NO,2026-05-01,18924600.0
47,UMC,24.68,25.77,10412835.0,Electronic technology,Semiconductors,98.0,97.0,10.0,98.0,0.9911,0.6889,14262357.0,13230690.0,28.96,6.97,61895184384,NO,21.96,20.51,15.22,20.72,17.79,,6541,0.0,10867437,YES,NO,2025-03-31,50395100.0
48,AMLX,30.6,32.39,1824751.0,Health technology,Pharmaceuticals: major,98.0,1.0,98.0,97.0,1.66,1.6164,2461980.0,1592590.0,41.14,10.83,3906010368,NO,33.77,27.44,17.87,28.53,19.81,,1180,0.0,1824840,NO,NO,2024-03-08,61466800.0
49,BEG,51.16,50.59,160888.0,ETF,ETF,98.0,98.0,0.0,96.0,6.2255,5.1094,348680.0,316380.0,121.25,10.89,0,NO,42.93,38.44,,39.09,53.13,,192,0.0,160888,NO,NO,2026-07-29,1629300.0
50,KRSA,32.3,33.21,66311.0,n/a,n/a,98.0,96.0,95.0,98.0,4.8459,4.2876,13734.0,49540.0,59.36,7.19,1470987904,NO,29.89,27.5,18.96,28.28,23.54,,1890,0.0,66311,NO,NO,2026-04-01,37810614.0
51,DMRA,20.44,22.85,1067218.0,Healthcare,Biotechnology,97.0,0.0,11.0,8.0,2.115,2.0446,639668.0,985240.0,38.33,3.5,1261874048,NO,26.99,29.03,26.42,27.98,26.12,,1480,0.0,1067218,NO,NO,2025-10-07,77432200.0
52,PRAX,282.12,298.87,999856.0,Health technology,Pharmaceuticals: major,97.0,0.0,15.0,16.0,15.5109,15.5109,438322.0,439940.0,392.7,46.99,7876786688,NO,337.0,337.5,315.37,334.88,321.16,,1489,0.0,999856,NO,NO,2025-10-16,13741900.0
53,PBRG,47.03,44.807,20031.0,ETF,ETF,97.0,97.0,96.0,72.0,2.0924,1.3311,2361.0,3890.0,52.49,14.83,0,NO,43.73,38.64,,40.03,39.29,,190,0.0,20031,NO,NO,2026-03-30,38900.0
54,UNX,25.81,24.6775,21298.0,ETF,ETF,97.0,7.0,98.0,98.0,1.2134,0.7061,19334.0,4250.0,68.25,4.59,0,NO,24.23,21.44,20.19,23.07,14.31,,256,0.0,21357,NO,NO,2026-02-11,5605840.0
55,RLYB,16.86,16.93,5339.0,Health technology,Biotechnology,97.0,73.0,79.0,96.0,0.4096,0.3981,26393.0,11190.0,17.57,3.67,89570168,NO,16.89,16.61,11.41,16.69,13.94,,1293,0.0,5339,NO,NO,2025-07-08,18984488.0
56,TWLO,290.7,266.06,4148021.0,Technology services,Packaged software,97.0,97.0,96.0,97.0,12.8765,11.0397,2117352.0,2275020.0,296.32,98.44,44644315136,NO,238.37,222.92,169.72,232.62,191.86,,2576,7.12,4148021,NO,NO,2022-11-04,44840800.0
57,HPE,62.33,61.03,14900559.0,Technology,Communication Equipment,97.0,96.0,93.0,98.0,4.1936,3.6089,20759277.0,25703710.0,64.25,19.84,82740887552,NO,56.52,53.27,35.51,55.05,41.35,,2748,1.97,14956866,YES,NO,2026-06-02,153197800.0
58,SIMO,276.53,269.0,557377.0,Technology,Semiconductors,97.0,91.0,8.0,97.0,18.0932,15.8882,983628.0,869410.0,355.0,79.76,9376510976,NO,255.6,256.6,194.02,264.3,233.7,,5340,0.0,557377,NO,NO,2023-07-26,17771600.0
59,FET,82.68,80.86,124154.0,Energy,Oil & Gas Equipment & Services,97.0,91.0,97.0,91.0,3.2279,3.1786,192626.0,196250.0,87.42,25.07,929843648,NO,80.87,72.97,56.33,76.62,62.12,,3632,0.23,124154,NO,NO,2020-04-23,2488920.0
60,PSNL,16.35,16.24,1092098.0,Healthcare,Diagnostics & Research,97.0,8.0,97.0,97.0,0.4729,0.4714,4060723.0,2487450.0,18.89,4.96,1746177920,NO,16.6,15.04,10.25,15.42,11.09,,1824,0.0,1092099,NO,NO,2024-07-19,22803000.0
61,PBF,70.47,72.48,4054942.0,Energy minerals,Oil refining/Marketing,97.0,34.0,97.0,93.0,4.4957,4.33,3365655.0,5005890.0,82.61,25.62,8353291776,NO,73.81,69.54,46.48,71.26,53.31,,3463,0.0,4054942,NO,NO,2022-11-30,33081200.0
62,RLAY,18.03,18.19,4704161.0,Health technology,Biotechnology,97.0,17.0,66.0,96.0,0.8516,0.8349,3131890.0,4031960.0,21.27,4.32,3951123712,NO,18.92,19.27,13.59,18.99,15.85,,1554,0.0,4705059,NO,NO,2024-09-09,19068500.0
63,KRT,53.05,50.61,247099.0,Process industries,Containers/Packaging,97.0,94.0,97.0,96.0,1.8461,1.7998,152201.0,186500.0,53.45,20.61,1057377728,NO,48.83,45.3,31.46,47.02,35.2,,1366,3.3,247101,NO,NO,2021-04-15,1963200.0
64,NETG,24.86,24.71,86376.0,ETF,ETF,97.0,98.0,98.0,95.0,2.1829,2.0558,82600.0,80560.0,26.44,7.4,0,NO,19.47,18.45,13.58,19.04,14.48,,212,0.0,86376,NO,NO,2026-05-08,4616300.0
65,CRWD,262.49,249.35,13077806.0,Technology,Software - Infrastructure,97.0,98.0,96.0,98.0,13.1202,12.3138,10143211.0,12838610.0,263.19,85.68,268772655104,NO,222.32,209.82,148.23,213.58,165.76,,1830,1.05,13188006,YES,NO,2024-06-21,209024000.0
66,BE,275.19,276.53,8157245.0,Electronic technology,Electronic production equipment,97.0,98.0,7.0,96.0,18.3639,15.7496,16253573.0,18919440.0,351.28,61.37,81050984448,NO,250.53,227.49,201.33,232.16,229.54,,2052,0.0,8157245,NO,NO,2026-09-18,73471700.0
67,BEX,36.86,36.2,1226471.0,ETF,ETF,97.0,98.0,0.0,96.0,4.6367,3.8422,2486936.0,1994000.0,86.12,7.2,0,NO,30.88,27.54,33.23,28.01,37.63,,214,0.0,1226471,NO,NO,2026-07-29,10914200.0
68,NCEW,17.0,17.22,4093.0,Industrials,Integrated Freight & Logistics,97.0,83.0,11.0,95.0,0.5279,0.1771,2834.0,100.0,20.83,2.8,54400000,NO,17.58,17.14,13.09,17.01,15.83,,440,0.0,4093,NO,NO,2025-05-07,5841313.0
69,GRAL,108.52,80.77,1075.0,Healthcare,Diagnostics & Research,97.0,98.0,97.0,97.0,5.7235,4.9006,806531.0,1743610.0,118.84,41.5,4847179264,NO,80.37,74.68,72.29,77.86,65.05,,570,16.06,3521100,NO,NO,2026-02-20,15444900.0
70,HBB,34.58,31.83,86061.0,Consumer Cyclical,"Furnishings, Fixtures & Appliances",97.0,89.0,97.0,96.0,1.4951,1.3322,69025.0,76390.0,35.49,13.56,464835872,NO,31.47,28.89,21.39,30.16,23.22,,2259,7.19,86061,NO,NO,2022-06-24,1353100.0
71,SIF,21.46,22.2,37426.0,Industrials,Aerospace & Defense,97.0,83.0,76.0,93.0,0.9857,0.9536,131180.0,64090.0,29.0,4.88,0,NO,21.46,22.83,16.0,22.81,19.69,,13510,0.0,37426,NO,NO,2020-12-24,23826800.0
72,DK,72.26,74.37,2074359.0,Energy,Oil & Gas Refining & Marketing,97.0,79.0,97.0,95.0,4.2579,4.0307,1685596.0,2993060.0,82.27,25.85,4424636928,NO,74.22,68.47,47.04,69.71,53.94,,5128,0.0,2074591,NO,NO,2026-09-18,11554200.0
73,AYA,28.19,28.68,1263498.0,Non-energy minerals,Precious metals,97.0,90.0,96.0,97.0,1.665,1.3429,918504.0,1575560.0,30.67,8.59,4060379392,NO,28.2,25.11,19.21,26.06,20.57,,4128,0.0,1263498,NO,NO,2026-09-18,4577900.0
74,IRDM,48.3,48.21,463919.0,Communication Services,Telecom Services,97.0,59.0,82.0,96.0,0.9807,0.9443,1684403.0,1398720.0,57.18,15.65,5118908928,NO,47.19,47.69,35.78,47.84,42.83,,4656,0.0,463919,NO,NO,2021-02-11,24324300.0
75,NESR,32.81,32.4,997572.0,Energy,Oil & Gas Equipment & Services,97.0,66.0,93.0,93.0,1.312,1.2702,2124901.0,1792220.0,36.94,9.95,3308946176,NO,33.66,31.66,24.48,32.11,26.96,,554,0.0,997875,NO,NO,2025-06-27,8949700.0
76,GH,176.31,173.87,1424141.0,Healthcare,Diagnostics & Research,97.0,86.0,94.0,97.0,8.39,8.3293,2497988.0,1852470.0,183.51,55.38,23660126208,NO,167.3,161.7,120.98,164.17,129.63,,2001,1.35,1424141,NO,NO,2026-06-26,18771300.0
77,SDGR,29.23,30.24,3061907.0,Technology services,Packaged software,97.0,98.0,98.0,98.0,1.8938,1.8763,1466926.0,3000590.0,31.59,10.95,2186568704,NO,22.26,18.97,15.48,20.26,15.81,,1665,0.0,3062826,NO,NO,2023-06-16,13271100.0
78,ARM,332.56,333.2,6946029.0,Technology,Semiconductors,97.0,98.0,16.0,98.0,18.2777,13.9577,5434471.0,5780020.0,452.7,100.02,355173597184,NO,262.52,262.76,210.15,266.91,252.4,,759,0.0,6946312,NO,NO,2023-09-14,130534500.0
79,FIVN,37.68,37.01,2958392.0,Technology,Software - Infrastructure,97.0,96.0,98.0,97.0,2.0679,1.9686,2636449.0,2753330.0,40.0,13.29,2815582464,NO,33.27,30.62,22.02,31.85,23.88,,3135,0.0,2958392,NO,NO,2026-07-31,16109600.0
80,ASST,28.99,29.35,6027741.0,Financial Services,Asset Management,97.0,98.0,98.0,98.0,2.1461,1.95,6336631.0,10600220.0,64.0,7.02,2812106752,NO,26.61,18.57,15.13,20.12,15.62,,912,0.0,6027741,NO,NO,2025-10-27,54170565.0
81,UCO,52.16,51.73,1836370.0,ETF,ETF,97.0,96.0,96.0,90.0,1.7261,1.3746,2907388.0,2779580.0,54.44,18.12,0,NO,48.62,44.04,36.04,45.5,42.33,,4482,0.0,1839909,NO,NO,2020-04-21,207308000.0
82,WTIB,37.96,39.149,503.0,ETF,ETF,97.0,97.0,98.0,95.0,1.109,0.3024,1201.0,1440.0,39.15,14.7,0,NO,34.26,28.48,,30.22,27.31,,195,0.0,503,NO,NO,2026-01-02,21000.0
83,SMTC,169.33,177.37,3800601.0,Electronic technology,Semiconductors,97.0,98.0,67.0,97.0,12.0536,10.3336,3236715.0,3740780.0,190.64,57.5,15802827776,NO,152.63,138.41,112.78,144.82,128.16,,11724,0.0,3802444,NO,NO,2023-10-19,23292100.0
84,SKHA,38.3,38.66,2613.0,ETF,ETF,97.0,97.0,,,3.2829,2.1507,8635.0,6560.0,43.62,19.25,0,NO,34.0,,,,,,40,0.0,2613,NO,NO,2026-07-29,28600.0
85,XNCR,24.26,25.03,1156588.0,Healthcare,Biotechnology,97.0,6.0,97.0,97.0,1.2241,1.1623,1261225.0,1619950.0,30.61,10.24,1803813504,NO,25.88,23.03,15.58,23.77,16.53,,3219,0.0,1156588,NO,NO,2019-07-01,9135200.0
86,ATRC,59.96,58.32,1206173.0,Healthcare,Medical Instruments & Supplies,97.0,97.0,98.0,97.0,2.3132,2.1518,1097931.0,1964540.0,61.48,25.36,3049688832,NO,53.37,45.43,35.66,48.01,35.65,,5315,1.03,1206173,NO,NO,2026-09-18,8670300.0
87,UGA,150.29,142.31,49909.0,ETF,ETF,97.0,96.0,96.0,94.0,4.8011,3.8946,45533.0,49740.0,150.47,60.4,0,NO,135.4,125.46,98.66,129.25,113.9,,4671,2.92,50051,NO,NO,2020-04-23,2350100.0
88,SNOU,65.78,67.59,47958.0,ETF,ETF,97.0,43.0,98.0,98.0,6.7799,5.3879,90473.0,58550.0,86.0,10.51,0,NO,64.85,60.09,37.39,62.58,38.81,,355,0.0,48088,NO,NO,2026-05-28,1302300.0
89,PENG,53.88,54.91,1518193.0,Electronic technology,Semiconductors,97.0,84.0,5.0,98.0,2.7914,2.2899,2820915.0,1382290.0,89.86,16.04,2760956672,NO,50.4,54.44,38.35,54.09,46.58,,2345,0.0,1518193,NO,NO,2019-01-09,15604200.0
90,BHYP,52.65,52.53,701037.0,ETF,ETF,97.0,97.0,96.0,,2.4296,1.7132,382900.0,438180.0,54.57,24.18,0,NO,47.12,39.03,,40.87,,,89,0.0,702511,NO,NO,2026-06-12,1405900.0
91,DINO,106.14,109.29,4836642.0,Energy,Oil & Gas Refining & Marketing,97.0,93.0,97.0,96.0,5.08,4.9236,2748876.0,3091460.0,118.39,45.71,18869979136,NO,106.14,96.17,68.79,98.72,77.49,,11724,0.0,4848955,NO,NO,2021-06-03,44093600.0
92,FORM,131.26,119.31,1239755.0,Technology,Semiconductor Equipment & Materials,97.0,96.0,14.0,89.0,6.9336,5.2207,1494242.0,1203550.0,160.27,34.8,10232342528,NO,108.1,111.1,105.35,114.36,119.2,,5857,5.1,1239755,NO,NO,2018-03-09,14323200.0
93,SPRB,49.42,53.7,174753.0,Healthcare,Biotechnology,97.0,33.0,21.0,5.0,3.5532,3.2336,80820.0,107030.0,240.0,7.26,142019360,NO,56.9,50.88,61.05,51.19,54.46,,1494,0.0,174753,NO,NO,2025-10-06,24947100.0
94,PS,49.99,48.23,297193.0,Finance,Investment managers,97.0,97.0,96.0,,3.6107,3.5921,343877.0,1190450.0,54.94,22.01,19996000256,NO,41.37,38.56,,40.48,,,101,0.0,326649,NO,NO,2026-04-29,3286100.0
95,ANDG,53.95,54.65,1080519.0,Consumer services,Other consumer services,97.0,91.0,95.0,96.0,1.8229,1.75,465982.0,361570.0,57.62,18.12,1000255104,NO,54.91,49.92,,51.35,39.87,,191,0.0,1081119,NO,NO,2025-12-17,7670200.0
96,NEO,18.36,19.41,2898703.0,Healthcare,Diagnostics & Research,97.0,92.0,97.0,97.0,0.8157,0.7864,2530144.0,2111380.0,20.05,7.07,2358809088,NO,18.12,16.5,12.05,16.97,12.39,,5666,0.0,2911349,NO,NO,2022-03-29,20137400.0
97,PUBM,17.45,17.88,710782.0,Technology,Software - Application,97.0,90.0,96.0,97.0,0.7401,0.7076,654147.0,651320.0,19.19,6.15,795076288,NO,16.77,15.53,10.84,16.17,12.35,,1452,0.0,710782,NO,NO,2021-11-10,11276500.0
98,PANW,393.3,371.76,6198738.0,Technology services,Packaged software,97.0,93.0,94.0,98.0,19.3643,17.6871,6678790.0,7108310.0,398.88,139.57,321719402496,NO,357.06,354.96,242.49,355.4,273.72,,3563,2.16,6198749,NO,NO,2017-03-01,130718400.0
99,EVMU,35.7,38.32,12240.0,ETF,ETF,97.0,96.0,98.0,,2.3471,1.5214,5095.0,4210.0,38.32,13.19,0,NO,31.73,24.84,,26.93,,,82,0.0,12240,NO,NO,2026-06-05,43400.0
100,FEIM,84.22,89.0,326871.0,Technology,Communication Equipment,97.0,98.0,91.0,97.0,5.66,4.2847,346466.0,492510.0,89.76,26.05,949436224,NO,71.04,69.59,58.78,72.45,63.63,,11659,0.0,326871,NO,NO,2026-07-29,2025300.0
101,URGN,41.63,43.2,1280973.0,Healthcare,Biotechnology,96.0,8.0,89.0,98.0,2.2404,2.1382,821544.0,673980.0,50.81,15.86,2034897920,NO,43.73,43.82,29.19,43.62,32.55,,2359,0.0,1280973,NO,NO,2025-06-12,21079900.0
102,AOUT,16.51,16.83,69102.0,Consumer durables,Recreational products,96.0,98.0,97.0,96.0,1.0495,0.851,201088.0,131930.0,17.0,6.26,208376432,NO,13.47,13.03,10.28,13.54,11.27,,1528,0.0,69102,NO,NO,2026-09-04,4431500.0
103,KORU,21.27,23.77,18192100.0,ETF,ETF,96.0,95.0,0.0,85.0,2.3029,1.4675,29789777.0,22256050.0,63.98,4.93,0,NO,21.14,19.66,23.56,20.08,26.48,,3385,0.0,18265717,YES,NO,2024-12-03,107838800.0
104,LITX,31.79,32.33,1423655.0,ETF,ETF,96.0,96.0,20.0,4.0,4.1801,3.7829,3042069.0,2689620.0,62.79,9.23,0,NO,31.07,28.81,,29.73,34.22,,166,0.0,1426455,NO,NO,2026-05-06,15119800.0
105,LABX,15.47,15.7,1130041.0,ETF,ETF,96.0,98.0,1.0,98.0,1.7117,1.4746,1224769.0,1574480.0,39.04,2.0,0,NO,11.06,12.28,10.73,12.44,12.61,,281,0.0,1132528,NO,NO,2026-02-11,11239200.0
106,TSXU,61.64,61.68,138821.0,ETF,ETF,96.0,95.0,50.0,97.0,2.7308,1.9297,138057.0,103650.0,72.42,21.4,0,NO,55.59,55.42,44.21,56.59,49.63,,245,0.0,138821,NO,NO,2026-08-05,712000.0
107,CVI,51.8,53.15,1230919.0,Energy,Oil & Gas Refining & Marketing,96.0,97.0,98.0,94.0,2.6914,2.6264,1048988.0,1333220.0,55.19,19.62,5207484928,NO,46.7,39.45,31.53,41.64,34.77,,4758,0.0,1230920,NO,NO,2012-04-19,26037700.0
108,PKOH,46.81,45.73,32100.0,Producer manufacturing,Metal fabrication,96.0,84.0,93.0,96.0,1.5714,1.4407,89933.0,63240.0,53.3,18.06,678277376,NO,45.75,43.96,31.53,45.76,35.55,,13510,0.0,32100,NO,NO,2009-06-26,1219900.0
109,LBRX,39.19,42.99,481272.0,Health technology,Pharmaceuticals: major,96.0,2.0,93.0,95.0,2.3539,2.2661,334571.0,276920.0,50.16,13.36,1264237056,NO,45.92,42.95,30.19,44.18,33.86,,259,0.0,481679,NO,NO,2025-12-19,4085700.0
110,ANIK,20.38,20.7,61978.0,Health technology,Medical specialties,96.0,21.0,95.0,91.0,0.605,0.6014,95785.0,66610.0,22.88,8.67,272677920,NO,21.0,19.55,14.56,20.29,16.64,,8405,0.0,61978,NO,NO,2014-02-26,6447400.0
111,HQI,18.3,17.42,27745.0,Industrials,Staffing & Employment Services,96.0,91.0,96.0,95.0,0.765,0.7521,21393.0,19400.0,19.01,7.38,254194640,NO,16.6,15.23,12.17,15.72,13.07,,5776,0.0,27745,NO,NO,2019-04-09,2379200.0
112,PUL,43.52,46.29,818.0,ETF,ETF,96.0,36.0,,,2.9064,1.1386,1598.0,1520.0,54.21,18.75,0,NO,36.87,34.13,,36.55,,,55,0.0,818,NO,NO,2026-08-25,12700.0
113,PARR,76.97,82.0,1243079.0,Energy minerals,Oil refining/Marketing,96.0,46.0,96.0,89.0,4.5657,4.4657,995931.0,1048880.0,87.72,33.21,3856168448,NO,81.12,78.97,58.1,79.52,66.49,,3531,0.0,1243079,NO,NO,2023-12-15,8762400.0
114,LABU,253.11,269.82,891046.0,ETF,ETF,96.0,1.0,79.0,95.0,21.4607,19.9189,408466.0,313070.0,341.93,82.13,0,NO,286.9,275.89,206.09,272.09,221.41,,2847,0.0,892290,NO,NO,2025-04-09,7938800.0
115,ELVN,46.09,48.87,1550839.0,Healthcare,Biotechnology,96.0,1.0,21.0,93.0,2.3604,2.2789,1272206.0,1916320.0,62.32,14.79,3377049344,NO,55.64,56.12,39.35,55.39,46.35,,1641,0.0,1550839,NO,NO,2022-09-07,25749275.0
116,LQDA,67.49,66.43,765782.0,Healthcare,Drug Manufacturers - Specialty & Generic,96.0,57.0,13.0,96.0,2.6264,2.5236,1493441.0,1360090.0,93.61,21.15,6040954880,NO,68.08,76.06,53.35,74.11,60.58,,2050,0.0,765785,NO,NO,2022-07-19,30246200.0
117,UCYB,97.98,96.467,7833.0,ETF,ETF,96.0,96.0,96.0,97.0,4.1759,3.2065,7393.0,9890.0,98.06,36.03,0,NO,87.17,84.69,61.55,85.79,67.0,,1424,0.0,7833,NO,NO,2026-08-10,28200.0
118,XMTR,105.01,99.53,1223955.0,Industrials,Industrial Distribution,96.0,97.0,87.0,98.0,4.4181,4.0685,751341.0,946550.0,106.08,35.86,6019548672,NO,91.98,91.11,70.69,92.0,76.77,,1313,4.49,1223955,NO,NO,2026-02-24,6999500.0
119,UCTT,77.29,73.05,705809.0,Producer manufacturing,Industrial machinery,96.0,79.0,1.0,85.0,4.1262,3.4405,1266363.0,802600.0,144.22,21.49,3499461632,NO,70.58,80.46,69.73,78.86,82.19,,5659,3.34,706001,NO,NO,2018-01-02,7165600.0
120,CAKE,104.41,99.47,1776084.0,Consumer Cyclical,Restaurants,96.0,15.0,94.0,96.0,3.6014,3.3229,1640168.0,1453850.0,118.46,43.07,5195507712,NO,105.1,101.85,71.64,104.32,78.92,,8561,4.55,1776101,NO,NO,1992-09-18,24816375.0
121,AUGO,85.34,89.15,1419948.0,Basic Materials,Gold,96.0,50.0,95.0,87.0,4.6321,3.9496,1035471.0,1228460.0,110.32,29.11,7154635776,NO,86.34,73.77,71.23,77.69,75.64,,299,0.0,1419948,NO,NO,2026-05-29,5244300.0
122,TVTX,59.83,62.86,1713832.0,Health technology,Pharmaceuticals: major,96.0,12.0,78.0,97.0,2.7352,2.5317,1600361.0,1751220.0,68.73,22.05,5563765760,NO,65.31,61.78,44.02,62.21,49.16,,3487,0.0,1713832,NO,NO,2021-08-16,31010800.0
123,PSX,256.48,261.75,4303954.0,Energy,Oil & Gas Refining & Marketing,96.0,89.0,96.0,92.0,9.0979,8.8036,2880477.0,3809200.0,277.12,126.74,102831816704,NO,255.87,232.38,179.36,238.7,196.45,,3632,0.0,4352204,NO,NO,2022-03-08,16579800.0
124,TSEM,230.5,233.82,1471446.0,Electronic technology,Semiconductors,96.0,87.0,5.0,89.0,11.8157,9.8836,1871865.0,2369120.0,319.94,66.3,26053701632,NO,212.64,226.6,192.24,228.96,221.38,,8029,0.0,1471446,NO,NO,2022-02-15,19691500.0
125,NBIS,226.61,236.12,10843967.0,Communication Services,Internet Content & Information,96.0,91.0,9.0,97.0,15.6649,14.4823,20537042.0,15883330.0,299.86,73.52,61605113856,NO,219.57,213.38,162.69,217.32,191.65,,482,0.0,10887468,YES,NO,2025-09-09,88378300.0
126,HNGE,92.28,94.45,1701635.0,Healthcare,Health Information Services,96.0,88.0,94.0,97.0,4.0423,4.0301,1974890.0,2045820.0,96.66,30.08,7446480384,NO,91.81,86.79,59.33,87.07,66.91,,335,0.0,1701904,NO,NO,2025-05-22,9172800.0
127,FBX,42.22,34.86,179.0,ETF,ETF,96.0,98.0,,,1.71,0.1986,842.0,320.0,43.16,22.55,0,NO,31.09,30.07,,30.32,,,60,0.0,100,NO,NO,2026-06-26,9400.0
128,ARKG,50.92,51.81,5282094.0,ETF,ETF,96.0,85.0,95.0,96.0,1.6908,1.6022,3710530.0,4362080.0,53.41,24.6,0,NO,48.25,44.36,34.45,45.52,36.62,,2989,0.0,5282094,NO,NO,2020-12-29,15040000.0
129,LRCU,48.3,46.64,71591.0,ETF,ETF,96.0,16.0,1.0,86.0,4.2191,3.1907,110446.0,80770.0,113.66,12.94,0,NO,45.97,50.39,47.27,49.6,53.08,,275,0.0,71611,NO,NO,2026-07-30,400400.0
130,USO,148.83,144.08,5773144.0,ETF,ETF,96.0,95.0,95.0,87.0,5.4118,4.0359,5918547.0,6532180.0,163.35,65.99,0,NO,146.06,134.41,112.43,137.43,128.99,,5146,1.86,5834934,NO,NO,2026-03-09,143771900.0
131,EWTX,41.05,44.64,2607022.0,Healthcare,Biotechnology,96.0,17.0,75.0,90.0,2.245,2.2229,1269146.0,1632760.0,48.51,14.25,4458199552,NO,43.64,42.64,34.11,42.77,37.22,,1379,0.0,2607022,NO,NO,2025-04-02,16114400.0
132,FLXS,85.23,81.16,40942.0,Consumer Cyclical,"Furnishings, Fixtures & Appliances",96.0,88.0,93.0,96.0,3.3336,3.1364,74112.0,122420.0,88.49,34.0,348739104,NO,81.62,77.98,57.76,79.09,63.88,,11724,3.7,40942,NO,NO,2020-06-26,949200.0
133,BNO,60.36,58.87,2865711.0,ETF,ETF,96.0,95.0,95.0,85.0,1.9992,1.5256,1809100.0,2223050.0,63.98,27.14,0,NO,57.49,52.9,44.71,54.42,50.99,,4102,0.53,2870678,NO,NO,2026-03-19,20930000.0
134,KELYB,22.31,22.19,875.0,Industrials,Staffing & Employment Services,96.0,24.0,92.0,95.0,0.63,0.6164,4388.0,22720.0,125.0,8.38,774869632,NO,23.09,23.14,17.1,22.82,19.24,,10614,0.0,8100,NO,NO,2026-02-05,2035600.0
135,HAE,106.82,108.73,704876.0,Healthcare,Medical Devices,96.0,54.0,96.0,96.0,2.8136,2.6936,722341.0,621650.0,110.45,47.32,4859995136,NO,104.88,94.35,74.14,97.66,76.1,,8905,0.0,704876,NO,NO,1991-05-10,11925600.0
136,FDMT,15.0,15.24,1465454.0,Healthcare,Biotechnology,96.0,27.0,93.0,94.0,0.9158,0.857,919360.0,824360.0,16.93,6.96,828663168,NO,14.53,12.87,10.3,13.21,10.93,,1450,0.0,1465454,NO,NO,2025-08-01,31675300.0
137,HALO,112.44,111.45,2702713.0,Healthcare,Biotechnology,96.0,87.0,97.0,96.0,2.9896,2.9211,2102526.0,2694440.0,116.84,61.23,12761715712,NO,108.6,97.43,76.35,102.21,79.77,,5666,0.0,2702713,NO,NO,2025-06-27,21399500.0
138,ANAB,50.77,54.92,779576.0,Health technology,Biotechnology,96.0,7.0,7.0,80.0,2.5291,2.436,593395.0,470320.0,72.36,13.86,1517781504,NO,55.64,55.72,47.96,55.33,54.39,,2427,0.0,779576,NO,NO,2019-11-08,26495100.0
139,KNSA,76.08,78.13,404558.0,Health technology,Pharmaceuticals: major,96.0,37.0,93.0,95.0,2.6976,2.6226,740531.0,598030.0,82.94,35.2,5936067072,NO,78.07,74.89,54.83,75.46,60.02,,2092,0.0,408222,NO,NO,2025-06-27,8685900.0
140,GHRS,25.96,27.93,178785.0,Healthcare,Biotechnology,96.0,13.0,82.0,97.0,1.2045,1.1999,261565.0,194200.0,31.44,12.04,1781953792,NO,27.85,28.33,20.56,28.1,23.09,,1316,0.0,178785,NO,NO,2025-02-03,10308500.0
141,DBE,37.08,36.31,60914.0,ETF,ETF,96.0,94.0,95.0,88.0,1.0658,0.7365,45384.0,50520.0,39.0,17.02,0,NO,35.44,32.78,27.09,33.58,30.77,,4959,0.52,60914,NO,NO,2009-06-25,5046800.0
142,CYRX,17.49,17.62,558424.0,Industrials,Integrated Freight & Logistics,96.0,83.0,89.0,97.0,0.6154,0.5911,641909.0,618770.0,17.85,7.61,885852736,NO,16.2,15.86,12.23,15.99,13.58,,5304,0.0,559098,NO,NO,2025-08-06,9690900.0
143,NIQ,17.71,18.39,753588.0,Technology services,Packaged software,96.0,24.0,98.0,94.0,0.6449,0.5891,1557185.0,1195740.0,19.69,7.93,5223668224,NO,18.44,15.4,12.91,16.12,12.12,,294,0.0,753588,NO,NO,2025-07-23,21974900.0
144,BDRY,15.96,16.08,163561.0,ETF,ETF,96.0,92.0,94.0,94.0,0.5346,0.4253,63093.0,142380.0,16.71,7.41,0,NO,15.74,14.35,11.85,14.86,12.71,,2137,0.0,163561,NO,NO,2025-07-10,2067500.0
145,NET,352.33,351.67,2875509.0,Technology,Software - Infrastructure,96.0,97.0,96.0,94.0,18.2802,17.2666,3454249.0,3559960.0,364.21,158.83,125457563648,NO,307.86,295.06,229.34,301.15,247.4,,1765,0.0,2879827,NO,NO,2019-09-13,35993700.0
146,UMCU,41.09,44.23,969.0,ETF,ETF,96.0,98.0,,,2.4111,0.5857,1590.0,560.0,45.09,22.62,0,NO,32.56,,,,,,30,0.0,969,NO,NO,2026-08-17,10400.0
147,GTLB,49.01,49.79,3677337.0,Technology,Software - Infrastructure,96.0,96.0,98.0,97.0,2.5226,2.1365,4782952.0,3751440.0,55.55,18.73,8165801472,NO,47.31,40.95,31.96,42.9,31.58,,1239,0.0,3677337,NO,NO,2026-09-02,28993600.0
148,HSHP,18.18,18.86,454890.0,Industrials,Marine Shipping,96.0,93.0,91.0,91.0,0.6901,0.6115,374750.0,610410.0,19.55,7.37,857550592,NO,17.8,16.5,13.62,17.1,15.09,,872,0.0,454890,NO,NO,2023-06-23,3095400.0
149,ZETA,29.79,30.13,3503554.0,Technology,Software - Infrastructure,96.0,88.0,96.0,96.0,1.4326,1.3997,8113047.0,5232370.0,32.81,14.37,7425384448,NO,30.63,27.12,20.86,27.76,21.68,,1328,0.0,3503554,NO,NO,2025-08-06,47365300.0
150,LPG,53.16,56.64,538964.0,Energy,Oil & Gas Midstream,96.0,87.0,93.0,94.0,2.1427,1.9016,636149.0,673910.0,59.97,23.76,2274327296,NO,53.63,48.71,37.91,50.85,42.25,,3112,0.0,538974,NO,NO,2020-01-14,9706000.0
151,FRD,39.41,39.96,39086.0,Basic Materials,Steel,95.0,25.0,84.0,97.0,1.9643,1.845,85839.0,72930.0,48.77,16.55,284256096,NO,43.02,40.36,26.47,41.35,29.98,,11724,0.0,39086,NO,NO,2005-02-22,876000.0
152,PBT,33.12,33.26,44074.0,Miscellaneous,Investment trusts,95.0,39.0,93.0,94.0,0.9846,0.9132,116707.0,125950.0,37.0,16.25,1543683328,NO,34.54,32.41,24.58,32.97,27.29,,11569,0.0,44074,NO,NO,2025-06-03,3721800.0
153,PACS,41.05,42.06,531165.0,Health services,Hospital/Nursing management,95.0,17.0,82.0,79.0,1.6354,1.5932,867766.0,843410.0,49.49,10.31,6499676672,NO,43.15,44.56,38.59,44.32,39.23,,614,0.0,531165,NO,NO,2024-11-04,13886700.0
154,BLFS,37.74,37.18,929658.0,Health technology,Medical specialties,95.0,82.0,96.0,97.0,0.8829,0.8521,1141161.0,933070.0,38.39,17.86,1846366592,NO,36.18,34.14,26.02,34.91,27.09,,9274,0.0,929661,NO,NO,2016-07-11,17866600.0
155,SKYU,54.22,54.642,2729.0,ETF,ETF,95.0,90.0,97.0,97.0,1.6659,0.9691,5742.0,1490.0,55.9,22.55,0,NO,51.1,46.71,35.95,48.49,37.63,,1424,0.0,2729,NO,NO,2022-11-09,126700.0
156,CRL,277.33,279.01,1474127.0,Healthcare,Diagnostics & Research,95.0,23.0,96.0,95.0,8.9604,8.2075,932287.0,1008610.0,303.31,144.26,13358355456,NO,283.53,265.37,205.9,271.55,211.82,,6600,0.0,1594218,NO,NO,2025-04-11,11604900.0
157,AVT,101.15,95.48,1764132.0,Distribution services,Electronics distributors,95.0,95.0,85.0,95.0,3.9207,3.4379,1215888.0,1448600.0,102.7,44.25,8301681664,NO,92.51,91.35,74.39,93.67,82.86,,13460,2.96,1764132,NO,NO,2008-04-15,8983800.0
158,WT,23.72,23.72,1304388.0,Miscellaneous,Investment trusts,95.0,78.0,93.0,95.0,1.1014,1.0921,2837890.0,3731120.0,25.91,10.69,3593867264,NO,23.84,22.23,17.65,22.64,19.06,,8446,0.0,1304388,NO,NO,2014-10-31,20031700.0
159,PVLA,149.56,153.41,178581.0,Healthcare,Biotechnology,95.0,89.0,92.0,86.0,5.8431,5.7803,236053.0,241890.0,161.38,56.55,2154921216,NO,151.9,149.43,122.01,149.04,133.28,,2947,0.0,178581,NO,NO,2024-07-24,5845900.0
160,FCEL,17.18,17.86,3435674.0,Industrials,Electrical Equipment & Parts,95.0,13.0,4.0,98.0,1.3329,1.215,10208050.0,6015380.0,37.88,5.71,1373613056,NO,16.76,19.07,14.03,18.91,16.44,,8621,0.0,3435674,NO,NO,2026-06-26,27123800.0
161,SMCC,42.78,42.35,1769.0,ETF,ETF,95.0,96.0,,,3.4771,1.0271,1740.0,1860.0,46.62,17.39,0,NO,38.11,32.19,,35.69,,,59,0.0,1769,NO,NO,2026-06-30,12700.0
162,PLPC,427.28,421.59,62911.0,Producer manufacturing,Building products,95.0,68.0,84.0,94.0,18.5937,16.5451,93750.0,69020.0,504.69,184.02,2088844160,NO,407.05,396.84,320.67,409.47,357.72,,6893,0.86,62911,NO,NO,2025-07-14,470600.0
163,AMN,33.91,34.24,322850.0,Commercial services,Personnel services,95.0,57.0,81.0,96.0,1.2421,1.2307,742988.0,627190.0,37.22,14.97,1313334016,NO,34.05,33.99,25.16,34.14,28.63,,6253,0.0,347462,NO,NO,2015-10-22,5523800.0
164,JILL,24.15,23.95,166128.0,Consumer Cyclical,Apparel Retail,95.0,96.0,97.0,94.0,1.1895,1.1084,116080.0,326100.0,24.69,10.4,358940896,NO,21.63,19.59,15.84,20.51,16.2,,2398,0.0,166128,NO,NO,2020-09-01,19615700.0
165,DDOG,251.49,245.05,2705145.0,Technology,Software - Application,95.0,91.0,86.0,96.0,11.2034,10.5094,4386388.0,3289620.0,292.72,98.01,90303774720,NO,228.02,243.2,180.15,239.24,202.86,,1761,0.0,2717976,NO,NO,2025-07-08,86386000.0
166,USD,94.69,94.8,495620.0,ETF,ETF,95.0,95.0,34.0,96.0,4.4579,3.165,703720.0,520420.0,116.5,42.56,0,NO,85.45,86.26,73.82,87.73,81.98,,4941,0.0,496183,NO,NO,2008-12-09,144076800.0
167,ELOL,24.3,24.61,10822.0,ETF,ETF,95.0,94.0,,,1.4671,1.1957,17442.0,9670.0,25.51,14.84,0,NO,23.1,,,,,,38,0.0,10822,NO,NO,2026-08-04,64300.0
168,FRO,47.56,49.81,5023363.0,Energy,Oil & Gas Midstream,95.0,92.0,83.0,91.0,2.0589,1.6818,2716465.0,4736610.0,54.91,20.47,10587944960,NO,47.38,42.79,35.01,44.18,38.77,,6319,0.0,5023363,NO,NO,2023-01-10,33598700.0
169,XA,44.51,43.39,9023.0,ETF,ETF,95.0,96.0,94.0,,1.4857,1.1679,4492.0,6340.0,44.55,26.03,0,NO,40.57,39.29,,39.69,,,96,0.85,9023,NO,NO,2026-05-06,47800.0
170,SNOW,334.81,339.39,4031527.0,Technology,Software - Application,95.0,77.0,96.0,96.0,18.7564,14.9085,5358285.0,4200280.0,384.56,118.3,118120964096,NO,329.86,313.26,223.46,321.49,235.79,,1511,0.0,4033810,NO,NO,2024-11-21,55121600.0
171,S,24.1,23.8,7322237.0,Technology services,Packaged software,95.0,95.0,96.0,95.0,1.1446,1.0853,7804668.0,9453850.0,24.3,11.81,8387983872,NO,21.42,20.77,16.34,21.07,17.33,,1313,0.71,7327179,NO,NO,2023-06-02,61486700.0
172,FROG,92.33,92.0,1240271.0,Technology,Software - Application,95.0,74.0,88.0,97.0,4.8995,4.8995,2584112.0,1722990.0,105.76,34.05,11384410112,NO,92.41,88.8,67.35,89.64,73.1,,1511,0.0,1240271,NO,NO,2026-06-26,26093700.0
173,KELYA,16.45,16.28,192747.0,Industrials,Staffing & Employment Services,95.0,36.0,95.0,96.0,0.4243,0.3971,350584.0,288240.0,17.75,7.98,571340480,NO,16.51,15.96,11.49,16.1,12.46,,11724,0.0,192747,NO,NO,2024-12-20,10892100.0
174,ROIV,36.82,38.99,7769754.0,Health technology,Pharmaceuticals: major,95.0,81.0,87.0,88.0,1.8236,1.509,7213111.0,9769620.0,42.5,14.5,26595932160,NO,37.94,36.3,29.57,36.48,32.17,,1453,0.0,9272879,YES,NO,2024-03-28,65648400.0
175,TTXU,36.21,36.481,1963.0,ETF,ETF,95.0,92.0,88.0,97.0,0.8328,0.5265,9176.0,5280.0,38.6,13.22,0,NO,34.32,33.23,25.29,34.07,27.86,,244,0.0,1963,NO,NO,2026-06-09,70500.0
176,NBTX,35.24,34.5,126950.0,Healthcare,Biotechnology,95.0,2.0,26.0,69.0,2.1677,1.9359,137869.0,124920.0,57.14,14.3,1790591872,NO,38.31,39.05,33.02,38.35,37.04,,1450,0.0,126950,NO,NO,2023-05-05,39763000.0
177,UMAC,22.69,24.03,2027069.0,Electronic technology,Electronic equipment/Instruments,95.0,15.0,88.0,93.0,1.6791,1.5895,3981103.0,2418880.0,34.93,7.25,1133513088,NO,23.74,23.65,18.19,24.47,20.32,,654,0.0,2037573,NO,NO,2024-11-29,62631500.0
178,CBZ,54.66,54.68,497528.0,Industrials,Specialty Business Services,95.0,72.0,98.0,97.0,0.1793,0.1664,1353134.0,1227490.0,56.93,24.29,3003046656,NO,54.63,51.94,39.83,53.45,38.76,,7903,0.0,497528,NO,NO,2026-07-29,16958900.0
179,PAYC,221.68,226.24,558118.0,Technology services,Packaged software,95.0,40.0,98.0,95.0,7.661,7.1439,861087.0,889340.0,244.98,104.9,9991476224,NO,228.61,200.99,152.59,210.85,157.9,,3128,0.0,558118,NO,NO,2026-03-20,14557300.0
180,ERO,36.48,34.7,1356617.0,Non-energy minerals,Other metals/Minerals,95.0,16.0,94.0,92.0,2.0126,1.4984,1312106.0,1373040.0,40.83,17.9,3804960000,NO,35.95,32.53,29.58,34.03,29.47,,2241,4.47,1356617,NO,NO,2026-01-29,4622800.0
181,DBO,24.29,24.17,549570.0,ETF,ETF,95.0,93.0,94.0,82.0,0.8118,0.6068,431615.0,526960.0,26.62,11.89,0,NO,23.73,22.06,18.6,22.6,20.99,,4959,0.0,549766,NO,NO,2018-06-27,18928200.0
182,SMTI,35.15,35.17,141936.0,Health technology,Medical specialties,95.0,83.0,97.0,96.0,0.2414,0.2414,257406.0,159160.0,35.34,16.05,322959456,NO,34.9,32.42,24.05,33.66,25.07,,8169,0.0,141936,NO,NO,2026-07-30,3249200.0
183,TWIN,25.85,25.34,54839.0,Producer manufacturing,Trucks/Construction/Farm machinery,95.0,94.0,88.0,95.0,0.9204,0.9104,128547.0,93270.0,26.14,13.06,375830976,NO,24.01,23.67,19.18,24.04,20.35,,11724,0.0,54839,NO,NO,2012-01-23,1728000.0
184,KYMR,115.47,117.67,958211.0,Health technology,Biotechnology,95.0,37.0,89.0,93.0,5.3201,5.1722,816446.0,801670.0,130.05,51.11,9498283008,NO,117.95,114.46,91.85,114.24,97.36,,1528,0.0,969607,NO,NO,2025-12-08,7495500.0
185,SNX,287.89,279.59,2561677.0,Technology,Electronics & Computer Distribution,95.0,96.0,42.0,96.0,9.4614,8.1582,772887.0,902030.0,298.77,142.22,23019325440,NO,261.34,255.69,211.11,259.98,236.1,,5741,1.38,2574961,NO,NO,2019-06-28,10486600.0
186,LIND,27.23,28.29,603609.0,Consumer Cyclical,Travel Services,95.0,6.0,75.0,93.0,1.2607,1.1114,929952.0,922280.0,35.0,11.37,1786824064,NO,27.26,29.32,21.65,29.1,23.91,,3325,0.0,603609,NO,NO,2026-06-26,4872900.0
187,EWY,185.65,192.62,16580450.0,ETF,ETF,95.0,91.0,19.0,92.0,6.67,4.2271,19213482.0,12781810.0,220.89,78.27,0,NO,182.9,174.18,153.05,176.9,168.98,,6630,0.0,16580450,YES,NO,2026-03-03,65699600.0
188,KOD,31.52,32.42,1051580.0,Health technology,Biotechnology,95.0,2.0,7.0,91.0,1.6877,1.6477,696515.0,820880.0,47.84,10.94,1981014912,NO,35.11,39.0,33.77,37.82,37.12,,2001,0.0,1051740,NO,NO,2022-02-23,26802500.0
189,P,109.65,113.66,3737368.0,Electronic technology,Computer peripherals,95.0,79.0,96.0,95.0,5.6036,4.9268,4162266.0,10498800.0,119.1,56.78,36538368000,NO,99.57,93.17,76.37,97.34,79.55,,2756,0.0,3737368,NO,NO,2026-09-18,73094300.0
190,BJRI,61.54,61.11,280130.0,Consumer Cyclical,Restaurants,95.0,15.0,87.0,95.0,2.0743,1.9629,495768.0,435590.0,74.6,28.46,1309187456,NO,61.63,64.98,48.2,64.56,51.56,,7535,0.16,280130,NO,NO,2012-10-26,5316700.0
191,PILL,16.85,17.9,71789.0,ETF,ETF,95.0,0.0,80.0,95.0,1.1281,1.0642,65331.0,46510.0,24.15,7.06,0,NO,19.68,19.99,14.48,19.66,15.33,,2223,0.0,71789,NO,NO,2025-04-09,1023100.0
192,HTFL,47.39,50.33,2057441.0,Healthcare,Health Information Services,95.0,30.0,95.0,95.0,2.6444,2.6116,1997714.0,2298650.0,52.22,20.13,4120732160,NO,48.91,38.21,30.96,41.47,32.65,,281,0.0,2097667,NO,NO,2026-06-26,12523600.0
193,BWLP,24.3,25.29,263709.0,Energy,Oil & Gas Midstream,95.0,56.0,93.0,93.0,0.8212,0.7426,390131.0,444360.0,26.47,11.72,3689094912,NO,24.78,23.09,18.61,23.74,20.4,,3182,0.0,263714,NO,NO,2025-12-02,1569700.0
194,RVTY,142.11,143.59,2240759.0,Health technology,Medical specialties,95.0,95.0,95.0,94.0,4.9814,4.7971,1708336.0,2437960.0,149.52,81.22,15857543168,NO,132.16,121.47,104.29,124.81,106.16,,13510,0.0,2244322,NO,NO,2002-03-01,16194000.0
195,BMNU,22.56,24.73,6152886.0,ETF,ETF,95.0,96.0,98.0,62.0,2.9263,2.3324,4835890.0,6105640.0,425.6,6.1,0,NO,19.71,14.86,25.15,15.92,15.44,,249,0.0,6172225,NO,NO,2026-03-16,20832860.0
196,PTGX,138.7,144.98,513152.0,Healthcare,Biotechnology,95.0,10.0,88.0,91.0,5.19,5.085,662301.0,732860.0,160.81,62.24,8975038464,NO,145.98,144.09,109.24,144.8,119.44,,2542,0.0,513152,NO,NO,2021-10-11,45683600.0
197,ROM,158.78,157.89,38234.0,ETF,ETF,95.0,95.0,81.0,96.0,4.4239,3.0668,47050.0,31910.0,171.82,71.36,0,NO,145.38,141.55,117.33,144.62,128.28,,4941,0.0,38253,NO,NO,2008-10-13,38278400.0
198,PDEX,71.94,72.52,96359.0,Health technology,Medical specialties,95.0,93.0,86.0,93.0,5.0214,4.3714,84758.0,84100.0,77.0,23.47,230447856,NO,65.96,63.45,53.38,65.5,59.43,,10108,0.0,96359,NO,NO,2014-09-19,5321400.0
199,ANEL,27.41,28.13,18965.0,ETF,ETF,95.0,95.0,95.0,95.0,1.8699,1.4993,97839.0,42640.0,31.74,11.38,0,NO,25.73,24.52,19.52,25.29,20.92,,264,0.0,18965,NO,NO,2026-05-06,2116100.0
200,SEPN,38.45,38.54,509519.0,Health technology,Biotechnology,94.0,36.0,74.0,94.0,1.8827,1.8388,440400.0,346820.0,51.1,16.21,1794728704,NO,38.57,38.22,30.37,38.22,32.01,,477,0.0,509519,NO,NO,2025-05-14,37815800.0
201,KFRC,52.07,51.58,177580.0,Commercial services,Personnel services,94.0,8.0,87.0,96.0,1.7875,1.7389,263730.0,275040.0,61.68,24.49,932521600,NO,53.72,56.18,41.01,55.53,45.22,,7827,0.7,177580,NO,NO,2000-01-26,6210400.0
202,ZBRA,371.02,350.84,647626.0,Technology,Communication Equipment,94.0,77.0,96.0,96.0,11.7221,10.4786,718980.0,602440.0,386.23,199.05,17553201152,NO,352.51,333.38,263.01,346.2,271.48,,8838,3.46,647626,NO,NO,1994-04-22,17863200.0
203,SHIP,17.56,18.55,552936.0,Industrials,Marine Shipping,94.0,75.0,87.0,91.0,0.6386,0.5479,309692.0,439210.0,19.22,7.66,380493536,NO,18.19,17.1,14.01,17.61,15.48,,4691,0.0,552936,NO,NO,2021-02-12,14385650.0
204,FLKR,60.84,62.02,4186603.0,ETF,ETF,94.0,87.0,26.0,91.0,1.9611,1.2178,753138.0,772500.0,72.49,26.4,0,NO,60.02,57.21,49.81,58.19,55.09,,2201,0.0,4186603,NO,NO,2024-07-25,4655000.0
205,XBNB,32.19,32.2,61.0,ETF,ETF,94.0,98.0,97.0,,1.5293,0.5657,590.0,1870.0,35.19,17.69,0,NO,28.8,23.63,,25.67,,,101,6.18,5100,NO,NO,2026-09-21,5100.0
206,HFBL,25.0,24.5,722.0,Financial Services,Banks - Regional,94.0,19.0,92.0,93.0,0.8993,0.5221,2403.0,1170.0,28.0,13.66,76061272,NO,25.2,24.18,20.05,24.75,21.16,,4845,0.0,722,NO,NO,2010-12-22,597600.0
207,ARW,226.82,219.1,429138.0,Technology,Electronics & Computer Distribution,94.0,91.0,51.0,94.0,8.2136,7.1893,592476.0,616260.0,237.33,101.79,11546369024,NO,213.02,212.18,175.52,215.14,196.55,,11724,0.87,429138,NO,NO,2000-02-24,10397800.0
208,SOXX,565.72,572.78,9884956.0,ETF,ETF,94.0,94.0,19.0,95.0,17.1457,11.9014,8903977.0,7179190.0,655.95,260.44,0,NO,521.88,525.57,445.96,530.0,495.01,,6336,0.0,9892606,YES,NO,2025-10-10,26691200.0
209,U,44.1,43.21,10312727.0,Technology services,Packaged software,94.0,23.0,97.0,97.0,1.8095,1.7756,9336623.0,7916180.0,52.15,16.78,19407921152,NO,42.71,39.45,32.14,41.09,30.81,,1509,1.43,10312727,YES,NO,2026-02-11,104917400.0
210,PRCH,16.61,16.64,2387067.0,Finance,Property/Casualty insurance,94.0,44.0,93.0,97.0,0.7907,0.7597,1719884.0,1439750.0,18.67,6.36,1885564672,NO,16.85,15.67,10.89,16.09,12.04,,1682,0.0,2387067,NO,NO,2025-02-26,31966500.0
211,PMTS,24.39,24.65,174404.0,Finance,Finance/Rental/Leasing,94.0,6.0,94.0,95.0,1.4946,1.1735,129626.0,406510.0,31.25,10.81,282728448,NO,26.74,24.94,18.07,25.29,19.93,,2754,0.0,174404,NO,NO,2026-09-11,1546700.0
212,GUSH,42.03,43.14,1210552.0,ETF,ETF,94.0,15.0,94.0,35.0,2.2876,2.0015,773573.0,669970.0,50.77,20.8,0,NO,45.85,41.82,34.77,42.68,38.76,,2846,0.0,1210552,NO,NO,2020-04-02,39570400.0
213,GNOM,67.76,67.604,19266.0,ETF,ETF,94.0,81.0,93.0,94.0,1.5544,1.3139,33411.0,34400.0,69.59,37.25,0,NO,65.06,60.48,50.76,61.69,52.63,,1873,0.0,19266,NO,NO,2023-10-26,2182525.0
214,SOLT,71.17,76.03,662492.0,ETF,ETF,94.0,98.0,98.0,89.0,5.8414,4.1804,486852.0,579500.0,589.22,23.28,0,NO,60.85,45.64,63.79,49.18,44.87,,380,0.0,667886,NO,NO,2026-02-06,1912135.0
215,TSMU,75.11,74.861,30657.0,ETF,ETF,94.0,94.0,30.0,93.0,3.0986,2.3134,64776.0,33810.0,93.29,34.51,0,NO,68.82,67.42,62.13,68.64,66.65,,465,0.0,30657,NO,NO,2025-10-16,435900.0
216,TSMX,86.6,86.44,342457.0,ETF,ETF,94.0,94.0,33.0,93.0,3.698,2.8699,674982.0,401580.0,106.32,40.92,0,NO,79.38,77.56,70.9,79.07,76.24,,493,0.0,342457,NO,NO,2025-01-27,3911500.0
217,AMRX,19.33,20.16,3379079.0,Health technology,Pharmaceuticals: major,94.0,92.0,87.0,94.0,0.8464,0.8217,2124314.0,2999700.0,21.18,9.49,6732562432,NO,17.83,17.94,14.69,18.05,15.32,,2106,0.0,3574749,NO,NO,2019-12-12,48231900.0
218,DGII,75.3,72.74,391675.0,Technology,Communication Equipment,94.0,76.0,82.0,93.0,2.4821,2.3268,405230.0,382710.0,86.84,34.41,2857493760,NO,71.77,72.55,58.71,74.0,64.83,,9307,3.02,391680,NO,NO,1996-07-03,3106100.0
219,ERX,103.41,103.88,428231.0,ETF,ETF,94.0,37.0,93.0,43.0,4.3375,3.8289,275123.0,364600.0,115.81,50.5,0,NO,108.52,100.6,85.57,102.47,93.29,,4486,0.0,428231,NO,NO,2020-04-09,17675600.0
220,TEMC,32.3,33.03,19.0,ETF,ETF,94.0,97.0,,,2.3179,1.4814,761.0,980.0,35.07,10.77,0,NO,25.26,20.18,,22.09,,,51,0.0,600,NO,NO,2026-09-18,6600.0
221,SHAZ,57.73,59.93,1608681.0,Technology services,Data processing services,94.0,49.0,1.0,98.0,4.8236,4.3407,1939452.0,1474850.0,97.48,16.55,2066936320,NO,56.06,59.09,,58.15,53.7,,150,0.0,1608681,NO,NO,2026-07-30,4489900.0
222,BUG,47.12,45.97,1760696.0,ETF,ETF,94.0,96.0,95.0,96.0,1.6073,1.4819,1336187.0,1491470.0,47.2,23.14,0,NO,42.75,41.33,32.85,41.71,34.68,,1730,1.15,1762919,NO,NO,2026-02-24,4956600.0
223,CVE,31.08,31.57,10750937.0,Energy,Oil & Gas Integrated,94.0,25.0,90.0,84.0,0.9479,0.8357,7098257.0,7203920.0,34.16,15.63,57319133184,NO,32.49,30.77,25.42,31.24,28.17,,4236,0.0,10750983,YES,NO,2017-03-30,45049000.0
224,EQNR,42.9,42.49,3906614.0,Energy minerals,Integrated oil,94.0,73.0,94.0,52.0,1.1721,0.9336,3336684.0,3642560.0,45.84,22.26,101696446464,NO,43.38,41.24,34.61,41.93,38.53,,6353,0.0,3906614,NO,NO,2026-03-19,22092000.0
225,DIG,66.41,66.98,128462.0,ETF,ETF,94.0,33.0,93.0,41.0,2.7257,2.405,40665.0,77630.0,74.54,32.7,0,NO,69.97,64.91,55.27,66.09,60.22,,4941,0.0,128462,NO,NO,2009-01-06,36635600.0
226,APA,43.7,43.81,5573721.0,Energy,Oil & Gas E&P,94.0,78.0,93.0,60.0,1.6,1.3921,5597068.0,6786080.0,47.44,21.63,15310361600,NO,43.96,40.37,34.68,41.36,38.3,,11936,0.0,5586877,NO,NO,2020-04-09,92502300.0
227,IQV,267.86,269.88,1111780.0,Healthcare,Diagnostics & Research,94.0,86.0,96.0,94.0,7.0868,6.7411,1462777.0,1841720.0,277.4,154.5,44089753600,NO,264.04,243.79,204.05,250.38,201.77,,3363,0.0,1111780,NO,NO,2017-08-28,34428200.0
228,ETHU,30.33,32.1,6802189.0,ETF,ETF,94.0,95.0,98.0,88.0,2.3467,1.7978,6596582.0,9002370.0,169.45,10.72,0,NO,27.16,21.33,28.13,22.8,20.99,,578,0.0,6802189,NO,NO,2026-06-05,26454600.0
229,APPN,37.96,38.62,672233.0,Technology,Software - Infrastructure,94.0,64.0,98.0,92.0,2.0007,1.7839,866430.0,934720.0,46.06,18.63,2718983680,NO,38.4,33.57,28.16,35.02,27.19,,2344,0.0,672233,NO,NO,2020-11-30,7563900.0
230,FLTW,108.72,111.46,517312.0,ETF,ETF,94.0,92.0,75.0,94.0,2.1667,1.2705,590904.0,1408190.0,111.77,56.57,0,NO,105.47,100.5,83.81,102.36,92.14,,2201,0.0,517312,NO,NO,2026-05-15,12282700.0
231,BIB,112.04,113.47,10589.0,ETF,ETF,94.0,13.0,92.0,92.0,3.7001,2.8473,11723.0,9430.0,126.4,55.34,0,NO,115.72,109.14,90.53,109.91,93.61,,4139,0.0,10589,NO,NO,2015-09-28,3660800.0
232,NMM,87.94,91.1,140024.0,Industrials,Marine Shipping,94.0,64.0,91.0,89.0,2.1243,1.9404,140719.0,188810.0,95.0,43.02,2543735296,NO,90.61,83.76,70.01,86.24,75.47,,4743,0.0,140024,NO,NO,2021-04-05,2107700.0
233,CAI,31.65,30.65,4355448.0,Healthcare,Biotechnology,94.0,97.0,98.0,95.0,1.5241,1.4527,4853519.0,5886520.0,33.66,14.19,8946844672,NO,26.77,22.12,21.08,23.87,19.8,,317,1.53,4359391,NO,NO,2025-06-18,15347900.0
234,DCTH,15.96,16.11,279456.0,Healthcare,Medical Devices,94.0,18.0,93.0,95.0,0.4365,0.4258,511719.0,419860.0,17.42,8.12,553792768,NO,16.27,15.11,11.64,15.42,12.44,,2108,0.0,279456,NO,NO,2023-08-15,105160200.0
235,ASMG,46.28,44.757,29809.0,ETF,ETF,94.0,30.0,10.0,89.0,2.6833,1.8181,68568.0,43890.0,65.82,20.17,0,NO,43.94,46.58,40.81,46.53,44.16,,424,2.13,29809,NO,NO,2025-07-16,3736900.0
236,YPF,53.93,53.18,1553727.0,Energy minerals,Integrated oil,94.0,89.0,85.0,87.0,2.1114,2.0329,1277615.0,1750470.0,57.87,23.02,21144608768,NO,53.42,51.67,44.26,52.16,47.76,,8365,1.32,1553727,NO,NO,1993-06-29,34346800.0
237,EWT,112.5,115.64,4244685.0,ETF,ETF,94.0,92.0,78.0,94.0,2.3296,1.3982,5182776.0,4636990.0,115.82,59.96,0,NO,109.68,104.51,86.79,106.42,95.36,,6600,0.0,4244685,NO,NO,2009-04-29,37344000.0
238,SOXQ,98.64,97.83,944833.0,ETF,ETF,94.0,91.0,16.0,94.0,2.7201,1.8409,1984220.0,1340270.0,115.33,48.23,0,NO,91.76,93.0,79.63,93.77,88.05,,1326,0.0,954818,NO,NO,2026-06-05,6881000.0
239,AVAZ,16.38,19.09,6884.0,ETF,ETF,94.0,98.0,98.0,,1.4736,0.5232,3877.0,14140.0,19.5,6.55,0,NO,10.29,8.73,,9.36,,,89,0.0,6884,NO,NO,2026-09-21,28100.0
240,KF,66.28,67.33,25195.0,Miscellaneous,Investment trusts,94.0,86.0,18.0,89.0,2.6204,1.9096,26657.0,27590.0,81.94,29.61,275615296,NO,65.2,62.46,55.96,63.31,61.58,,10602,0.0,25195,NO,NO,2011-12-27,557400.0
241,BNR,15.07,14.73,24070.0,Healthcare,Diagnostics & Research,94.0,98.0,98.0,4.0,1.5536,1.5061,26057.0,52620.0,41.72,6.79,158986112,NO,11.55,10.26,17.21,10.9,13.18,,1577,0.0,24077,NO,NO,2025-07-23,588700.0
242,BESO,36.21,37.19,32.0,ETF,ETF,94.0,96.0,96.0,,0.9467,0.1486,309.0,420.0,37.19,21.5,0,NO,33.63,29.2,,30.42,,,106,0.0,32,NO,NO,2026-04-22,185600.0
243,PSI,147.74,144.88,209848.0,ETF,ETF,94.0,90.0,8.0,93.0,5.1664,3.5728,397138.0,268610.0,189.24,66.93,0,NO,135.33,140.75,122.66,141.62,137.08,,5345,0.0,209858,NO,NO,2007-10-25,9293700.0
244,BHE,83.11,77.16,366410.0,Technology,Electronic Components,94.0,96.0,14.0,92.0,2.8164,2.2486,423574.0,406110.0,100.41,35.91,2985305600,NO,73.67,77.43,68.25,77.79,76.0,,9125,6.27,366410,NO,NO,2003-04-22,6885225.0
245,DCO,172.51,168.09,243332.0,Industrials,Aerospace & Defense,94.0,10.0,77.0,91.0,6.8468,6.7075,276876.0,294630.0,210.39,84.76,2604862720,NO,170.89,180.03,143.5,180.83,158.11,,13460,0.0,243332,NO,NO,2012-06-22,1459500.0
246,NGL,15.94,16.28,141916.0,Energy,Oil & Gas Midstream,94.0,27.0,29.0,85.0,0.6614,0.6314,213787.0,183570.0,19.06,5.8,0,NO,17.42,16.77,14.02,16.89,15.42,,3861,0.0,141918,NO,NO,2021-03-19,22666400.0
247,PRLB,89.13,87.68,175243.0,Process industries,Chemicals: specialty,94.0,94.0,84.0,93.0,2.7543,2.4071,211741.0,240940.0,93.0,45.1,2132158464,NO,81.48,81.82,67.94,83.37,73.36,,3665,0.0,175243,NO,NO,2016-03-04,4045400.0
248,TSMG,41.93,41.718,43655.0,ETF,ETF,94.0,95.0,35.0,93.0,1.7423,1.3069,77098.0,46960.0,51.24,20.73,0,NO,38.33,37.49,34.4,38.19,36.82,,424,0.0,43655,NO,NO,2026-01-15,391400.0
249,ANF,132.25,136.76,1082442.0,Retail trade,Apparel/Footwear retail,94.0,97.0,96.0,93.0,5.8925,5.5679,1524655.0,1376790.0,155.22,65.45,5611945984,NO,140.76,118.55,100.18,123.44,98.78,,7544,0.0,1093877,NO,NO,2012-11-14,35280600.0
250,HIBL,112.32,112.25,15841.0,ETF,ETF,93.0,87.0,17.0,96.0,5.9577,3.7659,49639.0,39930.0,138.11,46.94,0,NO,103.42,103.47,89.85,105.2,97.63,,1726,0.0,15841,NO,NO,2024-12-04,2894000.0
251,AXGN,43.32,45.93,1247140.0,Health technology,Medical specialties,93.0,5.0,30.0,90.0,2.5529,2.3207,1244634.0,1697570.0,52.91,15.27,2541649920,NO,47.0,45.36,38.5,45.67,41.08,,10016,0.0,1247140,NO,NO,2025-07-29,5556000.0
252,WTTR,19.29,20.6,1238368.0,Energy minerals,Oil & gas production,93.0,50.0,68.0,89.0,0.7756,0.7104,1770796.0,1785240.0,22.55,9.29,2753334272,NO,20.05,20.04,16.21,19.96,18.02,,2323,0.0,1238368,NO,NO,2025-03-21,15588100.0
253,RGEN,184.53,180.71,934688.0,Health technology,Pharmaceuticals: major,93.0,82.0,96.0,94.0,6.2154,6.0932,1117136.0,967850.0,188.94,100.99,10414064640,NO,174.04,162.55,142.45,165.53,138.28,,10178,0.0,934688,NO,NO,2004-01-05,12843800.0
254,ZIM,30.09,30.46,1258352.0,Industrials,Marine Shipping,93.0,90.0,89.0,70.0,0.7831,0.7166,1488830.0,1225910.0,30.96,12.33,3626436608,NO,28.89,27.11,25.27,27.92,26.47,,1419,0.0,1258352,NO,NO,2026-02-17,39624500.0
255,TWN,100.2,102.73,7959.0,Miscellaneous,Investment trusts,93.0,85.0,74.0,93.0,3.6543,2.9614,36571.0,24210.0,108.83,51.37,575352320,NO,101.27,94.53,79.08,96.29,88.35,,10017,0.0,7959,NO,NO,2010-04-21,1037900.0
256,GSAT,82.5,83.04,612289.0,Communication Services,Telecom Services,93.0,73.0,65.0,90.0,0.6807,0.5799,944839.0,593440.0,84.85,33.9,10688979968,NO,82.07,81.73,73.39,82.24,78.3,,5001,0.0,612289,NO,NO,2021-08-30,37190507.0
257,SSRM,36.3,36.61,3187899.0,Basic Materials,Gold,93.0,36.0,92.0,93.0,1.4257,1.0971,3023604.0,2444660.0,39.44,18.19,7531925504,NO,36.92,32.49,28.92,33.75,30.92,,7583,0.0,3187949,NO,NO,2024-02-13,67340200.0
258,PTIR,22.17,20.24,5263415.0,ETF,ETF,93.0,94.0,98.0,57.0,1.6055,1.5162,4603322.0,2771030.0,40.78,7.84,0,NO,19.11,16.49,17.55,17.58,15.33,,514,3.31,5268658,NO,NO,2025-04-09,46785000.0
259,SENEB,187.42,188.22,398.0,Consumer non-durables,Food: specialty/candy,93.0,34.0,89.0,89.0,2.78,0.2664,134.0,50.0,208.53,104.5,1268919040,NO,193.05,182.84,147.67,185.18,162.28,,11724,0.0,398,NO,NO,1989-11-27,790000.0
260,NHC,224.87,223.31,98806.0,Healthcare,Medical Care Facilities,93.0,37.0,85.0,91.0,6.1204,6.1068,116700.0,113800.0,239.29,116.42,3521777920,NO,223.02,223.53,181.28,223.7,198.44,,10006,0.0,98806,NO,NO,2023-12-15,2662000.0
261,ITGR,126.32,126.38,527939.0,Healthcare,Medical Devices,93.0,78.0,95.0,93.0,0.3625,0.3168,966090.0,727210.0,126.8,62.0,4294509568,NO,125.85,118.2,93.91,122.6,100.05,,6532,0.0,527939,NO,NO,2025-10-23,14161400.0
262,SITM,608.91,638.32,340621.0,Technology,Semiconductors,93.0,64.0,8.0,95.0,40.2301,33.7769,516009.0,575630.0,901.81,243.68,18240215040,NO,588.34,597.96,517.02,617.05,582.15,,1717,0.0,340621,NO,NO,2026-03-20,4028500.0
263,ARTY,78.67,78.57,572270.0,ETF,ETF,93.0,90.0,75.0,94.0,1.7063,1.2153,512139.0,409320.0,81.85,43.26,0,NO,74.95,72.27,61.38,73.83,66.45,,2069,0.0,572270,NO,NO,2026-03-12,3072000.0
264,BZH,33.35,33.36,516088.0,Consumer Cyclical,Residential Construction,93.0,77.0,92.0,95.0,0.0814,0.0736,663096.0,847260.0,34.54,17.83,889765440,NO,33.25,33.12,25.88,33.11,27.06,,8199,0.0,516088,NO,NO,2012-07-11,9466180.0
265,HACK,124.07,122.98,475340.0,ETF,ETF,93.0,94.0,93.0,94.0,3.5713,3.4041,277198.0,391530.0,124.42,69.66,0,NO,114.93,112.88,91.29,113.61,97.02,,2981,0.0,475340,NO,NO,2015-08-24,3235000.0
266,ETHT,19.48,20.61,1752619.0,ETF,ETF,93.0,95.0,98.0,85.0,1.4815,1.1288,1917869.0,2088270.0,117.04,7.07,0,NO,17.47,13.76,18.86,14.69,13.79,,575,0.0,1752619,NO,NO,2026-06-05,5396900.0
267,DAR,61.36,63.26,3407562.0,Consumer Defensive,Packaged Foods,93.0,20.0,88.0,51.0,2.3071,2.2493,2472371.0,2249000.0,69.98,29.15,9682786304,NO,65.15,63.7,55.2,63.67,60.43,,8062,0.0,3532898,NO,NO,2013-12-13,34955800.0
268,GEO,30.62,30.25,2342026.0,Industrials,Security & Protection Services,93.0,21.0,59.0,96.0,1.2445,1.2324,2028066.0,2387320.0,33.15,12.51,4030191872,NO,31.51,31.14,22.43,31.43,25.43,,8093,0.0,2342026,NO,NO,2021-06-09,188207500.0
269,ATKR,94.51,94.47,340106.0,Industrials,Electrical Equipment & Parts,93.0,79.0,91.0,94.0,0.2686,0.2386,829436.0,863730.0,94.65,53.75,3191892224,NO,94.0,88.22,74.18,90.1,77.74,,2585,0.0,340106,NO,NO,2026-08-03,8858500.0
270,DAC,154.42,159.61,111684.0,Industrials,Marine Shipping,93.0,86.0,91.0,89.0,3.2986,3.055,115404.0,132690.0,163.64,83.56,0,NO,155.31,145.61,121.73,149.51,130.89,,5014,0.0,111684,NO,NO,2019-11-22,2851600.0
271,SAIL,21.41,21.37,6241016.0,Technology services,Packaged software,93.0,96.0,97.0,95.0,1.3211,1.2255,4128298.0,6336180.0,24.0,10.3,12223217664,NO,19.42,18.09,16.06,18.57,15.46,,404,0.0,6749369,NO,NO,2025-02-13,43599000.0
272,STRZ,23.41,26.49,623218.0,Consumer services,Movies/Entertainment,93.0,4.0,6.0,96.0,1.7091,1.5841,198739.0,255630.0,32.58,8.4,400876864,NO,26.5,26.32,18.99,25.88,22.7,,346,0.0,623218,NO,NO,2025-05-07,1817800.0
273,PESI,15.79,17.34,564845.0,Industrial services,Environmental services,93.0,12.0,95.0,87.0,0.83,0.7235,459479.0,355310.0,21.32,8.58,335037792,NO,18.11,17.37,13.84,17.42,13.77,,8505,0.0,564845,NO,NO,2026-07-17,2544200.0
274,ATI,184.18,189.16,1349338.0,Industrials,Metal Fabrication,93.0,8.0,15.0,84.0,8.4743,8.1057,1737528.0,1763790.0,243.57,75.02,25079861248,NO,200.01,203.05,163.71,204.46,179.6,,6744,0.0,1349338,NO,NO,2025-03-21,25961500.0
275,FFIV,455.99,450.1,480916.0,Technology,Software - Infrastructure,93.0,96.0,88.0,94.0,13.9943,13.6421,602788.0,639070.0,461.91,223.76,25821429760,NO,410.32,405.71,337.51,406.73,368.34,,6867,0.85,480916,NO,NO,2005-07-21,26240600.0
276,ETHB,34.49,35.57,427209.0,ETF,ETF,93.0,94.0,97.0,83.0,1.3721,1.0279,492969.0,861680.0,35.71,19.65,0,NO,32.17,27.94,,29.21,,,134,0.0,427209,NO,NO,2026-03-13,2861800.0
277,FRNM,15.7,16.6,578477.0,Healthcare,Diagnostics & Research,93.0,95.0,95.0,91.0,1.0111,0.9871,747773.0,1172360.0,17.5,9.95,1686914944,NO,15.35,13.28,12.31,13.72,12.01,,571,0.0,578477,NO,NO,2026-09-18,6047300.0
278,FCLD,45.45,45.38,16928.0,ETF,ETF,93.0,88.0,91.0,94.0,0.8217,0.6932,28214.0,26710.0,45.8,26.01,0,NO,44.27,42.14,34.29,43.02,36.64,,1244,0.13,16977,NO,NO,2023-06-15,227600.0
279,PBR,21.14,20.63,27528920.0,Energy minerals,Integrated oil,93.0,94.0,92.0,54.0,0.6257,0.535,17913915.0,21318350.0,22.24,11.43,136233902080,NO,20.26,19.14,17.53,19.49,19.18,,6567,0.0,27528920,YES,NO,2021-02-22,207564100.0
280,RIGL,48.13,47.09,151370.0,Health technology,Pharmaceuticals: major,93.0,88.0,94.0,96.0,1.6243,1.5207,328136.0,284030.0,52.24,24.95,899061888,NO,46.89,43.14,36.35,43.94,35.52,,6490,0.0,151375,NO,NO,2020-07-14,25850860.0
281,HECO,68.9,69.188,423.0,ETF,ETF,93.0,94.0,51.0,94.0,1.8574,0.3962,547.0,440.0,74.28,37.57,0,NO,64.06,64.21,53.71,64.81,58.36,,510,0.0,423,NO,NO,2025-11-04,430900.0
282,SN,168.49,167.5,1003810.0,Consumer durables,Electronics/Appliances,93.0,19.0,92.0,94.0,6.7501,6.6208,1844049.0,2842870.0,194.54,83.12,23735447552,NO,174.54,170.81,132.22,172.14,138.39,,790,0.0,1003820,NO,NO,2026-05-15,11957600.0
283,ESTC,91.28,89.71,1520854.0,Technology,Software - Application,93.0,90.0,96.0,95.0,3.9003,3.631,2308052.0,2088620.0,108.0,42.05,9583603712,NO,88.24,77.93,64.48,82.56,63.62,,2000,0.0,1520854,NO,NO,2023-12-01,12243800.0
284,PLTU,59.3,54.31,1132464.0,ETF,ETF,93.0,93.0,98.0,50.0,4.3283,4.0626,2232115.0,649660.0,128.03,21.04,0,NO,51.28,44.23,47.72,47.16,41.38,,445,3.24,1132464,NO,NO,2025-05-06,13459300.0
285,LRCX,307.28,310.96,9075754.0,Technology,Semiconductor Equipment & Materials,93.0,61.0,5.0,86.0,15.2093,12.1807,10587977.0,10728790.0,438.5,125.02,384505905152,NO,296.88,305.26,269.43,305.91,294.67,,10679,0.0,9123960,YES,NO,2012-06-04,298766000.0
286,PHOE,19.81,19.61,5261.0,Industrial services,Engineering & construction,93.0,8.0,83.0,90.0,1.4531,1.2076,35577.0,10610.0,133.12,8.19,427896000,NO,20.34,21.8,18.29,20.82,18.47,,354,0.0,5271,NO,NO,2026-05-08,1692300.0
287,STM,52.46,51.63,8633121.0,Electronic technology,Semiconductors,93.0,87.0,2.0,95.0,1.5593,1.1229,9780747.0,8458910.0,81.42,21.11,46797312000,NO,50.3,53.46,46.81,52.07,54.3,,7999,0.0,8633121,NO,NO,1994-12-08,41167800.0
288,SLON,39.53,42.09,160110.0,ETF,ETF,93.0,98.0,98.0,85.0,3.0981,2.1075,90014.0,227840.0,325.0,13.0,0,NO,33.12,24.86,35.51,27.29,24.87,,300,0.0,160206,NO,NO,2026-09-21,360700.0
289,SMH,601.41,607.46,5961472.0,ETF,ETF,93.0,93.0,31.0,93.0,16.17,11.4868,9598273.0,6698610.0,671.83,313.6,0,NO,564.92,564.94,490.91,569.57,535.04,,6615,0.0,6050308,NO,NO,2004-12-09,106899600.0
290,HELE,29.53,27.65,452132.0,Consumer Defensive,Household & Personal Products,93.0,81.0,86.0,96.0,1.1243,1.0429,453444.0,411270.0,30.68,13.85,687814528,NO,28.07,28.35,22.82,28.53,24.55,,12656,5.64,452132,NO,NO,1989-06-07,8791800.0
291,SPAM,48.02,47.166,1560.0,ETF,ETF,93.0,93.0,92.0,94.0,0.8102,0.3796,2201.0,3090.0,48.02,27.43,0,NO,44.51,43.73,35.77,44.08,38.08,,698,0.0,1560,NO,NO,2025-01-03,28600.0
292,BRKR,59.67,61.58,2372862.0,Healthcare,Medical Devices,93.0,73.0,80.0,95.0,2.9461,2.7911,2226704.0,2630940.0,65.3,30.09,9091279872,NO,57.79,58.24,48.62,58.4,50.34,,6571,0.0,2498586,NO,NO,2025-09-03,18329700.0
293,BBNX,22.19,22.04,1396266.0,Health technology,Medical specialties,93.0,96.0,97.0,97.0,1.6346,1.6346,1292034.0,1962500.0,32.71,8.8,1197066496,NO,19.57,17.81,16.18,18.1,14.33,,413,0.0,1396266,NO,NO,2026-01-09,8291100.0
294,PLTA,22.48,20.69,23742.0,ETF,ETF,93.0,93.0,98.0,45.0,1.4786,1.2446,54642.0,23640.0,41.93,8.13,0,NO,19.53,16.89,18.26,17.98,15.86,,260,3.43,23742,NO,NO,2026-08-04,360400.0
295,NGNE,30.93,32.57,275882.0,Healthcare,Biotechnology,93.0,2.0,49.0,94.0,2.2836,2.2714,275626.0,423480.0,43.66,15.93,618952064,NO,36.08,36.12,26.9,35.19,30.2,,3155,0.0,276186,NO,NO,2015-08-07,3112795.0
296,SAFT,103.51,103.64,124627.0,Finance,Property/Casualty insurance,93.0,71.0,95.0,91.0,0.2207,0.2129,211317.0,128990.0,103.88,67.04,1519576704,NO,103.46,98.65,80.93,103.43,83.44,,5994,0.0,124628,NO,NO,2026-07-27,1966100.0
297,ARX,19.72,19.78,2301077.0,Financial Services,Insurance Brokers,93.0,77.0,96.0,93.0,0.1043,0.0979,3866296.0,2165530.0,19.9,9.18,4282957824,NO,19.77,16.75,14.43,17.66,14.92,,293,0.0,2301077,NO,NO,2026-08-13,70095100.0
298,ANET,203.47,205.42,3936505.0,Electronic technology,Computer peripherals,93.0,92.0,92.0,93.0,7.7836,6.4133,7036793.0,5363130.0,214.89,114.52,256621395968,NO,195.42,188.35,155.88,192.21,166.2,,3092,0.0,3960650,NO,NO,2018-08-27,178592000.0
299,DECO,79.34,79.663,2031.0,ETF,ETF,92.0,94.0,32.0,95.0,2.1964,0.7812,950.0,660.0,84.75,41.69,0,NO,73.5,73.69,61.92,74.33,67.28,,510,0.0,2031,NO,NO,2024-12-10,19000.0
300,PDFS,48.43,46.71,440568.0,Technology services,Information technology services,92.0,90.0,5.0,91.0,2.5993,2.1686,637168.0,660640.0,71.69,23.55,2045064064,NO,44.84,47.35,42.23,47.4,47.1,,6323,3.53,440568,NO,NO,2026-05-14,5406700.0
301,NEMG,22.19,22.24,6923.0,ETF,ETF,92.0,5.0,96.0,89.0,1.2096,0.7767,6323.0,2850.0,33.47,12.24,0,NO,23.59,19.64,20.58,20.88,19.46,,212,0.0,6931,NO,NO,2026-06-01,88300.0
302,SCTX,26.53,28.05,532644.0,n/a,n/a,92.0,1.0,,,3.4171,3.355,287295.0,476180.0,39.6,17.31,502257472,YES,30.0,,,,,,41,0.0,532648,NO,NO,2026-09-18,2236400.0
303,HPEL,21.5,21.17,532121.0,ETF,ETF,92.0,97.0,,,2.635,2.2514,175588.0,274620.0,23.69,10.45,0,NO,18.04,16.64,,17.71,,,64,0.0,533897,NO,NO,2026-09-02,1895900.0
304,TX,55.99,56.84,367540.0,Non-energy minerals,Steel,92.0,79.0,92.0,92.0,1.3807,1.225,595312.0,429330.0,58.73,33.01,10991267840,NO,56.72,52.91,45.17,54.37,47.05,,5192,0.0,367540,NO,NO,2006-02-01,13285000.0
305,KEYS,353.36,342.03,1421800.0,Technology,Scientific & Technical Instruments,92.0,94.0,49.0,81.0,10.6511,8.5289,1357012.0,1075170.0,374.96,158.79,60157681664,NO,327.1,327.35,296.4,332.69,326.79,,2998,1.51,1421800,NO,NO,2018-11-05,47677800.0
306,BLSM,22.34,26.8,219365.0,n/a,n/a,92.0,98.0,,,2.2357,2.1643,277534.0,266880.0,27.99,15.25,710074880,YES,21.7,,,,,,32,0.0,219365,NO,NO,2026-08-07,1757600.0
307,PLIB,36.46,33.72,15.0,ETF,ETF,92.0,86.0,,,0.9529,0.2057,379.0,450.0,36.46,24.38,0,NO,33.46,,,,,,38,0.0,1200,NO,NO,2026-08-07,2300.0
308,KLIC,90.85,84.08,779960.0,Producer manufacturing,Industrial machinery,92.0,90.0,2.0,91.0,3.4907,2.838,977146.0,807890.0,135.8,35.02,4754100224,NO,82.32,89.86,81.27,88.94,91.42,,13510,5.07,779960,NO,NO,2000-08-03,23567800.0
309,TSAT,47.11,51.4,129388.0,Communications,Specialty telecommunications,92.0,90.0,79.0,69.0,3.0096,2.5696,214636.0,126770.0,61.54,23.01,2420387840,NO,46.36,45.38,40.73,46.2,45.01,,5322,0.0,129388,NO,NO,2023-08-11,23276300.0
310,XOMX,46.85,45.374,11541.0,ETF,ETF,92.0,19.0,93.0,10.0,2.1996,1.7479,20568.0,20100.0,60.28,24.92,0,NO,48.07,46.11,41.75,46.65,44.16,,356,1.88,11541,NO,NO,2026-03-02,262900.0
311,HPQ,32.16,32.95,15784588.0,Technology,Computer Hardware,92.0,92.0,94.0,95.0,1.7261,1.6532,15622755.0,18461980.0,36.23,17.56,29001596928,NO,32.23,29.46,23.38,30.81,24.88,,16289,0.0,16109812,YES,NO,2010-08-09,442012304.0
312,CXW,32.28,32.41,1771443.0,Industrials,Security & Protection Services,92.0,28.0,81.0,94.0,1.5,1.4936,1561007.0,2278460.0,36.55,15.74,3192281600,NO,34.02,32.7,23.99,33.13,26.52,,7343,0.0,1771604,NO,NO,2016-08-18,39922800.0
313,PSWD,49.15,48.279,1477.0,ETF,ETF,92.0,93.0,93.0,94.0,1.0154,0.5514,2047.0,3220.0,49.28,28.72,0,NO,45.55,44.63,36.78,45.04,38.65,,800,0.69,1477,NO,NO,2026-06-01,32600.0
314,SCCO,201.94,198.06,997916.0,Non-energy minerals,Other metals/Minerals,92.0,20.0,87.0,87.0,8.0989,6.3796,1181232.0,1129130.0,220.78,110.73,170506764288,NO,201.87,193.25,179.24,195.47,182.08,,7728,1.13,998012,NO,NO,2005-06-10,45748654.0
315,USL,56.53,56.18,4799.0,ETF,ETF,92.0,91.0,91.0,78.0,0.9679,0.7136,10906.0,8700.0,57.91,32.25,0,NO,54.49,52.01,45.97,52.8,50.67,,4727,0.36,4799,NO,NO,2020-04-21,5075300.0
316,STXX,46.64,42.11,25894.0,ETF,ETF,92.0,95.0,1.0,,4.305,3.7246,91722.0,64660.0,86.89,22.23,0,NO,38.96,41.08,,42.38,,,104,8.57,25894,NO,NO,2026-07-28,298300.0
317,BLTE,168.67,173.4,107118.0,Health technology,Pharmaceuticals: major,92.0,88.0,88.0,59.0,8.687,8.2607,192484.0,160190.0,200.0,68.21,6792702464,NO,169.24,163.42,160.18,165.76,157.59,,1103,0.0,107120,NO,NO,2022-05-03,7495900.0
318,PARK,20.18,20.69,12529.0,Health services,Medical/Nursing services,92.0,51.0,87.0,77.0,0.9762,0.9669,32503.0,52790.0,26.79,9.53,95961592,NO,20.71,20.38,18.17,20.38,19.06,,201,0.0,12529,NO,NO,2025-12-03,481900.0
319,TRMD,34.42,37.12,2440465.0,Transportation,Marine shipping,92.0,92.0,89.0,87.0,1.595,1.2486,946611.0,2441110.0,38.73,19.3,3529897728,NO,34.43,31.68,28.12,32.75,30.36,,2156,0.0,2440465,NO,NO,2026-09-15,8378300.0
320,GNMX,36.82,36.29,113.0,ETF,ETF,92.0,87.0,94.0,,0.5279,0.2221,1103.0,850.0,37.65,23.88,0,NO,35.41,32.91,,33.67,,,95,1.41,3500,NO,NO,2026-05-06,48900.0
321,KRYS,341.75,333.85,215942.0,Health technology,Biotechnology,92.0,59.0,50.0,90.0,11.113,10.5064,398219.0,314010.0,382.54,158.08,10115401728,NO,350.17,343.13,297.4,341.67,313.43,,2263,0.0,215942,NO,NO,2021-11-29,8480400.0
322,CSTL,34.88,34.99,348274.0,Healthcare,Diagnostics & Research,92.0,83.0,97.0,89.0,1.4629,1.4297,397669.0,361860.0,44.28,17.72,1065566848,NO,33.92,30.55,29.21,31.75,26.01,,1800,0.0,348274,NO,NO,2023-07-07,12789100.0
323,CRWC,42.94,38.83,7597.0,ETF,ETF,92.0,98.0,,,2.8707,2.2629,6636.0,14000.0,43.03,22.3,0,NO,31.82,29.57,,30.26,,,50,3.32,7597,NO,NO,2026-09-14,63900.0
324,LGND,298.41,290.07,241132.0,Healthcare,Biotechnology,92.0,88.0,78.0,93.0,8.5329,8.0868,310801.0,252350.0,326.63,163.45,5948984832,NO,285.27,290.96,237.01,289.46,256.69,,8518,0.0,241158,NO,NO,2019-01-16,13747168.0
325,GKOS,153.49,161.53,987352.0,Healthcare,Medical Devices,92.0,3.0,86.0,92.0,7.2136,7.0914,812585.0,838890.0,191.62,73.16,9053445120,NO,173.31,171.14,133.0,171.16,140.74,,2827,0.0,987352,NO,NO,2018-08-29,11054300.0
326,CURE,130.33,131.16,39544.0,ETF,ETF,92.0,10.0,93.0,92.0,4.995,3.925,68555.0,36960.0,150.0,74.34,0,NO,132.39,127.75,109.44,128.91,108.31,,3840,0.0,39547,NO,NO,2014-12-23,1863200.0
327,PLTG,21.01,19.167,108603.0,ETF,ETF,92.0,93.0,98.0,50.0,1.4871,1.3211,280425.0,89620.0,44.95,7.54,0,NO,18.15,15.7,17.29,16.73,14.71,,354,4.29,108603,NO,NO,2026-08-04,1760200.0
328,FLEX,112.3,111.61,3916927.0,Technology,Electronic Components,92.0,82.0,2.0,95.0,5.1236,4.5486,4183738.0,3543610.0,166.86,53.07,41483956224,NO,110.14,116.01,97.77,114.68,111.93,,8182,0.0,3916927,NO,NO,2005-10-26,102901552.0
329,EMEQ,67.1,67.909,155082.0,ETF,ETF,92.0,83.0,18.0,91.0,1.5115,0.895,115814.0,111860.0,78.71,35.02,0,NO,65.43,64.24,55.87,64.74,60.74,,513,0.0,155082,NO,NO,2026-03-30,853300.0
330,GSG,36.15,35.88,3100064.0,ETF,ETF,92.0,91.0,92.0,79.0,0.6082,0.4725,871463.0,1599200.0,37.3,22.37,0,NO,35.3,33.36,29.77,33.94,32.22,,5074,0.03,3100064,NO,NO,2022-03-07,11178900.0
331,SANM,221.89,209.47,884395.0,Electronic technology,Electronic production equipment,92.0,96.0,12.0,95.0,10.9443,9.6729,826187.0,554090.0,288.68,110.44,11892717568,NO,199.71,199.91,186.16,202.64,199.89,,8418,3.08,884435,NO,NO,2009-06-26,15827533.0
332,SHOC,110.47,109.848,7012.0,ETF,ETF,92.0,90.0,24.0,93.0,2.5169,1.3621,13165.0,6560.0,124.68,60.4,0,NO,103.9,104.84,91.74,105.69,99.85,,993,0.0,7012,NO,NO,2024-07-17,277200.0
333,HBM,26.79,26.65,2895712.0,Basic Materials,Copper,92.0,8.0,75.0,91.0,1.3179,1.0136,4667976.0,4266190.0,32.15,13.84,11898638336,NO,27.62,25.92,24.12,26.64,24.62,,4428,0.0,2895726,NO,NO,2025-08-13,30836400.0
334,LB,82.11,87.55,275915.0,Commercial services,Miscellaneous commercial services,92.0,13.0,93.0,64.0,3.2112,3.1898,326482.0,221070.0,91.69,43.75,6329482752,NO,86.43,81.7,69.27,82.6,74.51,,560,0.0,276015,NO,NO,2024-06-28,3203400.0
335,SHG,79.83,82.29,141404.0,Financial Services,Banks - Regional,92.0,91.0,91.0,86.0,2.5957,1.405,209269.0,146190.0,85.57,47.05,37589102592,NO,81.12,75.93,65.9,77.27,69.31,,5790,0.0,141404,NO,NO,2026-03-05,893900.0
336,BTCU,27.9,29.5,37743.0,ETF,ETF,92.0,96.0,97.0,,1.7129,1.0854,27895.0,43020.0,29.58,14.11,0,NO,24.9,20.59,,21.78,,,82,0.0,37744,NO,NO,2026-08-21,95700.0
337,SM,34.31,34.75,3346699.0,Energy minerals,Integrated oil,92.0,15.0,92.0,75.0,1.6034,1.3177,3913606.0,4849760.0,41.56,17.45,8160773120,NO,37.28,34.34,27.79,34.8,31.23,,8499,0.0,3525256,NO,NO,2020-04-29,43350900.0
338,BOAT,50.99,53.25,126174.0,ETF,ETF,92.0,85.0,91.0,85.0,1.1056,0.8926,46880.0,118010.0,53.99,29.12,0,NO,50.79,47.0,40.66,48.43,43.27,,1289,0.0,126176,NO,NO,2026-01-30,262000.0
339,LRNZ,69.47,65.493,937.0,ETF,ETF,92.0,92.0,85.0,95.0,1.1655,0.5221,2507.0,2390.0,69.76,37.89,0,NO,62.53,61.81,51.76,62.75,54.78,,1648,1.16,6800,NO,NO,2022-03-15,170500.0
340,CBLL,23.62,24.25,329427.0,Healthcare,Medical Devices,92.0,48.0,93.0,83.0,0.9276,0.9115,402874.0,412200.0,25.63,10.85,906490752,NO,24.2,21.68,20.22,22.1,19.98,,487,0.0,343821,NO,NO,2024-10-11,3571200.0
341,SKM,35.85,35.7,1070479.0,Communication Services,Telecom Services,92.0,8.0,79.0,83.0,1.0714,0.8614,2083153.0,1029180.0,47.18,19.66,13762457600,NO,37.42,35.73,32.01,36.8,35.1,,7607,0.0,1070479,NO,NO,2026-06-01,7801500.0
342,LILAP,20.72,20.65,170372.0,Communication Services,Telecom Services,92.0,63.0,64.0,,0.3099,0.3042,195458.0,60710.0,29.4,11.19,0,NO,20.69,20.32,,20.54,,,79,0.0,170372,NO,NO,2026-06-30,2000600.0
343,BIO,378.88,377.33,177209.0,Healthcare,Medical Devices,92.0,69.0,95.0,92.0,9.4721,9.3879,290536.0,314620.0,396.23,236.73,10130560000,NO,381.1,354.0,305.18,362.71,308.51,,11737,0.0,177209,NO,NO,2024-09-20,5791400.0
344,ENLT,72.51,75.35,89683.0,Utilities,Utilities - Renewable,92.0,11.0,5.0,22.0,2.5098,1.8284,208201.0,231920.0,108.65,28.05,10144459776,NO,75.86,81.68,74.57,79.98,82.77,,933,0.0,106067,NO,NO,2023-02-10,4633700.0
345,AZTA,34.09,33.75,738252.0,Health services,Medical/Nursing services,92.0,12.0,96.0,95.0,1.1057,1.0779,737380.0,865010.0,41.73,15.93,1493428096,NO,32.34,31.21,28.2,32.08,25.91,,7961,0.0,738252,NO,NO,2021-01-06,14554600.0
346,BXC,79.81,75.51,238771.0,Industrials,Industrial Distribution,92.0,25.0,96.0,94.0,4.0932,3.7904,165388.0,155390.0,93.8,44.78,627323904,NO,78.55,73.96,63.39,76.86,61.83,,5477,0.0,238771,NO,NO,2018-03-12,4990600.0
347,ZD,56.75,57.47,530788.0,Communication Services,Advertising Agencies,92.0,80.0,91.0,87.0,1.7321,1.6871,662590.0,921340.0,60.48,22.45,1945799040,NO,56.52,54.86,44.44,55.2,48.74,,6833,0.0,530788,NO,NO,2003-10-21,29652750.0
348,SBLK,30.4,31.73,1688827.0,Transportation,Marine shipping,92.0,69.0,85.0,89.0,0.9864,0.805,1512042.0,1947490.0,32.88,16.72,3528570112,NO,31.15,29.36,25.15,30.23,26.76,,4730,0.0,1688835,NO,NO,2022-02-17,9415600.0
349,FA,20.0,20.49,640133.0,Industrials,Specialty Business Services,91.0,33.0,90.0,96.0,0.7786,0.6979,1946784.0,1381210.0,25.15,8.82,3435074048,NO,20.85,21.06,15.68,21.03,16.87,,1318,0.0,640135,NO,NO,2026-06-15,13837100.0
350,EGO,42.84,42.37,2701124.0,Basic Materials,Gold,91.0,21.0,94.0,87.0,1.8486,1.5089,2761812.0,3477240.0,51.16,24.44,11173114880,NO,43.7,38.56,36.71,40.38,35.41,,5954,0.0,2771643,NO,NO,2020-02-21,20222100.0
351,UNHU,42.82,44.69,1339.0,ETF,ETF,91.0,9.0,4.0,,1.7358,1.1387,3225.0,2530.0,67.11,22.15,0,NO,47.07,50.98,,49.02,,,125,0.0,1339,NO,NO,2026-07-16,57000.0
352,SENEA,179.15,180.86,106210.0,Consumer non-durables,Food: specialty/candy,91.0,15.0,84.0,83.0,6.6252,6.4044,103963.0,87400.0,210.0,99.58,1212927360,NO,191.4,182.26,148.75,184.6,163.37,,7120,0.0,106210,NO,NO,2009-07-16,1543800.0
353,ASML,1744.61,1711.3199,1249115.0,Technology,Semiconductor Equipment & Materials,91.0,63.0,36.0,86.0,55.08,39.3736,1624020.0,1430850.0,1999.96,935.41,670104682496,NO,1687.0,1720.8,1515.5,1726.88,1618.34,,7933,1.14,1249115,NO,NO,1995-03-15,71337728.0
354,ZBIO,29.63,32.55,525074.0,Healthcare,Biotechnology,91.0,13.0,96.0,92.0,1.6189,1.5889,845730.0,746130.0,44.6,13.5,1931186304,NO,32.16,31.56,25.69,31.25,24.91,,507,0.0,525074,NO,NO,2026-01-05,8145100.0
355,SLDE,22.96,24.22,973878.0,Financial Services,Insurance - Property & Casualty,91.0,79.0,94.0,89.0,0.9168,0.8661,1299014.0,1803940.0,26.75,13.26,2681997056,NO,24.37,22.41,19.14,22.69,19.86,,317,0.0,973878,NO,NO,2025-06-18,11950500.0
356,PIT,83.33,82.33,98037.0,ETF,ETF,91.0,89.0,92.0,82.0,1.3368,1.2,49963.0,57390.0,84.67,52.62,0,NO,81.14,77.13,68.62,78.4,73.73,,939,0.29,98037,NO,NO,2026-06-15,435900.0
357,SBFG,30.12,29.88,10685.0,Finance,Regional banks,91.0,95.0,93.0,92.0,1.2686,1.2136,36833.0,16860.0,30.48,18.16,188340128,NO,28.81,27.6,23.42,27.91,24.26,,6972,0.4,10685,NO,NO,2021-06-25,930615.0
358,DIOD,95.51,90.73,327898.0,Technology,Semiconductors,91.0,81.0,7.0,91.0,4.2329,3.8379,620104.0,579800.0,125.99,42.28,4398398464,NO,90.96,91.94,82.35,93.48,92.74,,13510,4.53,327917,NO,NO,2008-12-22,4679400.0
359,ARCB,131.08,129.75,149136.0,Industrials,Trucking,91.0,20.0,13.0,91.0,4.835,4.7086,340788.0,286970.0,176.69,59.43,2929815552,NO,134.82,141.24,117.54,139.2,129.89,,8650,0.0,149136,NO,NO,1992-05-13,9338300.0
360,SUNC,77.3,77.52,366834.0,Distribution services,Wholesale distributors,91.0,72.0,89.0,85.0,2.0671,2.0564,475663.0,555010.0,83.5,47.0,3982279680,NO,79.17,76.73,64.31,77.26,69.24,,219,0.0,366834,NO,NO,2025-11-06,4044700.0
361,SOXY,96.55,95.42,8257.0,ETF,ETF,91.0,92.0,13.0,93.0,2.5109,1.5885,17346.0,11700.0,115.36,54.28,0,NO,89.07,90.83,80.42,91.21,87.61,,451,0.61,8455,NO,NO,2026-02-27,106400.0
362,SMHX,60.36,59.86,59415.0,ETF,ETF,91.0,92.0,28.0,94.0,1.5026,1.0341,74174.0,40820.0,68.36,34.53,0,NO,55.89,56.41,49.01,57.02,53.51,,518,0.0,59415,NO,NO,2025-08-12,845600.0
363,PLXS,263.9,252.36,210549.0,Electronic technology,Electronic production equipment,91.0,93.0,14.0,87.0,7.8504,6.1925,289277.0,227430.0,307.06,132.03,7033488896,NO,245.34,252.61,227.41,253.65,249.9,,10235,4.32,210549,NO,NO,1997-12-18,7320200.0
364,SCSC,58.49,57.29,169175.0,Distribution services,Electronics distributors,91.0,91.0,89.0,94.0,1.7357,1.6921,261588.0,283620.0,66.78,33.76,1178052352,NO,57.25,55.75,45.14,56.26,47.84,,8182,0.47,169175,NO,NO,2002-12-19,8674400.0
365,UFPT,287.38,281.69,83302.0,Process industries,Industrial specialties,91.0,18.0,91.0,93.0,7.7164,7.6425,175131.0,108580.0,338.71,173.86,2225985280,NO,286.88,284.26,240.54,286.77,241.78,,8245,1.49,83307,NO,NO,2006-05-09,2402500.0
366,DHT,21.28,22.45,3740203.0,Energy,Oil & Gas Midstream,91.0,91.0,78.0,78.0,0.8511,0.7789,3495947.0,4607730.0,23.56,10.83,3431092992,NO,20.98,19.56,17.15,20.22,18.58,,5267,0.0,3743056,NO,NO,2020-03-30,14381700.0
367,BMNG,30.78,32.64,486661.0,ETF,ETF,91.0,97.0,98.0,46.0,3.8252,3.014,697773.0,395340.0,347.0,8.39,0,NO,26.61,19.92,34.57,21.78,21.22,,227,0.0,486661,NO,NO,2026-03-25,5053080.0
368,SPHR,135.89,145.14,656283.0,Communication Services,Entertainment,91.0,5.0,8.0,81.0,5.8473,5.4201,688842.0,521360.0,181.63,57.01,4880300032,NO,143.89,148.64,127.04,147.41,139.48,,1621,0.0,656283,NO,NO,2023-12-05,9793100.0
369,ROKU,153.49,154.33,1303992.0,Technology services,Packaged software,91.0,46.0,86.0,94.0,2.1706,2.0234,2842422.0,2377400.0,159.89,78.53,22794899456,NO,155.92,151.69,121.3,153.06,131.15,,2257,0.0,1358290,NO,NO,2022-02-18,66585200.0
370,ATRO,69.14,68.62,517285.0,Industrials,Aerospace & Defense,91.0,8.0,6.0,88.0,3.285,3.0907,687298.0,825450.0,94.46,33.12,2973646592,NO,72.4,74.13,63.56,74.93,67.67,,11724,0.7,517285,NO,NO,2025-09-10,7185830.0
371,ELOX,15.44,17.19,20256.0,Healthcare,Biotechnology,91.0,0.0,92.0,,2.0129,1.94,51807.0,27560.0,23.4,8.2,53039508,NO,16.51,16.05,,16.54,,,73,0.0,20261,NO,NO,2026-06-09,284500.0
372,FBIOP,17.05,17.27,15929.0,Healthcare,Biotechnology,91.0,19.0,7.0,86.0,0.3625,0.3396,10849.0,7750.0,21.43,6.27,0,NO,18.31,18.63,15.21,18.53,17.06,,2224,0.0,15929,NO,NO,2023-08-17,343200.0
373,LNTH,99.97,100.28,865428.0,Healthcare,Drug Manufacturers - Specialty & Generic,91.0,72.0,20.0,88.0,0.4541,0.4432,1358400.0,990960.0,111.86,49.67,6528028672,NO,100.63,101.63,86.61,100.88,95.12,,2827,0.0,865428,NO,NO,2022-10-11,15528900.0
374,TRFK,102.1,101.99,140788.0,ETF,ETF,91.0,92.0,39.0,94.0,2.5182,1.6915,160274.0,136210.0,115.58,58.82,0,NO,95.36,94.15,80.92,95.39,88.21,,1074,0.0,140788,NO,NO,2025-11-20,640500.0
375,NBR,83.02,83.93,161961.0,Energy,Oil & Gas Drilling,91.0,9.0,25.0,22.0,3.7879,3.5764,255506.0,246850.0,112.9,36.66,1261205120,NO,89.48,87.26,81.1,87.87,88.2,,13510,0.0,161967,NO,NO,2020-05-21,4234500.0
376,SU,67.98,67.24,4413984.0,Energy minerals,Integrated oil,91.0,66.0,90.0,48.0,1.7579,1.61,4442141.0,4129590.0,72.06,37.77,79511420928,NO,68.05,65.96,59.41,66.64,63.6,,11724,1.07,4413984,NO,NO,1989-05-25,40988800.0
377,UFCS,53.59,53.44,97350.0,Finance,Property/Casualty insurance,91.0,79.0,78.0,92.0,1.835,1.6986,162268.0,162560.0,56.74,29.74,1377554560,NO,54.5,53.26,43.9,53.78,47.38,,11723,0.22,97350,NO,NO,2001-10-11,4057200.0
378,ARIS,18.89,19.03,2180583.0,Basic Materials,Gold,91.0,11.0,90.0,62.0,0.8678,0.6818,1504912.0,1469420.0,23.29,8.75,3899475456,NO,19.66,17.52,17.79,18.23,17.73,,4012,0.0,2180583,NO,NO,2026-03-20,14336400.0
379,TTMI,125.82,124.02,1322802.0,Electronic technology,Electronic components,91.0,95.0,1.0,83.0,7.25,6.2657,2786401.0,1885840.0,223.83,51.09,13254993920,NO,119.64,125.17,123.19,124.91,138.67,,6536,0.0,1322802,NO,NO,2016-11-17,20793200.0
380,ZLAB,26.44,26.43,791634.0,Healthcare,Biotechnology,91.0,81.0,95.0,93.0,1.0604,0.8857,979511.0,975950.0,34.72,15.96,2968318976,NO,25.64,23.36,20.11,24.13,21.0,,2263,0.0,791634,NO,NO,2023-01-05,5599800.0
381,WXET,22.83,24.0,35958.0,ETF,ETF,91.0,81.0,93.0,80.0,1.4035,1.1032,19920.0,19170.0,28.83,14.52,0,NO,25.05,22.89,19.27,22.91,20.63,,436,0.0,35958,NO,NO,2026-03-12,130900.0
382,FCX,72.58,72.16,8923295.0,Basic Materials,Copper,91.0,26.0,85.0,88.0,3.005,2.3086,14233019.0,11750580.0,80.24,35.15,104226152448,NO,73.57,68.87,62.59,70.24,64.65,,7853,0.0,8923295,NO,NO,2012-12-05,153828000.0
383,FNGG,278.32,283.1,5481.0,ETF,ETF,91.0,92.0,93.0,95.0,6.2761,3.8863,4720.0,3460.0,285.16,139.12,0,NO,264.82,252.4,215.99,257.87,225.64,,1249,0.0,5481,NO,NO,2024-10-11,183800.0
384,SKE,31.53,31.8,415263.0,Basic Materials,Other Industrial Metals & Mining,91.0,11.0,91.0,71.0,1.4286,1.1444,589877.0,405600.0,38.77,15.43,3955839232,NO,32.27,30.7,29.71,31.59,30.2,,6197,0.0,415263,NO,NO,2026-06-18,6109800.0
385,KNCT,207.31,207.99,1226.0,ETF,ETF,91.0,89.0,52.0,92.0,3.2154,1.9255,3247.0,2220.0,219.83,125.61,0,NO,198.59,195.27,170.21,197.29,183.81,,5345,0.0,1226,NO,NO,2010-07-26,574400.0
386,PLTR,191.79,184.99,34908712.0,Technology services,Packaged software,91.0,92.0,97.0,82.0,6.812,6.5749,38438896.0,24551400.0,207.52,106.37,460882575360,NO,177.46,161.65,151.93,166.92,147.99,,1502,0.66,34908712,YES,NO,2024-09-20,450290500.0
387,KOP,46.26,45.61,125131.0,Process industries,Chemicals: specialty,91.0,84.0,80.0,86.0,1.3996,1.3746,182693.0,193810.0,53.0,25.0,874849088,NO,46.31,47.76,39.34,47.51,43.33,,5192,0.81,125131,NO,NO,2006-02-01,5037200.0
388,CBL,53.06,53.51,177209.0,Real Estate,REIT - Retail,91.0,34.0,76.0,91.0,1.2916,1.2245,284396.0,295280.0,60.4,28.04,1641822720,NO,54.47,55.75,45.2,55.84,49.01,,1226,0.0,177350,NO,NO,2022-06-24,3600200.0
389,FIX,1625.9,1632.59,233988.0,Industrials,Engineering & Construction,91.0,55.0,7.0,69.0,69.3757,61.0328,449460.0,345710.0,2073.99,757.0,57222459392,NO,1596.9,1670.0,1529.15,1668.47,1687.41,,7354,0.0,233988,NO,NO,2025-12-19,8010000.0
390,WST,375.87,361.78,875026.0,Health technology,Medical specialties,91.0,90.0,84.0,93.0,8.6064,8.0486,682579.0,706470.0,386.0,223.83,26452135936,NO,350.05,349.72,298.36,348.76,316.97,,11724,2.53,875026,NO,NO,2020-05-21,16495700.0
391,USE,36.33,35.853,1660.0,ETF,ETF,91.0,92.0,94.0,82.0,0.5987,0.2879,3817.0,1350.0,37.72,21.56,0,NO,35.19,33.28,28.99,33.98,31.71,,849,0.49,1660,NO,NO,2026-07-23,165700.0
392,XSD,527.44,524.56,158032.0,ETF,ETF,91.0,90.0,9.0,94.0,15.4707,11.67,105311.0,135720.0,658.14,280.83,0,NO,492.47,504.38,447.67,508.19,493.28,,5189,0.0,158032,NO,NO,2008-01-14,3099800.0
393,CBNA,48.46,47.22,35112.0,Financial Services,Banks - Regional,91.0,89.0,93.0,88.0,2.0954,2.03,21501.0,22240.0,49.48,28.1,317985632,NO,46.43,45.67,38.56,46.23,40.32,,492,0.0,35138,NO,NO,2024-10-04,345100.0
394,CSCL,48.44,53.282,13112.0,ETF,ETF,91.0,11.0,2.0,94.0,2.3811,1.7424,46088.0,35630.0,77.9,23.4,0,NO,52.19,55.95,44.72,54.97,50.78,,313,0.0,13137,NO,NO,2026-08-13,495100.0
395,DE,709.48,684.73,1614668.0,Industrials,Farm & Heavy Construction Machinery,91.0,93.0,90.0,83.0,16.8668,15.1429,1235847.0,1293830.0,721.11,433.0,191293833216,NO,672.3,634.54,579.48,649.1,602.42,,13690,2.53,1620365,NO,NO,2008-05-14,32298200.0
396,HP,39.56,40.29,1080823.0,Energy,Oil & Gas Drilling,91.0,11.0,84.0,45.0,1.6689,1.6161,1291782.0,1181090.0,48.17,21.66,3953584640,NO,43.09,39.85,35.99,40.62,37.67,,11576,0.0,1080829,NO,NO,2020-05-21,33181400.0
397,KB,125.39,129.2,115404.0,Financial Services,Banks - Regional,91.0,90.0,91.0,81.0,3.8957,2.2136,245246.0,139920.0,133.29,77.44,44025196544,NO,127.02,122.1,106.67,123.43,112.19,,6253,0.0,115404,NO,NO,2002-06-19,2766500.0
398,CBRL,47.52,44.87,2832047.0,Consumer Cyclical,Restaurants,91.0,2.0,60.0,95.0,2.4441,2.3755,929428.0,1133440.0,60.26,24.85,1062141376,NO,51.17,53.93,38.08,53.59,42.06,,11309,0.0,2834808,NO,NO,2026-06-10,11347700.0
399,RIOT,24.69,24.93,16424277.0,Technology services,Information technology services,90.0,97.0,12.0,95.0,1.4602,1.3504,18860433.0,16080720.0,30.32,11.5,9265143808,NO,21.3,20.86,19.12,21.28,20.68,,2636,0.0,16708355,YES,NO,2025-07-21,127903700.0
400,SMCI,41.44,41.54,40584266.0,Electronic technology,Computer processing hardware,90.0,96.0,93.0,96.0,2.3829,2.0779,47012133.0,39141040.0,58.78,19.48,26806417408,NO,38.54,34.37,31.72,36.4,32.1,,4903,0.0,40772804,YES,NO,2024-08-28,369735000.0
401,STXL,36.69,33.2,94044.0,ETF,ETF,90.0,95.0,1.0,,3.5162,3.1752,185596.0,129670.0,70.41,18.2,0,NO,30.84,32.78,,33.71,,,105,7.5,94044,NO,NO,2026-04-29,1211700.0
402,EFXT,23.11,22.43,240611.0,Energy,Oil & Gas Equipment & Services,90.0,95.0,14.0,54.0,0.8589,0.8532,581712.0,412910.0,29.15,10.57,2821797632,NO,21.76,21.91,21.43,21.88,23.23,,3842,0.71,240611,NO,NO,2024-04-10,4719300.0
403,BMNR,27.46,28.76,35842514.0,Finance,Financial conglomerates,90.0,95.0,98.0,88.0,1.9204,1.534,40036939.0,45737930.0,65.6,12.8,16564595712,NO,25.11,21.05,22.0,22.0,19.78,,327,0.0,35938199,YES,NO,2025-08-11,147160700.0
404,PRE,22.71,24.34,245766.0,Finance,Financial conglomerates,90.0,95.0,86.0,44.0,1.5347,1.4722,224468.0,192920.0,27.24,11.37,381059168,NO,24.59,21.42,18.96,21.72,19.66,,1302,0.0,245766,NO,NO,2023-01-10,2866573.0
405,BAVA,28.09,30.04,2153.0,ETF,ETF,90.0,98.0,97.0,,1.4085,0.4314,2398.0,10630.0,30.69,16.01,0,NO,21.23,19.18,,20.01,,,111,0.0,2153,NO,NO,2026-04-15,102500.0
406,IOSX,34.85,34.16,18.0,ETF,ETF,90.0,95.0,,,0.7714,0.0243,538.0,120.0,36.08,26.18,0,NO,31.98,31.61,,31.71,,,58,0.0,100,NO,NO,2026-06-30,9300.0
407,ELF,100.78,97.79,1032581.0,Consumer Defensive,Household & Personal Products,90.0,62.0,96.0,91.0,4.4692,4.1339,2344317.0,1528440.0,147.75,48.82,5946825728,NO,101.65,92.8,77.34,96.0,75.49,,2513,0.0,1041364,NO,NO,2025-02-07,23546500.0
408,TRGP,283.01,289.36,1059117.0,Energy,Oil & Gas Midstream,90.0,26.0,74.0,74.0,6.78,6.745,1247304.0,1251430.0,307.94,144.14,60686127104,NO,289.98,281.87,244.37,282.68,264.82,,3971,0.0,1059117,NO,NO,2022-10-11,49033200.0
409,KN,36.73,36.01,532005.0,Electronic technology,Electronic components,90.0,94.0,14.0,92.0,1.1179,0.9814,941066.0,734990.0,42.93,20.57,3137121280,NO,35.13,36.2,31.14,36.4,34.06,,3169,0.0,532396,NO,NO,2014-02-28,18716400.0
410,KARO,64.21,65.43,179919.0,Technology,Software - Application,90.0,75.0,94.0,90.0,2.0371,1.9157,102715.0,64450.0,68.8,41.25,1983658752,NO,65.72,64.19,52.29,64.7,54.85,,1375,0.0,179919,NO,NO,2025-06-12,856900.0
411,PNTG,39.65,38.96,269148.0,Health services,Medical/Nursing services,90.0,83.0,87.0,85.0,1.5187,1.5151,323846.0,498560.0,42.74,22.25,1384937728,NO,38.93,39.53,33.79,39.22,35.55,,1753,0.64,269148,NO,NO,2023-03-17,6678500.0
412,JAZZ,234.88,241.46,792214.0,Healthcare,Biotechnology,90.0,16.0,58.0,86.0,5.8807,5.4004,863003.0,741260.0,266.38,125.79,15247135744,NO,244.92,248.9,209.16,247.53,225.75,,4858,0.0,792214,NO,NO,2009-06-15,27415800.0
413,SKYY,167.54,168.21,297171.0,ETF,ETF,90.0,87.0,93.0,92.0,3.4771,3.0743,266242.0,214860.0,169.41,103.76,0,NO,162.15,153.99,131.46,157.24,135.79,,3826,0.0,297447,NO,NO,2018-03-06,9755100.0
414,VAC,100.85,103.03,325127.0,Consumer Cyclical,Resorts & Casinos,90.0,9.0,66.0,92.0,3.7864,3.435,493344.0,484330.0,131.34,44.58,3468768000,NO,104.36,105.78,79.52,107.31,89.56,,3738,0.0,325176,NO,NO,2018-08-31,7085300.0
415,CROX,124.62,123.69,1366332.0,Consumer Cyclical,Footwear & Accessories,90.0,83.0,63.0,94.0,3.9329,3.6064,1064873.0,1336490.0,141.28,73.21,5974915584,NO,117.71,126.58,105.14,125.23,112.89,,5187,0.19,1366332,NO,NO,2007-11-01,60485700.0
416,ANGO,15.51,15.42,502283.0,Health technology,Medical specialties,90.0,58.0,92.0,92.0,0.5054,0.5032,462968.0,475630.0,16.29,9.39,641065344,NO,15.55,15.14,12.39,15.29,12.78,,5613,0.0,503360,NO,NO,2023-09-15,9137700.0
417,PEB,18.22,18.23,1590707.0,Finance,Real estate investment trusts,90.0,59.0,42.0,92.0,0.5143,0.5086,2188531.0,2182370.0,19.93,9.99,2055994240,NO,18.06,18.47,14.94,18.37,16.3,,4221,0.0,1590707,NO,NO,2023-03-17,29801700.0
418,KALU,156.26,150.94,215239.0,Basic Materials,Aluminum,90.0,81.0,9.0,91.0,6.0329,5.3936,270449.0,218080.0,199.89,73.08,2554708992,NO,157.34,163.63,149.62,162.76,160.07,,5084,0.25,215239,NO,NO,2010-03-24,3730000.0
419,HGER,36.05,35.76,1460802.0,ETF,ETF,90.0,84.0,91.0,81.0,0.3843,0.3211,1410474.0,1333240.0,36.48,24.44,0,NO,35.65,33.96,30.38,34.47,32.19,,1157,0.2,1461020,NO,NO,2026-03-27,10842700.0
420,BOTJ,26.5,26.95,149882.0,Financial Services,Banks - Regional,90.0,51.0,80.0,85.0,0.7193,0.7029,32998.0,30340.0,29.79,14.44,120398480,NO,27.24,27.16,22.78,27.19,24.42,,6567,0.0,149882,NO,NO,2022-08-19,200500.0
421,PR,21.68,21.97,11246988.0,Energy minerals,Integrated oil,90.0,12.0,85.0,52.0,0.7116,0.6233,9826025.0,12090890.0,24.64,11.92,18158237696,NO,23.27,22.0,19.11,22.23,20.66,,2624,0.0,11246988,YES,NO,2024-06-28,79792400.0
422,PBAM,87.25,88.36,108076.0,Finance,Regional banks,90.0,67.0,87.0,85.0,1.7793,1.7643,56858.0,225060.0,92.09,54.45,499566976,NO,89.49,86.1,71.98,87.14,77.28,,3667,0.0,108076,NO,NO,2026-09-18,447700.0
423,BTSG,55.78,55.86,1725573.0,Healthcare,Health Information Services,90.0,27.0,6.0,88.0,2.2179,2.2039,3447215.0,3017980.0,73.75,26.28,11036866560,NO,59.14,62.58,51.43,60.68,56.88,,666,0.0,1725649,NO,NO,2026-07-16,32760800.0
424,BNAV,32.69,33.28,795.0,ETF,ETF,90.0,94.0,,,0.8042,0.3542,5471.0,2870.0,33.28,24.43,0,NO,30.97,,,,,,39,0.0,795,NO,NO,2026-07-29,24800.0
425,BRKRP,439.16,456.63,1773.0,Healthcare,Medical Devices,90.0,71.0,78.0,94.0,17.3582,10.3411,7066.0,8380.0,474.99,256.24,0,NO,427.49,431.81,370.59,431.92,379.66,,264,0.0,1773,NO,NO,2025-09-04,1666700.0
426,FBT,269.22,269.73,39216.0,ETF,ETF,90.0,66.0,88.0,91.0,4.09,3.3764,73173.0,32040.0,274.99,173.98,0,NO,268.23,259.42,224.84,261.19,231.21,,5093,0.0,39220,NO,NO,2016-02-05,17193300.0
427,BBH,240.21,237.72,33653.0,ETF,ETF,90.0,68.0,92.0,88.0,3.5021,2.1314,7749.0,6500.0,244.35,160.91,0,NO,236.63,223.17,199.37,226.63,202.2,,6747,0.0,33653,NO,NO,2002-07-11,13257600.0
428,PI,177.2,184.045,590290.0,Electronic technology,Semiconductors,90.0,91.0,95.0,95.0,8.4074,7.8277,413982.0,430060.0,247.06,87.36,5414241792,NO,173.06,162.35,142.98,167.83,139.26,,2557,0.0,590290,NO,NO,2018-02-02,11711900.0
429,NEM,123.55,123.05,5564159.0,Basic Materials,Gold,90.0,22.0,92.0,84.0,4.1139,3.3632,7867746.0,7630130.0,135.29,76.05,130183684096,NO,126.58,113.71,110.53,117.91,110.28,,11724,0.0,5589901,NO,NO,2023-11-07,98183700.0
430,SOLC,23.18,23.86,22200.0,ETF,ETF,90.0,97.0,97.0,86.0,0.8653,0.5171,4976.0,10550.0,28.66,12.23,0,NO,20.88,17.64,18.42,18.58,16.92,,211,0.0,22200,NO,NO,2026-08-31,30500.0
431,DBC,32.88,32.58,639400.0,ETF,ETF,90.0,89.0,91.0,75.0,0.4843,0.37,926463.0,802900.0,33.78,21.98,0,NO,32.25,30.66,27.79,31.14,29.63,,5189,0.03,639400,NO,NO,2018-01-31,35764200.0
432,PDBC,19.61,19.44,4992384.0,ETF,ETF,90.0,89.0,91.0,75.0,0.2903,0.2156,6802614.0,5346820.0,20.16,13.11,0,NO,19.24,18.29,16.56,18.58,17.68,,2984,0.05,4992384,NO,NO,2026-07-17,64685800.0
433,LQDT,42.72,42.83,142781.0,Consumer Cyclical,Internet Retail,90.0,61.0,84.0,91.0,1.1571,1.0979,226338.0,223200.0,44.09,21.67,1338486784,NO,41.98,41.07,35.23,41.7,37.09,,5175,0.0,142831,NO,NO,2014-04-02,8518000.0
434,FDTX,58.49,57.786,39102.0,ETF,ETF,90.0,91.0,75.0,93.0,1.0184,0.7763,44153.0,31080.0,62.47,34.84,0,NO,54.7,53.64,46.75,54.52,49.72,,823,0.0,39102,NO,NO,2024-02-22,136600.0
435,RSPT,66.45,66.26,531907.0,ETF,ETF,90.0,87.0,78.0,92.0,0.9925,0.8161,633584.0,490590.0,67.49,41.45,0,NO,64.39,63.15,54.69,63.95,58.29,,4998,0.0,532237,NO,NO,2023-05-09,18775000.0
436,STT,179.95,184.4,2230804.0,Finance,Finance/Rental/Leasing,90.0,36.0,67.0,92.0,4.3307,3.9714,1990582.0,2299890.0,195.93,104.64,49432580096,NO,189.28,187.16,152.85,187.69,163.04,,11724,0.0,2230804,NO,NO,2009-01-20,76692600.0
437,NVC,32.19,30.33,53.0,ETF,ETF,90.0,90.0,,,1.1007,0.3143,619.0,350.0,32.83,23.08,0,NO,29.86,29.02,,29.96,,,60,2.51,200,NO,NO,2026-06-26,10100.0
438,LTH,39.67,39.91,5718852.0,Consumer services,Other consumer services,90.0,7.0,73.0,93.0,1.4049,1.3606,3122050.0,3894500.0,47.23,24.14,8864735232,NO,42.15,43.18,33.22,43.03,35.72,,1244,0.0,5755215,NO,NO,2026-03-20,25367600.0
439,PHOS,15.65,17.0,29671.0,n/a,n/a,90.0,4.0,,,1.1986,1.1036,52425.0,50810.0,21.3,10.25,296011168,YES,16.25,,,,,,35,0.0,29671,NO,NO,2026-09-10,150500.0
440,DJCO,659.4,668.25,44648.0,Technology,Software - Application,90.0,93.0,91.0,89.0,24.3664,24.265,56834.0,68600.0,692.5,348.63,908621568,NO,643.92,610.56,551.64,615.44,554.93,,10148,0.0,45152,NO,NO,2025-11-14,871300.0
441,EKG,22.96,22.941,540.0,ETF,ETF,90.0,85.0,93.0,90.0,0.3108,0.173,1806.0,3580.0,23.39,15.71,0,NO,22.1,20.95,18.62,21.33,18.62,,1129,0.0,540,NO,NO,2023-11-29,332700.0
442,TSM,446.57,452.0,10161299.0,Electronic technology,Semiconductors,90.0,92.0,54.0,87.0,10.505,8.4316,12310388.0,10727830.0,479.0,266.82,2316123766784,NO,427.35,418.73,381.64,423.39,402.89,,7283,0.0,10161299,YES,NO,2025-01-27,68667500.0
443,ENTG,150.93,143.14,1897419.0,Producer manufacturing,Industrial machinery,90.0,89.0,11.0,88.0,6.2757,4.6789,2677179.0,2277540.0,186.94,67.97,23062102016,NO,137.42,138.8,129.61,141.29,138.7,,6589,4.63,1897660,NO,NO,2025-03-05,22198800.0
444,BWMN,42.56,42.45,557147.0,Industrials,Engineering & Construction,90.0,70.0,95.0,91.0,0.1668,0.1511,322192.0,340830.0,45.83,25.07,737724480,NO,42.52,36.43,33.23,37.74,32.73,,1350,0.24,557147,NO,NO,2026-08-10,3061000.0
445,SAIC,132.96,133.35,418580.0,Technology services,Information technology services,90.0,87.0,92.0,90.0,3.6279,3.6279,481603.0,466510.0,142.66,81.08,5570710016,NO,129.46,124.34,106.45,126.61,109.91,,3274,0.0,418580,NO,NO,2020-06-26,7374300.0
446,SCL,64.87,61.81,113029.0,Process industries,Chemicals: specialty,90.0,83.0,91.0,90.0,1.7236,1.4993,147147.0,191900.0,68.0,41.82,1473413376,NO,62.27,62.15,54.72,63.01,55.7,,13510,3.79,115442,NO,NO,2008-08-19,1285800.0
447,BTSGU,186.25,188.36,1323.0,Healthcare,Health Information Services,90.0,18.0,6.0,88.0,4.6245,2.427,20825.0,1890.0,255.51,91.86,0,NO,196.44,207.72,170.46,201.17,188.16,,665,0.0,900,NO,NO,2024-12-13,2341300.0
448,DAVE,326.19,350.65,632390.0,Technology,Software - Application,90.0,14.0,61.0,93.0,21.7036,21.2508,444284.0,304250.0,458.25,152.21,4160718848,NO,362.18,372.89,268.52,355.67,298.89,,1359,0.0,643826,NO,NO,2022-07-27,3887050.0
449,BIIB,227.53,219.07,1385989.0,Healthcare,Drug Manufacturers - General,89.0,89.0,87.0,83.0,6.1893,5.5389,1094965.0,1021080.0,229.01,135.39,33618466816,NO,218.45,211.33,193.27,213.92,199.18,,8816,3.59,1494257,NO,NO,2005-02-28,117940000.0
450,AMTB,28.69,29.54,256197.0,Finance,Major banks,89.0,72.0,89.0,89.0,0.8093,0.7854,390755.0,388870.0,30.6,15.62,1124356992,NO,29.17,28.65,23.86,29.12,25.17,,1991,0.0,258673,NO,NO,2019-06-28,2472300.0
451,EXPD,188.03,192.15,945880.0,Industrials,Integrated Freight & Logistics,89.0,73.0,88.0,89.0,3.7457,3.4779,1084722.0,1141900.0,194.59,112.95,24442136576,NO,189.67,183.48,161.25,184.72,165.17,,10578,0.0,945880,NO,NO,2007-10-09,36802800.0
452,WTAI,43.81,43.91,90566.0,ETF,ETF,89.0,90.0,34.0,92.0,1.0596,0.7249,332768.0,172900.0,48.89,26.55,0,NO,41.36,40.9,36.08,41.32,38.78,,1200,0.0,90566,NO,NO,2025-12-17,2709400.0
453,USCI,110.79,109.65,11125.0,ETF,ETF,89.0,88.0,90.0,79.0,1.225,0.875,13857.0,13620.0,111.86,75.87,0,NO,108.52,104.45,93.65,105.62,99.21,,4054,0.25,11205,NO,NO,2012-03-07,5010300.0
454,NAVN,19.66,21.53,4542698.0,Technology,Software - Application,89.0,0.0,15.0,97.0,1.6179,1.2321,3940128.0,7022070.0,30.88,8.11,5119670272,NO,25.06,26.38,18.34,25.56,20.38,,224,0.0,4542772,NO,NO,2026-03-26,21264100.0
455,ZS,214.45,207.13,2551874.0,Technology,Software - Infrastructure,89.0,96.0,97.0,91.0,10.2848,9.2276,2813760.0,3646550.0,336.99,114.62,34967080960,NO,182.35,170.42,167.99,175.79,153.87,,2141,2.84,2551874,NO,NO,2026-05-27,31831500.0
456,DCMT,37.98,37.517,13156.0,ETF,ETF,89.0,90.0,91.0,76.0,0.5153,0.3573,6538.0,11280.0,38.81,26.02,0,NO,37.02,35.11,32.01,35.63,34.03,,662,0.01,13156,NO,NO,2024-02-05,717100.0
457,APLM,23.4,23.91,24923.0,Healthcare,Biotechnology,89.0,36.0,88.0,88.0,1.9029,1.653,23146.0,5840.0,42.12,10.01,68210176,NO,25.07,21.63,18.45,22.42,18.47,,1209,0.0,24923,NO,NO,2024-11-18,16778222.0
458,GRDN,43.26,44.16,440767.0,Healthcare,Medical Care Facilities,89.0,95.0,83.0,71.0,1.9689,1.9689,485287.0,939920.0,48.33,23.14,2740187904,NO,41.84,40.63,36.66,40.99,39.18,,498,0.0,440767,NO,NO,2026-09-18,3205600.0
459,RHI,37.36,36.96,1342687.0,Commercial services,Personnel services,89.0,3.0,93.0,93.0,1.5054,1.4418,2184576.0,1896330.0,46.7,21.83,3824237824,NO,40.65,40.81,30.9,40.41,32.43,,11724,0.0,1342687,NO,NO,2024-06-21,29354100.0
460,PXJ,44.74,45.45,24804.0,ETF,ETF,89.0,38.0,81.0,53.0,0.9432,0.8475,69982.0,25120.0,48.28,25.56,0,NO,46.6,44.56,40.4,45.23,43.0,,5258,0.0,24804,NO,NO,2021-03-15,1641540.0
461,FAI,56.69,56.964,31175.0,ETF,ETF,89.0,89.0,80.0,92.0,0.8566,0.6566,59742.0,21420.0,58.27,35.54,0,NO,54.47,53.03,46.63,53.82,49.27,,458,0.0,31175,NO,NO,2026-06-29,1161800.0
462,IXN,147.75,147.9,132554.0,ETF,ETF,89.0,90.0,76.0,92.0,2.5161,1.8361,404593.0,366610.0,149.83,95.11,0,NO,141.69,138.93,122.48,140.69,129.79,,6245,0.0,132554,NO,NO,2018-07-10,19988400.0
463,PSIL,24.05,24.86,41206.0,ETF,ETF,89.0,18.0,84.0,93.0,0.6786,0.6622,44376.0,34280.0,27.02,15.63,0,NO,25.01,24.75,20.27,24.74,21.47,,1259,0.0,41206,NO,NO,2024-10-16,454700.0
464,RPRX,57.65,58.44,2568320.0,Health technology,Pharmaceuticals: major,89.0,23.0,70.0,85.0,1.575,1.3536,3020817.0,3322660.0,64.38,34.63,33312215040,NO,60.46,59.36,50.31,59.34,54.26,,1575,0.0,2803109,NO,NO,2020-06-16,27619300.0
465,STK,53.7,53.92,45096.0,Miscellaneous,Investment trusts,89.0,89.0,51.0,90.0,1.2777,1.2049,56795.0,48270.0,58.46,32.5,950225280,NO,52.27,51.2,45.78,51.61,48.79,,4229,0.0,45096,NO,NO,2018-01-12,384000.0
466,ATNI,29.08,29.67,68495.0,Communication Services,Telecom Services,89.0,23.0,81.0,48.0,0.9221,0.8864,83885.0,91270.0,33.41,13.86,447929632,NO,30.1,28.29,26.35,29.1,27.34,,8774,0.0,68495,NO,NO,1991-11-14,8504750.0
467,RUSHB,54.82,53.61,63793.0,Retail trade,Specialty stores,89.0,87.0,87.0,88.0,2.1279,2.035,170459.0,369900.0,57.38,31.81,6399161344,NO,51.98,51.92,45.57,52.47,48.08,,7621,1.59,63793,NO,NO,1996-06-07,3476419.0
468,HTEC,43.34,43.147,87897.0,ETF,ETF,89.0,67.0,91.0,89.0,0.6774,0.4988,28230.0,24800.0,43.85,29.75,0,NO,42.31,40.72,36.5,41.26,36.8,,1821,0.0,87897,NO,NO,2022-01-18,377500.0
469,BWIN,31.85,31.89,3522385.0,Financial Services,Insurance Brokers,89.0,70.0,93.0,92.0,0.9593,0.7861,2305536.0,7872610.0,32.7,15.88,3084308736,NO,30.88,29.55,24.05,30.21,24.96,,1736,0.0,3522385,NO,NO,2026-09-14,22670700.0
470,PBOT,34.79,34.555,569.0,ETF,ETF,89.0,90.0,82.0,91.0,0.3246,0.0712,576.0,430.0,35.52,22.52,0,NO,33.06,32.63,28.57,32.94,30.03,,234,0.0,569,NO,NO,2026-04-01,256300.0
471,SUN,75.06,74.42,639702.0,Distribution services,Wholesale distributors,89.0,63.0,87.0,69.0,2.1143,2.0993,495331.0,789760.0,80.22,48.6,14142343168,NO,76.59,75.46,65.76,75.47,69.59,,3520,0.0,639702,NO,NO,2023-12-15,13301300.0
472,SPXL,287.55,294.17,1913919.0,ETF,ETF,89.0,79.0,84.0,93.0,7.645,5.6636,1611504.0,1545690.0,303.18,168.04,0,NO,284.86,282.03,246.82,284.31,256.27,,4497,0.0,1913919,NO,NO,2009-03-11,447939600.0
473,GIC,41.7,40.8,113411.0,Industrials,Industrial Distribution,89.0,89.0,92.0,89.0,0.9059,0.8413,137496.0,149630.0,42.4,26.4,1595487872,NO,39.66,38.08,33.08,38.89,34.27,,7861,0.0,113411,NO,NO,2006-10-12,6703400.0
474,ARMK,55.77,56.48,2255033.0,Industrials,Specialty Business Services,89.0,19.0,67.0,90.0,1.2825,1.2132,2554122.0,2582980.0,62.65,35.07,14702368768,NO,57.46,57.81,47.69,57.8,51.65,,3212,0.0,2255033,NO,NO,2023-03-17,56313269.0
475,NEBX,25.23,27.48,1410411.0,ETF,ETF,89.0,93.0,0.0,96.0,3.4136,3.1615,2706079.0,1917040.0,70.77,6.62,0,NO,24.23,25.34,23.39,25.36,28.04,,262,0.0,1413864,NO,NO,2025-11-11,10629300.0
476,SDRL,46.43,46.58,285163.0,Industrial services,Contract drilling,89.0,54.0,88.0,42.0,1.8965,1.8886,755701.0,659850.0,55.47,28.1,2903799296,NO,48.14,45.97,43.06,46.68,45.54,,987,0.0,296319,NO,NO,2023-06-23,8437100.0
477,BSOL,15.76,16.3,5202773.0,ETF,ETF,89.0,96.0,97.0,88.0,0.7021,0.5025,3150876.0,3563730.0,26.6,8.32,0,NO,14.37,12.14,12.54,12.65,11.52,,227,0.0,5210762,NO,NO,2026-09-18,8920000.0
478,UPRO,150.3,154.07,1571962.0,ETF,ETF,89.0,74.0,84.0,93.0,4.1136,3.0614,1969425.0,1793300.0,158.63,88.15,0,NO,148.81,147.37,129.17,148.73,134.22,,4337,0.0,1579655,NO,NO,2010-07-01,290347200.0
479,ASIC,26.52,27.07,99049.0,Financial Services,Insurance - Property & Casualty,89.0,85.0,91.0,91.0,0.9728,0.9628,77758.0,68770.0,29.0,16.35,1271022208,NO,27.16,25.46,21.53,25.86,22.59,,322,0.0,99049,NO,NO,2025-06-11,3079300.0
480,BBP,104.63,105.21,24795.0,ETF,ETF,89.0,46.0,85.0,86.0,1.9825,1.6379,10284.0,12730.0,110.05,68.05,0,NO,105.89,102.1,89.13,102.55,92.5,,2957,0.0,24795,NO,NO,2016-11-09,252400.0
481,SDCI,31.66,31.3,135718.0,ETF,ETF,89.0,88.0,90.0,79.0,0.3711,0.2844,337715.0,333070.0,31.94,21.97,0,NO,31.0,29.84,26.77,30.19,28.32,,2107,0.1,135718,NO,NO,2025-04-29,2772100.0
482,SOEZ,19.82,20.42,5826.0,ETF,ETF,89.0,97.0,97.0,84.0,0.7462,0.4464,15144.0,15350.0,25.33,10.76,0,NO,17.94,15.19,16.1,15.97,14.71,,201,0.0,5988,NO,NO,2026-08-05,103800.0
483,PBI,16.27,16.54,1509256.0,Technology services,Packaged software,89.0,61.0,23.0,93.0,0.4718,0.4446,1914152.0,1985890.0,19.07,8.95,2230457856,NO,17.12,17.32,13.95,17.05,15.5,,13690,0.0,1509256,NO,NO,2017-02-28,55136600.0
484,PTRN,19.36,20.24,1654694.0,Consumer Cyclical,Internet Retail,89.0,17.0,12.0,95.0,0.8439,0.8414,1925642.0,1877260.0,29.8,8.92,3854607104,NO,20.22,22.2,16.84,20.99,18.61,,253,0.0,1654931,NO,NO,2025-09-19,16625500.0
485,LFUS,422.43,409.54,110875.0,Electronic technology,Electronic production equipment,89.0,84.0,12.0,86.0,14.9179,12.3914,305644.0,230450.0,500.57,233.36,10729192448,NO,411.8,422.51,380.0,426.05,413.32,,8559,1.91,110875,NO,NO,2016-11-28,3396900.0
486,SMFG,25.85,26.67,1043810.0,Finance,Major banks,89.0,86.0,80.0,88.0,0.6121,0.3418,1566753.0,1269380.0,27.62,15.18,163695558656,NO,26.41,25.93,22.61,26.18,23.45,,5195,0.0,1077724,NO,NO,2020-02-27,26621400.0
487,XAIX,59.41,59.81,8321.0,ETF,ETF,89.0,91.0,77.0,91.0,0.7824,0.5554,24714.0,38300.0,61.09,38.33,0,NO,57.1,55.52,49.08,56.24,51.85,,536,0.0,8321,NO,NO,2026-02-13,307400.0
488,SPTE,49.49,49.69,37885.0,ETF,ETF,89.0,90.0,74.0,91.0,0.806,0.5723,53907.0,56860.0,50.75,32.74,0,NO,47.68,46.88,41.69,47.42,44.08,,703,0.0,37885,NO,NO,2026-06-24,444700.0
489,BHP,84.95,86.09,4109715.0,Basic Materials,Other Industrial Metals & Mining,89.0,6.0,65.0,83.0,2.5079,1.7507,2492660.0,2221160.0,98.71,52.18,215898456064,NO,90.3,88.31,78.3,88.64,82.73,,11724,0.0,4111149,NO,NO,2008-11-25,22855281.0
490,NHPBP,25.38,25.33,10604.0,Real Estate,REIT - Healthcare Facilities,89.0,76.0,84.0,90.0,0.1321,0.1211,15784.0,9140.0,25.45,17.0,0,NO,25.32,24.39,21.07,24.74,22.2,,1247,0.16,10604,NO,NO,2021-10-04,722400.0
491,FRDM,71.75,72.79,333284.0,ETF,ETF,89.0,88.0,50.0,86.0,1.4789,0.9771,280807.0,280370.0,76.9,43.77,0,NO,69.93,67.81,62.63,68.62,65.74,,1828,0.0,333284,NO,NO,2026-03-03,1209100.0
492,BWFG,65.46,65.94,57900.0,Financial Services,Banks - Regional,89.0,61.0,86.0,90.0,1.5471,1.5407,76622.0,84340.0,69.59,40.45,521845280,NO,66.57,65.64,54.3,66.64,57.35,,4143,0.0,57900,NO,NO,2021-06-25,928300.0
493,GMAB,34.75,34.69,2509694.0,Healthcare,Biotechnology,89.0,87.0,94.0,89.0,0.7746,0.6818,2252726.0,2120720.0,35.66,23.62,21367863296,NO,33.77,31.64,29.48,32.32,28.63,,4355,0.0,2509694,NO,NO,2026-08-20,6348500.0
494,ELE,20.43,21.72,333082.0,Basic Materials,Gold,89.0,14.0,93.0,70.0,0.9959,0.8316,414542.0,597740.0,26.96,12.58,1566993280,NO,21.32,19.24,18.62,19.97,18.49,,1541,0.0,344527,NO,NO,2026-06-26,5214700.0
495,TXNU,41.5,41.63,2680.0,ETF,ETF,89.0,86.0,3.0,,1.7908,1.3715,20358.0,10540.0,70.29,22.9,0,NO,38.93,42.82,,42.13,,,125,0.0,2680,NO,NO,2026-04-23,220800.0
496,BBY,90.8,93.22,4862863.0,Retail trade,Electronics/Appliance stores,89.0,89.0,90.0,91.0,3.2164,3.1886,3716217.0,3594310.0,96.53,55.1,19043274752,NO,88.72,86.87,72.3,87.32,74.84,,10437,0.0,4862863,NO,NO,1994-12-01,89680500.0
497,PYPU,29.99,30.5,10643.0,ETF,ETF,89.0,0.0,95.0,,1.4536,1.0079,7331.0,5010.0,44.63,19.84,0,NO,33.4,36.78,,35.88,,,125,0.0,10643,NO,NO,2026-07-15,66100.0
498,STLD,234.29,229.99,660022.0,Non-energy minerals,Steel,88.0,84.0,25.0,91.0,8.3171,7.7164,1180263.0,1099810.0,288.74,134.87,33580339200,NO,237.73,243.83,214.45,243.13,228.04,,7503,0.87,660022,NO,NO,2022-12-21,38999600.0
499,LSCC,121.66,117.24,1054274.0,Electronic technology,Semiconductors,88.0,86.0,7.0,88.0,5.3221,4.3857,1812019.0,2078860.0,157.01,60.5,17279404032,NO,114.26,121.8,110.47,121.36,121.17,,9283,0.0,1054342,NO,NO,2016-11-03,33890700.0
500,SLAB,221.25,220.87,199306.0,Technology,Semiconductors,88.0,81.0,54.0,47.0,1.3079,1.2536,344274.0,271660.0,222.49,115.51,7382395904,NO,219.75,218.69,199.34,219.12,215.84,,6663,0.0,199307,NO,NO,2004-07-27,14643300.0
501,JOYY,80.38,79.54,858840.0,Communication Services,Internet Content & Information,88.0,93.0,91.0,90.0,1.7279,1.695,322536.0,377980.0,81.26,54.24,3936490240,NO,76.15,74.38,66.04,75.45,66.75,,3478,0.0,858840,NO,NO,2020-11-18,26438900.0
502,UBR,35.09,33.86,298.0,ETF,ETF,88.0,97.0,90.0,56.0,0.9929,0.3714,1863.0,1040.0,43.88,20.79,0,NO,33.53,31.78,32.9,32.18,33.14,,4118,2.04,1100,NO,NO,2022-04-08,157500.0
503,SMCIP,69.34,68.83,359105.0,Electronic technology,Computer processing hardware,88.0,93.0,90.0,,3.4521,2.8314,898231.0,693500.0,71.0,42.92,0,NO,64.72,58.53,,61.94,,,71,0.0,359105,NO,NO,2026-06-11,50814100.0
504,GTEK,58.77,59.157,31551.0,ETF,ETF,88.0,86.0,34.0,90.0,1.0351,0.6776,18328.0,7650.0,63.22,36.15,0,NO,56.69,56.48,49.84,57.01,53.53,,1259,0.0,31551,NO,NO,2021-09-16,1013200.0
505,SPB,86.48,85.22,168644.0,Consumer Defensive,Household & Personal Products,88.0,67.0,67.0,77.0,2.0118,1.8854,344514.0,281300.0,99.06,49.99,1988659200,NO,87.05,87.97,77.84,88.06,82.93,,12029,0.0,203182,NO,NO,2018-11-19,5876000.0
506,ROG,139.44,129.85,313289.0,Process industries,Chemicals: specialty,88.0,94.0,9.0,90.0,5.2636,4.2711,238525.0,235410.0,169.0,75.14,2491560704,NO,129.12,130.67,120.99,131.73,130.85,,11724,7.23,313897,NO,NO,2022-11-02,4498800.0
507,XLK,195.34,194.85,5821732.0,ETF,ETF,88.0,90.0,77.0,91.0,3.1554,2.4625,8148084.0,7299110.0,198.73,126.68,0,NO,186.72,183.58,162.94,185.81,171.84,,6979,0.0,5821732,NO,NO,2018-10-11,136539000.0
508,EXEL,56.73,57.22,1431532.0,Healthcare,Biotechnology,88.0,88.0,83.0,90.0,1.7079,1.6757,2494396.0,2306740.0,59.72,33.76,14056655872,NO,57.05,55.42,48.43,55.25,50.65,,6647,0.0,1431532,NO,NO,2015-07-20,74607500.0
509,XNTK,381.51,380.65,34728.0,ETF,ETF,88.0,91.0,66.0,92.0,6.9243,5.0429,54168.0,54620.0,392.44,242.73,0,NO,360.67,355.19,316.9,358.95,334.61,,6531,0.0,34728,NO,NO,2001-12-05,5182000.0
510,GEF,84.31,83.32,366303.0,Consumer Cyclical,Packaging & Containers,88.0,34.0,90.0,87.0,2.1271,1.98,288515.0,406040.0,90.57,55.75,4792868352,NO,83.69,83.68,72.72,84.75,73.75,,7691,0.0,366303,NO,NO,2015-03-20,5750600.0
511,KATT,32.39,30.76,4712.0,ETF,ETF,88.0,,,,,,5450.0,5450.0,34.68,19.21,0,NO,,,,,,,10,1.3,4712,NO,NO,2026-09-10,9500.0
512,FMAO,34.58,35.49,33343.0,Financial Services,Banks - Regional,88.0,81.0,89.0,90.0,0.8286,0.7861,79119.0,52640.0,36.12,22.77,476275968,NO,34.89,33.85,28.69,34.35,29.83,,5194,0.0,33343,NO,NO,2022-06-24,1476600.0
513,IVES,41.73,41.45,500744.0,ETF,ETF,88.0,92.0,86.0,91.0,0.6661,0.5307,388752.0,356270.0,42.0,26.92,0,NO,39.59,38.34,34.5,38.88,35.79,,327,0.0,500744,NO,NO,2025-11-20,2291700.0
514,HELX,42.98,42.829,209.0,ETF,ETF,88.0,75.0,90.0,89.0,0.3931,0.0682,2614.0,520.0,43.83,29.8,0,NO,42.24,40.95,36.74,41.35,37.07,,1650,0.0,100,NO,NO,2021-10-04,147500.0
515,AVBP,30.3,29.74,1206018.0,Healthcare,Biotechnology,88.0,87.0,12.0,90.0,1.3439,1.3032,530471.0,625230.0,35.83,17.0,1494024064,NO,29.78,30.21,27.13,30.03,29.14,,666,0.0,1206018,NO,NO,2024-09-20,4315400.0
516,RXL,59.01,59.32,6904.0,ETF,ETF,88.0,19.0,90.0,88.0,1.2093,0.8614,15371.0,6610.0,64.6,39.32,0,NO,59.52,57.97,51.67,58.37,51.51,,4941,0.0,6904,NO,NO,2010-06-21,5489600.0
517,EPC,27.08,27.08,630939.0,Consumer non-durables,Household/Personal care,88.0,27.0,65.0,91.0,0.9018,0.8782,686600.0,686050.0,29.95,15.73,1248087808,NO,27.75,28.0,22.46,27.93,24.07,,6662,0.0,662227,NO,NO,2011-02-01,12842345.0
518,NBIL,24.58,26.81,2738422.0,ETF,ETF,88.0,93.0,0.0,96.0,3.3642,3.0999,3804846.0,3925920.0,68.49,6.37,0,NO,23.61,24.66,22.64,24.68,27.19,,242,0.0,2770341,NO,NO,2026-08-12,11337100.0
519,TXN,272.62,270.87,5549469.0,Electronic technology,Semiconductors,88.0,86.0,11.0,92.0,8.2857,7.6564,7477053.0,7203640.0,334.03,152.73,248969576448,NO,261.61,272.56,244.85,271.04,265.26,,13690,0.23,5549469,NO,NO,1987-09-16,136944000.0
520,BOW,33.84,33.78,198640.0,Financial Services,Insurance - Property & Casualty,88.0,79.0,90.0,93.0,0.1136,0.11,328863.0,335570.0,35.07,21.21,1114791296,NO,33.66,32.79,27.57,33.07,28.45,,584,0.09,198640,NO,NO,2024-05-23,3335800.0
521,XBI,155.2,158.23,13066152.0,ETF,ETF,88.0,21.0,75.0,86.0,4.175,3.8964,8619752.0,8529580.0,169.89,95.74,0,NO,160.8,157.55,137.48,157.23,142.83,,5189,0.0,13066152,YES,NO,2025-04-09,36123800.0
522,CARE,29.93,30.7,200479.0,Financial Services,Banks - Regional,88.0,33.0,16.0,92.0,0.8107,0.79,370731.0,289450.0,36.06,16.78,693296512,NO,31.21,32.32,26.02,32.09,28.51,,4912,0.0,200479,NO,NO,2019-06-28,2743100.0
523,IYW,264.52,264.46,518343.0,ETF,ETF,88.0,91.0,81.0,91.0,3.785,3.0514,549053.0,580470.0,266.68,172.54,0,NO,252.66,248.32,221.15,251.01,231.95,,6624,0.0,518343,NO,NO,2015-02-02,52116000.0
524,DBX,34.22,36.01,5093550.0,Technology,Software - Infrastructure,88.0,66.0,93.0,91.0,1.3279,1.0804,4036217.0,5280880.0,38.17,21.7,7440886784,NO,35.58,33.78,28.01,34.22,28.88,,2136,0.0,5096423,NO,NO,2018-03-23,56108700.0
525,GLW,154.48,159.69,5517540.0,Technology,Electronic Components,88.0,90.0,3.0,50.0,8.6653,6.8353,12679541.0,9201460.0,271.78,77.05,132796850176,NO,152.98,153.22,148.17,154.07,164.71,,11272,0.0,5517540,NO,NO,2002-07-31,244754000.0
526,JHX,26.85,26.65,10560115.0,Basic Materials,Building Materials,88.0,7.0,83.0,90.0,1.1279,1.0729,8775234.0,18287370.0,31.43,16.46,15587028992,NO,28.49,28.24,23.67,28.6,24.23,,6269,0.0,10560115,YES,NO,2025-08-20,71251500.0
527,PMTL,25.12,25.7,47.0,ETF,ETF,88.0,23.0,,,0.4893,0.0864,1462.0,1120.0,28.12,19.88,0,NO,26.45,,,24.78,,,42,0.0,100,NO,NO,2026-07-28,12000.0
528,HOOD,122.7,124.25,18946194.0,Financial Services,Capital Markets,88.0,96.0,92.0,95.0,7.2036,6.3361,22230020.0,24002540.0,153.86,63.52,110317395968,NO,113.61,103.87,94.77,105.99,92.13,,1294,0.0,19001709,YES,NO,2025-09-19,202388400.0
529,LEGH,28.94,28.59,83475.0,Consumer durables,Homebuilding,88.0,79.0,88.0,93.0,0.8406,0.8035,105595.0,78440.0,31.34,18.29,688281152,NO,27.98,27.7,23.32,28.14,24.57,,1952,0.49,83480,NO,NO,2018-12-14,2784200.0
530,GRMN,287.58,280.31,584873.0,Technology,Scientific & Technical Instruments,88.0,47.0,91.0,79.0,6.2229,5.9993,932711.0,923640.0,314.28,186.67,55461584896,NO,279.92,280.63,243.01,285.93,255.9,,6483,1.23,584873,NO,NO,2006-08-02,31320800.0
531,GTX,25.5,26.4,1906934.0,Consumer Cyclical,Auto Parts,88.0,33.0,3.0,91.0,0.8689,0.7693,2703738.0,2637800.0,36.25,12.26,4773306880,NO,26.8,28.69,24.41,28.22,27.15,,2014,0.0,1906934,NO,NO,2020-09-24,34688500.0
532,XLVX,32.68,32.71,582.0,ETF,ETF,88.0,20.0,90.0,,0.505,0.125,1961.0,1100.0,35.56,25.4,0,NO,32.88,32.07,,32.28,,,77,0.0,582,NO,NO,2026-06-26,43100.0
533,BBVA,28.09,28.91,1141768.0,Finance,Major banks,88.0,40.0,86.0,87.0,0.5939,0.3525,1385576.0,1235590.0,29.64,17.9,155009204224,NO,28.93,28.0,24.31,28.45,24.69,,9511,0.0,1141768,NO,NO,2019-06-21,37740500.0
534,EZPW,30.19,30.11,406413.0,Financial Services,Credit Services,88.0,21.0,17.0,71.0,1.0629,1.0571,1009307.0,742800.0,37.13,16.5,1854975616,NO,32.35,31.08,28.15,30.86,30.73,,8830,0.0,406414,NO,NO,2006-10-13,12390000.0
535,NHP,16.18,16.32,1335071.0,Real Estate,REIT - Healthcare Facilities,88.0,31.0,84.0,,0.4618,0.4532,710146.0,760080.0,17.46,11.25,1179601024,NO,16.18,16.14,,16.18,,,106,0.0,1335071,NO,NO,2026-04-22,9885200.0
536,DAT,52.01,50.774,1877.0,ETF,ETF,88.0,87.0,93.0,92.0,1.0035,0.2437,1917.0,530.0,52.58,31.88,0,NO,49.8,47.8,41.97,48.61,42.24,,1249,1.47,1877,NO,NO,2024-04-29,72000.0
537,STXE,51.14,52.021,3601.0,ETF,ETF,88.0,84.0,42.0,85.0,1.0789,0.6353,10569.0,11660.0,55.39,32.08,0,NO,50.48,48.93,44.68,49.53,47.27,,914,0.0,3601,NO,NO,2023-01-31,4005600.0
538,TTE,91.67,89.85,2113606.0,Energy minerals,Integrated oil,88.0,84.0,88.0,37.0,1.6,1.3829,1590515.0,1256960.0,94.17,57.39,202502242304,NO,90.02,87.77,82.07,88.8,87.1,,8789,0.0,2113606,NO,NO,2012-03-27,27055300.0
539,PAG,209.66,212.16,282002.0,Retail trade,Specialty stores,88.0,40.0,89.0,92.0,2.87,2.6029,394461.0,376890.0,227.0,140.12,13766878208,NO,216.35,214.84,177.02,216.28,183.51,,7525,0.0,282002,NO,NO,2002-03-13,9297600.0
540,UVE,42.47,43.62,146917.0,Financial Services,Insurance - Property & Casualty,88.0,75.0,77.0,83.0,0.9804,0.8819,207496.0,145560.0,45.15,25.05,1181955200,NO,43.85,42.8,37.05,43.35,39.5,,5861,0.0,146946,NO,NO,2015-11-17,9240400.0
541,XOP,182.65,184.75,5070986.0,ETF,ETF,88.0,37.0,89.0,41.0,4.7936,4.1586,3082596.0,3801660.0,200.89,122.11,0,NO,190.61,181.3,161.75,183.35,172.65,,5094,0.0,5070986,NO,NO,2020-04-09,36283300.0
542,EPOL,44.58,45.67,497134.0,ETF,ETF,88.0,75.0,87.0,85.0,0.7296,0.3761,414985.0,398820.0,46.03,31.27,0,NO,44.69,43.53,39.12,44.0,40.3,,4106,0.0,497160,NO,NO,2025-08-21,2401800.0
543,TTEQ,44.4,45.109,84065.0,ETF,ETF,88.0,93.0,71.0,92.0,0.8507,0.5545,103782.0,74790.0,45.76,28.69,0,NO,42.13,41.39,37.3,41.79,39.29,,479,0.0,84065,NO,NO,2026-05-28,946200.0
544,AMG,366.17,364.66,259747.0,Finance,Investment managers,88.0,85.0,71.0,88.0,10.9429,10.4886,277373.0,278880.0,392.92,230.1,9469131776,NO,360.24,362.98,319.69,364.4,328.06,,7251,0.0,265262,NO,NO,2019-12-20,8956800.0
545,BELFB,254.08,243.46,210898.0,Electronic technology,Electronic components,88.0,67.0,10.0,75.0,9.6673,8.1959,242246.0,143900.0,335.29,129.94,3668775424,NO,244.51,263.17,240.46,262.08,258.19,,7094,2.83,210898,NO,NO,2021-08-02,2749000.0
546,PCVX,56.49,58.92,1650386.0,Health technology,Biotechnology,88.0,10.0,81.0,33.0,2.2443,2.1936,1299031.0,1503850.0,65.0,31.89,8406754304,NO,59.92,58.42,54.66,58.26,56.07,,1577,0.0,1650386,NO,NO,2022-10-24,14494400.0
547,EPU,91.57,91.14,27591.0,ETF,ETF,88.0,46.0,81.0,76.0,1.5432,1.1675,40868.0,29170.0,95.28,59.08,0,NO,91.71,89.43,83.96,90.24,85.11,,4340,0.0,27603,NO,NO,2011-01-27,3119800.0
548,GRPN,20.04,22.05,1506960.0,Communication Services,Internet Content & Information,87.0,84.0,90.0,95.0,1.0939,0.9939,1496892.0,1427720.0,29.9,9.17,814932544,NO,19.16,22.51,17.47,21.58,18.43,,3740,0.0,1506960,NO,NO,2020-08-07,38209900.0
549,EMBJ,75.43,77.02,1435340.0,Industrials,Aerospace & Defense,87.0,66.0,92.0,86.0,2.1077,2.0441,1152112.0,1199730.0,80.75,53.56,13423389696,NO,74.22,71.98,66.6,72.99,64.9,,6581,0.0,1440978,NO,NO,2017-12-21,16914800.0
550,PAGP,26.69,27.33,1287757.0,Industrial services,Oil & gas pipelines,87.0,67.0,84.0,61.0,0.5232,0.5057,1528993.0,1696420.0,28.7,16.68,6218781696,NO,27.84,26.68,23.54,26.84,24.98,,3252,0.0,1287757,NO,NO,2013-10-16,19753200.0
551,JAKK,24.42,24.28,31673.0,Consumer Cyclical,Leisure,87.0,34.0,82.0,81.0,0.6629,0.6429,92555.0,52020.0,27.22,14.87,279487200,NO,24.6,24.97,21.52,25.04,23.0,,7646,0.0,31673,NO,NO,2020-11-03,22241500.0
552,NE,44.62,44.2,747781.0,Energy,Oil & Gas Drilling,87.0,38.0,77.0,11.0,1.6978,1.6696,1495628.0,1262210.0,54.98,26.7,7123235840,NO,45.53,43.89,42.62,44.33,45.63,,1328,0.0,747895,NO,NO,2025-09-19,25673700.0
553,PGC,44.38,45.17,150718.0,Finance,Regional banks,87.0,46.0,30.0,86.0,0.9393,0.9014,190523.0,134350.0,49.14,24.71,786766528,NO,45.39,45.84,39.09,45.74,42.74,,6894,0.0,150718,NO,NO,2014-10-29,1283800.0
554,PXE,39.89,40.32,17475.0,ETF,ETF,87.0,38.0,88.0,46.0,0.935,0.7907,21646.0,25710.0,44.01,27.21,0,NO,41.67,39.59,35.27,40.06,37.56,,5258,0.0,17475,NO,NO,2021-03-08,1863000.0
555,KIDS,22.33,22.35,99032.0,Health technology,Medical specialties,87.0,6.0,91.0,90.0,0.8957,0.8857,214317.0,228640.0,26.74,14.42,583031552,NO,22.71,22.28,18.78,22.45,19.28,,2246,0.0,99032,NO,NO,2020-12-02,1051400.0
556,LLYX,24.4,24.95,225105.0,ETF,ETF,87.0,3.0,60.0,91.0,1.113,1.0173,351836.0,213910.0,31.19,12.18,0,NO,24.62,25.92,23.1,25.56,22.8,,532,0.0,227110,NO,NO,2025-08-07,17207100.0
557,RRBI,100.56,101.615,69427.0,Finance,Regional banks,87.0,64.0,84.0,62.0,2.0805,2.0237,75698.0,65260.0,104.87,61.6,662064768,NO,101.94,100.94,90.2,101.47,94.91,,1857,0.0,69427,NO,NO,2019-12-20,519900.0
558,ARXS,51.16,51.21,957441.0,Industrials,Aerospace & Defense,87.0,35.0,85.0,,2.3421,2.3336,878266.0,971010.0,61.5,33.15,22041075712,NO,51.84,51.15,,52.9,,,110,0.0,957441,NO,NO,2026-04-16,19256400.0
559,JNJ,269.17,269.47,6367168.0,Healthcare,Drug Manufacturers - General,87.0,68.0,85.0,66.0,5.4321,4.945,7322926.0,6383010.0,281.07,175.74,648672378880,NO,269.53,263.76,239.3,265.76,247.44,,16289,0.0,6367168,NO,NO,2023-08-21,151319500.0
560,FBL,33.77,33.51,1477989.0,ETF,ETF,87.0,98.0,97.0,87.0,2.1343,1.8261,1255360.0,1331130.0,46.78,17.43,0,NO,25.02,23.59,27.11,23.69,24.9,,946,0.0,1478064,NO,NO,2025-10-30,16201300.0
561,NBCM,31.57,31.44,72448.0,ETF,ETF,87.0,86.0,89.0,73.0,0.3436,0.2722,82815.0,97350.0,32.52,22.13,0,NO,31.25,29.91,27.45,30.28,28.92,,981,0.06,72448,NO,NO,2023-02-01,1474800.0
562,BBC,46.65,48.686,34198.0,ETF,ETF,87.0,5.0,26.0,72.0,1.5075,1.345,21284.0,15490.0,56.18,25.59,0,NO,51.51,51.53,45.05,50.99,46.87,,2957,0.0,34198,NO,NO,2018-07-30,536100.0
563,CCSI,35.8,35.58,94870.0,Technology,Software - Infrastructure,87.0,16.0,76.0,87.0,1.6673,1.6021,162804.0,154460.0,41.4,20.2,656032192,NO,36.66,36.98,30.05,36.66,32.83,,1249,0.0,94870,NO,NO,2021-10-08,4243100.0
564,CVLT,149.43,145.72,480429.0,Technology,Software - Application,87.0,94.0,90.0,96.0,5.5689,5.2375,649287.0,616260.0,196.88,71.75,6193060864,NO,137.89,137.8,114.47,137.31,118.37,,5030,0.94,480429,NO,NO,2006-09-22,8587700.0
565,CRM,237.58,236.42,11444068.0,Technology,Software - Application,87.0,95.0,96.0,81.0,8.8629,7.5736,14028544.0,12900610.0,269.11,146.32,195528343552,NO,246.0,209.72,201.57,218.43,191.28,,5598,0.0,11560689,YES,NO,2008-09-12,87332400.0
566,HBT,35.11,35.69,131541.0,Financial Services,Banks - Regional,87.0,55.0,85.0,88.0,0.6856,0.6524,154526.0,134220.0,37.51,22.36,1276796672,NO,36.02,35.46,29.85,35.84,31.18,,1745,0.0,131541,NO,NO,2019-10-11,3754600.0
567,EMDM,42.84,43.518,2239.0,ETF,ETF,87.0,80.0,52.0,81.0,0.6988,0.3444,12982.0,13760.0,45.03,27.78,0,NO,42.6,41.37,38.46,41.77,40.26,,892,0.0,2274,NO,NO,2026-07-20,112300.0
568,SLVP,37.49,38.06,213813.0,ETF,ETF,87.0,14.0,91.0,66.0,1.4999,1.1613,273852.0,215160.0,50.15,24.7,0,NO,39.44,35.93,36.66,37.04,35.59,,3680,0.0,213971,NO,NO,2026-01-26,3479600.0
569,GXPT,35.12,35.18,10654.0,ETF,ETF,87.0,90.0,82.0,90.0,0.4614,0.3281,149723.0,22870.0,35.42,23.64,0,NO,33.77,33.14,29.73,33.57,31.01,,294,0.0,10654,NO,NO,2026-03-27,5322500.0
570,SEI,67.43,69.09,1826796.0,Industrial services,Oilfield services/Equipment,87.0,97.0,8.0,57.0,4.7264,3.6149,3070217.0,3259400.0,86.19,35.4,6785235456,NO,59.74,58.73,60.59,58.94,64.53,,2353,0.0,1826796,NO,NO,2025-10-07,12906400.0
571,ETHA,20.21,20.76,38291356.0,ETF,ETF,87.0,92.0,97.0,85.0,0.8139,0.626,37456795.0,51624660.0,36.04,11.53,0,NO,18.96,16.51,17.11,17.12,15.79,,545,0.0,38291356,YES,NO,2025-08-22,135662400.0
572,EMXC,100.43,102.09,1990254.0,ETF,ETF,87.0,85.0,52.0,84.0,1.8221,1.1035,2166630.0,1695460.0,107.12,66.62,0,NO,99.23,96.22,88.53,97.34,93.14,,2302,0.0,1990276,NO,NO,2025-05-20,58238900.0
573,GPRE,15.11,14.85,1090229.0,Basic Materials,Chemicals,87.0,18.0,73.0,24.0,0.61,0.6021,1489485.0,1645950.0,19.65,8.65,1059140352,NO,14.97,15.84,14.61,15.56,15.94,,5163,0.0,1090229,NO,NO,2025-03-21,14644500.0
574,PTH,60.59,61.52,35599.0,ETF,ETF,87.0,36.0,83.0,86.0,1.225,1.115,63088.0,41970.0,64.1,41.71,0,NO,61.52,60.51,53.37,60.51,54.88,,5016,0.0,35599,NO,NO,2016-02-01,4980000.0
575,XLE,62.37,61.78,36479755.0,ETF,ETF,87.0,59.0,88.0,36.0,1.3686,1.1793,29550541.0,36428000.0,66.17,42.35,0,NO,64.0,61.53,55.98,62.08,58.79,,6980,0.64,36479755,YES,NO,2020-11-09,198713400.0
576,CARZ,108.86,109.57,1211.0,ETF,ETF,87.0,83.0,24.0,88.0,1.6247,0.7905,4188.0,5520.0,123.17,70.12,0,NO,106.02,105.56,97.05,106.2,103.19,,3865,0.0,1211,NO,NO,2017-02-13,296500.0
577,TSIB,29.96,29.44,119.0,ETF,ETF,87.0,79.0,,,0.6871,0.1355,446.0,550.0,30.3,24.21,0,NO,28.79,,,,,,39,0.0,119,NO,NO,2026-08-12,2200.0
578,FETH,26.67,27.4,5017454.0,ETF,ETF,87.0,92.0,97.0,85.0,1.0636,0.8139,2016407.0,2948430.0,47.54,15.22,0,NO,25.03,21.79,22.58,22.6,20.84,,545,0.0,5017454,NO,NO,2025-11-17,16113400.0
579,PSCT,81.01,80.23,13619.0,ETF,ETF,87.0,86.0,23.0,88.0,1.4021,1.1193,41687.0,62760.0,92.45,51.14,0,NO,77.96,79.57,71.58,79.76,76.52,,4141,0.62,13619,NO,NO,2015-08-20,5811600.0
580,NDSN,321.42,314.35,372243.0,Industrials,Specialty Industrial Machinery,87.0,40.0,83.0,78.0,5.8507,4.9025,378184.0,384220.0,339.12,220.47,17902891008,NO,317.53,309.34,283.51,313.5,291.8,,11723,1.29,373452,NO,NO,2022-02-14,12875500.0
581,ZYME,27.5,26.81,566108.0,Healthcare,Biotechnology,87.0,34.0,87.0,66.0,1.123,1.033,622185.0,741700.0,31.34,15.81,1966504064,NO,27.94,25.75,25.08,25.99,25.27,,2363,0.0,566108,NO,NO,2022-04-29,36641400.0
582,PK,15.07,15.15,2061539.0,Finance,Real estate investment trusts,87.0,32.0,71.0,92.0,0.3924,0.3867,4351888.0,2972170.0,16.2,9.84,3034168576,NO,15.34,15.14,12.53,15.19,13.22,,2442,0.0,2061539,NO,NO,2019-09-17,42330600.0
583,SII,125.34,128.0,143502.0,Financial Services,Asset Management,87.0,27.0,83.0,10.0,5.2329,4.695,181984.0,123610.0,169.63,76.98,3225333760,NO,129.89,119.5,124.82,122.15,127.43,,4172,0.0,143502,NO,NO,2025-04-16,841100.0
584,FIVE,227.41,236.14,1392933.0,Consumer Cyclical,Specialty Retail,87.0,12.0,91.0,26.0,11.635,11.2932,1146198.0,1193400.0,263.88,137.77,12519838720,NO,243.88,230.87,212.89,235.97,220.58,,3564,0.0,1392933,NO,NO,2020-01-13,16786700.0
585,AMGN,406.09,393.16,2761092.0,Health technology,Biotechnology,87.0,16.0,88.0,71.0,12.01,9.0736,2671373.0,3471720.0,447.03,269.77,219545239552,NO,409.33,401.78,360.93,406.54,368.83,,10901,0.0,2809317,NO,NO,1998-12-21,309017200.0
586,CBC,31.37,31.81,1192339.0,Financial Services,Banks - Regional,87.0,54.0,80.0,89.0,0.7168,0.7132,983641.0,2408030.0,33.82,22.5,7513276416,NO,32.15,32.3,27.36,32.38,28.89,,208,0.0,1194839,NO,NO,2026-09-18,7571800.0
587,HNI,47.16,46.21,586872.0,Consumer Cyclical,"Furnishings, Fixtures & Appliances",87.0,33.0,95.0,86.0,1.2736,1.1814,627225.0,636840.0,52.79,28.93,3404093696,NO,47.72,46.44,41.25,47.33,39.71,,11724,0.0,586872,NO,NO,2021-02-12,8700000.0
588,PAA,24.44,24.99,1529324.0,Industrial services,Oil & gas pipelines,87.0,66.0,84.0,61.0,0.4943,0.4846,2413119.0,2935300.0,26.39,15.69,17244045312,NO,25.53,24.62,21.84,24.76,23.09,,7002,0.0,1529324,NO,NO,2020-03-20,24882700.0
589,GNK,26.44,27.83,455671.0,Industrials,Marine Shipping,87.0,69.0,77.0,76.0,0.9269,0.7858,498068.0,626020.0,28.42,15.55,1152429824,NO,26.97,26.18,23.32,26.53,24.64,,3066,0.0,455671,NO,NO,2016-10-06,6988800.0
590,SHEH,70.18,68.215,5655.0,ETF,ETF,87.0,89.0,90.0,46.0,1.0686,0.6966,7285.0,5050.0,71.58,50.34,0,NO,68.07,65.85,61.19,66.75,64.0,,491,1.37,5655,NO,NO,2025-06-25,204900.0
591,SNEX,67.78,67.48,1002449.0,Financial Services,Capital Markets,87.0,63.0,2.0,92.0,2.1111,2.0625,1102198.0,912850.0,94.66,36.45,8175401984,NO,68.4,70.07,63.47,69.55,69.92,,7940,0.0,1002529,NO,NO,2006-12-21,12345413.0
592,GRC,75.25,73.75,163650.0,Industrials,Specialty Industrial Machinery,87.0,37.0,9.0,80.0,2.2743,2.09,195893.0,240130.0,92.78,42.31,1987370880,NO,74.46,78.27,69.04,78.01,75.05,,11724,0.52,163650,NO,NO,2006-12-28,1430664.0
593,FMED,31.59,31.932,3439.0,ETF,ETF,87.0,43.0,90.0,87.0,0.4889,0.3998,7222.0,9300.0,32.89,23.48,0,NO,31.72,30.43,27.19,30.66,27.33,,823,0.0,3439,NO,NO,2026-05-06,571200.0
594,SHEL,95.41,93.93,5253204.0,Energy,Oil & Gas Integrated,87.0,84.0,91.0,41.0,1.7518,1.4996,6323522.0,5694925.0,99.16,68.62,272288284672,NO,94.17,91.35,84.42,92.32,88.14,,10717,0.27,5253204,NO,NO,1993-05-14,723387184.0
595,BNS,92.25,95.35,1228785.0,Financial Services,Banks - Diversified,87.0,89.0,78.0,89.0,1.6325,1.4854,2370366.0,1754210.0,95.74,62.98,112437059584,NO,93.18,90.31,79.73,90.87,82.44,,6112,0.0,1235789,NO,NO,2026-07-06,10265600.0
596,ELIL,27.53,28.159,30994.0,ETF,ETF,87.0,3.0,62.0,92.0,1.1501,1.0105,94398.0,41210.0,35.13,14.58,0,NO,27.78,29.23,25.89,28.84,25.64,,374,0.0,30994,NO,NO,2025-08-07,1728500.0
597,XBIX,34.79,36.21,5573.0,ETF,ETF,87.0,5.0,76.0,,1.0259,0.2437,1096.0,750.0,42.22,25.13,0,NO,37.64,36.59,,36.28,,,77,0.0,5573,NO,NO,2026-06-26,30300.0
598,HRMY,40.48,42.1,1080580.0,Healthcare,Biotechnology,86.0,90.0,89.0,92.0,1.3071,1.3057,905123.0,1272770.0,43.49,25.52,2357409024,NO,41.24,38.66,34.6,39.07,33.88,,1530,0.0,1080580,NO,NO,2023-03-28,12383000.0
599,SA,31.2,30.92,409912.0,Non-energy minerals,Precious metals,86.0,86.0,87.0,79.0,1.3936,1.1386,645055.0,479690.0,40.06,21.1,3365582080,NO,31.55,29.78,30.39,30.4,29.61,,5642,0.0,410688,NO,NO,2025-03-03,11394700.0
600,KEMX,51.71,52.785,7519.0,ETF,ETF,86.0,85.0,51.0,84.0,0.8327,0.3739,8565.0,4740.0,54.91,34.23,0,NO,51.46,50.01,45.67,50.47,48.02,,1871,0.0,7519,NO,NO,2022-05-25,479800.0
601,PIE,33.85,34.44,22656.0,ETF,ETF,86.0,83.0,69.0,86.0,0.655,0.4639,84787.0,19930.0,35.17,22.58,0,NO,33.66,32.51,29.35,32.91,31.01,,4707,0.0,22656,NO,NO,2011-08-08,1961800.0
602,SMRI,45.88,46.788,27389.0,ETF,ETF,86.0,24.0,86.0,87.0,0.6223,0.4684,16909.0,16690.0,50.48,33.63,0,NO,47.99,46.28,39.88,46.73,41.52,,758,0.0,27389,NO,NO,2023-09-15,370000.0
603,HRTG,33.07,34.15,248285.0,Financial Services,Insurance - Property & Casualty,86.0,49.0,94.0,82.0,1.1054,0.9529,329301.0,305900.0,36.5,20.48,983251008,NO,34.33,32.06,27.64,32.76,27.94,,3101,0.0,248285,NO,NO,2017-08-11,5637900.0
604,RSST,35.79,35.375,120352.0,ETF,ETF,86.0,90.0,84.0,85.0,0.3518,0.3301,123571.0,137660.0,35.8,25.41,0,NO,34.35,33.69,31.44,34.06,32.31,,764,0.27,120362,NO,NO,2025-06-12,1014600.0
605,GSL,44.54,45.59,356692.0,Industrials,Marine Shipping,86.0,81.0,86.0,71.0,0.955,0.8589,310079.0,271190.0,46.57,27.28,1605018112,NO,45.26,43.7,39.38,44.35,40.62,,4553,0.0,356692,NO,NO,2022-03-02,3415800.0
606,SEA,19.78,20.59,21104.0,ETF,ETF,86.0,48.0,88.0,76.0,0.3316,0.2492,20049.0,48220.0,20.88,13.37,0,NO,20.07,19.16,17.11,19.46,17.86,,1172,0.0,21104,NO,NO,2026-03-06,418800.0
607,EET,111.17,115.48,1250.0,ETF,ETF,86.0,76.0,33.0,87.0,3.1294,1.2544,10707.0,10510.0,129.02,72.11,0,NO,110.96,107.2,100.48,108.66,104.84,,4352,0.0,1250,NO,NO,2019-02-25,247700.0
608,PSTL,23.4,23.62,249645.0,Real Estate,REIT - Office,86.0,83.0,46.0,85.0,0.575,0.5596,347830.0,526600.0,25.22,14.25,931330624,NO,23.64,23.45,20.9,23.37,22.44,,1849,0.0,249645,NO,NO,2021-06-25,1854400.0
609,DGX,233.0,244.88,1116695.0,Healthcare,Diagnostics & Research,86.0,31.0,89.0,77.0,5.9398,5.4402,1005011.0,1271640.0,248.84,171.18,25716992000,NO,240.58,233.89,203.98,237.24,211.39,,7487,0.0,1125510,NO,NO,2002-12-11,31680200.0
610,KNTK,52.92,53.24,1222473.0,Industrial services,Oil & gas pipelines,86.0,43.0,82.0,69.0,1.4725,1.4561,1104206.0,1570630.0,56.92,31.33,8954056704,NO,54.26,52.4,46.24,52.75,49.35,,1973,0.0,1222473,NO,NO,2020-11-05,24032800.0
611,ASC,17.61,18.6,458768.0,Industrials,Marine Shipping,86.0,33.0,38.0,72.0,0.6064,0.5504,630214.0,583400.0,20.03,10.31,719401472,NO,18.17,17.41,15.47,17.76,16.82,,3305,0.0,458768,NO,NO,2016-06-08,5524200.0
612,IXC,57.84,57.65,623702.0,ETF,ETF,86.0,63.0,87.0,38.0,1.0582,0.9289,801573.0,611440.0,60.7,40.05,0,NO,58.64,56.63,52.14,57.19,54.89,,6245,0.0,623702,NO,NO,2024-06-06,21144900.0
613,PBOG,34.93,34.683,35009.0,ETF,ETF,86.0,45.0,87.0,36.0,0.6339,0.4891,87141.0,35260.0,37.15,24.37,0,NO,35.52,34.35,31.43,34.7,33.19,,203,0.11,35009,NO,NO,2026-02-17,11163200.0
614,FENY,34.4,34.46,1614537.0,ETF,ETF,86.0,46.0,86.0,39.0,0.7043,0.6143,1218184.0,1139010.0,36.6,23.52,0,NO,35.44,34.07,31.04,34.38,32.65,,3246,0.0,1614537,NO,NO,2026-01-14,17398200.0
615,BDX,182.52,180.7,1021883.0,Health technology,Medical specialties,86.0,29.0,92.0,72.0,4.2321,3.7636,2027087.0,2145080.0,193.07,127.59,49716043776,NO,184.11,175.94,161.43,178.98,161.56,,13510,0.77,1021883,NO,NO,1991-11-08,18168714.0
616,BDL,43.62,41.26,22118.0,Consumer services,Restaurants,86.0,11.0,32.0,87.0,2.3054,2.2125,35252.0,18440.0,52.12,27.55,0,NO,45.7,44.15,36.06,44.81,38.36,,13510,0.0,22118,NO,NO,2021-05-25,1544400.0
617,IYE,65.76,65.84,1397777.0,ETF,ETF,86.0,48.0,86.0,40.0,1.3032,1.1739,795017.0,1066320.0,69.8,45.12,0,NO,67.55,65.05,59.21,65.67,62.26,,6605,0.0,1397777,NO,NO,2021-03-23,42603500.0
618,BSVN,55.1,53.94,43196.0,Financial Services,Banks - Regional,86.0,90.0,89.0,90.0,1.8171,1.6121,42879.0,60990.0,57.68,38.29,524874656,NO,53.73,51.96,45.64,52.82,47.15,,2011,2.02,43196,NO,NO,2018-09-20,1405000.0
619,BETA,24.34,22.07,2209292.0,Electronic technology,Aerospace & defense,86.0,57.0,96.0,94.0,1.6244,1.5419,2386623.0,5674600.0,39.5,13.43,5901051392,NO,21.1,21.28,20.28,21.9,18.47,,221,4.08,2209292,NO,NO,2026-09-18,25855300.0
620,GXPE,36.54,37.434,186.0,ETF,ETF,86.0,42.0,87.0,37.0,0.4469,0.0987,663.0,740.0,38.45,25.18,0,NO,37.35,35.81,32.7,36.24,34.41,,293,0.0,1200,NO,NO,2025-09-30,14300.0
621,RNIN,36.09,36.795,30855.0,ETF,ETF,86.0,29.0,86.0,84.0,0.5978,0.4409,23577.0,35330.0,38.96,26.1,0,NO,37.66,36.63,31.54,36.88,32.97,,339,0.0,30855,NO,NO,2025-05-19,159000.0
622,NOV,20.28,20.15,1877319.0,Energy,Oil & Gas Equipment & Services,86.0,66.0,80.0,43.0,0.6114,0.5943,3405914.0,3459360.0,21.93,12.29,7229376512,NO,20.88,20.42,19.26,20.52,19.8,,7521,0.0,1877486,NO,NO,2021-09-17,89460700.0
623,SEIC,104.83,105.38,694085.0,Finance,Investment managers,86.0,33.0,88.0,89.0,2.1336,2.0529,765088.0,1086060.0,112.15,75.08,12581611520,NO,108.09,105.16,90.11,106.18,93.04,,11466,0.0,694085,NO,NO,1995-07-03,26980800.0
624,XOM,161.23,158.3,12564657.0,Energy,Oil & Gas Integrated,86.0,48.0,87.0,31.0,3.9478,3.4321,14842642.0,15936980.0,176.41,110.39,662963552256,NO,162.17,158.51,147.33,159.76,153.14,,16289,0.83,12564657,YES,NO,2010-06-25,118023500.0
625,TRUT,33.36,33.395,96570.0,ETF,ETF,86.0,90.0,81.0,90.0,0.457,0.3384,184636.0,119640.0,33.67,22.83,0,NO,32.1,31.5,28.53,31.9,29.68,,273,0.0,96570,NO,NO,2026-03-27,4064100.0
626,BITX,20.13,21.01,11724678.0,ETF,ETF,86.0,94.0,98.0,87.0,1.2961,0.8952,10665146.0,11962410.0,67.02,10.09,0,NO,18.03,14.96,18.12,15.65,15.44,,814,0.0,11763816,YES,NO,2026-02-05,41894400.0
627,AU,98.74,101.93,3130999.0,Basic Materials,Gold,86.0,2.0,89.0,69.0,3.6636,2.7893,2941320.0,2612480.0,129.14,62.55,49939652608,NO,107.7,96.81,96.29,100.14,95.23,,7076,0.0,3130999,NO,NO,2018-06-15,45859100.0
628,HSBH,112.03,114.335,8327.0,ETF,ETF,86.0,65.0,72.0,83.0,1.8289,0.9357,8690.0,10070.0,118.3,71.92,0,NO,113.79,113.34,100.77,114.02,105.24,,369,0.0,8327,NO,NO,2025-04-23,72400.0
629,KLAC,187.86,183.97,8702952.0,Electronic technology,Semiconductors,86.0,83.0,3.0,83.0,7.8971,6.99,11589853.0,10281850.0,307.37,98.1,245447884800,NO,177.78,191.11,174.94,188.58,190.36,,11581,1.24,8847523,NO,NO,2002-10-23,329584000.0
630,STNG,81.25,86.21,1184787.0,Transportation,Marine shipping,86.0,87.0,43.0,68.0,2.9907,2.7543,857904.0,1180520.0,90.06,48.93,4069109760,NO,82.17,79.56,72.56,80.46,77.91,,4145,0.0,1184787,NO,NO,2020-04-21,7668500.0
631,GTOP,51.12,51.471,13185.0,ETF,ETF,86.0,90.0,79.0,90.0,0.6123,0.3941,13298.0,8050.0,51.58,34.43,0,NO,48.91,48.49,,48.88,45.57,,198,0.0,13185,NO,NO,2025-12-22,673200.0
632,EMM,45.04,44.34,670.0,ETF,ETF,86.0,88.0,33.0,86.0,0.6431,0.2664,5258.0,7270.0,47.54,31.09,0,NO,44.53,43.12,39.99,43.78,41.88,,841,3.36,300,NO,NO,2025-02-28,268200.0
633,CXRN,21.42,22.55,10212.0,ETF,ETF,86.0,92.0,95.0,45.0,0.7101,0.5678,8734.0,9430.0,23.04,14.22,0,NO,21.87,19.29,18.76,19.76,18.76,,397,0.0,10212,NO,NO,2026-08-26,102600.0
634,XCEM,52.0,53.04,711799.0,ETF,ETF,86.0,87.0,50.0,86.0,0.9593,0.6098,146968.0,103660.0,55.43,35.89,0,NO,51.54,50.02,46.14,50.5,48.31,,2780,0.0,711799,NO,NO,2025-03-05,2488200.0
635,BITA,63.47,64.71,20133.0,ETF,ETF,86.0,91.0,92.0,,1.8479,1.3086,35961.0,38920.0,65.49,47.65,0,NO,60.19,55.62,,56.89,,,68,0.0,20133,NO,NO,2026-06-22,170600.0
636,SGDJ,94.62,95.74,29480.0,ETF,ETF,86.0,20.0,89.0,73.0,3.2901,2.4425,47000.0,41050.0,115.78,67.13,0,NO,97.91,89.2,90.31,92.09,88.11,,2887,0.0,29480,NO,NO,2018-09-25,1083500.0
637,QFRD,30.77,30.603,535.0,ETF,ETF,86.0,87.0,87.0,87.0,0.3501,0.1441,858.0,980.0,30.77,22.4,0,NO,29.64,29.06,,29.31,27.04,,173,0.22,535,NO,NO,2026-04-10,11400.0
638,FITE,112.74,112.655,18091.0,ETF,ETF,86.0,76.0,80.0,85.0,1.7466,1.4067,7331.0,5130.0,120.45,77.72,0,NO,109.5,110.61,99.33,110.87,103.51,,2195,0.0,18091,NO,NO,2025-04-16,227300.0
639,XCOM,27.94,27.5,1028.0,ETF,ETF,86.0,92.0,95.0,,0.6552,0.2416,363.0,790.0,29.48,18.98,0,NO,27.16,24.86,,25.51,,,77,1.2,1028,NO,NO,2026-06-03,10200.0
640,IX,39.1,39.67,312905.0,Financial Services,Financial Conglomerates,86.0,81.0,45.0,87.0,0.7993,0.4607,271023.0,265580.0,42.39,24.19,40663461888,NO,39.57,39.7,34.94,39.68,36.49,,7047,0.0,312905,NO,NO,2009-07-31,2705000.0
641,CVEO,33.2,34.43,78550.0,Consumer Cyclical,Lodging,86.0,36.0,44.0,78.0,0.9193,0.8729,148050.0,87230.0,36.5,19.75,343183712,NO,33.69,33.47,29.96,33.36,31.96,,3105,0.0,78550,NO,NO,2014-12-30,4745067.0
642,SBIO,59.85,62.38,56756.0,ETF,ETF,86.0,5.0,54.0,81.0,1.6534,1.4809,44300.0,38520.0,70.85,36.84,0,NO,65.45,65.79,56.45,65.12,58.54,,2948,0.0,56761,NO,NO,2018-12-20,650300.0
643,RSPG,110.58,111.68,108237.0,ETF,ETF,86.0,43.0,84.0,38.0,2.2707,1.9293,85903.0,65810.0,118.15,74.43,0,NO,114.42,110.13,100.4,111.07,106.0,,4998,0.0,108238,NO,NO,2020-04-30,1756600.0
644,XP,20.88,20.78,7476780.0,Financial Services,Capital Markets,86.0,97.0,94.0,47.0,0.8011,0.7386,5728123.0,8857700.0,23.13,14.8,10595408896,NO,19.37,17.67,18.11,18.09,17.83,,1703,0.0,7476780,NO,NO,2024-08-30,69889700.0
645,BAP,385.38,389.97,232926.0,Finance,Major banks,86.0,82.0,71.0,72.0,8.9757,8.6664,308631.0,363850.0,413.25,230.45,30606618624,NO,378.7,383.13,346.45,383.73,358.99,,7777,0.0,232926,NO,NO,2011-06-06,5387007.0
646,LFSC,44.32,45.218,6435.0,ETF,ETF,86.0,17.0,69.0,88.0,0.7053,0.5178,4490.0,2380.0,48.78,28.78,0,NO,45.95,46.2,39.87,45.97,41.15,,473,0.0,6435,NO,NO,2026-02-19,65400.0
647,JXN,129.73,131.87,614609.0,Financial Services,Insurance - Life,85.0,70.0,89.0,83.0,4.6919,4.4566,700722.0,1171240.0,140.9,89.67,8786449408,NO,135.25,130.51,114.75,131.2,116.09,,1269,0.0,614609,NO,NO,2021-09-20,15028400.0
648,HSBC,100.25,103.21,1461873.0,Financial Services,Banks - Diversified,85.0,36.0,73.0,84.0,1.9171,1.3071,1273239.0,1457860.0,107.92,64.65,343072243712,NO,103.75,103.38,91.09,103.95,94.64,,6838,0.0,1462114,NO,NO,2025-02-28,24038600.0
649,IVZ,30.74,31.38,4318821.0,Financial Services,Asset Management,85.0,35.0,86.0,87.0,0.9614,0.8243,4509747.0,4238180.0,33.66,20.67,13571702784,NO,31.9,31.29,27.65,31.52,27.95,,7819,0.0,4318821,NO,NO,2008-08-20,70829500.0
650,GILD,151.37,150.56,5803574.0,Healthcare,Drug Manufacturers - General,85.0,87.0,91.0,56.0,3.3757,3.2014,6661682.0,6434810.0,157.29,108.46,187692007424,NO,148.18,140.37,135.55,141.91,136.31,,8728,0.0,5803574,NO,NO,1999-11-02,455376000.0
651,PBHC,18.29,17.3,280.0,Finance,Regional banks,85.0,94.0,86.0,89.0,0.6307,0.4171,10574.0,2850.0,18.3,12.06,114836384,NO,16.69,16.42,14.63,16.68,15.13,,7761,0.0,280,NO,NO,1995-11-16,645295.0
652,ASH,69.01,69.06,694345.0,Basic Materials,Specialty Chemicals,85.0,29.0,80.0,90.0,1.9021,1.8793,790122.0,723920.0,78.25,46.3,3160200448,NO,71.95,71.55,62.19,71.81,62.8,,11724,0.0,694345,NO,NO,2008-11-13,24210158.0
653,RGA,246.75,245.13,309305.0,Finance,Life/Health insurance,85.0,81.0,88.0,82.0,4.4932,4.1911,348974.0,324580.0,257.81,178.21,16113185792,NO,247.75,243.49,216.86,245.46,222.33,,4534,0.0,328571,NO,NO,2008-09-12,5543600.0
654,SLB,51.87,51.76,7545717.0,Energy,Oil & Gas Equipment & Services,85.0,37.0,81.0,43.0,1.8439,1.8168,13050168.0,14949440.0,60.46,31.64,76982509568,NO,55.12,52.41,50.04,53.41,51.98,,11271,0.0,7645788,NO,NO,2010-02-22,87130600.0
655,HL,18.27,19.03,68825453.0,Basic Materials,Other Precious Metals & Mining,85.0,9.0,92.0,34.0,0.9943,0.8179,38000079.0,39151660.0,34.17,10.91,12273209344,NO,19.71,17.92,19.2,18.32,17.75,,11725,0.0,68826495,YES,NO,2025-09-19,145814100.0
656,POWL,192.62,187.56,340379.0,Producer manufacturing,Electrical products,85.0,46.0,1.0,45.0,7.8729,6.7464,717217.0,571090.0,328.0,92.3,7017640448,NO,180.94,201.7,204.64,198.66,229.43,,11724,2.48,340379,NO,NO,2024-07-31,5279700.0
657,SMBK,49.92,51.54,134132.0,Finance,Regional banks,85.0,50.0,82.0,87.0,1.1036,1.0279,122765.0,131240.0,54.14,33.01,853555712,NO,51.26,51.1,43.51,51.47,45.45,,5776,0.0,135315,NO,NO,2017-06-23,777200.0
658,XHS,133.81,135.33,13526.0,ETF,ETF,85.0,52.0,81.0,88.0,1.922,1.8077,31482.0,37210.0,139.68,98.15,0,NO,136.07,135.07,117.2,134.92,121.41,,3766,0.0,13526,NO,NO,2016-08-12,1247000.0
659,XPRO,16.51,16.41,433901.0,Energy,Oil & Gas Equipment & Services,85.0,11.0,91.0,11.0,0.7243,0.7214,1036653.0,854520.0,19.23,11.6,1854884480,NO,17.46,17.14,16.17,17.17,16.42,,3299,0.0,433901,NO,NO,2021-12-17,7179900.0
660,SFLO,37.71,38.46,176995.0,ETF,ETF,85.0,27.0,86.0,84.0,0.5859,0.4718,152519.0,173870.0,42.0,27.45,0,NO,39.37,38.47,33.13,38.65,34.53,,689,0.0,176995,NO,NO,2025-05-02,868900.0
661,PRGS,41.03,40.41,315436.0,Technology services,Packaged software,85.0,16.0,95.0,87.0,1.9011,1.6782,661149.0,565510.0,47.37,23.82,1682761088,NO,42.74,41.92,37.0,41.92,35.14,,8850,0.82,315436,NO,NO,1996-03-26,13521150.0
662,BFH,99.19,108.0,903391.0,Finance,Finance/Rental/Leasing,85.0,21.0,23.0,88.0,4.0014,3.4657,580673.0,648670.0,114.53,53.83,3810807296,NO,106.96,106.71,88.11,107.07,94.15,,6354,0.0,903391,NO,NO,2008-01-28,42684447.0
663,PBE,96.27,95.97,18805.0,ETF,ETF,85.0,60.0,85.0,84.0,1.4493,1.1393,27701.0,13780.0,98.82,67.69,0,NO,95.94,93.77,85.06,94.13,86.38,,5345,0.0,18805,NO,NO,2005-07-18,1271200.0
664,PLBC,60.98,62.08,36965.0,Finance,Regional banks,85.0,65.0,76.0,84.0,1.3586,1.3564,58422.0,51010.0,64.0,39.8,424360800,NO,62.08,61.73,53.53,62.04,56.08,,5982,0.0,36965,NO,NO,2023-06-23,654700.0
665,ETH,25.57,26.36,4277152.0,ETF,ETF,85.0,94.0,97.0,84.0,1.025,0.7789,2825723.0,3967690.0,44.84,14.53,0,NO,23.85,20.71,21.51,21.65,19.89,,544,0.0,4277152,NO,NO,2026-02-04,27872700.0
666,PXI,62.22,63.29,1589.0,ETF,ETF,85.0,45.0,85.0,46.0,1.0512,0.8305,21506.0,4570.0,66.62,44.56,0,NO,64.44,61.85,56.22,62.41,59.29,,5016,0.0,1589,NO,NO,2021-12-06,2335600.0
667,FDSB,18.15,18.405,13021.0,Financial Services,Banks - Regional,85.0,65.0,86.0,82.0,0.2002,0.1624,6031.0,6290.0,18.69,13.0,95027192,NO,18.39,18.06,15.84,18.13,16.34,,537,0.0,13021,NO,NO,2024-08-01,619200.0
668,PFIS,68.51,69.96,33987.0,Finance,Regional banks,85.0,48.0,78.0,87.0,1.7121,1.5993,64266.0,64580.0,73.37,43.64,685810240,NO,70.49,70.28,59.52,70.45,62.91,,6114,0.0,33987,NO,NO,2014-06-27,1016800.0
669,UAN,127.83,129.1,18212.0,Process industries,Chemicals: agricultural,85.0,81.0,88.0,31.0,3.5236,3.1143,39317.0,27250.0,139.5,89.2,0,NO,131.08,125.89,118.1,128.17,124.48,,3886,0.0,18215,NO,NO,2011-04-08,1331100.0
670,GENB,16.52,17.38,1424569.0,Health technology,Biotechnology,85.0,84.0,79.0,88.0,0.9386,0.9107,1063963.0,1296140.0,22.67,11.0,2120382208,NO,16.31,15.27,,15.46,14.17,,143,0.0,1424569,NO,NO,2026-02-27,6218800.0
671,PWR,634.9,642.61,747626.0,Industrials,Engineering & Construction,85.0,66.0,12.0,60.0,22.1677,19.9312,1146461.0,833400.0,788.75,389.7,95453020160,NO,621.98,641.54,597.84,643.95,648.58,,7196,0.0,751068,NO,NO,2009-06-30,41581400.0
672,SGP,28.16,27.96,149299.0,Health technology,Biotechnology,85.0,90.0,95.0,46.0,1.6743,1.6636,133890.0,197500.0,32.44,17.06,941895104,NO,27.89,25.11,,26.12,23.46,,157,0.0,149299,NO,NO,2026-06-26,1478800.0
673,AOTG,68.09,68.606,836.0,ETF,ETF,85.0,89.0,82.0,90.0,1.046,0.6504,3798.0,3300.0,69.3,45.21,0,NO,65.57,63.9,57.87,64.73,59.7,,1062,0.0,849,NO,NO,2022-06-29,624900.0
674,TRST,55.54,56.34,92643.0,Finance,Savings banks,85.0,49.0,67.0,86.0,1.3136,1.3021,134328.0,183860.0,59.28,34.31,945720704,NO,57.29,56.76,49.2,56.93,51.74,,10942,0.0,92643,NO,NO,2011-06-30,1090760.0
675,GOEX,88.17,88.8,5842.0,ETF,ETF,85.0,13.0,91.0,66.0,2.7145,1.8309,8901.0,4280.0,110.19,62.3,0,NO,91.32,83.0,84.56,85.97,81.96,,3993,0.0,5842,NO,NO,2026-02-09,347600.0
676,CANC,41.48,42.113,16866.0,ETF,ETF,85.0,18.0,79.0,75.0,0.8766,0.7669,34428.0,33280.0,47.0,26.62,0,NO,42.96,42.4,38.43,42.39,39.43,,780,0.0,16866,NO,NO,2025-07-03,494200.0
677,BOX,32.76,33.61,1971108.0,Technology,Software - Infrastructure,85.0,68.0,94.0,89.0,1.0258,0.9129,2886330.0,2881810.0,36.34,21.34,4494696960,NO,34.43,32.74,27.63,32.98,28.0,,2933,0.0,1971170,NO,NO,2015-01-23,42593200.0
678,FNV,260.91,261.68,598385.0,Basic Materials,Gold,85.0,55.0,91.0,68.0,7.5836,6.6071,768446.0,796030.0,285.67,181.5,50317938688,NO,264.35,240.91,236.18,249.14,237.03,,4726,0.0,598385,NO,NO,2013-09-20,9018600.0
679,DGRE,41.2,41.836,39213.0,ETF,ETF,85.0,83.0,65.0,81.0,0.7167,0.4978,10709.0,8910.0,43.24,28.29,0,NO,40.9,39.76,36.73,40.19,38.32,,3305,0.0,39213,NO,NO,2026-01-21,1249400.0
680,EZJ,67.97,70.11,740.0,ETF,ETF,85.0,84.0,74.0,84.0,1.6121,0.5857,3253.0,5110.0,71.65,46.28,0,NO,68.68,66.55,61.37,67.7,62.88,,4351,0.0,785,NO,NO,2011-03-15,2004000.0
681,FBIZ,69.32,71.1,35599.0,Financial Services,Banks - Regional,85.0,78.0,84.0,87.0,1.41,1.3264,62644.0,56570.0,73.74,46.07,580091968,NO,71.33,69.82,60.21,70.52,62.07,,5248,0.0,35599,NO,NO,2011-02-14,1251800.0
682,PKBK,33.35,33.94,34875.0,Finance,Regional banks,85.0,48.0,60.0,77.0,0.8521,0.8414,53780.0,45350.0,35.7,19.71,392244992,NO,34.09,33.99,30.03,34.16,31.67,,5850,0.0,34875,NO,NO,2021-06-25,1445800.0
683,NBIG,16.96,18.5,1882245.0,ETF,ETF,85.0,93.0,0.0,96.0,2.2951,2.1222,2478655.0,2248720.0,47.81,4.51,0,NO,16.28,17.03,15.82,17.04,18.91,,228,0.0,1894750,NO,NO,2026-08-12,6853400.0
684,ESCA,19.08,19.43,32152.0,Consumer durables,Recreational products,85.0,11.0,55.0,38.0,0.5086,0.4886,40258.0,28200.0,23.07,11.41,262656688,NO,19.92,20.13,17.35,20.13,18.87,,11724,0.0,32152,NO,NO,1990-12-04,2353590.0
685,SGDM,78.55,79.485,53774.0,ETF,ETF,85.0,14.0,91.0,66.0,2.5806,1.9316,39511.0,32510.0,96.5,55.46,0,NO,81.6,73.89,74.83,76.5,73.49,,3066,0.0,53774,NO,NO,2015-01-20,2010500.0
686,ATLC,90.97,91.03,156650.0,Financial Services,Credit Services,85.0,26.0,11.0,94.0,3.4521,3.2886,162363.0,107310.0,114.34,47.5,1380018432,NO,92.99,97.59,76.78,96.63,84.53,,6896,0.0,156650,NO,NO,2001-01-31,14195200.0
687,ARWR,66.96,68.79,2554449.0,Healthcare,Biotechnology,85.0,1.0,6.0,75.0,4.4678,4.3817,2197393.0,2952450.0,95.49,31.45,9458399232,NO,79.76,82.44,72.55,81.92,74.59,,8246,0.0,2554449,NO,NO,2014-10-08,54778100.0
688,CVX,205.51,203.67,8201553.0,Energy,Oil & Gas Integrated,85.0,73.0,88.0,31.0,4.6736,4.0993,8883576.0,12404300.0,217.78,146.49,403129073664,NO,208.64,199.78,184.44,202.3,192.29,,16289,0.39,8247575,NO,NO,2022-03-08,57231000.0
689,CACI,616.68,632.87,151519.0,Technology,Information Technology Services,85.0,30.0,94.0,41.0,18.2314,17.3129,282507.0,284140.0,683.5,434.7,13628379136,NO,625.63,584.72,561.27,606.34,550.94,,11724,0.0,151524,NO,NO,2002-04-23,9114200.0
690,TSSD,30.91,30.63,294.0,ETF,ETF,85.0,85.0,88.0,80.0,0.4958,0.2369,1804.0,1410.0,32.15,23.67,0,NO,29.82,29.77,,29.93,27.38,,183,0.29,294,NO,NO,2026-01-08,124400.0
691,BAI,47.03,46.93,6667794.0,ETF,ETF,85.0,90.0,19.0,90.0,1.1421,0.8134,3693120.0,5860000.0,54.46,30.82,0,NO,44.33,44.11,40.7,44.51,43.4,,480,0.0,6667794,NO,NO,2025-09-16,79352700.0
692,CZFS,78.28,80.01,37412.0,Financial Services,Banks - Regional,85.0,34.0,85.0,85.0,2.1414,2.0986,31085.0,42720.0,84.65,52.35,376515456,NO,81.56,79.53,67.71,80.28,70.6,,6972,0.0,38480,NO,NO,2023-06-23,546612.0
693,SLVR,58.7,60.29,137163.0,ETF,ETF,85.0,16.0,89.0,51.0,2.5126,1.9308,130658.0,143930.0,85.9,38.37,0,NO,61.69,56.99,60.21,58.4,58.02,,423,0.0,137163,NO,NO,2026-01-26,2568500.0
694,RING,81.9,83.06,399092.0,ETF,ETF,85.0,10.0,91.0,64.0,2.8493,2.1893,773047.0,673260.0,100.41,58.21,0,NO,85.89,77.36,78.47,80.19,76.81,,3680,0.0,399105,NO,NO,2016-12-14,5547100.0
695,ETHV,39.13,40.354,68884.0,ETF,ETF,85.0,94.0,97.0,83.0,1.4876,1.0723,46782.0,87910.0,69.72,22.4,0,NO,36.52,31.72,33.15,33.16,30.57,,544,0.0,68884,NO,NO,2026-04-07,1362500.0
696,EZET,20.28,20.94,15047.0,ETF,ETF,85.0,94.0,97.0,83.0,0.7706,0.5264,52971.0,90570.0,36.15,11.62,0,NO,18.93,16.45,17.19,17.19,15.85,,544,0.0,15084,NO,NO,2025-11-17,1481500.0
697,QETH,26.63,27.49,23483.0,ETF,ETF,84.0,94.0,97.0,83.0,1.0086,0.7139,38603.0,52450.0,47.47,15.25,0,NO,24.85,21.59,22.57,22.56,20.81,,544,0.0,23483,NO,NO,2026-02-02,500400.0
698,RGLD,252.78,250.11,508801.0,Non-energy minerals,Precious metals,84.0,48.0,91.0,64.0,7.2271,6.1914,714998.0,788100.0,306.25,168.88,21417506816,NO,257.29,232.17,239.82,239.86,233.65,,11414,0.0,533762,NO,NO,2012-06-04,9316900.0
699,EQRR,85.09,86.48,5293.0,ETF,ETF,84.0,52.0,77.0,82.0,0.8753,0.6665,15898.0,14200.0,88.85,60.61,0,NO,86.79,84.92,75.04,85.45,78.7,,2303,0.0,5293,NO,NO,2026-06-10,470600.0
700,SOLV,88.37,88.84,741634.0,Healthcare,Medical Instruments & Supplies,84.0,60.0,90.0,89.0,2.1984,2.0834,1107830.0,981980.0,94.16,62.38,15042671616,NO,90.04,86.54,77.71,87.21,77.41,,625,0.0,860081,NO,NO,2024-04-01,14094900.0
701,ETHW,19.14,19.76,543477.0,ETF,ETF,84.0,94.0,97.0,83.0,0.7639,0.5789,928684.0,933360.0,34.11,10.93,0,NO,17.87,15.52,16.23,16.22,14.96,,544,0.0,543477,NO,NO,2026-02-05,5985000.0
702,NEU,889.75,884.98,96777.0,Basic Materials,Specialty Chemicals,84.0,28.0,86.0,92.0,22.8421,22.8421,121541.0,121390.0,981.66,580.03,8182502400,NO,894.99,871.63,739.73,888.69,767.19,,11724,0.0,96777,NO,NO,2010-04-12,1995800.0
703,FRWD,32.74,32.65,436535.0,ETF,ETF,84.0,82.0,51.0,90.0,0.5045,0.3439,47153.0,21690.0,34.75,21.57,0,NO,31.76,31.64,,31.94,29.73,,174,0.0,436535,NO,NO,2026-03-26,2003300.0
704,WTBA,28.52,29.22,42517.0,Finance,Regional banks,84.0,71.0,84.0,79.0,0.5679,0.5521,69422.0,54710.0,30.33,19.03,486087584,NO,28.93,28.45,25.19,28.71,25.94,,6890,0.0,42517,NO,NO,2008-06-27,1673400.0
705,ROST,233.98,231.25,1537245.0,Retail trade,Apparel/Footwear retail,84.0,51.0,59.0,54.0,4.9221,4.6579,2638531.0,2091400.0,257.0,146.0,75056357376,NO,230.0,237.44,215.72,238.02,227.89,,10359,0.94,1563928,NO,NO,1986-11-28,132160000.0
706,CSCO,106.43,106.44,17442346.0,Technology,Communication Equipment,84.0,37.0,10.0,88.0,2.785,2.4771,20895539.0,19211570.0,130.37,66.81,419609509888,NO,109.6,112.6,96.7,112.15,104.73,,9216,0.0,17596027,YES,NO,1990-02-16,940636800.0
707,TRV,360.39,371.13,1791401.0,Finance,Property/Casualty insurance,84.0,65.0,86.0,81.0,7.0257,6.3457,1780415.0,1586080.0,398.7,252.26,75168358400,NO,370.78,370.96,316.98,372.93,330.29,,12817,0.0,1791401,NO,NO,2009-06-05,27820200.0
708,GFF,96.59,95.12,242195.0,Industrials,Building Products & Equipment,84.0,35.0,78.0,90.0,2.4243,2.2014,346969.0,375490.0,108.57,65.01,4375016448,NO,96.47,96.53,86.73,97.32,88.94,,13460,1.0,242195,NO,NO,2022-05-16,3996500.0
709,FISI,39.66,40.33,130090.0,Financial Services,Banks - Regional,84.0,37.0,65.0,85.0,0.7804,0.7625,167863.0,162960.0,42.97,25.61,781554240,NO,40.75,40.87,35.62,41.06,37.07,,6852,0.0,130090,NO,NO,2006-06-30,1357500.0
710,NANR,86.83,86.9,14277.0,ETF,ETF,84.0,29.0,85.0,51.0,1.3758,1.1487,30704.0,23590.0,92.21,61.4,0,NO,89.56,85.44,80.45,86.63,82.81,,2704,0.0,14277,NO,NO,2015-12-18,26998100.0
711,BPRN,42.56,43.18,36594.0,Financial Services,Banks - Regional,84.0,73.0,86.0,83.0,0.9293,0.8943,24482.0,30660.0,44.1,29.7,289969856,NO,43.0,41.91,37.12,42.54,38.09,,2341,0.0,36594,NO,NO,2021-06-25,760000.0
712,BPH,70.82,68.263,523.0,ETF,ETF,84.0,83.0,86.0,42.0,1.2312,0.7137,741.0,640.0,74.81,51.3,0,NO,69.37,67.81,64.2,68.56,67.55,,428,2.4,523,NO,NO,2026-02-17,15200.0
713,BMED,34.25,34.234,8076.0,ETF,ETF,84.0,64.0,89.0,79.0,0.3644,0.1911,2130.0,1630.0,34.86,25.79,0,NO,33.85,32.57,30.37,32.93,30.26,,1499,0.0,8076,NO,NO,2021-12-06,113100.0
714,PFG,113.92,116.47,1193082.0,Finance,Investment managers,84.0,85.0,55.0,88.0,3.1014,2.635,1454244.0,1542810.0,121.18,77.9,24390799360,NO,114.48,113.39,100.63,113.71,104.83,,6268,0.0,1193082,NO,NO,2009-05-12,38848500.0
715,FRHC,172.73,174.13,51520.0,Financial Services,Financial Conglomerates,84.0,80.0,92.0,81.0,4.7293,4.4914,130976.0,73700.0,177.5,107.97,11018043392,NO,167.52,159.34,142.93,161.05,150.25,,2167,0.0,51520,NO,NO,2023-02-16,3701600.0
716,BEN,32.71,33.64,5075852.0,Finance,Investment managers,84.0,31.0,29.0,90.0,0.8214,0.79,3988795.0,3511330.0,36.28,21.11,16619194368,NO,33.8,33.67,29.16,33.7,30.7,,10833,0.0,5075852,NO,NO,1998-04-28,46707000.0
717,EMCS,47.13,48.101,4342.0,ETF,ETF,84.0,85.0,59.0,83.0,0.7826,0.3176,62080.0,204470.0,49.45,33.31,0,NO,46.38,45.14,41.75,45.63,43.46,,1958,0.0,4348,NO,NO,2025-07-30,7535500.0
718,KNX,67.17,66.62,3619949.0,Transportation,Trucking,84.0,22.0,13.0,83.0,2.4929,2.3229,3632523.0,4287310.0,82.86,38.63,10932320256,NO,68.24,70.4,64.58,69.71,68.22,,8030,0.48,3671163,NO,NO,2018-07-26,20546000.0
719,BRZU,101.69,105.72,32088.0,ETF,ETF,84.0,95.0,88.0,24.0,4.8651,4.0315,26355.0,24680.0,133.04,62.95,0,NO,102.07,96.24,99.58,97.0,100.15,,3384,0.0,32098,NO,NO,2020-04-24,1386000.0
720,SGRT,34.01,33.85,23361.0,ETF,ETF,84.0,90.0,18.0,84.0,0.5932,0.4696,38468.0,20650.0,38.43,21.04,0,NO,32.5,32.37,30.68,32.56,32.44,,274,0.0,23361,NO,NO,2025-12-26,524100.0
721,GREK,82.99,86.06,21342.0,ETF,ETF,84.0,55.0,82.0,87.0,1.3707,1.0371,70836.0,49260.0,87.68,60.53,0,NO,85.66,82.32,73.48,83.44,75.03,,3717,0.0,21342,NO,NO,2015-06-29,2084233.0
722,SPSC,81.29,81.65,311164.0,Technology,Software - Application,84.0,74.0,96.0,91.0,3.5436,3.3793,592387.0,661200.0,114.87,49.04,2926454272,NO,81.72,75.46,68.77,78.0,64.06,,4130,0.0,311164,NO,NO,2016-09-22,4884400.0
723,SPUU,225.44,228.95,13468.0,ETF,ETF,84.0,76.0,80.0,89.0,3.8721,2.4721,18128.0,12730.0,232.39,154.85,0,NO,223.36,221.48,200.42,223.02,206.52,,3099,0.0,13468,NO,NO,2014-10-01,640800.0
724,SOYB,27.99,28.12,26288.0,ETF,ETF,84.0,91.0,87.0,69.0,0.3655,0.3226,79057.0,63510.0,28.19,21.36,0,NO,27.58,26.35,24.43,26.61,25.28,,3774,0.0,26293,NO,NO,2020-07-28,1300900.0
725,BAX,23.49,22.93,9441358.0,Health technology,Medical specialties,84.0,8.0,88.0,91.0,0.79,0.7464,6512358.0,7353680.0,30.0,15.73,12144235520,NO,24.7,25.03,20.63,25.12,20.99,,11316,0.0,9441358,YES,NO,2000-12-12,181911787.0
726,ARGX,945.82,988.2,426478.0,Healthcare,Biotechnology,84.0,12.0,83.0,90.0,24.6429,20.3822,294177.0,227870.0,1072.75,661.85,58818437120,NO,1010.19,942.63,848.59,950.5,856.3,,2349,0.0,426478,NO,NO,2023-12-20,5438700.0
727,XES,113.02,114.05,72383.0,ETF,ETF,84.0,20.0,44.0,21.0,3.1079,2.8707,77890.0,58340.0,135.35,68.06,0,NO,119.46,117.02,111.27,117.54,117.74,,5094,0.0,72383,NO,NO,2023-04-03,1256400.0
728,USMD,33.03,31.76,10.0,ETF,ETF,84.0,89.0,63.0,89.0,0.4264,0.0414,187.0,120.0,33.65,23.22,0,NO,31.13,30.86,,31.24,29.59,,156,3.09,200,NO,NO,2026-08-05,5000.0
729,AVNT,40.97,40.44,497114.0,Process industries,Chemicals: major diversified,84.0,13.0,87.0,81.0,1.0779,1.0064,852303.0,707160.0,46.64,27.48,3757750272,NO,42.4,41.17,37.25,42.14,38.13,,6798,1.14,497114,NO,NO,2014-04-30,15544600.0
730,KMX,57.46,57.86,5339614.0,Retail trade,Specialty stores,84.0,16.0,83.0,89.0,2.015,1.925,2317185.0,2189230.0,65.28,30.26,8154211840,NO,60.82,59.45,47.54,59.72,49.95,,7454,0.0,5339614,NO,NO,2010-06-25,42565300.0
731,BNY,149.51,153.89,3704083.0,Financial Services,Banks - Diversified,84.0,25.0,55.0,86.0,3.3343,3.1486,3547392.0,4384280.0,165.84,103.11,101443149824,NO,159.55,159.25,135.52,158.79,142.49,,13460,0.0,3785973,NO,NO,2008-09-18,66396000.0
732,RSPH,36.94,36.84,67105.0,ETF,ETF,84.0,50.0,88.0,82.0,0.4614,0.3632,133641.0,100220.0,38.19,28.26,0,NO,37.06,35.96,32.81,36.25,33.05,,4998,0.0,67105,NO,NO,2015-09-15,9197000.0
733,NOW,140.78,137.0,10706569.0,Technology,Software - Application,84.0,93.0,96.0,89.0,6.2057,5.2207,19768939.0,12988060.0,194.73,81.24,145547100160,NO,138.29,124.49,116.97,128.21,111.03,,3578,0.16,10770338,YES,NO,2019-11-20,189014500.0
734,TSUI,19.29,20.83,25676.0,ETF,ETF,84.0,97.0,95.0,33.0,1.2286,0.5771,16182.0,46830.0,26.58,13.0,0,NO,15.52,14.77,,15.09,16.78,,146,0.0,25676,NO,NO,2026-03-27,356900.0
735,DARP,58.16,58.691,613.0,ETF,ETF,84.0,78.0,58.0,76.0,1.0128,0.8056,8625.0,8270.0,61.76,39.02,0,NO,57.24,56.85,52.99,57.29,55.19,,1194,0.0,613,NO,NO,2023-10-05,484100.0
736,GOLD,43.48,43.8,416040.0,Financial Services,Capital Markets,84.0,23.0,62.0,27.0,2.7581,2.4309,530253.0,756940.0,66.7,23.0,1267648768,NO,45.79,43.54,43.89,44.33,43.58,,3149,0.0,416040,NO,NO,2021-03-04,2739600.0
737,PJP,125.46,126.48,22633.0,ETF,ETF,84.0,38.0,82.0,84.0,1.7571,1.3764,41173.0,34930.0,131.68,90.01,0,NO,126.98,124.73,111.82,125.33,114.24,,5345,0.0,22633,NO,NO,2011-07-01,3545800.0
738,EVLU,41.81,42.5,2578.0,ETF,ETF,84.0,77.0,58.0,83.0,0.5566,0.2565,4193.0,6650.0,43.97,29.65,0,NO,42.15,41.23,37.65,41.53,39.21,,512,0.0,2578,NO,NO,2026-02-26,32700.0
739,BVN,33.42,33.59,1213320.0,Basic Materials,Other Precious Metals & Mining,84.0,24.0,80.0,43.0,1.4604,1.2525,1054873.0,1312720.0,44.67,21.0,8488240640,NO,34.36,33.18,33.64,33.54,33.44,,7637,0.0,1213710,NO,NO,2018-12-21,21800600.0
740,DEXC,80.39,82.222,19404.0,ETF,ETF,84.0,84.0,47.0,80.0,1.4024,0.7506,22966.0,23700.0,86.67,55.88,0,NO,79.93,77.66,72.15,78.39,75.65,,463,0.0,35150,NO,NO,2024-11-14,688100.0
741,NFXS,21.1,20.647,27406.0,ETF,ETF,84.0,94.0,44.0,83.0,0.5652,0.4012,26736.0,19890.0,23.28,13.29,0,NO,19.49,20.23,18.65,20.25,18.81,,493,1.54,27406,NO,NO,2025-05-05,1847500.0
742,CAT,812.02,816.5,2670604.0,Industrials,Farm & Heavy Construction Machinery,84.0,53.0,6.0,69.0,21.6564,17.8407,3001374.0,2401670.0,1073.46,459.58,373265203200,NO,804.07,835.03,786.38,828.4,839.8,,16289,0.0,2711623,NO,NO,2006-10-20,67780400.0
743,SEMI,39.62,39.621,2157.0,ETF,ETF,84.0,88.0,60.0,88.0,0.5749,0.3682,9441.0,9920.0,41.03,27.41,0,NO,38.14,37.93,34.62,38.27,36.14,,1124,0.0,2157,NO,NO,2022-06-27,826600.0
744,CSX,47.19,45.99,10278361.0,Industrials,Railroads,84.0,13.0,59.0,80.0,0.9979,0.9629,11631731.0,11803170.0,53.6,33.46,87418290176,NO,49.07,50.02,43.9,49.96,46.4,,11563,0.59,10628988,YES,NO,2010-11-04,331713900.0
745,SPHB,151.74,151.56,251000.0,ETF,ETF,84.0,83.0,52.0,86.0,3.0407,2.0943,306214.0,313270.0,157.57,103.31,0,NO,146.78,145.85,133.78,147.1,139.45,,3868,0.0,251000,NO,NO,2020-12-01,8418500.0
746,PATN,35.99,36.33,206750.0,ETF,ETF,83.0,74.0,42.0,83.0,0.6264,0.5153,125698.0,120350.0,38.85,25.44,0,NO,35.6,35.28,32.4,35.52,33.89,,505,0.0,206750,NO,NO,2026-07-30,721700.0
747,SIL,92.22,93.76,1364904.0,ETF,ETF,83.0,16.0,89.0,59.0,3.5786,2.7329,1128706.0,851410.0,119.24,61.8,0,NO,97.08,88.31,90.91,90.9,88.79,,4132,0.0,1364904,NO,NO,2026-01-30,15286500.0
748,XPH,66.23,67.52,106190.0,ETF,ETF,83.0,12.0,73.0,84.0,1.3629,1.2543,140171.0,184660.0,74.35,45.82,0,NO,69.44,69.57,60.61,69.27,62.38,,5094,0.0,106190,NO,NO,2012-06-11,3142800.0
749,BSTZ,29.6,29.46,51742.0,Financial Services,Asset Management,83.0,43.0,39.0,90.0,0.7714,0.5981,210241.0,185390.0,31.89,20.69,2034826880,NO,30.29,29.75,26.17,30.13,27.73,,1820,0.0,51742,NO,NO,2023-03-31,1979600.0
750,FMTL,35.61,35.857,8013.0,ETF,ETF,83.0,15.0,72.0,63.0,0.7974,0.3783,4636.0,3800.0,39.5,23.95,0,NO,37.27,35.29,34.39,35.89,34.96,,220,0.0,8013,NO,NO,2026-01-07,145400.0
751,KRYP,24.25,24.79,10287.0,ETF,ETF,83.0,95.0,95.0,56.0,0.7643,0.3571,1722.0,4320.0,25.67,16.25,0,NO,22.34,19.87,,20.58,20.38,,159,0.0,10287,NO,NO,2026-05-27,185000.0
752,PAY,29.95,34.5,2844146.0,Commercial services,Miscellaneous commercial services,83.0,0.0,96.0,78.0,1.7024,1.5317,1281179.0,930280.0,45.31,20.11,3771892480,NO,35.96,35.84,28.76,35.7,28.62,,1337,0.0,2844146,NO,NO,2026-06-26,11410000.0
753,GLBE,41.24,39.69,1679508.0,Consumer Cyclical,Internet Retail,83.0,82.0,93.0,86.0,1.4529,1.3289,1506766.0,1777900.0,43.99,26.84,6926975488,NO,38.14,39.01,35.54,39.55,35.04,,1347,0.0,1679508,NO,NO,2022-05-17,24913100.0
754,ETHE,21.53,22.22,3237969.0,ETF,ETF,83.0,94.0,97.0,82.0,0.8628,0.6549,2420753.0,3920540.0,39.16,12.36,0,NO,20.1,17.48,18.42,18.27,16.92,,1828,0.0,3237969,NO,NO,2021-05-19,36683426.0
755,SSO,70.38,71.54,2513925.0,ETF,ETF,83.0,77.0,80.0,89.0,1.265,0.9311,3006461.0,3325020.0,72.8,48.63,0,NO,69.92,69.36,62.91,69.76,64.7,,5096,0.0,2513925,NO,NO,2008-11-20,2931585600.0
756,UTMD,75.01,74.48,23752.0,Healthcare,Medical Instruments & Supplies,83.0,88.0,87.0,68.0,1.5221,1.4536,32179.0,37230.0,76.89,53.66,238818192,NO,71.9,71.05,65.77,71.36,68.25,,6929,0.0,23752,NO,NO,2003-05-12,1520000.0
757,SRCE,84.38,85.81,83847.0,Financial Services,Banks - Regional,83.0,56.0,78.0,83.0,1.4461,1.3811,130574.0,108940.0,91.46,56.89,2030932992,NO,86.21,86.63,74.79,86.91,78.58,,10862,0.0,83847,NO,NO,2025-03-21,743700.0
758,BULD,35.26,34.869,3594.0,ETF,ETF,83.0,57.0,43.0,84.0,0.4365,0.1776,6773.0,2450.0,38.5,24.29,0,NO,34.63,35.06,31.63,35.23,32.98,,1098,0.86,3594,NO,NO,2026-07-09,151900.0
759,EMSF,39.87,40.167,1460.0,ETF,ETF,83.0,78.0,28.0,82.0,0.5718,0.2521,3528.0,4920.0,48.05,26.75,0,NO,39.35,38.77,35.64,38.96,37.68,,752,0.0,1460,NO,NO,2023-12-08,192500.0
760,EMF,22.52,23.06,27203.0,Financial Services,Asset Management,83.0,79.0,33.0,84.0,0.5236,0.46,32923.0,23410.0,24.7,16.07,336626656,NO,22.53,21.97,20.52,22.17,21.32,,9968,0.0,27203,NO,NO,1987-02-26,4003800.0
761,LLY,1150.99,1164.89,2118166.0,Healthcare,Drug Manufacturers - General,83.0,13.0,68.0,85.0,26.9436,24.7128,2679628.0,2273670.0,1292.65,712.05,1026385379328,NO,1153.99,1176.27,1067.53,1170.97,1079.85,,13690,0.0,2152646,NO,NO,2019-03-06,74822500.0
762,TS,55.77,55.97,1099508.0,Non-energy minerals,Steel,83.0,90.0,25.0,21.0,1.2818,1.0882,1255690.0,1048980.0,64.6,33.65,28153804800,NO,55.97,55.55,53.68,55.41,57.53,,5979,0.0,1099508,NO,NO,2008-11-25,14645400.0
763,ATLO,31.09,32.02,16826.0,Financial Services,Banks - Regional,83.0,51.0,52.0,64.0,0.7493,0.7379,45563.0,32000.0,32.86,19.56,275370976,NO,31.94,31.26,28.14,31.48,29.6,,6690,0.0,16826,NO,NO,2021-06-25,1234400.0
764,BATRK,53.32,52.22,477476.0,Consumer services,Movies/Entertainment,83.0,85.0,65.0,85.0,1.1884,1.0959,540982.0,445610.0,54.46,37.76,3421432320,NO,50.74,51.12,46.5,51.04,49.14,,2623,0.94,477476,NO,NO,2016-06-24,3311400.0
765,PHVS,33.07,36.02,654160.0,Health technology,Biotechnology,83.0,12.0,45.0,86.0,2.415,2.1874,731701.0,1073840.0,43.25,20.65,2321662976,NO,36.56,35.35,30.16,35.11,31.68,,1413,0.0,654160,NO,NO,2022-12-08,80834100.0
766,RSSY,26.38,26.38,15676.0,ETF,ETF,83.0,85.0,76.0,74.0,0.1879,0.1676,25498.0,31500.0,26.46,18.89,0,NO,26.05,25.7,23.29,25.77,24.78,,581,0.0,15676,NO,NO,2024-05-29,5044300.0
767,CAC,56.35,57.19,75102.0,Financial Services,Banks - Regional,83.0,67.0,78.0,80.0,1.7479,1.7479,102339.0,108680.0,60.59,35.0,952148608,NO,57.22,56.99,50.48,57.24,52.38,,7283,0.0,75102,NO,NO,2008-06-27,1144050.0
768,LSBK,18.0,18.31,4266.0,Finance,Savings banks,83.0,88.0,78.0,80.0,0.6107,0.5961,16984.0,55150.0,19.09,12.5,141368192,NO,17.78,17.39,16.05,17.48,16.51,,5148,0.0,4266,NO,NO,2025-07-23,390800.0
769,EPEM,31.1,30.142,110.0,ETF,ETF,83.0,86.0,57.0,80.0,0.2884,0.006,231.0,100.0,31.1,22.1,0,NO,30.25,29.62,27.46,29.96,28.47,,325,0.0,100,NO,NO,2025-06-05,248800.0
770,SIBN,18.6,18.45,514723.0,Healthcare,Medical Devices,83.0,19.0,88.0,92.0,0.6882,0.6882,581534.0,578420.0,21.89,11.48,833625536,NO,18.72,18.39,16.35,18.47,15.81,,1992,0.0,514723,NO,NO,2018-10-17,4390000.0
771,JHAI,35.07,35.057,3450.0,ETF,ETF,83.0,87.0,51.0,88.0,0.5955,0.3056,6669.0,5250.0,36.93,24.41,0,NO,33.8,33.61,30.64,33.94,32.03,,274,0.0,3450,NO,NO,2025-08-28,95200.0
772,SLF,79.96,81.44,414368.0,Financial Services,Insurance - Diversified,83.0,80.0,64.0,85.0,1.275,1.2154,769336.0,573330.0,84.38,57.22,44459806720,NO,79.79,80.7,70.94,80.81,74.59,,6664,0.0,418335,NO,NO,2000-03-23,17882300.0
773,EWO,43.43,43.8,13064.0,ETF,ETF,83.0,67.0,59.0,84.0,0.535,0.3357,65669.0,46390.0,44.98,30.36,0,NO,43.96,43.34,39.37,43.61,40.64,,7678,0.0,13064,NO,NO,2007-04-04,2815100.0
774,SPNT,25.42,25.17,1045639.0,Financial Services,Insurance - Reinsurance,83.0,91.0,79.0,80.0,0.5964,0.5411,815422.0,1395940.0,26.48,17.35,2952914688,NO,24.45,24.22,22.52,24.24,23.24,,3295,0.0,1045639,NO,NO,2013-08-15,14029300.0
775,GDX,93.56,97.83,27772706.0,ETF,ETF,83.0,10.0,92.0,60.0,3.3711,2.5404,21967626.0,19475600.0,117.18,68.13,0,NO,97.33,89.22,90.88,91.71,88.45,,5117,0.0,27772706,YES,NO,2016-10-04,232153600.0
776,EUDA,17.33,17.38,23115.0,Real Estate,Real Estate Services,83.0,97.0,91.0,98.0,1.6596,1.6296,12382.0,38950.0,86.0,5.26,51891652,NO,15.0,15.17,19.81,15.41,13.57,,1197,0.0,23213,NO,NO,2026-04-23,4734000.0
777,ISSB,23.75,24.602,686.0,ETF,ETF,83.0,93.0,95.0,79.0,1.0954,0.5444,1360.0,1880.0,25.97,15.45,0,NO,22.33,19.53,,20.31,19.81,,169,0.0,686,NO,NO,2026-05-28,18600.0
778,BP,44.49,43.1,8454339.0,Energy,Oil & Gas Integrated,83.0,81.0,89.0,27.0,1.105,0.9786,9341517.0,10273170.0,48.27,32.72,114579750912,NO,44.37,43.54,41.31,43.91,43.3,,16290,1.67,8702078,NO,NO,2010-06-09,240808500.0
779,FLYW,16.86,17.125,1521192.0,Technology,Software - Infrastructure,83.0,5.0,80.0,89.0,0.6264,0.6107,1964741.0,1299700.0,19.73,10.55,2051316992,NO,18.14,17.85,14.97,17.74,15.78,,1337,0.0,1521192,NO,NO,2025-02-26,25422300.0
780,GENC,17.37,17.16,66279.0,Industrials,Farm & Heavy Construction Machinery,83.0,12.0,88.0,70.0,0.61,0.5464,55366.0,69640.0,20.19,12.22,254604304,NO,18.11,17.02,15.13,17.09,15.66,,5835,0.0,66279,NO,NO,2008-05-12,1853100.0
781,UNF,257.62,264.0,194799.0,Consumer services,Other consumer services,83.0,8.0,38.0,19.0,7.5932,7.5932,223025.0,430070.0,306.67,147.66,4658844160,NO,273.38,283.56,250.63,280.57,269.28,,10755,0.0,194962,NO,NO,2026-03-11,2388900.0
782,WSFS,76.99,77.79,292172.0,Finance,Savings banks,83.0,37.0,54.0,78.0,1.4482,1.4196,425631.0,420470.0,82.94,49.92,3956361984,NO,78.83,79.78,69.88,79.6,73.87,,10030,0.0,292172,NO,NO,2021-02-26,11161300.0
783,ETN,438.76,435.43,1786948.0,Industrials,Specialty Industrial Machinery,83.0,88.0,80.0,81.0,15.0529,10.9425,2206260.0,2390790.0,478.0,311.92,170414391296,NO,410.13,417.15,385.32,424.12,402.96,,13690,0.0,1786948,NO,NO,2008-04-23,27268200.0
784,KO,88.09,87.12,12677828.0,Consumer non-durables,Beverages: non-alcoholic,83.0,40.0,82.0,73.0,1.2268,1.0968,16752858.0,15861490.0,92.49,65.35,379011530752,NO,88.59,87.2,79.34,87.81,82.04,,16289,0.0,12965935,YES,NO,2009-09-18,124169000.0
785,BATRA,58.09,57.34,46018.0,Consumer services,Movies/Entertainment,83.0,84.0,69.0,84.0,1.1449,1.0528,68966.0,67890.0,58.37,41.5,3727513088,NO,55.94,55.68,50.72,55.65,53.61,,2623,0.47,46018,NO,NO,2023-03-08,2094000.0
786,ABOT,44.12,43.684,14.0,ETF,ETF,83.0,78.0,89.0,87.0,0.4766,0.0221,346.0,190.0,44.73,32.14,0,NO,43.81,42.54,38.26,43.0,38.84,,1452,0.0,100,NO,NO,2020-12-10,3397200.0
787,PEO,28.08,28.26,62097.0,Miscellaneous,Investment trusts,83.0,52.0,86.0,40.0,0.5518,0.5232,59026.0,65230.0,29.75,20.75,787033920,NO,28.84,27.82,25.79,28.05,26.72,,11724,0.0,62097,NO,NO,2020-03-11,861800.0
788,JAN,29.56,30.11,1229890.0,Real Estate,REIT - Residential,83.0,36.0,82.0,,0.85,0.825,1712939.0,2205100.0,32.83,22.76,9183782912,NO,30.74,30.52,,30.55,,,128,0.0,1229890,NO,NO,2026-03-20,15894500.0
789,PWER,44.19,44.679,501.0,ETF,ETF,83.0,27.0,76.0,66.0,0.6485,0.214,1277.0,2080.0,47.15,31.83,0,NO,45.89,44.18,41.13,44.72,42.61,,705,0.0,501,NO,NO,2024-07-11,26100.0
790,SLX,104.8,106.08,11203.0,ETF,ETF,83.0,49.0,64.0,75.0,1.6364,1.0118,23173.0,11550.0,114.0,71.45,0,NO,108.42,106.65,99.47,107.37,102.53,,5013,0.0,11214,NO,NO,2011-01-26,2467600.0
791,SLGL,59.71,59.28,70678.0,Healthcare,Biotechnology,83.0,1.0,6.0,9.0,2.9014,2.9014,52979.0,49860.0,97.97,27.0,195490480,NO,67.95,76.19,70.8,73.86,75.32,,2171,0.0,70678,NO,NO,2024-12-23,1837620.0
792,GEV,951.82,946.22,1674790.0,Industrials,Specialty Industrial Machinery,83.0,67.0,15.0,49.0,37.1769,30.274,2512153.0,2509120.0,1195.94,530.16,253501636608,NO,929.89,978.8,905.43,971.88,983.67,,624,0.4,1674790,NO,NO,2024-04-02,18246100.0
793,PSMT,172.64,170.61,139899.0,Consumer Defensive,Discount Stores,83.0,70.0,17.0,75.0,3.5943,3.5468,276577.0,238080.0,199.84,111.68,5327760896,NO,171.23,178.57,160.55,176.58,170.18,,7309,0.66,139899,NO,NO,2019-09-25,4886600.0
794,PBEU,34.66,35.631,38681.0,ETF,ETF,83.0,44.0,76.0,86.0,0.556,0.3013,152357.0,31210.0,36.31,25.81,0,NO,35.59,35.18,31.14,35.41,31.93,,203,0.0,38681,NO,NO,2026-02-17,8864800.0
795,BCI,26.45,26.28,1044818.0,ETF,ETF,83.0,87.0,89.0,67.0,0.3093,0.256,1704500.0,1472500.0,26.84,19.47,0,NO,26.12,25.0,23.49,25.3,24.38,,2382,0.3,1044818,NO,NO,2026-07-17,21232800.0
796,NKSH,41.49,42.66,17182.0,Financial Services,Banks - Regional,83.0,78.0,86.0,63.0,0.8839,0.8704,37336.0,33820.0,43.31,27.0,264317040,NO,41.85,40.64,37.05,41.28,37.92,,6742,0.0,17182,NO,NO,2009-06-26,1235900.0
797,CTAP,30.8,30.51,9830.0,ETF,ETF,82.0,88.0,87.0,75.0,0.7214,0.5904,111074.0,38470.0,33.64,24.8,0,NO,30.11,28.74,,29.15,28.67,,196,0.28,9830,NO,NO,2026-07-21,3195000.0
798,AVXC,83.06,84.377,26486.0,ETF,ETF,82.0,82.0,44.0,80.0,1.2859,0.7881,43630.0,50620.0,88.77,59.15,0,NO,82.8,80.82,75.35,81.49,78.62,,628,0.0,26486,NO,NO,2024-09-23,539800.0
799,SPYQ,194.35,197.551,269.0,ETF,ETF,82.0,72.0,79.0,88.0,2.8105,1.2091,1734.0,2580.0,200.5,135.47,0,NO,193.06,191.66,174.57,192.97,179.41,,495,0.0,269,NO,NO,2026-06-03,379200.0
800,GVAL,38.92,39.18,106194.0,ETF,ETF,82.0,76.0,78.0,78.0,0.5282,0.421,164550.0,157640.0,39.87,28.5,0,NO,38.95,38.13,35.33,38.43,36.15,,3152,0.0,106194,NO,NO,2026-06-08,1668600.0
801,FDRX,25.35,25.56,142835.0,ETF,ETF,82.0,94.0,92.0,91.0,0.5734,0.0691,11733.0,2410.0,26.2,15.38,0,NO,23.61,22.22,,22.66,21.04,,172,0.0,142835,NO,NO,2026-02-05,322100.0
802,FNWD,41.66,42.19,8420.0,Financial Services,Banks - Regional,82.0,33.0,91.0,53.0,0.7471,0.65,23409.0,14850.0,45.9,30.05,180512864,NO,43.07,42.95,37.3,43.7,37.64,,7129,0.0,8420,NO,NO,2025-06-27,418100.0
803,APH,82.19,80.72,11759940.0,Technology,Electronic Components,82.0,88.0,67.0,84.0,2.7853,2.2743,13258420.0,12666240.0,89.26,59.01,202677813248,NO,80.25,80.06,73.5,80.86,74.57,,8778,0.0,13001932,YES,NO,1997-01-23,440192000.0
804,EFOR,33.15,32.89,576311.0,Technology,Information Technology Services,82.0,81.0,98.0,7.0,1.6675,1.6046,916847.0,782030.0,54.94,16.9,1359150080,NO,32.0,28.87,33.65,30.75,27.62,,8559,0.0,576456,NO,NO,2018-10-10,10142400.0
805,USCB,22.44,23.08,39599.0,Financial Services,Banks - Regional,82.0,72.0,86.0,80.0,0.5254,0.5007,69996.0,121360.0,23.89,16.36,414567104,NO,22.82,22.23,19.87,22.55,20.26,,1297,0.0,39599,NO,NO,2021-07-23,1346700.0
806,CRBG,33.89,34.8,3485872.0,Financial Services,Asset Management,82.0,90.0,88.0,92.0,0.8582,0.7918,4246055.0,4999270.0,35.64,22.19,15107097600,NO,33.83,32.95,29.29,33.3,29.05,,1007,0.0,3485911,NO,NO,2025-12-16,39081000.0
807,SBH,16.75,16.12,1280674.0,Retail trade,Specialty stores,82.0,79.0,92.0,81.0,0.5679,0.5464,1369920.0,1410070.0,17.92,11.54,1568173312,NO,16.22,15.93,14.83,16.12,14.62,,4990,0.0,1303073,NO,NO,2020-10-02,34036700.0
808,PCTY,143.58,144.42,828503.0,Technology services,Packaged software,82.0,21.0,95.0,83.0,4.4718,4.0721,726963.0,698180.0,167.01,92.99,7949450240,NO,149.43,143.28,125.22,145.44,121.7,,3147,0.0,828503,NO,NO,2014-03-19,9435400.0
809,BITQ,27.78,28.19,124467.0,ETF,ETF,82.0,94.0,66.0,88.0,1.1992,0.9542,105258.0,118750.0,31.45,16.65,0,NO,25.85,24.32,23.29,24.9,24.18,,1347,0.0,124467,NO,NO,2026-01-20,1782700.0
810,AUMI,97.3,98.25,916.0,ETF,ETF,82.0,11.0,91.0,60.0,2.2725,0.8453,2720.0,1230.0,124.28,72.54,0,NO,101.34,92.31,94.87,95.45,92.09,,695,0.0,916,NO,NO,2025-09-19,122500.0
811,LNG,273.61,274.98,1784641.0,Energy,Oil & Gas Midstream,82.0,59.0,88.0,14.0,7.8304,7.0475,1978398.0,2154320.0,300.89,186.2,56509808640,NO,279.92,270.95,243.94,273.32,260.23,,8172,0.0,1784676,NO,NO,2011-10-26,32573600.0
812,CASS,54.03,55.09,50468.0,Industrials,Specialty Business Services,82.0,33.0,81.0,81.0,1.1436,1.0907,83547.0,89540.0,59.63,36.07,690287296,NO,55.71,55.81,48.24,55.94,50.4,,7604,0.0,50468,NO,NO,2021-06-25,857800.0
813,SDP,27.59,26.59,6349.0,ETF,ETF,82.0,95.0,92.0,82.0,0.7176,0.6068,9098.0,26480.0,27.59,19.78,0,NO,24.88,23.39,22.83,24.02,22.47,,4913,0.04,6349,NO,NO,2025-12-09,91800.0
814,CVLG,34.15,33.88,122485.0,Industrials,Trucking,82.0,43.0,4.0,87.0,1.3221,1.2857,214900.0,262950.0,49.88,18.0,866651136,NO,34.87,37.71,32.87,36.06,35.9,,8027,0.0,122485,NO,NO,1994-10-28,9770400.0
815,BGR,17.15,17.25,60943.0,Financial Services,Asset Management,82.0,57.0,87.0,40.0,0.3268,0.3182,91487.0,99370.0,17.92,12.92,436573344,NO,17.36,16.83,15.75,16.98,16.28,,5470,0.0,60943,NO,NO,2019-12-27,878400.0
816,DIVB,66.03,66.8,241861.0,ETF,ETF,82.0,33.0,79.0,83.0,0.7614,0.6199,250049.0,303430.0,69.82,50.58,0,NO,68.28,67.05,59.34,67.44,61.49,,2227,0.0,241862,NO,NO,2025-06-06,1625700.0
817,STVN,21.69,21.51,205775.0,Health technology,Medical specialties,82.0,34.0,93.0,92.0,0.8988,0.8988,380146.0,401640.0,28.0,12.89,5921449984,NO,21.39,20.81,18.26,20.93,18.2,,1302,0.0,205775,NO,NO,2021-07-16,12538600.0
818,CTBI,74.4,75.56,104127.0,Financial Services,Banks - Regional,82.0,45.0,77.0,83.0,1.4007,1.3436,118393.0,105950.0,79.92,50.25,1351695744,NO,76.58,76.86,66.87,77.02,69.82,,9756,0.0,104127,NO,NO,2001-03-28,813454.0
819,PKE,29.55,30.3,191278.0,Electronic technology,Aerospace & defense,82.0,6.0,13.0,50.0,1.2143,1.135,286623.0,293990.0,39.86,18.25,642748288,NO,31.39,33.69,29.97,33.32,32.46,,11724,0.0,191278,NO,NO,2023-03-17,5547900.0
820,PSCE,59.0,59.78,9590.0,ETF,ETF,82.0,22.0,73.0,26.0,1.234,1.0358,21196.0,18830.0,65.26,40.53,0,NO,62.57,60.31,56.26,60.74,59.52,,4141,0.0,9590,NO,NO,2023-04-03,1647680.0
821,FCXG,15.95,15.76,15000.0,ETF,ETF,82.0,6.0,88.0,92.0,1.2189,0.8732,36690.0,31790.0,19.79,9.53,0,NO,16.62,14.9,,15.35,14.0,,149,0.0,15000,NO,NO,2026-08-21,341000.0
822,GDXJ,121.28,122.68,5816460.0,ETF,ETF,82.0,13.0,90.0,56.0,4.6179,3.3907,4722531.0,3803900.0,157.49,87.35,0,NO,126.48,115.3,119.38,119.05,115.62,,4240,0.0,5816460,NO,NO,2020-03-12,84076500.0
823,JADE,80.17,81.345,585.0,ETF,ETF,82.0,74.0,61.0,77.0,0.9798,0.415,2449.0,2340.0,82.75,59.11,0,NO,80.08,78.38,73.03,79.04,75.62,,588,0.0,585,NO,NO,2026-01-07,66100.0
824,GEVX,17.33,17.07,107188.0,ETF,ETF,82.0,38.0,3.0,20.0,1.2781,0.9837,199334.0,163510.0,30.85,7.21,0,NO,16.78,18.99,18.23,18.56,20.52,,302,0.0,107188,NO,NO,2025-10-22,2438700.0
825,GNR,76.51,76.41,125614.0,ETF,ETF,82.0,38.0,85.0,48.0,1.1637,0.9394,326795.0,716780.0,80.58,57.24,0,NO,78.24,75.23,71.63,76.13,73.43,,4030,0.0,125614,NO,NO,2021-01-06,6791100.0
826,PSCH,52.59,53.24,20456.0,ETF,ETF,82.0,25.0,78.0,88.0,0.655,0.5593,26287.0,21770.0,56.45,39.08,0,NO,54.0,54.13,47.23,53.97,48.42,,4141,0.0,20456,NO,NO,2011-03-11,6500400.0
827,FDS,279.43,284.1,433996.0,Financial Services,Financial Data & Stock Exchanges,82.0,19.0,93.0,89.0,12.4961,11.0582,924050.0,906240.0,320.48,185.0,9938079744,NO,289.62,279.69,249.82,282.04,246.73,,7606,0.0,433996,NO,NO,1996-06-28,7850250.0
828,REX,44.01,43.13,223146.0,Process industries,Chemicals: specialty,82.0,59.0,57.0,60.0,1.4836,1.445,193531.0,253930.0,53.36,30.3,1460059904,NO,42.21,43.53,41.32,43.12,44.54,,10628,0.0,223186,NO,NO,2000-01-06,51880500.0
829,HMY,18.73,19.82,3511210.0,Basic Materials,Gold,82.0,2.0,93.0,89.0,0.8618,0.5668,3634336.0,4682660.0,26.06,13.03,11727082496,NO,20.04,18.8,18.4,19.41,17.29,,8143,0.0,3511776,NO,NO,2015-09-18,73594000.0
830,LSVD,36.35,36.799,1059.0,ETF,ETF,82.0,77.0,78.0,82.0,0.338,0.102,963.0,650.0,36.93,27.41,0,NO,36.36,35.81,32.67,36.06,33.76,,355,0.0,1059,NO,NO,2025-09-10,18238800.0
831,FEMR,41.76,42.45,27500.0,ETF,ETF,82.0,82.0,47.0,79.0,0.6564,0.3731,41406.0,35790.0,44.41,30.23,0,NO,41.44,40.58,38.06,40.92,39.49,,458,0.0,27500,NO,NO,2026-03-03,239100.0
832,FBLA,16.12,16.26,96204.0,Financial Services,Banks - Regional,82.0,84.0,80.0,76.0,0.2414,0.2325,93187.0,134080.0,16.39,11.66,234060448,NO,15.93,15.7,14.19,15.79,14.69,,479,0.0,96204,NO,NO,2024-10-23,3578100.0
833,FFUT,65.58,64.9,19369.0,ETF,ETF,82.0,88.0,85.0,70.0,0.8889,0.8864,38553.0,31450.0,66.61,51.68,0,NO,63.3,61.81,58.13,62.48,59.76,,326,0.0,19369,NO,NO,2025-12-12,1858000.0
834,PFIX,54.76,53.02,198914.0,ETF,ETF,82.0,85.0,92.0,69.0,1.4154,1.3225,180742.0,181190.0,55.55,41.37,0,NO,52.04,50.92,47.52,51.94,48.14,,1348,0.19,198914,NO,NO,2026-04-08,2379700.0
835,XSW,200.84,201.68,24173.0,ETF,ETF,82.0,67.0,92.0,89.0,4.3761,3.3254,47992.0,37550.0,211.34,135.19,0,NO,201.55,193.17,172.07,195.57,171.58,,3766,0.0,24173,NO,NO,2021-06-15,916700.0
836,TTT,80.33,76.75,59012.0,ETF,ETF,82.0,89.0,90.0,75.0,1.8279,1.2221,7463.0,20190.0,81.0,59.23,0,NO,76.73,75.29,69.22,76.61,71.02,,3641,1.62,59012,NO,NO,2021-10-14,1096000.0
837,DEHP,41.55,42.63,25917.0,ETF,ETF,82.0,78.0,44.0,80.0,0.8028,0.5056,40449.0,27600.0,45.13,29.9,0,NO,41.54,40.58,37.9,40.94,39.52,,1105,0.0,25917,NO,NO,2022-08-29,1157700.0
838,RS,384.63,384.65,260020.0,Non-energy minerals,Steel,82.0,65.0,27.0,88.0,10.76,10.4621,346738.0,298670.0,433.02,260.31,19637114880,NO,391.88,400.26,353.09,400.93,369.56,,8057,0.0,260030,NO,NO,2007-04-19,5155700.0
839,BLLN,114.42,103.86,397091.0,Health services,Medical/Nursing services,82.0,97.0,82.0,92.0,5.9189,5.0851,715703.0,691170.0,150.44,61.96,5399140864,NO,100.09,109.72,94.73,105.82,96.93,,219,0.0,397091,NO,NO,2026-08-06,3751800.0
840,SNSR,49.2,48.91,2878.0,ETF,ETF,82.0,88.0,47.0,87.0,0.7459,0.4975,17431.0,12550.0,53.8,34.2,0,NO,47.33,47.3,43.54,47.69,45.8,,2517,0.0,2878,NO,NO,2023-02-01,973300.0
841,KINS,18.57,19.18,97063.0,Finance,Insurance brokers/Services,82.0,21.0,80.0,85.0,0.5279,0.4833,122066.0,116810.0,20.9,13.83,268821792,NO,19.62,19.74,17.09,19.53,17.48,,6767,0.0,97063,NO,NO,2025-06-27,2015100.0
842,ETSY,73.7,73.48,3935292.0,Consumer Cyclical,Internet Retail,82.0,12.0,38.0,91.0,3.1639,3.0507,3034452.0,3463980.0,87.97,44.0,6764314112,NO,76.92,80.29,64.99,78.79,69.06,,2876,0.0,3935292,NO,NO,2024-09-20,37801100.0
843,ASYS,15.43,14.98,195961.0,Technology,Semiconductor Equipment & Materials,82.0,89.0,3.0,90.0,0.7079,0.6386,427780.0,321160.0,25.71,6.75,270149984,NO,14.69,15.45,15.68,15.2,16.78,,10865,0.73,195961,NO,NO,2000-08-17,11404400.0
844,BCAX,20.49,22.01,954768.0,Health technology,Pharmaceuticals: major,82.0,5.0,5.0,59.0,1.2798,1.2455,703400.0,596140.0,30.99,10.48,1355552640,NO,23.15,25.03,21.29,24.29,23.07,,507,0.0,954768,NO,NO,2025-05-23,7213700.0
845,CMCI,31.74,31.651,168.0,ETF,ETF,82.0,88.0,87.0,69.0,0.1529,0.0456,160.0,110.0,31.96,23.94,0,NO,31.41,30.3,27.95,30.65,29.14,,772,0.0,100,NO,NO,2025-01-29,16100.0
846,TXBC,18.55,19.06,697.0,ETF,ETF,81.0,95.0,96.0,75.0,0.6009,0.2126,1749.0,4660.0,25.53,11.68,0,NO,17.26,15.07,16.24,15.69,14.93,,214,0.0,697,NO,NO,2026-09-09,16900.0
847,EPIN,28.84,28.11,62.0,ETF,ETF,81.0,63.0,54.0,81.0,0.2233,0.0347,603.0,270.0,29.31,21.28,0,NO,28.58,28.41,25.95,28.57,26.87,,325,0.78,300,NO,NO,2025-06-05,249000.0
848,ANDE,67.39,68.48,267702.0,Commercial services,Miscellaneous commercial services,81.0,64.0,22.0,29.0,2.2439,2.1786,358387.0,348010.0,82.11,38.51,2289613568,NO,68.91,70.33,67.54,68.97,70.94,,7697,0.0,267702,NO,NO,2006-05-04,5467500.0
849,FNRN,17.08,17.27,83538.0,Financial Services,Banks - Regional,81.0,48.0,21.0,79.0,0.3814,0.3707,158625.0,110980.0,19.25,11.72,280031776,NO,17.16,17.61,15.77,17.44,16.91,,6971,0.0,83538,NO,NO,2026-06-26,2154100.0
850,TRNS,89.05,88.16,104792.0,Electronic technology,Electronic equipment/Instruments,81.0,37.0,44.0,81.0,3.1079,2.9732,128453.0,101010.0,100.0,50.23,833491136,NO,85.54,88.1,77.81,88.02,83.09,,12300,0.0,104792,NO,NO,1998-02-18,1505600.0
851,PICK,61.33,61.72,517440.0,ETF,ETF,81.0,20.0,62.0,65.0,1.465,1.065,720293.0,528540.0,69.02,43.0,0,NO,64.03,62.0,59.69,62.59,60.88,,3680,0.0,517440,NO,NO,2026-01-30,3228100.0
852,UFOX,85.83,86.735,20016.0,ETF,ETF,81.0,87.0,19.0,82.0,1.6529,1.2182,32247.0,13950.0,106.59,59.5,0,NO,82.39,82.92,78.47,83.33,83.8,,1899,0.0,20016,NO,NO,2020-09-09,1203700.0
853,HQL,19.56,19.59,131029.0,Financial Services,Asset Management,81.0,6.0,73.0,80.0,0.4971,0.4807,151666.0,125910.0,22.67,14.11,0,NO,20.35,20.36,18.1,20.28,18.54,,8658,0.0,131029,NO,NO,2024-07-19,982700.0
854,PLGO,23.91,23.67,705105.0,Finance,Multi-line insurance,81.0,67.0,56.0,84.0,0.5293,0.4971,447611.0,502890.0,26.34,16.96,1978034560,NO,24.58,24.72,21.57,24.63,22.7,,811,0.0,705105,NO,NO,2024-03-15,6501000.0
855,LTC,42.54,42.88,527039.0,Finance,Real estate investment trusts,81.0,89.0,87.0,70.0,0.97,0.94,582209.0,737890.0,43.6,33.64,2293142784,NO,41.95,41.05,38.36,41.2,39.29,,8583,0.0,527068,NO,NO,2013-05-03,2565900.0
856,DIEM,43.4,44.002,7429.0,ETF,ETF,81.0,82.0,44.0,80.0,0.605,0.3209,24190.0,13390.0,46.58,31.27,0,NO,43.27,42.18,39.21,42.52,40.76,,2590,0.0,7429,NO,NO,2016-11-04,7034900.0
857,FCFS,216.47,216.12,301605.0,Financial Services,Credit Services,81.0,35.0,29.0,60.0,6.4279,6.3586,458728.0,447390.0,238.93,146.08,9388693504,NO,221.42,214.67,200.17,215.03,213.64,,8885,0.0,301605,NO,NO,2019-09-20,6973400.0
858,BTCK,29.0,27.6,2.0,ETF,ETF,81.0,89.0,90.0,,2.245,2.0214,1515.0,3120.0,31.5,22.18,0,NO,27.54,25.8,,26.51,,,75,2.64,500,NO,NO,2026-06-04,54800.0
859,SHC,18.29,18.7,1758472.0,Healthcare,Diagnostics & Research,81.0,20.0,87.0,88.0,0.4664,0.4482,2731241.0,2333580.0,19.85,13.09,5219505152,NO,18.87,18.51,16.92,18.61,16.67,,1464,0.0,1758472,NO,NO,2023-01-10,49454100.0
860,AVBC,21.63,21.92,106118.0,Financial Services,Banks - Regional,81.0,67.0,77.0,60.0,0.4569,0.4347,174703.0,201750.0,22.9,14.31,399538528,NO,22.01,21.69,19.67,21.94,20.55,,287,0.0,106118,NO,NO,2025-08-01,4053700.0
861,JBHT,234.63,236.17,898675.0,Industrials,Integrated Freight & Logistics,81.0,4.0,9.0,69.0,8.9836,7.3321,1018615.0,1467390.0,299.76,130.12,22035261440,NO,259.0,270.31,242.01,265.79,256.24,,10791,0.0,898675,NO,NO,2002-07-15,28216800.0
862,HAP,75.16,75.38,12314.0,ETF,ETF,81.0,45.0,82.0,51.0,1.0195,0.733,35012.0,21460.0,79.33,56.04,0,NO,76.96,74.13,70.43,74.88,72.35,,4492,0.0,12314,NO,NO,2009-11-02,1341800.0
863,SRRK,49.85,48.16,2492614.0,Healthcare,Biotechnology,81.0,7.0,31.0,66.0,2.9211,2.7548,1558796.0,3011310.0,61.76,27.07,6070995968,NO,54.17,52.6,48.29,52.19,49.58,,2092,0.0,2492614,NO,NO,2020-10-27,53359100.0
864,PRSU,48.08,48.38,130223.0,Consumer services,Movies/Entertainment,81.0,58.0,15.0,90.0,1.3021,1.2443,261374.0,284510.0,56.52,32.03,1319760640,NO,48.6,49.47,42.43,48.83,45.59,,5599,0.0,130223,NO,NO,2004-07-01,1585832.0
865,SSK,15.51,15.974,66003.0,ETF,ETF,81.0,97.0,97.0,83.0,0.6407,0.4416,63788.0,37000.0,36.54,8.37,0,NO,13.99,11.85,13.1,12.47,11.51,,308,0.0,66003,NO,NO,2025-08-14,2186300.0
866,CDLR,24.58,25.97,42033.0,Industrials,Engineering & Construction,81.0,85.0,84.0,49.0,0.6586,0.4032,79577.0,52610.0,30.01,15.37,2371261696,NO,25.29,23.92,23.71,24.18,24.45,,691,0.0,42053,NO,NO,2025-12-02,1938200.0
867,CALF,54.22,55.08,398661.0,ETF,ETF,81.0,22.0,83.0,80.0,0.7368,0.6414,562298.0,613270.0,58.34,41.6,0,NO,56.59,55.61,49.1,55.86,50.67,,2328,0.0,398661,NO,NO,2024-07-16,8331900.0
868,ENOR,36.24,36.55,42726.0,ETF,ETF,81.0,58.0,84.0,43.0,0.4232,0.3296,88106.0,276530.0,38.15,26.7,0,NO,36.87,35.58,34.11,36.02,35.51,,3687,0.0,42733,NO,NO,2026-09-09,2312400.0
869,HLAL,74.9,75.247,38174.0,ETF,ETF,81.0,87.0,79.0,83.0,0.7912,0.5955,55966.0,48140.0,75.64,57.22,0,NO,72.98,72.1,66.92,72.59,68.85,,1807,0.0,38174,NO,NO,2025-11-05,529700.0
870,RIO,95.25,97.04,2657468.0,Non-energy minerals,Other metals/Minerals,81.0,11.0,45.0,58.0,2.2393,1.5786,2378961.0,1634750.0,112.58,63.62,154910736384,NO,100.91,98.27,94.82,98.93,97.49,,9124,0.0,2657723,NO,NO,2014-10-06,19088900.0
871,NIXT,33.18,33.284,4617.0,ETF,ETF,81.0,30.0,79.0,81.0,0.3767,0.2547,2947.0,7590.0,35.25,23.83,0,NO,34.0,33.89,30.32,33.88,31.5,,510,0.0,4617,NO,NO,2024-09-10,543800.0
872,DBJP,116.75,117.04,11892.0,ETF,ETF,81.0,82.0,64.0,73.0,1.4829,1.11,34466.0,14510.0,119.16,84.31,0,NO,115.36,114.63,107.31,115.29,110.47,,3844,0.0,11892,NO,NO,2017-03-16,17237800.0
873,PEMX,86.97,88.348,2426.0,ETF,ETF,81.0,81.0,32.0,81.0,1.1888,0.3047,1180.0,950.0,95.2,62.14,0,NO,86.13,84.41,78.49,85.1,82.21,,831,0.0,2426,NO,NO,2026-06-12,130000.0
874,EWJV,48.67,49.11,67584.0,ETF,ETF,81.0,85.0,83.0,73.0,0.7405,0.4589,169480.0,132340.0,50.22,37.41,0,NO,48.71,47.5,44.41,48.08,45.28,,1897,0.0,67584,NO,NO,2024-04-02,1587400.0
875,FFEM,42.6,43.46,9914.0,ETF,ETF,81.0,71.0,44.0,76.0,0.6807,0.3701,16111.0,9180.0,45.62,30.76,0,NO,42.47,41.77,39.19,42.05,40.64,,458,0.0,9914,NO,NO,2024-11-22,400900.0
876,WTS,357.29,350.62,175442.0,Producer manufacturing,Industrial machinery,81.0,29.0,72.0,80.0,7.9779,7.1162,285920.0,216980.0,394.54,260.0,11927430144,NO,358.21,360.23,320.52,363.59,330.94,,10098,0.76,175442,NO,NO,2022-01-31,5752500.0
877,HMC,32.15,32.53,714784.0,Consumer Cyclical,Auto Manufacturers,81.0,37.0,92.0,87.0,0.6868,0.3975,1122107.0,810980.0,33.56,23.25,41720164352,NO,32.06,31.02,28.46,31.64,27.8,,11724,0.0,714824,NO,NO,1985-01-25,12998000.0
878,CRDO,193.87,192.56,7773105.0,Technology,Semiconductors,81.0,6.0,2.0,96.0,9.3573,8.0635,7320015.0,8751190.0,308.67,86.48,36438237184,NO,183.55,210.51,175.91,209.65,192.3,,1168,0.0,7787693,NO,NO,2026-06-26,38637200.0
879,GOAU,46.07,46.509,26080.0,ETF,ETF,81.0,16.0,90.0,66.0,1.4216,0.9813,27057.0,18000.0,57.09,34.34,0,NO,48.28,43.75,44.47,45.13,43.13,,2320,0.0,26080,NO,NO,2020-06-25,510700.0
880,ITAN,44.34,44.802,8552.0,ETF,ETF,81.0,64.0,79.0,81.0,0.4898,0.2512,11674.0,6400.0,45.18,33.88,0,NO,44.6,43.82,39.99,44.15,41.1,,1314,0.0,8552,NO,NO,2026-07-20,259400.0
881,LENS,44.78,45.09,4095.0,ETF,ETF,81.0,24.0,85.0,38.0,0.7063,0.3733,9066.0,8120.0,50.84,32.73,0,NO,46.48,43.95,43.75,44.72,43.81,,414,0.0,4095,NO,NO,2026-02-11,118000.0
882,ESP,62.84,63.69,86724.0,Electronic technology,Electronic components,81.0,42.0,22.0,67.0,1.9289,1.8761,47444.0,31450.0,74.77,36.0,0,NO,63.11,61.64,58.39,62.47,61.74,,11724,0.0,86724,NO,NO,2026-06-26,319000.0
883,JEMA,62.9,64.05,47462.0,ETF,ETF,81.0,79.0,50.0,77.0,1.0278,0.6225,139474.0,113660.0,66.68,46.44,0,NO,62.53,61.22,57.4,61.73,59.58,,1385,0.0,47462,NO,NO,2022-04-29,9442300.0
884,PWB,161.85,161.91,193330.0,ETF,ETF,81.0,87.0,50.0,84.0,2.6579,1.7721,101101.0,94410.0,169.01,118.5,0,NO,155.74,156.52,145.07,157.32,150.88,,5423,0.0,193355,NO,NO,2007-07-17,7757800.0
885,EEMA,117.97,119.27,74444.0,ETF,ETF,81.0,82.0,60.0,80.0,1.8336,1.2607,128907.0,121130.0,122.73,89.13,0,NO,116.94,114.6,107.2,115.62,110.78,,3675,0.0,74444,NO,NO,2025-06-10,4652900.0
886,EWS,33.33,33.16,1169995.0,ETF,ETF,81.0,60.0,85.0,77.0,0.3909,0.1995,1085676.0,1769690.0,34.6,26.7,0,NO,33.71,33.07,29.75,33.29,30.46,,7678,0.0,1169995,NO,NO,2008-03-28,12505100.0
887,IPI,36.72,36.92,89288.0,Basic Materials,Agricultural Inputs,81.0,24.0,83.0,14.0,1.775,1.7671,208096.0,193240.0,50.34,22.55,494129088,NO,39.05,36.92,35.92,37.06,37.92,,4634,0.0,89288,NO,NO,2008-04-22,4274930.0
888,GGTL,40.41,40.49,1867.0,ETF,ETF,81.0,89.0,59.0,87.0,0.4928,0.0413,2434.0,3850.0,41.55,29.94,0,NO,38.81,38.34,35.4,38.72,36.9,,1182,0.0,1867,NO,NO,2026-03-17,95700.0
889,LRND,47.57,48.091,2321.0,ETF,ETF,81.0,85.0,83.0,84.0,0.4867,0.2155,38461.0,70960.0,48.25,35.87,0,NO,46.44,45.93,42.51,46.34,43.52,,1159,0.0,2321,NO,NO,2025-12-12,2168300.0
890,RWEM,37.1,37.18,5893.0,ETF,ETF,81.0,86.0,63.0,79.0,1.6126,1.4614,10082.0,14150.0,42.02,26.0,0,NO,36.57,35.71,33.32,36.22,34.53,,1195,0.0,5893,NO,NO,2022-01-21,1178900.0
891,GSIB,62.84,64.774,4421.0,ETF,ETF,81.0,52.0,63.0,85.0,1.0531,0.7029,15961.0,15250.0,67.77,45.64,0,NO,65.01,64.33,57.17,64.6,58.77,,693,0.0,4421,NO,NO,2026-07-24,143400.0
892,BMO,170.37,177.19,454128.0,Finance,Major banks,81.0,48.0,37.0,83.0,3.2386,2.7286,794114.0,664180.0,187.22,119.84,118422855680,NO,173.34,177.22,154.81,176.6,162.95,,8028,0.0,454131,NO,NO,2010-12-17,10489300.0
893,TSNF,31.83,31.924,633.0,ETF,ETF,81.0,79.0,43.0,87.0,0.3948,0.1563,1766.0,1860.0,34.31,22.34,0,NO,30.85,30.54,,30.85,29.49,,183,0.0,633,NO,NO,2026-01-07,210700.0
894,OXY,57.36,57.25,7901408.0,Energy minerals,Integrated oil,81.0,21.0,82.0,14.0,1.6018,1.3846,8636511.0,9945030.0,67.45,38.8,57339199488,NO,60.0,58.19,53.41,58.67,57.18,,11271,0.0,7901408,NO,NO,2022-03-09,134669000.0
895,SUIS,24.98,26.61,6540.0,ETF,ETF,81.0,97.0,95.0,33.0,1.5921,0.6782,2307.0,5720.0,34.31,17.01,0,NO,20.07,19.15,,19.56,21.75,,150,0.0,6540,NO,NO,2026-05-28,23400.0
896,SSS,23.21,23.63,37.0,ETF,ETF,80.0,91.0,90.0,82.0,0.3293,0.0479,2630.0,450.0,23.63,17.9,0,NO,22.55,21.37,,21.73,20.35,,162,0.0,37,NO,NO,2026-06-26,86200.0
897,CZNC,25.22,25.76,55374.0,Financial Services,Banks - Regional,80.0,49.0,87.0,66.0,0.5271,0.5157,71187.0,59560.0,26.37,18.87,452317344,NO,25.75,25.24,22.84,25.55,23.37,,8171,0.0,55374,NO,NO,2008-06-27,901600.0
898,SPMO,151.92,152.14,2564978.0,ETF,ETF,80.0,83.0,38.0,88.0,2.5387,1.7529,2088026.0,2166300.0,162.3,107.24,0,NO,147.72,147.88,134.2,148.8,140.7,,2752,0.0,2564978,NO,NO,2024-08-19,14305300.0
899,BRIF,37.38,37.42,3902.0,ETF,ETF,80.0,66.0,67.0,83.0,0.3169,0.2061,10300.0,13690.0,38.55,29.06,0,NO,37.22,37.28,33.55,37.4,34.92,,435,0.0,3902,NO,NO,2025-01-14,655800.0
900,FLOW,42.16,42.766,3690.0,ETF,ETF,80.0,24.0,85.0,78.0,0.5301,0.3464,3669.0,3800.0,45.39,33.23,0,NO,43.93,42.77,38.33,43.11,39.21,,802,0.0,3690,NO,NO,2025-01-31,41300.0
901,LIVN,77.16,78.17,493054.0,Healthcare,Medical Devices,80.0,52.0,36.0,81.0,2.1621,2.092,666166.0,671000.0,85.76,48.82,4238671872,NO,79.55,79.74,70.83,79.11,73.55,,2747,0.0,493054,NO,NO,2017-06-23,6983200.0
902,LGRO,47.15,47.25,72455.0,ETF,ETF,80.0,74.0,85.0,84.0,0.4051,0.2057,6700.0,8090.0,48.18,35.71,0,NO,46.74,46.12,42.12,46.48,42.88,,773,0.0,72455,NO,NO,2023-08-24,1358900.0
903,EMET,42.52,42.959,2657.0,ETF,ETF,80.0,13.0,63.0,58.0,1.0437,0.5599,5807.0,4280.0,49.42,29.27,0,NO,44.21,42.2,42.12,42.83,42.25,,1219,0.0,2657,NO,NO,2026-01-30,157000.0
904,ASTH,34.34,33.55,405133.0,Healthcare,Medical Care Facilities,80.0,6.0,6.0,92.0,1.8814,1.8514,564725.0,505470.0,51.6,18.08,1703414016,NO,37.43,38.62,32.15,37.49,35.99,,4411,0.0,405133,NO,NO,2021-09-17,6954600.0
905,EMES,28.64,28.996,3608.0,ETF,ETF,80.0,76.0,56.0,78.0,0.3477,0.101,647.0,180.0,29.76,21.44,0,NO,28.35,27.86,25.98,28.11,26.95,,340,0.0,3608,NO,NO,2025-05-15,400100.0
906,FCBC,46.76,47.03,64311.0,Financial Services,Banks - Regional,80.0,29.0,74.0,67.0,1.1046,1.1018,94625.0,129210.0,50.17,31.21,884246912,NO,47.97,47.81,41.92,48.21,44.55,,8168,0.0,64311,NO,NO,2009-06-05,1280100.0
907,PBFS,17.45,18.04,34120.0,Finance,Regional banks,80.0,76.0,61.0,83.0,0.5461,0.5454,14217.0,20770.0,19.91,12.64,421936640,NO,17.96,17.58,15.38,17.69,16.02,,1805,0.0,34120,NO,NO,2019-07-18,2281300.0
908,PZLV,30.37,30.58,16.0,ETF,ETF,80.0,44.0,82.0,,0.2586,0.0657,1257.0,330.0,31.96,24.99,0,NO,31.24,30.83,,31.0,,,119,0.0,400,NO,NO,2026-04-13,955100.0
909,ELV,398.56,409.31,1170458.0,Healthcare,Healthcare Plans,80.0,67.0,52.0,90.0,11.0025,9.6518,1300147.0,1349710.0,436.24,274.84,86435422208,NO,407.01,396.54,363.82,397.87,371.99,,6263,0.0,1175334,NO,NO,2008-03-11,54425800.0
910,XTL,205.57,208.63,14190.0,ETF,ETF,80.0,39.0,19.0,48.0,3.4271,2.9307,62801.0,23670.0,247.62,131.25,0,NO,208.4,211.11,198.44,210.45,212.66,,3936,0.0,14190,NO,NO,2021-03-08,1571100.0
911,EHC,122.21,121.56,930930.0,Healthcare,Medical Care Facilities,80.0,81.0,91.0,84.0,2.5486,2.4688,973450.0,853080.0,127.99,92.77,12056429568,NO,121.55,118.69,107.67,120.14,109.33,,10075,0.0,954424,NO,NO,2003-03-26,22074378.0
912,BCTK,30.94,31.13,14038.0,ETF,ETF,80.0,86.0,58.0,85.0,0.5103,0.3666,44796.0,27860.0,32.62,22.06,0,NO,29.88,29.66,,29.89,28.54,,193,0.0,14038,NO,NO,2026-08-05,1556600.0
913,ITIC,290.86,288.35,65638.0,Financial Services,Insurance - Specialty,80.0,76.0,82.0,89.0,7.7378,7.1364,63676.0,60540.0,309.55,209.75,549142464,NO,297.4,291.27,256.35,291.33,259.49,,10026,0.0,65638,NO,NO,2026-08-06,228300.0
914,QCOM,197.24,198.27,9606665.0,Technology,Semiconductors,80.0,97.0,46.0,93.0,9.7224,9.1238,14146558.0,17604390.0,259.92,121.99,210664259584,NO,177.77,169.29,168.9,169.88,174.28,,8755,0.0,9685834,YES,NO,1998-02-06,242896000.0
915,XLEX,28.19,28.34,1178.0,ETF,ETF,80.0,32.0,93.0,,0.8221,0.5228,2034.0,1970.0,31.31,20.75,0,NO,29.59,27.55,,28.02,,,77,0.0,1178,NO,NO,2026-07-24,14200.0
916,TTOP,20.07,19.419,28.0,ETF,ETF,80.0,96.0,95.0,79.0,0.5115,0.2006,549.0,1210.0,25.57,13.68,0,NO,18.74,16.67,17.68,17.4,16.73,,213,4.02,700,NO,NO,2025-11-24,6700.0
917,AXSM,193.45,205.49,912947.0,Health technology,Biotechnology,80.0,18.0,5.0,82.0,8.8833,8.5479,822804.0,653220.0,260.19,115.31,10133068800,NO,207.41,216.61,198.1,212.09,209.46,,2724,0.0,912947,NO,NO,2019-01-07,51674500.0
918,RULE,30.47,30.646,6044.0,ETF,ETF,80.0,80.0,16.0,86.0,0.319,0.1741,3422.0,1540.0,34.42,21.46,0,NO,30.01,30.06,27.65,30.14,29.04,,1224,0.0,6044,NO,NO,2022-06-09,649000.0
919,YSAG,64.76,66.15,1605.0,ETF,ETF,80.0,18.0,,,1.4161,0.2489,1160.0,430.0,70.21,55.63,0,NO,65.87,,,64.27,,,48,0.0,1605,NO,NO,2026-08-14,21600.0
920,DFEV,42.6,43.84,312994.0,ETF,ETF,80.0,81.0,51.0,75.0,0.6689,0.3939,249203.0,226820.0,44.95,30.99,0,NO,42.87,41.64,39.03,42.0,40.51,,1105,0.0,312994,NO,NO,2026-03-06,1895600.0
921,PLUS,92.03,92.25,183998.0,Technology services,Packaged software,80.0,90.0,88.0,80.0,2.6261,2.4704,241519.0,282550.0,98.14,69.25,2401101056,NO,89.75,89.54,85.16,90.07,84.84,,7508,0.0,183998,NO,NO,1999-11-30,11105200.0
922,EQLT,38.65,39.354,1274.0,ETF,ETF,80.0,61.0,51.0,76.0,0.4379,0.1651,1826.0,1640.0,40.89,28.92,0,NO,39.1,38.48,35.66,38.75,37.14,,3163,0.0,1274,NO,NO,2014-02-26,104900.0
923,BITU,15.58,16.24,4099786.0,ETF,ETF,80.0,94.0,98.0,85.0,0.9946,0.6888,4801550.0,5216200.0,64.4,7.92,0,NO,13.97,11.61,14.64,12.14,12.08,,622,0.0,4125034,NO,NO,2026-02-05,16219600.0
924,RNR,328.8,326.29,316851.0,Finance,Property/Casualty insurance,80.0,81.0,78.0,61.0,6.2779,5.6364,315796.0,340980.0,340.24,231.17,13662261248,NO,328.75,324.46,301.62,325.98,310.18,,7840,0.37,316851,NO,NO,2005-11-02,9403700.0
925,ARVR,58.55,58.969,10.0,ETF,ETF,80.0,85.0,75.0,88.0,0.5637,0.0769,293.0,580.0,59.24,42.61,0,NO,57.28,56.19,51.9,56.65,53.34,,1110,0.0,10,NO,NO,2024-09-30,70700.0
926,EMOP,51.65,52.326,44602.0,ETF,ETF,80.0,81.0,50.0,74.0,0.7271,0.3954,57726.0,52740.0,54.35,38.26,0,NO,51.17,50.27,47.67,50.67,49.38,,317,0.0,47654,NO,NO,2026-03-30,7596700.0
927,SNDA,37.77,38.12,566462.0,Health services,Medical/Nursing services,80.0,31.0,64.0,77.0,1.3443,1.3443,555523.0,397350.0,44.39,24.95,1814772736,NO,38.77,39.66,35.87,39.18,37.21,,7266,0.0,571838,NO,NO,2026-06-26,3873100.0
928,NIC,164.78,165.77,105988.0,Financial Services,Banks - Regional,80.0,29.0,80.0,70.0,3.815,3.6643,193839.0,160120.0,180.0,114.12,3453378816,NO,169.68,171.18,151.6,171.24,157.07,,3357,0.0,105988,NO,NO,2026-06-18,3314400.0
929,EEMX,53.63,54.546,2358.0,ETF,ETF,80.0,80.0,54.0,77.0,0.8167,0.4498,5911.0,3200.0,56.38,40.68,0,NO,53.2,52.1,48.97,52.56,50.63,,2475,0.0,2358,NO,NO,2026-03-04,1193000.0
930,SHBI,22.74,23.19,147146.0,Finance,Regional banks,80.0,46.0,54.0,84.0,0.4479,0.42,210104.0,205040.0,24.89,14.93,758885568,NO,23.2,23.49,20.49,23.54,21.38,,6401,0.0,147146,NO,NO,2022-06-24,2799100.0
931,AMOM,61.29,61.27,6338.0,ETF,ETF,80.0,89.0,43.0,85.0,0.9887,0.4989,5152.0,2100.0,64.44,45.29,0,NO,58.65,58.19,54.54,58.68,56.47,,1845,0.0,6338,NO,NO,2021-04-14,278800.0
932,EYLD,48.02,49.02,104453.0,ETF,ETF,80.0,71.0,73.0,68.0,0.7374,0.5392,92657.0,89540.0,50.26,35.89,0,NO,49.07,47.49,44.24,47.86,45.67,,2562,0.0,104815,NO,NO,2025-05-16,1234200.0
933,SJM,122.41,119.88,1204575.0,Consumer Defensive,Packaged Foods,80.0,58.0,83.0,83.0,2.7214,2.4829,1418977.0,1463340.0,135.89,88.25,13076226048,NO,125.74,121.49,107.86,122.84,110.27,,8026,1.3,1204575,NO,NO,2008-11-06,20807000.0
934,USPH,82.65,82.45,125351.0,Healthcare,Medical Care Facilities,80.0,89.0,93.0,54.0,2.3743,2.3421,216909.0,202090.0,93.5,58.19,1233361024,NO,79.72,78.32,76.02,79.5,73.38,,8639,0.0,131163,NO,NO,2002-08-19,10510000.0
935,ARKK,89.77,90.72,3852963.0,ETF,ETF,80.0,88.0,88.0,85.0,2.2557,1.8054,5001474.0,4836640.0,92.65,62.95,0,NO,85.69,80.89,77.43,82.23,77.56,,2989,0.0,3852963,NO,NO,2022-05-12,79683500.0
936,SGRW,24.82,25.19,8141.0,ETF,ETF,80.0,22.0,49.0,89.0,0.2871,0.0765,16079.0,870.0,27.05,17.3,0,NO,25.33,25.43,,25.44,23.01,,172,0.0,8141,NO,NO,2026-07-23,910600.0
937,LH,303.98,320.99,893725.0,Healthcare,Diagnostics & Research,80.0,11.0,89.0,68.0,8.635,7.9121,733004.0,987540.0,341.8,244.52,24652779520,NO,324.6,314.88,278.46,317.78,283.12,,9187,0.0,895558,NO,NO,2002-10-04,24787380.0
938,APLE,15.83,15.68,2998065.0,Real Estate,REIT - Hotel & Motel,80.0,28.0,22.0,89.0,0.2968,0.2875,2826298.0,2722610.0,17.28,10.85,3737189120,NO,15.78,16.19,13.96,16.13,14.81,,2854,0.32,2998065,NO,NO,2023-09-15,42325100.0
939,SILJ,29.4,29.79,4760731.0,ETF,ETF,80.0,15.0,85.0,47.0,1.2193,0.9464,3790752.0,3454300.0,41.1,20.46,0,NO,30.92,28.65,30.12,29.33,29.12,,3473,0.0,4760731,NO,NO,2026-01-30,34495200.0
940,SFYF,65.6,65.834,1027.0,ETF,ETF,80.0,87.0,80.0,85.0,0.7412,0.4801,3150.0,3180.0,67.37,48.9,0,NO,63.59,62.18,58.36,62.73,59.82,,1854,0.0,1027,NO,NO,2021-04-08,112900.0
941,BST,49.43,49.61,88636.0,Financial Services,Asset Management,80.0,69.0,58.0,88.0,1.1054,0.8435,89888.0,101400.0,51.3,34.87,0,NO,49.71,48.42,43.78,48.94,45.38,,2991,0.0,88636,NO,NO,2014-10-29,950673.0
942,ESGE,54.96,55.85,535656.0,ETF,ETF,80.0,82.0,61.0,77.0,0.8643,0.5357,678106.0,504920.0,57.11,42.08,0,NO,54.42,53.09,50.19,53.63,51.69,,2558,0.0,535656,NO,NO,2022-05-18,49535100.0
943,IWX,110.9,111.87,143098.0,ETF,ETF,80.0,61.0,75.0,78.0,0.9229,0.6193,416701.0,278870.0,113.95,86.44,0,NO,112.19,111.22,101.21,111.66,104.2,,4272,0.0,143098,NO,NO,2025-03-04,10183200.0
944,CBK,31.47,32.66,38017.0,Financial Services,Banks - Regional,80.0,18.0,42.0,84.0,0.8339,0.7906,68001.0,51730.0,35.78,23.23,431178944,NO,33.61,33.99,29.07,33.87,30.7,,244,0.0,38017,NO,NO,2025-12-19,1268600.0
945,LITG,17.78,18.39,5935.0,ETF,ETF,80.0,93.0,,,1.9883,1.5398,11750.0,16860.0,21.98,13.6,0,NO,17.28,,,,,,30,0.0,5936,NO,NO,2026-09-18,45800.0
946,EMXF,58.19,59.124,15563.0,ETF,ETF,79.0,85.0,55.0,79.0,0.8132,0.3813,7620.0,5420.0,60.04,44.11,0,NO,57.72,56.59,52.88,57.02,54.63,,1492,0.0,15563,NO,NO,2024-02-20,540600.0
947,DRUP,71.02,69.156,46.0,ETF,ETF,79.0,86.0,90.0,82.0,0.9381,0.3866,1761.0,3940.0,71.08,52.83,0,NO,69.18,67.28,62.73,68.1,62.53,,1748,1.73,1100,NO,NO,2020-07-21,549600.0
948,CSNR,37.47,37.48,17117.0,ETF,ETF,79.0,39.0,82.0,44.0,0.4622,0.3367,17730.0,42410.0,39.42,28.36,0,NO,38.43,37.0,35.67,37.41,36.53,,409,0.0,17121,NO,NO,2025-03-31,574800.0
949,GGME,67.06,65.08,262.0,ETF,ETF,79.0,91.0,86.0,87.0,0.7764,0.3993,2257.0,770.0,67.85,49.02,0,NO,64.53,63.13,58.55,63.81,59.53,,5344,1.98,300,NO,NO,2014-04-02,3511600.0
950,GPN,84.0,85.29,2437367.0,Industrials,Specialty Business Services,79.0,9.0,93.0,75.0,2.7586,2.6721,3076328.0,2607990.0,95.88,61.16,22227943424,NO,89.41,87.37,76.36,87.94,76.32,,6459,0.0,2437367,NO,NO,2016-04-22,36730000.0
951,RSSX,27.75,28.488,12755.0,ETF,ETF,79.0,54.0,89.0,79.0,0.7109,0.3969,35730.0,29010.0,31.06,22.05,0,NO,27.55,25.98,25.94,26.5,25.61,,330,0.0,12755,NO,NO,2026-08-31,969400.0
952,PRAA,20.11,20.6,445859.0,Commercial services,Miscellaneous commercial services,79.0,85.0,87.0,53.0,0.8271,0.7964,424563.0,551530.0,22.55,10.25,757101440,NO,19.42,18.8,17.23,19.25,18.26,,6004,0.0,445859,NO,NO,2005-11-01,7982700.0
953,BHB,39.41,40.28,60482.0,Financial Services,Banks - Regional,79.0,66.0,75.0,82.0,0.9636,0.9379,106477.0,91310.0,41.12,28.11,660751232,NO,39.94,39.64,35.4,39.86,36.54,,7294,0.0,60482,NO,NO,2012-06-22,903375.0
954,UNM,94.46,93.56,1791681.0,Finance,Multi-line insurance,79.0,92.0,66.0,86.0,2.3196,2.2396,1591761.0,2579590.0,96.77,69.02,14953660416,NO,93.86,90.9,82.07,91.7,85.19,,10044,0.0,1791681,NO,NO,2021-09-17,48589100.0
955,SGLC,45.63,46.079,14473.0,ETF,ETF,79.0,75.0,77.0,80.0,0.4383,0.2271,10920.0,8230.0,46.25,35.88,0,NO,45.39,45.0,41.48,45.27,42.6,,872,0.0,14473,NO,NO,2023-08-01,399000.0
956,KSPI,93.86,96.45,547965.0,Finance,Finance/Rental/Leasing,79.0,8.0,85.0,86.0,3.1479,3.0611,519411.0,748360.0,109.94,68.59,17835958272,NO,102.28,96.65,84.38,97.42,87.42,,671,0.0,547968,NO,NO,2024-09-19,5114700.0
957,CTS,59.24,58.67,167914.0,Technology,Electronic Components,79.0,85.0,12.0,81.0,1.5121,1.425,244095.0,283410.0,69.55,36.03,1691669120,NO,57.14,59.99,55.49,60.07,58.27,,11724,0.05,167943,NO,NO,2001-03-07,3751300.0
958,PDLB,20.18,20.5,115078.0,Finance,Savings banks,79.0,62.0,62.0,80.0,0.3779,0.3643,75652.0,83270.0,21.1,13.91,488111840,NO,20.34,20.31,18.16,20.38,18.92,,2255,0.0,115078,NO,NO,2023-06-23,2486000.0
959,GMOI,40.37,41.0,36600.0,ETF,ETF,79.0,43.0,80.0,65.0,0.4293,0.2749,116639.0,63830.0,42.15,30.41,0,NO,41.32,40.63,37.5,40.89,38.49,,475,0.0,36600,NO,NO,2026-01-21,2067400.0
960,EMGF,72.56,73.98,279449.0,ETF,ETF,79.0,84.0,52.0,79.0,1.1338,0.7162,157714.0,125260.0,76.58,54.88,0,NO,72.31,70.65,66.73,71.16,68.9,,2705,0.0,279458,NO,NO,2025-09-15,2894300.0
961,UMMA,37.12,37.3,43037.0,ETF,ETF,79.0,50.0,31.0,78.0,0.59,0.4586,46765.0,41920.0,41.53,26.98,0,NO,37.05,36.84,34.42,37.02,35.71,,1180,0.0,43038,NO,NO,2022-01-07,860100.0
962,BMY,61.15,62.62,14268422.0,Health technology,Pharmaceuticals: major,79.0,12.0,83.0,47.0,1.3075,1.1954,11116973.0,11760420.0,68.64,42.52,124912001024,NO,65.15,64.14,58.98,64.42,60.24,,13690,0.0,14450832,YES,NO,2019-11-20,185413200.0
963,HSTM,28.76,29.08,143482.0,Healthcare,Health Information Services,79.0,68.0,84.0,90.0,0.7343,0.7264,202452.0,202340.0,31.11,19.5,879937728,NO,29.18,28.7,24.34,28.74,25.32,,6651,0.0,143609,NO,NO,2011-06-24,2252800.0
964,SHE,158.74,159.767,3463.0,ETF,ETF,79.0,72.0,67.0,82.0,1.4557,0.6923,2647.0,1980.0,162.02,124.4,0,NO,157.88,156.99,144.08,157.89,148.78,,2651,0.0,3463,NO,NO,2016-03-08,4219800.0
965,HG,33.47,33.87,373908.0,Financial Services,Insurance - Reinsurance,79.0,33.0,66.0,69.0,0.8433,0.7952,445853.0,474580.0,37.31,22.66,3300623616,NO,35.0,35.18,31.31,35.3,32.68,,717,0.0,373908,NO,NO,2023-11-10,4339000.0
966,JPY,38.87,39.312,5720.0,ETF,ETF,79.0,83.0,77.0,77.0,0.4161,0.1786,4625.0,10320.0,39.79,28.92,0,NO,39.02,38.25,35.55,38.6,36.39,,367,0.0,5720,NO,NO,2025-07-17,348200.0
967,JIVE,96.8,98.24,755493.0,ETF,ETF,79.0,61.0,76.0,68.0,1.1158,0.6774,322563.0,375370.0,100.21,73.71,0,NO,98.26,96.81,90.15,97.37,92.34,,759,0.0,755493,NO,NO,2026-04-29,2314400.0
968,DHR,221.56,215.84,3134631.0,Healthcare,Diagnostics & Research,79.0,80.0,92.0,72.0,5.7046,5.1218,4714207.0,4472890.0,242.8,160.93,155753594880,NO,210.28,204.6,201.85,206.98,192.59,,12030,2.52,3161432,NO,NO,2019-12-16,103834430.0
969,SEIV,49.81,50.53,112626.0,ETF,ETF,79.0,53.0,70.0,79.0,0.5594,0.4399,146241.0,102670.0,51.66,37.7,0,NO,50.67,50.08,45.45,50.37,46.95,,1090,0.0,112626,NO,NO,2024-02-13,13262700.0
970,SEEM,39.4,39.975,30064.0,ETF,ETF,79.0,76.0,46.0,76.0,0.6319,0.4022,58471.0,41330.0,41.79,29.25,0,NO,39.23,38.56,36.21,38.85,37.46,,488,0.0,30064,NO,NO,2024-10-28,7424800.0
971,CRVL,73.3,71.83,163290.0,Financial Services,Insurance Brokers,79.0,88.0,91.0,89.0,2.0871,1.9457,196582.0,252650.0,80.79,44.83,3702864896,NO,69.88,65.77,61.19,66.91,61.06,,8871,0.0,163290,NO,NO,1991-06-28,40111200.0
972,EMKT,31.69,32.007,9394.0,ETF,ETF,79.0,77.0,54.0,80.0,0.4187,0.204,16331.0,10700.0,33.28,23.77,0,NO,31.41,31.0,28.92,31.22,29.96,,227,0.0,9394,NO,NO,2026-07-01,184900.0
973,SNDR,32.22,32.33,569482.0,Transportation,Trucking,79.0,10.0,13.0,88.0,0.9675,0.9175,786598.0,718980.0,39.27,20.11,5648195072,NO,33.89,35.3,31.36,34.94,32.79,,2378,0.0,579306,NO,NO,2017-04-06,16878900.0
974,SLP,18.42,18.43,104374.0,Healthcare,Health Information Services,79.0,73.0,55.0,93.0,0.0236,0.0229,330301.0,169430.0,21.01,11.09,372541504,NO,18.42,18.35,16.4,18.37,16.21,,7361,0.0,104374,NO,NO,2025-07-15,6147000.0
975,EEE,23.1,23.51,533.0,ETF,ETF,79.0,86.0,88.0,81.0,0.2636,0.0321,1041.0,1100.0,23.54,18.18,0,NO,22.64,21.62,,21.94,20.62,,162,0.0,533,NO,NO,2026-08-17,8800.0
976,DFTT,31.12,31.074,2431.0,ETF,ETF,79.0,87.0,47.0,85.0,0.3673,0.1193,2250.0,1140.0,32.67,23.44,0,NO,29.97,29.96,27.9,30.15,28.93,,215,0.0,2431,NO,NO,2026-01-06,608500.0
977,TUG,47.83,47.796,62.0,ETF,ETF,79.0,86.0,69.0,85.0,0.3893,0.1876,1900.0,2100.0,48.21,35.93,0,NO,46.42,46.16,42.84,46.42,44.18,,1088,0.0,62,NO,NO,2022-05-23,6501700.0
978,QGRW,68.56,69.11,195658.0,ETF,ETF,79.0,84.0,79.0,84.0,0.8128,0.6398,232090.0,299540.0,69.34,50.94,0,NO,67.16,66.57,61.82,67.01,63.38,,939,0.0,195658,NO,NO,2025-03-10,5423700.0
979,ASGM,33.16,33.409,2662.0,ETF,ETF,79.0,83.0,76.0,76.0,0.2148,0.109,765.0,1560.0,33.43,24.6,0,NO,32.95,32.12,30.08,32.38,31.04,,285,0.0,2662,NO,NO,2025-08-05,200100.0
980,DCOM,39.95,40.89,192554.0,Financial Services,Banks - Regional,79.0,62.0,50.0,80.0,0.8039,0.7439,323909.0,329410.0,41.97,25.63,1764056064,NO,40.55,40.53,36.22,40.51,37.93,,6966,0.0,192554,NO,NO,2021-01-29,3788300.0
981,BUZZ,39.24,39.39,22770.0,ETF,ETF,79.0,90.0,79.0,87.0,0.7926,0.5915,47415.0,22620.0,41.23,26.93,0,NO,37.22,35.9,34.39,36.44,35.02,,1395,0.0,22774,NO,NO,2021-03-04,18199900.0
982,PJFV,100.32,101.26,20025.0,ETF,ETF,79.0,70.0,67.0,78.0,0.8994,0.5907,16644.0,12040.0,102.79,78.13,0,NO,100.16,100.29,91.74,100.57,94.65,,945,0.0,20025,NO,NO,2026-05-20,193900.0
983,EGBN,28.06,27.96,376835.0,Financial Services,Banks - Regional,79.0,66.0,43.0,67.0,0.6382,0.6132,294193.0,348650.0,29.29,15.03,855380224,NO,27.79,27.86,25.98,28.07,27.0,,6840,0.14,376835,NO,NO,2018-11-16,6263500.0
984,FELV,41.84,42.28,316673.0,ETF,ETF,79.0,52.0,73.0,78.0,0.3686,0.2714,203055.0,368100.0,43.26,32.73,0,NO,42.55,42.29,38.28,42.42,39.44,,711,0.0,316673,NO,NO,2024-12-31,6536600.0
985,HEWJ,65.24,65.46,52280.0,ETF,ETF,79.0,81.0,62.0,74.0,0.7721,0.5279,78455.0,76980.0,66.92,48.91,0,NO,64.53,64.15,59.96,64.55,61.66,,3176,0.0,52280,NO,NO,2017-12-05,9629700.0
986,FBP,26.69,27.46,1243876.0,Financial Services,Banks - Regional,79.0,21.0,57.0,86.0,0.5443,0.5086,1428626.0,1691780.0,29.88,19.16,4074716160,NO,27.87,28.33,24.16,28.31,25.28,,9999,0.0,1272776,NO,NO,2013-08-13,22284600.0
987,BMEZ,16.7,16.75,141846.0,Miscellaneous,Investment trusts,79.0,52.0,86.0,79.0,0.2814,0.2743,146812.0,125630.0,17.25,13.7,1043773504,NO,16.71,16.16,15.1,16.33,15.09,,1671,0.0,141846,NO,NO,2023-03-31,2630000.0
988,IYH,71.54,71.61,376415.0,ETF,ETF,79.0,41.0,84.0,74.0,0.9229,0.7357,697812.0,671460.0,74.59,56.44,0,NO,71.72,70.5,65.63,70.86,65.82,,6605,0.0,376415,NO,NO,2014-10-20,30194000.0
989,SPUS,59.69,59.83,345870.0,ETF,ETF,79.0,82.0,78.0,82.0,0.62,0.495,422536.0,330150.0,60.3,46.43,0,NO,58.67,58.08,54.19,58.46,55.51,,1698,0.0,345870,NO,NO,2025-11-20,1765800.0
990,KWR,158.86,155.42,83471.0,Process industries,Chemicals: specialty,79.0,46.0,81.0,89.0,4.37,4.1047,161841.0,163000.0,183.01,112.18,2733615616,NO,159.31,160.2,148.08,161.26,146.59,,11724,0.68,83471,NO,NO,1996-06-24,33880000.0
991,APPF,210.01,209.84,268068.0,Technology,Software - Application,79.0,21.0,95.0,84.0,8.3917,7.5699,377796.0,288950.0,283.14,142.56,7437922304,NO,219.17,201.82,186.93,205.45,178.17,,2826,0.0,268068,NO,NO,2015-06-26,3529100.0
992,FDTS,70.83,71.6,37.0,ETF,ETF,79.0,81.0,80.0,53.0,0.7862,0.2686,996.0,1710.0,72.63,54.1,0,NO,70.81,68.56,66.53,69.36,68.0,,3670,0.0,37,NO,NO,2015-11-25,138700.0
993,HQH,21.6,21.58,93405.0,Financial Services,Asset Management,79.0,8.0,75.0,81.0,0.4505,0.4276,220869.0,139210.0,24.85,16.98,0,NO,22.27,22.36,20.14,22.41,20.52,,9929,0.0,93405,NO,NO,2026-07-17,1078300.0
994,BCH,41.8,41.62,582986.0,Finance,Major banks,79.0,64.0,78.0,51.0,0.8879,0.8293,286700.0,253820.0,46.77,29.71,21112569856,NO,41.77,41.38,39.89,41.47,39.38,,6073,0.0,582986,NO,NO,2014-01-29,3064023.0
995,BELFA,204.16,197.66,64689.0,Electronic technology,Electronic components,78.0,30.0,5.0,37.0,8.2064,7.2971,155676.0,75020.0,293.51,110.67,2947958272,NO,202.08,217.74,211.91,216.85,225.46,,10782,1.23,64689,NO,NO,1996-07-24,1593600.0
996,FBTC,73.58,75.01,7197667.0,ETF,ETF,78.0,91.0,95.0,80.0,2.4554,1.7006,4040207.0,3945450.0,110.25,50.48,0,NO,69.08,62.16,64.6,63.72,61.69,,677,0.0,7207300,NO,NO,2024-03-05,37918500.0
997,KOF,110.57,111.16,112877.0,Consumer non-durables,Beverages: non-alcoholic,78.0,59.0,65.0,75.0,2.2211,2.1925,135844.0,134830.0,117.09,80.22,0,NO,111.82,109.38,104.49,109.85,105.78,,8312,0.0,113005,NO,NO,1993-09-14,13098300.0
998,RHP,120.74,121.68,406471.0,Finance,Real estate investment trusts,78.0,23.0,31.0,88.0,2.8332,2.7911,746360.0,645930.0,137.46,83.82,8329162752,NO,123.79,126.32,109.4,125.91,115.11,,8789,0.0,406498,NO,NO,2009-09-24,11874000.0
999,EQH,52.27,53.87,2798504.0,Finance,Life/Health insurance,78.0,91.0,88.0,90.0,1.3393,1.2396,3024814.0,4043770.0,55.06,35.2,14257468416,NO,52.12,50.65,45.09,51.19,44.87,,2103,0.0,2798504,NO,NO,2019-11-08,62014300.0
1000,EEMO,22.65,23.03,3043.0,ETF,ETF,78.0,83.0,24.0,87.0,0.4907,0.2225,29087.0,26630.0,26.17,16.24,0,NO,22.37,21.57,20.26,21.84,21.15,,3665,0.0,3043,NO,NO,2018-04-03,21029600.0
1001,LNOK,17.83,18.95,78475.0,ETF,ETF,78.0,83.0,0.0,78.0,1.7195,1.1554,288203.0,176240.0,60.61,8.87,0,NO,17.44,17.19,,17.04,24.68,,169,0.0,78550,NO,NO,2026-06-09,1894600.0
1002,DFJ,115.69,115.81,7598.0,ETF,ETF,78.0,84.0,81.0,71.0,1.3768,1.0739,35869.0,36050.0,117.8,89.61,0,NO,114.99,111.64,105.7,113.19,107.51,,5098,0.0,7598,NO,NO,2018-03-06,1729300.0
1003,FLAX,37.04,37.635,9324.0,ETF,ETF,78.0,80.0,51.0,76.0,0.5009,0.2146,7403.0,5240.0,39.2,28.16,0,NO,36.71,35.95,33.9,36.27,35.02,,2166,0.0,9324,NO,NO,2023-11-20,352300.0
1004,SPWO,33.69,33.94,94184.0,ETF,ETF,78.0,70.0,52.0,77.0,0.6108,0.4936,62887.0,69530.0,35.46,25.51,0,NO,33.3,32.95,31.12,33.18,32.06,,690,0.0,94184,NO,NO,2025-07-10,612000.0
1005,YNOT,33.83,34.125,23297.0,ETF,ETF,78.0,87.0,75.0,82.0,0.6176,0.4641,52825.0,16060.0,35.02,25.19,0,NO,32.8,32.22,30.55,32.6,31.33,,303,0.0,23297,NO,NO,2025-07-31,2031900.0
1006,FRST,15.49,15.92,106310.0,Financial Services,Banks - Regional,78.0,34.0,41.0,76.0,0.3371,0.3264,200671.0,182110.0,16.88,9.55,384137632,NO,15.98,16.09,14.5,16.04,15.0,,5002,0.0,106310,NO,NO,2026-06-26,1935500.0
1007,DMLP,29.11,29.42,49134.0,Energy,Oil & Gas E&P,78.0,74.0,84.0,44.0,0.5175,0.5036,170046.0,103050.0,30.54,20.85,1429050880,NO,29.34,28.09,26.4,28.45,27.52,,5947,0.0,49529,NO,NO,2026-06-18,1143100.0
1008,FDIF,41.7,41.964,2640.0,ETF,ETF,78.0,70.0,79.0,84.0,0.4423,0.2688,8188.0,3330.0,42.27,31.3,0,NO,41.28,40.55,37.44,40.85,38.18,,818,0.0,2640,NO,NO,2026-07-07,245800.0
1009,EEM,67.71,68.83,23500195.0,ETF,ETF,78.0,78.0,52.0,75.0,1.0897,0.684,20717400.0,19637750.0,71.57,51.82,0,NO,67.32,65.95,62.48,66.52,64.42,,5898,0.0,23817081,YES,NO,2008-11-21,248682100.0
1010,BLSH,40.11,40.14,1237928.0,Technology services,Packaged software,78.0,97.0,97.0,34.0,2.718,2.3276,1607747.0,1892670.0,70.5,20.55,6082615296,NO,35.05,28.73,33.79,30.66,32.31,,279,0.0,1238094,NO,NO,2025-08-13,58207600.0
1011,RVER,37.05,37.502,322.0,ETF,ETF,78.0,82.0,80.0,87.0,0.7519,0.4213,10526.0,29470.0,39.45,26.34,0,NO,36.6,35.71,32.47,36.13,33.11,,620,0.0,322,NO,NO,2024-04-04,595400.0
1012,RY,199.45,206.19,842213.0,Finance,Major banks,78.0,44.0,37.0,82.0,3.3786,2.9568,1368174.0,980100.0,218.57,143.13,276124532736,NO,205.65,208.9,184.99,207.49,191.98,,7784,0.0,842230,NO,NO,2015-01-22,9830200.0
1013,IUS,68.56,69.08,41473.0,ETF,ETF,78.0,55.0,75.0,76.0,0.5471,0.4031,51344.0,47560.0,70.65,53.97,0,NO,69.53,68.88,63.06,69.12,64.96,,2017,0.0,41473,NO,NO,2019-07-05,4305600.0
1014,CCNR,39.84,40.143,7294.0,ETF,ETF,78.0,24.0,75.0,39.0,0.5913,0.3817,33123.0,10260.0,43.85,30.13,0,NO,41.42,40.08,38.71,40.39,39.78,,552,0.0,7294,NO,NO,2026-02-26,2314300.0
1015,FHLC,81.75,81.95,175773.0,ETF,ETF,78.0,39.0,83.0,74.0,1.0368,0.8211,243863.0,364310.0,85.46,64.3,0,NO,82.34,81.11,75.26,81.39,75.56,,3246,0.0,175773,NO,NO,2018-01-17,2999800.0
1016,JCI,145.9,145.18,2901566.0,Industrials,Building Products & Equipment,78.0,83.0,65.0,53.0,3.4886,2.92,3703696.0,3803690.0,157.06,104.49,88377671680,NO,142.2,144.78,136.27,145.86,141.21,,9820,0.0,2901566,NO,NO,2009-03-16,269590295.0
1017,EFSI,45.36,45.68,30967.0,Financial Services,Banks - Regional,78.0,91.0,76.0,90.0,1.5664,1.4929,66546.0,49400.0,48.17,31.44,245470864,NO,43.93,42.69,39.5,42.9,39.87,,6341,0.0,35055,NO,NO,2025-06-27,586000.0
1018,XDAT,28.37,28.194,1379.0,ETF,ETF,78.0,92.0,90.0,86.0,0.4291,0.1045,917.0,440.0,28.78,20.15,0,NO,26.73,26.04,24.33,26.31,24.38,,1428,0.0,1379,NO,NO,2021-01-22,80900.0
1019,PEVC,32.34,31.427,11.0,ETF,ETF,78.0,85.0,84.0,82.0,0.3883,0.049,253.0,280.0,32.45,24.36,0,NO,31.62,31.14,29.22,31.45,29.56,,409,2.68,300,NO,NO,2026-04-06,78600.0
1020,URI,1031.99,1029.92,404706.0,Industrials,Rental & Leasing Services,78.0,23.0,31.0,91.0,27.6764,26.4557,461028.0,443650.0,1179.18,701.59,64233623552,NO,1014.0,1067.78,938.65,1071.12,977.96,,7233,0.0,406123,NO,NO,2007-11-14,36409300.0
1021,EETH,32.4,33.41,29801.0,ETF,ETF,78.0,94.0,97.0,80.0,1.2029,0.8307,51020.0,61270.0,74.0,18.68,0,NO,30.28,26.37,28.12,27.54,25.61,,746,0.0,29937,NO,NO,2025-10-01,721900.0
1022,SAMM,35.24,34.988,1214.0,ETF,ETF,78.0,91.0,80.0,77.0,0.592,0.2552,4520.0,7930.0,35.3,28.35,0,NO,33.44,32.27,31.47,32.79,31.81,,619,0.0,1214,NO,NO,2024-04-09,221900.0
1023,BTCL,20.55,21.53,49525.0,ETF,ETF,78.0,96.0,97.0,82.0,1.2624,0.8489,84544.0,104970.0,68.29,10.4,0,NO,18.24,15.1,18.83,15.97,15.87,,553,0.0,49541,NO,NO,2026-02-05,1017300.0
1024,ROBT,59.56,59.947,27082.0,ETF,ETF,78.0,71.0,83.0,82.0,0.8665,0.6946,39422.0,35150.0,60.97,44.01,0,NO,58.67,57.49,53.71,58.13,54.26,,2150,0.0,27082,NO,NO,2025-10-08,518600.0
1025,GEME,41.88,42.25,31179.0,ETF,ETF,78.0,58.0,35.0,74.0,0.6832,0.4909,70804.0,43260.0,45.99,30.6,0,NO,41.92,41.89,38.98,42.03,40.54,,418,0.0,31179,NO,NO,2025-03-03,979600.0
1026,USSE,40.83,41.12,13768.0,ETF,ETF,78.0,80.0,67.0,80.0,0.41,0.2815,28182.0,28930.0,41.91,31.56,0,NO,40.43,40.33,37.09,40.56,38.38,,768,0.0,13769,NO,NO,2026-03-12,590000.0
1027,KMTS,25.51,24.77,222726.0,Health technology,Medical specialties,78.0,25.0,91.0,87.0,1.4615,1.4304,398552.0,527280.0,30.0,17.34,1519421440,NO,25.04,25.08,23.51,24.93,22.75,,389,0.0,222726,NO,NO,2025-03-06,3947100.0
1028,GEM,51.78,52.69,104881.0,ETF,ETF,78.0,80.0,54.0,75.0,0.8225,0.4934,112430.0,111820.0,54.29,39.63,0,NO,51.43,50.4,47.59,50.84,49.06,,2761,0.0,104881,NO,NO,2021-03-08,17486200.0
1029,BY,36.88,37.47,189629.0,Financial Services,Banks - Regional,78.0,38.0,61.0,77.0,0.6729,0.6504,302512.0,273490.0,40.03,25.57,1666475264,NO,38.07,38.44,33.95,38.44,35.24,,2319,0.0,189629,NO,NO,2017-06-30,3492700.0
1030,GQQQ,36.2,36.437,43699.0,ETF,ETF,78.0,82.0,59.0,82.0,0.3544,0.2002,18925.0,17820.0,37.78,27.67,0,NO,35.57,35.43,32.91,35.61,34.0,,495,0.0,43699,NO,NO,2025-01-14,760400.0
1031,PEBO,38.43,39.04,171799.0,Finance,Regional banks,78.0,34.0,64.0,78.0,0.6457,0.6064,298755.0,282090.0,42.29,27.49,1381263232,NO,39.55,40.18,35.15,40.16,36.64,,8461,0.0,171799,NO,NO,2026-03-20,1439300.0
1032,KSTR,24.03,24.57,467337.0,ETF,ETF,78.0,79.0,9.0,88.0,0.4677,0.2641,975307.0,1016520.0,32.54,17.23,0,NO,23.43,24.36,22.55,24.09,23.53,,1417,0.0,477937,NO,NO,2026-02-05,4388000.0
1033,ROE,43.04,43.285,19130.0,ETF,ETF,78.0,59.0,62.0,78.0,0.3639,0.2648,26173.0,37300.0,44.42,33.11,0,NO,43.22,43.01,39.41,43.22,40.7,,789,0.0,19130,NO,NO,2024-07-11,1429500.0
1034,SIG,100.12,98.63,938555.0,Consumer Cyclical,Luxury Goods,78.0,97.0,89.0,59.0,5.1371,4.2511,859163.0,1531340.0,110.2,71.62,3836322560,NO,91.64,91.34,88.86,92.18,88.57,,9619,1.37,938555,NO,NO,2018-03-14,25956200.0
1035,SMC,31.35,31.86,58254.0,Industrial services,Oil & gas pipelines,78.0,14.0,78.0,25.0,0.935,0.9321,55938.0,80830.0,36.47,19.83,432116416,NO,33.71,32.56,30.04,32.69,30.91,,3514,0.0,58303,NO,NO,2025-06-27,1383500.0
1036,EML,25.58,25.6,3249.0,Industrials,Tools & Accessories,78.0,82.0,83.0,80.0,1.5364,1.5243,27865.0,14110.0,29.91,17.61,153929136,NO,26.03,25.35,21.87,25.33,23.26,,11724,0.0,3249,NO,NO,2013-06-28,840500.0
1037,WSBF,20.33,20.69,64450.0,Finance,Finance/Rental/Leasing,78.0,37.0,71.0,59.0,0.4686,0.4607,84873.0,126510.0,21.66,14.52,365472992,NO,21.03,20.72,18.76,20.85,19.41,,5273,0.0,64450,NO,NO,2014-01-23,4630800.0
1038,EOG,141.84,141.38,2485781.0,Energy minerals,Integrated oil,78.0,17.0,74.0,34.0,3.8679,3.4679,3194612.0,3833960.0,154.16,101.59,74399219712,NO,146.01,144.43,130.79,144.75,138.89,,9309,0.0,2547757,NO,NO,2000-11-01,85014000.0
1039,ETHO,79.72,80.07,2679.0,ETF,ETF,78.0,41.0,67.0,79.0,0.6943,0.4615,3204.0,2510.0,83.93,61.14,0,NO,80.29,80.65,73.44,80.75,75.76,,2724,0.0,2679,NO,NO,2021-09-23,120000.0
1040,GHM,87.8,85.87,137472.0,Industrials,Specialty Industrial Machinery,78.0,5.0,5.0,40.0,3.5264,3.1921,217355.0,163400.0,125.82,49.19,1030511552,NO,86.79,97.81,89.61,96.06,96.86,,11724,0.22,137472,NO,NO,1990-07-20,1783500.0
1041,PEXL,73.71,71.84,164.0,ETF,ETF,78.0,81.0,38.0,82.0,0.69,0.3086,1917.0,1230.0,75.84,55.51,0,NO,71.38,71.58,66.88,71.88,69.11,,1990,1.1,1600,NO,NO,2023-05-25,82400.0
1042,GSBC,78.01,78.55,66648.0,Financial Services,Banks - Regional,78.0,59.0,63.0,83.0,1.4893,1.4657,102147.0,82790.0,82.91,53.76,850114560,NO,79.19,79.53,69.97,79.71,73.17,,9258,0.0,66648,NO,NO,2009-06-26,1904100.0
1043,AVIE,78.47,79.347,59.0,ETF,ETF,78.0,38.0,80.0,52.0,0.5312,0.3341,1760.0,2090.0,82.03,62.3,0,NO,80.58,79.02,73.48,79.34,75.51,,997,0.0,1700,NO,NO,2023-06-15,193300.0
1044,PTF,108.19,107.37,70767.0,ETF,ETF,78.0,89.0,6.0,76.0,3.8393,2.7471,138222.0,79250.0,139.65,66.48,0,NO,99.71,102.57,100.99,103.56,108.02,,5016,0.0,70767,NO,NO,2015-10-05,6038400.0
1045,QEMM,81.55,82.98,2899.0,ETF,ETF,77.0,74.0,64.0,74.0,0.9347,0.4125,3257.0,1800.0,83.21,63.92,0,NO,81.76,80.05,75.03,80.74,77.47,,3093,0.0,2899,NO,NO,2015-01-30,1280500.0
1046,AUAU,40.22,40.783,1097.0,ETF,ETF,77.0,11.0,90.0,61.0,0.9114,0.2275,1755.0,880.0,50.38,30.32,0,NO,42.07,38.22,,39.51,38.17,,195,0.0,1097,NO,NO,2026-01-30,86000.0
1047,FCG,29.68,29.82,1309625.0,ETF,ETF,77.0,24.0,81.0,17.0,0.7279,0.6329,754523.0,1077800.0,33.03,21.76,0,NO,31.2,29.98,28.18,30.25,29.55,,4872,0.0,1309633,NO,NO,2020-03-10,11232500.0
1048,KSMH,28.15,27.85,414.0,ETF,ETF,77.0,,,,0.8646,0.2907,5308.0,5290.0,28.71,23.1,0,NO,25.86,,,,,,24,0.0,414,NO,NO,2026-09-08,34400.0
1049,UNP,275.53,269.63,1877017.0,Transportation,Railroads,77.0,9.0,78.0,69.0,5.6086,5.0864,2764326.0,2808830.0,315.99,215.53,163685629952,NO,289.77,293.97,263.26,293.06,272.91,,11776,1.6,1890471,NO,NO,2009-11-03,39411400.0
1050,XLV,168.8,169.01,7327832.0,ETF,ETF,77.0,39.0,83.0,72.0,2.2579,1.8636,9138322.0,7846630.0,176.6,133.73,0,NO,169.72,167.06,156.06,167.79,156.38,,6979,0.0,7327832,NO,NO,2015-09-28,66470200.0
1051,SHOO,43.4,42.83,1043238.0,Consumer Cyclical,Footwear & Accessories,77.0,24.0,62.0,86.0,1.515,1.3457,1100576.0,1295530.0,49.7,31.33,3175886080,NO,42.88,44.61,41.23,44.7,41.09,,8249,0.0,1043238,NO,NO,2000-06-22,88704872.0
1052,IWD,251.42,253.45,1723136.0,ETF,ETF,77.0,49.0,70.0,74.0,2.1293,1.53,1981652.0,1643440.0,260.19,199.4,0,NO,255.37,254.09,232.41,254.81,239.02,,6619,0.0,1723136,NO,NO,2008-12-22,13494400.0
1053,EMC,37.84,38.425,4013.0,ETF,ETF,77.0,83.0,57.0,78.0,0.5896,0.2898,4903.0,4970.0,39.3,27.88,0,NO,37.32,36.55,34.55,36.89,35.54,,842,0.0,4013,NO,NO,2023-09-07,1098300.0
1054,IVW,142.21,143.37,1369405.0,ETF,ETF,77.0,84.0,77.0,82.0,1.6725,1.2954,1575980.0,1638180.0,143.89,108.13,0,NO,139.55,138.44,129.43,139.32,132.45,,6619,0.0,1369405,NO,NO,2024-03-14,55163800.0
1055,GOP,44.86,45.237,3987.0,ETF,ETF,77.0,77.0,57.0,77.0,0.5201,0.35,9563.0,6920.0,45.88,34.81,0,NO,44.47,44.34,41.17,44.53,42.64,,909,0.0,3987,NO,NO,2025-01-21,71400.0
1056,ATEN,26.75,26.94,747434.0,Technology,Software - Infrastructure,77.0,84.0,4.0,77.0,0.8986,0.8986,1294796.0,1215230.0,38.49,16.52,1942291456,NO,25.61,28.56,25.3,27.21,28.08,,3145,0.0,747434,NO,NO,2022-04-25,16033800.0
1057,FFF,27.39,27.464,1910.0,ETF,ETF,77.0,90.0,86.0,86.0,0.545,0.3938,2980.0,4230.0,27.66,19.85,0,NO,26.52,25.66,,25.99,24.1,,188,0.0,1910,NO,NO,2026-02-06,21600.0
1058,SONO,17.1,16.36,2213089.0,Technology,Consumer Electronics,77.0,92.0,90.0,84.0,0.7486,0.6664,1982857.0,2229950.0,19.82,12.44,2022827008,NO,15.5,15.49,15.32,15.55,14.75,,2045,3.42,2216564,NO,NO,2020-11-19,44783200.0
1059,EPAI,27.61,26.411,31.0,ETF,ETF,77.0,61.0,9.0,78.0,0.4804,0.1319,936.0,1050.0,31.74,19.76,0,NO,26.43,26.95,,27.03,26.66,,189,0.87,2300,NO,NO,2025-12-18,174900.0
1060,RUSHA,48.04,48.09,445982.0,Retail trade,Specialty stores,77.0,13.0,66.0,54.0,1.3414,1.2293,732671.0,775730.0,55.74,30.45,5607729152,NO,49.61,51.48,46.36,51.2,48.18,,5776,0.0,470771,NO,NO,2023-12-29,20779500.0
1061,SFY,154.19,155.141,10795.0,ETF,ETF,77.0,81.0,74.0,81.0,1.5517,1.0467,15447.0,11850.0,155.88,120.23,0,NO,151.95,150.44,140.5,151.45,143.92,,1872,0.0,10795,NO,NO,2025-01-21,2873400.0
1062,SPYG,123.06,124.1,2148434.0,ETF,ETF,77.0,84.0,77.0,82.0,1.4421,1.1171,2256631.0,1962510.0,124.58,93.61,0,NO,120.85,119.87,112.06,120.63,114.68,,6531,0.0,2148434,NO,NO,2023-06-05,19715200.0
1063,FNDF,54.53,55.19,1832835.0,ETF,ETF,77.0,48.0,67.0,63.0,0.6129,0.3882,1612701.0,2066000.0,56.48,42.32,0,NO,55.5,54.73,51.3,55.05,52.75,,3295,0.0,1832835,NO,NO,2020-03-09,12151800.0
1064,XT,83.82,83.96,45545.0,ETF,ETF,77.0,79.0,70.0,82.0,0.8499,0.6559,72500.0,70540.0,84.42,65.47,0,NO,82.1,81.58,76.41,81.96,78.33,,2892,0.0,45545,NO,NO,2018-02-12,11237000.0
1065,WRND,43.46,43.911,2017.0,ETF,ETF,77.0,79.0,75.0,77.0,0.3972,0.0157,376.0,220.0,44.06,34.38,0,NO,42.83,42.4,40.04,42.73,40.94,,1159,0.0,2017,NO,NO,2023-06-09,227400.0
1066,FBCG,63.42,63.78,431747.0,ETF,ETF,77.0,86.0,73.0,83.0,0.8269,0.6439,595249.0,687920.0,64.38,47.6,0,NO,61.78,61.4,57.65,61.79,59.11,,1582,0.0,433262,NO,NO,2024-12-31,20180400.0
1067,TVAL,42.56,42.92,66177.0,ETF,ETF,77.0,61.0,64.0,74.0,0.3269,0.2379,85141.0,83190.0,43.6,33.55,0,NO,42.95,42.85,39.33,42.96,40.56,,820,0.0,66177,NO,NO,2026-06-23,4345500.0
1068,DKL,54.97,55.75,79663.0,Energy,Oil & Gas Refining & Marketing,77.0,81.0,83.0,37.0,1.1686,1.0871,162460.0,343000.0,61.5,42.35,3177117696,NO,55.83,56.22,51.94,56.25,53.28,,3491,0.0,79663,NO,NO,2012-11-02,6563000.0
1069,HARD,34.97,34.46,6164.0,ETF,ETF,77.0,88.0,87.0,44.0,0.9029,0.5879,39223.0,18470.0,37.63,28.52,0,NO,34.42,32.73,32.58,33.14,33.29,,874,0.19,6164,NO,NO,2025-02-03,580500.0
1070,ESN,20.58,20.712,97843.0,ETF,ETF,77.0,71.0,74.0,74.0,0.186,0.1461,60815.0,30890.0,20.86,16.62,0,NO,20.6,20.39,18.89,20.47,19.41,,481,0.0,97843,NO,NO,2025-06-24,1621900.0
1071,JMOM,83.65,84.04,329784.0,ETF,ETF,77.0,78.0,53.0,81.0,0.8911,0.6429,132685.0,145930.0,85.91,64.82,0,NO,82.54,82.64,76.18,82.92,78.95,,2227,0.0,329784,NO,NO,2019-09-05,1547700.0
1072,ISRA,68.19,68.4,1417.0,ETF,ETF,77.0,83.0,82.0,52.0,0.8261,0.6836,3642.0,2520.0,73.55,51.94,0,NO,67.21,66.22,64.44,66.65,65.61,,3330,0.0,1417,NO,NO,2015-07-24,601500.0
1073,AMPH,24.96,24.48,502087.0,Health technology,Pharmaceuticals: major,77.0,96.0,93.0,87.0,0.8089,0.7939,463014.0,564830.0,29.52,16.65,1061747072,NO,23.29,21.43,22.36,21.95,20.47,,3079,0.0,504549,NO,NO,2016-09-21,6087500.0
1074,CAFG,32.38,32.609,55517.0,ETF,ETF,77.0,37.0,45.0,78.0,0.2929,0.2126,18688.0,14130.0,34.76,24.24,0,NO,32.88,33.33,30.03,33.24,31.34,,851,0.0,55517,NO,NO,2026-08-03,423500.0
1075,HLTH,28.85,29.35,11342.0,ETF,ETF,77.0,52.0,,,0.7801,0.6673,10400.0,6560.0,31.22,24.88,0,NO,28.63,,,27.78,,,45,0.0,11347,NO,NO,2026-08-24,110400.0
1076,GVUS,64.75,65.309,133.0,ETF,ETF,77.0,51.0,70.0,74.0,0.4917,0.2393,24036.0,3320.0,66.57,51.24,0,NO,65.62,65.24,59.7,65.44,61.4,,704,0.0,133,NO,NO,2023-12-20,2377200.0
1077,JNUG,169.83,175.3,394536.0,ETF,ETF,77.0,2.0,94.0,27.0,13.2297,9.6312,296925.0,232530.0,363.55,99.42,0,NO,187.87,160.76,199.19,169.5,174.02,,3261,0.0,394536,NO,NO,2020-03-19,10465210.0
1078,LSAF,54.04,54.75,8320.0,ETF,ETF,77.0,38.0,75.0,75.0,0.5716,0.4502,7326.0,20330.0,56.56,42.47,0,NO,55.38,55.01,49.72,55.14,51.17,,2003,0.0,8320,NO,NO,2018-10-05,1148700.0
1079,ITT,211.94,205.68,746988.0,Industrials,Specialty Industrial Machinery,77.0,82.0,81.0,62.0,6.0721,5.3471,892598.0,922580.0,230.32,166.96,0,NO,202.39,203.13,195.78,206.03,199.81,,7741,1.21,746988,NO,NO,2011-01-12,67149578.0
1080,BRCE,30.29,30.55,5836.0,ETF,ETF,77.0,73.0,77.0,76.0,0.22,0.0828,1647.0,5290.0,30.73,24.45,0,NO,30.26,30.02,27.79,30.17,28.46,,230,0.0,5836,NO,NO,2025-10-22,803300.0
1081,AVDV,110.48,111.58,760859.0,ETF,ETF,77.0,60.0,74.0,64.0,1.301,0.9414,833809.0,671230.0,114.0,87.15,0,NO,111.84,108.91,104.37,110.06,106.31,,1756,0.0,760859,NO,NO,2024-10-31,4139500.0
1082,EMPB,34.92,34.992,8464.0,ETF,ETF,77.0,65.0,79.0,72.0,0.1897,0.1576,7161.0,3320.0,36.02,27.68,0,NO,34.8,34.13,31.29,34.46,32.35,,444,0.0,8464,NO,NO,2026-01-02,51700.0
1083,EMR,154.59,151.72,2699047.0,Industrials,Specialty Industrial Machinery,77.0,56.0,80.0,77.0,3.6525,3.1461,2615268.0,2306830.0,166.35,122.64,86230302720,NO,151.3,151.66,143.8,154.11,143.78,,13690,0.84,2713721,NO,NO,2001-07-11,24822800.0
1084,JHEM,40.24,40.97,52306.0,ETF,ETF,77.0,80.0,52.0,71.0,0.6743,0.4186,65344.0,106010.0,42.16,30.85,0,NO,40.26,39.38,37.29,39.7,38.44,,2005,0.0,52306,NO,NO,2019-02-19,6657600.0
1085,TRFM,59.45,59.48,12269.0,ETF,ETF,77.0,63.0,36.0,84.0,0.737,0.5243,32060.0,38010.0,64.5,43.76,0,NO,58.66,59.19,54.29,59.32,56.48,,1054,0.0,12269,NO,NO,2026-05-01,322800.0
1086,BILL,45.92,47.06,1097531.0,Technology,Software - Application,77.0,35.0,95.0,64.0,1.8143,1.6307,2302042.0,1967390.0,57.21,31.41,3915909888,NO,48.39,47.3,43.7,47.44,41.44,,1702,0.0,1097533,NO,NO,2025-02-07,28463100.0
1087,IUSG,193.78,195.29,479833.0,ETF,ETF,77.0,83.0,76.0,81.0,2.235,1.6943,475626.0,418010.0,196.04,148.39,0,NO,190.46,189.15,176.97,190.29,181.13,,6576,0.0,479833,NO,NO,2018-12-11,8178500.0
1088,FOXA,63.96,64.79,4652069.0,Communication Services,Entertainment,77.0,19.0,94.0,60.0,1.8271,1.6706,5682577.0,5736820.0,76.39,48.34,26970245120,NO,66.51,63.3,63.44,64.33,61.58,,1894,0.0,4652069,NO,NO,2026-06-15,33618700.0
1089,BGRO,44.24,44.564,2837.0,ETF,ETF,77.0,84.0,78.0,83.0,0.4249,0.0642,812.0,1330.0,44.78,33.21,0,NO,43.18,42.86,40.01,43.19,40.94,,576,0.0,2837,NO,NO,2025-07-08,14700.0
1090,CCNE,33.43,33.95,120891.0,Financial Services,Banks - Regional,77.0,61.0,54.0,76.0,0.7036,0.6757,164134.0,158730.0,36.17,22.8,990226176,NO,34.14,34.43,30.69,34.41,32.02,,8172,0.0,120891,NO,NO,2009-06-26,1102100.0
1091,NANC,52.4,52.657,9557.0,ETF,ETF,76.0,83.0,79.0,81.0,0.5552,0.4327,16455.0,16860.0,52.8,40.78,0,NO,51.58,51.07,47.6,51.38,48.52,,909,0.0,9568,NO,NO,2025-04-07,353200.0
1092,PM,190.84,187.48,6693467.0,Consumer non-durables,Tobacco,76.0,81.0,78.0,72.0,4.5579,4.0786,4818011.0,4831260.0,207.76,142.11,297445785600,NO,189.54,189.57,176.31,189.69,179.36,,4659,1.37,6693467,NO,NO,2018-04-19,45570300.0
1093,TURF,34.51,34.551,4718.0,ETF,ETF,76.0,29.0,82.0,38.0,0.5022,0.3514,80249.0,10890.0,36.69,26.69,0,NO,35.69,34.26,33.26,34.6,33.94,,321,0.0,4718,NO,NO,2026-06-23,1395200.0
1094,DAN,29.7,29.99,1282677.0,Consumer Cyclical,Auto Parts,76.0,21.0,66.0,9.0,0.9979,0.8764,1539725.0,1473790.0,39.56,17.74,3195027456,NO,30.41,29.26,30.66,29.75,31.56,,4710,0.0,1282677,NO,NO,2009-09-24,28204800.0
1095,SRHQ,47.23,48.038,346.0,ETF,ETF,76.0,26.0,77.0,70.0,0.4294,0.0957,1041.0,770.0,50.36,37.22,0,NO,48.97,48.71,43.83,48.78,45.24,,994,0.0,346,NO,NO,2022-10-05,7200700.0
1096,AVEM,94.74,96.33,2183909.0,ETF,ETF,76.0,76.0,47.0,71.0,1.4166,0.8963,1766709.0,1732390.0,100.83,72.94,0,NO,94.71,92.75,88.11,93.48,90.85,,1761,0.0,2183909,NO,NO,2025-05-12,12045200.0
1097,FNLC,33.98,34.8,41910.0,Financial Services,Banks - Regional,76.0,50.0,49.0,79.0,0.8729,0.8671,36369.0,43460.0,36.3,24.08,383373920,NO,34.8,34.9,30.34,34.98,31.62,,6840,0.0,41910,NO,NO,2008-06-27,816000.0
1098,CDE,19.32,19.52,43839532.0,Basic Materials,Gold,76.0,15.0,89.0,49.0,0.9736,0.8364,35901465.0,33229160.0,27.77,13.55,19859703808,NO,20.58,18.41,19.19,18.92,18.38,,11724,0.0,43846398,YES,NO,2026-06-18,182076200.0
1099,BCOR,29.3,27.764,30.0,ETF,ETF,76.0,97.0,91.0,87.0,0.8879,0.1521,1320.0,680.0,36.98,20.15,0,NO,26.3,23.75,24.57,24.63,24.1,,350,4.45,2000,NO,NO,2025-06-12,39000.0
1100,FBCV,41.76,42.222,21623.0,ETF,ETF,76.0,43.0,78.0,72.0,0.4061,0.316,15398.0,14960.0,43.49,33.41,0,NO,42.68,42.19,38.73,42.36,39.62,,1582,0.0,21623,NO,NO,2026-02-04,684200.0
1101,RXO,19.88,19.72,2048450.0,Technology services,Packaged software,76.0,7.0,4.0,93.0,0.9981,0.9903,1807898.0,1965940.0,29.9,10.43,3278731264,NO,20.34,22.44,19.32,21.58,21.26,,978,0.0,2048450,NO,NO,2023-01-04,23780600.0
1102,ESGG,239.44,241.443,475.0,ETF,ETF,76.0,69.0,71.0,78.0,1.8684,0.3785,679.0,1740.0,243.59,194.43,0,NO,239.1,237.3,220.31,238.61,225.66,,2561,0.0,475,NO,NO,2017-09-25,200500.0
1103,FDBC,53.97,54.6,8971.0,Financial Services,Banks - Regional,76.0,77.0,77.0,81.0,1.3514,1.2914,12607.0,16880.0,56.9,39.87,313485184,NO,54.33,53.66,47.86,54.04,49.23,,6904,0.0,8971,NO,NO,2023-06-23,543900.0
1104,WTLS,61.69,61.774,2927.0,ETF,ETF,76.0,71.0,69.0,81.0,0.7476,0.5588,3580.0,4500.0,63.89,47.21,0,NO,61.81,61.72,,61.93,57.9,,167,0.0,2927,NO,NO,2026-02-02,177400.0
1105,BMNP,99.5,98.75,3483.0,Finance,Financial conglomerates,76.0,91.0,87.0,,1.1653,1.141,45392.0,19330.0,99.62,79.73,0,NO,97.7,92.46,,93.94,,,68,0.0,3483,NO,NO,2026-07-31,400000.0
1106,TRUH,29.55,29.6,517.0,ETF,ETF,76.0,43.0,83.0,,0.241,0.1181,898.0,880.0,30.68,24.78,0,NO,29.61,29.14,,29.27,,,119,0.0,517,NO,NO,2026-06-16,7800.0
1107,DBEM,39.69,40.18,4873.0,ETF,ETF,76.0,81.0,38.0,70.0,0.5336,0.3207,12020.0,5310.0,45.42,30.17,0,NO,39.26,38.75,36.92,38.94,38.23,,3844,0.0,4873,NO,NO,2016-12-12,5253800.0
1108,XCNY,33.98,34.495,2012.0,ETF,ETF,76.0,83.0,59.0,74.0,0.3315,0.0531,598.0,320.0,34.51,26.94,0,NO,33.82,33.16,31.29,33.37,32.13,,513,0.0,2012,NO,NO,2025-01-08,80100.0
1109,GM,83.77,83.95,4729101.0,Consumer Cyclical,Auto Manufacturers,76.0,30.0,77.0,57.0,2.7118,2.5504,6808196.0,8371780.0,91.85,54.33,75765899264,NO,85.55,85.1,80.61,85.94,80.12,,3983,0.0,4729101,NO,NO,2010-11-18,457044300.0
1110,GFLW,33.64,33.726,144629.0,ETF,ETF,76.0,59.0,64.0,84.0,0.4006,0.3059,179630.0,225960.0,34.94,25.0,0,NO,33.54,33.27,30.29,33.46,31.25,,449,0.0,144629,NO,NO,2025-03-04,5297900.0
1111,JQUA,74.42,74.67,1138386.0,ETF,ETF,76.0,68.0,77.0,78.0,0.6012,0.4644,477544.0,506630.0,75.64,59.7,0,NO,74.14,73.61,67.77,73.93,69.52,,2227,0.0,1138386,NO,NO,2026-03-03,6182600.0
1112,NLSI,56.77,58.032,513.0,ETF,ETF,76.0,69.0,85.0,76.0,0.6576,0.3644,1928.0,1620.0,58.74,44.08,0,NO,57.47,55.62,,56.22,51.49,,196,0.0,513,NO,NO,2026-06-09,45800.0
1113,BMRN,62.21,64.06,2105158.0,Health technology,Biotechnology,76.0,19.0,83.0,64.0,1.695,1.5957,1969546.0,2087560.0,70.98,49.26,12042223616,NO,65.14,63.84,58.4,64.02,58.71,,6832,0.0,2105162,NO,NO,2020-08-19,34099100.0
1114,GUNR,54.37,54.34,389927.0,ETF,ETF,76.0,32.0,82.0,39.0,0.8168,0.6418,533507.0,296460.0,58.07,42.53,0,NO,56.25,54.27,52.48,54.71,53.64,,3771,0.0,389927,NO,NO,2013-01-24,11857800.0
1115,ELMT,20.58,21.83,568641.0,Industrials,Aerospace & Defense,76.0,86.0,84.0,,2.2557,1.91,691955.0,2203960.0,25.03,12.49,626856448,NO,18.27,16.83,,17.69,,,105,0.0,568765,NO,NO,2026-09-14,14020400.0
1116,AVSE,79.73,80.984,7353.0,ETF,ETF,76.0,80.0,45.0,74.0,1.1118,0.5564,12828.0,12560.0,84.92,61.79,0,NO,79.41,77.83,73.84,78.42,76.11,,1124,0.0,7353,NO,NO,2025-06-13,186900.0
1117,QCRH,99.17,99.55,102415.0,Financial Services,Banks - Regional,76.0,52.0,68.0,76.0,2.1193,2.035,125500.0,110950.0,108.11,66.65,1623969664,NO,101.07,101.56,92.4,101.98,94.55,,8296,0.0,102415,NO,NO,2015-06-26,1448300.0
1118,GSJY,55.51,56.046,1597.0,ETF,ETF,76.0,82.0,76.0,69.0,0.6665,0.3657,8841.0,3640.0,56.6,43.73,0,NO,55.47,54.2,51.32,54.91,52.2,,2653,0.0,1597,NO,NO,2024-08-05,176800.0
1119,GMOV,32.16,32.52,4517.0,ETF,ETF,76.0,59.0,79.0,67.0,0.3114,0.1948,17812.0,32850.0,33.47,25.66,0,NO,32.72,32.16,29.75,32.31,30.41,,475,0.0,4517,NO,NO,2025-02-03,234400.0
1120,DFAE,39.73,40.68,1236739.0,ETF,ETF,76.0,77.0,50.0,70.0,0.6254,0.3881,1052149.0,848400.0,42.16,30.69,0,NO,39.84,38.95,37.01,39.25,38.13,,1456,0.0,1247166,NO,NO,2022-09-26,5178000.0
1121,ET,20.49,20.4,6768760.0,Energy,Oil & Gas Midstream,76.0,42.0,80.0,45.0,0.3279,0.324,8577598.0,8469150.0,21.84,16.18,70553206784,NO,21.3,20.86,19.17,20.91,19.86,,5191,0.0,6768760,NO,NO,2021-12-08,136660800.0
1122,BRZX,26.45,27.44,267.0,ETF,ETF,76.0,95.0,87.0,,0.6958,0.0858,115.0,100.0,28.37,21.86,0,NO,26.57,25.15,,25.3,,,76,0.0,267,NO,NO,2026-06-15,2400.0
1123,UVSP,41.41,42.15,194238.0,Financial Services,Banks - Regional,76.0,67.0,28.0,82.0,0.7218,0.6611,254253.0,293200.0,45.46,28.04,1142119552,NO,42.08,42.98,38.18,42.64,40.03,,7153,0.0,194238,NO,NO,2017-11-30,1435900.0
1124,FDX,291.5,295.79,1628314.0,Industrials,Integrated Freight & Logistics,76.0,9.0,14.0,35.0,7.095,6.63,1717500.0,1513130.0,345.37,180.99,68989427712,NO,315.71,317.66,296.54,316.12,311.71,,12212,0.0,1628314,NO,NO,2022-09-16,42444558.0
1125,XSOE,47.79,48.63,130380.0,ETF,ETF,76.0,77.0,42.0,73.0,0.7389,0.4332,99430.0,51620.0,51.38,36.95,0,NO,47.62,46.78,44.36,47.12,45.75,,2950,0.0,130380,NO,NO,2021-03-08,13291900.0
1126,FMBH,48.71,49.68,73753.0,Financial Services,Banks - Regional,76.0,41.0,67.0,79.0,0.8729,0.8043,143385.0,139050.0,53.36,34.16,1295779072,NO,50.38,50.72,44.79,50.79,46.24,,6923,0.0,73753,NO,NO,2026-06-26,922500.0
1127,FRGN,31.5,31.894,16826.0,ETF,ETF,76.0,56.0,52.0,72.0,0.358,0.1815,55053.0,15090.0,32.36,25.0,0,NO,31.75,31.42,29.35,31.57,30.29,,200,0.0,16826,NO,NO,2025-12-09,3193800.0
1128,DAL,81.75,82.5,6605909.0,Industrials,Airlines,76.0,65.0,19.0,84.0,2.1401,1.9301,6411646.0,8261390.0,95.68,55.03,53760684032,NO,79.75,84.18,75.19,83.71,77.75,,4878,0.0,6638357,NO,NO,2013-09-10,206372300.0
1129,EFNL,54.97,55.62,20461.0,ETF,ETF,76.0,75.0,66.0,65.0,0.8407,0.4193,43776.0,120440.0,58.3,41.95,0,NO,55.07,53.54,51.87,54.07,53.1,,3685,0.0,20461,NO,NO,2026-06-08,2183300.0
1130,ROKT,106.62,107.64,10916.0,ETF,ETF,76.0,17.0,18.0,39.0,1.7164,1.5835,22812.0,12470.0,137.63,72.64,0,NO,108.29,111.85,107.29,111.86,112.43,,1988,0.0,10916,NO,NO,2026-07-31,287800.0
1131,FPA,49.94,50.52,476.0,ETF,ETF,76.0,84.0,19.0,56.0,0.8724,0.4517,6531.0,9610.0,58.89,35.73,0,NO,50.01,48.47,47.21,48.94,49.46,,3878,0.0,476,NO,NO,2014-11-03,2994300.0
1132,ROAM,36.09,36.39,16202.0,ETF,ETF,76.0,76.0,43.0,69.0,0.369,0.1809,13125.0,7800.0,37.76,27.35,0,NO,36.25,35.44,33.42,35.67,34.55,,2909,0.0,16202,NO,NO,2023-02-17,844400.0
1133,BSAC,34.3,34.52,330845.0,Financial Services,Banks - Regional,76.0,47.0,77.0,46.0,0.8364,0.7571,302128.0,259700.0,37.72,25.87,16159255552,NO,35.01,34.66,33.24,34.71,33.04,,8026,0.0,331213,NO,NO,2002-04-23,11063780.0
1134,TRUN,29.51,29.5,11.0,ETF,ETF,76.0,57.0,,,0.3376,0.0707,338.0,250.0,31.13,25.62,0,NO,30.11,28.91,,29.22,,,54,0.0,11,NO,NO,2026-08-27,2000.0
1135,DBB,25.81,25.88,155022.0,ETF,ETF,76.0,79.0,75.0,63.0,0.3239,0.2068,219303.0,246930.0,26.71,20.13,0,NO,25.61,25.31,24.48,25.46,24.9,,4959,0.0,155222,NO,NO,2014-02-13,5379600.0
1136,EWJ,97.05,97.96,3667952.0,ETF,ETF,76.0,83.0,72.0,71.0,1.3857,0.9686,4116488.0,3464240.0,99.01,78.21,0,NO,96.87,95.11,89.84,96.07,91.64,,7678,0.0,3667952,NO,NO,2011-03-15,99041775.0
1137,BME,44.62,44.53,38975.0,Miscellaneous,Investment trusts,76.0,40.0,83.0,64.0,0.6121,0.5335,44209.0,35720.0,46.43,35.95,0,NO,45.1,44.31,41.58,44.57,41.64,,5406,0.0,38975,NO,NO,2005-03-29,807900.0
1138,BCAL,21.52,21.51,291114.0,Finance,Regional banks,76.0,78.0,76.0,82.0,0.4389,0.4375,220019.0,275710.0,22.41,15.85,691879616,NO,21.61,21.43,19.52,21.49,19.86,,5247,0.0,291114,NO,NO,2026-01-28,1586500.0
1139,GSEE,69.64,70.849,996.0,ETF,ETF,76.0,79.0,49.0,73.0,0.8919,0.2437,3630.0,510.0,74.01,54.34,0,NO,69.29,67.92,64.44,68.47,66.34,,1594,0.0,996,NO,NO,2023-11-29,1585300.0
1140,USXF,68.42,68.745,49530.0,ETF,ETF,76.0,73.0,55.0,81.0,0.8304,0.5688,63082.0,117990.0,70.69,53.05,0,NO,67.6,67.71,62.83,68.03,64.77,,1573,0.0,49530,NO,NO,2025-05-20,3565900.0
1141,GROZ,33.83,34.033,69983.0,ETF,ETF,76.0,86.0,80.0,79.0,0.3744,0.2446,22319.0,15300.0,34.21,26.43,0,NO,32.97,32.65,30.78,32.9,31.29,,449,0.0,69983,NO,NO,2026-04-15,202500.0
1142,BKEM,30.9,31.326,6607.0,ETF,ETF,76.0,78.0,41.0,69.0,0.4664,0.2834,18833.0,8420.0,33.51,23.58,0,NO,30.71,30.2,28.8,30.43,29.75,,1611,0.0,6607,NO,NO,2025-07-21,3766200.0
1143,KMLM,31.07,30.69,304581.0,ETF,ETF,76.0,90.0,84.0,65.0,0.3896,0.3135,350012.0,421660.0,31.18,25.77,0,NO,30.34,29.58,28.13,29.81,28.82,,1457,0.0,304581,NO,NO,2025-03-13,3517900.0
1144,DFLV,40.81,41.29,692546.0,ETF,ETF,76.0,44.0,66.0,67.0,0.3519,0.2897,657561.0,605790.0,42.35,32.06,0,NO,41.62,41.3,38.03,41.45,39.1,,950,0.0,692546,NO,NO,2022-12-09,4094100.0
1145,DISV,43.46,44.15,377028.0,ETF,ETF,75.0,49.0,79.0,62.0,0.4869,0.3736,337955.0,291240.0,45.13,34.55,0,NO,44.38,43.4,41.24,43.8,41.84,,1128,0.0,377028,NO,NO,2022-06-06,2727000.0
1146,JVAL,58.71,59.27,152825.0,ETF,ETF,75.0,58.0,61.0,78.0,0.552,0.4061,64985.0,48600.0,60.64,45.91,0,NO,59.23,58.93,54.23,59.15,55.84,,2227,0.0,152825,NO,NO,2021-05-28,7944700.0
1147,DFUV,55.84,56.46,465062.0,ETF,ETF,75.0,45.0,62.0,69.0,0.4741,0.367,384917.0,293910.0,57.89,43.56,0,NO,56.88,56.49,51.99,56.68,53.52,,1097,0.0,465062,NO,NO,2024-07-31,5040100.0
1148,USNZ,49.48,48.484,13.0,ETF,ETF,75.0,79.0,73.0,78.0,0.3636,0.0498,425.0,220.0,49.48,38.98,0,NO,48.56,48.18,45.17,48.49,46.08,,1061,0.0,100,NO,NO,2022-06-30,864200.0
1149,GRND,15.44,15.89,1321318.0,Technology,Software - Application,75.0,66.0,89.0,81.0,0.5121,0.4907,1589182.0,1459380.0,18.5,9.73,2683790336,NO,15.49,15.85,13.49,15.73,14.06,,1428,0.0,1321318,NO,NO,2025-10-24,11484300.0
1150,KROP,37.09,37.072,1383.0,ETF,ETF,75.0,78.0,82.0,57.0,0.7023,0.6472,8049.0,13710.0,39.99,29.05,0,NO,37.7,36.27,34.67,36.55,35.38,,1304,0.0,1383,NO,NO,2025-01-30,150133.0
1151,GWW,1270.67,1277.79,312929.0,Industrials,Industrial Distribution,75.0,41.0,26.0,79.0,24.4615,23.8393,281711.0,264970.0,1419.91,906.52,59992297472,NO,1290.39,1320.34,1195.75,1312.53,1253.23,,13510,0.0,312929,NO,NO,2017-10-17,6078300.0
1152,EIRL,81.63,82.88,1099.0,ETF,ETF,75.0,45.0,77.0,79.0,0.8781,0.4428,5149.0,3670.0,85.56,65.85,0,NO,83.45,81.89,75.84,82.43,76.78,,4117,0.0,1099,NO,NO,2014-08-18,923200.0
1153,QEW,29.97,29.88,8172.0,ETF,ETF,75.0,58.0,57.0,,0.2979,0.2752,19707.0,23790.0,31.0,23.71,0,NO,29.71,29.71,,29.79,,,130,0.23,8172,NO,NO,2026-05-22,577900.0
1154,FCUS,42.04,41.73,10307.0,ETF,ETF,75.0,94.0,18.0,69.0,0.846,0.5584,19157.0,19610.0,47.49,28.33,0,NO,38.23,37.69,38.5,38.23,39.59,,934,0.0,10307,NO,NO,2025-11-13,265800.0
1155,ARQT,26.38,25.96,2492423.0,Healthcare,Biotechnology,75.0,89.0,49.0,75.0,1.2618,1.2196,2138641.0,4653560.0,31.77,16.57,3315753728,NO,24.57,25.89,25.35,25.41,24.3,,1669,0.0,2492423,NO,NO,2023-12-18,45222900.0
1156,FAST,50.99,49.65,7850259.0,Industrials,Industrial Distribution,75.0,67.0,84.0,67.0,1.0671,1.0421,7622068.0,6546500.0,52.92,38.97,58510905344,NO,49.52,49.13,45.88,49.75,47.05,,9846,0.66,7888327,NO,NO,2008-09-12,151740800.0
1157,TSBK,44.82,45.55,28600.0,Finance,Savings banks,75.0,37.0,59.0,66.0,0.8836,0.8229,38553.0,33300.0,49.38,30.93,348505440,NO,46.1,45.42,40.98,45.65,42.61,,7217,0.0,28600,NO,NO,1998-01-13,7028400.0
1158,KURE,19.02,19.32,141677.0,ETF,ETF,75.0,68.0,92.0,72.0,0.4039,0.2778,69514.0,69320.0,21.5,14.38,0,NO,18.57,18.19,17.44,18.35,17.15,,2171,0.0,141677,NO,NO,2025-03-20,1821900.0
1159,GPC,128.76,126.45,691734.0,Consumer Cyclical,Auto Parts,75.0,36.0,91.0,86.0,3.3329,3.0607,1480919.0,1127180.0,151.57,90.78,17750822912,NO,134.05,131.08,120.03,131.93,116.14,,11724,0.0,691734,NO,NO,2024-10-22,6715600.0
1160,CTEF,84.7,86.459,41116.0,ETF,ETF,75.0,29.0,16.0,79.0,0.9078,0.3873,6382.0,6590.0,94.37,61.99,0,NO,87.22,88.74,79.41,88.44,83.11,,317,0.0,41116,NO,NO,2025-12-31,138700.0
1161,FLJH,46.27,46.43,21653.0,ETF,ETF,75.0,80.0,59.0,71.0,0.5531,0.379,37049.0,70360.0,47.5,35.7,0,NO,45.83,45.56,42.79,45.81,43.95,,2230,0.0,21653,NO,NO,2023-10-27,4593000.0
1162,CRDD,18.16,18.61,5927.0,ETF,ETF,75.0,93.0,96.0,,0.9107,0.4236,3236.0,2780.0,23.09,10.58,0,NO,16.14,14.86,,15.45,,,120,0.0,5927,NO,NO,2026-07-21,27000.0
1163,STBA,49.1,49.56,239135.0,Financial Services,Banks - Regional,75.0,46.0,58.0,78.0,0.8793,0.845,267823.0,341390.0,53.5,34.38,1731535616,NO,49.89,50.61,45.22,50.6,46.7,,8666,0.0,239135,NO,NO,2008-12-01,2372100.0
1164,NOEQ,29.92,29.46,8.0,ETF,ETF,75.0,70.0,76.0,,0.1936,0.0036,101.0,100.0,29.92,24.64,0,NO,29.54,29.3,,29.48,,,126,1.39,100,NO,NO,2026-03-23,1800.0
1165,ARKW,163.91,165.24,87812.0,ETF,ETF,75.0,89.0,88.0,86.0,3.6318,2.8301,64653.0,63690.0,183.0,113.36,0,NO,157.1,150.23,141.97,152.18,142.28,,3012,0.0,87812,NO,NO,2021-02-23,6257400.0
1166,CSD,129.65,129.78,3980.0,ETF,ETF,75.0,38.0,12.0,67.0,1.6305,1.2783,13001.0,9490.0,150.43,90.07,0,NO,129.91,133.29,124.3,132.89,130.74,,4971,0.0,3980,NO,NO,2014-04-15,882400.0
1167,BCD,39.16,39.02,23831.0,ETF,ETF,75.0,84.0,86.0,60.0,0.3224,0.2694,47238.0,36980.0,39.55,30.87,0,NO,38.83,37.49,35.8,37.85,36.65,,2382,0.08,23831,NO,NO,2023-02-14,1013700.0
1168,ATFV,40.81,40.96,20711.0,ETF,ETF,75.0,86.0,60.0,85.0,0.6414,0.5055,51996.0,21500.0,42.0,29.73,0,NO,39.69,39.19,36.78,39.58,37.71,,1353,0.0,20711,NO,NO,2025-09-25,847500.0
1169,FDRS,26.1,26.19,2421.0,ETF,ETF,75.0,91.0,87.0,83.0,0.3625,0.2007,65003.0,14220.0,26.23,19.37,0,NO,25.06,24.18,,24.46,23.12,,183,0.0,2421,NO,NO,2026-04-23,893400.0
1170,EMMF,38.52,39.05,69630.0,ETF,ETF,75.0,80.0,51.0,67.0,0.5021,0.2836,12228.0,11600.0,40.96,29.94,0,NO,38.32,37.56,35.78,37.84,36.82,,2039,0.0,69630,NO,NO,2024-01-31,621800.0
1171,PRMR,28.88,28.929,16831.0,ETF,ETF,75.0,77.0,74.0,81.0,0.2228,0.1453,18834.0,19040.0,29.2,22.8,0,NO,28.62,28.38,,28.51,26.76,,197,0.0,16831,NO,NO,2025-12-09,1586100.0
1172,HNVR,26.15,26.84,15904.0,Financial Services,Banks - Regional,75.0,39.0,84.0,80.0,0.7575,0.7507,52703.0,38700.0,27.94,19.91,184499328,NO,26.92,26.56,23.72,26.65,24.05,,1095,0.0,15904,NO,NO,2025-06-27,565100.0
1173,GSPY,42.53,42.937,2292.0,ETF,ETF,75.0,74.0,77.0,77.0,0.3556,0.1995,4133.0,4110.0,42.99,34.35,0,NO,42.42,41.94,39.08,42.19,39.94,,1439,0.0,2292,NO,NO,2021-12-13,6500100.0
1174,EL,98.83,96.34,2025487.0,Consumer Defensive,Household & Personal Products,75.0,42.0,89.0,83.0,3.0943,2.8757,3011068.0,2858270.0,121.64,66.22,35756552192,NO,99.71,91.79,92.5,93.72,85.89,,7760,0.0,2068491,NO,NO,2006-01-04,50805400.0
1175,BREE,27.65,27.97,1114.0,ETF,ETF,75.0,82.0,59.0,80.0,0.3436,0.1107,1020.0,1120.0,28.6,21.7,0,NO,27.4,26.82,,27.05,25.88,,139,0.0,1114,NO,NO,2026-03-05,646600.0
1176,GVLE,47.91,48.46,867.0,ETF,ETF,75.0,54.0,65.0,78.0,0.3469,0.1721,4136.0,1060.0,49.77,38.78,0,NO,48.34,48.32,44.16,48.52,45.36,,212,0.0,867,NO,NO,2026-03-31,100600.0
1177,BPOP,158.88,162.58,394508.0,Financial Services,Banks - Regional,75.0,23.0,26.0,79.0,3.2039,2.9254,515980.0,639070.0,179.24,108.74,10133128192,NO,166.18,170.48,148.64,169.36,156.03,,11724,0.0,394508,NO,NO,2010-04-14,21428080.0
1178,HODU,15.87,16.094,69257.0,ETF,ETF,75.0,97.0,90.0,97.0,1.7063,1.4914,149236.0,181430.0,35.58,5.98,0,NO,13.9,12.25,13.25,12.6,10.81,,210,0.0,69257,NO,NO,2026-04-29,1048000.0
1179,PBPH,28.47,28.577,97246.0,ETF,ETF,75.0,37.0,82.0,68.0,0.3781,0.2665,141768.0,87270.0,29.9,24.18,0,NO,28.62,28.09,26.33,28.21,26.56,,203,0.0,97246,NO,NO,2026-02-17,16690000.0
1180,CECO,74.99,71.53,575248.0,Industrials,Pollution & Treatment Controls,75.0,88.0,4.0,86.0,4.2457,3.7879,858019.0,840220.0,101.24,42.82,4391858688,NO,72.46,73.58,71.45,73.01,73.8,,11544,2.24,575388,NO,NO,2023-06-23,4359900.0
1181,HODL,23.91,24.45,508802.0,ETF,ETF,75.0,93.0,94.0,78.0,0.7854,0.5346,1224622.0,758660.0,35.76,16.4,0,NO,22.35,20.08,20.99,20.71,20.04,,676,0.0,508808,NO,NO,2024-02-20,27264000.0
1182,SPBC,50.66,51.217,11349.0,ETF,ETF,75.0,82.0,81.0,78.0,0.5824,0.2751,6838.0,7800.0,51.29,40.29,0,NO,49.91,48.98,46.25,49.36,46.96,,1338,0.0,11349,NO,NO,2023-01-12,2000700.0
1183,JDVI,40.53,40.955,14281.0,ETF,ETF,75.0,50.0,77.0,66.0,0.5619,0.3641,64742.0,34310.0,42.61,33.05,0,NO,41.05,40.25,38.29,40.61,38.84,,690,0.0,14281,NO,NO,2026-08-06,647900.0
1184,CATY,60.47,61.48,427840.0,Financial Services,Banks - Regional,75.0,43.0,42.0,83.0,1.1721,1.1268,493365.0,577120.0,65.26,44.57,4034184704,NO,61.87,62.65,55.88,62.6,58.09,,9006,0.0,427881,NO,NO,2023-09-15,12909900.0
1185,CRPT,16.48,16.73,36960.0,ETF,ETF,75.0,96.0,93.0,85.0,0.8719,0.7131,88230.0,69220.0,24.84,10.74,0,NO,14.97,13.09,13.91,13.7,13.42,,1256,0.0,36960,NO,NO,2022-05-10,782800.0
1186,PVAL,53.12,53.73,1323678.0,ETF,ETF,75.0,51.0,66.0,69.0,0.4374,0.3439,1721326.0,1652150.0,54.7,41.58,0,NO,53.88,53.59,49.59,53.78,50.77,,1337,0.0,1323950,NO,NO,2025-11-05,11067400.0
1187,PXF,77.35,78.28,206547.0,ETF,ETF,75.0,42.0,66.0,60.0,0.8586,0.5552,109442.0,152670.0,80.65,60.17,0,NO,79.21,78.17,73.6,78.59,75.47,,4842,0.0,206547,NO,NO,2020-04-16,6802000.0
1188,BITB,45.89,46.96,948358.0,ETF,ETF,75.0,93.0,94.0,77.0,1.519,1.0369,1323557.0,1079780.0,68.74,31.49,0,NO,42.9,38.54,40.31,39.75,38.48,,676,0.0,948667,NO,NO,2026-02-05,11785700.0
1189,UXJA,39.4,38.665,207.0,ETF,ETF,75.0,72.0,69.0,75.0,0.3317,0.0648,1847.0,420.0,39.7,31.78,0,NO,38.81,38.62,36.3,38.84,37.07,,419,0.0,200,NO,NO,2026-04-15,152200.0
1190,BTC,37.38,38.25,1667530.0,ETF,ETF,75.0,93.0,94.0,77.0,1.2425,0.8475,1852380.0,2110960.0,55.96,25.65,0,NO,34.95,31.4,32.84,32.39,31.35,,538,0.0,1669371,NO,NO,2026-02-05,17048200.0
1191,BRRR,23.83,24.404,57634.0,ETF,ETF,75.0,93.0,94.0,77.0,0.7102,0.4325,74433.0,51560.0,35.7,16.37,0,NO,22.28,20.01,20.94,20.64,19.98,,676,0.0,57634,NO,NO,2025-02-25,3711900.0
1192,EQIX,1037.66,1057.26,378095.0,Finance,Real estate investment trusts,75.0,46.0,17.0,47.0,25.6546,23.5968,577274.0,528770.0,1128.68,720.62,102387671040,NO,1037.71,1043.92,976.37,1049.07,1043.53,,6566,0.0,378095,NO,NO,2010-10-06,30574200.0
1193,ESLT,742.49,750.69,69463.0,Electronic technology,Aerospace & defense,75.0,73.0,25.0,5.0,13.9914,12.095,79652.0,66620.0,1016.06,453.0,34795003904,NO,722.49,762.29,765.18,763.88,807.85,,7500,0.0,69463,NO,NO,1997-09-25,2566300.0
1194,HAPS,37.24,37.103,50.0,ETF,ETF,74.0,33.0,69.0,80.0,0.2432,0.0222,144.0,230.0,38.86,29.42,0,NO,37.87,37.9,34.47,37.88,35.42,,862,0.13,100,NO,NO,2023-04-20,450100.0
1195,ARKB,28.03,28.67,1870331.0,ETF,ETF,74.0,93.0,94.0,77.0,0.9318,0.6343,1855501.0,2318490.0,41.99,19.24,0,NO,26.21,23.54,24.63,24.28,23.51,,676,0.0,1870331,NO,NO,2024-03-05,25505400.0
1196,AMZA,49.03,49.5,17321.0,ETF,ETF,74.0,56.0,76.0,46.0,0.8759,0.8378,34422.0,34000.0,51.56,38.01,0,NO,50.53,49.61,45.76,49.75,47.47,,3010,0.0,17331,NO,NO,2018-03-15,554500.0
1197,GSGO,45.53,45.9,3843.0,ETF,ETF,74.0,85.0,75.0,81.0,0.4859,0.3206,10196.0,7510.0,46.84,35.01,0,NO,44.21,43.99,41.56,44.26,42.4,,212,0.0,3843,NO,NO,2026-03-31,142700.0
1198,BTCW,89.32,91.39,3263.0,ETF,ETF,74.0,93.0,94.0,77.0,2.6137,1.4323,20585.0,12140.0,133.92,61.45,0,NO,83.52,75.02,78.51,77.38,74.92,,676,0.0,3263,NO,NO,2024-02-20,4037200.0
1199,EZBC,48.82,49.96,110559.0,ETF,ETF,74.0,93.0,94.0,77.0,1.5914,1.0736,141726.0,143090.0,73.16,33.5,0,NO,45.66,41.02,42.91,42.31,40.96,,676,0.0,110568,NO,NO,2024-01-11,2401200.0
1200,GLBL,28.95,28.33,10.0,ETF,ETF,74.0,81.0,66.0,78.0,0.2124,0.0088,173.0,330.0,28.95,22.93,0,NO,28.3,28.17,26.5,28.34,27.08,,354,0.0,100,NO,NO,2026-02-10,2300.0
1201,CDEI,93.87,94.857,1050.0,ETF,ETF,74.0,70.0,74.0,78.0,0.7216,0.1866,1642.0,670.0,95.12,75.45,0,NO,93.82,93.08,86.54,93.49,88.43,,913,0.0,1050,NO,NO,2024-07-17,101500.0
1202,SCHG,36.0,36.27,8578198.0,ETF,ETF,74.0,82.0,81.0,80.0,0.4207,0.3314,7168474.0,7858400.0,36.43,27.96,0,NO,35.42,35.04,33.0,35.24,33.46,,4205,0.0,8581860,NO,NO,2026-05-12,85366800.0
1203,BTCO,84.07,85.99,37389.0,ETF,ETF,74.0,93.0,94.0,77.0,2.6314,1.6719,67630.0,45280.0,125.96,57.76,0,NO,78.62,70.63,73.89,72.85,70.52,,676,0.0,37391,NO,NO,2024-02-28,2691900.0
1204,PRXG,40.8,41.167,8030.0,ETF,ETF,74.0,86.0,79.0,80.0,0.3949,0.2079,4577.0,5100.0,41.27,31.48,0,NO,39.92,39.58,37.39,39.81,38.04,,366,0.0,8030,NO,NO,2025-05-02,461100.0
1205,JPXN,103.08,103.95,5221.0,ETF,ETF,74.0,79.0,72.0,66.0,1.2176,0.6741,6596.0,2970.0,105.68,83.09,0,NO,103.37,101.76,96.37,102.67,98.3,,6265,0.0,5221,NO,NO,2009-04-13,771600.0
1206,GMEC,28.28,25.14,148.0,ETF,ETF,74.0,98.0,,,1.0379,0.0493,376.0,290.0,28.28,15.8,0,NO,20.12,20.32,,20.68,,,59,0.0,148,NO,NO,2026-06-30,9900.0
1207,AVLV,91.54,92.55,1303742.0,ETF,ETF,74.0,40.0,52.0,65.0,0.83,0.6828,1897053.0,1275270.0,95.31,70.1,0,NO,93.41,93.24,86.13,93.36,88.93,,1254,0.0,1303742,NO,NO,2026-06-22,16509100.0
1208,UXJL,37.63,36.995,11.0,ETF,ETF,74.0,74.0,69.0,76.0,0.2876,0.0309,393.0,160.0,37.87,30.02,0,NO,37.1,36.93,34.68,37.12,35.41,,295,0.0,100,NO,NO,2026-02-04,128600.0
1209,SKHY,189.28,195.37,13849705.0,Technology,Semiconductors,74.0,97.0,,,10.115,7.6756,31776532.0,24548760.0,199.87,124.8,1345923710976,NO,177.18,162.98,,167.08,,,53,0.0,13849705,YES,NO,2026-07-10,107674700.0
1210,SFTX,31.06,31.476,59179.0,ETF,ETF,74.0,55.0,53.0,68.0,0.497,0.3576,193326.0,47970.0,32.97,25.04,0,NO,31.33,30.94,29.06,31.13,29.91,,200,0.0,59179,NO,NO,2025-12-09,14117800.0
1211,ESEA,71.57,75.19,35634.0,Transportation,Marine shipping,74.0,31.0,70.0,49.0,2.1143,1.9086,45101.0,44050.0,79.67,51.0,504953632,NO,75.44,75.05,66.52,75.67,70.25,,5127,0.0,35634,NO,NO,2020-05-27,14008879.0
1212,UIVM,75.42,76.377,4508.0,ETF,ETF,74.0,41.0,71.0,61.0,0.8944,0.4319,3890.0,5010.0,79.27,59.69,0,NO,77.35,76.36,71.45,76.81,73.01,,2236,0.0,4508,NO,NO,2018-03-27,714500.0
1213,LST,47.61,47.87,37317.0,ETF,ETF,74.0,68.0,66.0,73.0,0.5742,0.4269,116228.0,298940.0,51.35,37.8,0,NO,47.85,47.31,44.13,47.56,45.22,,420,0.0,37317,NO,NO,2026-06-29,1738400.0
1214,UPSD,30.12,30.49,15128.0,ETF,ETF,74.0,69.0,82.0,71.0,0.4656,0.3001,10850.0,16790.0,32.34,24.61,0,NO,30.16,29.81,27.93,29.99,28.25,,458,0.0,15128,NO,NO,2025-05-30,269600.0
1215,EZPZ,21.38,21.875,5953.0,ETF,ETF,74.0,94.0,95.0,76.0,0.6336,0.3283,8230.0,5860.0,33.77,14.4,0,NO,19.95,17.79,18.8,18.4,17.76,,397,0.0,5953,NO,NO,2026-06-05,233900.0
1216,UXAP,44.47,43.674,15.0,ETF,ETF,74.0,75.0,71.0,77.0,0.3594,0.1016,1557.0,1170.0,44.77,35.62,0,NO,43.83,43.62,41.0,43.86,41.84,,357,1.46,1300,NO,NO,2025-04-23,60400.0
1217,HOG,25.98,26.21,1970510.0,Consumer Cyclical,Recreational Vehicles,74.0,15.0,56.0,92.0,1.0129,0.9789,2325679.0,1732830.0,29.22,17.09,2703803648,NO,27.26,26.79,23.18,26.82,24.43,,10130,0.0,1970809,NO,NO,1991-10-24,67547200.0
1218,FELC,43.61,44.01,600535.0,ETF,ETF,74.0,75.0,75.0,77.0,0.4107,0.3102,762379.0,762230.0,44.36,35.09,0,NO,43.55,43.23,40.26,43.43,41.12,,711,0.0,600535,NO,NO,2025-04-09,8454500.0
1219,BKDV,34.17,34.39,484319.0,ETF,ETF,74.0,52.0,62.0,70.0,0.2871,0.2185,391415.0,471830.0,35.14,27.16,0,NO,34.51,34.33,31.86,34.47,32.68,,468,0.0,485188,NO,NO,2025-03-03,5590700.0
1220,REVS,33.14,33.58,36240.0,ETF,ETF,74.0,46.0,73.0,72.0,0.7654,0.6916,37638.0,27500.0,34.55,27.24,0,NO,33.82,33.57,30.85,33.66,31.6,,1757,0.0,36240,NO,NO,2025-12-05,1119500.0
1221,EFFE,28.69,28.01,10.0,ETF,ETF,74.0,82.0,44.0,77.0,0.3306,0.0389,130.0,180.0,30.05,22.27,0,NO,28.37,27.46,25.78,27.85,26.51,,433,0.0,100,NO,NO,2025-07-28,42900.0
1222,DFEM,40.05,41.02,1146382.0,ETF,ETF,74.0,74.0,49.0,67.0,0.5994,0.3638,910298.0,754200.0,42.57,31.2,0,NO,40.27,39.36,37.54,39.65,38.67,,1105,0.0,1146382,NO,NO,2025-04-08,4804200.0
1223,PFE,28.18,27.74,32613293.0,Health technology,Pharmaceuticals: major,74.0,75.0,86.0,43.0,0.4671,0.4057,39745385.0,33857070.0,29.21,23.58,160616808448,NO,28.05,26.77,26.3,27.11,26.44,,13690,0.79,32613293,YES,NO,2025-03-21,349996500.0
1224,GLOF,61.17,61.682,68582.0,ETF,ETF,74.0,73.0,74.0,72.0,0.5859,0.3734,23815.0,17900.0,61.94,50.37,0,NO,61.04,60.34,56.7,60.69,57.94,,2864,0.0,68582,NO,NO,2018-12-04,3040500.0
1225,HCC,90.24,88.47,332483.0,Basic Materials,Coking Coal,74.0,4.0,73.0,41.0,4.2881,4.0013,676384.0,770020.0,111.42,61.4,4764860416,NO,100.21,93.17,90.06,94.38,89.86,,2373,0.0,332483,NO,NO,2017-04-13,11341600.0
1226,HEEM,42.74,43.346,21809.0,ETF,ETF,74.0,79.0,33.0,70.0,0.6222,0.3855,155874.0,25050.0,46.49,32.77,0,NO,42.34,41.86,39.99,42.07,41.3,,3015,0.0,21809,NO,NO,2015-04-10,4556300.0
1227,HCMT,42.9,43.25,25065.0,ETF,ETF,74.0,88.0,77.0,80.0,0.8232,0.5569,40731.0,22350.0,43.63,34.19,0,NO,41.17,40.67,39.09,41.1,39.31,,816,0.0,25066,NO,NO,2023-06-27,4970900.0
1228,TOS,30.66,30.09,16.0,ETF,ETF,74.0,77.0,40.0,82.0,0.3543,0.1,1247.0,200.0,31.32,23.67,0,NO,29.91,29.41,,29.77,28.52,,162,0.0,200,NO,NO,2026-07-09,45100.0
1229,IQM,110.18,109.857,1231.0,ETF,ETF,74.0,88.0,17.0,77.0,2.2354,0.9223,8082.0,4830.0,126.21,79.58,0,NO,105.19,105.94,101.95,106.67,106.15,,1651,0.0,1231,NO,NO,2026-06-12,165400.0
1230,GTPE,60.85,61.094,13465.0,ETF,ETF,74.0,46.0,59.0,76.0,0.4874,0.2592,1239.0,1840.0,63.06,47.7,0,NO,60.94,60.96,56.52,61.14,58.24,,229,0.0,13465,NO,NO,2026-02-26,179400.0
1231,PRF,55.18,55.62,316432.0,ETF,ETF,74.0,57.0,64.0,72.0,0.4286,0.3464,276530.0,248500.0,56.66,44.11,0,NO,55.85,55.53,51.5,55.67,52.87,,5220,0.0,316579,NO,NO,2020-03-12,19276500.0
1232,NCIQ,21.4,21.87,24869.0,ETF,ETF,74.0,94.0,95.0,76.0,0.6655,0.4295,54812.0,79240.0,34.26,14.38,0,NO,19.98,17.82,18.82,18.43,17.77,,402,0.0,24869,NO,NO,2025-02-26,457200.0
1233,IQSZ,32.57,32.215,9.0,ETF,ETF,74.0,77.0,65.0,73.0,0.2151,0.0101,185.0,100.0,32.75,26.22,0,NO,32.38,32.11,30.16,32.31,30.87,,298,0.0,100,NO,NO,2025-08-14,643100.0
1234,ISVL,53.86,54.54,13950.0,ETF,ETF,74.0,64.0,79.0,65.0,0.5284,0.3252,15790.0,13530.0,55.46,43.63,0,NO,54.57,53.4,50.96,53.84,51.55,,1377,0.0,13950,NO,NO,2026-02-06,3763800.0
1235,AMKR,53.32,52.19,2561486.0,Electronic technology,Semiconductors,74.0,90.0,1.0,69.0,2.4807,1.9629,5059122.0,4105250.0,96.68,28.03,13247485952,NO,48.92,53.63,56.92,53.03,60.96,,7142,0.0,2564254,NO,NO,2021-02-12,27265800.0
1236,PCB,27.16,27.62,21932.0,Finance,Regional banks,74.0,50.0,48.0,81.0,0.5071,0.4721,40439.0,32690.0,30.84,19.7,381451392,NO,27.7,28.14,24.85,27.83,25.88,,2039,0.0,21932,NO,NO,2021-06-25,1885500.0
1237,FLBR,23.39,23.8,94488.0,ETF,ETF,74.0,92.0,81.0,37.0,0.5384,0.4317,177698.0,289240.0,26.25,17.65,0,NO,23.16,22.41,22.44,22.52,22.8,,2230,0.0,94488,NO,NO,2022-04-19,3459800.0
1238,BRAZ,32.1,32.596,461.0,ETF,ETF,74.0,89.0,82.0,36.0,0.4897,0.1421,603.0,570.0,35.79,24.5,0,NO,32.08,30.96,30.95,31.18,31.2,,776,0.0,461,NO,NO,2025-04-01,54800.0
1239,BLGR,32.91,33.162,44987.0,ETF,ETF,74.0,83.0,78.0,79.0,0.3316,0.2291,26920.0,30400.0,33.28,25.63,0,NO,32.35,32.08,30.24,32.28,30.8,,315,0.0,44987,NO,NO,2025-06-24,3536200.0
1240,PSO,15.89,15.9,837454.0,Communication Services,Publishing,74.0,48.0,76.0,83.0,0.2929,0.2157,734226.0,728860.0,17.75,12.02,9549808640,NO,16.1,16.36,14.62,16.21,15.2,,7507,0.0,837454,NO,NO,2015-06-09,9002800.0
1241,HSIC,85.05,85.2,1117413.0,Healthcare,Medical Distribution,74.0,35.0,77.0,66.0,1.8164,1.7829,1226626.0,1284540.0,92.18,61.95,9478529024,NO,88.25,87.86,79.84,87.52,80.96,,7770,0.0,1119558,NO,NO,1999-08-03,47935410.0
1242,FCF,20.62,21.03,940208.0,Financial Services,Banks - Regional,74.0,49.0,64.0,79.0,0.3657,0.3371,834901.0,1120920.0,22.34,15.0,2083773312,NO,21.03,21.18,18.96,21.18,19.59,,8631,0.0,961478,NO,NO,2010-08-05,8044000.0
1243,ZSC,31.33,31.215,3278.0,ETF,ETF,74.0,81.0,76.0,55.0,0.1744,0.083,452.0,580.0,32.05,24.71,0,NO,31.31,30.74,29.64,30.82,30.16,,782,0.0,3278,NO,NO,2025-07-01,41300.0
1244,KNO,63.54,62.188,24.0,ETF,ETF,73.0,43.0,43.0,76.0,0.5155,0.1936,544.0,540.0,65.24,48.97,0,NO,63.36,63.2,58.06,63.49,59.98,,2816,0.0,100,NO,NO,2025-01-22,885500.0
1245,TTC,96.58,93.39,782680.0,Producer manufacturing,Trucks/Construction/Farm machinery,73.0,44.0,76.0,38.0,2.8293,2.7293,734504.0,1055810.0,105.19,67.64,9142589440,NO,95.43,95.76,92.49,95.82,94.24,,11724,1.57,782680,NO,NO,2015-09-24,15046600.0
1246,BITW,55.32,56.767,15054.0,ETF,ETF,73.0,94.0,95.0,76.0,1.774,1.1454,35669.0,36290.0,86.7,37.2,0,NO,51.69,46.07,48.64,47.63,45.92,,1451,0.0,15058,NO,NO,2024-01-18,2503000.0
1247,EVT,28.27,28.48,51266.0,Financial Services,Asset Management,73.0,43.0,78.0,72.0,0.3957,0.3857,93766.0,86340.0,29.65,23.0,2107324544,NO,28.62,28.47,26.49,28.63,26.91,,5783,0.0,51266,NO,NO,2020-03-23,1444600.0
1248,XUSP,53.99,54.681,1552.0,ETF,ETF,73.0,72.0,72.0,79.0,0.5891,0.266,4609.0,2030.0,55.4,42.62,0,NO,53.72,53.51,50.08,53.74,51.09,,1032,0.0,1552,NO,NO,2025-04-08,269900.0
1249,UHAL,61.58,63.43,123667.0,Finance,Finance/Rental/Leasing,73.0,5.0,36.0,90.0,1.4729,1.3529,172568.0,144840.0,76.45,41.95,12038534144,NO,65.49,69.61,57.66,68.89,59.81,,8022,0.0,123747,NO,NO,2003-09-12,34300000.0
1250,SCHD,33.28,33.74,23017198.0,ETF,ETF,73.0,24.0,73.0,50.0,0.3271,0.2707,22325347.0,22289310.0,35.31,26.32,0,NO,34.34,34.04,31.53,34.11,32.48,,3752,0.0,23060474,YES,NO,2025-04-07,50085200.0
1251,RPG,58.51,58.56,165074.0,ETF,ETF,73.0,76.0,26.0,81.0,0.8936,0.6921,548479.0,247000.0,64.06,43.41,0,NO,57.08,57.54,53.7,57.74,55.98,,5169,0.0,165074,NO,NO,2019-04-03,16660000.0
1252,IQSU,62.9,63.46,2906.0,ETF,ETF,73.0,75.0,65.0,80.0,0.5355,0.2496,9896.0,34200.0,63.6,49.82,0,NO,62.47,62.15,57.98,62.36,59.33,,1699,0.0,2906,NO,NO,2020-10-08,2672600.0
1253,EFTY,15.02,15.02,0.0,Industrials,Consulting Services,73.0,80.0,62.0,34.0,0.0,0.0,0.0,0.0,18.2,11.0,302052224,NO,15.02,15.02,15.02,15.02,15.02,,281,0.0,2586800,NO,NO,2025-08-08,2953000.0
1254,GRPM,137.58,138.84,7566.0,ETF,ETF,73.0,30.0,81.0,74.0,1.2686,0.8929,8861.0,18230.0,146.45,112.44,0,NO,142.27,139.84,127.81,140.66,130.24,,3970,0.0,7566,NO,NO,2016-02-23,524500.0
1255,GRIN,32.9,33.081,6972.0,ETF,ETF,73.0,33.0,45.0,79.0,0.3718,0.1912,40190.0,29210.0,34.7,25.75,0,NO,33.2,32.9,30.75,33.08,31.5,,312,0.0,6972,NO,NO,2025-07-31,2336200.0
1256,JBL,308.75,303.67,831626.0,Technology,Electronic Components,73.0,59.0,6.0,70.0,10.9625,9.6825,1161700.0,1271130.0,428.93,189.6,32353013760,NO,304.9,317.94,298.33,318.36,320.96,,8405,0.97,831626,NO,NO,2014-11-04,36679300.0
1257,LQAI,47.48,46.103,56.0,ETF,ETF,73.0,83.0,41.0,80.0,0.4344,0.0649,361.0,580.0,48.27,37.14,0,NO,45.88,45.55,42.66,45.92,44.12,,719,0.0,200,NO,NO,2025-11-12,65500.0
1258,DBRG,15.99,15.92,7834565.0,Financial Services,Asset Management,73.0,75.0,55.0,40.0,0.0407,0.0354,4180138.0,7469430.0,15.99,8.94,2998049536,NO,15.92,15.89,15.47,15.92,15.71,,3077,0.0,7834986,NO,NO,2025-12-29,86863700.0
1259,RND,33.48,33.714,2871.0,ETF,ETF,73.0,82.0,81.0,78.0,0.3173,0.1333,4552.0,2480.0,33.85,26.25,0,NO,32.87,32.54,30.78,32.77,31.19,,600,0.0,2871,NO,NO,2026-06-30,90600.0
1260,PRVS,32.53,32.942,7268.0,ETF,ETF,73.0,42.0,61.0,71.0,0.2663,0.1604,6071.0,6220.0,33.7,26.27,0,NO,33.0,32.97,30.45,33.07,31.19,,444,0.0,7268,NO,NO,2025-01-07,87600.0
1261,PSLV,20.97,21.9,4770275.0,ETF,ETF,73.0,14.0,87.0,11.0,0.6793,0.4471,7407144.0,6362530.0,38.13,14.61,13249813504,NO,21.48,20.63,23.63,20.94,22.32,,3998,0.0,4770275,NO,NO,2025-10-03,115057500.0
1262,BRIE,30.71,31.11,220596.0,ETF,ETF,73.0,55.0,63.0,67.0,0.4078,0.312,178447.0,348590.0,31.57,24.77,0,NO,31.02,30.66,28.96,30.83,29.5,,230,0.0,225913,NO,NO,2026-03-09,1582300.0
1263,SPXN,84.73,85.391,675.0,ETF,ETF,73.0,79.0,73.0,74.0,0.6114,0.1449,1007.0,460.0,85.64,68.63,0,NO,83.81,83.2,78.47,83.63,80.16,,2764,0.0,675,NO,NO,2021-04-01,241200.0
1264,LCOW,26.74,26.895,3252.0,ETF,ETF,73.0,78.0,80.0,75.0,0.2021,0.1267,4034.0,6690.0,27.05,21.73,0,NO,26.55,26.33,24.65,26.42,25.0,,345,0.0,3252,NO,NO,2025-06-06,132300.0
1265,AVSU,88.72,89.422,4778.0,ETF,ETF,73.0,66.0,60.0,77.0,0.786,0.4377,8833.0,10630.0,91.17,71.39,0,NO,88.67,88.67,82.5,88.92,84.54,,1133,0.0,4778,NO,NO,2022-10-10,374100.0
1266,EWZ,37.37,38.07,33376653.0,ETF,ETF,73.0,91.0,82.0,34.0,0.9039,0.7775,21135958.0,21645380.0,42.02,28.66,0,NO,37.34,36.12,36.22,36.32,36.59,,6586,0.0,33376653,YES,NO,2017-05-18,166606800.0
1267,URTY,70.14,73.11,514717.0,ETF,ETF,73.0,2.0,7.0,90.0,2.6607,2.3286,429931.0,343870.0,89.85,43.33,0,NO,77.41,81.07,70.03,79.92,73.43,,4178,0.0,515663,NO,NO,2011-10-05,8068400.0
1268,LDRX,37.06,37.43,4074.0,ETF,ETF,73.0,82.0,78.0,78.0,0.3474,0.1844,5355.0,3550.0,37.45,29.65,0,NO,36.67,36.31,34.17,36.5,34.81,,348,0.0,4074,NO,NO,2026-02-19,294200.0
1269,GMOM,38.45,38.709,2428.0,ETF,ETF,73.0,78.0,80.0,53.0,0.2652,0.2096,6749.0,9800.0,39.05,31.15,0,NO,38.51,37.6,36.46,37.93,36.88,,1949,0.0,2428,NO,NO,2026-05-01,2100800.0
1270,BLCR,49.42,49.79,4503591.0,ETF,ETF,73.0,77.0,47.0,74.0,0.5532,0.4037,1014988.0,4334750.0,51.02,38.86,0,NO,49.2,49.27,46.27,49.39,47.7,,728,0.0,4503659,NO,NO,2026-03-12,75105500.0
1271,WSM,227.83,227.16,1083518.0,Retail trade,Specialty stores,73.0,34.0,51.0,83.0,6.4225,6.2339,1092579.0,1291820.0,254.89,165.51,26833629184,NO,227.02,232.41,206.94,232.71,210.17,,10888,0.0,1083518,NO,NO,1996-01-09,42896000.0
1272,ESG,181.22,182.08,1106.0,ETF,ETF,73.0,68.0,71.0,76.0,1.1345,0.2246,584.0,610.0,184.01,148.19,0,NO,181.11,179.66,167.47,180.56,171.06,,2562,0.0,1106,NO,NO,2021-01-06,370000.0
1273,VDI,36.55,36.683,51.0,ETF,ETF,73.0,76.0,68.0,64.0,0.21,0.0081,1050.0,2100.0,37.42,30.45,0,NO,36.95,36.54,34.49,36.79,35.26,,200,0.0,100,NO,NO,2025-12-18,438200.0
1274,LOUP,90.5,90.24,8690.0,ETF,ETF,73.0,58.0,31.0,84.0,1.6082,1.0407,12126.0,12710.0,100.31,64.87,0,NO,87.3,89.15,83.42,89.36,85.79,,2045,0.0,8690,NO,NO,2018-08-22,187800.0
1275,FDRR,68.82,69.95,31265.0,ETF,ETF,73.0,64.0,76.0,73.0,0.751,0.5732,16811.0,21140.0,70.7,57.18,0,NO,69.58,68.87,64.19,69.24,65.33,,2518,0.0,31265,NO,NO,2020-03-11,802000.0
1276,BBEM,77.5,79.166,608.0,ETF,ETF,73.0,78.0,48.0,70.0,1.0515,0.3965,33728.0,2140.0,82.68,61.87,0,NO,77.4,75.98,72.33,76.52,74.35,,844,0.0,608,NO,NO,2025-09-12,5437000.0
1277,BUSE,29.64,29.96,766378.0,Financial Services,Banks - Regional,73.0,50.0,62.0,75.0,0.4993,0.4843,809622.0,828170.0,31.7,22.0,2447580928,NO,30.26,30.41,27.21,30.46,28.19,,7033,0.0,766378,NO,NO,2026-09-18,2952100.0
1278,JTEK,105.6,105.81,174265.0,ETF,ETF,73.0,91.0,53.0,86.0,1.7512,1.4367,280060.0,253560.0,111.82,75.25,0,NO,100.85,99.66,94.67,100.19,97.14,,744,0.0,174265,NO,NO,2023-11-21,1925100.0
1279,SAPH,39.19,38.565,722.0,ETF,ETF,73.0,64.0,94.0,76.0,0.6681,0.3153,768.0,650.0,51.58,27.49,0,NO,39.0,36.28,35.91,37.4,33.79,,428,1.47,722,NO,NO,2025-10-15,7500.0
1280,NBDS,41.05,41.22,29706.0,ETF,ETF,73.0,69.0,52.0,87.0,0.534,0.2084,25371.0,11980.0,42.86,29.42,0,NO,40.33,40.39,36.91,40.56,37.98,,1118,0.0,29706,NO,NO,2026-06-15,2091900.0
1281,EDU,56.08,55.14,496879.0,Consumer Defensive,Education & Training Services,73.0,76.0,92.0,35.0,1.32,1.0521,749374.0,528270.0,64.97,44.25,8694059008,NO,56.98,54.93,54.03,55.88,52.6,,5035,0.29,496880,NO,NO,2021-07-23,80673160.0
1282,NBTB,50.48,51.22,264696.0,Financial Services,Banks - Regional,73.0,42.0,73.0,79.0,0.92,0.87,359876.0,392120.0,54.5,39.2,2622943744,NO,51.46,52.16,46.53,52.09,47.78,,8690,0.0,264696,NO,NO,2025-05-02,2160000.0
1283,RGEF,35.31,35.603,1588.0,ETF,ETF,73.0,78.0,66.0,71.0,0.3394,0.143,7804.0,8880.0,35.78,29.01,0,NO,34.93,34.87,32.93,35.03,33.64,,476,0.0,1588,NO,NO,2025-02-18,804700.0
1284,DEM,56.37,57.19,272524.0,ETF,ETF,73.0,84.0,62.0,67.0,0.5936,0.3993,238369.0,175690.0,57.41,44.23,0,NO,56.21,54.88,52.0,55.33,53.37,,4829,0.0,272524,NO,NO,2023-06-28,4962000.0
1285,SCJ,108.99,109.58,6851.0,ETF,ETF,73.0,77.0,72.0,65.0,1.2336,0.7907,39417.0,49850.0,111.44,88.08,0,NO,109.57,107.96,102.19,108.68,104.39,,4713,0.0,7125,NO,NO,2019-01-29,3946500.0
1286,SSUS,56.4,56.793,23213.0,ETF,ETF,73.0,75.0,68.0,77.0,0.4594,0.2925,18839.0,11850.0,57.15,45.21,0,NO,56.08,55.72,52.08,55.95,53.34,,1678,0.0,23213,NO,NO,2023-11-13,1640000.0
1287,FOX,56.96,57.9,992136.0,Communication Services,Entertainment,73.0,19.0,93.0,56.0,1.6057,1.4274,1386033.0,1471120.0,68.17,44.08,24018530304,NO,59.43,56.52,56.96,57.37,55.23,,1893,0.0,992136,NO,NO,2021-12-17,13993200.0
1288,UDIV,61.65,62.18,16743.0,ETF,ETF,73.0,73.0,66.0,76.0,0.5349,0.3167,8052.0,7840.0,68.06,50.02,0,NO,61.5,61.13,57.12,61.37,58.54,,2590,0.0,16743,NO,NO,2024-06-24,1160700.0
1289,FNDX,31.9,32.28,3562437.0,ETF,ETF,73.0,53.0,64.0,68.0,0.2593,0.2,2628133.0,3170460.0,32.85,25.67,0,NO,32.38,32.16,29.88,32.24,30.66,,3295,0.0,3562437,NO,NO,2026-05-12,47993700.0
1290,GXLC,93.42,91.923,270.0,ETF,ETF,73.0,77.0,71.0,74.0,0.65,0.0248,215.0,130.0,93.62,76.06,0,NO,92.05,91.53,86.27,92.04,87.99,,249,0.0,100,NO,NO,2025-09-25,40600.0
1291,FNDE,42.29,42.94,2123326.0,ETF,ETF,73.0,79.0,74.0,62.0,0.4193,0.2986,1204768.0,1960100.0,43.18,34.69,0,NO,42.4,41.6,39.72,41.89,40.42,,3295,0.0,2123326,NO,NO,2020-06-25,10888000.0
1292,XUDV,32.23,32.6,4930.0,ETF,ETF,73.0,31.0,57.0,70.0,0.3267,0.2386,9125.0,16770.0,34.03,25.3,0,NO,33.32,33.1,30.16,33.11,31.2,,418,0.0,4930,NO,NO,2025-05-14,1286800.0
1293,B,42.49,43.88,9208309.0,Non-energy minerals,Precious metals,73.0,7.0,88.0,59.0,1.3186,1.0271,9737550.0,8259870.0,54.69,30.35,69933629440,NO,44.11,41.66,42.78,42.66,41.09,,10482,0.0,9208309,YES,NO,2013-11-01,74458200.0
1294,FLCV,36.49,36.89,21558.0,ETF,ETF,72.0,40.0,66.0,71.0,0.3307,0.2249,37434.0,59630.0,38.29,29.6,0,NO,37.23,37.13,34.07,37.23,35.0,,538,0.0,21558,NO,NO,2026-07-22,431300.0
1295,STOX,32.1,32.42,17461.0,ETF,ETF,72.0,75.0,75.0,73.0,0.3616,0.2718,57066.0,21920.0,33.16,26.22,0,NO,31.91,31.7,29.8,31.86,30.36,,312,0.0,17461,NO,NO,2025-07-31,2331400.0
1296,FEM,32.76,33.29,95077.0,ETF,ETF,72.0,74.0,68.0,59.0,0.4271,0.2757,93982.0,72920.0,35.61,25.85,0,NO,33.15,32.32,31.06,32.49,31.87,,3880,0.0,95077,NO,NO,2014-02-03,8517700.0
1297,QBIG,41.91,42.575,1362.0,ETF,ETF,72.0,85.0,81.0,79.0,0.4809,0.2791,5360.0,4330.0,43.36,32.67,0,NO,41.43,40.86,38.96,41.16,39.51,,449,0.0,1362,NO,NO,2024-12-16,283800.0
1298,HBTA,33.01,33.203,22747.0,ETF,ETF,72.0,84.0,66.0,79.0,0.5471,0.38,72290.0,17530.0,33.32,25.52,0,NO,32.06,32.0,30.46,32.16,31.06,,418,0.0,22747,NO,NO,2026-06-23,2496600.0
1299,GEVG,21.87,21.706,19659.0,ETF,ETF,72.0,34.0,3.0,14.0,1.6109,1.2193,42569.0,39690.0,39.74,12.07,0,NO,21.27,24.18,,23.56,26.27,,192,0.2,19659,NO,NO,2026-04-22,352100.0
1300,RFFC,76.79,77.272,834.0,ETF,ETF,72.0,73.0,70.0,68.0,0.5567,0.1775,1242.0,2510.0,77.69,63.01,0,NO,76.6,76.04,71.83,76.34,73.15,,2573,0.0,834,NO,NO,2018-03-08,1302900.0
1301,SQLV,51.51,52.059,1364.0,ETF,ETF,72.0,25.0,64.0,73.0,0.5082,0.3043,6307.0,7450.0,55.3,39.95,0,NO,53.34,53.64,48.34,53.52,49.85,,2311,0.0,1364,NO,NO,2023-03-22,134200.0
1302,ASIA,41.86,42.287,1886.0,ETF,ETF,72.0,79.0,20.0,73.0,0.541,0.1776,4058.0,1730.0,47.47,32.15,0,NO,41.33,40.98,39.25,41.19,40.58,,751,0.0,1886,NO,NO,2024-12-20,1096600.0
1303,BBLU,17.32,17.51,83833.0,ETF,ETF,72.0,70.0,76.0,73.0,0.1481,0.1106,76517.0,113990.0,17.58,14.34,0,NO,17.36,17.16,16.03,17.23,16.36,,986,0.0,83833,NO,NO,2023-01-09,2926800.0
1304,CAH,221.27,225.75,1193434.0,Healthcare,Medical Distribution,72.0,38.0,28.0,47.0,5.0136,4.8657,2000306.0,1890490.0,258.3,145.87,51237138432,NO,235.56,233.1,217.03,232.21,219.3,,10868,0.0,1199212,NO,NO,2004-07-01,35567800.0
1305,PPIH,30.84,30.24,46628.0,Producer manufacturing,Industrial machinery,72.0,94.0,86.0,46.0,1.1743,1.1057,102657.0,117960.0,36.72,21.96,252739328,NO,28.8,26.96,29.66,27.75,28.96,,9258,0.0,46628,NO,NO,2026-06-26,1032900.0
1306,CVIE,83.96,85.4,13029.0,ETF,ETF,72.0,51.0,51.0,71.0,1.0692,0.6152,23741.0,19680.0,86.98,66.88,0,NO,85.01,84.26,79.2,84.64,81.19,,913,0.0,13029,NO,NO,2025-08-14,315600.0
1307,CRTC,41.33,41.545,4067.0,ETF,ETF,72.0,80.0,81.0,68.0,0.4195,0.267,9846.0,10070.0,41.65,33.57,0,NO,40.83,40.25,38.14,40.53,38.65,,713,0.0,4067,NO,NO,2025-02-10,1277100.0
1308,UNFI,43.74,46.23,402065.0,Distribution services,Food distributors,72.0,12.0,7.0,54.0,1.8514,1.8036,597826.0,721850.0,57.02,29.15,2638269440,NO,45.33,47.28,43.93,46.88,47.49,,7518,0.0,402067,NO,NO,2020-05-13,23196100.0
1309,USSG,71.36,71.99,12423.0,ETF,ETF,72.0,64.0,74.0,75.0,0.6625,0.416,13519.0,11690.0,72.95,57.65,0,NO,71.51,70.89,66.57,71.24,67.72,,1896,0.0,12423,NO,NO,2023-04-04,54547300.0
1310,IVAL,36.6,36.876,10078.0,ETF,ETF,72.0,56.0,77.0,54.0,0.3438,0.2114,15369.0,11990.0,37.52,29.29,0,NO,37.1,36.51,34.75,36.72,35.36,,2957,0.0,10078,NO,NO,2019-11-05,813800.0
1311,FLR,53.06,54.74,1630594.0,Industrials,Engineering & Construction,72.0,80.0,43.0,63.0,1.9071,1.8286,2398852.0,2115720.0,58.35,39.33,7096301056,NO,54.45,52.67,48.56,53.57,49.79,,6488,0.0,1630594,NO,NO,2019-06-03,36298000.0
1312,BAY,30.56,29.72,70.0,ETF,ETF,72.0,89.0,79.0,,0.2407,0.0121,107.0,100.0,30.71,26.33,0,NO,29.36,28.97,,29.23,,,95,0.0,100,NO,NO,2026-05-06,66200.0
1313,KLMN,31.84,31.369,11.0,ETF,ETF,72.0,75.0,72.0,73.0,0.2511,0.0548,698493.0,1800.0,32.07,25.96,0,NO,31.5,31.29,29.46,31.47,30.05,,442,0.0,3000,NO,NO,2026-03-25,29954800.0
1314,IVLU,43.48,44.1,988475.0,ETF,ETF,72.0,50.0,71.0,61.0,0.5084,0.3116,797571.0,1070220.0,45.09,34.7,0,NO,44.3,43.78,41.55,44.03,42.24,,2814,0.0,988475,NO,NO,2021-06-07,12614300.0
1315,ASEA,21.26,21.21,15988.0,ETF,ETF,72.0,54.0,76.0,53.0,0.2493,0.1571,23426.0,28610.0,22.06,16.83,0,NO,21.54,21.35,19.98,21.4,20.3,,3921,0.19,15988,NO,NO,2013-06-26,824700.0
1316,XITK,200.31,202.729,297.0,ETF,ETF,72.0,65.0,79.0,87.0,2.911,1.8032,2546.0,1800.0,211.22,141.05,0,NO,196.42,193.98,178.31,196.25,182.61,,2687,0.0,297,NO,NO,2023-04-03,133800.0
1317,NOVT,144.43,134.31,370634.0,Technology,Scientific & Technical Instruments,72.0,67.0,23.0,82.0,5.4279,4.4729,451844.0,425950.0,176.38,98.27,5462020096,NO,142.13,147.61,139.35,147.7,143.07,,6917,6.78,370687,NO,NO,2022-07-25,6805900.0
1318,BAIV,27.93,28.31,60862.0,ETF,ETF,72.0,36.0,83.0,77.0,0.2746,0.1246,27736.0,14060.0,29.33,22.67,0,NO,28.72,28.31,,28.46,26.12,,144,0.0,60862,NO,NO,2026-03-02,482300.0
1319,EPS,80.73,81.51,30583.0,ETF,ETF,72.0,74.0,73.0,74.0,0.7258,0.4907,44476.0,34700.0,81.95,65.97,0,NO,80.59,79.95,74.93,80.34,76.51,,4926,0.0,30590,NO,NO,2008-12-11,1811400.0
1320,ESGV,136.3,137.54,165407.0,ETF,ETF,72.0,75.0,73.0,78.0,1.3929,1.0514,172625.0,181800.0,138.12,108.18,0,NO,135.61,134.65,126.24,135.24,128.58,,2011,0.0,165407,NO,NO,2021-07-07,3142700.0
1321,SPRX,48.79,48.74,28687.0,ETF,ETF,72.0,91.0,10.0,85.0,1.6499,1.137,88906.0,35980.0,59.1,32.75,0,NO,44.82,45.48,44.3,45.96,46.09,,1289,0.0,28687,NO,NO,2026-02-04,753100.0
1322,PROV,18.36,18.62,11132.0,Finance,Savings banks,72.0,83.0,79.0,64.0,0.2643,0.2564,11552.0,17200.0,18.99,14.95,114455472,NO,18.51,18.01,16.88,18.15,17.28,,7606,0.0,11134,NO,NO,1996-06-28,3397050.0
1323,PZIV,29.62,29.94,731.0,ETF,ETF,72.0,39.0,75.0,,0.2556,0.1057,2726.0,600.0,30.86,25.38,0,NO,30.32,30.01,,30.13,,,120,0.0,731,NO,NO,2026-05-14,192800.0
1324,BSRR,39.4,40.0,33131.0,Financial Services,Banks - Regional,72.0,60.0,31.0,75.0,0.7693,0.7568,62590.0,51640.0,43.13,26.49,510757856,NO,40.25,40.65,37.31,40.53,38.47,,8162,0.0,33131,NO,NO,2014-03-04,376100.0
1325,BRZE,25.87,25.4,1818145.0,Technology,Software - Application,72.0,3.0,94.0,90.0,1.6762,1.3175,2580569.0,3156060.0,37.33,15.26,2938429184,NO,28.7,27.51,24.58,27.39,24.0,,1215,1.61,1818236,NO,NO,2026-03-25,11777100.0
1326,KEX,130.04,135.63,758776.0,Industrials,Marine Shipping,72.0,18.0,19.0,29.0,3.1093,2.9279,522457.0,422360.0,157.69,79.52,6866111488,NO,138.77,138.96,133.78,137.73,138.74,,11724,0.0,758776,NO,NO,2009-09-08,7200100.0
1327,HFGO,30.35,30.64,14678.0,ETF,ETF,72.0,87.0,78.0,81.0,0.4258,0.3208,39380.0,27720.0,31.08,23.25,0,NO,29.48,29.21,27.8,29.45,28.3,,1220,0.0,14678,NO,NO,2022-01-06,3305300.0
1328,BBB,32.34,32.732,446.0,ETF,ETF,72.0,85.0,84.0,76.0,0.3646,0.1114,2473.0,1380.0,32.75,25.96,0,NO,31.65,30.62,29.44,30.96,29.6,,440,0.0,446,NO,NO,2026-01-12,27500.0
1329,TTEK,34.9,35.96,3076897.0,Industrial services,Engineering & construction,72.0,25.0,92.0,60.0,0.8021,0.7911,2679215.0,2220110.0,43.14,25.81,8935951360,NO,36.12,34.78,33.05,35.33,31.78,,8752,0.0,3076897,NO,NO,2019-07-31,61289500.0
1330,FLN,26.3,26.53,18633.0,ETF,ETF,72.0,87.0,75.0,42.0,0.4407,0.3671,11522.0,11390.0,28.5,19.87,0,NO,26.19,25.75,25.44,25.82,25.71,,3878,0.0,18633,NO,NO,2019-09-06,5884800.0
1331,FDT,95.35,96.38,83511.0,ETF,ETF,72.0,73.0,47.0,53.0,1.4564,0.9343,119447.0,93200.0,101.32,73.51,0,NO,96.29,93.88,91.37,94.71,93.63,,3879,0.0,83511,NO,NO,2019-09-06,3140300.0
1332,PBLS,33.31,36.93,1113850.0,Health technology,Pharmaceuticals: major,72.0,4.0,91.0,,2.9786,2.9364,621514.0,1619660.0,42.49,24.51,4114892288,NO,38.5,35.93,,36.81,,,72,0.0,1113850,NO,NO,2026-09-18,9086000.0
1333,UPV,95.84,97.14,838.0,ETF,ETF,72.0,18.0,53.0,81.0,1.5636,0.4264,498.0,620.0,108.16,78.07,0,NO,102.35,102.47,96.43,102.83,96.91,,4118,0.0,200,NO,NO,2015-02-24,200500.0
1334,UXOC,40.25,40.666,872.0,ETF,ETF,72.0,74.0,73.0,75.0,0.3737,0.1288,1085.0,1290.0,40.9,32.58,0,NO,40.04,39.83,37.43,40.0,38.17,,481,0.0,872,NO,NO,2026-01-07,605800.0
1335,EFO,72.72,75.02,1643.0,ETF,ETF,72.0,17.0,57.0,72.0,1.5082,0.6232,4414.0,5450.0,80.05,56.39,0,NO,76.08,75.79,70.74,76.14,71.6,,4352,0.0,1643,NO,NO,2016-08-09,3152100.0
1336,IYM,183.74,181.49,343221.0,ETF,ETF,72.0,23.0,57.0,58.0,3.0271,2.2671,208560.0,207820.0,197.36,139.08,0,NO,188.64,185.1,178.05,186.31,182.06,,6603,0.93,343221,NO,NO,2009-03-26,6265500.0
1337,BUYO,32.2,32.25,109.0,ETF,ETF,72.0,35.0,52.0,76.0,0.2501,0.0384,747.0,340.0,34.52,25.63,0,NO,32.93,33.15,30.54,33.16,31.36,,489,0.0,100,NO,NO,2024-10-09,395500.0
1338,CBNK,35.62,36.0,45314.0,Financial Services,Banks - Regional,72.0,47.0,70.0,79.0,0.7436,0.7186,57474.0,52950.0,38.83,26.4,580266048,NO,36.28,36.63,32.38,36.67,33.55,,2007,0.0,45314,NO,NO,2018-09-26,987500.0
1339,LARK,30.81,32.05,7557.0,Finance,Major banks,72.0,32.0,62.0,84.0,0.7464,0.7121,12163.0,10780.0,34.6,23.57,187957456,NO,32.13,31.83,28.58,31.83,29.15,,8176,0.0,7557,NO,NO,1994-03-28,1448170.0
1340,EMCR,43.79,44.5,666.0,ETF,ETF,72.0,75.0,49.0,68.0,0.5379,0.2357,3219.0,1820.0,46.27,35.17,0,NO,43.66,43.03,41.22,43.29,42.16,,1958,0.0,666,NO,NO,2023-11-14,5904000.0
1341,CTWO,19.23,19.25,14.0,ETF,ETF,72.0,90.0,87.0,84.0,0.1724,0.0135,1214.0,130.0,23.3,15.5,0,NO,19.01,18.59,18.19,18.77,17.46,,315,0.0,100,NO,NO,2026-07-20,33500.0
1342,EGUS,59.07,59.652,349.0,ETF,ETF,72.0,80.0,70.0,80.0,0.5356,0.2134,2419.0,3590.0,60.0,45.91,0,NO,58.19,58.15,54.57,58.34,55.72,,911,0.0,349,NO,NO,2025-01-27,331400.0
1343,SAP,210.62,209.22,1544989.0,Technology services,Packaged software,71.0,37.0,95.0,75.0,5.61,4.5886,2675234.0,1821800.0,281.37,144.97,243098501120,NO,213.46,197.7,194.9,203.95,182.44,,7804,0.0,1553034,NO,NO,2006-07-13,17908300.0
1344,GUSA,67.01,65.964,11.0,ETF,ETF,71.0,74.0,70.0,73.0,0.4645,0.0174,292.0,890.0,67.45,54.7,0,NO,66.16,65.76,62.05,66.13,63.22,,1113,0.0,100,NO,NO,2024-11-06,80400.0
1345,NXTI,36.37,35.927,31.0,ETF,ETF,71.0,70.0,79.0,79.0,0.3081,0.0716,988.0,1100.0,36.83,29.1,0,NO,36.14,35.6,33.02,35.87,33.55,,610,0.0,100,NO,NO,2025-08-19,476600.0
1346,XDIV,31.35,31.62,21467.0,ETF,ETF,71.0,74.0,71.0,74.0,0.2754,0.1874,28338.0,39250.0,31.76,25.62,0,NO,31.21,31.02,29.19,31.16,29.78,,303,0.0,21467,NO,NO,2025-12-30,158800.0
1347,EE,33.97,33.92,307225.0,Energy,Oil & Gas Midstream,71.0,5.0,19.0,26.0,1.5778,1.571,385341.0,591130.0,43.17,24.63,3852269568,NO,38.16,38.06,35.29,37.57,35.84,,1114,0.0,307225,NO,NO,2022-04-13,11900700.0
1348,DCBO,22.59,23.25,23058.0,Technology,Software - Application,71.0,13.0,94.0,69.0,0.8701,0.8183,75958.0,32620.0,29.8,14.39,563566144,NO,24.46,22.52,19.81,23.03,19.8,,1456,0.0,23058,NO,NO,2025-05-09,954700.0
1349,FDD,19.78,20.3,61674.0,ETF,ETF,71.0,40.0,64.0,64.0,0.24,0.1439,159423.0,214600.0,20.8,15.77,0,NO,20.41,20.13,18.86,20.25,19.25,,4795,0.0,61674,NO,NO,2025-04-29,3745000.0
1350,SLV,58.16,60.73,14780391.0,ETF,ETF,71.0,19.0,85.0,10.0,1.8329,1.1921,16448531.0,16255460.0,109.83,39.64,0,NO,59.32,57.2,65.91,57.97,62.43,,5133,0.0,14859069,YES,NO,2026-01-30,510687700.0
1351,FLJP,41.26,41.61,801924.0,ETF,ETF,71.0,81.0,69.0,69.0,0.5639,0.3843,956323.0,754170.0,42.05,33.64,0,NO,41.24,40.53,38.41,40.9,39.14,,2230,0.0,801924,NO,NO,2026-03-03,9396700.0
1352,IWL,191.27,192.88,23757.0,ETF,ETF,71.0,79.0,74.0,74.0,1.8082,1.2639,46995.0,59840.0,193.28,155.38,0,NO,189.85,188.36,177.88,189.26,180.99,,4272,0.0,23757,NO,NO,2012-06-20,4204500.0
1353,LNGX,43.32,42.882,14193.0,ETF,ETF,71.0,28.0,76.0,12.0,0.9049,0.7996,13347.0,20580.0,49.01,33.81,0,NO,45.13,43.93,41.79,44.14,43.51,,224,0.0,14193,NO,NO,2026-03-23,390800.0
1354,SKWD,54.84,56.295,299044.0,Financial Services,Insurance - Property & Casualty,71.0,37.0,67.0,86.0,1.5134,1.3624,554301.0,376760.0,65.69,40.6,2434703616,NO,57.07,58.78,50.33,58.43,51.98,,925,0.0,299044,NO,NO,2023-01-13,4172700.0
1355,EVUS,36.7,36.935,31996.0,ETF,ETF,71.0,63.0,74.0,68.0,0.2976,0.1993,39896.0,31340.0,37.56,30.56,0,NO,37.01,36.65,34.33,36.81,34.96,,912,0.0,31996,NO,NO,2025-09-16,4225900.0
1356,ASCE,33.14,33.83,97000.0,ETF,ETF,71.0,28.0,26.0,80.0,0.507,0.4374,90000.0,141070.0,36.31,24.65,0,NO,34.39,34.45,31.12,34.44,32.39,,305,0.0,97000,NO,NO,2026-07-23,847700.0
1357,TYO,15.21,15.59,27778.0,ETF,ETF,71.0,86.0,80.0,56.0,0.2407,0.1683,30982.0,29810.0,15.81,12.62,0,NO,15.18,14.81,13.9,14.96,14.26,,4386,0.0,27778,NO,NO,2022-09-28,1059600.0
1358,FGNXP,24.9,24.74,3.0,Financial Services,Asset Management,71.0,58.0,46.0,33.0,0.4513,0.1952,480.0,1460.0,26.0,17.1,0,NO,24.4,24.74,24.23,24.63,24.86,,2136,0.0,900,NO,NO,2021-05-19,94600.0
1359,FNDB,31.02,31.4,360557.0,ETF,ETF,71.0,50.0,61.0,66.0,0.255,0.1943,362452.0,573380.0,32.03,25.05,0,NO,31.52,31.38,29.19,31.43,29.93,,3295,0.0,360557,NO,NO,2018-01-16,3055500.0
1360,SFTY,31.81,32.06,64592.0,ETF,ETF,71.0,76.0,74.0,72.0,0.2641,0.1663,211104.0,57250.0,32.17,26.29,0,NO,31.62,31.43,29.61,31.57,30.16,,312,0.0,64592,NO,NO,2025-07-31,11976600.0
1361,UBSI,46.22,46.76,932368.0,Finance,Regional banks,71.0,40.0,58.0,67.0,0.8,0.7764,1005863.0,1303370.0,49.62,34.1,6293932032,NO,47.25,47.79,43.75,47.76,44.87,,9900,0.0,934261,NO,NO,2017-04-11,14134600.0
1362,NBN,129.01,132.5,133048.0,Financial Services,Banks - Regional,71.0,62.0,52.0,78.0,3.8152,3.7284,119723.0,123680.0,142.31,80.75,1103726976,NO,130.49,130.9,120.5,130.94,124.85,,9847,0.0,133048,NO,NO,2021-06-25,1137100.0
1363,DEMZ,48.27,48.307,1257.0,ETF,ETF,71.0,79.0,72.0,75.0,0.3911,0.2551,2474.0,2950.0,48.63,39.03,0,NO,47.63,47.51,44.62,47.68,45.33,,1476,0.0,1257,NO,NO,2023-12-13,89600.0
1364,DFIV,56.63,57.63,1466907.0,ETF,ETF,71.0,43.0,73.0,53.0,0.6066,0.3748,1236763.0,1366310.0,59.21,45.06,0,NO,58.13,57.48,54.47,57.72,55.44,,1262,0.0,1467154,NO,NO,2025-04-28,20695100.0
1365,KCHP,26.44,26.21,1758.0,ETF,ETF,71.0,,,,,,9100.0,9100.0,27.06,23.74,0,NO,,,,,,,6,0.0,1758,NO,NO,2026-09-18,11400.0
1366,LRGE,90.61,91.068,4604.0,ETF,ETF,71.0,86.0,81.0,75.0,0.9182,0.5819,18960.0,7020.0,91.42,72.34,0,NO,88.54,87.28,83.25,87.83,84.18,,2341,0.0,4604,NO,NO,2020-05-08,3279700.0
1367,BLUC,32.19,32.42,56327.0,ETF,ETF,71.0,80.0,74.0,75.0,0.3039,0.2133,31236.0,35530.0,32.51,24.53,0,NO,31.85,31.63,29.86,31.79,30.4,,315,0.0,56327,NO,NO,2025-06-24,4264700.0
1368,JPAN,42.58,42.981,1375.0,ETF,ETF,71.0,77.0,55.0,73.0,0.4333,0.1247,1400.0,1060.0,44.33,35.13,0,NO,42.86,42.44,39.98,42.74,40.84,,752,0.0,1375,NO,NO,2025-02-27,26000.0
1369,IREC,27.21,27.29,174.0,ETF,ETF,71.0,96.0,,,1.8995,0.9495,4688.0,10880.0,30.72,12.9,0,NO,22.77,22.69,,23.2,,,50,0.0,174,NO,NO,2026-09-15,97100.0
1370,UDOW,65.27,67.59,1438409.0,ETF,ETF,71.0,9.0,25.0,87.0,2.1479,1.5429,1565266.0,1907780.0,79.26,46.25,0,NO,70.2,71.34,63.33,71.03,64.3,,4178,0.0,1443618,NO,NO,2020-03-25,67061200.0
1371,AVUQ,67.89,68.37,17256.0,ETF,ETF,71.0,82.0,74.0,74.0,0.6501,0.4056,25179.0,12740.0,68.7,54.65,0,NO,66.8,66.58,63.09,66.89,64.3,,369,0.0,17256,NO,NO,2026-08-27,301700.0
1372,VABK,47.01,48.22,3661.0,Financial Services,Banks - Regional,71.0,77.0,74.0,78.0,0.905,0.7671,7647.0,8300.0,50.0,37.31,255042496,NO,47.26,46.71,42.71,46.86,43.73,,6889,0.0,3661,NO,NO,2023-06-23,606100.0
1373,LCAP,33.78,33.93,54056.0,ETF,ETF,71.0,77.0,70.0,70.0,0.2751,0.2129,35693.0,47690.0,34.34,28.15,0,NO,33.47,33.49,31.6,33.55,32.27,,375,0.0,54056,NO,NO,2025-10-30,1798000.0
1374,PRU,117.59,118.53,1380291.0,Finance,Life/Health insurance,71.0,43.0,81.0,83.0,2.5295,2.353,1751012.0,1652010.0,127.72,91.89,40568549376,NO,119.17,120.38,108.63,120.66,108.46,,6232,0.0,1403173,NO,NO,2002-07-19,57058900.0
1375,EIS,124.85,127.63,25944.0,ETF,ETF,71.0,82.0,71.0,39.0,1.8806,1.3535,46892.0,32720.0,138.85,93.77,0,NO,124.15,122.25,122.06,123.29,124.5,,4651,0.0,25965,NO,NO,2008-06-11,1669600.0
1376,LCDS,73.7,74.488,1095.0,ETF,ETF,71.0,71.0,73.0,72.0,0.4936,0.0528,293.0,140.0,74.86,60.85,0,NO,73.62,73.21,68.78,73.54,70.05,,532,0.0,1095,NO,NO,2026-07-22,7700.0
1377,AVLC,90.96,94.05,131486.0,ETF,ETF,71.0,66.0,63.0,71.0,1.1789,0.79,70774.0,99770.0,94.8,74.45,0,NO,91.19,90.85,85.05,91.06,87.0,,749,0.0,131486,NO,NO,2024-04-11,798100.0
1378,FEUS,83.47,84.322,2175.0,ETF,ETF,71.0,67.0,73.0,75.0,0.7046,0.2089,3041.0,5550.0,85.07,67.94,0,NO,83.79,83.07,77.7,83.41,79.22,,1256,0.0,2175,NO,NO,2024-05-22,131700.0
1379,TSPA,48.56,48.97,457898.0,ETF,ETF,71.0,77.0,70.0,74.0,0.4666,0.3425,366566.0,296040.0,49.17,39.53,0,NO,48.24,47.98,45.21,48.17,46.1,,1325,0.0,457898,NO,NO,2024-05-23,9410000.0
1380,ESGU,168.0,169.28,789633.0,ETF,ETF,71.0,73.0,71.0,74.0,1.5943,1.1546,378712.0,372430.0,170.85,136.82,0,NO,167.42,166.61,156.56,167.21,159.53,,2461,0.0,789633,NO,NO,2023-03-17,50697000.0
1381,FEAC,32.99,33.296,6858.0,ETF,ETF,71.0,65.0,68.0,74.0,0.3016,0.1816,9939.0,3030.0,34.05,26.95,0,NO,33.1,33.02,30.8,33.11,31.46,,458,0.0,6858,NO,NO,2026-07-06,187600.0
1382,KLMT,35.04,34.974,122.0,ETF,ETF,71.0,70.0,64.0,72.0,0.2428,0.0,1020.0,260.0,35.66,29.23,0,NO,35.16,34.92,32.93,35.11,33.58,,561,0.0,100,NO,NO,2025-02-03,19325400.0
1383,ENHU,28.63,28.861,259.0,ETF,ETF,71.0,72.0,72.0,74.0,0.1992,0.009,174.0,190.0,29.07,23.45,0,NO,28.54,28.38,26.64,28.51,27.18,,220,0.0,259,NO,NO,2025-12-11,14000.0
1384,NBET,40.49,41.081,2803.0,ETF,ETF,71.0,41.0,64.0,29.0,0.4237,0.3569,4700.0,4270.0,43.14,31.34,0,NO,41.94,41.19,38.82,41.27,40.48,,1118,0.0,2803,NO,NO,2024-10-23,603400.0
1385,IWC,187.82,190.52,272226.0,ETF,ETF,71.0,27.0,34.0,73.0,2.8371,2.4379,75406.0,113700.0,203.28,143.74,0,NO,192.61,193.56,178.93,193.24,184.35,,5308,0.0,272226,NO,NO,2009-12-01,1425500.0
1386,FMET,39.45,39.899,2075.0,ETF,ETF,71.0,84.0,81.0,84.0,0.4942,0.3667,3238.0,2810.0,40.25,30.14,0,NO,38.64,38.15,36.17,38.44,36.54,,1109,0.0,2075,NO,NO,2025-06-24,114300.0
1387,STRN,26.28,26.656,2605.0,ETF,ETF,71.0,64.0,21.0,83.0,0.3386,0.1691,12049.0,4630.0,29.08,19.65,0,NO,26.24,26.41,24.55,26.42,25.38,,274,0.0,2605,NO,NO,2025-12-17,627400.0
1388,AVUS,129.21,130.26,316041.0,ETF,ETF,71.0,63.0,61.0,70.0,1.1445,0.8494,293182.0,308450.0,132.81,105.72,0,NO,129.71,129.45,121.24,129.82,124.14,,1756,0.0,316041,NO,NO,2026-06-10,2586300.0
1389,PEPS,33.06,33.17,1045.0,ETF,ETF,71.0,78.0,72.0,72.0,0.2275,0.0535,315.0,330.0,33.24,27.14,0,NO,32.82,32.63,30.8,32.79,31.32,,357,0.0,1045,NO,NO,2025-05-13,5200.0
1390,BAMG,45.03,45.276,175238.0,ETF,ETF,71.0,79.0,64.0,78.0,0.3705,0.1818,17820.0,31870.0,45.47,35.32,0,NO,44.33,44.22,41.5,44.4,42.32,,748,0.0,175238,NO,NO,2023-11-10,452800.0
1391,JUST,109.53,110.731,9357.0,ETF,ETF,70.0,66.0,68.0,73.0,0.9324,0.5039,4887.0,5290.0,111.97,89.86,0,NO,109.73,109.22,102.29,109.7,104.49,,2079,0.0,9357,NO,NO,2019-03-07,1240100.0
1392,HQGO,67.56,68.002,121.0,ETF,ETF,70.0,76.0,76.0,74.0,0.4497,0.009,857.0,260.0,68.46,55.01,0,NO,66.93,66.61,62.68,66.86,63.75,,700,0.0,121,NO,NO,2024-11-12,714200.0
1393,BALQ,57.17,57.34,12508.0,ETF,ETF,70.0,86.0,59.0,80.0,0.6761,0.4747,9147.0,11230.0,58.29,44.52,0,NO,55.43,55.23,52.43,55.57,53.71,,201,0.0,12508,NO,NO,2026-08-28,44400.0
1394,XHE,91.25,91.26,5679.0,ETF,ETF,70.0,25.0,84.0,67.0,1.3436,1.2064,27517.0,42590.0,97.65,76.0,0,NO,92.77,91.86,86.06,92.1,85.21,,3936,0.0,5679,NO,NO,2023-08-16,958400.0
1395,NICE,117.79,114.54,1102411.0,Technology,Software - Application,70.0,96.0,94.0,32.0,5.3107,4.7536,547830.0,596430.0,153.07,83.1,6902162944,NO,105.36,101.68,104.63,102.87,101.79,,7714,0.0,1102411,NO,NO,1998-09-25,17649600.0
1396,CARK,48.82,47.639,15.0,ETF,ETF,70.0,81.0,74.0,76.0,0.4843,0.0706,4446.0,300.0,49.07,38.26,0,NO,47.55,47.5,45.06,47.77,45.73,,698,1.58,300,NO,NO,2023-12-07,9712300.0
1397,ESLG,28.56,28.53,2129.0,ETF,ETF,70.0,60.0,65.0,77.0,0.2504,0.1398,5200.0,3030.0,29.71,22.65,0,NO,28.41,28.45,26.37,28.54,26.97,,246,0.0,2129,NO,NO,2026-04-14,177600.0
1398,APUE,47.31,47.68,100028.0,ETF,ETF,70.0,71.0,71.0,73.0,0.4113,0.2725,143465.0,98550.0,48.17,38.77,0,NO,47.16,46.95,44.11,47.12,44.98,,850,0.0,100028,NO,NO,2024-04-08,18618400.0
1399,RGLO,33.4,33.753,25635.0,ETF,ETF,70.0,67.0,71.0,70.0,0.4214,0.3711,27150.0,30690.0,34.43,27.27,0,NO,33.47,33.33,31.46,33.45,32.01,,330,0.0,25635,NO,NO,2025-06-10,3543700.0
1400,USMC,76.93,77.55,53304.0,ETF,ETF,70.0,80.0,76.0,76.0,0.6947,0.5179,97925.0,65000.0,77.69,62.28,0,NO,76.22,75.56,70.87,75.89,72.19,,2247,0.0,53304,NO,NO,2019-08-01,5057200.0
1401,BRNY,57.8,58.539,3693.0,ETF,ETF,70.0,48.0,50.0,78.0,0.6143,0.3373,21023.0,14680.0,60.15,46.89,0,NO,58.2,58.31,54.07,58.41,55.52,,987,0.0,3693,NO,NO,2025-03-05,332500.0
1402,XTAP,46.87,46.61,9.0,ETF,ETF,70.0,74.0,71.0,60.0,0.11,0.0053,1903.0,120.0,46.87,39.33,0,NO,46.5,46.12,43.42,46.32,44.67,,1374,0.47,300,NO,NO,2022-03-11,345300.0
1403,GINX,36.01,36.482,5885.0,ETF,ETF,70.0,45.0,64.0,60.0,0.3189,0.1874,8509.0,6850.0,37.38,28.39,0,NO,36.76,36.44,34.21,36.57,34.89,,643,0.0,5885,NO,NO,2024-03-15,477200.0
1404,GSUS,106.43,107.39,406129.0,ETF,ETF,70.0,76.0,72.0,74.0,0.9418,0.6545,101161.0,139590.0,107.67,86.68,0,NO,105.81,105.1,99.03,105.57,100.86,,1594,0.0,406129,NO,NO,2020-06-09,4903100.0
1405,BKLC,49.22,49.6,645064.0,ETF,ETF,70.0,76.0,72.0,73.0,0.4535,0.34,381233.0,283820.0,49.84,40.21,0,NO,48.92,48.6,45.81,48.81,46.66,,1619,0.0,645064,NO,NO,2023-02-01,49288500.0
1406,FESM,45.33,45.86,738256.0,ETF,ETF,70.0,26.0,29.0,78.0,0.5499,0.466,906279.0,958580.0,48.93,34.83,0,NO,46.66,47.26,42.99,47.06,44.47,,711,0.0,738256,NO,NO,2025-03-07,5100800.0
1407,IVV,771.21,776.86,8406663.0,ETF,ETF,70.0,74.0,72.0,73.0,7.2464,5.3136,6679785.0,10968660.0,783.09,632.14,0,NO,768.19,763.92,720.32,766.97,733.57,,6624,0.0,8406663,NO,NO,2025-12-16,40598500.0
1408,STXF,49.72,50.12,38293.0,ETF,ETF,70.0,76.0,72.0,73.0,0.4423,0.3334,47331.0,46850.0,50.35,40.52,0,NO,49.47,49.14,46.3,49.34,47.17,,1008,0.0,38293,NO,NO,2022-09-21,970100.0
1409,PTNQ,89.5,89.451,29596.0,ETF,ETF,70.0,87.0,68.0,76.0,1.0424,0.7751,34666.0,38930.0,90.22,71.56,0,NO,86.34,85.71,81.98,86.24,83.35,,2836,0.0,29596,NO,NO,2020-03-13,712200.0
1410,BG,111.48,112.61,1807997.0,Consumer Defensive,Farm Products,70.0,59.0,51.0,11.0,4.5918,4.3982,1608480.0,2261720.0,134.87,78.53,21417439232,NO,118.22,115.54,115.53,114.66,118.84,,6321,0.0,1882748,NO,NO,2023-03-14,39934100.0
1411,OPPG,37.43,36.865,72.0,ETF,ETF,70.0,80.0,69.0,59.0,0.3677,0.0475,1185.0,120.0,38.21,30.82,0,NO,37.48,36.97,35.54,37.18,35.93,,304,0.18,200,NO,NO,2026-07-28,31800.0
1412,GOOGL,337.83,351.16,35324218.0,Communication Services,Internet Content & Information,70.0,40.0,34.0,70.0,9.1114,7.6729,29303677.0,28521270.0,408.61,235.84,4131638738944,NO,341.99,345.07,337.95,343.18,345.04,,5559,0.0,35324218,YES,NO,2006-01-20,1643023332.0
1413,LRGF,78.33,78.95,232012.0,ETF,ETF,70.0,76.0,74.0,75.0,0.719,0.5027,147257.0,98080.0,79.44,63.89,0,NO,78.11,77.53,72.66,77.89,74.06,,2866,0.0,232012,NO,NO,2018-01-16,4002600.0
1414,NFJ,15.04,15.33,219407.0,Financial Services,Asset Management,70.0,36.0,49.0,79.0,0.2214,0.1746,205236.0,274860.0,15.75,12.25,1415290496,NO,15.45,15.39,14.16,15.44,14.56,,5425,0.0,219407,NO,NO,2010-12-22,2821200.0
1415,RLY,37.07,37.28,181158.0,ETF,ETF,70.0,52.0,79.0,39.0,0.3546,0.3175,202349.0,188320.0,38.38,30.58,0,NO,37.62,36.91,35.5,37.07,36.33,,3623,0.0,181158,NO,NO,2022-06-28,1752400.0
1416,NORW,36.49,37.05,14502.0,ETF,ETF,70.0,50.0,70.0,35.0,0.3944,0.2991,35288.0,20110.0,39.39,27.84,0,NO,37.36,36.05,35.17,36.5,36.49,,4299,0.0,14514,NO,NO,2026-03-30,1375300.0
1417,RSEE,39.22,39.674,3201.0,ETF,ETF,70.0,66.0,56.0,74.0,0.4499,0.2159,9050.0,8880.0,40.38,31.83,0,NO,39.15,39.02,36.9,39.14,37.64,,1171,0.0,3201,NO,NO,2022-02-11,289200.0
1418,FIVA,38.74,39.18,101930.0,ETF,ETF,70.0,37.0,57.0,63.0,0.4645,0.3036,87990.0,92620.0,40.5,30.89,0,NO,39.7,39.5,37.22,39.58,37.82,,2176,0.0,101930,NO,NO,2024-12-23,1200200.0
1419,EEMV,75.38,76.65,194520.0,ETF,ETF,70.0,78.0,56.0,71.0,0.9029,0.5664,215466.0,196120.0,77.39,62.77,0,NO,75.58,74.0,70.09,74.55,71.81,,3751,0.0,194520,NO,NO,2023-01-11,46466900.0
1420,BFXU,24.0,23.56,9.0,ETF,ETF,70.0,72.0,69.0,,0.195,0.0443,458.0,370.0,24.17,20.7,0,NO,23.65,23.54,,23.66,,,115,0.0,100,NO,NO,2026-08-20,11700.0
1421,BIBL,54.59,54.73,64495.0,ETF,ETF,70.0,49.0,33.0,68.0,0.6343,0.4592,44123.0,26520.0,58.17,43.21,0,NO,54.85,55.34,51.67,55.37,53.38,,2234,0.0,64495,NO,NO,2023-02-03,658900.0
1422,STXG,56.8,57.242,3085.0,ETF,ETF,70.0,80.0,74.0,77.0,0.5672,0.3049,5541.0,3390.0,57.47,45.06,0,NO,56.07,55.74,52.67,56.02,53.59,,967,0.0,3085,NO,NO,2023-06-02,242300.0
1423,PGNY,25.83,26.86,1347189.0,Commercial services,Miscellaneous commercial services,70.0,77.0,30.0,92.0,0.7789,0.7221,1142628.0,1155280.0,33.06,16.1,1981853184,NO,26.63,28.26,24.2,27.46,24.36,,1735,0.0,1347189,NO,NO,2024-09-20,19314500.0
1424,BSET,17.6,17.43,13741.0,Consumer Cyclical,"Furnishings, Fixtures & Appliances",70.0,18.0,84.0,80.0,0.5793,0.5636,60166.0,25570.0,22.26,13.17,152385536,NO,18.23,19.21,16.47,18.78,16.67,,11724,0.0,13741,NO,NO,2014-06-27,1488600.0
1425,KDP,31.76,30.62,9459635.0,Consumer Defensive,Beverages - Non-Alcoholic,70.0,65.0,63.0,77.0,0.7071,0.6454,12765390.0,11424610.0,33.82,24.88,43219832832,NO,31.85,31.15,29.35,31.32,29.92,,4623,3.23,9459635,YES,NO,2022-06-17,143326600.0
1426,QARP,67.17,67.63,3409.0,ETF,ETF,70.0,60.0,73.0,64.0,0.4536,0.1476,1414.0,1330.0,68.73,55.85,0,NO,67.81,67.31,63.36,67.47,64.58,,2128,0.0,3409,NO,NO,2018-04-17,1764100.0
1427,SPYM,90.37,91.03,8960097.0,ETF,ETF,70.0,74.0,72.0,73.0,0.8118,0.6179,11598287.0,16293360.0,91.74,74.06,0,NO,89.98,89.49,84.39,89.84,85.93,,5244,0.0,8960097,NO,NO,2026-03-13,73446500.0
1428,FFLG,34.06,34.32,42297.0,ETF,ETF,70.0,86.0,57.0,79.0,0.4362,0.3038,101466.0,43210.0,35.33,26.4,0,NO,33.15,32.94,31.56,33.13,32.27,,1414,0.0,42297,NO,NO,2023-01-10,2558700.0
1429,DBAW,48.2,48.67,58764.0,ETF,ETF,70.0,67.0,51.0,66.0,0.4785,0.2978,31279.0,20760.0,49.25,38.96,0,NO,48.2,48.04,45.42,48.16,46.47,,3183,0.0,58764,NO,NO,2015-12-15,562000.0
1430,EUFN,40.3,41.73,2873007.0,ETF,ETF,70.0,31.0,69.0,75.0,0.6657,0.3821,1469142.0,1840360.0,43.07,32.91,0,NO,42.02,41.68,38.35,41.83,38.83,,4184,0.0,2873007,NO,NO,2021-03-08,22888800.0
1431,PEBK,42.66,43.57,10671.0,Finance,Regional banks,70.0,36.0,30.0,61.0,1.0282,0.9773,36353.0,27940.0,45.78,27.33,227007808,NO,43.77,43.57,40.39,43.72,41.89,,10312,0.0,10671,NO,NO,2024-06-28,742100.0
1432,GXUS,63.78,63.713,151.0,ETF,ETF,70.0,67.0,51.0,67.0,0.5909,0.1016,3269.0,1460.0,65.52,49.89,0,NO,64.45,63.76,60.7,64.19,61.87,,821,0.89,900,NO,NO,2026-09-08,36900.0
1433,IPOS,21.92,22.496,428.0,ETF,ETF,70.0,16.0,9.0,79.0,0.3291,0.2011,2734.0,1790.0,26.25,15.65,0,NO,22.85,23.0,20.99,22.92,22.03,,3007,0.0,428,NO,NO,2020-09-30,319400.0
1434,EWP,60.35,61.42,245124.0,ETF,ETF,70.0,34.0,60.0,65.0,0.8664,0.5321,379384.0,472930.0,63.44,48.07,0,NO,61.82,61.48,57.31,61.78,58.3,,7678,0.0,245124,NO,NO,2017-10-05,13154500.0
1435,AQLT,31.96,32.263,81232.0,ETF,ETF,70.0,72.0,68.0,66.0,0.2816,0.1964,43538.0,16030.0,32.58,26.7,0,NO,31.73,31.66,30.13,31.75,30.65,,444,0.0,81232,NO,NO,2024-12-16,6636000.0
1436,BASG,28.13,28.382,3089.0,ETF,ETF,70.0,56.0,81.0,81.0,0.2881,0.167,13368.0,8510.0,29.19,21.9,0,NO,28.18,27.93,25.8,28.11,26.14,,319,0.0,3089,NO,NO,2025-07-18,1287500.0
1437,ANEW,54.61,53.804,112.0,ETF,ETF,70.0,73.0,82.0,76.0,0.3829,0.0477,220.0,210.0,55.23,44.25,0,NO,54.11,53.09,50.37,53.53,50.53,,1488,1.54,400,NO,NO,2021-01-25,99500.0
1438,PBUS,77.0,77.62,143595.0,ETF,ETF,70.0,74.0,72.0,73.0,0.6854,0.4982,337874.0,476930.0,78.22,63.03,0,NO,76.73,76.28,71.91,76.6,73.22,,2260,0.0,143595,NO,NO,2021-03-10,21668300.0
1439,PRAE,41.59,41.44,13.0,ETF,ETF,70.0,83.0,75.0,60.0,0.1597,0.032,685.0,260.0,41.67,34.99,0,NO,41.29,40.82,39.39,41.12,39.83,,690,0.0,100,NO,NO,2023-12-22,62800.0
1440,SNPE,70.01,70.62,336579.0,ETF,ETF,70.0,61.0,67.0,72.0,0.6932,0.5174,284611.0,338750.0,72.02,57.67,0,NO,70.32,69.85,65.72,70.17,66.91,,1820,0.0,336588,NO,NO,2019-09-24,2606200.0
1441,HRB,42.54,44.5,2097636.0,Consumer Cyclical,Personal Services,70.0,1.0,89.0,89.0,1.5107,1.3629,2108263.0,2159450.0,58.67,28.16,5243732480,NO,47.92,46.93,38.83,47.21,39.1,,13510,0.0,2097639,NO,NO,2020-09-18,47106300.0
1442,BSVO,28.44,28.821,140308.0,ETF,ETF,69.0,36.0,41.0,61.0,0.3252,0.2961,150942.0,187770.0,30.2,21.6,0,NO,29.25,29.46,27.07,29.42,27.96,,887,0.0,145842,NO,NO,2025-04-04,2835200.0
1443,SFNC,22.89,22.65,2120058.0,Finance,Major banks,69.0,67.0,57.0,77.0,0.5125,0.4704,1407815.0,1366050.0,24.32,17.0,3307920640,NO,22.9,23.2,21.24,23.27,21.82,,10461,0.0,2120058,NO,NO,2025-07-22,11374700.0
1444,GUSE,45.95,46.329,2075.0,ETF,ETF,69.0,76.0,69.0,72.0,0.4009,0.2305,4722.0,3980.0,46.69,37.95,0,NO,45.59,45.56,42.9,45.7,43.76,,212,0.0,2075,NO,NO,2025-11-21,542800.0
1445,BBJP,78.25,78.99,714631.0,ETF,ETF,69.0,82.0,71.0,67.0,1.1075,0.7554,1410334.0,974780.0,79.79,64.62,0,NO,78.18,76.78,73.1,77.53,74.28,,2077,0.0,714631,NO,NO,2018-07-12,11569200.0
1446,DFUS,83.71,84.44,450674.0,ETF,ETF,69.0,72.0,70.0,72.0,0.7783,0.5683,652857.0,778360.0,85.27,68.59,0,NO,83.45,83.06,78.23,83.38,79.71,,1325,0.0,450679,NO,NO,2026-03-19,4357900.0
1447,LFEQ,61.16,61.663,678.0,ETF,ETF,69.0,75.0,72.0,73.0,0.4468,0.0992,993.0,550.0,61.84,50.27,0,NO,60.84,60.49,57.01,60.74,58.09,,2250,0.0,678,NO,NO,2020-03-17,600500.0
1448,BWA,60.55,63.32,2581369.0,Consumer Cyclical,Auto Parts,69.0,9.0,7.0,60.0,1.9532,1.6125,2250282.0,2480350.0,78.82,40.5,12331997184,NO,64.42,65.0,58.77,65.51,62.67,,8333,0.0,2594126,NO,NO,2025-03-21,55739000.0
1449,PQUS,28.67,28.88,22666.0,ETF,ETF,69.0,77.0,73.0,74.0,0.25,0.1514,135300.0,501000.0,29.4,23.45,0,NO,28.45,28.3,,28.44,27.1,,144,0.0,22666,NO,NO,2026-08-03,2091900.0
1450,EG,372.36,369.42,274427.0,Financial Services,Insurance - Reinsurance,69.0,77.0,81.0,67.0,7.7064,6.565,371819.0,515260.0,401.07,302.44,14277300224,NO,376.16,374.86,346.21,375.18,353.83,,7793,0.54,285739,NO,NO,1995-10-03,10364800.0
1451,GINN,81.96,82.755,34959.0,ETF,ETF,69.0,63.0,78.0,75.0,0.8407,0.4246,7284.0,2820.0,83.29,65.63,0,NO,81.72,80.76,76.1,81.18,77.02,,1473,0.0,34959,NO,NO,2024-09-26,1532200.0
1452,SFST,59.85,61.23,125019.0,Finance,Regional banks,69.0,28.0,49.0,61.0,1.5857,1.4961,114561.0,102240.0,65.09,40.9,566884544,NO,62.19,62.51,57.87,62.5,58.95,,6765,0.0,125019,NO,NO,2026-04-16,579000.0
1453,ISMD,47.13,47.43,9967.0,ETF,ETF,69.0,29.0,35.0,75.0,0.4988,0.4355,39430.0,26440.0,51.58,35.81,0,NO,48.22,49.08,44.62,48.89,46.22,,2405,0.0,9967,NO,NO,2019-03-12,952400.0
1454,PTIN,36.94,37.447,5182.0,ETF,ETF,69.0,44.0,58.0,64.0,0.4414,0.2284,9161.0,8010.0,39.49,30.05,0,NO,37.44,37.14,35.01,37.34,35.75,,1856,0.0,5182,NO,NO,2019-05-09,741800.0
1455,ISTM,30.88,31.238,7525.0,ETF,ETF,69.0,50.0,74.0,49.0,0.6665,0.4906,7404.0,16720.0,37.54,25.92,0,NO,30.98,30.36,30.72,30.63,30.66,,571,0.0,7525,NO,NO,2026-03-12,399800.0
1456,IYZ,41.34,42.45,240945.0,ETF,ETF,69.0,35.0,38.0,39.0,0.725,0.5914,1055736.0,974360.0,46.07,31.06,0,NO,42.63,42.26,39.98,42.43,41.87,,6619,0.0,240945,NO,NO,2023-07-10,8922100.0
1457,SPYX,62.93,63.43,67034.0,ETF,ETF,69.0,75.0,72.0,74.0,0.5629,0.4147,58228.0,62270.0,63.96,51.28,0,NO,62.69,62.36,58.8,62.6,59.83,,2717,0.0,67034,NO,NO,2026-01-22,2668700.0
1458,IYY,186.65,188.07,15940.0,ETF,ETF,69.0,71.0,70.0,72.0,1.635,1.1171,22536.0,13910.0,189.95,153.32,0,NO,186.17,185.21,174.56,185.95,177.81,,6605,0.0,15940,NO,NO,2016-01-25,2573400.0
1459,IQDY,42.32,43.08,4764.0,ETF,ETF,69.0,38.0,46.0,63.0,0.5246,0.2388,9263.0,3830.0,44.46,33.35,0,NO,43.41,43.04,40.62,43.11,41.54,,3380,0.0,4764,NO,NO,2023-01-26,1326700.0
1460,AVIV,80.77,81.86,105041.0,ETF,ETF,69.0,40.0,70.0,56.0,0.8675,0.5261,100480.0,89190.0,83.94,66.33,0,NO,82.56,81.66,77.64,82.1,78.88,,1249,0.0,105041,NO,NO,2026-05-21,2271700.0
1461,FBOT,38.72,38.749,7170.0,ETF,ETF,69.0,43.0,58.0,65.0,0.499,0.3046,14198.0,11250.0,40.84,30.45,0,NO,38.73,38.68,36.93,38.93,37.71,,823,0.0,7170,NO,NO,2025-05-09,491800.0
1462,SEZL,106.89,116.55,799338.0,Technology services,Packaged software,69.0,9.0,2.0,93.0,5.3112,4.9016,637925.0,489060.0,195.71,49.5,3599522560,NO,119.07,137.53,101.49,126.17,114.44,,759,0.0,799338,NO,NO,2023-09-19,10405200.0
1463,PKG,240.98,238.31,497680.0,Process industries,Containers/Packaging,69.0,31.0,66.0,68.0,5.8432,5.2911,621379.0,674930.0,259.98,191.5,21470906368,NO,235.77,242.37,225.14,245.03,228.35,,6702,0.6,497680,NO,NO,2017-07-25,22606500.0
1464,FLCC,36.43,36.844,15269.0,ETF,ETF,69.0,65.0,75.0,73.0,0.3488,0.214,32371.0,60320.0,37.55,29.88,0,NO,36.56,36.4,33.99,36.53,34.65,,440,0.0,15269,NO,NO,2026-04-01,757100.0
1465,GRNY,28.34,28.44,1318101.0,ETF,ETF,69.0,82.0,73.0,72.0,0.3836,0.2747,1311679.0,1125380.0,28.55,23.07,0,NO,27.8,27.65,26.25,27.78,26.73,,468,0.0,1318101,NO,NO,2026-01-09,9411000.0
1466,JDVL,31.55,32.01,102357.0,ETF,ETF,69.0,44.0,55.0,71.0,0.3282,0.2163,88853.0,52210.0,32.89,25.71,0,NO,32.06,31.97,29.69,32.03,30.34,,282,0.0,102357,NO,NO,2026-02-11,17133300.0
1467,LGDX,25.71,25.384,49.0,ETF,ETF,69.0,70.0,72.0,70.0,0.1791,0.0065,134.0,250.0,26.12,21.2,0,NO,25.49,25.41,23.98,25.55,24.44,,392,0.0,300,NO,NO,2025-03-06,1014500.0
1468,PWV,77.8,79.03,274757.0,ETF,ETF,69.0,26.0,58.0,64.0,0.8557,0.7079,145036.0,282520.0,83.41,63.54,0,NO,81.36,80.73,73.46,80.76,75.75,,5423,0.0,274757,NO,NO,2013-11-21,6204900.0
1469,AVDS,78.97,79.655,27182.0,ETF,ETF,69.0,54.0,73.0,59.0,0.8179,0.4852,25823.0,23470.0,81.32,64.71,0,NO,79.91,78.55,75.81,79.17,76.8,,797,0.0,27182,NO,NO,2026-01-22,373300.0
1470,DFSE,48.8,49.943,33359.0,ETF,ETF,69.0,75.0,53.0,65.0,0.8788,0.6474,28019.0,26680.0,51.2,39.72,0,NO,49.0,47.93,46.04,48.33,47.12,,974,0.0,33359,NO,NO,2022-11-03,535400.0
1471,CAMT,147.06,149.63,335018.0,Technology,Semiconductor Equipment & Materials,69.0,73.0,8.0,6.0,6.9529,5.6264,478287.0,379630.0,215.99,91.91,6863022080,NO,141.7,147.43,154.3,147.32,161.41,,6576,0.0,369199,NO,NO,2013-11-26,24046700.0
1472,BBUS,138.51,140.07,239615.0,ETF,ETF,69.0,74.0,72.0,72.0,1.2954,0.9482,189209.0,254970.0,140.7,113.43,0,NO,138.06,137.18,129.37,137.74,131.7,,1893,0.0,239615,NO,NO,2023-06-23,3951600.0
1473,EFV,80.12,81.5,2175224.0,ETF,ETF,69.0,46.0,75.0,56.0,0.945,0.615,3198034.0,2444950.0,83.23,66.52,0,NO,81.85,81.07,77.07,81.44,78.19,,5315,0.0,2175224,NO,NO,2026-05-28,81665600.0
1474,BINT,32.76,33.16,54859.0,ETF,ETF,69.0,64.0,57.0,66.0,0.3514,0.1936,40306.0,44800.0,33.4,26.92,0,NO,32.91,32.57,30.94,32.74,31.58,,315,0.0,55878,NO,NO,2025-06-24,4738200.0
1475,EFIV,74.1,74.76,26062.0,ETF,ETF,69.0,61.0,67.0,72.0,0.6823,0.4779,49400.0,27560.0,76.28,61.09,0,NO,74.47,73.97,69.62,74.33,70.89,,1545,0.0,26062,NO,NO,2025-05-02,6010300.0
1476,IWB,419.35,422.48,255958.0,ETF,ETF,69.0,71.0,71.0,72.0,3.9239,2.8247,523244.0,566990.0,426.92,345.21,0,NO,418.25,416.1,392.53,417.7,399.55,,6624,0.0,255958,NO,NO,2008-11-21,20341700.0
1477,SAA,32.54,33.1,2311.0,ETF,ETF,69.0,7.0,15.0,82.0,0.5725,0.27,4644.0,3750.0,38.94,22.57,0,NO,34.68,36.11,31.86,35.73,33.24,,4946,0.0,2311,NO,NO,2010-06-29,6045000.0
1478,USPX,67.17,67.74,30022.0,ETF,ETF,69.0,75.0,71.0,73.0,0.591,0.3754,61382.0,55940.0,68.16,54.99,0,NO,66.89,66.48,62.73,66.76,63.85,,2590,0.0,30022,NO,NO,2022-08-23,11876100.0
1479,PNRG,196.67,208.49,177393.0,Energy minerals,Oil & gas production,69.0,16.0,86.0,8.0,7.695,6.9214,85268.0,82950.0,278.9,126.4,311249952,NO,211.53,200.5,198.45,201.53,205.96,,11724,0.0,177393,NO,NO,2025-06-09,277500.0
1480,SPGM,87.26,88.08,51421.0,ETF,ETF,69.0,66.0,66.0,68.0,0.8607,0.5768,199634.0,69380.0,88.84,73.12,0,NO,87.32,86.73,82.14,87.12,83.71,,3659,0.0,51421,NO,NO,2026-06-26,2578700.0
1481,GRPZ,30.82,31.406,193.0,ETF,ETF,69.0,25.0,67.0,71.0,0.2454,0.038,980.0,420.0,33.86,25.13,0,NO,32.38,32.66,29.8,32.54,30.55,,622,0.0,300,NO,NO,2024-08-28,40700.0
1482,DBMF,32.46,32.06,2146901.0,ETF,ETF,69.0,86.0,77.0,54.0,0.3349,0.2637,2189706.0,3781200.0,32.56,27.05,0,NO,31.68,31.34,30.48,31.55,30.91,,1854,0.22,2146914,NO,NO,2026-09-10,18237000.0
1483,FDN,290.32,296.85,226364.0,ETF,ETF,69.0,80.0,85.0,78.0,4.715,3.565,265568.0,169580.0,299.0,224.47,0,NO,290.17,283.41,265.32,285.41,268.18,,5093,0.0,226364,NO,NO,2015-11-03,10420200.0
1484,SRBK,19.24,19.4,33369.0,Financial Services,Banks - Regional,69.0,64.0,44.0,63.0,0.3393,0.3286,26871.0,23480.0,20.95,14.33,139851744,NO,19.56,19.65,18.09,19.58,18.7,,754,0.0,33369,NO,NO,2025-06-27,1089700.0
1485,SCHX,30.24,30.54,12194946.0,ETF,ETF,69.0,73.0,70.0,72.0,0.2857,0.2093,8576992.0,8947920.0,30.77,24.81,0,NO,30.16,29.99,28.28,30.11,28.79,,4246,0.0,12197439,YES,NO,2024-10-07,103780800.0
1486,PRXV,35.35,35.6,10123.0,ETF,ETF,69.0,44.0,57.0,65.0,0.2712,0.164,11112.0,7740.0,36.65,29.01,0,NO,35.93,35.83,33.21,35.9,34.01,,366,0.0,10123,NO,NO,2025-05-01,1047600.0
1487,PFDE,28.4,28.702,24189.0,ETF,ETF,69.0,71.0,65.0,77.0,0.2832,0.1762,24173.0,16400.0,29.09,22.76,0,NO,28.29,28.2,,28.34,26.96,,182,0.0,24189,NO,NO,2026-01-29,1429100.0
1488,VEM,28.71,28.32,14.0,ETF,ETF,69.0,88.0,50.0,77.0,0.265,0.0093,779.0,1960.0,29.14,23.06,0,NO,28.25,27.36,,27.77,26.69,,158,0.0,100,NO,NO,2026-02-10,217900.0
1489,FANG,185.65,189.27,3308207.0,Energy,Oil & Gas E&P,69.0,7.0,40.0,19.0,6.5257,5.1757,2382568.0,4430360.0,216.9,137.03,52225814528,NO,199.79,199.37,183.52,198.88,193.15,,3504,0.0,3377909,NO,NO,2018-11-30,33049700.0
1490,ITOT,167.54,168.81,1043997.0,ETF,ETF,69.0,69.0,68.0,72.0,1.5614,1.1532,1600168.0,1705500.0,171.03,137.73,0,NO,167.26,166.57,156.96,167.17,159.92,,5702,0.0,1043997,NO,NO,2022-06-17,20576200.0
1491,KOKU,134.48,132.437,24.0,ETF,ETF,69.0,68.0,69.0,68.0,0.9946,0.0829,325.0,100.0,135.94,112.19,0,NO,133.63,132.83,125.83,133.55,127.89,,1621,0.0,100,NO,NO,2020-09-15,2563000.0
1492,CSTM,24.96,25.5,3369073.0,Basic Materials,Aluminum,68.0,15.0,3.0,41.0,0.9229,0.7904,1635593.0,1370850.0,36.99,14.39,3382771968,NO,26.4,27.77,27.14,27.37,29.15,,3353,0.0,3369133,NO,NO,2021-06-25,17210000.0
1493,PJFG,120.63,121.55,835.0,ETF,ETF,68.0,86.0,79.0,80.0,1.292,0.5433,3303.0,2250.0,123.0,93.67,0,NO,117.53,116.85,111.23,117.48,112.53,,945,0.0,835,NO,NO,2023-01-18,640200.0
1494,QLVE,34.68,33.82,72.0,ETF,ETF,68.0,80.0,45.0,71.0,0.3244,0.0296,258.0,170.0,35.16,28.16,0,NO,34.14,33.51,32.04,33.77,32.69,,1806,1.71,600,NO,NO,2024-03-25,326000.0
1495,SCHK,36.94,37.31,1873681.0,ETF,ETF,68.0,71.0,69.0,72.0,0.3513,0.2574,1184104.0,1773640.0,37.62,30.3,0,NO,36.86,36.67,34.55,36.81,35.2,,2247,0.0,1873694,NO,NO,2018-12-27,9595800.0
1496,JHDV,46.45,46.521,106.0,ETF,ETF,68.0,50.0,48.0,68.0,0.3159,0.0133,422.0,380.0,48.29,38.46,0,NO,47.07,47.14,43.91,47.25,45.22,,996,0.0,100,NO,NO,2022-09-30,190200.0
1497,PIPE,29.46,30.34,346.0,ETF,ETF,68.0,31.0,59.0,32.0,0.2606,0.1843,2449.0,2370.0,31.54,22.82,0,NO,30.7,30.61,28.59,30.54,29.96,,396,0.0,800,NO,NO,2025-04-04,101000.0
1498,AVNV,85.43,86.678,6198.0,ETF,ETF,68.0,55.0,65.0,57.0,0.9046,0.4083,9642.0,6570.0,88.48,70.05,0,NO,86.87,85.36,82.01,85.91,83.33,,811,0.0,6198,NO,NO,2025-04-17,301500.0
1499,IWV,435.02,438.4,139747.0,ETF,ETF,68.0,69.0,69.0,72.0,4.0357,2.9062,169915.0,122180.0,443.91,358.55,0,NO,434.53,432.62,407.83,434.14,415.31,,6619,0.0,139747,NO,NO,2004-01-23,18966400.0
1500,CVLC,95.16,95.916,32900.0,ETF,ETF,68.0,64.0,62.0,74.0,0.8964,0.6265,29141.0,18430.0,98.11,77.38,0,NO,95.32,95.21,89.23,95.52,91.12,,913,0.0,32900,NO,NO,2023-04-04,555600.0
1501,RWL,130.69,132.0,262164.0,ETF,ETF,68.0,48.0,63.0,66.0,1.1021,0.8471,266066.0,272060.0,135.88,108.43,0,NO,133.41,132.92,123.81,133.06,126.52,,4665,0.0,262165,NO,NO,2025-01-23,5144600.0
1502,SPTM,92.81,93.46,428290.0,ETF,ETF,68.0,70.0,69.0,72.0,0.8125,0.6082,462247.0,400910.0,94.62,76.54,0,NO,92.66,92.26,87.04,92.6,88.66,,6525,0.0,428290,NO,NO,2014-08-25,16814400.0
1503,FLCG,35.62,35.94,125546.0,ETF,ETF,68.0,84.0,81.0,73.0,0.4386,0.3247,60053.0,50560.0,36.03,28.69,0,NO,35.01,34.68,33.13,34.89,33.45,,538,0.0,125546,NO,NO,2025-03-11,6134900.0
1504,SMOM,29.13,29.202,144283.0,ETF,ETF,68.0,65.0,75.0,70.0,0.1846,0.1208,7731.0,7440.0,29.61,24.31,0,NO,29.13,28.83,27.05,29.0,27.55,,260,0.0,144283,NO,NO,2025-10-16,1005200.0
1505,URSP,47.73,48.595,9219.0,ETF,ETF,68.0,11.0,49.0,74.0,0.9223,0.698,62744.0,34390.0,53.57,36.9,0,NO,50.16,50.66,45.98,50.57,47.05,,269,0.0,10256,NO,NO,2026-08-03,372800.0
1506,EWN,67.27,67.85,128369.0,ETF,ETF,68.0,41.0,41.0,71.0,0.8807,0.605,225579.0,89020.0,71.85,54.99,0,NO,67.89,68.16,63.95,68.33,65.44,,7678,0.0,128369,NO,NO,2026-06-08,2307400.0
1507,DFAU,52.78,53.29,1060456.0,ETF,ETF,68.0,67.0,68.0,71.0,0.489,0.3527,564263.0,592420.0,53.95,43.67,0,NO,52.83,52.62,49.55,52.8,50.48,,1465,0.0,1060456,NO,NO,2025-04-04,4309700.0
1508,GL,168.75,172.16,454528.0,Financial Services,Insurance - Life,68.0,60.0,25.0,82.0,3.4968,3.2811,565133.0,382060.0,191.55,127.85,12968344576,NO,172.69,176.97,156.13,175.21,162.87,,11586,0.0,454528,NO,NO,2024-04-11,36577500.0
1509,ENS,179.49,178.58,380100.0,Industrials,Electrical Equipment & Parts,68.0,26.0,5.0,42.0,4.8993,4.3179,558265.0,615560.0,244.3,108.19,6473347072,NO,180.62,187.8,188.2,186.61,198.17,,5571,0.0,407866,NO,NO,2016-08-25,6830000.0
1510,FFLV,27.96,28.381,1035.0,ETF,ETF,68.0,36.0,58.0,63.0,0.2185,0.1047,4522.0,4680.0,29.32,22.64,0,NO,28.75,28.72,26.65,28.75,27.25,,646,0.0,1035,NO,NO,2025-10-29,261700.0
1511,XVV,58.53,59.03,10852.0,ETF,ETF,68.0,70.0,72.0,73.0,0.5356,0.3353,16038.0,13420.0,59.74,47.59,0,NO,58.52,58.17,54.82,58.4,55.73,,1504,0.0,10852,NO,NO,2022-02-09,4635600.0
1512,IXJ,102.77,103.18,76364.0,ETF,ETF,68.0,36.0,81.0,61.0,1.2818,0.9518,237790.0,232990.0,107.69,85.36,0,NO,103.61,102.41,97.86,102.74,97.55,,6245,0.0,76364,NO,NO,2016-01-25,4959600.0
1513,REMC,22.96,22.836,632.0,ETF,ETF,68.0,50.0,79.0,70.0,0.1521,0.0012,1553.0,160.0,23.8,19.64,0,NO,23.2,23.14,,23.22,21.95,,193,0.0,100,NO,NO,2026-03-09,123000.0
1514,HAFC,31.58,32.22,248113.0,Financial Services,Banks - Regional,68.0,81.0,39.0,79.0,0.5921,0.5536,246041.0,253260.0,33.5,22.85,936323520,NO,31.66,31.85,29.41,31.79,30.21,,8170,0.0,248113,NO,NO,2011-11-15,2889588.0
1515,SAWG,24.59,24.705,646.0,ETF,ETF,68.0,80.0,73.0,74.0,0.1576,0.0324,995.0,780.0,24.96,20.06,0,NO,24.27,24.29,22.99,24.35,23.37,,538,0.0,646,NO,NO,2024-08-21,27100.0
1516,IQDF,34.84,35.43,55608.0,ETF,ETF,68.0,41.0,57.0,58.0,0.4236,0.2364,52504.0,45320.0,36.52,27.91,0,NO,35.75,35.32,33.48,35.41,34.12,,3380,0.0,55608,NO,NO,2020-02-14,6511100.0
1517,LITC,28.36,29.41,1119.0,ETF,ETF,68.0,93.0,,,2.8019,1.8162,2476.0,2170.0,34.79,13.85,0,NO,27.6,25.67,,26.48,,,52,0.0,1119,NO,NO,2026-08-17,13000.0
1518,FRUT,27.84,28.14,6539.0,ETF,ETF,68.0,,,,0.4962,0.3191,8218.0,7820.0,28.54,24.66,0,NO,,,,,,,16,0.0,6539,NO,NO,2026-09-08,20100.0
1519,NGVT,71.75,68.96,224608.0,Basic Materials,Specialty Chemicals,68.0,83.0,39.0,48.0,2.1071,1.8979,259522.0,305790.0,79.29,45.85,2466615808,NO,69.0,72.14,69.61,72.06,71.52,,2612,2.55,224608,NO,NO,2016-05-16,10098300.0
1520,SCHB,29.55,29.85,8916823.0,ETF,ETF,68.0,70.0,68.0,71.0,0.2772,0.2072,6580482.0,6150010.0,30.15,24.28,0,NO,29.51,29.38,27.69,29.48,28.2,,4246,0.0,8917191,NO,NO,2020-03-12,52420200.0
1521,PH,971.21,958.17,580613.0,Producer manufacturing,Industrial machinery,68.0,42.0,61.0,47.0,21.5914,19.7357,619655.0,591250.0,1099.94,715.37,122481639424,NO,961.54,987.09,941.41,991.81,943.03,,11724,0.29,580613,NO,NO,2005-01-18,10077300.0
1522,CZR,29.61,29.65,15355256.0,Consumer Cyclical,Resorts & Casinos,68.0,67.0,51.0,60.0,0.0789,0.0768,3958196.0,4614470.0,30.88,17.86,6033847808,NO,29.67,29.77,26.91,29.77,28.78,,3018,0.0,15355278,YES,NO,2026-05-28,95920300.0
1523,UCOP,43.29,43.69,426.0,ETF,ETF,68.0,77.0,83.0,,1.2092,0.1949,2220.0,480.0,47.68,36.49,0,NO,42.21,42.22,,42.42,,,107,0.0,426,NO,NO,2026-07-09,79000.0
1524,AVGV,85.48,86.69,49824.0,ETF,ETF,68.0,40.0,53.0,59.0,0.8995,0.6736,51517.0,45620.0,89.04,68.24,0,NO,87.46,87.05,81.89,87.21,83.88,,811,0.0,49824,NO,NO,2025-06-26,556600.0
1525,EGLE,32.26,31.996,19.0,ETF,ETF,68.0,63.0,78.0,70.0,0.2411,0.0191,203.0,220.0,32.93,26.76,0,NO,32.36,31.92,29.93,32.17,30.38,,359,0.76,400,NO,NO,2025-07-28,8000.0
1526,DAK,29.94,30.237,1767.0,ETF,ETF,68.0,73.0,70.0,71.0,0.2268,0.0996,684.0,610.0,30.26,24.99,0,NO,29.83,29.66,28.0,29.78,28.53,,289,0.0,1767,NO,NO,2025-10-07,46800.0
1527,FFOG,51.72,51.98,19054.0,ETF,ETF,68.0,88.0,73.0,82.0,0.7827,0.5375,40585.0,22680.0,52.5,38.89,0,NO,49.85,49.31,47.35,49.7,48.08,,721,0.0,19054,NO,NO,2024-08-08,635700.0
1528,EPSV,29.5,29.424,4192.0,ETF,ETF,68.0,34.0,27.0,71.0,0.2258,0.0608,947.0,350.0,31.83,22.7,0,NO,29.92,30.52,28.06,30.48,29.11,,349,0.0,4196,NO,NO,2025-05-02,173200.0
1529,NELS,29.11,29.397,13800.0,ETF,ETF,68.0,70.0,64.0,71.0,0.237,0.1137,12568.0,5290.0,29.66,24.1,0,NO,29.09,29.02,27.29,29.12,27.83,,235,0.0,13800,NO,NO,2025-10-21,459500.0
1530,GSWO,65.3,65.99,40134.0,ETF,ETF,68.0,70.0,71.0,68.0,0.6237,0.3729,66341.0,52940.0,66.64,54.51,0,NO,65.31,64.83,61.2,65.12,62.35,,1132,0.0,40134,NO,NO,2022-03-25,5459500.0
1531,FINT,36.53,36.984,1872.0,ETF,ETF,68.0,58.0,58.0,61.0,0.3231,0.1196,4695.0,2170.0,37.44,29.98,0,NO,36.89,36.45,34.72,36.65,35.42,,438,0.0,1872,NO,NO,2024-12-23,1515000.0
1532,AMZN,249.27,254.98,43386392.0,Retail trade,Internet retail,68.0,28.0,77.0,78.0,5.4543,4.6464,45457984.0,35695320.0,287.2,196.0,2688704315392,NO,255.18,256.29,240.63,258.42,247.05,,7385,0.0,43691413,YES,NO,2007-04-25,2086584000.0
1533,HAWX,45.9,46.255,3755.0,ETF,ETF,68.0,69.0,47.0,65.0,0.4829,0.3118,21847.0,13560.0,47.43,37.37,0,NO,45.82,45.62,43.4,45.79,44.36,,2823,0.0,3755,NO,NO,2018-05-29,2487800.0
1534,AWR,83.24,84.85,277499.0,Utilities,Water utilities,68.0,22.0,74.0,63.0,1.605,1.4604,277800.0,233880.0,91.72,69.45,3299269376,NO,87.79,87.5,78.7,87.07,81.26,,13510,0.0,277499,NO,NO,2018-01-31,3714000.0
1535,JUSA,68.92,69.56,99926.0,ETF,ETF,68.0,71.0,71.0,70.0,0.6431,0.4504,101771.0,66490.0,70.37,57.2,0,NO,68.79,68.53,64.71,68.81,65.87,,383,0.0,99926,NO,NO,2026-07-23,3215200.0
1536,PABU,79.32,79.895,4723.0,ETF,ETF,68.0,80.0,77.0,76.0,0.7371,0.3509,10098.0,21310.0,80.55,63.89,0,NO,78.35,77.46,73.8,77.94,74.83,,1110,0.0,4723,NO,NO,2023-05-23,3605100.0
1537,WBIL,40.07,39.662,216.0,ETF,ETF,68.0,54.0,53.0,70.0,0.3512,0.1361,4701.0,1120.0,41.82,32.84,0,NO,40.16,40.16,37.32,40.3,38.12,,3034,0.5,500,NO,NO,2014-08-27,4000600.0
1538,SPXV,84.06,85.003,847.0,ETF,ETF,68.0,77.0,67.0,72.0,0.7159,0.3263,653.0,950.0,85.32,69.02,0,NO,83.73,83.31,78.65,83.66,80.27,,2764,0.0,847,NO,NO,2021-04-01,603000.0
1539,BFST,30.35,30.7,188056.0,Financial Services,Banks - Regional,67.0,46.0,62.0,63.0,0.4993,0.4843,240250.0,221320.0,32.52,22.56,987888960,NO,31.15,31.34,28.77,31.35,29.31,,2116,0.0,188056,NO,NO,2018-06-22,1252300.0
1540,EFFI,27.06,26.76,57.0,ETF,ETF,67.0,51.0,78.0,70.0,0.232,0.0338,1295.0,200.0,28.07,22.75,0,NO,27.27,26.81,25.27,27.03,25.52,,440,0.0,700,NO,NO,2026-03-20,76700.0
1541,KNGZ,41.44,41.74,2019.0,ETF,ETF,67.0,45.0,61.0,70.0,0.4288,0.2625,6001.0,5910.0,43.06,33.67,0,NO,42.17,41.85,39.05,42.02,39.9,,2323,0.0,2019,NO,NO,2018-04-18,414500.0
1542,EURL,43.86,46.04,32731.0,ETF,ETF,67.0,4.0,44.0,78.0,1.3936,0.8318,13260.0,12170.0,52.77,32.9,0,NO,48.07,48.57,45.11,48.6,45.02,,3186,0.0,32731,NO,NO,2016-06-24,1294200.0
1543,PPH,110.3,111.66,558065.0,ETF,ETF,67.0,26.0,72.0,52.0,1.7743,1.3479,250371.0,177380.0,118.0,85.91,0,NO,112.55,111.78,106.57,111.84,107.01,,6700,0.0,558065,NO,NO,2006-11-09,12173000.0
1544,SPXE,82.54,83.429,919.0,ETF,ETF,67.0,74.0,68.0,73.0,0.6355,0.1911,1031.0,860.0,83.7,67.48,0,NO,82.21,81.81,77.24,82.13,78.62,,2764,0.0,919,NO,NO,2021-04-12,712200.0
1545,GLNG,49.94,51.36,964777.0,Energy,Oil & Gas Midstream,67.0,35.0,33.0,13.0,1.3321,1.2943,1292230.0,1550870.0,57.79,35.02,5098723840,NO,51.56,50.84,48.14,50.97,51.4,,5835,0.0,964777,NO,NO,2018-05-31,16446500.0
1546,EIPX,32.29,32.76,117822.0,ETF,ETF,67.0,45.0,56.0,33.0,0.3426,0.3081,38371.0,24970.0,34.09,25.38,0,NO,33.34,32.94,31.05,32.99,32.25,,973,0.0,117884,NO,NO,2023-10-19,1984700.0
1547,SEIM,53.85,54.18,56382.0,ETF,ETF,67.0,68.0,40.0,71.0,0.5925,0.3838,101444.0,65920.0,56.23,42.86,0,NO,53.6,53.83,50.58,53.99,52.01,,1090,0.0,56382,NO,NO,2024-02-13,12625300.0
1548,ESQ,121.36,122.06,117809.0,Finance,Major banks,67.0,89.0,74.0,62.0,3.3496,3.1253,167709.0,285890.0,134.81,92.1,1469012224,NO,117.91,122.05,112.29,121.98,114.69,,2322,0.0,117809,NO,NO,2022-06-24,944600.0
1549,AVGE,99.34,100.43,76152.0,ETF,ETF,67.0,49.0,55.0,63.0,0.9956,0.7598,86666.0,96330.0,102.81,81.2,0,NO,100.68,100.33,94.5,100.58,96.69,,998,0.0,76152,NO,NO,2026-08-05,243000.0
1550,GGM,31.13,31.04,76.0,ETF,ETF,67.0,44.0,73.0,58.0,0.2023,0.0984,1480.0,4300.0,31.9,26.13,0,NO,31.41,31.18,29.21,31.3,29.71,,749,0.0,300,NO,NO,2023-12-06,213400.0
1551,LCF,45.99,46.694,698.0,ETF,ETF,67.0,71.0,80.0,70.0,0.3944,0.098,703.0,830.0,46.92,37.99,0,NO,46.2,45.66,43.19,45.91,43.62,,1027,0.0,698,NO,NO,2025-01-21,140900.0
1552,REFA,23.49,23.181,8.0,ETF,ETF,67.0,62.0,72.0,61.0,0.1794,0.0,622.0,100.0,24.0,20.19,0,NO,23.56,23.35,,23.5,22.45,,194,0.0,100,NO,NO,2025-12-11,50100.0
1553,DCOR,83.4,84.29,155691.0,ETF,ETF,67.0,60.0,65.0,68.0,0.7286,0.5206,126119.0,104370.0,85.88,69.88,0,NO,83.97,83.76,78.62,83.98,80.18,,759,0.0,155691,NO,NO,2024-12-26,1592700.0
1554,SCHF,27.74,28.12,9019124.0,ETF,ETF,67.0,46.0,54.0,62.0,0.3511,0.2318,7423338.0,7854490.0,28.69,22.85,0,NO,28.13,27.89,26.46,28.02,27.0,,4246,0.0,9019170,YES,NO,2025-08-18,73778900.0
1555,HFXI,37.54,38.12,419149.0,ETF,ETF,67.0,56.0,47.0,63.0,0.4946,0.3171,343236.0,313020.0,38.75,30.52,0,NO,37.85,37.74,35.89,37.85,36.63,,2810,0.0,419149,NO,NO,2017-11-07,4457900.0
1556,URTH,207.84,209.7,275205.0,ETF,ETF,67.0,66.0,70.0,68.0,1.9921,1.4068,503776.0,522110.0,211.94,174.24,0,NO,208.0,206.83,195.93,207.66,199.15,,3694,0.0,275229,NO,NO,2026-04-30,11521900.0
1557,AVNM,83.86,85.44,241726.0,ETF,ETF,67.0,53.0,63.0,58.0,0.998,0.6584,62009.0,76050.0,86.73,69.16,0,NO,85.16,84.07,80.61,84.48,81.93,,812,0.0,241726,NO,NO,2025-04-25,1377400.0
1558,XXX,22.1,22.34,186.0,ETF,ETF,67.0,85.0,85.0,70.0,0.3607,0.1514,971.0,730.0,22.66,18.22,0,NO,21.69,20.72,,20.97,20.25,,162,0.0,186,NO,NO,2026-06-10,13500.0
1559,LCNB,18.53,18.93,51597.0,Finance,Major banks,67.0,31.0,78.0,72.0,0.5136,0.4779,42957.0,34210.0,21.32,14.31,264144944,NO,19.16,19.49,17.45,19.44,17.7,,6767,0.0,51597,NO,NO,2022-02-11,2190800.0
1560,FPAG,41.31,41.67,23677.0,ETF,ETF,67.0,39.0,75.0,66.0,0.4674,0.3511,46392.0,73320.0,43.56,34.75,0,NO,42.09,41.89,39.4,41.99,39.82,,1194,0.0,23677,NO,NO,2026-03-19,911800.0
1561,BLCV,41.91,42.327,8127.0,ETF,ETF,67.0,48.0,63.0,69.0,0.356,0.2031,8803.0,8720.0,43.77,34.85,0,NO,42.72,42.7,39.62,42.76,40.28,,836,0.0,8127,NO,NO,2025-12-04,400100.0
1562,LCTU,82.3,83.01,94798.0,ETF,ETF,67.0,70.0,71.0,71.0,0.7574,0.4851,91801.0,113930.0,83.8,67.95,0,NO,82.28,81.82,77.2,82.11,78.43,,1371,0.0,94798,NO,NO,2021-04-08,24790200.0
1563,DFAC,44.9,45.31,2947853.0,ETF,ETF,67.0,58.0,63.0,68.0,0.4031,0.3067,2040349.0,1895600.0,46.34,36.67,0,NO,45.22,45.14,42.38,45.27,43.23,,1325,0.0,2947858,NO,NO,2025-04-07,11594000.0
1564,RKSG,28.39,28.65,1024.0,ETF,ETF,67.0,60.0,76.0,,0.1907,0.0164,593.0,530.0,29.08,22.99,0,NO,28.58,28.34,,28.46,,,117,0.0,1024,NO,NO,2026-04-07,18000.0
1565,FDEM,36.04,36.59,103368.0,ETF,ETF,67.0,71.0,49.0,61.0,0.5446,0.3624,77133.0,145340.0,38.32,29.11,0,NO,36.29,35.64,34.33,35.83,35.03,,1901,0.0,103368,NO,NO,2026-05-26,2480500.0
1566,DBEF,55.16,55.45,536973.0,ETF,ETF,67.0,62.0,59.0,65.0,0.5171,0.3736,422503.0,435000.0,56.84,45.86,0,NO,55.35,55.36,52.14,55.5,53.11,,3844,0.0,536973,NO,NO,2017-07-07,60086100.0
1567,HAPI,45.92,46.479,297.0,ETF,ETF,67.0,66.0,73.0,67.0,0.4181,0.2223,2022.0,3620.0,46.74,38.47,0,NO,46.11,45.72,43.07,45.92,43.85,,988,0.0,297,NO,NO,2022-10-26,2437400.0
1568,FEDM,64.35,64.6,72.0,ETF,ETF,67.0,49.0,75.0,66.0,0.5572,0.1106,1892.0,2140.0,66.95,53.55,0,NO,65.84,65.06,62.05,65.5,62.56,,1255,0.0,100,NO,NO,2022-05-19,192600.0
1569,ITDJ,33.26,33.633,8712.0,ETF,ETF,67.0,64.0,64.0,68.0,0.2891,0.1729,4576.0,3960.0,33.97,27.91,0,NO,33.38,33.17,31.34,33.3,31.93,,463,0.0,8712,NO,NO,2025-04-22,55500.0
1570,GOOG,334.98,347.41,23055710.0,Communication Services,Internet Content & Information,67.0,42.0,31.0,69.0,8.8081,7.5067,19554844.0,18806620.0,404.47,236.69,4096783810560,NO,338.64,342.88,336.57,340.75,342.82,,5559,0.0,23055710,YES,NO,2006-01-20,1650832619.0
1571,HERD,49.62,50.258,3125.0,ETF,ETF,67.0,23.0,77.0,54.0,0.6046,0.4227,3980.0,3710.0,53.0,41.12,0,NO,51.49,50.82,47.47,51.01,48.37,,1855,0.0,3125,NO,NO,2024-06-27,556600.0
1572,Q,124.5,121.82,902434.0,Technology,Semiconductor Equipment & Materials,67.0,39.0,3.0,50.0,4.9164,4.2166,1866946.0,1797110.0,177.28,70.5,26046464000,NO,120.98,129.51,123.97,128.71,135.21,,227,0.0,907155,NO,NO,2025-11-03,10626200.0
1573,HIW,29.69,31.08,1536922.0,Real Estate,REIT - Office,67.0,26.0,50.0,91.0,0.7507,0.7082,1538322.0,1228030.0,35.44,20.45,3334883584,NO,30.81,31.73,27.0,31.45,27.71,,8127,0.0,1536966,NO,NO,2023-09-15,19474600.0
1574,JXX,31.56,31.83,2020.0,ETF,ETF,67.0,70.0,43.0,84.0,0.4108,0.2117,1377.0,1780.0,33.61,23.64,0,NO,31.18,31.24,29.17,31.38,30.0,,409,0.0,2020,NO,NO,2025-02-05,51700.0
1575,ASMF,27.14,26.965,5116.0,ETF,ETF,67.0,88.0,75.0,48.0,0.1617,0.1159,4179.0,4030.0,27.23,22.96,0,NO,26.51,26.12,25.57,26.3,25.88,,589,0.48,5116,NO,NO,2025-08-19,407400.0
1576,XTJA,35.2,35.095,67.0,ETF,ETF,67.0,74.0,72.0,66.0,0.1353,0.0474,1985.0,480.0,35.29,29.53,0,NO,34.99,34.69,32.91,34.85,33.46,,1183,0.0,100,NO,NO,2023-11-13,213700.0
1577,BKCG,39.43,39.854,1076.0,ETF,ETF,67.0,79.0,80.0,66.0,0.3286,0.0959,2398.0,3440.0,39.98,32.94,0,NO,38.94,38.75,37.1,38.98,37.38,,372,0.0,1076,NO,NO,2025-07-08,25400.0
1578,DFAX,37.39,38.14,1633498.0,ETF,ETF,67.0,52.0,60.0,57.0,0.4835,0.3923,733190.0,600560.0,38.74,30.65,0,NO,38.03,37.46,35.92,37.68,36.6,,1262,0.0,1633498,NO,NO,2025-07-02,6244600.0
1579,ITDH,42.82,43.285,3266.0,ETF,ETF,67.0,64.0,64.0,69.0,0.3913,0.2176,6623.0,6650.0,43.82,35.84,0,NO,42.97,42.69,40.34,42.86,41.09,,732,0.0,3266,NO,NO,2025-06-13,105000.0
1580,NATL,45.77,46.08,333806.0,Technology,Software - Application,67.0,59.0,73.0,43.0,0.5607,0.5489,707407.0,821090.0,48.5,33.31,3382262784,NO,46.05,46.54,43.42,46.51,45.09,,739,0.0,333812,NO,NO,2023-10-17,15487600.0
1581,FCFY,29.53,30.044,136.0,ETF,ETF,67.0,45.0,82.0,71.0,0.3626,0.0952,1069.0,3500.0,31.01,24.92,0,NO,30.31,29.62,27.68,29.83,27.83,,770,0.0,136,NO,NO,2023-08-30,101800.0
1582,RWJ,57.51,57.94,73534.0,ETF,ETF,67.0,21.0,45.0,71.0,0.7564,0.6879,90619.0,97270.0,62.86,44.7,0,NO,59.83,60.69,55.25,60.46,56.87,,4675,0.0,73534,NO,NO,2025-04-04,2289000.0
1583,ITDI,42.79,43.256,1753.0,ETF,ETF,67.0,64.0,64.0,69.0,0.3883,0.1925,3384.0,4120.0,43.7,35.92,0,NO,42.94,42.66,40.31,42.83,41.06,,733,0.0,1753,NO,NO,2026-02-19,38700.0
1584,HDUS,73.33,74.03,12539.0,ETF,ETF,67.0,66.0,72.0,67.0,0.6936,0.525,35322.0,18660.0,75.12,61.38,0,NO,73.59,73.17,68.9,73.42,70.2,,963,0.0,12539,NO,NO,2026-08-18,1283700.0
1585,GNE,15.84,16.22,83860.0,Utilities,Utilities - Regulated Electric,67.0,89.0,84.0,59.0,0.3657,0.3363,81785.0,85820.0,16.55,12.69,416902848,NO,15.57,14.89,14.29,15.03,14.39,,3747,0.0,83860,NO,NO,2023-06-23,2783900.0
1586,SEPI,29.22,29.35,65278.0,ETF,ETF,67.0,83.0,74.0,66.0,0.2813,0.2263,48066.0,57710.0,29.54,24.23,0,NO,28.78,28.55,27.21,28.69,27.56,,262,0.0,65278,NO,NO,2025-09-16,405000.0
1587,NBBK,22.39,22.74,223831.0,Financial Services,Banks - Regional,67.0,82.0,80.0,50.0,0.4691,0.4572,316923.0,273660.0,23.47,16.84,981095936,NO,22.66,22.46,21.21,22.66,21.34,,685,0.0,223831,NO,NO,2024-06-28,6538300.0
1588,BETE,41.44,42.612,364.0,ETF,ETF,67.0,93.0,96.0,77.0,1.1611,0.5175,1985.0,1440.0,85.6,26.53,0,NO,38.81,34.36,36.63,35.63,33.9,,746,0.0,364,NO,NO,2025-11-11,37200.0
1589,XMAG,25.78,25.87,63511.0,ETF,ETF,67.0,55.0,54.0,69.0,0.2546,0.2124,91577.0,73000.0,26.92,21.57,0,NO,25.81,25.81,24.16,25.88,24.71,,480,0.0,63511,NO,NO,2026-06-25,865800.0
1590,EFAS,22.25,22.765,8321.0,ETF,ETF,67.0,29.0,70.0,52.0,0.2439,0.1797,20244.0,10180.0,23.5,18.27,0,NO,23.01,22.86,21.4,22.89,21.98,,2454,0.0,8321,NO,NO,2019-08-08,924500.0
1591,ROUS,67.24,67.62,47535.0,ETF,ETF,67.0,61.0,55.0,65.0,0.534,0.4269,59006.0,44920.0,69.3,55.39,0,NO,67.58,67.46,63.36,67.63,64.97,,2909,0.0,47535,NO,NO,2022-06-02,1902300.0
1592,TRIN,17.55,17.72,785580.0,Miscellaneous,Investment trusts,66.0,32.0,68.0,78.0,0.332,0.3127,1026992.0,959110.0,18.89,14.13,1661872128,NO,18.13,17.98,16.46,17.92,16.8,,1418,0.0,785580,NO,NO,2026-08-05,3446400.0
1593,LIME,28.6,29.01,383229.0,Industrials,Rental & Leasing Services,66.0,0.0,,,2.6264,2.6243,417941.0,524110.0,44.38,23.87,1831141760,NO,35.66,33.85,,34.45,,,58,0.0,383402,NO,NO,2026-07-01,3688300.0
1594,ITDG,42.77,43.238,4318.0,ETF,ETF,66.0,64.0,64.0,68.0,0.3719,0.2215,8547.0,3860.0,43.72,35.91,0,NO,42.93,42.66,40.34,42.83,41.09,,727,0.0,4318,NO,NO,2026-09-04,93500.0
1595,WSGE,28.44,28.728,8.0,ETF,ETF,66.0,62.0,64.0,69.0,0.2239,0.0768,1196.0,770.0,28.97,23.94,0,NO,28.59,28.4,,28.51,27.3,,194,0.0,8,NO,NO,2026-03-25,360500.0
1596,PST,24.87,24.51,8142.0,ETF,ETF,66.0,89.0,80.0,54.0,0.2287,0.1716,6157.0,9570.0,24.98,21.39,0,NO,24.08,23.69,22.77,23.91,23.14,,4612,0.0,8142,NO,NO,2022-03-15,2523300.0
1597,FLQL,78.67,79.32,108920.0,ETF,ETF,66.0,73.0,60.0,70.0,0.764,0.555,94573.0,116010.0,81.55,65.3,0,NO,78.42,78.24,74.06,78.5,75.55,,2363,0.0,108920,NO,NO,2019-03-08,14863300.0
1598,AVSC,69.97,70.57,118528.0,ETF,ETF,66.0,27.0,39.0,65.0,0.7722,0.6631,115952.0,120340.0,75.3,54.31,0,NO,71.91,72.86,67.11,72.63,69.2,,1176,0.0,118528,NO,NO,2024-03-26,2599900.0
1599,FGD,34.38,34.97,135918.0,ETF,ETF,66.0,37.0,73.0,51.0,0.3293,0.2239,160588.0,125530.0,36.08,28.09,0,NO,35.44,34.92,33.01,35.09,33.57,,4734,0.0,135918,NO,NO,2023-01-06,3095900.0
1600,UWM,58.42,60.15,381578.0,ETF,ETF,66.0,7.0,11.0,84.0,1.4475,1.2411,261052.0,300260.0,68.82,40.92,0,NO,62.37,64.2,57.35,63.62,59.56,,4946,0.0,381608,NO,NO,2014-03-04,91532400.0
1601,FRAF,61.22,63.22,34702.0,Financial Services,Banks - Regional,66.0,61.0,30.0,81.0,1.7107,1.6843,39015.0,40520.0,65.41,43.47,275464416,NO,62.86,62.91,56.57,62.87,58.93,,8170,0.0,34702,NO,NO,2025-06-27,552500.0
1602,XCOR,89.96,90.533,3384.0,ETF,ETF,66.0,81.0,60.0,71.0,0.7856,0.2898,1460.0,960.0,91.76,74.07,0,NO,88.44,88.01,84.35,88.5,85.9,,986,0.0,3384,NO,NO,2023-01-23,159000.0
1603,SECT,72.16,72.5,105431.0,ETF,ETF,66.0,77.0,58.0,75.0,0.6989,0.5032,119612.0,171060.0,73.68,58.39,0,NO,71.53,71.45,67.41,71.74,68.62,,2273,0.0,105431,NO,NO,2017-09-06,6568600.0
1604,FCPI,56.17,56.827,7267.0,ETF,ETF,66.0,53.0,72.0,68.0,0.5173,0.3517,22395.0,15730.0,57.46,47.7,0,NO,56.69,55.95,52.81,56.32,53.77,,1726,0.0,7273,NO,NO,2022-06-03,452100.0
1605,FDLS,41.62,42.07,13387.0,ETF,ETF,66.0,35.0,51.0,63.0,0.4293,0.3821,31804.0,18160.0,44.01,33.36,0,NO,42.67,42.7,39.85,42.71,40.81,,1023,0.0,13387,NO,NO,2022-08-25,1601900.0
1606,DFAW,83.8,84.8,85424.0,ETF,ETF,66.0,55.0,61.0,65.0,0.8313,0.6563,99852.0,78980.0,86.36,69.71,0,NO,84.65,84.28,79.66,84.55,81.21,,749,0.0,85424,NO,NO,2026-07-01,651300.0
1607,SIVR,61.15,62.74,873674.0,ETF,ETF,66.0,17.0,71.0,11.0,1.7879,1.1379,1136030.0,1169860.0,115.26,41.61,0,NO,62.46,59.97,69.19,60.95,65.61,,4317,0.0,873674,NO,NO,2026-01-30,26230700.0
1608,SPDW,50.75,51.42,3080018.0,ETF,ETF,66.0,47.0,60.0,60.0,0.6307,0.4119,2711600.0,2549150.0,52.43,41.99,0,NO,51.48,51.0,48.65,51.25,49.56,,4883,0.0,3086859,NO,NO,2022-10-03,26986500.0
1609,ROBN,38.6,38.96,720629.0,ETF,ETF,66.0,97.0,90.0,97.0,4.2827,3.7794,813309.0,969880.0,123.06,14.49,0,NO,33.7,29.73,32.25,30.6,26.29,,412,0.0,724713,NO,NO,2025-04-04,6933000.0
1610,RPV,116.91,118.41,116577.0,ETF,ETF,66.0,31.0,65.0,58.0,1.2843,1.1211,167998.0,105640.0,123.43,95.86,0,NO,121.32,120.59,112.38,120.66,114.5,,5169,0.0,116577,NO,NO,2024-03-14,5509900.0
1611,CSW,297.93,289.58,102773.0,Industrials,Specialty Industrial Machinery,66.0,10.0,83.0,65.0,9.1225,8.2882,149404.0,146000.0,355.48,230.45,4854318592,NO,301.72,311.35,292.68,314.73,287.87,,2760,0.0,102773,NO,NO,2024-09-20,3051100.0
1612,TWFG,24.71,25.72,475377.0,Finance,Insurance brokers/Services,66.0,4.0,88.0,86.0,1.4881,1.4056,155917.0,190080.0,31.3,16.56,318273024,NO,28.18,27.59,23.48,27.49,22.82,,547,0.0,475377,NO,NO,2024-07-18,4998200.0
1613,SHPP,33.67,33.719,27.0,ETF,ETF,66.0,19.0,60.0,59.0,0.2758,0.1051,214.0,320.0,36.12,27.44,0,NO,34.69,34.81,32.59,34.78,33.38,,1073,0.0,200,NO,NO,2025-11-03,176200.0
1614,FELG,45.08,45.42,431691.0,ETF,ETF,66.0,85.0,76.0,75.0,0.5545,0.4163,384828.0,306350.0,45.63,35.92,0,NO,44.13,43.77,42.04,44.03,42.51,,711,0.0,431691,NO,NO,2025-08-21,6713600.0
1615,V,361.52,369.95,5054684.0,Financial Services,Credit Services,66.0,46.0,82.0,76.0,5.5436,4.8457,7395833.0,7036210.0,385.57,293.89,678701432832,NO,373.94,367.58,336.3,367.65,337.89,,4657,0.0,5124711,NO,NO,2008-03-19,708486000.0
1616,NDAQ,95.44,94.69,3205343.0,Financial Services,Financial Data & Stock Exchanges,66.0,44.0,87.0,56.0,2.358,2.1258,3654990.0,3523960.0,101.79,76.55,53348798464,NO,95.07,94.67,90.62,95.25,89.96,,6096,0.0,3329988,NO,NO,2008-10-21,88611600.0
1617,CRBN,257.6,260.38,6196.0,ETF,ETF,66.0,67.0,66.0,67.0,2.3578,1.3878,6998.0,8280.0,262.08,215.28,0,NO,257.94,256.14,243.54,257.16,247.29,,2961,0.0,6196,NO,NO,2019-01-09,1256800.0
1618,BUL,61.37,62.393,12393.0,ETF,ETF,66.0,24.0,75.0,65.0,0.6759,0.5106,9369.0,20210.0,65.7,50.34,0,NO,63.45,62.57,58.31,62.92,59.19,,1856,0.0,12393,NO,NO,2022-03-07,730300.0
1619,SPLS,55.66,56.088,13467.0,ETF,ETF,66.0,75.0,71.0,73.0,0.3998,0.1799,14809.0,67510.0,57.06,45.6,0,NO,55.36,55.03,,55.29,52.84,,171,0.0,13467,NO,NO,2026-01-26,848300.0
1620,NBGX,30.53,29.753,9.0,ETF,ETF,66.0,84.0,74.0,74.0,0.2489,0.0402,520.0,370.0,30.53,24.6,0,NO,29.66,29.52,28.31,29.7,28.64,,438,1.54,1500,NO,NO,2024-12-19,400100.0
1621,GSLC,146.37,147.52,160474.0,ETF,ETF,66.0,73.0,72.0,70.0,1.3031,0.947,293430.0,179970.0,148.94,121.12,0,NO,145.97,145.21,137.45,145.8,139.45,,2767,0.0,160474,NO,NO,2020-08-31,11357100.0
1622,LRGC,86.02,86.799,82616.0,ETF,ETF,66.0,69.0,71.0,71.0,1.0211,0.7513,35776.0,21840.0,88.18,71.25,0,NO,85.93,85.89,80.94,86.15,82.2,,754,0.0,82616,NO,NO,2026-03-23,2036200.0
1623,CWI,40.83,41.53,1149374.0,ETF,ETF,66.0,59.0,58.0,62.0,0.5186,0.3371,208112.0,215500.0,41.97,34.19,0,NO,41.21,40.87,39.03,41.04,39.67,,4953,0.0,1152465,NO,NO,2018-12-27,9871800.0
1624,SPYA,30.8,30.486,6.0,ETF,ETF,66.0,74.0,68.0,70.0,0.1962,0.0,100.0,100.0,31.17,25.79,0,NO,30.59,30.47,28.96,30.61,29.4,,327,0.0,100,NO,NO,2025-07-11,15900.0
1625,KGS,53.3,56.24,2491857.0,Industrial services,Oilfield services/Equipment,66.0,6.0,3.0,9.0,2.7172,2.389,1869453.0,2174980.0,77.68,32.55,5388845056,NO,59.75,60.93,57.34,60.06,63.51,,811,0.0,2700257,NO,NO,2025-08-05,10519400.0
1626,PXH,29.37,29.82,199364.0,ETF,ETF,66.0,72.0,71.0,59.0,0.3111,0.2396,218617.0,243050.0,30.35,24.35,0,NO,29.71,29.17,28.05,29.38,28.45,,4775,0.0,199364,NO,NO,2022-10-25,9164900.0
1627,BAMV,36.57,37.135,23925.0,ETF,ETF,66.0,32.0,64.0,64.0,0.2986,0.1583,20209.0,28500.0,38.62,31.02,0,NO,37.69,37.37,34.69,37.48,35.4,,746,0.0,23925,NO,NO,2023-11-10,452700.0
1628,FQAL,83.72,84.42,41945.0,ETF,ETF,66.0,64.0,74.0,67.0,0.708,0.4948,34074.0,27380.0,85.56,70.44,0,NO,84.03,83.61,78.92,83.88,80.06,,2517,0.0,41945,NO,NO,2024-01-29,2264300.0
1629,RSPE,33.86,34.012,7229.0,ETF,ETF,66.0,36.0,54.0,68.0,0.2696,0.1839,8688.0,4860.0,35.35,28.02,0,NO,34.53,34.51,32.14,34.54,32.79,,1215,0.0,7229,NO,NO,2026-02-04,249200.0
1630,LEGR,66.06,67.085,1059.0,ETF,ETF,66.0,64.0,58.0,66.0,0.7082,0.3217,1931.0,1970.0,67.79,55.42,0,NO,66.77,65.95,62.78,66.34,63.69,,2176,0.0,1059,NO,NO,2023-05-26,325600.0
1631,RZV,141.13,141.68,2260.0,ETF,ETF,66.0,22.0,40.0,68.0,1.6011,1.2789,7866.0,4090.0,153.79,109.88,0,NO,146.76,149.18,136.23,148.48,140.32,,5169,0.0,2260,NO,NO,2017-11-02,828300.0
1632,FLNG,30.96,32.07,325635.0,Energy,Oil & Gas Midstream,66.0,39.0,49.0,35.0,0.7417,0.69,388696.0,420400.0,33.4,24.0,1674699904,NO,31.64,31.2,29.4,31.38,30.79,,1827,0.0,325635,NO,NO,2022-06-24,4063900.0
1633,SEIE,36.09,36.553,85567.0,ETF,ETF,66.0,43.0,62.0,61.0,0.5137,0.3907,136593.0,93270.0,38.3,29.83,0,NO,36.78,36.53,34.68,36.69,35.14,,488,0.0,85567,NO,NO,2024-10-28,18554900.0
1634,LSAT,45.04,45.582,4810.0,ETF,ETF,66.0,28.0,73.0,69.0,0.4938,0.361,4253.0,13050.0,47.69,38.49,0,NO,46.44,46.32,42.35,46.3,43.53,,1482,0.0,4810,NO,NO,2020-10-29,1873400.0
1635,HIDV,89.91,91.01,2786.0,ETF,ETF,66.0,42.0,67.0,70.0,0.791,0.3527,7352.0,4410.0,93.53,75.31,0,NO,91.73,91.39,85.55,91.59,87.16,,875,0.0,2786,NO,NO,2025-06-27,323100.0
1636,GLOW,34.73,35.065,3694.0,ETF,ETF,66.0,56.0,60.0,67.0,0.289,0.1496,13585.0,28540.0,35.58,29.27,0,NO,34.97,34.8,32.83,34.89,33.43,,553,0.0,3694,NO,NO,2025-04-28,222600.0
1637,CSM,87.52,88.69,4108.0,ETF,ETF,66.0,61.0,68.0,70.0,0.7411,0.3979,5182.0,5920.0,90.27,72.79,0,NO,88.03,87.68,82.64,88.01,84.04,,4325,0.0,4108,NO,NO,2020-04-09,3128600.0
1638,XLG,63.84,64.41,1053754.0,ETF,ETF,66.0,85.0,77.0,70.0,0.7019,0.5526,1262952.0,885510.0,64.77,52.6,0,NO,62.74,62.13,60.06,62.49,60.7,,5376,0.0,1053754,NO,NO,2026-03-12,17335200.0
1639,FBNC,62.22,62.75,170222.0,Financial Services,Banks - Regional,66.0,36.0,49.0,67.0,1.3957,1.3679,247477.0,304890.0,66.78,45.96,2574304000,NO,63.74,64.18,59.3,64.03,60.61,,9924,0.0,170222,NO,NO,2020-11-12,5674400.0
1640,FLCE,31.77,32.03,2304.0,ETF,ETF,66.0,70.0,67.0,69.0,0.2544,0.1105,3695.0,6640.0,32.31,26.48,0,NO,31.74,31.61,29.9,31.71,30.37,,438,0.0,2304,NO,NO,2024-12-23,1456700.0
1641,RGR,41.9,41.52,210449.0,Consumer durables,Recreational products,65.0,91.0,60.0,43.0,1.0822,0.9447,146309.0,256120.0,48.21,28.33,669488960,NO,38.46,38.24,38.21,38.56,39.34,,13460,0.58,210449,NO,NO,2007-10-25,4197300.0
1642,FEGE,51.17,51.64,281782.0,ETF,ETF,65.0,36.0,75.0,53.0,0.5332,0.4264,333073.0,357250.0,53.52,43.38,0,NO,52.44,51.71,49.44,51.94,49.86,,438,0.0,281782,NO,NO,2026-01-16,1083300.0
1643,ARP,34.47,34.565,8362.0,ETF,ETF,65.0,78.0,79.0,61.0,0.1829,0.1148,8009.0,11680.0,34.68,30.2,0,NO,34.28,33.64,32.67,33.87,32.87,,939,0.0,8362,NO,NO,2022-12-27,463300.0
1644,FFLC,59.6,60.09,96002.0,ETF,ETF,65.0,68.0,63.0,69.0,0.5975,0.4607,85193.0,71030.0,61.14,49.4,0,NO,59.65,59.53,56.41,59.7,57.37,,1582,0.0,96002,NO,NO,2024-09-05,778500.0
1645,HDV,28.42,28.49,3504948.0,ETF,ETF,65.0,31.0,68.0,46.0,0.2686,0.2336,4678201.0,3761560.0,30.13,23.52,0,NO,29.24,29.01,27.23,29.05,27.88,,3892,0.0,3504948,NO,NO,2022-05-18,68162500.0
1646,FEOE,54.4,54.83,177288.0,ETF,ETF,65.0,35.0,66.0,52.0,0.5756,0.437,283795.0,234260.0,57.7,45.34,0,NO,55.55,55.36,52.87,55.5,53.58,,438,0.0,177288,NO,NO,2026-08-19,1128100.0
1647,USCL,86.7,87.488,99.0,ETF,ETF,65.0,76.0,76.0,70.0,0.6529,0.0266,8468.0,8250.0,87.55,72.13,0,NO,86.25,85.63,81.35,86.02,82.37,,825,0.0,99,NO,NO,2023-06-08,42250000.0
1648,XTOC,37.22,37.22,1377.0,ETF,ETF,65.0,78.0,68.0,65.0,0.0506,0.0396,7277.0,2070.0,37.23,31.0,0,NO,37.09,36.79,34.93,36.91,35.49,,1248,0.0,1377,NO,NO,2023-11-07,216600.0
1649,FCTE,28.97,28.869,8133.0,ETF,ETF,65.0,56.0,68.0,68.0,0.4103,0.3409,22371.0,16680.0,30.75,23.89,0,NO,28.68,29.14,27.2,29.2,27.7,,558,0.16,8133,NO,NO,2024-07-29,2200800.0
1650,IWS,163.54,164.69,314872.0,ETF,ETF,65.0,29.0,51.0,63.0,1.5221,1.2566,431387.0,268220.0,173.52,133.74,0,NO,167.87,168.6,156.47,168.59,160.41,,6321,0.0,314872,NO,NO,2008-05-22,13505700.0
1651,IXUS,96.15,97.49,2306191.0,ETF,ETF,65.0,54.0,59.0,60.0,1.1364,0.7371,1801596.0,1728770.0,98.83,81.02,0,NO,97.14,96.19,92.17,96.68,93.73,,3496,0.0,2306191,NO,NO,2025-04-30,30256500.0
1652,SCOW,22.08,22.315,58.0,ETF,ETF,65.0,26.0,79.0,69.0,0.1637,0.0211,758.0,1210.0,23.82,18.7,0,NO,23.03,22.91,20.95,22.96,21.32,,267,0.0,4600,NO,NO,2025-09-03,25200.0
1653,JAVA,80.7,81.57,300863.0,ETF,ETF,65.0,45.0,61.0,63.0,0.6928,0.5317,390100.0,319160.0,84.06,67.14,0,NO,82.17,82.03,76.89,82.19,78.05,,1246,0.0,300863,NO,NO,2024-11-12,5371800.0
1654,QCML,21.12,20.5,637074.0,ETF,ETF,65.0,98.0,8.0,96.0,1.867,1.7449,812809.0,765980.0,41.9,10.46,0,NO,17.1,15.96,18.78,16.09,19.18,,369,0.0,637702,NO,NO,2026-05-07,8316800.0
1655,DFIS,36.6,37.07,481939.0,ETF,ETF,65.0,47.0,71.0,56.0,0.4136,0.3129,768676.0,538070.0,38.05,30.31,0,NO,37.22,36.71,35.41,36.93,35.81,,1128,0.0,481939,NO,NO,2025-10-22,6533100.0
1656,FSBC,43.4,44.35,139722.0,Financial Services,Banks - Regional,65.0,36.0,16.0,69.0,1.1004,1.0604,194511.0,251080.0,50.26,30.68,1064889088,NO,45.55,46.49,41.83,45.88,43.36,,1353,0.0,139722,NO,NO,2021-05-05,2211300.0
1657,BLKB,42.89,43.04,436618.0,Technology services,Packaged software,65.0,10.0,96.0,25.0,1.6429,1.5793,594241.0,526510.0,70.71,25.58,1946781184,NO,45.86,42.61,43.26,44.11,37.81,,5576,0.0,436618,NO,NO,2017-06-28,8084100.0
1658,USNG,34.96,35.35,2973.0,ETF,ETF,65.0,84.0,18.0,38.0,0.5374,0.4307,5915.0,6720.0,37.6,26.87,0,NO,35.14,34.88,33.39,34.89,35.0,,337,0.0,2973,NO,NO,2025-05-20,119700.0
1659,RFDA,71.67,72.31,2820.0,ETF,ETF,65.0,43.0,62.0,67.0,0.4569,0.2317,3704.0,2870.0,74.21,61.13,0,NO,73.14,72.79,67.76,72.9,69.32,,2509,0.0,2820,NO,NO,2018-03-08,1290400.0
1660,GENW,15.02,15.035,33.0,ETF,ETF,65.0,67.0,63.0,55.0,0.1144,0.0114,558.0,260.0,16.04,12.02,0,NO,15.28,15.32,14.6,15.35,14.84,,423,0.0,100,NO,NO,2026-02-24,37900.0
1661,DFVX,84.1,84.98,15085.0,ETF,ETF,65.0,55.0,66.0,62.0,0.6679,0.4505,9644.0,10070.0,86.51,70.73,0,NO,84.88,84.5,79.79,84.75,81.26,,723,0.0,15085,NO,NO,2023-11-13,1543500.0
1662,NCLD,24.52,24.84,336603.0,ETF,ETF,65.0,89.0,,,1.3954,1.2211,899039.0,733050.0,28.1,20.91,0,NO,23.36,,,,,,33,0.0,342314,NO,NO,2026-08-12,2141800.0
1663,USCA,45.63,46.057,2402.0,ETF,ETF,65.0,76.0,76.0,70.0,0.3637,0.1063,118841.0,15920.0,46.71,37.88,0,NO,45.41,45.08,42.83,45.28,43.35,,868,0.0,2402,NO,NO,2026-07-08,6012100.0
1664,RHRX,21.5,21.603,7852.0,ETF,ETF,65.0,64.0,41.0,65.0,0.1438,0.0945,24228.0,55440.0,23.45,17.46,0,NO,21.55,21.66,20.41,21.66,21.09,,1221,0.0,7852,NO,NO,2023-12-04,566400.0
1665,GMF,157.9,160.15,2474.0,ETF,ETF,65.0,81.0,57.0,69.0,1.6686,0.7414,7644.0,4520.0,161.39,131.89,0,NO,156.77,154.83,148.65,155.83,150.82,,4906,0.0,2474,NO,NO,2015-09-10,1099800.0
1666,ST,41.51,41.84,1286259.0,Technology,Scientific & Technical Instruments,65.0,42.0,7.0,78.0,1.23,1.0593,1580898.0,1428130.0,53.89,28.16,6041192960,NO,42.02,44.11,40.87,43.89,43.24,,4159,0.0,1286259,NO,NO,2023-09-15,23136900.0
1667,LEXI,40.55,40.775,30113.0,ETF,ETF,65.0,64.0,53.0,66.0,0.2689,0.1393,12057.0,14710.0,41.36,34.24,0,NO,40.55,40.54,38.31,40.63,39.13,,1311,0.0,30113,NO,NO,2022-07-22,300000.0
1668,NVIR,38.85,39.478,22.0,ETF,ETF,65.0,64.0,80.0,31.0,0.3516,0.1086,409.0,570.0,41.31,31.26,0,NO,40.27,39.8,38.17,39.86,39.36,,898,0.0,100,NO,NO,2023-09-19,69200.0
1669,GPT,34.27,34.402,210.0,ETF,ETF,65.0,60.0,62.0,62.0,0.3376,0.133,938.0,630.0,34.89,28.91,0,NO,34.04,33.99,32.41,34.14,33.05,,504,0.0,210,NO,NO,2024-09-23,178400.0
1670,BVAL,31.66,31.9,50113.0,ETF,ETF,65.0,55.0,58.0,63.0,0.2411,0.1539,27765.0,33520.0,32.64,26.57,0,NO,31.96,31.87,29.99,31.95,30.59,,314,0.0,50113,NO,NO,2025-06-24,3561200.0
1671,JUDO,28.23,28.5,115.0,ETF,ETF,65.0,54.0,61.0,,0.2082,0.0411,933.0,490.0,29.22,24.06,0,NO,28.36,28.37,,28.48,,,124,0.0,115,NO,NO,2026-03-31,7100.0
1672,CATH,91.16,91.93,29957.0,ETF,ETF,65.0,72.0,69.0,69.0,0.8168,0.5975,44395.0,33910.0,93.05,75.61,0,NO,91.01,90.5,85.9,90.84,87.24,,2617,0.0,29957,NO,NO,2019-01-24,1293200.0
1673,DDS,645.66,639.11,295367.0,Consumer Cyclical,Department Stores,65.0,87.0,86.0,64.0,21.7257,21.1743,150120.0,177190.0,741.98,503.06,10084854784,NO,638.01,610.3,605.68,616.05,587.94,,11724,0.0,295372,NO,NO,2008-10-21,14962500.0
1674,SNPG,59.13,59.525,334.0,ETF,ETF,65.0,60.0,51.0,79.0,0.5276,0.1533,1404.0,530.0,61.71,46.74,0,NO,58.86,58.82,55.1,59.06,56.14,,967,0.0,334,NO,NO,2025-10-15,126900.0
1675,JDOC,60.94,61.603,459.0,ETF,ETF,65.0,28.0,75.0,59.0,0.5133,0.1281,373.0,350.0,64.69,50.34,0,NO,62.15,61.79,58.49,61.79,58.5,,723,0.0,459,NO,NO,2024-06-25,23200.0
1676,JOYT,59.32,59.725,433.0,ETF,ETF,65.0,75.0,75.0,57.0,0.4347,0.2626,7253.0,9830.0,60.77,50.85,0,NO,59.16,58.72,56.15,59.0,56.69,,275,0.0,433,NO,NO,2026-04-16,185800.0
1677,STRL,512.0,512.64,296777.0,Industrial services,Engineering & construction,65.0,64.0,0.0,80.0,24.935,20.3643,760769.0,608110.0,1005.68,281.58,15661321216,NO,487.39,548.04,531.8,539.68,602.84,,8862,0.0,296777,NO,NO,2025-04-16,7646100.0
1678,STXV,38.42,38.742,3883.0,ETF,ETF,65.0,40.0,54.0,55.0,0.2495,0.1665,9809.0,9250.0,40.05,31.64,0,NO,39.33,39.16,36.75,39.2,37.54,,967,0.0,3883,NO,NO,2025-03-04,255100.0
1679,PSC,67.19,67.8,75736.0,ETF,ETF,65.0,37.0,41.0,72.0,0.6608,0.5905,130666.0,127110.0,70.9,53.73,0,NO,68.47,68.83,63.58,68.71,65.16,,2513,0.0,75736,NO,NO,2022-01-11,5132900.0
1680,SCDS,72.03,72.986,97.0,ETF,ETF,65.0,25.0,22.0,74.0,0.561,0.0676,1130.0,1320.0,78.04,56.1,0,NO,74.15,75.38,68.91,75.06,71.34,,440,0.0,97,NO,NO,2026-06-18,16100.0
1681,BUD,77.06,77.95,1681498.0,Consumer Defensive,Beverages - Brewers,65.0,48.0,16.0,62.0,1.4157,1.1143,2195888.0,2069150.0,86.6,58.44,151741054976,NO,78.93,80.45,75.72,80.41,78.3,,4333,0.0,1681575,NO,NO,2013-01-31,13492400.0
1682,EMO,52.88,53.77,30663.0,Financial Services,Asset Management,65.0,42.0,77.0,28.0,1.2793,1.2793,39930.0,39820.0,56.33,41.54,0,NO,54.55,53.28,50.28,53.46,51.67,,3841,0.0,30663,NO,NO,2020-03-10,739140.0
1683,USFD,93.93,94.22,2802843.0,Consumer Defensive,Food Distribution,65.0,5.0,46.0,42.0,2.9652,2.9509,2500160.0,3275060.0,111.42,69.88,20319944704,NO,100.11,101.88,91.46,101.92,94.84,,2595,0.0,2814139,NO,NO,2023-03-17,32994200.0
1684,SPYC,46.21,45.901,555.0,ETF,ETF,65.0,76.0,68.0,71.0,0.547,0.3618,20066.0,74300.0,48.96,38.5,0,NO,46.28,46.22,43.92,46.43,44.47,,1517,0.11,1600,NO,NO,2022-10-25,977100.0
1685,TSES,30.66,30.93,355.0,ETF,ETF,65.0,47.0,50.0,35.0,0.2865,0.0849,1134.0,710.0,32.15,24.94,0,NO,31.23,31.06,,31.13,30.65,,183,0.0,355,NO,NO,2025-12-30,74900.0
1686,FDMO,95.55,96.61,35045.0,ETF,ETF,65.0,81.0,48.0,74.0,1.1887,0.804,72280.0,68180.0,98.87,76.63,0,NO,94.32,94.36,89.62,94.66,91.41,,2519,0.0,35045,NO,NO,2025-04-09,817500.0
1687,DFMC,58.01,58.47,16835.0,ETF,ETF,65.0,29.0,37.0,,0.5622,0.3926,27412.0,19630.0,62.37,49.08,0,NO,59.37,60.25,,60.08,,,128,0.0,16835,NO,NO,2026-03-20,1180100.0
1688,IVSI,29.1,29.442,498.0,ETF,ETF,65.0,38.0,63.0,63.0,0.2466,0.0581,1052.0,1610.0,30.42,25.19,0,NO,29.69,29.59,,29.65,28.35,,195,0.0,498,NO,NO,2025-12-11,87300.0
1689,LTGO,19.97,21.11,214609.0,n/a,n/a,65.0,9.0,,,1.8793,1.8379,383815.0,412080.0,25.93,17.22,1323997952,YES,22.7,,,,,,32,0.0,214614,NO,NO,2026-08-07,3301700.0
1690,FDCF,51.92,52.506,10982.0,ETF,ETF,65.0,86.0,79.0,75.0,0.5933,0.4271,6507.0,5280.0,52.66,41.23,0,NO,50.75,50.24,48.18,50.41,48.57,,823,0.0,10982,NO,NO,2024-06-25,59300.0
1691,IRM,115.09,116.89,1820341.0,Real Estate,REIT - Specialty,64.0,24.0,8.0,63.0,3.2004,2.9875,1837474.0,1650750.0,134.68,77.77,34262616064,NO,115.58,120.8,111.15,120.21,118.98,,7709,0.0,1820341,NO,NO,2009-01-05,35745493.0
1692,DIVY,29.78,29.87,3549.0,ETF,ETF,64.0,30.0,71.0,57.0,0.2599,0.1468,2534.0,2890.0,31.4,24.94,0,NO,30.64,30.56,28.55,30.59,29.05,,1436,0.0,3549,NO,NO,2024-02-14,44000.0
1693,JHML,89.93,90.58,18694.0,ETF,ETF,64.0,62.0,59.0,67.0,0.7395,0.4999,29225.0,15750.0,92.58,75.9,0,NO,90.23,90.17,85.12,90.39,86.73,,2760,0.0,18694,NO,NO,2016-07-27,7135600.0
1694,GWX,45.92,46.45,27080.0,ETF,ETF,64.0,66.0,75.0,52.0,0.6229,0.485,54963.0,42010.0,47.28,38.17,0,NO,46.36,45.27,44.25,45.66,44.8,,4883,0.0,27080,NO,NO,2017-10-10,4672300.0
1695,PSFO,35.91,35.745,18.0,ETF,ETF,64.0,83.0,77.0,65.0,0.1274,0.0614,4376.0,1480.0,35.91,31.09,0,NO,35.56,35.25,33.64,35.43,34.17,,1247,0.0,100,NO,NO,2025-11-11,192600.0
1696,DBEZ,62.21,62.628,2235.0,ETF,ETF,64.0,52.0,50.0,67.0,0.4794,0.1455,4296.0,1460.0,64.77,52.17,0,NO,62.56,62.81,59.14,62.94,60.17,,2959,0.0,2235,NO,NO,2016-06-06,486500.0
1697,SMBC,71.33,72.03,54235.0,Finance,Savings banks,64.0,34.0,29.0,62.0,1.3107,1.2729,102971.0,103150.0,79.86,47.6,785577216,NO,73.19,75.39,68.12,74.86,70.81,,8166,0.0,54235,NO,NO,1994-04-13,1702400.0
1698,SDOG,69.79,70.31,27584.0,ETF,ETF,64.0,24.0,60.0,53.0,0.5871,0.47,32217.0,19970.0,74.73,57.7,0,NO,72.37,72.35,67.19,72.31,68.83,,3567,0.0,27601,NO,NO,2015-08-24,1147600.0
1699,EQTY,29.08,29.295,20028.0,ETF,ETF,64.0,46.0,79.0,62.0,0.2163,0.146,22617.0,44940.0,30.06,24.74,0,NO,29.34,29.29,27.73,29.39,27.91,,947,0.0,20028,NO,NO,2023-01-25,4493500.0
1700,EWC,59.65,60.43,1876641.0,ETF,ETF,64.0,32.0,66.0,55.0,0.7061,0.5925,1698093.0,1960910.0,62.71,49.31,0,NO,61.07,60.7,57.5,60.86,58.5,,7678,0.0,1876641,NO,NO,2022-01-18,18747200.0
1701,SIXA,57.45,57.775,4600.0,ETF,ETF,64.0,61.0,60.0,58.0,0.3293,0.1731,16498.0,8790.0,58.52,48.28,0,NO,57.76,57.4,54.32,57.53,55.55,,1600,0.0,4600,NO,NO,2025-03-05,738300.0
1702,SHOP,142.34,147.74,20854829.0,Technology,Software - Application,64.0,27.0,92.0,81.0,7.4771,6.5879,9546577.0,11764040.0,182.19,94.0,184708153344,NO,138.63,137.18,130.09,138.37,124.02,,2853,0.0,20854829,YES,NO,2017-10-04,208959000.0
1703,FJP,77.9,78.21,12180.0,ETF,ETF,64.0,79.0,56.0,52.0,1.4478,1.2,9519.0,6590.0,82.45,62.01,0,NO,77.54,76.28,74.77,76.95,75.75,,3875,0.0,12180,NO,NO,2016-01-29,3469600.0
1704,SPTX,21.29,21.12,179279.0,Healthcare,Biotechnology,64.0,6.0,85.0,,2.0321,2.0293,173714.0,392960.0,28.38,14.85,1139665536,NO,23.61,22.69,,22.86,,,99,0.0,179279,NO,NO,2026-05-01,4697700.0
1705,DAPP,21.05,21.43,1059859.0,ETF,ETF,64.0,92.0,38.0,84.0,0.9923,0.8473,736542.0,1392680.0,27.49,13.68,0,NO,19.88,18.8,18.6,19.2,18.92,,1366,0.0,1061963,NO,NO,2025-12-16,4667200.0
1706,DGT,187.96,189.76,7798.0,ETF,ETF,64.0,50.0,62.0,60.0,1.6221,1.0336,10538.0,8440.0,193.03,159.13,0,NO,190.51,189.34,179.91,190.08,183.22,,6531,0.0,7798,NO,NO,2009-09-09,311000.0
1707,FMX,119.72,119.86,355813.0,Consumer Defensive,Beverages - Brewers,64.0,65.0,19.0,71.0,2.6161,2.6161,468485.0,400930.0,141.47,90.87,40786386944,NO,120.25,122.66,115.69,121.24,119.88,,7136,0.0,355813,NO,NO,2009-10-02,12850500.0
1708,IWN,213.32,215.95,469010.0,ETF,ETF,64.0,28.0,36.0,65.0,2.5029,2.1629,523815.0,431690.0,227.86,168.75,0,NO,220.32,222.34,205.88,221.68,211.65,,6576,0.0,469010,NO,NO,2011-08-05,7512000.0
1709,CTRN,50.56,55.34,184301.0,Consumer Cyclical,Apparel Retail,64.0,0.0,5.0,56.0,3.3221,3.0943,187731.0,241890.0,77.91,29.6,421642464,NO,63.75,66.99,51.9,65.29,54.48,,5370,0.0,184301,NO,NO,2007-08-09,3897700.0
1710,NITE,39.16,39.792,1339.0,ETF,ETF,64.0,51.0,80.0,65.0,0.5022,0.2173,2230.0,590.0,41.0,32.52,0,NO,39.8,38.55,37.04,38.93,37.2,,564,0.0,1339,NO,NO,2026-03-02,130900.0
1711,ITDF,41.94,42.412,6987.0,ETF,ETF,64.0,63.0,62.0,66.0,0.3746,0.2261,11822.0,8880.0,42.95,35.54,0,NO,42.13,41.9,39.74,42.05,40.43,,732,0.0,6987,NO,NO,2026-09-04,150900.0
1712,QDF,90.51,91.54,45134.0,ETF,ETF,64.0,53.0,62.0,66.0,0.8067,0.566,24057.0,22700.0,93.89,76.95,0,NO,91.52,91.64,85.98,91.72,87.63,,3459,0.0,45134,NO,NO,2016-02-16,4766600.0
1713,ROBO,80.21,80.29,203805.0,ETF,ETF,64.0,62.0,29.0,66.0,1.2526,0.8868,174253.0,148100.0,90.51,62.8,0,NO,79.44,80.39,77.93,80.66,79.8,,3248,0.0,203822,NO,NO,2017-07-31,5493300.0
1714,DFSU,47.68,48.16,118984.0,ETF,ETF,64.0,63.0,70.0,68.0,0.4674,0.3114,97895.0,115540.0,49.21,39.73,0,NO,47.93,47.86,45.2,47.95,45.8,,974,0.0,118984,NO,NO,2023-03-02,5233800.0
1715,SPIT,31.16,31.506,1241.0,ETF,ETF,64.0,21.0,18.0,72.0,0.4061,0.2876,5909.0,3110.0,35.78,23.69,0,NO,31.65,32.52,30.16,32.38,31.26,,242,0.0,1241,NO,NO,2026-01-12,55100.0
1716,XCHG,27.4,27.678,1727.0,ETF,ETF,64.0,69.0,73.0,67.0,0.1969,0.0348,2512.0,3390.0,27.98,23.02,0,NO,27.42,27.35,,27.44,26.31,,191,0.0,1727,NO,NO,2026-03-23,98700.0
1717,CVMC,74.09,74.388,6374.0,ETF,ETF,64.0,29.0,43.0,70.0,0.6405,0.4421,5293.0,7570.0,78.97,60.95,0,NO,75.77,76.44,70.56,76.36,72.34,,913,0.0,6374,NO,NO,2023-12-14,187400.0
1718,TWOX,30.42,30.624,746.0,ETF,ETF,64.0,81.0,75.0,62.0,0.2541,0.0648,5619.0,830.0,30.68,26.01,0,NO,30.06,29.72,28.62,29.9,28.77,,422,0.0,746,NO,NO,2026-07-01,295000.0
1719,CSTK,32.87,33.242,5711.0,ETF,ETF,64.0,43.0,54.0,65.0,0.3404,0.2848,5593.0,4960.0,34.33,27.26,0,NO,33.54,33.48,31.38,33.5,32.0,,346,0.0,5711,NO,NO,2026-05-01,978400.0
1720,BESF,38.44,39.138,2346.0,ETF,ETF,64.0,27.0,42.0,13.0,0.388,0.2989,1985.0,2520.0,43.41,28.91,0,NO,40.76,40.05,38.59,40.03,39.7,,327,0.0,2346,NO,NO,2025-06-06,107600.0
1721,NOVTU,61.55,58.03,25194.0,Technology,Scientific & Technical Instruments,64.0,62.0,23.0,67.0,1.9104,1.2304,31579.0,76890.0,76.95,47.57,0,NO,60.62,62.69,60.68,62.71,61.6,,218,5.08,25194,NO,NO,2025-11-07,4630600.0
1722,CACC,555.13,564.27,120144.0,Financial Services,Credit Services,64.0,16.0,19.0,85.0,16.7231,16.4103,130961.0,126600.0,668.86,401.9,5762571264,NO,594.84,590.92,526.93,585.42,550.09,,8634,0.0,120144,NO,NO,1997-04-25,5324000.0
1723,JSML,86.76,87.535,21436.0,ETF,ETF,64.0,33.0,23.0,82.0,1.0566,0.8539,25030.0,30250.0,98.01,66.97,0,NO,87.8,89.01,81.69,88.71,84.05,,2659,0.0,21436,NO,NO,2025-03-18,1215800.0
1724,ROK,432.89,424.89,583777.0,Producer manufacturing,Electrical products,64.0,64.0,21.0,80.0,11.0185,9.9692,830523.0,783490.0,497.36,332.71,48169381888,NO,424.68,442.11,422.57,441.13,430.08,,11271,0.0,595281,NO,NO,2009-04-08,8355000.0
1725,ESUM,30.5,30.57,26336.0,ETF,ETF,64.0,53.0,61.0,68.0,0.2571,0.193,31222.0,25580.0,31.87,25.46,0,NO,30.56,30.59,28.68,30.68,29.24,,440,0.0,26336,NO,NO,2025-06-04,420200.0
1726,FGSM,34.66,34.967,737.0,ETF,ETF,64.0,37.0,50.0,62.0,0.261,0.1007,3733.0,10590.0,36.25,28.15,0,NO,35.37,35.29,33.3,35.37,34.0,,438,0.0,737,NO,NO,2024-12-23,1826900.0
1727,C,131.93,135.05,8430729.0,Financial Services,Banks - Diversified,64.0,74.0,13.0,75.0,3.9964,3.7193,10916707.0,11046350.0,147.96,93.66,221304225792,NO,134.77,134.11,125.05,134.38,128.91,,12533,0.0,8636104,NO,NO,2009-12-17,377263850.0
1728,XDSQ,45.03,45.364,3512.0,ETF,ETF,64.0,81.0,73.0,61.0,0.4034,0.1897,17095.0,17800.0,45.52,38.37,0,NO,44.5,44.02,42.45,44.29,42.69,,1375,0.0,3512,NO,NO,2023-08-17,648000.0
1729,DBEU,53.82,54.22,42554.0,ETF,ETF,64.0,51.0,54.0,64.0,0.495,0.3496,32107.0,21990.0,55.64,45.26,0,NO,54.23,54.37,51.37,54.44,52.22,,3263,0.0,42554,NO,NO,2015-12-23,10117500.0
1730,DDXX,28.56,28.207,13.0,ETF,ETF,64.0,67.0,63.0,62.0,0.2173,0.0789,3217.0,4800.0,28.93,24.02,0,NO,28.57,28.32,27.01,28.47,27.46,,213,0.0,100,NO,NO,2026-02-02,165300.0
1731,LGH,66.3,67.119,9788.0,ETF,ETF,64.0,77.0,77.0,66.0,0.8113,0.5576,22977.0,21410.0,67.59,56.12,0,NO,65.82,65.37,62.61,65.72,62.81,,1746,0.0,9788,NO,NO,2021-08-02,789100.0
1732,PDS,82.67,84.02,74497.0,Industrial services,Contract drilling,64.0,10.0,42.0,5.0,3.1407,2.8886,105923.0,100100.0,103.8,53.42,1040606144,NO,88.87,84.93,85.41,85.46,88.51,,7508,0.0,74497,NO,NO,2016-03-04,611795.0
1733,EWI,59.98,61.24,143980.0,ETF,ETF,64.0,31.0,53.0,68.0,0.8114,0.4336,376526.0,349680.0,63.76,50.05,0,NO,61.47,61.72,57.76,61.73,58.79,,7678,0.0,143980,NO,NO,2014-08-07,15287400.0
1734,ROCQ,56.78,56.77,453586.0,ETF,ETF,64.0,85.0,54.0,,0.5843,0.4393,254193.0,313420.0,58.27,47.19,0,NO,55.37,55.33,,55.57,,,128,0.0,453586,NO,NO,2026-09-04,684200.0
1735,TXUE,35.12,35.625,32353.0,ETF,ETF,64.0,36.0,62.0,56.0,0.3951,0.2573,36566.0,44860.0,38.4,29.79,0,NO,35.89,35.84,33.92,35.96,34.46,,419,0.0,32353,NO,NO,2025-01-22,1567400.0
1736,HBTC,22.45,21.475,98.0,ETF,ETF,64.0,96.0,92.0,47.0,0.3981,0.0,184.0,100.0,32.03,17.19,0,NO,21.06,19.29,20.41,19.86,19.47,,379,0.0,100,NO,NO,2026-03-27,19400.0
1737,BWB,20.48,20.92,91935.0,Financial Services,Banks - Regional,64.0,27.0,48.0,75.0,0.5194,0.5108,179085.0,116030.0,22.62,16.06,571060672,NO,21.18,21.34,19.39,21.26,19.78,,2143,0.0,91935,NO,NO,2018-03-14,2694300.0
1738,FMTM,38.53,38.827,163547.0,ETF,ETF,64.0,67.0,14.0,59.0,0.5448,0.4802,222307.0,192110.0,48.0,28.92,0,NO,38.74,38.86,37.54,38.8,38.67,,379,0.0,163547,NO,NO,2026-07-02,471200.0
1739,SURE,145.09,147.42,1413.0,ETF,ETF,64.0,30.0,54.0,63.0,1.1071,0.1425,484.0,240.0,153.29,119.18,0,NO,149.25,149.86,138.52,149.56,141.66,,3762,0.0,1413,NO,NO,2013-10-30,427000.0
1740,LITL,33.46,33.68,1027.0,ETF,ETF,64.0,45.0,53.0,70.0,0.2964,0.1085,1488.0,1280.0,35.36,26.45,0,NO,33.79,34.12,31.61,34.07,32.23,,352,0.0,1027,NO,NO,2025-07-02,55300.0
1741,DIVD,43.53,43.964,5190.0,ETF,ETF,63.0,31.0,61.0,51.0,0.3031,0.1852,5761.0,3710.0,45.72,36.11,0,NO,44.56,44.55,42.16,44.57,42.96,,997,0.0,5190,NO,NO,2025-04-16,76700.0
1742,PINK,38.18,38.94,99513.0,ETF,ETF,63.0,28.0,55.0,70.0,0.5434,0.4822,81623.0,58450.0,40.63,30.65,0,NO,39.23,39.33,37.07,39.23,37.22,,1243,0.0,99513,NO,NO,2022-04-27,1380800.0
1743,FID,22.67,22.92,13058.0,ETF,ETF,63.0,49.0,72.0,53.0,0.1886,0.145,13555.0,9050.0,23.36,19.16,0,NO,23.0,22.77,21.8,22.89,22.06,,3289,0.0,13058,NO,NO,2023-08-21,541800.0
1744,JHID,43.09,43.739,2403.0,ETF,ETF,63.0,39.0,52.0,50.0,0.3391,0.0376,784.0,690.0,44.77,35.05,0,NO,44.11,43.81,41.79,43.99,42.6,,940,0.0,2403,NO,NO,2022-12-22,140000.0
1745,QDEF,89.57,90.65,16283.0,ETF,ETF,63.0,56.0,70.0,62.0,0.6667,0.3549,6098.0,3800.0,91.97,77.97,0,NO,90.67,90.15,85.29,90.39,86.62,,3459,0.0,16283,NO,NO,2021-07-23,659500.0
1746,DNLI,20.46,20.47,1866743.0,Healthcare,Biotechnology,63.0,2.0,6.0,20.0,0.7951,0.7598,1606601.0,1814430.0,27.3,13.0,3270477824,NO,22.09,23.26,20.98,22.78,21.59,,2207,0.0,1914034,NO,NO,2026-06-26,6526900.0
1747,PSFM,35.72,35.735,727.0,ETF,ETF,63.0,78.0,65.0,57.0,0.08,0.0064,239.0,200.0,35.79,31.03,0,NO,35.56,35.34,33.65,35.44,34.41,,1375,0.0,727,NO,NO,2023-07-05,108700.0
1748,HEFA,46.69,46.97,469543.0,ETF,ETF,63.0,62.0,51.0,61.0,0.4411,0.2996,619398.0,410960.0,48.0,39.13,0,NO,46.86,46.85,44.6,46.97,45.34,,3169,0.0,469543,NO,NO,2024-03-14,49529700.0
1749,BLCO,17.05,16.8,284389.0,Health technology,Medical specialties,63.0,63.0,84.0,48.0,0.4915,0.4783,402904.0,382500.0,18.91,13.77,6089667072,NO,17.4,16.95,16.63,17.05,16.4,,1098,0.0,299086,NO,NO,2022-05-06,15225300.0
1750,XOVR,21.22,21.45,416156.0,ETF,ETF,63.0,88.0,80.0,81.0,0.3954,0.3689,1692944.0,1070050.0,21.78,16.37,0,NO,20.81,20.11,19.25,20.3,19.35,,2228,0.0,416156,NO,NO,2026-06-12,32373500.0
1751,FDG,134.85,135.27,5005.0,ETF,ETF,63.0,83.0,69.0,71.0,1.7133,1.0958,10158.0,5740.0,141.46,108.74,0,NO,132.11,130.89,127.83,131.83,129.18,,1626,0.0,5005,NO,NO,2020-06-04,1834800.0
1752,XTJL,42.49,42.285,49.0,ETF,ETF,63.0,77.0,72.0,55.0,0.259,0.1259,3665.0,2160.0,42.76,36.81,0,NO,42.23,41.84,40.22,42.08,40.79,,1311,0.0,3700,NO,NO,2023-08-09,282500.0
1753,CVAR,30.57,30.712,5.0,ETF,ETF,63.0,35.0,82.0,49.0,0.2045,0.0409,2177.0,650.0,31.99,26.91,0,NO,31.35,30.71,29.37,30.91,29.44,,1189,0.0,100,NO,NO,2022-01-07,441900.0
1754,GRNJ,29.63,29.57,70771.0,ETF,ETF,63.0,56.0,21.0,72.0,0.5602,0.4289,176531.0,77990.0,32.69,23.08,0,NO,29.05,29.38,28.52,29.53,29.03,,211,0.0,70771,NO,NO,2025-11-19,1374600.0
1755,PIEQ,36.47,36.93,24155.0,ETF,ETF,63.0,47.0,69.0,49.0,0.4192,0.2646,40365.0,72730.0,37.58,30.96,0,NO,36.87,36.54,35.19,36.7,35.54,,469,0.0,24155,NO,NO,2026-04-10,6541100.0
1756,DMXF,84.84,85.78,66371.0,ETF,ETF,63.0,49.0,60.0,65.0,1.0156,0.693,90039.0,103010.0,88.06,72.41,0,NO,85.97,85.42,81.13,85.8,82.3,,1573,0.0,66371,NO,NO,2025-09-16,3053000.0
1757,PRNT,24.98,24.66,2162.0,ETF,ETF,63.0,65.0,64.0,77.0,0.3545,0.2643,6815.0,7470.0,26.65,19.82,0,NO,24.76,24.75,23.49,24.91,23.77,,2558,1.09,2162,NO,NO,2021-02-08,3027100.0
1758,BBCA,102.46,104.35,303890.0,ETF,ETF,63.0,31.0,67.0,55.0,1.2564,1.0214,233963.0,322830.0,108.06,84.87,0,NO,105.08,104.72,99.03,104.9,100.68,,2041,0.0,303890,NO,NO,2018-08-14,9491250.0
1759,NBCR,34.36,34.66,37549.0,ETF,ETF,63.0,70.0,70.0,67.0,0.2843,0.1723,33319.0,46800.0,34.99,28.8,0,NO,34.3,34.2,32.57,34.31,32.97,,537,0.0,37549,NO,NO,2026-01-15,5542200.0
1760,SCHE,36.95,37.53,4264708.0,ETF,ETF,63.0,71.0,60.0,62.0,0.4046,0.2582,3049212.0,2681840.0,37.64,31.76,0,NO,37.02,36.56,35.17,36.77,35.62,,4197,0.0,4264720,NO,NO,2020-03-12,15765600.0
1761,FLS,77.18,74.67,1422107.0,Industrials,Specialty Industrial Machinery,63.0,44.0,27.0,40.0,2.4909,2.053,1807712.0,1597370.0,92.41,48.71,9864145920,NO,76.33,75.79,76.28,77.11,75.4,,11724,1.38,1422107,NO,NO,2021-03-19,24350300.0
1762,RINT,32.26,32.685,11418.0,ETF,ETF,63.0,44.0,59.0,61.0,0.4013,0.2904,15515.0,17810.0,35.93,27.35,0,NO,32.85,32.7,31.09,32.79,31.45,,341,0.0,11418,NO,NO,2025-06-10,1579100.0
1763,SPDV,39.83,40.248,11217.0,ETF,ETF,63.0,30.0,63.0,51.0,0.4259,0.3618,10677.0,10700.0,42.24,33.1,0,NO,41.22,40.92,38.28,40.97,39.11,,2214,0.0,11217,NO,NO,2019-01-07,292700.0
1764,STLR,23.41,24.77,1972.0,ETF,ETF,63.0,88.0,52.0,,1.2431,0.7356,1880.0,3390.0,31.78,17.18,0,NO,21.53,20.93,,20.95,,,120,0.0,1972,NO,NO,2026-06-22,20200.0
1765,AVDE,91.25,92.41,1064196.0,ETF,ETF,63.0,41.0,62.0,53.0,0.9997,0.6486,951322.0,849240.0,94.82,77.2,0,NO,93.06,92.36,88.76,92.77,89.87,,1756,0.0,1064196,NO,NO,2025-09-15,5173600.0
1766,FLLA,27.81,28.08,14491.0,ETF,ETF,63.0,84.0,68.0,38.0,0.4514,0.3686,24534.0,18970.0,30.98,21.88,0,NO,27.94,27.4,27.38,27.46,27.63,,1996,0.0,14491,NO,NO,2022-06-28,1541800.0
1767,WSBC,38.09,39.1,866167.0,Finance,Regional banks,63.0,19.0,59.0,64.0,0.8657,0.8289,1041623.0,1221880.0,43.02,29.57,3653055232,NO,40.07,40.86,36.59,40.73,37.29,,9918,0.0,866167,NO,NO,2026-06-18,16538800.0
1768,FLCA,53.29,53.96,184664.0,ETF,ETF,63.0,33.0,63.0,55.0,0.6215,0.4994,55060.0,55830.0,55.96,44.17,0,NO,54.52,54.17,51.4,54.32,52.26,,2230,0.0,184664,NO,NO,2022-07-13,2946200.0
1769,BKR,58.03,57.83,8594772.0,Energy,Oil & Gas Equipment & Services,63.0,18.0,40.0,11.0,2.0,1.995,8623355.0,10363330.0,70.41,43.92,57604874240,NO,60.64,60.62,59.02,60.67,61.01,,9941,0.0,8651005,NO,NO,2018-11-14,79090500.0
1770,GK,28.94,29.204,673.0,ETF,ETF,63.0,67.0,46.0,77.0,0.249,0.0191,1155.0,680.0,30.2,22.69,0,NO,28.73,28.79,27.17,28.9,27.77,,1311,0.0,673,NO,NO,2021-07-02,115000.0
1771,FFBC,31.22,31.74,1023962.0,Financial Services,Banks - Regional,63.0,25.0,25.0,68.0,0.5714,0.5418,980247.0,994620.0,36.25,23.06,3276740608,NO,32.44,33.44,30.18,33.04,31.39,,10771,0.0,1023962,NO,NO,2018-03-29,7526100.0
1772,ESIM,28.92,29.23,3959.0,ETF,ETF,63.0,52.0,37.0,68.0,0.4283,0.2998,19909.0,17540.0,30.59,24.5,0,NO,29.24,29.19,,29.26,28.23,,191,0.0,3959,NO,NO,2026-03-05,242600.0
1773,J,141.12,143.76,893070.0,Industrials,Engineering & Construction,63.0,23.0,88.0,52.0,2.9971,2.9429,891301.0,782620.0,168.44,105.68,16516488192,NO,145.73,142.01,133.1,143.39,131.12,,11724,0.0,893070,NO,NO,2007-10-25,17160846.0
1774,BLUX,31.8,32.12,76785.0,ETF,ETF,63.0,45.0,50.0,68.0,0.2857,0.1939,47106.0,53700.0,33.17,26.45,0,NO,32.2,32.28,30.3,32.3,30.93,,314,0.0,76785,NO,NO,2025-06-24,7095400.0
1775,IPKW,59.92,60.567,33939.0,ETF,ETF,63.0,49.0,77.0,51.0,0.6704,0.3949,42909.0,37040.0,62.17,50.96,0,NO,60.94,60.55,58.16,60.87,58.55,,3161,0.0,33939,NO,NO,2023-12-11,672900.0
1776,ZSB,21.89,21.627,117.0,ETF,ETF,63.0,45.0,24.0,34.0,0.1832,0.0332,285.0,450.0,25.47,15.85,0,NO,21.79,21.83,22.27,21.79,22.41,,924,0.0,2400,NO,NO,2025-03-11,146700.0
1777,HSCZ,43.67,43.78,11649.0,ETF,ETF,63.0,70.0,57.0,61.0,0.3466,0.2306,26831.0,15920.0,44.42,37.34,0,NO,43.66,43.45,41.8,43.61,42.43,,2810,0.0,11649,NO,NO,2018-08-20,351500.0
1778,FMDE,40.84,41.07,754817.0,ETF,ETF,63.0,37.0,60.0,65.0,0.394,0.31,880263.0,889210.0,42.97,34.33,0,NO,41.59,41.57,38.83,41.67,39.53,,711,0.0,754817,NO,NO,2026-03-06,11280300.0
1779,EQWL,130.83,131.74,79587.0,ETF,ETF,63.0,42.0,62.0,64.0,1.0579,0.8221,86653.0,75790.0,136.07,112.31,0,NO,133.09,132.48,124.62,132.73,126.6,,4981,0.0,79587,NO,NO,2026-01-29,1042400.0
1780,DFSV,38.3,38.65,1896031.0,ETF,ETF,63.0,31.0,45.0,53.0,0.4257,0.4064,873393.0,1262200.0,40.95,30.32,0,NO,39.56,39.83,37.07,39.8,37.94,,1149,0.0,1896031,NO,NO,2025-04-04,8422300.0
1781,IWY,295.16,296.99,227445.0,ETF,ETF,63.0,86.0,74.0,71.0,3.7479,2.9021,343606.0,226330.0,303.12,238.75,0,NO,287.33,285.24,277.48,286.82,279.84,,4272,0.0,227445,NO,NO,2023-03-15,5490600.0
1782,AVUV,120.33,121.46,1329870.0,ETF,ETF,63.0,30.0,37.0,58.0,1.3801,1.2761,1221717.0,1218520.0,129.05,93.87,0,NO,124.3,125.48,116.73,125.19,120.19,,1756,0.0,1329870,NO,NO,2025-04-04,5412600.0
1783,SLVY,21.79,22.46,134.0,ETF,ETF,63.0,33.0,,,0.5214,0.2029,1216.0,3820.0,23.4,19.18,0,NO,22.29,21.44,,21.84,,,52,0.0,4000,NO,NO,2026-09-17,8200.0
1784,SROI,37.24,37.45,552.0,ETF,ETF,63.0,53.0,59.0,63.0,0.2639,0.043,3974.0,22960.0,38.55,31.69,0,NO,37.48,37.48,35.63,37.58,36.21,,910,0.0,552,NO,NO,2023-03-16,153200.0
1785,XRP,16.71,17.75,2794865.0,ETF,ETF,63.0,75.0,95.0,47.0,1.0211,0.7768,1316500.0,2199810.0,26.88,11.08,0,NO,15.69,13.7,15.96,14.07,14.28,,210,0.0,2794865,NO,NO,2026-08-20,5970400.0
1786,WTIP,37.17,37.275,826.0,ETF,ETF,63.0,78.0,75.0,35.0,0.3378,0.27,6255.0,6590.0,44.26,29.44,0,NO,37.18,36.32,36.2,36.54,37.06,,317,0.0,827,NO,NO,2026-01-05,114100.0
1787,CTSH,59.14,59.38,4421411.0,Technology,Information Technology Services,63.0,32.0,95.0,15.0,2.1086,1.8771,8606855.0,6962070.0,87.03,37.08,26639271936,NO,61.86,56.61,61.94,58.45,54.93,,7108,0.0,4482780,NO,NO,2003-02-07,121130400.0
1788,POW,26.28,26.25,8293.0,ETF,ETF,63.0,81.0,8.0,43.0,0.6255,0.4263,49612.0,29520.0,35.55,18.72,0,NO,25.71,26.42,26.02,26.42,27.69,,226,0.0,8293,NO,NO,2026-05-06,600000.0
1789,PFBC,105.8,106.36,245626.0,Finance,Regional banks,63.0,80.0,68.0,76.0,2.0464,2.005,118934.0,191680.0,112.26,81.5,1254059648,NO,104.09,105.02,97.22,104.68,99.01,,6814,0.0,245626,NO,NO,2018-07-05,2921400.0
1790,ASD,27.03,27.28,36.0,ETF,ETF,62.0,32.0,78.0,,0.2075,0.0086,439.0,170.0,28.52,24.59,0,NO,27.51,27.44,,27.41,,,78,0.0,36,NO,NO,2026-07-08,4100.0
1791,HOOG,38.54,38.84,306690.0,ETF,ETF,62.0,97.0,90.0,97.0,4.1987,3.6847,427646.0,410070.0,132.19,14.43,0,NO,33.64,29.67,32.66,30.54,26.21,,378,0.0,309788,NO,NO,2026-04-29,2566600.0
1792,XLSR,66.71,67.286,46299.0,ETF,ETF,62.0,79.0,71.0,65.0,0.6196,0.4311,46004.0,45550.0,67.43,55.7,0,NO,66.0,65.58,63.23,65.86,63.71,,1878,0.0,46299,NO,NO,2023-10-13,920800.0
1793,FNDC,50.21,50.8,72872.0,ETF,ETF,62.0,58.0,67.0,53.0,0.521,0.356,91011.0,76180.0,51.83,42.95,0,NO,51.0,50.29,48.49,50.59,49.18,,3295,0.0,72872,NO,NO,2025-04-22,17490700.0
1794,GGLL,96.23,104.21,2569026.0,ETF,ETF,62.0,15.0,12.0,77.0,5.2907,4.4243,1358109.0,1402420.0,153.0,59.18,0,NO,99.71,102.75,106.09,101.09,107.79,,1015,0.0,2569026,NO,NO,2025-05-07,11451700.0
1795,XNAV,92.7,93.228,553.0,ETF,ETF,62.0,81.0,32.0,64.0,0.9902,0.1505,1258.0,1220.0,100.67,76.09,0,NO,90.91,90.91,89.06,91.31,90.99,,986,0.0,553,NO,NO,2023-05-25,26500.0
1796,CVRT,46.73,47.19,4082.0,ETF,ETF,62.0,45.0,13.0,57.0,0.5339,0.3144,10446.0,3240.0,54.09,35.3,0,NO,47.03,47.65,45.61,47.59,47.59,,744,0.0,4082,NO,NO,2025-04-16,406100.0
1797,HAL,33.01,33.39,6224601.0,Energy,Oil & Gas Equipment & Services,62.0,20.0,19.0,7.0,1.0489,1.0325,11488284.0,11413360.0,43.59,21.46,27576477696,NO,35.53,34.32,35.28,34.3,36.5,,13690,0.0,6224601,NO,NO,2001-12-07,153932600.0
1798,ENDW,34.68,35.003,22587.0,ETF,ETF,62.0,54.0,67.0,53.0,0.2677,0.22,17777.0,29220.0,35.87,29.69,0,NO,35.17,34.8,33.26,34.91,33.75,,364,0.0,22587,NO,NO,2026-07-15,131100.0
1799,ASMU,30.26,29.33,29785.0,ETF,ETF,62.0,29.0,9.0,88.0,1.8054,1.2104,124426.0,83560.0,43.0,18.72,0,NO,28.86,30.53,,30.51,28.93,,154,1.47,29785,NO,NO,2026-07-15,875200.0
1800,JIG,84.65,85.31,26743.0,ETF,ETF,62.0,67.0,43.0,64.0,1.0805,0.7091,29309.0,27940.0,89.04,70.97,0,NO,84.53,83.74,80.46,84.15,81.96,,1586,0.0,26743,NO,NO,2025-09-25,1602200.0
1801,SNAV,39.0,39.27,10104.0,ETF,ETF,62.0,68.0,62.0,62.0,0.2794,0.1105,3936.0,6170.0,39.47,33.4,0,NO,38.85,38.72,36.94,38.8,37.57,,927,0.0,10104,NO,NO,2024-10-01,963500.0
1802,RUSC,36.55,36.915,4855.0,ETF,ETF,62.0,28.0,26.0,67.0,0.3322,0.2285,7817.0,7610.0,39.3,28.87,0,NO,37.55,38.03,35.24,37.91,36.29,,341,0.0,4855,NO,NO,2025-06-10,533200.0
1803,DIVE,27.18,27.485,751.0,ETF,ETF,62.0,46.0,79.0,63.0,0.2447,0.0921,1876.0,1220.0,28.43,23.62,0,NO,27.82,27.43,26.02,27.53,26.08,,256,0.0,751,NO,NO,2025-10-29,61900.0
1804,SSPY,97.5,96.88,116.0,ETF,ETF,62.0,39.0,65.0,56.0,0.7797,0.3201,1504.0,1480.0,101.7,83.66,0,NO,99.55,99.3,93.72,99.37,95.37,,2947,0.99,700,NO,NO,2020-01-08,1476100.0
1805,QDPL,46.65,46.69,95782.0,ETF,ETF,62.0,77.0,67.0,67.0,0.421,0.337,127611.0,135000.0,47.12,39.12,0,NO,46.16,46.02,44.0,46.19,44.56,,1295,0.0,95782,NO,NO,2025-02-10,1243000.0
1806,WTV,104.83,106.39,199209.0,ETF,ETF,62.0,41.0,62.0,58.0,1.0336,0.8004,164976.0,191070.0,109.74,87.88,0,NO,107.67,106.97,100.33,107.13,102.06,,4926,0.0,199209,NO,NO,2017-01-04,2421800.0
1807,XPO,179.92,174.34,1250372.0,Industrials,Trucking,62.0,12.0,12.0,20.0,6.7307,6.4025,1033969.0,1123410.0,232.05,121.48,21066196992,NO,184.17,196.86,191.31,194.34,202.17,,5776,0.0,1250372,NO,NO,2018-12-13,114758560.0
1808,AVTM,55.04,55.54,2776.0,ETF,ETF,62.0,64.0,63.0,71.0,0.4122,0.0886,3404.0,670.0,57.11,45.61,0,NO,55.17,54.99,,55.18,52.7,,161,0.0,2776,NO,NO,2026-07-09,97300.0
1809,UNH,371.29,377.56,3816793.0,Health services,Managed health care,62.0,30.0,13.0,90.0,10.175,9.7929,5150247.0,5648110.0,461.62,255.97,333267992576,NO,388.3,402.23,354.74,395.14,371.33,,10563,0.0,3858910,NO,NO,1998-08-06,161821600.0
1810,ZM,91.9,90.9,3061613.0,Technology,Software - Application,62.0,4.0,77.0,74.0,3.08,2.8951,3262601.0,3283850.0,114.74,70.7,26814922752,NO,95.41,97.11,91.03,97.79,92.72,,1867,0.54,3061613,NO,NO,2020-09-01,53226200.0
1811,QDIV,39.0,39.197,717.0,ETF,ETF,62.0,28.0,75.0,49.0,0.3132,0.1512,1822.0,1080.0,41.3,33.56,0,NO,40.14,39.88,37.54,39.96,38.03,,2057,0.0,717,NO,NO,2023-07-25,240400.0
1812,PSFD,40.96,41.074,1294.0,ETF,ETF,62.0,78.0,68.0,60.0,0.1355,0.0484,933.0,430.0,41.09,35.77,0,NO,40.75,40.47,38.73,40.61,39.28,,1442,0.0,1294,NO,NO,2021-12-20,464200.0
1813,QGRD,30.05,30.038,14979.0,ETF,ETF,62.0,85.0,53.0,71.0,0.2747,0.2108,45920.0,14690.0,30.84,23.83,0,NO,29.35,29.31,28.09,29.4,28.65,,303,0.0,14979,NO,NO,2025-07-31,2803400.0
1814,DFIC,38.06,38.68,1946114.0,ETF,ETF,62.0,39.0,63.0,51.0,0.41,0.2907,1830652.0,1932770.0,39.63,32.13,0,NO,38.94,38.61,37.11,38.76,37.6,,1128,0.0,1956206,NO,NO,2022-10-13,7634900.0
1815,DDM,62.78,63.82,95863.0,ETF,ETF,62.0,15.0,32.0,79.0,1.3307,0.9979,190212.0,275950.0,71.25,49.26,0,NO,65.63,66.42,60.89,66.31,61.67,,5096,0.0,96176,NO,NO,2008-11-21,779758800.0
1816,XIDV,38.28,38.994,2011.0,ETF,ETF,62.0,37.0,54.0,51.0,0.3544,0.1363,4077.0,5630.0,39.98,31.53,0,NO,39.44,38.89,37.0,39.06,37.72,,418,0.0,2011,NO,NO,2025-10-24,850100.0
1817,JCE,16.85,17.0,35278.0,Financial Services,Asset Management,62.0,60.0,77.0,67.0,0.325,0.2814,35730.0,29410.0,17.45,13.99,0,NO,16.96,16.83,16.12,16.87,16.18,,4903,0.0,35278,NO,NO,2022-10-04,1166600.0
1818,BFC,148.39,151.54,80931.0,Finance,Regional banks,62.0,44.0,61.0,60.0,3.0538,2.9581,85512.0,68600.0,159.1,119.08,1644993152,NO,152.85,152.49,142.34,153.18,145.49,,5770,0.0,80931,NO,NO,2019-06-28,803400.0
1819,PRFZ,52.76,53.22,134456.0,ETF,ETF,62.0,25.0,43.0,68.0,0.5554,0.4796,96344.0,98580.0,56.84,42.73,0,NO,54.11,54.64,50.62,54.54,51.79,,5032,0.0,134456,NO,NO,2020-03-09,7730500.0
1820,AMZZ,31.94,34.43,170529.0,ETF,ETF,62.0,14.0,78.0,86.0,1.4027,1.0794,145052.0,102460.0,43.11,22.21,0,NO,33.76,34.45,32.31,34.86,33.34,,631,0.0,170529,NO,NO,2025-10-31,2138200.0
1821,AELV,26.39,26.598,72681.0,ETF,ETF,62.0,76.0,68.0,73.0,0.1519,0.0277,1368.0,7370.0,27.3,22.17,0,NO,26.88,26.7,25.07,26.8,25.61,,509,0.0,100,NO,NO,2024-09-05,75400.0
1822,ENFR,38.18,38.72,95222.0,ETF,ETF,62.0,42.0,42.0,29.0,0.6157,0.6021,85858.0,91330.0,40.95,29.83,0,NO,39.54,39.53,36.98,39.4,38.63,,3240,0.0,95296,NO,NO,2026-07-28,533400.0
1823,FLV,83.84,84.485,15561.0,ETF,ETF,62.0,33.0,69.0,53.0,0.7231,0.4843,9471.0,10850.0,88.25,72.39,0,NO,85.89,85.9,80.76,86.04,81.85,,1626,0.0,15561,NO,NO,2020-06-04,1370200.0
1824,CTA,29.7,29.16,511875.0,ETF,ETF,62.0,87.0,84.0,37.0,0.7957,0.5792,575966.0,930960.0,32.76,25.39,0,NO,29.14,27.96,28.67,28.27,28.86,,1140,0.96,511884,NO,NO,2025-04-04,3125000.0
1825,NECB,26.38,27.1,36733.0,Financial Services,Banks - Regional,62.0,72.0,41.0,55.0,0.5414,0.5182,46134.0,39590.0,28.94,19.27,363148640,NO,26.78,26.75,24.84,26.75,25.5,,5085,0.0,36733,NO,NO,2006-07-06,1742670.0
1826,DLN,98.48,99.45,101539.0,ETF,ETF,62.0,49.0,60.0,57.0,0.7454,0.5804,117268.0,124780.0,101.83,85.29,0,NO,99.91,99.68,94.22,99.85,95.87,,5098,0.0,101539,NO,NO,2014-10-17,8394000.0
1827,BAFE,29.64,29.944,42691.0,ETF,ETF,62.0,57.0,70.0,70.0,0.2635,0.1791,48950.0,39880.0,30.58,24.47,0,NO,29.72,29.71,28.05,29.77,28.39,,460,0.0,42691,NO,NO,2026-03-25,857500.0
1828,LCO,28.83,28.111,9.0,ETF,ETF,62.0,79.0,66.0,56.0,0.2831,0.0,158.0,100.0,29.09,24.8,0,NO,28.41,27.41,,27.8,27.2,,175,0.0,100,NO,NO,2026-03-09,7700.0
1829,SPEM,52.5,53.4,1534490.0,ETF,ETF,62.0,74.0,58.0,62.0,0.5726,0.3654,1652265.0,1327380.0,53.54,45.28,0,NO,52.6,51.88,50.19,52.16,50.8,,4906,0.0,1539396,NO,NO,2025-04-22,15483800.0
1830,EIG,47.79,48.45,165837.0,Financial Services,Insurance - Specialty,62.0,65.0,42.0,77.0,0.9854,0.9625,188995.0,176090.0,52.59,35.73,858332608,NO,49.25,49.4,44.87,49.2,45.86,,4942,0.0,167543,NO,NO,2007-01-31,15894800.0
1831,KONG,32.89,32.399,219.0,ETF,ETF,62.0,58.0,81.0,52.0,0.2797,0.0496,595.0,200.0,33.68,28.66,0,NO,32.82,32.44,31.13,32.64,31.29,,1297,0.0,200,NO,NO,2021-07-30,271400.0
1832,DFIN,48.61,48.41,182753.0,Technology,Software - Application,62.0,78.0,91.0,39.0,1.6067,1.5253,251774.0,245570.0,56.26,36.11,1195095552,NO,48.45,48.54,46.79,48.38,46.04,,2511,0.0,182753,NO,NO,2017-06-14,5408500.0
1833,JUNZ,36.13,35.68,14.0,ETF,ETF,62.0,77.0,68.0,67.0,0.2054,0.0674,2271.0,600.0,36.27,30.54,0,NO,35.76,35.63,34.01,35.76,34.47,,1333,0.0,100,NO,NO,2023-05-01,359700.0
1834,GVLU,27.53,27.797,5856.0,ETF,ETF,62.0,21.0,76.0,56.0,0.2504,0.1601,4155.0,4830.0,29.47,24.48,0,NO,28.61,28.35,26.51,28.45,26.87,,1076,0.0,5856,NO,NO,2023-01-09,1544000.0
1835,BDYN,28.02,28.319,274633.0,ETF,ETF,62.0,65.0,64.0,67.0,0.2987,0.213,366831.0,371950.0,29.31,23.51,0,NO,28.0,27.95,26.66,28.02,26.94,,257,0.0,274633,NO,NO,2025-11-19,4959700.0
1836,SIRI,26.28,27.44,6841954.0,Communication Services,Entertainment,62.0,13.0,18.0,72.0,0.9371,0.7793,4068577.0,4306480.0,32.66,19.77,8858118144,NO,28.51,29.3,25.45,28.68,27.21,,8060,0.0,6841954,NO,NO,2010-04-07,60983450.0
1837,XLEI,27.73,27.76,155027.0,ETF,ETF,61.0,65.0,80.0,28.0,0.3849,0.346,126074.0,294020.0,29.5,23.66,0,NO,28.04,27.43,26.43,27.62,26.88,,289,0.0,155027,NO,NO,2026-09-03,644500.0
1838,HCSG,21.25,21.3,567114.0,Healthcare,Medical Care Facilities,61.0,20.0,18.0,51.0,0.5389,0.5368,733200.0,746310.0,25.75,15.13,1458434304,NO,21.97,22.56,21.01,22.16,21.65,,10787,0.0,567115,NO,NO,2021-09-17,15342300.0
1839,FFGX,34.27,34.722,709.0,ETF,ETF,61.0,51.0,49.0,61.0,0.4008,0.1475,15200.0,2750.0,35.59,28.95,0,NO,34.55,34.31,32.95,34.47,33.43,,458,0.0,709,NO,NO,2025-04-23,476900.0
1840,EES,65.54,66.18,29927.0,ETF,ETF,61.0,33.0,44.0,64.0,0.695,0.5457,14500.0,17310.0,69.98,52.66,0,NO,67.25,67.89,62.86,67.7,64.47,,4926,0.0,29927,NO,NO,2010-03-03,1810800.0
1841,XYZ,74.68,77.91,5169057.0,Commercial services,Miscellaneous commercial services,61.0,12.0,64.0,81.0,2.4689,2.3571,4759892.0,3700660.0,86.92,48.21,44867371008,NO,80.01,80.4,69.64,79.89,73.08,,2724,0.0,5169057,NO,NO,2023-03-23,140313900.0
1842,PGRO,47.94,48.29,12654.0,ETF,ETF,61.0,84.0,68.0,73.0,0.4919,0.3194,65711.0,122910.0,49.39,38.7,0,NO,46.81,46.59,45.14,46.83,45.66,,1337,0.0,12654,NO,NO,2026-07-22,2054300.0
1843,HST,22.15,22.31,6801369.0,Real Estate,REIT - Hotel & Motel,61.0,31.0,11.0,69.0,0.39,0.3714,9339484.0,9016620.0,25.71,15.61,15388190720,NO,22.14,23.18,21.18,22.96,22.21,,11724,0.0,7118885,NO,NO,2009-04-24,70603628.0
1844,EGP,202.6,202.57,674163.0,Real Estate,REIT - Industrial,61.0,78.0,40.0,55.0,3.2435,3.2113,460441.0,562980.0,226.71,164.8,10894474240,NO,199.69,204.88,195.91,203.06,200.7,,13510,0.0,698418,NO,NO,2019-05-06,7631500.0
1845,TSPX,30.55,30.765,509.0,ETF,ETF,61.0,75.0,68.0,65.0,0.1826,0.0169,17873.0,320.0,30.85,26.16,0,NO,30.42,30.27,28.87,30.38,29.28,,397,0.0,509,NO,NO,2025-04-07,4495600.0
1846,WR,26.41,27.0,23.0,ETF,ETF,61.0,52.0,86.0,,0.1843,0.055,1811.0,140.0,28.11,23.85,0,NO,27.21,26.64,,26.9,,,95,0.0,100,NO,NO,2026-05-06,110200.0
1847,AZZ,137.8,133.63,222375.0,Process industries,Industrial specialties,61.0,47.0,12.0,61.0,3.7379,3.4157,283055.0,280350.0,162.2,92.98,4141096704,NO,136.52,143.71,134.66,142.41,140.32,,11724,1.46,222375,NO,NO,2008-06-27,4336800.0
1848,ARKX,32.67,32.9,227549.0,ETF,ETF,61.0,55.0,44.0,46.0,0.5957,0.5175,645552.0,404720.0,37.89,25.17,0,NO,32.17,32.24,32.31,32.45,32.61,,1377,0.0,227549,NO,NO,2021-03-30,14594100.0
1849,IQLT,49.99,50.55,1279577.0,ETF,ETF,61.0,35.0,64.0,54.0,0.4982,0.3487,1413758.0,1339430.0,52.36,43.17,0,NO,50.91,50.75,48.55,50.9,49.16,,2935,0.0,1279577,NO,NO,2026-01-28,34717200.0
1850,FDIQ,70.46,71.04,398.0,ETF,ETF,61.0,20.0,81.0,34.0,0.9711,0.4161,3104.0,960.0,76.69,55.6,0,NO,73.27,72.46,69.16,72.56,70.3,,3743,0.0,398,NO,NO,2017-03-28,1189800.0
1851,CVBF,22.01,22.43,1416005.0,Financial Services,Banks - Regional,61.0,47.0,59.0,66.0,0.4225,0.3943,1400714.0,1695300.0,23.41,17.95,3873703680,NO,22.41,22.6,20.79,22.54,21.19,,10954,0.0,1418734,NO,NO,2010-08-10,13250400.0
1852,NMIH,42.19,42.515,482047.0,Financial Services,Insurance - Specialty,61.0,20.0,82.0,64.0,0.9768,0.9246,533965.0,586330.0,46.74,34.84,3173441024,NO,44.08,44.0,40.12,44.12,40.38,,3235,0.0,482047,NO,NO,2017-10-13,11986100.0
1853,IQSM,38.98,39.188,327.0,ETF,ETF,61.0,33.0,54.0,63.0,0.2808,0.0494,15641.0,71350.0,40.88,32.77,0,NO,39.79,39.84,37.45,39.86,38.1,,980,0.0,327,NO,NO,2023-06-16,2044300.0
1854,DEW,70.29,71.28,1888.0,ETF,ETF,61.0,36.0,55.0,48.0,0.4807,0.3082,7692.0,5250.0,73.51,58.66,0,NO,72.05,72.01,67.92,72.03,69.38,,5098,0.0,1888,NO,NO,2015-09-28,516200.0
1855,YARW,27.88,28.3,102301.0,n/a,n/a,61.0,1.0,7.0,9.0,3.1057,2.99,65893.0,229610.0,46.95,15.8,235278672,NO,30.72,35.28,31.41,33.22,32.52,,2176,0.0,102301,NO,NO,2025-12-17,5206904.0
1856,GKAT,44.6,45.065,20648.0,ETF,ETF,61.0,40.0,68.0,53.0,0.3194,0.0825,1726.0,2840.0,46.37,38.31,0,NO,45.47,44.95,43.09,45.12,43.63,,271,0.0,20648,NO,NO,2026-02-12,196800.0
1857,SATO,20.01,20.469,7031.0,ETF,ETF,61.0,94.0,85.0,86.0,0.6414,0.3291,1631.0,2340.0,31.55,13.3,0,NO,18.54,16.99,17.45,17.53,17.05,,1244,0.0,7040,NO,NO,2022-02-09,185600.0
1858,FDIG,45.71,46.73,35351.0,ETF,ETF,61.0,87.0,55.0,85.0,1.5409,1.2917,28595.0,21660.0,60.29,30.64,0,NO,44.46,42.78,41.05,43.35,41.42,,1109,0.0,35351,NO,NO,2024-03-12,462000.0
1859,FHEQ,33.78,34.11,138236.0,ETF,ETF,61.0,67.0,65.0,66.0,0.2956,0.2366,71406.0,77640.0,34.6,28.84,0,NO,33.91,33.82,32.08,33.92,32.57,,614,0.0,138236,NO,NO,2024-05-15,18776100.0
1860,PIEL,29.73,28.362,9.0,ETF,ETF,61.0,39.0,27.0,72.0,0.2671,0.0,139.0,100.0,30.2,23.64,0,NO,29.09,28.93,,29.06,27.76,,183,0.0,100,NO,NO,2025-12-31,10100.0
1861,SQS,28.06,28.42,11785.0,ETF,ETF,61.0,69.0,63.0,63.0,0.2707,0.1457,11749.0,10940.0,29.05,23.53,0,NO,28.09,28.11,,28.17,,,132,0.0,11785,NO,NO,2026-03-30,219700.0
1862,VNSE,42.35,41.398,20.0,ETF,ETF,61.0,69.0,56.0,67.0,0.3271,0.0099,176.0,100.0,43.17,35.19,0,NO,41.4,41.74,40.0,41.86,40.48,,1509,0.0,100,NO,NO,2024-09-04,248100.0
1863,EXLS,34.83,35.26,1793021.0,Technology,Information Technology Services,61.0,17.0,94.0,62.0,0.9621,0.8621,2448631.0,1755940.0,44.32,24.85,5280663552,NO,36.38,34.1,33.27,34.91,31.21,,5010,0.0,1793021,NO,NO,2022-09-30,37685000.0
1864,FARX,30.08,30.033,541.0,ETF,ETF,61.0,78.0,70.0,48.0,0.0841,0.0686,2760.0,13230.0,30.33,26.4,0,NO,29.89,29.54,28.68,29.68,29.1,,438,0.0,541,NO,NO,2024-12-23,436300.0
1865,SDEM,33.16,33.732,5148.0,ETF,ETF,61.0,58.0,64.0,43.0,0.2787,0.196,3200.0,1680.0,34.53,27.08,0,NO,33.85,33.32,32.4,33.38,32.68,,2897,0.0,5148,NO,NO,2021-12-02,1443400.0
1866,BDGS,38.01,38.104,1027.0,ETF,ETF,61.0,86.0,74.0,55.0,0.1902,0.082,4090.0,1180.0,38.2,33.54,0,NO,37.19,36.84,35.73,37.0,36.23,,844,0.0,1027,NO,NO,2023-05-11,440700.0
1867,PFX,46.86,46.56,2712.0,Miscellaneous,Investment trusts,61.0,13.0,80.0,73.0,1.2609,1.1342,11400.0,8400.0,56.48,38.3,90503704,NO,47.21,46.08,43.51,46.57,43.48,,3941,0.0,2712,NO,NO,2013-09-04,484970.0
1868,GLAM,28.74,27.82,150.0,ETF,ETF,61.0,48.0,81.0,,0.3386,0.1471,1644.0,200.0,29.89,24.06,0,NO,28.52,28.36,,28.39,,,95,0.0,100,NO,NO,2026-09-04,49800.0
1869,ELLO,21.98,21.4,1231.0,Utilities,Utilities - Renewable,61.0,92.0,87.0,7.0,0.9161,0.5697,3979.0,1370.0,30.34,17.0,302955392,NO,20.81,20.12,23.19,20.69,22.16,,7790,0.0,1236,NO,NO,2019-02-04,532800.0
1870,RFV,144.73,145.22,3123.0,ETF,ETF,61.0,36.0,58.0,66.0,1.5972,1.3372,5552.0,2570.0,153.3,121.21,0,NO,148.79,149.37,139.23,149.45,141.59,,5169,0.0,3123,NO,NO,2017-05-26,584900.0
1871,CTVA,80.42,79.11,5203134.0,Basic Materials,Agricultural Inputs,61.0,56.0,56.0,38.0,2.5793,2.4514,4485430.0,4809990.0,90.97,60.53,53655904256,NO,83.93,82.82,78.3,81.99,81.33,,1842,0.91,5511408,NO,NO,2019-12-20,30573900.0
1872,PCLN,30.53,29.553,19657.0,ETF,ETF,61.0,43.0,13.0,71.0,0.3845,0.0164,447.0,2060.0,33.66,23.72,0,NO,29.93,30.63,28.78,30.61,29.8,,233,0.0,100,NO,NO,2025-10-16,100300.0
1873,XOEF,29.39,29.516,4130.0,ETF,ETF,61.0,41.0,45.0,58.0,0.2172,0.1202,3885.0,5080.0,30.89,24.49,0,NO,29.73,29.88,28.24,29.91,28.84,,304,0.0,4130,NO,NO,2025-07-11,60800.0
1874,SFGV,35.72,36.023,13846.0,ETF,ETF,61.0,45.0,57.0,53.0,0.2535,0.1184,15376.0,19230.0,36.89,30.24,0,NO,36.32,36.17,34.43,36.25,34.96,,672,0.0,13846,NO,NO,2025-09-11,1633100.0
1875,JPEF,81.5,82.221,48562.0,ETF,ETF,61.0,73.0,67.0,63.0,0.7257,0.5246,78246.0,53880.0,83.2,69.68,0,NO,81.0,81.04,77.66,81.29,78.69,,790,0.0,48562,NO,NO,2026-02-17,2067500.0
1876,LAUR,36.72,36.28,661954.0,Commercial services,Miscellaneous commercial services,61.0,52.0,49.0,47.0,0.9221,0.9111,1057822.0,951600.0,40.92,24.98,5058156544,NO,36.79,37.19,34.9,37.33,35.3,,2423,0.0,661954,NO,NO,2026-03-20,22256800.0
1877,SCHC,50.17,50.74,212162.0,ETF,ETF,61.0,51.0,71.0,51.0,0.5868,0.4188,320169.0,302240.0,52.12,43.45,0,NO,50.9,50.02,48.88,50.39,49.28,,4197,0.0,212247,NO,NO,2020-03-12,5394800.0
1878,BLES,48.25,48.571,12556.0,ETF,ETF,61.0,34.0,58.0,55.0,0.3989,0.2612,9334.0,7750.0,50.46,41.22,0,NO,49.3,49.13,46.77,49.21,47.52,,2405,0.0,12556,NO,NO,2024-04-02,1622000.0
1879,XOEX,40.14,40.374,11958.0,ETF,ETF,61.0,33.0,52.0,64.0,0.3088,0.1849,96246.0,132890.0,42.07,34.4,0,NO,41.08,40.97,38.5,40.99,39.16,,968,0.0,11958,NO,NO,2026-07-31,2216300.0
1880,JMSB,22.79,23.13,58796.0,Financial Services,Banks - Regional,61.0,52.0,69.0,66.0,0.7171,0.69,56044.0,88480.0,24.26,18.5,321615552,NO,23.04,22.97,21.25,23.06,21.69,,2403,0.0,58796,NO,NO,2022-06-24,1261300.0
1881,GGUS,68.31,68.75,17941.0,ETF,ETF,61.0,83.0,70.0,69.0,0.7363,0.4821,22725.0,13610.0,69.45,55.7,0,NO,66.7,66.36,64.3,66.69,64.9,,704,0.0,17941,NO,NO,2024-06-05,4188900.0
1882,SPXD,28.9,29.101,542.0,ETF,ETF,61.0,39.0,59.0,57.0,0.1871,0.0485,553.0,320.0,30.15,24.76,0,NO,29.49,29.37,27.76,29.41,28.2,,292,0.0,542,NO,NO,2025-08-28,39100.0
1883,PQNT,23.0,23.329,1751.0,ETF,ETF,61.0,42.0,61.0,58.0,0.2344,0.0498,550.0,1820.0,23.84,19.55,0,NO,23.42,23.29,22.25,23.38,22.49,,234,0.0,1751,NO,NO,2026-04-01,286000.0
1884,DGRW,98.3,98.98,579636.0,ETF,ETF,61.0,63.0,68.0,59.0,0.8529,0.69,507109.0,398560.0,100.59,85.37,0,NO,98.77,98.2,93.95,98.52,95.13,,3354,0.0,579687,NO,NO,2022-05-06,5389200.0
1885,IVSS,29.02,29.402,7719.0,ETF,ETF,61.0,27.0,45.0,62.0,0.2426,0.1102,3333.0,5030.0,31.38,25.05,0,NO,29.96,30.33,28.03,30.2,28.69,,200,0.0,7719,NO,NO,2026-03-31,236300.0
1886,TRTY,31.65,32.01,33996.0,ETF,ETF,61.0,65.0,72.0,46.0,0.2261,0.1546,78707.0,17060.0,32.53,27.38,0,NO,32.01,31.51,30.53,31.65,30.89,,2017,0.0,33996,NO,NO,2026-08-06,4167200.0
1887,ITDE,40.33,40.78,7896.0,ETF,ETF,61.0,62.0,59.0,62.0,0.3538,0.2214,14025.0,8970.0,41.23,34.81,0,NO,40.55,40.38,38.49,40.48,39.1,,732,0.0,7896,NO,NO,2026-09-04,203800.0
1888,DIVG,36.37,37.036,181.0,ETF,ETF,61.0,29.0,64.0,48.0,0.235,0.0963,1639.0,1050.0,38.74,31.47,0,NO,37.82,37.89,35.59,37.87,36.39,,698,0.0,1100,NO,NO,2025-04-10,100800.0
1889,CCK,109.73,108.73,1099958.0,Consumer Cyclical,Packaging & Containers,61.0,14.0,69.0,52.0,2.1243,2.0885,986757.0,1107300.0,122.91,89.21,11934290944,NO,114.08,116.48,107.03,116.01,107.42,,11724,0.71,1099958,NO,NO,2023-06-16,20479800.0
1890,DFAI,41.85,42.55,2586711.0,ETF,ETF,60.0,38.0,61.0,51.0,0.4584,0.291,1750219.0,1634630.0,43.59,35.67,0,NO,42.8,42.55,40.85,42.7,41.34,,1465,0.0,2586713,NO,NO,2026-02-25,17106300.0
1891,FDND,22.65,22.578,126.0,ETF,ETF,60.0,85.0,85.0,68.0,0.2676,0.0609,1244.0,890.0,24.43,18.76,0,NO,22.69,22.24,21.49,22.42,21.45,,627,2.36,2500,NO,NO,2025-04-04,65100.0
1892,SIXH,44.37,44.29,14099.0,ETF,ETF,60.0,69.0,65.0,43.0,0.2026,0.1801,17033.0,14180.0,44.8,37.48,0,NO,44.45,44.04,42.2,44.17,42.94,,1600,0.04,14099,NO,NO,2020-05-11,1164800.0
1893,PSCQ,32.17,32.115,7.0,ETF,ETF,60.0,71.0,69.0,53.0,0.0739,0.0168,658.0,320.0,32.18,28.45,0,NO,31.98,31.73,30.45,31.85,30.85,,1246,0.0,100,NO,NO,2024-11-20,478700.0
1894,BINV,43.75,44.1,17070.0,ETF,ETF,60.0,33.0,67.0,50.0,0.5276,0.4044,34465.0,37020.0,46.05,36.93,0,NO,44.72,44.69,42.74,44.76,43.12,,743,0.0,17070,NO,NO,2026-03-09,945800.0
1895,PRPO,23.84,26.79,39717.0,Health services,Medical/Nursing services,60.0,1.0,63.0,8.0,1.7024,1.6574,126320.0,148880.0,33.63,16.4,42678084,NO,27.38,25.38,25.24,25.71,25.72,,2319,0.0,39717,NO,NO,2021-05-03,16673370.0
1896,ESML,52.9,53.21,63335.0,ETF,ETF,60.0,27.0,35.0,63.0,0.5756,0.4741,104236.0,92630.0,56.75,42.87,0,NO,54.19,54.61,51.19,54.54,52.37,,2100,0.0,63335,NO,NO,2026-06-09,6691600.0
1897,SOBO,34.38,35.1,507420.0,Energy,Oil & Gas Midstream,60.0,12.0,21.0,35.0,0.7796,0.7207,648666.0,565630.0,39.02,25.02,7171259904,NO,36.61,36.91,33.46,36.65,35.61,,493,0.0,509943,NO,NO,2025-03-28,8839100.0
1898,ROSC,54.06,54.427,1043.0,ETF,ETF,60.0,41.0,41.0,60.0,0.4927,0.336,4912.0,7600.0,57.52,43.46,0,NO,55.01,55.71,52.0,55.52,53.26,,2892,0.0,1043,NO,NO,2026-02-04,262200.0
1899,OAKG,26.89,26.583,21.0,ETF,ETF,60.0,53.0,82.0,57.0,0.2431,0.0461,1909.0,6090.0,28.66,23.66,0,NO,27.33,26.84,,27.03,25.69,,194,0.0,200,NO,NO,2025-12-11,605400.0
1900,JSTC,22.63,22.79,6330.0,ETF,ETF,60.0,55.0,53.0,67.0,0.381,0.3357,23917.0,18330.0,23.63,18.9,0,NO,22.69,22.73,21.46,22.78,21.83,,1451,0.0,6330,NO,NO,2025-06-13,482300.0
1901,CSQ,20.75,20.92,161919.0,Financial Services,Asset Management,60.0,72.0,60.0,75.0,0.3178,0.2721,183869.0,190930.0,21.17,16.41,3327669760,NO,20.75,20.62,19.64,20.69,19.83,,5654,0.0,161919,NO,NO,2010-05-06,2178900.0
1902,HRTS,36.03,36.277,2684.0,ETF,ETF,60.0,20.0,67.0,54.0,0.4076,0.2409,4671.0,1590.0,38.87,29.54,0,NO,37.02,37.03,35.35,36.94,35.21,,710,0.0,2684,NO,NO,2023-11-28,389500.0
1903,QINT,70.32,71.12,47620.0,ETF,ETF,60.0,34.0,59.0,53.0,0.7825,0.4504,60063.0,29520.0,73.71,60.15,0,NO,71.86,71.59,68.68,71.8,69.48,,2013,0.0,47620,NO,NO,2019-10-24,1900900.0
1904,FAB,101.24,102.32,2963.0,ETF,ETF,60.0,23.0,54.0,50.0,0.9146,0.7204,20061.0,7990.0,108.6,83.76,0,NO,105.4,105.69,98.45,105.58,100.61,,4872,0.0,2963,NO,NO,2023-02-03,382600.0
1905,JMEE,74.47,74.77,150133.0,ETF,ETF,60.0,32.0,35.0,61.0,0.7792,0.6385,111507.0,111870.0,79.93,60.74,0,NO,75.82,76.85,71.99,76.78,73.8,,1097,0.0,150133,NO,NO,2025-03-03,1358200.0
1906,SMMD,86.71,87.52,557779.0,ETF,ETF,60.0,25.0,29.0,65.0,1.0179,0.8796,275271.0,423750.0,93.42,69.94,0,NO,89.18,90.21,84.06,89.96,86.28,,2314,0.0,557785,NO,NO,2024-02-07,4760500.0
1907,PSMO,33.51,33.5,27668.0,ETF,ETF,60.0,79.0,67.0,57.0,0.0768,0.0307,1287.0,1970.0,33.52,29.68,0,NO,33.31,33.06,31.75,33.18,32.16,,1247,0.0,27668,NO,NO,2024-10-01,833500.0
1908,IWF,125.39,126.25,3471791.0,ETF,ETF,60.0,84.0,72.0,69.0,1.5842,1.2285,4334533.0,4279730.0,129.14,102.23,0,NO,122.58,121.93,118.65,122.53,119.55,,6619,0.0,3471791,NO,NO,2011-09-22,68434400.0
1909,BCDF,32.83,32.649,15.0,ETF,ETF,60.0,69.0,82.0,46.0,0.3298,0.1654,863.0,420.0,36.27,29.01,0,NO,33.54,32.79,31.74,33.05,32.03,,1038,0.0,100,NO,NO,2023-11-09,40300.0
1910,CDW,146.16,146.41,1000863.0,Technology,Information Technology Services,60.0,90.0,85.0,81.0,5.9073,5.7223,1847379.0,1619780.0,167.0,97.12,18272546816,NO,148.18,141.97,132.09,144.03,131.74,,3329,0.0,1005171,NO,NO,2019-09-20,24549400.0
1911,RJDI,28.88,29.145,14703.0,ETF,ETF,60.0,52.0,49.0,49.0,0.2439,0.2056,35850.0,29520.0,30.31,24.23,0,NO,29.21,29.38,27.98,29.41,28.64,,244,0.0,14703,NO,NO,2025-12-11,290100.0
1912,HBCP,67.17,68.13,49533.0,Financial Services,Banks - Regional,60.0,37.0,43.0,58.0,1.3321,1.2857,90885.0,63480.0,74.5,50.54,528678272,NO,69.02,70.01,64.27,69.99,66.14,,4516,0.0,49533,NO,NO,2009-06-26,1229800.0
1913,PTLC,59.93,60.4,96845.0,ETF,ETF,60.0,75.0,72.0,61.0,0.528,0.3869,99688.0,91760.0,60.75,51.58,0,NO,59.62,59.28,56.93,59.53,57.31,,2836,0.0,96845,NO,NO,2020-03-12,3548900.0
1914,ISMF,29.02,28.96,27649.0,ETF,ETF,60.0,84.0,68.0,50.0,0.2125,0.205,16042.0,56190.0,30.72,25.72,0,NO,28.62,28.31,27.74,28.44,28.0,,384,0.02,27649,NO,NO,2026-03-12,950600.0
1915,TXUG,27.28,27.41,12.0,ETF,ETF,60.0,50.0,60.0,69.0,0.2398,0.0003,701.0,120.0,28.41,22.77,0,NO,27.21,27.31,25.92,27.41,26.3,,418,0.0,12,NO,NO,2025-01-24,50900.0
1916,IQSI,38.15,38.159,340.0,ETF,ETF,60.0,51.0,56.0,58.0,0.4016,0.2061,6995.0,14700.0,39.62,33.18,0,NO,38.89,38.7,37.34,38.84,37.71,,1698,0.95,1300,NO,NO,2020-05-12,2045500.0
1917,BBSC,86.24,87.337,1812.0,ETF,ETF,60.0,23.0,32.0,67.0,0.8199,0.385,10320.0,6550.0,93.36,69.41,0,NO,88.79,90.07,83.2,89.74,85.45,,1457,0.0,1812,NO,NO,2024-02-26,2526300.0
1918,IXG,129.07,132.64,15754.0,ETF,ETF,60.0,40.0,64.0,66.0,1.7179,1.0686,61677.0,61820.0,137.0,109.99,0,NO,133.63,133.1,123.73,133.26,124.88,,6245,0.0,15754,NO,NO,2021-05-26,18058100.0
1919,SCZ,85.04,85.91,617677.0,ETF,ETF,60.0,55.0,67.0,53.0,0.9293,0.6404,1413080.0,1340730.0,87.85,73.46,0,NO,86.25,85.33,82.77,85.79,83.56,,4723,0.0,617687,NO,NO,2021-06-15,7679000.0
1920,JOE,65.85,64.56,305351.0,Real Estate,Real Estate - Diversified,60.0,32.0,42.0,37.0,1.5921,1.5257,256734.0,374700.0,73.54,46.37,3748870144,NO,65.6,65.1,65.21,65.8,65.24,,9191,1.56,305351,NO,NO,2010-10-13,12828900.0
1921,BBMC,122.26,123.254,4013.0,ETF,ETF,60.0,29.0,37.0,62.0,1.1622,0.7883,14052.0,7530.0,130.07,99.77,0,NO,124.98,125.88,118.15,125.81,120.81,,1618,0.0,4013,NO,NO,2021-01-29,2291600.0
1922,SPDF,28.2,28.4,110808.0,ETF,ETF,60.0,76.0,71.0,,0.39,0.3193,12084.0,9370.0,28.98,25.46,0,NO,28.04,27.89,,28.0,,,111,0.0,110808,NO,NO,2026-05-27,377000.0
1923,PSMR,32.92,32.815,111.0,ETF,ETF,60.0,70.0,65.0,48.0,0.0711,0.0193,1525.0,2640.0,32.97,28.86,0,NO,32.77,32.58,31.23,32.69,31.86,,1374,0.2,1100,NO,NO,2025-03-20,491800.0
1924,IVVM,37.92,38.06,110731.0,ETF,ETF,60.0,77.0,66.0,59.0,0.226,0.1696,25641.0,43330.0,38.17,33.29,0,NO,37.74,37.54,36.02,37.65,36.49,,810,0.0,110731,NO,NO,2026-03-26,616800.0
1925,BFJL,19.17,18.874,8.0,ETF,ETF,60.0,92.0,87.0,64.0,0.128,0.0074,449.0,100.0,21.49,16.66,0,NO,18.58,17.86,17.42,18.11,17.28,,308,0.0,100,NO,NO,2025-08-25,121200.0
1926,HEZU,48.67,49.06,238585.0,ETF,ETF,60.0,48.0,40.0,63.0,0.4296,0.2784,50880.0,115940.0,51.68,41.3,0,NO,49.01,49.25,46.79,49.32,47.49,,3017,0.0,238587,NO,NO,2015-12-22,9106600.0
1927,GSSC,86.88,87.77,37901.0,ETF,ETF,60.0,30.0,33.0,71.0,0.9671,0.7924,38333.0,31930.0,92.84,70.21,0,NO,89.0,90.04,83.23,89.73,85.21,,2314,0.0,37901,NO,NO,2026-01-29,1521500.0
1928,XMVM,71.45,72.23,80665.0,ETF,ETF,60.0,31.0,56.0,58.0,0.8468,0.7461,29912.0,35910.0,76.01,58.18,0,NO,74.12,74.31,69.24,74.29,70.44,,5423,0.0,80665,NO,NO,2021-08-03,1389900.0
1929,IVE,231.92,233.45,790510.0,ETF,ETF,60.0,49.0,61.0,57.0,1.8625,1.3632,680209.0,664870.0,239.93,202.45,0,NO,235.08,234.45,223.3,234.74,226.22,,6619,0.0,790510,NO,NO,2025-11-18,21719200.0
1930,BUSA,40.05,40.581,22172.0,ETF,ETF,60.0,24.0,61.0,51.0,0.3834,0.2909,20466.0,24500.0,42.74,34.0,0,NO,41.7,41.44,39.05,41.48,39.58,,743,0.0,22172,NO,NO,2025-02-11,830000.0
1931,FIDI,28.28,28.73,60920.0,ETF,ETF,60.0,31.0,69.0,42.0,0.2889,0.1761,66914.0,45300.0,29.73,24.01,0,NO,29.23,29.1,27.88,29.14,28.24,,2176,0.0,60920,NO,NO,2026-08-17,665500.0
1932,BNTX,98.46,98.0,996909.0,Healthcare,Biotechnology,60.0,4.0,81.0,59.0,3.2319,2.6441,1161690.0,862250.0,124.0,79.52,24733581312,NO,101.33,97.43,97.59,98.03,95.12,,1746,0.0,997050,NO,NO,2020-07-23,15899700.0
1933,SMCP,26.9,27.17,2565.0,ETF,ETF,60.0,78.0,76.0,,0.3732,0.1668,5484.0,1570.0,28.09,23.29,0,NO,27.02,26.15,,26.47,,,91,0.0,2565,NO,NO,2026-08-05,124700.0
1934,SEPZ,46.38,46.68,3549.0,ETF,ETF,60.0,73.0,66.0,64.0,0.3349,0.2166,8904.0,4450.0,47.11,39.71,0,NO,46.21,46.01,43.95,46.15,44.54,,1521,0.0,3549,NO,NO,2025-05-06,2182200.0
1935,JANZ,41.76,42.06,218.0,ETF,ETF,60.0,73.0,65.0,62.0,0.2728,0.0711,2609.0,960.0,42.27,35.96,0,NO,41.6,41.45,39.62,41.58,40.16,,1435,0.0,218,NO,NO,2026-05-04,725500.0
1936,FMNB,15.18,15.32,308221.0,Financial Services,Banks - Regional,60.0,40.0,75.0,75.0,0.2782,0.2639,439296.0,439210.0,16.46,12.12,899378176,NO,15.68,15.6,14.18,15.7,14.49,,6972,0.0,308221,NO,NO,2016-06-24,2830000.0
1937,GSEW,94.92,95.44,294888.0,ETF,ETF,60.0,38.0,58.0,59.0,0.8567,0.726,85514.0,111530.0,99.42,80.92,0,NO,96.26,96.34,90.89,96.49,92.37,,2266,0.0,294888,NO,NO,2025-09-24,3673600.0
1938,ISCF,45.11,45.533,30909.0,ETF,ETF,60.0,52.0,72.0,51.0,0.4286,0.2658,37590.0,31830.0,46.44,38.99,0,NO,45.57,45.08,43.92,45.36,44.19,,2865,0.0,30909,NO,NO,2022-08-05,1703700.0
1939,DEEP,41.58,42.081,461.0,ETF,ETF,59.0,23.0,42.0,65.0,0.4105,0.2147,1128.0,950.0,44.44,33.09,0,NO,43.11,43.15,39.83,43.09,40.81,,3017,0.0,461,NO,NO,2020-03-03,2752800.0
1940,JPFP,53.1,52.87,724.0,ETF,ETF,59.0,88.0,81.0,,0.4179,0.2379,8373.0,8730.0,53.1,47.79,0,NO,51.76,50.78,,51.33,,,74,0.0,724,NO,NO,2026-07-28,315200.0
1941,ISTR,29.36,29.92,84439.0,Financial Services,Banks - Regional,59.0,41.0,37.0,50.0,0.5736,0.5404,154544.0,100190.0,31.77,21.43,404493504,NO,30.36,30.2,28.68,30.3,29.07,,3075,0.0,84439,NO,NO,2021-06-25,1576400.0
1942,ESTA,67.76,67.74,319163.0,Healthcare,Medical Devices,59.0,19.0,4.0,65.0,2.9529,2.8514,547419.0,267210.0,97.59,37.37,2019376256,NO,71.42,79.55,73.5,76.74,74.04,,2055,0.0,319163,NO,NO,2023-11-08,10486500.0
1943,WSML,34.44,34.737,8326.0,ETF,ETF,59.0,35.0,48.0,59.0,0.3201,0.2241,16476.0,29590.0,36.35,28.94,0,NO,35.1,35.11,33.44,35.16,34.01,,369,0.0,8326,NO,NO,2026-03-05,6858900.0
1944,EDOW,45.06,45.396,7702.0,ETF,ETF,59.0,49.0,62.0,57.0,0.3994,0.2654,14446.0,15730.0,46.9,39.13,0,NO,45.8,45.64,43.28,45.72,43.75,,2292,0.0,7702,NO,NO,2020-04-21,1448600.0
1945,GPIQ,58.01,58.03,2100830.0,ETF,ETF,59.0,84.0,51.0,68.0,0.5997,0.4702,1414436.0,1244130.0,59.83,47.72,0,NO,56.56,56.5,54.69,56.71,55.58,,727,0.0,2100830,NO,NO,2026-06-09,2597000.0
1946,SCHV,33.82,34.21,2529152.0,ETF,ETF,59.0,41.0,36.0,57.0,0.3079,0.2436,3137761.0,2806330.0,35.49,28.29,0,NO,34.41,34.49,32.53,34.52,33.26,,4217,0.0,2529165,NO,NO,2026-04-10,20911700.0
1947,PDBA,38.15,38.23,27967.0,ETF,ETF,59.0,78.0,79.0,46.0,0.3988,0.3275,254352.0,597660.0,39.41,33.69,0,NO,38.58,37.76,36.1,37.82,36.74,,1023,0.0,27967,NO,NO,2026-09-11,3895500.0
1948,USFE,36.68,36.96,2261.0,ETF,ETF,59.0,42.0,82.0,56.0,0.2713,0.0928,1252.0,2520.0,38.29,32.62,0,NO,37.58,36.64,,36.91,35.12,,164,0.0,2261,NO,NO,2026-02-06,20600.0
1949,BETH,46.93,48.162,684.0,ETF,ETF,59.0,92.0,94.0,73.0,1.1997,0.22,1266.0,890.0,87.02,31.89,0,NO,43.99,39.44,42.11,40.71,39.5,,746,0.0,684,NO,NO,2025-06-20,42700.0
1950,ESGD,103.97,105.25,796238.0,ETF,ETF,59.0,41.0,62.0,55.0,1.1614,0.7514,274453.0,309260.0,108.0,90.48,0,NO,105.76,105.38,101.17,105.76,102.13,,2532,0.0,796238,NO,NO,2022-04-25,4132500.0
1951,SDMF,27.08,26.62,10174.0,ETF,ETF,59.0,87.0,78.0,57.0,0.2686,0.2129,22658.0,14670.0,28.47,24.44,0,NO,26.33,26.06,,26.26,25.7,,149,0.68,10179,NO,NO,2026-05-01,265500.0
1952,TOAO,27.57,27.13,6.0,ETF,ETF,59.0,78.0,76.0,,0.1571,0.0007,112.0,140.0,27.66,25.06,0,NO,27.22,27.03,,27.18,,,103,0.0,100,NO,NO,2026-05-14,1500.0
1953,USEW,56.03,56.422,1389.0,ETF,ETF,59.0,58.0,58.0,64.0,0.3621,0.0678,839.0,650.0,57.73,47.7,0,NO,56.32,56.28,,56.4,54.08,,189,0.0,1389,NO,NO,2026-01-08,63200.0
1954,PRCS,28.66,28.737,23225.0,ETF,ETF,59.0,48.0,70.0,62.0,0.2801,0.1912,28792.0,11960.0,29.96,24.22,0,NO,28.84,28.89,27.52,28.96,27.75,,444,0.0,23225,NO,NO,2026-07-08,784600.0
1955,GRID,179.59,181.08,849103.0,ETF,ETF,59.0,65.0,22.0,52.0,3.33,2.1586,586517.0,484070.0,199.99,144.62,0,NO,178.15,180.26,175.95,180.88,181.45,,4236,0.0,849103,NO,NO,2026-02-10,3661800.0
1956,QGEN,43.71,44.78,3035118.0,Healthcare,Diagnostics & Research,59.0,65.0,89.0,57.0,1.22,0.9571,2745019.0,1559500.0,57.82,32.53,9025896448,NO,43.25,42.59,42.53,42.82,39.96,,7606,0.0,3035118,NO,NO,2011-06-24,23883985.0
1957,RICK,27.41,28.26,34215.0,Consumer services,Restaurants,59.0,7.0,57.0,74.0,1.0207,0.9529,52555.0,48890.0,32.02,20.76,209535744,NO,28.94,28.12,25.5,28.51,26.15,,7785,0.0,34241,NO,NO,2010-03-01,2237000.0
1958,ULTA,543.81,557.86,318505.0,Retail trade,Specialty stores,59.0,88.0,89.0,43.0,16.0393,15.0093,647093.0,577420.0,714.97,443.6,23251941376,NO,543.86,523.76,557.38,529.87,518.4,,4756,0.0,322586,NO,NO,2019-08-30,16029100.0
1959,YSAU,42.88,43.66,8824.0,ETF,ETF,59.0,16.0,,,0.7239,0.4832,3537.0,3670.0,46.92,39.79,0,NO,44.15,,,43.42,,,48,0.0,8824,NO,NO,2026-08-14,33800.0
1960,SEIQ,41.23,41.57,35303.0,ETF,ETF,59.0,57.0,77.0,61.0,0.3791,0.2512,59680.0,32810.0,42.72,35.53,0,NO,41.65,41.47,39.4,41.56,39.67,,1089,0.0,35303,NO,NO,2024-02-13,6038800.0
1961,BSMC,38.56,38.737,9313.0,ETF,ETF,59.0,27.0,55.0,48.0,0.3843,0.2811,11065.0,10980.0,41.46,32.4,0,NO,39.76,40.12,37.9,40.0,38.51,,742,0.0,9313,NO,NO,2025-02-11,363400.0
1962,BALI,34.54,34.75,171822.0,ETF,ETF,59.0,67.0,68.0,59.0,0.2932,0.2364,238957.0,243830.0,35.39,29.94,0,NO,34.51,34.43,32.92,34.55,33.34,,748,0.0,171822,NO,NO,2026-04-22,4543400.0
1963,FKU,54.47,55.38,154.0,ETF,ETF,59.0,33.0,60.0,53.0,0.6289,0.3746,1788.0,1280.0,57.88,45.82,0,NO,55.84,55.63,53.42,55.79,53.74,,3664,0.0,154,NO,NO,2016-07-01,3603200.0
1964,RMR,18.82,18.86,93411.0,Finance,Financial conglomerates,59.0,23.0,13.0,77.0,0.3496,0.3441,135392.0,87980.0,21.45,14.27,321449856,NO,19.22,19.6,17.98,19.44,18.91,,2708,0.0,93411,NO,NO,2019-06-27,2283100.0
1965,SCHA,33.16,33.61,4100831.0,ETF,ETF,59.0,30.0,22.0,66.0,0.4243,0.3629,2646485.0,4111290.0,36.2,26.46,0,NO,33.91,34.25,32.09,34.2,33.0,,4246,0.0,4101037,NO,NO,2024-02-13,32822600.0
1966,PSTR,31.41,32.073,12750.0,ETF,ETF,59.0,55.0,68.0,58.0,0.2819,0.1608,4806.0,2720.0,32.35,27.18,0,NO,31.88,31.59,30.14,31.69,30.53,,601,0.0,12750,NO,NO,2025-10-28,523600.0
1967,SPYV,62.12,62.51,2102689.0,ETF,ETF,59.0,50.0,61.0,57.0,0.4782,0.3668,1793663.0,1469070.0,64.26,54.25,0,NO,63.01,62.81,59.83,62.89,60.61,,6531,0.0,2102689,NO,NO,2023-03-21,28136800.0
1968,JIRE,82.46,83.57,663050.0,ETF,ETF,59.0,39.0,56.0,56.0,0.9238,0.5761,388398.0,371140.0,86.07,71.85,0,NO,84.06,83.93,80.12,84.15,81.0,,1071,0.0,663050,NO,NO,2025-12-31,7928400.0
1969,SEPQ,28.04,28.15,40885.0,ETF,ETF,59.0,83.0,50.0,76.0,0.3195,0.2852,27173.0,27370.0,29.08,22.12,0,NO,27.41,27.41,26.19,27.45,26.63,,1088,0.0,40885,NO,NO,2023-06-21,394600.0
1970,PY,56.58,57.21,10457.0,ETF,ETF,59.0,49.0,74.0,57.0,0.4203,0.2181,13831.0,15230.0,58.5,50.08,0,NO,57.55,57.1,54.08,57.27,54.64,,2641,0.0,10457,NO,NO,2025-02-18,2624600.0
1971,DGRO,76.51,77.1,1509321.0,ETF,ETF,59.0,35.0,57.0,55.0,0.6241,0.5118,1338549.0,1560180.0,80.58,66.92,0,NO,78.34,78.49,74.07,78.49,75.19,,3088,0.0,1509354,NO,NO,2020-05-26,31166500.0
1972,IUSV,112.07,112.82,621026.0,ETF,ETF,59.0,47.0,60.0,56.0,0.9029,0.6864,561073.0,508880.0,116.19,97.95,0,NO,113.75,113.55,108.15,113.66,109.56,,6571,0.0,621026,NO,NO,2015-09-25,5310900.0
1973,LRGG,29.83,30.117,4853.0,ETF,ETF,59.0,76.0,83.0,66.0,0.2921,0.1838,42125.0,33530.0,30.74,24.75,0,NO,29.76,29.34,28.21,29.55,28.09,,590,0.0,4853,NO,NO,2026-03-23,1423600.0
1974,PHEQ,35.43,35.46,65493.0,ETF,ETF,59.0,78.0,67.0,58.0,0.1639,0.1299,19603.0,22650.0,40.19,29.54,0,NO,35.24,34.95,33.62,35.09,34.08,,733,0.0,65493,NO,NO,2024-11-01,644300.0
1975,GURU,68.14,68.81,579.0,ETF,ETF,59.0,42.0,47.0,69.0,0.6666,0.3631,1326.0,850.0,71.08,56.96,0,NO,69.26,68.98,64.96,69.03,65.99,,3595,0.0,579,NO,NO,2016-04-21,1711600.0
1976,QEFA,98.52,99.725,42961.0,ETF,ETF,59.0,39.0,68.0,48.0,1.0294,0.6771,28700.0,27260.0,102.4,86.24,0,NO,100.51,99.9,96.2,100.2,97.13,,3093,0.0,42961,NO,NO,2025-02-07,1277400.0
1977,PKW,145.19,148.11,26487.0,ETF,ETF,59.0,36.0,71.0,57.0,1.625,1.2743,28925.0,29350.0,154.72,125.47,0,NO,150.88,149.02,139.79,149.51,141.13,,4968,0.0,26487,NO,NO,2021-07-20,8111000.0
1978,XHR,17.82,17.86,816626.0,Real Estate,REIT - Hotel & Motel,59.0,13.0,10.0,79.0,0.3875,0.3875,779357.0,1057710.0,22.06,11.75,1762901888,NO,18.18,19.4,16.98,19.07,17.86,,2925,0.0,816626,NO,NO,2019-03-29,23241400.0
1979,CZWI,21.23,21.38,36651.0,Financial Services,Banks - Regional,59.0,78.0,16.0,53.0,0.7396,0.7039,64768.0,63820.0,24.43,14.61,204874400,NO,21.48,21.7,20.18,21.66,21.12,,5656,0.0,36651,NO,NO,2025-06-27,1136800.0
1980,EPMB,26.23,25.857,9.0,ETF,ETF,59.0,46.0,39.0,55.0,0.1868,0.0238,126.0,180.0,27.26,21.7,0,NO,26.24,26.44,25.21,26.46,25.68,,348,0.24,400,NO,NO,2025-05-02,174000.0
1981,FEP,58.25,58.96,17096.0,ETF,ETF,59.0,36.0,54.0,52.0,0.6789,0.4996,19900.0,24160.0,61.07,49.11,0,NO,59.66,59.24,57.27,59.43,57.81,,3875,0.0,17096,NO,NO,2014-11-03,6055700.0
1982,JPSV,66.43,67.01,165.0,ETF,ETF,59.0,25.0,43.0,65.0,0.5404,0.337,571.0,370.0,72.05,55.67,0,NO,68.7,69.74,64.03,69.53,65.59,,889,0.0,165,NO,NO,2024-04-25,48700.0
1983,XPND,39.74,39.756,1756.0,ETF,ETF,59.0,81.0,46.0,74.0,0.3995,0.2509,3787.0,2400.0,42.34,31.65,0,NO,38.91,38.94,37.26,39.03,38.0,,1323,0.0,1756,NO,NO,2023-01-23,647200.0
1984,RODM,41.33,41.97,130721.0,ETF,ETF,59.0,51.0,55.0,46.0,0.4476,0.3078,83996.0,82060.0,42.75,34.6,0,NO,42.03,41.8,40.19,41.9,40.94,,2909,0.0,130721,NO,NO,2020-06-04,5140500.0
1985,PSMD,35.22,35.25,1119.0,ETF,ETF,59.0,79.0,66.0,55.0,0.0994,0.0353,1222.0,890.0,35.31,30.84,0,NO,35.03,34.81,33.5,34.91,33.92,,1442,0.0,1119,NO,NO,2024-03-26,257700.0
1986,SMLV,151.76,152.68,4408.0,ETF,ETF,59.0,29.0,43.0,59.0,1.1884,0.8584,2828.0,2270.0,163.75,124.22,0,NO,156.49,158.59,146.73,158.0,150.64,,3417,0.0,4408,NO,NO,2018-02-20,325400.0
1987,WWJD,39.59,40.05,18264.0,ETF,ETF,58.0,34.0,65.0,50.0,0.4472,0.3582,63520.0,30910.0,44.01,34.65,0,NO,40.58,40.12,38.73,40.29,39.1,,1752,0.0,18264,NO,NO,2024-04-02,1005800.0
1988,PSFF,35.15,35.241,53219.0,ETF,ETF,58.0,77.0,65.0,54.0,0.1603,0.1265,56477.0,78530.0,35.31,30.94,0,NO,34.99,34.77,33.44,34.89,33.9,,1438,0.0,53219,NO,NO,2024-11-20,883100.0
1989,IWR,108.32,109.0,1620671.0,ETF,ETF,58.0,32.0,50.0,60.0,1.0593,0.865,1697496.0,1318960.0,114.97,91.64,0,NO,110.44,111.08,104.48,111.09,106.48,,6304,0.0,1620671,NO,NO,2008-11-13,60872400.0
1990,CAML,40.96,41.009,21031.0,ETF,ETF,58.0,80.0,70.0,67.0,0.4283,0.2819,23957.0,20840.0,42.05,33.89,0,NO,40.15,40.19,38.73,40.36,39.01,,774,0.0,21031,NO,NO,2025-02-11,619900.0
1991,NODE,42.68,43.57,24428.0,ETF,ETF,58.0,93.0,16.0,81.0,1.5391,0.9695,11128.0,11710.0,54.32,30.36,0,NO,39.92,38.97,39.09,39.49,39.87,,341,0.0,24428,NO,NO,2025-11-14,232900.0
1992,BLOK,65.51,66.79,283373.0,ETF,ETF,58.0,88.0,49.0,83.0,2.0532,1.6596,186666.0,164650.0,75.89,46.9,0,NO,63.54,61.73,59.94,62.47,60.37,,2176,0.0,283395,NO,NO,2021-02-16,3474500.0
1993,BVFL,20.8,20.83,12738.0,Financial Services,Banks - Regional,58.0,43.0,38.0,50.0,0.6979,0.6893,17560.0,26600.0,22.17,14.6,176188560,NO,21.25,21.23,19.92,21.11,20.39,,5432,0.0,12738,NO,NO,2025-06-27,1137600.0
1994,CURB,28.16,28.66,871023.0,Real Estate,REIT - Retail,58.0,34.0,13.0,51.0,0.5992,0.5985,1531700.0,1718210.0,32.15,22.08,3239470848,NO,29.32,29.99,27.57,29.67,28.88,,498,0.0,871068,NO,NO,2026-06-30,6616700.0
1995,BASV,30.47,30.844,32717.0,ETF,ETF,58.0,31.0,48.0,66.0,0.3014,0.1717,17400.0,16620.0,32.3,26.15,0,NO,31.3,31.34,29.27,31.42,29.72,,319,0.0,32717,NO,NO,2025-06-26,506300.0
1996,SETM,31.06,31.49,163033.0,ETF,ETF,58.0,7.0,28.0,29.0,0.9837,0.7427,152590.0,150860.0,40.55,23.71,0,NO,33.11,31.85,33.5,32.1,33.24,,912,0.0,163033,NO,NO,2026-05-07,1438400.0
1997,PSCW,30.71,30.585,7.0,ETF,ETF,58.0,81.0,72.0,54.0,0.0635,0.0111,585.0,460.0,30.71,27.24,0,NO,30.54,30.37,29.18,30.47,29.73,,1374,0.0,100,NO,NO,2026-01-02,543500.0
1998,EFA,104.8,106.13,11890892.0,ETF,ETF,58.0,41.0,60.0,53.0,1.2007,0.7768,10548922.0,12243380.0,108.89,91.21,0,NO,106.76,106.34,102.26,106.7,103.27,,6304,0.0,12150037,YES,NO,2020-02-28,122342000.0
1999,PEY,23.19,23.45,468274.0,ETF,ETF,58.0,15.0,58.0,58.0,0.2643,0.2429,268096.0,378120.0,25.49,19.59,0,NO,24.32,24.54,22.48,24.43,23.02,,5480,0.0,468274,NO,NO,2011-10-27,5337700.0
2000,AMLP,53.58,54.35,790586.0,ETF,ETF,58.0,51.0,67.0,33.0,0.6614,0.6486,1188290.0,1071210.0,56.43,44.64,0,NO,55.31,54.93,52.13,54.98,53.38,,4043,0.0,790693,NO,NO,2018-03-15,24690960.0
2001,NDAA,24.1,24.278,4211.0,ETF,ETF,58.0,60.0,62.0,58.0,0.145,0.069,14514.0,1490.0,24.65,21.2,0,NO,24.23,24.14,23.15,24.2,23.48,,482,0.0,4211,NO,NO,2026-08-27,406300.0
2002,CCBG,48.75,50.19,94584.0,Financial Services,Banks - Regional,58.0,29.0,55.0,65.0,1.0936,1.0086,84704.0,84840.0,53.6,38.27,834273152,NO,50.64,51.22,46.37,51.2,47.87,,8129,0.0,94584,NO,NO,2026-03-20,592200.0
2003,DFVE,35.66,35.936,11180.0,ETF,ETF,58.0,32.0,51.0,57.0,0.4247,0.3123,7579.0,27790.0,39.71,30.1,0,NO,36.63,36.75,34.56,36.75,35.16,,662,0.0,11180,NO,NO,2026-09-10,172800.0
2004,FMF,52.67,52.23,12635.0,ETF,ETF,58.0,87.0,72.0,44.0,0.5107,0.4436,56700.0,38540.0,52.85,46.42,0,NO,51.42,50.77,50.16,51.15,50.93,,3304,0.0,12635,NO,NO,2026-06-29,1349600.0
2005,EPD,37.57,38.47,2798459.0,Industrial services,Oil & gas pipelines,58.0,62.0,54.0,25.0,0.5875,0.5546,2882073.0,2624820.0,40.17,30.01,81131560960,NO,38.82,38.47,36.66,38.48,37.9,,7082,0.0,2817893,NO,NO,2020-03-12,36622200.0
2006,IWLG,57.14,57.665,11091.0,ETF,ETF,58.0,82.0,68.0,72.0,0.6391,0.359,19977.0,27040.0,58.17,45.7,0,NO,56.07,55.96,53.95,56.22,54.36,,1066,0.0,11091,NO,NO,2026-04-28,7581900.0
2007,PVEX,30.97,31.35,6324.0,ETF,ETF,58.0,67.0,58.0,61.0,0.3467,0.2021,6590.0,3640.0,32.62,26.82,0,NO,30.91,30.88,29.52,30.98,29.98,,310,0.0,6324,NO,NO,2025-12-19,1496900.0
2008,CTO,20.25,20.33,485492.0,Real Estate,REIT - Diversified,58.0,17.0,31.0,52.0,0.3507,0.3321,392125.0,478720.0,22.71,15.07,759080512,NO,21.09,21.61,19.94,21.38,20.58,,11724,0.0,485492,NO,NO,2024-09-10,5951900.0
2009,DIVN,29.85,29.986,21290.0,ETF,ETF,58.0,40.0,60.0,45.0,0.2318,0.1907,95330.0,23530.0,31.08,25.28,0,NO,30.38,30.18,28.86,30.24,29.3,,312,0.0,21290,NO,NO,2025-07-31,4611700.0
2010,FENI,40.19,40.7,1579969.0,ETF,ETF,58.0,37.0,55.0,52.0,0.4648,0.2862,1275398.0,1391130.0,42.09,34.36,0,NO,41.03,40.93,39.31,41.05,39.73,,711,0.0,1579969,NO,NO,2026-01-29,5451300.0
2011,ASBH,18.25,18.33,159099.0,Financial Services,Banks - Regional,58.0,,,,,,594620.0,594620.0,19.26,16.54,1186213248,YES,,,,,,,5,0.0,159099,NO,NO,2026-09-16,1655800.0
2012,SI,17.37,17.52,97802.0,Health technology,Medical specialties,58.0,1.0,12.0,79.0,1.0352,1.0302,128866.0,152100.0,24.59,10.92,361625280,NO,19.62,20.77,16.47,20.21,17.49,,288,0.0,97802,NO,NO,2025-07-31,1978200.0
2013,DFAT,67.89,68.73,377038.0,ETF,ETF,58.0,27.0,43.0,55.0,0.7833,0.7049,306117.0,243760.0,72.81,55.12,0,NO,70.36,70.92,66.33,70.78,67.73,,1325,0.0,377038,NO,NO,2023-05-04,3011900.0
2014,HOOX,43.32,43.947,19661.0,ETF,ETF,58.0,97.0,89.0,97.0,4.5421,3.8228,48904.0,40550.0,154.38,16.44,0,NO,37.95,33.51,37.17,34.47,29.66,,380,0.0,19692,NO,NO,2026-04-29,549600.0
2015,RSBT,19.66,19.46,29578.0,ETF,ETF,58.0,87.0,67.0,44.0,0.1164,0.1088,55833.0,61990.0,20.67,17.0,0,NO,19.24,19.07,19.01,19.13,19.1,,908,0.0,29578,NO,NO,2024-12-09,695100.0
2016,AVES,65.29,66.44,69616.0,ETF,ETF,58.0,73.0,48.0,51.0,0.9339,0.5429,101355.0,94340.0,69.06,55.31,0,NO,66.12,64.92,63.59,65.25,64.49,,1249,0.0,69616,NO,NO,2026-01-21,2365600.0
2017,CEFA,40.49,40.998,3241.0,ETF,ETF,58.0,43.0,60.0,56.0,0.7098,0.5691,8742.0,7520.0,43.27,35.25,0,NO,41.21,40.89,39.23,41.06,39.55,,1569,0.0,3241,NO,NO,2024-05-09,293200.0
2018,DEEF,39.35,39.88,1539.0,ETF,ETF,58.0,45.0,65.0,44.0,0.3851,0.1151,522.0,840.0,41.12,33.79,0,NO,40.24,39.96,38.79,40.08,39.26,,2704,0.0,1539,NO,NO,2016-09-30,1238100.0
2019,BKIE,33.72,34.16,231200.0,ETF,ETF,58.0,39.0,57.0,54.0,0.3875,0.2663,160158.0,104630.0,35.18,28.96,0,NO,34.39,34.21,32.8,34.35,33.12,,1611,0.0,231200,NO,NO,2023-02-01,11704500.0
2020,ASA,57.09,57.96,31125.0,Financial Services,Asset Management,58.0,10.0,58.0,25.0,2.7774,2.4181,63250.0,72930.0,83.2,42.82,1047990656,NO,61.33,57.15,61.9,58.22,60.13,,12281,0.0,31125,NO,NO,2008-06-16,2898300.0
2021,QCMU,26.16,25.57,85671.0,ETF,ETF,58.0,98.0,8.0,96.0,2.295,2.1345,158838.0,182370.0,52.18,13.1,0,NO,21.27,19.84,23.53,19.99,23.89,,313,0.0,85671,NO,NO,2026-04-27,1339700.0
2022,EPSB,26.59,26.395,48.0,ETF,ETF,58.0,35.0,30.0,53.0,0.2156,0.1181,1514.0,2020.0,28.31,21.39,0,NO,26.85,27.28,25.84,27.24,26.51,,348,0.0,500,NO,NO,2025-05-02,197500.0
2023,SCHM,34.66,35.0,2003689.0,ETF,ETF,58.0,34.0,30.0,60.0,0.39,0.3257,1344331.0,2430880.0,36.92,28.25,0,NO,35.28,35.46,33.56,35.47,34.39,,3945,0.0,2004035,NO,NO,2024-10-16,15838400.0
2024,ARKF,46.97,47.5,56433.0,ETF,ETF,58.0,85.0,90.0,71.0,1.2702,0.9866,134157.0,115220.0,59.2,35.82,0,NO,45.93,43.63,42.68,44.24,41.67,,1919,0.0,56433,NO,NO,2021-02-23,10620100.0
2025,HEQT,34.52,34.61,105416.0,ETF,ETF,58.0,77.0,68.0,54.0,0.2242,0.1602,64430.0,131690.0,34.7,30.72,0,NO,34.34,34.14,32.95,34.27,33.26,,1226,0.0,105416,NO,NO,2024-04-03,6781100.0
2026,ESI,35.47,33.42,4720771.0,Process industries,Chemicals: major diversified,58.0,75.0,3.0,47.0,1.3993,1.1189,5416387.0,5113630.0,49.25,22.86,8643717120,NO,34.48,36.31,35.61,35.97,38.18,,3248,4.19,4720771,NO,NO,2025-03-21,43421900.0
2027,KGC,27.62,27.79,7155046.0,Non-energy minerals,Precious metals,58.0,4.0,83.0,28.0,1.08,0.8586,7989411.0,6507760.0,39.11,22.01,32763971584,NO,29.84,27.38,29.58,28.16,28.5,,11472,0.0,7159397,NO,NO,2018-12-21,137772000.0
2028,DIVI,43.04,43.67,117863.0,ETF,ETF,58.0,38.0,49.0,54.0,0.5078,0.3251,196263.0,175660.0,44.89,36.59,0,NO,44.02,43.84,41.97,43.97,42.55,,2590,0.0,117863,NO,NO,2026-08-18,1659700.0
2029,GEW,55.75,56.207,2447.0,ETF,ETF,58.0,50.0,61.0,56.0,0.3752,0.0036,252.0,440.0,58.87,49.2,0,NO,56.35,56.19,53.76,56.34,54.33,,250,0.0,2447,NO,NO,2026-01-30,209600.0
2030,GTES,26.36,25.45,1665051.0,Industrials,Specialty Industrial Machinery,58.0,82.0,29.0,69.0,0.865,0.7921,1952882.0,1996350.0,30.34,20.88,6673064960,NO,25.73,26.63,25.17,26.66,25.67,,2176,2.0,1665051,NO,NO,2024-07-19,36627800.0
2031,SPXX,18.74,18.77,125580.0,Financial Services,Asset Management,58.0,55.0,73.0,68.0,0.2864,0.2343,255606.0,212530.0,19.39,15.78,336880416,NO,18.93,18.86,18.0,18.88,18.03,,5238,0.0,125580,NO,NO,2026-07-17,1164200.0
2032,FDVV,61.56,62.54,760210.0,ETF,ETF,58.0,47.0,57.0,61.0,0.639,0.4729,743228.0,641880.0,64.53,53.77,0,NO,62.82,62.97,59.59,62.99,60.36,,2518,0.0,760210,NO,NO,2021-10-06,5264000.0
2033,RWLC,38.69,38.97,2485.0,ETF,ETF,58.0,71.0,76.0,78.0,0.4916,0.3994,6815.0,5460.0,41.4,31.1,0,NO,38.74,38.37,35.81,38.52,36.31,,1195,0.0,2485,NO,NO,2021-12-20,3413500.0
2034,WTMF,42.26,44.0,50163.0,ETF,ETF,58.0,78.0,66.0,48.0,0.4979,0.3636,29912.0,47850.0,44.22,36.98,0,NO,42.2,41.64,40.25,41.77,40.89,,3951,0.0,50163,NO,NO,2012-06-22,1079700.0
2035,OCTZ,46.93,46.228,193.0,ETF,ETF,58.0,72.0,67.0,62.0,0.3282,0.1167,2661.0,800.0,47.2,40.24,0,NO,46.4,46.22,44.3,46.41,44.84,,1499,0.65,700,NO,NO,2026-04-30,596800.0
2036,FCAP,61.84,61.55,37078.0,Financial Services,Banks - Regional,58.0,64.0,21.0,82.0,1.8393,1.7443,16652.0,25320.0,71.0,37.64,206831616,NO,62.44,62.82,57.62,62.9,58.88,,6972,0.0,37078,NO,NO,2021-06-25,422900.0
2037,EXUS,28.22,28.725,3977.0,ETF,ETF,58.0,46.0,54.0,69.0,0.4211,0.3076,7477.0,6530.0,30.0,23.32,0,NO,28.6,28.47,27.1,28.56,27.29,,317,0.0,3977,NO,NO,2025-11-19,915900.0
2038,CWBC,25.42,25.94,170976.0,Financial Services,Banks - Regional,58.0,53.0,39.0,60.0,0.52,0.5114,289215.0,209460.0,28.17,19.79,689672000,NO,26.07,26.03,24.47,25.74,24.86,,6929,0.0,170976,NO,NO,2021-06-25,1615300.0
2039,PSCX,33.51,33.56,115.0,ETF,ETF,57.0,78.0,66.0,53.0,0.1099,0.054,1061.0,760.0,34.0,29.94,0,NO,33.35,33.14,31.94,33.25,32.32,,1442,0.0,115,NO,NO,2026-01-02,415100.0
2040,STBQ,23.76,24.237,1713.0,ETF,ETF,57.0,79.0,90.0,57.0,0.6763,0.3703,2636.0,2640.0,27.65,18.46,0,NO,23.35,22.07,,22.36,21.5,,187,0.0,1713,NO,NO,2026-07-06,17200.0
2041,APRZ,40.9,40.325,32.0,ETF,ETF,57.0,74.0,66.0,64.0,0.2411,0.0194,984.0,280.0,41.29,34.75,0,NO,40.47,40.34,38.71,40.5,39.11,,1374,0.0,100,NO,NO,2024-07-01,663400.0
2042,UMDD,31.16,31.51,1421.0,ETF,ETF,57.0,5.0,10.0,78.0,0.7512,0.4541,5895.0,2930.0,39.16,21.52,0,NO,33.23,35.05,31.79,34.8,32.82,,4178,0.0,1421,NO,NO,2011-10-04,9932000.0
2043,DBA,28.55,28.68,530060.0,ETF,ETF,57.0,78.0,79.0,45.0,0.3211,0.2628,1171131.0,1480480.0,29.52,25.4,0,NO,28.89,28.28,27.07,28.31,27.54,,4959,0.0,530060,NO,NO,2022-03-04,11291500.0
2044,LSGR,45.43,45.96,37566.0,ETF,ETF,57.0,80.0,82.0,63.0,0.5892,0.432,51798.0,28940.0,46.52,37.72,0,NO,45.16,44.2,43.41,44.48,43.28,,811,0.0,37566,NO,NO,2024-02-28,1079900.0
2045,YRAM,54.76,54.68,8436.0,ETF,ETF,57.0,,,,1.6414,1.0586,10425.0,10800.0,56.65,49.51,0,NO,52.28,,,,,,20,0.0,8436,NO,NO,2026-09-09,27800.0
2046,FOWF,34.35,34.645,758.0,ETF,ETF,57.0,33.0,66.0,42.0,0.263,0.127,1801.0,1140.0,37.41,29.48,0,NO,34.79,35.21,33.7,35.32,34.06,,440,0.0,758,NO,NO,2026-02-12,70800.0
2047,ETV,15.36,15.48,120810.0,Financial Services,Asset Management,57.0,82.0,69.0,60.0,0.1953,0.1774,148877.0,132430.0,15.49,13.13,1793350144,NO,15.25,15.06,14.63,15.11,14.69,,5342,0.0,120810,NO,NO,2022-01-24,1863900.0
2048,ULVM,103.72,105.097,450.0,ETF,ETF,57.0,27.0,36.0,55.0,0.7529,0.3949,2333.0,1420.0,111.41,88.01,0,NO,107.32,108.42,101.18,108.15,103.7,,2236,0.0,450,NO,NO,2018-04-23,1037400.0
2049,SLYV,103.93,104.67,250317.0,ETF,ETF,57.0,23.0,36.0,59.0,1.1579,1.0593,185252.0,194670.0,112.4,83.89,0,NO,107.71,108.99,101.77,108.64,104.15,,6531,0.0,250332,NO,NO,2025-02-10,4138600.0
2050,ISCV,76.32,77.23,10507.0,ETF,ETF,57.0,23.0,47.0,59.0,0.9734,0.8826,11409.0,15120.0,82.03,63.71,0,NO,79.11,79.77,74.55,79.59,75.84,,5585,0.0,10507,NO,NO,2013-02-13,1264800.0
2051,RSIT,21.99,21.84,63494.0,ETF,ETF,57.0,86.0,81.0,,0.2843,0.2314,39390.0,28270.0,22.27,19.49,0,NO,21.53,21.08,,21.31,,,96,0.0,63494,NO,NO,2026-05-06,650900.0
2052,SATA,100.01,100.01,534586.0,Miscellaneous,Investment trusts,57.0,72.0,76.0,36.0,0.1635,0.1621,329242.0,609010.0,101.35,79.01,0,NO,99.97,98.93,96.81,99.18,98.12,,219,0.0,537298,NO,NO,2026-05-29,1644600.0
2053,ROCY,55.03,55.32,181401.0,ETF,ETF,57.0,72.0,62.0,,0.4236,0.32,266700.0,292460.0,55.97,48.34,0,NO,54.89,54.86,,55.03,,,129,0.0,182414,NO,NO,2026-08-18,2613200.0
2054,SUPL,45.15,45.349,57.0,ETF,ETF,57.0,36.0,60.0,53.0,0.4459,0.0734,822.0,360.0,50.16,36.69,0,NO,46.61,47.14,44.64,46.9,45.76,,1117,0.0,100,NO,NO,2022-04-29,16100.0
2055,ITRN,52.39,52.55,101979.0,Technology,Scientific & Technical Instruments,57.0,85.0,6.0,37.0,1.1275,1.0046,135852.0,99450.0,68.3,33.98,1036281600,NO,51.7,53.2,52.43,52.64,55.65,,5278,0.0,101979,NO,NO,2005-09-28,2976100.0
2056,ENHI,26.91,27.28,165.0,ETF,ETF,57.0,42.0,63.0,58.0,0.2168,0.0143,5965.0,460.0,27.93,23.54,0,NO,27.4,27.27,,27.37,,,134,0.0,165,NO,NO,2026-07-09,337100.0
2057,AVSD,80.32,81.498,55646.0,ETF,ETF,57.0,40.0,56.0,56.0,0.9539,0.4786,59425.0,10210.0,83.91,69.31,0,NO,81.94,81.76,78.56,82.0,79.25,,1133,0.0,55646,NO,NO,2026-08-19,848000.0
2058,PSFJ,36.04,36.17,12837.0,ETF,ETF,57.0,77.0,62.0,54.0,0.1763,0.1116,14207.0,12250.0,36.23,32.07,0,NO,35.85,35.64,34.3,35.76,34.75,,1312,0.0,12837,NO,NO,2026-07-07,188600.0
2059,DJD,63.72,64.08,33523.0,ETF,ETF,57.0,35.0,55.0,46.0,0.5292,0.3892,44098.0,39840.0,66.83,54.01,0,NO,65.35,65.13,61.77,65.17,62.81,,2704,0.0,33523,NO,NO,2019-01-03,2286900.0
2060,GSIE,46.66,47.28,379892.0,ETF,ETF,57.0,42.0,59.0,52.0,0.5146,0.3611,388344.0,307380.0,48.49,40.05,0,NO,47.58,47.33,45.35,47.49,45.77,,2731,0.0,379892,NO,NO,2025-09-15,6624400.0
2061,IQQQ,48.94,48.87,72523.0,ETF,ETF,57.0,82.0,44.0,66.0,0.596,0.4876,48441.0,50680.0,51.66,40.43,0,NO,48.09,48.05,46.5,48.22,47.33,,629,0.0,72523,NO,NO,2024-10-29,745600.0
2062,RSPM,38.61,38.22,40270.0,ETF,ETF,57.0,20.0,48.0,42.0,0.5287,0.413,29752.0,32180.0,41.71,30.98,0,NO,39.77,39.74,38.51,39.8,39.16,,4998,0.0,42740,NO,NO,2020-11-12,4264000.0
2063,PDN,46.17,46.76,20738.0,ETF,ETF,57.0,47.0,66.0,48.0,0.4321,0.2286,9577.0,6410.0,47.94,39.65,0,NO,47.17,46.56,45.33,46.82,45.76,,4775,0.0,20738,NO,NO,2025-04-22,4202000.0
2064,FEX,134.52,135.39,8553.0,ETF,ETF,57.0,36.0,35.0,57.0,1.1342,0.8921,21774.0,14420.0,142.6,111.75,0,NO,136.69,137.6,129.92,137.66,132.89,,4873,0.0,8553,NO,NO,2015-08-24,2866400.0
2065,GSID,75.88,76.79,319885.0,ETF,ETF,57.0,42.0,54.0,52.0,0.8624,0.5227,58066.0,76470.0,78.82,65.01,0,NO,77.35,76.98,73.89,77.21,74.65,,1594,0.0,319885,NO,NO,2026-03-10,1729400.0
2066,EINC,116.55,117.84,3295.0,ETF,ETF,57.0,44.0,32.0,25.0,1.2887,1.1766,13471.0,5080.0,126.58,91.21,0,NO,120.24,120.76,113.88,120.27,119.07,,3652,0.0,3303,NO,NO,2026-07-15,169800.0
2067,PGY,18.72,20.9,6653677.0,Technology services,Packaged software,57.0,5.0,92.0,94.0,1.2868,1.171,2951184.0,2204130.0,38.4,10.4,1561731712,NO,21.46,20.21,17.18,20.37,16.18,,1362,0.0,6653677,NO,NO,2026-02-09,23974100.0
2068,AVBH,31.12,31.3,53279.0,Financial Services,Banks - Regional,57.0,42.0,22.0,63.0,0.5214,0.5157,117163.0,77110.0,34.18,24.03,341805920,NO,31.56,32.08,29.94,31.97,30.81,,5586,0.0,53279,NO,NO,2026-06-26,1146900.0
2069,GEN,26.23,29.15,10312934.0,Technology,Software - Infrastructure,57.0,11.0,85.0,84.0,0.9982,0.7832,5557439.0,7606690.0,31.65,17.78,15700936704,NO,30.09,28.6,24.79,28.7,24.67,,9380,0.0,10312934,YES,NO,2003-02-28,180090000.0
2070,DLS,87.97,89.26,13106.0,ETF,ETF,57.0,63.0,67.0,51.0,0.9196,0.6346,16433.0,11670.0,90.19,75.64,0,NO,88.89,87.54,85.42,88.17,86.03,,5098,0.0,13106,NO,NO,2007-03-23,1216300.0
2071,FLRG,41.43,42.005,8388.0,ETF,ETF,57.0,46.0,63.0,62.0,0.3572,0.2273,14131.0,14980.0,43.05,35.95,0,NO,42.11,42.0,39.76,42.11,40.36,,1509,0.0,8388,NO,NO,2024-09-23,1128900.0
2072,EWU,47.09,47.69,885295.0,ETF,ETF,57.0,36.0,65.0,44.0,0.495,0.3418,1238993.0,1152030.0,49.39,40.88,0,NO,48.11,47.98,46.53,48.09,46.94,,7678,0.0,885295,NO,NO,2018-03-06,21639600.0
2073,APHU,25.26,24.35,20170.0,ETF,ETF,57.0,91.0,38.0,89.0,1.2414,0.7179,8295.0,5670.0,31.77,14.5,0,NO,24.29,24.65,,24.99,22.62,,150,3.41,20194,NO,NO,2026-05-26,71600.0
2074,AOA,98.13,99.06,94711.0,ETF,ETF,57.0,64.0,56.0,58.0,0.8082,0.5518,111049.0,142980.0,100.03,85.9,0,NO,98.53,98.09,94.3,98.36,95.54,,4492,0.0,94727,NO,NO,2022-12-12,1157400.0
2075,FLGT,21.27,21.54,190333.0,Healthcare,Diagnostics & Research,57.0,91.0,88.0,87.0,0.6529,0.6454,296726.0,381450.0,31.04,13.46,585250304,NO,20.41,19.75,20.23,19.66,17.98,,2508,0.0,190333,NO,NO,2021-03-05,7432100.0
2076,XVSP,32.12,32.8559,1099.0,ETF,ETF,57.0,,,,0.5949,0.1608,676.0,527.0,33.67,30.0,0,NO,31.68,,,,,,20,0.0,1099,NO,NO,2026-09-03,2805.0
2077,BEEX,27.48,27.605,12111.0,ETF,ETF,57.0,45.0,69.0,63.0,0.2168,0.1054,5417.0,700.0,28.47,23.6,0,NO,27.7,27.59,26.38,27.74,26.61,,442,0.0,12111,NO,NO,2024-12-17,183000.0
2078,EWK,26.42,26.97,19922.0,ETF,ETF,57.0,32.0,43.0,60.0,0.3207,0.2136,38326.0,86580.0,27.96,22.31,0,NO,27.26,27.01,26.06,27.09,26.31,,7678,0.0,19922,NO,NO,2016-05-11,11977500.0
2079,FDLO,71.19,71.96,41199.0,ETF,ETF,57.0,52.0,73.0,55.0,0.6041,0.4361,45871.0,47990.0,73.64,63.36,0,NO,72.14,71.9,68.88,72.08,69.46,,2518,0.0,41199,NO,NO,2024-03-11,1686700.0
2080,KEAT,33.56,33.853,2486.0,ETF,ETF,57.0,31.0,73.0,33.0,0.1965,0.0517,3001.0,580.0,35.32,28.76,0,NO,34.51,33.84,33.16,34.07,33.54,,624,0.0,2486,NO,NO,2024-04-15,236400.0
2081,KAIT,26.01,26.38,76175.0,ETF,ETF,57.0,,,,0.6507,0.3671,27462.0,27240.0,26.83,23.3,0,NO,24.92,,,,,,24,0.0,76175,NO,NO,2026-09-08,81500.0
2082,PCPP,26.9,27.23,15692.0,ETF,ETF,57.0,54.0,75.0,,0.4023,0.3587,22573.0,23850.0,29.38,24.73,0,NO,27.13,26.69,,26.82,,,75,0.0,15692,NO,NO,2026-06-08,218600.0
2083,PBA,45.83,46.39,698831.0,Industrial services,Oil & gas pipelines,57.0,23.0,31.0,34.0,0.8675,0.8193,961473.0,1239980.0,51.58,36.2,26652667904,NO,48.02,48.86,45.03,48.35,47.05,,4014,0.0,698831,NO,NO,2025-10-03,7363600.0
2084,AMP,502.79,535.72,663620.0,Finance,Investment managers,57.0,11.0,80.0,64.0,14.7164,12.7529,587650.0,716720.0,572.56,422.37,44413059072,NO,550.79,548.4,492.75,547.65,490.63,,5287,0.0,728057,NO,NO,2009-06-12,34678200.0
2085,PDP,137.89,137.53,5163.0,ETF,ETF,57.0,78.0,16.0,62.0,2.2464,1.5107,22495.0,11760.0,153.23,106.53,0,NO,134.59,136.33,132.03,136.82,135.75,,4922,0.0,5163,NO,NO,2013-04-01,2799900.0
2086,CBTY,22.49,22.125,45.0,ETF,ETF,57.0,91.0,88.0,59.0,0.2141,0.013,10752.0,850.0,27.08,19.15,0,NO,21.68,20.59,20.52,20.98,20.17,,304,0.0,100,NO,NO,2026-06-30,324500.0
2087,EMOT,26.03,26.018,16.0,ETF,ETF,57.0,41.0,58.0,54.0,0.1834,0.0196,457.0,410.0,27.47,22.96,0,NO,26.54,26.73,25.33,26.69,25.71,,546,0.0,1600,NO,NO,2026-01-16,65400.0
2088,BBHL,17.2,17.279,31530.0,ETF,ETF,56.0,65.0,59.0,64.0,0.1322,0.0863,41190.0,28340.0,17.8,14.63,0,NO,17.18,17.26,16.5,17.28,16.68,,212,0.0,31530,NO,NO,2026-01-12,318900.0
2089,DECZ,44.1,44.4,200.0,ETF,ETF,56.0,74.0,65.0,63.0,0.2861,0.0661,1790.0,760.0,44.64,37.98,0,NO,43.93,43.77,41.91,43.91,42.42,,1458,0.0,200,NO,NO,2025-05-06,1336500.0
2090,SPD,42.16,42.659,6507.0,ETF,ETF,56.0,68.0,63.0,66.0,0.4056,0.2121,8338.0,15030.0,43.93,35.72,0,NO,42.09,42.03,40.18,42.15,40.57,,1518,0.0,6512,NO,NO,2022-11-10,1405400.0
2091,CB,335.21,337.26,1803103.0,Financial Services,Insurance - Property & Casualty,56.0,56.0,53.0,37.0,5.2768,5.0196,1786471.0,1593040.0,365.91,265.3,129323974656,NO,340.16,345.37,328.72,344.1,334.76,,8431,0.0,1811055,NO,NO,2008-07-17,74437100.0
2092,XLFX,27.35,28.77,2220.0,ETF,ETF,56.0,10.0,44.0,,0.5356,0.1,1055.0,380.0,32.04,24.4,0,NO,29.97,30.23,,30.03,,,77,0.0,2220,NO,NO,2026-06-03,10100.0
2093,AVOS,27.16,27.47,10.0,ETF,ETF,56.0,44.0,59.0,58.0,0.2071,0.0236,2047.0,400.0,28.15,23.9,0,NO,27.67,27.48,,27.56,26.59,,138,0.0,10,NO,NO,2026-03-19,139000.0
2094,JGLO,72.52,73.13,54230.0,ETF,ETF,56.0,60.0,67.0,59.0,0.7198,0.4949,212607.0,92310.0,74.89,63.17,0,NO,72.95,72.8,69.93,73.05,70.45,,758,0.0,54230,NO,NO,2024-11-12,19127900.0
2095,EQQQ,41.37,41.18,3977.0,ETF,ETF,56.0,38.0,,,0.6625,0.3854,7100.0,3430.0,44.88,38.08,0,NO,40.69,,,41.08,,,43,0.0,3784,NO,NO,2026-08-13,61300.0
2096,NBJP,35.41,35.709,221.0,ETF,ETF,56.0,67.0,25.0,57.0,0.4132,0.1446,10298.0,2750.0,38.95,28.72,0,NO,35.82,35.82,34.56,35.94,35.24,,508,0.0,221,NO,NO,2026-01-15,565800.0
2097,LCLG,70.59,70.818,655.0,ETF,ETF,56.0,63.0,28.0,72.0,0.701,0.2108,700.0,370.0,76.05,56.79,0,NO,69.82,71.25,67.51,71.13,69.06,,1035,0.0,655,NO,NO,2023-01-04,30600.0
2098,FLJJ,34.6,34.325,12.0,ETF,ETF,56.0,70.0,65.0,49.0,0.1225,0.0164,677.0,590.0,34.6,31.07,0,NO,34.34,34.2,32.97,34.3,33.38,,661,0.63,3000,NO,NO,2025-05-01,806300.0
2099,XMHQ,113.48,114.08,160687.0,ETF,ETF,56.0,30.0,64.0,60.0,1.2025,1.0546,161323.0,152510.0,119.99,97.49,0,NO,116.21,116.23,109.55,116.48,110.86,,4981,0.0,160687,NO,NO,2024-05-29,5716100.0
2100,YOKE,31.26,31.301,25457.0,ETF,ETF,56.0,56.0,31.0,61.0,0.2376,0.1245,7773.0,15450.0,33.05,26.09,0,NO,31.22,31.6,30.0,31.62,30.77,,369,0.0,25457,NO,NO,2025-09-22,198700.0
2101,STRO,15.73,16.35,293951.0,Health technology,Pharmaceuticals: major,56.0,0.0,0.0,2.0,1.1254,1.0654,357674.0,464260.0,43.85,7.15,260821808,NO,18.54,21.47,22.7,20.24,25.96,,2006,0.0,293951,NO,NO,2026-06-26,2773500.0
2102,JAPN,25.58,25.658,18.0,ETF,ETF,56.0,77.0,87.0,61.0,0.2973,0.1214,4768.0,3860.0,28.69,21.98,0,NO,25.6,25.18,24.17,25.38,23.82,,342,0.0,18,NO,NO,2025-05-20,71900.0
2103,FDL,50.4,50.9,804012.0,ETF,ETF,56.0,28.0,56.0,33.0,0.5039,0.4293,779217.0,543500.0,53.76,42.1,0,NO,52.4,52.07,49.59,52.07,50.7,,5163,0.0,804012,NO,NO,2022-04-21,5267000.0
2104,BFOR,23.1,23.35,9363.0,ETF,ETF,56.0,29.0,44.0,58.0,0.2007,0.1464,34893.0,32900.0,24.65,19.31,0,NO,23.71,23.85,22.36,23.86,22.77,,3346,0.0,9363,NO,NO,2013-10-28,3772400.0
2105,KEN,65.6,66.09,8167.0,Utilities,Utilities - Independent Power Producers,56.0,64.0,38.0,4.0,1.9953,1.1936,20295.0,14180.0,95.93,41.53,0,NO,66.2,66.42,74.2,66.89,75.42,,2938,0.0,8167,NO,NO,2024-04-04,272600.0
2106,FRTY,23.3,23.226,20224.0,ETF,ETF,56.0,69.0,42.0,75.0,0.358,0.3091,20674.0,17230.0,24.82,18.46,0,NO,22.63,22.73,21.79,22.8,22.0,,1397,0.0,20224,NO,NO,2025-12-10,559800.0
2107,APIE,38.96,39.36,46367.0,ETF,ETF,56.0,52.0,60.0,59.0,0.5079,0.4031,82815.0,52550.0,40.2,34.0,0,NO,39.24,39.15,37.74,39.28,37.97,,850,0.0,46371,NO,NO,2024-04-08,10454500.0
2108,BGDV,30.47,30.64,53390.0,ETF,ETF,56.0,49.0,43.0,55.0,0.2091,0.1514,12225.0,13580.0,31.97,26.31,0,NO,30.74,31.08,29.54,31.04,30.09,,444,0.0,53390,NO,NO,2025-06-17,200200.0
2109,AROW,36.97,37.65,56919.0,Financial Services,Banks - Regional,56.0,35.0,16.0,58.0,0.945,0.8782,97017.0,91640.0,42.7,25.88,684822080,NO,38.41,39.28,36.17,38.82,37.56,,11595,0.0,56919,NO,NO,2007-06-22,1390389.0
2110,RSP,211.31,212.68,5914794.0,ETF,ETF,56.0,31.0,54.0,56.0,1.8779,1.5982,7547480.0,6572470.0,223.44,182.11,0,NO,216.54,217.16,205.04,217.13,208.1,,5886,0.0,5963613,NO,NO,2025-11-21,57508500.0
2111,PAAS,48.11,48.75,4009668.0,Non-energy minerals,Precious metals,56.0,11.0,69.0,22.0,1.9834,1.5598,4346031.0,3279720.0,69.99,33.08,19947272192,NO,50.9,48.33,52.8,49.15,51.14,,7872,0.0,4009668,NO,NO,2026-03-20,28015500.0
2112,XVTS,33.84,32.6,14.0,ETF,ETF,56.0,,,,0.6571,0.1179,2504.0,1410.0,33.84,30.28,0,NO,32.12,,,,,,23,0.0,200,NO,NO,2026-08-26,7400.0
2113,DIM,87.89,88.62,18875.0,ETF,ETF,56.0,59.0,57.0,49.0,0.8214,0.47,2873.0,3730.0,90.63,75.63,0,NO,89.21,88.32,85.75,88.71,86.56,,5098,0.0,18875,NO,NO,2007-03-23,1204000.0
2114,RTX,192.19,194.34,4151249.0,Electronic technology,Aerospace & defense,56.0,13.0,64.0,26.0,3.6236,3.5043,4567122.0,4243550.0,226.88,155.64,259025633280,NO,200.83,207.93,194.41,208.03,195.19,,16226,0.0,4217466,NO,NO,2001-09-17,63223768.0
2115,USVM,104.3,105.188,36896.0,ETF,ETF,56.0,27.0,30.0,59.0,0.9925,0.7578,42226.0,51560.0,112.66,86.52,0,NO,107.58,109.23,101.88,108.74,104.39,,2236,0.0,36896,NO,NO,2025-01-14,2903500.0
2116,PHDG,41.49,41.65,9144.0,ETF,ETF,56.0,75.0,56.0,54.0,0.3471,0.2207,8776.0,3080.0,43.41,34.73,0,NO,41.24,41.26,39.81,41.38,40.68,,3468,0.0,9144,NO,NO,2016-05-12,3008500.0
2117,SELV,34.34,34.588,6392.0,ETF,ETF,56.0,50.0,77.0,45.0,0.276,0.1756,17153.0,9370.0,35.62,30.92,0,NO,34.98,34.55,33.21,34.68,33.39,,1090,0.0,6392,NO,NO,2024-02-13,3083100.0
2118,GFI,40.82,41.99,3479612.0,Basic Materials,Gold,56.0,4.0,91.0,30.0,1.6643,1.2386,3674093.0,2840750.0,61.64,31.11,36366393344,NO,45.19,40.25,43.86,41.58,41.31,,11724,0.0,3479612,NO,NO,2022-11-04,67307400.0
2119,SHUS,51.01,50.594,7.0,ETF,ETF,56.0,45.0,69.0,55.0,0.3106,0.0,96.0,100.0,52.65,44.55,0,NO,51.62,51.56,49.05,51.59,49.74,,1318,0.0,100,NO,NO,2022-10-17,54900.0
2120,FMCE,28.51,28.408,9.0,ETF,ETF,56.0,60.0,59.0,62.0,0.1832,0.0211,225.0,140.0,29.41,24.39,0,NO,28.68,28.59,27.32,28.68,27.66,,461,0.0,100,NO,NO,2025-02-14,120100.0
2121,SPHQ,84.6,84.81,1521293.0,ETF,ETF,56.0,58.0,32.0,59.0,0.8379,0.7236,1461393.0,1076970.0,90.36,71.57,0,NO,84.71,85.35,81.5,85.31,83.22,,5230,0.0,1521293,NO,NO,2023-01-23,13295300.0
2122,BGIG,35.77,36.1,76966.0,ETF,ETF,56.0,41.0,54.0,50.0,0.2716,0.2296,124917.0,178460.0,37.73,31.52,0,NO,36.36,36.58,34.72,36.59,35.34,,757,0.0,76966,NO,NO,2026-04-02,695400.0
2123,UMI,58.87,59.61,206247.0,ETF,ETF,56.0,38.0,42.0,32.0,0.9453,0.9203,18949.0,22170.0,64.77,47.74,0,NO,60.78,60.81,57.18,60.64,59.41,,2213,0.0,206247,NO,NO,2021-03-31,1223600.0
2124,GGRW,37.82,36.921,15.0,ETF,ETF,56.0,63.0,48.0,63.0,0.3719,0.1231,428.0,370.0,38.72,31.45,0,NO,37.08,37.29,35.91,37.35,36.28,,1403,0.46,200,NO,NO,2024-01-10,104400.0
2125,HEQQ,62.52,62.546,13.0,ETF,ETF,56.0,85.0,63.0,56.0,0.321,0.0775,549.0,1150.0,62.88,55.32,0,NO,61.19,60.84,59.57,61.15,60.01,,374,0.0,13,NO,NO,2025-09-23,101700.0
2126,GQI,60.65,61.047,22595.0,ETF,ETF,56.0,78.0,71.0,53.0,0.4247,0.3371,22334.0,30360.0,61.29,53.47,0,NO,60.23,59.98,58.12,60.15,58.41,,695,0.0,22595,NO,NO,2026-01-06,845300.0
2127,RSSL,110.79,112.17,1035.0,ETF,ETF,56.0,24.0,23.0,65.0,1.0044,0.3738,14309.0,1920.0,119.41,89.95,0,NO,114.04,115.45,107.83,115.01,110.41,,576,0.0,1035,NO,NO,2024-06-14,4924400.0
2128,JHDG,28.01,28.2,687.0,ETF,ETF,56.0,66.0,63.0,,0.1677,0.0734,18034.0,19630.0,28.81,25.62,0,NO,27.96,27.93,,28.07,,,116,0.0,687,NO,NO,2026-05-13,1041300.0
2129,SSNC,79.72,80.4,1534813.0,Technology,Software - Application,56.0,35.0,90.0,60.0,1.7693,1.5879,1778679.0,1668980.0,89.93,61.4,18706696192,NO,81.54,78.6,75.11,80.16,72.22,,4145,0.0,1534813,NO,NO,2018-04-04,18212400.0
2130,XJR,48.93,49.34,2982.0,ETF,ETF,56.0,24.0,27.0,64.0,0.4731,0.3346,8976.0,8000.0,53.57,39.83,0,NO,50.36,51.4,47.69,51.16,48.97,,1504,0.0,2982,NO,NO,2021-01-27,122700.0
2131,QABA,65.29,66.57,2090.0,ETF,ETF,56.0,35.0,42.0,63.0,0.8,0.5025,11182.0,15560.0,70.66,51.9,0,NO,67.32,68.28,62.82,68.06,64.19,,4333,0.0,2090,NO,NO,2016-11-15,928600.0
2132,JPIN,74.58,76.06,261686.0,ETF,ETF,56.0,40.0,69.0,45.0,0.797,0.3941,7371.0,6210.0,77.94,64.92,0,NO,76.68,75.82,73.26,76.12,74.02,,2983,0.0,261686,NO,NO,2019-03-08,3121600.0
2133,AUGZ,46.2,46.472,1322.0,ETF,ETF,56.0,74.0,65.0,63.0,0.2786,0.0711,3025.0,1590.0,46.95,39.83,0,NO,46.0,45.82,43.94,45.96,44.44,,1542,0.0,1322,NO,NO,2025-05-01,1131700.0
2134,SMLF,84.7,85.4,123041.0,ETF,ETF,56.0,28.0,34.0,62.0,0.9656,0.7942,165223.0,159660.0,90.73,70.0,0,NO,86.7,87.52,82.14,87.4,83.91,,2866,0.0,123049,NO,NO,2026-01-29,2504900.0
2135,ETG,23.18,23.45,61256.0,Financial Services,Asset Management,56.0,39.0,59.0,66.0,0.3829,0.3393,87217.0,83360.0,24.71,19.34,1769141760,NO,23.65,23.67,22.78,23.72,22.69,,5698,0.0,61256,NO,NO,2008-10-10,1498400.0
2136,RVI,28.18,28.5,101352.0,Miscellaneous,Investment trusts,56.0,88.0,3.0,62.0,1.0478,0.9349,263868.0,127410.0,77.39,21.0,767826560,NO,27.55,27.22,,27.28,31.58,,138,0.0,101352,NO,NO,2026-03-06,4787800.0
2137,YANG,31.03,29.98,649085.0,ETF,ETF,56.0,95.0,7.0,31.0,1.2264,0.6886,718958.0,793240.0,42.22,19.94,0,NO,29.91,29.31,28.09,29.13,30.33,,4225,2.0,649085,NO,NO,2025-10-10,18624300.0
2138,SFLR,39.29,39.42,224041.0,ETF,ETF,55.0,80.0,64.0,55.0,0.314,0.2381,218246.0,243560.0,40.12,34.69,0,NO,38.91,38.79,37.56,38.9,37.85,,969,0.0,224041,NO,NO,2026-05-20,5981500.0
2139,PSCJ,32.41,32.15,70.0,ETF,ETF,55.0,69.0,65.0,48.0,0.1265,0.0216,639.0,370.0,33.0,29.16,0,NO,32.17,32.03,30.96,32.14,31.34,,1311,0.65,600,NO,NO,2025-05-13,407100.0
2140,EEMS,75.45,76.65,13009.0,ETF,ETF,55.0,79.0,52.0,48.0,1.075,0.6125,62734.0,115790.0,79.44,65.04,0,NO,76.03,74.21,73.06,74.64,74.24,,3795,0.0,13009,NO,NO,2026-05-27,2019300.0
2141,UBS,47.74,51.06,3077791.0,Finance,Investment managers,55.0,9.0,21.0,85.0,1.1857,0.7632,1736015.0,1851230.0,55.98,36.3,146167578624,NO,53.37,53.2,46.73,52.85,47.44,,6627,0.0,3077791,NO,NO,2023-03-20,40634500.0
2142,BGUS,26.97,27.22,11.0,ETF,ETF,55.0,74.0,,,0.2741,0.0,9030.0,100.0,27.43,24.65,0,NO,26.63,,,,,,40,0.0,11,NO,NO,2026-07-28,41500.0
2143,LOWV,82.56,83.466,12553.0,ETF,ETF,55.0,61.0,75.0,58.0,0.5797,0.2356,8473.0,7910.0,84.85,71.99,0,NO,83.24,82.96,79.55,83.2,80.09,,875,0.0,12553,NO,NO,2024-04-08,122900.0
2144,DFAS,78.59,79.41,584384.0,ETF,ETF,55.0,26.0,38.0,58.0,0.8436,0.7329,469731.0,447390.0,84.52,65.03,0,NO,80.84,81.69,76.8,81.53,78.24,,1325,0.0,586440,NO,NO,2025-04-04,2317600.0
2145,EUSA,113.33,114.01,63809.0,ETF,ETF,55.0,33.0,54.0,58.0,1.02,0.8121,74409.0,61900.0,119.75,98.54,0,NO,115.62,116.01,109.66,116.07,111.26,,4119,0.0,63809,NO,NO,2011-11-30,4233800.0
2146,UMBF,133.85,133.53,700624.0,Finance,Major banks,55.0,15.0,25.0,79.0,2.8154,2.7368,641985.0,737430.0,153.32,103.38,10165912576,NO,139.77,143.46,129.38,142.59,132.47,,11724,0.0,700624,NO,NO,2016-12-06,6362900.0
2147,ITDD,38.67,39.06,9062.0,ETF,ETF,55.0,62.0,56.0,57.0,0.3142,0.1919,20025.0,24650.0,39.47,34.08,0,NO,38.89,38.76,37.2,38.85,37.7,,733,0.0,9062,NO,NO,2026-09-04,203100.0
2148,DVVY,26.93,26.97,16.0,ETF,ETF,55.0,63.0,70.0,,0.1214,0.0057,134.0,100.0,27.8,24.23,0,NO,27.37,27.3,,27.35,,,128,0.0,100,NO,NO,2026-08-28,1500.0
2149,LSEQ,33.63,33.544,188.0,ETF,ETF,55.0,31.0,21.0,43.0,0.268,0.0843,1707.0,2400.0,36.02,26.5,0,NO,34.51,34.23,32.87,34.26,34.03,,702,0.08,188,NO,NO,2023-12-07,376400.0
2150,SMOX,29.06,29.194,10565.0,ETF,ETF,55.0,31.0,28.0,54.0,0.3387,0.2828,50455.0,14310.0,31.72,25.05,0,NO,29.68,30.15,28.34,30.11,29.11,,200,0.0,10681,NO,NO,2025-12-09,2007200.0
2151,DIVS,33.49,33.756,1103.0,ETF,ETF,55.0,35.0,64.0,56.0,0.228,0.0648,1353.0,1670.0,35.09,29.68,0,NO,34.11,34.17,32.56,34.22,32.84,,1375,0.0,1103,NO,NO,2024-11-19,145400.0
2152,XSVM,66.22,67.17,25673.0,ETF,ETF,55.0,25.0,29.0,61.0,0.8314,0.7264,36746.0,53370.0,72.97,52.86,0,NO,68.95,70.2,64.88,69.78,66.78,,5423,0.0,25673,NO,NO,2021-07-01,722400.0
2153,SQM,69.08,69.53,736056.0,Basic Materials,Specialty Chemicals,55.0,4.0,12.0,10.0,2.7329,2.195,981201.0,1154280.0,98.0,40.58,19731861504,NO,74.64,72.73,76.62,72.58,77.61,,8307,0.0,736056,NO,NO,1996-04-26,30256447.0
2154,TRMK,45.69,46.44,294000.0,Finance,Regional banks,55.0,55.0,48.0,52.0,1.0168,0.9789,421106.0,526510.0,49.0,36.33,2653244416,NO,46.38,46.89,44.07,46.86,45.12,,11724,0.0,294000,NO,NO,2021-08-27,13076900.0
2155,CUZ,28.25,28.66,2413392.0,Real Estate,REIT - Office,55.0,30.0,35.0,85.0,0.6121,0.5971,1496868.0,1453140.0,32.95,21.03,4650714112,NO,28.68,29.9,26.62,29.6,27.3,,11724,0.0,2413392,NO,NO,2016-10-05,19245056.0
2156,SPSM,53.7,54.14,2195702.0,ETF,ETF,55.0,22.0,29.0,61.0,0.5839,0.5239,1687831.0,1727470.0,58.6,43.66,0,NO,55.55,56.55,52.6,56.29,53.95,,3322,0.0,2195702,NO,NO,2024-02-13,15358900.0
2157,BKSE,42.34,42.687,1860.0,ETF,ETF,55.0,23.0,32.0,60.0,0.3823,0.2165,5090.0,4880.0,46.02,35.0,0,NO,43.58,44.28,41.37,44.1,42.22,,1620,0.0,1860,NO,NO,2023-02-01,2017800.0
2158,DHS,114.1,115.04,19447.0,ETF,ETF,55.0,32.0,52.0,46.0,0.9529,0.8311,32879.0,50130.0,120.71,97.15,0,NO,117.34,117.43,111.32,117.32,113.38,,5098,0.0,19471,NO,NO,2015-03-10,1981600.0
2159,GOOX,68.53,75.44,209493.0,ETF,ETF,55.0,26.0,10.0,60.0,3.4014,2.7632,94406.0,119930.0,107.5,41.7,0,NO,70.51,73.35,75.62,72.0,76.61,,676,0.0,209493,NO,NO,2025-07-29,677500.0
2160,DFSI,45.72,46.43,61035.0,ETF,ETF,55.0,38.0,61.0,50.0,0.5556,0.3866,56611.0,61700.0,47.96,39.9,0,NO,46.7,46.47,44.92,46.61,45.16,,974,0.0,61035,NO,NO,2022-11-03,806800.0
2161,SHRY,45.35,46.089,101.0,ETF,ETF,55.0,29.0,79.0,40.0,0.3936,0.0434,501.0,320.0,48.25,40.12,0,NO,47.27,46.64,44.28,46.83,44.76,,2325,0.0,101,NO,NO,2018-04-18,313500.0
2162,BLX,55.25,54.76,136988.0,Finance,Major banks,55.0,86.0,11.0,53.0,1.1421,1.0893,187031.0,213770.0,63.2,38.41,0,NO,54.83,56.34,52.71,55.83,55.35,,8557,0.0,136988,NO,NO,1992-09-24,2366000.0
2163,ISCB,72.29,72.93,7335.0,ETF,ETF,55.0,26.0,40.0,59.0,0.7034,0.5034,4360.0,4060.0,77.55,60.51,0,NO,74.26,75.0,70.64,74.86,71.82,,5585,0.0,7335,NO,NO,2010-06-02,1352800.0
2164,PTEU,33.13,33.482,573.0,ETF,ETF,55.0,33.0,53.0,59.0,0.3366,0.1741,1938.0,1630.0,34.91,28.85,0,NO,33.8,33.82,32.29,33.87,32.51,,2705,0.0,573,NO,NO,2019-05-09,732700.0
2165,BAMA,36.77,37.11,4648.0,ETF,ETF,55.0,68.0,57.0,57.0,0.2398,0.1081,4444.0,4090.0,37.36,32.28,0,NO,36.74,36.63,35.33,36.72,35.78,,745,0.0,4648,NO,NO,2023-11-10,222400.0
2166,PBL,33.65,33.83,4367.0,ETF,ETF,55.0,69.0,62.0,59.0,0.2686,0.1598,6207.0,28400.0,34.37,29.56,0,NO,33.53,33.53,32.14,33.6,32.55,,939,0.0,4367,NO,NO,2024-06-25,298900.0
2167,IVVB,35.53,35.7,26019.0,ETF,ETF,55.0,77.0,66.0,55.0,0.2254,0.1329,18687.0,14280.0,36.92,31.67,0,NO,35.36,35.16,33.98,35.29,34.26,,810,0.0,26019,NO,NO,2025-03-12,3881400.0
2168,PRAY,34.95,35.167,6143.0,ETF,ETF,55.0,47.0,47.0,50.0,0.3779,0.1876,11293.0,5310.0,36.51,30.49,0,NO,35.19,35.32,34.08,35.38,34.69,,1159,0.0,6143,NO,NO,2026-07-15,131700.0
2169,FDV,32.09,32.45,177730.0,ETF,ETF,55.0,26.0,57.0,42.0,0.2954,0.254,137961.0,132100.0,35.11,27.76,0,NO,33.18,33.17,31.33,33.16,31.92,,964,0.0,177730,NO,NO,2026-04-22,1858500.0
2170,USB,58.48,60.44,7228603.0,Financial Services,Banks - Regional,55.0,24.0,32.0,64.0,1.3079,1.1986,7692144.0,8933920.0,66.08,45.02,91114848256,NO,61.81,62.94,57.43,62.56,58.26,,13460,0.0,7504797,NO,NO,2009-05-12,151560700.0
2171,GFGF,36.25,36.582,22.0,ETF,ETF,55.0,63.0,70.0,63.0,0.2543,0.0214,2650.0,460.0,37.01,30.65,0,NO,36.44,36.27,34.95,36.34,34.99,,1195,0.0,22,NO,NO,2021-12-16,257200.0
2172,ESMV,30.98,31.145,36.0,ETF,ETF,55.0,44.0,68.0,53.0,0.1895,0.0234,414.0,330.0,32.19,27.68,0,NO,31.49,31.25,29.8,31.34,30.11,,1219,0.0,36,NO,NO,2024-02-08,647500.0
2173,TRUF,28.53,29.26,8.0,ETF,ETF,55.0,30.0,53.0,,0.2636,0.0407,358.0,130.0,30.52,25.58,0,NO,29.79,29.8,,29.74,,,119,0.0,8,NO,NO,2026-04-02,3600.0
2174,UDI,35.65,36.284,3743.0,ETF,ETF,55.0,29.0,48.0,47.0,0.2519,0.1111,1022.0,1820.0,37.74,30.26,0,NO,36.96,37.0,34.79,36.94,35.47,,1076,0.0,3743,NO,NO,2022-06-08,201200.0
2175,EFAV,92.4,93.42,394929.0,ETF,ETF,55.0,48.0,77.0,38.0,0.8886,0.5543,488606.0,457170.0,95.34,83.37,0,NO,93.96,93.08,90.71,93.44,91.42,,3751,0.0,394929,NO,NO,2022-09-27,44718600.0
2176,EWUS,43.42,44.36,3744.0,ETF,ETF,55.0,25.0,74.0,52.0,0.4871,0.15,3607.0,1780.0,46.45,38.02,0,NO,44.62,44.57,42.87,44.75,42.83,,3685,0.0,3744,NO,NO,2020-04-20,531400.0
2177,IVOG,138.25,138.19,21808.0,ETF,ETF,55.0,35.0,29.0,55.0,1.4993,1.23,23233.0,25090.0,148.72,113.78,0,NO,139.55,141.58,134.41,141.61,137.7,,4033,0.0,21808,NO,NO,2017-12-05,2216200.0
2178,TRND,37.01,37.26,192.0,ETF,ETF,55.0,65.0,55.0,58.0,0.2797,0.133,3519.0,5080.0,39.09,30.59,0,NO,37.01,36.95,35.52,37.05,35.94,,1856,0.0,192,NO,NO,2021-03-18,220500.0
2179,FEBZ,41.08,41.313,3258.0,ETF,ETF,55.0,74.0,64.0,61.0,0.2371,0.0358,3331.0,1110.0,41.58,35.59,0,NO,40.92,40.8,39.14,40.91,39.6,,1417,0.0,3258,NO,NO,2025-08-01,102600.0
2180,NBIE,26.82,27.1,128615.0,ETF,ETF,55.0,43.0,63.0,58.0,0.2714,0.1482,31804.0,39380.0,27.81,23.51,0,NO,27.24,27.15,,27.25,,,137,0.0,128615,NO,NO,2026-03-12,8494900.0
2181,ISCG,61.89,62.24,24545.0,ETF,ETF,55.0,29.0,36.0,60.0,0.7029,0.5846,22900.0,25770.0,66.5,51.65,0,NO,62.94,63.66,60.34,63.56,61.34,,5585,0.0,24545,NO,NO,2021-05-07,1891200.0
2182,RWK,141.53,142.53,12056.0,ETF,ETF,55.0,25.0,40.0,61.0,1.5386,1.2815,18307.0,17740.0,152.74,118.54,0,NO,146.0,148.05,138.61,147.74,141.23,,4665,0.0,12693,NO,NO,2025-08-18,574400.0
2183,ETO,30.45,30.79,18448.0,Financial Services,Asset Management,55.0,38.0,55.0,62.0,0.4936,0.4786,26103.0,22110.0,32.35,25.68,499018816,NO,31.13,31.13,29.95,31.15,29.99,,5616,0.0,18448,NO,NO,2022-08-17,495500.0
2184,SMDX,25.92,25.777,8.0,ETF,ETF,55.0,32.0,35.0,57.0,0.1746,0.0033,204.0,140.0,27.71,21.42,0,NO,26.3,26.7,25.23,26.65,25.79,,392,0.0,500,NO,NO,2025-03-03,2450700.0
2185,CEF,43.46,44.35,584563.0,ETF,ETF,55.0,14.0,74.0,26.0,1.0861,0.7939,599477.0,382380.0,61.38,35.03,7621413376,NO,44.82,43.3,46.79,43.86,45.39,,10196,0.0,584563,NO,NO,2011-05-05,11600000.0
2186,JPM,337.53,340.0,7050878.0,Financial Services,Banks - Diversified,55.0,25.0,54.0,68.0,7.5428,7.3042,7911860.0,9047460.0,366.5,279.1,897217593344,NO,352.72,353.51,321.0,353.66,323.98,,11725,0.0,7050878,NO,NO,2012-05-11,217294200.0
2187,SPIN,33.51,33.703,2382.0,ETF,ETF,55.0,76.0,76.0,52.0,0.2673,0.1426,4133.0,7170.0,33.85,29.64,0,NO,33.2,33.02,32.25,33.2,32.18,,513,0.0,2382,NO,NO,2025-10-22,650500.0
2188,FDEV,36.9,37.29,17951.0,ETF,ETF,54.0,41.0,70.0,43.0,0.4166,0.2829,28046.0,23550.0,38.47,32.43,0,NO,37.74,37.42,36.33,37.54,36.51,,1901,0.0,17951,NO,NO,2026-06-17,384100.0
2189,IWFG,55.35,55.725,1540.0,ETF,ETF,54.0,83.0,69.0,71.0,0.528,0.0924,547.0,340.0,56.28,44.81,0,NO,54.23,54.1,52.37,54.43,52.57,,1066,0.0,1540,NO,NO,2025-09-30,660100.0
2190,UYM,28.62,28.15,4658.0,ETF,ETF,54.0,7.0,24.0,48.0,0.73,0.5236,12079.0,7670.0,34.54,21.34,0,NO,30.25,30.44,29.61,30.39,30.07,,4941,0.0,4658,NO,NO,2008-11-13,69206000.0
2191,ARGT,91.1,92.39,103210.0,ETF,ETF,54.0,54.0,38.0,41.0,1.9486,1.9286,143836.0,127060.0,103.97,66.49,0,NO,94.82,93.86,92.72,93.42,92.11,,3912,0.0,103210,NO,NO,2025-10-27,2944800.0
2192,EXEQ,27.23,26.87,17.0,ETF,ETF,54.0,29.0,52.0,62.0,0.1986,0.0221,233.0,120.0,28.77,23.09,0,NO,27.65,27.57,,27.65,26.35,,151,0.6,300,NO,NO,2026-02-20,11400.0
2193,BIDD,30.61,30.99,25146.0,ETF,ETF,54.0,61.0,65.0,49.0,0.3495,0.2023,38503.0,20560.0,32.48,27.3,0,NO,30.77,30.41,30.13,30.6,30.24,,461,0.0,25146,NO,NO,2025-10-08,5098100.0
2194,LCTD,58.59,59.26,85951.0,ETF,ETF,54.0,41.0,63.0,47.0,0.6376,0.3853,16580.0,25560.0,60.77,51.92,0,NO,59.55,59.31,57.62,59.49,57.98,,1371,0.0,85951,NO,NO,2021-04-08,13095300.0
2195,BBIN,78.5,79.93,35867.0,ETF,ETF,54.0,39.0,57.0,50.0,0.9234,0.508,169695.0,72930.0,81.8,68.71,0,NO,80.25,79.91,77.11,80.14,77.72,,1705,0.0,35867,NO,NO,2020-06-11,35556700.0
2196,KFY,73.96,76.77,561991.0,Commercial services,Personnel services,54.0,6.0,64.0,74.0,2.3465,2.1599,500111.0,658350.0,87.51,58.95,4035172608,NO,81.06,81.45,70.3,81.38,72.15,,6945,0.0,561991,NO,NO,1999-02-11,7954500.0
2197,EWD,51.32,51.76,135552.0,ETF,ETF,54.0,33.0,74.0,46.0,0.7121,0.4821,296496.0,271570.0,54.93,45.34,0,NO,52.46,52.14,51.31,52.4,51.26,,7678,0.0,135552,NO,NO,2011-02-03,5970300.0
2198,RHTX,20.01,20.19,2011.0,ETF,ETF,54.0,46.0,56.0,52.0,0.1461,0.0234,636.0,1100.0,20.6,17.46,0,NO,20.18,20.1,19.67,20.16,19.78,,1221,0.0,2011,NO,NO,2022-03-29,603300.0
2199,GPIX,56.08,56.41,1321352.0,ETF,ETF,54.0,71.0,62.0,59.0,0.4547,0.3419,1096382.0,1230350.0,56.73,48.46,0,NO,55.82,55.74,53.86,55.91,54.33,,727,0.0,1321352,NO,NO,2026-05-20,2249100.0
2200,XME,109.58,109.0,1229276.0,ETF,ETF,54.0,14.0,40.0,44.0,3.2068,2.6411,1969319.0,1581380.0,135.68,85.63,0,NO,115.39,111.19,113.77,112.39,112.63,,5094,0.0,1229276,NO,NO,2016-05-09,24548500.0
2201,CEE,19.39,19.63,12014.0,Financial Services,Asset Management,54.0,26.0,13.0,58.0,0.7896,0.76,25077.0,19650.0,21.98,14.76,0,NO,19.85,20.47,19.65,20.32,20.1,,9208,0.0,12014,NO,NO,1990-02-28,8639800.0
2202,RFLR,31.56,31.829,7100.0,ETF,ETF,54.0,31.0,44.0,53.0,0.2838,0.1885,14515.0,22140.0,35.16,26.7,0,NO,32.32,32.61,30.62,32.51,31.18,,505,0.0,7100,NO,NO,2026-04-06,348200.0
2203,IREN,47.05,48.55,32092113.0,Financial Services,Capital Markets,54.0,96.0,17.0,65.0,2.7979,2.6893,43681193.0,35911430.0,76.87,28.93,18540460032,NO,42.78,40.86,45.6,41.87,45.38,,1216,0.0,32093751,YES,NO,2026-05-11,112561500.0
2204,SLYG,108.56,109.44,137969.0,ETF,ETF,54.0,21.0,23.0,64.0,1.1731,1.041,123853.0,116440.0,119.84,88.67,0,NO,111.88,114.63,106.25,113.94,109.21,,6531,0.0,137982,NO,NO,2018-10-05,4742100.0
2205,GVIP,171.72,173.543,9159.0,ETF,ETF,54.0,66.0,22.0,69.0,2.5096,1.6089,10219.0,6040.0,192.13,138.73,0,NO,170.97,172.45,165.48,172.22,168.87,,2477,0.0,9159,NO,NO,2019-01-15,369700.0
2206,PYPL,52.51,52.89,11467467.0,Financial Services,Credit Services,54.0,4.0,92.0,75.0,1.5554,1.4754,14999680.0,12969150.0,79.22,38.46,44920250368,NO,54.24,56.88,50.53,56.29,49.38,,2822,0.0,11557867,YES,NO,2026-02-03,141690600.0
2207,DMXU,38.2,38.68,2404.0,ETF,ETF,54.0,45.0,57.0,55.0,0.6061,0.3975,3411.0,3700.0,41.59,32.92,0,NO,38.78,38.73,37.32,38.82,37.63,,1979,0.0,2404,NO,NO,2023-05-30,151000.0
2208,CBSE,46.86,47.472,1090.0,ETF,ETF,54.0,38.0,17.0,64.0,0.5519,0.2652,7844.0,6100.0,52.82,36.94,0,NO,47.35,47.74,45.4,47.54,46.85,,1469,0.0,1090,NO,NO,2024-01-11,153400.0
2209,NBSM,27.81,27.83,7350.0,ETF,ETF,54.0,26.0,56.0,57.0,0.2475,0.1922,15857.0,10400.0,29.61,24.31,0,NO,28.5,28.69,27.06,28.66,27.35,,628,0.0,7350,NO,NO,2025-04-11,2177300.0
2210,CCEP,99.69,100.53,1883693.0,Consumer Defensive,Beverages - Non-Alcoholic,54.0,15.0,58.0,48.0,2.2214,1.905,1881703.0,2065500.0,113.67,84.66,43872018432,NO,105.02,106.38,98.34,105.56,99.98,,10032,0.0,1972999,NO,NO,2016-05-27,62250400.0
2211,NOVZ,47.85,48.136,739.0,ETF,ETF,54.0,73.0,63.0,60.0,0.2608,0.0311,2976.0,290.0,48.41,41.57,0,NO,47.68,47.55,45.65,47.67,46.18,,1478,0.0,739,NO,NO,2025-07-14,302700.0
2212,SFBC,47.4,48.33,1994.0,Finance,Regional banks,54.0,73.0,82.0,43.0,0.7407,0.6098,14168.0,9580.0,49.21,40.68,121725240,NO,47.8,46.9,44.17,47.12,44.41,,4705,0.0,1994,NO,NO,2025-06-27,265100.0
2213,CDP,33.77,34.58,811092.0,Real Estate,REIT - Office,54.0,11.0,35.0,47.0,0.7093,0.6757,937033.0,987240.0,38.9,27.06,3912067328,NO,35.44,36.59,32.92,36.27,34.13,,8743,0.0,811092,NO,NO,2021-06-25,13551500.0
2214,LAMR,144.22,146.08,436999.0,Finance,Real estate investment trusts,54.0,32.0,21.0,64.0,2.0686,2.0257,609969.0,537380.0,166.33,114.45,14645494784,NO,149.17,154.25,141.9,152.78,147.09,,7582,0.0,436999,NO,NO,2007-10-05,10761600.0
2215,TRNO,66.02,66.38,613120.0,Finance,Real estate investment trusts,54.0,41.0,51.0,50.0,1.015,0.97,832915.0,786760.0,78.94,55.92,7194219520,NO,66.07,68.89,65.14,67.88,66.21,,4179,0.0,613120,NO,NO,2024-12-20,19700100.0
2216,ESLV,28.16,28.246,4474.0,ETF,ETF,54.0,32.0,47.0,48.0,0.168,0.1174,5173.0,4360.0,29.71,24.3,0,NO,28.76,28.91,27.38,28.88,27.88,,246,0.0,4474,NO,NO,2026-04-14,104100.0
2217,EWBC,124.49,127.77,728846.0,Financial Services,Banks - Regional,54.0,33.0,22.0,76.0,2.5407,2.4525,809479.0,971700.0,137.47,92.67,17056605184,NO,128.43,130.83,121.2,130.11,123.62,,6951,0.0,728846,NO,NO,2010-06-25,19006800.0
2218,IWM,281.92,287.21,24267666.0,ETF,ETF,54.0,25.0,21.0,63.0,3.5521,3.0429,20875592.0,24940520.0,305.18,228.9,0,NO,290.37,294.56,275.37,293.57,281.92,,6620,0.0,24267666,YES,NO,2008-09-18,355117000.0
2219,FLGB,36.09,36.75,32456.0,ETF,ETF,54.0,33.0,60.0,45.0,0.3985,0.2483,121547.0,41770.0,38.03,31.45,0,NO,37.03,36.92,35.67,37.0,35.98,,2230,0.0,32456,NO,NO,2021-10-26,11001600.0
2220,IPO,53.76,53.89,13421.0,ETF,ETF,54.0,63.0,19.0,82.0,0.9729,0.7479,22053.0,15330.0,60.33,39.31,0,NO,53.0,53.59,49.75,53.57,51.35,,3252,0.0,13421,NO,NO,2020-12-09,1199600.0
2221,SKY,85.46,86.49,408277.0,Consumer Cyclical,Residential Construction,54.0,27.0,59.0,64.0,2.9645,2.8745,672393.0,636510.0,99.17,63.69,4638780416,NO,86.29,86.68,83.14,87.19,80.95,,13460,0.0,414600,NO,NO,2024-12-20,10462900.0
2222,EUO,31.26,30.75,10583.0,ETF,ETF,54.0,89.0,54.0,46.0,0.195,0.1239,15584.0,8120.0,31.29,26.93,0,NO,30.15,30.26,29.38,30.29,29.88,,4482,1.27,10583,NO,NO,2011-10-27,12556300.0
2223,JHAC,15.66,15.474,56.0,ETF,ETF,54.0,67.0,80.0,63.0,0.1268,0.0,211.0,100.0,16.02,13.26,0,NO,15.71,15.55,14.99,15.63,14.95,,722,0.0,100,NO,NO,2023-11-06,184900.0
2224,ESNT,65.45,66.47,645691.0,Finance,Specialty insurance,54.0,36.0,82.0,64.0,1.265,1.2071,696234.0,892740.0,70.37,55.34,5882416640,NO,68.26,67.55,62.99,67.7,63.03,,3241,0.0,645691,NO,NO,2020-05-29,18389600.0
2225,EQIN,52.26,52.938,22474.0,ETF,ETF,54.0,35.0,52.0,45.0,0.5454,0.4466,15126.0,16190.0,56.2,45.33,0,NO,53.91,53.68,50.87,53.69,51.57,,2558,0.0,22474,NO,NO,2021-12-01,454100.0
2226,BWMX,16.51,16.69,53186.0,Consumer Cyclical,Specialty Retail,54.0,85.0,22.0,19.0,0.5927,0.5437,79623.0,103340.0,19.79,12.34,651898240,NO,15.94,16.57,16.99,16.38,17.1,,1940,0.0,53186,NO,NO,2022-02-11,1138400.0
2227,EQAL,58.37,58.87,16110.0,ETF,ETF,54.0,26.0,49.0,47.0,0.4736,0.3887,32157.0,47510.0,62.03,49.86,0,NO,60.25,60.25,57.37,60.24,58.43,,2952,0.0,16110,NO,NO,2019-01-02,4775100.0
2228,BKLG,25.99,26.21,304.0,ETF,ETF,54.0,82.0,,,0.2004,0.019,309.0,110.0,26.25,23.93,0,NO,25.6,25.38,,25.53,,,64,0.0,304,NO,NO,2026-06-29,1200.0
2229,KYC,25.51,26.08,1179.0,ETF,ETF,54.0,14.0,83.0,,0.3992,0.0913,814.0,350.0,28.21,22.75,0,NO,26.91,26.58,,26.54,,,96,0.0,1179,NO,NO,2026-05-06,50700.0
2230,FFND,32.31,32.837,6916.0,ETF,ETF,54.0,41.0,58.0,58.0,0.3149,0.1644,9690.0,9310.0,34.07,27.87,0,NO,32.68,32.84,31.37,32.9,31.67,,1274,0.0,6916,NO,NO,2025-01-23,2023900.0
2231,KDVD,27.98,28.333,523.0,ETF,ETF,54.0,33.0,45.0,51.0,0.1901,0.0527,331.0,150.0,29.5,24.89,0,NO,28.74,28.84,,28.86,27.74,,198,0.0,523,NO,NO,2025-12-08,55200.0
2232,EFAX,54.0,54.823,9171.0,ETF,ETF,54.0,39.0,55.0,53.0,0.5688,0.307,18490.0,10440.0,56.51,47.86,0,NO,55.1,55.02,52.98,55.17,53.35,,2483,0.0,9171,NO,NO,2022-03-25,529600.0
2233,CTAS,191.97,196.88,3245651.0,Industrials,Specialty Business Services,54.0,24.0,86.0,44.0,3.7979,3.6407,2120490.0,2120670.0,219.17,161.16,76820553728,NO,200.25,202.0,187.63,201.27,185.78,,10857,0.0,3255648,NO,NO,2001-02-28,176890800.0
2234,BMRC,27.58,28.1,175947.0,Finance,Regional banks,54.0,84.0,71.0,60.0,0.6629,0.6493,174049.0,202180.0,30.92,22.5,446637344,NO,27.42,28.06,26.72,27.95,26.77,,6726,0.0,175947,NO,NO,2009-06-26,1549000.0
2235,PSET,78.59,78.734,1446.0,ETF,ETF,54.0,50.0,76.0,59.0,0.5784,0.2537,1846.0,3970.0,81.85,67.62,0,NO,78.87,78.96,75.75,79.23,75.72,,2641,0.0,1446,NO,NO,2021-04-06,547200.0
2236,PSMJ,34.54,34.671,15143.0,ETF,ETF,54.0,75.0,60.0,49.0,0.1744,0.0819,8585.0,12170.0,34.72,31.27,0,NO,34.41,34.24,33.13,34.34,33.5,,1311,0.0,15143,NO,NO,2022-06-30,480000.0
2237,EPP,55.27,56.26,279035.0,ETF,ETF,53.0,30.0,69.0,40.0,0.7279,0.3643,280150.0,169320.0,58.56,48.93,0,NO,57.0,56.75,54.57,56.86,55.19,,6265,0.0,283113,NO,NO,2018-03-06,13661900.0
2238,EQL,50.81,51.34,17906.0,ETF,ETF,53.0,43.0,55.0,47.0,0.3971,0.3104,40639.0,44690.0,52.66,44.76,0,NO,51.6,51.58,49.54,51.61,50.25,,4330,0.0,17906,NO,NO,2022-12-19,2136900.0
2239,FLSP,28.61,28.87,66046.0,ETF,ETF,53.0,80.0,70.0,47.0,0.4746,0.4639,124001.0,155910.0,30.0,26.02,0,NO,28.61,28.28,27.47,28.41,27.7,,1695,0.0,66046,NO,NO,2020-02-11,1778100.0
2240,GTR,27.6,27.795,502.0,ETF,ETF,53.0,67.0,58.0,53.0,0.1779,0.1127,4907.0,3880.0,27.96,24.55,0,NO,27.68,27.52,26.5,27.6,26.8,,1244,0.0,502,NO,NO,2025-01-24,684800.0
2241,BOBP,30.09,30.237,1219.0,ETF,ETF,53.0,62.0,19.0,72.0,0.303,0.1791,2517.0,1460.0,33.86,24.51,0,NO,29.98,30.03,28.9,30.04,29.62,,336,0.0,1219,NO,NO,2025-08-04,148200.0
2242,CRS,395.03,402.9,925609.0,Industrials,Metal Fabrication,53.0,2.0,1.0,44.0,16.7636,15.3654,766765.0,724580.0,625.99,228.0,19577120768,NO,447.94,508.35,438.25,492.91,474.77,,13510,0.0,937103,NO,NO,2020-07-31,10557100.0
2243,IVSX,25.79,26.09,10.0,ETF,ETF,53.0,66.0,78.0,61.0,0.2793,0.0986,476.0,820.0,26.56,22.42,0,NO,25.95,25.53,,25.7,24.69,,148,0.0,10,NO,NO,2026-02-20,102800.0
2244,BWTG,41.79,42.128,263.0,ETF,ETF,53.0,62.0,48.0,60.0,0.3438,0.1081,777.0,1600.0,43.3,36.18,0,NO,41.83,42.15,40.43,42.19,40.81,,718,0.0,263,NO,NO,2025-01-10,126700.0
2245,KOMP,67.59,68.08,118739.0,ETF,ETF,53.0,48.0,36.0,62.0,0.915,0.7457,73733.0,62070.0,75.61,55.69,0,NO,67.17,67.69,65.59,67.88,66.63,,1988,0.0,118739,NO,NO,2020-02-13,5144200.0
2246,HBNC,19.02,19.37,393960.0,Financial Services,Banks - Regional,53.0,45.0,28.0,73.0,0.3614,0.3468,641346.0,547810.0,21.04,14.97,976572800,NO,19.57,20.0,18.41,19.88,18.75,,6215,0.0,399607,NO,NO,2026-06-26,3684800.0
2247,LALT,24.89,24.85,120802.0,ETF,ETF,53.0,81.0,65.0,36.0,0.1648,0.1544,229176.0,180500.0,25.18,22.56,0,NO,24.63,24.39,24.16,24.49,24.48,,912,0.08,120802,NO,NO,2026-06-29,5674200.0
2248,STCE,72.57,73.82,186811.0,ETF,ETF,53.0,93.0,18.0,86.0,2.9686,2.5636,101017.0,86100.0,109.64,48.35,0,NO,67.58,65.13,65.7,66.29,66.09,,1037,0.0,186811,NO,NO,2026-01-20,597600.0
2249,GME,24.2,24.03,11795374.0,Consumer Cyclical,Specialty Retail,53.0,98.0,85.0,44.0,0.8404,0.7596,6346709.0,9894610.0,28.1,17.79,12208924672,NO,20.52,20.18,22.2,20.39,22.05,,6192,0.0,11795374,YES,NO,2021-01-22,788631600.0
2250,XPEL,44.52,45.51,143529.0,Consumer Cyclical,Auto Parts,53.0,5.0,29.0,66.0,1.5743,1.5121,227904.0,190910.0,55.91,31.5,1227449728,NO,48.13,47.23,47.19,47.62,45.4,,1817,0.0,143529,NO,NO,2022-02-14,4433700.0
2251,FAAR,32.5,32.207,39100.0,ETF,ETF,53.0,86.0,53.0,23.0,0.3187,0.2226,54352.0,49230.0,35.8,26.73,0,NO,31.71,31.36,31.48,31.48,32.62,,2598,0.29,39100,NO,NO,2025-10-30,1069800.0
2252,PLMR,127.21,134.09,281930.0,Finance,Property/Casualty insurance,53.0,50.0,82.0,43.0,4.2104,3.785,268863.0,246160.0,147.62,100.81,3371557632,NO,133.96,133.63,125.76,132.57,125.08,,1868,0.0,281930,NO,NO,2019-04-17,4341800.0
2253,WUGI,91.26,85.765,27.0,ETF,ETF,53.0,86.0,15.0,86.0,1.6039,0.0663,590.0,320.0,97.1,62.65,0,NO,83.88,83.89,79.53,84.78,81.43,,1627,0.0,200,NO,NO,2026-01-05,125900.0
2254,FAD,182.62,183.73,24092.0,ETF,ETF,53.0,41.0,21.0,65.0,2.3,1.8464,13231.0,10530.0,200.22,150.01,0,NO,183.13,185.99,176.65,185.79,180.61,,4872,0.0,24092,NO,NO,2011-08-01,419700.0
2255,ESSC,29.11,29.361,2489.0,ETF,ETF,53.0,24.0,22.0,60.0,0.29,0.1519,9901.0,4480.0,31.95,20.63,0,NO,29.88,30.53,28.64,30.33,29.32,,246,0.0,2489,NO,NO,2026-07-01,391100.0
2256,HDEF,32.83,33.22,301954.0,ETF,ETF,53.0,32.0,67.0,39.0,0.3465,0.2121,145730.0,167330.0,34.56,28.84,0,NO,33.79,33.72,32.64,33.73,32.93,,2790,0.0,301954,NO,NO,2018-06-06,7562800.0
2257,BWQG,26.83,26.88,616.0,ETF,ETF,53.0,87.0,,,0.2291,0.0519,14060.0,2640.0,26.93,23.42,0,NO,26.08,25.5,,25.77,,,53,0.0,616,NO,NO,2026-07-17,288400.0
2258,SCC,16.05,15.71,15763.0,ETF,ETF,53.0,95.0,67.0,14.0,0.4214,0.3029,16898.0,42910.0,18.3,13.12,0,NO,15.33,15.0,14.88,15.07,15.18,,4940,0.7,15763,NO,NO,2022-06-15,175850.0
2259,SIZE,175.58,177.9,13909.0,ETF,ETF,53.0,28.0,50.0,56.0,1.5871,1.0246,4888.0,4620.0,187.16,154.04,0,NO,180.38,181.14,171.41,180.98,173.71,,3378,0.0,13909,NO,NO,2019-11-14,7964300.0
2260,HIS,26.28,26.5,199979.0,ETF,ETF,53.0,76.0,76.0,,0.26,0.2079,39557.0,157850.0,26.74,24.4,0,NO,26.14,25.98,,26.08,,,87,0.0,199979,NO,NO,2026-09-17,571800.0
2261,ARKQ,124.72,125.49,91653.0,ETF,ETF,53.0,66.0,39.0,45.0,2.3343,1.8671,114496.0,90260.0,144.42,98.35,0,NO,122.01,121.78,124.25,122.58,124.61,,3012,0.0,91653,NO,NO,2021-02-23,4436100.0
2262,NMBL,21.21,21.355,489.0,ETF,ETF,53.0,68.0,66.0,52.0,0.1312,0.0231,1949.0,610.0,22.09,19.05,0,NO,21.22,20.95,20.47,21.05,20.56,,222,0.0,489,NO,NO,2026-01-21,120100.0
2263,DGRS,57.09,57.01,48306.0,ETF,ETF,53.0,28.0,36.0,50.0,0.6007,0.5379,29004.0,23060.0,61.89,46.21,0,NO,58.54,59.63,55.92,59.44,57.17,,3310,0.0,48306,NO,NO,2025-03-14,520100.0
2264,XDQQ,41.4,41.518,3816.0,ETF,ETF,53.0,88.0,57.0,54.0,0.527,0.3641,14801.0,9830.0,42.05,35.61,0,NO,39.74,39.53,39.59,39.77,39.55,,1375,0.0,3816,NO,NO,2023-01-03,328500.0
2265,NBCE,39.33,38.98,71.0,ETF,ETF,53.0,68.0,12.0,65.0,0.2316,0.0092,815.0,110.0,45.93,31.49,0,NO,39.03,39.37,37.92,39.44,39.19,,735,0.0,100,NO,NO,2026-01-27,118700.0
2266,GSC,61.95,62.39,5528.0,ETF,ETF,53.0,18.0,18.0,65.0,0.7032,0.5068,16269.0,15790.0,69.87,50.7,0,NO,63.81,65.78,60.91,65.28,62.32,,742,0.0,5528,NO,NO,2026-04-16,827900.0
2267,EZU,68.08,68.99,1006566.0,ETF,ETF,53.0,30.0,48.0,55.0,0.8146,0.6282,875425.0,1192130.0,72.2,59.92,0,NO,69.66,69.83,67.16,69.97,67.59,,6575,0.0,1006567,NO,NO,2025-04-28,36625400.0
2268,EPMV,25.65,25.52,18.0,ETF,ETF,53.0,27.0,25.0,57.0,0.2139,0.0214,176.0,550.0,27.49,21.27,0,NO,26.27,26.67,25.16,26.6,25.73,,348,0.55,600,NO,NO,2025-05-02,174200.0
2269,USAI,45.26,45.789,12736.0,ETF,ETF,53.0,35.0,39.0,14.0,0.5198,0.4873,20374.0,7480.0,49.14,36.49,0,NO,47.19,46.93,44.65,46.81,46.37,,2204,0.0,12736,NO,NO,2019-03-04,458900.0
2270,AMZU,34.15,35.76,3311389.0,ETF,ETF,53.0,8.0,75.0,85.0,1.5308,1.2969,2716026.0,1856530.0,47.14,24.54,0,NO,36.17,37.09,35.34,37.46,36.14,,1015,0.0,3319458,NO,NO,2026-02-06,15917400.0
2271,SEMG,27.51,27.846,8017.0,ETF,ETF,53.0,69.0,78.0,61.0,0.2411,0.1213,6414.0,6620.0,28.35,23.28,0,NO,27.52,27.44,26.48,27.54,26.44,,341,0.0,8017,NO,NO,2025-07-23,1616000.0
2272,ASLV,30.16,30.434,1277.0,ETF,ETF,53.0,42.0,58.0,51.0,0.2339,0.1163,3714.0,3320.0,31.52,26.76,0,NO,30.61,30.71,29.45,30.73,29.67,,374,0.0,1277,NO,NO,2025-04-14,7147900.0
2273,AVMA,72.31,73.012,6755.0,ETF,ETF,53.0,49.0,48.0,49.0,0.5593,0.4007,10926.0,13550.0,74.53,63.92,0,NO,73.3,73.25,70.61,73.3,71.6,,811,0.0,6755,NO,NO,2025-11-24,69000.0
2274,HEGD,26.98,27.164,71258.0,ETF,ETF,53.0,69.0,60.0,51.0,0.1997,0.1474,80661.0,64010.0,27.47,24.39,0,NO,26.93,26.92,26.04,26.96,26.33,,1442,0.0,71258,NO,NO,2023-08-30,2733600.0
2275,BEGS,19.03,19.899,4203.0,ETF,ETF,53.0,79.0,95.0,48.0,0.72,0.2533,4211.0,2940.0,43.82,12.06,0,NO,18.32,16.09,19.48,16.76,17.22,,407,0.0,4203,NO,NO,2025-02-19,71500.0
2276,DDIV,44.59,45.275,4579.0,ETF,ETF,53.0,31.0,39.0,60.0,0.4242,0.2391,9285.0,3400.0,47.84,38.69,0,NO,45.75,46.62,44.03,46.44,44.59,,3153,0.0,4579,NO,NO,2023-02-08,436300.0
2277,DIHP,33.99,34.48,1786370.0,ETF,ETF,53.0,29.0,54.0,45.0,0.3499,0.2477,615411.0,732620.0,35.88,29.84,0,NO,34.85,34.8,33.69,34.88,33.97,,1128,0.0,1786370,NO,NO,2024-03-26,5107500.0
2278,ELCV,30.83,31.03,31987.0,ETF,ETF,53.0,42.0,20.0,47.0,0.3052,0.2495,57480.0,39130.0,33.19,25.96,0,NO,31.36,31.63,30.11,31.57,31.03,,495,0.0,31994,NO,NO,2024-12-30,923100.0
2279,PFM,55.53,55.94,14406.0,ETF,ETF,53.0,39.0,53.0,52.0,0.4029,0.3207,18349.0,23970.0,58.18,49.98,0,NO,56.62,56.78,54.2,56.78,54.84,,5287,0.0,14406,NO,NO,2010-05-26,3345500.0
2280,YCS,54.35,53.75,7239.0,ETF,ETF,53.0,68.0,32.0,38.0,0.9004,0.4204,28719.0,10540.0,57.92,43.79,0,NO,53.34,54.65,53.14,54.24,54.14,,4482,0.73,7239,NO,NO,2011-03-18,16318800.0
2281,AQEC,25.71,26.05,4927.0,ETF,ETF,53.0,61.0,81.0,49.0,0.2119,0.0978,25588.0,12300.0,26.57,23.01,0,NO,25.91,25.7,25.07,25.79,24.76,,211,0.0,4927,NO,NO,2025-12-12,422300.0
2282,FEZ,67.96,68.97,2030524.0,ETF,ETF,53.0,27.0,52.0,55.0,0.8082,0.5157,757357.0,774450.0,72.36,59.57,0,NO,69.85,69.93,67.01,70.1,67.29,,6018,0.0,2030524,NO,NO,2003-07-11,22068500.0
2283,DEUS,64.33,64.911,12540.0,ETF,ETF,53.0,27.0,44.0,50.0,0.5148,0.396,9538.0,6620.0,68.5,56.17,0,NO,66.39,66.84,63.19,66.72,64.28,,2704,0.0,12540,NO,NO,2022-09-29,776500.0
2284,JANX,16.52,17.01,967413.0,Healthcare,Biotechnology,53.0,29.0,83.0,76.0,0.8321,0.8086,1026130.0,1025480.0,35.34,12.12,1009979520,NO,18.12,16.93,14.95,16.83,15.31,,1326,0.0,967413,NO,NO,2025-12-02,15978000.0
2285,DIA,514.3,519.78,3796066.0,ETF,ETF,53.0,39.0,44.0,59.0,5.4932,3.9654,3580809.0,3691070.0,546.75,450.44,0,NO,526.43,528.11,501.46,527.68,506.35,,7213,0.0,3919907,NO,NO,2008-11-21,91695200.0
2286,JIDE,52.13,51.42,22.0,ETF,ETF,53.0,64.0,70.0,57.0,0.4243,0.0571,520.0,240.0,53.15,45.48,0,NO,52.1,51.7,,52.01,50.05,,162,0.0,100,NO,NO,2026-03-03,37400.0
2287,DES,38.56,38.79,70405.0,ETF,ETF,53.0,25.0,31.0,51.0,0.4014,0.3586,121923.0,129290.0,41.85,31.75,0,NO,39.76,40.51,37.91,40.32,38.91,,5098,0.0,70405,NO,NO,2017-01-27,2079900.0
2288,PTL,276.24,276.705,44216.0,ETF,ETF,52.0,41.0,37.0,52.0,2.7037,2.0231,21585.0,21850.0,293.22,237.41,0,NO,278.52,281.45,269.74,281.41,275.04,,625,0.0,46208,NO,NO,2024-04-02,212200.0
2289,PRK,179.22,182.89,87931.0,Finance,Major banks,52.0,8.0,47.0,65.0,4.1964,4.0657,112579.0,124350.0,215.0,149.06,3237458688,NO,190.22,195.88,175.01,195.29,179.83,,9079,0.0,87931,NO,NO,2020-07-31,2983600.0
2290,SRPT,18.95,20.14,3755859.0,Healthcare,Biotechnology,52.0,78.0,82.0,47.0,1.498,1.3744,3386225.0,2824590.0,25.32,14.68,2001632128,NO,20.85,18.58,19.25,18.71,18.59,,7371,0.0,3755879,NO,NO,2025-07-18,78437700.0
2291,DDLS,45.85,46.443,10279.0,ETF,ETF,52.0,70.0,60.0,48.0,0.4348,0.2447,14768.0,13180.0,47.03,40.57,0,NO,46.1,45.62,44.85,45.86,45.01,,2617,0.0,10279,NO,NO,2025-03-04,431800.0
2292,JHMD,44.86,45.54,170590.0,ETF,ETF,52.0,40.0,49.0,48.0,0.6199,0.4772,88203.0,87250.0,46.8,39.12,0,NO,45.89,45.72,44.21,45.85,44.61,,2449,0.0,170590,NO,NO,2018-12-11,4789200.0
2293,WTRG,40.18,40.48,3003240.0,Utilities,Water utilities,52.0,72.0,80.0,32.0,0.7321,0.7143,2256101.0,2736790.0,42.51,36.11,11396373504,NO,41.26,40.41,39.12,40.52,39.41,,11724,0.0,3003240,NO,NO,2026-02-27,28658800.0
2294,JOET,45.42,45.585,10268.0,ETF,ETF,52.0,54.0,52.0,63.0,0.372,0.2814,20395.0,14690.0,47.46,38.8,0,NO,45.43,45.77,43.63,45.83,44.04,,1465,0.0,10268,NO,NO,2020-11-19,734700.0
2295,BGCG,27.33,27.52,5275.0,ETF,ETF,52.0,31.0,80.0,,0.3371,0.1916,13174.0,7340.0,28.95,24.94,0,NO,27.8,27.36,,27.46,,,79,0.0,5275,NO,NO,2026-06-12,232600.0
2296,BALL,58.82,59.71,2081548.0,Process industries,Containers/Packaging,52.0,16.0,31.0,33.0,1.1275,1.0661,1994071.0,2090240.0,68.29,44.83,15569851392,NO,61.66,62.55,59.73,62.29,60.52,,13510,0.0,2081548,NO,NO,2003-05-28,36040800.0
2297,KSPY,30.04,30.18,294466.0,ETF,ETF,52.0,77.0,69.0,54.0,0.1973,0.1391,56915.0,74760.0,30.22,26.82,0,NO,29.94,29.78,28.66,29.88,28.92,,549,0.0,294466,NO,NO,2025-10-17,543600.0
2298,CWB,102.4,102.92,535946.0,ETF,ETF,52.0,61.0,20.0,56.0,1.3429,1.3,615171.0,648420.0,112.02,85.37,0,NO,102.32,102.91,99.09,102.96,101.67,,4386,0.0,535946,NO,NO,2023-03-14,18483100.0
2299,ARIA,26.48,26.3,133.0,ETF,ETF,52.0,91.0,,,0.4843,0.0721,177.0,210.0,26.76,24.54,0,NO,25.67,,,,,,30,0.0,300,NO,NO,2026-09-03,700.0
2300,NCNO,19.23,20.43,1505826.0,Technology,Software - Application,52.0,19.0,94.0,83.0,0.8857,0.7936,2810755.0,2499590.0,29.82,13.8,2033306624,NO,21.88,20.06,18.94,20.33,17.71,,1556,0.0,2002108,NO,NO,2025-04-02,20086400.0
2301,RZG,63.56,64.19,1621.0,ETF,ETF,52.0,16.0,15.0,63.0,0.7136,0.4643,14625.0,4080.0,73.24,50.95,0,NO,65.83,68.04,62.67,67.34,64.86,,5169,0.0,1621,NO,NO,2011-07-07,4709700.0
2302,SOVF,30.28,30.939,5963.0,ETF,ETF,52.0,24.0,78.0,60.0,0.4365,0.3114,11122.0,10550.0,32.51,26.51,0,NO,31.54,31.37,29.41,31.44,29.46,,745,0.0,5963,NO,NO,2024-07-23,341400.0
2303,ZHDG,23.97,24.045,5575.0,ETF,ETF,52.0,73.0,65.0,59.0,0.1902,0.1235,7458.0,20860.0,24.49,20.85,0,NO,23.89,23.82,22.99,23.89,23.12,,1309,0.0,5575,NO,NO,2022-08-26,443800.0
2304,CBOE,268.87,271.43,827874.0,Financial Services,Financial Data & Stock Exchanges,52.0,9.0,71.0,16.0,9.9746,9.3904,1136185.0,1033750.0,371.18,227.15,28078366720,NO,290.16,289.52,286.51,291.04,294.54,,4093,0.0,830231,NO,NO,2017-02-28,20233300.0
2305,KMPB,24.79,24.76,21339.0,Finance,Property/Casualty insurance,52.0,73.0,67.0,57.0,0.1502,0.1484,13276.0,18200.0,24.88,22.03,0,NO,24.56,24.55,23.84,24.61,23.95,,1134,0.0,21339,NO,NO,2022-03-31,778400.0
2306,EXPE,259.04,281.02,5012660.0,Consumer Cyclical,Travel Services,52.0,2.0,75.0,53.0,12.3421,11.6932,1736669.0,2458870.0,342.0,185.34,31090520064,NO,296.35,297.89,260.24,296.64,259.39,,5326,0.0,5012660,NO,NO,2019-11-07,30819900.0
2307,BEDY,28.96,29.27,97046.0,ETF,ETF,52.0,34.0,47.0,49.0,0.3481,0.3066,89180.0,98540.0,30.65,26.01,0,NO,29.67,29.68,,29.73,28.61,,197,0.0,97046,NO,NO,2026-08-11,506500.0
2308,BAMO,34.77,34.974,2661.0,ETF,ETF,52.0,65.0,57.0,52.0,0.215,0.1308,5153.0,4190.0,35.38,31.24,0,NO,34.85,34.83,33.6,34.89,33.95,,745,0.0,2661,NO,NO,2023-11-10,221900.0
2309,BBAX,61.73,63.68,147171.0,ETF,ETF,52.0,26.0,65.0,37.0,0.9004,0.4232,208344.0,187480.0,65.8,53.84,0,NO,64.25,63.93,61.25,63.99,61.97,,2040,0.0,147171,NO,NO,2021-01-25,9010700.0
2310,CVSA,123.19,125.79,260856.0,Consumer Defensive,Education & Training Services,52.0,18.0,58.0,61.0,3.7614,3.4193,359598.0,327250.0,156.26,86.97,4193242368,NO,129.3,127.23,116.39,128.36,122.04,,8876,0.0,260856,NO,NO,2012-09-28,18701200.0
2311,SPDG,45.25,45.696,692.0,ETF,ETF,52.0,37.0,37.0,53.0,0.3248,0.1785,849.0,420.0,47.67,38.78,0,NO,46.35,46.44,44.42,46.48,45.2,,760,0.0,717,NO,NO,2023-12-11,120500.0
2312,KOID,36.18,36.21,110301.0,ETF,ETF,52.0,53.0,12.0,67.0,0.5985,0.4239,174400.0,157070.0,43.32,27.74,0,NO,35.83,36.86,36.09,36.8,37.11,,326,0.0,112448,NO,NO,2026-08-19,521200.0
2313,STRC,98.91,98.78,1149759.0,Technology services,Internet software/Services,52.0,85.0,86.0,27.0,0.7236,0.6489,1861153.0,1513950.0,100.42,71.25,0,NO,97.81,93.93,96.62,95.35,95.36,,289,0.0,1149759,NO,NO,2026-04-14,15823400.0
2314,EGGQ,54.92,54.538,6909.0,ETF,ETF,52.0,91.0,9.0,85.0,1.6655,0.9846,5141.0,3210.0,67.35,39.86,0,NO,51.92,51.89,50.54,52.3,52.28,,433,0.0,6909,NO,NO,2025-05-06,74400.0
2315,JHMM,72.55,72.98,334793.0,ETF,ETF,52.0,32.0,38.0,51.0,0.7161,0.5859,221120.0,207660.0,77.45,61.95,0,NO,74.01,74.7,71.27,74.68,72.4,,2761,0.0,334793,NO,NO,2019-09-20,4213000.0
2316,URBN,74.82,74.21,946998.0,Consumer Cyclical,Apparel Retail,52.0,78.0,74.0,80.0,2.4225,2.1946,1148384.0,1050040.0,85.43,59.54,6409095168,NO,78.0,76.29,72.35,76.36,72.09,,8272,0.7,947038,NO,NO,2010-02-05,34530300.0
2317,SCHW,99.5,100.35,9997245.0,Finance,Investment banks/Brokers,52.0,6.0,81.0,39.0,2.5029,2.4179,8473722.0,9212680.0,114.53,83.96,172068896768,NO,106.92,106.79,98.23,106.97,97.56,,9825,0.0,10894129,YES,NO,2023-03-13,148476900.0
2318,JPSE,57.03,57.761,14754.0,ETF,ETF,52.0,28.0,28.0,54.0,0.5671,0.4731,21098.0,13610.0,61.27,47.44,0,NO,58.82,59.55,56.16,59.33,57.49,,2470,0.0,14754,NO,NO,2019-08-08,1768100.0
2319,FEUZ,66.09,66.95,3601.0,ETF,ETF,52.0,35.0,35.0,50.0,0.7398,0.4662,4077.0,8370.0,73.02,57.01,0,NO,67.83,67.71,65.7,67.83,66.43,,2993,0.0,3601,NO,NO,2014-12-01,9742900.0
2320,XVAP,32.34,32.57,1070.0,ETF,ETF,52.0,,,,0.3107,0.0386,225.0,180.0,32.59,29.92,0,NO,31.35,,,,,,24,0.0,1070,NO,NO,2026-08-31,1800.0
2321,FCCO,32.25,33.49,46700.0,Financial Services,Banks - Regional,52.0,32.0,48.0,62.0,0.8471,0.8214,60288.0,49150.0,35.74,25.92,303141312,NO,33.72,33.76,31.05,33.84,31.65,,6928,0.0,46700,NO,NO,2024-06-28,948900.0
2322,GMOD,27.61,27.859,10616.0,ETF,ETF,52.0,55.0,54.0,46.0,0.1717,0.0961,11598.0,13220.0,28.25,24.79,0,NO,27.94,27.8,26.95,27.85,27.22,,236,0.0,10616,NO,NO,2026-01-26,107300.0
2323,HEAL,29.05,29.57,6447.0,ETF,ETF,52.0,30.0,83.0,74.0,0.4563,0.3691,8826.0,9390.0,33.59,23.0,0,NO,29.3,28.6,27.32,28.78,26.67,,1544,0.0,6447,NO,NO,2021-08-09,1622533.0
2324,TINT,38.68,37.853,90.0,ETF,ETF,52.0,23.0,16.0,59.0,0.3524,0.0247,507.0,120.0,42.55,30.96,0,NO,39.17,39.44,38.11,39.51,39.02,,1229,0.0,200,NO,NO,2022-03-17,26200.0
2325,AMID,36.25,36.186,21725.0,ETF,ETF,52.0,60.0,56.0,60.0,0.3605,0.238,10065.0,18150.0,37.82,31.22,0,NO,36.19,36.32,34.99,36.44,35.14,,1028,0.0,21725,NO,NO,2022-08-17,303000.0
2326,PRTO,27.55,27.79,1020.0,ETF,ETF,52.0,39.0,49.0,,0.1626,0.0347,926.0,350.0,28.58,24.68,0,NO,27.9,27.8,,27.88,,,125,0.0,1020,NO,NO,2026-06-05,18500.0
2327,FNK,60.88,61.47,1123.0,ETF,ETF,52.0,23.0,51.0,49.0,0.53,0.4122,4930.0,7590.0,65.14,51.98,0,NO,63.59,63.65,59.97,63.57,60.69,,3878,0.0,1123,NO,NO,2021-11-18,1457000.0
2328,HRI,137.23,140.74,565307.0,Industrials,Rental & Leasing Services,52.0,4.0,24.0,88.0,7.0411,6.7668,617814.0,1177130.0,188.35,88.45,4587796992,NO,143.88,153.53,141.91,152.1,135.51,,4991,0.0,565307,NO,NO,2014-08-20,28676900.0
2329,STRD,73.2,74.37,45264.0,Technology services,Internet software/Services,52.0,79.0,89.0,32.0,1.5649,1.3056,132044.0,92950.0,84.88,49.0,0,NO,73.76,67.89,72.22,69.54,70.41,,325,0.0,45264,NO,NO,2025-06-30,1872200.0
2330,SCHL,35.36,34.91,373495.0,Consumer services,Publishing: books/magazines,52.0,7.0,6.0,10.0,1.3579,1.3321,356222.0,435650.0,48.07,25.6,660352960,NO,36.79,40.39,37.93,38.71,40.27,,8705,0.0,373550,NO,NO,2003-02-11,13424600.0
2331,IT,178.52,183.32,969913.0,Technology,Information Technology Services,52.0,12.0,95.0,54.0,8.8368,7.8482,1347803.0,1203210.0,265.85,124.25,11273355264,NO,187.63,174.45,174.99,178.28,160.0,,8297,0.0,969913,NO,NO,1993-10-05,25536800.0
2332,ZECP,37.17,37.58,24023.0,ETF,ETF,52.0,47.0,49.0,53.0,0.3126,0.2259,44620.0,39630.0,38.84,32.98,0,NO,37.67,37.86,36.32,37.84,36.7,,1273,0.0,24023,NO,NO,2025-08-08,380500.0
2333,FDM,88.6,90.28,5644.0,ETF,ETF,52.0,30.0,36.0,49.0,0.8554,0.6079,9725.0,10510.0,95.71,72.19,0,NO,91.75,92.46,87.08,92.33,88.74,,5276,0.0,5644,NO,NO,2013-10-31,1994800.0
2334,QFHD,27.02,27.141,15.0,ETF,ETF,52.0,43.0,78.0,47.0,0.1651,0.0299,584.0,210.0,28.34,25.06,0,NO,27.71,27.71,,27.69,26.8,,172,0.0,100,NO,NO,2026-05-18,19400.0
2335,QFLR,36.08,36.035,29014.0,ETF,ETF,52.0,85.0,58.0,46.0,0.4534,0.3852,70304.0,62820.0,37.39,32.38,0,NO,35.25,35.27,34.99,35.38,35.18,,667,0.0,29014,NO,NO,2025-04-08,684000.0
2336,GSEU,48.48,49.042,21708.0,ETF,ETF,51.0,34.0,45.0,52.0,0.4515,0.2737,23633.0,7230.0,50.82,42.38,0,NO,49.53,49.57,47.83,49.64,48.18,,2653,0.0,21708,NO,NO,2026-08-14,442300.0
2337,UPGD,81.0,81.09,305.0,ETF,ETF,51.0,36.0,53.0,56.0,0.5345,0.1781,1688.0,1440.0,84.73,70.85,0,NO,81.88,82.65,78.77,82.52,79.61,,5117,0.0,305,NO,NO,2008-10-07,788400.0
2338,EXI,193.09,193.91,44786.0,ETF,ETF,51.0,35.0,39.0,44.0,2.2671,1.65,55439.0,64600.0,207.79,165.7,0,NO,195.51,198.41,191.98,198.66,194.38,,5027,0.0,44786,NO,NO,2021-03-08,3583900.0
2339,NYNY,26.88,26.88,13.0,ETF,ETF,51.0,49.0,73.0,,0.2379,0.075,633.0,160.0,28.24,25.11,0,NO,27.54,27.45,,27.48,,,95,0.0,100,NO,NO,2026-05-06,49800.0
2340,GXPC,30.72,31.69,55396.0,ETF,ETF,51.0,88.0,69.0,49.0,0.5657,0.4313,160480.0,40400.0,33.52,26.21,0,NO,30.11,29.92,30.16,29.86,30.22,,294,0.0,55396,NO,NO,2026-07-07,3264200.0
2341,SPVM,73.44,74.88,23966.0,ETF,ETF,51.0,28.0,44.0,49.0,0.7067,0.5267,10561.0,5400.0,78.97,63.28,0,NO,76.79,77.14,72.43,76.92,73.56,,3839,0.0,23966,NO,NO,2016-02-18,1098200.0
2342,DD,130.88,129.79,671026.0,Basic Materials,Specialty Chemicals,51.0,26.0,17.0,26.0,2.9071,2.6364,1456823.0,1245090.0,157.98,92.49,17674426368,NO,131.19,136.4,137.3,135.72,138.37,,13690,0.8,674106,NO,NO,2009-05-07,70021676.0
2343,FNDA,35.52,35.94,1795511.0,ETF,ETF,51.0,23.0,27.0,55.0,0.4083,0.3704,916939.0,2100730.0,38.59,29.31,0,NO,36.61,37.29,35.12,37.12,35.87,,3295,0.0,1795511,NO,NO,2026-05-12,39922700.0
2344,XLKI,27.27,27.255,41037.0,ETF,ETF,51.0,87.0,56.0,59.0,0.2955,0.2292,18977.0,21680.0,28.26,22.82,0,NO,26.61,26.3,25.97,26.56,26.17,,289,0.0,41037,NO,NO,2026-08-21,101900.0
2345,JPUS,137.63,139.552,8095.0,ETF,ETF,51.0,28.0,43.0,45.0,1.032,0.7784,7036.0,4540.0,146.35,120.16,0,NO,141.98,142.66,135.51,142.47,138.1,,2760,0.0,8095,NO,NO,2017-05-02,1209400.0
2346,GLDB,23.1,23.669,3202.0,ETF,ETF,51.0,50.0,88.0,40.0,0.5205,0.2604,12511.0,17610.0,30.73,18.67,0,NO,22.92,21.46,23.27,21.92,22.4,,228,0.0,3202,NO,NO,2025-12-19,467200.0
2347,XKRE,25.73,26.49,54.0,ETF,ETF,51.0,14.0,38.0,,0.4407,0.0029,119.0,210.0,31.09,23.83,0,NO,27.48,28.81,,28.44,,,76,0.0,1200,NO,NO,2026-06-03,10200.0
2348,JPME,121.14,122.71,13237.0,ETF,ETF,51.0,26.0,39.0,47.0,0.978,0.8006,10623.0,9890.0,129.9,104.47,0,NO,125.23,126.15,119.51,125.92,122.02,,2578,0.0,13237,NO,NO,2025-04-10,603400.0
2349,PABD,68.56,69.581,254.0,ETF,ETF,51.0,35.0,51.0,52.0,0.6153,0.0489,1473.0,1410.0,71.88,57.0,0,NO,69.94,70.01,67.75,70.11,68.14,,670,0.0,254,NO,NO,2024-02-29,1230400.0
2350,CAMX,34.12,34.152,25.0,ETF,ETF,51.0,34.0,57.0,59.0,0.2971,0.0315,342.0,240.0,36.3,29.89,0,NO,35.15,35.29,33.64,35.27,33.95,,904,0.0,100,NO,NO,2024-08-08,37600.0
2351,KAT,57.26,57.883,24784.0,ETF,ETF,51.0,45.0,77.0,45.0,0.4624,0.3224,11757.0,10870.0,59.34,52.27,0,NO,58.16,57.6,55.9,57.84,55.94,,271,0.0,24784,NO,NO,2025-10-21,109600.0
2352,DDDD,32.89,33.05,4217.0,ETF,ETF,51.0,35.0,63.0,48.0,0.2824,0.2345,6498.0,4270.0,34.45,30.33,0,NO,33.72,33.36,,33.44,,,134,0.0,4218,NO,NO,2026-06-29,33900.0
2353,DNL,44.71,45.26,8022.0,ETF,ETF,51.0,31.0,39.0,55.0,0.4949,0.3027,19279.0,15390.0,47.46,38.87,0,NO,45.52,45.69,43.85,45.72,44.32,,5098,0.0,8022,NO,NO,2007-06-14,3932400.0
2354,CZA,120.09,120.87,2829.0,ETF,ETF,51.0,26.0,47.0,56.0,0.8789,0.5503,2422.0,1350.0,127.85,106.81,0,NO,123.45,124.87,117.87,124.66,119.32,,4899,0.0,2829,NO,NO,2014-01-31,172900.0
2355,RFG,59.65,59.53,10625.0,ETF,ETF,51.0,35.0,19.0,49.0,0.6329,0.4607,7404.0,10150.0,64.81,49.5,0,NO,60.07,60.92,58.83,61.0,60.19,,5169,0.0,10625,NO,NO,2011-08-05,9756000.0
2356,KCE,157.15,160.63,12836.0,ETF,ETF,51.0,16.0,64.0,68.0,2.7371,2.2643,24614.0,82960.0,173.07,132.31,0,NO,165.29,163.79,153.11,164.07,153.43,,5244,0.0,12836,NO,NO,2009-06-25,4310600.0
2357,UNTY,57.06,58.56,32494.0,Finance,Regional banks,51.0,35.0,52.0,62.0,1.2925,1.1689,63044.0,68180.0,62.5,44.34,573029504,NO,58.8,58.94,55.11,59.2,55.93,,7469,0.0,32594,NO,NO,2021-06-25,1132400.0
2358,ITW,273.42,267.52,1115936.0,Industrials,Specialty Industrial Machinery,51.0,41.0,71.0,40.0,4.7371,4.4871,1294977.0,1324190.0,303.16,238.82,77870022656,NO,271.7,279.93,268.11,280.1,268.3,,13496,0.79,1115936,NO,NO,2010-09-17,21470600.0
2359,PSCM,96.07,94.05,368.0,ETF,ETF,51.0,32.0,16.0,42.0,1.2414,0.4671,1661.0,640.0,110.02,72.75,0,NO,97.92,98.79,98.0,98.89,100.37,,4141,2.06,368,NO,NO,2014-11-11,342300.0
2360,ELM,29.45,29.627,20875.0,ETF,ETF,51.0,63.0,56.0,51.0,0.2003,0.1483,22617.0,25570.0,29.9,26.57,0,NO,29.58,29.46,28.56,29.53,28.81,,404,0.0,20903,NO,NO,2025-03-26,213200.0
2361,XOVL,21.17,21.66,1047.0,ETF,ETF,51.0,88.0,70.0,,0.5995,0.4249,32269.0,6610.0,25.17,16.91,0,NO,20.66,19.85,,20.02,,,97,0.0,1047,NO,NO,2026-06-12,1457500.0
2362,BCEM,27.2,27.52,6183.0,ETF,ETF,51.0,81.0,46.0,,0.3821,0.1764,8895.0,10840.0,28.8,24.75,0,NO,26.83,26.4,,26.62,,,115,0.0,6183,NO,NO,2026-04-10,1142000.0
2363,HFWA,27.95,28.0,352029.0,Financial Services,Banks - Regional,51.0,35.0,32.0,57.0,0.5246,0.5061,404533.0,510620.0,31.25,21.32,1143589888,NO,28.56,29.32,27.32,29.07,27.92,,7138,0.0,352914,NO,NO,2018-06-29,5464900.0
2364,ISPY,48.08,48.43,59290.0,ETF,ETF,51.0,65.0,56.0,54.0,0.4775,0.3837,92607.0,161730.0,49.25,42.1,0,NO,48.18,48.19,46.72,48.31,47.05,,690,0.0,59290,NO,NO,2026-09-14,1116400.0
2365,DFE,75.63,76.82,696.0,ETF,ETF,51.0,46.0,63.0,47.0,0.7084,0.3484,6512.0,4940.0,78.34,66.05,0,NO,76.96,76.19,74.69,76.59,75.04,,5098,0.0,696,NO,NO,2016-06-15,2645100.0
2366,TSEL,29.59,29.791,556.0,ETF,ETF,51.0,86.0,66.0,73.0,0.3418,0.1452,7968.0,7210.0,31.06,23.55,0,NO,28.83,28.57,27.79,28.76,27.94,,430,0.0,556,NO,NO,2025-01-15,702900.0
2367,HF,22.62,22.68,13.0,ETF,ETF,51.0,61.0,62.0,44.0,0.0269,0.0077,460.0,490.0,22.86,20.89,0,NO,22.67,22.56,21.81,22.6,22.04,,786,0.0,100,NO,NO,2024-12-26,92300.0
2368,GRVY,67.47,69.61,18217.0,Communication Services,Electronic Gaming & Multimedia,51.0,27.0,29.0,49.0,2.1876,2.039,39604.0,17570.0,76.0,54.54,468842304,NO,71.85,67.88,63.75,68.94,64.69,,5439,0.0,18217,NO,NO,2016-10-28,6031000.0
2369,CCML,26.93,27.35,44929.0,ETF,ETF,51.0,,,,,,69960.0,69960.0,27.76,25.14,0,NO,,,,,,,10,0.0,44929,NO,NO,2026-09-10,119900.0
2370,SEIS,31.33,31.598,44498.0,ETF,ETF,51.0,27.0,24.0,64.0,0.3646,0.2746,51460.0,44360.0,33.76,25.86,0,NO,32.2,32.57,30.62,32.48,31.23,,488,0.0,44498,NO,NO,2024-10-28,7884500.0
2371,SCHY,31.98,32.7,668180.0,ETF,ETF,51.0,29.0,50.0,36.0,0.3102,0.1867,654257.0,547430.0,34.04,27.45,0,NO,32.96,33.0,32.03,32.98,32.35,,1356,0.0,668340,NO,NO,2025-01-22,2641400.0
2372,LCR,40.29,40.498,2350.0,ETF,ETF,51.0,61.0,61.0,50.0,0.1928,0.0865,5458.0,14220.0,42.03,36.63,0,NO,40.56,40.25,39.03,40.36,39.26,,1687,0.0,2350,NO,NO,2022-10-17,453600.0
2373,RJCA,74.37,74.85,5521.0,ETF,ETF,51.0,87.0,,,0.8864,0.6221,19130.0,11400.0,75.24,70.47,0,NO,72.46,,,,,,36,0.0,5521,NO,NO,2026-08-04,129300.0
2374,HDMV,38.03,37.855,215.0,ETF,ETF,51.0,54.0,71.0,40.0,0.2435,0.0986,920.0,610.0,39.53,34.12,0,NO,38.49,38.6,37.41,38.65,37.77,,2529,0.0,100,NO,NO,2016-11-09,668100.0
2375,SPFI,43.1,44.08,126339.0,Financial Services,Banks - Regional,51.0,47.0,66.0,39.0,0.9045,0.8545,147406.0,130380.0,46.94,35.34,811965376,NO,44.21,44.46,42.14,44.49,42.79,,1853,0.0,126339,NO,NO,2019-05-09,1449800.0
2376,AVRY,24.99,25.389,19570.0,ETF,ETF,51.0,46.0,82.0,63.0,0.3733,0.1374,9269.0,6750.0,26.72,20.39,0,NO,25.65,25.38,,25.33,23.92,,168,0.0,19570,NO,NO,2026-01-22,1023700.0
2377,PKX,56.27,58.07,269226.0,Non-energy minerals,Steel,51.0,54.0,69.0,20.0,1.7153,0.8781,309266.0,204170.0,92.4,44.99,17020724224,NO,60.5,56.95,61.1,57.96,61.72,,8037,0.0,269226,NO,NO,1999-07-14,4960300.0
2378,TSCV,29.86,29.996,5316.0,ETF,ETF,51.0,22.0,18.0,51.0,0.243,0.178,2466.0,4740.0,32.95,24.98,0,NO,30.82,31.69,29.95,31.48,30.66,,212,0.0,5316,NO,NO,2026-04-23,52800.0
2379,XJH,49.42,49.62,16670.0,ETF,ETF,51.0,30.0,30.0,53.0,0.5827,0.4694,17655.0,20230.0,53.24,41.85,0,NO,50.41,51.26,48.77,51.16,49.6,,1504,0.0,16670,NO,NO,2024-02-29,546900.0
2380,ITDC,36.68,37.08,3839.0,ETF,ETF,51.0,61.0,53.0,51.0,0.2815,0.1819,20080.0,24630.0,37.56,33.03,0,NO,36.94,36.85,35.61,36.91,36.0,,732,0.0,3839,NO,NO,2025-04-10,93200.0
2381,QDVO,30.28,30.42,177849.0,ETF,ETF,51.0,83.0,66.0,58.0,0.2946,0.2534,230742.0,171530.0,30.97,25.75,0,NO,29.68,29.65,29.15,29.7,29.29,,522,0.0,177867,NO,NO,2025-11-20,1311600.0
2382,CBAN,20.44,20.8,151045.0,Financial Services,Banks - Regional,51.0,30.0,30.0,42.0,0.4818,0.4682,241353.0,185700.0,22.46,15.8,433767552,NO,21.2,21.46,20.1,21.52,20.58,,7162,0.0,151045,NO,NO,2022-06-24,1991000.0
2383,XLB,50.28,49.71,10466595.0,ETF,ETF,51.0,22.0,40.0,44.0,0.7707,0.6725,11096206.0,10314000.0,54.19,42.03,0,NO,51.69,51.74,50.45,51.75,51.1,,6979,1.09,10466595,YES,NO,2011-08-04,78015800.0
2384,FITZ,25.97,25.9,27788.0,ETF,ETF,51.0,84.0,81.0,,0.2627,0.2149,40025.0,34500.0,36.3,23.43,0,NO,25.33,25.09,,25.25,,,81,0.0,27788,NO,NO,2026-05-28,1025300.0
2385,FAN,23.2,23.54,22932.0,ETF,ETF,50.0,45.0,19.0,22.0,0.3293,0.1908,96963.0,149460.0,27.3,18.82,0,NO,23.55,23.81,23.86,23.77,24.6,,4587,0.0,23262,NO,NO,2014-10-15,2654400.0
2386,GLTR,194.5,198.25,30380.0,ETF,ETF,50.0,17.0,70.0,14.0,4.2364,2.6579,65584.0,38660.0,295.44,157.94,0,NO,199.62,193.86,212.08,196.08,204.9,,4002,0.0,30380,NO,NO,2014-12-23,1647300.0
2387,BBEU,76.75,78.07,200865.0,ETF,ETF,50.0,27.0,51.0,48.0,0.8282,0.5336,285055.0,378180.0,81.31,67.76,0,NO,78.93,79.08,76.56,79.15,76.96,,2077,0.0,200865,NO,NO,2022-05-31,26249500.0
2388,FFDI,32.03,31.995,197.0,ETF,ETF,50.0,49.0,39.0,58.0,0.3398,0.1268,2512.0,2280.0,33.78,28.34,0,NO,32.56,32.56,31.6,32.69,31.8,,457,0.0,600,NO,NO,2024-11-22,201300.0
2389,FCVT,49.35,49.64,68323.0,ETF,ETF,50.0,60.0,15.0,54.0,0.6536,0.5013,32261.0,14370.0,54.9,41.0,0,NO,49.31,49.8,48.25,49.76,49.54,,2735,0.0,68323,NO,NO,2021-06-28,1155600.0
2390,DLX,23.88,23.45,424605.0,Industrials,Conglomerates,50.0,80.0,75.0,7.0,0.6321,0.5521,427744.0,422440.0,32.07,17.76,1095048064,NO,23.65,24.66,25.29,24.33,25.52,,11724,1.02,424605,NO,NO,2020-07-31,9268600.0
2391,AUPH,16.4,16.61,787296.0,Healthcare,Biotechnology,50.0,58.0,14.0,62.0,0.4475,0.4393,1304403.0,862460.0,19.25,10.34,2182039040,NO,16.38,15.89,15.53,16.0,15.63,,3031,0.0,787296,NO,NO,2017-03-07,49388400.0
2392,ASCI,36.63,37.111,801.0,ETF,ETF,50.0,69.0,56.0,52.0,0.3666,0.1832,2214.0,1730.0,38.19,32.1,0,NO,36.66,36.45,35.8,36.61,36.07,,232,0.0,801,NO,NO,2026-01-08,243900.0
2393,SCLZ,57.18,57.465,874.0,ETF,ETF,50.0,82.0,62.0,53.0,0.3301,0.0886,885.0,520.0,57.55,50.41,0,NO,56.46,56.27,55.01,56.42,55.27,,645,0.0,874,NO,NO,2025-02-26,33100.0
2394,HELO,69.35,69.75,471329.0,ETF,ETF,50.0,70.0,64.0,47.0,0.4468,0.3679,364650.0,315630.0,70.23,63.24,0,NO,69.33,69.05,67.31,69.25,67.57,,748,0.0,471329,NO,NO,2026-07-16,5359700.0
2395,USMV,98.64,99.07,1241633.0,ETF,ETF,50.0,46.0,70.0,45.0,0.7912,0.5969,1961793.0,1747590.0,102.21,91.02,0,NO,100.19,99.44,96.13,99.7,96.61,,3751,0.0,1241633,NO,NO,2016-02-19,19258800.0
2396,CBXY,24.01,23.778,49.0,ETF,ETF,50.0,87.0,83.0,47.0,0.1505,0.0304,2804.0,2530.0,26.45,21.71,0,NO,23.49,22.73,22.49,22.99,22.35,,304,0.0,100,NO,NO,2025-08-13,164800.0
2397,BRUN,16.51,17.17,1183515.0,Technology,Software - Infrastructure,50.0,4.0,0.0,93.0,1.4095,1.3279,2071065.0,2536050.0,42.0,10.59,1312337664,NO,17.01,19.43,18.08,18.75,20.8,,433,0.0,1188039,NO,NO,2026-08-14,6371200.0
2398,EQBK,47.8,48.61,90209.0,Finance,Regional banks,50.0,34.0,49.0,54.0,1.1143,1.0779,128042.0,106120.0,52.27,38.6,984321024,NO,49.62,50.23,47.05,50.09,47.5,,2730,0.0,91310,NO,NO,2015-11-11,805500.0
2399,BMVP,52.33,53.06,3805.0,ETF,ETF,50.0,33.0,61.0,43.0,0.3457,0.0786,896.0,530.0,55.18,47.46,0,NO,53.94,53.82,51.72,53.88,52.13,,5886,0.0,3805,NO,NO,2014-07-16,6082200.0
2400,JMID,31.4,31.733,41.0,ETF,ETF,50.0,45.0,59.0,56.0,0.256,0.0839,3403.0,3710.0,33.06,27.25,0,NO,31.44,31.45,30.4,31.58,30.69,,504,0.0,41,NO,NO,2026-05-06,111600.0
2401,SPEU,54.49,55.12,25312.0,ETF,ETF,50.0,29.0,53.0,49.0,0.5379,0.3457,23955.0,19750.0,57.64,48.0,0,NO,56.0,56.07,54.33,56.14,54.57,,6018,0.0,25312,NO,NO,2025-03-11,5071900.0
2402,JGRO,96.66,97.07,359097.0,ETF,ETF,50.0,85.0,56.0,64.0,1.0604,0.825,541877.0,466980.0,99.73,81.16,0,NO,94.27,94.16,92.77,94.51,93.16,,1034,0.0,359097,NO,NO,2024-11-12,4463000.0
2403,CUBI,76.72,78.87,260053.0,Financial Services,Banks - Regional,50.0,36.0,39.0,65.0,1.99,1.765,295587.0,315880.0,84.38,59.34,2591893248,NO,78.51,79.28,75.54,79.35,75.81,,3652,0.0,260053,NO,NO,2023-03-13,8396700.0
2404,HEDG,30.88,30.91,13492.0,ETF,ETF,50.0,78.0,64.0,43.0,0.1187,0.1066,37441.0,32180.0,30.99,28.15,0,NO,30.75,30.5,29.84,30.62,29.99,,237,0.0,13492,NO,NO,2026-01-13,524000.0
2405,ASB,28.68,29.36,1563788.0,Financial Services,Banks - Regional,50.0,18.0,25.0,70.0,0.6161,0.5729,2005196.0,2597090.0,32.46,23.86,5416208384,NO,30.26,30.83,28.29,30.65,28.82,,11724,0.0,1563788,NO,NO,2010-01-12,32066200.0
2406,HESM,38.78,39.58,1572445.0,Energy,Oil & Gas Midstream,50.0,64.0,58.0,19.0,0.8266,0.7966,1108801.0,1183580.0,41.44,31.63,7995596800,NO,39.92,40.01,38.02,39.93,39.13,,2379,0.0,1572565,NO,NO,2017-04-05,9768400.0
2407,ROPE,29.46,29.571,3858.0,ETF,ETF,50.0,39.0,41.0,44.0,0.1781,0.1171,9350.0,2060.0,31.01,25.58,0,NO,29.98,30.21,29.02,30.12,29.42,,440,0.0,3858,NO,NO,2026-08-20,303100.0
2408,HTH,38.17,38.76,315794.0,Financial Services,Financial Conglomerates,50.0,60.0,39.0,48.0,0.71,0.6561,276696.0,443770.0,40.41,30.78,2186622464,NO,38.6,38.86,37.37,38.91,37.83,,5684,0.0,315822,NO,NO,2021-01-20,15215100.0
2409,BEEZ,34.39,34.274,292.0,ETF,ETF,50.0,40.0,76.0,44.0,0.2244,0.0355,238.0,200.0,35.74,31.45,0,NO,34.56,34.59,33.58,34.74,33.54,,719,0.0,292,NO,NO,2026-02-10,72500.0
2410,SDG,88.86,89.995,2053.0,ETF,ETF,50.0,26.0,53.0,51.0,0.7694,0.3351,3923.0,2800.0,94.34,79.77,0,NO,91.12,90.58,87.86,90.87,88.83,,2619,0.0,2053,NO,NO,2021-08-09,227700.0
2411,BHRB,68.84,69.55,160970.0,Financial Services,Banks - Regional,50.0,36.0,63.0,57.0,1.3657,1.3436,142539.0,140530.0,75.09,57.42,1389675264,NO,71.18,71.94,66.87,71.62,67.24,,5776,0.0,160970,NO,NO,2023-06-23,851000.0
2412,ARTNA,33.75,34.39,30654.0,Utilities,Utilities - Regulated Water,50.0,29.0,65.0,47.0,0.7756,0.7349,31485.0,30130.0,36.98,30.5,348540320,NO,35.51,34.98,33.16,35.06,33.44,,8155,0.0,30654,NO,NO,2024-06-28,1792100.0
2413,EW,86.82,88.34,3623688.0,Healthcare,Medical Devices,50.0,40.0,46.0,44.0,2.2571,2.1464,4068053.0,3563450.0,96.29,72.3,50043047936,NO,88.5,88.41,85.04,87.94,85.59,,6662,0.0,3623688,NO,NO,2011-03-31,139237800.0
2414,XRPZ,16.23,16.36,1154650.0,ETF,ETF,50.0,92.0,94.0,40.0,0.9236,0.7036,461117.0,813090.0,26.09,10.77,0,NO,15.18,13.22,15.53,13.68,13.87,,207,0.0,1154650,NO,NO,2026-09-15,2073900.0
2415,EZM,73.13,73.65,18004.0,ETF,ETF,50.0,31.0,36.0,54.0,0.7146,0.5968,16347.0,14250.0,77.87,63.01,0,NO,75.12,75.83,71.94,75.72,73.0,,4926,0.0,18004,NO,NO,2015-03-02,956100.0
2416,PNQI,51.1,51.98,17970.0,ETF,ETF,50.0,58.0,86.0,59.0,0.8429,0.6079,47442.0,53350.0,57.22,42.8,0,NO,51.77,50.65,49.29,50.92,48.38,,4597,0.0,17970,NO,NO,2015-01-26,2246000.0
2417,FMCX,36.47,36.163,13.0,ETF,ETF,50.0,63.0,49.0,59.0,0.3049,0.0879,226.0,450.0,37.73,31.29,0,NO,36.57,36.52,35.35,36.66,35.73,,1106,0.0,100,NO,NO,2022-06-01,39600.0
2418,JEPQ,61.1,61.17,4694887.0,ETF,ETF,50.0,84.0,60.0,51.0,0.5465,0.4218,6199030.0,4945120.0,61.72,53.51,0,NO,59.89,59.46,58.87,59.75,58.97,,1101,0.0,4694887,NO,NO,2025-04-04,22360000.0
2419,NBOS,28.61,28.72,132649.0,ETF,ETF,50.0,75.0,63.0,45.0,0.2136,0.1841,99261.0,158750.0,28.77,26.07,0,NO,28.47,28.39,27.74,28.45,27.89,,665,0.0,132649,NO,NO,2026-08-03,1102200.0
2420,GLP,48.18,50.62,38216.0,Energy,Oil & Gas Midstream,50.0,32.0,71.0,39.0,1.4036,1.2907,85565.0,70480.0,54.29,39.58,1630843904,NO,51.31,50.14,47.31,50.24,48.11,,5277,0.0,38216,NO,NO,2023-12-15,5939400.0
2421,KLAG,25.33,24.52,119061.0,ETF,ETF,50.0,79.0,0.0,66.0,1.9119,1.6145,103369.0,98050.0,77.55,15.95,0,NO,23.14,27.63,,26.52,31.2,,190,1.35,120923,NO,NO,2026-07-02,422200.0
2422,SPUT,28.72,28.835,345.0,ETF,ETF,50.0,74.0,62.0,48.0,0.1131,0.0421,1979.0,970.0,29.93,26.08,0,NO,28.6,28.5,27.79,28.59,28.01,,383,0.0,345,NO,NO,2025-04-04,192500.0
2423,GLD,392.88,400.07,7353000.0,ETF,ETF,50.0,14.0,79.0,19.0,7.3436,5.1593,9085417.0,8945630.0,509.7,342.14,0,NO,402.28,394.48,416.37,397.52,408.52,,5495,0.0,7353000,NO,NO,2013-04-15,93804200.0
2424,SPG,204.16,204.98,985689.0,Real Estate,REIT - Retail,50.0,21.0,19.0,62.0,3.3057,3.1929,1585458.0,1424370.0,238.5,172.19,77503930368,NO,208.89,218.58,203.0,215.82,208.54,,8248,0.0,993107,NO,NO,2009-05-07,29396654.0
2425,PSAI,27.63,27.9,478.0,ETF,ETF,50.0,43.0,49.0,,0.2057,0.0496,1450.0,510.0,28.98,25.26,0,NO,28.13,28.05,,28.11,,,95,0.0,478,NO,NO,2026-06-01,52900.0
2426,HEDJ,56.07,56.36,44653.0,ETF,ETF,50.0,51.0,34.0,53.0,0.5921,0.3893,56755.0,24420.0,58.5,49.33,0,NO,56.61,56.92,55.21,56.93,55.61,,4196,0.0,44654,NO,NO,2015-08-24,36568400.0
2427,PJUS,52.64,53.21,132.0,ETF,ETF,50.0,75.0,71.0,,0.3851,0.023,204.0,120.0,53.52,49.61,0,NO,52.48,52.32,,52.52,,,85,0.0,132,NO,NO,2026-05-21,17200.0
2428,JPEM,64.63,66.178,36282.0,ETF,ETF,50.0,48.0,60.0,42.0,0.6291,0.3442,16055.0,15280.0,67.53,57.58,0,NO,66.34,65.34,64.1,65.59,64.32,,2942,0.0,36282,NO,NO,2021-04-01,969300.0
2429,DDWM,46.25,46.75,180045.0,ETF,ETF,50.0,47.0,45.0,46.0,0.4669,0.3021,92669.0,97730.0,47.87,40.56,0,NO,47.02,47.03,45.77,47.09,46.07,,2673,0.0,185068,NO,NO,2016-04-21,8958400.0
2430,HAS,86.52,87.72,1974316.0,Consumer Cyclical,Leisure,50.0,16.0,71.0,11.0,2.1786,1.995,1908468.0,1664170.0,106.98,69.5,12203166720,NO,91.48,91.25,90.1,91.89,90.07,,11724,0.0,1974316,NO,NO,1996-02-02,26326125.0
2431,AXTA,32.43,31.86,2208084.0,Process industries,Industrial specialties,50.0,9.0,27.0,82.0,0.8318,0.7232,1721560.0,2440760.0,38.61,24.94,6940668416,NO,34.66,35.01,32.05,35.19,31.83,,2981,0.0,2208084,NO,NO,2023-03-17,34854700.0
2432,BDIV,24.33,24.524,2174.0,ETF,ETF,50.0,43.0,48.0,47.0,0.1492,0.086,2884.0,2310.0,25.35,22.15,0,NO,24.71,24.84,23.9,24.83,24.17,,537,0.0,2174,NO,NO,2025-05-15,46900.0
2433,LLYVK,98.16,98.38,207744.0,Communication Services,Entertainment,50.0,18.0,50.0,44.0,2.7793,2.71,320022.0,344730.0,109.75,76.94,9031247872,NO,100.17,102.12,95.39,100.91,98.61,,786,0.0,207744,NO,NO,2023-08-07,3280100.0
2434,DGS,63.66,64.82,32936.0,ETF,ETF,50.0,76.0,40.0,43.0,0.7896,0.5482,39022.0,33730.0,66.9,54.97,0,NO,64.19,63.27,62.35,63.45,63.24,,4753,0.0,32936,NO,NO,2017-09-28,2757900.0
2435,GXRP,28.96,29.19,42119.0,ETF,ETF,50.0,93.0,94.0,40.0,1.5881,1.1859,42065.0,44920.0,46.51,19.25,0,NO,27.07,23.57,27.71,24.39,24.76,,207,0.0,42119,NO,NO,2026-01-29,636800.0
2436,HGRO,30.32,30.435,44726.0,ETF,ETF,49.0,68.0,39.0,51.0,0.3596,0.2831,37242.0,35080.0,31.85,26.86,0,NO,30.09,30.43,29.74,30.36,30.04,,322,0.0,44726,NO,NO,2026-05-05,278600.0
2437,CVY,28.99,29.52,5859.0,ETF,ETF,49.0,29.0,53.0,49.0,0.275,0.2136,4685.0,5290.0,30.86,25.81,0,NO,30.3,30.22,28.62,30.2,28.98,,5031,0.0,5859,NO,NO,2011-07-14,3108400.0
2438,BDVL,26.32,26.538,149362.0,ETF,ETF,49.0,62.0,59.0,48.0,0.221,0.1589,217130.0,212760.0,27.02,24.04,0,NO,26.55,26.46,25.72,26.54,25.92,,257,0.0,149362,NO,NO,2026-02-18,4421300.0
2439,JULZ,46.57,45.998,15.0,ETF,ETF,49.0,77.0,68.0,67.0,0.2529,0.0486,4974.0,290.0,47.61,39.26,0,NO,46.1,45.9,44.13,46.09,44.42,,1562,0.0,100,NO,NO,2024-07-01,545200.0
2440,ATTR,95.96,96.131,11116.0,ETF,ETF,49.0,79.0,61.0,43.0,0.2433,0.0804,4326.0,3700.0,96.17,88.71,0,NO,95.39,95.05,92.88,95.24,93.8,,226,0.0,11116,NO,NO,2025-11-25,313800.0
2441,JLL,324.06,340.07,403454.0,Real Estate,Real Estate Services,49.0,3.0,81.0,50.0,11.4836,10.2539,355569.0,346250.0,393.84,259.83,14909256704,NO,354.02,353.86,328.14,355.3,324.83,,7341,0.0,403454,NO,NO,2009-06-11,7774800.0
2442,FMAG,36.1,36.36,5338.0,ETF,ETF,49.0,71.0,52.0,62.0,0.4205,0.2648,19603.0,15450.0,37.58,30.49,0,NO,35.72,35.99,34.95,36.09,35.28,,1414,0.0,5338,NO,NO,2024-10-17,405000.0
2443,FITB,51.69,53.31,7453337.0,Financial Services,Banks - Regional,49.0,24.0,20.0,65.0,1.1107,1.0521,5878698.0,6215120.0,59.5,40.05,46860754944,NO,54.04,55.88,51.49,55.26,52.1,,11724,0.0,7453337,NO,NO,2009-05-08,198530200.0
2444,STRF,103.8,103.32,77011.0,Technology services,Internet software/Services,49.0,88.0,86.0,49.0,1.4506,1.3453,113839.0,63810.0,117.05,82.5,0,NO,103.23,99.26,99.57,100.14,98.09,,375,0.0,77011,NO,NO,2025-03-31,1843500.0
2445,FLEU,35.19,35.639,3715.0,ETF,ETF,49.0,31.0,38.0,55.0,0.5835,0.4364,5263.0,6000.0,37.45,30.96,0,NO,36.08,36.12,34.75,36.16,34.95,,2230,0.0,3715,NO,NO,2017-12-11,775000.0
2446,HOLA,55.62,56.35,4799.0,ETF,ETF,49.0,49.0,52.0,46.0,0.5346,0.3146,16339.0,32250.0,60.26,50.01,0,NO,56.44,56.24,54.43,56.38,54.74,,301,0.0,4799,NO,NO,2025-11-11,221700.0
2447,AQLG,26.24,26.55,6.0,ETF,ETF,49.0,68.0,71.0,,0.1472,0.0,100.0,100.0,26.98,24.79,0,NO,26.37,26.32,,26.37,,,74,0.0,6,NO,NO,2026-06-09,1300.0
2448,AVMC,77.33,77.79,18486.0,ETF,ETF,49.0,30.0,35.0,48.0,0.8785,0.7545,23682.0,23000.0,82.6,66.64,0,NO,78.97,79.79,76.46,79.71,77.61,,718,0.0,18486,NO,NO,2024-05-06,654600.0
2449,CCEC,21.74,21.89,2287.0,Industrials,Marine Shipping,49.0,36.0,79.0,49.0,0.3257,0.2829,8977.0,4900.0,24.0,16.77,1309010944,NO,22.38,22.55,21.45,22.43,21.37,,4901,0.0,2287,NO,NO,2014-09-03,1897771.0
2450,XRLX,49.24,49.518,480.0,ETF,ETF,49.0,76.0,54.0,54.0,0.2681,0.0491,1576.0,2830.0,49.91,43.84,0,NO,48.88,48.74,47.51,48.88,47.92,,740,0.0,480,NO,NO,2023-11-01,104000.0
2451,BOKF,130.58,133.14,232062.0,Financial Services,Banks - Regional,49.0,18.0,28.0,39.0,2.4171,2.3243,254669.0,294550.0,146.84,102.72,7934937600,NO,135.41,139.59,131.93,138.71,134.14,,8824,0.0,232062,NO,NO,2025-11-07,2208800.0
2452,SPMD,63.99,64.17,1726043.0,ETF,ETF,49.0,29.0,30.0,52.0,0.6789,0.5975,1424365.0,1412520.0,68.97,54.53,0,NO,65.43,66.4,63.33,66.29,64.42,,3322,0.0,1726043,NO,NO,2024-02-13,14064900.0
2453,DGICB,19.4,18.58,1779.0,Financial Services,Insurance - Property & Casualty,49.0,1.0,30.0,46.0,0.9968,0.6561,4476.0,2360.0,29.99,14.87,720114048,NO,23.33,23.31,19.36,22.94,20.54,,10050,0.0,1779,NO,NO,1993-09-29,1247763.0
2454,RSSB,30.23,30.772,39315.0,ETF,ETF,49.0,44.0,46.0,58.0,0.381,0.2679,67334.0,71880.0,32.29,26.3,0,NO,30.71,30.71,29.65,30.72,29.89,,701,0.0,39315,NO,NO,2024-06-24,2087000.0
2455,XRPC,15.88,15.99,246292.0,ETF,ETF,49.0,92.0,94.0,40.0,0.8989,0.6824,241098.0,333550.0,26.89,10.52,0,NO,14.84,12.91,15.19,13.37,13.57,,214,0.0,246292,NO,NO,2025-11-13,2285200.0
2456,STXK,36.66,36.98,6236.0,ETF,ETF,49.0,25.0,30.0,55.0,0.3207,0.1999,8149.0,7480.0,39.56,31.23,0,NO,37.67,38.27,36.19,38.12,36.73,,967,0.0,6236,NO,NO,2023-06-02,236000.0
2457,SON,50.63,49.25,1142834.0,Consumer Cyclical,Packaging & Containers,49.0,4.0,45.0,22.0,1.5807,1.4329,1141134.0,1344120.0,60.67,38.65,5005721600,NO,51.72,55.01,51.65,54.61,53.13,,11724,0.0,1177882,NO,NO,2026-04-22,7355100.0
2458,FEMV,26.65,26.83,1148.0,ETF,ETF,49.0,32.0,59.0,,0.1986,0.0708,1642.0,2000.0,28.19,24.84,0,NO,27.32,27.36,,27.39,,,100,0.0,1148,NO,NO,2026-04-30,199600.0
2459,BCGD,26.21,26.464,2563.0,ETF,ETF,49.0,52.0,58.0,55.0,0.2317,0.1089,2153.0,5300.0,27.16,22.64,0,NO,26.33,26.44,,26.48,25.78,,193,0.0,2563,NO,NO,2025-12-15,54300.0
2460,BTGD,28.27,29.33,12293.0,ETF,ETF,49.0,68.0,94.0,42.0,1.1818,0.7215,24763.0,21520.0,48.86,19.12,0,NO,27.39,24.37,28.94,25.24,26.25,,484,0.0,12856,NO,NO,2026-01-30,813100.0
2461,PRM,28.28,31.63,1120702.0,Process industries,Chemicals: major diversified,49.0,10.0,4.0,89.0,1.1711,0.9954,1520941.0,1174000.0,38.17,19.7,4629066240,NO,31.25,32.68,29.67,31.93,30.56,,1221,0.0,1120733,NO,NO,2022-06-24,15125900.0
2462,RRC,38.77,37.82,2268986.0,Energy minerals,Oil & gas production,49.0,25.0,75.0,7.0,1.1964,1.0718,2845214.0,2992590.0,48.31,32.68,9059755008,NO,40.93,39.8,39.34,40.06,40.51,,11658,2.14,2269238,NO,NO,2022-03-01,65167500.0
2463,AUSF,49.74,50.33,49421.0,ETF,ETF,49.0,32.0,58.0,41.0,0.4029,0.315,54585.0,58690.0,52.79,44.4,0,NO,51.38,51.48,49.33,51.45,49.87,,2027,0.0,49421,NO,NO,2025-02-07,1429100.0
2464,CDZIP,21.75,21.74,1221.0,Industrials,Pollution & Treatment Controls,49.0,47.0,19.0,60.0,0.4644,0.4405,5439.0,5400.0,24.78,18.8,0,NO,22.11,22.22,20.74,22.19,21.33,,1313,0.0,1221,NO,NO,2021-07-09,265000.0
2465,SQLT,28.09,27.87,12.0,ETF,ETF,49.0,38.0,55.0,,0.1871,0.0179,298.0,390.0,29.68,25.82,0,NO,28.52,28.74,,28.74,,,119,0.0,100,NO,NO,2026-06-17,6700.0
2466,GFL,41.9,42.76,2810175.0,Industrials,Waste Management,49.0,83.0,88.0,39.0,1.3791,1.2455,2922223.0,2990160.0,48.07,33.33,15121305600,NO,42.26,41.21,40.82,41.91,39.86,,1648,0.0,2810175,NO,NO,2026-06-26,18445000.0
2467,OZEM,31.89,31.486,12259.0,ETF,ETF,49.0,25.0,58.0,45.0,0.5078,0.3769,21212.0,20720.0,37.15,26.34,0,NO,32.4,32.68,32.78,32.58,31.85,,586,0.0,12294,NO,NO,2024-10-07,600500.0
2468,APD,286.97,279.46,917835.0,Basic Materials,Specialty Chemicals,49.0,23.0,56.0,37.0,6.0721,5.5279,1199317.0,1400440.0,314.87,229.11,63904067584,NO,296.67,298.35,284.27,298.22,293.09,,11724,0.0,922867,NO,NO,2016-03-08,15012928.0
2469,BFJA,19.62,18.906,7.0,ETF,ETF,49.0,92.0,83.0,39.0,0.2599,0.0131,546.0,110.0,20.61,17.16,0,NO,18.66,17.93,,18.21,18.25,,173,0.0,100,NO,NO,2026-08-27,12000.0
2470,WRLD,170.07,171.09,51942.0,Finance,Finance/Rental/Leasing,49.0,11.0,15.0,84.0,5.8718,5.5968,102911.0,65130.0,227.68,110.0,792596480,NO,186.61,188.29,159.77,187.65,170.31,,8766,0.0,51942,NO,NO,1993-05-26,4631400.0
2471,AVY,172.66,169.33,541826.0,Process industries,Pulp & paper,49.0,23.0,82.0,42.0,4.1368,3.8996,919668.0,998470.0,199.54,152.42,13085581312,NO,173.11,171.79,173.08,173.3,167.38,,13510,0.8,541826,NO,NO,2026-08-31,7318000.0
2472,IWO,360.39,365.15,490772.0,ETF,ETF,49.0,18.0,16.0,65.0,5.1114,4.45,441509.0,450920.0,396.69,299.64,0,NO,371.77,377.9,355.86,376.06,363.23,,6576,0.0,490772,NO,NO,2007-10-24,12894800.0
2473,LNC,41.08,41.68,1206330.0,Financial Services,Insurance - Life,49.0,46.0,79.0,75.0,1.2745,1.2084,2025449.0,2236190.0,47.67,32.18,7864656384,NO,43.24,43.46,39.55,43.65,38.6,,11724,0.0,1352052,NO,NO,2023-09-15,44250100.0
2474,BCC,77.76,75.66,197973.0,Distribution services,Wholesale distributors,49.0,24.0,81.0,50.0,2.2121,2.0035,377900.0,377540.0,91.97,65.0,2713151488,NO,76.97,79.12,77.27,79.34,75.93,,3427,0.0,197973,NO,NO,2013-02-06,13195500.0
2475,IVOO,123.63,124.38,90887.0,ETF,ETF,49.0,30.0,29.0,51.0,1.2627,1.0849,81263.0,93770.0,133.14,105.29,0,NO,126.39,128.25,122.28,128.05,124.38,,4033,0.0,90887,NO,NO,2020-10-30,1776400.0
2476,LGN,52.92,54.59,487774.0,Industrials,Engineering & Construction,49.0,8.0,1.0,34.0,2.8727,2.5677,1343765.0,938010.0,107.24,29.0,8693958656,NO,54.44,61.09,63.08,59.7,69.03,,258,0.0,529320,NO,NO,2025-09-12,9811600.0
2477,FAF,68.09,69.26,746993.0,Financial Services,Insurance - Specialty,49.0,28.0,36.0,73.0,2.185,1.9979,819973.0,918720.0,79.87,56.2,6951988736,NO,72.43,72.99,67.22,72.66,68.5,,4104,0.0,754888,NO,NO,2016-06-24,10069200.0
2478,DFAL,51.67,52.15,21545.0,ETF,ETF,49.0,72.0,,,0.4549,0.2654,187768.0,29500.0,54.11,48.63,0,NO,51.52,51.22,,51.45,,,64,0.0,21545,NO,NO,2026-07-22,7681900.0
2479,PEN,319.44,318.78,410630.0,Health technology,Medical specialties,49.0,55.0,51.0,14.0,1.964,1.8847,355163.0,459540.0,362.41,221.26,12582557696,NO,320.38,321.43,326.15,321.54,324.28,,2768,0.0,410630,NO,NO,2026-01-15,9675200.0
2480,LECO,265.4,258.32,278510.0,Producer manufacturing,Industrial machinery,49.0,24.0,38.0,42.0,7.8086,7.1536,430380.0,503800.0,310.0,216.22,14465826816,NO,268.43,268.39,263.15,270.04,262.82,,8169,1.78,307575,NO,NO,2006-06-01,10480400.0
2481,PCLC,25.62,25.1,244.0,ETF,ETF,49.0,89.0,61.0,,0.3114,0.01,196.0,160.0,26.18,22.17,0,NO,24.76,24.49,,24.71,,,87,0.0,100,NO,NO,2026-05-21,5000.0
2482,CAF,18.7,18.44,10374.0,Financial Services,Asset Management,49.0,45.0,17.0,54.0,0.2593,0.2286,16571.0,6580.0,21.41,15.6,249718800,NO,18.64,19.21,18.64,19.05,18.97,,5026,0.7,10374,NO,NO,2015-12-29,1443700.0
2483,FFSM,34.48,34.74,217992.0,ETF,ETF,49.0,16.0,16.0,50.0,0.4531,0.3905,325182.0,638650.0,38.48,28.23,0,NO,35.73,36.66,34.66,36.51,35.52,,1414,0.0,217992,NO,NO,2025-01-06,6187500.0
2484,LOEV,16.06,16.19,11305.0,ETF,ETF,49.0,58.0,,,0.155,0.1,20815.0,6810.0,16.55,14.25,0,NO,16.13,,,16.07,,,46,0.0,11305,NO,NO,2026-07-24,252000.0
2485,BKCH,77.99,79.35,79859.0,ETF,ETF,49.0,94.0,15.0,82.0,3.8011,3.1854,66984.0,34540.0,123.69,50.99,0,NO,72.14,68.72,71.96,70.33,72.13,,1304,0.0,79859,NO,NO,2026-02-02,1019500.0
2486,NBXG,15.57,15.62,123762.0,Financial Services,Asset Management,48.0,86.0,24.0,78.0,0.2886,0.2686,200531.0,116540.0,17.43,12.32,1226316416,NO,15.29,15.24,14.75,15.29,15.02,,1337,0.0,123762,NO,NO,2021-05-26,6996400.0
2487,SSB,101.62,103.11,522331.0,Financial Services,Banks - Regional,48.0,29.0,63.0,61.0,2.03,1.9264,810046.0,630170.0,112.2,84.48,9854553088,NO,105.31,105.99,99.33,106.27,99.47,,7459,0.0,522331,NO,NO,2025-06-27,16156800.0
2488,SHDG,33.5,33.867,16220.0,ETF,ETF,48.0,74.0,61.0,47.0,0.2568,0.1335,8090.0,5500.0,33.9,30.62,0,NO,33.42,33.23,32.52,33.35,32.53,,980,0.0,16220,NO,NO,2026-08-26,182700.0
2489,HIDE,24.66,24.705,4710.0,ETF,ETF,48.0,68.0,64.0,40.0,0.0961,0.0911,43955.0,15890.0,24.89,22.69,0,NO,24.76,24.6,24.02,24.64,24.34,,963,0.0,4710,NO,NO,2026-06-04,504000.0
2490,PAMC,52.33,52.74,2607.0,ETF,ETF,48.0,35.0,22.0,50.0,0.4436,0.2555,2428.0,2250.0,55.95,42.78,0,NO,53.66,54.1,51.61,54.03,52.65,,1568,0.0,2607,NO,NO,2022-01-18,268600.0
2491,LCLN,23.95,24.68,416526.0,Finance,Investment banks/Brokers,48.0,77.0,56.0,,1.215,1.1779,554580.0,1240730.0,27.55,20.05,2519668736,NO,25.74,24.11,,24.62,,,86,0.0,416526,NO,NO,2026-05-20,8740300.0
2492,BTF,23.17,24.173,3369.0,ETF,ETF,48.0,92.0,95.0,72.0,0.9109,0.7668,5404.0,8990.0,97.1,15.0,0,NO,21.94,19.49,22.5,20.14,19.31,,1233,0.0,3370,NO,NO,2021-10-22,638460.0
2493,PTMC,39.67,39.79,15082.0,ETF,ETF,48.0,31.0,31.0,52.0,0.3722,0.2664,18082.0,15520.0,42.61,34.11,0,NO,40.44,41.05,39.15,41.0,39.81,,2836,0.0,15082,NO,NO,2022-10-17,2284500.0
2494,CRCL,91.72,94.59,10569202.0,Financial Services,Capital Markets,48.0,88.0,93.0,9.0,7.2563,6.1859,14695639.0,16765070.0,159.47,49.9,25002332160,NO,92.11,78.48,86.03,81.45,89.73,,327,0.0,10645071,YES,NO,2025-06-23,99128700.0
2495,SLG,49.98,52.94,852717.0,Real Estate,REIT - Office,48.0,6.0,45.0,86.0,1.7089,1.6375,964801.0,889110.0,61.8,34.77,3834876672,NO,54.15,54.31,46.36,54.57,47.65,,7320,0.0,870523,NO,NO,2023-03-17,18745600.0
2496,AOR,69.15,69.76,504017.0,ETF,ETF,48.0,63.0,50.0,48.0,0.4979,0.3507,344503.0,568270.0,70.49,62.96,0,NO,69.51,69.32,67.51,69.45,68.09,,4486,0.0,504018,NO,NO,2023-01-23,3553200.0
2497,RHLD,125.59,118.44,111033.0,Commercial services,Miscellaneous commercial services,48.0,57.0,55.0,4.0,6.2077,5.782,158388.0,130720.0,236.19,64.61,982062912,NO,130.25,130.41,153.93,129.21,133.3,,397,2.74,111049,NO,NO,2026-03-03,533000.0
2498,RWIN,27.17,27.53,11.0,ETF,ETF,48.0,46.0,67.0,,0.1973,0.0236,525.0,820.0,28.14,25.47,0,NO,27.63,27.35,,27.49,,,116,0.0,11,NO,NO,2026-09-16,6500.0
2499,PRXI,25.54,25.2,257.0,ETF,ETF,48.0,53.0,,,0.2364,0.0229,3352.0,3380.0,26.28,24.28,0,NO,25.67,25.49,,25.62,,,62,0.0,300,NO,NO,2026-09-18,32500.0
2500,BCHP,37.44,37.995,40145.0,ETF,ETF,48.0,53.0,73.0,63.0,0.4476,0.2594,27211.0,19650.0,40.0,31.55,0,NO,37.86,37.81,36.61,37.93,36.57,,802,0.0,40145,NO,NO,2025-01-31,758900.0
2501,LLYVA,94.99,95.24,62897.0,Communication Services,Entertainment,48.0,20.0,49.0,42.0,2.6295,2.4899,175873.0,183960.0,106.06,74.38,8739590144,NO,96.69,98.48,92.61,97.33,95.51,,786,0.0,63176,NO,NO,2026-05-14,2066700.0
2502,CCD,23.65,23.96,43537.0,Financial Services,Asset Management,48.0,19.0,18.0,56.0,0.4836,0.4344,63779.0,60090.0,26.99,19.98,676709504,NO,24.12,24.89,23.66,24.78,24.26,,2889,0.0,43537,NO,NO,2015-03-27,1922100.0
2503,UHS,181.39,174.74,883732.0,Health services,Hospital/Nursing management,48.0,84.0,92.0,18.0,6.1356,5.7799,839204.0,893950.0,246.33,140.08,10690494464,NO,174.31,168.3,182.78,171.92,168.05,,11393,2.73,894227,NO,NO,2003-02-14,35134000.0
2504,FFA,22.37,23.12,29407.0,Financial Services,Asset Management,48.0,40.0,59.0,56.0,0.2864,0.22,25211.0,13240.0,23.82,19.5,447133504,NO,23.02,23.0,22.17,22.98,22.27,,5552,0.0,29407,NO,NO,2014-10-15,479100.0
2505,EME,751.8,757.71,206241.0,Industrials,Engineering & Construction,48.0,41.0,11.0,33.0,23.5245,21.1588,426830.0,381850.0,951.96,564.92,33161822208,NO,749.41,771.09,767.3,774.9,794.9,,7978,0.0,219201,NO,NO,2003-10-03,19518800.0
2506,SAGP,35.8,36.088,3120.0,ETF,ETF,48.0,22.0,71.0,42.0,0.3112,0.1396,3342.0,2450.0,38.32,32.74,0,NO,36.76,36.86,35.64,36.85,35.66,,1169,0.0,3120,NO,NO,2023-11-08,161000.0
2507,FLQS,47.1,47.615,961.0,ETF,ETF,48.0,25.0,42.0,55.0,0.4149,0.2092,3217.0,2080.0,50.85,40.76,0,NO,48.76,49.4,46.23,49.17,46.89,,2363,0.0,961,NO,NO,2025-08-22,249000.0
2508,JDIV,56.4,57.22,1407.0,ETF,ETF,48.0,40.0,56.0,47.0,0.4393,0.0948,1255.0,1080.0,58.83,51.34,0,NO,57.51,57.47,55.71,57.6,56.0,,498,0.0,1407,NO,NO,2026-05-28,22400.0
2509,EPR,56.92,57.43,753037.0,Finance,Real estate investment trusts,48.0,24.0,26.0,67.0,1.18,1.1721,766098.0,1082990.0,64.97,48.11,4360579584,NO,58.92,60.55,56.68,60.18,57.77,,7254,0.0,784007,NO,NO,2016-01-15,10387300.0
2510,AVEE,68.36,69.626,10476.0,ETF,ETF,48.0,76.0,43.0,46.0,0.8821,0.4248,14312.0,15370.0,72.93,60.89,0,NO,69.08,67.55,67.07,67.88,67.95,,718,0.0,10476,NO,NO,2026-01-21,168900.0
2511,KVLE,28.23,28.444,2562.0,ETF,ETF,48.0,36.0,55.0,63.0,0.2046,0.0631,2173.0,2980.0,29.59,24.34,0,NO,28.8,28.82,27.27,28.86,27.59,,1462,0.0,2562,NO,NO,2025-04-08,754300.0
2512,QAI,36.32,36.42,24989.0,ETF,ETF,48.0,65.0,46.0,46.0,0.1971,0.155,51657.0,39330.0,36.9,33.0,0,NO,36.37,36.33,35.36,36.38,35.81,,4401,0.0,24989,NO,NO,2019-02-05,6007800.0
2513,FRIZ,26.66,26.835,221.0,ETF,ETF,48.0,39.0,58.0,50.0,0.1561,0.0244,314.0,790.0,27.9,24.15,0,NO,27.05,27.14,26.15,27.17,26.25,,266,0.0,221,NO,NO,2025-12-19,150300.0
2514,JGRW,27.43,27.623,7354.0,ETF,ETF,48.0,41.0,70.0,57.0,0.2067,0.0862,5941.0,2790.0,28.96,23.59,0,NO,27.79,27.91,26.79,27.94,26.82,,529,0.0,7354,NO,NO,2025-05-09,1431100.0
2515,SPGP,119.8,121.91,83332.0,ETF,ETF,48.0,23.0,49.0,56.0,1.3314,0.9971,88188.0,107140.0,129.64,103.86,0,NO,123.83,125.0,118.17,124.68,119.19,,3839,0.0,83332,NO,NO,2013-01-31,2934200.0
2516,KBWB,89.11,92.36,5269352.0,ETF,ETF,48.0,19.0,21.0,67.0,1.8479,1.6279,1662568.0,2059190.0,100.61,73.32,0,NO,95.02,96.37,88.55,95.76,89.62,,3743,0.0,5269352,NO,NO,2021-07-19,19929800.0
2517,BRES,26.46,26.88,5368.0,ETF,ETF,48.0,40.0,44.0,54.0,0.255,0.1264,13842.0,27950.0,28.02,23.22,0,NO,26.85,27.08,,27.05,26.28,,158,0.0,5368,NO,NO,2026-06-16,251100.0
2518,CAPA,25.97,26.19,3383.0,ETF,ETF,48.0,,,,0.8264,0.5532,17373.0,9360.0,27.0,23.94,0,NO,,,,,,,19,0.0,3383,NO,NO,2026-09-04,61200.0
2519,BCV,24.15,24.11,20346.0,Miscellaneous,Investment trusts,48.0,45.0,18.0,58.0,0.4221,0.3579,14809.0,6140.0,27.33,21.06,135903856,NO,24.31,24.46,23.91,24.44,24.28,,11724,0.0,20346,NO,NO,2016-07-22,453700.0
2520,RNGR,15.65,15.67,169032.0,Industrial services,Oilfield services/Equipment,48.0,13.0,53.0,9.0,0.6266,0.603,207893.0,149510.0,18.82,11.88,366241664,NO,16.59,16.42,16.08,16.5,16.4,,2290,0.0,169126,NO,NO,2023-06-23,2283500.0
2521,AVMV,77.65,78.29,94232.0,ETF,ETF,48.0,22.0,31.0,45.0,0.8074,0.7219,54492.0,79700.0,84.26,66.13,0,NO,80.32,81.39,77.58,81.17,78.81,,718,0.0,94232,NO,NO,2024-08-30,674400.0
2522,JHSC,46.29,46.6,20869.0,ETF,ETF,48.0,25.0,31.0,50.0,0.4605,0.3819,40403.0,25060.0,50.0,39.61,0,NO,47.72,48.39,46.02,48.24,46.67,,2227,0.0,20869,NO,NO,2019-09-20,3208800.0
2523,AUBN,26.28,27.5,595.0,Financial Services,Banks - Regional,48.0,48.0,65.0,73.0,0.4984,0.3866,1653.0,1430.0,28.88,21.01,91574160,NO,26.56,26.45,25.28,26.55,25.32,,7835,0.0,595,NO,NO,2021-06-25,308600.0
2524,EWH,22.41,22.76,2899290.0,ETF,ETF,48.0,34.0,77.0,31.0,0.2718,0.1696,2799401.0,3144750.0,24.66,20.6,0,NO,22.74,22.66,22.73,22.76,22.72,,7678,0.0,2899290,NO,NO,2013-06-07,64668600.0
2525,BROL,25.95,26.2,738.0,ETF,ETF,48.0,66.0,73.0,,0.2036,0.0764,1801.0,710.0,26.5,24.26,0,NO,25.94,25.79,,25.87,,,82,0.0,738,NO,NO,2026-07-31,46500.0
2526,DGLO,22.78,22.885,5765.0,ETF,ETF,48.0,19.0,31.0,38.0,0.1534,0.0642,876.0,1580.0,24.99,19.28,0,NO,23.57,24.0,22.9,23.93,23.34,,283,0.0,5765,NO,NO,2026-02-17,23200.0
2527,SBRA,19.69,19.87,3027105.0,Finance,Real estate investment trusts,48.0,39.0,75.0,30.0,0.4021,0.3986,2816053.0,2673690.0,22.77,17.17,5030061568,NO,20.52,20.71,19.93,20.66,20.17,,6159,0.0,3032369,NO,NO,2017-08-16,19650300.0
2528,SFBS,41.17,41.92,733664.0,Finance,Regional banks,48.0,29.0,42.0,60.0,0.965,0.9339,621857.0,828390.0,46.04,33.6,4501734400,NO,42.3,43.5,40.4,43.31,40.77,,3108,0.0,733664,NO,NO,2016-04-01,11364400.0
2529,CEFS,24.78,25.14,85679.0,ETF,ETF,48.0,49.0,26.0,56.0,0.3024,0.2977,81134.0,79930.0,25.98,22.05,0,NO,25.1,25.17,24.17,25.15,24.61,,2390,0.0,85722,NO,NO,2019-03-29,403000.0
2530,SPXT,108.61,110.233,98633.0,ETF,ETF,48.0,40.0,54.0,46.0,0.9432,0.6512,15011.0,7760.0,113.74,98.59,0,NO,110.59,110.82,107.27,110.71,107.87,,2764,0.0,98633,NO,NO,2026-04-30,239100.0
2531,RSMC,27.8,27.882,2302.0,ETF,ETF,48.0,33.0,32.0,61.0,0.2436,0.1297,7387.0,9990.0,29.63,24.17,0,NO,28.2,28.43,27.17,28.44,27.57,,487,0.0,2302,NO,NO,2024-11-06,997700.0
2532,SUPP,78.38,78.369,46.0,ETF,ETF,48.0,50.0,16.0,54.0,0.9021,0.0784,239.0,300.0,88.63,67.34,0,NO,77.88,80.01,77.59,80.01,79.42,,903,0.0,46,NO,NO,2023-10-30,82900.0
2533,PAM,80.33,81.36,117618.0,Utilities,Electric utilities,48.0,79.0,32.0,17.0,2.5721,2.5714,172487.0,215440.0,94.5,57.14,4305990656,NO,83.79,83.48,83.75,82.91,82.72,,4263,0.0,117618,NO,NO,2019-05-28,9857700.0
2534,BANR,68.07,69.72,200506.0,Finance,Regional banks,48.0,33.0,56.0,69.0,1.3673,1.2934,354733.0,330870.0,74.84,57.05,2494048768,NO,70.46,70.87,65.69,70.83,66.53,,7772,0.0,200506,NO,NO,2010-06-25,3555429.0
2535,CBON,24.18,24.205,2046.0,ETF,ETF,47.0,73.0,55.0,39.0,0.0873,0.0836,5671.0,4980.0,24.25,22.26,0,NO,24.13,24.02,23.51,24.07,23.77,,2982,0.0,2046,NO,NO,2022-02-07,723000.0
2536,PIZ,53.22,53.92,29398.0,ETF,ETF,47.0,66.0,23.0,49.0,0.7864,0.5568,77395.0,34030.0,59.47,45.74,0,NO,53.53,53.14,53.18,53.36,53.81,,4707,0.0,29398,NO,NO,2013-06-21,1818600.0
2537,REXR,38.15,38.72,2765691.0,Finance,Real estate investment trusts,47.0,84.0,86.0,56.0,0.7564,0.7407,2728719.0,3433820.0,44.38,32.14,8722405376,NO,37.64,37.31,36.82,37.55,35.75,,3314,0.0,2765691,NO,NO,2020-07-31,20288500.0
2538,CPSN,28.21,28.166,46.0,ETF,ETF,47.0,68.0,63.0,38.0,0.045,0.0254,2388.0,1680.0,28.25,26.53,0,NO,28.09,27.96,27.37,28.03,27.58,,471,0.0,9500,NO,NO,2024-11-01,572400.0
2539,HOOC,24.54,25.0,2395.0,ETF,ETF,47.0,96.0,,,1.9121,0.5493,582.0,350.0,26.12,13.64,0,NO,21.57,19.02,,19.57,,,52,0.0,2396,NO,NO,2026-07-10,10300.0
2540,FLEE,38.34,38.93,4687.0,ETF,ETF,47.0,30.0,39.0,48.0,0.3798,0.218,11217.0,12360.0,40.53,34.07,0,NO,39.37,39.42,38.29,39.43,38.45,,2201,0.0,4687,NO,NO,2017-12-18,3257600.0
2541,GLDM,84.75,85.96,4126138.0,ETF,ETF,47.0,17.0,70.0,21.0,1.5729,1.0789,4400584.0,3857870.0,109.74,73.6,0,NO,87.09,84.96,89.71,85.74,88.07,,2071,0.0,4126138,NO,NO,2026-01-30,72714300.0
2542,CDL,75.89,76.945,9425.0,ETF,ETF,47.0,24.0,37.0,39.0,0.6814,0.5314,7849.0,6950.0,81.88,67.3,0,NO,79.04,79.64,75.66,79.31,77.16,,2819,0.0,9425,NO,NO,2020-03-12,1942200.0
2543,TY,34.6,35.05,64860.0,Miscellaneous,Investment trusts,47.0,44.0,47.0,57.0,0.47,0.4021,34028.0,44000.0,36.55,30.53,1848419200,NO,35.11,35.24,33.98,35.23,34.31,,11724,0.0,64860,NO,NO,2006-01-06,2062100.0
2544,ROMO,34.4,34.764,2194.0,ETF,ETF,47.0,62.0,67.0,55.0,0.2663,0.06,2215.0,1870.0,35.13,30.46,0,NO,34.58,34.38,33.41,34.52,33.39,,1729,0.0,2194,NO,NO,2020-05-04,473700.0
2545,CDC,72.73,73.74,21569.0,ETF,ETF,47.0,24.0,37.0,39.0,0.6437,0.5203,12876.0,15270.0,78.48,64.3,0,NO,75.74,76.33,72.51,76.02,73.96,,3074,0.0,21569,NO,NO,2023-09-27,1994600.0
2546,FRBA,17.51,17.71,82198.0,Financial Services,Banks - Regional,47.0,36.0,69.0,56.0,0.3771,0.3771,104455.0,90760.0,19.33,14.41,433443104,NO,17.89,18.17,16.82,18.18,16.86,,4007,0.0,82198,NO,NO,2018-06-22,1581900.0
2547,LSTR,166.98,170.32,227454.0,Transportation,Trucking,47.0,9.0,5.0,58.0,4.1171,4.0514,448992.0,362820.0,228.46,120.01,5666787328,NO,174.76,184.25,174.22,180.28,184.06,,8445,0.0,227454,NO,NO,1993-09-29,29786400.0
2548,SMOT,38.28,38.49,19036.0,ETF,ETF,47.0,17.0,51.0,54.0,0.391,0.3333,21404.0,12860.0,41.37,34.25,0,NO,39.72,39.99,37.83,39.91,38.15,,993,0.0,19036,NO,NO,2023-07-13,1524900.0
2549,TRUC,25.88,26.48,23451.0,ETF,ETF,47.0,84.0,73.0,41.0,0.3992,0.2113,37696.0,9240.0,27.56,23.11,0,NO,25.58,25.37,,25.33,25.59,,149,0.0,23451,NO,NO,2026-03-26,1705400.0
2550,USGX,24.65,23.42,11.0,ETF,ETF,47.0,84.0,65.0,,0.3743,0.0071,114.0,100.0,24.65,20.37,0,NO,23.13,22.91,,23.21,,,76,0.0,100,NO,NO,2026-06-03,10000.0
2551,HEMI,41.71,41.93,1477.0,ETF,ETF,47.0,74.0,54.0,48.0,0.2822,0.0848,1680.0,2320.0,42.63,36.0,0,NO,41.41,41.66,,41.7,41.04,,191,0.0,1477,NO,NO,2026-02-17,500500.0
2552,UAE,20.13,20.06,145207.0,ETF,ETF,47.0,86.0,60.0,50.0,0.2216,0.1594,210857.0,263440.0,22.29,17.29,0,NO,19.71,19.47,19.54,19.56,19.22,,3117,0.0,145207,NO,NO,2026-03-03,4255100.0
2553,USLX,24.96,24.62,59.0,ETF,ETF,47.0,80.0,78.0,,0.3543,0.045,1971.0,430.0,25.85,22.8,0,NO,24.8,24.65,,24.85,,,76,0.0,100,NO,NO,2026-07-13,26600.0
2554,TMDV,50.84,50.915,113.0,ETF,ETF,47.0,21.0,57.0,43.0,0.2543,0.0146,166.0,290.0,54.02,45.54,0,NO,52.33,52.76,50.36,52.62,50.79,,1725,0.0,2000,NO,NO,2022-03-29,40700.0
2555,SGOL,40.77,41.35,2865545.0,ETF,ETF,47.0,17.0,70.0,21.0,0.7543,0.5143,2340200.0,2981620.0,52.84,35.44,0,NO,41.9,40.89,43.18,41.26,42.38,,4285,0.0,2865545,NO,NO,2026-01-30,51951200.0
2556,LDEM,61.31,62.505,1013.0,ETF,ETF,47.0,72.0,57.0,44.0,0.7063,0.2213,1239.0,1160.0,64.73,55.94,0,NO,61.52,60.58,60.65,60.95,60.44,,1661,0.0,1013,NO,NO,2020-11-09,1448700.0
2557,ARWG,25.84,26.062,3607.0,ETF,ETF,47.0,58.0,48.0,57.0,0.3233,0.162,2030.0,4140.0,27.36,22.09,0,NO,25.93,26.14,,26.17,25.12,,183,0.0,3607,NO,NO,2025-12-30,100900.0
2558,CSEN,25.48,25.68,22462.0,ETF,ETF,47.0,56.0,74.0,,0.3607,0.285,51688.0,105460.0,26.74,23.24,0,NO,25.94,25.34,,25.52,,,69,0.0,22462,NO,NO,2026-08-06,627400.0
2559,HASI,36.21,37.03,915376.0,Financial Services,Asset Management,47.0,13.0,15.0,29.0,1.0957,1.0021,987333.0,956500.0,44.13,27.28,4652832256,NO,38.33,39.0,37.63,38.72,38.84,,3378,0.0,915376,NO,NO,2023-09-15,21762200.0
2560,PPLT,15.89,16.32,2146928.0,ETF,ETF,47.0,20.0,77.0,12.0,0.48,0.305,2471217.0,2247850.0,26.16,13.38,0,NO,16.31,15.76,17.67,15.96,16.7,,4201,0.0,2146928,NO,NO,2025-12-26,38334000.0
2561,BITS,70.46,71.925,1374.0,ETF,ETF,47.0,93.0,86.0,84.0,2.1085,1.0875,1752.0,1680.0,118.78,48.88,0,NO,65.59,60.53,63.14,62.23,61.03,,1216,0.0,1374,NO,NO,2024-01-11,96800.0
2562,DIVL,24.73,24.803,2521.0,ETF,ETF,47.0,32.0,54.0,37.0,0.1153,0.0391,1509.0,1350.0,25.95,22.12,0,NO,25.29,25.35,24.64,25.35,24.84,,779,0.0,2521,NO,NO,2023-08-17,750900.0
2563,STXD,38.87,39.18,6700.0,ETF,ETF,47.0,33.0,45.0,52.0,0.3284,0.235,5900.0,6590.0,41.47,34.56,0,NO,39.48,39.9,38.28,39.9,38.54,,967,0.0,6700,NO,NO,2026-01-02,222000.0
2564,UEVM,59.21,60.06,1238.0,ETF,ETF,47.0,54.0,51.0,41.0,0.4746,0.2281,3607.0,2460.0,61.77,52.98,0,NO,60.21,59.78,58.98,59.9,59.18,,2236,0.0,1238,NO,NO,2020-10-15,681100.0
2565,EIPI,21.93,22.18,34992.0,ETF,ETF,47.0,46.0,42.0,22.0,0.2161,0.2029,91944.0,72060.0,23.08,19.37,0,NO,22.6,22.51,21.84,22.49,22.31,,597,0.0,34999,NO,NO,2024-05-08,4047000.0
2566,ZNOV,27.91,27.945,23083.0,ETF,ETF,47.0,76.0,58.0,42.0,0.0836,0.0744,17277.0,15940.0,28.1,26.32,0,NO,27.84,27.73,27.15,27.78,27.34,,472,0.0,23083,NO,NO,2024-11-01,1079700.0
2567,BCSM,24.58,24.64,860.0,ETF,ETF,47.0,26.0,67.0,55.0,0.245,0.1579,5982.0,2890.0,26.16,20.79,0,NO,24.66,24.8,,24.8,23.76,,193,0.0,860,NO,NO,2025-12-29,468600.0
2568,BCGS,26.98,27.31,2706.0,ETF,ETF,47.0,40.0,36.0,57.0,0.295,0.0071,884.0,100.0,28.83,23.5,0,NO,27.35,27.52,,27.59,,,135,0.0,2706,NO,NO,2026-03-13,683600.0
2569,FR,61.07,62.0,1188381.0,Real Estate,REIT - Industrial,47.0,43.0,25.0,43.0,0.95,0.9357,1071461.0,1062360.0,69.88,50.24,8367594496,NO,61.82,63.71,61.32,63.03,62.22,,8115,0.0,1188381,NO,NO,2016-03-29,18223600.0
2570,ASHS,42.24,43.13,7900.0,ETF,ETF,47.0,61.0,13.0,48.0,0.4632,0.1896,9701.0,5450.0,48.68,34.59,0,NO,42.21,42.29,42.78,42.27,43.33,,3103,0.0,7900,NO,NO,2015-07-10,791600.0
2571,QGRO,117.65,118.34,59422.0,ETF,ETF,47.0,66.0,61.0,55.0,1.1996,0.9518,73773.0,67170.0,121.01,101.05,0,NO,117.3,116.92,113.82,117.25,113.94,,2017,0.0,59422,NO,NO,2019-10-24,2803900.0
2572,RSBY,18.04,18.046,11789.0,ETF,ETF,47.0,75.0,39.0,22.0,0.1241,0.0912,19357.0,30860.0,19.0,15.17,0,NO,18.16,18.08,17.55,18.0,18.28,,523,0.0,11789,NO,NO,2024-08-21,5018100.0
2573,SNPD,29.06,29.169,257.0,ETF,ETF,47.0,18.0,44.0,43.0,0.1861,0.0605,852.0,460.0,31.39,26.12,0,NO,30.17,30.56,29.08,30.4,29.4,,964,0.0,257,NO,NO,2026-04-08,101400.0
2574,FGDL,57.03,57.805,12558.0,ETF,ETF,47.0,17.0,69.0,20.0,0.9706,0.5875,17834.0,16310.0,74.24,49.58,0,NO,58.6,57.17,60.39,57.73,59.24,,1061,0.0,12558,NO,NO,2023-02-23,2086000.0
2575,DIVO,47.09,47.57,722829.0,ETF,ETF,47.0,42.0,61.0,42.0,0.3831,0.2977,777707.0,846170.0,49.03,43.55,0,NO,47.95,47.65,46.24,47.76,46.39,,2454,0.0,724184,NO,NO,2023-09-27,2769400.0
2576,GQGU,26.43,26.64,101589.0,ETF,ETF,47.0,82.0,63.0,27.0,0.3421,0.2309,155106.0,151800.0,27.51,23.73,0,NO,26.06,26.19,26.01,26.28,26.28,,302,0.0,101589,NO,NO,2025-09-11,2509800.0
2577,BALT,34.89,34.98,522749.0,ETF,ETF,47.0,76.0,57.0,41.0,0.1364,0.1206,502323.0,528680.0,35.09,32.69,0,NO,34.76,34.63,34.0,34.69,34.21,,1312,0.0,522749,NO,NO,2025-11-18,8283400.0
2578,SIXS,55.09,56.028,9089.0,ETF,ETF,47.0,22.0,34.0,47.0,0.4417,0.2723,5096.0,3430.0,60.43,47.9,0,NO,57.67,58.54,54.89,58.12,55.9,,1600,0.0,9089,NO,NO,2020-05-12,149200.0
2579,BUYB,41.61,41.83,321.0,ETF,ETF,47.0,34.0,59.0,,0.2906,0.1207,3657.0,2550.0,44.19,38.97,0,NO,42.45,42.92,,42.86,,,95,0.0,321,NO,NO,2026-05-11,28800.0
2580,BAC,56.0,56.2,36201887.0,Finance,Major banks,47.0,9.0,30.0,70.0,1.385,1.3493,33176880.0,42757890.0,65.23,46.12,391593918464,NO,60.56,61.75,55.28,61.48,55.78,,13511,0.0,36201887,YES,NO,2009-12-04,1226791300.0
2581,DTRE,41.83,41.54,197.0,ETF,ETF,47.0,59.0,60.0,42.0,0.3236,0.0936,380.0,410.0,43.56,38.31,0,NO,42.18,42.62,41.52,42.53,42.09,,4794,0.0,100,NO,NO,2012-06-22,474800.0
2582,LATR,25.88,26.59,327.0,ETF,ETF,47.0,13.0,55.0,,0.3502,0.0529,895.0,460.0,29.26,23.85,0,NO,27.38,27.84,,27.57,,,96,0.0,327,NO,NO,2026-05-06,51200.0
2583,FNX,137.93,139.18,15364.0,ETF,ETF,47.0,25.0,27.0,50.0,1.445,1.1707,12492.0,9400.0,147.98,117.48,0,NO,142.36,143.92,137.23,143.55,139.14,,4873,0.0,15364,NO,NO,2011-09-08,1549400.0
2584,ZDEK,26.84,26.84,10547.0,ETF,ETF,47.0,76.0,58.0,41.0,0.0418,0.0261,7238.0,7520.0,26.86,25.13,0,NO,26.77,26.66,26.15,26.71,26.32,,452,0.0,10547,NO,NO,2025-04-04,995500.0
2585,XBCI,41.38,42.45,198847.0,ETF,ETF,47.0,92.0,93.0,20.0,1.7536,1.1557,147088.0,155990.0,50.45,29.12,0,NO,38.33,34.92,,35.93,38.45,,160,0.0,198847,NO,NO,2026-06-02,419000.0
2586,KMI,31.37,31.72,9949539.0,Industrial services,Oil & gas pipelines,46.0,80.0,27.0,11.0,0.7082,0.7068,11089584.0,15177590.0,34.81,25.6,69854789632,NO,31.46,31.75,31.31,31.67,32.24,,3925,0.0,10942458,YES,NO,2014-11-26,251528800.0
2587,PLTM,16.79,17.31,109390.0,ETF,ETF,46.0,18.0,76.0,12.0,0.4949,0.3016,139439.0,114870.0,27.69,14.16,0,NO,17.27,16.68,18.71,16.91,17.69,,2169,0.0,109390,NO,NO,2026-01-26,5253700.0
2588,DB,35.87,38.25,3812247.0,Financial Services,Banks - Regional,46.0,28.0,58.0,82.0,0.9307,0.5371,1895684.0,1820640.0,41.62,28.12,67399729152,NO,39.64,37.98,35.32,38.18,34.19,,7507,0.0,3812496,NO,NO,2016-09-30,78597344.0
2589,EWX,71.94,73.16,15819.0,ETF,ETF,46.0,69.0,31.0,51.0,0.8078,0.4674,25534.0,22750.0,76.61,64.18,0,NO,72.84,71.3,70.2,71.57,71.35,,4612,0.0,15819,NO,NO,2011-02-01,6493500.0
2590,EZMO,26.93,27.181,1387.0,ETF,ETF,46.0,82.0,68.0,34.0,0.2441,0.0711,6223.0,1490.0,29.21,24.57,0,NO,26.54,26.23,26.71,26.39,26.44,,234,0.0,1387,NO,NO,2026-03-06,138800.0
2591,UGI,36.62,37.23,1597879.0,Distribution services,Wholesale distributors,46.0,46.0,75.0,35.0,0.6814,0.6464,1881363.0,2403680.0,41.34,31.62,7854804992,NO,37.99,37.0,36.71,36.88,36.07,,13510,0.0,1597879,NO,NO,2023-08-31,22973600.0
2592,SMIZ,41.18,41.386,81344.0,ETF,ETF,46.0,39.0,20.0,58.0,0.439,0.3392,24326.0,18090.0,44.77,35.14,0,NO,41.65,42.36,40.61,42.26,41.37,,745,0.0,81350,NO,NO,2024-04-18,439900.0
2593,FPS,39.88,38.52,7925582.0,Industrials,Electrical Equipment & Parts,46.0,97.0,1.0,58.0,2.7248,2.2312,9140941.0,14719850.0,66.0,25.95,12721114112,NO,32.91,35.18,,35.36,40.2,,159,0.0,7925582,NO,NO,2026-09-15,32398100.0
2594,HTGC,16.97,17.37,1120987.0,Financial Services,Asset Management,46.0,64.0,84.0,73.0,0.3071,0.2898,1506652.0,1250100.0,19.25,13.7,3176173056,NO,17.55,16.92,16.45,17.0,15.9,,5355,0.0,1121061,NO,NO,2019-03-12,10309100.0
2595,GDV,28.84,29.11,93222.0,Financial Services,Asset Management,46.0,28.0,46.0,49.0,0.4014,0.3914,91093.0,85370.0,31.0,26.14,2500313856,NO,29.69,29.93,28.84,29.87,29.02,,5741,0.0,93222,NO,NO,2020-03-20,1870600.0
2596,CPSO,28.3,28.29,135.0,ETF,ETF,46.0,82.0,70.0,45.0,0.0241,0.0133,1120.0,460.0,28.32,26.73,0,NO,28.23,28.11,27.54,28.17,27.74,,494,0.0,100,NO,NO,2024-10-01,465600.0
2597,PWRZ,30.06,29.894,30.0,ETF,ETF,46.0,50.0,41.0,16.0,0.2299,0.0249,380.0,260.0,33.54,24.95,0,NO,30.25,30.67,30.67,30.55,31.33,,947,0.0,100,NO,NO,2026-05-05,86800.0
2598,FRPT,59.21,61.37,906045.0,Consumer Defensive,Packaged Foods,46.0,1.0,83.0,10.0,2.4284,2.3834,1312931.0,1173970.0,86.0,46.45,2845518336,NO,67.01,65.68,63.81,65.62,61.6,,2984,0.0,906045,NO,NO,2014-11-07,9931800.0
2599,EFG,120.45,121.59,2372056.0,ETF,ETF,46.0,34.0,40.0,50.0,1.4086,0.9646,895573.0,2241920.0,127.44,107.17,0,NO,122.57,122.88,119.73,123.12,120.29,,5315,0.0,2372056,NO,NO,2026-03-12,72455500.0
2600,SAMT,42.32,42.59,84161.0,ETF,ETF,46.0,50.0,18.0,45.0,0.4486,0.386,144863.0,131220.0,47.86,35.66,0,NO,42.36,43.09,42.11,42.93,43.13,,1169,0.0,84169,NO,NO,2026-06-15,765900.0
2601,PFS,22.42,22.93,807533.0,Finance,Savings banks,46.0,26.0,24.0,51.0,0.4289,0.3935,947887.0,958860.0,25.49,17.69,2924075008,NO,23.28,23.9,22.33,23.74,22.74,,5958,0.0,807533,NO,NO,2003-01-16,23419300.0
2602,SBCF,32.42,33.29,694761.0,Finance,Regional banks,46.0,21.0,60.0,49.0,0.75,0.6879,1001547.0,895870.0,36.27,28.58,3138994944,NO,33.95,34.26,32.46,34.26,32.26,,10742,0.0,694818,NO,NO,2018-02-20,8156700.0
2603,EWA,28.36,29.04,3119588.0,ETF,ETF,46.0,23.0,54.0,33.0,0.4368,0.2204,2329603.0,3238000.0,30.48,24.94,0,NO,29.54,29.48,28.55,29.49,28.92,,7678,0.0,3119588,NO,NO,2019-12-17,20564600.0
2604,PHYS,32.38,32.83,3429664.0,ETF,ETF,46.0,16.0,72.0,21.0,0.6104,0.4096,4231801.0,4812460.0,42.07,28.59,15357057024,NO,33.31,32.5,34.36,32.8,33.67,,4168,0.0,3429664,NO,NO,2026-01-30,48356400.0
2605,ITDB,34.92,35.26,29961.0,ETF,ETF,46.0,61.0,50.0,46.0,0.2299,0.123,15822.0,15390.0,35.65,32.14,0,NO,35.19,35.13,34.19,35.16,34.48,,732,0.0,29961,NO,NO,2026-05-06,179500.0
2606,BCPC,168.24,167.34,145639.0,Consumer non-durables,Food: specialty/candy,46.0,17.0,55.0,36.0,3.5193,3.3621,217861.0,268170.0,183.9,139.17,5363158016,NO,171.08,171.24,167.45,171.93,168.19,,10154,0.19,145639,NO,NO,2008-07-02,2330250.0
2607,DIV,19.08,19.42,205046.0,ETF,ETF,46.0,38.0,47.0,34.0,0.1757,0.1557,204500.0,204290.0,20.21,16.84,0,NO,19.68,19.7,19.03,19.67,19.34,,3404,0.0,205053,NO,NO,2023-10-25,2474200.0
2608,DFNL,48.82,50.19,14541.0,ETF,ETF,46.0,27.0,53.0,55.0,0.6777,0.5059,38231.0,44360.0,53.09,43.13,0,NO,51.24,51.55,48.47,51.35,48.46,,2436,0.0,14541,NO,NO,2022-01-05,1087700.0
2609,ZOCT,28.02,28.045,9792.0,ETF,ETF,46.0,74.0,57.0,41.0,0.0479,0.0431,7590.0,7220.0,28.09,26.52,0,NO,27.98,27.87,27.3,27.91,27.49,,495,0.0,9792,NO,NO,2025-10-01,1357000.0
2610,GMMA,22.11,21.854,12.0,ETF,ETF,46.0,72.0,65.0,38.0,0.1141,0.0159,188.0,120.0,22.16,19.89,0,NO,21.9,21.81,21.42,21.89,21.46,,504,0.85,100,NO,NO,2024-09-18,49300.0
2611,SSXU,35.99,36.535,753.0,ETF,ETF,46.0,57.0,56.0,43.0,0.3719,0.1029,2574.0,1390.0,37.41,33.28,0,NO,36.31,36.01,35.71,36.19,35.69,,1060,0.0,753,NO,NO,2023-05-26,225700.0
2612,BAMD,32.7,33.56,5900.0,ETF,ETF,46.0,18.0,44.0,45.0,0.2834,0.1251,12357.0,9160.0,35.31,29.43,0,NO,34.24,34.36,32.35,34.28,32.89,,747,0.0,5900,NO,NO,2023-11-10,460200.0
2613,ZAPR,27.0,26.995,4033.0,ETF,ETF,46.0,76.0,56.0,39.0,0.0501,0.0411,5734.0,2190.0,27.02,25.38,0,NO,26.95,26.86,26.34,26.9,26.58,,371,0.0,4033,NO,NO,2026-04-06,603000.0
2614,ENVA,168.37,171.36,284202.0,Finance,Finance/Rental/Leasing,46.0,0.0,4.0,82.0,9.7549,5.8964,384246.0,528380.0,267.45,103.02,4192138752,NO,212.54,233.37,181.28,228.23,191.88,,2980,0.0,290690,NO,NO,2015-12-18,2255200.0
2615,NEWZ,29.21,29.787,445.0,ETF,ETF,46.0,37.0,49.0,45.0,0.2599,0.076,1774.0,4360.0,30.89,26.02,0,NO,29.89,29.94,28.72,29.91,29.13,,613,0.0,445,NO,NO,2025-08-13,172800.0
2616,ZMAR,28.65,28.668,1775.0,ETF,ETF,46.0,76.0,57.0,40.0,0.0456,0.0325,5187.0,2150.0,28.7,26.99,0,NO,28.58,28.47,27.98,28.52,28.16,,392,0.0,1775,NO,NO,2025-03-03,1518800.0
2617,FMAT,57.46,56.89,42221.0,ETF,ETF,46.0,22.0,36.0,41.0,0.8689,0.6867,51034.0,48200.0,62.84,48.76,0,NO,59.21,59.04,58.38,59.09,58.75,,3246,0.0,42221,NO,NO,2014-10-27,1764800.0
2618,EFAD,43.36,44.07,3788.0,ETF,ETF,46.0,35.0,62.0,48.0,0.4003,0.1404,3319.0,2780.0,45.59,39.53,0,NO,44.35,44.15,42.78,44.21,42.88,,3039,0.0,3788,NO,NO,2022-06-16,191000.0
2619,SMIG,31.45,31.5,200575.0,ETF,ETF,46.0,31.0,32.0,48.0,0.3337,0.3101,236355.0,219180.0,33.7,27.66,0,NO,32.05,32.78,31.19,32.67,31.71,,1273,0.0,201906,NO,NO,2025-04-07,1153100.0
2620,CBLS,31.23,31.386,214.0,ETF,ETF,46.0,78.0,20.0,46.0,0.2426,0.063,3226.0,3270.0,34.52,27.02,0,NO,30.91,31.03,30.7,30.92,31.26,,1469,0.0,214,NO,NO,2024-05-16,334900.0
2621,ETB,15.5,15.63,44941.0,Financial Services,Asset Management,46.0,67.0,58.0,46.0,0.1836,0.1686,47555.0,49860.0,15.82,13.86,455308096,NO,15.56,15.53,15.31,15.53,15.27,,5385,0.0,44941,NO,NO,2010-09-17,864100.0
2622,ZAUG,27.89,27.87,12032.0,ETF,ETF,46.0,72.0,55.0,41.0,0.0997,0.0874,63625.0,37670.0,28.01,25.81,0,NO,27.86,27.8,27.21,27.84,27.41,,537,0.0,12032,NO,NO,2024-08-01,1258600.0
2623,AZTD,31.01,30.9,11.0,ETF,ETF,46.0,39.0,31.0,51.0,0.2476,0.0228,1855.0,130.0,34.31,26.22,0,NO,31.8,32.26,30.98,32.13,31.56,,1024,0.0,100,NO,NO,2022-12-29,652600.0
2624,RCLY,103.62,103.58,6.0,ETF,ETF,46.0,83.0,74.0,47.0,0.0514,0.0043,111.0,190.0,103.62,96.37,0,NO,103.34,102.45,,102.78,100.94,,152,0.0,100,NO,NO,2026-02-19,3900.0
2625,BSR,30.97,30.477,115.0,ETF,ETF,46.0,72.0,68.0,40.0,0.1941,0.0261,1052.0,490.0,31.76,28.94,0,NO,30.6,30.46,30.21,30.59,30.19,,860,0.0,100,NO,NO,2025-11-05,177600.0
2626,JAJL,30.32,30.33,13799.0,ETF,ETF,46.0,75.0,56.0,40.0,0.0795,0.0676,58246.0,32520.0,30.36,28.59,0,NO,30.23,30.15,29.57,30.19,29.78,,559,0.0,13799,NO,NO,2024-07-01,2467600.0
2627,IVOV,109.2,109.78,22363.0,ETF,ETF,46.0,28.0,34.0,51.0,1.0382,0.841,22915.0,80940.0,117.42,96.11,0,NO,112.37,114.04,108.71,113.71,109.92,,4033,0.0,22363,NO,NO,2016-05-02,1986200.0
2628,HLIO,69.52,68.26,323510.0,Industrials,Specialty Industrial Machinery,46.0,12.0,4.0,46.0,2.2671,2.0721,331673.0,353490.0,95.05,47.01,2290723840,NO,70.56,76.1,71.73,75.3,74.99,,7472,0.28,323510,NO,NO,2018-02-02,3161100.0
2629,NOG,23.14,23.78,1930747.0,Energy,Oil & Gas E&P,46.0,4.0,90.0,4.0,0.9364,0.8486,2763909.0,2212950.0,31.17,17.18,2465546752,NO,25.76,23.81,24.09,24.22,24.09,,4892,0.0,1930804,NO,NO,2023-02-01,17165800.0
2630,PPTA,23.32,23.68,978763.0,Non-energy minerals,Precious metals,46.0,11.0,71.0,11.0,1.069,0.8897,1148373.0,877610.0,37.37,16.43,2917233920,NO,24.27,22.47,26.56,23.23,25.2,,1405,0.0,978763,NO,NO,2025-06-12,11327900.0
2631,LBAY,25.83,26.02,314.0,ETF,ETF,46.0,15.0,69.0,28.0,0.2216,0.0657,1877.0,2120.0,29.03,23.44,0,NO,27.23,26.82,26.22,26.86,26.42,,1467,0.0,314,NO,NO,2022-02-25,806800.0
2632,EWW,73.42,73.7,2458557.0,ETF,ETF,45.0,28.0,37.0,38.0,1.1993,1.05,1143449.0,913750.0,81.65,64.18,0,NO,75.58,75.85,75.69,75.74,76.0,,7678,0.0,2458557,NO,NO,2018-11-09,18100000.0
2633,CBSH,55.59,56.55,969812.0,Financial Services,Banks - Regional,45.0,30.0,43.0,69.0,0.9214,0.8711,1103858.0,1213000.0,60.92,46.99,7973394432,NO,57.82,58.63,54.12,58.34,54.52,,11724,0.0,969812,NO,NO,2008-06-05,14349251.0
2634,LIT,69.58,70.83,123423.0,ETF,ETF,45.0,11.0,10.0,29.0,1.1625,0.8689,233180.0,136180.0,91.98,53.88,0,NO,73.11,72.25,74.65,72.47,76.45,,4066,0.0,123426,NO,NO,2021-01-05,5146000.0
2635,ENR,22.0,21.63,777069.0,Industrials,Electrical Equipment & Parts,45.0,84.0,58.0,86.0,0.7493,0.7275,1022826.0,1015790.0,26.71,15.75,1506640128,NO,21.19,21.33,20.12,21.62,20.0,,2836,0.0,823075,NO,NO,2023-09-15,12386500.0
2636,EVMT,17.94,17.895,2850.0,ETF,ETF,45.0,73.0,52.0,38.0,0.1716,0.0822,3917.0,1920.0,20.5,15.6,0,NO,17.82,17.79,17.97,17.83,18.13,,1106,0.0,2850,NO,NO,2026-03-04,279200.0
2637,RSPF,79.16,81.18,24105.0,ETF,ETF,45.0,20.0,60.0,58.0,1.1286,0.8564,48463.0,206730.0,86.03,69.04,0,NO,83.34,83.59,78.09,83.39,78.2,,4998,0.0,24105,NO,NO,2016-11-30,3262100.0
2638,ZJAN,28.42,28.412,3907.0,ETF,ETF,45.0,76.0,57.0,40.0,0.0485,0.0397,14330.0,20620.0,28.45,26.79,0,NO,28.34,28.24,27.75,28.29,27.92,,431,0.01,3907,NO,NO,2026-01-02,591300.0
2639,ZFEB,26.36,26.372,13372.0,ETF,ETF,45.0,75.0,56.0,40.0,0.0449,0.0354,8042.0,8300.0,26.41,24.86,0,NO,26.3,26.21,25.77,26.25,25.92,,411,0.0,13372,NO,NO,2025-02-03,1300400.0
2640,PLGI,25.49,25.755,14538.0,ETF,ETF,45.0,72.0,74.0,40.0,0.1639,0.0699,6877.0,6750.0,26.03,23.77,0,NO,25.55,25.27,,25.37,24.84,,195,0.0,14538,NO,NO,2025-12-18,696900.0
2641,BAGX,99.54,100.8,1497.0,ETF,ETF,45.0,68.0,,,0.8307,0.1422,2109.0,1570.0,102.86,94.36,0,NO,99.67,,,,,,41,0.0,1497,NO,NO,2026-08-14,9400.0
2642,CBFV,37.11,36.89,3964.0,Financial Services,Banks - Regional,45.0,60.0,49.0,46.0,0.4605,0.4184,6450.0,5860.0,38.86,30.97,188577584,NO,37.3,37.12,35.89,37.21,36.11,,5776,0.0,3964,NO,NO,2020-06-26,606300.0
2643,XSMO,82.1,82.39,251077.0,ETF,ETF,45.0,31.0,15.0,52.0,1.0316,0.9159,276734.0,340320.0,93.68,68.59,0,NO,83.58,86.16,82.4,85.58,84.79,,5423,0.0,251077,NO,NO,2024-09-10,6460300.0
2644,IQDG,42.87,43.4,121056.0,ETF,ETF,45.0,34.0,43.0,47.0,0.4651,0.2892,32682.0,26430.0,44.98,38.64,0,NO,43.9,43.87,42.74,43.94,42.74,,2630,0.0,121056,NO,NO,2024-01-31,2042900.0
2645,DLR,181.45,186.33,1554503.0,Real Estate,REIT - Specialty,45.0,30.0,17.0,37.0,4.8639,4.2393,2811882.0,2077900.0,208.14,146.23,68527079424,NO,185.91,187.77,180.29,189.82,187.44,,5508,0.0,1571016,NO,NO,2020-03-11,34673400.0
2646,BEKE,16.59,16.57,5231193.0,Finance,Real estate development,45.0,20.0,84.0,48.0,0.4043,0.3021,4026950.0,4735840.0,20.65,13.81,18265364480,NO,17.14,17.02,16.77,17.07,16.52,,1534,0.0,5231193,NO,NO,2022-03-16,118619000.0
2647,ZSEP,27.89,27.91,178657.0,ETF,ETF,45.0,74.0,56.0,41.0,0.0939,0.0873,98979.0,192370.0,28.0,26.4,0,NO,27.84,27.77,27.24,27.8,27.43,,515,0.0,178657,NO,NO,2024-09-03,2004100.0
2648,SONY,23.2,23.59,2191163.0,Technology,Consumer Electronics,45.0,42.0,89.0,61.0,0.4996,0.2989,4657044.0,3220650.0,30.34,19.32,135611727872,NO,24.06,23.19,22.51,23.59,21.81,,13510,0.0,2202616,NO,NO,2013-05-14,176662500.0
2649,XVNV,30.77,30.99,158.0,ETF,ETF,45.0,,,,0.53,0.138,387.0,400.0,31.82,28.55,0,NO,30.14,,,,,,24,0.0,158,NO,NO,2026-08-31,2300.0
2650,AOCT,27.66,27.66,1492.0,ETF,ETF,45.0,75.0,54.0,41.0,0.0432,0.04,3912.0,12210.0,27.69,25.99,0,NO,27.63,27.55,27.01,27.57,27.19,,495,0.0,1492,NO,NO,2024-10-07,513300.0
2651,FCOM,72.86,74.43,145480.0,ETF,ETF,45.0,87.0,75.0,41.0,1.2971,1.0393,240504.0,457320.0,75.94,65.26,0,NO,71.77,70.92,71.93,70.8,71.33,,3246,0.0,145489,NO,NO,2022-04-27,3476300.0
2652,JSMD,90.68,91.487,51840.0,ETF,ETF,45.0,31.0,17.0,67.0,1.1121,0.9156,64706.0,87090.0,101.7,75.3,0,NO,92.06,94.12,89.37,93.6,91.04,,2659,0.0,55876,NO,NO,2026-04-29,454900.0
2653,BKH,70.51,71.96,940944.0,Utilities,Utilities - Regulated Gas,45.0,57.0,23.0,38.0,1.4686,1.34,826849.0,1057410.0,78.69,59.33,5376609280,NO,72.11,73.0,72.65,72.54,73.07,,13509,0.0,941381,NO,NO,2015-11-18,6544800.0
2654,BKMC,39.27,39.584,30963.0,ETF,ETF,45.0,27.0,33.0,47.0,0.3631,0.2704,20477.0,18880.0,42.06,34.3,0,NO,40.19,40.61,39.12,40.56,39.5,,1619,0.0,30963,NO,NO,2023-05-26,12303000.0
2655,CLUB,26.47,25.96,39.0,ETF,ETF,45.0,79.0,63.0,,0.2836,0.0086,2393.0,140.0,27.24,22.36,0,NO,26.02,25.68,,25.88,,,95,0.0,100,NO,NO,2026-05-06,98200.0
2656,SMCL,19.71,19.509,479629.0,ETF,ETF,45.0,96.0,91.0,96.0,2.1668,1.8773,851136.0,571710.0,143.67,7.52,0,NO,17.44,14.63,22.51,16.27,17.58,,443,0.0,481224,NO,NO,2026-03-20,8845065.0
2657,XQQI,50.78,50.7,195489.0,ETF,ETF,45.0,87.0,43.0,60.0,0.8443,0.61,279525.0,281930.0,54.7,41.68,0,NO,48.84,48.76,,48.97,49.2,,160,0.0,195489,NO,NO,2026-06-02,748200.0
2658,PGRI,26.71,26.071,9.0,ETF,ETF,45.0,47.0,26.0,52.0,0.2249,0.0052,280.0,810.0,27.86,23.54,0,NO,26.41,26.53,26.06,26.62,26.25,,228,1.49,7000,NO,NO,2026-01-06,170200.0
2659,BMA,72.0,75.21,262216.0,Finance,Major banks,45.0,62.0,3.0,36.0,2.5643,2.555,261238.0,178750.0,106.15,39.3,4603610112,NO,77.25,82.69,84.15,79.46,80.47,,5155,0.0,262216,NO,NO,2019-05-28,7173700.0
2660,BUIL,25.69,25.71,153785.0,ETF,ETF,45.0,,,,,,280140.0,280140.0,26.07,24.67,0,NO,,,,,,,5,0.0,153785,NO,NO,2026-09-16,527000.0
2661,ATHM,21.35,21.35,380096.0,Communication Services,Internet Content & Information,45.0,35.0,88.0,77.0,0.5821,0.57,766876.0,579530.0,29.5,15.57,2458898944,NO,21.73,22.05,20.38,22.08,19.52,,3213,0.0,380096,NO,NO,2026-02-27,9293300.0
2662,ITWO,43.67,44.25,15164.0,ETF,ETF,45.0,23.0,20.0,54.0,0.4839,0.3975,28180.0,20300.0,47.19,37.09,0,NO,44.95,45.65,43.32,45.44,44.0,,513,0.0,15164,NO,NO,2025-12-10,316000.0
2663,FLQM,58.4,58.94,66220.0,ETF,ETF,45.0,27.0,59.0,46.0,0.55,0.4517,86546.0,86960.0,62.13,53.87,0,NO,60.15,60.36,57.83,60.28,57.94,,2363,0.0,66220,NO,NO,2026-04-21,1885400.0
2664,CRSP,55.76,58.33,2359374.0,Healthcare,Biotechnology,45.0,22.0,65.0,76.0,2.8034,2.6,1645080.0,1900940.0,78.48,44.12,5391582208,NO,55.87,53.23,53.35,53.87,52.56,,2494,0.0,2360541,NO,NO,2023-12-08,17230200.0
2665,TAPR,26.85,26.8,11.0,ETF,ETF,45.0,81.0,69.0,43.0,0.0233,0.0032,496.0,270.0,26.85,25.4,0,NO,26.77,26.67,26.23,26.72,26.37,,370,0.0,100,NO,NO,2025-05-01,95800.0
2666,CUT,29.3,29.14,1365.0,ETF,ETF,45.0,36.0,78.0,42.0,0.2643,0.1539,1814.0,1540.0,32.95,26.3,0,NO,29.45,29.56,29.11,29.73,28.62,,4745,0.0,1365,NO,NO,2010-04-09,1314900.0
2667,XSPI,49.89,50.35,54362.0,ETF,ETF,45.0,70.0,62.0,54.0,0.5593,0.41,71368.0,53250.0,51.17,42.7,0,NO,49.63,49.59,,49.73,48.67,,160,0.0,54362,NO,NO,2026-09-03,353600.0
2668,FCTR,38.39,38.95,836.0,ETF,ETF,45.0,25.0,23.0,50.0,0.3647,0.1397,2073.0,1800.0,41.36,32.11,0,NO,39.9,39.63,38.12,39.6,38.6,,2045,0.0,836,NO,NO,2022-01-21,1422900.0
2669,GSKH,70.67,71.875,118.0,ETF,ETF,45.0,48.0,24.0,20.0,1.0663,0.3334,398.0,330.0,85.03,56.03,0,NO,69.93,70.93,73.22,70.63,73.24,,428,0.0,118,NO,NO,2025-02-12,7500.0
2670,REZ,89.08,90.3,99328.0,ETF,ETF,45.0,17.0,31.0,47.0,1.1175,1.0257,49696.0,57700.0,100.43,80.87,0,NO,92.84,94.99,89.57,94.23,91.44,,4877,0.0,99328,NO,NO,2021-09-16,3070100.0
2671,NOBL,55.15,55.5,985079.0,ETF,ETF,45.0,22.0,47.0,42.0,0.5444,0.4922,1066609.0,854240.0,59.3,50.12,0,NO,57.01,57.42,55.11,57.28,55.38,,3256,0.0,985085,NO,NO,2020-03-03,15439800.0
2672,KRBN,33.65,34.26,44265.0,ETF,ETF,45.0,45.0,53.0,73.0,0.5134,0.4141,24682.0,17100.0,36.5,27.0,0,NO,34.64,34.29,32.8,34.36,32.41,,1543,0.0,44265,NO,NO,2022-03-01,4304000.0
2673,XLI,170.1,169.98,7996530.0,ETF,ETF,45.0,25.0,23.0,41.0,2.2893,2.0093,6804190.0,7514730.0,188.19,147.14,0,NO,173.03,178.53,171.8,177.91,174.53,,6979,0.0,7996530,NO,NO,2020-02-28,79118200.0
2674,ARLP,25.55,25.8,283276.0,Energy,Thermal Coal,45.0,44.0,69.0,10.0,0.4443,0.43,285085.0,220860.0,29.45,23.0,3287232256,NO,26.29,25.72,25.42,25.76,25.66,,6816,0.0,283276,NO,NO,1999-08-17,13010400.0
2675,FDFF,34.96,36.075,2803.0,ETF,ETF,45.0,15.0,79.0,59.0,0.5416,0.2817,4334.0,2770.0,38.4,30.16,0,NO,36.97,36.45,34.37,36.5,34.1,,823,0.0,2803,NO,NO,2026-08-31,44800.0
2676,STNC,35.83,36.068,1243.0,ETF,ETF,45.0,46.0,23.0,45.0,0.2566,0.0844,1479.0,1360.0,38.53,31.6,0,NO,36.27,36.69,35.59,36.68,36.11,,1387,0.0,1243,NO,NO,2024-01-11,142700.0
2677,FIGR,34.66,35.29,2760385.0,Financial Services,Capital Markets,45.0,8.0,92.0,41.0,2.6089,2.5367,4185914.0,5110810.0,78.0,24.11,7776936960,NO,35.86,32.64,36.87,32.87,33.0,,259,0.0,2760385,NO,NO,2025-09-11,39451400.0
2678,GWRE,152.89,149.38,703047.0,Technology,Software - Application,45.0,2.0,95.0,21.0,10.6936,7.3343,1420207.0,1541390.0,255.89,102.3,12535859200,NO,168.17,164.06,153.38,163.18,147.39,,3686,0.0,703047,NO,NO,2025-01-24,13926100.0
2679,DBP,99.02,100.77,4578.0,ETF,ETF,45.0,16.0,68.0,16.0,1.8025,0.9711,15688.0,4890.0,140.76,85.46,0,NO,101.65,98.92,106.89,99.96,103.82,,4959,0.0,4578,NO,NO,2011-04-25,1971100.0
2680,SEG,23.83,24.2,89180.0,Consumer services,Movies/Entertainment,45.0,8.0,16.0,65.0,0.7584,0.7337,66044.0,72150.0,29.61,17.74,305251232,NO,25.71,26.44,23.28,26.16,24.41,,539,0.0,89180,NO,NO,2025-06-27,1112200.0
2681,RSMV,28.8,28.919,1622.0,ETF,ETF,45.0,63.0,33.0,51.0,0.1758,0.0597,4949.0,2990.0,30.14,25.92,0,NO,28.79,28.87,28.16,28.8,28.37,,424,0.0,1622,NO,NO,2025-01-15,4370500.0
2682,GOLS,26.01,26.33,2889.0,ETF,ETF,45.0,21.0,52.0,47.0,0.2625,0.1396,4746.0,3060.0,27.98,23.65,0,NO,26.6,26.71,,26.66,25.9,,181,0.0,2889,NO,NO,2026-02-17,212600.0
2683,USX,25.25,24.5,11.0,ETF,ETF,45.0,54.0,65.0,,0.3379,0.0057,188.0,100.0,25.92,22.89,0,NO,24.77,24.68,,24.86,,,76,0.0,100,NO,NO,2026-06-03,10500.0
2684,ZJUL,30.26,30.34,3789.0,ETF,ETF,45.0,72.0,54.0,40.0,0.0996,0.0852,63349.0,16250.0,30.38,28.61,0,NO,30.23,30.17,29.59,30.2,29.8,,559,0.0,3789,NO,NO,2024-07-01,1627100.0
2685,TROW,104.57,104.63,1351075.0,Finance,Investment managers,44.0,22.0,39.0,76.0,2.1036,1.9843,1822485.0,1706800.0,122.0,85.22,22306439168,NO,107.95,112.08,103.89,110.04,104.61,,10197,0.0,1351075,NO,NO,1986-04-02,40921600.0
2686,UBCP,15.35,15.85,18586.0,Finance,Regional banks,44.0,27.0,34.0,11.0,0.2964,0.27,5865.0,8610.0,17.34,12.55,88040776,NO,15.69,15.62,15.25,15.76,15.8,,8448,0.0,18586,NO,NO,2026-04-10,282000.0
2687,LMT,524.68,535.4,1116999.0,Industrials,Aerospace & Defense,44.0,18.0,70.0,6.0,12.455,11.8978,1186684.0,1307130.0,692.0,437.25,121091293184,NO,539.7,556.86,561.01,559.69,558.65,,16288,0.0,1129064,NO,NO,1991-03-18,40678280.0
2688,SMDV,73.1,73.91,54167.0,ETF,ETF,44.0,29.0,31.0,47.0,0.7964,0.6949,99815.0,88940.0,79.56,63.86,0,NO,75.43,76.93,72.73,76.48,73.92,,2924,0.0,54167,NO,NO,2022-07-12,1543100.0
2689,UFO,43.27,44.17,158625.0,ETF,ETF,44.0,24.0,12.0,11.0,0.959,0.8929,441361.0,185170.0,68.21,30.89,0,NO,43.56,44.8,47.13,44.67,48.85,,1872,0.0,158724,NO,NO,2026-05-29,4061500.0
2690,HCA,436.48,425.97,1278187.0,Healthcare,Medical Care Facilities,44.0,82.0,85.0,7.0,14.7264,14.165,1528687.0,1836100.0,556.52,353.99,94498578432,NO,420.42,407.61,448.07,414.6,428.12,,3907,0.0,1298390,NO,NO,2015-01-26,81150000.0
2691,PBP,23.16,23.3,400625.0,ETF,ETF,44.0,64.0,62.0,43.0,0.1829,0.1521,61077.0,74220.0,23.57,21.46,0,NO,23.28,23.23,22.83,23.27,22.82,,4713,0.0,400625,NO,NO,2016-01-29,3276700.0
2692,IYK,72.16,71.91,125982.0,ETF,ETF,44.0,33.0,45.0,40.0,0.8,0.6257,181239.0,196880.0,78.33,65.21,0,NO,74.09,74.44,72.05,74.16,72.72,,6605,0.0,125982,NO,NO,2006-01-20,8697300.0
2693,YXI,22.45,22.24,659.0,ETF,ETF,44.0,87.0,22.0,34.0,0.2493,0.0718,1400.0,970.0,24.57,18.86,0,NO,22.2,22.02,21.46,21.97,22.14,,4154,0.0,659,NO,NO,2014-07-24,475450.0
2694,EZA,66.44,68.23,186408.0,ETF,ETF,44.0,13.0,68.0,38.0,1.2657,0.8196,164923.0,174540.0,81.76,60.27,0,NO,69.95,67.37,69.26,68.18,67.52,,5943,0.0,186434,NO,NO,2019-03-22,3625600.0
2695,HFMF,22.29,22.095,7478.0,ETF,ETF,44.0,86.0,70.0,18.0,0.2397,0.1605,10526.0,9720.0,24.92,20.2,0,NO,21.85,21.74,22.34,21.77,22.33,,300,0.52,7478,NO,NO,2026-08-26,195100.0
2696,CXT,48.42,45.77,747803.0,Industrials,Business Equipment & Supplies,44.0,38.0,78.0,64.0,1.8179,1.6754,739512.0,632800.0,69.0,35.71,2787118336,NO,49.06,50.64,47.56,50.62,46.28,,11724,5.37,747803,NO,NO,1984-02-28,23322815.0
2697,SPYI,53.44,53.72,2538047.0,ETF,ETF,44.0,71.0,60.0,48.0,0.4157,0.2953,2630542.0,3127790.0,54.47,47.77,0,NO,53.46,53.44,52.62,53.49,52.57,,1019,0.0,2538047,NO,NO,2026-03-03,10743800.0
2698,IYT,79.76,79.86,759579.0,ETF,ETF,44.0,13.0,22.0,48.0,1.2743,1.1471,687874.0,1059260.0,90.06,68.1,0,NO,83.03,85.53,81.13,84.73,82.43,,5716,0.0,759579,NO,NO,2008-04-21,17956000.0
2699,PAVE,53.39,53.08,2032085.0,ETF,ETF,44.0,26.0,15.0,45.0,0.8389,0.7232,1752065.0,1303330.0,60.43,45.44,0,NO,54.17,56.02,54.19,55.86,55.28,,2399,0.45,2032085,NO,NO,2021-07-12,12042000.0
2700,GLSI,17.51,18.595,187135.0,Healthcare,Biotechnology,44.0,89.0,3.0,2.0,1.2236,1.1922,152325.0,134740.0,34.1,7.78,257015424,NO,16.56,15.88,21.57,15.79,21.0,,1504,0.0,187135,NO,NO,2020-12-09,19193200.0
2701,KQQQ,29.35,29.95,41750.0,ETF,ETF,44.0,83.0,36.0,71.0,0.4198,0.3294,47876.0,70080.0,31.84,23.13,0,NO,28.7,28.87,28.26,28.91,28.56,,544,0.0,41750,NO,NO,2025-10-29,520000.0
2702,ESS,273.47,271.39,771360.0,Finance,Real estate investment trusts,44.0,26.0,35.0,62.0,4.4568,4.3311,477023.0,492100.0,303.35,238.46,18851076096,NO,277.32,284.48,267.78,282.13,272.68,,8128,0.0,771360,NO,NO,2014-04-01,18953500.0
2703,ZMAY,26.33,26.349,1175.0,ETF,ETF,44.0,76.0,57.0,37.0,0.0664,0.0565,24423.0,6460.0,26.39,25.03,0,NO,26.27,26.18,25.79,26.22,25.94,,350,0.0,1175,NO,NO,2026-05-04,2219200.0
2704,FLAU,33.95,34.73,9147.0,ETF,ETF,44.0,23.0,46.0,35.0,0.4765,0.2212,62898.0,9920.0,39.87,30.0,0,NO,35.33,35.23,34.12,35.28,34.53,,2230,0.0,9147,NO,NO,2026-07-08,1931500.0
2705,SSMR,15.73,16.15,538164.0,Basic Materials,Other Industrial Metals & Mining,44.0,4.0,90.0,,1.2086,1.1364,326382.0,1030970.0,19.61,12.51,2260819456,NO,17.23,16.08,,16.5,,,76,0.0,538164,NO,NO,2026-09-18,5611800.0
2706,SDVY,41.36,41.8,921979.0,ETF,ETF,44.0,24.0,35.0,42.0,0.456,0.4146,892409.0,842980.0,45.11,36.41,0,NO,42.76,43.46,41.6,43.32,42.06,,2231,0.0,921979,NO,NO,2025-04-07,8663000.0
2707,EXTR,22.03,22.73,954269.0,Technology,Communication Equipment,44.0,33.0,2.0,92.0,0.735,0.6286,1755895.0,1406240.0,33.73,13.48,2911720448,NO,22.13,25.22,21.23,24.19,23.59,,6906,0.0,954269,NO,NO,2003-12-16,38450300.0
2708,IYG,91.97,94.38,111466.0,ETF,ETF,44.0,29.0,52.0,59.0,1.3293,1.0414,93874.0,107520.0,98.66,79.87,0,NO,96.17,96.15,90.48,95.99,90.26,,6602,0.0,111466,NO,NO,2009-04-24,19030200.0
2709,SMMT,16.45,17.12,3887045.0,Health technology,Biotechnology,44.0,97.0,87.0,43.0,1.089,0.9752,5150087.0,6181060.0,29.23,12.07,13122981888,NO,16.4,14.75,16.41,15.03,16.21,,2906,0.0,3889733,NO,NO,2022-12-06,156896100.0
2710,CVGD,25.8,26.08,2243.0,ETF,ETF,44.0,32.0,68.0,,0.2114,0.0575,4303.0,1840.0,27.32,24.77,0,NO,26.65,26.5,,26.52,,,88,0.0,2243,NO,NO,2026-08-26,73300.0
2711,FPXI,69.01,69.849,7101.0,ETF,ETF,44.0,31.0,7.0,61.0,1.0976,0.6608,33314.0,20020.0,86.63,55.75,0,NO,69.53,70.51,68.82,70.51,71.01,,2982,0.0,7101,NO,NO,2021-04-05,1021800.0
2712,EUDG,38.16,38.599,6094.0,ETF,ETF,44.0,26.0,40.0,44.0,0.3497,0.2142,3917.0,3790.0,40.59,34.38,0,NO,39.27,39.45,38.52,39.41,38.49,,3113,0.0,6094,NO,NO,2017-11-07,479500.0
2713,SPYH,56.4,57.15,16428.0,ETF,ETF,44.0,67.0,57.0,44.0,0.3738,0.2348,16949.0,28270.0,57.38,51.56,0,NO,56.52,56.39,55.47,56.48,55.5,,369,0.0,16428,NO,NO,2026-08-20,204900.0
2714,FLAG,27.92,27.775,53.0,ETF,ETF,44.0,41.0,72.0,48.0,0.2026,0.0114,257.0,100.0,29.02,25.57,0,NO,28.36,28.32,27.66,28.36,27.61,,359,0.0,100,NO,NO,2025-05-29,5300.0
2715,FRI,30.16,30.55,33932.0,ETF,ETF,44.0,23.0,21.0,45.0,0.3082,0.2725,39358.0,52460.0,33.44,27.11,0,NO,31.09,31.85,30.17,31.62,30.95,,4873,0.0,33932,NO,NO,2011-07-20,13665100.0
2716,CTIF,52.71,53.08,5428.0,ETF,ETF,44.0,37.0,59.0,46.0,0.3522,0.027,3953.0,1390.0,56.17,47.46,0,NO,53.47,53.95,52.09,54.03,52.13,,313,0.0,5428,NO,NO,2026-01-13,209700.0
2717,SMMV,45.03,45.483,15767.0,ETF,ETF,44.0,25.0,52.0,40.0,0.3388,0.2708,8368.0,10990.0,47.98,41.67,0,NO,46.69,46.97,45.17,46.81,45.49,,2522,0.0,15767,NO,NO,2020-06-08,8552000.0
2718,IRS,15.11,15.6,128110.0,Real Estate,Real Estate Services,44.0,83.0,17.0,39.0,0.6086,0.5929,146861.0,240280.0,19.14,10.87,1278298368,NO,15.26,15.12,15.44,15.05,15.07,,7991,0.0,128110,NO,NO,2008-05-13,2206539.0
2719,PPI,20.46,20.625,14912.0,ETF,ETF,44.0,25.0,24.0,30.0,0.2045,0.1379,26274.0,21800.0,22.44,17.71,0,NO,21.05,21.22,20.9,21.22,21.28,,1186,0.0,14912,NO,NO,2022-01-10,882200.0
2720,GTND,25.91,25.5,11.0,ETF,ETF,44.0,81.0,64.0,,0.2121,0.0929,1438.0,2760.0,26.18,23.99,0,NO,25.44,25.29,,25.44,,,89,1.29,400,NO,NO,2026-05-19,248800.0
2721,HOLD,32.87,32.755,85.0,ETF,ETF,44.0,80.0,46.0,47.0,0.1769,0.0394,366.0,300.0,34.74,29.57,0,NO,32.38,32.19,32.14,32.39,32.39,,277,0.0,600,NO,NO,2025-08-14,100300.0
2722,HQY,90.39,94.52,900047.0,Healthcare,Health Information Services,44.0,5.0,78.0,57.0,2.5399,2.2121,851477.0,875910.0,107.62,72.76,7476635648,NO,96.32,99.48,88.94,98.42,89.95,,3054,0.0,900047,NO,NO,2018-09-14,12317600.0
2723,TREX,43.62,42.9,1096241.0,Industrials,Building Products & Equipment,44.0,19.0,26.0,75.0,1.415,1.3229,1878473.0,1680020.0,54.3,29.77,4532062208,NO,44.51,45.47,41.72,45.51,42.69,,6907,0.0,1096241,NO,NO,2005-06-23,27536000.0
2724,FHI,57.56,58.18,609671.0,Financial Services,Asset Management,44.0,11.0,31.0,36.0,1.5871,1.55,610126.0,825570.0,67.2,46.66,4297445888,NO,60.86,61.24,56.83,60.99,58.06,,7133,0.0,609671,NO,NO,2003-04-15,15420000.0
2725,TWOD,26.28,26.27,76909.0,Finance,Real estate investment trusts,44.0,86.0,66.0,38.0,0.0461,0.039,49204.0,32400.0,26.29,25.05,0,NO,26.13,25.76,25.61,25.8,25.57,,339,0.0,76909,NO,NO,2026-08-25,867900.0
2726,BOUT,42.89,43.49,940.0,ETF,ETF,44.0,40.0,11.0,51.0,0.505,0.3164,2622.0,2910.0,49.41,35.05,0,NO,43.95,45.14,42.73,44.63,44.33,,2016,0.0,940,NO,NO,2026-03-10,149200.0
2727,CVS,85.86,87.6,7092330.0,Healthcare,Healthcare Plans,44.0,15.0,7.0,79.0,2.2679,2.1786,7516193.0,7921610.0,110.68,69.51,109812400128,NO,93.58,98.22,87.35,95.72,91.02,,13510,0.0,7225910,NO,NO,2009-11-05,185123500.0
2728,XTAI,25.1,26.62,462.0,ETF,ETF,44.0,95.0,77.0,,0.824,0.1082,2179.0,300.0,27.31,16.51,0,NO,24.15,22.26,,22.94,,,77,0.0,462,NO,NO,2026-07-15,31300.0
2729,TSME,46.04,46.3,49724.0,ETF,ETF,44.0,27.0,14.0,58.0,0.69,0.5357,80938.0,48130.0,52.37,38.38,0,NO,46.88,48.31,46.18,48.08,46.89,,994,0.0,49724,NO,NO,2025-09-22,3145200.0
2730,LADM,32.94,32.99,3917.0,ETF,ETF,44.0,77.0,,,0.09,0.0164,690.0,630.0,33.02,32.02,0,NO,32.8,32.62,,32.71,,,61,0.0,3917,NO,NO,2026-08-17,15200.0
2731,BTA,25.33,25.53,10.0,ETF,ETF,44.0,,,,0.1393,0.0157,43547.0,190.0,25.79,24.61,0,NO,,,,,,,18,0.0,600,NO,NO,2026-08-28,210700.0
2732,EMTY,24.77,24.964,316.0,ETF,ETF,44.0,88.0,57.0,36.0,0.2773,0.0881,852.0,600.0,26.02,21.78,0,NO,24.49,23.93,23.68,24.02,23.92,,2222,0.0,316,NO,NO,2022-11-28,173600.0
2733,SDY,148.97,149.79,312516.0,ETF,ETF,44.0,23.0,42.0,38.0,1.3057,1.1114,191738.0,152130.0,160.29,135.3,0,NO,154.33,155.64,150.04,155.17,151.47,,5244,0.0,312516,NO,NO,2011-02-01,8134600.0
2734,EMLP,42.18,42.97,336454.0,ETF,ETF,44.0,38.0,28.0,20.0,0.4382,0.405,246968.0,257360.0,45.23,37.18,0,NO,43.77,43.98,42.57,43.78,43.7,,3583,0.0,344831,NO,NO,2014-05-05,5683100.0
2735,JFLI,53.24,53.619,2290.0,ETF,ETF,43.0,54.0,41.0,45.0,0.3809,0.2298,4333.0,3450.0,54.99,49.03,0,NO,53.66,53.66,52.58,53.67,52.91,,402,0.0,2290,NO,NO,2026-01-07,167200.0
2736,XLF,54.54,54.8,42573909.0,ETF,ETF,43.0,20.0,55.0,56.0,0.7818,0.7161,32199723.0,37460960.0,58.6,47.67,0,NO,56.94,57.12,53.72,57.03,53.63,,6980,0.0,42573909,YES,NO,2008-09-18,1050592272.0
2737,ESE,266.19,262.41,186748.0,Electronic technology,Electronic equipment/Instruments,43.0,17.0,4.0,28.0,8.1279,7.6757,235438.0,292370.0,362.15,193.68,6896335360,NO,269.58,295.06,279.99,289.53,299.37,,9059,0.0,186748,NO,NO,2007-06-21,6413200.0
2738,FEMG,26.05,26.22,5400.0,ETF,ETF,43.0,44.0,54.0,,0.2471,0.1357,1720.0,1510.0,27.51,24.84,0,NO,26.03,26.14,,26.2,,,100,0.0,5400,NO,NO,2026-04-30,199700.0
2739,KRE,70.38,71.19,16242919.0,ETF,ETF,43.0,22.0,22.0,52.0,1.2493,1.2193,12649425.0,14194790.0,78.35,57.55,0,NO,73.46,75.14,70.44,74.74,71.29,,5095,0.0,16313282,YES,NO,2023-05-04,117644200.0
2740,USAF,27.98,28.072,270.0,ETF,ETF,43.0,56.0,63.0,37.0,0.0638,0.039,2579.0,2230.0,30.4,26.74,0,NO,28.22,28.04,27.67,28.08,27.69,,459,0.0,270,NO,NO,2024-11-21,65000.0
2741,KT,19.45,19.45,1060375.0,Communications,Major telecommunications,43.0,85.0,82.0,10.0,0.3479,0.3457,1439853.0,1322770.0,24.58,17.13,9263327232,NO,19.64,18.89,19.96,19.13,19.67,,6873,0.0,1060375,NO,NO,2001-12-18,11629800.0
2742,LGDS,50.46,50.84,10456.0,ETF,ETF,43.0,85.0,,,0.5818,0.4218,39180.0,15970.0,51.08,46.05,0,NO,49.29,49.1,,49.34,,,51,0.0,10456,NO,NO,2026-07-31,334600.0
2743,EHLS,25.57,25.725,906.0,ETF,ETF,43.0,73.0,22.0,37.0,0.1695,0.064,2647.0,1010.0,27.56,22.3,0,NO,25.55,25.77,25.7,25.78,26.04,,621,0.0,906,NO,NO,2024-04-03,1727500.0
2744,ASND,223.13,237.59,1194692.0,Healthcare,Biotechnology,43.0,7.0,18.0,36.0,10.8648,10.3169,716406.0,1011300.0,282.15,186.05,14678243328,NO,253.86,253.33,234.7,249.68,241.39,,2930,0.0,1194692,NO,NO,2023-04-03,7860200.0
2745,ZJUN,27.69,27.79,6395.0,ETF,ETF,43.0,72.0,55.0,37.0,0.0864,0.0642,47582.0,33470.0,27.79,26.44,0,NO,27.66,27.6,27.22,27.64,27.37,,329,0.0,6395,NO,NO,2026-06-03,1147400.0
2746,FPX,180.25,180.99,24232.0,ETF,ETF,43.0,52.0,15.0,57.0,2.8124,2.2567,38949.0,17210.0,206.18,146.02,0,NO,180.29,182.46,176.92,182.17,181.29,,5114,0.0,24232,NO,NO,2015-08-24,1013000.0
2747,FMKT,22.3,22.192,82.0,ETF,ETF,43.0,64.0,60.0,49.0,0.2494,0.0811,2926.0,2040.0,24.88,19.55,0,NO,22.46,22.31,22.01,22.43,21.93,,322,1.03,7800,NO,NO,2025-06-10,403900.0
2748,RVT,17.32,17.46,162409.0,Miscellaneous,Investment trusts,43.0,16.0,29.0,45.0,0.3089,0.3039,262682.0,186140.0,19.12,14.97,2151987712,NO,18.05,18.27,17.74,18.21,17.92,,10035,0.0,162409,NO,NO,2026-01-16,2061800.0
2749,CBT,78.8,76.59,335827.0,Basic Materials,Specialty Chemicals,43.0,16.0,12.0,68.0,2.2886,2.0511,470153.0,444470.0,94.53,58.33,4068523520,NO,80.61,84.83,78.48,83.99,81.86,,11562,0.0,335827,NO,NO,2021-06-25,6716400.0
2750,RISN,30.46,30.65,1207.0,ETF,ETF,43.0,39.0,54.0,43.0,0.3096,0.2181,10368.0,3170.0,32.25,28.16,0,NO,30.89,31.12,30.17,31.02,30.3,,1553,0.0,1207,NO,NO,2020-07-17,2471500.0
2751,IYJ,156.16,156.52,41785.0,ETF,ETF,43.0,27.0,33.0,43.0,1.7493,1.4871,126017.0,178550.0,171.25,138.9,0,NO,159.12,163.03,157.44,162.57,158.57,,6586,0.0,41785,NO,NO,2014-02-10,17215800.0
2752,UCB,33.51,34.59,708001.0,Finance,Regional banks,43.0,24.0,38.0,53.0,0.7343,0.6814,903693.0,903780.0,37.18,28.65,4013285632,NO,34.97,35.49,33.73,35.28,33.9,,6166,0.0,708455,NO,NO,2021-12-31,4989200.0
2753,GIEQ,41.74,42.28,1690.0,ETF,ETF,43.0,39.0,60.0,,0.3736,0.1143,15366.0,11350.0,43.49,39.92,0,NO,42.54,42.35,,42.5,,,85,0.0,1690,NO,NO,2026-08-24,298300.0
2754,WTW,298.99,306.82,489110.0,Finance,Insurance brokers/Services,43.0,6.0,87.0,35.0,7.6271,6.6179,552885.0,581430.0,352.79,240.61,27767779328,NO,325.81,323.11,300.0,325.25,291.89,,6357,0.0,489110,NO,NO,2016-01-04,22046981.0
2755,PNC,224.03,233.25,1944091.0,Finance,Major banks,43.0,15.0,18.0,54.0,5.1429,4.64,1772792.0,1896980.0,258.96,176.88,89375350784,NO,239.66,246.65,227.34,244.28,230.66,,12817,0.0,1944091,NO,NO,2010-02-03,74680900.0
2756,CYTK,65.81,67.56,1949265.0,Healthcare,Biotechnology,43.0,5.0,6.0,49.0,2.5654,2.5011,2026050.0,2117620.0,88.31,47.22,9149130752,NO,72.38,76.08,70.04,73.88,72.37,,5634,0.0,2034381,NO,NO,2021-07-19,40137500.0
2757,WRTH,25.89,25.98,26429.0,ETF,ETF,43.0,76.0,56.0,,0.0871,0.0786,50973.0,39800.0,26.76,24.89,0,NO,25.88,25.74,,25.8,,,102,0.0,26429,NO,NO,2026-04-29,721600.0
2758,EFAA,55.16,55.696,79442.0,ETF,ETF,43.0,38.0,49.0,45.0,0.5294,0.3657,92492.0,83160.0,57.39,51.1,0,NO,56.36,56.37,55.18,56.44,55.14,,548,0.0,79442,NO,NO,2026-07-07,672900.0
2759,ENSG,175.46,174.47,341153.0,Health services,Medical/Nursing services,43.0,49.0,83.0,7.0,3.4406,3.3974,557177.0,440040.0,218.0,141.58,10226236416,NO,174.03,176.05,181.86,176.24,179.39,,4745,0.0,341153,NO,NO,2024-09-30,11223200.0
2760,UXI,52.78,52.83,1527.0,ETF,ETF,43.0,8.0,11.0,41.0,0.9975,0.5739,4319.0,2080.0,64.95,41.72,0,NO,54.63,58.46,55.38,57.91,56.55,,4940,0.0,1527,NO,NO,2009-03-11,5551200.0
2761,FNY,99.65,100.52,7385.0,ETF,ETF,43.0,28.0,17.0,54.0,1.1515,0.8423,20430.0,12430.0,111.06,85.09,0,NO,101.5,103.4,99.48,103.06,101.02,,3878,0.0,7385,NO,NO,2020-10-28,462700.0
2762,FIDU,90.38,90.26,92429.0,ETF,ETF,43.0,25.0,19.0,39.0,1.1664,0.9721,129144.0,313180.0,100.0,78.27,0,NO,91.83,94.8,92.0,94.44,93.41,,3246,0.0,92429,NO,NO,2026-09-15,2341300.0
2763,SPUC,49.58,49.88,38429.0,ETF,ETF,43.0,65.0,56.0,56.0,0.4518,0.3522,95804.0,35020.0,52.08,42.89,0,NO,49.36,49.52,48.18,49.62,48.36,,1518,0.0,38429,NO,NO,2026-07-23,3129600.0
2764,DG,120.6,121.91,1593945.0,Consumer Defensive,Discount Stores,43.0,49.0,74.0,18.0,3.7396,3.6604,2472398.0,2600360.0,158.23,95.11,26606383104,NO,125.7,124.35,127.14,124.13,120.15,,4238,0.0,1598968,NO,NO,2012-11-30,66137200.0
2765,HIPO,29.71,31.53,179922.0,Financial Services,Insurance - Property & Casualty,43.0,9.0,85.0,64.0,0.9394,0.8776,187030.0,194590.0,38.73,24.08,784028480,NO,32.52,31.72,28.93,31.8,28.45,,1431,0.0,179931,NO,NO,2025-06-12,1411200.0
2766,SMIN,70.32,71.06,82373.0,ETF,ETF,43.0,53.0,52.0,68.0,0.875,0.65,122387.0,108440.0,75.94,57.78,0,NO,71.22,70.76,67.71,70.93,67.74,,3675,0.0,83198,NO,NO,2026-06-26,1488100.0
2767,RMRC,25.26,25.27,9.0,ETF,ETF,43.0,41.0,58.0,44.0,0.1429,0.0129,1963.0,420.0,26.27,23.53,0,NO,25.71,25.72,,25.71,25.15,,145,0.0,100,NO,NO,2026-05-14,200300.0
2768,ITEQ,62.73,63.048,1359.0,ETF,ETF,43.0,65.0,36.0,38.0,0.7141,0.3972,2733.0,1960.0,71.0,52.16,0,NO,62.01,63.49,61.92,63.17,63.01,,2736,0.0,1359,NO,NO,2021-10-26,484600.0
2769,CBTL,20.06,19.54,16.0,ETF,ETF,43.0,92.0,86.0,48.0,0.2033,0.0179,2253.0,330.0,25.27,17.27,0,NO,19.22,18.36,18.91,18.67,18.34,,235,0.0,100,NO,NO,2025-12-19,42600.0
2770,HDG,54.16,54.82,956.0,ETF,ETF,43.0,60.0,41.0,41.0,0.2522,0.0922,815.0,490.0,55.4,50.72,0,NO,54.73,54.64,53.38,54.66,53.82,,3820,0.0,956,NO,NO,2013-06-06,778600.0
2771,RMBI,15.04,15.85,133688.0,Finance,Major banks,43.0,29.0,40.0,55.0,0.3871,0.3707,88484.0,228800.0,16.59,12.77,241206144,NO,15.82,15.76,14.67,15.74,14.94,,1816,0.0,133689,NO,NO,2019-07-02,2655000.0
2772,XLVI,26.21,26.325,95699.0,ETF,ETF,43.0,37.0,58.0,44.0,0.2962,0.2467,36296.0,65090.0,27.35,24.2,0,NO,26.42,26.57,26.0,26.56,25.73,,289,0.0,95699,NO,NO,2026-09-11,266900.0
2773,USRT,62.52,63.34,661751.0,ETF,ETF,43.0,19.0,19.0,45.0,0.8064,0.7251,549592.0,676160.0,70.09,56.44,0,NO,64.84,66.61,63.07,66.08,64.73,,4877,0.0,661751,NO,NO,2023-02-06,4702500.0
2774,BH,346.96,346.3,92129.0,Consumer Cyclical,Restaurants,43.0,13.0,27.0,53.0,18.4739,18.4146,153587.0,173920.0,483.6,234.92,1104886400,NO,367.13,378.92,353.91,376.5,341.29,,11725,0.0,92131,NO,NO,2026-09-02,443800.0
2775,JLCO,25.48,25.74,647.0,ETF,ETF,43.0,65.0,,,0.1785,0.0699,845.0,280.0,26.41,24.34,0,NO,25.43,,,25.55,,,48,0.0,647,NO,NO,2026-07-16,7100.0
2776,EROK,22.09,23.62,171216.0,Finance,Real estate development,43.0,3.0,72.0,,0.9157,0.8407,180230.0,116330.0,27.42,19.75,2905267200,NO,24.8,23.76,,24.06,,,90,0.0,171216,NO,NO,2026-05-14,4882400.0
2777,NIHI,51.37,51.985,45891.0,ETF,ETF,43.0,45.0,52.0,45.0,0.5135,0.3235,45368.0,55970.0,53.5,46.85,0,NO,52.38,52.3,51.38,52.36,51.15,,255,0.0,45891,NO,NO,2026-03-03,303800.0
2778,CBTJ,20.86,21.215,2775.0,ETF,ETF,43.0,91.0,89.0,50.0,0.4099,0.1584,12152.0,5980.0,30.52,17.22,0,NO,19.9,18.73,19.65,19.06,18.97,,410,0.0,2775,NO,NO,2025-02-04,693200.0
2779,EELV,28.26,28.52,76597.0,ETF,ETF,43.0,53.0,52.0,35.0,0.2293,0.165,42268.0,37100.0,29.97,26.04,0,NO,28.93,28.69,28.5,28.74,28.51,,3693,0.0,76597,NO,NO,2018-09-04,16843300.0
2780,HEFT,26.43,26.442,10825.0,ETF,ETF,43.0,64.0,50.0,33.0,0.1911,0.1731,22641.0,12050.0,28.84,24.92,0,NO,26.58,26.45,26.5,26.48,26.47,,208,0.0,10825,NO,NO,2026-03-30,722800.0
2781,CBTA,24.57,24.078,16.0,ETF,ETF,43.0,93.0,89.0,52.0,0.2966,0.0238,1192.0,1790.0,33.57,19.96,0,NO,23.52,22.09,23.37,22.6,22.09,,366,2.92,1500,NO,NO,2026-03-11,48900.0
2782,SSCP,25.92,26.36,662.0,ETF,ETF,43.0,41.0,50.0,,0.2675,0.1292,5234.0,1530.0,27.11,23.82,0,NO,26.39,26.17,,26.32,,,91,0.0,662,NO,NO,2026-08-05,118500.0
2783,HOMB,28.84,29.61,1160563.0,Financial Services,Banks - Regional,42.0,30.0,60.0,51.0,0.495,0.4475,1743409.0,1718460.0,31.7,25.5,5769431552,NO,29.73,30.35,28.44,30.29,28.34,,5093,0.0,1160563,NO,NO,2017-06-01,21175800.0
2784,NDOW,28.7,28.9,833.0,ETF,ETF,42.0,51.0,36.0,42.0,0.1405,0.0681,11149.0,4030.0,30.05,26.69,0,NO,28.99,29.1,28.67,29.07,28.84,,591,0.0,833,NO,NO,2024-05-23,509000.0
2785,IQQ,25.08,25.09,1245430.0,ETF,ETF,42.0,87.0,,,0.3121,0.2421,878754.0,465090.0,25.31,22.36,0,NO,24.23,24.05,,24.2,,,53,0.0,1245430,NO,NO,2026-07-10,5503500.0
2786,BCS,24.29,25.3,4366331.0,Finance,Investment banks/Brokers,42.0,11.0,12.0,73.0,0.6343,0.4221,4301079.0,4823010.0,28.69,19.29,81243717632,NO,26.19,27.09,25.12,26.8,24.91,,10086,0.0,4366331,NO,NO,2016-06-27,149635800.0
2787,FINA,25.72,25.95,2236.0,ETF,ETF,42.0,71.0,,,0.1712,0.0305,1581313.0,1836590.0,26.09,24.44,0,NO,25.65,25.5,,25.61,,,53,0.0,2236,NO,NO,2026-07-13,34105100.0
2788,SPCT,26.87,27.156,5334.0,ETF,ETF,42.0,39.0,40.0,38.0,0.1782,0.0824,6847.0,6290.0,28.47,24.83,0,NO,27.42,27.75,27.01,27.66,27.26,,245,0.0,5334,NO,NO,2026-03-23,445100.0
2789,PVH,75.39,73.4,849982.0,Consumer Cyclical,Apparel Manufacturing,42.0,35.0,62.0,65.0,2.8021,2.5986,987171.0,1023110.0,100.75,59.6,3478331136,NO,73.14,78.56,76.14,78.51,79.43,,11724,0.0,849984,NO,NO,2013-02-13,17444200.0
2790,DIVP,26.71,26.887,4298.0,ETF,ETF,42.0,33.0,42.0,38.0,0.1995,0.1619,7950.0,16790.0,28.12,24.11,0,NO,27.4,27.49,26.67,27.45,26.88,,638,0.0,4298,NO,NO,2025-07-21,106600.0
2791,LOPP,36.44,36.007,12.0,ETF,ETF,42.0,40.0,21.0,45.0,0.2687,0.0144,276.0,140.0,40.0,31.69,0,NO,36.81,37.53,36.48,37.36,37.08,,1413,0.0,100,NO,NO,2021-02-08,176500.0
2792,EWL,60.37,60.81,408987.0,ETF,ETF,42.0,22.0,36.0,42.0,0.7229,0.5157,499012.0,599030.0,65.53,53.7,0,NO,61.8,62.72,61.55,62.45,61.63,,7678,0.0,408987,NO,NO,2018-11-14,14710000.0
2793,FLAO,28.71,28.705,344.0,ETF,ETF,42.0,75.0,58.0,40.0,0.0154,0.0089,390.0,750.0,28.8,26.58,0,NO,28.65,28.54,28.28,28.59,28.15,,622,0.0,344,NO,NO,2024-08-01,2117900.0
2794,EWG,41.87,42.6,1399268.0,ETF,ETF,42.0,27.0,59.0,45.0,0.4821,0.3157,980257.0,1149970.0,44.85,37.98,0,NO,43.3,43.0,42.38,43.17,42.0,,7678,0.0,1399268,NO,NO,2016-06-24,46597900.0
2795,UUP,28.65,28.48,1228459.0,ETF,ETF,42.0,85.0,51.0,40.0,0.1134,0.0802,1739642.0,1859160.0,28.68,26.4,0,NO,28.18,28.21,27.73,28.22,27.97,,4922,0.32,1228559,NO,NO,2010-05-05,22279700.0
2796,FNCL,77.32,79.35,120495.0,ETF,ETF,42.0,25.0,51.0,57.0,1.1143,0.8739,108212.0,163830.0,83.35,67.76,0,NO,81.19,81.37,76.51,81.14,76.36,,3246,0.0,120495,NO,NO,2014-12-08,4920200.0
2797,IYF,128.98,132.31,250548.0,ETF,ETF,42.0,27.0,46.0,55.0,1.9146,1.5404,382020.0,304680.0,139.09,113.62,0,NO,135.08,135.44,127.74,135.17,127.62,,6619,0.0,250548,NO,NO,2008-09-18,59441400.0
2798,FPAA,25.13,25.3,4475.0,ETF,ETF,42.0,42.0,63.0,,0.5014,0.4321,11677.0,7630.0,27.82,24.43,0,NO,25.5,25.49,,25.51,,,74,0.0,4475,NO,NO,2026-06-11,247600.0
2799,DLTR,113.16,112.33,2231948.0,Consumer Defensive,Discount Stores,42.0,5.0,45.0,41.0,4.1389,3.9854,2955953.0,3656280.0,142.4,84.71,21232246784,NO,122.5,125.77,117.69,124.24,113.98,,7939,0.0,2236379,NO,NO,2000-12-19,96293700.0
2800,CSWC,23.15,23.44,654573.0,Financial Services,Asset Management,42.0,17.0,43.0,43.0,0.4514,0.41,667007.0,617960.0,25.75,19.37,1475438976,NO,24.41,24.37,23.28,24.28,23.49,,11724,0.0,654575,NO,NO,2006-12-07,7146686.0
2801,RTXG,22.29,22.815,6669.0,ETF,ETF,42.0,3.0,61.0,9.0,0.5898,0.4457,15158.0,8580.0,31.27,18.0,0,NO,24.45,26.45,24.4,26.39,23.98,,325,0.0,6669,NO,NO,2026-05-18,152400.0
2802,RKLB,70.31,71.98,19014723.0,Electronic technology,Aerospace & defense,42.0,85.0,6.0,45.0,3.5061,3.3222,20100177.0,21572620.0,151.0,37.57,44956987392,NO,65.2,69.41,80.86,69.1,83.32,,1463,0.0,19110310,YES,NO,2024-11-13,121001300.0
2803,PJFM,64.98,65.366,10.0,ETF,ETF,42.0,37.0,21.0,50.0,0.5283,0.0518,541.0,130.0,69.99,58.27,0,NO,66.07,66.82,65.46,66.72,65.91,,690,0.0,100,NO,NO,2026-06-18,27800.0
2804,ESBG,21.19,21.581,566.0,ETF,ETF,42.0,21.0,61.0,36.0,0.2509,0.0451,468.0,560.0,27.03,19.86,0,NO,21.7,21.4,21.99,21.53,21.68,,210,0.0,566,NO,NO,2026-01-29,21600.0
2805,GGZ,15.6,15.73,11590.0,Financial Services,Asset Management,42.0,25.0,32.0,39.0,0.2779,0.2393,6777.0,4960.0,17.08,13.35,120238888,NO,16.1,16.26,15.8,16.18,15.89,,3088,0.0,11590,NO,NO,2015-11-16,1667075.0
2806,RNEM,56.25,57.092,65629.0,ETF,ETF,42.0,66.0,56.0,42.0,0.5897,0.2724,514.0,860.0,59.01,46.9,0,NO,56.98,56.63,56.05,56.72,55.76,,2314,0.0,65629,NO,NO,2024-03-06,367700.0
2807,GEQ,51.29,51.71,84.0,ETF,ETF,42.0,52.0,59.0,,0.3689,0.035,2352.0,660.0,52.81,49.29,0,NO,51.7,51.61,,51.7,,,73,0.0,84,NO,NO,2026-06-16,59800.0
2808,HFEQ,23.31,23.67,321555.0,ETF,ETF,42.0,29.0,30.0,58.0,0.3143,0.1884,7503.0,4140.0,25.11,20.4,0,NO,23.82,24.07,23.0,24.03,23.2,,300,0.0,321555,NO,NO,2025-08-12,443500.0
2809,NEWTP,24.83,25.06,12885.0,Financial Services,Banks - Regional,42.0,71.0,41.0,40.0,0.2072,0.1654,3307.0,2600.0,27.98,22.51,0,NO,24.98,24.93,24.27,25.0,24.6,,277,0.0,12885,NO,NO,2025-08-18,404400.0
2810,KIE,60.09,61.39,1369932.0,ETF,ETF,42.0,27.0,52.0,54.0,0.9832,0.7811,1210342.0,1350880.0,66.53,53.45,0,NO,62.91,63.57,59.44,63.28,59.64,,5244,0.0,1369939,NO,NO,2016-05-18,9463800.0
2811,GSK,49.71,51.08,3035639.0,Healthcare,Drug Manufacturers - General,42.0,28.0,23.0,15.0,1.1007,0.7621,3609631.0,3037330.0,61.7,39.29,99559464960,NO,50.13,50.99,52.4,50.67,52.25,,11715,0.0,3035639,NO,NO,2022-08-11,35389900.0
2812,ANTW,25.6,25.97,264527.0,ETF,ETF,42.0,90.0,,,0.6343,0.4793,49271.0,54280.0,26.34,23.39,0,NO,24.51,,,,,,28,0.0,264958,NO,YES,2026-09-23,264958.0
2813,SIGI,86.33,87.78,691992.0,Financial Services,Insurance - Property & Casualty,42.0,25.0,14.0,68.0,1.7543,1.7064,523241.0,573970.0,100.4,72.78,5142602240,NO,90.32,92.96,86.71,92.12,88.1,,11724,0.0,691992,NO,NO,2019-09-20,10019000.0
2814,TSPY,25.48,25.68,339498.0,ETF,ETF,42.0,68.0,54.0,49.0,0.2431,0.1854,227233.0,291050.0,26.67,22.66,0,NO,25.39,25.47,25.18,25.51,25.09,,527,0.0,339498,NO,NO,2026-03-20,783800.0
2815,UGL,48.7,50.58,2546146.0,ETF,ETF,42.0,3.0,85.0,8.0,1.8693,1.2936,2496965.0,2955970.0,90.4,42.42,0,NO,51.27,49.64,58.02,50.31,54.53,,4478,0.0,2549691,NO,NO,2026-01-29,36588700.0
2816,KBA,32.15,32.69,44807.0,ETF,ETF,42.0,39.0,20.0,51.0,0.2857,0.1448,32090.0,60280.0,35.46,28.43,0,NO,32.54,33.09,32.21,33.0,32.64,,3157,0.0,44807,NO,NO,2019-05-28,3719900.0
2817,HBIT,25.74,25.88,2557.0,ETF,ETF,42.0,,,,0.46,0.373,15261.0,9670.0,26.93,24.25,0,NO,,,,,,,18,0.0,2557,NO,NO,2026-08-27,43100.0
2818,KBE,64.51,66.07,2035467.0,ETF,ETF,42.0,22.0,27.0,56.0,1.1539,1.0489,1469058.0,1390430.0,71.92,54.64,0,NO,67.72,69.07,64.73,68.64,65.34,,5244,0.0,2035467,NO,NO,2009-03-18,37097200.0
2819,SCDV,26.15,26.14,7041.0,ETF,ETF,42.0,26.0,25.0,41.0,0.2465,0.1859,9249.0,15580.0,28.52,23.31,0,NO,26.57,27.3,26.31,27.22,26.63,,444,0.0,7045,NO,NO,2025-01-28,93600.0
2820,KHPI,26.08,26.17,55191.0,ETF,ETF,42.0,74.0,53.0,45.0,0.2006,0.1781,85490.0,112830.0,26.55,23.95,0,NO,25.9,26.03,25.74,26.05,25.7,,513,0.0,55191,NO,NO,2024-12-30,680300.0
2821,BIGY,52.51,52.936,10009.0,ETF,ETF,42.0,75.0,56.0,49.0,0.394,0.2896,8755.0,9070.0,54.64,47.33,0,NO,52.28,52.2,51.8,52.24,51.65,,458,0.0,10009,NO,NO,2025-12-30,51500.0
2822,BANX,21.01,21.08,37826.0,Miscellaneous,Investment trusts,42.0,81.0,79.0,55.0,0.2625,0.2575,34901.0,30350.0,22.5,18.45,203545840,NO,20.88,20.54,20.27,20.64,19.88,,3236,0.0,37826,NO,NO,2014-11-04,390800.0
2823,SNTH,29.89,30.15,25199.0,ETF,ETF,42.0,67.0,54.0,62.0,0.3204,0.2146,94688.0,65580.0,34.95,25.75,0,NO,29.84,29.9,28.94,29.93,29.11,,386,0.0,25205,NO,NO,2026-06-25,822700.0
2824,CBOY,25.23,25.115,24.0,ETF,ETF,42.0,85.0,75.0,41.0,0.058,0.0043,1617.0,550.0,25.66,24.26,0,NO,25.02,24.74,24.54,24.83,24.55,,304,0.0,100,NO,NO,2025-07-22,31500.0
2825,DEO,86.11,86.82,813935.0,Consumer Defensive,Beverages - Wineries & Distilleries,42.0,12.0,72.0,71.0,1.5943,1.3214,1083482.0,1089290.0,102.74,72.45,47868616704,NO,89.0,89.23,85.52,89.81,83.53,,8945,0.0,816622,NO,NO,2026-02-25,9490700.0
2826,EWM,27.64,27.66,205971.0,ETF,ETF,42.0,38.0,65.0,12.0,0.2186,0.1414,228036.0,176710.0,30.64,25.23,0,NO,28.01,28.08,28.39,27.98,28.34,,7678,0.0,205971,NO,NO,2018-05-09,4399800.0
2827,BPI,25.93,26.033,5362.0,ETF,ETF,42.0,92.0,92.0,50.0,0.4266,0.0599,1858.0,1580.0,44.01,18.55,0,NO,24.64,22.53,24.71,23.1,23.13,,370,0.0,5362,NO,NO,2025-10-17,28000.0
2828,HFGM,31.91,32.12,34533.0,ETF,ETF,42.0,75.0,71.0,29.0,0.3031,0.2509,39073.0,29990.0,37.06,28.79,0,NO,31.72,31.37,32.17,31.52,32.1,,361,0.0,34533,NO,NO,2026-05-07,375600.0
2829,AMMO,24.75,24.65,285.0,ETF,ETF,42.0,17.0,,,0.3071,0.1886,3687.0,1180.0,28.66,24.03,0,NO,25.1,,,25.88,,,47,0.0,900,NO,NO,2026-09-01,15600.0
2830,RGS,27.55,27.74,5883.0,Consumer services,Other consumer services,42.0,85.0,54.0,68.0,0.9608,0.9222,7126.0,8420.0,31.5,19.31,68879320,NO,27.66,27.8,26.28,27.54,26.79,,8876,0.0,5883,NO,NO,2024-06-25,44456800.0
2831,BOXX,118.3,118.26,4270813.0,ETF,ETF,42.0,72.0,53.0,35.0,0.0368,0.0307,3008057.0,4033870.0,118.32,113.78,0,NO,118.14,117.88,116.54,117.98,117.11,,937,0.01,4275358,NO,NO,2026-09-09,7517400.0
2832,LAD,307.02,316.15,297808.0,Retail trade,Specialty stores,42.0,3.0,65.0,80.0,13.2343,12.7489,295511.0,331540.0,439.49,239.78,6749256192,NO,356.27,360.25,313.39,358.88,307.94,,7486,0.0,297817,NO,NO,2012-08-01,7119800.0
2833,FICS,40.66,41.195,8012.0,ETF,ETF,42.0,31.0,37.0,43.0,0.3814,0.2181,11477.0,7930.0,43.38,37.25,0,NO,41.71,42.08,40.94,41.96,41.06,,1446,0.0,8012,NO,NO,2025-09-18,649700.0
2834,SNA,370.25,369.75,193906.0,Consumer durables,Tools & hardware,41.0,23.0,24.0,36.0,6.1621,6.1621,330412.0,342320.0,423.02,320.8,19151968256,NO,380.6,396.21,378.59,392.05,383.62,,13510,0.0,205202,NO,NO,1995-05-01,3886650.0
2835,GEMQ,24.58,23.7688,28.0,ETF,ETF,41.0,,,,,,126.0,126.0,24.58,23.77,0,NO,,,,,,,7,0.0,28,NO,NO,2026-09-16,507.0
2836,GXPS,26.32,26.06,25188.0,ETF,ETF,41.0,55.0,37.0,34.0,0.2526,0.1755,23212.0,24360.0,29.63,23.28,0,NO,26.45,26.64,26.46,26.55,26.66,,294,0.0,25188,NO,NO,2025-11-03,995400.0
2837,SKYW,99.27,100.2,228594.0,Industrials,Airlines,41.0,55.0,76.0,52.0,2.7157,2.4657,397552.0,416480.0,117.72,77.89,3937075968,NO,97.26,101.99,96.91,102.08,94.55,,10137,0.0,228594,NO,NO,1998-02-13,7892400.0
2838,EUDV,53.14,52.446,64.0,ETF,ETF,41.0,36.0,59.0,41.0,0.4126,0.0483,171.0,140.0,56.11,49.48,0,NO,54.1,54.11,53.29,54.13,53.26,,2772,0.0,100,NO,NO,2016-01-28,117600.0
2839,PSCF,61.67,62.96,1153.0,ETF,ETF,41.0,16.0,25.0,53.0,0.548,0.2651,3704.0,1050.0,68.6,54.3,0,NO,65.09,66.25,61.84,65.79,62.86,,4141,0.0,1153,NO,NO,2010-08-11,1922500.0
2840,CSMD,34.06,33.85,31023.0,ETF,ETF,41.0,38.0,29.0,50.0,0.4206,0.3582,38593.0,34010.0,37.04,29.53,0,NO,33.89,34.49,33.58,34.47,33.71,,774,0.0,31023,NO,NO,2026-03-12,1366200.0
2841,BANFP,26.86,27.84,190.0,Finance,Finance/Rental/Leasing,41.0,42.0,53.0,36.0,0.415,0.2136,792.0,1120.0,29.75,25.5,0,NO,27.77,27.22,26.52,27.44,26.71,,5666,0.0,190,NO,NO,2006-11-14,255300.0
2842,GHC,1147.27,1146.11,33120.0,Industrials,Conglomerates,41.0,56.0,46.0,49.0,26.2462,25.6097,29082.0,40940.0,1262.35,929.76,4858606080,NO,1139.91,1165.51,1127.49,1162.86,1132.72,,13510,0.07,33120,NO,NO,2010-08-16,1452097.0
2843,CSIO,27.48,27.85,21441.0,ETF,ETF,41.0,38.0,23.0,31.0,0.2079,0.1394,12765.0,24950.0,30.57,24.81,0,NO,28.34,28.51,,28.4,28.37,,195,0.0,21441,NO,NO,2026-02-20,192500.0
2844,AMGR,25.5,25.64,330.0,ETF,ETF,41.0,76.0,,,0.404,0.3061,8026.0,2880.0,27.91,24.25,0,NO,25.15,25.2,,25.3,,,63,0.0,330,NO,NO,2026-08-05,66900.0
2845,RITA,20.44,20.667,2820.0,ETF,ETF,41.0,24.0,30.0,44.0,0.2306,0.1838,3665.0,2840.0,23.86,18.89,0,NO,21.01,21.47,20.56,21.34,20.84,,1200,0.0,2820,NO,NO,2021-12-21,419200.0
2846,CE,48.49,44.38,2961542.0,Basic Materials,Chemicals,41.0,87.0,51.0,6.0,2.1171,1.7679,1876955.0,2178090.0,70.7,35.13,5321725952,NO,45.5,45.37,51.09,45.72,52.43,,5451,8.13,2961549,NO,NO,2025-03-21,27641400.0
2847,FIBK,36.02,36.83,1043842.0,Financial Services,Banks - Regional,41.0,35.0,27.0,51.0,0.7179,0.6893,1142744.0,1429220.0,40.6,29.1,3432871936,NO,37.05,37.81,36.24,37.55,36.24,,4150,0.0,1043842,NO,NO,2025-12-01,16609500.0
2848,XSHQ,45.4,46.01,18991.0,ETF,ETF,41.0,18.0,31.0,50.0,0.5404,0.4194,41695.0,18840.0,50.36,40.02,0,NO,47.24,47.98,45.36,47.79,45.98,,2375,0.0,18991,NO,NO,2025-04-16,2793300.0
2849,BENJ,53.24,53.22,13170.0,ETF,ETF,41.0,74.0,53.0,35.0,0.0541,0.0494,46552.0,16810.0,53.26,51.32,0,NO,53.17,53.05,52.48,53.11,52.72,,418,0.0,13170,NO,NO,2026-07-31,1191400.0
2850,BGIA,25.21,25.47,48.0,ETF,ETF,41.0,49.0,67.0,,0.2654,0.0879,165230.0,7930.0,25.97,23.97,0,NO,25.49,25.2,,25.33,,,77,0.0,48,NO,NO,2026-07-23,4945100.0
2851,EXPO,65.41,67.12,363135.0,Industrials,Engineering & Construction,41.0,19.0,86.0,25.0,1.8236,1.5639,505409.0,598270.0,81.95,51.91,3109989632,NO,68.82,66.94,66.78,67.32,64.22,,9089,0.0,363135,NO,NO,1990-08-17,17904800.0
2852,HXE,25.84,25.38,29.0,ETF,ETF,41.0,,,,0.2936,0.1343,10326.0,6230.0,25.84,24.78,0,NO,,,,,,,18,0.0,500,NO,NO,2026-09-09,54400.0
2853,UNHG,17.52,18.218,538795.0,ETF,ETF,41.0,9.0,4.0,95.0,0.9952,0.93,691761.0,660860.0,27.59,9.14,0,NO,19.23,20.89,17.7,20.07,18.57,,295,0.0,539850,NO,NO,2026-01-27,25585400.0
2854,ARB,29.93,29.94,7948.0,ETF,ETF,41.0,77.0,52.0,36.0,0.1362,0.1169,13225.0,5600.0,32.48,28.3,0,NO,29.79,29.72,29.42,29.75,29.57,,1600,0.0,7948,NO,NO,2022-02-03,1331800.0
2855,BLK,1060.89,1090.27,455786.0,Finance,Investment managers,41.0,13.0,71.0,52.0,26.0529,22.1011,699749.0,556210.0,1219.94,917.39,172369362944,NO,1103.35,1107.97,1061.31,1110.98,1047.96,,6784,0.0,460691,NO,NO,2012-05-23,22888000.0
2856,KWIN,25.89,25.83,15253.0,ETF,ETF,41.0,76.0,53.0,35.0,0.1005,0.1004,14573.0,10600.0,27.11,24.41,0,NO,25.81,25.74,25.51,25.78,25.62,,220,0.0,15257,NO,NO,2025-11-24,630300.0
2857,XTN,99.81,100.98,83394.0,ETF,ETF,41.0,15.0,10.0,56.0,1.5736,1.3929,84674.0,219110.0,120.9,79.18,0,NO,103.43,108.49,103.62,106.97,105.95,,3936,0.0,83394,NO,NO,2021-10-20,1619000.0
2858,XTR,28.99,29.191,455.0,ETF,ETF,41.0,73.0,64.0,66.0,0.2058,0.0581,1796.0,320.0,31.42,24.63,0,NO,28.88,28.76,27.83,28.85,27.82,,1266,0.0,455,NO,NO,2024-04-16,44800.0
2859,PLD,133.96,135.82,3151720.0,Finance,Real estate investment trusts,41.0,25.0,15.0,37.0,2.3193,2.13,4141458.0,3629170.0,153.35,111.03,130221367296,NO,137.46,141.06,137.8,139.78,139.95,,7251,0.0,3151720,NO,NO,2011-06-02,47686200.0
2860,PAYR,53.36,54.22,12876.0,ETF,ETF,41.0,29.0,42.0,28.0,0.5356,0.4544,17212.0,17990.0,57.87,47.89,0,NO,55.24,55.5,53.96,55.35,54.48,,240,0.0,12876,NO,NO,2026-07-08,152200.0
2861,XSLV,49.76,50.48,8267.0,ETF,ETF,41.0,23.0,29.0,45.0,0.5087,0.3869,9834.0,9550.0,54.55,44.32,0,NO,51.96,52.92,50.0,52.61,50.82,,3420,0.0,8267,NO,NO,2020-08-05,8822000.0
2862,KHC,23.79,24.37,14807630.0,Consumer non-durables,Food: major diversified,41.0,18.0,76.0,61.0,0.6831,0.6381,17053544.0,29088080.0,28.09,21.04,28210747392,NO,24.93,25.39,23.99,25.13,23.97,,2821,0.0,14839875,YES,NO,2019-02-22,135204800.0
2863,QALT,26.28,25.95,151726.0,ETF,ETF,41.0,64.0,44.0,39.0,0.1434,0.1051,16112.0,8370.0,27.04,24.89,0,NO,26.31,26.41,25.93,26.43,26.02,,271,0.04,151726,NO,YES,2026-09-23,151726.0
2864,PSR,98.04,99.66,1794.0,ETF,ETF,41.0,21.0,21.0,44.0,0.7571,0.3368,1461.0,1130.0,108.78,89.41,0,NO,101.65,104.02,98.94,103.37,101.34,,4484,0.0,1794,NO,NO,2016-02-18,428500.0
2865,OXLCM,25.11,25.03,2008.0,Finance,Financial conglomerates,41.0,69.0,54.0,,0.1286,0.115,10998.0,5980.0,25.48,24.4,0,NO,25.07,25.05,,25.03,,,130,0.24,2008,NO,NO,2026-03-13,1312800.0
2866,UMH,15.4,15.77,535550.0,Finance,Real estate investment trusts,41.0,19.0,56.0,48.0,0.27,0.2607,671500.0,742500.0,16.77,13.93,1311559296,NO,15.94,15.86,15.54,15.85,15.41,,10477,0.0,535584,NO,NO,2024-09-20,3986000.0
2867,AT,20.37,20.5317,5499.0,ETF,ETF,41.0,,,,,,9730.0,9730.0,21.23,19.98,0,NO,,,,,,,6,0.0,5499,NO,NO,2026-09-21,17740.0
2868,DINT,28.51,28.8,5940.0,ETF,ETF,41.0,22.0,48.0,47.0,0.3226,0.2709,13122.0,15980.0,30.75,25.77,0,NO,29.51,29.66,28.88,29.66,28.76,,2150,0.0,5940,NO,NO,2022-01-07,3169300.0
2869,APOC,26.58,26.58,10164.0,ETF,ETF,41.0,75.0,55.0,36.0,0.0964,0.095,8723.0,8910.0,26.89,25.53,0,NO,26.55,26.46,26.25,26.49,26.25,,495,0.0,10164,NO,NO,2026-02-17,1600600.0
2870,FLMX,35.63,35.834,2966.0,ETF,ETF,41.0,30.0,25.0,37.0,0.4733,0.3925,8957.0,11980.0,40.03,31.32,0,NO,36.71,36.87,36.99,36.79,37.07,,2230,0.0,2966,NO,NO,2025-06-20,594700.0
2871,LOGI,104.65,105.12,726810.0,Technology,Computer Hardware,41.0,92.0,49.0,68.0,3.0164,2.6564,982020.0,729580.0,129.66,83.32,14984659968,NO,100.43,101.87,100.13,102.23,101.29,,7418,0.0,727617,NO,NO,2003-07-09,20095600.0
2872,SPYD,46.44,47.01,1940644.0,ETF,ETF,41.0,15.0,33.0,40.0,0.5148,0.4387,928368.0,849610.0,50.9,41.87,0,NO,48.89,49.44,47.01,49.21,47.76,,2744,0.0,1940644,NO,NO,2022-05-09,33884000.0
2873,DICE,25.65,26.01,981.0,ETF,ETF,41.0,,,,,,2710.0,2710.0,26.16,23.72,0,NO,,,,,,,10,0.0,981,NO,NO,2026-09-14,7100.0
2874,JELM,25.63,25.6,9293.0,ETF,ETF,41.0,73.0,57.0,,0.35,0.3393,50339.0,13270.0,29.25,24.92,0,NO,25.62,25.53,,25.57,,,106,0.0,9293,NO,NO,2026-06-30,552400.0
2875,JELH,25.7,25.66,456.0,ETF,ETF,41.0,66.0,59.0,,0.2586,0.2407,9242.0,10560.0,28.2,24.89,0,NO,25.69,25.57,,25.62,,,105,0.0,7200,NO,NO,2026-06-26,80400.0
2876,EZRO,25.3,25.483,8856.0,ETF,ETF,41.0,85.0,56.0,27.0,0.2801,0.1512,8622.0,12400.0,27.56,22.29,0,NO,24.75,24.49,25.36,24.64,25.28,,234,0.0,8856,NO,NO,2026-03-06,460500.0
2877,WX,25.09,24.28,103.0,ETF,ETF,41.0,70.0,64.0,,0.3607,0.0557,323.0,1090.0,25.58,20.48,0,NO,24.7,24.46,,24.68,,,76,1.11,9000,NO,NO,2026-06-03,10000.0
2878,EDIV,40.68,41.19,137651.0,ETF,ETF,41.0,38.0,48.0,38.0,0.3268,0.2294,100590.0,95270.0,43.49,37.81,0,NO,41.76,41.78,40.99,41.68,41.1,,3917,0.0,137651,NO,NO,2019-01-22,2568700.0
2879,PRI,274.71,285.51,246823.0,Finance,Life/Health insurance,41.0,17.0,29.0,55.0,5.6438,4.6623,188074.0,221500.0,327.28,230.09,8454845440,NO,291.34,304.0,275.99,300.92,282.55,,4144,0.0,246823,NO,NO,2010-04-01,18080100.0
2880,OXLCZ,24.9,24.92,5176.0,Finance,Financial conglomerates,41.0,69.0,55.0,34.0,0.0959,0.0676,4261.0,2530.0,25.15,24.13,0,NO,25.01,24.93,24.68,24.96,24.78,,1175,0.0,5176,NO,NO,2022-04-28,137900.0
2881,SFYI,25.13,25.19,1524.0,ETF,ETF,41.0,67.0,,,0.2667,0.1186,2547.0,1680.0,25.76,23.01,0,NO,24.81,24.6,,24.68,,,55,0.0,1524,NO,NO,2026-07-09,22400.0
2882,JPRE,50.28,51.35,7531.0,ETF,ETF,41.0,23.0,23.0,41.0,0.5431,0.3977,17519.0,10880.0,55.23,46.24,0,NO,51.96,52.93,50.7,52.65,51.77,,1087,0.0,7531,NO,NO,2023-02-07,2231800.0
2883,KEMQ,25.4,25.884,586.0,ETF,ETF,41.0,52.0,52.0,58.0,0.2818,0.0482,9936.0,330.0,28.47,21.79,0,NO,25.53,25.6,25.19,25.61,24.81,,2247,0.0,586,NO,NO,2020-06-19,2355200.0
2884,SCI,77.85,77.56,584690.0,Consumer services,Other consumer services,40.0,20.0,74.0,35.0,1.7236,1.6478,1064031.0,1038150.0,90.99,68.41,10610299904,NO,81.19,82.05,79.89,82.44,79.9,,11724,0.0,592764,NO,NO,1999-01-26,36418700.0
2885,IXP,120.07,122.68,12541.0,ETF,ETF,40.0,86.0,74.0,37.0,1.6271,1.2036,49369.0,150050.0,126.77,110.89,0,NO,118.79,117.33,119.61,117.37,118.46,,6245,0.0,12541,NO,NO,2022-03-07,1936000.0
2886,WTM,2032.01,2056.8501,12908.0,Finance,Multi-line insurance,40.0,37.0,49.0,12.0,40.841,39.9789,20285.0,23360.0,2333.0,1648.0,4849841152,NO,2083.23,2122.11,2128.64,2108.86,2140.45,,10307,0.0,12908,NO,NO,1985-10-23,4668600.0
2887,FGSI,20.53,20.59,3.0,ETF,ETF,40.0,43.0,60.0,42.0,0.1245,0.0291,465.0,350.0,21.52,18.68,0,NO,20.63,20.79,20.29,20.79,20.26,,312,0.0,3,NO,NO,2025-07-09,19700.0
2888,BBRE,101.07,103.225,16455.0,ETF,ETF,40.0,19.0,20.0,44.0,1.1188,0.9209,41374.0,22910.0,113.4,91.82,0,NO,105.06,107.79,102.1,106.92,104.65,,2077,0.0,16455,NO,NO,2019-11-11,4935600.0
2889,HIFS,292.63,308.55,62589.0,Financial Services,Banks - Regional,40.0,57.0,50.0,45.0,10.4043,9.3779,42106.0,34400.0,338.0,248.53,642981248,NO,301.64,298.45,292.64,298.57,290.93,,9512,0.0,62589,NO,NO,2025-10-10,253500.0
2890,CAPL,21.93,22.04,20194.0,Energy,Oil & Gas Refining & Marketing,40.0,14.0,46.0,32.0,0.5537,0.5466,36820.0,24100.0,24.63,19.67,837139520,NO,22.76,22.6,21.88,22.54,22.14,,3495,0.0,20197,NO,NO,2015-06-16,5346200.0
2891,CWT,46.07,47.26,412582.0,Utilities,Utilities - Regulated Water,40.0,18.0,44.0,39.0,0.9071,0.8729,514782.0,420420.0,53.82,41.29,2848927232,NO,49.05,49.87,46.25,49.35,47.09,,13510,0.0,412582,NO,NO,2016-03-07,5972500.0
2892,FCNCA,2039.32,2121.73,74689.0,Financial Services,Banks - Regional,40.0,20.0,28.0,54.0,54.6328,51.6553,70496.0,69170.0,2296.3,1623.76,23030284288,NO,2151.48,2170.09,2058.73,2176.74,2047.47,,10055,0.0,74689,NO,NO,2023-03-27,1721400.0
2893,IVVW,45.47,45.49,17095.0,ETF,ETF,40.0,74.0,67.0,40.0,0.3348,0.24,49442.0,37930.0,47.25,42.5,0,NO,45.34,45.04,44.84,45.21,44.51,,632,0.0,17095,NO,NO,2026-06-26,195900.0
2894,STRK,73.25,76.28,89351.0,Technology services,Internet software/Services,40.0,81.0,91.0,29.0,2.9989,2.7206,112111.0,117580.0,100.25,49.8,0,NO,74.23,68.53,74.08,70.22,70.56,,411,0.0,89351,NO,NO,2025-02-28,1281600.0
2895,AR,35.65,33.96,5583552.0,Energy,Oil & Gas E&P,40.0,23.0,65.0,5.0,1.2296,1.1329,4227012.0,4387670.0,45.75,29.1,10960200704,NO,37.95,36.54,36.4,36.82,37.19,,3256,2.74,5583552,NO,NO,2020-08-18,59919600.0
2896,BFLX,25.79,25.99,211618.0,ETF,ETF,40.0,70.0,55.0,,0.2521,0.185,1035442.0,356580.0,26.67,24.77,0,NO,25.79,25.77,,25.86,,,86,0.0,211618,NO,NO,2026-07-15,32774300.0
2897,USAC,25.83,26.18,247412.0,Energy,Oil & Gas Equipment & Services,40.0,45.0,37.0,11.0,0.6432,0.5961,311919.0,703840.0,30.55,21.85,3743886592,NO,26.94,26.58,26.57,26.61,27.16,,3442,0.0,247412,NO,NO,2023-12-15,11526500.0
2898,EFRA,34.74,34.85,114.0,ETF,ETF,40.0,34.0,48.0,36.0,0.2014,0.1096,914.0,360.0,37.45,32.41,0,NO,35.22,35.68,35.22,35.64,35.24,,973,0.0,114,NO,NO,2023-10-13,42100.0
2899,RWR,106.32,107.77,151386.0,ETF,ETF,40.0,17.0,20.0,44.0,1.2446,1.1796,280306.0,159770.0,119.65,96.66,0,NO,110.76,113.66,107.8,112.73,110.3,,6304,0.0,151386,NO,NO,2009-11-04,6993200.0
2900,NERD,22.45,22.655,636.0,ETF,ETF,40.0,62.0,87.0,48.0,0.2996,0.1039,1447.0,1480.0,28.34,19.01,0,NO,22.47,21.91,21.83,22.17,21.09,,1836,0.0,636,NO,NO,2021-02-23,238500.0
2901,XBOX,101.06,101.03,14116.0,ETF,ETF,40.0,75.0,53.0,,0.1107,0.0843,80825.0,112550.0,101.16,98.51,0,NO,100.87,100.63,,100.71,,,129,0.0,14116,NO,NO,2026-03-23,3200800.0
2902,HCI,176.12,184.19,164136.0,Financial Services,Insurance - Property & Casualty,40.0,38.0,58.0,67.0,4.6264,4.1714,169938.0,183040.0,210.5,144.75,2190733312,NO,186.26,182.99,169.39,183.28,168.87,,4533,0.0,164136,NO,NO,2013-06-04,1536300.0
2903,BPYPM,16.3,16.68,12037.0,Finance,Real estate development,40.0,61.0,48.0,42.0,0.4829,0.4346,25238.0,11690.0,17.9,15.0,0,NO,16.76,16.37,16.23,16.43,16.43,,1295,0.0,12037,NO,NO,2021-07-30,2846900.0
2904,NEHI,33.69,34.45,55771.0,ETF,ETF,40.0,91.0,94.0,33.0,1.2173,0.8713,65771.0,88070.0,56.34,22.86,0,NO,32.15,29.32,34.74,30.15,30.51,,201,0.0,55815,NO,NO,2026-05-18,205600.0
2905,KEO,25.06,25.62,4872.0,ETF,ETF,40.0,57.0,,,0.5266,0.3866,4850.0,5090.0,26.54,24.59,0,NO,25.63,,,,,,34,0.0,4872,NO,NO,2026-08-25,21200.0
2906,ZION,62.65,64.98,1705853.0,Financial Services,Banks - Regional,40.0,14.0,14.0,65.0,1.6371,1.5064,1548260.0,1765250.0,73.34,46.19,9143977984,NO,67.3,69.13,63.16,68.34,64.43,,11724,0.0,1705853,NO,NO,2024-03-15,37419600.0
2907,BKCI,52.27,52.603,2692.0,ETF,ETF,40.0,33.0,44.0,46.0,0.3904,0.2214,5077.0,6020.0,55.31,47.83,0,NO,53.19,53.65,52.54,53.52,52.47,,1200,0.0,2692,NO,NO,2024-10-01,1543400.0
2908,WWW,19.11,19.48,355015.0,Consumer non-durables,Apparel/Footwear,40.0,12.0,86.0,67.0,0.6925,0.6746,813649.0,674120.0,29.0,13.47,1568287744,NO,19.65,19.52,17.89,19.85,17.86,,11724,0.0,355015,NO,NO,2012-05-02,9592200.0
2909,AUB,38.25,38.89,1003407.0,Financial Services,Banks - Regional,40.0,18.0,21.0,56.0,0.8093,0.7779,1177517.0,1452140.0,43.62,30.87,5462669824,NO,39.9,41.34,38.75,40.9,39.06,,8296,0.0,1003407,NO,NO,2023-03-17,15982900.0
2910,LEMB,42.52,42.85,37438.0,ETF,ETF,40.0,54.0,51.0,39.0,0.2,0.14,151195.0,137480.0,43.46,40.35,0,NO,43.02,42.83,42.19,42.88,42.18,,3751,0.0,37438,NO,NO,2016-02-29,5566600.0
2911,PSCC,33.88,34.17,4501.0,ETF,ETF,40.0,10.0,28.0,50.0,0.4429,0.3443,12853.0,11590.0,38.22,30.6,0,NO,35.73,36.55,33.99,36.21,34.47,,4141,0.0,4501,NO,NO,2016-09-27,1262700.0
2912,PAPI,26.88,26.95,114530.0,ETF,ETF,40.0,30.0,53.0,28.0,0.2535,0.2246,81168.0,73910.0,28.54,25.0,0,NO,27.63,27.72,27.14,27.68,27.18,,733,0.0,114530,NO,NO,2024-04-22,310000.0
2913,BKGI,43.0,43.51,254277.0,ETF,ETF,40.0,38.0,22.0,24.0,0.4411,0.3817,477430.0,1026010.0,46.84,38.29,0,NO,44.07,44.67,44.06,44.43,44.83,,972,0.0,254277,NO,NO,2026-09-17,6923100.0
2914,UTL,50.85,51.85,109410.0,Utilities,Utilities - Diversified,40.0,32.0,37.0,25.0,1.2636,1.1971,134920.0,155620.0,57.26,45.7,927334848,NO,53.06,53.74,51.89,53.36,52.71,,10466,0.0,109410,NO,NO,2021-04-30,3033400.0
2915,AOM,49.2,49.64,235898.0,ETF,ETF,40.0,59.0,42.0,40.0,0.3014,0.2229,176223.0,392840.0,50.16,46.6,0,NO,49.51,49.49,48.85,49.5,49.02,,4493,0.0,249503,NO,NO,2026-09-15,2526200.0
2916,JCAP,19.08,20.25,197042.0,Financial Services,Credit Services,40.0,5.0,81.0,23.0,0.7063,0.6563,350722.0,262000.0,24.44,15.5,1095679232,NO,21.02,20.9,20.3,21.09,19.68,,312,0.0,197042,NO,NO,2025-06-26,3417000.0
2917,RNST,39.7,40.52,807079.0,Finance,Regional banks,40.0,32.0,16.0,60.0,0.745,0.6643,672882.0,815010.0,44.54,33.04,3628757248,NO,40.74,42.2,39.72,41.84,40.54,,8663,0.0,807079,NO,NO,2020-10-06,10914400.0
2918,SEUS,25.75,26.07,20978.0,ETF,ETF,40.0,58.0,,,0.2571,0.1504,740878.0,31400.0,27.19,24.73,0,NO,26.03,25.83,,25.96,,,50,0.0,20978,NO,NO,2026-07-14,34477300.0
2919,TT,437.09,433.32,1024372.0,Producer manufacturing,Industrial machinery,40.0,37.0,15.0,37.0,10.1164,8.865,1153311.0,1121070.0,505.87,348.06,96169934848,NO,440.22,458.16,445.6,455.75,456.82,,11724,0.51,1024372,NO,NO,2009-06-30,125796279.0
2920,CSRE,27.36,27.79,264697.0,ETF,ETF,40.0,24.0,21.0,40.0,0.3269,0.2877,146768.0,140110.0,30.07,25.09,0,NO,28.23,28.8,27.75,28.63,28.32,,409,0.0,264697,NO,NO,2026-08-11,667200.0
2921,ENZL,45.39,45.85,10504.0,ETF,ETF,40.0,19.0,63.0,37.0,0.5729,0.3686,90331.0,27350.0,49.04,41.69,0,NO,46.81,47.03,45.72,46.92,45.44,,4037,0.0,10504,NO,NO,2018-09-10,894800.0
2922,NISM,25.06,25.05,6.0,ETF,ETF,40.0,73.0,70.0,,0.1864,0.0,349.0,100.0,25.67,23.94,0,NO,25.24,25.06,,25.22,,,90,0.0,100,NO,NO,2026-07-01,11600.0
2923,HFND,24.17,24.33,4516.0,ETF,ETF,40.0,59.0,41.0,40.0,0.1678,0.1436,9095.0,10810.0,24.81,22.33,0,NO,24.32,24.38,23.94,24.39,24.12,,990,0.0,4516,NO,NO,2022-11-15,1280800.0
2924,RSPA,52.29,52.51,241466.0,ETF,ETF,40.0,30.0,42.0,41.0,0.5174,0.4597,249509.0,245050.0,55.16,49.03,0,NO,53.54,53.9,52.48,53.86,52.67,,548,0.0,241467,NO,NO,2025-07-16,1008600.0
2925,RJET,18.72,18.07,80975.0,Transportation,Airlines,40.0,70.0,77.0,61.0,0.6496,0.6432,127053.0,106050.0,26.7,15.37,876460992,NO,17.81,18.72,19.08,18.88,19.01,,2039,0.0,80975,NO,NO,2024-01-19,4168380.0
2926,PALC,54.9,55.661,7349.0,ETF,ETF,40.0,26.0,23.0,42.0,0.6032,0.3659,6469.0,6690.0,59.77,49.56,0,NO,56.96,56.92,55.26,56.74,55.67,,1568,0.0,7349,NO,NO,2022-02-01,920700.0
2927,PYT,23.77,23.77,1.0,Finance,Finance/Rental/Leasing,40.0,82.0,67.0,33.0,0.1736,0.1164,820.0,60.0,24.93,22.75,0,NO,23.66,23.62,23.51,23.67,23.52,,5574,0.0,600,NO,NO,2014-05-29,164100.0
2928,DDX,25.03,25.196,14191.0,ETF,ETF,40.0,58.0,42.0,37.0,0.1062,0.0639,6123.0,3870.0,25.52,23.93,0,NO,25.27,25.24,24.88,25.25,25.0,,1257,0.0,14191,NO,NO,2022-11-07,83500.0
2929,DCI,86.74,86.07,574042.0,Industrials,Specialty Industrial Machinery,40.0,18.0,61.0,34.0,1.6793,1.5479,703950.0,810750.0,112.84,79.42,0,NO,89.49,92.05,91.4,92.02,88.23,,11724,0.0,592864,NO,NO,1987-09-01,15321600.0
2930,EUAD,42.95,43.31,81518.0,ETF,ETF,40.0,18.0,63.0,39.0,0.6799,0.5581,152750.0,122180.0,48.44,37.62,0,NO,43.67,44.46,43.38,44.64,42.65,,480,0.0,81518,NO,NO,2026-01-20,2799100.0
2931,ESPO,97.78,98.44,17526.0,ETF,ETF,40.0,67.0,85.0,50.0,1.3964,0.8436,15765.0,14980.0,122.99,84.93,0,NO,97.3,95.95,95.16,96.79,92.36,,1992,0.0,17526,NO,NO,2020-08-07,795400.0
2932,CBOX,101.78,101.65,171416.0,ETF,ETF,40.0,74.0,53.0,,0.0921,0.0818,90641.0,69800.0,103.54,100.01,0,NO,101.59,101.36,,101.46,,,109,0.04,171416,NO,NO,2026-04-17,7945400.0
2933,XFLT,19.42,19.57,93804.0,Financial Services,Asset Management,40.0,68.0,85.0,82.0,0.2631,0.2419,81007.0,80000.0,27.0,14.93,295783776,NO,19.27,18.84,19.24,19.1,18.13,,2250,0.0,93804,NO,NO,2024-12-03,726100.0
2934,SAWS,23.02,22.951,1032.0,ETF,ETF,39.0,39.0,14.0,49.0,0.1819,0.0951,6080.0,6050.0,26.05,19.77,0,NO,23.27,24.0,23.07,23.84,23.47,,538,0.13,1032,NO,NO,2026-01-14,152600.0
2935,SIOO,19.86,19.915,6363.0,ETF,ETF,39.0,72.0,55.0,43.0,0.1363,0.0939,10076.0,8300.0,20.34,17.94,0,NO,19.71,19.74,,19.8,19.58,,195,0.0,6363,NO,NO,2026-05-14,91600.0
2936,CDIG,25.48,25.945,3380.0,ETF,ETF,39.0,28.0,48.0,40.0,0.3185,0.1931,7911.0,4630.0,27.21,22.78,0,NO,26.49,26.11,25.82,26.16,25.77,,255,0.0,3380,NO,NO,2025-10-08,377800.0
2937,RISR,36.67,36.61,117663.0,ETF,ETF,39.0,67.0,56.0,34.0,0.1635,0.1571,93501.0,134520.0,36.97,35.25,0,NO,36.67,36.65,36.28,36.68,36.43,,1248,0.0,117664,NO,NO,2022-05-09,579600.0
2938,GS,936.36,959.39,2089762.0,Financial Services,Capital Markets,39.0,10.0,7.0,62.0,27.9625,25.7646,2017306.0,2401190.0,1153.99,740.01,272641245184,NO,1004.51,1032.3,958.08,1017.81,973.73,,6889,0.0,2089762,NO,NO,2008-09-18,114590700.0
2939,ZINC,25.71,26.02,3704.0,ETF,ETF,39.0,40.0,50.0,,0.1804,0.1286,8630.0,3350.0,27.11,25.13,0,NO,26.47,26.49,,26.43,,,78,0.0,3704,NO,NO,2026-07-14,165000.0
2940,ELAN,22.57,22.43,5069669.0,Healthcare,Drug Manufacturers - Specialty & Generic,39.0,23.0,32.0,11.0,0.7504,0.735,5950976.0,5618900.0,27.98,18.48,11272577024,NO,23.65,24.25,23.77,23.78,23.59,,2011,0.0,5242854,NO,NO,2025-08-29,71268800.0
2941,AWK,133.06,133.97,2119596.0,Utilities,Water utilities,39.0,56.0,74.0,23.0,2.5068,2.4218,2193785.0,1922990.0,145.64,120.57,26442878976,NO,138.05,136.23,131.94,136.14,132.9,,4633,0.0,2119596,NO,NO,2016-03-03,33567100.0
2942,YLDW,25.43,25.77,6369.0,ETF,ETF,39.0,59.0,42.0,39.0,0.1847,0.1064,7598.0,3860.0,26.2,24.02,0,NO,25.67,25.64,,25.66,25.42,,194,0.0,6369,NO,NO,2025-12-12,171600.0
2943,IQGR,25.3,25.55,446443.0,ETF,ETF,39.0,,,,,,24440.0,24440.0,26.13,24.97,0,NO,,,,,,,5,0.0,446443,NO,YES,2026-09-23,446443.0
2944,DAX,44.69,45.48,17466.0,ETF,ETF,39.0,26.0,45.0,46.0,0.5604,0.3661,33903.0,23610.0,47.92,40.35,0,NO,46.25,46.01,45.31,46.19,44.84,,2995,0.0,17466,NO,NO,2025-03-06,783300.0
2945,PEX,22.81,23.34,359.0,ETF,ETF,39.0,41.0,83.0,50.0,0.1764,0.0429,2253.0,750.0,26.85,20.49,0,NO,23.84,23.48,23.18,23.65,22.58,,3411,0.56,600,NO,NO,2022-03-09,269600.0
2946,YLDE,55.31,55.799,6071.0,ETF,ETF,39.0,34.0,46.0,37.0,0.4259,0.3521,13150.0,12520.0,58.77,49.4,0,NO,56.62,57.03,55.79,56.9,55.87,,2343,0.0,6071,NO,NO,2025-03-11,1004300.0
2947,BIP,35.22,35.83,896809.0,Utilities,Utilities - Diversified,39.0,11.0,24.0,27.0,0.8614,0.8229,883290.0,863290.0,44.04,30.98,27888076800,NO,36.82,38.58,37.22,38.38,37.7,,4704,0.0,896839,NO,NO,2017-09-12,11552184.0
2948,AVGO,354.99,364.54,22438949.0,Technology,Semiconductors,39.0,60.0,16.0,58.0,11.4571,8.7964,23210422.0,26710570.0,495.0,289.96,1694590828544,NO,359.23,377.94,368.79,376.17,378.46,,4309,0.0,22438949,YES,NO,2014-05-07,560280000.0
2949,FLSW,41.63,42.108,6068.0,ETF,ETF,39.0,21.0,25.0,41.0,0.5028,0.3353,7676.0,8890.0,45.33,37.31,0,NO,42.75,43.38,42.62,43.23,42.68,,2166,0.0,6068,NO,NO,2020-01-31,928000.0
2950,XLP,82.43,81.92,10700163.0,ETF,ETF,39.0,34.0,38.0,34.0,0.9039,0.7004,10440144.0,10510220.0,90.14,75.16,0,NO,84.23,84.83,83.61,84.5,84.03,,6979,0.0,10700163,YES,NO,2015-08-24,68723800.0
2951,IRTR,31.53,31.819,36876.0,ETF,ETF,39.0,58.0,40.0,38.0,0.1909,0.1326,13536.0,18960.0,32.28,30.14,0,NO,31.82,31.86,31.49,31.84,31.61,,733,0.0,36876,NO,NO,2026-01-09,132700.0
2952,PSCI,163.69,163.98,4104.0,ETF,ETF,39.0,15.0,15.0,46.0,2.058,1.7208,17880.0,84390.0,187.05,138.89,0,NO,168.48,175.46,168.36,174.1,170.51,,4141,0.0,4104,NO,NO,2026-09-15,790800.0
2953,NIE,25.41,25.5,60069.0,Financial Services,Asset Management,39.0,44.0,30.0,50.0,0.5005,0.4377,59001.0,72950.0,27.24,22.78,704084800,NO,25.69,26.05,25.64,25.99,25.74,,4926,0.0,60069,NO,NO,2023-01-10,551700.0
2954,BABC,26.02,24.72,17.0,ETF,ETF,39.0,1.0,,,0.6507,0.1129,386.0,120.0,34.68,22.2,0,NO,24.82,27.57,,27.17,,,51,1.29,300,NO,NO,2026-07-10,9600.0
2955,KCOP,23.65,23.69,38808.0,ETF,ETF,39.0,21.0,70.0,53.0,0.724,0.4673,16712.0,20860.0,26.93,20.43,0,NO,24.26,23.73,,23.93,23.42,,152,0.0,38808,NO,NO,2026-03-17,244400.0
2956,FEMS,45.07,45.86,29227.0,ETF,ETF,39.0,41.0,36.0,33.0,0.8293,0.6743,44801.0,31640.0,49.49,40.94,0,NO,46.33,45.54,45.63,45.57,45.97,,3669,0.0,29227,NO,NO,2023-10-31,764500.0
2957,YALL,43.25,43.596,9075.0,ETF,ETF,39.0,42.0,64.0,36.0,0.4186,0.2499,8646.0,10190.0,45.59,39.84,0,NO,43.9,43.38,43.47,43.56,43.15,,990,0.0,9075,NO,NO,2022-10-11,502200.0
2958,TRUM,24.97,24.67,8.0,ETF,ETF,39.0,27.0,,,0.2349,0.0671,338.0,560.0,26.52,24.46,0,NO,25.53,25.42,,25.46,,,54,0.0,8,NO,NO,2026-09-01,1000.0
2959,CSB,62.39,63.145,3129.0,ETF,ETF,39.0,17.0,29.0,37.0,0.5835,0.4849,9987.0,4950.0,68.26,56.14,0,NO,65.28,66.46,63.58,66.03,64.49,,2804,0.0,3129,NO,NO,2019-07-18,350300.0
2960,AMEM,25.06,25.17,225.0,ETF,ETF,39.0,61.0,,,0.3322,0.1443,4158.0,3460.0,53.0,22.94,0,NO,24.9,25.16,,24.76,,,63,0.0,225,NO,NO,2026-06-24,41300.0
2961,FIZY,26.2,26.2,45713.0,ETF,ETF,39.0,80.0,,,0.3143,0.2707,20457.0,11780.0,26.67,25.15,0,NO,25.7,,,,,,35,0.0,45713,NO,YES,2026-09-23,45713.0
2962,PSCU,60.83,62.87,735.0,ETF,ETF,39.0,22.0,24.0,37.0,0.5704,0.2618,1531.0,820.0,66.85,55.93,0,NO,64.0,64.51,62.11,64.08,63.71,,4141,0.0,735,NO,NO,2015-08-20,665600.0
2963,LANDP,19.93,19.822,30285.0,Finance,Real estate investment trusts,39.0,37.0,40.0,35.0,0.3137,0.3123,23385.0,25930.0,21.5,18.42,0,NO,20.33,20.78,20.12,20.68,20.43,,825,0.0,30285,NO,NO,2023-06-13,187300.0
2964,AOMN,25.36,25.32,4956.0,Finance,Real estate investment trusts,39.0,78.0,52.0,37.0,0.1666,0.1629,4668.0,3230.0,25.85,24.24,0,NO,25.29,25.16,25.2,25.17,25.12,,537,0.0,4959,NO,NO,2026-04-28,260000.0
2965,PCRX,24.63,24.11,447889.0,Health technology,Pharmaceuticals: major,39.0,70.0,72.0,51.0,0.7982,0.7682,577144.0,567550.0,27.66,18.8,981798272,NO,25.44,25.31,23.89,25.18,24.14,,3931,0.0,447889,NO,NO,2019-09-27,9517400.0
2966,USAU,15.65,15.59,166451.0,Basic Materials,Gold,39.0,32.0,64.0,51.0,0.5799,0.5392,221114.0,165360.0,23.75,12.23,258673568,NO,15.67,15.02,16.51,15.15,15.51,,11724,0.0,166451,NO,NO,2025-06-27,1992900.0
2967,SHPU,15.38,14.579,262828.0,ETF,ETF,39.0,6.0,96.0,42.0,1.3736,1.2563,139431.0,223110.0,46.43,7.96,0,NO,15.13,15.09,16.72,15.3,13.56,,284,0.0,263259,NO,NO,2026-05-05,1723100.0
2968,JKHY,148.33,151.56,859974.0,Technology,Information Technology Services,39.0,8.0,89.0,9.0,5.2314,4.63,1123184.0,1311550.0,193.39,121.04,10399803392,NO,162.59,157.93,159.17,157.97,151.02,,10287,0.0,859974,NO,NO,2018-11-12,19373600.0
2969,SAX,24.93,25.13,200330.0,n/a,n/a,39.0,,,,0.0999,0.0771,38077.0,15290.0,25.18,24.4,0,YES,,,,,,,18,0.0,200330,NO,NO,2026-08-27,208100.0
2970,KBWP,124.22,127.26,8175.0,ETF,ETF,39.0,17.0,51.0,39.0,1.8797,1.5111,19430.0,17910.0,140.37,114.62,0,NO,131.5,133.08,125.33,132.43,125.66,,3960,0.0,8175,NO,NO,2021-04-12,1330000.0
2971,FDUS,19.08,19.3,203821.0,Financial Services,Asset Management,39.0,41.0,70.0,49.0,0.2729,0.2443,379492.0,336670.0,21.15,16.87,758823104,NO,19.53,19.77,19.04,19.61,18.95,,3836,0.0,203821,NO,NO,2026-07-06,3019700.0
2972,LCTO,24.91,24.78,19.0,ETF,ETF,39.0,64.0,,,0.1964,0.0229,510.0,250.0,25.72,24.08,0,NO,24.98,24.99,,25.06,,,54,0.0,100,NO,NO,2026-08-27,4700.0
2973,SUNB,73.78,72.85,2953174.0,Finance,Finance/Rental/Leasing,39.0,34.0,34.0,54.0,3.0514,2.8286,4692738.0,6388900.0,86.68,61.03,30232453120,NO,71.9,74.89,,75.22,74.44,,142,0.0,2953174,NO,NO,2026-06-18,33730700.0
2974,SCEP,24.82,25.03,21397.0,ETF,ETF,39.0,66.0,50.0,41.0,0.2407,0.1596,28601.0,34820.0,25.93,23.12,0,NO,24.74,24.95,,24.98,24.68,,195,0.0,21397,NO,NO,2026-01-12,7806700.0
2975,LFMDP,23.21,23.09,689.0,Health services,Medical/Nursing services,39.0,73.0,40.0,30.0,0.2299,0.1533,1971.0,1260.0,24.2,18.5,0,NO,23.24,23.32,23.11,23.3,23.39,,1246,0.0,689,NO,NO,2024-02-08,506600.0
2976,PSQA,20.8,20.816,81681.0,ETF,ETF,39.0,76.0,52.0,34.0,0.1099,0.1074,101625.0,76230.0,21.09,19.9,0,NO,20.72,20.65,20.56,20.69,20.59,,508,0.0,81682,NO,NO,2026-07-28,1426700.0
2977,USMF,52.52,52.866,4776.0,ETF,ETF,39.0,57.0,38.0,44.0,0.3955,0.2468,27590.0,25270.0,54.67,48.41,0,NO,52.66,53.09,52.01,53.09,52.21,,2320,0.0,4776,NO,NO,2018-10-01,2216800.0
2978,WTRE,23.3,23.71,851.0,ETF,ETF,39.0,41.0,14.0,45.0,0.2998,0.1044,2814.0,800.0,28.95,20.57,0,NO,23.61,23.93,23.75,23.93,24.18,,4856,0.0,851,NO,NO,2012-03-14,548000.0
2979,SCAP,37.1,37.015,71.0,ETF,ETF,39.0,29.0,23.0,49.0,0.3751,0.2003,2300.0,2860.0,40.24,33.53,0,NO,38.07,38.41,37.63,38.35,37.67,,695,0.0,300,NO,NO,2024-06-18,44700.0
2980,CGFS,25.5,25.2,109.0,ETF,ETF,39.0,,,,,,250.0,250.0,25.51,25.13,0,NO,,,,,,,3,0.0,100,NO,NO,2026-09-17,400.0
2981,WTPI,33.23,33.339,82759.0,ETF,ETF,39.0,69.0,54.0,36.0,0.2666,0.2426,99982.0,115180.0,33.92,31.04,0,NO,33.02,33.06,33.06,33.13,32.89,,2659,0.0,82759,NO,NO,2018-02-06,3402400.0
2982,RUNN,33.09,33.28,20918.0,ETF,ETF,38.0,22.0,69.0,36.0,0.4123,0.3533,75580.0,44170.0,35.73,31.45,0,NO,34.07,34.24,33.55,34.27,33.24,,825,0.0,20918,NO,NO,2026-07-20,1676600.0
2983,CBOJ,24.5,24.29,107.0,ETF,ETF,38.0,79.0,70.0,34.0,0.0785,0.034,3531.0,2820.0,26.55,23.52,0,NO,24.18,23.91,23.92,24.0,23.88,,418,0.66,3500,NO,NO,2025-01-22,1024100.0
2984,XUSM,24.75,25.03,17046.0,ETF,ETF,38.0,,,,,,32933.0,32933.0,26.59,24.43,0,NO,,,,,,,6,0.0,17046,NO,NO,2026-09-21,77700.0
2985,TXNM,58.32,58.57,1620383.0,Utilities,Electric utilities,38.0,82.0,56.0,30.0,0.3779,0.37,1345838.0,1884020.0,59.53,55.64,6422534144,NO,57.98,57.76,58.44,57.86,58.22,,13510,0.0,1620383,NO,NO,1988-07-29,34379850.0
2986,ZIG,38.7,38.828,729.0,ETF,ETF,38.0,22.0,45.0,34.0,0.3058,0.1561,1023.0,1520.0,41.55,34.66,0,NO,40.12,40.23,39.18,40.14,39.46,,1849,0.0,729,NO,NO,2021-09-07,194000.0
2987,YUNG,26.7,26.42,50.0,ETF,ETF,38.0,17.0,40.0,,0.2057,0.0614,434.0,230.0,29.78,25.09,0,NO,27.29,28.23,,27.92,,,95,0.0,100,NO,NO,2026-05-06,48600.0
2988,TYRA,23.23,25.65,1102754.0,Health technology,Biotechnology,38.0,8.0,3.0,1.0,2.6897,2.2713,878477.0,1922760.0,40.65,12.4,1597200384,NO,25.06,27.42,30.52,26.49,31.28,,1260,0.0,1102754,NO,NO,2026-03-04,6161200.0
2989,PWRD,106.11,106.47,91960.0,ETF,ETF,38.0,65.0,13.0,43.0,2.1499,1.594,80068.0,62200.0,123.23,90.58,0,NO,105.8,108.6,106.73,108.48,108.82,,1163,0.0,91960,NO,NO,2026-05-20,1339900.0
2990,BCUS,34.22,34.474,4278.0,ETF,ETF,38.0,43.0,17.0,47.0,0.4564,0.2927,18404.0,4920.0,37.56,30.8,0,NO,34.62,35.37,34.33,35.27,34.88,,689,0.0,4278,NO,NO,2025-04-04,1317600.0
2991,CBXL,21.56,21.215,20.0,ETF,ETF,38.0,90.0,82.0,43.0,0.1324,0.0048,322.0,480.0,25.0,19.67,0,NO,20.98,20.4,20.78,20.61,20.35,,235,0.0,100,NO,NO,2025-11-06,13200.0
2992,BYRE,26.15,26.6,2630.0,ETF,ETF,38.0,25.0,22.0,39.0,0.2336,0.1629,3139.0,3020.0,28.57,24.23,0,NO,26.89,27.4,26.44,27.28,26.95,,1089,0.0,2630,NO,NO,2022-05-19,199600.0
2993,IGGY,28.96,28.222,12.0,ETF,ETF,38.0,32.0,43.0,52.0,0.2651,0.0231,298.0,300.0,31.03,24.91,0,NO,29.2,29.11,28.5,29.21,28.2,,253,0.0,100,NO,NO,2025-10-31,6200.0
2994,PYZ,116.83,116.67,1316.0,ETF,ETF,38.0,21.0,16.0,39.0,1.3486,0.5952,2073.0,1620.0,134.1,97.09,0,NO,121.85,122.46,123.27,122.53,123.49,,5016,0.0,1316,NO,NO,2016-04-06,1166700.0
2995,POWWP,24.26,24.3,2483.0,Electronic technology,Aerospace & defense,38.0,86.0,54.0,34.0,0.2658,0.2044,3496.0,3240.0,25.5,22.75,0,NO,24.0,24.18,24.3,24.11,24.34,,1340,0.0,2483,NO,NO,2021-06-10,259400.0
2996,ATLCZ,25.73,25.68,10061.0,Finance,Finance/Rental/Leasing,38.0,80.0,52.0,36.0,0.0884,0.0827,15271.0,12080.0,25.89,24.72,0,NO,25.48,25.44,25.45,25.47,25.41,,663,0.0,10061,NO,NO,2024-08-30,601200.0
2997,SGVA,100.96,100.94,14115.0,ETF,ETF,38.0,74.0,52.0,,0.0536,0.0493,54226.0,44590.0,101.45,100.01,0,NO,100.83,100.64,,100.72,,,71,0.01,14215,NO,NO,2026-07-30,1436000.0
2998,JANH,25.14,25.13,450.0,ETF,ETF,38.0,76.0,49.0,37.0,0.027,0.0199,3163.0,1250.0,25.14,23.83,0,NO,25.08,24.98,24.81,25.02,24.82,,683,0.0,450,NO,NO,2026-01-09,142900.0
2999,FDAT,22.34,22.46,679.0,ETF,ETF,38.0,51.0,57.0,35.0,0.0826,0.0631,868.0,640.0,24.85,21.49,0,NO,22.51,22.51,22.24,22.52,22.18,,859,0.0,679,NO,NO,2023-08-17,55300.0
3000,EOI,19.78,19.89,44883.0,Miscellaneous,Investment trusts,38.0,67.0,66.0,40.0,0.2262,0.2048,68107.0,67370.0,21.34,18.04,811014592,NO,19.85,19.89,19.92,19.89,19.67,,5510,0.0,44883,NO,NO,2018-10-26,932500.0
3001,TRS,39.2,37.86,378041.0,Process industries,Containers/Packaging,38.0,68.0,13.0,58.0,0.8832,0.8311,394274.0,292350.0,45.43,30.43,1406255872,NO,38.87,39.44,38.08,39.32,39.27,,4867,2.22,378041,NO,NO,2007-05-18,7380279.0
3002,CBXJ,22.16,22.398,1750.0,ETF,ETF,38.0,88.0,83.0,44.0,0.2822,0.0797,5163.0,4880.0,28.96,19.72,0,NO,21.48,20.7,21.26,20.93,20.85,,410,0.0,1750,NO,NO,2025-02-04,466600.0
3003,GPTY,43.68,44.05,46111.0,ETF,ETF,38.0,87.0,25.0,70.0,0.788,0.5378,50400.0,57490.0,50.64,34.25,0,NO,42.44,42.09,42.14,42.32,42.4,,418,0.0,46111,NO,NO,2026-04-21,163200.0
3004,QBF,18.91,18.364,140.0,ETF,ETF,38.0,95.0,90.0,46.0,0.3883,0.1252,4268.0,4210.0,29.11,14.58,0,NO,17.97,16.6,18.21,17.07,17.16,,407,3.3,12800,NO,NO,2026-05-26,154400.0
3005,CCEF,29.06,29.345,854.0,ETF,ETF,38.0,43.0,41.0,40.0,0.1715,0.1164,3639.0,3240.0,30.4,27.54,0,NO,29.62,29.66,29.3,29.63,29.27,,674,0.0,854,NO,NO,2025-03-17,63000.0
3006,OXLCO,23.65,23.71,1631.0,Finance,Financial conglomerates,38.0,58.0,44.0,35.0,0.0948,0.0763,2688.0,5280.0,24.98,23.07,0,NO,23.83,23.97,23.75,23.9,23.81,,1284,0.0,1631,NO,NO,2021-08-11,379900.0
3007,BCIL,28.99,29.378,8090.0,ETF,ETF,38.0,39.0,26.0,55.0,0.3999,0.2795,3547.0,2120.0,31.44,25.5,0,NO,29.4,29.43,28.72,29.5,29.01,,628,0.0,8090,NO,NO,2025-10-31,885100.0
3008,EVX,39.32,39.38,3550.0,ETF,ETF,38.0,31.0,39.0,37.0,0.3709,0.3331,7314.0,5480.0,42.44,36.44,0,NO,40.14,40.75,40.1,40.59,40.04,,5014,0.0,3550,NO,NO,2008-09-16,536000.0
3009,DFAR,24.6,24.91,2582339.0,ETF,ETF,38.0,14.0,17.0,41.0,0.3051,0.267,2634338.0,2483540.0,27.59,22.64,0,NO,25.6,26.28,25.13,26.11,25.72,,1149,0.0,2582467,NO,NO,2026-09-08,8750600.0
3010,KBWY,16.8,17.17,415337.0,ETF,ETF,38.0,14.0,16.0,52.0,0.2518,0.2418,181936.0,191030.0,19.35,14.82,0,NO,17.66,18.12,16.95,17.91,17.38,,3974,0.0,415337,NO,NO,2024-03-05,920000.0
3011,KE,27.12,25.64,216305.0,Industrials,Electrical Equipment & Parts,38.0,96.0,77.0,55.0,0.9826,0.9154,209407.0,198260.0,32.0,21.01,649984960,NO,24.63,24.81,26.01,25.11,25.06,,2988,3.32,216305,NO,NO,2025-05-30,826500.0
3012,FCLO,50.57,50.58,65609.0,ETF,ETF,38.0,73.0,51.0,33.0,0.0543,0.05,20806.0,15190.0,50.61,49.72,0,NO,50.41,50.35,,50.37,50.24,,153,0.0,65609,NO,NO,2026-08-20,349500.0
3013,DEPW,25.15,25.48,900.0,ETF,ETF,38.0,90.0,,,0.6206,0.4073,3664.0,1910.0,27.08,22.67,0,NO,24.17,,,,,,28,0.0,900,NO,NO,2026-08-13,40100.0
3014,SCHH,22.42,22.93,9653897.0,ETF,ETF,38.0,19.0,17.0,40.0,0.2911,0.2575,6517604.0,7683640.0,25.03,20.63,0,NO,23.33,23.87,22.83,23.7,23.34,,3945,0.0,9728519,YES,NO,2026-06-24,30842700.0
3015,CBOL,24.09,23.965,12.0,ETF,ETF,38.0,85.0,73.0,39.0,0.0464,0.0064,588.0,180.0,25.01,23.33,0,NO,23.88,23.65,23.66,23.74,23.56,,235,0.0,100,NO,NO,2025-10-14,41700.0
3016,GJT,23.23,23.06,13.0,Finance,Finance/Rental/Leasing,38.0,62.0,52.0,28.0,0.0493,0.0171,844.0,140.0,23.75,22.05,0,NO,23.22,23.37,23.23,23.33,23.28,,4815,0.61,800,NO,NO,2012-07-25,136700.0
3017,RSPN,59.12,59.04,109057.0,ETF,ETF,38.0,20.0,24.0,35.0,0.675,0.5979,198357.0,396440.0,65.49,53.47,0,NO,60.47,62.38,60.87,62.08,61.17,,4998,0.0,110058,NO,NO,2020-08-13,3858500.0
3018,GAIQ,65.5,63.89,90.0,ETF,ETF,38.0,79.0,,,0.5171,0.0057,555.0,120.0,65.5,62.87,0,NO,64.25,,,,,,28,0.0,100,NO,NO,2026-08-12,10500.0
3019,PRAM,25.92,26.09,11097.0,ETF,ETF,38.0,,,,0.9706,0.7756,41855.0,24260.0,30.4,22.7,0,NO,,,,,,,18,0.0,11097,NO,NO,2026-08-31,135300.0
3020,GARA,26.4,26.284,13.0,ETF,ETF,38.0,36.0,42.0,26.0,0.1716,0.0,112.0,100.0,28.45,25.0,0,NO,27.01,27.46,,27.31,27.44,,187,0.0,100,NO,NO,2025-12-22,12200.0
3021,BPYPP,15.36,15.8,35238.0,Real Estate,Real Estate Services,38.0,20.0,39.0,38.0,0.3073,0.2871,14319.0,9950.0,16.73,14.25,0,NO,16.04,16.06,15.68,16.06,15.79,,1892,0.0,35238,NO,NO,2019-03-15,2741900.0
3022,SOR,45.61,46.09,5312.0,Financial Services,Asset Management,38.0,46.0,56.0,32.0,0.8221,0.8171,10623.0,9000.0,50.41,44.2,375414592,NO,46.26,46.21,46.52,46.25,45.91,,11724,0.0,5318,NO,NO,2016-03-16,923100.0
3023,KXI,66.72,66.71,47948.0,ETF,ETF,38.0,39.0,39.0,33.0,0.5757,0.4386,103828.0,158190.0,73.65,63.15,0,NO,67.91,68.55,68.13,68.28,68.21,,5030,0.0,47948,NO,NO,2023-09-28,7349400.0
3024,DDT,26.27,26.12,7448.0,Finance,Finance/Rental/Leasing,38.0,69.0,50.0,35.0,0.1629,0.1487,9090.0,7090.0,26.8,25.11,0,NO,26.16,26.26,26.18,26.23,26.16,,7027,0.11,7448,NO,NO,2018-07-20,1151400.0
3025,USDU,26.76,26.58,425696.0,ETF,ETF,38.0,83.0,48.0,36.0,0.11,0.0807,388782.0,176960.0,27.25,25.14,0,NO,26.37,26.46,26.21,26.45,26.33,,3208,0.53,425771,NO,NO,2022-04-05,9843500.0
3026,SBUX,94.14,94.9,7830131.0,Consumer services,Restaurants,38.0,7.0,17.0,32.0,2.3436,2.2571,7051569.0,7559450.0,110.51,77.99,107319599104,NO,101.67,103.97,98.34,102.99,101.08,,8619,0.0,7857641,NO,NO,1999-07-01,585508800.0
3027,IYLD,21.88,22.08,7019.0,ETF,ETF,38.0,54.0,40.0,33.0,0.1149,0.0952,15395.0,26180.0,22.55,20.9,0,NO,22.14,22.17,22.03,22.16,22.06,,3635,0.0,7019,NO,NO,2020-04-02,1743200.0
3028,FFOX,28.26,28.482,17284.0,ETF,ETF,38.0,19.0,35.0,40.0,0.2572,0.171,15607.0,13940.0,31.3,25.44,0,NO,28.86,29.45,28.6,29.39,28.6,,323,0.0,17284,NO,NO,2025-06-13,1990800.0
3029,PCAR,112.09,114.73,3644591.0,Producer manufacturing,Trucks/Construction/Farm machinery,38.0,4.0,25.0,23.0,2.7757,2.7093,3295406.0,4012840.0,139.24,92.25,59000246272,NO,122.09,127.15,120.75,126.08,120.83,,11724,0.0,3644591,NO,NO,1999-12-17,86796563.0
3030,NJR,52.22,52.92,603061.0,Utilities,Utilities - Regulated Gas,38.0,47.0,16.0,19.0,0.945,0.92,664041.0,769440.0,60.86,43.46,5298656256,NO,53.48,55.56,53.68,54.78,55.61,,11724,0.0,603068,NO,NO,2016-03-07,11485200.0
3031,LTM,52.46,53.31,585281.0,Transportation,Airlines,38.0,82.0,19.0,44.0,1.44,1.1932,756000.0,724330.0,70.42,41.41,0,NO,51.47,52.36,53.56,52.13,51.71,,542,0.0,585688,NO,NO,2025-09-25,9220700.0
3032,XMLV,64.34,64.9,11852.0,ETF,ETF,38.0,29.0,38.0,37.0,0.5293,0.4807,18712.0,9600.0,70.21,60.96,0,NO,66.79,67.77,65.51,67.41,66.0,,3420,0.0,11852,NO,NO,2019-06-12,2575800.0
3033,RMD,222.3,223.61,1343559.0,Health technology,Medical specialties,37.0,35.0,88.0,21.0,5.6925,5.1554,1469520.0,1378190.0,284.87,180.27,32067287040,NO,228.35,219.28,226.92,220.84,214.8,,7878,0.0,1358991,NO,NO,2017-07-25,30299300.0
3034,JETS,28.25,29.01,7554856.0,ETF,ETF,37.0,32.0,13.0,64.0,0.6529,0.5486,3060611.0,5032630.0,34.06,23.53,0,NO,28.51,30.08,28.52,29.77,28.43,,2866,0.0,7554856,NO,NO,2021-12-06,33592800.0
3035,ELVR,43.9,45.51,28277.0,Basic Materials,Other Industrial Metals & Mining,37.0,0.0,0.0,12.0,2.248,1.8832,53482.0,70850.0,102.8,21.0,847361536,NO,53.9,56.92,62.93,55.55,66.96,,266,0.0,28302,NO,NO,2026-06-18,1553900.0
3036,EDOG,24.15,24.46,1373.0,ETF,ETF,37.0,28.0,55.0,21.0,0.1972,0.1029,2690.0,4700.0,27.16,22.62,0,NO,25.06,24.77,24.97,24.76,24.75,,3140,0.0,1373,NO,NO,2017-03-30,329300.0
3037,CBOA,25.11,24.98,82.0,ETF,ETF,37.0,87.0,77.0,40.0,0.056,0.0029,944.0,380.0,26.83,23.91,0,NO,24.85,24.5,24.73,24.62,24.43,,366,0.0,100,NO,NO,2025-04-07,93000.0
3038,FPRO,23.63,24.041,10575.0,ETF,ETF,37.0,18.0,19.0,38.0,0.251,0.1521,4179.0,3150.0,26.3,21.95,0,NO,24.56,25.09,24.15,24.92,24.61,,1414,0.0,10575,NO,NO,2021-06-10,98900.0
3039,EVI,19.73,18.41,58478.0,Industrials,Industrial Distribution,37.0,97.0,93.0,12.0,1.1504,1.1154,91014.0,65120.0,34.75,12.75,254093424,NO,15.56,15.28,19.2,15.53,17.45,,9189,5.87,58478,NO,NO,2010-03-10,943600.0
3040,GOODO,20.19,20.29,3610.0,Finance,Real estate investment trusts,37.0,37.0,60.0,35.0,0.3236,0.2825,5865.0,7320.0,22.2,19.42,0,NO,20.56,20.6,20.31,20.61,20.23,,1319,0.0,3610,NO,NO,2021-06-22,893600.0
3041,RIFR,27.11,27.466,3380.0,ETF,ETF,37.0,25.0,23.0,26.0,0.2422,0.1846,4633.0,4370.0,29.34,25.49,0,NO,28.18,28.58,27.96,28.41,28.43,,341,0.0,3380,NO,NO,2025-06-10,394100.0
3042,FPXE,32.91,33.49,401.0,ETF,ETF,37.0,42.0,17.0,50.0,0.3995,0.0784,522.0,280.0,36.67,29.26,0,NO,33.03,33.31,33.14,33.37,33.52,,1991,0.0,401,NO,NO,2021-02-09,105500.0
3043,JANJ,25.02,25.02,653.0,ETF,ETF,37.0,75.0,49.0,35.0,0.0275,0.0261,1644.0,2510.0,25.04,24.13,0,NO,24.98,24.9,24.78,24.93,24.79,,683,0.0,653,NO,NO,2024-01-03,217700.0
3044,ARCC,19.15,19.44,5480283.0,Financial Services,Asset Management,37.0,36.0,79.0,42.0,0.2893,0.2486,4488555.0,4746830.0,21.14,17.4,13750136832,NO,19.73,19.51,19.25,19.56,18.91,,5526,0.0,5480383,NO,NO,2014-06-27,28820900.0
3045,HAWG,30.43,30.57,18642.0,ETF,ETF,37.0,82.0,,,0.1979,0.1271,127540.0,15310.0,30.66,29.8,0,NO,30.09,,,,,,27,0.0,18642,NO,NO,2026-08-14,3041000.0
3046,PWS,32.42,32.626,545.0,ETF,ETF,37.0,38.0,50.0,35.0,0.2682,0.0841,2088.0,4610.0,33.83,31.18,0,NO,32.93,32.86,32.56,32.85,32.32,,2205,0.0,545,NO,NO,2019-01-02,1062300.0
3047,KPO,25.02,24.9,53428.0,ETF,ETF,37.0,,,,0.1441,0.0606,28717.0,8590.0,25.15,24.42,0,NO,,,,,,,17,0.0,53428,NO,NO,2026-08-31,342900.0
3048,PFRL,49.91,49.94,85034.0,ETF,ETF,37.0,74.0,51.0,35.0,0.1401,0.1223,16141.0,19360.0,50.2,48.6,0,NO,49.82,49.71,49.49,49.76,49.45,,1082,0.0,85034,NO,NO,2025-04-04,752400.0
3049,NFRA,63.68,64.41,73593.0,ETF,ETF,37.0,37.0,40.0,33.0,0.655,0.4286,75961.0,41600.0,67.36,59.6,0,NO,65.39,65.53,64.44,65.4,65.12,,3257,0.0,73593,NO,NO,2019-06-20,2968300.0
3050,BUSEP,25.8,25.87,7470.0,Financial Services,Banks - Regional,37.0,72.0,49.0,33.0,0.2247,0.213,11296.0,5110.0,26.65,25.2,0,NO,25.95,25.97,25.87,25.99,25.82,,341,0.0,7470,NO,NO,2025-05-14,1400500.0
3051,KMT,29.94,29.47,851225.0,Producer manufacturing,Industrial machinery,37.0,71.0,7.0,5.0,0.8807,0.8471,1347996.0,1336930.0,43.81,20.35,2287117568,NO,29.68,31.7,34.41,31.32,34.35,,13510,0.0,851325,NO,NO,2023-03-17,16730700.0
3052,NEWTG,25.13,25.25,715.0,Finance,Finance/Rental/Leasing,37.0,52.0,48.0,34.0,0.1096,0.0922,3471.0,2860.0,25.82,24.5,0,NO,25.33,25.5,25.33,25.46,25.36,,579,0.0,715,NO,NO,2024-05-31,166600.0
3053,HERO,27.2,27.4,37755.0,ETF,ETF,37.0,65.0,85.0,43.0,0.5531,0.4599,19109.0,7510.0,34.32,23.46,0,NO,27.16,26.65,27.08,26.91,26.06,,1731,0.0,37755,NO,NO,2021-01-14,2123100.0
3054,FOXF,18.66,18.47,383442.0,Consumer Cyclical,Auto Parts,37.0,4.0,77.0,59.0,0.775,0.755,547707.0,481550.0,26.09,13.08,784298432,NO,19.99,19.81,18.17,19.99,18.16,,3300,0.76,383442,NO,NO,2020-09-18,8461800.0
3055,YCLO,25.23,25.21,240.0,ETF,ETF,37.0,62.0,53.0,,0.0129,0.0007,3344.0,20110.0,25.26,25.07,0,NO,25.2,25.21,,25.22,,,75,0.0,200000,NO,NO,2026-09-21,200000.0
3056,FAAA,50.39,50.37,86844.0,ETF,ETF,37.0,72.0,48.0,33.0,0.0656,0.0563,41700.0,56070.0,50.49,49.67,0,NO,50.34,50.32,,50.32,50.21,,153,0.0,86844,NO,NO,2026-04-29,466000.0
3057,CBOO,24.65,24.67,11.0,ETF,ETF,37.0,65.0,56.0,29.0,0.0203,0.0185,1247.0,710.0,25.04,24.29,0,NO,24.64,24.59,24.48,24.61,24.5,,240,0.0,2000,NO,NO,2025-10-07,87100.0
3058,IWP,138.85,139.44,471963.0,ETF,ETF,37.0,39.0,42.0,46.0,1.7689,1.4325,794285.0,642620.0,148.29,122.94,0,NO,138.83,140.22,137.97,140.33,137.72,,6321,0.0,471963,NO,NO,2008-03-13,17928800.0
3059,AMR,180.4,175.49,197972.0,Energy minerals,Coal,37.0,5.0,80.0,9.0,11.3654,10.0304,313176.0,348400.0,253.82,133.64,2287299584,NO,210.04,177.81,189.95,182.38,183.44,,1412,0.0,200483,NO,NO,2022-06-24,3637600.0
3060,ZBH,90.88,94.32,2960661.0,Healthcare,Medical Devices,37.0,10.0,68.0,39.0,3.115,2.8421,2200598.0,2230420.0,106.88,79.12,17334241280,NO,96.96,96.09,91.43,96.22,91.32,,6327,0.0,2960661,NO,NO,2006-06-26,13186472.0
3061,NGVC,29.66,30.9,128603.0,Consumer Defensive,Grocery Stores,37.0,91.0,15.0,73.0,1.1829,1.1029,147512.0,191290.0,41.14,23.47,683539968,NO,28.36,29.46,27.89,29.08,28.88,,3560,0.0,128603,NO,NO,2012-07-25,6309400.0
3062,EICA,24.95,24.965,1336.0,Financial Services,Asset Management,37.0,72.0,47.0,30.0,0.0362,0.0266,2912.0,3820.0,25.92,24.51,0,NO,24.95,24.96,24.88,24.95,24.94,,1236,0.0,1336,NO,NO,2021-10-19,447900.0
3063,PCLG,22.67,22.955,667.0,ETF,ETF,37.0,55.0,76.0,47.0,0.2089,0.0471,23401.0,2040.0,25.89,19.73,0,NO,22.82,22.64,22.6,22.77,22.15,,246,0.0,667,NO,NO,2026-02-06,630600.0
3064,UAL,110.72,114.39,3755643.0,Transportation,Airlines,37.0,50.0,13.0,74.0,3.7943,3.222,4043690.0,4180090.0,138.77,84.64,35936362496,NO,109.58,116.73,108.88,115.89,108.32,,5189,0.0,3769630,NO,NO,2020-06-04,142812800.0
3065,YETI,41.86,42.79,2104682.0,Producer manufacturing,Miscellaneous manufacturing,37.0,32.0,9.0,59.0,1.4564,1.3686,1543304.0,2095320.0,53.99,31.66,3055311104,NO,41.13,45.83,44.47,44.66,43.8,,1986,0.0,2104682,NO,NO,2021-01-20,18608800.0
3066,PFI,58.63,59.99,895.0,ETF,ETF,37.0,23.0,23.0,55.0,0.7164,0.411,11936.0,2590.0,64.46,51.57,0,NO,61.41,62.23,58.86,61.86,59.14,,5016,0.0,895,NO,NO,2016-12-07,2142400.0
3067,RTH,253.95,255.37,2239.0,ETF,ETF,37.0,38.0,44.0,36.0,2.4371,1.7014,4834.0,2600.0,275.19,242.88,0,NO,258.93,262.61,260.1,262.06,260.3,,6374,0.0,2239,NO,NO,2008-01-23,67092000.0
3068,NMFCZ,25.39,25.31,4485.0,Miscellaneous,Investment trusts,37.0,78.0,50.0,32.0,0.1011,0.0869,12415.0,12370.0,25.68,25.0,0,NO,25.27,25.3,25.33,25.26,25.32,,707,0.0,4485,NO,NO,2023-11-30,609600.0
3069,APRH,25.28,25.26,2248.0,ETF,ETF,37.0,75.0,44.0,34.0,0.0835,0.0803,4873.0,4300.0,25.57,24.48,0,NO,25.25,25.17,25.05,25.2,25.14,,871,0.0,2248,NO,NO,2023-05-02,245300.0
3070,DALI,28.84,29.235,8760.0,ETF,ETF,37.0,52.0,30.0,42.0,0.2996,0.1123,5176.0,1550.0,31.46,26.65,0,NO,29.32,28.96,29.46,29.08,29.28,,2100,0.0,8760,NO,NO,2020-03-26,2144500.0
3071,TYLD,25.31,25.32,1333.0,ETF,ETF,37.0,68.0,48.0,33.0,0.0361,0.0249,14409.0,14510.0,25.53,25.05,0,NO,25.42,25.37,25.28,25.37,25.29,,681,0.0,1333,NO,NO,2025-05-20,679800.0
3072,HLT,307.22,307.08,1557385.0,Consumer Cyclical,Lodging,37.0,23.0,11.0,36.0,5.7121,5.7121,2150857.0,1824750.0,358.0,253.54,69144444928,NO,312.26,318.8,314.44,316.91,320.56,,3212,0.0,1562457,NO,NO,2018-04-11,52096400.0
3073,AAAC,20.12,20.115,30.0,ETF,ETF,37.0,63.0,53.0,26.0,0.0104,0.0011,76561.0,170.0,20.18,19.92,0,NO,20.1,20.08,,20.1,20.05,,194,0.0,800,NO,NO,2026-07-15,3780300.0
3074,PHO,68.78,68.27,86319.0,ETF,ETF,37.0,30.0,65.0,37.0,0.7771,0.6679,78704.0,76540.0,74.93,63.54,0,NO,69.78,70.37,69.78,70.4,68.56,,5230,0.63,86319,NO,NO,2012-04-30,3241400.0
3075,CWS,67.69,68.04,3467.0,ETF,ETF,37.0,16.0,51.0,39.0,0.6744,0.4476,4780.0,7040.0,74.05,63.09,0,NO,70.17,70.79,68.78,70.84,68.43,,2514,0.0,3467,NO,NO,2016-11-21,154800.0
3076,LBOX,25.1,25.095,23.0,ETF,ETF,37.0,,,,0.0171,0.0154,3285.0,4760.0,25.11,25.0,0,NO,25.06,,,,,,20,0.0,34113,NO,NO,2026-09-21,34113.0
3077,ATR,124.74,123.4,335317.0,Healthcare,Medical Instruments & Supplies,37.0,16.0,66.0,32.0,2.4486,2.3071,449877.0,488440.0,146.91,103.23,7931109888,NO,127.56,130.93,126.67,130.31,125.61,,8411,0.0,335317,NO,NO,2008-02-12,5111700.0
3078,CAOS,90.5,90.48,19973.0,ETF,ETF,37.0,72.0,48.0,30.0,0.1426,0.1333,41195.0,30730.0,90.97,89.46,0,NO,90.49,90.49,90.41,90.47,90.55,,891,0.0,19975,NO,NO,2025-08-26,895200.0
3079,TSYX,23.1,23.418,6131.0,ETF,ETF,37.0,62.0,47.0,49.0,0.314,0.245,21206.0,16710.0,24.99,20.2,0,NO,23.15,23.29,,23.29,23.01,,178,0.0,6131,NO,NO,2026-02-04,131800.0
3080,JULH,25.3,25.34,3746.0,ETF,ETF,37.0,75.0,51.0,33.0,0.0471,0.0264,4236.0,1260.0,25.48,24.68,0,NO,25.27,25.12,25.06,25.18,25.04,,809,0.0,3746,NO,NO,2023-07-03,128400.0
3081,SIXL,37.75,38.382,4798.0,ETF,ETF,36.0,23.0,36.0,34.0,0.2889,0.1618,5547.0,3850.0,40.92,35.69,0,NO,39.36,39.76,38.56,39.55,38.86,,1600,0.0,4798,NO,NO,2020-05-13,542600.0
3082,AOK,40.69,41.02,204537.0,ETF,ETF,36.0,59.0,39.0,36.0,0.2218,0.1539,138861.0,215650.0,41.63,39.32,0,NO,41.05,41.11,40.86,41.08,40.9,,4486,0.0,204544,NO,NO,2022-07-28,4799100.0
3083,BTO,36.68,37.16,43999.0,Financial Services,Asset Management,36.0,14.0,27.0,50.0,0.8618,0.8382,42941.0,40760.0,42.0,32.01,727476672,NO,38.89,39.86,37.5,39.51,37.69,,8079,0.0,43999,NO,NO,2004-01-26,920300.0
3084,JA,50.31,50.29,11460.0,ETF,ETF,36.0,72.0,48.0,32.0,0.0293,0.0211,22209.0,25660.0,50.37,49.85,0,NO,50.23,50.19,,50.22,50.16,,149,0.0,11460,NO,NO,2026-05-21,168000.0
3085,BCLO,49.83,49.79,87534.0,ETF,ETF,36.0,73.0,48.0,35.0,0.083,0.0789,12485.0,16240.0,50.22,48.42,0,NO,49.73,49.64,49.54,49.69,49.49,,413,0.0,87534,NO,NO,2025-04-07,111400.0
3086,CTRE,37.17,37.68,1831857.0,Real Estate,REIT - Healthcare Facilities,36.0,22.0,24.0,28.0,0.8962,0.8719,2396147.0,2464750.0,43.62,32.79,8783017984,NO,38.81,40.12,39.06,39.61,39.54,,3098,0.0,1831953,NO,NO,2026-03-20,43157400.0
3087,USLN,50.66,50.62,1262.0,ETF,ETF,36.0,71.0,49.0,32.0,0.1432,0.0982,941.0,3090.0,54.47,50.34,0,NO,50.61,50.58,,50.6,50.62,,140,0.04,1262,NO,NO,2026-09-09,18500.0
3088,XCSH,100.36,100.39,8.0,ETF,ETF,36.0,,,,0.0871,0.0807,4808.0,2820.0,100.69,100.05,0,NO,100.27,,,,,,25,0.0,8,NO,NO,2026-08-25,26900.0
3089,LOHA,25.16,25.15,10982.0,ETF,ETF,36.0,17.0,47.0,,0.2446,0.2189,29773.0,19100.0,27.25,24.35,0,NO,25.99,26.25,,26.23,,,90,0.0,10982,NO,NO,2026-05-21,547500.0
3090,ISBG,16.34,17.2,12600.0,ETF,ETF,36.0,34.0,95.0,9.0,0.8544,0.4364,8282.0,9180.0,28.49,10.27,0,NO,16.34,13.93,,14.53,16.32,,169,0.0,12600,NO,NO,2026-06-16,52800.0
3091,NCLO,25.05,25.11,41465.0,ETF,ETF,36.0,71.0,48.0,33.0,0.0799,0.0648,37869.0,73940.0,25.36,24.22,0,NO,25.08,25.05,25.0,25.06,24.98,,445,0.0,41465,NO,NO,2025-09-26,1706000.0
3092,GHTA,30.41,30.869,1226.0,ETF,ETF,36.0,43.0,48.0,34.0,0.1696,0.0429,2374.0,1190.0,37.18,27.26,0,NO,31.07,30.82,30.6,30.84,30.54,,1215,0.0,1226,NO,NO,2022-12-20,269800.0
3093,SMOG,135.71,137.48,1872.0,ETF,ETF,36.0,42.0,20.0,31.0,1.7457,0.7107,1568.0,800.0,157.27,124.27,0,NO,138.37,138.1,140.73,138.01,142.18,,4874,0.0,1872,NO,NO,2008-10-20,247100.0
3094,HBIL,20.07,20.06,409.0,ETF,ETF,36.0,73.0,,,0.0032,0.0007,8260.0,920.0,20.07,20.0,0,NO,20.04,,,,,,28,0.0,409,NO,NO,2026-08-26,151100.0
3095,OXLCN,24.52,24.55,546.0,Finance,Financial conglomerates,36.0,68.0,44.0,33.0,0.1037,0.0846,2385.0,2610.0,25.1,23.93,0,NO,24.6,24.68,24.59,24.65,24.63,,1074,0.0,546,NO,NO,2022-06-17,74000.0
3096,BRC,83.82,83.83,211111.0,Industrials,Security & Protection Services,36.0,14.0,29.0,33.0,2.5521,2.4536,209720.0,306320.0,99.29,70.57,3931092224,NO,88.42,92.03,86.51,90.95,86.76,,10048,0.0,211111,NO,NO,2023-06-23,7212200.0
3097,GE,319.8,319.01,4352332.0,Industrials,Aerospace & Defense,36.0,14.0,11.0,54.0,8.2714,7.5393,4137712.0,5091840.0,388.84,268.91,331812470784,NO,328.42,346.61,322.77,343.81,325.87,,16289,0.0,4352332,NO,NO,2009-03-04,157102606.0
3098,TRXS,25.17,25.45,1335.0,ETF,ETF,36.0,,,,,,1320.0,1320.0,25.64,24.59,0,NO,,,,,,,10,0.0,1335,NO,NO,2026-09-21,3600.0
3099,KRNT,15.17,15.27,277581.0,Process industries,Chemicals: specialty,36.0,11.0,19.0,38.0,0.5318,0.5154,245919.0,229460.0,19.78,11.93,651802368,NO,16.01,16.12,15.36,16.22,15.68,,2885,0.0,277581,NO,NO,2022-07-06,11815900.0
3100,CANQ,29.75,30.14,250.0,ETF,ETF,36.0,62.0,36.0,45.0,0.2418,0.0944,1487.0,1440.0,31.62,27.36,0,NO,29.86,30.09,29.86,30.03,29.9,,654,0.0,250,NO,NO,2026-01-12,272900.0
3101,BEPI,15.97,15.95,27395.0,Finance,Real estate development,36.0,59.0,67.0,36.0,0.2021,0.201,27995.0,14270.0,17.06,14.94,0,NO,15.92,15.98,15.83,16.04,15.74,,1197,0.0,27395,NO,NO,2021-12-31,2016800.0
3102,FLTR,25.59,25.59,1454375.0,ETF,ETF,36.0,71.0,48.0,32.0,0.0236,0.0221,1290623.0,1643810.0,25.61,25.34,0,NO,25.56,25.56,25.53,25.57,25.53,,3875,0.0,1454375,NO,NO,2024-07-31,6225100.0
3103,TRUO,25.19,24.89,284.0,ETF,ETF,36.0,54.0,39.0,,0.1654,0.0364,531.0,970.0,26.65,24.86,0,NO,25.35,25.54,,25.46,,,77,1.17,284,NO,NO,2026-06-08,7400.0
3104,LANDO,19.89,19.86,18432.0,Finance,Real estate investment trusts,36.0,27.0,34.0,27.0,0.3441,0.3364,15749.0,22490.0,22.08,18.5,0,NO,20.56,21.09,20.38,20.99,20.73,,1488,0.0,18432,NO,NO,2020-10-30,702200.0
3105,TWSC,24.76,24.74,201.0,ETF,ETF,36.0,95.0,,,0.6871,0.0464,554.0,610.0,29.94,17.9,0,NO,22.63,22.08,,22.5,,,61,0.0,201,NO,NO,2026-06-26,10100.0
3106,FINY,25.19,25.79,453.0,ETF,ETF,36.0,59.0,45.0,,0.1784,0.0991,1109.0,720.0,25.79,24.8,0,NO,25.61,25.56,,25.53,,,97,0.0,453,NO,NO,2026-05-07,26200.0
3107,GJS,23.33,23.32,264.0,Finance,Finance/Rental/Leasing,36.0,56.0,48.0,23.0,0.1621,0.0757,696.0,670.0,24.68,22.7,0,NO,23.34,23.46,23.46,23.42,23.5,,5131,0.0,700,NO,NO,2009-08-12,634700.0
3108,FLGR,32.6,33.15,2071.0,ETF,ETF,36.0,27.0,39.0,43.0,0.3096,0.13,3038.0,2230.0,35.18,29.96,0,NO,33.71,33.49,33.33,33.63,32.95,,2230,0.0,2071,NO,NO,2026-01-13,383000.0
3109,HSMV,36.83,37.05,2164.0,ETF,ETF,36.0,26.0,32.0,36.0,0.17,0.0704,20900.0,2070.0,39.82,35.0,0,NO,38.02,38.72,37.52,38.52,37.8,,1623,0.0,2164,NO,NO,2026-08-26,778700.0
3110,PBSC,25.12,25.24,54.0,ETF,ETF,36.0,65.0,,,0.0432,0.0136,38231.0,1030.0,25.37,25.07,0,NO,25.23,25.23,,25.23,,,64,0.0,54,NO,NO,2026-06-23,1025000.0
3111,GRW,30.86,30.885,210.0,ETF,ETF,36.0,51.0,36.0,54.0,0.247,0.0965,4861.0,8550.0,33.03,26.63,0,NO,30.89,31.48,30.68,31.45,30.6,,597,0.0,210,NO,NO,2026-01-28,317800.0
3112,JBBB,47.62,47.54,462603.0,ETF,ETF,36.0,73.0,51.0,34.0,0.1059,0.1052,410693.0,575070.0,48.31,46.42,0,NO,47.47,47.44,47.44,47.45,47.28,,1177,0.0,462603,NO,NO,2024-06-12,4788300.0
3113,FAS,150.38,163.11,488681.0,ETF,ETF,36.0,4.0,49.0,85.0,7.2364,5.8989,399238.0,414220.0,187.25,106.91,0,NO,173.3,174.95,152.04,173.5,148.55,,4486,0.0,489427,NO,NO,2009-04-21,715300128.0
3114,PAAA,51.49,51.49,1483254.0,ETF,ETF,36.0,72.0,48.0,31.0,0.0186,0.0149,2167580.0,2945540.0,51.54,51.16,0,NO,51.42,51.41,51.37,51.42,51.37,,793,0.0,1483254,NO,NO,2026-02-20,12459200.0
3115,DIVZ,37.09,37.413,23676.0,ETF,ETF,36.0,37.0,37.0,31.0,0.2378,0.1624,30668.0,20800.0,39.67,34.67,0,NO,38.07,38.35,37.7,38.21,37.81,,1419,0.0,23681,NO,NO,2024-05-02,823300.0
3116,FCEF,23.03,23.27,6376.0,ETF,ETF,36.0,31.0,33.0,37.0,0.1638,0.1313,18153.0,12650.0,24.35,21.95,0,NO,23.69,23.84,23.48,23.78,23.54,,2508,0.0,6376,NO,NO,2020-02-06,479400.0
3117,UUPP,25.17,25.18,11.0,ETF,ETF,36.0,62.0,51.0,,0.0593,0.0236,255.0,600.0,25.33,24.91,0,NO,25.14,25.13,,25.15,,,84,0.0,100,NO,NO,2026-05-21,598000.0
3118,JEPI,56.58,56.65,3529743.0,ETF,ETF,36.0,49.0,55.0,30.0,0.38,0.3275,4478647.0,4088420.0,59.9,55.1,0,NO,56.95,57.17,57.28,57.22,56.77,,1592,0.0,3529743,NO,NO,2025-04-04,15139200.0
3119,GGOV,50.19,50.31,2573230.0,ETF,ETF,36.0,72.0,47.0,35.0,0.4921,0.4914,982582.0,1972300.0,51.55,48.05,0,NO,50.2,50.13,49.66,50.13,49.92,,312,0.0,2573230,NO,NO,2026-05-28,41918100.0
3120,TRPA,39.03,39.05,14438.0,ETF,ETF,36.0,72.0,47.0,32.0,0.1041,0.1041,27322.0,81220.0,39.27,38.44,0,NO,38.96,38.95,38.93,38.96,38.92,,2089,0.0,14438,NO,NO,2022-01-06,1099500.0
3121,XLC,112.56,114.75,5613884.0,ETF,ETF,36.0,79.0,73.0,30.0,1.9736,1.6186,5640122.0,5525230.0,120.41,105.03,0,NO,112.47,111.27,113.98,111.11,112.48,,2076,0.0,5613884,NO,NO,2025-04-09,23909100.0
3122,SHW,326.46,321.31,2247468.0,Basic Materials,Specialty Chemicals,36.0,24.0,54.0,40.0,6.91,6.5807,2002366.0,1740730.0,377.77,289.86,79250825216,NO,330.06,338.97,333.37,338.29,328.06,,11724,1.29,2247468,NO,NO,2006-02-22,67457700.0
3123,USFR,50.5,50.5,5339944.0,ETF,ETF,36.0,69.0,47.0,29.0,0.0193,0.015,5434314.0,6776060.0,50.51,50.23,0,NO,50.43,50.44,50.4,50.44,50.42,,3178,0.0,5350399,NO,NO,2023-12-14,24328900.0
3124,BCO,104.96,107.05,275461.0,Commercial services,Miscellaneous commercial services,36.0,24.0,81.0,39.0,3.1829,3.1154,510131.0,513670.0,136.37,91.05,4322360832,NO,108.54,112.81,112.45,112.12,107.52,,7730,0.0,275461,NO,NO,2014-06-20,7504200.0
3125,CSHP,99.6,100.263,255.0,ETF,ETF,36.0,72.0,47.0,31.0,0.3267,0.1213,54593.0,3180.0,100.39,98.89,0,NO,99.52,99.4,99.32,99.51,99.44,,537,0.0,255,NO,NO,2026-09-02,1820300.0
3126,PSQO,20.83,20.9,34575.0,ETF,ETF,36.0,72.0,46.0,33.0,0.071,0.0696,61609.0,91960.0,21.53,19.76,0,NO,20.85,20.79,20.73,20.81,20.73,,508,0.0,34575,NO,NO,2026-03-19,3001300.0
3127,RWO,47.13,47.83,98515.0,ETF,ETF,36.0,19.0,22.0,37.0,0.5914,0.5327,118553.0,79880.0,52.26,44.09,0,NO,49.06,50.15,48.46,49.8,49.12,,4612,0.0,98515,NO,NO,2018-06-15,10759300.0
3128,FLRN,30.81,30.81,989410.0,ETF,ETF,36.0,71.0,47.0,31.0,0.0229,0.0214,1499506.0,2233730.0,30.87,30.63,0,NO,30.79,30.79,30.78,30.8,30.78,,3722,0.0,989410,NO,NO,2020-02-28,8380100.0
3129,PPTY,31.73,32.211,2246.0,ETF,ETF,36.0,20.0,17.0,44.0,0.2689,0.1569,2907.0,1680.0,35.44,29.34,0,NO,32.9,33.82,32.26,33.5,32.87,,2134,0.0,2246,NO,NO,2024-10-01,1139200.0
3130,SPTU,25.06,25.05,1503.0,ETF,ETF,36.0,71.0,47.0,30.0,0.0073,0.0048,2804.0,2810.0,25.09,24.97,0,NO,25.04,25.05,25.04,25.06,25.05,,240,0.0,1503,NO,NO,2026-01-16,50500.0
3131,LOB,37.09,38.02,175622.0,Financial Services,Banks - Regional,35.0,11.0,17.0,64.0,0.8869,0.8537,237323.0,214150.0,44.53,29.36,1716659456,NO,39.09,41.06,38.06,40.61,38.23,,2808,0.0,175704,NO,NO,2015-07-23,2755700.0
3132,GMOC,50.16,50.145,1608.0,ETF,ETF,35.0,70.0,47.0,31.0,0.0193,0.0125,1434.0,3410.0,50.27,49.68,0,NO,50.13,50.15,50.12,50.15,50.12,,226,0.0,1608,NO,NO,2026-06-11,153000.0
3133,XCLR,27.98,28.135,1063.0,ETF,ETF,35.0,72.0,60.0,52.0,0.1991,0.0848,1487.0,1980.0,30.7,25.15,0,NO,27.91,27.84,27.5,27.91,27.26,,1380,0.0,1063,NO,NO,2025-03-10,200300.0
3134,JAAA,50.68,50.68,6357275.0,ETF,ETF,35.0,72.0,48.0,31.0,0.0204,0.0161,5759126.0,6153640.0,50.82,50.32,0,NO,50.62,50.6,50.6,50.62,50.58,,1488,0.0,6357275,NO,NO,2025-04-04,22488900.0
3135,SGOV,100.62,100.61,20792352.0,ETF,ETF,35.0,69.0,47.0,29.0,0.015,0.01,20358900.0,19886860.0,100.73,100.27,0,NO,100.55,100.56,100.53,100.59,100.56,,1587,0.0,20792352,YES,NO,2026-09-01,43943700.0
3136,HRSK,25.35,25.53,2263.0,ETF,ETF,35.0,66.0,52.0,,0.2764,0.225,4090.0,2320.0,27.31,24.06,0,NO,25.37,25.48,,25.46,,,69,0.0,2263,NO,NO,2026-06-15,384700.0
3137,RMME,100.25,100.235,3706.0,ETF,ETF,35.0,72.0,47.0,30.0,0.0364,0.0029,1458.0,2560.0,100.63,100.0,0,NO,100.2,100.22,100.21,100.22,100.22,,201,0.0,3706,NO,NO,2025-12-04,76600.0
3138,TRSY,30.17,30.165,4003.0,ETF,ETF,35.0,70.0,47.0,31.0,0.0131,0.0111,39388.0,67120.0,30.44,30.04,0,NO,30.16,30.17,30.14,30.17,30.15,,489,0.0,4003,NO,NO,2026-03-31,724100.0
3139,SGVT,100.69,100.68,355754.0,ETF,ETF,35.0,72.0,47.0,31.0,0.0257,0.015,265812.0,334410.0,100.79,100.36,0,NO,100.63,100.64,100.61,100.67,100.64,,321,0.0,355754,NO,NO,2026-03-18,751200.0
3140,UX,28.59,28.617,575.0,ETF,ETF,35.0,26.0,59.0,35.0,0.4531,0.2706,4352.0,3410.0,38.72,25.84,0,NO,29.47,28.83,29.9,28.94,29.21,,414,0.0,575,NO,NO,2026-07-01,91000.0
3141,BIL,91.59,91.57,9781383.0,ETF,ETF,35.0,69.0,47.0,29.0,0.0186,0.0114,9587225.0,10533500.0,91.77,91.26,0,NO,91.52,91.54,91.51,91.56,91.54,,4861,0.0,9835799,YES,NO,2022-06-13,37231500.0
3142,TUSB,50.49,50.49,41956.0,ETF,ETF,35.0,70.0,47.0,31.0,0.0858,0.0811,25482.0,67710.0,55.23,50.05,0,NO,50.46,50.47,50.45,50.46,50.44,,400,0.0,41956,NO,NO,2025-04-14,1731700.0
3143,APRJ,25.0,25.015,2147.0,ETF,ETF,35.0,74.0,44.0,32.0,0.0559,0.0476,3653.0,4450.0,25.2,24.47,0,NO,24.99,24.91,24.87,24.94,24.92,,871,0.0,2147,NO,NO,2023-04-03,389800.0
3144,LPSV,24.05,24.0676,407.0,ETF,ETF,35.0,,,,,,1965.0,1965.0,24.59,23.98,0,NO,,,,,,,4,0.0,407,NO,NO,2026-09-17,1392.0
3145,CAAP,23.73,24.19,108700.0,Industrials,Airports & Air Services,35.0,80.0,13.0,13.0,0.7128,0.6849,210330.0,205230.0,30.5,17.36,3876803840,NO,24.11,24.61,25.85,24.44,25.05,,2171,0.0,108700,NO,NO,2020-12-01,18554400.0
3146,ANGU,25.38,25.65,37466.0,ETF,ETF,35.0,74.0,,,0.23,0.1596,563854.0,53290.0,25.73,24.87,0,NO,25.3,,,,,,33,0.0,37466,NO,NO,2026-08-06,17467800.0
3147,LGLV,177.32,178.44,33182.0,ETF,ETF,35.0,23.0,43.0,31.0,1.3471,1.015,21023.0,21230.0,192.29,170.05,0,NO,183.75,186.02,181.9,185.37,182.17,,3417,0.0,33182,NO,NO,2023-05-10,639500.0
3148,BBIO,65.71,66.58,3677441.0,Health technology,Biotechnology,35.0,2.0,24.0,13.0,2.7161,2.6714,3129357.0,3116520.0,93.42,48.78,12845844480,NO,73.3,78.79,73.86,76.61,72.99,,1819,0.0,3677441,NO,NO,2023-07-17,47288900.0
3149,FLOT,50.99,51.02,2949367.0,ETF,ETF,35.0,71.0,47.0,31.0,0.0343,0.0286,2035617.0,2312180.0,51.09,50.67,0,NO,50.97,50.97,50.94,50.99,50.94,,3838,0.0,2949367,NO,NO,2020-03-31,17336400.0
3150,SOFR,100.36,100.36,8239.0,ETF,ETF,35.0,72.0,47.0,30.0,0.0505,0.0379,5742.0,4610.0,100.89,100.05,0,NO,100.26,100.28,100.27,100.25,100.27,,714,0.0,8246,NO,NO,2025-04-09,1004900.0
3151,SBIL,100.29,100.26,470062.0,ETF,ETF,35.0,72.0,47.0,31.0,0.0279,0.0191,347319.0,546880.0,100.71,100.0,0,NO,100.16,100.19,100.18,100.19,100.18,,300,0.02,1196065,NO,NO,2025-07-21,7849900.0
3152,ATLCP,24.0,24.01,4438.0,Financial Services,Credit Services,35.0,66.0,41.0,40.0,0.3255,0.2932,3982.0,4090.0,24.9,20.46,0,NO,24.04,24.23,24.01,24.21,23.88,,1325,0.0,4438,NO,NO,2021-06-14,274400.0
3153,PMTU,25.33,25.35,2550.0,Finance,Real estate investment trusts,35.0,54.0,46.0,32.0,0.2106,0.1679,2347.0,2900.0,26.26,25.02,0,NO,25.69,25.68,25.59,25.65,25.58,,748,0.0,2550,NO,NO,2025-05-16,471500.0
3154,JULJ,25.14,25.145,1689.0,ETF,ETF,35.0,76.0,49.0,32.0,0.0382,0.0214,2996.0,3610.0,25.35,24.67,0,NO,25.09,24.97,25.0,25.01,24.98,,809,0.0,1689,NO,NO,2023-07-03,185200.0
3155,RINF,32.43,32.79,860.0,ETF,ETF,35.0,64.0,48.0,33.0,0.1557,0.1014,3769.0,6290.0,33.09,31.74,0,NO,32.81,32.68,32.4,32.69,32.47,,3694,0.0,860,NO,NO,2019-07-08,1648000.0
3156,JMMF,100.15,100.17,6954.0,ETF,ETF,35.0,71.0,47.0,30.0,0.0622,0.0549,9282.0,15600.0,100.68,99.79,0,NO,100.17,100.16,,100.15,100.15,,194,0.0,6954,NO,NO,2026-09-16,45800.0
3157,SHV,110.22,110.23,2347433.0,ETF,ETF,35.0,68.0,46.0,29.0,0.0236,0.0164,2674155.0,2661000.0,110.5,110.02,0,NO,110.19,110.22,110.23,110.25,110.24,,4956,0.0,2347433,NO,NO,2014-12-29,39315800.0
3158,PVI,24.84,24.88,7667.0,ETF,ETF,35.0,70.0,48.0,30.0,0.0771,0.0629,6596.0,2790.0,24.98,24.65,0,NO,24.85,24.84,24.82,24.85,24.84,,4741,0.0,7667,NO,NO,2010-08-13,2739200.0
3159,IQMM,100.05,100.11,4024908.0,ETF,ETF,35.0,71.0,47.0,30.0,0.0421,0.0207,1759350.0,1814290.0,100.25,100.0,0,NO,100.09,100.09,,100.11,100.12,,149,0.0,4024908,NO,NO,2026-02-19,175577300.0
3160,EFSC,59.85,60.98,227166.0,Financial Services,Banks - Regional,35.0,23.0,16.0,55.0,1.1971,1.0836,258661.0,398710.0,68.73,51.18,2165941504,NO,63.1,64.83,59.97,64.21,61.26,,5835,0.0,227259,NO,NO,2025-03-21,2939900.0
3161,LEA,121.69,120.22,391495.0,Producer manufacturing,Auto parts: OEM,35.0,26.0,11.0,36.0,3.8514,3.6536,640696.0,748570.0,150.33,96.04,8101483008,NO,125.96,129.82,128.14,128.24,130.17,,4242,0.39,391495,NO,NO,2019-12-20,8951400.0
3162,DLUX,50.13,50.16,9519.0,ETF,ETF,35.0,69.0,45.0,,0.1932,0.1875,2733.0,7260.0,51.32,50.05,0,NO,50.2,50.26,,50.26,,,120,0.0,9519,NO,NO,2026-06-03,2001700.0
3163,EMNT,98.77,98.75,42165.0,ETF,ETF,35.0,69.0,47.0,30.0,0.0834,0.071,13823.0,33450.0,99.4,98.48,0,NO,98.78,98.86,98.8,98.86,98.82,,1702,0.0,42172,NO,NO,2022-12-08,256100.0
3164,BILS,99.25,99.25,266230.0,ETF,ETF,35.0,71.0,46.0,30.0,0.0214,0.0164,304460.0,318890.0,99.52,99.08,0,NO,99.25,99.28,99.29,99.29,99.29,,1496,0.0,266865,NO,NO,2024-10-01,2128600.0
3165,EMDV,46.05,46.995,212.0,ETF,ETF,35.0,45.0,50.0,34.0,0.4014,0.0851,231.0,210.0,48.73,44.31,0,NO,47.32,47.08,46.87,47.14,46.63,,2679,0.0,212,NO,NO,2018-08-20,96400.0
3166,KOLD,26.46,26.55,3247160.0,ETF,ETF,35.0,7.0,90.0,79.0,1.4821,1.3486,2507158.0,2503590.0,49.47,13.44,0,NO,28.81,29.16,26.29,29.19,25.4,,3762,0.0,3260708,NO,NO,2022-11-23,97627200.0
3167,FRT,109.39,110.63,765006.0,Real Estate,REIT - Retail,35.0,21.0,10.0,43.0,1.775,1.775,826547.0,940690.0,128.21,90.03,9508003840,NO,114.97,118.95,112.03,117.25,115.87,,13460,0.0,765006,NO,NO,2016-01-29,14539200.0
3168,BAMU,25.22,25.205,2902.0,ETF,ETF,35.0,68.0,47.0,31.0,0.0396,0.0396,8398.0,6940.0,25.42,25.09,0,NO,25.22,25.26,25.24,25.25,25.25,,748,0.0,2902,NO,NO,2023-11-09,448100.0
3169,DDV,25.17,25.276,439.0,ETF,ETF,35.0,61.0,42.0,31.0,0.0991,0.0696,4068.0,4940.0,25.97,24.48,0,NO,25.37,25.38,25.29,25.37,25.31,,214,0.0,439,NO,NO,2026-02-02,81700.0
3170,XRN,35.57,36.22,99538.0,Real Estate,REIT - Healthcare Facilities,35.0,33.0,43.0,42.0,0.7978,0.7785,91561.0,107590.0,38.65,29.05,515057728,NO,36.56,36.58,35.59,36.47,35.8,,2571,0.0,99538,NO,NO,2021-03-16,1086240.0
3171,GECCG,24.65,24.8,1098.0,Miscellaneous,Investment trusts,35.0,57.0,46.0,34.0,0.1096,0.0546,1750.0,680.0,25.4,24.0,0,NO,24.83,24.84,24.85,24.83,24.82,,257,0.0,3300,NO,NO,2025-09-22,68700.0
3172,CCNEP,25.0,24.64,2058.0,Financial Services,Banks - Regional,35.0,77.0,50.0,27.0,0.1235,0.0796,1055.0,1100.0,25.5,23.57,0,NO,24.81,24.96,24.96,24.93,24.91,,1528,0.0,2058,NO,NO,2023-03-21,72500.0
3173,PCPI,50.08,50.05,165.0,ETF,ETF,35.0,75.0,44.0,,0.0382,0.0286,18382.0,5310.0,55.58,49.61,0,NO,49.99,49.93,,49.95,,,118,0.0,165,NO,NO,2026-05-19,616400.0
3174,PSL,107.69,108.42,761.0,ETF,ETF,35.0,18.0,31.0,33.0,0.906,0.4718,1415.0,1020.0,117.28,97.96,0,NO,112.19,113.54,110.33,113.01,111.61,,5016,0.0,761,NO,NO,2016-12-07,1531000.0
3175,OXLCG,24.94,24.88,2039.0,Finance,Financial conglomerates,35.0,65.0,45.0,33.0,0.1476,0.1179,4236.0,6230.0,25.6,24.57,0,NO,25.13,25.12,25.15,25.13,25.11,,393,0.0,2039,NO,NO,2025-02-28,161700.0
3176,BILZ,100.82,100.81,123915.0,ETF,ETF,35.0,71.0,47.0,30.0,0.0254,0.0161,195336.0,197730.0,101.2,100.63,0,NO,100.78,100.8,100.83,100.83,100.82,,816,0.0,123915,NO,NO,2024-08-14,1223600.0
3177,RJF,158.23,165.19,1400742.0,Finance,Investment managers,35.0,10.0,50.0,51.0,4.0693,3.6314,1273830.0,1430150.0,182.73,138.82,30395981824,NO,172.45,173.92,161.08,173.19,159.3,,10891,0.0,1571153,NO,NO,2017-03-17,34567650.0
3178,XBIL,50.08,50.08,75193.0,ETF,ETF,35.0,70.0,46.0,30.0,0.015,0.0136,94349.0,94460.0,50.22,49.98,0,NO,50.07,50.08,50.1,50.08,50.09,,890,0.0,75193,NO,NO,2023-12-08,1750400.0
3179,SPME,24.92,24.86,22671.0,Financial Services,Asset Management,34.0,66.0,43.0,34.0,0.0943,0.0825,2590.0,2530.0,26.0,24.37,0,NO,24.94,25.07,25.09,25.01,25.05,,300,0.0,22671,NO,NO,2025-07-15,218200.0
3180,SRLN,40.62,40.69,1897531.0,ETF,ETF,34.0,72.0,52.0,33.0,0.1036,0.0979,1618666.0,1998560.0,41.61,39.39,0,NO,40.61,40.5,40.56,40.55,40.36,,3388,0.0,1897531,NO,NO,2022-01-24,37316800.0
3181,GMMF,100.24,100.3,11712.0,ETF,ETF,34.0,71.0,46.0,30.0,0.0366,0.0128,21028.0,20770.0,100.55,100.1,0,NO,100.28,100.29,100.31,100.29,100.3,,402,0.0,11712,NO,NO,2026-05-22,161400.0
3182,PMMF,100.25,100.29,135234.0,ETF,ETF,34.0,71.0,46.0,30.0,0.0346,0.0141,149512.0,131910.0,100.57,100.1,0,NO,100.29,100.29,100.32,100.29,100.3,,408,0.0,135234,NO,NO,2025-06-27,426400.0
3183,KCSH,25.08,25.085,582.0,ETF,ETF,34.0,71.0,46.0,30.0,0.0136,0.0073,6928.0,350.0,25.27,25.01,0,NO,25.07,25.08,25.08,25.07,25.08,,541,0.0,582,NO,NO,2024-07-26,3992400.0
3184,SEIX,23.27,23.26,99096.0,ETF,ETF,34.0,74.0,50.0,33.0,0.0576,0.0453,110028.0,222960.0,23.65,22.91,0,NO,23.32,23.26,23.24,23.27,23.21,,1863,0.0,99096,NO,NO,2026-09-16,1293700.0
3185,HTB,45.21,47.1,113348.0,Financial Services,Banks - Regional,34.0,41.0,16.0,46.0,0.9936,0.9236,192171.0,279680.0,52.5,38.3,747488832,NO,47.16,48.5,45.76,48.24,46.66,,3570,0.0,115483,NO,NO,2012-07-11,6851700.0
3186,HIAI,25.42,25.58,26022.0,ETF,ETF,34.0,,,,0.2514,0.1864,59359.0,124890.0,26.58,24.81,0,NO,25.17,,,,,,22,0.0,26022,NO,NO,2026-09-17,613600.0
3187,PULS,49.62,49.62,3146796.0,ETF,ETF,34.0,71.0,46.0,30.0,0.02,0.0171,2771630.0,3543320.0,49.84,49.5,0,NO,49.6,49.62,49.64,49.62,49.62,,2125,0.0,3153449,NO,NO,2026-06-05,15129900.0
3188,FLOC,19.36,19.87,361920.0,Energy,Oil & Gas Equipment & Services,34.0,5.0,10.0,7.0,0.8498,0.8141,638342.0,706890.0,28.26,14.03,2106285312,NO,20.79,21.04,21.81,21.13,22.42,,422,0.0,361920,NO,NO,2025-01-16,6442400.0
3189,EVRG,78.42,79.26,2381177.0,Utilities,Utilities - Regulated Electric,34.0,42.0,15.0,26.0,1.1661,1.1511,2086447.0,2268800.0,88.62,71.41,18081077248,NO,80.93,82.86,80.89,82.05,82.77,,13510,0.0,2381177,NO,NO,2018-06-04,51172100.0
3190,FGM,60.9,61.81,884.0,ETF,ETF,34.0,34.0,23.0,36.0,0.9228,0.4853,2707.0,8300.0,71.12,54.5,0,NO,63.16,63.12,63.99,63.09,63.23,,3669,0.0,884,NO,NO,2022-03-18,1104800.0
3191,GNRC,199.42,204.96,1113232.0,Industrials,Specialty Industrial Machinery,34.0,41.0,2.0,26.0,10.8064,7.9721,1205777.0,1949620.0,296.44,134.8,11778530304,NO,189.95,202.27,210.79,200.16,225.26,,4178,0.0,1113232,NO,NO,2020-02-12,13312000.0
3192,DLCU,49.88,50.28,95.0,ETF,ETF,34.0,75.0,,,0.381,0.13,2135.0,440.0,50.53,48.88,0,NO,49.6,,,,,,34,0.0,95,NO,NO,2026-08-13,16600.0
3193,CSHI,49.67,49.66,639058.0,ETF,ETF,34.0,71.0,46.0,30.0,0.0457,0.0421,652574.0,797180.0,49.93,49.55,0,NO,49.69,49.73,49.74,49.73,49.75,,1019,0.0,639068,NO,NO,2026-09-09,1430500.0
3194,DPRE,25.23,25.16,6.0,ETF,ETF,34.0,28.0,42.0,,0.1514,0.0529,1626.0,930.0,27.12,24.89,0,NO,25.73,26.19,,26.02,,,110,0.0,1300,NO,NO,2026-04-15,100500.0
3195,PCLO,24.9,24.888,1443.0,ETF,ETF,34.0,73.0,48.0,30.0,0.0247,0.0131,4019.0,3220.0,25.8,24.84,0,NO,24.92,24.92,24.94,24.92,24.94,,451,0.0,1443,NO,NO,2024-12-03,401600.0
3196,CDPI,19.85,19.96,148.0,ETF,ETF,34.0,40.0,,,0.0964,0.0286,5388.0,250.0,22.21,19.85,0,NO,20.23,,,20.22,,,49,0.0,100,NO,NO,2026-07-14,250000.0
3197,ARCM,100.11,100.145,523.0,ETF,ETF,34.0,70.0,46.0,30.0,0.0314,0.0155,331.0,550.0,101.26,99.34,0,NO,100.15,100.18,100.23,100.18,100.21,,2382,0.0,523,NO,NO,2017-04-20,200000.0
3198,GSST,50.45,50.455,366023.0,ETF,ETF,34.0,70.0,46.0,30.0,0.035,0.0307,224968.0,202440.0,50.83,50.37,0,NO,50.46,50.48,50.52,50.49,50.49,,1868,0.0,366023,NO,NO,2026-01-08,1895000.0
3199,KTH,28.65,28.78,117.0,Finance,Finance/Rental/Leasing,34.0,59.0,59.0,19.0,0.1179,0.0621,701.0,790.0,30.0,27.93,0,NO,28.57,28.55,28.63,28.58,28.56,,6439,0.0,400,NO,NO,2016-06-21,47500.0
3200,BSCQ,19.5,19.505,1418461.0,ETF,ETF,34.0,68.0,47.0,30.0,0.0212,0.0155,942768.0,1009770.0,19.62,19.5,0,NO,19.54,19.54,19.55,19.54,19.55,,2513,0.0,1418761,NO,NO,2022-05-11,7116200.0
3201,XHLF,50.19,50.2,327580.0,ETF,ETF,34.0,70.0,46.0,30.0,0.0156,0.0149,319750.0,214020.0,50.42,50.14,0,NO,50.21,50.23,50.26,50.24,50.25,,1007,0.0,327580,NO,NO,2023-06-06,10070000.0
3202,PCMM,49.86,49.91,50930.0,ETF,ETF,34.0,72.0,47.0,32.0,0.4797,0.4797,36707.0,50340.0,51.14,48.86,0,NO,49.83,49.79,49.83,49.81,49.67,,451,0.0,50930,NO,NO,2025-03-14,521800.0
3203,FRME,40.03,40.9,393865.0,Financial Services,Banks - Regional,34.0,30.0,23.0,44.0,0.7957,0.7536,458357.0,531470.0,45.33,34.66,2513940992,NO,41.31,42.44,40.47,42.06,40.94,,9383,0.0,393865,NO,NO,2026-06-26,1955000.0
3204,LQDH,92.9,93.06,99158.0,ETF,ETF,34.0,75.0,44.0,33.0,0.1916,0.1462,40690.0,31050.0,94.38,91.15,0,NO,92.7,92.53,92.9,92.58,92.66,,3085,0.0,99158,NO,NO,2022-07-11,3405000.0
3205,STEW,17.8,18.05,50732.0,Miscellaneous,Investment trusts,34.0,45.0,46.0,40.0,0.2043,0.1753,70209.0,55090.0,19.05,16.55,1716658688,NO,18.31,18.39,17.96,18.33,17.84,,11724,0.0,50732,NO,NO,2006-02-21,1950100.0
3206,KNG,49.23,49.27,321655.0,ETF,ETF,34.0,28.0,41.0,34.0,0.4683,0.4246,295138.0,475550.0,53.2,47.68,0,NO,50.48,51.03,50.23,50.85,49.95,,2134,0.0,321655,NO,NO,2026-04-23,1720700.0
3207,AMUN,26.03,26.025,13.0,ETF,ETF,34.0,70.0,46.0,30.0,0.025,0.0189,2760.0,1770.0,26.3,25.89,0,NO,26.05,26.05,26.06,26.06,26.05,,231,0.0,13,NO,NO,2026-04-09,890100.0
3208,RW,24.54,24.648,1656.0,ETF,ETF,34.0,38.0,39.0,44.0,0.1975,0.0967,1492.0,1090.0,27.0,21.25,0,NO,24.81,25.2,24.81,25.17,24.6,,317,0.0,1656,NO,NO,2025-06-18,215100.0
3209,BRSM,25.06,25.23,207.0,ETF,ETF,34.0,32.0,42.0,,0.1967,0.0786,4500.0,860.0,26.65,24.06,0,NO,25.67,25.8,,25.78,,,76,0.0,207,NO,NO,2026-06-04,802600.0
3210,EVSB,50.82,50.82,195150.0,ETF,ETF,34.0,70.0,46.0,30.0,0.0531,0.051,46947.0,106530.0,51.21,50.62,0,NO,50.82,50.85,50.89,50.84,50.84,,733,0.0,195150,NO,NO,2026-02-12,1399400.0
3211,CVSB,50.61,50.67,171660.0,ETF,ETF,34.0,69.0,46.0,30.0,0.0869,0.0854,48000.0,18250.0,50.96,50.4,0,NO,50.66,50.7,50.72,50.69,50.69,,913,0.0,171660,NO,NO,2024-10-30,1998200.0
3212,RPAR,21.81,22.151,74849.0,ETF,ETF,34.0,41.0,31.0,28.0,0.1916,0.1209,23317.0,7680.0,23.69,20.97,0,NO,22.31,22.16,22.41,22.15,22.4,,1701,0.0,74850,NO,NO,2022-12-15,17155900.0
3213,BREW,25.8,25.72,575.0,ETF,ETF,34.0,20.0,33.0,,0.1895,0.0479,892.0,680.0,28.36,24.95,0,NO,26.68,26.92,,26.81,,,96,0.12,575,NO,NO,2026-05-06,49100.0
3214,SCUB,24.98,24.95,12.0,ETF,ETF,34.0,57.0,49.0,,0.0193,0.0036,2590.0,5670.0,25.18,24.92,0,NO,25.0,25.03,,25.03,,,121,0.0,55700,NO,NO,2026-04-17,119100.0
3215,LOGO,20.42,20.674,891.0,ETF,ETF,34.0,38.0,58.0,45.0,0.1845,0.0396,2157.0,560.0,22.84,18.37,0,NO,20.67,20.71,20.5,20.71,20.39,,332,0.0,891,NO,NO,2025-06-09,220500.0
3216,PRIZ,24.98,25.02,9703.0,ETF,ETF,34.0,65.0,45.0,,0.0543,0.0379,5917.0,2760.0,25.3,24.93,0,NO,25.1,25.12,,25.1,,,77,0.0,9703,NO,NO,2026-07-14,61200.0
3217,SBR,72.33,72.36,30541.0,Miscellaneous,Investment trusts,34.0,53.0,41.0,25.0,1.33,1.3021,31909.0,25420.0,84.39,65.31,1054524032,NO,74.26,73.44,73.04,73.59,74.42,,11017,0.0,30552,NO,NO,1983-01-14,698000.0
3218,BSGR,24.94,24.96,69.0,ETF,ETF,34.0,66.0,45.0,,0.0264,0.0193,4069.0,3570.0,25.16,24.94,0,NO,25.01,25.03,,25.02,,,72,0.0,69,NO,NO,2026-08-31,62200.0
3219,JINT,25.07,25.36,422.0,ETF,ETF,34.0,,,,,,1020.0,1020.0,25.52,25.07,0,NO,,,,,,,5,0.0,422,NO,NO,2026-09-16,2500.0
3220,FLUD,24.94,24.958,47918.0,ETF,ETF,34.0,70.0,45.0,30.0,0.0345,0.0332,217079.0,169650.0,25.5,24.88,0,NO,24.96,24.98,25.0,24.98,24.99,,1552,0.0,47918,NO,NO,2026-05-14,4493700.0
3221,DFGR,27.5,28.1,799157.0,ETF,ETF,34.0,20.0,20.0,38.0,0.3203,0.2731,430463.0,490700.0,30.43,26.02,0,NO,28.61,29.24,28.24,29.04,28.65,,950,0.0,837438,NO,NO,2022-12-08,2309800.0
3222,LGIH,48.6,49.91,329131.0,Consumer durables,Homebuilding,34.0,3.0,8.0,89.0,2.3331,2.2131,323058.0,320130.0,66.25,33.55,1129865984,NO,52.74,56.19,50.49,55.18,50.42,,3236,0.0,329131,NO,NO,2017-02-06,3565100.0
3223,SCUS,25.09,25.08,161338.0,ETF,ETF,34.0,69.0,45.0,29.0,0.0299,0.0278,126688.0,148360.0,25.33,25.07,0,NO,25.12,25.14,25.17,25.14,25.16,,529,0.0,163041,NO,NO,2024-08-13,1025800.0
3224,YORW,30.93,32.19,138243.0,Utilities,Water utilities,34.0,12.0,60.0,35.0,0.6114,0.5506,149239.0,150830.0,34.81,28.26,501950016,NO,33.46,32.54,31.65,32.61,31.17,,6890,0.0,138243,NO,NO,2009-06-26,1911400.0
3225,WSBCO,25.33,25.32,2138.0,Finance,Regional banks,34.0,58.0,46.0,32.0,0.1664,0.1242,19177.0,8530.0,26.03,25.05,0,NO,25.47,25.56,25.58,25.5,25.51,,259,0.0,2138,NO,NO,2025-10-31,1193400.0
3226,ELFY,39.08,39.36,38501.0,ETF,ETF,34.0,26.0,10.0,29.0,0.5727,0.4552,36071.0,17560.0,45.92,34.31,0,NO,40.1,41.05,40.76,40.85,41.87,,364,0.0,38501,NO,NO,2025-11-24,429100.0
3227,GBHI,25.16,25.155,13.0,ETF,ETF,34.0,76.0,54.0,32.0,0.0426,0.0107,153.0,160.0,25.65,24.78,0,NO,25.25,25.22,25.33,25.22,25.27,,211,0.0,100,NO,NO,2025-12-12,26700.0
3228,GUMI,50.15,50.228,7206.0,ETF,ETF,34.0,69.0,44.0,29.0,0.0743,0.0688,18028.0,7970.0,51.0,50.07,0,NO,50.27,50.31,50.34,50.3,50.33,,542,0.0,7206,NO,NO,2026-07-13,198000.0
3229,CART,42.96,44.41,6181952.0,Consumer Cyclical,Internet Retail,34.0,3.0,15.0,74.0,1.9014,1.801,4150701.0,4788580.0,52.68,32.73,9945242624,NO,48.21,47.64,42.64,47.44,43.42,,756,0.0,6219329,NO,NO,2023-09-19,39495900.0
3230,PDPA,24.95,25.05,282.0,Miscellaneous,Investment trusts,33.0,65.0,46.0,30.0,0.0916,0.0541,4588.0,4820.0,26.63,24.51,0,NO,25.09,25.12,25.16,25.09,25.12,,442,0.0,282,NO,NO,2024-12-16,120600.0
3231,KSS,17.04,17.43,3894603.0,Retail trade,Department stores,33.0,41.0,31.0,87.0,0.935,0.8886,4066831.0,3707910.0,25.22,11.38,1931934720,NO,17.64,18.21,17.09,18.09,16.0,,8646,0.0,3965074,NO,NO,2025-07-22,209344000.0
3232,TUSI,25.27,25.31,157482.0,ETF,ETF,33.0,68.0,45.0,29.0,0.0259,0.0245,283104.0,267510.0,25.55,25.23,0,NO,25.31,25.32,25.35,25.31,25.33,,1033,0.0,157482,NO,NO,2026-04-24,978800.0
3233,TRNZ,25.02,25.04,6860.0,n/a,n/a,33.0,60.0,43.0,30.0,0.1684,0.1426,9752.0,24150.0,25.66,24.47,0,NO,25.3,25.3,25.3,25.29,25.29,,624,0.0,6860,NO,NO,2024-04-30,563300.0
3234,FLDB,50.25,50.285,26846.0,ETF,ETF,33.0,69.0,45.0,29.0,0.1009,0.1009,9628.0,16740.0,50.93,50.15,0,NO,50.29,50.32,50.38,50.31,50.34,,646,0.0,26846,NO,NO,2024-04-11,3650000.0
3235,ASHR,33.59,34.23,3662811.0,ETF,ETF,33.0,46.0,17.0,41.0,0.2964,0.1721,3743433.0,3032940.0,37.33,31.31,0,NO,33.92,34.31,34.26,34.24,34.47,,3237,0.0,3662811,NO,NO,2024-10-07,70912500.0
3236,EIIA,25.03,25.2,15808.0,Miscellaneous,Investment trusts,33.0,65.0,42.0,32.0,0.1213,0.1136,5069.0,3640.0,25.52,24.9,0,NO,25.16,25.23,25.21,25.2,25.2,,488,0.0,15808,NO,NO,2025-09-11,139600.0
3237,LOTI,25.43,25.7,3535.0,ETF,ETF,33.0,43.0,39.0,30.0,0.1248,0.0518,5214.0,8360.0,26.51,25.0,0,NO,25.97,26.09,25.84,26.0,25.92,,245,0.0,3535,NO,NO,2025-10-22,132800.0
3238,BKUI,49.56,49.575,16078.0,ETF,ETF,33.0,69.0,45.0,29.0,0.0294,0.0254,49212.0,30130.0,49.96,49.53,0,NO,49.6,49.64,49.73,49.63,49.68,,1284,0.0,16078,NO,NO,2026-03-05,4373300.0
3239,SDVD,22.03,22.24,285946.0,ETF,ETF,33.0,28.0,30.0,34.0,0.2345,0.217,270523.0,535290.0,24.06,20.55,0,NO,22.71,23.19,22.65,23.1,22.71,,782,0.0,285946,NO,NO,2026-04-23,3683500.0
3240,SLNZ,45.72,45.675,1832.0,ETF,ETF,33.0,72.0,48.0,34.0,0.1474,0.1146,4177.0,4050.0,47.27,44.58,0,NO,45.67,45.7,45.71,45.7,45.55,,460,0.0,1832,NO,NO,2025-10-24,1031900.0
3241,BKLN,20.53,20.56,10956491.0,ETF,ETF,33.0,69.0,53.0,31.0,0.0429,0.0371,7604573.0,9921460.0,21.07,20.11,0,NO,20.58,20.52,20.6,20.54,20.5,,3912,0.0,10956511,YES,NO,2025-04-03,86836100.0
3242,FLRT,46.82,46.86,814744.0,ETF,ETF,33.0,70.0,46.0,33.0,0.0774,0.0715,129409.0,183890.0,47.61,46.0,0,NO,46.78,46.76,46.82,46.76,46.67,,2915,0.0,814744,NO,YES,2026-09-23,814744.0
3243,BLDG,25.38,25.52,1242.0,ETF,ETF,33.0,22.0,24.0,39.0,0.2613,0.204,14655.0,6910.0,29.32,23.44,0,NO,26.5,26.98,25.97,26.76,26.2,,1505,0.0,1242,NO,NO,2026-06-08,1028900.0
3244,UGE,18.12,18.01,7534.0,ETF,ETF,33.0,15.0,21.0,31.0,0.3639,0.2732,40331.0,33740.0,22.26,15.74,0,NO,18.88,19.22,19.0,19.04,19.05,,4941,0.0,7534,NO,NO,2011-01-25,3496800.0
3245,XEML,25.01,24.618,10.0,ETF,ETF,33.0,21.0,37.0,36.0,0.165,0.0074,111.0,110.0,27.38,23.66,0,NO,25.55,25.86,,25.78,25.49,,183,0.0,100,NO,NO,2026-02-03,10600.0
3246,IYR,97.24,98.9,5500334.0,ETF,ETF,33.0,17.0,20.0,38.0,1.3004,1.139,5251252.0,6137680.0,108.17,92.45,0,NO,101.22,103.5,100.05,102.81,101.5,,6604,0.0,5500334,NO,NO,2008-11-24,93279100.0
3247,XAIW,25.02,25.22,1088.0,ETF,ETF,33.0,89.0,,,0.5443,0.2714,2842.0,1260.0,26.0,23.26,0,NO,24.21,,,,,,28,0.0,1088,NO,NO,2026-08-13,41100.0
3248,JPST,50.34,50.37,7207293.0,ETF,ETF,33.0,68.0,45.0,29.0,0.0264,0.0236,6445195.0,8222840.0,50.79,50.33,0,NO,50.41,50.46,50.55,50.45,50.49,,2348,0.0,7207293,NO,NO,2025-04-07,41231900.0
3249,SPMA,24.95,25.1,5192.0,Financial Services,Asset Management,33.0,68.0,43.0,31.0,0.0904,0.0816,4558.0,3930.0,25.44,24.7,0,NO,25.08,25.05,25.1,25.05,25.06,,466,0.0,5192,NO,NO,2025-04-08,74000.0
3250,JEDI,25.98,26.39,48646.0,ETF,ETF,33.0,11.0,15.0,28.0,0.9297,0.8354,214306.0,104340.0,42.99,21.91,0,NO,26.0,26.4,27.76,26.65,28.29,,248,0.0,48646,NO,NO,2026-05-28,1082800.0
3251,BUXX,20.19,20.21,449069.0,ETF,ETF,33.0,69.0,45.0,29.0,0.0279,0.0257,280276.0,463470.0,20.4,20.16,0,NO,20.2,20.22,20.25,20.21,20.24,,782,0.0,449114,NO,NO,2026-01-06,1989600.0
3252,CSRA,25.0,25.14,4394.0,ETF,ETF,33.0,46.0,,,0.1414,0.0807,9006.0,8130.0,25.73,24.99,0,NO,25.43,,,,,,29,0.0,4394,NO,NO,2026-08-18,74700.0
3253,UCBG,50.4,50.78,4849.0,ETF,ETF,33.0,,,,,,2676.0,2820.0,52.05,49.55,0,NO,,,,,,,13,0.0,4849,NO,NO,2026-09-14,5500.0
3254,SLWS,100.56,100.65,49.0,ETF,ETF,33.0,57.0,49.0,23.0,0.1142,0.0475,3158.0,210.0,102.29,100.47,0,NO,100.75,101.0,101.22,100.89,101.01,,218,0.0,100,NO,NO,2026-09-01,50300.0
3255,DADS,20.31,20.5,445.0,ETF,ETF,33.0,81.0,22.0,43.0,0.1968,0.0667,4671.0,2910.0,22.5,18.24,0,NO,20.06,19.94,19.99,19.98,20.1,,284,0.0,445,NO,NO,2026-07-07,81300.0
3256,EMN,66.8,65.09,782185.0,Basic Materials,Specialty Chemicals,33.0,10.0,25.0,23.0,1.8221,1.5832,1164066.0,1316710.0,83.47,56.11,7637018624,NO,69.22,70.41,70.99,70.48,71.47,,8248,2.57,798158,NO,NO,2025-11-03,29976900.0
3257,UYLD,50.93,50.984,455355.0,ETF,ETF,33.0,68.0,44.0,29.0,0.0672,0.0623,360936.0,1380460.0,51.41,50.89,0,NO,51.01,51.06,51.14,51.04,51.09,,980,0.0,455355,NO,NO,2026-09-14,10317100.0
3258,TUR,37.49,37.64,126806.0,ETF,ETF,33.0,14.0,18.0,17.0,0.8736,0.4257,136936.0,218380.0,43.98,31.72,0,NO,39.35,39.22,39.28,39.16,39.68,,4651,0.0,126806,NO,NO,2018-08-10,13295900.0
3259,WTFC,143.71,147.08,380518.0,Finance,Regional banks,33.0,23.0,14.0,47.0,2.8471,2.7061,576684.0,498470.0,167.22,119.61,9694018560,NO,150.64,156.17,149.73,154.26,150.59,,7153,0.0,380518,NO,NO,2017-03-31,9169400.0
3260,RISE,18.78,18.99,905.0,ETF,ETF,33.0,51.0,65.0,,0.2014,0.1007,1842.0,930.0,19.66,17.53,105661432,NO,19.15,18.74,,18.84,,,105,0.0,905,NO,NO,2026-04-23,1164100.0
3261,EVLN,48.87,48.88,56596.0,ETF,ETF,33.0,71.0,47.0,33.0,0.111,0.1106,108433.0,97590.0,50.01,48.08,0,NO,48.85,48.77,48.89,48.79,48.7,,657,0.0,56596,NO,NO,2024-03-26,9897000.0
3262,JMST,50.69,50.74,2133549.0,ETF,ETF,33.0,68.0,43.0,28.0,0.0496,0.0489,1135765.0,1373550.0,51.13,50.62,0,NO,50.83,50.87,50.95,50.85,50.91,,1989,0.0,2133549,NO,NO,2026-01-16,21343200.0
3263,BGGG,35.13,35.46,30252.0,ETF,ETF,33.0,39.0,72.0,,0.5243,0.4064,47047.0,28300.0,37.4,32.71,0,NO,35.38,35.51,,35.49,,,79,0.0,30252,NO,NO,2026-06-22,1034800.0
3264,ULST,40.24,40.29,82165.0,ETF,ETF,33.0,69.0,44.0,29.0,0.0347,0.0325,69034.0,52700.0,40.72,40.2,0,NO,40.3,40.33,40.44,40.33,40.38,,3256,0.0,82166,NO,NO,2016-03-01,4356900.0
3265,UL,62.16,62.17,1997608.0,Consumer non-durables,Household/Personal care,33.0,42.0,73.0,35.0,0.8407,0.6686,3986287.0,2789060.0,74.98,54.75,133846933504,NO,63.42,63.09,62.8,62.88,60.68,,11718,0.0,1997723,NO,NO,2022-01-18,33753235.0
3266,FLDR,49.96,50.01,129359.0,ETF,ETF,33.0,69.0,43.0,29.0,0.0504,0.0475,340609.0,397920.0,50.62,49.02,0,NO,50.01,50.07,50.17,50.03,50.11,,2077,0.0,129359,NO,NO,2026-06-23,3607100.0
3267,BMSI,25.0,24.95,7.0,ETF,ETF,33.0,49.0,,,0.0443,0.0014,170.0,130.0,25.34,24.9,0,NO,25.09,,,,,,39,0.0,400,NO,NO,2026-08-27,1200.0
3268,BSCR,19.55,19.55,1207896.0,ETF,ETF,33.0,66.0,45.0,30.0,0.0171,0.0129,588465.0,681310.0,19.8,19.54,0,NO,19.61,19.62,19.67,19.62,19.64,,2258,0.0,1207896,NO,NO,2026-03-11,4341400.0
3269,GSY,49.9,49.94,1147485.0,ETF,ETF,33.0,65.0,44.0,29.0,0.04,0.0264,906966.0,1704250.0,50.39,49.9,0,NO,50.1,50.15,50.2,50.13,50.17,,4682,0.0,1147485,NO,NO,2026-01-06,4516200.0
3270,PAYX,104.49,115.01,8088940.0,Technology services,Data processing services,33.0,3.0,78.0,60.0,3.1929,2.5757,3012273.0,3356030.0,130.32,85.45,37196398592,NO,119.78,118.71,104.27,118.21,103.96,2026-09-23,10852,0.0,8088942,NO,NO,1998-09-30,48216375.0
3271,SPHD,49.18,49.85,1968700.0,ETF,ETF,33.0,16.0,31.0,32.0,0.5186,0.4556,758492.0,726330.0,54.04,46.58,0,NO,51.68,52.32,50.57,52.01,50.91,,3494,0.0,1968700,NO,NO,2024-09-23,6977400.0
3272,SNTQ,24.89,24.92,7351.0,ETF,ETF,33.0,83.0,,,0.2556,0.162,33277.0,35590.0,26.34,23.34,0,NO,24.18,24.38,,24.39,,,54,0.0,7351,NO,NO,2026-07-08,396400.0
3273,BPOPM,25.09,25.13,527.0,Finance,Finance/Rental/Leasing,33.0,68.0,43.0,29.0,0.0893,0.07,3041.0,1930.0,25.65,24.75,0,NO,25.21,25.2,25.26,25.19,25.24,,4486,0.0,527,NO,NO,2009-02-24,217300.0
3274,XRMI,17.25,17.22,8351.0,ETF,ETF,33.0,63.0,53.0,35.0,0.1164,0.0841,23857.0,102950.0,18.08,16.73,0,NO,17.31,17.32,17.45,17.34,17.26,,1273,0.0,8351,NO,NO,2026-09-09,373400.0
3275,TSCZ,49.83,49.83,150206.0,ETF,ETF,33.0,,,,,,1315.0,980.0,50.16,49.72,0,NO,,,,,,,12,0.0,300,NO,NO,2026-09-10,4000.0
3276,XONE,49.13,49.17,217046.0,ETF,ETF,33.0,67.0,45.0,28.0,0.0284,0.023,129552.0,134380.0,49.7,49.12,0,NO,49.23,49.28,49.42,49.27,49.35,,1007,0.0,217046,NO,NO,2023-06-06,13921000.0
3277,PNFP,93.4,96.49,973723.0,Finance,Regional banks,33.0,13.0,32.0,59.0,2.4975,2.3104,1128573.0,1091910.0,110.33,81.08,14113921024,NO,99.05,101.83,97.01,101.43,96.7,,6559,0.0,973723,NO,NO,2025-12-31,8544800.0
3278,PSA,286.73,296.67,958022.0,Finance,Real estate investment trusts,33.0,8.0,11.0,44.0,6.4521,5.9086,994522.0,925940.0,335.55,256.54,53576159232,NO,301.91,314.43,299.1,311.85,306.98,,11553,0.0,961805,NO,NO,2005-08-18,15560100.0
3279,PJIN,50.21,49.54,,ETF,ETF,32.0,,,,,,125.0,100.0,50.67,49.37,0,NO,,,,,,,11,0.0,100,NO,NO,2026-09-04,400.0
3280,FRMEP,25.2,25.3,40.0,Financial Services,Banks - Regional,32.0,60.0,53.0,20.0,0.1168,0.0746,1147.0,590.0,27.09,24.73,0,NO,25.14,25.34,25.59,25.29,25.48,,1530,0.0,500,NO,NO,2020-11-19,71100.0
3281,BTU,26.41,25.07,1771674.0,Energy,Thermal Coal,32.0,32.0,81.0,3.0,1.3752,1.2102,2533682.0,3120710.0,41.14,20.06,3219378944,NO,27.96,25.52,28.99,25.86,27.12,,2381,0.0,1773168,NO,NO,2021-07-07,45548100.0
3282,USMX,24.34,24.41,8.0,ETF,ETF,32.0,20.0,42.0,,0.3364,0.0186,96.0,100.0,27.5,23.62,0,NO,25.42,25.73,,25.73,,,76,0.0,100,NO,NO,2026-06-03,9800.0
3283,L,105.04,106.75,1199449.0,Finance,Property/Casualty insurance,32.0,32.0,21.0,26.0,1.6586,1.585,822631.0,1179800.0,121.01,97.38,21473087488,NO,108.83,112.24,108.92,111.29,109.87,,11724,0.0,1217582,NO,NO,1982-09-24,115119000.0
3284,JHLN,24.59,24.567,2378.0,ETF,ETF,32.0,69.0,45.0,32.0,0.0435,0.0358,24379.0,30580.0,25.72,24.28,0,NO,24.6,24.61,24.67,24.59,24.6,,274,0.0,2378,NO,NO,2026-03-05,10215900.0
3285,SPYT,17.24,17.37,104750.0,ETF,ETF,32.0,65.0,47.0,43.0,0.144,0.1152,123842.0,107150.0,18.68,15.77,0,NO,17.21,17.3,17.32,17.32,17.2,,638,0.0,104750,NO,NO,2025-02-24,680300.0
3286,SAY,25.15,25.14,657.0,Miscellaneous,Investment trusts,32.0,75.0,42.0,28.0,0.0477,0.0451,5892.0,7560.0,25.76,25.0,0,NO,25.09,25.22,25.3,25.18,25.25,,943,0.0,657,NO,NO,2022-12-16,97600.0
3287,ERET,27.43,27.768,827.0,ETF,ETF,32.0,21.0,24.0,33.0,0.2013,0.1247,2188.0,2500.0,30.92,26.5,0,NO,28.38,29.05,28.44,28.85,28.69,,962,0.0,815,NO,NO,2025-09-11,77600.0
3288,HECA,27.39,27.37,45171.0,ETF,ETF,32.0,51.0,53.0,12.0,0.2988,0.2767,58884.0,44330.0,30.9,26.43,0,NO,27.69,27.59,28.21,27.63,27.81,,309,0.0,45171,NO,NO,2026-03-02,1603200.0
3289,AUSM,24.93,24.975,10065.0,ETF,ETF,32.0,66.0,42.0,28.0,0.0325,0.0233,4030.0,8090.0,25.53,24.93,0,NO,25.01,25.04,25.09,25.02,25.06,,305,0.0,10065,NO,NO,2025-09-11,565000.0
3290,BOTZ,35.29,35.82,814531.0,ETF,ETF,32.0,51.0,26.0,37.0,0.5319,0.3894,733903.0,644940.0,41.71,31.88,0,NO,35.38,35.7,36.93,35.78,36.58,,2520,0.0,814951,NO,NO,2018-02-05,7218100.0
3291,CBXA,23.87,23.425,13.0,ETF,ETF,32.0,89.0,84.0,37.0,0.1748,0.0076,1736.0,830.0,30.24,20.77,0,NO,23.07,22.15,23.33,22.47,22.2,,366,1.69,1200,NO,NO,2025-04-08,46300.0
3292,AVRE,45.01,45.65,104172.0,ETF,ETF,32.0,19.0,20.0,36.0,0.4806,0.3885,64031.0,88570.0,49.72,42.98,0,NO,46.67,47.8,46.44,47.48,47.06,,1249,0.0,104172,NO,NO,2022-11-01,693900.0
3293,TXS,41.95,42.15,6371.0,ETF,ETF,32.0,,,,,,3298.0,2294.0,42.79,34.46,0,NO,,,,,,,6,0.0,6371,NO,YES,2026-09-23,6371.0
3294,XPAY,52.17,52.68,31974.0,ETF,ETF,32.0,59.0,41.0,44.0,0.6028,0.3762,50798.0,53050.0,56.51,47.35,0,NO,52.44,52.77,52.82,52.78,52.38,,473,0.0,31974,NO,NO,2026-02-10,291200.0
3295,EXPN,25.28,25.38,5025.0,ETF,ETF,32.0,68.0,,,0.2938,0.2002,121000.0,5640.0,25.92,24.44,0,NO,25.09,,,,,,28,0.0,5025,NO,NO,2026-08-26,3265600.0
3296,GJO,24.74,24.75,1.0,Finance,Finance/Rental/Leasing,32.0,70.0,46.0,23.0,0.21,0.195,668.0,1160.0,25.29,24.02,0,NO,24.64,24.67,24.79,24.69,24.75,,5239,0.0,900,NO,NO,2006-03-20,200100.0
3297,OXLCL,23.93,24.05,1544.0,Finance,Financial conglomerates,32.0,59.0,35.0,31.0,0.1629,0.1111,1958.0,3640.0,24.99,23.42,0,NO,24.32,24.41,24.25,24.35,24.27,,1385,0.0,1544,NO,NO,2021-03-18,183600.0
3298,YEAR,50.06,50.09,560485.0,ETF,ETF,32.0,67.0,44.0,28.0,0.057,0.0516,146601.0,126580.0,50.73,50.03,0,NO,50.16,50.22,50.38,50.21,50.3,,1009,0.0,560485,NO,NO,2022-09-14,3008000.0
3299,CCOR,25.58,25.829,8461.0,ETF,ETF,32.0,37.0,51.0,27.0,0.1886,0.1003,3261.0,990.0,27.7,25.0,0,NO,26.08,26.26,26.25,26.17,25.98,,2344,0.0,8461,NO,NO,2022-07-05,1723700.0
3300,ZMUN,49.76,49.84,8777.0,ETF,ETF,32.0,66.0,42.0,27.0,0.0661,0.0535,5714.0,4040.0,50.51,49.74,0,NO,49.92,50.01,50.11,49.97,50.09,,246,0.0,8777,NO,NO,2026-05-21,62200.0
3301,SDUR,24.83,24.91,50144.0,ETF,ETF,32.0,60.0,,,0.0357,0.0136,13942.0,1530.0,25.25,24.83,0,NO,25.01,,,,,,38,0.0,50144,NO,NO,2026-08-07,465400.0
3302,BNDD,98.16,98.065,214.0,ETF,ETF,32.0,82.0,37.0,22.0,0.4256,0.1772,24985.0,500.0,102.28,94.52,0,NO,96.91,96.63,97.63,96.55,97.92,,1255,0.0,100,NO,NO,2026-07-20,328800.0
3303,GJP,24.47,24.66,1300.0,Finance,Finance/Rental/Leasing,32.0,63.0,53.0,22.0,0.0807,0.0136,726.0,520.0,25.05,23.63,0,NO,24.56,24.58,24.63,24.56,24.56,,4713,0.0,1300,NO,NO,2016-02-04,51000.0
3304,ZWS,46.78,46.2,572559.0,Industrials,Pollution & Treatment Controls,32.0,31.0,30.0,39.0,0.9364,0.8743,990720.0,1020150.0,55.0,43.06,7759122432,NO,46.99,48.65,48.29,48.5,48.19,,3641,0.76,572559,NO,NO,2012-03-29,34322093.0
3305,UPAR,15.7,16.038,744.0,ETF,ETF,32.0,30.0,24.0,24.0,0.1784,0.0787,11146.0,5030.0,17.71,14.98,0,NO,16.17,16.05,16.34,16.04,16.33,,1183,0.0,744,NO,NO,2023-01-05,3306900.0
3306,CVSM,25.18,25.13,604.0,ETF,ETF,32.0,25.0,41.0,,0.1625,0.0921,3631.0,4830.0,26.96,24.98,0,NO,25.88,26.24,,26.17,,,88,0.0,604,NO,NO,2026-08-26,45700.0
3307,FLSA,32.1,32.32,28.0,ETF,ETF,32.0,36.0,29.0,30.0,0.1643,0.0286,565.0,590.0,35.38,30.88,0,NO,33.1,32.57,32.89,32.62,32.9,,1995,0.0,1500,NO,NO,2023-02-15,563400.0
3308,RSG,213.1,213.93,1132179.0,Industrial services,Environmental services,32.0,39.0,58.0,24.0,3.6704,3.3839,1494444.0,1929390.0,233.42,196.41,65253990400,NO,220.99,218.06,215.22,217.61,214.88,,7100,0.0,1143154,NO,NO,2001-12-13,31271850.0
3309,TRNI,25.01,25.04,14278.0,n/a,n/a,32.0,61.0,42.0,30.0,0.0732,0.0511,10898.0,18450.0,25.74,24.9,0,NO,25.27,25.27,25.31,25.27,25.26,,545,0.0,14278,NO,NO,2025-03-18,694400.0
3310,YLDY,24.91,25.05,1666.0,ETF,ETF,32.0,74.0,,,0.1604,0.0718,30960.0,2440.0,25.12,24.58,0,NO,24.86,,,,,,28,0.0,1666,NO,NO,2026-08-26,817400.0
3311,SMLL,20.32,20.571,231.0,ETF,ETF,32.0,14.0,40.0,45.0,0.1855,0.0492,2122.0,5270.0,22.56,18.58,0,NO,21.24,21.56,20.59,21.47,20.64,,517,0.0,231,NO,NO,2024-08-29,291200.0
3312,FPWR,35.02,35.678,5143.0,ETF,ETF,32.0,33.0,17.0,13.0,0.3434,0.3128,7979.0,5430.0,38.28,32.69,0,NO,36.42,36.89,36.42,36.66,37.14,,1781,0.0,5143,NO,NO,2024-06-14,136300.0
3313,BUSM,16.24,16.44,8010.0,ETF,ETF,32.0,24.0,,,0.2136,0.1536,6358.0,5270.0,17.53,16.03,0,NO,16.72,,,,,,41,0.0,8010,NO,NO,2026-07-29,23400.0
3314,CCS,61.4,61.66,164355.0,Real Estate,Real Estate - Development,32.0,7.0,34.0,46.0,1.9936,1.86,288841.0,310430.0,76.0,47.27,1745780096,NO,63.67,66.78,62.69,66.44,61.61,,3084,0.0,164365,NO,NO,2019-04-10,6423300.0
3315,BSMA,24.78,25.0,13.0,ETF,ETF,32.0,,,,,,,,25.05,24.78,0,NO,,,,,,,6,0.0,13,NO,NO,,
3316,POWA,87.36,87.46,5481.0,ETF,ETF,32.0,29.0,51.0,33.0,0.7834,0.607,3174.0,2240.0,94.15,84.53,0,NO,89.03,90.35,89.76,90.15,88.62,,4971,0.0,5481,NO,NO,2020-07-22,527300.0
3317,ISHG,74.29,74.94,28904.0,ETF,ETF,32.0,47.0,50.0,28.0,0.4569,0.4111,82633.0,26680.0,77.72,73.47,0,NO,75.61,75.26,75.33,75.32,75.05,,4440,0.0,28904,NO,NO,2026-04-29,2091000.0
3318,SBAR,25.61,25.78,352357.0,ETF,ETF,32.0,68.0,46.0,35.0,0.1664,0.1511,117612.0,103360.0,26.78,24.26,0,NO,25.63,25.61,25.64,25.61,25.42,,361,0.0,391660,NO,NO,2025-08-11,1240600.0
3319,CBIL,24.8,24.8,1796.0,ETF,ETF,32.0,63.0,41.0,,0.0257,0.0236,22790.0,740.0,25.15,24.69,0,NO,24.84,24.98,,24.95,,,76,0.0,1796,NO,NO,2026-08-21,601400.0
3320,UYG,87.4,92.06,14990.0,ETF,ETF,32.0,9.0,52.0,76.0,2.3857,1.7793,18271.0,15720.0,104.32,68.44,0,NO,95.73,96.2,87.12,95.74,85.66,,4941,0.0,14990,NO,NO,2008-10-10,202575180.0
3321,XEUR,24.23,24.94,726.0,ETF,ETF,32.0,9.0,41.0,,0.4051,0.0514,436.0,2200.0,27.3,23.69,0,NO,25.65,25.88,,25.88,,,77,0.0,726,NO,NO,2026-09-21,20900.0
3322,DANA,24.93,25.0,413.0,ETF,ETF,32.0,68.0,43.0,26.0,0.0425,0.0229,5044.0,2170.0,25.6,24.93,0,NO,25.0,25.04,25.18,25.02,25.11,,201,0.0,413,NO,NO,2026-08-14,90300.0
3323,SJB,15.3,15.3,573859.0,ETF,ETF,32.0,78.0,45.0,24.0,0.0578,0.0507,109411.0,170500.0,15.71,15.05,0,NO,15.24,15.2,15.3,15.23,15.31,,3899,0.0,573859,NO,NO,2022-06-14,4826500.0
3324,BSMQ,23.4,23.42,63391.0,ETF,ETF,32.0,66.0,42.0,28.0,0.0447,0.0406,49082.0,56080.0,23.75,23.39,0,NO,23.48,23.52,23.59,23.51,23.56,,1756,0.0,63391,NO,NO,2026-04-09,545300.0
3325,ITRI,91.32,92.43,371293.0,Technology,Scientific & Technical Instruments,32.0,12.0,85.0,22.0,2.2675,2.2239,766661.0,649430.0,142.0,77.77,3998606080,NO,94.77,95.45,92.13,95.91,89.35,,8274,0.0,371293,NO,NO,2026-07-28,6630900.0
3326,USDX,25.58,25.577,389483.0,ETF,ETF,32.0,74.0,41.0,29.0,0.1173,0.1159,48669.0,41220.0,26.25,24.98,0,NO,25.54,25.52,25.64,25.54,25.64,,643,0.0,389483,NO,NO,2025-03-31,2249200.0
3327,FNB,17.3,17.91,5338413.0,Financial Services,Banks - Regional,32.0,20.0,15.0,45.0,0.3589,0.3271,4697688.0,4260620.0,19.59,14.46,6158175744,NO,18.2,18.7,17.87,18.55,17.95,,10091,0.0,5338413,NO,NO,2025-10-16,40469500.0
3328,AVTX,15.3,16.17,1111192.0,Health technology,Pharmaceuticals: major,32.0,1.0,7.0,64.0,1.0689,1.0539,1120477.0,1267350.0,24.27,10.7,820538816,NO,18.03,18.63,16.87,18.12,16.83,,2750,0.0,1111192,NO,NO,2024-03-28,31910400.0
3329,PUSH,50.01,50.14,41122.0,ETF,ETF,31.0,65.0,41.0,27.0,0.1837,0.1794,31163.0,47130.0,51.46,49.98,0,NO,50.27,50.34,50.44,50.3,50.39,,560,0.0,41122,NO,NO,2026-08-04,101300.0
3330,RF,27.39,28.55,9275388.0,Finance,Major banks,31.0,10.0,18.0,48.0,0.6475,0.5889,8762620.0,8778700.0,32.47,22.7,23334348800,NO,29.66,30.61,28.69,30.23,28.75,,11724,0.0,9297056,YES,NO,2009-05-21,570981700.0
3331,LQID,24.77,24.81,12249.0,ETF,ETF,31.0,66.0,42.0,,0.0371,0.0279,16626.0,12660.0,25.12,24.77,0,NO,24.9,24.97,,24.93,,,91,0.0,12249,NO,NO,2026-07-17,64200.0
3332,BRLN,50.79,50.905,11736.0,ETF,ETF,31.0,73.0,45.0,30.0,0.2999,0.2942,6530.0,9510.0,52.12,50.1,0,NO,50.83,50.75,50.98,50.76,50.79,,993,0.0,11746,NO,NO,2024-02-12,165500.0
3333,PRAB,24.78,24.85,1221.0,ETF,ETF,31.0,68.0,42.0,26.0,0.0371,0.0261,3733.0,670.0,25.14,24.75,0,NO,24.84,24.89,,24.87,,,135,0.0,1221,NO,NO,2026-06-25,213400.0
3334,FREL,27.75,28.21,346167.0,ETF,ETF,31.0,17.0,19.0,38.0,0.3575,0.2975,277806.0,241270.0,30.92,26.37,0,NO,28.91,29.58,28.63,29.36,29.01,,2924,0.0,346167,NO,NO,2026-01-15,8690500.0
3335,IWMI,49.67,50.21,482342.0,ETF,ETF,31.0,26.0,19.0,42.0,0.5538,0.4634,413279.0,581880.0,53.86,45.64,0,NO,51.33,52.14,50.91,51.8,51.09,,563,0.0,482342,NO,NO,2025-01-08,991800.0
3336,FEMB,29.03,29.22,29886.0,ETF,ETF,31.0,48.0,43.0,30.0,0.2763,0.2513,86928.0,64990.0,31.55,28.3,0,NO,29.48,29.47,29.64,29.45,29.38,,2986,0.0,29886,NO,NO,2025-06-27,1423300.0
3337,CUST,24.77,24.83,1312.0,ETF,ETF,31.0,62.0,41.0,,0.0314,0.0107,4879.0,23780.0,25.11,24.77,0,NO,24.92,24.99,,24.95,,,76,0.0,1312,NO,NO,2026-09-17,234200.0
3338,GJR,24.22,24.47,2.0,Finance,Finance/Rental/Leasing,31.0,60.0,44.0,23.0,0.0664,0.0271,307.0,350.0,25.28,24.22,0,NO,24.63,24.79,24.79,24.74,24.77,,4712,0.0,1900,NO,NO,2008-02-26,200200.0
3339,WULF,16.35,17.33,30680442.0,Technology services,Data processing services,31.0,89.0,1.0,32.0,1.1321,1.0093,33260693.0,29057440.0,29.84,10.43,8158137856,NO,16.15,16.96,18.05,16.82,19.42,,8172,0.0,30680442,YES,NO,2025-08-14,289277500.0
3340,HEI,310.57,303.03,577275.0,Industrials,Aerospace & Defense,31.0,6.0,16.0,58.0,7.9036,7.4343,470485.0,482890.0,376.86,256.11,43404460032,NO,318.32,341.6,322.46,339.01,318.24,,11724,0.75,577276,NO,NO,1981-06-10,14352453.0
3341,DGIN,36.61,36.825,982.0,ETF,ETF,31.0,48.0,68.0,65.0,0.4077,0.1651,2436.0,3030.0,43.8,30.2,0,NO,37.12,36.7,36.14,36.81,34.85,,1152,0.0,982,NO,NO,2024-04-04,131200.0
3342,LKFT,30.72,29.59,635290.0,Healthcare,Biotechnology,31.0,91.0,76.0,18.0,0.9421,0.7846,235203.0,368860.0,37.78,25.68,2011689088,NO,28.46,28.24,30.23,28.18,28.93,,3664,0.0,635290,NO,NO,2017-08-10,2828800.0
3343,HMN,46.54,48.2,333949.0,Financial Services,Insurance - Property & Casualty,31.0,14.0,14.0,56.0,1.1243,0.9743,285025.0,434600.0,55.56,41.29,1884919168,NO,49.97,51.1,46.83,50.55,47.89,,8773,0.0,333949,NO,NO,1991-11-15,6093400.0
3344,HXA,24.82,24.7576,8.0,ETF,ETF,31.0,,,,0.0123,0.0012,124.0,200.0,25.02,24.75,0,NO,24.9,,,,,,20,0.0,2008,NO,NO,2026-09-16,2008.0
3345,JOUT,44.03,43.88,23157.0,Consumer Cyclical,Leisure,31.0,17.0,28.0,16.0,1.3614,1.3264,51084.0,39340.0,53.54,35.65,461419872,NO,44.93,46.29,46.35,46.2,46.55,,9811,0.0,23157,NO,NO,1987-10-09,1079800.0
3346,QCLN,49.24,48.91,87395.0,ETF,ETF,31.0,47.0,5.0,44.0,1.2507,0.9793,190885.0,104400.0,69.2,39.83,0,NO,48.84,50.39,52.27,50.01,53.63,,4932,0.0,87395,NO,NO,2021-01-07,2309400.0
3347,FRBT,17.87,18.0,93476.0,Financial Services,Banks - Diversified,31.0,32.0,42.0,,0.8168,0.8118,138096.0,249060.0,22.0,17.48,907159488,NO,18.48,19.0,,18.8,,,71,0.0,93476,NO,NO,2026-06-11,2502100.0
3348,NICO,25.05,25.0,320.0,ETF,ETF,31.0,72.0,39.0,,0.1814,0.0206,766.0,120.0,27.44,24.62,0,NO,25.18,25.56,,25.45,,,96,0.0,320,NO,NO,2026-06-26,23200.0
3349,LQ,24.23,24.36,636.0,ETF,ETF,31.0,63.0,56.0,,0.0986,0.0414,693.0,1010.0,25.22,23.5,0,NO,24.36,24.11,,24.16,,,97,0.0,636,NO,NO,2026-06-22,8400.0
3350,SJCP,24.75,24.795,642.0,ETF,ETF,31.0,57.0,42.0,28.0,0.0614,0.031,868.0,780.0,25.5,24.68,0,NO,25.03,25.05,25.14,25.03,25.07,,510,0.0,642,NO,NO,2026-05-27,184700.0
3351,TSEE,24.95,25.24,5337.0,ETF,ETF,31.0,,,,,,1000.0,1000.0,26.14,24.95,0,NO,,,,,,,4,0.0,5337,NO,YES,2026-09-23,5337.0
3352,RSPS,29.38,29.35,64921.0,ETF,ETF,31.0,17.0,37.0,32.0,0.3329,0.2493,190249.0,797390.0,33.37,28.21,0,NO,30.56,30.84,30.43,30.69,30.28,,4998,0.0,64921,NO,NO,2026-09-15,7016500.0
3353,CALI,49.96,50.08,380697.0,ETF,ETF,31.0,65.0,41.0,27.0,0.0696,0.0611,124411.0,159900.0,51.39,49.92,0,NO,50.23,50.32,50.45,50.27,50.39,,801,0.0,380697,NO,YES,2026-09-23,380697.0
3354,HALX,24.75,24.8,264.0,ETF,ETF,31.0,25.0,39.0,,0.1951,0.1316,1863.0,2550.0,26.3,23.41,0,NO,25.59,25.61,,25.56,,,87,0.0,264,NO,NO,2026-05-19,37900.0
3355,AX,87.61,90.63,262500.0,Finance,Major banks,31.0,11.0,24.0,41.0,2.3036,2.0864,371965.0,521500.0,105.74,74.89,4970469888,NO,94.54,97.26,92.19,96.36,91.98,,5414,0.0,262500,NO,NO,2015-10-14,23818000.0
3356,SLDR,49.43,49.405,13.0,ETF,ETF,31.0,77.0,58.0,32.0,0.0536,0.0234,10971.0,670.0,50.68,49.35,0,NO,49.55,49.62,49.94,49.59,49.76,,481,0.0,100,NO,NO,2026-07-07,200500.0
3357,FGBIP,17.88,18.11,810.0,Financial Services,Banks - Regional,31.0,20.0,11.0,32.0,0.23,0.2046,3306.0,6420.0,21.46,14.41,0,NO,18.3,19.1,18.33,18.82,18.96,,1360,0.0,810,NO,NO,2021-04-23,59400.0
3358,SMCO,27.89,28.104,5615.0,ETF,ETF,31.0,21.0,16.0,36.0,0.2901,0.2502,16906.0,24910.0,31.17,25.45,0,NO,28.57,29.5,28.92,29.28,29.16,,705,0.0,5615,NO,NO,2026-04-01,1117100.0
3359,PJIO,62.38,62.51,4104.0,ETF,ETF,31.0,36.0,16.0,54.0,0.8624,0.2958,14476.0,6680.0,70.89,53.03,0,NO,62.26,62.71,62.38,62.93,62.26,,691,0.0,4104,NO,NO,2026-08-21,391400.0
3360,BITC,38.89,39.82,3571.0,ETF,ETF,31.0,45.0,64.0,39.0,0.5625,0.3368,3641.0,3890.0,47.19,35.09,0,NO,40.28,38.05,37.87,38.34,38.17,,880,0.0,3571,NO,NO,2024-01-11,78700.0
3361,LODI,24.99,25.04,10087.0,ETF,ETF,31.0,64.0,41.0,27.0,0.0519,0.0463,20980.0,23920.0,26.57,24.98,0,NO,25.1,25.16,25.25,25.12,25.2,,450,0.0,10087,NO,NO,2024-12-04,2002000.0
3362,CSSD,24.81,24.94,19901.0,ETF,ETF,31.0,60.0,37.0,29.0,0.0735,0.0464,14965.0,10290.0,25.84,24.69,0,NO,25.0,25.09,,25.04,25.11,,194,0.0,19901,NO,NO,2026-03-03,608100.0
3363,BWZ,26.77,27.01,13958.0,ETF,ETF,31.0,48.0,50.0,26.0,0.2543,0.2259,112022.0,48050.0,28.26,26.5,0,NO,27.24,27.1,27.23,27.14,27.08,,4438,0.0,13958,NO,NO,2025-06-04,9950600.0
3364,BSTS,24.75,24.79,45471.0,ETF,ETF,31.0,60.0,40.0,,0.0582,0.0496,6266.0,23560.0,25.15,24.73,0,NO,24.92,24.99,,24.96,,,72,0.0,45471,NO,NO,2026-09-15,103600.0
3365,PCEF,19.51,19.76,301320.0,ETF,ETF,31.0,34.0,33.0,38.0,0.1457,0.1314,111400.0,85100.0,20.6,18.3,0,NO,20.05,20.15,19.94,20.11,19.88,,4173,0.0,301320,NO,NO,2026-04-08,1583900.0
3366,EWQ,43.63,44.22,262774.0,ETF,ETF,31.0,17.0,33.0,35.0,0.5221,0.36,316149.0,368040.0,48.39,41.58,0,NO,45.17,45.92,45.43,45.8,45.18,,7678,0.0,262774,NO,NO,2013-06-11,11532400.0
3367,BSMR,23.4,23.44,92237.0,ETF,ETF,31.0,61.0,41.0,27.0,0.0814,0.0786,59007.0,84520.0,23.85,23.34,0,NO,23.54,23.58,23.65,23.57,23.62,,1756,0.0,92237,NO,NO,2024-09-03,453800.0
3368,LPRE,27.27,27.54,12332.0,ETF,ETF,31.0,11.0,14.0,40.0,0.2757,0.2321,25723.0,24010.0,30.85,25.25,0,NO,28.65,29.48,28.32,29.2,28.75,,368,0.0,12332,NO,NO,2026-08-26,328000.0
3369,CBU,60.69,61.09,283856.0,Financial Services,Banks - Regional,31.0,31.0,19.0,45.0,1.0729,1.02,283712.0,362730.0,71.11,53.46,3193259264,NO,62.66,64.59,62.75,63.85,63.15,,10283,0.0,284156,NO,NO,2023-07-31,5232800.0
3370,HQDG,24.69,24.66,516.0,ETF,ETF,31.0,,,,,,983.0,420.0,25.02,23.96,0,NO,,,,,,,12,0.0,516,NO,NO,2026-09-08,5600.0
3371,GISC,49.51,49.64,1164.0,ETF,ETF,31.0,64.0,39.0,,0.1139,0.0864,10790.0,46460.0,50.36,49.48,0,NO,49.81,49.99,,49.9,,,69,0.0,1164,NO,NO,2026-09-09,152300.0
3372,POWI,51.05,49.51,643248.0,Electronic technology,Semiconductors,31.0,16.0,1.0,47.0,2.3461,2.0661,787955.0,771230.0,91.18,30.86,2852331776,NO,50.77,58.3,57.27,56.24,63.43,,7237,0.0,643248,NO,NO,2000-03-24,19421400.0
3373,FFLS,23.21,23.38,5295.0,ETF,ETF,31.0,57.0,61.0,42.0,0.1506,0.09,5977.0,5170.0,25.65,21.43,0,NO,23.07,23.17,23.04,23.25,22.84,,817,0.0,5295,NO,NO,2024-05-30,911500.0
3374,XIGV,24.65,23.6,14.0,ETF,ETF,31.0,83.0,,,0.2579,0.0236,346.0,150.0,25.28,21.82,0,NO,23.37,23.35,,23.46,,,61,0.0,100,NO,NO,2026-07-01,4100.0
3375,PEJ,61.49,62.69,86754.0,ETF,ETF,31.0,11.0,20.0,42.0,0.915,0.7131,71769.0,55940.0,69.43,55.66,0,NO,64.21,65.89,62.53,65.43,63.1,,5345,0.0,86754,NO,NO,2021-06-03,8380400.0
3376,PLOW,39.45,39.89,115394.0,Producer manufacturing,Trucks/Construction/Farm machinery,31.0,21.0,5.0,14.0,1.0057,0.9807,276995.0,175840.0,55.0,28.52,910389504,NO,40.78,42.54,42.23,42.28,44.23,,4121,0.0,115394,NO,NO,2011-05-17,3421000.0
3377,SE,103.29,102.65,2006449.0,Retail trade,Internet retail,31.0,7.0,85.0,87.0,3.5764,3.3816,4427842.0,3715890.0,193.48,77.05,63263531008,NO,110.2,111.42,104.06,110.24,96.4,,2241,0.0,2006449,NO,NO,2023-08-15,52278000.0
3378,PID,21.65,21.93,108029.0,ETF,ETF,31.0,21.0,33.0,25.0,0.2314,0.1642,70238.0,73120.0,23.76,21.0,0,NO,22.55,22.83,22.7,22.71,22.68,,5287,0.0,108029,NO,NO,2011-10-18,7049000.0
3379,XLRE,41.84,42.59,6710964.0,ETF,ETF,31.0,17.0,18.0,37.0,0.5446,0.4992,5150885.0,5179130.0,46.45,39.73,0,NO,43.62,44.51,43.18,44.25,43.84,,2754,0.0,6710964,NO,NO,2020-04-09,49899800.0
3380,PRN,200.38,199.16,16862.0,ETF,ETF,31.0,38.0,4.0,33.0,4.2532,3.3468,43522.0,19270.0,262.73,156.0,0,NO,198.08,211.27,212.11,209.48,219.98,,5016,0.34,16862,NO,NO,2007-09-14,2106600.0
3381,FORH,24.16,24.199,977.0,ETF,ETF,30.0,39.0,40.0,29.0,0.1641,0.0871,701.0,610.0,27.79,23.4,0,NO,24.53,24.52,24.81,24.56,24.66,,1355,0.0,977,NO,NO,2021-05-07,291200.0
3382,KSA,37.19,37.16,360670.0,ETF,ETF,30.0,43.0,32.0,24.0,0.2761,0.1821,464279.0,470090.0,41.5,35.81,0,NO,38.25,37.79,38.14,37.84,38.16,,2769,0.0,360681,NO,NO,2019-05-28,11753300.0
3383,CIVG,24.7,24.67,11.0,ETF,ETF,30.0,71.0,53.0,,0.0379,0.0057,763.0,2940.0,25.15,24.57,0,NO,24.8,24.9,,24.85,,,75,0.0,100,NO,NO,2026-06-15,54600.0
3384,IZRL,28.6,28.985,4194.0,ETF,ETF,30.0,58.0,40.0,34.0,0.4918,0.4129,8985.0,6030.0,32.76,25.96,0,NO,28.91,29.42,29.66,29.24,29.53,,2210,0.0,4194,NO,NO,2021-02-09,1359600.0
3385,BBLS,24.78,24.42,1430.0,ETF,ETF,30.0,,,,0.3504,0.1225,15717.0,870.0,26.08,23.91,0,NO,24.97,,,,,,23,0.7,1430,NO,NO,2026-08-20,300300.0
3386,BUCK,23.38,23.39,152143.0,ETF,ETF,30.0,70.0,43.0,26.0,0.0832,0.0814,196077.0,174130.0,24.04,23.2,0,NO,23.35,23.39,23.56,23.37,23.47,,977,0.0,152143,NO,NO,2025-01-31,4536300.0
3387,DEA,22.7,23.33,451907.0,Real Estate,REIT - Office,30.0,15.0,19.0,38.0,0.439,0.4244,376863.0,402140.0,25.96,20.56,1112431872,NO,24.05,24.56,23.43,24.3,23.74,,2923,0.0,451925,NO,NO,2018-06-19,3703960.0
3388,TVC,23.77,23.82,17192.0,Government,General government,30.0,61.0,43.0,23.0,0.1332,0.1304,18709.0,8100.0,24.57,23.74,0,NO,23.93,23.98,24.14,23.95,24.05,,7027,0.0,17192,NO,NO,2008-03-11,3159300.0
3389,DEFR,26.22,26.391,11982.0,ETF,ETF,30.0,57.0,39.0,24.0,0.1793,0.1349,15865.0,10250.0,27.34,23.63,0,NO,26.48,26.56,26.68,26.51,26.59,,341,0.0,11982,NO,NO,2025-07-30,816800.0
3390,ARMS,24.72,24.93,51144.0,ETF,ETF,30.0,57.0,,,0.065,0.0271,63876.0,2410.0,25.22,24.72,0,NO,24.99,,,,,,38,0.0,51144,NO,NO,2026-08-14,1195100.0
3391,BAH,75.65,77.38,1492889.0,Commercial services,Miscellaneous commercial services,30.0,55.0,89.0,13.0,2.3993,2.1421,2071720.0,1715940.0,109.1,59.5,9099558912,NO,75.58,73.42,78.59,74.95,75.05,,3983,0.0,1492889,NO,NO,2025-12-19,19506200.0
3392,TRP,60.2,60.48,2819333.0,Industrial services,Oil & gas pipelines,30.0,43.0,8.0,12.0,1.1907,1.16,2465368.0,3117140.0,71.47,49.27,62714368000,NO,61.97,64.39,62.9,63.44,65.15,,11090,0.0,2819333,NO,NO,2023-07-28,10985900.0
3393,PG,147.39,146.08,6566772.0,Consumer non-durables,Household/Personal care,30.0,82.0,34.0,36.0,2.1521,1.8402,8937111.0,8731910.0,167.25,137.62,342338666496,NO,145.67,146.08,147.46,145.62,146.6,,16289,0.0,6566772,NO,NO,2000-03-07,137287200.0
3394,ISRL,24.9,25.42,114.0,ETF,ETF,30.0,,,,,,2792.0,2680.0,26.98,24.57,0,NO,,,,,,,14,0.0,114,NO,NO,2026-09-21,16200.0
3395,CCID,24.8,24.951,4721.0,Financial Services,Asset Management,30.0,63.0,36.0,28.0,0.0752,0.0569,3214.0,4410.0,25.53,24.8,0,NO,25.0,25.12,25.19,25.05,25.17,,228,0.0,4721,NO,NO,2025-10-24,191100.0
3396,ISWN,21.43,21.84,4758.0,ETF,ETF,30.0,28.0,28.0,30.0,0.2395,0.104,1868.0,2770.0,24.46,20.74,0,NO,22.11,22.25,22.13,22.2,22.08,,1421,0.0,4758,NO,NO,2021-01-26,1069800.0
3397,ZTWO,49.97,50.057,474.0,ETF,ETF,30.0,65.0,42.0,26.0,0.0766,0.0355,1315.0,800.0,51.05,49.89,0,NO,50.17,50.29,50.56,50.22,50.41,,676,0.0,474,NO,NO,2024-11-27,2546100.0
3398,FLBL,22.99,23.03,265509.0,ETF,ETF,30.0,68.0,50.0,31.0,0.051,0.0481,222392.0,376400.0,24.08,22.57,0,NO,23.06,23.04,23.1,23.05,22.98,,2088,0.0,265509,NO,NO,2025-04-03,5794500.0
3399,BILD,28.44,28.629,14.0,ETF,ETF,30.0,42.0,35.0,14.0,0.1532,0.0153,492.0,110.0,31.79,27.36,0,NO,29.21,29.65,29.86,29.47,30.1,,704,0.0,100,NO,NO,2026-02-13,52600.0
3400,UJB,76.64,77.25,27.0,ETF,ETF,30.0,44.0,40.0,28.0,0.3007,0.0807,17809.0,13380.0,80.09,74.76,0,NO,78.2,78.35,78.6,78.16,78.11,,3881,0.0,26800,NO,NO,2021-12-20,351600.0
3401,EMBX,50.04,50.45,373690.0,ETF,ETF,30.0,46.0,34.0,28.0,0.2264,0.1636,28607.0,26610.0,54.61,49.42,0,NO,50.74,50.97,51.14,50.89,51.01,,3572,0.0,373694,NO,NO,2026-03-17,887500.0
3402,WSDB,24.67,24.72,144.0,ETF,ETF,30.0,63.0,39.0,,0.0393,0.025,1569.0,120.0,25.14,24.66,0,NO,24.81,24.88,,24.85,,,120,0.0,144,NO,NO,2026-04-01,52000.0
3403,FRNW,21.6,22.087,20985.0,ETF,ETF,30.0,35.0,10.0,14.0,0.4192,0.2947,69682.0,15550.0,27.97,18.81,0,NO,22.08,22.46,23.16,22.33,23.62,,1244,0.0,20985,NO,NO,2026-04-10,2447400.0
3404,KHYB,23.93,24.03,773.0,ETF,ETF,30.0,61.0,41.0,32.0,0.0569,0.0434,2687.0,2760.0,24.88,23.51,0,NO,24.06,24.11,24.28,24.09,24.12,,2063,0.0,773,NO,NO,2022-01-11,187500.0
3405,GOU,24.31,26.876,401685.0,ETF,ETF,30.0,26.0,11.0,57.0,1.2382,0.9664,111406.0,184010.0,38.51,17.77,0,NO,25.07,25.92,26.67,25.46,27.12,,202,0.0,401685,NO,YES,2026-09-23,401685.0
3406,LONZ,49.22,49.28,25371.0,ETF,ETF,30.0,71.0,46.0,29.0,0.0767,0.0734,56673.0,99630.0,51.09,48.8,0,NO,49.22,49.19,49.61,49.22,49.3,,1075,0.0,25371,NO,NO,2025-04-04,1253600.0
3407,PFXF,17.72,17.9,658854.0,ETF,ETF,30.0,59.0,32.0,33.0,0.1878,0.1536,715311.0,647640.0,19.07,17.03,0,NO,17.83,17.81,18.08,17.84,18.03,,3564,0.0,658854,NO,NO,2026-05-12,3802000.0
3408,FIW,105.64,105.39,185335.0,ETF,ETF,30.0,29.0,50.0,35.0,1.1239,1.0143,49506.0,39030.0,116.3,98.52,0,NO,107.47,109.05,108.48,108.86,106.63,,4872,0.0,185335,NO,NO,2016-11-22,868000.0
3409,XQBT,24.34,24.54,1955.0,ETF,ETF,30.0,,,,0.4586,0.2214,2370.0,1280.0,25.05,22.85,0,NO,23.65,,,,,,24,0.0,1955,NO,NO,2026-08-19,22500.0
3410,EMFI,48.99,49.47,12.0,ETF,ETF,30.0,57.0,37.0,,0.2293,0.0264,466.0,360.0,51.12,48.92,0,NO,49.66,49.94,,49.86,,,104,0.0,200,NO,NO,2026-04-23,338200.0
3411,XLKX,22.83,22.83,3455.0,ETF,ETF,30.0,94.0,79.0,,0.4707,0.1593,806.0,730.0,24.55,17.11,0,NO,21.03,20.54,,20.96,,,77,0.0,3455,NO,NO,2026-07-10,10900.0
3412,AMH,30.93,31.24,2833485.0,Finance,Real estate investment trusts,30.0,10.0,22.0,61.0,0.5339,0.5261,2290703.0,3355330.0,35.07,27.22,12679815168,NO,32.36,33.31,31.68,32.93,31.84,,3305,0.0,2966317,NO,NO,2024-02-29,53186700.0
3413,GOODN,22.27,22.26,531.0,Real Estate,REIT - Diversified,30.0,32.0,41.0,30.0,0.4755,0.3697,2558.0,3720.0,23.91,20.91,0,NO,22.78,23.1,22.77,23.02,22.65,,1756,0.0,531,NO,NO,2019-09-26,938200.0
3414,ELD,28.31,28.57,15901.0,ETF,ETF,30.0,45.0,40.0,31.0,0.1943,0.1557,19952.0,10960.0,30.29,27.12,0,NO,28.76,28.75,28.95,28.73,28.68,,4055,0.0,16048,NO,NO,2011-09-27,4352500.0
3415,USTB,49.97,50.1,261194.0,ETF,ETF,30.0,64.0,40.0,26.0,0.0989,0.0764,354984.0,404440.0,51.1,49.93,0,NO,50.28,50.38,50.64,50.32,50.51,,2236,0.0,261194,NO,NO,2025-09-09,2332500.0
3416,BSJQ,22.83,22.85,228679.0,ETF,ETF,30.0,67.0,43.0,25.0,0.0336,0.0279,279846.0,218070.0,23.46,22.82,0,NO,22.9,22.9,23.12,22.9,23.04,,2041,0.0,228679,NO,NO,2024-10-09,1636700.0
3417,STAG,36.83,37.51,1222706.0,Real Estate,REIT - Industrial,30.0,75.0,21.0,29.0,0.5496,0.5443,1635823.0,1455330.0,42.61,34.4,7248241152,NO,37.28,38.08,38.06,37.65,38.1,,3881,0.0,1222706,NO,NO,2023-05-03,37188800.0
3418,SRS,43.92,42.77,20982.0,ETF,ETF,30.0,95.0,84.0,9.0,0.98,0.8364,11744.0,15520.0,50.8,36.36,0,NO,41.34,39.63,43.0,40.12,41.36,,4941,1.43,20982,NO,NO,2022-05-04,253000.0
3419,ZINN,41.3,41.14,420.0,ETF,ETF,30.0,80.0,,,0.5492,0.2319,10446.0,1650.0,42.08,38.55,0,NO,39.89,,,,,,26,0.0,420,NO,NO,2026-09-02,187600.0
3420,GIND,24.33,24.63,6498.0,ETF,ETF,30.0,43.0,52.0,48.0,0.2594,0.0977,6236.0,3020.0,27.6,21.43,0,NO,24.77,24.67,24.49,24.73,24.01,,369,0.0,6498,NO,NO,2025-09-30,1561400.0
3421,GLRE,15.01,15.09,104218.0,Financial Services,Insurance - Reinsurance,30.0,54.0,13.0,9.0,0.3064,0.2907,156652.0,159250.0,19.39,11.57,497828384,NO,15.18,15.78,15.74,15.6,16.42,,4863,0.0,104218,NO,NO,2007-05-24,7092400.0
3422,WTFCN,26.05,26.07,11717.0,Finance,Regional banks,30.0,68.0,44.0,28.0,0.1443,0.1396,37411.0,44270.0,27.31,25.5,0,NO,26.14,26.12,26.27,26.09,26.16,,344,0.0,11717,NO,NO,2025-05-30,2814100.0
3423,SJLD,24.82,24.855,393.0,ETF,ETF,30.0,53.0,40.0,26.0,0.0474,0.006,200.0,180.0,25.59,24.82,0,NO,25.17,25.21,25.32,25.18,25.28,,355,0.0,393,NO,NO,2025-11-18,35400.0
3424,DCRE,51.13,51.17,53279.0,ETF,ETF,30.0,64.0,41.0,25.0,0.0904,0.0839,34560.0,45160.0,52.56,51.01,0,NO,51.31,51.48,51.81,51.43,51.67,,870,0.0,53279,NO,NO,2024-09-12,775300.0
3425,BEMD,24.68,24.64,8.0,ETF,ETF,30.0,72.0,,,0.0471,0.0,34918.0,100.0,25.02,24.49,0,NO,24.8,,,,,,26,0.0,100,NO,NO,2026-08-14,940000.0
3426,JABS,49.39,49.46,116636.0,ETF,ETF,30.0,63.0,41.0,26.0,0.2281,0.2081,6753.0,10350.0,54.31,48.79,0,NO,49.66,49.8,50.01,49.75,49.88,,294,0.0,116636,NO,NO,2026-04-15,288400.0
3427,BNL,18.91,19.28,2049446.0,Real Estate,REIT - Diversified,30.0,9.0,12.0,34.0,0.4039,0.3839,2144515.0,2127410.0,23.1,17.16,4025874944,NO,20.42,21.15,19.8,20.76,20.38,,1510,0.0,2049524,NO,NO,2026-04-08,33401600.0
3428,ASEC,49.37,49.39,721.0,ETF,ETF,30.0,62.0,39.0,,0.0529,0.0007,2714.0,160.0,50.65,49.37,0,NO,49.68,49.85,,49.77,,,81,0.0,721,NO,NO,2026-05-28,376000.0
3429,CCPX,22.58,21.73,14.0,ETF,ETF,30.0,17.0,74.0,,0.4507,0.0171,101.0,100.0,25.04,19.0,0,NO,22.7,23.12,,23.22,,,76,0.0,100,NO,NO,2026-06-16,46500.0
3430,GIAX,16.43,16.45,40225.0,ETF,ETF,30.0,84.0,21.0,56.0,0.2889,0.2346,94776.0,70350.0,18.77,13.26,0,NO,16.0,15.87,16.19,15.93,16.06,,539,0.0,40225,NO,NO,2026-07-07,424400.0
3431,JPLD,51.46,51.58,350057.0,ETF,ETF,29.0,63.0,41.0,25.0,0.0841,0.0761,452655.0,613980.0,52.75,51.41,0,NO,51.74,51.9,52.18,51.85,52.04,,790,0.0,350057,NO,NO,2025-09-09,6190100.0
3432,NBSD,50.16,50.24,491136.0,ETF,ETF,29.0,63.0,41.0,26.0,0.0836,0.0725,258220.0,337590.0,51.57,50.12,0,NO,50.36,50.51,50.84,50.45,50.65,,564,0.0,491136,NO,NO,2026-09-02,1110300.0
3433,PRSD,24.67,24.755,6887.0,ETF,ETF,29.0,62.0,39.0,25.0,0.0781,0.0666,135566.0,106610.0,25.26,24.47,0,NO,24.86,24.9,25.02,24.88,24.98,,260,0.0,6887,NO,NO,2026-08-03,2440700.0
3434,BSJS,21.55,21.615,93852.0,ETF,ETF,29.0,60.0,42.0,28.0,0.0789,0.0747,156414.0,127460.0,22.11,21.48,0,NO,21.71,21.74,21.85,21.72,21.77,,1511,0.0,93852,NO,NO,2026-03-03,824900.0
3435,DESK,37.96,38.936,1413.0,ETF,ETF,29.0,15.0,18.0,66.0,0.4759,0.3098,24565.0,4380.0,43.92,32.0,0,NO,39.7,41.09,37.93,40.63,38.4,,753,0.0,1413,NO,NO,2026-08-11,225600.0
3436,GTOS,24.64,24.665,14069.0,ETF,ETF,29.0,60.0,41.0,26.0,0.0332,0.0218,1503.0,1350.0,25.27,24.62,0,NO,24.81,24.87,25.02,24.85,24.94,,946,0.0,14069,NO,NO,2025-10-31,145300.0
3437,FFIN,31.92,32.74,772834.0,Financial Services,Banks - Regional,29.0,21.0,22.0,49.0,0.6325,0.5864,819220.0,879340.0,36.52,28.12,4574768640,NO,33.11,34.17,32.52,33.86,32.72,,8278,0.0,772834,NO,NO,2019-03-21,25666000.0
3438,BSJR,22.16,22.265,84915.0,ETF,ETF,29.0,61.0,42.0,28.0,0.06,0.0557,183447.0,190270.0,22.77,22.16,0,NO,22.33,22.35,22.46,22.34,22.39,,1765,0.0,84915,NO,NO,2025-07-28,799300.0
3439,SPSB,29.62,29.68,15693500.0,ETF,ETF,29.0,63.0,40.0,26.0,0.0493,0.0421,5324926.0,10643660.0,30.34,29.58,0,NO,29.78,29.86,30.04,29.83,29.94,,4205,0.0,15693500,YES,NO,2026-03-19,34180200.0
3440,SCSB,24.62,24.68,284.0,ETF,ETF,29.0,63.0,39.0,,0.0289,0.0146,3074.0,2110.0,25.12,24.61,0,NO,24.77,24.83,,24.8,,,122,0.0,284,NO,NO,2026-04-01,76600.0
3441,DASH,189.27,193.83,5770871.0,Consumer Cyclical,Internet Retail,29.0,4.0,83.0,75.0,7.337,6.8245,4163320.0,3874780.0,285.5,143.3,82010308608,NO,211.31,205.42,188.26,205.85,180.75,,1452,0.0,5808868,NO,NO,2025-03-21,73637400.0
3442,STBF,24.92,25.025,30403.0,ETF,ETF,29.0,62.0,38.0,25.0,0.0495,0.033,22011.0,31340.0,25.6,24.92,0,NO,25.16,25.2,25.34,25.16,25.28,,615,0.0,30403,NO,NO,2025-09-26,416100.0
3443,ARMY,23.95,23.986,3868.0,ETF,ETF,29.0,12.0,51.0,10.0,0.389,0.2816,2852.0,4490.0,28.96,21.14,0,NO,24.32,25.19,25.55,25.2,25.21,,249,0.0,3898,NO,NO,2026-04-30,40400.0
3444,TEMD,24.87,24.65,14.0,ETF,ETF,29.0,76.0,48.0,32.0,0.0704,0.0,196.0,110.0,25.72,24.45,0,NO,24.74,24.77,,24.75,24.88,,167,0.0,100,NO,NO,2026-02-11,401000.0
3445,GQRE,60.48,61.16,49633.0,ETF,ETF,29.0,22.0,21.0,34.0,0.5614,0.4006,22677.0,89140.0,67.49,58.11,0,NO,62.59,64.12,62.88,63.58,63.44,,3237,0.0,49633,NO,NO,2026-09-15,709600.0
3446,STOT,46.39,46.5,70335.0,ETF,ETF,29.0,64.0,39.0,25.0,0.0612,0.0559,68420.0,106030.0,47.55,46.38,0,NO,46.65,46.77,47.06,46.71,46.93,,2625,0.0,70335,NO,NO,2021-08-16,1641700.0
3447,HBANL,25.07,25.15,13106.0,Financial Services,Banks - Regional,29.0,65.0,43.0,29.0,0.1589,0.156,22801.0,24320.0,25.99,24.31,0,NO,25.15,25.13,25.29,25.12,25.15,,895,0.0,13106,NO,NO,2023-03-31,3640300.0
3448,SDSI,50.59,50.71,71362.0,ETF,ETF,29.0,62.0,39.0,26.0,0.1064,0.0896,33893.0,37430.0,52.04,50.55,0,NO,50.93,51.08,51.36,51.0,51.19,,988,0.0,71362,NO,NO,2025-09-18,750900.0
3449,PFLD,19.35,19.45,82002.0,ETF,ETF,29.0,63.0,37.0,29.0,0.0709,0.0639,66226.0,112730.0,19.87,19.29,0,NO,19.46,19.52,19.61,19.49,19.57,,1717,0.0,82002,NO,NO,2023-04-27,898400.0
3450,HELS,23.9,23.803,18022.0,ETF,ETF,29.0,62.0,38.0,37.0,0.2174,0.1496,9533.0,6410.0,26.41,22.4,0,NO,23.85,24.13,,24.05,23.98,,195,0.0,18022,NO,NO,2026-03-03,293100.0
3451,BRKU,22.96,22.641,132330.0,ETF,ETF,29.0,86.0,63.0,40.0,0.5571,0.5212,93528.0,84130.0,26.8,20.25,0,NO,23.18,23.13,22.87,23.16,22.37,,445,0.48,133005,NO,NO,2025-09-08,2563800.0
3452,AROC,30.84,30.73,960055.0,Energy,Oil & Gas Equipment & Services,29.0,42.0,4.0,5.0,1.0379,0.9986,2000893.0,2120070.0,42.23,22.88,5407429632,NO,31.72,33.69,33.53,33.06,35.4,,4802,0.0,960055,NO,NO,2018-04-27,19724500.0
3453,KVUE,17.67,17.67,16096964.0,Consumer non-durables,Household/Personal care,29.0,17.0,25.0,32.0,0.3376,0.3076,22962984.0,34371740.0,20.13,14.02,33940068352,NO,18.39,18.85,18.01,18.72,18.2,,849,0.0,16141821,YES,NO,2023-08-24,372341300.0
3454,PTC,140.4,135.28,2083938.0,Technology,Software - Application,29.0,11.0,92.0,12.0,5.5604,4.8675,1588215.0,2027580.0,206.82,108.5,15234278400,NO,141.79,139.19,146.52,141.31,137.97,,9263,0.0,2099397,NO,NO,1989-12-08,26329920.0
3455,NEMD,51.34,52.12,4679.0,ETF,ETF,29.0,47.0,31.0,27.0,0.2557,0.1607,8541.0,6840.0,55.25,50.68,0,NO,52.16,52.46,52.65,52.31,52.54,,280,0.0,4679,NO,NO,2026-06-25,103200.0
3456,GLCR,24.33,24.375,39.0,ETF,ETF,29.0,45.0,71.0,23.0,0.1574,0.0143,422.0,330.0,28.72,23.15,0,NO,24.85,24.53,25.67,24.68,24.94,,374,0.0,39,NO,NO,2026-02-17,13800.0
3457,GLRY,38.06,38.108,13046.0,ETF,ETF,29.0,30.0,12.0,35.0,0.5041,0.3802,17574.0,15530.0,43.79,34.38,0,NO,38.59,40.09,39.52,39.8,40.16,,1452,0.0,13046,NO,NO,2022-11-10,742600.0
3458,SDIV,23.85,24.36,399397.0,ETF,ETF,29.0,33.0,37.0,19.0,0.2475,0.2082,382084.0,322160.0,26.44,22.9,0,NO,24.74,24.77,25.05,24.67,24.95,,3844,0.0,401511,NO,NO,2026-03-02,2045800.0
3459,WMSB,24.65,24.61,213.0,ETF,ETF,29.0,47.0,41.0,20.0,0.0517,0.0163,7976.0,590.0,25.52,24.57,0,NO,24.79,24.9,25.12,24.83,25.0,,219,0.0,500,NO,NO,2026-07-13,437000.0
3460,SPTS,28.65,28.71,8971504.0,ETF,ETF,29.0,63.0,40.0,24.0,0.0396,0.0318,2047866.0,2226430.0,29.4,28.61,0,NO,28.81,28.89,29.08,28.85,28.99,,3722,0.0,8971504,NO,NO,2020-03-09,96504300.0
3461,SHY,81.12,81.29,5620080.0,ETF,ETF,29.0,63.0,41.0,24.0,0.1093,0.0821,3766795.0,5187310.0,83.2,81.05,0,NO,81.58,81.79,82.33,81.71,82.07,,6076,0.0,5620080,NO,NO,2014-02-03,54448200.0
3462,ETR,99.23,101.58,2766728.0,Utilities,Utilities - Regulated Electric,29.0,28.0,9.0,22.0,1.9571,1.8918,2675536.0,3210220.0,118.45,90.21,47409860608,NO,105.13,107.9,106.0,106.28,109.81,,13690,0.0,2766728,NO,NO,1988-06-24,18572400.0
3463,LIN,469.72,457.5,1809656.0,Basic Materials,Specialty Chemicals,29.0,37.0,14.0,24.0,7.6471,6.9729,2115015.0,2091020.0,548.2,387.78,216531599360,NO,473.72,487.17,483.43,481.44,498.53,,8626,1.38,1925590,NO,NO,2018-10-30,57375600.0
3464,QBER,23.82,23.78,6364.0,ETF,ETF,29.0,71.0,45.0,27.0,0.1139,0.1063,19000.0,9790.0,24.89,19.75,0,NO,23.84,23.86,23.92,23.83,23.88,,558,0.0,6364,NO,NO,2025-07-14,2264600.0
3465,XLCI,23.92,24.248,2104.0,ETF,ETF,29.0,80.0,66.0,23.0,0.2705,0.102,2838.0,2010.0,26.08,22.61,0,NO,23.8,23.61,24.38,23.6,24.01,,289,0.0,2104,NO,NO,2025-07-30,40900.0
3466,SCHO,23.85,23.9,3878190.0,ETF,ETF,29.0,63.0,41.0,24.0,0.0354,0.0297,4672134.0,4292640.0,24.46,23.82,0,NO,23.98,24.04,24.2,24.02,24.12,,4057,0.0,3878207,NO,NO,2023-01-18,61120600.0
3467,PINC,49.31,49.39,1788.0,ETF,ETF,29.0,58.0,38.0,,0.075,0.0393,1044.0,1490.0,50.29,49.31,0,NO,49.7,49.89,,49.81,,,71,0.0,1788,NO,NO,2026-09-08,21200.0
3468,XW,24.47,23.61,19.0,ETF,ETF,29.0,57.0,35.0,,0.3929,0.0207,315.0,920.0,25.56,22.11,0,NO,24.31,23.95,,24.2,,,76,1.69,8200,NO,NO,2026-06-03,10000.0
3469,BJ,89.98,92.31,2369986.0,Consumer Defensive,Discount Stores,29.0,20.0,71.0,12.0,2.2307,2.0489,1762379.0,1508800.0,105.78,83.21,11365795840,NO,92.03,93.53,93.47,93.43,92.75,,2069,0.0,2370002,NO,NO,2020-05-21,25025200.0
3470,BSCS,20.12,20.16,789223.0,ETF,ETF,29.0,60.0,41.0,26.0,0.0364,0.0286,659066.0,572540.0,20.68,20.1,0,NO,20.27,20.32,20.45,20.3,20.38,,2040,0.0,789223,NO,NO,2026-08-06,5205400.0
3471,PCS,49.19,49.325,49.0,ETF,ETF,29.0,52.0,44.0,20.0,0.0501,0.0173,10230.0,23280.0,50.64,49.2,0,NO,49.54,49.71,50.1,49.63,49.91,,286,0.0,600,NO,NO,2026-02-19,2725000.0
3472,BBSB,97.1,97.287,2533.0,ETF,ETF,29.0,63.0,40.0,24.0,0.1047,0.0474,1100.0,1880.0,99.58,97.09,0,NO,97.64,97.91,98.57,97.8,98.22,,859,0.0,2533,NO,NO,2023-09-18,106300.0
3473,EMIF,26.27,26.79,111.0,ETF,ETF,29.0,80.0,41.0,11.0,0.2169,0.0771,2528.0,2030.0,30.79,24.75,0,NO,26.34,26.09,27.51,26.13,27.13,,4341,0.0,111,NO,NO,2024-06-12,521800.0
3474,TIPH,97.73,97.253,10.0,ETF,ETF,29.0,,,,,,27.0,27.0,99.24,97.19,0,NO,,,,,,,14,0.0,110,NO,NO,,
3475,TSRS,25.23,25.271,143.0,ETF,ETF,29.0,20.0,32.0,23.0,0.1458,0.048,500.0,180.0,29.0,24.76,0,NO,26.46,27.25,,26.87,26.89,,182,0.0,100,NO,NO,2025-12-30,29400.0
3476,RMHY,24.56,24.74,3565.0,ETF,ETF,29.0,54.0,,,0.0951,0.0715,41179.0,12630.0,25.87,23.63,0,NO,24.85,24.94,,24.9,,,63,0.0,3565,NO,NO,2026-06-24,1140500.0
3477,USSH,49.76,49.86,310.0,ETF,ETF,29.0,63.0,40.0,24.0,0.045,0.0139,1093.0,1680.0,51.06,49.76,0,NO,50.02,50.16,50.5,50.1,50.33,,633,0.0,310,NO,NO,2025-02-20,51200.0
3478,HNDL,21.88,22.14,152024.0,ETF,ETF,29.0,43.0,28.0,31.0,0.1906,0.1671,81776.0,143220.0,23.0,21.53,0,NO,22.3,22.5,22.45,22.43,22.49,,2176,0.0,152028,NO,NO,2022-01-18,2453900.0
3479,HBDC,24.46,24.575,18.0,ETF,ETF,28.0,60.0,40.0,29.0,0.0891,0.0755,1403.0,1700.0,27.56,23.16,0,NO,24.64,24.71,24.79,24.66,24.66,,322,0.0,18,NO,NO,2025-09-03,777900.0
3480,SLMBP,73.99,73.5,429.0,Financial Services,Credit Services,28.0,61.0,39.0,26.0,0.7543,0.4686,3085.0,1680.0,76.34,70.58,0,NO,74.53,74.64,74.58,74.51,74.61,,5334,0.34,429,NO,NO,2012-01-23,2272200.0
3481,UDN,17.95,18.08,57941.0,ETF,ETF,28.0,51.0,52.0,27.0,0.0757,0.0507,87815.0,59360.0,18.86,17.75,0,NO,18.22,18.13,18.21,18.15,18.11,,4922,0.0,57941,NO,NO,2010-05-27,3443500.0
3482,BNDS,49.85,50.12,22396.0,ETF,ETF,28.0,65.0,35.0,29.0,0.1869,0.1426,27422.0,17420.0,52.01,49.23,0,NO,50.11,50.25,50.67,50.14,50.51,,423,0.0,22396,NO,NO,2026-06-11,120100.0
3483,LDUR,94.13,94.46,39234.0,ETF,ETF,28.0,60.0,39.0,24.0,0.2924,0.2594,76357.0,47650.0,96.6,94.08,0,NO,94.89,95.16,95.61,95.03,95.34,,3185,0.0,39234,NO,NO,2026-04-06,1236200.0
3484,SUB,104.83,105.28,1101630.0,ETF,ETF,28.0,59.0,38.0,24.0,0.1779,0.1618,516576.0,706980.0,107.51,104.72,0,NO,105.74,106.01,106.52,105.87,106.27,,4486,0.0,1101630,NO,NO,2026-01-13,3671000.0
3485,BLUI,25.12,25.35,2751.0,ETF,ETF,28.0,47.0,34.0,25.0,0.0868,0.0517,15877.0,17110.0,26.06,25.12,0,NO,25.51,25.65,25.65,25.58,25.65,,314,0.0,2751,NO,NO,2025-06-24,1565100.0
3486,RKNG,24.7,24.782,3976.0,ETF,ETF,28.0,90.0,9.0,83.0,0.6875,0.3363,3825.0,4220.0,30.71,16.55,0,NO,23.12,23.12,,23.34,23.86,,168,0.0,3976,NO,NO,2026-01-23,258700.0
3487,XLBI,23.48,23.282,4552.0,ETF,ETF,28.0,30.0,35.0,38.0,0.285,0.1934,6090.0,6970.0,25.45,22.35,0,NO,23.99,24.01,24.07,24.03,23.88,,289,0.72,4552,NO,NO,2026-02-03,96600.0
3488,FHYS,22.79,22.89,38225.0,ETF,ETF,28.0,63.0,38.0,27.0,0.0699,0.0657,23612.0,29340.0,23.47,22.76,0,NO,22.94,22.99,23.14,22.96,23.04,,1194,0.0,38225,NO,NO,2021-12-17,990600.0
3489,GLU,18.36,18.41,9515.0,Financial Services,Asset Management,28.0,28.0,35.0,13.0,0.3249,0.3177,7092.0,6290.0,21.69,17.68,110010464,NO,18.91,19.18,19.54,19.07,19.31,,5616,0.0,9515,NO,NO,2018-12-21,288600.0
3490,CRC,52.1,52.76,682792.0,Energy,Oil & Gas E&P,28.0,50.0,38.0,4.0,1.7722,1.604,859988.0,1042440.0,71.98,43.24,4627516416,NO,54.2,53.25,56.07,53.41,58.23,,1481,0.0,682792,NO,NO,2023-06-16,17635200.0
3491,RYTM,98.24,98.83,688766.0,Health technology,Pharmaceuticals: major,28.0,9.0,16.0,70.0,3.7831,3.6449,687534.0,695660.0,122.2,74.5,6764028416,NO,103.48,106.98,99.35,105.3,96.52,,2250,0.0,688766,NO,NO,2022-07-13,29957500.0
3492,PIO,43.17,43.3,6900.0,ETF,ETF,28.0,34.0,38.0,30.0,0.3929,0.3193,6655.0,9330.0,48.63,42.09,0,NO,43.87,44.54,45.08,44.41,44.55,,4850,0.0,6900,NO,NO,2010-03-17,1201500.0
3493,KNSL,339.38,358.19,178870.0,Finance,Multi-line insurance,28.0,7.0,84.0,38.0,9.7164,8.4589,266006.0,191110.0,485.0,287.2,7730541568,NO,368.71,364.49,356.86,365.2,342.61,,2552,0.0,178981,NO,NO,2016-07-28,4916500.0
3494,EUIG,49.09,48.965,23.0,ETF,ETF,28.0,67.0,46.0,31.0,0.131,0.0296,250.0,110.0,54.89,48.74,0,NO,49.36,49.67,49.91,49.53,49.76,,218,0.0,100,NO,NO,2026-04-08,15200.0
3495,EMLC,25.04,25.3,1993735.0,ETF,ETF,28.0,41.0,38.0,27.0,0.1368,0.0896,2000755.0,2130000.0,26.63,24.8,0,NO,25.46,25.5,25.66,25.48,25.45,,4066,0.0,1993836,NO,NO,2026-03-03,14559100.0
3496,FEPI,43.08,43.44,180488.0,ETF,ETF,28.0,86.0,57.0,37.0,0.5112,0.3996,184690.0,178750.0,49.68,37.9,0,NO,42.28,41.58,43.03,41.83,42.42,,739,0.0,180488,NO,NO,2024-08-02,553400.0
3497,VABS,23.82,23.91,5174.0,ETF,ETF,28.0,61.0,39.0,25.0,0.0706,0.055,2342.0,5130.0,24.48,23.74,0,NO,24.05,24.12,24.22,24.08,24.16,,1410,0.0,5174,NO,NO,2025-09-03,1379400.0
3498,DMX,49.42,49.615,5326.0,ETF,ETF,28.0,61.0,38.0,27.0,0.1454,0.1275,10853.0,11210.0,50.83,49.41,0,NO,49.79,49.94,50.23,49.89,50.04,,451,0.0,5326,NO,NO,2025-04-24,265700.0
3499,SCMC,24.6,24.71,15125.0,ETF,ETF,28.0,61.0,36.0,25.0,0.0646,0.0493,37146.0,28360.0,25.43,24.59,0,NO,24.79,24.88,,24.85,24.96,,195,0.0,15125,NO,NO,2026-01-12,5711400.0
3500,CTEC,56.68,57.396,1682.0,ETF,ETF,28.0,65.0,9.0,22.0,1.0888,0.4225,2269.0,1220.0,83.01,49.0,0,NO,57.49,57.06,60.87,57.04,61.67,,1480,0.0,1682,NO,NO,2025-04-01,209720.0
3501,FIYY,24.4,24.79,5.0,ETF,ETF,28.0,66.0,43.0,,0.084,0.0,123.0,100.0,25.11,24.07,0,NO,24.63,24.51,,24.5,,,97,0.0,5,NO,NO,2026-05-05,900.0
3502,EMEM,25.23,25.6,16498.0,ETF,ETF,28.0,47.0,26.0,,0.35,0.1689,58693.0,320920.0,28.66,23.41,0,NO,25.95,25.44,,25.58,,,86,0.0,16498,NO,NO,2026-09-15,1104300.0
3503,NEAR,49.98,50.11,5974660.0,ETF,ETF,28.0,62.0,40.0,25.0,0.0711,0.0632,585053.0,616050.0,51.37,49.95,0,NO,50.28,50.41,50.77,50.36,50.58,,3261,0.0,5974660,NO,NO,2020-06-04,14373900.0
3504,SLM,23.61,25.07,1542496.0,Financial Services,Credit Services,28.0,8.0,56.0,73.0,0.7554,0.6646,2463123.0,1973090.0,31.06,17.77,4438680064,NO,25.94,26.16,24.36,26.04,23.62,,10833,0.0,1542496,NO,NO,2007-12-28,290309288.0
3505,EPAM,110.06,113.13,641793.0,Technology services,Information technology services,28.0,69.0,95.0,4.0,4.7929,4.1979,1503790.0,1247760.0,222.53,73.06,5677662720,NO,115.9,105.41,134.48,107.75,108.84,,3676,0.0,641813,NO,NO,2026-06-01,16724500.0
3506,SIMS,42.83,43.201,1382.0,ETF,ETF,28.0,43.0,18.0,33.0,0.4238,0.1171,549.0,570.0,48.58,40.0,0,NO,43.28,44.28,44.6,44.11,44.6,,2195,0.0,1382,NO,NO,2021-04-28,113400.0
3507,EMHY,39.42,39.78,71797.0,ETF,ETF,28.0,51.0,31.0,30.0,0.1469,0.1059,114857.0,111890.0,40.99,38.9,0,NO,39.92,40.14,40.29,40.05,40.14,,3638,0.0,71805,NO,NO,2018-12-10,2627900.0
3508,UTWO,47.44,47.535,149966.0,ETF,ETF,28.0,62.0,40.0,23.0,0.0639,0.0518,102700.0,124420.0,48.7,47.41,0,NO,47.7,47.85,48.22,47.78,48.05,,1034,0.0,156970,NO,NO,2024-01-22,812700.0
3509,FDHY,48.31,48.69,86984.0,ETF,ETF,28.0,56.0,36.0,28.0,0.1778,0.1681,87187.0,114160.0,49.71,48.0,0,NO,48.78,48.92,49.14,48.82,48.96,,2079,0.0,86984,NO,NO,2026-03-30,543500.0
3510,XC,31.67,32.027,79406.0,ETF,ETF,28.0,42.0,46.0,37.0,0.312,0.1876,11484.0,3760.0,35.86,30.04,0,NO,32.32,32.19,32.41,32.2,31.89,,1003,0.0,79406,NO,NO,2023-02-21,487000.0
3511,JFLX,49.26,49.41,104628.0,ETF,ETF,28.0,61.0,35.0,27.0,0.1327,0.1135,131726.0,144840.0,50.83,49.19,0,NO,49.58,49.79,50.11,49.7,49.91,,247,0.0,104628,NO,NO,2026-08-04,953600.0
3512,WWD,326.23,325.16,533453.0,Producer manufacturing,Industrial machinery,28.0,29.0,3.0,9.0,9.2861,8.4046,701182.0,964990.0,450.92,233.31,19262519296,NO,333.83,359.77,362.34,352.97,369.74,,8172,0.0,533453,NO,NO,2018-02-08,6412900.0
3513,TIPF,98.06,97.9822,6.0,ETF,ETF,28.0,,,,0.1338,0.0506,204.0,336.0,99.92,97.84,0,NO,,,,,,,17,0.0,906,NO,NO,2026-09-11,2459.0
3514,JLVP,49.7,49.94,1520.0,ETF,ETF,28.0,47.0,,,0.2692,0.0313,1543.0,200.0,53.51,49.56,0,NO,50.46,,,,,,37,0.0,2220,NO,NO,2026-08-03,41000.0
3515,TRUD,24.94,25.416,51909.0,ETF,ETF,28.0,28.0,43.0,40.0,0.3707,0.2132,60552.0,53290.0,27.5,22.88,0,NO,25.51,25.71,25.77,25.7,25.6,,273,0.0,51909,NO,NO,2026-03-27,1366700.0
3516,SMMU,49.59,49.83,104397.0,ETF,ETF,28.0,59.0,37.0,23.0,0.0916,0.0837,112839.0,133200.0,50.9,49.57,0,NO,50.03,50.18,50.44,50.11,50.33,,4184,0.0,106146,NO,NO,2025-04-16,1652700.0
3517,PSDM,50.27,50.42,36919.0,ETF,ETF,28.0,60.0,38.0,25.0,0.1181,0.1049,35055.0,27920.0,52.03,50.23,0,NO,50.61,50.77,51.16,50.7,50.96,,789,0.0,36919,NO,NO,2026-09-08,348300.0
3518,CSPF,25.53,25.712,84181.0,ETF,ETF,28.0,56.0,33.0,27.0,0.1224,0.0948,65169.0,101090.0,26.81,25.37,0,NO,25.76,25.9,26.02,25.84,25.95,,409,0.0,84181,NO,NO,2026-05-07,3061000.0
3519,NCV,15.59,16.12,82307.0,Financial Services,Asset Management,28.0,20.0,12.0,40.0,0.3379,0.3171,70649.0,76050.0,17.65,14.46,0,NO,16.28,16.64,16.34,16.58,16.56,,5908,0.0,82307,NO,NO,2019-04-02,1116600.0
3520,XTWO,48.29,48.395,100884.0,ETF,ETF,28.0,62.0,40.0,23.0,0.0599,0.0428,74515.0,75660.0,49.69,48.26,0,NO,48.59,48.73,49.11,48.68,48.93,,1006,0.0,100884,NO,NO,2025-01-28,748000.0
3521,BKMS,25.1,25.21,87391.0,ETF,ETF,28.0,59.0,37.0,23.0,0.0714,0.0657,47139.0,73050.0,25.81,25.06,0,NO,25.33,25.4,,25.36,25.47,,175,0.0,87391,NO,NO,2026-09-04,203200.0
3522,GINC,49.09,49.35,2039477.0,ETF,ETF,28.0,53.0,,,0.1446,0.0988,28235.0,73640.0,50.25,49.09,0,NO,49.57,,,,,,31,0.0,2039477,NO,YES,2026-09-23,2039477.0
3523,XMMO,147.09,147.72,326940.0,ETF,ETF,28.0,21.0,8.0,34.0,2.3157,1.8828,373161.0,319080.0,173.94,129.31,0,NO,151.33,156.1,153.45,155.33,157.53,,5423,0.0,326940,NO,NO,2024-09-03,5858300.0
3524,AYI,306.06,306.46,329495.0,Producer manufacturing,Electrical products,28.0,8.0,61.0,53.0,9.0093,8.4593,320749.0,310070.0,380.17,257.04,9162074112,NO,320.58,333.86,316.61,331.68,309.3,,6240,0.0,329495,NO,NO,2018-06-15,8973200.0
3525,KNRG,25.38,25.54,13893.0,ETF,ETF,28.0,59.0,37.0,28.0,0.0836,0.0592,14430.0,8030.0,26.31,25.21,0,NO,25.58,25.65,25.79,25.61,25.7,,332,0.0,13893,NO,NO,2025-05-28,299500.0
3526,NBFC,50.01,50.28,1240.0,ETF,ETF,28.0,59.0,38.0,28.0,0.118,0.0617,1385.0,2410.0,55.64,49.65,0,NO,50.34,50.44,50.83,50.39,50.54,,563,0.0,1240,NO,NO,2024-06-25,995200.0
3527,PSH,49.3,49.501,37039.0,ETF,ETF,28.0,61.0,38.0,26.0,0.1416,0.1329,32530.0,55900.0,51.51,49.24,0,NO,49.64,49.77,50.07,49.7,49.88,,691,0.0,37039,NO,NO,2026-09-17,389000.0
3528,JUCY,21.77,21.845,64389.0,ETF,ETF,28.0,60.0,40.0,22.0,0.0956,0.09,167825.0,43050.0,22.44,21.72,0,NO,21.89,21.97,22.12,21.92,22.06,,975,0.0,64389,NO,NO,2024-02-12,2115600.0
3529,EVSM,49.46,49.66,464328.0,ETF,ETF,27.0,59.0,36.0,24.0,0.1094,0.1049,121968.0,167380.0,50.88,49.44,0,NO,49.88,50.05,50.33,49.96,50.22,,625,0.0,464328,NO,YES,2026-09-23,464328.0
3530,CUBE,38.14,39.72,3758767.0,Real Estate,REIT - Industrial,27.0,19.0,17.0,36.0,0.7593,0.6639,2235844.0,3065340.0,43.26,35.09,8633253888,NO,39.67,40.74,39.27,40.44,39.92,,5513,0.0,3758767,NO,NO,2022-12-16,36453200.0
3531,SLQD,49.54,49.7,147388.0,ETF,ETF,27.0,61.0,38.0,24.0,0.0821,0.0643,257519.0,399270.0,50.99,49.5,0,NO,49.87,50.03,50.4,49.97,50.22,,3251,0.0,147388,NO,NO,2020-07-24,6586600.0
3532,LMBS,48.95,49.15,1127514.0,ETF,ETF,27.0,62.0,36.0,23.0,0.1413,0.131,508146.0,587870.0,51.98,47.87,0,NO,49.33,49.5,49.86,49.4,49.71,,2986,0.0,1127514,NO,NO,2021-06-24,9630200.0
3533,PSCD,107.77,108.1,245.0,ETF,ETF,27.0,10.0,21.0,41.0,1.0714,0.3949,560.0,330.0,122.57,95.84,0,NO,113.51,117.06,111.46,116.06,111.56,,4141,0.0,245,NO,NO,2010-08-11,1014200.0
3534,GGG,78.37,76.59,1289472.0,Industrials,Specialty Industrial Machinery,27.0,44.0,75.0,10.0,1.3066,1.1859,1818974.0,1698250.0,95.69,72.51,12692321280,NO,77.42,78.82,82.05,79.35,79.56,,11724,0.91,1289472,NO,NO,1994-03-04,38486644.0
3535,KAMO,24.4,24.57,17079.0,ETF,ETF,27.0,64.0,38.0,23.0,0.0783,0.0571,22200.0,20330.0,25.24,24.32,0,NO,24.6,24.6,,24.58,24.69,,191,0.0,17079,NO,NO,2025-12-18,3005500.0
3536,BSGT,24.56,24.65,1026.0,ETF,ETF,27.0,52.0,35.0,,0.0511,0.0325,4244.0,5100.0,25.24,24.55,0,NO,24.84,24.95,,24.9,,,72,0.0,1026,NO,NO,2026-08-14,33600.0
3537,XLPX,25.15,24.85,216.0,ETF,ETF,27.0,16.0,23.0,,0.3121,0.0114,515.0,140.0,28.95,24.79,0,NO,26.08,26.6,,26.34,,,77,1.05,216,NO,NO,2026-06-10,13500.0
3538,KTN,25.64,25.64,114.0,Finance,Finance/Rental/Leasing,27.0,76.0,35.0,29.0,0.0709,0.0614,2542.0,4640.0,26.89,25.21,0,NO,25.53,25.45,25.86,25.47,25.79,,5735,0.0,114,NO,NO,2009-04-13,156300.0
3539,YLD,18.68,18.84,192679.0,ETF,ETF,27.0,60.0,38.0,27.0,0.0738,0.0595,203295.0,201890.0,19.45,18.67,0,NO,18.87,18.91,19.0,18.89,18.93,,2816,0.0,192679,NO,NO,2022-12-21,3099900.0
3540,LGI,17.26,17.46,28156.0,Miscellaneous,Investment trusts,27.0,20.0,24.0,35.0,0.3757,0.3564,33109.0,35700.0,19.88,15.32,224846192,NO,17.82,18.13,17.96,18.02,17.79,,5636,0.0,28156,NO,NO,2004-05-25,468000.0
3541,BBT,27.91,28.75,1137507.0,Finance,Regional banks,27.0,7.0,15.0,13.0,0.775,0.7068,892563.0,1275270.0,32.83,22.81,2339307008,NO,30.98,31.1,29.71,31.02,30.21,,6597,0.0,1137507,NO,NO,2018-06-08,7068600.0
3542,PBTP,25.43,25.51,30126.0,ETF,ETF,27.0,61.0,43.0,21.0,0.0461,0.0349,108915.0,39880.0,26.45,25.41,0,NO,25.66,25.68,26.01,25.65,25.99,,2260,0.0,30126,NO,NO,2026-08-18,3420000.0
3543,BUYZ,35.25,34.48,199.0,ETF,ETF,27.0,33.0,78.0,49.0,0.4485,0.0624,374.0,300.0,44.26,30.81,0,NO,35.68,35.58,35.63,35.6,34.56,,1650,0.0,500,NO,NO,2024-03-06,133100.0
3544,FELE,96.3,95.21,240892.0,Industrials,Specialty Industrial Machinery,27.0,16.0,16.0,41.0,1.78,1.6493,283539.0,377630.0,115.82,89.54,4257564160,NO,98.3,102.83,100.09,101.96,100.14,,11724,0.25,240892,NO,NO,2011-10-19,5087600.0
3545,CIEI,24.51,24.47,6.0,ETF,ETF,27.0,65.0,49.0,,0.0443,0.0014,2460.0,1190.0,25.17,24.34,0,NO,24.71,24.86,,24.78,,,75,0.0,100,NO,NO,2026-06-29,127800.0
3546,EPAC,36.01,35.29,329498.0,Producer manufacturing,Industrial machinery,27.0,40.0,57.0,23.0,0.8754,0.8218,483565.0,479830.0,45.0,32.35,1856069376,NO,36.31,36.19,37.09,36.39,35.61,,6580,0.43,336398,NO,NO,2006-06-20,17054400.0
3547,ARCP,24.53,24.78,75027.0,ETF,ETF,27.0,54.0,,,0.0657,0.005,63431.0,1090.0,25.18,24.53,0,NO,24.85,,,,,,38,0.0,75027,NO,NO,2026-08-14,1193700.0
3548,XEMD,43.51,43.97,55860.0,ETF,ETF,27.0,52.0,30.0,26.0,0.1658,0.1063,219382.0,132240.0,45.41,43.51,0,NO,44.14,44.35,44.63,44.25,44.48,,1061,0.0,55860,NO,NO,2022-06-30,4403600.0
3549,SIHY,44.69,45.03,5586.0,ETF,ETF,27.0,60.0,36.0,31.0,0.2604,0.2261,23798.0,26180.0,46.53,44.28,0,NO,45.11,45.24,45.42,45.17,45.2,,1259,0.0,5586,NO,NO,2025-09-11,374700.0
3550,DABS,49.73,49.95,9082.0,ETF,ETF,27.0,62.0,38.0,22.0,0.123,0.1019,13998.0,10410.0,51.52,49.68,0,NO,50.11,50.29,50.65,50.2,50.47,,391,0.0,9082,NO,NO,2025-03-14,631800.0
3551,CAPE,31.41,31.75,7153.0,ETF,ETF,27.0,22.0,34.0,34.0,0.3301,0.256,25231.0,45780.0,34.25,29.74,0,NO,32.45,32.76,32.43,32.66,32.29,,1121,0.0,7153,NO,NO,2022-06-16,2387100.0
3552,TROT,24.28,24.32,12.0,ETF,ETF,27.0,71.0,54.0,28.0,0.0257,0.0021,130.0,280.0,25.06,24.26,0,NO,24.45,24.53,,24.48,24.64,,143,0.0,100,NO,NO,2026-09-09,1900.0
3553,PPA,159.5,161.17,244992.0,ETF,ETF,27.0,14.0,16.0,12.0,2.2729,2.2136,189504.0,218200.0,186.3,144.29,0,NO,164.0,171.73,171.17,170.85,171.46,,5258,0.0,244992,NO,NO,2011-12-21,5323300.0
3554,BGFI,24.64,24.79,44099.0,ETF,ETF,27.0,56.0,,,0.1286,0.0743,624712.0,2498470.0,25.23,24.59,0,NO,24.92,,,,,,40,0.0,44099,NO,NO,2026-09-14,21573300.0
3555,AESB,19.66,19.59,10.0,ETF,ETF,27.0,,,,0.1114,0.0129,5633.0,100.0,20.11,19.48,0,NO,,,,,,,17,0.0,100,NO,NO,2026-08-27,99400.0
3556,BREM,49.88,50.221,811.0,ETF,ETF,27.0,54.0,29.0,28.0,0.1486,0.0236,971.0,130.0,52.15,49.47,0,NO,50.44,50.68,51.07,50.56,50.88,,234,0.0,811,NO,NO,2026-03-23,27900.0
3557,PCOR,51.06,51.69,1434089.0,Technology services,Packaged software,27.0,2.0,94.0,7.0,2.2454,1.9607,3262750.0,2451520.0,82.31,38.03,7758840320,NO,56.67,54.56,55.88,55.53,52.04,,1341,0.0,1434089,NO,NO,2024-08-02,15378700.0
3558,EVPF,49.02,49.31,48053.0,ETF,ETF,27.0,58.0,33.0,27.0,0.2529,0.2079,12038.0,37600.0,51.1,48.9,0,NO,49.4,49.72,,49.63,49.93,,139,0.0,48053,NO,NO,2026-09-18,221400.0
3559,BSMS,22.97,23.08,102148.0,ETF,ETF,27.0,51.0,36.0,23.0,0.0634,0.0603,64341.0,91040.0,23.7,22.94,0,NO,23.22,23.32,23.45,23.28,23.39,,1756,0.0,102148,NO,NO,2022-11-22,393400.0
3560,EVSD,50.14,50.285,210815.0,ETF,ETF,27.0,59.0,38.0,23.0,0.0937,0.0745,170896.0,217890.0,51.72,50.09,0,NO,50.52,50.7,51.1,50.61,50.88,,568,0.0,210815,NO,NO,2026-08-18,1317600.0
3561,SDCP,25.12,25.19,2183.0,ETF,ETF,27.0,62.0,38.0,24.0,0.0561,0.0351,326.0,670.0,26.61,25.11,0,NO,25.36,25.46,25.64,25.41,25.56,,355,0.0,2186,NO,NO,2025-09-04,43900.0
3562,FLIA,20.02,20.135,126461.0,ETF,ETF,27.0,60.0,34.0,27.0,0.0646,0.0425,358949.0,1702400.0,20.77,20.0,0,NO,20.17,20.26,20.32,20.23,20.3,,2088,0.0,126461,NO,NO,2026-09-14,14243400.0
3563,PBD,16.99,17.42,24351.0,ETF,ETF,27.0,24.0,8.0,14.0,0.2842,0.1878,124992.0,68550.0,22.58,14.76,0,NO,17.51,17.82,18.5,17.72,18.94,,4850,0.0,24351,NO,NO,2026-08-31,3734100.0
3564,BFIX,24.69,24.75,1035.0,ETF,ETF,27.0,61.0,37.0,20.0,0.0607,0.0449,4722.0,8390.0,26.6,24.68,0,NO,24.85,24.94,25.25,24.9,25.14,,1157,0.0,1035,NO,NO,2023-01-23,650100.0
3565,FIXP,19.39,19.52,6708.0,ETF,ETF,27.0,47.0,36.0,25.0,0.1029,0.0773,3198.0,6680.0,20.46,19.36,0,NO,19.66,19.79,19.87,19.73,19.8,,418,0.0,6708,NO,NO,2025-01-23,490900.0
3566,PPG,107.2,104.93,1667076.0,Process industries,Industrial specialties,27.0,25.0,13.0,42.0,2.6911,2.3761,1762749.0,1893850.0,133.43,93.39,23830558720,NO,108.84,112.71,111.79,111.79,111.35,,11724,1.32,1667076,NO,NO,2013-01-25,26017800.0
3567,RWTN,24.1,24.39,2873.0,Finance,Real estate investment trusts,27.0,52.0,32.0,27.0,0.4216,0.3809,5607.0,8140.0,25.77,23.45,0,NO,24.5,24.7,24.87,24.63,24.76,,661,0.0,2873,NO,NO,2024-09-19,98900.0
3568,GXPD,25.14,25.65,13876.0,ETF,ETF,27.0,27.0,43.0,39.0,0.36,0.2026,46463.0,28590.0,27.87,22.84,0,NO,25.73,25.94,26.03,25.93,25.82,,294,0.0,13876,NO,NO,2026-03-27,1526600.0
3569,VNIE,25.01,24.51,10.0,ETF,ETF,27.0,55.0,19.0,35.0,0.194,0.0029,158.0,100.0,27.19,23.62,0,NO,24.9,25.17,25.48,25.13,25.43,,339,0.0,100,NO,NO,2025-06-10,94800.0
3570,SPLV,71.35,72.18,2147092.0,ETF,ETF,27.0,27.0,25.0,25.0,0.6561,0.6032,2106776.0,1836730.0,78.82,69.63,0,NO,74.05,75.37,74.11,74.88,74.4,,3868,0.0,2147092,NO,NO,2022-01-24,23332300.0
3571,DIS,103.46,104.23,7890561.0,Communication Services,Entertainment,27.0,35.0,46.0,44.0,2.2761,2.1089,9886411.0,8945250.0,117.09,92.19,178643025920,NO,106.47,103.03,104.02,103.67,101.6,,16289,0.0,8188522,NO,NO,1984-10-04,205867207.0
3572,TSCM,19.28,19.263,1683.0,ETF,ETF,27.0,19.0,21.0,44.0,0.2322,0.0935,1365.0,1110.0,21.7,17.34,0,NO,19.73,20.24,,20.17,19.71,,183,0.0,1683,NO,NO,2025-12-30,100200.0
3573,KCCA,16.27,16.45,4515.0,ETF,ETF,27.0,33.0,21.0,53.0,0.1786,0.1484,24634.0,14790.0,18.05,14.57,0,NO,16.95,17.03,16.12,16.91,16.14,,1246,0.0,4515,NO,NO,2024-12-04,4972600.0
3574,JPIE,45.12,45.27,1562304.0,ETF,ETF,27.0,57.0,37.0,23.0,0.0911,0.0775,1527914.0,1999800.0,46.61,45.05,0,NO,45.54,45.72,46.06,45.65,45.88,,1226,0.0,1562304,NO,NO,2026-06-02,10116200.0
3575,BRF,16.22,16.68,1539.0,ETF,ETF,27.0,88.0,46.0,10.0,0.3157,0.1821,5306.0,8770.0,20.44,14.72,0,NO,16.37,16.05,17.33,16.01,17.08,,4366,0.0,1539,NO,NO,2009-10-28,1596200.0
3576,AESL,19.59,19.63,7.0,ETF,ETF,27.0,,,,0.1079,0.0086,5677.0,150.0,20.06,19.56,0,NO,,,,,,,17,0.0,100,NO,NO,2026-08-27,99600.0
3577,KDRN,22.64,22.83,10.0,ETF,ETF,27.0,72.0,49.0,28.0,0.0386,0.0021,112.0,100.0,23.72,22.48,0,NO,22.97,23.02,23.24,22.99,23.16,,1191,0.0,100,NO,NO,2022-06-08,81200.0
3578,ZTRE,49.78,49.98,175.0,ETF,ETF,27.0,58.0,37.0,23.0,0.1112,0.0707,3117.0,2910.0,51.49,49.74,0,NO,50.18,50.37,50.81,50.29,50.58,,676,0.0,175,NO,NO,2025-08-06,2306200.0
3579,SDFI,34.86,35.04,20816.0,ETF,ETF,27.0,57.0,37.0,23.0,0.0621,0.0361,28185.0,4700.0,36.15,34.85,0,NO,35.17,35.31,35.59,35.25,35.45,,572,0.0,20819,NO,NO,2024-07-23,442500.0
3580,LDRC,24.66,24.775,154481.0,ETF,ETF,26.0,59.0,36.0,22.0,0.0739,0.0664,15550.0,19330.0,26.61,24.64,0,NO,24.88,24.98,25.2,24.93,25.1,,463,0.0,154481,NO,NO,2025-12-19,1131800.0
3581,BSJT,20.81,20.945,59300.0,ETF,ETF,26.0,54.0,38.0,28.0,0.0846,0.077,145192.0,75660.0,21.68,20.71,0,NO,21.07,21.1,21.25,21.08,21.13,,1260,0.0,59300,NO,NO,2026-05-27,722000.0
3582,EMSC,25.02,25.0,10512.0,ETF,ETF,26.0,64.0,33.0,,0.3594,0.2587,37315.0,179370.0,27.39,23.38,0,NO,25.54,25.18,,25.18,,,85,0.0,10512,NO,NO,2026-05-26,1428000.0
3583,LDSF,18.59,18.67,35911.0,ETF,ETF,26.0,62.0,36.0,23.0,0.079,0.0773,29461.0,46770.0,19.59,18.56,0,NO,18.75,18.81,18.98,18.78,18.89,,1937,0.0,35911,NO,NO,2024-05-06,1988900.0
3584,FLTB,49.32,49.495,76682.0,ETF,ETF,26.0,59.0,37.0,23.0,0.1553,0.15,67428.0,109080.0,51.16,49.26,0,NO,49.71,49.9,50.34,49.8,50.13,,3005,0.0,76682,NO,NO,2016-03-01,3502500.0
3585,GXDW,25.03,25.049,431.0,ETF,ETF,26.0,87.0,15.0,56.0,0.2793,0.1022,2582.0,380.0,30.73,21.5,0,NO,24.28,24.03,25.15,24.18,25.25,,1729,0.0,431,NO,NO,2023-01-26,297200.0
3586,SMB,16.98,17.06,105094.0,ETF,ETF,26.0,59.0,35.0,22.0,0.0521,0.0471,83719.0,130570.0,17.53,16.96,0,NO,17.12,17.19,17.31,17.17,17.26,,4671,0.0,105100,NO,NO,2022-10-04,2325000.0
3587,XB,38.43,38.76,1768.0,ETF,ETF,26.0,54.0,35.0,26.0,0.1288,0.0771,7653.0,12020.0,39.88,38.43,0,NO,38.88,38.96,39.21,38.91,39.02,,1084,0.0,1768,NO,NO,2022-05-26,275900.0
3588,SHAG,46.65,46.7,39773.0,ETF,ETF,26.0,61.0,38.0,22.0,0.1051,0.0733,18001.0,30680.0,48.32,46.48,0,NO,46.93,47.12,47.6,47.04,47.37,,2348,0.0,39773,NO,NO,2025-09-11,1346900.0
3589,KRG,24.69,25.2,1817881.0,Finance,Real estate investment trusts,26.0,25.0,8.0,31.0,0.3771,0.3582,2482373.0,2222300.0,29.92,21.33,5066302464,NO,25.85,27.03,25.97,26.52,26.73,,5563,0.0,1818219,NO,NO,2021-10-21,38464300.0
3590,GLIN,44.28,44.91,2062.0,ETF,ETF,26.0,39.0,21.0,45.0,0.5314,0.2486,6917.0,5480.0,47.94,38.71,0,NO,45.31,45.34,45.1,45.31,44.79,,4043,0.0,2062,NO,NO,2026-03-03,1862800.0
3591,GOVM,24.43,24.54,190.0,ETF,ETF,26.0,55.0,33.0,,0.0407,0.0079,780.0,770.0,25.14,24.43,0,NO,24.67,24.8,,24.74,,,91,0.0,190,NO,NO,2026-08-12,19800.0
3592,SECU,48.71,48.88,126454.0,ETF,ETF,26.0,56.0,36.0,24.0,0.1496,0.1403,203549.0,505570.0,50.87,48.65,0,NO,49.23,49.45,,49.34,49.61,,165,0.0,126454,NO,NO,2026-05-05,3843800.0
3593,FOR,26.74,26.38,209248.0,Real Estate,Real Estate - Development,26.0,13.0,13.0,46.0,0.77,0.7014,142984.0,189210.0,32.06,22.81,1363973504,NO,27.33,28.35,27.42,28.08,27.68,,4722,0.0,209248,NO,NO,2017-06-05,12937200.0
3594,STAX,24.92,25.0,342.0,ETF,ETF,26.0,58.0,35.0,22.0,0.0342,0.0129,3998.0,650.0,25.75,24.92,0,NO,25.13,25.25,25.44,25.2,25.37,,705,0.0,342,NO,NO,2026-06-09,264600.0
3595,JPRF,48.99,49.21,161691.0,ETF,ETF,26.0,58.0,,,0.1596,0.1246,156188.0,164710.0,50.34,48.83,0,NO,49.34,49.66,,49.56,,,51,0.0,161691,NO,NO,2026-08-24,447400.0
3596,XAGG,48.92,49.2,408729.0,ETF,ETF,26.0,52.0,34.0,23.0,0.1421,0.1053,333723.0,566250.0,51.48,48.9,0,NO,49.45,49.67,50.22,49.57,49.9,,216,0.0,408729,NO,NO,2026-02-12,1424000.0
3597,NATO,37.97,38.261,7964.0,ETF,ETF,26.0,13.0,21.0,15.0,0.4611,0.4001,22258.0,17080.0,44.39,35.0,0,NO,39.02,40.64,40.38,40.49,40.06,,487,0.0,7964,NO,NO,2026-03-02,144500.0
3598,EOS,21.38,21.5,67561.0,Miscellaneous,Investment trusts,26.0,70.0,44.0,42.0,0.248,0.2023,125904.0,157470.0,24.35,19.44,1139896320,NO,21.38,21.57,21.99,21.51,21.7,,5447,0.0,67561,NO,NO,2014-04-02,1191300.0
3599,SRV,43.59,44.45,22357.0,Financial Services,Asset Management,26.0,26.0,12.0,24.0,1.1128,1.0311,61565.0,50910.0,51.54,38.11,271756416,NO,45.44,46.7,45.0,46.38,46.67,,4793,0.0,22357,NO,NO,2025-11-07,291700.0
3600,BTR,25.59,27.69,337.0,ETF,ETF,26.0,9.0,18.0,29.0,0.2926,0.0114,1503.0,650.0,28.64,24.56,0,NO,27.98,28.06,26.99,27.9,27.3,,861,0.0,337,NO,NO,2025-11-05,209200.0
3601,GII,70.91,71.94,45248.0,ETF,ETF,26.0,30.0,18.0,13.0,0.635,0.4896,45026.0,48440.0,78.95,68.75,0,NO,73.2,74.65,74.71,74.11,75.4,,4942,0.0,45248,NO,NO,2014-09-11,941800.0
3602,SHM,46.89,47.15,587873.0,ETF,ETF,26.0,54.0,34.0,22.0,0.1314,0.1231,279730.0,370470.0,48.48,46.85,0,NO,47.43,47.59,47.9,47.51,47.76,,4761,0.0,587873,NO,NO,2013-03-08,5801700.0
3603,XLII,24.45,24.489,11134.0,ETF,ETF,26.0,25.0,21.0,33.0,0.3063,0.2657,15825.0,15540.0,26.66,23.21,0,NO,24.83,25.58,25.31,25.49,25.24,,289,0.0,11134,NO,NO,2026-09-01,131000.0
3604,XLFI,23.24,23.816,17372.0,ETF,ETF,26.0,28.0,44.0,39.0,0.2947,0.2104,9217.0,10110.0,25.48,21.8,0,NO,24.21,24.23,23.68,24.19,23.32,,289,0.0,17372,NO,NO,2026-03-23,28500.0
3605,LDRH,24.2,24.311,6286.0,ETF,ETF,26.0,60.0,37.0,24.0,0.0923,0.0724,5028.0,6260.0,25.19,24.2,0,NO,24.4,24.47,24.7,24.43,24.57,,464,0.0,6286,NO,NO,2026-06-18,511000.0
3606,RONB,23.43,23.76,67088.0,ETF,ETF,26.0,55.0,49.0,32.0,0.5318,0.4543,238693.0,125220.0,26.73,20.78,0,NO,23.76,23.09,,23.19,23.42,,193,0.0,67102,NO,NO,2026-06-12,7854700.0
3607,GLIX,25.66,25.865,6500.0,ETF,ETF,26.0,26.0,16.0,25.0,0.2232,0.1295,15106.0,8040.0,30.47,24.74,0,NO,26.5,27.15,26.83,26.92,27.21,,242,0.0,6500,NO,NO,2026-07-10,497600.0
3608,PREF,18.57,18.67,285082.0,ETF,ETF,26.0,59.0,34.0,25.0,0.0493,0.0376,268125.0,490810.0,19.32,18.57,0,NO,18.72,18.81,18.98,18.78,18.9,,2313,0.0,285235,NO,NO,2023-03-20,3207300.0
3609,AVGB,49.8,50.08,3965.0,ETF,ETF,26.0,49.0,33.0,25.0,0.143,0.0523,15088.0,83790.0,52.07,49.8,0,NO,50.44,50.75,50.96,50.63,50.86,,359,0.0,4015,NO,NO,2026-09-17,787700.0
3610,BHYB,53.05,53.44,61202.0,ETF,ETF,26.0,55.0,35.0,26.0,0.1296,0.0357,217763.0,540.0,54.99,53.05,0,NO,53.65,53.81,54.2,53.73,53.94,,726,0.0,61202,NO,NO,2025-12-04,7250200.0
3611,EVTC,27.57,27.82,544707.0,Technology,Software - Infrastructure,26.0,15.0,80.0,15.0,0.9861,0.9482,447214.0,549650.0,34.77,21.81,1647377664,NO,29.16,29.92,28.33,29.63,28.08,,3382,0.0,544707,NO,NO,2013-04-12,20216100.0
3612,BSV,76.42,76.7,2903256.0,ETF,ETF,26.0,59.0,37.0,21.0,0.1493,0.1293,2495385.0,2291740.0,79.32,76.34,0,NO,77.06,77.37,78.14,77.23,77.78,,4895,0.0,2903256,NO,NO,2019-01-16,41170700.0
3613,AVSF,45.67,45.845,94325.0,ETF,ETF,26.0,58.0,37.0,22.0,0.1008,0.0635,54352.0,95260.0,47.38,45.62,0,NO,46.06,46.25,46.7,46.15,46.48,,1490,0.0,94325,NO,NO,2026-04-06,2062800.0
3614,XBB,40.02,40.28,4579.0,ETF,ETF,26.0,54.0,34.0,25.0,0.1432,0.0959,281831.0,516760.0,41.61,40.01,0,NO,40.45,40.58,40.91,40.5,40.7,,1084,0.0,4579,NO,NO,2025-03-26,2724100.0
3615,DLB,58.03,57.33,1308269.0,Industrials,Specialty Business Services,26.0,8.0,84.0,20.0,1.74,1.6989,983066.0,1153890.0,73.01,48.26,5435599872,NO,61.32,58.68,60.07,60.17,57.98,,5432,0.0,1318163,NO,NO,2005-02-17,21616200.0
3616,SBND,18.39,18.46,104801.0,ETF,ETF,26.0,59.0,35.0,23.0,0.0704,0.0697,97769.0,89340.0,19.08,18.36,0,NO,18.57,18.64,18.8,18.6,18.72,,1253,0.0,104808,NO,NO,2026-07-10,1003500.0
3617,ZTOP,50.57,50.93,189.0,ETF,ETF,26.0,58.0,36.0,25.0,0.1551,0.0796,760.0,1090.0,52.69,50.57,0,NO,51.17,51.34,51.83,51.25,51.55,,361,0.0,189,NO,NO,2025-06-17,239600.0
3618,SCHJ,24.16,24.255,268934.0,ETF,ETF,26.0,59.0,36.0,22.0,0.0485,0.04,281225.0,288890.0,25.05,24.12,0,NO,24.35,24.45,24.69,24.41,24.58,,1745,0.0,274306,NO,NO,2022-01-27,4261200.0
3619,SIFI,42.79,42.69,17.0,ETF,ETF,26.0,67.0,50.0,32.0,0.0974,0.0175,3904.0,23700.0,44.75,42.48,0,NO,43.04,43.26,43.63,43.16,43.39,,1258,0.0,100,NO,NO,2026-09-10,233900.0
3620,LEND,24.49,24.65,42050.0,ETF,ETF,26.0,58.0,32.0,,0.0829,0.0679,84315.0,45580.0,25.29,24.48,0,NO,24.76,24.87,,24.82,,,88,0.0,42050,NO,NO,2026-07-28,1094700.0
3621,EMCB,65.08,65.35,7328.0,ETF,ETF,26.0,60.0,35.0,23.0,0.3486,0.3264,3815.0,4340.0,69.25,64.58,0,NO,65.53,65.78,66.39,65.62,66.03,,3656,0.0,7328,NO,NO,2012-09-11,230200.0
3622,SHYG,41.6,41.83,3291492.0,ETF,ETF,26.0,58.0,36.0,25.0,0.1043,0.0854,1350711.0,1341300.0,43.35,41.58,0,NO,41.96,42.08,42.45,42.03,42.22,,3251,0.0,3291492,NO,NO,2021-01-14,45752000.0
3623,ISTB,47.29,47.49,613841.0,ETF,ETF,26.0,58.0,37.0,22.0,0.0955,0.0733,410525.0,492710.0,49.05,47.26,0,NO,47.71,47.9,48.36,47.81,48.14,,3496,0.0,613841,NO,NO,2019-11-18,7513600.0
3624,SPOT,510.4,516.77,1821365.0,Communication Services,Internet Content & Information,26.0,32.0,84.0,39.0,20.1946,18.8294,1725998.0,1501290.0,740.0,405.0,104948482048,NO,537.68,514.17,503.87,515.28,495.51,,2130,0.0,1821365,NO,NO,2018-04-03,30526500.0
3625,CBXO,22.21,22.215,793.0,ETF,ETF,26.0,73.0,52.0,31.0,0.0214,0.0128,1657.0,910.0,25.05,22.02,0,NO,22.2,22.16,22.33,22.17,22.14,,241,0.0,793,NO,NO,2025-11-26,62400.0
3626,BOXA,102.67,103.679,121.0,ETF,ETF,26.0,54.0,32.0,22.0,0.3574,0.1589,1600.0,4900.0,107.9,102.67,0,NO,104.21,104.56,105.31,104.31,104.97,,440,0.0,121,NO,NO,2025-03-10,39200.0
3627,EMXX,23.32,24.18,110.0,ETF,ETF,26.0,56.0,44.0,,0.3883,0.0348,171.0,550.0,24.89,21.22,0,NO,23.65,23.23,,23.4,,,76,0.0,110,NO,NO,2026-09-21,4600.0
3628,JEMB,52.22,52.461,5465.0,ETF,ETF,25.0,52.0,29.0,24.0,0.704,0.6715,85988.0,34260.0,58.76,51.13,0,NO,52.78,53.04,53.47,52.9,53.23,,528,0.0,5465,NO,NO,2024-08-21,3097500.0
3629,CWST,84.8,87.05,557386.0,Industrials,Waste Management,25.0,15.0,38.0,51.0,2.8386,2.5975,612341.0,569600.0,107.96,74.05,5396676096,NO,91.29,91.57,91.89,90.22,88.21,,7268,0.0,557387,NO,NO,2025-12-19,11025800.0
3630,FREI,24.3,24.52,3777.0,ETF,ETF,25.0,47.0,,,0.12,0.0964,28634.0,33590.0,27.81,24.29,0,NO,24.68,24.83,,24.75,,,66,0.0,3777,NO,NO,2026-07-17,441100.0
3631,KMID,23.78,23.54,7785.0,ETF,ETF,25.0,27.0,29.0,28.0,0.2209,0.1541,9684.0,10430.0,26.03,23.14,0,NO,23.98,24.77,24.87,24.62,24.69,,484,0.0,7805,NO,NO,2024-11-05,201200.0
3632,NHYB,24.18,24.365,724.0,ETF,ETF,25.0,54.0,34.0,24.0,0.0882,0.0588,99444.0,83130.0,25.19,24.18,0,NO,24.51,24.57,24.79,24.53,24.64,,250,0.0,724,NO,NO,2025-11-06,6014700.0
3633,RIZE,24.3,24.35,7.0,ETF,ETF,25.0,49.0,38.0,,0.0243,0.0014,192.0,300.0,25.11,24.3,0,NO,24.52,24.58,,24.54,,,84,0.0,100,NO,NO,2026-05-21,399400.0
3634,JPHY,49.24,49.57,21156.0,ETF,ETF,25.0,55.0,34.0,25.0,0.1196,0.0889,25738.0,34460.0,51.06,49.24,0,NO,49.79,50.0,50.36,49.91,50.16,,313,0.0,21156,NO,NO,2026-03-09,683900.0
3635,BBBS,49.98,50.193,9856.0,ETF,ETF,25.0,57.0,36.0,22.0,0.1043,0.0738,22853.0,21490.0,51.83,49.93,0,NO,50.41,50.61,51.09,50.53,50.86,,667,0.0,9856,NO,NO,2024-05-30,529600.0
3636,TRI,98.45,95.43,2020373.0,Industrials,Specialty Business Services,25.0,19.0,91.0,49.0,4.4004,3.7639,1932977.0,1601130.0,164.3,76.28,42653597696,NO,102.06,100.7,99.88,100.13,93.19,,6109,0.0,2020373,NO,NO,2025-07-25,23377500.0
3637,BRHY,49.94,50.27,4713.0,ETF,ETF,25.0,51.0,35.0,27.0,0.1811,0.1318,25488.0,55630.0,53.16,49.88,0,NO,50.58,50.78,51.03,50.7,50.78,,567,0.0,4713,NO,NO,2026-05-28,650000.0
3638,BAMY,26.83,27.01,10862.0,ETF,ETF,25.0,44.0,34.0,24.0,0.0912,0.0596,6138.0,6360.0,28.26,26.81,0,NO,27.15,27.37,27.61,27.27,27.43,,745,0.0,10862,NO,NO,2023-11-10,221900.0
3639,PHOX,24.1,24.89,410.0,ETF,ETF,25.0,61.0,,,0.7235,0.2527,4658.0,3430.0,29.61,21.91,0,NO,23.5,,,,,,31,0.0,410,NO,NO,2026-08-21,20300.0
3640,TVE,23.2,23.24,13228.0,Government,General government,25.0,61.0,39.0,19.0,0.1614,0.15,9687.0,8430.0,24.73,23.17,0,NO,23.42,23.48,23.92,23.43,23.66,,6878,0.0,13228,NO,NO,2000-05-24,2821300.0
3641,IQHI,25.47,25.635,341.0,ETF,ETF,25.0,51.0,37.0,26.0,0.1199,0.1012,6317.0,7880.0,27.4,25.15,0,NO,25.73,25.81,26.01,25.77,25.86,,980,0.0,341,NO,NO,2023-05-17,2228800.0
3642,UTHR,489.42,493.1,364604.0,Healthcare,Drug Manufacturers - Specialty & Generic,25.0,31.0,12.0,12.0,13.8041,13.4355,554176.0,915280.0,609.35,409.07,20991563776,NO,502.66,514.66,524.49,508.21,535.95,,6858,0.0,369327,NO,NO,2007-11-01,29067800.0
3643,PGHY,19.35,19.48,41808.0,ETF,ETF,25.0,51.0,35.0,28.0,0.1336,0.1297,46607.0,66130.0,20.25,19.26,0,NO,19.56,19.63,19.78,19.6,19.7,,3333,0.0,41808,NO,NO,2018-04-02,2032300.0
3644,AESG,19.72,19.48,504.0,ETF,ETF,25.0,,,,0.14,0.0057,5622.0,140.0,20.19,19.24,0,NO,,,,,,,17,0.0,100,NO,NO,2026-08-27,99100.0
3645,JSCP,46.12,46.31,299750.0,ETF,ETF,25.0,56.0,36.0,22.0,0.0881,0.0714,238658.0,207940.0,47.87,46.07,0,NO,46.56,46.77,47.2,46.68,46.98,,1397,0.0,299750,NO,NO,2025-11-18,1915500.0
3646,FCSH,23.71,23.82,3810.0,ETF,ETF,25.0,58.0,37.0,21.0,0.0509,0.0363,1617.0,2960.0,24.64,23.7,0,NO,23.89,24.0,24.26,23.95,24.15,,1194,0.0,3810,NO,NO,2025-07-10,2065700.0
3647,HBRD,24.0,24.19,6.0,ETF,ETF,25.0,50.0,40.0,19.0,0.0436,0.0093,238.0,100.0,25.05,24.09,0,NO,24.26,24.38,,24.33,24.54,,143,0.0,100,NO,NO,2026-05-05,6100.0
3648,SMP,37.31,37.15,82720.0,Consumer durables,Automotive aftermarket,25.0,39.0,26.0,41.0,1.3229,1.3,168920.0,229500.0,46.0,34.27,830643008,NO,38.02,38.58,38.62,38.59,38.18,,11724,0.0,84341,NO,NO,2009-10-30,4256700.0
3649,FLHY,23.7,23.86,231903.0,ETF,ETF,25.0,52.0,34.0,24.0,0.0839,0.0646,235573.0,252270.0,24.63,23.67,0,NO,23.99,24.08,24.27,24.04,24.15,,2079,0.0,231903,NO,NO,2026-04-08,5518500.0
3650,GLAD,19.22,19.29,159760.0,Financial Services,Asset Management,25.0,49.0,60.0,52.0,0.3393,0.315,165047.0,159770.0,22.87,16.54,434238752,NO,19.69,19.55,19.36,19.46,18.99,,6073,0.0,159760,NO,NO,2014-06-27,1740400.0
3651,JCHI,52.35,53.224,606.0,ETF,ETF,25.0,32.0,45.0,34.0,0.4748,0.1527,1242.0,2160.0,60.65,50.85,0,NO,53.21,54.0,54.54,53.95,53.71,,882,0.0,606,NO,NO,2024-09-30,34900.0
3652,BXSL,24.61,24.96,1063529.0,Financial Services,Asset Management,25.0,66.0,70.0,32.0,0.3995,0.3795,1515958.0,1284230.0,28.59,22.47,5733393408,NO,24.73,24.23,24.62,24.37,23.99,,1229,0.0,1063543,NO,NO,2025-12-19,8077900.0
3653,LDRT,24.57,24.651,152149.0,ETF,ETF,25.0,57.0,36.0,21.0,0.0536,0.0377,106750.0,80390.0,25.8,24.55,0,NO,24.8,24.9,25.14,24.86,25.04,,463,0.0,152149,NO,NO,2026-07-24,2762300.0
3654,RVII,22.36,22.8,146145.0,n/a,n/a,25.0,36.0,,,0.7614,0.7192,353796.0,227250.0,25.24,21.5,178880000,YES,23.21,,,,,,28,0.0,146145,NO,NO,2026-08-13,2347900.0
3655,BSCT,18.22,18.285,768839.0,ETF,ETF,25.0,54.0,37.0,22.0,0.0411,0.03,594193.0,743020.0,18.94,18.19,0,NO,18.41,18.48,18.66,18.45,18.57,,1765,0.0,768839,NO,NO,2026-03-27,4029700.0
3656,QBUL,24.05,24.13,681.0,ETF,ETF,25.0,69.0,46.0,35.0,0.0494,0.018,20182.0,670.0,26.4,23.51,0,NO,24.09,24.11,24.09,24.11,24.03,,558,0.0,681,NO,NO,2025-07-14,1929400.0
3657,CARY,20.36,20.455,405565.0,ETF,ETF,25.0,56.0,34.0,21.0,0.0691,0.0644,438947.0,508810.0,21.55,20.33,0,NO,20.55,20.65,20.82,20.6,20.75,,970,0.0,405565,NO,NO,2026-02-27,4399800.0
3658,GTOH,24.9,25.065,860.0,ETF,ETF,25.0,54.0,35.0,25.0,0.0587,0.0241,1617.0,550.0,25.94,24.9,0,NO,25.22,25.28,25.5,25.23,25.38,,946,0.0,860,NO,NO,2024-12-09,109000.0
3659,QHY,44.99,45.32,12520.0,ETF,ETF,25.0,54.0,34.0,25.0,0.145,0.0963,17058.0,18570.0,46.91,44.91,0,NO,45.45,45.65,46.03,45.55,45.76,,2616,0.0,14053,NO,NO,2026-03-31,618300.0
3660,GMED,73.96,74.29,1456750.0,Healthcare,Medical Devices,25.0,4.0,15.0,6.0,1.9757,1.9307,1582458.0,1723990.0,101.4,54.15,9930011648,NO,77.5,79.87,85.17,79.39,82.6,,3553,0.0,1456750,NO,NO,2023-08-31,20919900.0
3661,FHIL,24.45,24.07,57.0,ETF,ETF,25.0,44.0,,,0.23,0.0579,496.0,980.0,25.63,23.96,0,NO,24.68,24.83,,24.87,,,66,0.0,100,NO,NO,2026-06-18,90100.0
3662,BSJU,25.22,25.365,75305.0,ETF,ETF,25.0,48.0,35.0,26.0,0.0899,0.0786,65401.0,47280.0,26.29,25.2,0,NO,25.56,25.66,25.86,25.61,25.72,,1005,0.0,75305,NO,NO,2025-06-24,381400.0
3663,PFFV,21.84,21.95,87968.0,ETF,ETF,25.0,66.0,40.0,27.0,0.0752,0.0613,90258.0,150070.0,23.34,21.7,0,NO,21.92,21.98,22.23,21.97,22.08,,1568,0.0,87968,NO,NO,2022-06-21,3110200.0
3664,PBJ,45.42,45.91,6554.0,ETF,ETF,25.0,20.0,29.0,15.0,0.4464,0.3554,28403.0,16330.0,51.07,42.69,0,NO,47.4,47.82,47.96,47.48,48.22,,5345,0.0,6554,NO,NO,2014-02-26,3759700.0
3665,BSTU,24.4,24.54,1325.0,ETF,ETF,25.0,47.0,32.0,,0.0582,0.0274,2406.0,1690.0,25.21,24.4,0,NO,24.76,24.91,,24.83,,,72,0.0,1325,NO,NO,2026-08-14,34200.0
3666,RSPR,34.0,34.566,6162.0,ETF,ETF,25.0,16.0,17.0,38.0,0.3826,0.3284,11620.0,8910.0,38.01,32.41,0,NO,35.48,36.36,35.37,36.08,35.77,,2792,0.0,6162,NO,NO,2016-09-16,1675000.0
3667,PQDI,18.94,19.035,55523.0,ETF,ETF,25.0,57.0,34.0,25.0,0.0815,0.0734,11609.0,13430.0,20.07,18.8,0,NO,19.1,19.21,19.44,19.17,19.32,,1574,0.0,55523,NO,NO,2025-04-14,1082900.0
3668,SJNK,24.49,24.64,4639534.0,ETF,ETF,25.0,58.0,35.0,23.0,0.0629,0.0518,2210317.0,1990160.0,25.63,24.48,0,NO,24.7,24.8,25.06,24.76,24.91,,3635,0.0,4639534,NO,NO,2022-06-13,37987400.0
3669,BCFN,21.91,22.402,110.0,ETF,ETF,25.0,19.0,64.0,39.0,0.2579,0.1274,2017.0,2340.0,25.57,20.04,0,NO,23.06,23.0,,22.93,21.9,,193,0.0,110,NO,NO,2026-03-02,85800.0
3670,WSMD,24.01,23.89,1487.0,ETF,ETF,25.0,27.0,,,0.2107,0.1072,12576.0,9050.0,26.68,23.64,0,NO,24.38,,,,,,39,0.0,1487,NO,NO,2026-07-29,111800.0
3671,EUHY,52.59,52.78,14422.0,ETF,ETF,25.0,57.0,36.0,32.0,0.1439,0.0854,21461.0,17640.0,55.89,51.92,0,NO,52.93,53.22,53.4,53.14,53.17,,3638,0.0,14422,NO,NO,2026-01-15,1885700.0
3672,JNK,93.97,94.71,3691053.0,ETF,ETF,25.0,52.0,33.0,24.0,0.3043,0.2421,2596976.0,3031230.0,98.14,93.93,0,NO,95.11,95.5,96.36,95.31,95.8,,4729,0.0,3691053,NO,NO,2023-10-04,46175000.0
3673,BINC,51.15,51.34,3200863.0,ETF,ETF,25.0,57.0,34.0,25.0,0.1238,0.0971,1830573.0,2114680.0,53.51,51.1,0,NO,51.55,51.82,52.34,51.72,52.02,,836,0.0,3202837,NO,NO,2026-05-28,35063000.0
3674,TSEC,25.32,25.322,24816.0,ETF,ETF,25.0,60.0,36.0,22.0,0.0843,0.0785,34768.0,22020.0,26.47,25.16,0,NO,25.45,25.55,25.89,25.5,25.72,,798,0.0,24816,NO,NO,2024-01-19,583000.0
3675,RMBS,103.47,96.96,2811328.0,Electronic technology,Semiconductors,25.0,95.0,5.0,57.0,4.5271,3.5671,2900441.0,3381320.0,174.1,77.89,11222521856,NO,87.4,93.1,107.71,92.99,110.44,,7385,0.0,3067392,NO,NO,2000-06-16,64340700.0
3676,SHYL,43.46,43.7,19940.0,ETF,ETF,25.0,60.0,36.0,23.0,0.1564,0.1306,37271.0,27940.0,45.53,43.42,0,NO,43.87,43.99,44.46,43.92,44.2,,2186,0.0,19940,NO,NO,2020-05-12,4716100.0
3677,ZHOG,50.28,50.48,189.0,ETF,ETF,25.0,55.0,35.0,22.0,0.0701,0.0169,1112.0,970.0,52.36,50.28,0,NO,50.7,50.97,51.5,50.84,51.25,,764,0.0,189,NO,NO,2023-09-06,477100.0
3678,CAAA,19.85,19.945,6614.0,ETF,ETF,25.0,58.0,35.0,21.0,0.0682,0.0537,5469.0,4920.0,20.85,19.85,0,NO,20.05,20.14,20.34,20.08,20.24,,643,0.0,6614,NO,NO,2025-05-01,339000.0
3679,GFS,46.42,48.57,3256676.0,Technology,Semiconductors,24.0,39.0,0.0,44.0,2.0007,1.7218,3971415.0,4209240.0,92.55,32.02,25875372032,NO,45.35,49.84,53.88,49.12,58.99,,1229,0.0,3256676,NO,NO,2025-12-19,52580300.0
3680,BRIB,24.33,24.48,1439.0,ETF,ETF,24.0,55.0,32.0,,0.0893,0.0639,30428.0,8960.0,25.78,24.29,0,NO,24.59,24.74,,24.65,,,129,0.0,1439,NO,NO,2026-08-18,1378500.0
3681,XIWC,24.23,23.28,24.0,ETF,ETF,24.0,16.0,22.0,,0.3764,0.0957,295.0,170.0,27.7,22.31,0,NO,24.41,24.8,,24.65,,,76,1.5,400,NO,NO,2026-06-03,10100.0
3682,UMBFO,25.98,26.07,17309.0,Finance,Major banks,24.0,42.0,35.0,31.0,0.3369,0.3319,13312.0,12130.0,28.05,25.51,0,NO,26.16,26.37,26.62,26.32,26.41,,330,0.0,17309,NO,NO,2025-06-30,2330600.0
3683,SPCK,21.9,22.022,2219.0,ETF,ETF,24.0,60.0,45.0,31.0,0.3551,0.2982,3507.0,1410.0,25.95,21.32,0,NO,22.22,22.18,22.19,22.1,22.08,,1447,0.0,2219,NO,NO,2021-01-25,1480700.0
3684,PSUS,38.55,39.58,234935.0,Financial Services,Asset Management,24.0,44.0,57.0,,0.7864,0.7629,373638.0,359740.0,44.0,35.71,0,NO,38.8,38.4,,38.75,,,101,0.0,234935,NO,NO,2026-04-29,9103800.0
3685,NKTR,57.66,66.84,1800367.0,Healthcare,Biotechnology,24.0,1.0,8.0,3.0,3.4171,2.9279,932644.0,1398520.0,109.0,33.4,1968684928,NO,70.69,71.38,65.41,70.61,71.45,,8152,0.0,1801693,NO,NO,2025-06-24,37172700.0
3686,IRMD,86.35,82.46,164104.0,Healthcare,Medical Devices,24.0,56.0,17.0,7.0,2.3029,2.0468,126677.0,138170.0,107.9,67.84,1104156672,NO,84.58,88.84,94.07,87.39,91.73,,3065,0.0,164104,NO,NO,2014-07-16,902700.0
3687,ZAP,30.62,31.07,87084.0,ETF,ETF,24.0,42.0,10.0,21.0,0.4877,0.4171,108711.0,115410.0,35.39,28.69,0,NO,31.43,32.28,32.28,32.0,32.9,,440,0.0,87084,NO,NO,2024-12-23,1151100.0
3688,XXV,23.64,23.71,41364.0,ETF,ETF,24.0,67.0,44.0,31.0,0.2454,0.184,31020.0,36670.0,27.56,21.55,0,NO,23.3,23.26,24.03,23.31,23.51,,211,0.0,41364,NO,NO,2026-06-16,384600.0
3689,KWT,36.82,36.99,2274.0,ETF,ETF,24.0,65.0,42.0,32.0,0.1718,0.0851,4652.0,1140.0,41.08,35.54,0,NO,37.6,37.07,37.48,37.15,37.24,,1519,0.0,2274,NO,NO,2025-03-25,727700.0
3690,STIP,99.74,100.01,1662166.0,ETF,ETF,24.0,62.0,35.0,19.0,0.1761,0.1408,924695.0,1017720.0,104.16,99.64,0,NO,100.51,100.81,102.37,100.64,102.16,,3973,0.0,1662166,NO,NO,2023-08-18,8583200.0
3691,RJVI,24.34,24.555,8167.0,ETF,ETF,24.0,50.0,31.0,21.0,0.0886,0.0554,6131.0,7880.0,25.68,24.34,0,NO,24.71,24.82,25.05,24.75,24.95,,244,0.0,8167,NO,NO,2026-07-30,120800.0
3692,FEMD,34.68,34.48,11.0,ETF,ETF,24.0,23.0,19.0,43.0,0.2543,0.0329,525.0,140.0,38.4,32.43,0,NO,35.56,36.22,,36.09,35.72,,163,0.0,200,NO,NO,2026-02-06,30200.0
3693,RNMN,25.93,26.055,10.0,ETF,ETF,24.0,79.0,62.0,38.0,0.0461,0.0104,507.0,480.0,29.01,24.83,0,NO,26.09,26.07,26.05,26.05,25.91,,1053,0.0,100,NO,NO,2022-07-19,128000.0
3694,BLST,24.48,24.595,20902.0,ETF,ETF,24.0,57.0,35.0,21.0,0.0558,0.0351,16966.0,18680.0,25.49,22.77,0,NO,24.7,24.81,25.09,24.75,24.96,,315,0.0,20902,NO,NO,2025-06-24,2599100.0
3695,UTRE,48.12,48.295,12784.0,ETF,ETF,24.0,56.0,36.0,20.0,0.084,0.0441,7436.0,4540.0,50.09,48.05,0,NO,48.57,48.8,49.36,48.69,49.11,,875,0.0,12784,NO,NO,2024-01-11,187200.0
3696,XFLX,22.6,22.685,6202.0,ETF,ETF,24.0,66.0,46.0,35.0,0.0407,0.0128,2325.0,1210.0,24.75,22.02,0,NO,22.69,22.68,22.75,22.68,22.56,,740,0.0,6202,NO,NO,2026-01-12,908700.0
3697,DFSD,46.54,46.92,989106.0,ETF,ETF,24.0,57.0,34.0,20.0,0.1218,0.0861,562477.0,592720.0,48.51,46.49,0,NO,47.07,47.27,47.81,47.15,47.63,,1216,0.0,989106,NO,NO,2022-06-02,4721300.0
3698,DGICA,18.13,18.6,126595.0,Financial Services,Insurance - Property & Casualty,24.0,43.0,48.0,43.0,0.4507,0.4454,133334.0,119480.0,21.06,16.11,672972544,NO,19.09,18.97,18.35,19.01,18.04,,5842,0.0,126595,NO,NO,2003-11-25,2379022.0
3699,NJNK,19.6,19.765,1887.0,ETF,ETF,24.0,49.0,34.0,23.0,0.0653,0.0385,3526.0,2800.0,20.55,19.6,0,NO,19.85,19.94,20.1,19.9,19.99,,513,0.0,1887,NO,NO,2024-09-05,1245300.0
3700,RYZ,23.79,23.94,552416.0,Non-energy minerals,Steel,24.0,26.0,8.0,68.0,0.9049,0.8564,488041.0,519550.0,32.0,19.34,1234668928,NO,25.05,26.95,26.27,26.57,25.99,,3048,0.0,552416,NO,NO,2016-07-20,7576400.0
3701,STRA,78.24,78.53,244026.0,Consumer services,Other consumer services,24.0,22.0,55.0,11.0,2.3018,2.2304,298160.0,376460.0,89.73,69.7,1737519488,NO,82.18,81.35,80.65,81.42,80.29,,7588,0.0,244026,NO,NO,2005-05-04,7543600.0
3702,DIVH,24.43,24.67,2501.0,ETF,ETF,24.0,,,,,,10192.0,2710.0,25.23,24.43,0,NO,,,,,,,14,0.0,2501,NO,NO,2026-09-03,67100.0
3703,BILT,26.17,26.555,35251.0,ETF,ETF,24.0,24.0,17.0,11.0,0.2806,0.2025,65231.0,36490.0,29.8,23.96,0,NO,27.28,27.83,28.04,27.6,28.44,,288,0.0,35251,NO,NO,2026-06-30,1793100.0
3704,UPS,95.82,95.87,4276272.0,Transportation,Air freight/Couriers,24.0,18.0,12.0,20.0,2.1114,1.9736,4786358.0,4923700.0,122.41,82.0,81521893376,NO,101.08,105.0,105.17,103.28,104.06,,6757,0.0,4379346,NO,NO,2002-07-19,94752600.0
3705,AVLN,29.67,31.62,252036.0,Health technology,Pharmaceuticals: major,24.0,1.0,14.0,,2.4146,2.4146,285998.0,278880.0,40.17,24.15,1315362944,NO,34.84,33.25,,33.51,,,100,0.0,252036,NO,NO,2026-04-30,6512000.0
3706,SPHY,22.85,23.03,7715688.0,ETF,ETF,24.0,53.0,33.0,24.0,0.0757,0.0621,5367150.0,4293000.0,23.97,22.85,0,NO,23.12,23.21,23.45,23.17,23.3,,3585,0.0,7715688,NO,NO,2026-07-30,42465900.0
3707,SKT,35.13,35.66,1122584.0,Real Estate,REIT - Retail,24.0,14.0,9.0,37.0,0.7017,0.686,919850.0,892830.0,42.53,31.13,4199396608,NO,36.87,38.8,36.45,38.09,37.41,,8386,0.0,1165122,NO,NO,2021-03-04,67358900.0
3708,CTGO,18.38,18.91,249847.0,Basic Materials,Gold,24.0,14.0,89.0,48.0,0.9771,0.8907,420687.0,465050.0,34.38,14.5,614639872,NO,19.3,18.36,22.3,18.53,19.64,,3961,0.0,250066,NO,NO,2026-06-18,3880700.0
3709,SCYB,25.54,25.71,1053190.0,ETF,ETF,24.0,54.0,33.0,24.0,0.0926,0.0808,1023882.0,910270.0,26.75,25.53,0,NO,25.83,25.94,26.19,25.89,26.03,,804,0.0,1055383,NO,NO,2025-09-03,7694100.0
3710,EVHY,51.26,51.645,362.0,ETF,ETF,24.0,55.0,34.0,24.0,0.1614,0.0833,19279.0,2410.0,53.63,48.57,0,NO,51.85,52.05,52.49,51.93,52.16,,552,0.0,362,NO,NO,2026-08-18,882200.0
3711,NFLT,22.33,22.495,144129.0,ETF,ETF,24.0,55.0,33.0,22.0,0.1236,0.1131,96792.0,127320.0,23.35,22.3,0,NO,22.64,22.74,22.95,22.67,22.85,,2795,0.0,144129,NO,NO,2015-08-11,4862600.0
3712,GHYB,43.77,44.105,7857.0,ETF,ETF,24.0,51.0,34.0,24.0,0.1501,0.1004,10322.0,4870.0,45.87,43.69,0,NO,44.28,44.44,44.88,44.37,44.59,,2260,0.0,7857,NO,NO,2023-05-02,765700.0
3713,JHHY,25.09,25.29,84537.0,ETF,ETF,24.0,53.0,33.0,25.0,0.0871,0.0561,13058.0,11850.0,26.33,25.04,0,NO,25.38,25.49,25.68,25.42,25.53,,599,0.0,84537,NO,NO,2024-05-02,1104300.0
3714,FPEI,18.74,18.885,825014.0,ETF,ETF,24.0,58.0,31.0,23.0,0.0622,0.044,380496.0,382420.0,19.61,18.71,0,NO,18.92,19.06,19.25,19.0,19.14,,2282,0.0,825014,NO,NO,2025-04-03,4450300.0
3715,GTOQ,21.82,21.985,1616.0,ETF,ETF,24.0,46.0,34.0,27.0,0.0685,0.0389,11788.0,4270.0,22.96,21.82,0,NO,22.18,22.24,22.4,22.2,22.27,,1454,0.0,1616,NO,NO,2026-05-04,1163700.0
3716,PCFI,22.64,22.625,12.0,ETF,ETF,24.0,85.0,57.0,31.0,0.0539,0.0394,6765.0,33860.0,24.73,22.16,0,NO,22.49,22.47,22.96,22.5,22.66,,372,0.0,1200,NO,NO,2026-09-15,331700.0
3717,USHY,36.11,36.41,17027613.0,ETF,ETF,24.0,52.0,34.0,24.0,0.1143,0.0943,10849236.0,13951130.0,37.82,36.11,0,NO,36.55,36.7,37.05,36.63,36.82,,2237,0.0,17027749,YES,NO,2025-04-04,88713300.0
3718,HTHT,42.78,43.65,1157776.0,Consumer Cyclical,Lodging,24.0,6.0,49.0,6.0,0.9414,0.8661,1568833.0,1289060.0,56.64,36.56,13155867648,NO,45.16,43.93,47.54,43.9,46.16,,4148,0.0,1157778,NO,NO,2010-03-26,23327200.0
3719,JPIB,47.01,47.22,209662.0,ETF,ETF,24.0,55.0,33.0,25.0,0.1489,0.1012,212047.0,243850.0,49.42,46.93,0,NO,47.43,47.71,48.27,47.6,47.89,,2373,0.0,209662,NO,NO,2026-03-19,1558700.0
3720,SCIO,20.14,20.23,83991.0,ETF,ETF,24.0,54.0,32.0,21.0,0.0678,0.0646,277134.0,533250.0,21.69,20.11,0,NO,20.39,20.5,20.68,20.44,20.59,,643,0.0,83995,NO,NO,2026-09-16,4247800.0
3721,DIN,28.68,28.41,958338.0,Consumer Cyclical,Restaurants,24.0,1.0,8.0,43.0,1.245,1.1807,290938.0,414430.0,39.68,23.23,363064416,NO,30.64,33.48,32.15,32.7,31.3,,8862,0.21,960738,NO,NO,1991-07-12,6450000.0
3722,BBHY,44.88,45.201,58604.0,ETF,ETF,24.0,52.0,34.0,23.0,0.1304,0.0977,52638.0,43130.0,47.04,44.86,0,NO,45.43,45.63,46.08,45.53,45.8,,2518,0.0,58604,NO,NO,2021-01-21,10128300.0
3723,SHYD,22.18,22.29,887553.0,ETF,ETF,24.0,49.0,30.0,22.0,0.1,0.0971,96198.0,171650.0,24.03,22.08,0,NO,22.46,22.6,22.78,22.54,22.67,,3191,0.0,887553,NO,NO,2023-02-16,1160500.0
3724,IWMW,38.07,38.38,14226.0,ETF,ETF,24.0,28.0,27.0,36.0,0.3983,0.3466,16707.0,13220.0,41.81,36.21,0,NO,39.05,39.48,38.92,39.34,38.64,,632,0.0,14226,NO,NO,2026-01-20,104000.0
3725,CVCO,541.84,543.39,76345.0,Consumer Cyclical,Residential Construction,24.0,18.0,16.0,66.0,17.1718,15.9839,110409.0,104700.0,713.01,443.34,4166425856,NO,550.3,567.2,559.07,563.37,542.01,,5844,0.0,76752,NO,NO,2008-03-20,2607900.0
3726,TRUI,24.4,24.39,9.0,ETF,ETF,24.0,26.0,23.0,,0.1686,0.0314,307.0,460.0,26.74,24.14,0,NO,24.77,25.55,,25.46,,,77,0.0,9,NO,NO,2026-06-08,8400.0
3727,NBHC,39.86,40.23,283328.0,Financial Services,Banks - Regional,24.0,30.0,13.0,42.0,0.7114,0.6786,416761.0,420270.0,47.28,35.06,1775346432,NO,41.3,42.6,41.47,42.04,42.03,,3520,0.0,283328,NO,NO,2016-12-05,4411200.0
3728,QFF,24.2,24.41,3281.0,ETF,ETF,23.0,47.0,,,0.2481,0.116,51972.0,8250.0,25.75,23.61,0,NO,24.38,24.69,,24.67,,,50,0.0,3281,NO,NO,2026-07-16,2115700.0
3729,FCBD,24.86,25.005,382.0,ETF,ETF,23.0,62.0,33.0,21.0,0.0642,0.0475,2571.0,4850.0,25.9,24.11,0,NO,25.09,25.14,25.42,25.1,25.3,,438,0.0,382,NO,NO,2024-12-23,1620900.0
3730,PRFD,49.73,50.03,13516.0,ETF,ETF,23.0,58.0,31.0,24.0,0.204,0.1646,19739.0,17870.0,52.6,49.62,0,NO,50.22,50.49,51.15,50.35,50.82,,922,0.0,13516,NO,NO,2023-05-23,1353900.0
3731,ITA,213.92,216.14,852525.0,ETF,ETF,23.0,10.0,13.0,16.0,3.57,3.4143,690582.0,973840.0,256.6,195.71,0,NO,222.53,234.41,230.28,232.63,230.35,,5127,0.0,852525,NO,NO,2025-09-16,11652500.0
3732,D,61.17,62.82,4823981.0,Utilities,Utilities - Regulated Electric,23.0,14.0,11.0,36.0,1.1668,1.0575,4438498.0,5530350.0,72.99,55.85,53800599552,NO,65.07,67.56,64.27,66.35,65.6,,11724,0.0,4844028,NO,NO,2026-05-18,40094600.0
3733,BWBBP,19.54,19.5,1644.0,Financial Services,Banks - Regional,23.0,62.0,33.0,14.0,0.1237,0.0808,2496.0,1750.0,21.8,18.76,0,NO,19.72,19.87,19.9,19.85,20.0,,1279,0.0,1644,NO,NO,2021-08-18,66100.0
3734,KIM,22.21,22.54,6187407.0,Finance,Real estate investment trusts,23.0,16.0,10.0,22.0,0.37,0.3628,4680126.0,6275570.0,26.65,19.76,14898231296,NO,23.38,24.41,23.18,23.98,23.97,,8768,0.0,6202549,NO,NO,2009-04-03,97657300.0
3735,TSLS,53.44,54.48,178769.0,ETF,ETF,23.0,22.0,19.0,9.0,2.0249,1.5697,405284.0,281090.0,69.83,46.2,0,NO,56.75,59.64,55.84,59.69,57.44,,1033,0.0,178769,NO,NO,2025-11-20,12671280.0
3736,GVI,103.42,103.94,170852.0,ETF,ETF,23.0,55.0,34.0,20.0,0.2582,0.1911,113303.0,126380.0,108.34,103.27,0,NO,104.49,105.03,106.33,104.78,105.74,,4955,0.0,170852,NO,NO,2017-06-28,5490100.0
3737,XTRE,47.89,48.095,22852.0,ETF,ETF,23.0,54.0,35.0,20.0,0.0981,0.0658,47528.0,33230.0,50.15,47.84,0,NO,48.38,48.63,49.25,48.52,48.97,,989,0.0,22852,NO,NO,2026-05-20,960900.0
3738,PCPC,24.27,24.67,2159.0,ETF,ETF,23.0,,,,,,25850.0,25850.0,25.41,24.26,0,NO,,,,,,,6,0.0,2159,NO,NO,2026-09-15,112400.0
3739,ZCBA,48.06,47.969,10.0,ETF,ETF,23.0,65.0,48.0,21.0,0.0899,0.0004,142.0,100.0,50.76,47.85,0,NO,48.46,48.72,,48.58,49.19,,176,0.0,100,NO,NO,2026-05-29,4100.0
3740,BEP,29.08,29.72,833952.0,Utilities,Electric utilities,23.0,8.0,6.0,14.0,0.8143,0.7671,949203.0,1300680.0,38.12,25.1,14146561024,NO,30.79,32.07,31.92,31.91,33.09,,5244,0.0,833952,NO,NO,2026-04-29,4162400.0
3741,BPAY,25.16,26.047,1278.0,ETF,ETF,23.0,13.0,68.0,56.0,0.414,0.1538,2900.0,2580.0,33.41,21.33,0,NO,26.85,26.84,25.54,26.71,25.03,,1024,0.0,1278,NO,NO,2025-12-18,30600.0
3742,BKHY,46.38,46.7,45266.0,ETF,ETF,23.0,53.0,34.0,23.0,0.1551,0.1106,24206.0,28840.0,48.79,46.34,0,NO,46.94,47.14,47.63,47.04,47.31,,1611,0.0,45266,NO,NO,2023-02-01,5328100.0
3743,EMBD,23.03,23.29,13835.0,ETF,ETF,23.0,49.0,28.0,25.0,0.123,0.0897,19347.0,30730.0,25.12,23.02,0,NO,23.38,23.53,23.78,23.45,23.64,,1584,0.0,13839,NO,NO,2026-03-03,1664400.0
3744,HIGH,21.36,21.61,96826.0,ETF,ETF,23.0,61.0,40.0,29.0,0.2074,0.1799,14544.0,12100.0,23.88,20.96,0,NO,21.46,21.58,21.75,21.54,21.54,,977,0.0,96826,NO,NO,2024-09-27,2393500.0
3745,HAIL,34.76,35.101,686.0,ETF,ETF,23.0,16.0,12.0,43.0,0.4503,0.2093,2307.0,1190.0,44.8,30.61,0,NO,35.43,36.46,36.48,36.36,36.9,,2195,0.0,686,NO,NO,2021-02-16,435900.0
3746,TAJX,25.88,24.01,6.0,ETF,ETF,23.0,22.0,17.0,,0.3643,0.0,98.0,100.0,27.01,23.48,0,NO,25.13,25.55,,25.46,,,76,0.0,100,NO,NO,2026-06-03,10000.0
3747,CAM,24.3,24.42,143874.0,ETF,ETF,23.0,50.0,29.0,20.0,0.0836,0.0749,124349.0,246510.0,25.61,24.27,0,NO,24.6,24.77,25.04,24.7,24.93,,242,0.0,143874,NO,NO,2026-06-01,639500.0
3748,SPRE,19.56,19.8,94046.0,ETF,ETF,23.0,14.0,14.0,31.0,0.2333,0.2133,65822.0,49620.0,21.91,18.96,0,NO,20.39,21.06,20.65,20.86,20.85,,1438,0.0,94046,NO,NO,2026-05-20,685500.0
3749,BSTV,24.29,24.46,4941.0,ETF,ETF,23.0,45.0,29.0,,0.068,0.0359,3292.0,3350.0,25.27,24.27,0,NO,24.71,24.88,,24.79,,,72,0.0,4941,NO,NO,2026-08-14,36500.0
3750,SPGI,406.5,404.47,1528053.0,Financial Services,Financial Data & Stock Exchanges,23.0,24.0,79.0,31.0,10.5514,9.1093,2116929.0,1717640.0,522.47,361.03,119836196864,NO,423.83,424.23,427.05,420.55,410.8,,13510,0.0,1528053,NO,NO,2013-02-05,35537503.0
3751,FLXR,38.12,38.33,486963.0,ETF,ETF,23.0,51.0,33.0,21.0,0.1294,0.1079,433320.0,539840.0,39.97,38.07,0,NO,38.57,38.79,39.23,38.69,39.01,,564,0.0,486963,NO,NO,2025-12-18,1848900.0
3752,SSMG,25.63,25.05,50.0,ETF,ETF,23.0,29.0,13.0,,0.3121,0.0293,187.0,190.0,28.5,24.24,0,NO,25.4,26.06,,26.01,,,105,0.0,500,NO,NO,2026-04-22,100200.0
3753,JSI,50.19,50.525,535867.0,ETF,ETF,23.0,55.0,34.0,20.0,0.1569,0.1282,130531.0,184860.0,52.58,50.18,0,NO,50.69,50.98,51.64,50.86,51.32,,718,0.0,535867,NO,NO,2025-03-31,1097900.0
3754,USFI,23.9,24.065,7.0,ETF,ETF,23.0,55.0,33.0,20.0,0.0479,0.0075,111.0,140.0,25.06,23.89,0,NO,24.18,24.27,24.54,24.22,24.44,,792,0.0,7,NO,NO,2023-07-28,400200.0
3755,ANGL,28.31,28.55,1472663.0,ETF,ETF,23.0,48.0,31.0,26.0,0.1093,0.0886,744225.0,737650.0,29.78,28.3,0,NO,28.71,28.87,29.15,28.79,28.94,,3633,0.0,1472663,NO,NO,2025-04-04,13342300.0
3756,BSMT,22.4,22.53,107132.0,ETF,ETF,23.0,47.0,31.0,20.0,0.1061,0.0999,56214.0,93310.0,23.41,22.34,0,NO,22.72,22.87,23.08,22.8,22.99,,1757,0.0,107132,NO,NO,2025-04-22,447800.0
3757,AOSL,27.71,26.27,378597.0,Electronic technology,Semiconductors,23.0,89.0,1.0,85.0,1.1707,0.9471,632053.0,664260.0,54.34,17.01,838483968,NO,25.31,29.07,29.82,28.46,32.93,,4125,0.0,378734,NO,NO,2022-05-18,5137100.0
3758,EMB,92.66,93.78,9840444.0,ETF,ETF,23.0,50.0,26.0,25.0,0.4539,0.3461,5932553.0,7532950.0,97.8,92.62,0,NO,94.03,94.63,95.64,94.31,95.08,,4718,0.0,9840448,YES,NO,2026-03-12,39160000.0
3759,BPRO,21.11,21.345,4022.0,ETF,ETF,23.0,22.0,81.0,28.0,0.3958,0.2426,8246.0,3900.0,30.29,18.13,0,NO,21.58,20.61,,20.94,21.35,,168,0.0,4022,NO,NO,2026-01-26,586800.0
3760,GRNB,23.45,23.57,46282.0,ETF,ETF,23.0,58.0,32.0,22.0,0.0902,0.0791,31615.0,44740.0,24.67,23.42,0,NO,23.67,23.77,24.08,23.71,23.92,,2400,0.0,46282,NO,NO,2023-10-06,373200.0
3761,FBK,52.64,53.6,638328.0,Financial Services,Banks - Regional,23.0,9.0,26.0,35.0,1.1536,1.0805,440734.0,833290.0,62.66,49.24,2630849024,NO,55.53,58.28,56.07,57.64,55.08,,2517,0.0,684036,NO,NO,2020-08-14,4814200.0
3762,FALN,26.36,26.555,582604.0,ETF,ETF,23.0,48.0,31.0,26.0,0.1066,0.0902,728533.0,502780.0,27.79,26.34,0,NO,26.71,26.88,27.12,26.81,26.93,,2578,0.0,582604,NO,NO,2021-10-21,29882400.0
3763,PB,67.27,69.91,1690901.0,Finance,Regional banks,23.0,16.0,17.0,35.0,1.2757,1.1971,1133547.0,1162200.0,77.2,61.07,8084290560,NO,71.33,72.77,70.77,72.35,70.27,,7006,0.0,1690901,NO,NO,2010-02-26,7257300.0
3764,LDRI,24.72,24.805,14460.0,ETF,ETF,23.0,60.0,29.0,21.0,0.0709,0.0609,11411.0,21490.0,25.78,24.71,0,NO,24.94,24.96,25.31,24.93,25.28,,467,0.0,14460,NO,NO,2026-06-10,44800.0
3765,BLDX,24.7,25.16,581350.0,ETF,ETF,23.0,21.0,25.0,20.0,0.2021,0.0975,3007.0,3630.0,32.25,24.5,0,NO,25.54,25.99,,25.87,26.13,,160,0.0,581350,NO,YES,2026-09-23,581350.0
3766,PJSM,49.11,49.61,3127.0,ETF,ETF,23.0,,,,,,1946.0,2510.0,50.95,49.11,0,NO,,,,,,,13,0.0,3127,NO,YES,2026-09-23,3127.0
3767,TSIC,24.21,24.098,477.0,ETF,ETF,23.0,21.0,33.0,15.0,0.1776,0.0492,512.0,830.0,27.34,24.09,0,NO,24.91,25.17,,25.02,25.28,,182,0.0,900,NO,NO,2025-12-30,29500.0
3768,HBANP,16.48,16.58,53147.0,Financial Services,Banks - Regional,23.0,70.0,62.0,15.0,0.4074,0.4045,67295.0,95500.0,18.75,15.67,0,NO,16.39,16.3,16.9,16.3,16.61,,1416,0.0,53147,NO,NO,2021-02-02,5066400.0
3769,JPMB,38.82,39.195,19348.0,ETF,ETF,23.0,53.0,28.0,26.0,0.1577,0.0859,20487.0,24120.0,40.9,38.79,0,NO,39.31,39.53,39.98,39.42,39.71,,2172,0.0,19348,NO,NO,2023-08-01,9750800.0
3770,FDIV,26.47,26.892,16123.0,ETF,ETF,23.0,16.0,22.0,26.0,0.2659,0.1554,18012.0,9330.0,28.79,25.82,0,NO,27.79,28.0,27.73,27.88,27.65,,754,0.0,16123,NO,NO,2023-09-20,1723700.0
3771,BNDX,46.94,47.21,5699265.0,ETF,ETF,23.0,58.0,30.0,22.0,0.1586,0.1098,4160071.0,4472950.0,49.93,46.85,0,NO,47.28,47.61,48.16,47.49,47.89,,3346,0.0,5699267,NO,NO,2024-02-13,24482300.0
3772,SSFI,20.84,20.787,62.0,ETF,ETF,23.0,50.0,34.0,17.0,0.0536,0.0246,4009.0,870.0,21.84,20.65,0,NO,20.95,21.02,21.36,20.97,21.24,,1249,0.16,1200,NO,NO,2026-04-02,375700.0
3773,PTBD,18.74,18.835,1845.0,ETF,ETF,23.0,51.0,32.0,27.0,0.0779,0.0607,13617.0,17250.0,19.93,18.69,0,NO,18.92,19.02,19.2,18.97,19.07,,1737,0.0,1845,NO,NO,2022-04-29,2457300.0
3774,BKFI,23.04,23.165,44.0,ETF,ETF,23.0,48.0,37.0,15.0,0.093,0.0664,23193.0,16910.0,24.57,22.57,0,NO,23.35,23.48,,23.41,23.74,,174,0.0,15500,NO,NO,2026-05-06,529800.0
3775,RLI,56.85,59.07,640774.0,Finance,Multi-line insurance,23.0,6.0,75.0,25.0,1.3586,1.2057,780303.0,754050.0,67.12,47.26,5217293312,NO,61.86,62.37,59.11,62.0,58.06,,11724,0.0,640774,NO,NO,2019-12-04,14996000.0
3776,CCSB,19.51,19.625,221.0,ETF,ETF,23.0,56.0,32.0,21.0,0.0682,0.0519,2709.0,1490.0,21.98,19.44,0,NO,19.71,19.81,20.03,19.75,19.92,,611,0.0,221,NO,NO,2024-04-16,332600.0
3777,SASS,23.82,24.0,123.0,ETF,ETF,22.0,44.0,27.0,33.0,0.2024,0.0436,1190.0,5720.0,25.42,22.7,0,NO,24.14,24.44,,24.4,24.28,,140,0.0,123,NO,NO,2026-05-01,82600.0
3778,HR,17.96,18.27,5117846.0,Real Estate,REIT - Healthcare Facilities,22.0,16.0,10.0,36.0,0.3071,0.2929,3667571.0,4331040.0,22.04,16.31,6232079872,NO,18.88,19.79,18.77,19.42,19.34,,8387,0.0,5125646,NO,NO,2022-07-15,43586000.0
3779,PLAB,30.35,29.34,770028.0,Electronic technology,Electronic production equipment,22.0,67.0,26.0,3.0,0.9593,0.7843,1248782.0,888970.0,56.0,20.05,1790564096,NO,28.68,30.06,35.91,30.24,36.05,,9960,3.41,770028,NO,NO,2025-12-10,15484800.0
3780,GOOGM,48.25,49.92,5408334.0,Technology services,Internet software/Services,22.0,58.0,37.0,,0.9057,0.7364,2228274.0,2658530.0,53.13,46.24,0,NO,48.57,49.13,,48.86,,,77,0.0,5408334,NO,NO,2026-06-03,62405600.0
3781,CAFX,24.06,24.195,18059.0,ETF,ETF,22.0,56.0,32.0,19.0,0.0557,0.0314,24571.0,29190.0,25.26,24.05,0,NO,24.31,24.44,24.77,24.37,24.63,,507,0.0,18059,NO,NO,2024-11-26,2408500.0
3782,PHYL,34.06,34.31,188668.0,ETF,ETF,22.0,51.0,32.0,22.0,0.1114,0.0807,183801.0,143730.0,35.81,34.02,0,NO,34.46,34.66,35.1,34.55,34.84,,2006,0.0,188668,NO,NO,2026-01-06,6399400.0
3783,CCRP,19.66,19.11,5.0,ETF,ETF,22.0,68.0,41.0,22.0,0.0491,0.0,96.0,100.0,20.21,19.04,0,NO,19.23,19.34,,19.28,19.59,,194,0.0,100,NO,NO,2026-05-04,2325500.0
3784,SPIB,32.48,32.69,5335057.0,ETF,ETF,22.0,54.0,32.0,20.0,0.1057,0.0864,6081388.0,5913360.0,34.14,32.43,0,NO,32.83,33.02,33.48,32.93,33.27,,4424,0.0,5335057,NO,NO,2022-10-31,37971400.0
3785,GRBK,67.21,67.56,344706.0,Consumer Cyclical,Residential Construction,22.0,20.0,12.0,44.0,1.9039,1.8525,304841.0,434670.0,83.18,60.44,2890748928,NO,69.72,70.89,69.75,70.47,69.44,,4845,0.0,344706,NO,NO,2014-03-31,27712195.0
3786,CCSO,25.12,25.2,941.0,ETF,ETF,22.0,21.0,13.0,23.0,0.3617,0.2215,2755.0,3470.0,31.0,23.44,0,NO,25.76,26.41,26.83,26.26,26.97,,1004,0.0,941,NO,NO,2022-09-23,154100.0
3787,STPZ,51.86,52.04,53584.0,ETF,ETF,22.0,57.0,33.0,17.0,0.1139,0.0918,78793.0,78270.0,54.58,51.8,0,NO,52.4,52.61,53.54,52.49,53.37,,4297,0.0,53584,NO,NO,2010-03-08,3226100.0
3788,BXP,62.36,64.13,1245837.0,Real Estate,REIT - Office,22.0,15.0,30.0,74.0,1.385,1.3571,1372596.0,1642330.0,76.37,49.72,11279516672,NO,66.21,67.84,63.19,67.23,62.19,,7361,0.0,1367195,NO,NO,2026-02-27,18749500.0
3789,RIGS,22.17,22.32,11431.0,ETF,ETF,22.0,54.0,33.0,20.0,0.1436,0.1275,10603.0,13720.0,23.69,20.62,0,NO,22.45,22.55,22.85,22.49,22.68,,3257,0.0,11431,NO,NO,2016-03-15,3932100.0
3790,BRKL,24.03,24.62,12.0,ETF,ETF,22.0,71.0,,,0.3443,0.1229,554.0,270.0,27.59,23.13,0,NO,24.54,24.5,,24.49,,,54,0.0,200,NO,NO,2026-07-07,9900.0
3791,GHYG,44.08,44.59,23111.0,ETF,ETF,22.0,44.0,34.0,22.0,0.205,0.1621,19604.0,13330.0,46.87,43.92,0,NO,44.84,45.04,45.5,44.94,45.14,,3635,0.0,23111,NO,NO,2017-01-18,552600.0
3792,PYLD,25.63,25.84,7114527.0,ETF,ETF,22.0,52.0,30.0,22.0,0.1011,0.0772,3851152.0,5186790.0,27.04,25.59,0,NO,25.94,26.09,26.43,26.02,26.25,,816,0.0,7114677,NO,NO,2026-01-12,18850000.0
3793,SEF,30.84,30.3,18664.0,ETF,ETF,22.0,88.0,36.0,9.0,0.3398,0.2577,9941.0,16420.0,35.26,28.87,0,NO,29.7,29.61,31.54,29.68,31.61,,4598,1.65,18664,NO,NO,2023-03-15,354575.0
3794,STXT,19.25,19.43,32358.0,ETF,ETF,22.0,57.0,36.0,19.0,0.1316,0.1051,21850.0,23480.0,20.67,19.19,0,NO,19.45,19.48,19.86,19.44,19.69,,782,0.0,32358,NO,NO,2023-08-10,1922000.0
3795,UCON,24.16,24.36,584348.0,ETF,ETF,22.0,57.0,30.0,20.0,0.0937,0.0827,520715.0,515660.0,25.62,23.72,0,NO,24.45,24.57,24.9,24.5,24.75,,2086,0.0,584348,NO,NO,2025-04-04,4905200.0
3796,PIFI,91.73,92.07,16018.0,ETF,ETF,22.0,60.0,33.0,19.0,0.2121,0.1107,1011.0,2160.0,96.51,91.64,0,NO,92.51,92.86,94.18,92.67,93.67,,1499,0.0,16018,NO,NO,2022-01-05,356900.0
3797,GOOGN,48.0,49.68,1837943.0,Technology services,Internet software/Services,22.0,59.0,33.0,,0.8801,0.7186,2327006.0,1787640.0,55.97,46.23,0,NO,48.29,48.91,,48.63,,,77,0.0,1837943,NO,NO,2026-06-03,62417700.0
3798,EMHC,24.34,24.62,42880.0,ETF,ETF,22.0,49.0,25.0,23.0,0.1115,0.0779,55273.0,58030.0,25.86,24.33,0,NO,24.7,24.88,25.22,24.79,25.05,,1372,0.0,42885,NO,NO,2025-03-27,6481300.0
3799,BEMB,51.69,52.132,592.0,ETF,ETF,22.0,51.0,29.0,23.0,0.1588,0.0772,1068.0,830.0,54.79,51.69,0,NO,52.37,52.63,53.3,52.5,52.94,,897,0.0,592,NO,NO,2024-10-02,69200.0
3800,FLXN,24.5,24.695,8665.0,ETF,ETF,22.0,56.0,34.0,21.0,0.097,0.0617,26061.0,6950.0,26.09,24.48,0,NO,24.72,24.8,25.23,24.76,25.01,,305,0.0,8665,NO,NO,2025-07-31,1280900.0
3801,TSLX,18.25,18.04,537996.0,Miscellaneous,Investment trusts,22.0,44.0,83.0,31.0,0.3789,0.3418,507531.0,448950.0,23.27,16.04,1740012288,NO,18.28,18.09,18.85,18.17,17.9,,3145,0.0,537996,NO,NO,2016-03-03,3962400.0
3802,KCAI,33.13,33.67,324.0,ETF,ETF,22.0,73.0,61.0,44.0,0.1671,0.0524,4693.0,690.0,40.84,30.0,0,NO,33.19,32.78,32.48,32.91,32.37,,518,0.0,324,NO,NO,2026-06-25,260300.0
3803,FHN,23.02,23.93,4580890.0,Financial Services,Banks - Regional,22.0,20.0,15.0,37.0,0.4764,0.4318,5127433.0,5607420.0,26.56,19.8,10906350592,NO,24.35,25.07,24.41,24.85,24.37,,11724,0.0,4580890,NO,NO,2023-05-04,112613100.0
3804,GRNI,21.4,21.438,10157.0,ETF,ETF,22.0,80.0,61.0,55.0,0.2681,0.195,26368.0,18990.0,34.58,18.36,0,NO,21.04,21.0,20.59,21.07,20.67,,212,0.0,10157,NO,NO,2026-01-07,694700.0
3805,XV,24.5,24.72,51568.0,ETF,ETF,22.0,53.0,41.0,35.0,0.1694,0.1554,51680.0,46710.0,27.47,23.4,0,NO,24.64,24.7,24.87,24.7,24.53,,361,0.0,51568,NO,NO,2026-01-21,413700.0
3806,NETL,24.43,24.715,35400.0,ETF,ETF,22.0,14.0,15.0,23.0,0.2835,0.2615,16047.0,49810.0,28.43,23.56,0,NO,25.72,26.58,25.9,26.24,26.29,,1886,0.0,35400,NO,NO,2022-11-15,568500.0
3807,BTT,21.78,22.2,80004.0,Financial Services,Asset Management,22.0,38.0,26.0,17.0,0.1721,0.1596,89525.0,92530.0,23.24,21.78,1385761536,NO,22.37,22.48,22.68,22.39,22.63,,3534,0.0,80004,NO,NO,2014-07-02,1595600.0
3808,FERG,221.17,216.14,1453279.0,Industrials,Industrial Distribution,22.0,12.0,20.0,28.0,5.3879,4.9014,2293817.0,1371210.0,271.64,212.13,42785939456,NO,222.86,233.23,238.28,232.39,234.64,,4204,2.09,1453279,NO,NO,2026-08-04,46181600.0
3809,SPSK,17.57,17.67,552168.0,ETF,ETF,22.0,53.0,33.0,24.0,0.0811,0.0757,415046.0,1395960.0,18.71,17.52,0,NO,17.78,17.85,18.07,17.81,17.94,,1690,0.0,552168,NO,NO,2026-09-21,12402400.0
3810,LMTL,30.99,32.639,18256.0,ETF,ETF,22.0,4.0,65.0,1.0,1.2599,1.0534,21634.0,15070.0,59.71,25.71,0,NO,33.25,35.68,38.57,35.92,37.34,,284,0.0,18256,NO,NO,2026-07-23,221500.0
3811,BSCU,16.18,16.27,864661.0,ETF,ETF,22.0,49.0,33.0,20.0,0.049,0.0408,715653.0,907980.0,17.04,16.16,0,NO,16.4,16.49,16.72,16.45,16.62,,1509,0.0,864661,NO,NO,2024-12-27,3376400.0
3812,SKOR,47.06,47.345,181886.0,ETF,ETF,22.0,54.0,32.0,20.0,0.1326,0.1018,116801.0,396820.0,49.53,47.02,0,NO,47.57,47.84,48.56,47.71,48.23,,2980,0.0,181886,NO,NO,2026-09-11,3363300.0
3813,BSJW,24.59,24.815,16371.0,ETF,ETF,22.0,43.0,32.0,22.0,0.1003,0.0617,14396.0,9120.0,26.0,24.57,0,NO,25.06,25.17,25.43,25.1,25.24,,569,0.0,16371,NO,NO,2025-01-29,139400.0
3814,PINE,16.88,17.48,182042.0,Finance,Real estate investment trusts,22.0,5.0,8.0,10.0,0.4163,0.387,150880.0,184040.0,21.99,13.1,318096256,NO,18.79,19.65,19.02,19.2,19.41,,1715,0.0,182042,NO,NO,2023-06-23,1786300.0
3815,GENZ,37.31,38.2,4635.0,ETF,ETF,22.0,16.0,67.0,42.0,0.5025,0.2204,1523.0,970.0,46.29,33.43,0,NO,38.85,38.69,37.62,38.57,36.81,,4695,0.0,4635,NO,NO,2009-05-08,2694900.0
3816,SHLD,62.3,63.18,4910884.0,ETF,ETF,22.0,17.0,63.0,6.0,0.8969,0.8347,1174823.0,1829890.0,78.49,57.89,0,NO,63.55,64.61,68.15,64.91,66.45,,758,0.0,4910884,NO,NO,2025-09-16,8561000.0
3817,XRT,82.1,82.56,2805055.0,ETF,ETF,22.0,21.0,24.0,37.0,1.4796,1.3975,4069012.0,3568750.0,93.52,77.24,0,NO,85.09,87.62,85.93,86.77,85.03,,5094,0.0,2805055,NO,NO,2010-05-06,77268600.0
3818,EMA,48.2,48.76,387045.0,Utilities,Utilities - Regulated Electric,22.0,36.0,14.0,14.0,0.7207,0.6796,453252.0,327740.0,55.49,46.54,14804630528,NO,49.68,51.52,51.3,50.82,52.07,,4204,0.0,389313,NO,NO,2026-08-04,2266000.0
3819,BCPL,24.02,24.17,60409.0,ETF,ETF,22.0,55.0,28.0,20.0,0.1321,0.1032,63607.0,85590.0,26.56,23.77,0,NO,24.33,24.45,,24.37,24.67,,175,0.0,60409,NO,NO,2026-03-05,605800.0
3820,JIII,48.59,48.95,500144.0,ETF,ETF,22.0,51.0,32.0,22.0,0.2826,0.2551,27531.0,84870.0,51.64,48.32,0,NO,49.02,49.4,49.98,49.24,49.64,,445,0.0,500144,NO,NO,2025-04-17,1050800.0
3821,SMA,31.68,32.66,1023202.0,Finance,Real estate investment trusts,22.0,16.0,32.0,34.0,0.6869,0.6505,741673.0,794540.0,38.69,29.41,1754086912,NO,32.62,33.53,32.37,33.29,32.38,,370,0.0,1038334,NO,NO,2025-04-02,10043400.0
3822,ROBX,22.84,23.18,2320.0,ETF,ETF,22.0,,,,0.3679,0.0993,2075.0,1710.0,23.96,21.93,0,NO,22.76,,,,,,24,0.0,2320,NO,NO,2026-08-19,21700.0
3823,LSTB,24.24,24.43,410.0,ETF,ETF,22.0,53.0,,,0.0553,0.0082,33066.0,220.0,25.2,24.24,0,NO,24.53,24.68,,24.6,,,63,0.0,410,NO,NO,2026-06-26,2040600.0
3824,BSJY,24.15,24.42,1648.0,ETF,ETF,22.0,37.0,26.0,,0.1061,0.0582,1098.0,2710.0,25.25,24.14,0,NO,24.74,24.88,,24.79,,,72,0.0,1648,NO,NO,2026-09-14,8500.0
3825,FOPC,24.78,24.955,608.0,ETF,ETF,22.0,56.0,31.0,20.0,0.0683,0.0276,2100.0,3020.0,26.2,24.76,0,NO,25.08,25.16,25.49,25.1,25.36,,438,0.0,608,NO,NO,2024-12-23,1190800.0
3826,SIO,24.98,25.066,38732.0,ETF,ETF,22.0,57.0,31.0,20.0,0.1166,0.0889,47165.0,33910.0,27.38,24.78,0,NO,25.22,25.33,25.75,25.27,25.57,,1027,0.0,38732,NO,NO,2026-08-17,700700.0
3827,AWI,163.97,161.88,331578.0,Producer manufacturing,Miscellaneous manufacturing,21.0,14.0,76.0,26.0,4.1446,3.9724,453423.0,394390.0,206.08,150.28,6929835520,NO,167.54,170.63,173.12,171.75,165.92,,5012,0.33,331578,NO,NO,2023-12-15,8415400.0
3828,NGG,75.25,76.68,1021975.0,Utilities,Utilities - Regulated Electric,21.0,25.0,15.0,10.0,1.2621,0.9336,876741.0,989510.0,94.64,70.35,75653857280,NO,77.7,79.81,83.13,79.03,82.91,,5312,0.0,1022027,NO,NO,2026-05-15,7056000.0
3829,RMNY,23.44,23.655,16.0,ETF,ETF,21.0,36.0,27.0,16.0,0.107,0.0708,2692.0,4400.0,24.99,23.45,0,NO,23.89,24.22,24.47,24.09,24.41,,528,0.0,1700,NO,NO,2025-04-14,178000.0
3830,BNDW,66.23,66.71,94772.0,ETF,ETF,21.0,56.0,29.0,20.0,0.2336,0.1654,110050.0,124900.0,70.36,66.15,0,NO,66.9,67.33,68.3,67.14,67.87,,2021,0.0,94970,NO,NO,2024-12-16,1319600.0
3831,BGRN,45.99,46.275,97017.0,ETF,ETF,21.0,53.0,31.0,20.0,0.1479,0.1184,30115.0,36670.0,48.52,45.97,0,NO,46.53,46.77,47.45,46.65,47.15,,1964,0.0,97017,NO,NO,2022-05-10,772900.0
3832,QIG,42.71,43.005,41.0,ETF,ETF,21.0,49.0,34.0,16.0,0.135,0.063,1276.0,1050.0,45.87,42.71,0,NO,43.27,43.54,44.44,43.4,44.07,,2615,0.0,100,NO,NO,2022-08-22,589300.0
3833,BKF,39.75,40.27,875.0,ETF,ETF,21.0,47.0,59.0,24.0,0.3911,0.1919,5873.0,9850.0,46.23,38.39,0,NO,40.22,40.39,41.86,40.4,40.61,,4738,0.0,875,NO,NO,2013-04-04,6848100.0
3834,PMIO,49.17,49.465,14381.0,ETF,ETF,21.0,48.0,26.0,19.0,0.1774,0.125,4852.0,14050.0,52.12,49.0,0,NO,49.85,50.24,50.86,50.06,50.63,,440,0.0,14381,NO,NO,2026-09-18,36500.0
3835,SHYM,21.5,21.68,1073812.0,ETF,ETF,21.0,45.0,25.0,20.0,0.0942,0.0906,235912.0,423220.0,22.53,21.42,0,NO,21.85,22.04,22.21,21.96,22.13,,1384,0.0,1073812,NO,NO,2026-05-26,7832700.0
3836,ZCBB,48.75,47.656,7.0,ETF,ETF,21.0,62.0,43.0,19.0,0.1048,0.0,100.0,100.0,50.95,47.66,0,NO,48.2,48.54,,48.37,49.1,,176,0.0,100,NO,NO,2026-01-12,10000.0
3837,DFGX,51.25,51.605,293044.0,ETF,ETF,21.0,59.0,24.0,23.0,0.1921,0.12,175041.0,218030.0,54.73,51.12,0,NO,51.66,52.12,52.76,51.91,52.58,,719,0.0,293044,NO,NO,2024-04-19,818700.0
3838,GLDN,16.5,16.63,17246.0,ETF,ETF,21.0,11.0,83.0,26.0,0.3886,0.2207,7450.0,6070.0,22.64,13.36,0,NO,17.15,16.0,,16.42,16.8,,150,0.0,17246,NO,NO,2026-07-17,27300.0
3839,FDIS,96.48,97.7,43438.0,ETF,ETF,21.0,21.0,31.0,36.0,1.3393,0.9679,78971.0,137810.0,107.45,89.95,0,NO,99.31,100.82,100.95,100.4,99.95,,3246,0.0,43438,NO,NO,2015-03-02,3266600.0
3840,LTL,24.59,25.7,1279.0,ETF,ETF,21.0,79.0,79.0,15.0,0.7584,0.4737,8088.0,21080.0,29.5,21.88,0,NO,24.6,24.21,26.01,24.09,25.1,,4612,0.0,1279,NO,NO,2010-04-21,1692800.0
3841,CRUX,28.9,29.09,190736.0,ETF,ETF,21.0,53.0,29.0,18.0,0.101,0.0803,308977.0,369760.0,30.84,28.87,0,NO,29.24,29.42,,29.32,,,132,0.0,190736,NO,NO,2026-03-23,12053100.0
3842,UTF,24.6,24.69,363158.0,Financial Services,Asset Management,21.0,12.0,13.0,22.0,0.4,0.3907,276098.0,448590.0,28.11,23.42,0,NO,26.13,26.92,26.29,26.63,26.72,,5658,0.0,363158,NO,NO,2020-03-18,1535800.0
3843,HFSI,34.09,34.39,270682.0,ETF,ETF,21.0,48.0,29.0,22.0,0.1438,0.1081,278620.0,258050.0,36.03,34.05,0,NO,34.6,34.8,35.23,34.67,34.98,,1255,0.0,270682,NO,NO,2026-01-08,1778200.0
3844,BRSV,42.93,43.36,5424.0,ETF,ETF,21.0,38.0,,,0.4122,0.3072,28273.0,17760.0,45.88,42.93,0,NO,43.81,,,,,,41,0.0,5424,NO,NO,2026-07-30,284900.0
3845,GPRF,48.69,48.915,113.0,ETF,ETF,21.0,60.0,32.0,21.0,0.1525,0.0929,19896.0,780.0,52.41,48.58,0,NO,49.09,49.38,50.22,49.29,49.85,,537,0.0,113,NO,NO,2026-01-08,1424000.0
3846,PCHI,23.87,24.025,1490.0,ETF,ETF,21.0,58.0,34.0,20.0,0.072,0.0527,3630.0,1110.0,25.61,22.9,0,NO,24.11,24.2,24.61,24.14,24.36,,376,0.0,1490,NO,NO,2025-04-03,261300.0
3847,FLXI,47.63,47.8,22.0,ETF,ETF,21.0,61.0,48.0,25.0,0.145,0.0,215.0,100.0,50.24,47.33,0,NO,48.31,48.55,,48.39,48.86,,143,0.0,100,NO,NO,2026-03-03,12500.0
3848,CRIB,23.88,23.99,35.0,ETF,ETF,21.0,22.0,,,0.1543,0.0236,1484.0,670.0,26.21,23.88,0,NO,24.76,25.33,,25.16,,,63,0.88,3500,NO,NO,2026-06-26,26100.0
3849,POR,46.92,47.07,1633474.0,Utilities,Electric utilities,21.0,26.0,15.0,11.0,0.7536,0.7264,1120679.0,1185950.0,54.62,42.58,5518155264,NO,48.59,49.82,50.51,49.15,50.64,,5151,0.0,1633474,NO,NO,2022-06-28,16205900.0
3850,URE,61.86,64.38,947.0,ETF,ETF,21.0,6.0,8.0,41.0,1.161,0.4031,3447.0,1130.0,75.65,57.38,0,NO,66.65,69.65,66.31,68.79,68.0,,4940,0.0,947,NO,NO,2009-05-08,27360800.0
3851,APMU,24.13,24.324,53690.0,ETF,ETF,21.0,45.0,28.0,19.0,0.1004,0.0873,33895.0,40560.0,25.99,24.1,0,NO,24.52,24.66,24.98,24.59,24.84,,850,0.0,53690,NO,NO,2023-05-05,1164100.0
3852,EVMO,48.52,48.86,58630.0,ETF,ETF,21.0,47.0,30.0,18.0,0.2471,0.2339,75355.0,58460.0,51.75,48.43,0,NO,49.23,49.58,50.3,49.41,50.0,,286,0.0,58630,NO,NO,2025-08-19,635200.0
3853,PFIG,23.19,23.33,7841.0,ETF,ETF,21.0,49.0,32.0,19.0,0.087,0.062,32777.0,21860.0,25.84,23.14,0,NO,23.5,23.64,24.0,23.57,23.84,,3776,0.0,7841,NO,NO,2019-07-05,3058600.0
3854,BSJX,24.38,24.6,1830.0,ETF,ETF,21.0,41.0,31.0,23.0,0.0806,0.0427,5007.0,1530.0,25.77,24.38,0,NO,24.85,25.0,25.23,24.93,25.07,,322,0.0,1830,NO,NO,2026-05-22,288300.0
3855,PNW,92.05,93.31,1206536.0,Utilities,Electric utilities,21.0,26.0,10.0,13.0,1.4886,1.39,1135825.0,1061320.0,111.16,85.91,11156205568,NO,96.42,100.17,98.84,98.44,101.51,,13510,0.0,1206536,NO,NO,1988-07-25,25707200.0
3856,KEY,20.24,20.87,13756618.0,Financial Services,Banks - Regional,21.0,16.0,10.0,37.0,0.4796,0.4493,11313912.0,17318360.0,24.07,16.47,21598683136,NO,21.56,22.31,21.6,22.01,21.69,,9792,0.0,13756618,YES,NO,2023-03-13,111197500.0
3857,IR,76.22,72.31,8526212.0,Industrials,Specialty Industrial Machinery,21.0,26.0,43.0,11.0,2.0114,1.8871,4134326.0,4991100.0,100.96,68.07,29573316608,NO,74.89,80.2,81.77,79.45,79.02,,2353,1.48,8526212,NO,NO,2020-03-02,38314900.0
3858,JHPI,22.11,22.29,21230.0,ETF,ETF,21.0,57.0,30.0,20.0,0.1205,0.1123,43328.0,42240.0,23.56,22.08,0,NO,22.35,22.5,22.84,22.44,22.71,,1196,0.0,21230,NO,NO,2025-08-04,623000.0
3859,LPLA,302.47,332.26,1098633.0,Financial Services,Capital Markets,21.0,3.0,61.0,32.0,11.5779,10.1357,776149.0,724530.0,400.16,260.15,23817179136,NO,348.54,349.1,330.04,349.14,316.45,,3983,0.0,1099217,NO,NO,2016-02-12,11417700.0
3860,DEED,20.66,20.807,5486.0,ETF,ETF,21.0,55.0,28.0,18.0,0.0987,0.0739,46738.0,16740.0,22.03,20.5,0,NO,20.93,21.06,21.39,20.97,21.25,,1607,0.0,5486,NO,NO,2021-10-19,979900.0
3861,GMUB,49.27,49.67,180435.0,ETF,ETF,21.0,43.0,25.0,18.0,0.2183,0.1832,102865.0,142510.0,52.23,49.14,0,NO,50.11,50.56,51.13,50.37,50.93,,540,0.0,180435,NO,NO,2026-08-25,1678900.0
3862,XLSI,22.92,22.809,5681.0,ETF,ETF,21.0,39.0,31.0,24.0,0.1734,0.1326,19241.0,71730.0,25.51,22.7,0,NO,23.24,23.41,23.77,23.36,23.47,,289,0.0,5681,NO,NO,2026-09-10,261800.0
3863,FPE,17.4,17.54,1313731.0,ETF,ETF,21.0,59.0,29.0,21.0,0.0706,0.0498,1013415.0,1130100.0,18.51,17.38,0,NO,17.57,17.71,18.01,17.66,17.86,,3423,0.0,1313731,NO,NO,2023-03-16,8490300.0
3864,SHRD,24.08,24.38,4566.0,ETF,ETF,21.0,47.0,27.0,,0.0771,0.0328,2926.0,5790.0,25.17,24.08,0,NO,24.47,24.65,,24.56,,,70,0.0,4566,NO,NO,2026-06-12,318100.0
3865,IRON,66.09,68.49,541829.0,Healthcare,Biotechnology,21.0,3.0,18.0,60.0,3.1622,3.1415,534787.0,610970.0,99.5,40.0,2537382912,NO,74.96,76.41,72.89,75.21,70.39,,1535,0.0,541829,NO,NO,2024-04-01,6219200.0
3866,DFCA,48.14,48.55,1720502.0,ETF,ETF,21.0,46.0,26.0,17.0,0.1807,0.1518,127758.0,430930.0,50.78,48.03,0,NO,48.93,49.38,49.98,49.17,49.78,,813,0.0,1720502,NO,NO,2023-08-07,2524200.0
3867,LSCP,24.18,24.38,6208.0,ETF,ETF,21.0,49.0,,,0.0636,0.0207,32542.0,2930.0,25.2,24.17,0,NO,24.53,24.69,,24.61,,,63,0.0,6208,NO,NO,2026-06-26,1987600.0
3868,HMH,18.55,18.61,143762.0,Energy,Oil & Gas Equipment & Services,21.0,12.0,26.0,,0.9211,0.9061,234507.0,233000.0,24.5,16.32,223390688,NO,19.44,19.87,,19.88,,,120,0.0,143805,NO,NO,2026-04-01,4415000.0
3869,GEMD,40.57,40.975,3464.0,ETF,ETF,21.0,49.0,23.0,22.0,0.1624,0.1022,2779.0,3800.0,43.26,40.54,0,NO,41.16,41.47,42.09,41.33,41.8,,1151,0.0,3464,NO,NO,2025-04-23,1220100.0
3870,AQWA,18.26,18.33,2156.0,ETF,ETF,21.0,28.0,30.0,21.0,0.1732,0.1314,5820.0,3300.0,20.92,18.16,0,NO,18.61,19.03,19.29,18.94,19.06,,1369,0.0,2156,NO,NO,2026-03-06,736700.0
3871,FIAX,17.02,17.07,4270.0,ETF,ETF,21.0,53.0,32.0,21.0,0.045,0.0339,14522.0,19490.0,18.3,17.02,0,NO,17.2,17.36,17.64,17.3,17.48,,955,0.0,4270,NO,NO,2024-10-29,2012900.0
3872,DFNM,46.34,46.74,662835.0,ETF,ETF,21.0,46.0,25.0,17.0,0.1506,0.1296,228979.0,330150.0,48.87,46.3,0,NO,47.11,47.53,48.12,47.33,47.92,,1216,0.0,662835,NO,NO,2022-08-10,1484400.0
3873,EXR,133.84,137.46,2371506.0,Real Estate,REIT - Industrial,21.0,12.0,13.0,34.0,2.7871,2.5136,1199176.0,1752530.0,158.88,125.71,29538828288,NO,139.25,144.45,141.67,143.03,142.65,,5561,0.0,2371506,NO,NO,2016-01-15,22998400.0
3874,EUSB,41.95,42.275,45022.0,ETF,ETF,21.0,52.0,29.0,19.0,0.148,0.0965,44106.0,37300.0,44.47,41.91,0,NO,42.49,42.73,43.43,42.6,43.14,,1563,0.0,45022,NO,NO,2023-01-11,5497900.0
3875,BD,24.13,24.31,9457.0,ETF,ETF,21.0,47.0,,,0.0736,0.0126,217.0,110.0,25.19,24.09,0,NO,24.5,24.7,,24.59,,,64,0.0,9457,NO,NO,2026-06-23,9500.0
3876,BNDP,71.74,72.17,22952.0,ETF,ETF,21.0,52.0,29.0,19.0,0.2419,0.1693,6155.0,6300.0,76.09,71.63,0,NO,72.55,72.99,74.23,72.77,73.71,,200,0.0,22952,NO,NO,2025-12-05,138600.0
3877,PECO,36.72,37.0,1281558.0,Finance,Real estate investment trusts,21.0,20.0,9.0,29.0,0.6319,0.6187,948590.0,1075190.0,44.38,32.98,5193917440,NO,38.51,40.38,38.86,39.69,39.83,,1400,0.0,1281558,NO,NO,2023-06-16,23954100.0
3878,DFGP,52.34,52.81,520427.0,ETF,ETF,20.0,56.0,26.0,20.0,0.258,0.196,473273.0,337230.0,56.17,52.26,0,NO,52.96,53.31,54.12,53.09,53.89,,719,0.0,520427,NO,NO,2026-07-06,5503700.0
3879,CRXP,19.18,19.135,10.0,ETF,ETF,20.0,59.0,39.0,20.0,0.0516,0.0029,5647.0,100.0,20.39,19.12,0,NO,19.38,19.53,,19.45,19.74,,194,0.0,100,NO,NO,2026-03-09,198800.0
3880,NCPB,24.12,24.295,1868.0,ETF,ETF,20.0,56.0,29.0,19.0,0.0676,0.0314,9549.0,15030.0,25.74,24.1,0,NO,24.39,24.53,24.97,24.46,24.78,,639,0.0,1968,NO,NO,2024-03-06,400500.0
3881,UFOD,23.87,24.02,543.0,ETF,ETF,20.0,43.0,18.0,28.0,0.3036,0.0907,1439.0,610.0,27.84,21.77,0,NO,23.63,24.04,,24.16,24.8,,158,0.0,543,NO,NO,2026-07-15,15600.0
3882,BYLD,21.82,22.03,48458.0,ETF,ETF,20.0,50.0,27.0,20.0,0.1021,0.0721,70793.0,97340.0,23.14,21.8,0,NO,22.14,22.26,22.59,22.19,22.44,,3122,0.0,48458,NO,NO,2026-03-25,2273100.0
3883,PFF,29.85,30.21,3407365.0,ETF,ETF,20.0,52.0,30.0,23.0,0.2171,0.175,2726431.0,3091090.0,32.08,29.78,0,NO,30.23,30.39,30.97,30.35,30.73,,4901,0.0,3407365,NO,NO,2020-03-12,21992700.0
3884,GOVT,22.02,22.18,14129777.0,ETF,ETF,20.0,53.0,30.0,18.0,0.0829,0.0664,10419003.0,9866510.0,23.39,21.99,0,NO,22.29,22.42,22.79,22.34,22.64,,3665,0.0,14129777,YES,NO,2026-03-12,172976800.0
3885,PCOV,24.14,24.39,120.0,ETF,ETF,20.0,,,,0.1779,0.0321,16783.0,480.0,25.23,24.01,0,NO,24.55,,,,,,24,0.0,120,NO,NO,2026-08-19,396300.0
3886,WS,34.71,33.34,216313.0,Non-energy minerals,Steel,20.0,66.0,9.0,45.0,1.3639,1.2954,291057.0,319390.0,49.17,27.22,1768357120,NO,34.2,35.48,37.28,35.53,36.26,,706,2.94,216313,NO,NO,2025-03-21,2838400.0
3887,IUSB,44.54,44.89,19895054.0,ETF,ETF,20.0,53.0,29.0,19.0,0.1755,0.1355,5374984.0,16099220.0,47.23,44.45,0,NO,45.1,45.36,46.11,45.22,45.8,,3088,0.0,19895054,YES,NO,2026-05-28,136187500.0
3888,PCEB,23.83,23.98,490.0,ETF,ETF,20.0,34.0,33.0,,0.157,0.122,10073.0,12360.0,25.27,23.83,0,NO,24.37,24.46,,24.41,,,96,0.0,490,NO,NO,2026-05-06,314600.0
3889,GMNY,48.08,48.52,1935.0,ETF,ETF,20.0,42.0,24.0,18.0,0.1799,0.1244,7207.0,23410.0,50.86,48.08,0,NO,48.88,49.39,49.94,49.19,49.75,,507,0.0,1935,NO,NO,2025-07-17,266400.0
3890,FFIU,21.0,21.145,23.0,ETF,ETF,20.0,50.0,32.0,15.0,0.1458,0.1321,3196.0,2460.0,23.11,21.0,0,NO,21.33,21.42,21.91,21.36,21.72,,2283,0.0,1700,NO,NO,2017-08-21,609400.0
3891,HISF,43.01,43.307,35801.0,ETF,ETF,20.0,55.0,29.0,19.0,0.1436,0.0957,6985.0,10290.0,45.62,42.99,0,NO,43.54,43.78,44.53,43.64,44.16,,3044,0.0,35801,NO,NO,2022-03-01,380200.0
3892,TXRH,164.84,165.54,1495838.0,Consumer services,Restaurants,20.0,2.0,14.0,25.0,4.8643,4.71,920774.0,1201330.0,216.3,153.83,10820250624,NO,183.65,195.04,179.9,192.05,180.34,,5526,0.0,1495838,NO,NO,2004-10-05,13656000.0
3893,BSJV,25.35,25.58,38495.0,ETF,ETF,20.0,45.0,30.0,21.0,0.1666,0.1621,36804.0,25660.0,26.91,25.32,0,NO,25.77,25.94,26.3,25.86,26.1,,754,0.0,38495,NO,NO,2024-02-05,335000.0
3894,ELS,59.68,60.44,1512332.0,Real Estate,REIT - Residential,20.0,12.0,22.0,13.0,0.99,0.9636,1525371.0,1777830.0,69.0,58.72,11966491648,NO,62.05,63.96,63.76,63.37,63.79,,8451,0.0,1558083,NO,NO,2023-07-21,30453500.0
3895,KWH,24.02,24.24,432.0,ETF,ETF,20.0,33.0,,,0.2693,0.1336,50151.0,2260.0,25.78,23.68,0,NO,24.5,,,24.77,,,49,0.0,432,NO,NO,2026-07-15,1351200.0
3896,AMX,22.08,22.45,2097013.0,Communications,Wireless telecommunications,20.0,17.0,7.0,11.0,0.4271,0.4057,2397760.0,2736470.0,28.46,19.71,66039291904,NO,23.01,24.05,24.15,23.59,25.05,,6440,0.0,2357987,NO,NO,2008-04-25,114249200.0
3897,BND,70.81,71.4,12700229.0,ETF,ETF,20.0,53.0,29.0,18.0,0.2821,0.2207,8212106.0,9325180.0,75.23,70.68,0,NO,71.71,72.13,73.37,71.9,72.87,,4895,0.0,12706302,YES,NO,2025-04-16,33963000.0
3898,ZTAX,24.55,24.927,4744.0,ETF,ETF,20.0,37.0,21.0,13.0,0.5531,0.5084,2642.0,3950.0,28.64,23.06,0,NO,24.96,25.19,25.41,25.13,25.3,,838,0.0,4744,NO,NO,2026-07-10,84700.0
3899,BKU,43.36,44.45,636831.0,Finance,Major banks,20.0,21.0,10.0,21.0,0.9679,0.9264,963509.0,1236090.0,52.11,35.1,3088630272,NO,45.27,46.42,46.67,45.99,46.4,,3935,0.0,636831,NO,NO,2011-01-28,25965400.0
3900,RFCI,21.59,21.74,6567.0,ETF,ETF,20.0,57.0,30.0,19.0,0.0945,0.0736,3641.0,4440.0,23.04,21.53,0,NO,21.87,21.99,22.38,21.91,22.2,,2580,0.0,6567,NO,NO,2018-08-07,1990200.0
3901,BTI,55.85,55.75,6025977.0,Consumer Defensive,Tobacco,20.0,66.0,14.0,18.0,0.9961,0.8089,4631387.0,6130890.0,67.3,49.88,120208556032,NO,55.89,57.88,59.1,57.26,59.17,,11705,0.0,6026071,NO,NO,2017-07-25,104557100.0
3902,JCPI,46.31,46.75,25614.0,ETF,ETF,20.0,48.0,30.0,16.0,0.2008,0.1794,61339.0,50670.0,50.95,46.26,0,NO,47.05,47.33,48.09,47.16,47.89,,1116,0.0,25614,NO,NO,2024-02-27,4923900.0
3903,TRUR,23.94,24.35,14.0,ETF,ETF,20.0,23.0,,,0.1896,0.0229,164.0,180.0,26.01,23.94,0,NO,24.71,25.18,,25.05,,,54,0.0,14,NO,NO,2026-08-14,1000.0
3904,JMTG,48.77,49.2,689788.0,ETF,ETF,20.0,46.0,29.0,17.0,0.2168,0.1772,516292.0,543180.0,52.04,48.69,0,NO,49.53,49.89,50.69,49.72,50.37,,310,0.0,689788,NO,NO,2026-03-30,6274500.0
3905,SPAB,24.6,24.81,3603801.0,ETF,ETF,20.0,53.0,28.0,18.0,0.1062,0.0869,2668225.0,2901270.0,26.17,24.55,0,NO,24.91,25.06,25.5,24.98,25.33,,4860,0.0,3603871,NO,NO,2024-08-09,21755500.0
3906,TXXI,48.51,48.907,12481.0,ETF,ETF,20.0,44.0,24.0,19.0,0.3059,0.2544,8007.0,15810.0,55.78,48.41,0,NO,49.32,49.81,50.44,49.6,50.2,,384,0.0,12481,NO,NO,2025-03-13,157900.0
3907,FPFD,20.89,21.01,8569.0,ETF,ETF,20.0,58.0,31.0,19.0,0.0633,0.049,15074.0,17340.0,22.29,20.86,0,NO,21.07,21.2,21.63,21.15,21.47,,1322,0.0,8569,NO,NO,2025-07-07,182500.0
3908,BWX,21.3,21.54,518895.0,ETF,ETF,20.0,42.0,37.0,18.0,0.1764,0.1357,416498.0,313250.0,23.12,21.25,0,NO,21.74,21.72,22.13,21.71,21.88,,4766,0.0,518895,NO,NO,2026-01-27,13155200.0
3909,SPTB,29.05,29.245,49905.0,ETF,ETF,20.0,53.0,30.0,17.0,0.0985,0.0704,140671.0,53900.0,30.96,29.01,0,NO,29.39,29.57,30.09,29.47,29.88,,586,0.0,49905,NO,NO,2026-08-28,3434300.0
3910,UCRD,20.73,20.905,2153.0,ETF,ETF,20.0,59.0,27.0,19.0,0.0711,0.0187,673.0,930.0,22.04,20.73,0,NO,20.97,21.09,21.48,21.02,21.32,,1246,0.0,2153,NO,NO,2021-10-05,4030800.0
3911,EPI,41.77,42.07,424622.0,ETF,ETF,20.0,44.0,35.0,32.0,0.4004,0.2446,338788.0,447410.0,47.2,39.41,0,NO,42.51,42.66,43.4,42.64,42.5,,4673,0.0,424637,NO,NO,2015-06-11,15801700.0
3912,FISR,24.71,24.915,85305.0,ETF,ETF,20.0,51.0,29.0,18.0,0.1054,0.0805,226025.0,242690.0,26.38,24.66,0,NO,25.02,25.17,25.62,25.09,25.43,,1878,0.0,85305,NO,NO,2025-08-11,4989300.0
3913,JHCR,24.36,24.59,75787.0,ETF,ETF,20.0,50.0,28.0,18.0,0.1394,0.1205,242638.0,321310.0,25.9,24.32,0,NO,24.69,24.87,25.26,24.77,25.11,,440,0.0,75787,NO,NO,2026-02-24,89193300.0
3914,LKFN,58.36,59.93,196880.0,Financial Services,Banks - Regional,20.0,41.0,22.0,37.0,1.2032,1.125,192925.0,240430.0,66.45,54.36,1450703616,NO,59.83,61.13,59.91,60.71,60.1,,7321,0.0,196904,NO,NO,2021-08-03,5173700.0
3915,SMTH,24.82,25.03,461365.0,ETF,ETF,20.0,55.0,28.0,19.0,0.0967,0.0768,802580.0,3109650.0,26.47,24.78,0,NO,25.16,25.3,25.76,25.21,25.57,,700,0.0,461371,NO,NO,2026-09-14,20226000.0
3916,HMOP,37.51,37.72,286339.0,ETF,ETF,20.0,43.0,24.0,17.0,0.1946,0.1774,121960.0,322390.0,39.91,37.34,0,NO,38.09,38.48,39.03,38.31,38.82,,2203,0.0,286339,NO,NO,2020-06-15,1185700.0
3917,ROP,366.36,365.4,717071.0,Technology services,Packaged software,20.0,8.0,84.0,39.0,10.2793,8.5986,876623.0,1025740.0,521.28,305.96,36233322496,NO,398.03,390.29,372.66,393.38,362.04,,8712,0.0,719305,NO,NO,1992-02-13,18506400.0
3918,JBND,51.6,52.01,1084072.0,ETF,ETF,20.0,52.0,29.0,17.0,0.1936,0.1526,904312.0,1038600.0,55.78,51.5,0,NO,52.25,52.57,53.51,52.39,53.13,,738,0.0,1084072,NO,NO,2025-12-17,7674700.0
3919,ZCBC,47.64,47.492,8.0,ETF,ETF,20.0,59.0,40.0,17.0,0.1214,0.0034,126.0,130.0,51.24,47.19,0,NO,48.09,48.47,,48.28,49.13,,176,0.0,100,NO,NO,2026-01-12,10000.0
3920,FIMU,19.25,19.37,27032.0,ETF,ETF,20.0,44.0,,,0.1079,0.0936,5560.0,19130.0,20.27,19.16,0,NO,19.53,19.71,,19.63,,,66,0.0,27032,NO,NO,2026-06-18,95300.0
3921,JXI,77.61,79.15,48280.0,ETF,ETF,20.0,30.0,15.0,11.0,0.9107,0.7314,45093.0,171200.0,90.09,76.07,0,NO,80.74,82.62,83.65,81.88,84.35,,5030,0.0,48280,NO,NO,2019-01-29,4147400.0
3922,RNRG,32.93,33.466,649.0,ETF,ETF,20.0,30.0,13.0,10.0,0.3333,0.1561,4447.0,850.0,39.7,31.17,0,NO,33.92,34.35,35.89,34.19,36.05,,2847,0.0,649,NO,NO,2022-02-28,621033.0
3923,FECM,24.02,24.22,1112.0,ETF,ETF,20.0,43.0,,,0.0929,0.0429,603.0,500.0,25.14,24.02,0,NO,24.44,24.69,,24.59,,,58,0.0,1112,NO,NO,2026-08-27,4800.0
3924,APCB,28.38,28.59,75288.0,ETF,ETF,20.0,54.0,28.0,19.0,0.1206,0.0909,103415.0,66090.0,30.18,28.32,0,NO,28.71,28.89,29.39,28.8,29.19,,850,0.0,75288,NO,NO,2024-04-08,10425500.0
3925,JCPB,45.23,45.58,3390362.0,ETF,ETF,20.0,52.0,28.0,18.0,0.1793,0.1432,1876433.0,2547550.0,48.17,45.13,0,NO,45.81,46.09,46.91,45.94,46.57,,1894,0.0,3390362,NO,NO,2026-05-12,8319200.0
3926,APG,37.82,37.46,2297392.0,Industrials,Engineering & Construction,19.0,14.0,13.0,10.0,1.2846,1.2439,3120749.0,4554870.0,49.99,33.4,16344301568,NO,38.72,40.15,41.89,39.89,41.64,,1608,0.59,2315975,NO,NO,2025-06-23,56418600.0
3927,PRIV,24.24,24.415,25520.0,ETF,ETF,19.0,49.0,27.0,17.0,0.0994,0.0705,41957.0,9920.0,25.79,24.2,0,NO,24.6,24.74,25.17,24.66,25.0,,394,0.0,25520,NO,NO,2026-02-02,15758300.0
3928,NLY,21.04,21.31,9771705.0,Real Estate,REIT - Mortgage,19.0,11.0,20.0,27.0,0.4036,0.3879,7743977.0,10771650.0,24.52,20.0,15858152448,NO,22.22,22.68,22.52,22.45,22.22,,7283,0.0,9793509,YES,NO,2022-09-16,75349775.0
3929,SSD,175.02,173.8,259214.0,Basic Materials,Lumber & Wood Production,19.0,17.0,10.0,36.0,3.8089,3.6818,300825.0,385850.0,213.49,156.32,7173138944,NO,177.14,186.02,184.33,184.52,184.88,,8135,0.0,259214,NO,NO,2020-10-06,8811400.0
3930,EVIM,50.84,51.17,68070.0,ETF,ETF,19.0,43.0,23.0,18.0,0.2059,0.1644,43476.0,89360.0,54.2,50.68,0,NO,51.65,52.21,52.94,51.98,52.66,,505,0.0,68070,NO,NO,2026-09-16,246800.0
3931,SCHZ,22.3,22.48,4373600.0,ETF,ETF,19.0,51.0,28.0,18.0,0.1107,0.0979,1990892.0,2964990.0,23.73,22.26,0,NO,22.59,22.73,23.14,22.65,22.97,,3820,0.0,4405199,NO,NO,2021-11-09,13345200.0
3932,LTAX,24.01,24.038,6.0,ETF,ETF,19.0,55.0,33.0,21.0,0.0956,0.0133,266.0,170.0,25.47,23.77,0,NO,24.31,24.66,,24.52,24.87,,173,0.0,100,NO,NO,2026-06-12,8800.0
3933,IMTG,47.45,47.49,6.0,ETF,ETF,19.0,60.0,41.0,21.0,0.1179,0.0093,252.0,100.0,50.27,46.96,0,NO,47.98,48.32,,48.12,48.88,,143,0.0,100,NO,NO,2026-08-21,5300.0
3934,FLGV,19.58,19.715,857591.0,ETF,ETF,19.0,54.0,29.0,17.0,0.0839,0.065,108334.0,118290.0,20.89,19.52,0,NO,19.82,19.93,20.3,19.87,20.15,,1578,0.0,857591,NO,NO,2024-02-02,10035200.0
3935,BGEG,23.7,24.03,3614.0,ETF,ETF,19.0,77.0,40.0,,0.3,0.1221,3014.0,1150.0,25.31,21.43,0,NO,23.58,23.22,,23.37,,,77,0.0,3614,NO,NO,2026-06-23,58200.0
3936,UITB,45.1,45.456,405400.0,ETF,ETF,19.0,51.0,28.0,17.0,0.1864,0.1345,153171.0,178580.0,48.05,45.05,0,NO,45.73,46.02,46.84,45.85,46.5,,2236,0.0,405400,NO,NO,2026-01-27,2555200.0
3937,BSCV,15.85,15.955,460751.0,ETF,ETF,19.0,46.0,30.0,18.0,0.0602,0.049,453338.0,476220.0,17.04,15.81,0,NO,16.09,16.2,16.47,16.14,16.34,,1259,0.0,460751,NO,NO,2024-12-27,2383200.0
3938,BDBT,24.32,24.52,57243.0,ETF,ETF,19.0,52.0,28.0,17.0,0.0834,0.0554,48693.0,51610.0,25.88,22.8,0,NO,24.62,24.78,25.22,24.69,25.04,,315,0.0,57243,NO,NO,2025-06-24,7405500.0
3939,LQDB,83.26,84.02,854.0,ETF,ETF,19.0,57.0,27.0,19.0,0.2659,0.1378,2890.0,2630.0,88.86,83.26,0,NO,84.19,84.63,86.23,84.36,85.57,,1340,0.0,854,NO,NO,2023-03-21,595000.0
3940,UBND,20.92,21.075,419047.0,ETF,ETF,19.0,51.0,28.0,18.0,0.0864,0.0623,301161.0,320180.0,22.41,20.89,0,NO,21.21,21.35,21.73,21.27,21.56,,1246,0.0,419047,NO,NO,2025-08-01,7518900.0
3941,AV,25.75,25.81,63.0,ETF,ETF,19.0,17.0,16.0,,0.2121,0.0643,947.0,450.0,29.72,25.04,0,NO,26.6,27.83,,27.6,,,95,0.0,1200,NO,NO,2026-05-06,47400.0
3942,SAIA,343.85,348.04,373183.0,Transportation,Trucking,19.0,28.0,4.0,41.0,12.1564,12.1564,428268.0,338530.0,494.71,249.32,9148166144,NO,347.22,371.47,388.69,362.93,398.84,,6046,0.0,373183,NO,NO,2021-08-27,6159900.0
3943,FMUB,48.99,49.43,86704.0,ETF,ETF,19.0,40.0,23.0,18.0,0.2284,0.2057,55309.0,77150.0,53.88,48.83,0,NO,49.78,50.4,50.95,50.17,50.78,,367,0.0,86704,NO,NO,2025-06-03,820900.0
3944,SPAQ,93.25,93.535,757.0,ETF,ETF,19.0,71.0,44.0,38.0,0.1308,0.0464,126.0,180.0,108.25,89.43,0,NO,93.67,93.78,93.31,93.67,92.74,,915,0.0,757,NO,NO,2023-03-01,63700.0
3945,FLDZ,28.62,28.993,110.0,ETF,ETF,19.0,10.0,17.0,28.0,0.2959,0.1075,1769.0,280.0,34.15,28.13,0,NO,29.3,30.5,30.09,30.42,30.15,,1184,0.0,110,NO,NO,2022-01-10,101700.0
3946,DGCB,52.26,52.735,318924.0,ETF,ETF,19.0,56.0,24.0,19.0,0.2265,0.1671,122677.0,87750.0,56.03,52.2,0,NO,52.84,53.24,54.23,53.02,53.98,,718,0.0,318924,NO,NO,2023-11-14,872800.0
3947,GIGL,48.6,49.03,13854.0,ETF,ETF,19.0,54.0,26.0,19.0,0.1944,0.132,50963.0,34960.0,51.97,48.56,0,NO,49.21,49.5,50.4,49.34,50.02,,312,0.0,13854,NO,NO,2026-04-16,2007500.0
3948,YCL,18.07,18.3,40541.0,ETF,ETF,19.0,75.0,61.0,23.0,0.3157,0.1786,36852.0,29730.0,22.09,16.99,0,NO,18.46,18.01,18.42,18.14,18.09,,4473,0.0,40541,NO,NO,2024-08-05,563400.0
3949,BTOT,47.7,48.095,1605.0,ETF,ETF,19.0,48.0,27.0,17.0,0.144,0.0347,876.0,300.0,50.98,47.64,0,NO,48.42,48.74,,48.57,49.24,,194,0.0,1605,NO,NO,2026-06-12,30300.0
3950,FLCB,20.62,20.79,386948.0,ETF,ETF,19.0,53.0,28.0,17.0,0.0791,0.0602,463241.0,364380.0,21.96,20.59,0,NO,20.89,21.02,21.4,20.95,21.25,,1761,0.0,386948,NO,NO,2022-06-17,13667800.0
3951,SPTI,27.4,27.59,3036327.0,ETF,ETF,19.0,48.0,30.0,16.0,0.1007,0.0793,2317866.0,3130300.0,29.24,27.34,0,NO,27.79,27.99,28.48,27.89,28.27,,4860,0.0,3036327,NO,NO,2022-07-01,108356500.0
3952,BKAG,40.43,40.8,274055.0,ETF,ETF,19.0,51.0,27.0,17.0,0.1794,0.1394,296423.0,180110.0,43.07,40.38,0,NO,40.97,41.22,41.96,41.09,41.66,,1611,0.0,274055,NO,NO,2023-12-18,26214700.0
3953,IROC,48.64,49.055,28782.0,ETF,ETF,19.0,38.0,23.0,19.0,0.3066,0.2909,19047.0,28320.0,51.93,48.46,0,NO,49.58,50.2,50.68,49.96,50.54,,947,0.0,28782,NO,NO,2026-08-06,298800.0
3954,HAUS,17.26,17.472,338.0,ETF,ETF,19.0,16.0,14.0,32.0,0.1309,0.0854,2201.0,5950.0,19.56,16.6,0,NO,17.96,18.46,18.25,18.29,18.38,,1145,0.0,338,NO,NO,2024-08-27,83300.0
3955,PAB,40.73,41.055,10999.0,ETF,ETF,19.0,51.0,28.0,17.0,0.1586,0.109,16520.0,7870.0,43.55,40.66,0,NO,41.26,41.5,42.28,41.36,41.95,,1366,0.0,10999,NO,NO,2026-05-19,1062000.0
3956,BKSY,22.25,23.17,533084.0,Technology services,Packaged software,19.0,2.0,6.0,4.0,1.3884,1.3011,1142168.0,1033280.0,52.88,12.41,910577856,NO,22.22,24.24,27.41,24.12,29.35,,1696,0.0,533216,NO,NO,2022-05-25,19075850.0
3957,BSMU,21.03,21.18,63184.0,ETF,ETF,19.0,39.0,25.0,17.0,0.1015,0.0981,76506.0,158390.0,22.31,20.98,0,NO,21.44,21.62,21.91,21.53,21.79,,1493,0.0,63184,NO,NO,2026-09-17,644700.0
3958,UNIY,46.77,47.151,6.0,ETF,ETF,19.0,53.0,28.0,18.0,0.123,0.0119,9346.0,28510.0,49.87,46.77,0,NO,47.31,47.6,48.48,47.44,48.12,,909,0.0,6,NO,NO,2023-04-25,2066500.0
3959,BRTR,48.37,48.705,330808.0,ETF,ETF,19.0,50.0,27.0,18.0,0.1725,0.1286,85880.0,111780.0,51.69,48.3,0,NO,49.03,49.36,50.24,49.19,49.85,,694,0.0,330808,NO,NO,2025-12-05,2983700.0
3960,IVT,30.34,30.8,496006.0,Real Estate,REIT - Retail,19.0,17.0,8.0,23.0,0.5793,0.5621,680071.0,725540.0,37.22,26.81,2365865728,NO,31.93,33.54,31.89,32.96,32.95,,3161,0.0,496006,NO,NO,2026-06-18,12086200.0
3961,FIGB,41.36,41.73,56806.0,ETF,ETF,19.0,51.0,28.0,17.0,0.2274,0.1929,110704.0,76940.0,44.2,41.26,0,NO,41.94,42.19,42.96,42.02,42.65,,1395,0.0,56806,NO,NO,2026-07-31,2839400.0
3962,KORP,45.01,45.44,78182.0,ETF,ETF,19.0,55.0,26.0,19.0,0.1964,0.1321,99784.0,100270.0,48.16,44.96,0,NO,45.58,45.83,46.73,45.66,46.34,,2183,0.0,78182,NO,NO,2025-04-24,1002000.0
3963,BNDI,45.29,45.66,61309.0,ETF,ETF,19.0,51.0,28.0,18.0,0.2094,0.1429,28307.0,32880.0,48.45,45.22,0,NO,45.94,46.24,47.05,46.06,46.73,,1019,0.0,61309,NO,NO,2024-09-25,493500.0
3964,DIAL,17.47,17.645,61242.0,ETF,ETF,19.0,46.0,27.0,19.0,0.0749,0.047,66195.0,80550.0,18.62,17.45,0,NO,17.75,17.87,18.17,17.81,18.03,,2246,0.0,61242,NO,NO,2021-05-03,3962700.0
3965,GTO,45.11,45.415,536286.0,ETF,ETF,19.0,48.0,27.0,18.0,0.1629,0.1196,227701.0,328510.0,47.98,45.02,0,NO,45.78,46.08,46.91,45.91,46.57,,2667,0.0,536286,NO,NO,2026-02-27,2670400.0
3966,SCHR,23.81,23.98,7929192.0,ETF,ETF,19.0,48.0,30.0,16.0,0.0857,0.0643,2732012.0,3708600.0,25.42,23.76,0,NO,24.15,24.32,24.75,24.24,24.57,,4057,0.0,7943952,NO,NO,2022-04-29,56106800.0
3967,FBND,43.95,44.33,4931963.0,ETF,ETF,19.0,51.0,27.0,17.0,0.1894,0.1557,3286236.0,3950470.0,46.86,43.88,0,NO,44.54,44.82,45.62,44.64,45.29,,3005,0.0,4932222,NO,NO,2024-10-28,47256600.0
3968,FIXT,36.37,36.657,34596.0,ETF,ETF,19.0,50.0,28.0,18.0,0.1666,0.1196,34315.0,63110.0,39.35,36.32,0,NO,36.9,37.12,37.78,36.99,37.46,,319,0.0,34596,NO,NO,2025-06-18,1512000.0
3969,BNDC,21.29,21.475,8144.0,ETF,ETF,19.0,52.0,28.0,17.0,0.1046,0.0733,9292.0,7160.0,22.73,21.24,0,NO,21.58,21.71,22.12,21.63,21.95,,2456,0.0,8144,NO,NO,2020-05-11,1018500.0
3970,NBTR,48.2,48.557,2473.0,ETF,ETF,19.0,52.0,27.0,17.0,0.1691,0.0886,1419.0,2360.0,51.62,48.19,0,NO,48.77,49.09,50.03,48.92,49.64,,440,0.0,2473,NO,NO,2024-12-18,990100.0
3971,PTRB,40.02,40.345,154805.0,ETF,ETF,19.0,51.0,27.0,17.0,0.1607,0.1241,153263.0,129480.0,42.78,39.94,0,NO,40.56,40.82,41.59,40.67,41.26,,1201,0.0,154805,NO,NO,2026-01-13,2721800.0
3972,HCRB,33.78,34.04,29850.0,ETF,ETF,19.0,50.0,27.0,18.0,0.1517,0.1196,35038.0,32570.0,36.05,33.73,0,NO,34.25,34.47,35.08,34.33,34.81,,1656,0.0,29850,NO,NO,2021-07-14,2634300.0
3973,JHCP,24.2,24.4,74576.0,ETF,ETF,19.0,50.0,27.0,18.0,0.1535,0.132,211071.0,233340.0,26.14,24.16,0,NO,24.53,24.7,25.15,24.61,24.96,,440,0.0,74576,NO,NO,2026-07-13,2191700.0
3974,SPMB,21.38,21.63,3319693.0,ETF,ETF,18.0,46.0,25.0,16.0,0.1186,0.0928,1200596.0,1646010.0,22.87,21.31,0,NO,21.76,21.92,22.28,21.83,22.14,,4438,0.0,3319693,NO,NO,2020-02-12,15216600.0
3975,NDIA,26.6,26.715,1950.0,ETF,ETF,18.0,38.0,41.0,33.0,0.2578,0.0857,4049.0,6470.0,30.68,25.04,0,NO,27.04,27.23,27.73,27.2,26.99,,776,0.0,1950,NO,NO,2025-04-11,431400.0
3976,BBAG,44.19,44.62,54323.0,ETF,ETF,18.0,51.0,27.0,17.0,0.17,0.122,99960.0,66580.0,47.18,44.15,0,NO,44.78,45.07,45.92,44.91,45.57,,1952,0.0,54323,NO,NO,2023-06-23,6984200.0
3977,TOGA,29.85,29.507,72.0,ETF,ETF,18.0,26.0,53.0,44.0,0.3687,0.1456,3007.0,580.0,36.12,26.06,0,NO,30.71,30.76,30.75,30.63,29.84,,597,1.31,800,NO,NO,2024-05-06,309000.0
3978,BDCZ,15.01,15.246,184.0,n/a,n/a,18.0,43.0,62.0,29.0,0.1861,0.099,1450.0,1120.0,17.38,12.92,0,NO,15.35,15.14,15.48,15.18,15.08,,2752,0.0,184,NO,NO,2020-11-12,809900.0
3979,DFSB,49.87,50.31,57560.0,ETF,ETF,18.0,56.0,24.0,19.0,0.2186,0.1661,50025.0,59260.0,53.86,49.81,0,NO,50.42,50.78,51.73,50.56,51.48,,964,0.0,57560,NO,NO,2023-11-27,1362700.0
3980,USIG,49.32,49.74,2735508.0,ETF,ETF,18.0,55.0,27.0,19.0,0.2026,0.1511,2087553.0,2261320.0,52.72,49.23,0,NO,49.89,50.18,51.17,50.02,50.77,,4955,0.0,2735508,NO,NO,2025-09-22,15239200.0
3981,CATF,47.92,48.17,365758.0,ETF,ETF,18.0,41.0,22.0,17.0,0.3076,0.2369,19925.0,84430.0,51.09,47.81,0,NO,48.7,49.22,49.98,48.99,49.73,,547,0.0,366326,NO,NO,2026-09-17,618300.0
3982,UFIV,46.72,47.055,5625.0,ETF,ETF,18.0,47.0,29.0,15.0,0.1496,0.0944,11319.0,27940.0,49.74,46.62,0,NO,47.38,47.74,48.61,47.57,48.24,,875,0.0,5625,NO,NO,2025-08-14,439100.0
3983,GTOC,24.13,24.324,10216.0,ETF,ETF,18.0,47.0,28.0,17.0,0.0697,0.0311,26090.0,11610.0,25.74,24.13,0,NO,24.51,24.66,25.11,24.57,24.92,,294,0.0,10216,NO,NO,2026-06-23,6413100.0
3984,EVTR,48.93,49.39,641490.0,ETF,ETF,18.0,48.0,27.0,17.0,0.2301,0.1822,577825.0,869280.0,52.15,48.84,0,NO,49.67,50.0,50.9,49.8,50.49,,626,0.0,641490,NO,NO,2026-08-18,3055200.0
3985,ZCBE,49.36,47.309,104.0,ETF,ETF,18.0,56.0,38.0,15.0,0.1353,0.0,100.0,100.0,51.44,47.29,0,NO,47.96,48.38,,48.16,49.1,,176,0.0,100,NO,NO,2026-01-12,10000.0
3986,JD,27.16,27.28,4507508.0,Consumer Cyclical,Internet Retail,18.0,16.0,68.0,25.0,0.4714,0.3806,7855226.0,5923280.0,36.86,24.51,36679577600,NO,27.67,29.54,29.01,29.27,28.99,,3102,0.0,4507508,NO,NO,2016-05-31,95370800.0
3987,HON,212.57,206.48,2447729.0,Industrials,Conglomerates,18.0,58.0,13.0,9.0,4.4396,4.0418,3786957.0,3760140.0,260.28,195.87,67371937792,NO,209.16,224.24,230.05,223.07,230.81,,16289,1.84,2471397,NO,NO,2001-06-14,91487271.0
3988,XZO,15.31,16.75,324691.0,Technology services,Packaged software,18.0,11.0,85.0,36.0,0.7275,0.6761,234800.0,439720.0,24.6,12.36,1379215488,NO,16.45,16.19,16.68,15.97,15.34,,220,0.0,324691,NO,NO,2025-11-05,3496500.0
3989,NNI,125.03,126.29,116625.0,Financial Services,Credit Services,18.0,58.0,27.0,20.0,2.1232,2.0654,138084.0,165890.0,144.38,116.62,4473503232,NO,126.65,129.61,131.65,128.8,130.67,,5729,0.0,116688,NO,NO,2009-02-26,3768500.0
3990,WTMY,24.34,24.495,886.0,ETF,ETF,18.0,43.0,23.0,18.0,0.0595,0.025,393.0,150.0,25.85,24.13,0,NO,24.71,24.97,25.34,24.86,25.19,,369,0.0,886,NO,NO,2025-04-15,45800.0
3991,NNN,41.33,41.63,2298572.0,Real Estate,REIT - Retail,18.0,10.0,12.0,20.0,0.7886,0.7793,1560628.0,2125080.0,50.0,38.9,7862957568,NO,43.96,46.05,44.16,45.26,45.08,,10569,0.0,2299645,NO,NO,2011-12-07,25007100.0
3992,PALL,22.95,23.73,1040111.0,ETF,ETF,18.0,22.0,62.0,8.0,0.7893,0.5054,855574.0,820730.0,39.48,20.9,0,NO,24.11,23.93,27.06,24.06,24.97,,4201,0.0,1040111,NO,NO,2026-01-30,11070000.0
3993,FBDC,17.16,17.393,62223.0,ETF,ETF,18.0,43.0,67.0,29.0,0.1873,0.1526,10850.0,6710.0,20.17,16.27,0,NO,17.5,17.42,17.76,17.4,17.21,,310,0.0,62227,NO,NO,2025-07-07,469080.0
3994,GXIG,23.89,24.045,129.0,ETF,ETF,18.0,50.0,33.0,15.0,0.0675,0.0089,3914.0,430.0,27.36,23.27,0,NO,24.2,24.35,24.95,24.27,24.68,,317,0.15,900,NO,NO,2025-07-23,880200.0
3995,BBIB,94.24,94.992,5533.0,ETF,ETF,18.0,47.0,28.0,15.0,0.2598,0.0791,1782.0,4230.0,100.71,94.22,0,NO,95.7,96.39,98.1,96.05,97.35,,859,0.0,5533,NO,NO,2024-10-14,58400.0
3996,GIGB,44.07,44.48,50806.0,ETF,ETF,18.0,55.0,26.0,18.0,0.1819,0.1225,66828.0,55710.0,47.16,44.0,0,NO,44.6,44.87,45.77,44.71,45.41,,2335,0.0,50806,NO,NO,2025-04-09,2212300.0
3997,RTOO,23.98,24.19,395.0,ETF,ETF,18.0,45.0,,,0.3685,0.1399,7956.0,4430.0,27.58,22.01,0,NO,24.09,,,24.51,,,48,0.0,395,NO,NO,2026-07-17,56900.0
3998,SCCR,24.56,24.771,333312.0,ETF,ETF,18.0,50.0,26.0,17.0,0.0974,0.0744,383146.0,288750.0,26.25,24.53,0,NO,24.91,25.08,25.56,24.99,25.36,,409,0.0,333619,NO,NO,2025-09-03,22099800.0
3999,PICB,22.37,22.68,30822.0,ETF,ETF,18.0,33.0,31.0,17.0,0.1586,0.1186,75696.0,46760.0,24.56,22.33,0,NO,22.96,23.06,23.49,23.01,23.23,,4101,0.0,30822,NO,NO,2021-02-25,1496300.0
4000,PRDO,31.44,32.33,968527.0,Consumer services,Other consumer services,18.0,30.0,25.0,7.0,0.9443,0.9443,710809.0,715490.0,38.5,26.66,1967422720,NO,33.02,32.53,33.01,32.48,33.8,,7206,0.0,968527,NO,NO,2003-12-04,50803900.0
4001,DBND,43.89,44.18,182509.0,ETF,ETF,18.0,48.0,28.0,17.0,0.1465,0.1113,84379.0,97370.0,47.05,43.85,0,NO,44.52,44.82,45.7,44.66,45.3,,1117,0.0,182509,NO,NO,2026-03-10,814800.0
4002,KPHO,22.69,22.961,2093.0,ETF,ETF,18.0,49.0,28.0,32.0,0.2093,0.0259,573.0,300.0,26.42,20.65,0,NO,23.11,22.52,23.88,22.58,23.28,,200,0.0,2093,NO,NO,2026-02-03,27800.0
4003,IVEP,25.65,25.76,3573.0,ETF,ETF,18.0,60.0,14.0,,0.5218,0.3325,16119.0,10730.0,29.36,24.05,0,NO,25.69,26.06,,26.12,,,116,0.0,3573,NO,NO,2026-05-27,93000.0
4004,XFIV,46.88,47.21,20222.0,ETF,ETF,18.0,47.0,28.0,15.0,0.1634,0.106,77368.0,37300.0,50.19,46.77,0,NO,47.58,47.95,48.84,47.77,48.46,,1008,0.0,20222,NO,NO,2025-04-14,12034700.0
4005,UXRP,17.44,19.81,259600.0,ETF,ETF,18.0,19.0,97.0,7.0,2.0682,1.5518,156979.0,283630.0,167.71,8.67,0,NO,16.05,12.97,23.35,13.48,15.5,,301,0.0,260400,NO,NO,2026-08-20,783900.0
4006,JCAL,47.91,48.26,116891.0,ETF,ETF,18.0,45.0,23.0,,0.26,0.2129,25057.0,49990.0,50.47,47.82,0,NO,48.63,49.14,,48.93,,,69,0.0,116891,NO,NO,2026-09-21,127900.0
4007,NFRX,24.86,25.23,139.0,ETF,ETF,18.0,22.0,15.0,15.0,0.1582,0.0146,6160.0,420.0,27.81,24.86,0,NO,25.88,26.44,,26.21,26.6,,162,0.0,139,NO,NO,2026-02-12,1499200.0
4008,SPBO,27.88,28.13,843931.0,ETF,ETF,18.0,55.0,25.0,18.0,0.1236,0.095,563982.0,538940.0,29.93,27.83,0,NO,28.21,28.38,28.98,28.29,28.74,,3887,0.0,844037,NO,NO,2023-09-27,11599700.0
4009,DFCF,40.5,41.04,2866068.0,ETF,ETF,18.0,48.0,26.0,16.0,0.1896,0.1368,1440488.0,1291880.0,43.27,40.41,0,NO,41.22,41.49,42.22,41.32,41.94,,1216,0.0,2866468,NO,NO,2024-09-11,6226900.0
4010,EDN,22.69,23.56,80414.0,Utilities,Utilities - Regulated Electric,18.0,82.0,11.0,3.0,0.9182,0.9139,74663.0,39950.0,36.7,14.38,0,NO,24.02,24.44,26.83,24.09,25.37,,4883,0.0,80414,NO,NO,2007-04-26,9331300.0
4011,GEEQ,47.5,48.45,10.0,ETF,ETF,18.0,,,,0.26,0.07,54756.0,1240.0,50.19,47.39,0,NO,49.3,,,,,,22,0.0,8600,NO,NO,2026-08-25,505100.0
4012,JJSF,77.93,78.04,161636.0,Consumer Defensive,Packaged Foods,18.0,8.0,79.0,35.0,2.2132,2.0832,233679.0,216170.0,99.14,68.87,1455857664,NO,83.81,83.32,83.13,83.45,80.12,,10236,0.0,161636,NO,NO,1992-01-13,1860600.0
4013,FLIN,34.58,34.9,99874.0,ETF,ETF,18.0,42.0,34.0,35.0,0.3582,0.1975,405961.0,158700.0,39.85,32.2,0,NO,35.19,35.36,35.87,35.34,35.02,,2166,0.0,99874,NO,NO,2026-06-22,15456500.0
4014,AVIG,39.74,40.09,363829.0,ETF,ETF,18.0,48.0,26.0,16.0,0.1714,0.1228,358690.0,347270.0,42.54,39.67,0,NO,40.36,40.66,41.44,40.49,41.11,,1490,0.0,363829,NO,NO,2026-04-07,3084500.0
4015,JHMB,21.09,21.27,62450.0,ETF,ETF,18.0,45.0,25.0,16.0,0.0963,0.0793,31525.0,19340.0,22.6,21.06,0,NO,21.41,21.59,21.99,21.5,21.82,,1277,0.0,62450,NO,NO,2021-08-20,790000.0
4016,BSMV,20.1,20.27,49337.0,ETF,ETF,18.0,39.0,24.0,16.0,0.0989,0.0888,52930.0,110880.0,21.53,20.05,0,NO,20.49,20.68,20.99,20.6,20.86,,1234,0.0,49337,NO,NO,2023-10-30,396300.0
4017,NFTY,52.65,53.16,23595.0,ETF,ETF,18.0,43.0,35.0,30.0,0.6007,0.3636,25198.0,22750.0,60.7,49.62,0,NO,53.43,53.87,54.75,53.8,53.47,,3663,0.0,23595,NO,NO,2021-04-16,1470800.0
4018,GNMA,42.33,42.83,34540.0,ETF,ETF,18.0,43.0,24.0,15.0,0.4221,0.3736,49065.0,76330.0,45.49,42.19,0,NO,43.14,43.44,44.18,43.25,43.9,,3668,0.0,34540,NO,NO,2023-12-19,1616800.0
4019,XRPT,38.26,43.54,680954.0,ETF,ETF,18.0,19.0,97.0,7.0,4.5904,3.4646,257261.0,413520.0,362.5,18.96,0,NO,35.26,28.52,51.08,29.6,34.01,,336,0.0,680954,NO,NO,2026-08-20,1296800.0
4020,PCY,20.52,20.78,423129.0,ETF,ETF,18.0,45.0,21.0,24.0,0.122,0.0902,340996.0,225590.0,22.18,20.46,0,NO,20.89,21.03,21.42,20.95,21.26,,4766,0.0,423129,NO,NO,2013-01-17,16599800.0
4021,RMOP,24.03,24.27,212341.0,ETF,ETF,18.0,35.0,20.0,19.0,0.1468,0.1254,105641.0,191080.0,25.61,23.96,0,NO,24.53,24.92,25.11,24.77,25.07,,529,0.0,212341,NO,NO,2026-01-21,918600.0
4022,BMOP,23.79,23.98,387334.0,ETF,ETF,18.0,37.0,21.0,19.0,0.1339,0.1179,118826.0,221710.0,25.28,23.75,0,NO,24.26,24.57,,24.45,24.73,,175,0.0,387334,NO,YES,2026-09-23,387334.0
4023,PRMB,19.75,20.48,3563105.0,Consumer non-durables,Beverages: non-alcoholic,18.0,4.0,5.0,42.0,0.84,0.7946,3942342.0,4295410.0,26.21,14.36,7148388352,NO,21.62,22.87,21.01,22.28,22.22,,8627,0.0,3563106,NO,NO,2025-11-07,52402200.0
4024,SCEC,24.03,24.255,102685.0,ETF,ETF,18.0,53.0,27.0,17.0,0.0917,0.0689,85823.0,63000.0,25.75,24.0,0,NO,24.36,24.51,25.02,24.43,24.81,,383,0.0,102685,NO,NO,2025-04-07,13429600.0
4025,JHMU,25.02,25.223,9094.0,ETF,ETF,18.0,40.0,22.0,16.0,0.1075,0.0888,6501.0,5990.0,26.7,24.94,0,NO,25.48,25.77,26.14,25.64,26.01,,723,0.0,9094,NO,NO,2023-11-06,775900.0
4026,SCNM,23.9,24.135,10315.0,ETF,ETF,18.0,39.0,22.0,17.0,0.1186,0.0873,26669.0,20520.0,25.5,23.78,0,NO,24.35,24.63,,24.52,24.84,,195,0.0,10315,NO,NO,2026-01-12,6421800.0
4027,BFOC,17.0,17.208,6608.0,ETF,ETF,17.0,65.0,53.0,24.0,0.1335,0.0722,8953.0,5780.0,20.7,16.78,0,NO,17.05,17.01,17.36,17.0,17.06,,244,0.0,6608,NO,NO,2026-08-26,326700.0
4028,BBCB,43.55,43.97,1634.0,ETF,ETF,17.0,56.0,26.0,18.0,0.1664,0.065,7204.0,3360.0,46.73,43.53,0,NO,44.07,44.32,45.25,44.17,44.87,,1951,0.0,1634,NO,NO,2018-12-19,494500.0
4029,RWX,25.85,26.11,29113.0,ETF,ETF,17.0,17.0,37.0,16.0,0.2573,0.2052,31465.0,36610.0,30.47,25.85,0,NO,27.04,27.48,27.91,27.35,27.46,,4969,0.0,29113,NO,NO,2018-11-15,7309000.0
4030,BFAP,16.26,15.89,8.0,ETF,ETF,17.0,93.0,87.0,47.0,0.1487,0.0125,1150.0,1270.0,24.84,13.69,0,NO,15.6,14.86,15.92,15.11,14.87,,367,0.0,100,NO,NO,2025-07-25,1720300.0
4031,BAMB,25.02,25.215,2460.0,ETF,ETF,17.0,42.0,28.0,15.0,0.0882,0.0474,7303.0,5780.0,26.88,25.01,0,NO,25.42,25.67,26.12,25.56,25.93,,748,0.0,2460,NO,NO,2023-11-09,387400.0
4032,XLY,110.65,112.23,6905601.0,ETF,ETF,17.0,22.0,32.0,32.0,1.6293,1.2914,7028780.0,6742400.0,125.01,105.19,0,NO,113.81,115.16,116.77,114.83,115.18,,6979,0.0,6905601,NO,NO,2014-02-03,64955400.0
4033,JMUB,48.13,48.55,3732741.0,ETF,ETF,17.0,41.0,22.0,16.0,0.2386,0.2034,1393436.0,1960090.0,51.34,48.01,0,NO,48.94,49.51,50.27,49.29,49.99,,1979,0.0,3732741,NO,NO,2026-08-14,6193700.0
4034,FIXD,41.99,42.383,288773.0,ETF,ETF,17.0,55.0,26.0,16.0,0.2079,0.1792,343822.0,599790.0,45.16,41.91,0,NO,42.55,42.83,43.69,42.66,43.33,,2412,0.0,288773,NO,NO,2024-12-09,9734200.0
4035,BSCA,19.16,19.39,16223.0,ETF,ETF,17.0,44.0,22.0,,0.0982,0.0728,23809.0,57720.0,20.33,19.12,0,NO,19.53,19.7,,19.6,,,72,0.0,16223,NO,NO,2026-09-15,256600.0
4036,PSP,57.53,58.77,25832.0,ETF,ETF,17.0,11.0,72.0,38.0,0.9771,0.7793,26630.0,20520.0,70.78,54.12,0,NO,61.2,61.16,61.55,61.16,59.37,,5008,0.0,25832,NO,NO,2014-01-31,1701520.0
4037,NBIX,139.49,143.96,1737099.0,Healthcare,Drug Manufacturers - Specialty & Generic,17.0,13.0,8.0,54.0,4.5067,4.307,1237192.0,1256250.0,186.12,122.14,14179045376,NO,153.19,160.88,147.84,156.29,150.95,,7631,0.0,1739114,NO,NO,2006-05-16,46749600.0
4038,HTAB,18.27,18.43,69500.0,ETF,ETF,17.0,40.0,22.0,17.0,0.1119,0.1014,91176.0,94280.0,19.56,18.21,0,NO,18.57,18.79,19.09,18.7,18.98,,2118,0.0,69500,NO,NO,2026-08-31,2386100.0
4039,FMHI,45.8,46.204,231974.0,ETF,ETF,17.0,39.0,20.0,16.0,0.3004,0.2721,130520.0,175970.0,48.73,45.62,0,NO,46.66,47.35,47.91,47.07,47.76,,2231,0.0,231974,NO,NO,2023-10-10,865400.0
4040,FLCO,20.57,20.77,116121.0,ETF,ETF,17.0,54.0,25.0,18.0,0.1023,0.0779,66568.0,65190.0,22.1,20.55,0,NO,20.81,20.94,21.38,20.87,21.21,,2504,0.0,116121,NO,NO,2024-02-22,13890600.0
4041,POWR,24.6,24.8,219761.0,ETF,ETF,17.0,30.0,11.0,13.0,0.3971,0.3364,231488.0,199030.0,28.44,23.18,0,NO,25.31,26.04,26.13,25.87,26.63,,3680,0.0,219761,NO,NO,2026-05-13,1643300.0
4042,WTMU,24.58,24.75,129.0,ETF,ETF,17.0,42.0,23.0,15.0,0.0571,0.0091,731.0,140.0,28.39,24.58,0,NO,24.97,25.23,25.68,25.11,25.5,,369,0.0,129,NO,NO,2026-01-05,138800.0
4043,LINE,36.32,37.52,916056.0,Real Estate,REIT - Industrial,17.0,6.0,11.0,38.0,1.0321,1.0025,940311.0,911340.0,45.75,31.33,9107162112,NO,38.42,40.74,38.77,39.79,39.59,,542,0.0,916056,NO,NO,2024-07-25,14243000.0
4044,ZCBF,48.31,47.122,7.0,ETF,ETF,17.0,54.0,35.0,14.0,0.1459,0.0,128.0,100.0,51.5,47.09,0,NO,47.79,48.25,,48.01,49.02,,176,0.0,100,NO,NO,2026-01-12,10000.0
4045,EVYM,47.85,48.447,6338.0,ETF,ETF,17.0,35.0,19.0,16.0,0.3173,0.2375,6193.0,8220.0,51.23,47.77,0,NO,48.92,49.69,50.16,49.41,50.07,,394,0.0,6338,NO,NO,2025-04-08,152100.0
4046,LQDI,25.21,25.45,1063.0,ETF,ETF,17.0,52.0,24.0,19.0,0.1626,0.1346,9612.0,20930.0,27.19,25.2,0,NO,25.57,25.72,26.24,25.62,26.07,,2100,0.0,1063,NO,NO,2025-11-17,1425900.0
4047,APLU,23.72,23.94,35789.0,ETF,ETF,17.0,49.0,26.0,16.0,0.1239,0.0919,80396.0,194220.0,25.63,23.7,0,NO,24.04,24.2,24.68,24.1,24.48,,449,0.0,35789,NO,NO,2025-01-13,6130000.0
4048,BSCW,19.7,19.875,252189.0,ETF,ETF,17.0,44.0,27.0,16.0,0.0918,0.0779,359761.0,527690.0,21.24,19.68,0,NO,20.04,20.2,20.59,20.12,20.42,,1012,0.0,252189,NO,NO,2026-09-21,2658800.0
4049,HTAX,23.4,23.64,40379.0,ETF,ETF,17.0,36.0,20.0,18.0,0.1202,0.0841,9542.0,16200.0,25.08,23.36,0,NO,23.87,24.24,24.47,24.1,24.42,,389,0.0,40379,NO,NO,2025-07-01,537100.0
4050,RJMI,24.29,24.455,5165.0,ETF,ETF,17.0,40.0,20.0,15.0,0.1044,0.0796,9660.0,6710.0,26.09,24.21,0,NO,24.7,25.02,25.48,24.88,25.33,,244,0.0,5165,NO,NO,2025-12-11,106600.0
4051,WTBN,24.23,24.445,10988.0,ETF,ETF,17.0,51.0,26.0,16.0,0.0956,0.0687,14795.0,17660.0,26.0,24.15,0,NO,24.54,24.69,25.21,24.61,25.02,,690,0.0,10988,NO,NO,2024-11-22,517200.0
4052,BRX,27.64,28.09,2372103.0,Real Estate,REIT - Retail,17.0,24.0,9.0,16.0,0.42,0.4064,2518701.0,3718810.0,32.86,24.66,8481950720,NO,28.77,30.1,29.29,29.63,30.17,,3242,0.0,2465954,NO,NO,2019-02-05,58450000.0
4053,SMBS,24.34,24.56,3379310.0,ETF,ETF,17.0,47.0,25.0,15.0,0.1236,0.1032,770974.0,1787240.0,26.12,24.26,0,NO,24.73,24.93,25.42,24.82,25.23,,460,0.0,3379321,NO,NO,2025-04-22,195497700.0
4054,BBBI,49.28,49.755,64289.0,ETF,ETF,17.0,47.0,25.0,17.0,0.2176,0.162,21588.0,48290.0,52.74,49.22,0,NO,50.01,50.41,51.41,50.22,50.98,,667,0.0,64289,NO,NO,2025-06-03,708100.0
4055,GLXY,25.79,26.07,4892997.0,Financial Services,Capital Markets,17.0,93.0,6.0,76.0,1.7361,1.5732,6440226.0,5340360.0,45.92,16.43,15197978624,NO,24.56,22.99,25.01,23.36,24.85,,339,0.0,4892997,NO,NO,2025-10-28,31326900.0
4056,FIIG,19.96,20.145,79851.0,ETF,ETF,17.0,54.0,26.0,17.0,0.0942,0.0734,162300.0,143840.0,21.49,19.91,0,NO,20.23,20.36,20.79,20.28,20.59,,787,0.0,79851,NO,NO,2024-03-27,2858800.0
4057,SR,77.39,79.76,599651.0,Utilities,Utilities - Regulated Gas,17.0,32.0,39.0,6.0,1.7757,1.6196,543282.0,636960.0,95.31,75.85,4574739968,NO,81.52,81.64,84.9,81.09,84.56,,13510,0.0,599651,NO,NO,2019-02-14,11259800.0
4058,FCOR,45.33,45.75,99990.0,ETF,ETF,17.0,54.0,25.0,17.0,0.2099,0.1834,43317.0,56390.0,48.79,45.27,0,NO,45.91,46.22,47.23,46.04,46.82,,3005,0.0,100023,NO,NO,2021-03-16,461600.0
4059,RXI,186.98,190.15,12983.0,ETF,ETF,17.0,19.0,37.0,28.0,2.077,1.0141,20330.0,52310.0,213.77,180.68,0,NO,193.52,196.69,199.03,196.19,195.22,,5031,0.0,13995,NO,NO,2016-01-25,2814000.0
4060,FPAS,23.8,24.025,8957.0,ETF,ETF,17.0,46.0,28.0,15.0,0.091,0.0374,1282.0,1100.0,25.6,23.78,0,NO,24.23,24.4,24.86,24.31,24.67,,472,0.0,8957,NO,NO,2026-06-11,174600.0
4061,GOGL,22.87,25.33,64581.0,ETF,ETF,17.0,26.0,,,1.0871,0.6536,8573.0,9730.0,30.06,20.67,0,NO,23.58,24.37,,23.95,,,61,0.0,64581,NO,YES,2026-09-23,64581.0
4062,SCHP,25.33,25.54,5256226.0,ETF,ETF,17.0,47.0,25.0,14.0,0.1057,0.0879,5157998.0,6684670.0,27.15,25.3,0,NO,25.74,25.92,26.47,25.82,26.35,,4057,0.0,5258817,NO,NO,2023-03-29,64819400.0
4063,BOND,88.13,88.98,1036811.0,ETF,ETF,17.0,46.0,24.0,16.0,0.4254,0.3243,612346.0,714520.0,94.68,87.96,0,NO,89.6,90.3,92.1,89.92,91.33,,3661,0.0,1037411,NO,NO,2014-09-26,5042400.0
4064,QCLR,28.08,28.095,1003.0,ETF,ETF,17.0,78.0,39.0,41.0,0.1435,0.0149,1098.0,3510.0,33.32,26.1,0,NO,27.69,27.85,28.5,27.87,28.0,,1273,0.0,1003,NO,NO,2022-09-30,58600.0
4065,GOIB,24.01,25.33,6789.0,ETF,ETF,17.0,42.0,,,0.4635,0.1735,712.0,780.0,27.88,23.58,0,NO,24.41,,,,,,39,0.0,6789,NO,YES,2026-09-23,6789.0
4066,JLQD,39.64,39.92,749.0,ETF,ETF,17.0,53.0,25.0,16.0,0.0972,0.0359,722.0,480.0,42.71,39.64,0,NO,40.08,40.37,41.31,40.23,40.92,,1264,0.0,749,NO,NO,2022-07-14,100000.0
4067,IYC,96.25,97.35,80183.0,ETF,ETF,17.0,22.0,30.0,26.0,1.2204,0.8825,95234.0,101440.0,107.36,93.99,0,NO,99.15,100.5,101.57,100.09,100.4,,6597,0.0,80183,NO,NO,2002-09-09,9072400.0
4068,BIV,73.49,74.19,3210476.0,ETF,ETF,17.0,46.0,25.0,15.0,0.3229,0.2507,1590368.0,1822960.0,79.09,73.35,0,NO,74.66,75.26,76.81,74.96,76.16,,4895,0.0,3210476,NO,NO,2019-01-16,19788900.0
4069,BSMW,23.84,24.022,41208.0,ETF,ETF,17.0,37.0,22.0,16.0,0.1394,0.1289,40903.0,86700.0,25.57,23.77,0,NO,24.33,24.61,25.01,24.5,24.86,,893,0.0,41208,NO,NO,2026-04-22,1041200.0
4070,FCAL,46.91,47.312,60186.0,ETF,ETF,17.0,39.0,20.0,15.0,0.2261,0.2069,20292.0,28780.0,50.13,46.82,0,NO,47.77,48.42,49.18,48.16,48.96,,2322,0.0,60186,NO,NO,2025-07-17,1804200.0
4071,BKTI,74.5,74.72,37990.0,Electronic technology,Telecommunications equipment,17.0,32.0,18.0,11.0,2.1875,2.1396,40742.0,46810.0,104.55,60.0,280819488,NO,73.23,76.38,81.1,75.41,81.81,,11723,0.0,37990,NO,NO,2000-01-20,1455100.0
4072,TRMB,59.32,57.75,1812261.0,Technology services,Packaged software,17.0,58.0,90.0,8.0,1.5629,1.4536,3095711.0,2423610.0,84.42,47.92,13832227840,NO,58.84,57.32,63.64,58.19,59.13,,9109,2.68,1812261,NO,NO,2021-01-20,53094000.0
4073,RTRE,23.87,24.103,415.0,ETF,ETF,17.0,47.0,24.0,15.0,0.0914,0.0453,10215.0,3130.0,25.79,23.86,0,NO,24.28,24.46,24.97,24.36,24.75,,578,0.0,415,NO,NO,2024-06-06,304400.0
4074,NHYM,23.62,23.907,23985.0,ETF,ETF,17.0,34.0,20.0,16.0,0.2229,0.1926,18323.0,20960.0,25.33,23.51,0,NO,24.17,24.52,24.82,24.39,24.74,,418,0.0,23985,NO,NO,2025-12-31,962600.0
4075,BTRN,27.92,26.682,15.0,ETF,ETF,17.0,91.0,82.0,29.0,0.5644,0.0781,296.0,100.0,40.66,24.48,0,NO,26.21,25.37,27.39,25.77,26.35,,627,0.0,100,NO,NO,2025-01-30,86600.0
4076,PCI,47.94,48.399,370.0,ETF,ETF,17.0,48.0,25.0,16.0,0.1215,0.0174,3769.0,2590.0,51.42,47.94,0,NO,48.65,49.04,50.06,48.83,49.62,,287,0.0,370,NO,NO,2026-02-12,7233600.0
4077,ZCBG,46.66,47.056,6.0,ETF,ETF,16.0,39.0,28.0,12.0,0.1642,0.0,100.0,100.0,51.66,47.04,0,NO,47.75,48.22,,47.96,49.03,,176,0.0,100,NO,NO,2026-01-12,10000.0
4078,RMCA,23.09,23.285,4877.0,ETF,ETF,16.0,38.0,20.0,16.0,0.098,0.0633,4031.0,1790.0,24.61,23.05,0,NO,23.5,23.85,24.17,23.72,24.08,,529,0.0,4877,NO,NO,2024-08-30,326400.0
4079,FEIG,39.14,39.52,4018.0,ETF,ETF,16.0,53.0,24.0,16.0,0.1354,0.0784,3590.0,3630.0,42.13,39.08,0,NO,39.68,39.92,40.8,39.78,40.45,,1256,0.0,4018,NO,NO,2023-09-26,255400.0
4080,JMSI,47.81,48.184,105214.0,ETF,ETF,16.0,40.0,21.0,16.0,0.2754,0.2396,48592.0,114650.0,51.35,47.64,0,NO,48.62,49.2,50.05,48.97,49.73,,800,0.0,105214,NO,NO,2026-09-21,355000.0
4081,FMB,48.61,49.02,748618.0,ETF,ETF,16.0,41.0,21.0,15.0,0.2321,0.2152,213958.0,513490.0,52.03,48.47,0,NO,49.47,50.12,50.97,49.85,50.7,,3107,0.0,748618,NO,NO,2020-03-27,1335800.0
4082,TRU,70.95,71.41,1729251.0,Commercial services,Financial publishing/Services,16.0,3.0,79.0,27.0,2.9071,2.4464,2319188.0,2696750.0,89.12,63.37,13594019840,NO,79.17,79.59,76.16,78.69,73.82,,2827,0.0,1729251,NO,NO,2025-09-19,26552700.0
4083,FMS,22.41,22.22,702089.0,Healthcare,Medical Care Facilities,16.0,32.0,20.0,36.0,0.3664,0.2954,691636.0,659890.0,27.64,20.02,11927035904,NO,22.68,23.6,23.06,23.44,22.97,,7551,0.0,702089,NO,NO,1996-10-11,9079400.0
4084,BKMI,25.07,25.31,324508.0,ETF,ETF,16.0,38.0,22.0,15.0,0.1111,0.1082,126369.0,225290.0,26.88,25.06,0,NO,25.62,25.86,,25.74,26.1,,175,0.0,324508,NO,NO,2026-09-04,1145900.0
4085,SF,71.93,75.72,1308344.0,Finance,Investment managers,16.0,8.0,34.0,29.0,2.0786,1.8693,1203644.0,1239230.0,89.83,67.81,10861554688,NO,78.8,80.62,78.54,80.37,76.06,,10880,0.0,1308344,NO,NO,2021-06-25,20643600.0
4086,SCHI,21.67,21.88,5079970.0,ETF,ETF,16.0,48.0,25.0,16.0,0.0957,0.0777,2114334.0,3309390.0,23.28,21.63,0,NO,21.99,22.17,22.64,22.08,22.44,,1745,0.0,5080443,NO,NO,2023-03-29,118639600.0
4087,BR,163.45,164.62,814545.0,Technology,Information Technology Services,16.0,9.0,90.0,15.0,4.5586,4.1171,1260411.0,1129910.0,239.6,133.83,18636863488,NO,173.29,166.21,173.82,167.34,159.27,,4907,0.0,817131,NO,NO,2018-06-15,25107800.0
4088,BBBL,45.06,45.524,82.0,ETF,ETF,16.0,60.0,26.0,16.0,0.2071,0.0355,1373.0,410.0,50.54,45.06,0,NO,45.72,46.01,47.61,45.83,47.01,,666,0.0,100,NO,NO,2025-02-04,45100.0
4089,BSCX,20.2,20.39,122401.0,ETF,ETF,16.0,45.0,26.0,16.0,0.0899,0.0761,222612.0,470930.0,21.69,20.18,0,NO,20.55,20.7,21.14,20.62,20.96,,753,0.0,122401,NO,NO,2025-02-10,3677400.0
4090,BAB,25.62,25.93,517713.0,ETF,ETF,16.0,45.0,24.0,15.0,0.1464,0.1293,352426.0,354370.0,27.73,25.57,0,NO,26.13,26.31,26.85,26.19,26.63,,4236,0.0,517713,NO,NO,2024-03-14,9475800.0
4091,EYEG,33.82,34.145,1044.0,ETF,ETF,16.0,53.0,24.0,17.0,0.0978,0.0438,471.0,460.0,36.63,33.82,0,NO,34.28,34.49,35.26,34.37,34.95,,695,0.0,1044,NO,NO,2025-12-12,69200.0
4092,BNGE,31.75,32.035,3030.0,ETF,ETF,16.0,38.0,73.0,36.0,0.3354,0.0344,901.0,1640.0,41.04,29.39,0,NO,32.33,32.09,32.68,32.13,31.34,,1161,0.0,3030,NO,NO,2022-02-11,111000.0
4093,PHM,118.71,118.97,1600418.0,Consumer durables,Homebuilding,16.0,14.0,18.0,31.0,2.935,2.7943,1662711.0,1914410.0,144.5,108.49,22612635648,NO,122.08,126.15,125.01,125.45,123.15,,11724,0.0,1600418,NO,NO,2009-04-08,39762800.0
4094,ASO,48.31,48.49,1170930.0,Consumer Cyclical,Specialty Retail,16.0,89.0,31.0,10.0,2.4066,2.1927,1749001.0,2790850.0,62.45,41.29,2974876416,NO,47.32,47.71,52.6,47.64,51.25,,1499,0.0,1170930,NO,NO,2022-03-15,23329400.0
4095,JHCB,20.38,20.605,18675.0,ETF,ETF,16.0,52.0,24.0,17.0,0.0898,0.0637,30315.0,17550.0,22.04,20.37,0,NO,20.62,20.77,21.24,20.68,21.04,,1376,0.0,18675,NO,NO,2026-08-11,818700.0
4096,DMBS,46.9,47.425,129005.0,ETF,ETF,16.0,46.0,24.0,14.0,0.2454,0.201,69904.0,89370.0,50.54,46.85,0,NO,47.69,48.09,49.11,47.88,48.71,,868,0.0,129005,NO,NO,2023-06-13,1534100.0
4097,ISHP,33.93,34.795,9.0,ETF,ETF,16.0,13.0,68.0,32.0,0.3974,0.0026,166.0,230.0,42.27,32.05,0,NO,35.55,35.78,35.88,35.68,34.66,,2500,0.0,9,NO,NO,2021-04-09,412700.0
4098,NFG,78.61,80.0,894001.0,Energy,Oil & Gas Integrated,16.0,30.0,58.0,5.0,1.7307,1.7164,679873.0,959410.0,97.06,75.17,7471495168,NO,82.01,81.82,83.67,81.66,83.58,,13460,0.0,894001,NO,NO,2023-07-31,5582700.0
4099,DWWN,24.26,23.98,14.0,ETF,ETF,16.0,65.0,15.0,,0.1679,0.0014,101.0,100.0,26.87,23.67,0,NO,24.18,24.4,,24.22,,,84,0.0,100,NO,NO,2026-05-21,398600.0
4100,BOH,70.34,72.82,756006.0,Financial Services,Banks - Regional,16.0,11.0,8.0,20.0,1.4921,1.3546,383700.0,386060.0,86.31,59.36,2774940672,NO,75.56,78.69,76.51,77.62,77.92,,11724,0.0,756006,NO,NO,2023-06-01,8430600.0
4101,BDC,114.13,110.55,394961.0,Producer manufacturing,Electrical products,16.0,19.0,27.0,20.0,4.6836,4.0107,499168.0,481730.0,159.99,98.0,4459994112,NO,115.79,117.42,119.7,120.28,116.84,,8261,0.0,394961,NO,NO,2014-06-30,5569800.0
4102,USVN,45.74,46.162,157.0,ETF,ETF,16.0,45.0,26.0,14.0,0.1312,0.0234,814.0,860.0,49.29,45.74,0,NO,46.49,46.89,47.89,46.68,47.47,,875,0.0,157,NO,NO,2024-01-04,69800.0
4103,ARE,51.86,53.34,1925094.0,Real Estate,REIT - Office,16.0,42.0,50.0,49.0,1.995,1.9664,1901434.0,2089660.0,86.74,39.41,8924861440,NO,52.29,51.04,50.17,51.43,49.36,,7376,0.0,1925094,NO,NO,2017-03-17,16444300.0
4104,EQT,51.06,50.13,6824262.0,Energy minerals,Integrated oil,16.0,29.0,40.0,3.0,1.4275,1.3625,7299244.0,8691510.0,68.24,47.94,31938848768,NO,53.57,52.88,55.81,53.1,55.64,,11724,0.0,6824262,NO,NO,2018-11-12,126791393.0
4105,PBDC,27.26,27.6,73311.0,ETF,ETF,16.0,43.0,65.0,26.0,0.3775,0.3517,92685.0,48120.0,32.44,25.95,0,NO,27.9,27.57,28.19,27.62,27.36,,997,0.0,73311,NO,NO,2026-04-15,1125400.0
4106,JTNY,47.63,47.9,104357.0,ETF,ETF,16.0,41.0,21.0,,0.2545,0.2059,24534.0,55160.0,50.37,47.02,0,NO,48.46,49.05,,48.82,,,69,0.0,104357,NO,NO,2026-09-21,148000.0
4107,FLMI,23.67,23.86,1842407.0,ETF,ETF,16.0,36.0,20.0,14.0,0.1247,0.114,794839.0,1474090.0,25.46,23.58,0,NO,24.14,24.49,24.87,24.36,24.76,,2267,0.0,1842407,NO,NO,2026-01-05,2803100.0
4108,SBSI,30.71,31.52,159689.0,Finance,Regional banks,16.0,33.0,11.0,30.0,0.7486,0.7171,140557.0,149820.0,36.2,26.32,915403008,NO,31.86,32.63,32.46,32.32,32.68,,7134,0.0,162514,NO,NO,2015-01-26,3583964.0
4109,BSCY,19.76,19.955,57846.0,ETF,ETF,16.0,44.0,24.0,16.0,0.0883,0.0689,131661.0,130040.0,21.27,19.72,0,NO,20.11,20.27,20.71,20.18,20.53,,570,0.0,57846,NO,NO,2025-12-11,1932600.0
4110,SPIP,24.57,24.77,959060.0,ETF,ETF,16.0,51.0,25.0,13.0,0.1057,0.085,398228.0,590570.0,26.55,24.53,0,NO,24.94,25.08,25.76,24.98,25.58,,4860,0.0,959060,NO,NO,2022-04-29,10123700.0
4111,GTIP,46.68,47.05,46574.0,ETF,ETF,16.0,51.0,25.0,13.0,0.185,0.1448,40506.0,67480.0,50.3,46.63,0,NO,47.38,47.64,48.92,47.47,48.61,,1991,0.0,46574,NO,NO,2024-01-30,374000.0
4112,ZTEN,48.3,48.86,708.0,ETF,ETF,16.0,49.0,24.0,15.0,0.1927,0.108,2507.0,6070.0,52.15,48.3,0,NO,48.97,49.39,50.53,49.16,50.05,,676,0.0,708,NO,NO,2025-08-04,693100.0
4113,BNDY,24.26,24.44,23792.0,ETF,ETF,16.0,53.0,25.0,13.0,0.1254,0.0955,136779.0,34730.0,26.46,24.1,0,NO,24.5,24.68,25.43,24.6,25.16,,307,0.0,23792,NO,NO,2025-07-31,7008100.0
4114,JMBS,43.06,43.56,1254406.0,ETF,ETF,16.0,43.0,23.0,14.0,0.2429,0.1807,668071.0,924500.0,46.39,42.94,0,NO,43.88,44.25,45.18,44.02,44.8,,2016,0.0,1254406,NO,NO,2023-11-28,15744800.0
4115,PMBS,46.98,47.51,361388.0,ETF,ETF,16.0,40.0,23.0,14.0,0.2516,0.1876,86296.0,120730.0,50.95,46.88,0,NO,47.97,48.4,49.36,48.16,48.99,,501,0.0,361388,NO,NO,2024-11-11,2806800.0
4116,HOV,115.24,115.26,126838.0,Consumer Cyclical,Residential Construction,16.0,7.0,12.0,42.0,4.3839,4.0668,135884.0,105310.0,148.48,91.52,686817728,NO,119.73,126.85,117.55,125.89,119.02,,10845,0.0,126839,NO,NO,2013-01-17,2201584.0
4117,BSSX,24.34,24.583,17593.0,ETF,ETF,16.0,35.0,21.0,15.0,0.1902,0.1736,27306.0,38930.0,26.61,24.32,0,NO,24.86,25.21,25.65,25.08,25.47,,753,0.0,17593,NO,NO,2024-01-11,317100.0
4118,RSBA,20.0,20.23,3213.0,ETF,ETF,16.0,51.0,23.0,19.0,0.1076,0.0696,13455.0,11430.0,21.75,20.0,0,NO,20.32,20.58,20.86,20.45,20.71,,440,0.0,3213,NO,NO,2026-01-20,400700.0
4119,BOTT,42.62,43.25,5795.0,ETF,ETF,16.0,56.0,8.0,6.0,0.738,0.4824,22147.0,16190.0,70.07,34.52,0,NO,42.01,42.85,48.89,42.68,47.86,,607,0.0,5795,NO,NO,2026-06-30,128900.0
4120,PFOE,22.18,22.445,8836.0,ETF,ETF,16.0,24.0,38.0,26.0,0.2461,0.1281,23142.0,11620.0,26.34,21.49,0,NO,22.79,22.95,,22.85,22.97,,182,0.0,8836,NO,NO,2026-05-21,1503200.0
4121,CCOM,23.58,23.92,23.0,ETF,ETF,16.0,80.0,55.0,19.0,0.3064,0.09,157.0,190.0,27.31,23.34,0,NO,24.14,23.84,,23.8,24.3,,163,0.0,100,NO,NO,2026-04-20,2300.0
4122,HIG,126.59,130.73,1722418.0,Financial Services,Insurance - Diversified,16.0,18.0,27.0,12.0,2.46,2.1575,1578573.0,1865000.0,146.07,120.33,34289684480,NO,136.04,138.52,136.18,137.16,135.4,,7741,0.0,1750984,NO,NO,2008-12-05,119854300.0
4123,APO,124.36,127.91,3058397.0,Financial Services,Asset Management,16.0,22.0,22.0,62.0,3.7182,3.4682,3846722.0,2814170.0,153.29,99.56,73439944704,NO,130.39,128.91,127.64,129.7,124.14,,3893,0.0,3058397,NO,NO,2024-12-20,91314300.0
4124,ITM,44.43,44.85,417889.0,ETF,ETF,16.0,40.0,20.0,14.0,0.2004,0.1782,397271.0,837250.0,48.02,44.3,0,NO,45.23,45.77,46.71,45.54,46.36,,4727,0.0,417889,NO,NO,2024-10-09,3004100.0
4125,PFFA,20.21,20.61,1046818.0,ETF,ETF,15.0,40.0,26.0,26.0,0.1609,0.1397,817038.0,898100.0,22.13,20.21,0,NO,20.77,20.8,21.25,20.74,21.0,,2099,0.0,1046818,NO,NO,2026-06-11,2140300.0
4126,LNN,115.84,115.0,117287.0,Industrials,Farm & Heavy Construction Machinery,15.0,69.0,39.0,21.0,3.7029,3.6486,155082.0,176230.0,148.0,97.27,1177963648,NO,117.44,115.68,118.28,115.67,114.77,,9555,0.0,117287,NO,NO,2008-06-18,7437800.0
4127,PAYP,16.42,17.72,576230.0,Commercial services,Miscellaneous commercial services,15.0,90.0,85.0,1.0,0.9043,0.8271,883476.0,787970.0,24.89,12.07,11118690304,NO,16.89,15.94,,16.12,,,134,0.0,576230,NO,NO,2026-03-13,14116800.0
4128,FMUN,47.52,48.023,31677.0,ETF,ETF,15.0,34.0,20.0,14.0,0.2848,0.2546,11042.0,11800.0,51.25,47.41,0,NO,48.58,49.29,50.06,48.98,49.76,,366,0.0,31677,NO,NO,2026-01-22,50300.0
4129,BCML,29.64,29.73,35834.0,Finance,Regional banks,15.0,62.0,14.0,31.0,0.5621,0.555,61115.0,54300.0,34.98,26.78,323672256,NO,30.13,30.96,30.47,30.44,30.64,,5247,0.0,35834,NO,NO,2022-06-24,1786400.0
4130,CSL,323.96,317.85,338288.0,Industrials,Building Products & Equipment,15.0,7.0,14.0,17.0,9.5789,8.6868,581104.0,637890.0,432.91,293.43,12865789952,NO,337.87,350.48,352.23,350.37,348.77,,13510,0.0,375558,NO,NO,2026-08-31,3662700.0
4131,RSPC,35.6,36.47,4918.0,ETF,ETF,15.0,32.0,50.0,14.0,0.5896,0.3952,10466.0,5590.0,41.47,34.5,0,NO,36.96,36.57,37.69,36.45,37.0,,1977,0.0,4918,NO,NO,2023-03-09,2633900.0
4132,H,157.28,156.95,637164.0,Consumer Cyclical,Lodging,15.0,6.0,4.0,49.0,4.3336,4.0357,799247.0,854930.0,206.86,134.18,14821554176,NO,163.82,174.73,169.33,171.4,171.46,,4244,0.0,637164,NO,NO,2009-11-05,19384900.0
4133,SECR,24.41,24.7,9211.0,ETF,ETF,15.0,47.0,25.0,14.0,0.1059,0.0667,4574.0,5300.0,26.53,24.39,0,NO,24.81,25.01,25.54,24.89,25.31,,553,0.0,9211,NO,NO,2024-10-03,1293200.0
4134,JMHI,47.57,48.15,103627.0,ETF,ETF,15.0,36.0,20.0,15.0,0.3263,0.3067,45023.0,82060.0,51.19,47.51,0,NO,48.67,49.28,50.03,49.03,49.74,,800,0.0,103627,NO,NO,2026-07-23,339000.0
4135,AMT,170.78,174.6,2367376.0,Finance,Real estate investment trusts,15.0,44.0,22.0,19.0,4.1153,3.8768,2849504.0,2699810.0,197.41,160.06,79576662016,NO,175.55,172.97,177.43,173.86,176.96,,7186,0.0,2377896,NO,NO,2007-11-16,65933700.0
4136,HOVNP,19.24,19.25,2419.0,Consumer durables,Homebuilding,15.0,54.0,22.0,11.0,0.3179,0.2807,5263.0,6420.0,21.9,18.52,0,NO,19.46,19.8,20.45,19.67,20.35,,5234,0.0,2419,NO,NO,2007-12-19,691600.0
4137,PCL,47.58,47.298,13.0,ETF,ETF,15.0,69.0,29.0,18.0,0.1944,0.0308,3452.0,210.0,52.71,46.82,0,NO,47.52,47.84,49.59,47.62,48.93,,284,0.0,100,NO,NO,2026-05-28,600000.0
4138,TIPC,94.77,94.403,25.0,ETF,ETF,15.0,63.0,33.0,13.0,0.2647,0.0841,769.0,380.0,103.41,94.4,0,NO,95.67,96.18,99.49,95.79,98.61,,274,0.0,100,NO,NO,2026-08-21,19000.0
4139,AMHI,23.65,23.76,7.0,ETF,ETF,15.0,50.0,,,0.0757,0.0,3311.0,110.0,25.19,23.65,0,NO,24.1,24.49,,24.33,,,61,0.0,200,NO,NO,2026-06-25,199100.0
4140,DFIP,39.35,39.68,147219.0,ETF,ETF,15.0,48.0,24.0,13.0,0.1607,0.1325,135096.0,212370.0,42.56,39.3,0,NO,40.0,40.36,41.45,40.15,41.24,,1216,0.0,147219,NO,NO,2026-02-13,971800.0
4141,XSVN,45.11,45.58,44805.0,ETF,ETF,15.0,44.0,24.0,13.0,0.2139,0.155,102644.0,332880.0,48.98,45.01,0,NO,45.91,46.31,47.35,46.1,46.92,,1001,0.0,44805,NO,NO,2026-09-15,2295000.0
4142,CBRE,136.41,143.21,2324458.0,Real Estate,Real Estate Services,15.0,9.0,61.0,32.0,4.6554,3.9489,1715882.0,1989130.0,174.27,121.69,39500967936,NO,143.38,144.93,146.19,145.45,139.87,,5606,0.0,2346681,NO,NO,2004-06-10,35097600.0
4143,LQD,103.89,105.09,34584918.0,ETF,ETF,15.0,53.0,23.0,16.0,0.57,0.435,28622033.0,30397330.0,112.93,103.68,0,NO,105.29,106.01,108.73,105.58,107.68,,6076,0.0,34585019,YES,NO,2026-03-03,78775000.0
4144,HAUZ,21.52,21.77,94082.0,ETF,ETF,15.0,21.0,36.0,13.0,0.2371,0.1586,104057.0,106500.0,25.73,21.5,0,NO,22.27,22.68,23.37,22.55,22.94,,3263,0.0,94082,NO,NO,2020-03-12,4786900.0
4145,XAR,239.37,243.55,338884.0,ETF,ETF,15.0,7.0,8.0,9.0,4.9007,4.6664,233885.0,379290.0,297.79,215.02,0,NO,250.31,265.31,267.48,263.01,267.15,,3766,0.0,338884,NO,NO,2018-12-06,2454200.0
4146,LIAM,225.5,224.172,60.0,ETF,ETF,15.0,55.0,30.0,14.0,0.7735,0.1021,153.0,110.0,248.99,222.57,0,NO,227.97,229.36,236.07,228.19,233.67,,354,0.0,100,NO,NO,2026-05-20,10200.0
4147,FMNY,25.26,25.42,2907.0,ETF,ETF,15.0,38.0,19.0,14.0,0.1268,0.1152,7560.0,11300.0,27.22,25.22,0,NO,25.74,26.15,26.61,25.98,26.47,,1346,0.0,2907,NO,NO,2025-09-24,167400.0
4148,HIMU,46.31,46.79,1079520.0,ETF,ETF,15.0,35.0,18.0,18.0,0.3154,0.2958,447258.0,849910.0,49.94,46.08,0,NO,47.33,48.13,48.65,47.84,48.45,,406,0.0,1079520,NO,NO,2026-03-12,14940900.0
4149,RVNU,23.49,23.77,124398.0,ETF,ETF,15.0,30.0,17.0,15.0,0.1664,0.1564,27188.0,52740.0,25.4,23.46,0,NO,24.08,24.52,24.76,24.36,24.73,,3346,0.0,124398,NO,NO,2016-10-13,538800.0
4150,BTCI,33.94,34.52,549957.0,ETF,ETF,15.0,90.0,90.0,33.0,1.0241,0.6701,543409.0,738160.0,64.03,26.52,0,NO,32.46,30.38,34.87,30.93,32.05,,483,0.0,552293,NO,NO,2026-02-05,1938000.0
4151,BSCZ,19.49,19.696,112800.0,ETF,ETF,15.0,44.0,23.0,14.0,0.0926,0.0739,192792.0,546010.0,21.16,19.44,0,NO,19.84,20.01,20.49,19.92,20.31,,322,0.0,112800,NO,NO,2026-08-21,2337000.0
4152,GXC,88.21,89.55,6422.0,ETF,ETF,15.0,38.0,51.0,16.0,0.9977,0.6155,24826.0,41920.0,107.01,85.03,0,NO,89.24,89.97,94.53,90.0,91.67,,4906,0.0,6422,NO,NO,2019-01-31,3540600.0
4153,BLBD,58.09,58.64,384802.0,Consumer durables,Motor vehicles,15.0,22.0,4.0,42.0,2.0803,2.0803,539304.0,503620.0,83.39,46.14,1838350336,NO,61.01,67.15,62.21,64.93,66.0,,3146,0.0,384802,NO,NO,2023-12-12,3311600.0
4154,PRG,32.27,34.86,1040248.0,Finance,Finance/Rental/Leasing,15.0,3.0,5.0,62.0,1.3729,1.2436,599665.0,730180.0,47.73,25.8,1285366784,NO,37.4,41.0,35.55,39.51,36.77,,11057,0.0,1040248,NO,NO,2014-02-07,15858729.0
4155,USIN,47.45,47.955,5850.0,ETF,ETF,15.0,44.0,24.0,13.0,0.1701,0.0269,922.0,1720.0,51.47,47.38,0,NO,48.28,48.71,49.84,48.48,49.37,,633,0.0,5850,NO,NO,2024-08-21,48600.0
4156,PJT,149.33,151.39,461275.0,Finance,Investment banks/Brokers,15.0,4.0,26.0,60.0,5.6545,5.5066,460919.0,495980.0,195.62,127.73,6361040384,NO,169.4,169.82,160.97,168.76,157.01,,2766,0.0,461275,NO,NO,2023-12-15,4236200.0
4157,PFFR,16.98,17.23,31827.0,ETF,ETF,15.0,47.0,28.0,21.0,0.1638,0.1606,31371.0,26640.0,19.0,16.95,0,NO,17.33,17.51,17.76,17.43,17.57,,2418,0.0,31827,NO,NO,2025-03-14,702800.0
4158,PFFD,17.91,18.1,1111196.0,ETF,ETF,15.0,46.0,23.0,20.0,0.1408,0.1101,756176.0,861330.0,19.76,17.84,0,NO,18.17,18.39,18.83,18.33,18.61,,2267,0.0,1111196,NO,NO,2022-08-23,19465500.0
4159,FE,43.65,44.97,4162787.0,Utilities,Utilities - Regulated Electric,15.0,29.0,15.0,8.0,0.7286,0.6861,4156195.0,3939120.0,52.34,43.63,25248522240,NO,45.94,47.22,47.47,46.68,47.69,,7260,0.0,4162787,NO,NO,2020-07-22,135941100.0
4160,IYRI,46.27,46.97,82950.0,ETF,ETF,15.0,20.0,18.0,24.0,0.4886,0.4479,79607.0,96170.0,51.17,46.27,0,NO,48.01,49.12,49.16,48.74,48.94,,423,0.0,82950,NO,NO,2026-09-16,227200.0
4161,SCMB,24.27,24.53,12532587.0,ETF,ETF,15.0,34.0,20.0,14.0,0.1371,0.1286,2221430.0,6302820.0,26.2,24.21,0,NO,24.82,25.16,25.6,25.03,25.44,,989,0.0,12533022,YES,NO,2025-04-22,81759400.0
4162,KGLD,26.69,27.13,167151.0,ETF,ETF,15.0,10.0,41.0,7.0,0.5791,0.4271,131084.0,140370.0,43.44,25.55,0,NO,27.76,27.38,30.66,27.53,29.41,,304,0.0,167162,NO,NO,2026-08-28,317500.0
4163,UNB,23.4,23.64,4081.0,Finance,Regional banks,15.0,47.0,20.0,20.0,0.2943,0.2779,12853.0,4220.0,26.43,20.65,115733312,NO,23.73,24.03,24.04,23.84,24.01,,6822,0.0,4081,NO,NO,2020-06-26,422600.0
4164,ZDIS,60.26,60.1,1657.0,ETF,ETF,15.0,49.0,,,0.941,0.4657,3003.0,1520.0,64.0,57.25,0,NO,59.23,,,,,,26,0.0,1657,NO,NO,2026-09-03,11200.0
4165,BSMY,23.1,23.265,25500.0,ETF,ETF,15.0,35.0,19.0,14.0,0.1591,0.1401,25725.0,40500.0,25.02,22.99,0,NO,23.56,23.91,24.42,23.78,24.26,,509,0.0,25500,NO,NO,2026-04-21,852200.0
4166,LIAE,199.18,198.181,27.0,ETF,ETF,15.0,57.0,33.0,15.0,0.6144,0.0156,106.0,100.0,219.34,196.87,0,NO,201.36,202.55,208.15,201.58,206.1,,354,0.0,100,NO,NO,2025-09-08,923.0
4167,PTNT,24.52,23.83,132.0,ETF,ETF,15.0,59.0,15.0,,0.2193,0.0121,328.0,120.0,28.06,23.83,0,NO,24.41,24.51,,24.49,,,95,2.73,300,NO,NO,2026-05-06,49200.0
4168,BSMZ,23.9,24.095,25033.0,ETF,ETF,15.0,34.0,18.0,14.0,0.1658,0.1362,20030.0,28000.0,25.92,23.86,0,NO,24.4,24.8,25.31,24.65,25.15,,255,0.0,25033,NO,NO,2026-01-27,295200.0
4169,NMB,23.52,23.727,4537.0,ETF,ETF,15.0,40.0,20.0,19.0,0.1633,0.1386,5565.0,3720.0,26.14,23.36,0,NO,23.92,24.31,24.62,24.18,24.44,,509,0.0,4537,NO,NO,2025-08-11,69900.0
4170,LBO,24.95,25.627,8702.0,ETF,ETF,15.0,13.0,56.0,44.0,0.3093,0.088,690.0,1410.0,31.33,22.52,0,NO,26.35,26.18,26.09,26.2,25.17,,704,0.0,8702,NO,NO,2025-11-10,91700.0
4171,CRDT,21.82,22.225,303.0,ETF,ETF,15.0,18.0,20.0,23.0,0.1844,0.0624,5850.0,2300.0,23.98,21.69,0,NO,22.67,23.11,23.17,22.96,23.02,,813,0.0,303,NO,NO,2023-06-27,1451000.0
4172,XAGI,21.79,20.46,16.0,ETF,ETF,15.0,95.0,44.0,,0.6129,0.0593,182.0,210.0,25.47,15.76,0,NO,19.69,19.23,,19.7,,,76,0.0,100,NO,NO,2026-06-03,10300.0
4173,CBTO,19.83,19.87,3295.0,ETF,ETF,15.0,70.0,51.0,23.0,0.0557,0.0457,11801.0,40710.0,25.24,19.67,0,NO,19.85,19.8,20.33,19.8,19.93,,241,0.0,3295,NO,NO,2026-02-05,292200.0
4174,CBOT,24.15,24.5,239.0,ETF,ETF,15.0,38.0,48.0,,0.3014,0.08,1161.0,1780.0,27.74,22.78,0,NO,24.41,24.52,,24.58,,,96,0.0,268,NO,NO,2026-05-06,65800.0
4175,LQDW,23.0,23.084,86384.0,ETF,ETF,15.0,60.0,24.0,15.0,0.1239,0.0949,102698.0,62960.0,25.43,22.87,0,NO,23.16,23.33,24.02,23.25,23.72,,1023,0.0,86384,NO,NO,2026-07-24,1735700.0
4176,ES,64.91,66.89,2890536.0,Utilities,Electric utilities,14.0,16.0,14.0,16.0,1.3514,1.24,2240942.0,2591720.0,76.57,63.45,24449959936,NO,69.47,71.57,70.27,70.44,70.43,,13510,0.0,2890536,NO,NO,1988-05-24,23814200.0
4177,REYN,21.94,22.09,1378666.0,Consumer non-durables,Household/Personal care,14.0,5.0,11.0,42.0,0.5007,0.4889,1391200.0,1574480.0,27.32,20.44,4624754176,NO,22.56,24.57,23.36,24.05,23.23,,1669,0.0,1378685,NO,NO,2020-01-31,26201800.0
4178,UTEN,41.16,41.626,116832.0,ETF,ETF,14.0,44.0,23.0,13.0,0.2175,0.1596,78184.0,125960.0,44.89,41.06,0,NO,41.89,42.28,43.35,42.06,42.92,,1034,0.0,116832,NO,NO,2023-11-01,992200.0
4179,PSOX,46.94,47.27,1071.0,ETF,ETF,14.0,91.0,,,1.1525,0.6243,4234.0,3110.0,50.09,39.37,0,NO,44.57,,,,,,26,0.0,1071,NO,NO,2026-09-08,45200.0
4180,BA,199.93,197.72,9994448.0,Electronic technology,Aerospace & defense,14.0,27.0,13.0,34.0,5.7461,5.5385,5805171.0,6878250.0,254.35,176.77,158018682880,NO,206.26,215.12,221.15,213.66,217.25,,16290,0.13,9994448,YES,NO,2020-06-11,103212800.0
4181,FLMB,22.41,22.63,26692.0,ETF,ETF,14.0,34.0,18.0,13.0,0.1492,0.1144,24171.0,92970.0,24.29,22.31,0,NO,22.91,23.27,23.72,23.13,23.6,,2274,0.0,26692,NO,NO,2025-04-23,608200.0
4182,FOXY,27.28,27.735,42653.0,ETF,ETF,14.0,58.0,15.0,9.0,0.1939,0.1428,99519.0,90190.0,32.2,26.84,0,NO,27.61,28.09,28.76,27.86,28.9,,409,0.0,42653,NO,NO,2026-06-25,1249000.0
4183,APOG,36.78,36.97,213659.0,Industrials,Building Products & Equipment,14.0,7.0,14.0,61.0,1.0443,1.0007,246669.0,295830.0,50.88,30.75,767535808,NO,38.44,40.16,38.17,39.98,38.18,,13460,0.0,213659,NO,NO,2008-04-10,3850400.0
4184,LBRT,18.27,18.85,4450611.0,Industrial services,Oilfield services/Equipment,14.0,25.0,1.0,1.0,0.9437,0.8822,4353680.0,3558350.0,34.48,11.52,2981507328,NO,19.75,20.37,24.89,19.56,25.71,,2185,0.0,4450637,NO,NO,2023-09-15,39848500.0
4185,BANC,17.72,18.29,2071476.0,Finance,Regional banks,14.0,29.0,8.0,37.0,0.4293,0.4071,3018366.0,3018430.0,21.93,15.33,2807341568,NO,18.51,19.33,19.24,18.96,18.91,,6058,0.0,2071476,NO,NO,2016-10-18,17249200.0
4186,CSEX,15.48,14.05,62226.0,ETF,ETF,14.0,98.0,9.0,49.0,1.5153,1.2136,133073.0,96320.0,33.66,9.21,0,NO,12.35,13.33,17.46,13.06,16.89,,214,8.83,62296,NO,NO,2026-01-29,1513000.0
4187,FINX,25.43,25.992,16292.0,ETF,ETF,14.0,15.0,72.0,39.0,0.6711,0.5337,65892.0,39240.0,35.58,22.08,0,NO,26.53,26.27,26.07,26.28,25.27,,2520,0.0,16292,NO,NO,2022-07-21,1642400.0
4188,UHT,38.4,39.03,116751.0,Finance,Real estate investment trusts,14.0,18.0,25.0,13.0,0.9057,0.8548,121549.0,113770.0,46.3,35.26,533709472,NO,40.82,41.85,41.48,41.34,41.58,,10010,0.0,116751,NO,NO,2026-06-18,2310300.0
4189,GOVI,25.74,26.07,809397.0,ETF,ETF,14.0,47.0,22.0,13.0,0.1571,0.1193,155760.0,180980.0,28.32,25.69,0,NO,26.22,26.4,27.13,26.27,26.85,,4766,0.0,809397,NO,NO,2021-04-06,9398200.0
4190,SRET,20.51,20.81,40647.0,ETF,ETF,14.0,13.0,15.0,20.0,0.2464,0.2346,35200.0,54840.0,23.48,20.5,0,NO,21.57,22.23,22.25,21.96,22.16,,2897,0.0,40647,NO,NO,2025-01-15,1059700.0
4191,OZK,46.09,47.75,1251028.0,Finance,Regional banks,14.0,19.0,13.0,41.0,0.9882,0.9104,1163828.0,1143750.0,53.39,42.37,5025543680,NO,48.83,50.23,48.55,49.78,48.7,,7341,0.0,1251028,NO,NO,2018-10-19,20330800.0
4192,XLRI,22.39,22.716,2198.0,ETF,ETF,14.0,24.0,18.0,25.0,0.2256,0.1619,3300.0,2390.0,25.18,22.39,0,NO,23.08,23.49,23.64,23.4,23.45,,289,0.0,2198,NO,NO,2026-03-23,23100.0
4193,FFC,15.21,15.53,94222.0,Financial Services,Asset Management,14.0,26.0,23.0,21.0,0.1883,0.1733,99204.0,117830.0,17.0,14.98,732785792,NO,15.69,15.97,16.16,15.87,15.92,,5949,0.0,94222,NO,NO,2010-05-06,1757800.0
4194,LQDM,23.36,23.57,857.0,ETF,ETF,14.0,50.0,20.0,,0.0971,0.0682,5211.0,2920.0,25.05,23.36,0,NO,23.63,23.85,,23.73,,,107,0.0,857,NO,NO,2026-07-27,51500.0
4195,PWZ,22.69,22.96,1069669.0,ETF,ETF,14.0,28.0,17.0,14.0,0.1611,0.1432,466447.0,992040.0,24.59,22.61,0,NO,23.31,23.76,24.12,23.6,24.03,,4761,0.0,1069669,NO,NO,2024-08-06,9914400.0
4196,USLM,109.41,114.55,236142.0,Basic Materials,Building Materials,14.0,14.0,66.0,10.0,3.2521,3.0021,166630.0,170540.0,141.44,96.27,3138793984,NO,116.24,114.81,117.36,115.5,115.61,,11724,0.0,236170,NO,NO,1988-12-14,6179000.0
4197,PAWZ,47.6,48.7,5087.0,ETF,ETF,14.0,9.0,59.0,12.0,0.4843,0.2164,1785.0,1930.0,57.44,45.96,0,NO,50.43,50.76,51.81,50.5,50.1,,1975,0.0,5087,NO,NO,2020-10-26,343800.0
4198,LIAU,249.45,247.79,8.0,ETF,ETF,14.0,57.0,28.0,14.0,0.9924,0.1268,100.0,100.0,276.74,245.92,0,NO,251.78,253.33,261.21,252.02,258.34,,354,0.0,100,NO,NO,2026-05-20,5900.0
4199,XTEN,43.13,43.69,231424.0,ETF,ETF,14.0,46.0,22.0,13.0,0.2771,0.2076,269376.0,484110.0,47.5,43.02,0,NO,43.92,44.26,45.51,44.04,45.02,,989,0.0,231424,NO,NO,2025-02-27,3862000.0
4200,BLTD,23.92,24.17,23415.0,ETF,ETF,14.0,55.0,20.0,14.0,0.1228,0.0785,19469.0,22510.0,26.44,23.86,0,NO,24.24,24.41,25.15,24.29,24.88,,315,0.0,23415,NO,NO,2025-06-24,2551000.0
4201,BXDC,19.32,19.3,1160737.0,Real Estate,REIT - Specialty,14.0,23.0,10.0,,0.5407,0.5329,1246444.0,3372120.0,22.9,19.1,1944556160,NO,19.97,20.21,,20.25,,,90,0.0,1160737,NO,NO,2026-09-18,17411400.0
4202,STE,209.98,206.97,534003.0,Health technology,Medical specialties,14.0,7.0,65.0,14.0,5.2396,4.9361,724866.0,786540.0,269.44,195.14,20473073664,NO,220.23,224.59,230.1,223.53,218.74,,8638,0.7,534003,NO,NO,1997-01-22,20865800.0
4203,USSX,23.51,23.06,11.0,ETF,ETF,14.0,11.0,21.0,,0.3343,0.0314,126.0,110.0,26.7,23.03,0,NO,24.31,24.96,,24.8,,,76,0.0,100,NO,NO,2026-06-03,9900.0
4204,AVMU,43.27,43.515,53395.0,ETF,ETF,14.0,34.0,17.0,12.0,0.2645,0.2188,19784.0,31610.0,47.14,43.04,0,NO,44.15,44.96,46.0,44.67,45.7,,1451,0.0,53395,NO,NO,2025-04-09,779200.0
4205,BWOW,15.17,16.071,1750.0,ETF,ETF,14.0,92.0,89.0,21.0,0.7699,0.4491,1996.0,3510.0,25.68,11.28,0,NO,14.07,12.75,16.02,13.08,14.41,,205,0.0,1750,NO,NO,2025-11-26,114000.0
4206,TW,100.23,104.45,1562033.0,Finance,Investment banks/Brokers,14.0,21.0,53.0,4.0,2.8239,2.4279,1515007.0,1349900.0,127.69,91.42,21852747776,NO,104.51,103.38,108.51,103.7,107.97,,1877,0.0,1562033,NO,NO,2019-04-04,32661800.0
4207,PDX,20.21,20.52,140926.0,Miscellaneous,Investment trusts,14.0,19.0,30.0,15.0,0.3446,0.3296,109776.0,129850.0,25.21,18.47,903527360,NO,21.41,21.42,20.93,21.4,21.18,,1922,0.0,140926,NO,NO,2025-01-13,3942800.0
4208,GGAL,39.99,41.76,1022546.0,Financial Services,Banks - Regional,14.0,38.0,4.0,7.0,1.4364,1.4157,859346.0,630030.0,62.52,26.06,6776443392,NO,43.3,45.8,47.83,44.23,45.89,,6579,0.0,1022546,NO,NO,2019-08-12,30223700.0
4209,BMN,24.07,24.03,10622.0,Miscellaneous,Investment trusts,14.0,31.0,19.0,10.0,0.6098,0.5869,8836.0,15860.0,27.96,23.36,147974000,NO,24.99,25.23,25.87,24.97,25.63,,978,0.0,10622,NO,NO,2023-12-13,262000.0
4210,KPRO,26.53,26.445,12.0,ETF,ETF,14.0,67.0,57.0,22.0,0.0719,0.0254,496.0,150.0,31.35,26.24,0,NO,26.53,26.83,27.68,26.77,27.01,,656,0.0,400,NO,NO,2026-06-08,103200.0
4211,XHOA,23.67,23.33,8.0,ETF,ETF,14.0,8.0,16.0,,0.3321,0.0007,104.0,100.0,27.86,22.95,0,NO,24.89,25.97,,25.65,,,76,0.0,100,NO,NO,2026-06-03,9700.0
4212,SDHY,15.24,15.49,67943.0,Miscellaneous,Investment trusts,14.0,28.0,19.0,18.0,0.2406,0.2246,59288.0,66090.0,17.02,14.67,376017376,NO,15.74,15.96,16.19,15.87,15.97,,1461,0.0,67943,NO,NO,2020-11-25,1852100.0
4213,NATH,94.4,97.48,24497.0,Consumer Cyclical,Restaurants,14.0,33.0,17.0,12.0,1.2429,1.1036,26865.0,28450.0,113.86,88.67,386819200,NO,97.88,98.02,99.07,97.84,99.87,,8450,0.0,24497,NO,NO,1993-02-26,797100.0
4214,FCNCN,23.29,24.05,19232.0,Finance,Regional banks,14.0,19.0,16.0,16.0,0.4371,0.4164,37993.0,47860.0,25.64,23.28,0,NO,24.39,24.77,,24.61,24.87,,162,0.0,19232,NO,NO,2026-02-27,2959400.0
4215,XWNG,23.09,23.48,931.0,ETF,ETF,14.0,,,,0.4284,0.1155,1483.0,700.0,24.83,21.15,0,NO,22.37,,,,,,24,0.0,931,NO,NO,2026-08-19,21300.0
4216,TYL,332.53,332.46,563191.0,Technology services,Data processing services,14.0,27.0,90.0,14.0,13.305,11.8543,867811.0,812160.0,531.94,270.71,13617858560,NO,354.16,332.84,350.81,334.72,327.52,,11724,0.0,563191,NO,NO,1988-08-04,10625700.0
4217,GTY,28.91,29.47,825250.0,Real Estate,REIT - Retail,14.0,6.0,7.0,9.0,0.6886,0.6721,565058.0,838340.0,36.83,25.39,1790474368,NO,31.83,33.2,32.15,32.48,33.06,,13460,0.0,825250,NO,NO,2017-07-11,4578600.0
4218,UI,573.4,586.17,56018.0,Electronic technology,Telecommunications equipment,14.0,85.0,57.0,2.0,27.7843,26.8736,135769.0,185030.0,1099.99,500.23,34706972672,NO,577.46,564.22,657.39,568.63,673.3,,3755,0.0,56027,NO,NO,2017-09-18,11737400.0
4219,SPCX,148.36,154.72,59632725.0,Industrials,Aerospace & Defense,14.0,93.0,24.0,,7.2007,6.9229,93941866.0,112882410.0,225.64,104.83,1954522333184,NO,147.59,135.32,,137.53,,,71,0.0,60046138,YES,NO,2026-06-12,519234800.0
4220,GPZ,22.03,22.54,211681.0,ETF,ETF,14.0,7.0,68.0,43.0,0.4859,0.4359,183522.0,175680.0,29.57,20.16,0,NO,23.62,23.92,23.91,23.87,22.86,,327,0.0,211681,NO,NO,2026-04-13,1141900.0
4221,PFGC,90.79,92.41,1198291.0,Transportation,Other transportation,14.0,5.0,8.0,52.0,2.2319,2.1984,1675473.0,1763550.0,117.47,80.82,14260609024,NO,96.26,104.89,96.92,102.92,98.29,,2760,0.0,1198291,NO,NO,2021-09-02,24592100.0
4222,TSLA,380.12,378.9,32914670.0,Consumer durables,Motor vehicles,14.0,92.0,54.0,27.0,13.0154,10.5796,39277784.0,34294660.0,498.83,297.38,1501301964800,NO,363.21,348.96,396.34,347.06,377.92,,4084,0.27,32914670,YES,NO,2020-02-04,914082000.0
4223,RNTY,46.55,47.213,2307.0,ETF,ETF,14.0,22.0,16.0,16.0,0.4556,0.2878,2696.0,2500.0,52.5,46.55,0,NO,47.94,49.12,49.74,48.8,49.59,,359,0.0,2307,NO,NO,2026-02-27,704700.0
4224,FDRV,16.5,16.654,1682.0,ETF,ETF,14.0,15.0,8.0,28.0,0.2425,0.1479,6225.0,5160.0,21.63,15.03,0,NO,16.89,17.52,17.82,17.39,18.07,,1244,0.0,1682,NO,NO,2021-11-08,127300.0
4225,GEHC,66.09,64.81,3077629.0,Healthcare,Medical Devices,14.0,7.0,67.0,11.0,1.6619,1.4999,4245633.0,3966970.0,89.77,58.75,30063796224,NO,67.68,68.23,72.01,68.36,67.23,,944,0.0,3077629,NO,NO,2023-01-04,33338500.0
4226,LIBD,265.19,263.278,14.0,ETF,ETF,13.0,60.0,27.0,14.0,0.9706,0.0,174.0,100.0,295.65,261.3,0,NO,267.01,268.52,277.33,267.19,274.12,,428,0.0,100,NO,NO,2026-08-21,3100.0
4227,UE,19.78,20.0,702109.0,Finance,Real estate investment trusts,13.0,15.0,8.0,22.0,0.3325,0.33,875777.0,765030.0,24.11,18.46,2723451648,NO,20.78,21.78,21.16,21.37,21.72,,2937,0.0,702160,NO,NO,2022-02-17,24270800.0
4228,LMUB,47.24,47.7,649207.0,ETF,ETF,13.0,31.0,16.0,13.0,0.3042,0.2706,471850.0,1321320.0,53.52,47.08,0,NO,48.38,49.31,50.28,48.94,50.02,,379,0.0,649207,NO,NO,2026-03-12,29885100.0
4229,CSR,55.08,55.37,149478.0,Real Estate,REIT - Residential,13.0,83.0,33.0,14.0,1.5171,1.2271,212988.0,592340.0,69.61,52.0,974838016,NO,54.9,55.2,60.95,55.18,59.49,,7276,0.0,149580,NO,NO,2020-02-07,2561800.0
4230,BUI,25.25,25.5,80864.0,Financial Services,Asset Management,13.0,20.0,11.0,24.0,0.3679,0.3436,71639.0,81340.0,30.8,24.85,670357824,NO,26.34,26.99,27.33,26.74,27.33,,3727,0.0,80864,NO,NO,2011-11-23,631000.0
4231,RPM,100.06,99.01,900589.0,Process industries,Industrial specialties,13.0,15.0,20.0,39.0,2.5418,2.3818,1182079.0,994620.0,121.94,92.92,12771957760,NO,102.18,106.73,106.28,106.47,104.6,,11724,0.0,913367,NO,NO,2026-08-31,11381600.0
4232,SNY,41.66,42.5,3837810.0,Healthcare,Drug Manufacturers - General,13.0,12.0,48.0,11.0,0.7218,0.5404,2994203.0,2448390.0,52.68,40.89,99823083520,NO,43.62,43.83,45.35,43.54,44.35,,6096,0.0,3837920,NO,NO,2022-08-11,21753500.0
4233,LFDR,176.65,174.968,13.0,ETF,ETF,13.0,63.0,27.0,12.0,0.6669,0.0,103.0,100.0,197.48,174.16,0,NO,176.66,178.09,185.0,177.14,182.39,,354,0.0,100,NO,NO,2026-08-03,300.0
4234,LFBE,175.92,174.839,12.0,ETF,ETF,13.0,63.0,27.0,12.0,0.7281,0.0576,111.0,130.0,197.44,173.3,0,NO,176.54,177.98,184.91,177.02,182.3,,415,0.0,100,NO,NO,2026-01-08,1100.0
4235,NEE,77.02,79.63,12566920.0,Utilities,Utilities - Regulated Electric,13.0,14.0,11.0,6.0,1.2971,1.215,10998934.0,11394970.0,98.75,72.05,160662044672,NO,82.12,85.08,87.62,83.63,88.22,,13510,0.0,12615955,YES,NO,1993-11-18,149870400.0
4236,BANF,106.98,109.46,101451.0,Finance,Regional banks,13.0,27.0,23.0,30.0,2.2375,2.0714,149769.0,140020.0,132.29,101.48,3594393856,NO,110.31,112.91,111.92,112.07,111.7,,9190,0.0,101451,NO,NO,2020-07-31,3934500.0
4237,SRVR,29.52,30.13,35646.0,ETF,ETF,13.0,19.0,10.0,12.0,0.5058,0.3959,97842.0,69030.0,35.81,28.45,0,NO,30.49,30.99,31.92,30.96,32.36,,2099,0.0,35646,NO,NO,2021-07-12,7720800.0
4238,KRC,34.04,34.59,1215937.0,Finance,Real estate investment trusts,13.0,18.0,14.0,76.0,0.7975,0.7968,1302738.0,1649500.0,44.45,27.36,3997744640,NO,35.62,37.17,35.12,36.56,34.65,,7458,0.0,1215937,NO,NO,2013-02-28,11855100.0
4239,APC,16.97,18.01,120678.0,Energy,Oil & Gas Refining & Marketing,13.0,15.0,11.0,12.0,0.605,0.5879,157822.0,127220.0,21.72,16.94,1401216640,NO,18.54,19.29,,19.04,19.01,,153,0.0,120895,NO,NO,2026-02-12,2587900.0
4240,CDX,20.43,20.54,89693.0,ETF,ETF,13.0,61.0,26.0,12.0,0.1395,0.136,122785.0,116800.0,23.05,20.3,0,NO,20.53,20.68,21.44,20.63,21.08,,1152,0.0,89693,NO,NO,2024-04-03,2232400.0
4241,PZA,21.65,21.95,5407815.0,ETF,ETF,13.0,28.0,16.0,13.0,0.1464,0.1379,1856290.0,3982360.0,23.63,21.57,0,NO,22.29,22.72,23.14,22.55,23.03,,4761,0.0,5408015,NO,NO,2020-10-15,15197800.0
4242,FHB,24.78,25.5,2764566.0,Financial Services,Banks - Regional,13.0,23.0,8.0,36.0,0.4782,0.4543,2254603.0,2323560.0,30.58,22.64,3015264000,NO,25.7,27.02,26.7,26.55,26.83,,2546,0.0,2764566,NO,NO,2020-07-23,28095500.0
4243,AZN,163.33,168.1,2361142.0,Health technology,Pharmaceuticals: major,13.0,57.0,12.0,8.0,3.6207,3.0571,3378219.0,3104000.0,212.71,145.8,253307830272,NO,163.29,164.08,182.83,163.77,179.38,,8398,0.0,2361142,NO,NO,2021-07-20,32770100.0
4244,LGOV,20.18,20.47,182015.0,ETF,ETF,13.0,42.0,19.0,12.0,0.2064,0.1927,201757.0,229470.0,23.59,20.09,0,NO,20.64,20.85,21.48,20.71,21.22,,1927,0.0,182015,NO,NO,2025-06-27,3317000.0
4245,BLCK,25.73,26.29,2964.0,ETF,ETF,13.0,91.0,31.0,,0.7579,0.1265,733.0,260.0,29.68,20.86,0,NO,24.36,23.38,,23.77,,,96,0.0,2964,NO,NO,2026-05-06,45400.0
4246,FORTY,114.0,119.2,402.0,Technology,Information Technology Services,13.0,81.0,83.0,8.0,1.7557,0.7221,379.0,440.0,190.56,102.01,1748152064,NO,123.63,115.26,132.71,117.2,122.88,,7274,0.0,600,NO,NO,1998-06-25,1135300.0
4247,IRVH,18.67,18.62,16.0,ETF,ETF,13.0,56.0,39.0,13.0,0.0473,0.0099,366.0,220.0,21.15,18.52,0,NO,18.9,19.05,19.79,18.96,19.44,,1056,0.0,100,NO,NO,2024-04-23,95900.0
4248,KYLD,20.52,20.64,43768.0,ETF,ETF,13.0,61.0,13.0,51.0,0.3564,0.31,44606.0,44760.0,25.92,17.66,0,NO,20.32,20.68,21.13,20.63,20.85,,222,0.0,43768,NO,NO,2026-01-30,203700.0
4249,SBB,23.65,23.62,1118.0,ETF,ETF,13.0,90.0,62.0,7.0,0.1893,0.1264,1107.0,1950.0,29.56,21.76,0,NO,23.08,22.62,24.46,22.73,23.82,,4946,0.08,1118,NO,NO,2013-06-10,585338.0
4250,HTD,22.88,23.47,134068.0,Financial Services,Asset Management,13.0,12.0,13.0,12.0,0.4706,0.4706,63993.0,71210.0,26.35,22.81,810680128,NO,24.69,25.25,25.01,24.96,25.21,,5680,0.0,134068,NO,NO,2010-05-06,1009000.0
4251,TIPD,93.22,92.732,2583.0,ETF,ETF,13.0,62.0,24.0,11.0,0.3071,0.0522,211.0,490.0,104.62,92.73,0,NO,94.06,94.54,99.02,94.12,97.78,,274,0.0,100,NO,NO,2026-03-03,6800.0
4252,RSPD,52.22,52.73,69219.0,ETF,ETF,13.0,12.0,21.0,19.0,0.7357,0.555,106022.0,348870.0,60.34,50.97,0,NO,54.63,55.96,56.24,55.63,55.18,,4998,0.0,69220,NO,NO,2021-10-26,4005000.0
4253,BLV,64.59,65.58,638302.0,ETF,ETF,13.0,53.0,18.0,13.0,0.5171,0.3929,707569.0,813760.0,72.63,64.41,0,NO,65.61,66.09,68.42,65.73,67.58,,4895,0.0,638814,NO,NO,2024-03-19,8983600.0
4254,XLBX,23.13,22.67,669.0,ETF,ETF,13.0,7.0,21.0,,0.4457,0.0557,468.0,660.0,26.51,22.67,0,NO,24.41,24.63,,24.58,,,77,0.0,669,NO,NO,2026-06-03,9700.0
4255,LFAI,143.64,142.918,12.0,ETF,ETF,13.0,61.0,32.0,13.0,0.4399,0.0289,130.0,120.0,159.55,141.82,0,NO,144.53,145.71,150.86,144.99,148.73,,505,0.0,100,NO,NO,2025-10-27,7300.0
4256,XXRP,35.76,40.65,912713.0,ETF,ETF,13.0,19.0,97.0,6.0,4.2956,3.2703,416520.0,751410.0,377.32,17.91,0,NO,33.01,26.78,49.27,27.78,32.16,,367,0.0,912713,NO,NO,2026-08-20,1775000.0
4257,RYM,23.01,23.28,4987.0,Producer manufacturing,Trucks/Construction/Farm machinery,13.0,80.0,13.0,91.0,1.8071,1.7767,13222.0,13930.0,53.65,14.0,49451436,NO,23.05,21.96,22.52,22.01,23.71,,1419,0.0,4987,NO,NO,2024-11-05,21302400.0
4258,ULH,16.25,17.12,48191.0,Transportation,Trucking,13.0,4.0,83.0,5.0,0.8864,0.8454,44988.0,38420.0,25.8,11.73,428476800,NO,18.47,17.66,17.26,17.87,17.42,,5436,0.0,48191,NO,NO,2005-02-11,3273100.0
4259,SUPN,43.39,42.78,522629.0,Health technology,Pharmaceuticals: major,13.0,26.0,33.0,7.0,1.2855,1.252,852339.0,719510.0,59.68,40.51,2526345472,NO,43.04,45.41,48.33,44.69,47.28,,3619,0.0,522629,NO,NO,2013-08-19,11208700.0
4260,FLCH,21.01,21.33,54282.0,ETF,ETF,13.0,32.0,50.0,13.0,0.228,0.1492,124242.0,70250.0,26.51,20.01,0,NO,21.34,21.61,22.77,21.6,21.97,,2230,0.0,54282,NO,NO,2025-12-05,2185300.0
4261,SPLB,20.98,21.31,2226466.0,ETF,ETF,13.0,57.0,18.0,14.0,0.1661,0.1261,2728020.0,2978460.0,23.6,20.92,0,NO,21.28,21.43,22.21,21.32,21.92,,4411,0.0,2226466,NO,NO,2025-08-11,17332400.0
4262,SPTL,24.55,24.94,13073384.0,ETF,ETF,13.0,50.0,18.0,12.0,0.2121,0.1636,5579639.0,8216150.0,27.7,24.48,0,NO,24.98,25.17,26.06,25.03,25.73,,4860,0.0,13073384,YES,NO,2025-11-13,62423000.0
4263,HBANZ,19.07,19.15,4429.0,Financial Services,Banks - Regional,13.0,69.0,27.0,11.0,0.185,0.1814,10636.0,7880.0,22.23,18.9,0,NO,19.17,19.46,,19.34,20.13,,161,0.0,4429,NO,NO,2026-02-24,250500.0
4264,GIB,69.13,69.42,417619.0,Technology,Information Technology Services,13.0,15.0,83.0,12.0,1.7589,1.4939,452295.0,430450.0,95.2,59.63,14315122688,NO,72.05,71.74,74.84,71.98,70.0,,7032,0.0,417619,NO,NO,2014-01-10,2241600.0
4265,FLC,15.87,16.12,76403.0,Financial Services,Asset Management,13.0,27.0,22.0,14.0,0.1286,0.1121,21811.0,40390.0,18.09,15.78,165949744,NO,16.34,16.6,17.05,16.49,16.77,,5804,0.0,76403,NO,NO,2010-05-06,320700.0
4266,ETX,17.49,17.53,48891.0,Financial Services,Asset Management,13.0,42.0,19.0,11.0,0.2221,0.2164,16965.0,27130.0,20.0,17.32,190572144,NO,17.99,18.2,18.66,18.07,18.55,,3394,0.0,48891,NO,NO,2013-12-30,296800.0
4267,PZT,20.79,21.07,56322.0,ETF,ETF,13.0,23.0,15.0,13.0,0.1829,0.1743,45963.0,119840.0,22.75,20.79,0,NO,21.4,21.89,22.27,21.72,22.18,,4766,0.0,56322,NO,NO,2026-09-11,632200.0
4268,FCNCO,19.71,19.96,33689.0,Financial Services,Banks - Regional,13.0,35.0,27.0,10.0,0.3356,0.3266,16623.0,20700.0,23.43,19.64,0,NO,20.2,20.45,21.29,20.31,20.92,,1180,0.0,33689,NO,NO,2023-02-28,768400.0
4269,RNP,19.06,19.43,95943.0,Miscellaneous,Investment trusts,13.0,23.0,17.0,17.0,0.2343,0.2193,105965.0,132390.0,22.58,19.06,914881472,NO,19.85,20.24,20.46,20.1,20.44,,5848,0.0,95943,NO,NO,2010-05-06,1427600.0
4270,RL,337.47,339.82,696525.0,Consumer non-durables,Apparel/Footwear,13.0,11.0,6.0,29.0,9.5429,9.43,637611.0,695740.0,421.6,299.98,20107218944,NO,343.48,366.63,365.52,362.79,366.6,,7365,0.0,697405,NO,NO,1997-06-12,19963800.0
4271,UTWY,40.16,40.746,163.0,ETF,ETF,13.0,48.0,19.0,12.0,0.2372,0.1053,1712.0,2150.0,45.23,40.16,0,NO,40.86,41.19,42.67,40.95,42.09,,875,0.0,163,NO,NO,2023-12-08,754800.0
4272,BBSI,32.61,32.86,80180.0,Commercial services,Personnel services,13.0,44.0,27.0,62.0,0.9807,0.9264,228122.0,161010.0,45.67,25.33,790309248,NO,33.51,35.45,33.61,34.48,32.8,,8377,0.0,80180,NO,NO,2014-10-29,17426400.0
4273,SKF,25.09,24.05,22892.0,ETF,ETF,13.0,93.0,28.0,4.0,0.6114,0.4929,21446.0,34390.0,33.07,22.0,0,NO,23.17,23.07,26.46,23.18,26.5,,4941,0.0,22892,NO,NO,2009-05-07,307125.0
4274,XCCC,34.7,34.985,71631.0,ETF,ETF,13.0,42.0,21.0,15.0,0.1559,0.1305,353885.0,721030.0,39.3,34.64,0,NO,35.25,35.67,36.79,35.53,36.21,,1084,0.0,71631,NO,NO,2025-10-14,2466100.0
4275,RIVN,15.02,15.14,17018049.0,Consumer durables,Motor vehicles,12.0,10.0,61.0,11.0,0.6317,0.5978,28875880.0,22931170.0,22.69,12.39,21746866176,NO,15.74,16.06,16.26,15.72,15.8,,1221,0.0,17057441,YES,NO,2024-06-26,261980400.0
4276,ERTH,43.64,44.16,2192.0,ETF,ETF,12.0,18.0,16.0,11.0,0.4583,0.2891,4139.0,7030.0,51.45,43.38,0,NO,45.07,45.96,47.73,45.77,47.43,,5008,0.0,2192,NO,NO,2020-06-16,1063100.0
4277,GDT,35.42,35.5,210.0,ETF,ETF,12.0,24.0,54.0,9.0,0.4491,0.1319,2273.0,650.0,46.14,33.07,0,NO,36.06,35.25,,35.53,37.19,,167,0.0,300,NO,NO,2026-03-18,100400.0
4278,LKOR,39.27,39.863,1064.0,ETF,ETF,12.0,57.0,18.0,13.0,0.2232,0.102,3561.0,1240.0,44.34,39.23,0,NO,39.84,40.11,41.62,39.91,41.06,,2763,0.0,1064,NO,NO,2026-01-27,274900.0
4279,LQTI,18.31,18.524,232911.0,ETF,ETF,12.0,50.0,21.0,12.0,0.1026,0.0952,104953.0,85660.0,22.17,18.29,0,NO,18.56,18.72,19.43,18.64,19.14,,397,0.0,232911,NO,NO,2025-11-13,789500.0
4280,AXS,95.31,97.97,711753.0,Finance,Multi-line insurance,12.0,38.0,12.0,14.0,2.115,1.8621,686493.0,729450.0,119.99,88.07,6954419712,NO,99.27,103.7,102.83,101.86,102.23,,5844,0.0,711753,NO,NO,2003-07-01,11648400.0
4281,HOMZ,41.82,42.18,3521.0,ETF,ETF,12.0,12.0,17.0,26.0,0.4987,0.2992,3569.0,3610.0,50.01,41.16,0,NO,43.82,45.36,45.48,44.89,44.59,,1888,0.0,3521,NO,NO,2021-09-20,138500.0
4282,APAM,35.62,36.78,707307.0,Financial Services,Asset Management,12.0,4.0,50.0,27.0,1.105,1.0596,880534.0,887350.0,46.53,33.96,2528892928,NO,39.87,40.52,39.39,40.08,37.85,,3407,0.0,729050,NO,NO,2023-06-16,14238500.0
4283,SCHQ,29.29,29.75,2436873.0,ETF,ETF,12.0,51.0,18.0,12.0,0.248,0.1916,879287.0,1676650.0,33.19,29.21,0,NO,29.8,30.03,31.14,29.86,30.73,,1745,0.0,2439285,NO,NO,2026-05-20,6323400.0
4284,STLU,19.64,22.51,23751.0,ETF,ETF,12.0,84.0,12.0,,2.1557,1.5421,54415.0,193190.0,43.84,12.67,0,NO,17.45,16.85,,16.74,,,120,0.0,23751,NO,NO,2026-09-16,640500.0
4285,EPRF,16.04,16.21,4038.0,ETF,ETF,12.0,42.0,26.0,14.0,0.115,0.0734,8477.0,9290.0,18.67,16.02,0,NO,16.37,16.53,17.06,16.46,16.73,,2597,0.0,4038,NO,NO,2021-09-30,474400.0
4286,LLDR,42.02,42.651,368.0,ETF,ETF,12.0,48.0,18.0,12.0,0.2217,0.0294,217.0,300.0,47.45,42.02,0,NO,42.78,43.15,44.73,42.9,44.12,,510,0.0,368,NO,NO,2025-07-15,25100.0
4287,LOPE,150.64,150.55,354696.0,Consumer Defensive,Education & Training Services,12.0,83.0,74.0,8.0,3.7775,3.6846,340369.0,349610.0,223.04,134.27,3926437120,NO,151.14,147.88,158.82,148.64,154.91,,4485,0.0,354696,NO,NO,2019-12-20,8109100.0
4288,FC,17.2,17.54,30611.0,Consumer Defensive,Education & Training Services,12.0,4.0,2.0,85.0,0.7564,0.7429,93701.0,64590.0,26.81,11.16,194254624,NO,18.69,19.98,19.52,19.62,20.31,,8636,0.0,30984,NO,NO,1995-06-26,3351800.0
4289,TYG,40.38,42.79,230705.0,Miscellaneous,Investment trusts,12.0,10.0,17.0,5.0,0.94,0.855,138809.0,130560.0,51.18,40.22,1026067648,NO,43.06,43.36,45.03,43.25,45.09,,5680,0.0,230705,NO,NO,2026-05-08,725300.0
4290,ASSX,26.17,28.46,35393.0,ETF,ETF,12.0,,,,,,179533.0,179533.0,31.94,25.01,0,NO,,,,,,,3,0.0,35393,NO,NO,2026-09-21,276700.0
4291,LFAW,164.72,167.073,305.0,ETF,ETF,12.0,49.0,19.0,11.0,0.7609,0.0348,109.0,100.0,186.75,164.54,0,NO,167.57,169.01,175.38,168.03,172.93,,506,0.0,305,NO,NO,2026-06-23,800.0
4292,LDDR,75.04,75.382,24.0,ETF,ETF,12.0,39.0,27.0,10.0,0.2166,0.0749,1007.0,2240.0,86.72,75.04,0,NO,76.29,77.11,80.41,76.74,78.93,,423,0.0,1100,NO,NO,2025-04-14,63200.0
4293,RTAI,19.67,19.642,16.0,ETF,ETF,12.0,17.0,15.0,11.0,0.1311,0.0189,712.0,1170.0,22.18,19.3,0,NO,20.34,20.81,21.19,20.57,21.02,,1485,0.0,100,NO,NO,2022-02-14,160900.0
4294,LDP,19.32,19.61,63739.0,Miscellaneous,Investment trusts,12.0,25.0,17.0,18.0,0.2202,0.2048,64377.0,87600.0,22.05,19.32,0,NO,20.19,20.49,20.82,20.31,20.55,,3557,0.0,63739,NO,NO,2014-12-31,706800.0
4295,FESC,22.87,23.05,4569.0,ETF,ETF,12.0,29.0,,,0.2143,0.1279,2448.0,3360.0,25.0,22.87,0,NO,23.43,23.78,,23.73,,,58,0.0,4569,NO,NO,2026-07-02,26700.0
4296,CCJ,90.8,93.23,2428853.0,Energy,Uranium,12.0,8.0,6.0,6.0,3.3329,2.8429,3209217.0,3071190.0,135.24,77.7,39546396672,NO,97.69,94.75,105.85,95.17,103.4,,7680,0.0,2434924,NO,NO,2022-10-12,47933300.0
4297,XEL,70.66,71.85,4392546.0,Utilities,Utilities - Regulated Electric,12.0,16.0,10.0,10.0,1.3336,1.2732,5251934.0,6361480.0,84.23,70.56,44136660992,NO,74.97,77.26,78.28,76.4,78.86,,13510,0.0,4392546,NO,NO,1988-06-27,24849800.0
4298,YUM,140.63,139.33,2635265.0,Consumer services,Restaurants,12.0,14.0,16.0,8.0,4.106,3.8117,2536676.0,2677380.0,170.14,134.26,38378082304,NO,146.67,148.65,154.34,147.81,153.43,,7298,0.24,2635265,NO,NO,2015-10-07,51106314.0
4299,PGR,203.13,212.24,4311942.0,Finance,Multi-line insurance,12.0,16.0,19.0,27.0,4.3764,3.7764,2754144.0,2684130.0,248.17,189.2,117896650752,NO,217.62,214.6,209.98,214.13,208.16,,11724,0.0,4311942,NO,NO,1985-05-02,89618400.0
4300,NGS,33.18,34.65,94053.0,Energy,Oil & Gas Equipment & Services,12.0,20.0,3.0,5.0,1.3,1.215,132288.0,132730.0,44.61,25.53,427965088,NO,35.68,36.66,37.65,36.1,38.63,,6017,0.0,94053,NO,NO,2005-10-06,3607100.0
4301,BKV,23.27,22.95,1638998.0,Energy minerals,Integrated oil,12.0,36.0,14.0,4.0,1.1461,1.0286,1374417.0,3844010.0,32.81,20.08,2546618368,NO,24.34,24.87,27.27,24.61,26.66,,498,0.0,1639054,NO,NO,2026-09-10,18909800.0
4302,SPCG,15.66,15.02,816217.0,ETF,ETF,12.0,2.0,,,1.5286,1.4671,1832600.0,1021710.0,41.65,12.12,0,NO,16.47,22.95,,21.32,,,67,0.0,819190,NO,NO,2026-07-01,8717600.0
4303,KBR,35.34,35.74,1374887.0,Industrials,Engineering & Construction,12.0,13.0,78.0,12.0,1.005,0.9879,1545442.0,1392180.0,52.23,29.94,4455234560,NO,36.88,36.88,38.0,37.09,36.04,,4991,0.0,1374887,NO,NO,2007-04-03,36408800.0
4304,SIJ,18.26,18.41,4513.0,ETF,ETF,12.0,94.0,81.0,8.0,0.4282,0.3241,3600.0,9040.0,25.38,15.05,0,NO,17.83,16.75,18.45,16.87,17.68,,4941,0.0,4513,NO,NO,2026-02-06,179850.0
4305,KAI,278.35,265.84,187848.0,Industrials,Specialty Industrial Machinery,12.0,8.0,16.0,8.0,9.6157,9.2289,142576.0,202230.0,354.07,244.87,3287067904,NO,286.15,305.46,310.55,301.63,306.49,,8529,1.77,187848,NO,NO,2025-02-18,2393700.0
4306,UTHY,38.01,38.63,119471.0,ETF,ETF,12.0,55.0,17.0,11.0,0.323,0.245,133131.0,117970.0,43.44,37.91,0,NO,38.6,38.94,40.51,38.7,39.96,,875,0.0,119471,NO,NO,2026-06-09,777600.0
4307,CXSE,36.5,37.22,15287.0,ETF,ETF,12.0,26.0,21.0,21.0,0.4029,0.2086,22987.0,19740.0,45.65,35.68,0,NO,36.96,37.83,39.44,37.69,38.54,,3520,0.0,15287,NO,NO,2024-02-23,3406200.0
4308,KR,57.64,59.69,6786037.0,Retail trade,Food retail,12.0,68.0,53.0,4.0,1.6,1.5239,7089566.0,8841900.0,76.58,54.15,34041530368,NO,58.69,57.94,63.65,57.84,63.31,,16289,0.0,6804672,NO,NO,2009-12-08,154165200.0
4309,FFTY,34.95,35.51,8564.0,ETF,ETF,12.0,27.0,6.0,33.0,0.5257,0.3484,21885.0,8080.0,44.08,31.61,0,NO,35.78,36.84,37.73,36.4,37.76,,2881,0.0,8564,NO,NO,2018-10-10,1019300.0
4310,KMB,97.7,97.74,3196249.0,Consumer non-durables,Household/Personal care,12.0,9.0,19.0,24.0,2.2629,1.955,4181128.0,5938110.0,125.32,92.42,32492972032,NO,103.19,106.91,102.85,105.66,102.81,,11724,0.0,3204085,NO,NO,2025-11-03,36751500.0
4311,BBLB,75.94,77.22,162.0,ETF,ETF,12.0,52.0,17.0,11.0,0.4028,0.0888,1323.0,590.0,87.01,75.94,0,NO,77.28,77.93,81.06,77.45,79.96,,859,0.0,162,NO,NO,2023-06-07,510200.0
4312,HBANM,20.01,20.01,27586.0,Financial Services,Banks - Regional,12.0,57.0,34.0,10.0,0.4229,0.4207,16420.0,25020.0,23.81,19.54,0,NO,20.44,20.61,21.69,20.52,21.24,,1327,0.0,27586,NO,NO,2023-06-30,228600.0
4313,ARQQ,22.54,23.53,236772.0,Technology,Software - Infrastructure,12.0,91.0,4.0,94.0,1.8918,1.7253,451523.0,505830.0,62.0,11.52,392250368,NO,20.39,20.14,19.16,20.63,17.63,,1375,0.0,236772,NO,NO,2026-06-18,5673000.0
4314,PSF,18.45,18.81,64440.0,Miscellaneous,Investment trusts,12.0,32.0,18.0,13.0,0.1864,0.1707,36931.0,52810.0,21.2,18.45,221920064,NO,19.04,19.36,19.84,19.21,19.54,,3978,0.0,64440,NO,NO,2013-11-15,389200.0
4315,ELC,18.88,19.31,26191.0,Utilities,Electric utilities,12.0,34.0,20.0,12.0,0.2411,0.2396,23766.0,34730.0,21.79,18.87,0,NO,19.49,19.73,20.31,19.6,20.05,,1180,0.0,26191,NO,NO,2024-01-02,334100.0
4316,KKR,97.21,98.44,4082759.0,Finance,Investment managers,12.0,10.0,77.0,46.0,3.1643,2.9893,4327333.0,3703500.0,148.73,82.67,89782231040,NO,103.55,104.1,104.47,103.96,98.16,,4073,0.0,4098377,NO,NO,2024-06-21,145539500.0
4317,WSPC,27.08,27.75,30.0,ETF,ETF,12.0,30.0,,,0.4587,0.0957,1088.0,1020.0,31.33,24.28,0,NO,26.97,27.42,,27.49,,,53,0.0,30,NO,NO,2026-08-04,11800.0
4318,LFAO,154.56,156.641,126.0,ETF,ETF,12.0,48.0,19.0,12.0,0.7003,0.0815,144.0,100.0,174.5,154.56,0,NO,157.24,158.58,164.36,157.7,162.08,,506,0.0,126,NO,NO,2026-06-16,2300.0
4319,BSY,32.72,31.96,3108238.0,Technology,Software - Application,12.0,7.0,87.0,6.0,1.2525,1.1561,2827157.0,3304800.0,57.25,28.08,9884479488,NO,33.79,34.22,34.94,34.27,33.7,,1506,0.0,3108274,NO,NO,2025-10-03,22864700.0
4320,SNDX,17.64,18.07,2084541.0,Health technology,Biotechnology,12.0,9.0,12.0,2.0,0.8164,0.7782,1705152.0,2030460.0,25.59,12.99,1563080832,NO,19.13,20.0,20.96,19.33,20.88,,2655,0.0,2086690,NO,NO,2020-04-28,15078100.0
4321,EGGY,35.52,35.307,72101.0,ETF,ETF,12.0,89.0,6.0,52.0,1.1716,0.8834,109168.0,72940.0,45.95,29.14,0,NO,33.56,34.03,35.76,34.09,35.84,,434,0.0,72269,NO,NO,2026-07-28,275000.0
4322,KARS,28.36,28.954,6971.0,ETF,ETF,11.0,12.0,10.0,9.0,0.491,0.3709,21868.0,10900.0,38.12,28.11,0,NO,29.75,29.96,32.18,29.83,32.15,,2176,0.0,6971,NO,NO,2025-07-18,492900.0
4323,ETEC,24.62,24.993,21.0,ETF,ETF,11.0,15.0,6.0,9.0,0.2672,0.074,600.0,510.0,32.4,23.0,0,NO,25.34,26.33,27.46,26.07,27.82,,872,0.0,21,NO,NO,2026-01-28,16300.0
4324,BAM,45.26,46.22,1610636.0,Finance,Investment managers,11.0,5.0,27.0,41.0,1.2476,1.2029,2544185.0,2942940.0,61.53,42.2,72291606528,NO,48.61,49.7,48.87,49.51,47.5,,954,0.0,1610636,NO,NO,2025-06-27,23014800.0
4325,ENB,47.85,48.2,5203387.0,Energy,Oil & Gas Midstream,11.0,27.0,7.0,7.0,0.8075,0.6818,4930287.0,6581310.0,58.45,45.03,106650157056,NO,49.37,51.84,52.18,50.86,53.49,,10713,0.0,5220340,NO,NO,2017-02-27,151262600.0
4326,ELMD,27.57,27.0,69755.0,Healthcare,Medical Devices,11.0,0.0,2.0,62.0,1.0,0.9914,111777.0,101950.0,47.4,23.01,230655104,NO,28.23,35.95,31.43,34.1,32.94,,4051,1.52,71815,NO,NO,2016-02-10,6309600.0
4327,BCE,21.61,21.99,3994746.0,Communications,Major telecommunications,11.0,12.0,18.0,5.0,0.4732,0.4421,3834800.0,4854660.0,26.52,20.87,20151883776,NO,23.11,22.68,23.9,22.71,23.57,,11050,0.0,3994746,NO,NO,2008-11-26,22231800.0
4328,LNT,63.69,64.97,2937332.0,Utilities,Utilities - Regulated Electric,11.0,22.0,7.0,10.0,1.0557,1.0021,2377506.0,2228210.0,78.81,63.57,16513842176,NO,67.2,69.85,70.35,68.61,71.62,,13510,0.0,2948522,NO,NO,2016-06-30,51880800.0
4329,XLYI,21.72,21.932,9357.0,ETF,ETF,11.0,24.0,29.0,16.0,0.2415,0.1327,26352.0,83850.0,25.92,21.38,0,NO,22.26,22.51,23.38,22.45,22.75,,289,0.0,9357,NO,NO,2026-09-03,671400.0
4330,LOAR,63.65,64.73,771402.0,Industrials,Aerospace & Defense,11.0,4.0,10.0,50.0,2.3821,2.2418,713557.0,747180.0,83.43,53.15,5963271168,NO,67.53,70.37,67.47,69.68,66.59,,604,0.0,771402,NO,NO,2024-04-25,6965100.0
4331,PBW,30.47,30.96,172920.0,ETF,ETF,11.0,13.0,4.0,18.0,0.7607,0.6614,662547.0,256530.0,47.22,27.39,0,NO,31.33,32.61,34.84,32.28,35.29,,5423,0.0,172920,NO,NO,2025-05-28,4637200.0
4332,DFP,19.01,19.61,98301.0,Financial Services,Asset Management,11.0,13.0,18.0,12.0,0.2221,0.1971,56231.0,100770.0,22.11,19.01,390429984,NO,20.01,20.5,20.79,20.29,20.5,,3352,0.0,98301,NO,NO,2013-07-01,835400.0
4333,DMC,30.68,31.06,291334.0,Consumer Defensive,Farm Products,11.0,48.0,83.0,2.0,0.8196,0.8189,405888.0,540340.0,43.58,26.47,1446445952,NO,31.63,30.53,35.33,30.7,33.9,,7271,0.0,291334,NO,NO,2008-06-16,9928200.0
4334,UDR,33.79,33.89,5137343.0,Finance,Real estate investment trusts,11.0,9.0,10.0,25.0,0.5875,0.5789,3407493.0,4895890.0,42.0,32.94,12413237248,NO,35.79,37.48,37.06,36.82,37.01,,11724,0.0,5145503,NO,NO,2016-03-04,53725900.0
4335,PSK,28.88,29.22,136210.0,ETF,ETF,11.0,48.0,21.0,11.0,0.1836,0.1513,121885.0,154010.0,33.45,28.78,0,NO,29.33,29.78,31.07,29.61,30.55,,4279,0.0,136210,NO,NO,2023-04-26,2371700.0
4336,UFPI,81.78,80.27,335586.0,Non-energy minerals,Forest products,11.0,15.0,32.0,10.0,2.2479,2.0557,451595.0,530880.0,118.0,77.89,4511106560,NO,82.79,86.46,91.61,85.93,87.01,,8271,0.0,335586,NO,NO,2023-02-22,17550900.0
4337,YSPY,15.14,15.1,3967.0,ETF,ETF,11.0,78.0,51.0,25.0,0.0681,0.0461,9350.0,5440.0,20.34,14.36,0,NO,15.04,14.99,16.07,15.03,15.18,,369,0.2,3967,NO,NO,2025-09-24,114500.0
4338,SMRF,23.73,24.1,1610.0,ETF,ETF,11.0,19.0,9.0,32.0,0.7971,0.6429,9668.0,6920.0,30.71,21.59,0,NO,24.58,24.46,,24.47,25.34,,149,0.0,1615,NO,NO,2026-02-19,121500.0
4339,FCA,26.86,27.35,9277.0,ETF,ETF,11.0,45.0,14.0,7.0,0.3586,0.2814,9917.0,5310.0,34.6,25.81,0,NO,27.36,27.27,30.19,27.38,29.63,,3877,0.0,9277,NO,NO,2020-03-27,2381400.0
4340,NOC,514.42,526.66,844350.0,Industrials,Aerospace & Defense,11.0,20.0,49.0,3.0,11.6236,10.8057,859906.0,885310.0,774.0,479.02,73080061952,NO,528.84,542.24,600.74,541.45,580.37,,11271,0.0,851732,NO,NO,2002-10-17,28409961.0
4341,SOLS,57.98,57.69,1564412.0,Basic Materials,Specialty Chemicals,11.0,86.0,1.0,5.0,2.1857,2.0181,3445365.0,2137550.0,90.8,40.43,9209970688,NO,59.95,59.96,68.8,60.46,71.84,,232,0.0,1564802,NO,NO,2025-12-19,37846300.0
4342,PEZ,92.98,94.1,295.0,ETF,ETF,11.0,23.0,13.0,18.0,0.8098,0.1743,809.0,1100.0,110.43,90.81,0,NO,95.61,98.98,101.2,98.22,99.09,,5016,0.0,295,NO,NO,2008-11-21,1415100.0
4343,STYL,23.88,23.59,80.0,ETF,ETF,11.0,16.0,14.0,,0.2979,0.0871,801.0,680.0,27.67,23.42,0,NO,24.56,25.79,,25.45,,,95,0.0,100,NO,NO,2026-05-06,48200.0
4344,YSWY,19.57,20.4,432220.0,Retail trade,Food retail,11.0,1.0,13.0,,1.1207,1.1114,392203.0,343600.0,29.08,18.92,610301376,NO,23.17,22.34,,22.59,,,106,0.0,432220,NO,NO,2026-04-22,8828800.0
4345,EOT,15.61,15.89,102892.0,Miscellaneous,Investment trusts,11.0,8.0,12.0,8.0,0.31,0.2971,30942.0,50610.0,18.0,15.47,0,NO,16.56,17.04,17.15,16.86,17.1,,4358,0.0,102892,NO,NO,2022-06-21,333700.0
4346,KEQU,34.03,34.67,14962.0,Consumer Cyclical,"Furnishings, Fixtures & Appliances",11.0,14.0,27.0,25.0,1.4786,1.3429,4963.0,6130.0,46.57,32.0,98528656,NO,36.08,36.4,37.49,35.98,36.66,,11724,0.0,14962,NO,NO,2006-11-29,338600.0
4347,PCSG,22.46,22.17,16.0,ETF,ETF,11.0,71.0,9.0,,0.2836,0.0279,395.0,360.0,26.07,20.95,0,NO,21.99,22.47,,22.42,,,87,0.0,100,NO,NO,2026-05-18,18100.0
4348,APEI,41.38,43.43,213403.0,Consumer Defensive,Education & Training Services,11.0,11.0,5.0,3.0,1.5211,1.4232,316396.0,282260.0,61.59,30.2,757317888,NO,44.96,47.19,48.63,45.99,51.75,,4745,0.0,213403,NO,NO,2010-08-06,6126800.0
4349,SIGIP,15.25,15.39,4270.0,Financial Services,Insurance - Property & Casualty,11.0,44.0,23.0,11.0,0.2628,0.2489,18795.0,10860.0,18.7,14.8,0,NO,15.49,15.68,16.35,15.62,16.04,,1456,0.0,4270,NO,NO,2026-06-15,935500.0
4350,ATO,156.24,158.27,1060376.0,Utilities,Utilities - Regulated Gas,11.0,21.0,14.0,6.0,2.3529,2.2179,1062526.0,1137270.0,192.51,155.02,26402772992,NO,164.82,169.99,174.95,167.29,175.69,,10767,0.0,1060376,NO,NO,2019-02-14,31583900.0
4351,OZKAP,15.1,15.3,50819.0,Finance,Regional banks,11.0,20.0,17.0,10.0,0.2853,0.2781,32574.0,54180.0,17.85,15.06,0,NO,15.66,16.03,16.36,15.9,16.21,,1228,0.0,50819,NO,NO,2021-10-29,3866300.0
4352,PAHC,34.1,34.68,141521.0,Health technology,Pharmaceuticals: major,11.0,22.0,84.0,1.0,1.3875,1.3486,249146.0,260660.0,60.08,28.25,1384514688,NO,36.46,35.51,41.5,35.55,40.09,,3130,0.0,141521,NO,NO,2014-04-11,4251100.0
4353,PKB,91.68,92.62,21996.0,ETF,ETF,11.0,11.0,7.0,13.0,1.5991,1.3041,35369.0,26500.0,115.81,88.88,0,NO,94.99,99.66,101.84,98.78,101.94,,5258,0.0,21996,NO,NO,2016-12-15,1054400.0
4354,UGLD,21.12,21.84,70847.0,ETF,ETF,11.0,4.0,65.0,,0.8839,0.5496,46501.0,41840.0,25.75,18.79,0,NO,22.51,21.71,,22.03,,,80,0.0,72847,NO,NO,2026-08-24,191100.0
4355,PTA,17.63,18.02,292754.0,Financial Services,Asset Management,11.0,34.0,16.0,13.0,0.2566,0.2377,152374.0,282500.0,20.92,17.52,974470976,NO,18.15,18.57,19.17,18.44,18.94,,1481,0.0,292754,NO,NO,2020-10-28,2396100.0
4356,DHI,140.17,139.25,2386968.0,Consumer Cyclical,Residential Construction,11.0,25.0,12.0,33.0,3.595,3.3386,2423684.0,3231260.0,176.22,131.75,39205728256,NO,141.73,145.45,149.18,144.43,146.62,,8634,0.0,2392719,NO,NO,2009-11-20,35885100.0
4357,UBOT,21.8,22.545,55979.0,ETF,ETF,11.0,28.0,11.0,24.0,0.5735,0.3416,15133.0,14580.0,32.08,19.12,0,NO,22.05,22.61,25.4,22.65,24.47,,2118,0.0,55979,NO,NO,2020-03-25,340900.0
4358,AXR,22.91,22.85,10651.0,Finance,Real estate development,11.0,68.0,8.0,4.0,0.8821,0.8643,9560.0,11600.0,29.01,17.61,121992288,NO,22.93,23.3,24.12,23.12,25.03,,13460,0.0,10651,NO,NO,2007-01-22,1615400.0
4359,CAE,24.41,24.54,658793.0,Industrials,Aerospace & Defense,11.0,52.0,37.0,8.0,0.6264,0.6043,749838.0,1014300.0,34.24,22.76,7856336384,NO,24.23,25.18,27.38,24.99,25.64,,6077,0.0,659690,NO,NO,2026-05-22,4668800.0
4360,USAR,15.83,16.99,13091861.0,Basic Materials,Other Industrial Metals & Mining,11.0,5.0,2.0,14.0,0.9657,0.8546,12213173.0,13540310.0,43.98,11.45,5942467072,NO,16.88,16.92,19.39,17.01,19.54,,801,0.0,13152721,YES,NO,2026-01-26,122598300.0
4361,YUMC,40.85,41.47,1348042.0,Consumer services,Restaurants,11.0,2.0,45.0,3.0,0.7655,0.7098,1536982.0,1365790.0,58.39,40.15,13843627008,NO,43.42,45.15,47.5,44.93,45.99,,2496,0.0,1348042,NO,NO,2016-11-01,87709200.0
4362,EGGS,37.25,37.28,20572.0,ETF,ETF,11.0,80.0,7.0,38.0,0.9425,0.6879,11739.0,15770.0,45.5,33.23,0,NO,36.07,36.81,38.04,36.84,37.87,,434,0.0,20572,NO,NO,2024-12-30,56800.0
4363,EPHE,23.07,23.31,223725.0,ETF,ETF,11.0,13.0,16.0,11.0,0.2539,0.1639,176653.0,97510.0,28.4,23.01,0,NO,24.01,24.93,25.22,24.61,24.76,,4019,0.0,223736,NO,NO,2014-07-07,2530000.0
4364,GOLF,82.95,81.92,298143.0,Consumer Cyclical,Leisure,11.0,20.0,3.0,8.0,1.885,1.8671,375728.0,383130.0,119.65,73.09,4844698112,NO,84.83,93.73,94.57,90.06,95.57,,2487,0.94,298143,NO,NO,2016-10-28,6904800.0
4365,BZZ,22.96,23.1,329.0,ETF,ETF,11.0,9.0,17.0,,0.3644,0.2087,3374.0,3370.0,29.94,22.3,0,NO,23.41,24.33,,24.34,,,96,0.0,329,NO,NO,2026-05-29,67900.0
4366,RFIX,36.2,36.08,689838.0,ETF,ETF,11.0,84.0,19.0,7.0,1.1226,1.1023,318546.0,492470.0,45.79,34.42,0,NO,35.77,36.37,38.32,36.21,38.25,,446,0.0,696997,NO,NO,2026-03-19,1702100.0
4367,PPLI,35.97,36.76,1490729.0,Technology services,Internet software/Services,11.0,21.0,8.0,11.0,1.1179,1.0868,965131.0,1061300.0,48.32,29.56,2678467584,NO,38.13,40.4,40.45,39.15,41.27,,8477,0.0,1490729,NO,NO,2003-06-09,4346044742.0
4368,FCNCP,18.86,19.07,26950.0,Financial Services,Banks - Regional,11.0,34.0,19.0,8.0,0.332,0.3235,15203.0,15100.0,22.84,18.84,0,NO,19.51,19.89,20.64,19.7,20.42,,1645,0.0,26950,NO,NO,2020-03-06,1834700.0
4369,KSLV,25.4,26.149,119432.0,ETF,ETF,11.0,8.0,29.0,4.0,0.8226,0.5183,86598.0,110950.0,59.97,23.3,0,NO,26.68,26.04,33.24,26.25,30.17,,246,0.0,119546,NO,NO,2026-01-30,751500.0
4370,EFZ,22.78,22.7,8894.0,ETF,ETF,11.0,84.0,29.0,8.0,0.2211,0.0925,6596.0,4280.0,27.28,21.94,0,NO,22.55,22.58,23.82,22.5,23.5,,4756,0.0,8894,NO,NO,2014-02-14,1263800.0
4371,NBIC,19.34,20.47,2150.0,ETF,ETF,11.0,80.0,,,1.8915,1.3386,5540.0,2520.0,31.45,10.51,0,NO,18.52,19.54,,19.55,,,50,0.0,2150,NO,NO,2026-08-13,21200.0
4372,AVA,35.45,36.1,763478.0,Utilities,Utilities - Diversified,11.0,25.0,9.0,10.0,0.5657,0.5129,670788.0,750880.0,43.5,35.24,2969038080,NO,37.09,38.85,40.09,38.17,40.06,,13510,0.0,763478,NO,NO,2023-01-31,12228600.0
4373,RYN,19.86,20.03,2780450.0,Finance,Real estate investment trusts,11.0,21.0,18.0,27.0,0.4282,0.4282,2970206.0,3433320.0,27.06,19.49,5943095808,NO,20.38,21.1,21.41,20.9,20.94,,8202,0.0,2782321,NO,NO,2026-01-30,16024700.0
4374,GNTX,22.18,22.13,1518957.0,Consumer Cyclical,Auto Parts,11.0,22.0,11.0,41.0,0.4393,0.4136,2506260.0,2075210.0,29.01,20.48,4723271680,NO,22.69,23.35,23.44,23.09,23.28,,11277,0.14,1518957,NO,NO,2012-07-24,44871200.0
4375,XTWY,34.49,35.196,12517.0,ETF,ETF,10.0,54.0,15.0,10.0,0.3605,0.2373,43985.0,29970.0,40.52,34.42,0,NO,35.13,35.42,37.14,35.18,36.55,,989,0.0,12517,NO,NO,2025-12-16,3282000.0
4376,NASA,24.1,24.75,1484771.0,ETF,ETF,10.0,50.0,6.0,,0.7846,0.6882,1779922.0,1599270.0,42.68,20.46,0,NO,23.52,23.81,,23.87,,,121,0.0,1485862,NO,NO,2026-06-12,35317100.0
4377,STC,61.98,62.87,370568.0,Financial Services,Insurance - Property & Casualty,10.0,9.0,14.0,42.0,1.9286,1.7543,248877.0,255280.0,78.61,57.11,1887291008,NO,67.02,67.87,67.56,66.94,66.49,,13510,0.0,370568,NO,NO,2018-03-19,3341700.0
4378,XHB,97.09,96.96,1763670.0,ETF,ETF,10.0,12.0,11.0,22.0,2.0893,1.975,2152304.0,2070720.0,123.13,93.57,0,NO,100.36,104.84,106.55,103.82,104.29,,5189,0.0,1763670,NO,NO,2009-04-15,36006600.0
4379,PHG,24.45,24.9,747825.0,Health services,Medical/Nursing services,10.0,8.0,14.0,10.0,0.4129,0.3379,971642.0,771490.0,33.44,23.85,23898101760,NO,25.62,26.26,27.52,26.02,26.77,,11724,0.0,747825,NO,NO,1995-10-26,28376800.0
4380,SBAC,170.53,176.28,862024.0,Finance,Real estate investment trusts,10.0,20.0,12.0,27.0,5.3521,5.27,997933.0,1064850.0,224.46,162.41,18091204608,NO,184.62,182.87,192.34,182.13,193.55,,6859,0.0,864623,NO,NO,2017-08-31,23507200.0
4381,CVNA,63.95,67.18,8543301.0,Consumer Cyclical,Auto & Truck Dealerships,10.0,13.0,39.0,46.0,3.1611,2.9375,9433639.0,7358300.0,97.38,54.46,70886260736,NO,70.92,69.22,72.95,68.6,67.99,,2363,0.0,8560755,NO,NO,2023-06-08,878905000.0
4382,ZTO,19.61,19.45,3218945.0,Industrials,Integrated Freight & Logistics,10.0,13.0,11.0,3.0,0.4865,0.3719,2010787.0,3408680.0,26.2,18.11,14753076224,NO,20.79,22.41,23.08,21.95,23.14,,2488,0.0,3218945,NO,NO,2016-10-27,55321100.0
4383,SUI,112.32,113.74,874102.0,Finance,Real estate investment trusts,10.0,15.0,19.0,7.0,2.2407,2.1879,1711439.0,1191710.0,137.85,112.28,14361325568,NO,118.43,120.16,124.85,119.36,123.94,,8251,0.0,874102,NO,NO,2026-08-19,16868800.0
4384,LRN,78.53,79.5,412010.0,Consumer services,Other consumer services,10.0,18.0,20.0,9.0,2.2929,2.1543,870414.0,847340.0,155.06,60.61,3263694592,NO,83.27,84.01,83.99,82.83,87.78,,4722,0.0,412010,NO,NO,2025-10-29,25125700.0
4385,NGHT,22.48,22.36,21374.0,ETF,ETF,10.0,57.0,40.0,,1.7086,1.0821,14488.0,12930.0,31.42,14.75,0,NO,22.08,21.53,,21.7,,,116,0.0,21374,NO,NO,2026-05-04,539800.0
4386,ARES,121.48,126.67,1630902.0,Financial Services,Asset Management,10.0,5.0,51.0,64.0,4.5634,4.1134,2239303.0,2468030.0,181.31,95.8,40304140288,NO,134.45,133.72,131.94,133.63,122.7,,3116,0.0,1630902,NO,NO,2025-12-10,47940600.0
4387,SOCL,43.82,44.94,205130.0,ETF,ETF,10.0,45.0,62.0,21.0,0.7229,0.48,7971.0,5900.0,61.88,41.35,0,NO,44.45,45.31,48.15,45.0,45.31,,3733,0.0,205130,NO,NO,2015-03-17,2558500.0
4388,FCPT,22.24,22.62,1009687.0,Real Estate,REIT - Retail,10.0,7.0,11.0,10.0,0.4521,0.4329,859177.0,1205100.0,26.86,22.02,2440822272,NO,24.17,24.97,24.71,24.62,24.9,,2731,0.0,1059011,NO,NO,2015-11-10,11957800.0
4389,AOS,57.74,56.96,1059231.0,Producer manufacturing,Building products,10.0,13.0,50.0,8.0,1.2286,1.0829,1575768.0,1531770.0,81.87,54.16,7847361536,NO,58.78,60.48,64.77,60.31,61.2,,10828,1.35,1097364,NO,NO,2017-07-25,32488300.0
4390,USG,32.59,33.027,486.0,ETF,ETF,10.0,18.0,47.0,12.0,0.4756,0.2077,4496.0,2050.0,44.18,31.49,0,NO,33.57,33.37,36.41,33.5,35.04,,1225,0.0,486,NO,NO,2023-03-07,123300.0
4391,XLYX,22.1,21.52,12.0,ETF,ETF,10.0,7.0,11.0,,0.4471,0.0021,160.0,130.0,25.49,21.1,0,NO,22.85,23.46,,23.28,,,76,0.0,100,NO,NO,2026-06-03,9900.0
4392,JLS,16.3,16.4,59701.0,Financial Services,Asset Management,10.0,40.0,18.0,9.0,0.1543,0.1507,24493.0,18060.0,19.05,16.29,89269016,NO,16.71,17.05,17.91,16.91,17.64,,4229,0.0,59701,NO,NO,2018-07-05,394000.0
4393,EEFT,64.64,66.1,678197.0,Technology,Software - Infrastructure,10.0,15.0,49.0,15.0,2.3714,2.3329,650126.0,569670.0,90.56,62.5,2417768448,NO,69.92,73.07,72.07,71.26,70.77,,7432,0.0,678197,NO,NO,2022-01-31,8640700.0
4394,RSPU,70.48,72.01,158642.0,ETF,ETF,10.0,17.0,9.0,8.0,1.025,0.915,42868.0,48060.0,84.52,70.39,0,NO,74.9,77.45,78.76,76.41,79.28,,4998,0.0,159644,NO,NO,2015-02-27,2145200.0
4395,LTTI,17.08,17.336,4333.0,ETF,ETF,10.0,50.0,16.0,10.0,0.1131,0.0527,4712.0,1910.0,20.93,16.02,0,NO,17.37,17.54,18.48,17.43,18.11,,396,0.0,4333,NO,NO,2026-03-11,331100.0
4396,LTPZ,46.57,47.62,1643724.0,ETF,ETF,10.0,47.0,15.0,9.0,0.4786,0.4018,310338.0,513590.0,54.87,46.46,0,NO,47.73,48.0,50.69,47.68,49.87,,4286,0.0,1644476,NO,NO,2012-10-03,3698900.0
4397,URA,41.99,42.98,1918822.0,ETF,ETF,10.0,12.0,15.0,7.0,1.5458,1.1965,3159890.0,3110940.0,62.28,37.18,0,NO,44.66,43.17,48.44,43.37,46.79,,3992,0.0,1980101,NO,NO,2026-01-29,14166800.0
4398,BABA,110.8,116.31,12103664.0,Retail trade,Internet retail,10.0,19.0,83.0,7.0,2.914,2.2458,11977088.0,8996290.0,192.67,91.99,275407110144,NO,112.46,118.1,132.62,117.14,120.88,,3020,0.0,12103664,YES,NO,2014-09-19,271879400.0
4399,CCFE,24.31,24.231,55.0,ETF,ETF,10.0,13.0,12.0,11.0,0.2715,0.0329,2596.0,13420.0,31.91,24.23,0,NO,25.32,26.65,27.41,26.41,26.9,,321,0.0,55,NO,NO,2026-09-21,127900.0
4400,HBAN,15.38,16.04,27350550.0,Financial Services,Banks - Regional,10.0,10.0,10.0,32.0,0.3971,0.3582,24751428.0,34352320.0,19.46,14.89,31073980416,NO,16.57,17.18,17.0,16.9,16.64,,11724,0.0,27396430,YES,NO,2026-01-30,211994500.0
4401,ZIONP,17.86,16.76,18035.0,Financial Services,Banks - Regional,10.0,53.0,28.0,10.0,0.3215,0.2979,4827.0,5463.0,22.5,16.72,0,NO,17.89,18.15,19.09,18.15,18.68,,4960,1.01,18035,NO,NO,2009-11-23,2278787.0
4402,SO,83.47,85.46,5252484.0,Utilities,Utilities - Regulated Electric,10.0,22.0,10.0,8.0,1.2936,1.2243,5609746.0,6342350.0,100.84,83.21,96020799488,NO,87.55,91.25,92.25,89.87,93.31,,11271,0.0,5504271,NO,NO,1988-07-25,242201342.0
4403,OND,33.63,33.006,16.0,ETF,ETF,10.0,26.0,42.0,28.0,0.3964,0.1017,317.0,500.0,49.0,32.32,0,NO,34.31,34.6,36.19,34.54,34.48,,1227,0.95,800,NO,NO,2025-07-31,43800.0
4404,TUA,19.09,19.33,411820.0,ETF,ETF,10.0,21.0,18.0,9.0,0.1517,0.1156,410966.0,680800.0,22.3,19.01,0,NO,19.82,20.14,20.96,19.97,20.52,,964,0.0,411820,NO,NO,2023-06-07,6439100.0
4405,CARG,30.57,33.17,2203253.0,Communication Services,Internet Content & Information,10.0,3.0,50.0,8.0,1.2583,1.0819,1078653.0,1244080.0,41.22,26.39,2722976256,NO,34.35,35.41,33.87,35.14,33.6,,2247,0.0,2203253,NO,NO,2023-06-16,20623500.0
4406,SOMN,44.92,45.74,107336.0,Utilities,Utilities - Regulated Electric,10.0,20.0,13.0,8.0,0.5889,0.4906,201033.0,357420.0,53.99,44.87,0,NO,47.19,48.54,50.25,48.02,49.96,,221,0.0,157336,NO,NO,2025-11-04,20464500.0
4407,FDNI,26.24,26.48,16.0,ETF,ETF,10.0,15.0,71.0,15.0,0.3313,0.175,13609.0,3660.0,39.97,23.99,0,NO,27.02,27.59,29.16,27.47,27.36,,1975,0.0,16,NO,NO,2025-04-07,3002200.0
4408,AXTC,18.61,22.32,1140.0,ETF,ETF,10.0,24.0,,,2.4907,1.7478,7112.0,4440.0,38.99,7.06,0,NO,15.49,17.91,,19.18,,,55,0.0,1140,NO,NO,2026-08-05,36400.0
4409,HDGE,15.22,14.9,74689.0,ETF,ETF,10.0,92.0,11.0,6.0,0.2021,0.1664,74414.0,144790.0,18.45,13.77,0,NO,14.43,14.72,16.28,14.63,16.21,,3936,1.07,74689,NO,NO,2022-09-22,955900.0
4410,XLU,39.75,40.66,27794894.0,ETF,ETF,10.0,18.0,10.0,8.0,0.6264,0.5757,19963560.0,20744520.0,47.8,39.71,0,NO,42.26,43.6,44.52,43.04,44.7,,6979,0.0,27794894,YES,NO,2020-02-28,180526200.0
4411,PUI,41.4,42.09,13800.0,ETF,ETF,10.0,19.0,9.0,8.0,0.5564,0.4214,10639.0,3390.0,49.3,41.33,0,NO,43.61,45.02,46.02,44.51,46.3,,5258,0.0,13800,NO,NO,2011-07-01,5555700.0
4412,PUK,25.26,26.25,975041.0,Financial Services,Insurance - Life,10.0,9.0,20.0,7.0,0.5421,0.3582,984053.0,910360.0,34.03,24.61,31188500480,NO,27.07,28.01,29.44,27.74,28.43,,6596,0.0,975041,NO,NO,2010-05-20,6585409.0
4413,XMPT,19.76,20.12,89570.0,ETF,ETF,10.0,14.0,11.0,10.0,0.1914,0.17,51153.0,84690.0,22.66,19.7,0,NO,20.8,21.35,21.81,21.12,21.6,,3821,0.0,89570,NO,NO,2021-08-23,1948400.0
4414,GPOR,159.72,156.16,263021.0,Energy,Oil & Gas E&P,10.0,15.0,40.0,3.0,5.5111,4.9354,377023.0,305210.0,225.78,149.18,2870110976,NO,172.85,166.24,184.35,167.33,177.47,,1343,1.76,263021,NO,NO,2026-06-30,2845000.0
4415,RVLV,20.72,21.15,723992.0,Retail trade,Internet retail,10.0,6.0,35.0,12.0,0.8922,0.8851,865253.0,917750.0,31.68,17.35,1472889984,NO,21.41,23.42,24.37,22.86,22.72,,1833,0.0,723992,NO,NO,2019-06-07,18882300.0
4416,CASY,597.31,585.34,1020606.0,Consumer Cyclical,Specialty Retail,10.0,0.0,2.0,7.0,31.7482,24.4953,494865.0,961450.0,927.85,497.38,22076678144,NO,686.45,784.77,730.29,757.06,773.35,,10814,0.0,1021792,NO,NO,2010-04-09,15517800.0
4417,ITB,88.79,88.2,2768213.0,ETF,ETF,10.0,12.0,13.0,20.0,2.01,1.7957,1979233.0,2167160.0,115.26,84.98,0,NO,91.71,95.34,97.9,94.49,94.86,,5127,0.0,2768213,NO,NO,2013-08-15,22046900.0
4418,JBSS,67.69,66.44,107135.0,Consumer Defensive,Packaged Foods,10.0,14.0,6.0,7.0,1.9029,1.8857,136415.0,131140.0,92.08,59.07,791531776,NO,71.2,77.9,77.95,75.99,78.47,,8761,0.0,107135,NO,NO,2004-10-25,2046800.0
4419,SPH,16.57,16.95,215510.0,Utilities,Utilities - Regulated Gas,10.0,22.0,20.0,5.0,0.2529,0.2432,186074.0,229930.0,20.8,16.53,1105424256,NO,17.28,17.74,18.95,17.59,18.61,,7690,0.0,215510,NO,NO,2023-12-15,14009700.0
4420,APMD,22.49,26.22,858119.0,Healthcare,Biotechnology,10.0,2.0,,,2.4432,2.3654,560170.0,743610.0,35.29,16.12,936276224,YES,27.27,,,,,,37,0.0,858119,NO,NO,2026-07-31,3444700.0
4421,TRN,28.05,27.89,505321.0,Producer manufacturing,Trucks/Construction/Farm machinery,10.0,23.0,5.0,10.0,0.5893,0.5757,703544.0,715000.0,38.31,24.76,2234728960,NO,28.44,31.13,31.66,30.01,32.37,,13460,0.0,505321,NO,NO,2016-02-19,32522741.0
4422,EMQQ,31.81,32.16,16315.0,ETF,ETF,10.0,18.0,68.0,17.0,0.4223,0.3016,37369.0,38950.0,46.89,30.0,0,NO,32.85,33.49,35.21,33.33,33.05,,2978,0.0,16315,NO,NO,2021-07-27,1706300.0
4423,GIS,35.82,35.45,15546622.0,Consumer Defensive,Packaged Foods,9.0,6.0,63.0,20.0,1.1536,1.0743,9672058.0,9325340.0,51.33,31.75,19150428160,NO,37.93,37.78,39.26,37.57,36.5,2026-09-23,11725,0.82,15546622,YES,NO,2025-03-21,48561100.0
4424,CDNS,309.09,294.9,3495963.0,Technology,Software - Application,9.0,41.0,5.0,44.0,10.28,9.4029,2359780.0,2568950.0,416.69,262.75,85121220608,NO,302.71,321.61,325.83,316.38,330.15,,9896,3.97,3588843,NO,NO,2017-09-15,57218100.0
4425,KTB,65.69,66.41,382825.0,Consumer non-durables,Apparel/Footwear,9.0,2.0,7.0,12.0,2.5316,2.5194,785855.0,920580.0,88.96,56.19,3590196480,NO,70.9,78.18,71.82,76.05,74.82,,1841,0.0,382825,NO,NO,2020-05-29,15833400.0
4426,LEVI,19.63,19.82,1828949.0,Consumer non-durables,Apparel/Footwear,9.0,13.0,6.0,43.0,0.4985,0.4914,2606993.0,2588900.0,25.7,17.72,7554616320,NO,20.43,22.39,21.86,21.95,21.97,,1887,0.0,1829001,NO,NO,2019-03-21,43433700.0
4427,FAZ,37.08,34.69,976323.0,ETF,ETF,9.0,96.0,24.0,2.0,1.3807,1.1586,814639.0,1588210.0,56.37,30.33,0,NO,32.79,32.63,40.46,32.87,40.5,,4486,6.63,976931,NO,NO,2025-04-04,6679380.0
4428,YYYM,17.94,18.3,448.0,ETF,ETF,9.0,14.0,11.0,10.0,0.1586,0.0733,2496.0,2060.0,20.99,17.85,0,NO,18.87,19.38,,19.15,,,136,0.0,448,NO,NO,2026-09-01,20100.0
4429,SLGN,37.15,37.09,1015267.0,Consumer Cyclical,Packaging & Containers,9.0,7.0,10.0,18.0,1.0546,0.9754,1235766.0,1185940.0,49.55,35.68,3926087168,NO,39.84,41.93,41.87,40.92,40.98,,7446,0.0,1058933,NO,NO,1997-02-14,27013600.0
4430,GXO,45.23,45.4,866949.0,Industrials,Integrated Freight & Logistics,9.0,63.0,16.0,7.0,1.4188,1.4124,1429831.0,1505860.0,66.85,44.99,5187183104,NO,46.69,48.64,52.77,47.83,50.59,,1298,0.0,866949,NO,NO,2024-10-10,7241500.0
4431,RGTC,24.8,22.67,13.0,ETF,ETF,9.0,3.0,,,1.2386,0.3614,372.0,260.0,34.37,17.6,0,NO,22.56,,,25.18,,,49,0.0,100,NO,NO,2026-07-14,9100.0
4432,KDEF,41.11,43.307,42862.0,ETF,ETF,9.0,71.0,34.0,3.0,1.2091,0.6891,56084.0,34110.0,67.41,33.17,0,NO,42.4,41.25,50.12,41.77,48.84,,408,0.0,42862,NO,NO,2026-06-10,567400.0
4433,AVNW,19.86,20.3,92614.0,Electronic technology,Telecommunications equipment,9.0,31.0,25.0,3.0,0.7793,0.715,156409.0,166120.0,27.02,13.92,254238576,NO,20.04,20.56,21.36,20.57,20.78,,9911,0.0,92614,NO,NO,2006-06-30,2573250.0
4434,DIT,67.56,66.0,146.0,Consumer Defensive,Food Distribution,9.0,69.0,17.0,7.0,1.1143,0.1357,1315.0,90.0,95.59,59.15,0,NO,66.91,67.0,75.61,67.02,76.0,,7833,0.0,200,NO,NO,2007-01-29,247200.0
4435,TSN,51.36,52.02,3202325.0,Consumer non-durables,Food: meat/fish/dairy,9.0,7.0,11.0,6.0,1.475,1.2814,3305961.0,4086240.0,69.48,50.56,18068525056,NO,53.47,56.29,60.27,55.4,59.52,,11724,0.0,3202325,NO,NO,2008-09-10,35044800.0
4436,BX,119.27,126.41,5671102.0,Financial Services,Asset Management,9.0,3.0,43.0,52.0,4.135,3.615,4333403.0,3685930.0,186.1,101.73,142563164160,NO,132.73,134.01,129.89,133.35,123.38,,4843,0.0,5692135,NO,NO,2023-09-15,117475900.0
4437,RYAN,36.17,40.06,2617958.0,Finance,Insurance brokers/Services,9.0,3.0,73.0,41.0,1.6693,1.485,2081182.0,2505120.0,59.19,29.28,9269248000,NO,40.92,42.02,40.74,41.42,37.39,,1298,0.0,2617967,NO,NO,2021-07-22,15892000.0
4438,PHI,17.46,17.56,132511.0,Communications,Specialty telecommunications,9.0,10.0,37.0,4.0,0.3246,0.2961,153179.0,137810.0,24.51,17.05,0,NO,18.18,19.01,20.43,18.81,19.39,,13460,0.0,132511,NO,NO,1986-02-26,9634608.0
4439,PEP,130.18,129.59,8171262.0,Consumer non-durables,Food: specialty/candy,9.0,11.0,14.0,6.0,2.1846,2.0025,8398438.0,10324860.0,171.48,127.98,177825873920,NO,137.05,138.29,148.06,137.44,145.61,,13690,0.0,8171262,NO,NO,1982-12-14,46162800.0
4440,PPL,32.25,33.05,5240689.0,Utilities,Electric utilities,9.0,22.0,10.0,7.0,0.5279,0.4861,7994804.0,5986980.0,40.11,32.2,24269570048,NO,34.13,34.99,36.16,34.63,36.21,,11724,0.0,5240689,NO,NO,2011-04-12,109141722.0
4441,CSQR,18.53,18.25,893377.0,Technology,Information Technology Services,9.0,12.0,,,0.975,0.9286,1707139.0,2488980.0,23.5,16.62,3087727872,YES,18.41,,,19.85,,,48,0.0,893377,NO,NO,2026-09-18,13366500.0
4442,URNM,50.62,52.0,333012.0,ETF,ETF,9.0,6.0,13.0,5.0,1.8251,1.4279,547071.0,566860.0,84.95,46.82,0,NO,54.87,53.27,60.77,53.23,57.63,,1708,0.0,333152,NO,NO,2026-05-26,3967600.0
4443,SNPS,413.06,401.85,2085878.0,Technology,Software - Infrastructure,9.0,87.0,11.0,15.0,14.1364,13.4236,1883498.0,1863270.0,539.48,362.55,79157428224,NO,404.76,400.87,445.97,402.94,434.09,,8704,1.89,2095142,NO,NO,2000-02-18,35009600.0
4444,EDV,58.85,60.3,3204362.0,ETF,ETF,9.0,63.0,13.0,9.0,0.8321,0.6421,1331447.0,1959090.0,71.31,58.33,0,NO,59.93,60.24,63.84,59.81,62.63,,4692,0.0,3206417,NO,NO,2025-04-09,7015500.0
4445,EUV,24.51,24.4,262251.0,ETF,ETF,9.0,69.0,7.0,,0.8114,0.5821,882603.0,441880.0,32.0,20.61,0,NO,23.46,24.36,,24.42,,,96,0.0,262251,NO,NO,2026-07-01,4451600.0
4446,FRPH,21.08,21.36,91406.0,Real Estate,Real Estate Services,9.0,18.0,7.0,24.0,0.5207,0.5086,95160.0,123210.0,25.74,20.53,404109408,NO,21.94,22.42,22.89,22.15,22.6,,10133,0.0,91406,NO,NO,1990-03-26,2481000.0
4447,SH,32.13,32.18,9348886.0,ETF,ETF,9.0,64.0,21.0,6.0,0.3035,0.227,7527390.0,9058570.0,39.2,31.83,0,NO,32.54,32.65,34.63,32.53,34.04,,5095,0.0,9348886,YES,NO,2026-03-09,34760900.0
4448,AXP,301.96,313.59,3520239.0,Finance,Finance/Rental/Leasing,9.0,9.0,11.0,31.0,6.5586,5.4071,2887877.0,3401200.0,387.49,290.97,203916541952,NO,323.8,335.1,335.0,327.94,322.58,,13690,0.0,3520239,NO,NO,2009-04-24,90336900.0
4449,CASH,73.27,75.9,163077.0,Financial Services,Banks - Regional,9.0,6.0,8.0,4.0,1.7854,1.5346,224415.0,301820.0,101.26,65.87,1522064128,NO,79.78,84.36,85.06,82.41,85.81,,8308,0.0,163078,NO,NO,2017-09-15,3960000.0
4450,FPF,16.4,16.66,286707.0,Financial Services,Asset Management,9.0,17.0,14.0,11.0,0.2651,0.2516,117438.0,214960.0,19.63,16.33,997904384,NO,17.26,17.57,18.18,17.39,17.85,,3352,0.0,286707,NO,NO,2013-05-24,1928900.0
4451,UTG,35.24,35.98,432968.0,Financial Services,Asset Management,9.0,13.0,6.0,10.0,0.6236,0.6043,298807.0,365940.0,43.9,35.22,3221928192,NO,37.37,38.57,39.62,38.16,40.11,,5680,0.0,432968,NO,NO,2025-04-04,1306900.0
4452,QAT,16.82,16.88,2737.0,ETF,ETF,9.0,54.0,14.0,9.0,0.112,0.0784,19961.0,7290.0,20.17,16.71,0,NO,17.21,17.42,18.6,17.32,18.18,,3117,0.0,2737,NO,NO,2026-06-08,1294600.0
4453,ASTS,59.98,63.69,8428910.0,Technology,Communication Equipment,9.0,34.0,10.0,2.0,3.8894,3.6401,13400809.0,9650480.0,133.86,47.5,23342266368,NO,60.71,62.76,81.65,62.55,77.09,,1731,0.0,8428910,NO,NO,2024-05-29,109899300.0
4454,LDOS,124.69,128.23,1537953.0,Technology services,Packaged software,9.0,7.0,89.0,3.0,4.015,3.7543,1479222.0,1396410.0,205.77,98.86,15647624192,NO,132.49,128.12,149.87,130.55,134.21,,5013,0.0,1540813,NO,NO,2019-08-08,34119300.0
4455,ROCK,40.24,41.72,445855.0,Producer manufacturing,Metal fabrication,9.0,5.0,60.0,25.0,1.9264,1.9007,322925.0,386460.0,75.08,33.56,1193595648,NO,44.72,45.72,44.79,45.25,41.81,,8274,0.0,445929,NO,NO,2007-01-09,3592000.0
4456,PENN,15.56,16.13,2332302.0,Consumer services,Casinos/Gaming,9.0,3.0,3.0,49.0,0.5807,0.5539,3060674.0,3318210.0,22.36,11.65,2087615360,NO,17.13,18.8,16.7,18.29,17.85,,8135,0.0,2332302,NO,NO,2003-05-30,87965509.0
4457,ANIP,74.43,78.85,433632.0,Health technology,Biotechnology,9.0,61.0,11.0,32.0,2.2346,2.1925,372341.0,494610.0,97.0,69.58,1709683328,NO,73.07,76.2,78.83,75.19,77.72,,6634,0.0,433642,NO,NO,2021-11-01,4244200.0
4458,CRWV,86.9,86.76,31398469.0,Technology,Software - Infrastructure,9.0,75.0,8.0,41.0,5.6206,4.8473,28629490.0,34073930.0,153.2,60.55,47928528896,NO,86.05,85.21,92.17,85.83,93.16,,374,0.0,31585491,YES,NO,2026-08-12,87308400.0
4459,GIII,26.94,27.66,613073.0,Consumer Cyclical,Apparel Manufacturing,9.0,1.0,5.0,27.0,1.1164,1.1007,624374.0,961700.0,37.54,24.61,1155093120,NO,29.31,32.78,31.17,31.81,31.44,,9259,0.0,613073,NO,NO,1998-12-29,36234000.0
4460,ETD,21.02,20.97,543994.0,Consumer Cyclical,"Furnishings, Fixtures & Appliances",9.0,9.0,31.0,11.0,0.8336,0.6129,555893.0,503270.0,29.61,18.28,529756640,NO,22.43,22.83,22.5,22.55,21.88,,8438,0.0,543994,NO,NO,1993-03-16,10505700.0
4461,EXC,40.69,41.98,7012482.0,Utilities,Utilities - Regulated Electric,9.0,18.0,9.0,6.0,0.7532,0.6818,7955482.0,6870300.0,50.65,40.62,41921032192,NO,43.26,44.82,45.76,44.21,45.99,,13461,0.0,7012482,NO,NO,1988-05-18,181181862.0
4462,XLIX,23.15,22.87,16.0,ETF,ETF,9.0,6.0,9.0,,0.3336,0.0,360.0,120.0,28.18,22.62,0,NO,24.01,25.71,,25.39,,,76,0.0,200,NO,NO,2026-06-03,9700.0
4463,KMEM,20.64,20.62,74701.0,ETF,ETF,9.0,92.0,,,0.8,0.5129,206618.0,40580.0,27.25,14.55,0,NO,19.22,18.37,,18.68,,,58,0.0,74701,NO,NO,2026-07-01,859000.0
4464,PPLC,44.41,45.07,37395.0,Utilities,Electric utilities,9.0,37.0,14.0,8.0,0.5636,0.4543,202153.0,32600.0,52.57,44.4,0,NO,45.99,46.92,,46.44,48.54,,146,0.0,37395,NO,NO,2026-02-24,15163100.0
4465,ATAT,32.27,33.07,498271.0,Consumer Cyclical,Lodging,9.0,17.0,38.0,9.0,0.9596,0.9386,919247.0,866430.0,43.17,30.77,4459260928,NO,33.58,33.76,36.26,33.72,34.73,,967,0.0,498271,NO,NO,2025-04-11,4603100.0
4466,EXE,87.04,87.65,3893339.0,Energy,Oil & Gas E&P,9.0,11.0,36.0,4.0,2.4723,2.4273,3433812.0,3850030.0,126.62,84.98,20150089728,NO,94.76,93.52,99.65,93.47,95.69,,1410,0.0,3893339,NO,NO,2025-03-21,53145100.0
4467,PHIN,60.39,60.34,296059.0,Producer manufacturing,Auto parts: OEM,9.0,3.0,3.0,10.0,2.0348,1.9184,385020.0,473210.0,86.94,50.8,2212574208,NO,65.73,72.13,71.78,69.99,73.16,,812,0.0,296059,NO,NO,2023-07-05,12492100.0
4468,UPGR,22.21,22.434,524.0,ETF,ETF,9.0,17.0,6.0,12.0,0.3334,0.0254,493.0,240.0,30.29,22.21,0,NO,23.13,24.12,25.51,23.77,25.25,,801,0.0,524,NO,NO,2026-05-07,18400.0
4469,AWAY,16.75,17.535,24732.0,ETF,ETF,9.0,3.0,23.0,37.0,0.3208,0.2222,37688.0,5070.0,22.54,15.5,0,NO,18.53,19.02,18.36,18.84,17.76,,1660,0.0,24732,NO,NO,2021-07-06,1589600.0
4470,CABZ,20.45,20.717,658.0,ETF,ETF,9.0,14.0,15.0,18.0,0.437,0.2728,1200.0,1030.0,28.49,19.2,0,NO,20.79,21.55,,21.48,22.23,,173,0.0,658,NO,NO,2026-06-02,63100.0
4471,HBMX,24.43,24.12,9524.0,ETF,ETF,9.0,85.0,7.0,,0.8599,0.6022,67898.0,26230.0,31.9,19.43,0,NO,22.99,23.49,,23.59,,,78,0.0,9524,NO,NO,2026-06-15,494400.0
4472,GVA,112.65,116.2,421154.0,Industrials,Engineering & Construction,9.0,12.0,3.0,12.0,3.36,2.9304,783773.0,665560.0,162.08,97.26,5004689408,NO,118.18,121.59,126.95,121.4,128.56,,9172,0.0,421154,NO,NO,2019-12-20,8582800.0
4473,SEB,3974.05,4168.8799,7731.0,Process industries,Agricultural commodities/Milling,9.0,19.0,5.0,4.0,135.8778,133.1364,12155.0,12200.0,5989.37,3140.01,3806325248,NO,4185.03,4336.67,4834.44,4277.16,4831.9,,13509,0.0,7731,NO,NO,1993-05-25,400000.0
4474,UST,38.58,39.72,17399.0,ETF,ETF,8.0,22.0,14.0,8.0,0.3732,0.1982,7533.0,4020.0,45.43,38.47,0,NO,40.32,40.92,42.66,40.53,41.91,,4185,0.0,17399,NO,NO,2014-02-03,73322000.0
4475,STEP,45.03,47.45,868878.0,Finance,Investment managers,8.0,10.0,73.0,13.0,2.1593,2.0721,1357100.0,1266510.0,77.8,38.85,5812649472,NO,49.41,47.5,52.66,47.48,47.47,,1511,0.0,868878,NO,NO,2024-06-21,10352500.0
4476,ERIE,225.77,235.95,202751.0,Finance,Property/Casualty insurance,8.0,4.0,59.0,10.0,7.4175,6.9175,283855.0,225580.0,330.54,204.63,11805484032,NO,249.21,245.13,251.48,246.21,238.84,,7794,0.0,202751,NO,NO,2024-09-20,5408500.0
4477,CARR,55.1,54.62,5174600.0,Industrials,Building Products & Equipment,8.0,12.0,4.0,13.0,1.8791,1.7793,6468396.0,8754260.0,76.76,50.24,45420310528,NO,57.15,61.58,61.55,60.28,62.9,,1636,0.35,5207129,NO,NO,2020-04-03,66934300.0
4478,KBUF,25.86,25.685,14.0,ETF,ETF,8.0,35.0,47.0,9.0,0.1511,0.0675,2274.0,960.0,35.01,25.51,0,NO,25.95,26.64,28.58,26.49,27.19,,656,0.56,4300,NO,NO,2026-06-08,99800.0
4479,CRTO,16.55,16.8,263418.0,Communication Services,Advertising Agencies,8.0,28.0,22.0,14.0,0.5443,0.5372,439755.0,232460.0,25.29,15.57,810909568,NO,17.33,18.87,18.83,18.29,18.41,,3242,0.0,263549,NO,NO,2017-12-14,16662500.0
4480,BC,66.23,66.0,874068.0,Producer manufacturing,Trucks/Construction/Farm machinery,8.0,2.0,5.0,8.0,2.4039,2.3739,725880.0,852860.0,90.25,58.56,4291533824,NO,72.15,77.37,78.98,75.95,77.53,,11271,0.0,874068,NO,NO,1983-08-12,20013600.0
4481,NI,39.25,40.52,8436801.0,Utilities,Utilities - Regulated Gas,8.0,39.0,6.0,6.0,0.665,0.5857,5451903.0,5457540.0,49.21,39.0,18822733824,NO,40.97,42.76,44.94,42.0,45.43,,13510,0.0,8969126,NO,NO,2010-09-09,43850096.0
4482,HSY,168.45,167.9,1054844.0,Consumer Defensive,Confectioners,8.0,11.0,19.0,3.0,3.62,3.4371,1590828.0,1641740.0,239.48,161.43,33845927936,NO,174.66,177.62,191.7,176.61,187.13,,11724,0.0,1058234,NO,NO,2002-09-18,20006200.0
4483,CWEN,30.12,30.89,1082225.0,Utilities,Utilities - Renewable,8.0,16.0,6.0,4.0,0.8529,0.7818,1228674.0,1377600.0,41.74,27.97,7428676608,NO,31.4,32.35,35.96,31.88,35.92,,2855,0.0,1082233,NO,NO,2023-11-29,19954500.0
4484,DIPR,22.74,23.33,602.0,ETF,ETF,8.0,42.0,12.0,,0.4326,0.0947,1539.0,1570.0,34.32,20.31,0,NO,22.39,22.75,,22.84,,,96,0.0,602,NO,NO,2026-05-06,67600.0
4485,TXT,76.81,79.41,2219958.0,Electronic technology,Aerospace & defense,8.0,16.0,10.0,6.0,1.7421,1.6143,1682255.0,2074390.0,101.57,76.44,13356411904,NO,80.35,85.37,89.94,84.18,88.69,,13510,0.0,2219958,NO,NO,2009-04-30,43547500.0
4486,KMCA,19.81,19.41,263.0,ETF,ETF,8.0,85.0,7.0,,0.5279,0.1507,7696.0,1090.0,24.45,14.45,0,NO,19.76,18.65,,18.98,,,94,0.0,100,NO,NO,2026-06-15,66100.0
4487,XYL,108.64,107.24,1873253.0,Producer manufacturing,Industrial machinery,8.0,33.0,38.0,9.0,2.4964,2.46,2091784.0,3103440.0,154.27,105.29,25366007808,NO,108.54,115.06,122.45,113.03,115.7,,3756,0.0,1873253,NO,NO,2023-05-25,20241700.0
4488,XLUI,21.84,22.297,52099.0,ETF,ETF,8.0,23.0,10.0,8.0,0.3001,0.2791,52784.0,163400.0,26.34,21.78,0,NO,22.88,23.57,24.29,23.32,24.2,,289,0.0,52099,NO,NO,2026-09-10,572500.0
4489,SIM,27.45,26.0,515.0,Basic Materials,Steel,8.0,20.0,8.0,5.0,0.8593,0.3971,13826.0,1080.0,34.59,25.2,4211252992,NO,28.04,28.7,29.79,28.13,29.47,,8362,0.0,1400,NO,NO,2007-02-09,4092500.0
4490,ISRG,398.3,401.65,1678195.0,Healthcare,Medical Instruments & Supplies,8.0,89.0,40.0,5.0,12.0621,11.3086,3053428.0,2784690.0,603.88,328.57,142702149632,NO,374.18,373.21,453.42,374.3,416.82,,6605,0.0,1678195,NO,NO,2007-07-20,80133300.0
4491,BMI,133.0,131.5,469896.0,Producer manufacturing,Industrial machinery,8.0,78.0,69.0,7.0,4.0443,3.9168,429849.0,407430.0,204.0,112.09,3855250688,NO,131.42,133.76,144.84,132.12,134.61,,13510,0.58,469898,NO,NO,2026-04-17,4169200.0
4492,GOVZ,32.96,33.8,923858.0,ETF,ETF,8.0,63.0,12.0,9.0,0.5086,0.3911,358406.0,568450.0,41.02,32.62,0,NO,33.55,33.85,36.08,33.56,35.33,,1504,0.0,923858,NO,NO,2021-05-28,5557475.0
4493,ZROZ,57.64,59.13,1807767.0,ETF,ETF,8.0,67.0,12.0,9.0,0.8864,0.6696,767973.0,773090.0,71.22,56.8,0,NO,58.62,58.93,62.85,58.49,61.54,,4245,0.0,1807767,NO,NO,2026-08-18,5186800.0
4494,FIZZ,30.65,31.39,278011.0,Consumer Defensive,Beverages - Non-Alcoholic,8.0,27.0,10.0,9.0,1.0196,0.9718,484366.0,494920.0,38.21,28.97,2869210880,NO,31.8,31.66,33.74,31.66,33.63,,8818,0.0,278011,NO,NO,2019-03-08,10830000.0
4495,WY,21.17,21.01,6579653.0,Finance,Real estate investment trusts,8.0,5.0,8.0,10.0,0.4661,0.4461,5587334.0,6943930.0,27.75,20.98,15257980928,NO,22.63,23.76,24.27,23.46,23.91,,13460,0.0,6579653,NO,NO,2014-07-03,57594700.0
4496,HHH,63.75,65.6,576809.0,Real Estate,Real Estate - Development,8.0,34.0,21.0,28.0,1.8739,1.8089,480777.0,878790.0,91.07,60.09,3807115776,NO,63.36,65.66,70.19,64.49,65.5,,3992,0.0,576820,NO,NO,2020-06-03,6766260.0
4497,SNK,15.08,14.47,2431571.0,ETF,ETF,8.0,2.0,2.0,,1.4871,1.4321,3055931.0,3044910.0,40.62,9.94,0,NO,15.92,22.35,,20.76,,,69,0.0,2434273,NO,NO,2026-06-16,23539500.0
4498,RYAAY,54.69,54.3,1561163.0,Transportation,Airlines,8.0,52.0,9.0,11.0,1.1379,0.9407,1467490.0,1906420.0,74.24,51.68,28336807936,NO,54.42,57.28,62.03,56.36,58.88,,7375,0.0,1561207,NO,NO,1997-05-29,169361878.0
4499,BCKT,39.24,39.2,32.0,ETF,ETF,8.0,57.0,26.0,9.0,0.0882,0.0,274.0,100.0,48.75,39.2,0,NO,39.66,40.27,43.14,40.03,41.84,,249,0.0,100,NO,NO,2025-12-24,33800.0
4500,STOK,26.11,28.05,1174206.0,Health technology,Biotechnology,8.0,2.0,6.0,3.0,1.3321,1.2861,876577.0,762500.0,40.22,20.32,1684780160,NO,29.93,30.38,31.9,29.94,31.5,,1825,0.0,1174206,NO,NO,2024-03-26,19469000.0
4501,RGCO,20.65,21.32,19919.0,Utilities,Gas distributors,8.0,22.0,7.0,13.0,0.4986,0.4814,16150.0,14440.0,27.99,20.55,215163824,NO,21.54,22.1,22.34,21.58,22.5,,8214,0.0,19919,NO,NO,2021-06-25,1213800.0
4502,TRUU,21.9,22.38,156.0,ETF,ETF,8.0,21.0,,,0.2229,0.0664,259.0,700.0,25.3,21.9,0,NO,23.12,23.84,,23.55,,,54,0.0,156,NO,NO,2026-09-14,1600.0
4503,ISBA,37.26,38.2,37340.0,Financial Services,Banks - Regional,8.0,19.0,17.0,4.0,1.1536,1.1443,75863.0,49000.0,58.83,33.24,284251808,NO,38.92,39.54,44.39,39.25,41.57,,5194,0.0,37340,NO,NO,2026-06-26,962500.0
4504,CRUS,120.45,119.98,475082.0,Technology,Semiconductors,8.0,88.0,3.0,7.0,4.3768,4.2489,813503.0,1027490.0,180.42,106.26,6036659712,NO,114.6,122.79,139.96,120.41,143.61,,9390,0.13,479320,NO,NO,2010-10-21,31256000.0
4505,UBER,69.42,69.89,17517890.0,Transportation,Other transportation,8.0,6.0,19.0,15.0,1.9972,1.9698,19364914.0,21882750.0,101.3,65.41,141794525184,NO,73.42,73.46,75.38,73.22,73.15,,1853,0.0,17676945,YES,NO,2023-12-15,364261200.0
4506,PIPR,72.42,73.87,550918.0,Finance,Investment banks/Brokers,8.0,38.0,12.0,19.0,2.1421,2.0214,616195.0,706880.0,95.06,68.7,5117942272,NO,74.78,75.39,80.22,75.21,77.09,,5716,0.0,550918,NO,NO,2005-04-20,15896000.0
4507,SRE,79.0,81.2,3138783.0,Utilities,Utilities - Diversified,8.0,30.0,7.0,5.0,1.5485,1.4607,3704793.0,3400510.0,101.04,78.74,51658129408,NO,83.21,86.29,90.47,84.67,90.47,,7102,0.0,3138783,NO,NO,2025-02-25,29513700.0
4508,SLVM,36.64,36.11,303926.0,Process industries,Pulp & paper,8.0,68.0,22.0,13.0,1.1747,1.0358,292169.0,305860.0,56.8,34.25,1456815360,NO,35.83,37.2,42.39,37.18,39.3,,1254,0.72,309172,NO,NO,2021-10-01,9638400.0
4509,GPCR,35.95,36.81,891032.0,Healthcare,Biotechnology,8.0,0.0,4.0,2.0,2.489,2.4576,811111.0,1257090.0,94.9,23.61,2563589376,NO,42.35,47.26,54.56,45.82,46.57,,911,0.0,891032,NO,NO,2025-12-08,19520000.0
4510,ODDZ,22.59,22.52,14.0,ETF,ETF,8.0,7.0,8.0,,0.29,0.085,353.0,290.0,27.57,22.29,0,NO,24.24,25.21,,24.76,,,95,0.0,200,NO,NO,2026-05-06,49400.0
4511,BULG,38.14,44.653,7465.0,ETF,ETF,8.0,0.0,85.0,93.0,5.2322,3.2409,5736.0,3300.0,313.2,18.36,0,NO,54.72,47.92,45.9,48.33,38.29,,281,0.0,7277,NO,NO,2026-04-15,117355.0
4512,EPRT,26.87,26.76,2053165.0,Finance,Real estate investment trusts,8.0,6.0,10.0,6.0,0.6084,0.6084,1930128.0,3095080.0,34.73,26.47,5826646528,NO,28.99,30.47,31.04,29.86,30.93,,2074,0.0,2106808,NO,NO,2019-10-10,16078700.0
4513,APLD,27.23,28.54,13640243.0,Technology,Information Technology Services,8.0,79.0,1.0,34.0,1.6099,1.4152,18120463.0,16062310.0,50.73,19.0,7741592576,NO,26.25,27.66,32.27,27.57,32.12,,1115,0.0,13641768,YES,NO,2025-06-02,239746500.0
4514,DBD,63.04,63.37,171947.0,Technology,Software - Application,8.0,10.0,3.0,5.0,2.0124,2.0124,287276.0,249000.0,92.08,54.48,2139992960,NO,66.06,73.09,75.41,70.92,76.97,,780,0.0,171947,NO,NO,2026-04-09,6485200.0
4515,BRO,61.7,64.3,2464713.0,Financial Services,Insurance Brokers,8.0,4.0,59.0,11.0,1.93,1.5725,2404731.0,2525050.0,96.55,53.81,20645459968,NO,68.79,69.72,68.67,69.06,65.37,,11495,0.0,2471187,NO,NO,2021-09-17,48381800.0
4516,HII,269.8,276.1,472823.0,Industrials,Aerospace & Defense,8.0,11.0,22.0,1.0,6.8926,6.6869,483676.0,526920.0,460.0,263.62,10631360512,NO,284.57,295.78,346.23,296.69,326.11,,3899,0.0,473768,NO,NO,2018-01-02,9026900.0
4517,URAN,36.73,37.075,1713.0,ETF,ETF,8.0,14.0,14.0,6.0,0.9201,0.5826,7846.0,3020.0,55.15,35.45,0,NO,38.73,38.24,43.09,38.18,41.1,,500,0.0,1725,NO,NO,2026-07-07,97800.0
4518,ASGI,19.31,20.0,215774.0,Financial Services,Asset Management,8.0,1.0,9.0,6.0,0.5704,0.4682,226184.0,401600.0,25.95,19.26,814554176,NO,21.95,23.33,23.2,23.04,23.23,,1545,0.0,215774,NO,NO,2020-07-29,1742100.0
4519,BFS,29.79,30.23,126751.0,Real Estate,REIT - Retail,8.0,7.0,5.0,9.0,0.6736,0.6664,110398.0,151590.0,38.42,29.16,1034577088,NO,31.88,33.68,33.79,32.94,34.25,,8329,0.0,126751,NO,NO,1993-08-19,3397000.0
4520,PTHS,23.52,23.15,34926.0,Healthcare,Biotechnology,8.0,15.0,4.0,47.0,1.7664,1.7606,60246.0,41340.0,37.5,18.19,90045592,NO,23.6,25.78,25.1,25.31,25.12,,651,0.99,34926,NO,NO,2025-04-17,3960440.0
4521,YGLD,32.73,33.713,8818.0,ETF,ETF,8.0,3.0,42.0,5.0,1.244,0.8673,13431.0,8340.0,59.22,30.55,0,NO,34.96,34.21,40.27,34.52,37.16,,451,0.0,8818,NO,NO,2024-12-23,271100.0
4522,SMN,20.43,21.02,448.0,ETF,ETF,8.0,95.0,51.0,6.0,0.4436,0.1789,2500.0,940.0,31.02,17.93,0,NO,19.63,19.58,21.09,19.56,20.28,,4940,0.0,448,NO,NO,2026-04-01,75300.0
4523,BIPC,35.48,36.15,846182.0,Utilities,Utilities - Regulated Gas,8.0,9.0,14.0,10.0,0.9141,0.8673,1085644.0,1267140.0,51.72,34.18,4364593664,NO,37.16,39.16,42.23,38.82,40.15,,1628,0.0,846182,NO,NO,2020-06-26,6185550.0
4524,ATMU,44.94,44.59,501897.0,Consumer Cyclical,Auto Parts,7.0,10.0,11.0,3.0,1.4,1.3617,725130.0,860740.0,66.5,42.6,3666903040,NO,46.39,49.49,54.26,48.75,52.38,,833,0.0,501897,NO,NO,2024-03-20,14939200.0
4525,CEG,263.88,262.11,2774034.0,Utilities,Utilities - Independent Power Producers,7.0,40.0,33.0,9.0,10.7636,10.0793,2976663.0,3155800.0,412.7,228.63,93494632448,NO,276.87,271.5,291.85,274.14,278.83,,1173,0.0,2910969,NO,NO,2022-02-02,23860900.0
4526,GLL,23.5,22.84,2543508.0,ETF,ETF,7.0,96.0,13.0,35.0,0.8243,0.5607,2462579.0,3231000.0,35.74,15.6,0,NO,22.28,23.6,22.2,23.11,22.36,,4477,1.62,2543508,NO,NO,2026-01-29,71020300.0
4527,BETZ,17.73,18.147,4676.0,ETF,ETF,7.0,10.0,20.0,18.0,0.2827,0.2211,13103.0,4670.0,24.77,17.05,0,NO,19.15,19.22,19.19,19.06,18.86,,1583,0.0,4676,NO,NO,2020-06-05,2948700.0
4528,TTWO,206.32,209.92,2417170.0,Technology services,Packaged software,7.0,5.0,7.0,37.0,6.7989,6.5346,2479692.0,2690220.0,265.94,187.63,38577807360,NO,217.6,231.54,226.25,228.5,222.82,,7406,0.0,2417170,NO,NO,2009-12-04,52797400.0
4529,XPP,19.55,20.36,1830.0,ETF,ETF,7.0,11.0,74.0,8.0,0.5,0.1364,3423.0,3160.0,31.79,16.57,0,NO,20.44,20.84,23.05,20.86,21.15,,4352,0.0,1830,NO,NO,2024-10-07,331800.0
4530,KVYO,16.78,15.82,7983506.0,Technology services,Packaged software,7.0,13.0,92.0,7.0,1.015,0.9446,6021428.0,7103780.0,35.83,12.53,5021915136,NO,17.76,17.82,19.76,17.5,17.26,,754,2.28,9600181,YES,NO,2026-05-06,20093900.0
4531,IVOL,16.08,16.32,190795.0,ETF,ETF,7.0,14.0,17.0,6.0,0.1339,0.0986,159671.0,164520.0,19.62,16.0,0,NO,16.83,17.17,18.16,17.02,17.72,,1850,0.0,190795,NO,NO,2023-07-24,9529300.0
4532,LAZR,44.3,46.1,41761.0,ETF,ETF,7.0,79.0,,,1.6221,1.0504,156216.0,103540.0,50.82,32.55,0,NO,43.13,42.31,,43.05,,,59,0.0,41796,NO,NO,2026-08-12,656000.0
4533,GGLS,59.17,56.725,59436.0,ETF,ETF,7.0,80.0,48.0,5.0,1.429,1.1062,373880.0,73990.0,91.75,50.65,0,NO,58.96,58.6,62.04,58.79,60.16,,1007,0.89,59436,NO,NO,2026-04-30,4427790.0
4534,CGRO,21.19,20.818,95.0,ETF,ETF,7.0,18.0,55.0,8.0,0.2024,0.0194,631.0,330.0,32.22,19.79,0,NO,21.45,22.01,24.07,21.92,22.58,,734,1.4,600,NO,NO,2025-11-13,175100.0
4535,CWCO,28.09,28.43,71435.0,Utilities,Utilities - Regulated Water,7.0,31.0,23.0,7.0,0.5414,0.5343,94247.0,94840.0,39.12,27.75,449801376,NO,28.85,29.45,32.55,29.32,30.73,,7967,0.0,71444,NO,NO,2023-06-23,2216500.0
4536,CTEV,25.04,29.45,174221.0,Healthcare,Health Information Services,7.0,0.0,6.0,94.0,2.5502,2.4688,126626.0,153350.0,73.68,11.5,424364512,NO,35.68,32.4,27.48,32.19,26.36,,1626,0.0,174239,NO,NO,2024-12-24,2112000.0
4537,NHI,67.2,67.87,397505.0,Real Estate,REIT - Healthcare Facilities,7.0,13.0,15.0,4.0,1.412,1.3641,572647.0,452500.0,91.38,66.55,3300220928,NO,70.55,73.76,77.99,72.7,76.43,,8800,0.0,397524,NO,NO,2026-06-29,7913500.0
4538,RRX,152.42,150.73,1062329.0,Producer manufacturing,Electrical products,7.0,13.0,2.0,5.0,5.8536,5.2307,1273482.0,1326470.0,247.8,127.96,10146534400,NO,157.37,178.15,188.37,172.07,193.09,,11724,0.09,1075108,NO,NO,2021-10-05,5195500.0
4539,PSIX,46.88,45.91,359245.0,Industrials,Specialty Industrial Machinery,7.0,97.0,90.0,5.0,2.6443,2.2021,445417.0,464220.0,119.7,25.28,1081308288,NO,40.1,36.53,55.38,38.7,47.81,,3629,0.2,359341,NO,NO,2025-11-07,5381200.0
4540,BEAM,24.37,25.26,1894805.0,Health technology,Biotechnology,7.0,2.0,2.0,19.0,1.5956,1.3095,2095371.0,2027580.0,38.26,20.23,2517120512,NO,26.9,27.11,28.58,26.69,28.36,,1665,0.0,1894805,NO,NO,2025-03-10,8844200.0
4541,FBIN,39.03,39.6,2203923.0,Industrials,Building Products & Equipment,7.0,7.0,25.0,27.0,1.3193,1.3029,2564642.0,2346740.0,64.84,32.34,4659068928,NO,41.97,46.42,46.77,45.14,43.08,,3775,0.0,2244346,NO,NO,2016-06-23,37212552.0
4542,KEYX,22.44,20.96,10.0,ETF,ETF,7.0,95.0,,,0.8036,0.065,411.0,100.0,26.96,17.1,0,NO,19.84,20.42,,20.87,,,62,3.29,100,NO,NO,2026-06-24,9800.0
4543,PCR,18.36,18.7,291.0,ETF,ETF,7.0,19.0,23.0,11.0,0.1578,0.0479,619.0,290.0,25.37,18.35,0,NO,19.01,19.26,20.51,19.14,19.6,,251,0.0,291,NO,NO,2025-09-26,37500.0
4544,URNJ,22.31,22.96,144606.0,ETF,ETF,7.0,4.0,13.0,4.0,0.954,0.774,293684.0,325970.0,40.81,20.6,0,NO,24.62,23.85,28.01,23.77,26.29,,912,0.0,144606,NO,NO,2025-03-06,1967900.0
4545,KJD,15.09,15.263,396.0,ETF,ETF,7.0,4.0,58.0,11.0,0.407,0.2174,4112.0,5150.0,28.34,13.18,0,NO,15.78,18.32,18.38,17.93,18.16,,235,0.0,396,NO,NO,2025-11-19,53900.0
4546,HIMS,28.39,30.43,11789317.0,Healthcare,Drug Manufacturers - Specialty & Generic,7.0,12.0,8.0,88.0,1.4099,1.3964,13021231.0,9327920.0,65.3,13.74,6623767552,NO,28.61,29.88,27.86,28.98,27.56,,1766,0.0,11819242,YES,NO,2025-06-23,176087900.0
4547,CAS,25.57,26.26,3893.0,ETF,ETF,7.0,55.0,12.0,45.0,0.3381,0.128,3098.0,3500.0,36.9,23.83,0,NO,25.46,25.64,26.87,25.59,26.31,,424,0.0,3893,NO,NO,2026-05-21,75100.0
4548,XEY,20.18,20.37,31.0,ETF,ETF,7.0,84.0,31.0,,0.17,0.0221,134.0,100.0,25.44,19.62,0,NO,19.95,19.95,,19.9,,,102,0.0,31,NO,NO,2026-05-07,1000.0
4549,AXON,450.61,452.06,770307.0,Electronic technology,Aerospace & defense,7.0,0.0,69.0,8.0,22.7507,20.095,993450.0,1210480.0,789.29,339.01,36606390272,NO,511.83,544.3,502.11,533.58,480.42,,6352,0.0,770307,NO,NO,2004-04-21,134827600.0
4550,UTES,70.37,71.51,125775.0,ETF,ETF,7.0,29.0,7.0,9.0,1.3544,1.2136,148101.0,157430.0,88.43,70.03,0,NO,73.89,76.46,79.56,75.54,79.21,,2764,0.0,125798,NO,NO,2026-05-19,2196300.0
4551,ASMB,23.97,25.44,275239.0,Healthcare,Biotechnology,7.0,0.0,11.0,5.0,1.8829,1.87,295820.0,562070.0,39.71,21.8,488043488,NO,31.33,29.27,28.84,29.41,28.06,,3963,0.0,275239,NO,NO,2023-10-17,6323483.0
4552,XSPC,21.03,21.62,3656.0,ETF,ETF,7.0,30.0,14.0,,0.4556,0.2906,2761.0,3340.0,25.99,17.41,0,NO,20.87,20.95,,21.11,,,68,0.0,3656,NO,NO,2026-06-16,29700.0
4553,LPX,68.02,65.05,1329140.0,Industrials,Building Products & Equipment,7.0,18.0,14.0,12.0,2.2639,2.1154,1178057.0,1170750.0,100.34,64.49,4756190208,NO,67.89,71.6,77.45,71.26,73.34,,11724,3.41,1408487,NO,NO,2009-09-24,22903400.0
4554,PEGA,35.18,34.97,1143743.0,Technology services,Information technology services,7.0,88.0,89.0,4.0,1.4696,1.3611,2653779.0,2495080.0,68.1,25.1,5783766016,NO,36.15,33.27,40.57,33.6,35.7,,7592,0.09,1143743,NO,NO,1998-10-30,26158400.0
4555,TWM,23.39,23.01,2058712.0,ETF,ETF,7.0,95.0,80.0,2.0,0.5268,0.4575,600149.0,902410.0,37.66,20.16,0,NO,22.2,21.62,25.61,21.81,24.18,,4946,0.0,2058712,NO,NO,2024-08-05,2996640.0
4556,BITY,28.56,29.165,1618.0,ETF,ETF,7.0,78.0,82.0,9.0,0.6902,0.2979,4366.0,2010.0,59.0,23.75,0,NO,27.98,26.84,31.5,27.07,28.92,,350,0.0,1618,NO,NO,2026-04-16,53300.0
4557,JOUL,22.72,22.54,461.0,ETF,ETF,7.0,56.0,9.0,,0.4818,0.2383,5146.0,5270.0,27.74,21.31,0,NO,22.11,23.17,,23.1,,,96,0.71,461,NO,NO,2026-05-29,144300.0
4558,DAKT,17.65,17.66,394581.0,Technology,Electronic Components,7.0,14.0,9.0,6.0,0.7814,0.7707,625461.0,653610.0,28.27,17.09,848835200,NO,18.67,19.5,20.58,19.19,19.72,,8207,0.0,394583,NO,NO,2006-08-16,13833500.0
4559,IWMY,17.37,17.61,94413.0,ETF,ETF,7.0,14.0,10.0,15.0,0.1836,0.1565,47953.0,59580.0,23.47,17.37,0,NO,18.1,18.7,19.38,18.48,18.9,,724,0.0,94413,NO,NO,2025-10-10,502700.0
4560,PTCT,62.34,65.26,1101125.0,Healthcare,Biotechnology,7.0,9.0,3.0,12.0,2.1159,2.1055,1431792.0,1369100.0,90.87,57.74,5202946048,NO,68.56,71.81,72.62,69.28,71.26,,3334,0.0,1101125,NO,NO,2016-04-15,28675100.0
4561,LMAT,80.58,79.2,213456.0,Healthcare,Medical Instruments & Supplies,7.0,58.0,9.0,3.0,1.8057,1.7393,351501.0,277370.0,118.01,78.22,1842804736,NO,80.04,87.18,94.7,84.38,97.2,,5011,0.0,247077,NO,NO,2017-05-02,2960300.0
4562,HLNE,85.7,88.34,664505.0,Financial Services,Asset Management,7.0,2.0,86.0,5.0,3.675,3.6203,731311.0,655130.0,155.66,71.88,5743791104,NO,98.38,96.07,104.86,96.12,91.95,,2404,0.0,676418,NO,NO,2017-03-01,7162700.0
4563,GOLY,25.28,26.17,17862.0,ETF,ETF,7.0,10.0,40.0,5.0,0.66,0.5695,22234.0,22820.0,41.72,24.14,0,NO,26.54,26.12,30.71,26.24,27.83,,1343,0.0,17862,NO,NO,2022-04-13,547900.0
4564,GLPI,39.25,39.67,2615105.0,Real Estate,REIT - Specialty,7.0,10.0,9.0,6.0,0.7199,0.6592,3259782.0,3859770.0,49.95,39.21,11755394048,NO,41.3,42.98,45.29,42.48,45.06,,3254,0.0,2615105,NO,NO,2023-09-15,37749200.0
4565,UCC,41.71,43.15,3409.0,ETF,ETF,7.0,6.0,14.0,15.0,0.952,0.3256,2911.0,1410.0,56.96,39.96,0,NO,44.38,45.69,48.44,45.35,46.52,,4940,0.0,3409,NO,NO,2010-10-25,5158400.0
4566,GSHD,43.52,51.7,889360.0,Financial Services,Insurance Brokers,7.0,0.0,81.0,23.0,3.9304,3.3726,504282.0,564900.0,79.85,33.68,1555326080,NO,61.74,62.49,54.71,61.65,49.56,,2112,0.0,889360,NO,NO,2023-08-31,4984800.0
4567,AVGU,28.72,30.16,165331.0,ETF,ETF,7.0,12.0,5.0,32.0,1.8081,1.3474,135466.0,166980.0,63.45,22.99,0,NO,29.64,33.7,35.78,33.06,36.26,,300,0.0,165336,NO,NO,2026-06-04,1014600.0
4568,STRT,66.98,67.19,71904.0,Producer manufacturing,Auto parts: OEM,7.0,2.0,6.0,7.0,2.405,2.39,94768.0,74370.0,93.0,57.01,266916192,NO,71.36,79.11,79.03,78.2,77.22,,7947,0.0,71904,NO,NO,1996-08-02,892000.0
4569,RSI,20.56,21.57,8821514.0,Consumer services,Casinos/Gaming,7.0,1.0,2.0,13.0,1.2371,1.1714,2670041.0,3207870.0,34.53,15.51,5021718528,NO,25.58,27.25,23.96,25.8,26.01,,1610,0.0,8821594,NO,NO,2026-06-18,18868400.0
4570,AXTQ,27.57,23.3,511714.0,ETF,ETF,7.0,,,,8.2457,7.2664,187220.0,328360.0,67.92,21.81,0,NO,45.12,,,,,,25,4.55,511714,NO,NO,2026-09-16,667500.0
4571,ASIX,16.53,16.25,200391.0,Basic Materials,Chemicals,7.0,36.0,7.0,3.0,0.5753,0.5381,277503.0,302590.0,26.73,14.1,446329632,NO,16.71,18.13,19.65,17.51,20.39,,2518,0.0,200391,NO,NO,2016-10-03,6622200.0
4572,SAH,62.37,65.92,276845.0,Retail trade,Specialty stores,7.0,2.0,3.0,28.0,3.2114,3.0714,289901.0,369560.0,113.67,54.11,1971815168,NO,74.76,83.89,73.48,79.47,77.34,,7258,0.0,282339,NO,NO,2009-09-18,10268600.0
4573,GLIBK,23.7,24.26,244676.0,Communication Services,Telecom Services,7.0,17.0,88.0,1.0,0.7725,0.7704,545504.0,335390.0,41.17,19.3,945748352,NO,25.52,24.54,30.54,24.69,27.54,,302,0.0,244676,NO,NO,2026-06-26,5414200.0
4574,CTEX,31.57,32.373,1242.0,ETF,ETF,6.0,28.0,2.0,8.0,0.6813,0.2811,900.0,1000.0,51.5,29.51,0,NO,32.15,33.83,37.95,33.26,37.55,,1249,0.0,1242,NO,NO,2024-10-11,91600.0
4575,WSO,325.37,317.69,449925.0,Producer manufacturing,Building products,6.0,88.0,6.0,5.0,8.8903,8.1868,477073.0,479840.0,459.0,295.75,13422225408,NO,311.71,327.45,373.29,320.37,368.49,,10655,2.17,449925,NO,NO,2017-02-24,4447800.0
4576,SMG,52.83,51.42,1131799.0,Process industries,Chemicals: agricultural,6.0,5.0,6.0,4.0,1.7036,1.6312,950633.0,925970.0,75.34,51.11,3075777024,NO,57.35,62.23,62.55,60.14,62.16,,8721,1.75,1139742,NO,NO,1992-01-31,19977200.0
4577,BURL,257.33,251.8,1097989.0,Consumer Cyclical,Apparel Retail,6.0,1.0,4.0,4.0,9.0857,8.5364,1125138.0,1708500.0,378.33,226.85,16164233216,NO,257.14,314.96,310.97,303.33,315.47,,3262,1.53,1098001,NO,NO,2013-10-02,15051500.0
4578,CALM,71.73,72.53,1041565.0,Consumer Defensive,Farm Products,6.0,5.0,12.0,11.0,1.8914,1.7943,953147.0,1051440.0,101.86,71.08,3350221056,NO,76.26,81.85,80.88,80.05,79.79,,7490,0.0,1041565,NO,NO,2004-03-29,11822400.0
4579,PSQ,24.73,24.78,16644867.0,ETF,ETF,6.0,24.0,22.0,3.0,0.3468,0.2739,8832725.0,13359250.0,33.47,24.55,0,NO,25.79,26.0,28.17,25.85,27.27,,5096,0.0,16689758,YES,NO,2026-03-31,24452300.0
4580,AVGG,22.58,23.607,357887.0,ETF,ETF,6.0,13.0,5.0,34.0,1.4189,1.0725,289058.0,366290.0,49.44,17.87,0,NO,23.24,26.39,28.02,25.88,28.29,,339,0.0,357887,NO,NO,2026-06-04,2452000.0
4581,CW,545.15,568.02,525511.0,Industrials,Aerospace & Defense,6.0,5.0,2.0,4.0,15.025,13.9543,339317.0,479750.0,808.16,502.0,20134813696,NO,573.91,655.93,677.09,633.55,691.63,,11724,0.0,525514,NO,NO,2016-01-29,6845700.0
4582,IRTC,111.75,110.38,1225887.0,Healthcare,Medical Devices,6.0,6.0,55.0,13.0,4.6,4.4825,597980.0,561020.0,212.0,100.85,3683615744,NO,116.84,118.26,131.06,118.5,117.35,,2493,0.57,1225887,NO,NO,2021-01-29,7505900.0
4583,BSP,34.64,38.81,3678418.0,Technology,Software - Application,6.0,3.0,,,2.4364,2.245,2552105.0,2464990.0,58.94,30.11,22003996672,NO,40.18,39.07,,38.9,,,58,0.0,3678620,NO,NO,2026-07-01,17370300.0
4584,HD,296.72,297.2,4591987.0,Consumer Cyclical,Home Improvement Retail,6.0,7.0,14.0,8.0,6.0343,5.6786,4112863.0,4722190.0,411.41,289.1,296034467840,NO,314.53,329.95,341.59,325.17,328.89,,11341,0.0,4658242,NO,NO,1984-08-17,117113850.0
4585,LASR,40.98,40.19,663653.0,Electronic technology,Semiconductors,6.0,5.0,1.0,0.0,1.7778,1.6942,1324568.0,898740.0,86.95,27.79,2364144128,NO,40.75,53.48,57.72,49.92,62.05,,2113,0.77,663667,NO,NO,2026-06-26,5746600.0
4586,STN,70.68,70.74,279982.0,Industrial services,Engineering & construction,6.0,31.0,68.0,4.0,1.795,1.7693,406371.0,375840.0,114.52,66.26,7944411136,NO,71.91,71.76,83.39,71.69,77.4,,5315,0.0,279982,NO,NO,2021-09-17,1290300.0
4587,EPV,18.35,18.0,40005.0,ETF,ETF,6.0,93.0,29.0,4.0,0.355,0.2361,14126.0,18020.0,25.88,16.55,0,NO,17.6,17.53,19.59,17.49,19.11,,4341,0.44,40011,NO,NO,2022-10-04,594780.0
4588,CRWX,19.91,19.08,67676.0,ETF,ETF,6.0,19.0,,,2.4457,1.8564,23329.0,36100.0,39.84,11.75,0,NO,20.02,20.99,,20.81,,,55,0.0,67705,NO,NO,2026-07-22,128700.0
4589,HAPN,15.15,16.2,1975400.0,Financial Services,Banks - Regional,6.0,2.0,5.0,38.0,0.5167,0.4814,1629398.0,1510800.0,21.67,13.05,1748423040,NO,17.04,18.34,17.61,17.83,17.17,,2961,0.0,1975400,NO,NO,2021-07-29,41561900.0
4590,AVGX,38.72,40.86,650125.0,ETF,ETF,6.0,36.0,5.0,39.0,2.5066,1.8761,718017.0,704840.0,84.8,30.84,0,NO,39.89,45.07,48.1,44.4,48.58,,523,0.0,650125,NO,NO,2026-06-04,9632200.0
4591,CROB,21.76,22.06,3628.0,ETF,ETF,6.0,,,,0.3193,0.095,8780.0,4890.0,33.01,21.07,0,NO,22.36,,,,,,25,0.0,3628,NO,NO,2026-08-26,34900.0
4592,PDD,79.2,79.3,4451638.0,Retail trade,Department stores,6.0,9.0,66.0,5.0,1.62,1.4943,6987568.0,7215240.0,139.41,71.94,112732995584,NO,81.17,84.9,95.99,84.0,89.74,,2050,0.0,4451638,NO,NO,2024-08-26,103174600.0
4593,FIG,21.76,21.8,8888466.0,Technology,Software - Application,6.0,1.0,88.0,27.0,1.2552,1.2266,20043593.0,15394460.0,71.48,16.6,11598295040,NO,24.45,24.58,25.14,24.18,22.38,,289,0.0,8888466,NO,NO,2026-05-15,77424700.0
4594,FER,55.28,55.95,1603036.0,Industrials,Engineering & Construction,6.0,7.0,4.0,7.0,0.9617,0.6342,1455677.0,1608990.0,74.79,53.91,39821344768,NO,57.09,61.39,66.27,60.51,64.91,,3547,0.0,1603036,NO,NO,2025-12-19,62023100.0
4595,NLR,108.33,110.73,385163.0,ETF,ETF,6.0,10.0,10.0,5.0,3.6921,2.9,388390.0,383720.0,168.12,101.92,0,NO,116.05,113.91,130.26,113.81,124.28,,4806,0.0,385329,NO,NO,2025-10-22,1763500.0
4596,YOU,38.9,39.26,1879705.0,Technology services,Packaged software,6.0,9.0,2.0,2.0,1.4747,1.4247,1701917.0,2436220.0,69.07,29.43,5282156544,NO,42.44,47.74,46.69,45.45,50.3,,1313,0.0,1879705,NO,NO,2024-09-20,17915700.0
4597,BYD,71.74,72.58,945202.0,Consumer Cyclical,Resorts & Casinos,6.0,8.0,6.0,7.0,1.5871,1.5496,930676.0,1110540.0,91.41,71.3,5212299264,NO,76.65,81.82,83.95,79.96,82.9,,8289,0.0,945202,NO,NO,2013-08-02,22654900.0
4598,AZO,2843.34,2803.25,652534.0,Retail trade,Specialty stores,6.0,36.0,17.0,6.0,70.9529,67.4479,296790.0,398860.0,4332.68,2766.22,45985337344,NO,2920.27,2986.76,3326.15,2960.46,3194.9,,8933,0.0,652534,NO,NO,2003-12-10,13666700.0
4599,BN,37.09,37.98,5547844.0,Finance,Investment managers,6.0,8.0,7.0,12.0,0.8071,0.7439,4132919.0,5220730.0,49.57,36.67,82797920256,NO,39.18,41.5,43.87,40.83,42.56,,10765,0.0,5562397,NO,NO,2008-11-21,57227626.0
4600,CBRS,205.24,212.41,3658587.0,Technology,Semiconductors,6.0,94.0,85.0,,12.0204,11.1239,7121830.0,5397650.0,386.34,160.81,48757645312,NO,192.17,201.74,,202.43,,,91,0.0,3667502,NO,NO,2026-05-14,33497900.0
4601,GLIBA,23.44,24.26,74083.0,Communication Services,Telecom Services,6.0,10.0,87.0,1.0,0.7706,0.7375,72674.0,40100.0,41.87,19.61,935373056,NO,25.87,24.9,30.73,25.05,27.83,,302,0.0,74083,NO,NO,2026-06-26,1105700.0
4602,WYFI,19.05,19.86,964757.0,Technology services,Data processing services,6.0,14.0,0.0,88.0,1.2747,1.1525,2542839.0,1273100.0,46.87,10.51,740056640,NO,18.73,22.8,21.54,21.66,22.45,,283,0.0,964757,NO,NO,2026-08-19,15781500.0
4603,GLOB,34.45,35.84,691192.0,Technology,Information Technology Services,6.0,6.0,89.0,3.0,1.8595,1.5886,1819406.0,1076990.0,72.1,27.56,1487535744,NO,38.43,36.93,46.19,36.97,39.0,,3063,0.0,691192,NO,NO,2025-05-16,11031600.0
4604,CDRE,26.7,26.63,507897.0,Industrials,Aerospace & Defense,6.0,1.0,30.0,5.0,1.1174,1.1131,398563.0,569640.0,48.76,25.73,1143313664,NO,28.78,30.62,34.36,30.48,30.75,,1224,0.0,507898,NO,NO,2022-06-10,3206400.0
4605,ATTO,18.52,21.3,689036.0,Healthcare,Biotechnology,6.0,8.0,,,2.8293,2.7886,432367.0,377100.0,28.0,16.15,845461440,YES,22.23,,,,,,34,0.0,689036,NO,NO,2026-08-05,4907300.0
4606,FCN,133.49,140.74,513619.0,Industrials,Consulting Services,6.0,5.0,16.0,3.0,3.8279,3.31,416541.0,477380.0,189.3,132.59,3685869312,NO,148.3,153.57,163.73,150.64,159.4,,7641,0.0,529590,NO,NO,2008-11-06,12389000.0
4607,JBTM,113.28,110.52,334958.0,Industrials,Specialty Industrial Machinery,6.0,42.0,9.0,8.0,3.1623,2.9727,603019.0,646670.0,170.19,109.22,5876605440,NO,114.71,123.15,137.06,120.94,127.95,,4571,2.29,334958,NO,NO,2025-01-03,3537200.0
4608,AON,281.6,290.82,1704896.0,Finance,Insurance brokers/Services,6.0,1.0,9.0,6.0,7.98,7.3014,1538438.0,2576670.0,382.34,281.18,59734523904,NO,317.72,342.52,334.65,334.99,330.47,,11671,0.0,1769768,NO,NO,2010-07-12,22718000.0
4609,EUM,15.47,15.37,32218.0,ETF,ETF,6.0,57.0,30.0,4.0,0.2307,0.1365,116771.0,61810.0,21.51,15.01,0,NO,15.7,16.04,17.46,15.89,16.76,,4751,0.0,32218,NO,NO,2015-08-27,2886300.0
4610,EFX,155.32,158.62,1475344.0,Industrials,Consulting Services,6.0,2.0,57.0,7.0,6.6711,5.8646,1504025.0,1587570.0,258.4,150.75,18247755776,NO,175.4,177.87,185.32,175.58,174.28,,11724,0.0,1525804,NO,NO,2017-09-14,34582400.0
4611,SAM,167.69,171.4,171425.0,Consumer non-durables,Beverages: alcoholic,6.0,10.0,16.0,3.0,6.2632,5.9961,285768.0,349950.0,264.46,158.68,1725811968,NO,173.59,178.63,202.06,178.54,196.31,,7758,0.0,175671,NO,NO,1995-11-21,3474200.0
4612,JMKE,18.2,19.18,3696373.0,Consumer Cyclical,Restaurants,6.0,1.0,,,1.2128,1.1251,4154100.0,4040340.0,24.99,17.7,4237582080,YES,20.94,,,,,,38,0.0,3696373,NO,NO,2026-07-30,36089100.0
4613,PGJ,22.19,22.41,18093.0,ETF,ETF,6.0,12.0,29.0,6.0,0.2707,0.1886,21568.0,19570.0,34.43,21.69,0,NO,22.98,23.95,26.36,23.77,24.85,,5480,0.0,18093,NO,NO,2007-11-08,4354500.0
4614,PII,52.94,54.41,771945.0,Consumer durables,Recreational products,6.0,2.0,3.0,13.0,2.3279,2.2324,842866.0,901390.0,77.98,47.14,3012472576,NO,59.62,65.88,64.56,63.74,63.27,,9828,0.0,771945,NO,NO,2010-11-10,11163800.0
4615,BHF,51.99,49.84,1474516.0,Financial Services,Insurance - Life,6.0,67.0,5.0,6.0,1.5128,1.3606,853403.0,1274890.0,66.8,44.51,2990026240,NO,51.59,57.06,61.38,55.56,59.95,,2309,4.09,1483800,NO,NO,2019-04-02,28621700.0
4616,SNN,26.82,27.69,1791835.0,Healthcare,Medical Devices,6.0,13.0,13.0,5.0,0.6075,0.5039,1712169.0,1348280.0,37.51,26.7,11224605696,NO,28.27,29.57,31.73,29.1,30.57,,6752,0.0,1794373,NO,NO,2014-05-28,6735055.0
4617,PAC,207.41,208.0,151043.0,Transportation,Other transportation,6.0,49.0,7.0,8.0,5.3182,5.2104,130065.0,120930.0,300.41,196.99,12341272576,NO,206.27,212.06,243.35,210.49,231.79,,5175,0.0,151043,NO,NO,2006-02-27,3042200.0
4618,BNT,37.08,38.04,6261.0,Financial Services,Insurance - Diversified,6.0,8.0,7.0,9.0,0.8676,0.7278,19698.0,21260.0,49.86,36.73,10173789184,NO,39.2,41.74,44.19,41.02,42.92,,1315,0.0,6261,NO,NO,2022-03-31,618150.0
4619,PBH,45.92,46.8,503898.0,Health technology,Pharmaceuticals: major,6.0,9.0,45.0,2.0,1.6846,1.6154,566606.0,717050.0,71.07,42.62,2175437824,NO,49.37,50.38,56.13,50.0,52.15,,5437,0.0,503898,NO,NO,2005-07-28,14748300.0
4620,RRR,50.9,50.3,2132152.0,Consumer services,Hotels/Resorts/Cruise lines,6.0,3.0,6.0,7.0,1.6894,1.6509,829726.0,1167110.0,68.99,47.78,5191175680,NO,55.33,60.22,59.66,58.68,58.4,,2616,0.0,2132213,NO,NO,2016-04-27,13630200.0
4621,TYYY,39.42,38.05,45.0,ETF,ETF,6.0,89.0,9.0,,0.8171,0.0029,149.0,110.0,49.8,32.15,0,NO,37.82,37.25,,36.7,,,88,0.0,100,NO,NO,2026-05-18,1500.0
4622,EFSCP,16.7,17.57,1725.0,Financial Services,Banks - Regional,5.0,3.0,6.0,6.0,0.3947,0.2891,2331.0,5340.0,24.08,16.51,0,NO,18.31,19.33,19.93,19.01,19.74,,1219,0.0,1725,NO,NO,2024-03-22,368800.0
4623,LKQ,23.43,23.2,2396296.0,Consumer Cyclical,Auto Parts,5.0,12.0,13.0,4.0,0.715,0.6946,3232646.0,3803420.0,37.13,21.17,5927838720,NO,24.4,24.78,28.47,24.62,26.79,,5777,0.0,2396312,NO,NO,2025-12-19,61632800.0
4624,AMTM,19.71,19.9,1115343.0,Electronic technology,Aerospace & defense,5.0,13.0,19.0,2.0,0.5629,0.5507,2101611.0,1835900.0,38.11,19.21,4819220992,NO,19.96,21.17,25.99,21.16,23.3,,500,0.0,1203183,NO,NO,2024-12-20,37788800.0
4625,KWEB,24.85,25.18,19918420.0,ETF,ETF,5.0,19.0,55.0,7.0,0.4289,0.2836,18514179.0,13165940.0,43.37,23.23,0,NO,25.29,26.56,29.66,26.38,27.21,,3305,0.0,19920418,YES,NO,2022-03-16,103268500.0
4626,BIOY,20.24,20.45,1315.0,ETF,ETF,5.0,32.0,9.0,,0.2396,0.1704,2241.0,2120.0,25.28,20.07,0,NO,20.86,21.19,,20.86,,,97,0.0,1315,NO,NO,2026-07-07,10300.0
4627,JEF,46.98,47.85,1468561.0,Financial Services,Capital Markets,5.0,9.0,4.0,76.0,1.8571,1.7864,2162049.0,2750610.0,69.93,35.53,9555355648,NO,51.61,53.72,53.21,52.97,50.42,,11724,0.0,1468561,NO,NO,2019-09-25,71883165.0
4628,SARO,22.58,22.88,3120454.0,Transportation,Other transportation,5.0,10.0,6.0,6.0,0.7041,0.6856,3571353.0,4128910.0,34.48,22.29,7472160768,NO,23.96,26.36,27.66,25.89,26.44,,494,0.0,3157970,NO,NO,2024-10-02,27287300.0
4629,AVL,36.62,38.65,1218968.0,ETF,ETF,5.0,33.0,5.0,40.0,2.3801,1.8016,768580.0,1243760.0,80.21,28.95,0,NO,37.9,42.76,45.57,42.12,45.97,,489,0.0,1218968,NO,NO,2026-09-03,5195000.0
4630,FNF,41.85,42.46,1974578.0,Financial Services,Insurance - Specialty,5.0,7.0,9.0,12.0,1.1221,1.0407,1909053.0,2961340.0,58.57,41.82,11223869440,NO,44.97,48.11,50.1,47.2,47.96,,5266,0.0,1974578,NO,NO,2014-06-30,83380395.0
4631,PPC,27.63,29.48,1705458.0,Process industries,Agricultural commodities/Milling,5.0,5.0,45.0,4.0,0.9336,0.9018,1552188.0,1403420.0,44.84,25.9,6578938368,NO,30.39,29.34,34.04,29.35,31.0,,9755,0.0,1705458,NO,NO,2008-12-02,25870400.0
4632,AN,165.05,168.76,449735.0,Retail trade,Specialty stores,5.0,3.0,8.0,7.0,8.2229,8.2086,470852.0,751620.0,235.81,164.7,5456686080,NO,196.69,203.22,200.71,198.82,195.76,,9157,0.0,463552,NO,NO,2003-02-21,38291000.0
4633,SDOW,25.15,24.64,3207425.0,ETF,ETF,5.0,93.0,44.0,2.0,0.7272,0.5468,3656731.0,4079610.0,38.37,21.13,0,NO,23.82,23.56,28.18,23.6,27.28,,4178,1.06,3211899,NO,NO,2025-04-07,19075600.0
4634,NFX,20.91,22.15,680.0,ETF,ETF,5.0,1.0,,,1.2551,0.1637,990.0,900.0,28.57,18.56,0,NO,25.44,24.15,,23.88,,,55,0.0,680,NO,NO,2026-07-07,9600.0
4635,EXP,178.34,179.14,458742.0,Basic Materials,Building Materials,5.0,5.0,5.0,22.0,4.7007,4.5479,446726.0,499640.0,245.53,171.99,5470637056,NO,188.28,200.83,209.15,198.06,202.52,,8166,0.0,458742,NO,NO,2013-04-30,6959300.0
4636,XSHP,18.35,18.66,10982.0,ETF,ETF,5.0,91.0,,,0.6839,0.6554,15342.0,14370.0,26.4,13.16,0,NO,18.09,16.63,,16.95,,,67,0.0,10982,NO,NO,2026-06-17,143900.0
4637,PEG,67.31,69.31,3538226.0,Utilities,Electric utilities,5.0,17.0,6.0,5.0,1.1957,1.0821,2981904.0,3481720.0,87.63,67.13,33548650496,NO,72.11,74.99,79.35,73.72,78.23,,11776,0.0,3538226,NO,NO,1988-02-29,80302600.0
4638,TYD,20.52,21.46,50043.0,ETF,ETF,5.0,12.0,9.0,5.0,0.3143,0.2039,20357.0,25860.0,26.82,20.41,0,NO,21.93,22.48,24.2,22.14,23.46,,4386,0.0,50043,NO,NO,2011-07-01,1149800.0
4639,PRVA,19.1,19.54,872117.0,Finance,Life/Health insurance,5.0,11.0,5.0,8.0,0.6235,0.5953,1251407.0,1321290.0,28.82,18.98,2439723520,NO,20.46,22.45,23.04,21.56,22.81,,1357,0.0,872117,NO,NO,2023-06-13,21691600.0
4640,HERZ,15.7,15.75,15614.0,Financial Services,Asset Management,5.0,62.0,22.0,28.0,0.4839,0.4582,29888.0,19650.0,28.3,13.71,31678282,NO,16.01,16.12,17.85,16.03,16.56,,8139,0.0,15614,NO,NO,2014-12-17,2520623.0
4641,NEN,52.0,51.0,1503.0,Real Estate,Real Estate Services,5.0,21.0,10.0,6.0,1.6586,1.2121,838.0,1140.0,73.5,50.51,180326528,NO,54.41,55.62,60.24,55.25,58.15,,9782,0.0,1503,NO,NO,2006-07-07,229800.0
4642,EVER,17.63,22.83,2638094.0,Communication Services,Internet Content & Information,5.0,0.0,7.0,56.0,1.3808,1.1097,722938.0,1003140.0,28.73,13.88,621276800,NO,24.17,24.84,21.25,24.09,20.54,,2069,0.0,2638094,NO,NO,2026-05-05,6856600.0
4643,HLI,129.94,132.61,513114.0,Financial Services,Capital Markets,5.0,77.0,15.0,11.0,4.2423,4.0073,906231.0,1008880.0,211.13,112.83,9081051136,NO,133.35,132.94,151.52,131.97,140.79,,2793,0.0,513189,NO,NO,2023-12-15,7795500.0
4644,HRL,19.92,20.46,4537983.0,Consumer Defensive,Packaged Foods,5.0,3.0,5.0,8.0,0.4225,0.4039,4516536.0,4603410.0,26.6,19.7,10962988032,NO,21.38,23.51,23.32,22.82,22.88,,11724,0.0,4548147,NO,NO,2009-03-03,48811200.0
4645,LEN,81.52,78.08,5857947.0,Consumer durables,Homebuilding,5.0,21.0,17.0,7.0,2.8457,2.3957,2987607.0,5819670.0,133.76,75.7,19637770240,NO,81.88,83.98,95.82,83.65,87.8,,11724,0.0,5862645,NO,NO,2009-01-09,61237411.0
4646,CRI,29.77,30.69,1254970.0,Consumer Cyclical,Apparel Retail,5.0,3.0,1.0,6.0,1.3157,1.2964,1216812.0,1860400.0,44.44,27.15,1092891904,NO,31.6,35.72,36.38,34.87,36.59,,5761,0.0,1254971,NO,NO,2009-10-27,14202000.0
4647,BFAM,66.51,63.28,1198024.0,Commercial services,Miscellaneous commercial services,5.0,12.0,53.0,6.0,2.695,2.4543,867950.0,1215680.0,109.86,57.63,3234734080,NO,69.27,72.48,78.87,71.02,72.89,,3435,2.83,1198024,NO,NO,2026-05-13,10150700.0
4648,BKE,41.44,40.79,419119.0,Consumer Cyclical,Apparel Retail,5.0,26.0,18.0,5.0,1.0821,1.0164,496152.0,573120.0,60.55,39.44,2134675072,NO,41.79,43.16,48.91,42.91,46.71,,8653,0.0,420071,NO,NO,2009-08-06,7450123.0
4649,STZ,116.57,118.39,1484744.0,Consumer non-durables,Beverages: alcoholic,5.0,5.0,5.0,3.0,3.4036,3.325,2200914.0,2643160.0,168.6,115.5,19910664192,NO,125.81,129.99,144.47,128.78,141.14,,8690,0.0,1484744,NO,NO,2013-02-14,50293100.0
4650,YINN,25.81,27.3,1660730.0,ETF,ETF,5.0,6.0,84.0,4.0,1.1791,0.6656,1309442.0,1202280.0,57.71,20.69,0,NO,27.8,28.91,34.49,28.9,29.99,,4226,0.0,1660730,NO,NO,2024-10-08,59687000.0
4651,AVGC,21.23,22.31,1023.0,ETF,ETF,5.0,12.0,,,1.1447,0.6547,1740.0,2470.0,31.79,19.34,0,NO,21.91,24.88,,24.42,,,59,0.0,1023,NO,NO,2026-09-03,19500.0
4652,LCII,85.03,86.95,252496.0,Producer manufacturing,Miscellaneous manufacturing,5.0,3.0,15.0,2.0,3.1901,3.1658,418811.0,354450.0,159.66,84.33,2067207552,NO,95.46,101.48,116.77,98.98,107.64,,10409,0.0,252496,NO,NO,2026-06-30,3143200.0
4653,SPXC,173.6,181.19,644358.0,Industrials,Building Products & Equipment,5.0,3.0,2.0,8.0,6.5329,5.7,649650.0,660240.0,251.08,172.55,8694905856,NO,190.41,203.86,213.14,202.22,210.04,,11724,0.0,644358,NO,NO,2004-02-27,64421533.0
4654,NFLX,71.36,72.16,32373153.0,Communication Services,Entertainment,5.0,8.0,42.0,3.0,2.3557,1.9507,39004992.0,36324380.0,124.86,65.08,297138716672,NO,77.67,75.64,84.98,75.42,83.34,,6123,0.0,32606518,YES,NO,2004-10-15,3234140000.0
4655,BBWI,17.02,16.91,6311249.0,Retail trade,Specialty stores,5.0,6.0,6.0,10.0,0.8871,0.8071,5966688.0,6777260.0,27.4,14.28,3432003328,NO,18.09,19.19,20.02,19.1,19.36,,11208,0.53,6311249,NO,NO,2020-04-22,61636370.0
4656,LOW,191.36,190.98,2915403.0,Consumer Cyclical,Home Improvement Retail,5.0,8.0,11.0,4.0,4.0229,3.9257,3052298.0,3288500.0,293.06,188.22,107363295232,NO,199.97,208.27,233.99,206.65,220.56,,11724,0.0,2934348,NO,NO,1992-08-14,63788800.0
4657,LFGY,20.46,20.93,19346.0,ETF,ETF,5.0,82.0,12.0,12.0,0.7,0.5802,42800.0,36610.0,38.78,18.36,0,NO,20.12,19.88,22.46,19.97,21.35,,424,0.0,19546,NO,NO,2026-03-17,743000.0
4658,SEDG,33.35,35.61,3269922.0,Producer manufacturing,Electrical products,5.0,92.0,1.0,2.0,2.8481,2.7889,3095520.0,3699180.0,81.25,28.21,2051883648,NO,34.13,37.55,42.11,34.71,45.84,,2890,0.0,3269922,NO,NO,2025-06-17,33137600.0
4659,XSEM,20.17,20.04,4560.0,ETF,ETF,5.0,95.0,8.0,,0.7027,0.2477,2365.0,2840.0,27.23,15.0,0,NO,17.87,18.33,,18.5,,,77,0.0,4560,NO,NO,2026-06-08,11100.0
4660,BHDG,20.88,20.66,7.0,ETF,ETF,5.0,14.0,6.0,,0.4914,0.075,6538.0,3120.0,26.67,20.51,0,NO,22.3,23.15,,22.88,,,129,0.0,7,NO,NO,2026-06-05,457500.0
4661,FLY,21.9,22.825,2077754.0,Industrials,Aerospace & Defense,5.0,9.0,5.0,10.0,1.4478,1.3656,3518512.0,3157760.0,62.17,16.0,3666161664,NO,21.49,22.21,27.73,22.48,29.03,,283,0.0,2077856,NO,NO,2025-08-07,30556600.0
4662,TXXS,33.54,38.507,18131.0,ETF,ETF,5.0,97.0,96.0,1.0,3.6958,1.6723,8858.0,11920.0,307.0,17.75,0,NO,23.66,22.41,70.11,22.93,34.45,,200,0.0,18131,NO,NO,2026-07-27,36100.0
4663,GIL,46.19,46.16,1040792.0,Consumer Cyclical,Apparel Manufacturing,5.0,2.0,9.0,4.0,1.5829,1.5236,1273796.0,1279220.0,73.7,45.52,8554010624,NO,50.0,52.84,58.62,52.38,55.45,,7108,0.0,1040792,NO,NO,2008-04-29,31436000.0
4664,BOT,28.39,29.38,173652.0,Financial Services,Asset Management,5.0,87.0,23.0,,1.4987,1.4098,470153.0,231040.0,59.0,19.2,691209664,NO,27.21,28.2,,27.8,,,93,0.0,173709,NO,NO,2026-05-15,1982600.0
4665,RIOX,35.36,33.88,141144.0,ETF,ETF,5.0,98.0,0.0,95.0,3.4964,3.1007,278090.0,311610.0,153.75,12.96,0,NO,26.9,28.09,34.79,28.53,34.55,,430,3.48,141151,NO,NO,2026-08-11,1012500.0
4666,OZ,44.3,44.67,14079.0,Finance,Real estate development,5.0,15.0,20.0,6.0,0.5363,0.5127,9147.0,13440.0,69.0,42.59,179576992,NO,47.37,46.85,50.74,46.61,48.35,,1237,0.0,14079,NO,NO,2021-12-31,514800.0
4667,FND,47.39,47.25,2945845.0,Consumer Cyclical,Home Improvement Retail,5.0,6.0,15.0,9.0,1.863,1.7626,2495385.0,2657840.0,82.16,42.64,5046559744,NO,48.99,53.8,57.16,53.21,52.85,,2364,0.0,2945845,NO,NO,2023-10-19,19517800.0
4668,PL,16.38,16.91,7511062.0,Technology services,Packaged software,5.0,1.0,1.0,0.0,1.0575,1.0393,9417553.0,10167250.0,51.76,10.52,5959830016,NO,17.9,20.64,27.27,19.92,29.0,,1360,0.0,7511062,NO,NO,2025-06-05,68278500.0
4669,CCI,70.23,73.22,2859774.0,Real Estate,REIT - Specialty,5.0,18.0,6.0,6.0,2.06,1.9171,3793461.0,3889400.0,100.5,69.72,30690510848,NO,74.75,75.53,83.89,74.92,82.34,,7067,0.0,2871208,NO,NO,2012-03-13,49940000.0
4670,AVAV,155.94,160.9,1179545.0,Industrials,Aerospace & Defense,5.0,45.0,72.0,3.0,9.3764,8.9614,1952801.0,3207990.0,417.86,135.2,7924980736,NO,150.73,158.02,205.84,159.38,173.3,,4948,0.0,1179545,NO,NO,2026-03-02,13461900.0
4671,PINS,18.45,19.36,14736556.0,Technology services,Internet software/Services,5.0,1.0,20.0,21.0,0.8661,0.7776,12551595.0,18954370.0,35.42,13.84,10448476160,NO,20.33,22.2,21.55,21.7,20.61,,1867,0.0,14736556,YES,NO,2020-10-29,128101800.0
4672,TZA,45.36,44.19,4336963.0,ETF,ETF,5.0,96.0,86.0,1.0,1.5318,1.3496,9251006.0,4742630.0,95.4,36.33,0,NO,41.95,40.39,53.25,40.88,48.51,,4486,0.0,4336963,NO,NO,2026-05-19,47314710.0
4673,USLV,15.81,16.46,207375.0,ETF,ETF,4.0,4.0,61.0,,0.8993,0.5629,143071.0,123380.0,24.49,11.97,0,NO,16.52,15.51,,15.94,,,82,0.0,207386,NO,NO,2026-07-22,888300.0
4674,LIFT,21.76,21.755,108.0,ETF,ETF,4.0,45.0,15.0,5.0,0.0861,0.0232,917.0,1360.0,31.18,21.67,0,NO,22.08,22.65,25.48,22.44,24.2,,249,0.0,200,NO,NO,2026-01-02,20000.0
4675,EIX,53.51,54.95,3469498.0,Utilities,Utilities - Regulated Electric,4.0,0.0,2.0,3.0,2.02,1.9036,4300119.0,4970930.0,81.62,52.0,20591394816,NO,59.42,68.32,68.35,65.65,70.01,,13460,0.0,3684787,NO,NO,1988-06-27,197825400.0
4676,PXED,26.15,26.44,72278.0,Consumer Defensive,Education & Training Services,4.0,15.0,7.0,10.0,0.9829,0.9729,113258.0,78940.0,47.08,23.52,942638848,NO,27.91,28.52,29.98,27.93,29.43,,239,0.0,72278,NO,NO,2025-10-09,3557600.0
4677,UPBD,15.99,16.89,976642.0,Finance,Finance/Rental/Leasing,4.0,4.0,7.0,6.0,0.5936,0.5618,992593.0,856930.0,25.41,15.82,932207488,NO,18.25,19.47,19.14,18.77,18.93,,7967,0.0,977886,NO,NO,2018-12-18,35802200.0
4678,CYD,34.6,35.04,62608.0,Consumer Cyclical,Auto Manufacturers,4.0,6.0,2.0,6.0,1.3764,1.3364,138631.0,124500.0,61.48,28.65,0,NO,36.73,41.94,44.08,40.61,43.93,,7993,0.0,62608,NO,NO,2003-11-12,10089300.0
4679,HROW,33.6,33.92,347957.0,Healthcare,Drug Manufacturers - Specialty & Generic,4.0,2.0,4.0,26.0,1.4746,1.4511,598815.0,689810.0,54.85,28.54,1259591680,NO,36.43,38.99,40.99,37.56,37.73,,4775,0.0,347957,NO,NO,2017-10-19,23716800.0
4680,SHAK,58.47,56.96,1507237.0,Consumer services,Restaurants,4.0,1.0,80.0,1.0,3.0129,2.915,1637987.0,1439680.0,107.46,51.6,2501435648,NO,64.55,65.58,77.85,65.79,71.92,,2928,1.11,1507237,NO,NO,2015-01-30,16264900.0
4681,SOFI,16.55,17.16,55614589.0,Financial Services,Credit Services,4.0,11.0,23.0,26.0,0.635,0.6039,63661439.0,47912810.0,32.73,14.88,21375488000,NO,17.57,17.62,19.33,17.55,17.28,,1437,0.0,55923418,YES,NO,2024-01-29,286380900.0
4682,BKNG,155.9,164.22,13732231.0,Consumer Cyclical,Travel Services,4.0,0.0,8.0,9.0,7.0396,6.4961,6845253.0,9482990.0,225.0,150.14,117140209664,NO,182.35,192.17,184.37,190.31,178.35,,6913,0.0,13792790,YES,NO,2003-11-05,395902500.0
4683,LRNX,20.34,20.68,6.0,ETF,ETF,4.0,7.0,,,0.5807,0.1279,298.0,160.0,33.55,20.34,0,NO,23.37,24.32,,23.21,,,62,0.0,100,NO,NO,2026-06-24,9600.0
4684,KGRN,21.58,21.77,3950.0,ETF,ETF,4.0,10.0,12.0,2.0,0.3156,0.2885,13673.0,12050.0,32.95,21.52,0,NO,22.46,23.35,26.43,23.16,25.67,,2246,0.0,3950,NO,NO,2023-04-06,587900.0
4685,HSAI,16.31,17.37,1309305.0,Consumer Cyclical,Auto Parts,4.0,4.0,61.0,2.0,0.7869,0.6165,1691204.0,1131190.0,30.15,14.29,20503914496,NO,17.3,17.17,21.03,17.45,19.16,,907,0.0,1309310,NO,NO,2024-11-26,36501600.0
4686,CDNL,28.68,31.52,455692.0,Industrials,Engineering & Construction,4.0,0.0,0.0,6.0,2.4646,2.321,779812.0,635800.0,96.4,21.98,585892544,NO,35.46,48.55,,44.18,51.2,,196,0.0,455695,NO,NO,2026-08-11,3665600.0
4687,TSCO,32.29,32.33,10446699.0,Retail trade,Specialty stores,4.0,15.0,81.0,2.0,1.0657,1.0429,10669000.0,9969620.0,58.28,28.36,16824386560,NO,33.95,33.27,40.76,33.44,35.55,,8202,0.0,10446699,YES,NO,1994-02-18,199352000.0
4688,FN,400.85,401.57,566686.0,Technology,Electronic Components,4.0,14.0,1.0,2.0,18.4371,14.765,976547.0,777060.0,748.89,354.41,14364405760,NO,405.21,459.33,534.5,450.65,545.81,,4085,0.0,566686,NO,NO,2024-09-20,7225100.0
4689,WSC,17.9,18.1,3935988.0,Finance,Finance/Rental/Leasing,4.0,2.0,1.0,26.0,0.6604,0.6519,2583312.0,2576180.0,29.77,14.91,3243318016,NO,19.38,22.65,22.33,21.67,22.83,,2734,0.0,3935988,NO,NO,2025-03-21,35465200.0
4690,LAZ,36.82,36.48,1551086.0,Finance,Investment banks/Brokers,4.0,3.0,9.0,10.0,2.0464,1.98,1754138.0,2501260.0,58.75,35.16,3588130304,NO,41.05,42.51,46.21,42.2,43.48,,5379,0.0,1557086,NO,NO,2005-05-05,34955500.0
4691,XPAV,21.17,20.86,109.0,ETF,ETF,4.0,7.0,4.0,,0.3629,0.0071,101.0,110.0,27.4,20.74,0,NO,22.04,23.7,,23.42,,,76,0.0,100,NO,NO,2026-06-03,9600.0
4692,REXC,16.71,16.81,1109212.0,ETF,ETF,4.0,6.0,5.0,,0.5121,0.3736,143823.0,105480.0,25.39,14.64,0,NO,17.39,17.4,,17.41,,,111,0.0,1109212,NO,NO,2026-08-05,1321100.0
4693,PRKS,32.81,34.01,567667.0,Consumer services,Movies/Entertainment,4.0,0.0,2.0,37.0,1.6071,1.4979,678644.0,886710.0,55.71,28.77,1487648384,NO,38.61,42.62,38.62,41.12,39.52,,3377,0.0,568134,NO,NO,2014-08-13,41554100.0
4694,TEST,38.14,37.141,169.0,ETF,ETF,4.0,82.0,7.0,6.0,0.7036,0.192,1907.0,2240.0,57.74,33.4,0,NO,37.47,37.57,44.99,36.8,41.87,,210,0.0,3900,NO,NO,2025-12-08,21500.0
4695,SRTY,25.55,24.9,1341464.0,ETF,ETF,4.0,96.0,85.0,1.0,0.8575,0.7496,1667715.0,1477290.0,54.57,20.48,0,NO,23.64,22.76,30.09,23.05,27.37,,4178,0.0,1341464,NO,NO,2026-06-12,11465600.0
4696,UVV,42.81,43.31,340811.0,Consumer Defensive,Tobacco,4.0,29.0,5.0,5.0,0.8882,0.8825,302568.0,371640.0,59.38,42.76,1065937152,NO,45.2,48.08,52.08,47.05,51.01,,13510,0.0,340812,NO,NO,2024-03-15,3903100.0
4697,STAA,19.8,20.32,845936.0,Healthcare,Medical Instruments & Supplies,4.0,5.0,2.0,47.0,1.0421,1.0336,992846.0,1297870.0,35.87,15.59,992850816,NO,22.54,23.78,23.8,23.01,24.91,,8706,0.0,845936,NO,NO,2025-08-05,40320100.0
4698,SDS,53.68,53.5,2853412.0,ETF,ETF,4.0,56.0,12.0,2.0,1.0118,0.7525,2584849.0,3020370.0,80.5,52.54,0,NO,54.81,55.3,62.76,54.86,60.51,,5080,0.0,2853412,NO,NO,2025-11-26,12628000.0
4699,AORT,23.53,23.63,490808.0,Health technology,Medical specialties,4.0,3.0,86.0,1.0,1.0686,1.0686,717253.0,768930.0,48.25,19.16,1147233920,NO,25.42,26.23,32.57,26.08,27.97,,8459,0.0,503879,NO,NO,2002-09-06,8525000.0
4700,PENU,20.72,21.53,6373.0,ETF,ETF,4.0,50.0,,,1.4064,0.815,8684.0,4000.0,33.9,15.97,0,NO,18.82,,,,,,33,0.0,6373,NO,NO,2026-08-19,40300.0
4701,HDB,22.79,23.65,11224443.0,Financial Services,Banks - Regional,4.0,39.0,13.0,8.0,0.6121,0.4875,9451863.0,10767620.0,37.45,21.77,117114626048,NO,22.88,23.47,27.58,23.33,24.86,,6330,0.0,11224494,YES,NO,2007-07-18,44294000.0
4702,LHX,239.21,246.93,1325175.0,Industrials,Aerospace & Defense,4.0,9.0,5.0,2.0,5.6036,5.1736,1589861.0,1785190.0,379.23,239.0,44544401408,NO,254.65,272.84,312.44,267.38,303.09,,11271,0.0,1329631,NO,NO,2008-09-19,19579805.0
4703,ULS,65.38,66.32,690399.0,Commercial services,Miscellaneous commercial services,4.0,6.0,2.0,3.0,2.0095,1.967,1001482.0,1150580.0,107.54,63.17,13200102400,NO,70.83,77.99,83.89,75.67,86.27,,613,0.0,690399,NO,NO,2024-04-12,14953800.0
4704,SRZN,16.16,16.53,115520.0,Healthcare,Biotechnology,4.0,0.0,1.0,1.0,1.3475,1.3361,218861.0,176930.0,35.0,11.39,189937488,NO,20.18,21.55,24.26,21.24,24.71,,1431,0.0,115520,NO,NO,2026-01-26,1339100.0
4705,ASTE,41.38,41.67,180658.0,Industrials,Farm & Heavy Construction Machinery,4.0,29.0,2.0,4.0,1.3779,1.3286,238285.0,234050.0,65.69,39.99,951435072,NO,42.24,46.37,51.67,45.0,51.64,,10143,0.0,180658,NO,NO,2006-02-28,2686500.0
4706,ENPH,33.07,34.42,5496433.0,Technology,Solar,4.0,8.0,1.0,4.0,1.9271,1.8643,4751779.0,4365170.0,73.74,25.78,4370023424,NO,36.28,38.1,41.21,37.29,42.3,,3641,0.0,5499585,NO,NO,2020-06-17,55172900.0
4707,KBH,47.15,48.59,4244375.0,Consumer Cyclical,Residential Construction,4.0,4.0,3.0,8.0,1.7429,1.66,1231885.0,2146880.0,67.57,44.03,2890753792,NO,50.58,54.09,55.65,53.23,53.22,,10113,0.0,4244375,NO,NO,2015-01-13,35023100.0
4708,RH,124.59,127.2,863593.0,Retail trade,Specialty stores,4.0,2.0,10.0,16.0,7.0734,7.0291,808076.0,1083340.0,239.4,106.3,2358882304,NO,138.03,161.34,161.4,155.38,146.72,,3491,0.0,866056,NO,NO,2016-06-09,29946300.0
4709,DISK,40.11,40.4,79840.0,ETF,ETF,4.0,89.0,,,1.5686,1.1436,320476.0,146170.0,50.46,28.35,0,NO,37.66,36.41,,36.93,,,59,0.0,79849,NO,NO,2026-07-29,1376500.0
4710,XLUX,20.34,21.26,207.0,ETF,ETF,4.0,5.0,3.0,,0.4037,0.124,504.0,490.0,27.77,20.34,0,NO,22.82,24.46,,23.79,,,77,0.0,207,NO,NO,2026-06-03,9700.0
4711,RM,30.72,31.5,63887.0,Finance,Finance/Rental/Leasing,4.0,10.0,4.0,13.0,0.8929,0.8264,89390.0,70240.0,44.3,30.46,283416384,NO,32.48,35.03,36.13,33.57,35.5,,3642,0.0,63887,NO,NO,2014-10-31,2797700.0
4712,SARK,23.59,23.308,139508.0,ETF,ETF,4.0,30.0,6.0,2.0,0.66,0.5118,148584.0,140330.0,35.67,22.96,0,NO,24.8,26.62,28.94,26.15,28.42,,1221,0.0,139512,NO,NO,2023-03-13,3684533.0
4713,AMSC,31.05,31.24,876893.0,Producer manufacturing,Electrical products,4.0,91.0,3.0,17.0,1.2673,1.0445,749907.0,730520.0,70.49,24.87,1504128512,NO,29.24,30.59,35.74,30.34,37.36,,8756,0.0,876901,NO,NO,2023-08-01,48611100.0
4714,UPW,18.24,19.12,26286.0,ETF,ETF,4.0,5.0,3.0,3.0,0.6078,0.4875,18765.0,17280.0,26.8,18.15,0,NO,20.51,21.92,23.19,21.33,23.24,,4941,0.0,26286,NO,NO,2011-01-25,2851200.0
4715,AMRC,22.73,24.08,387771.0,Industrial services,Engineering & construction,4.0,90.0,5.0,5.0,1.2461,1.1257,665661.0,680380.0,44.93,18.38,1206194944,NO,22.85,23.49,27.92,23.31,26.31,,4067,0.0,399775,NO,NO,2023-11-07,3625600.0
4716,SGI,62.87,63.36,3093363.0,Consumer durables,Home furnishings,4.0,44.0,7.0,5.0,2.4668,2.1939,3157034.0,3348400.0,98.56,60.39,13225677824,NO,65.62,67.06,77.6,66.01,71.26,,5725,0.0,3093363,NO,NO,2012-06-06,167095200.0
4717,POST,75.81,75.26,790477.0,Consumer non-durables,Food: specialty/candy,4.0,24.0,7.0,3.0,2.165,2.0757,984000.0,1120390.0,117.28,74.59,3435905024,NO,80.72,83.8,95.17,82.5,91.7,,3684,0.0,790477,NO,NO,2014-08-08,19394598.0
4718,REZI,18.68,18.81,1490467.0,Distribution services,Electronics distributors,4.0,15.0,9.0,3.0,0.6525,0.6346,2567266.0,2563940.0,31.52,18.18,2836508928,NO,19.22,21.93,23.71,21.04,22.83,,1984,0.0,1503923,NO,NO,2018-10-29,43724318.0
4719,TTAN,61.65,56.53,1990967.0,Technology services,Packaged software,4.0,0.0,25.0,10.0,5.4602,4.1004,2378792.0,6899030.0,111.36,53.0,5947246592,NO,75.22,80.26,76.8,78.38,71.31,,444,0.0,1990967,NO,NO,2026-09-09,22950500.0
4720,BEPC,29.22,29.95,1263554.0,Utilities,Electric utilities,4.0,7.0,3.0,3.0,0.8289,0.79,1722361.0,1903970.0,45.18,29.02,5424486400,NO,31.14,32.74,37.73,32.33,36.33,,1548,0.0,1263554,NO,NO,2021-06-25,15446300.0
4721,SFD,18.93,19.86,2605863.0,Consumer non-durables,Food: meat/fish/dairy,4.0,4.0,3.0,4.0,0.5912,0.4833,1614311.0,2636780.0,29.8,18.91,7454017536,NO,21.03,23.28,24.55,22.56,24.91,,415,0.0,2605863,NO,NO,2025-01-28,12165200.0
4722,KMPR,25.85,26.55,693835.0,Finance,Property/Casualty insurance,4.0,32.0,38.0,5.0,1.02,0.9061,1024595.0,934240.0,52.25,22.69,1521898880,NO,27.48,27.83,31.44,27.57,28.7,,9171,0.0,693835,NO,NO,2026-03-20,10970500.0
4723,LRCC,16.79,16.36,2449.0,ETF,ETF,3.0,15.0,,,1.1167,0.566,3614.0,8170.0,27.13,12.38,0,NO,16.08,17.67,,17.37,,,55,1.47,2449,NO,NO,2026-09-18,25400.0
4724,SMHC,47.85,48.94,8294.0,ETF,ETF,3.0,76.0,,,0.9857,0.3529,132920.0,26030.0,68.69,42.79,0,NO,46.24,48.33,,47.51,,,63,0.0,8294,NO,NO,2026-06-29,2809100.0
4725,TSLQ,16.97,17.09,4795955.0,ETF,ETF,3.0,2.0,4.0,2.0,1.3226,1.0709,6105249.0,5713540.0,29.76,14.78,0,NO,18.86,21.53,20.57,21.44,21.07,,1053,0.0,4795955,NO,NO,2025-09-15,35040967.0
4726,BOEU,27.29,27.856,206233.0,ETF,ETF,3.0,4.0,5.0,8.0,1.4354,1.3386,33303.0,66800.0,51.88,26.38,0,NO,29.72,32.71,37.17,31.98,34.68,,356,0.0,206233,NO,NO,2026-05-14,274700.0
4727,CARX,20.11,22.73,273.0,ETF,ETF,3.0,0.0,,,1.3141,0.0284,341.0,130.0,29.92,20.11,0,NO,26.13,25.67,,25.25,,,63,0.0,273,NO,NO,2026-06-24,9400.0
4728,TRUP,22.88,25.0,360009.0,Finance,Multi-line insurance,3.0,0.0,31.0,7.0,1.1957,1.0243,464747.0,466190.0,46.98,21.16,1003805312,NO,27.03,27.2,28.07,26.74,25.54,,3063,0.0,360009,NO,NO,2023-05-05,7566700.0
4729,ROAD,93.44,94.46,559150.0,Industrial services,Engineering & construction,3.0,3.0,3.0,5.0,3.4162,3.1925,884036.0,553100.0,151.0,91.5,5303239168,NO,101.26,105.91,114.25,106.23,112.36,,2107,0.0,559180,NO,NO,2026-07-21,8955200.0
4730,SITE,93.77,91.32,550264.0,Industrials,Industrial Distribution,3.0,49.0,10.0,2.0,3.3411,3.1447,888984.0,1293210.0,168.56,86.2,4093565952,NO,94.57,97.6,121.43,96.67,112.82,,2605,2.62,550264,NO,NO,2016-05-12,6437000.0
4731,RGTI,16.0,16.52,27093357.0,Electronic technology,Computer processing hardware,3.0,47.0,5.0,36.0,0.9277,0.8541,19977893.0,15559230.0,58.15,12.53,5341968384,NO,15.57,15.97,18.7,16.16,17.48,,1362,0.0,27144180,YES,NO,2025-01-15,390256100.0
4732,FOUR,38.46,39.37,2441612.0,Technology,Software - Infrastructure,3.0,2.0,43.0,7.0,2.628,2.588,1756661.0,2253260.0,85.0,34.56,3036806144,NO,42.96,46.48,50.14,44.83,44.78,,1582,0.0,2441612,NO,NO,2025-08-05,12672900.0
4733,LITU,19.85,20.55,37914.0,ETF,ETF,3.0,92.0,32.0,,2.37,2.0564,131634.0,90960.0,34.1,9.53,0,NO,19.34,18.0,,18.58,,,85,0.0,37914,NO,NO,2026-08-10,278000.0
4734,PSN,43.82,45.33,830662.0,Technology,Information Technology Services,3.0,9.0,11.0,6.0,1.4999,1.4081,1403915.0,1241300.0,89.5,36.26,4680212480,NO,46.75,49.1,56.83,47.84,52.41,,1854,0.0,890767,NO,NO,2019-05-08,14797300.0
4735,SKUU,29.96,31.97,1403865.0,ETF,ETF,3.0,98.0,,,3.1057,2.3178,6665700.0,2431360.0,38.8,14.66,0,NO,26.88,23.86,,24.63,,,51,0.0,1406743,NO,NO,2026-07-29,29148900.0
4736,DFEN,52.15,53.9,294463.0,ETF,ETF,3.0,0.0,2.0,3.0,2.6831,2.5574,203600.0,318490.0,97.75,50.28,0,NO,59.21,70.56,72.57,68.77,69.91,,2360,0.0,294966,NO,NO,2020-11-09,12407400.0
4737,ROOT,46.76,49.78,251262.0,Finance,Insurance brokers/Services,3.0,3.0,11.0,36.0,2.3634,2.1987,246000.0,217980.0,99.36,40.91,724464448,NO,53.77,55.12,58.02,53.39,53.1,,1481,0.0,251412,NO,NO,2024-10-31,13509200.0
4738,SK,29.75,29.74,160849.0,ETF,ETF,3.0,97.0,,,2.9257,2.1893,653882.0,268710.0,38.6,14.64,0,NO,26.28,23.96,,24.57,,,50,0.0,160849,NO,NO,2026-07-29,4930300.0
4739,UPLT,23.95,25.7,2656.0,ETF,ETF,3.0,3.0,56.0,,1.2023,0.5408,1598.0,1610.0,42.12,20.59,0,NO,25.82,24.61,,25.03,,,107,0.0,2656,NO,NO,2026-08-25,15400.0
4740,SKHX,17.84,19.04,1504833.0,ETF,ETF,3.0,98.0,,,1.8484,1.3941,4585522.0,1941710.0,23.27,8.8,0,NO,16.04,14.29,,14.74,,,51,0.0,1504833,NO,NO,2026-07-29,25873300.0
4741,EVR,259.89,269.01,496385.0,Financial Services,Capital Markets,3.0,8.0,2.0,11.0,8.8093,8.3014,495633.0,513240.0,388.71,258.61,9994791936,NO,281.5,303.65,327.87,295.71,317.55,,5058,0.0,496385,NO,NO,2018-03-23,7295000.0
4742,XENE,36.56,38.99,3172335.0,Healthcare,Biotechnology,3.0,0.0,1.0,1.0,2.8925,1.9789,1394547.0,2964780.0,72.66,35.97,3540486400,NO,56.33,61.08,53.35,56.93,56.55,,2986,0.0,3172335,NO,NO,2021-10-04,63786400.0
4743,BL,28.13,28.57,615308.0,Technology services,Packaged software,3.0,7.0,77.0,2.0,1.3218,1.1621,1038403.0,912940.0,59.57,24.7,1635063808,NO,30.54,30.42,36.66,30.24,31.08,,2487,0.0,615447,NO,NO,2024-03-15,11261500.0
4744,ASR,239.49,245.07,67449.0,Industrials,Airports & Air Services,3.0,12.0,5.0,3.0,5.4864,5.2771,59126.0,53530.0,381.52,238.54,0,NO,252.73,263.96,308.76,259.66,293.74,,6533,0.0,67449,NO,NO,2000-09-28,5731600.0
4745,SITX,17.9,19.62,6105.0,ETF,ETF,3.0,19.0,,,2.0225,1.3879,10950.0,9260.0,29.64,14.21,0,NO,17.16,,,,,,30,0.0,6105,NO,NO,2026-08-17,34300.0
4746,BBUC,25.53,25.73,377968.0,Finance,Financial conglomerates,3.0,8.0,4.0,5.0,0.6947,0.689,458241.0,397000.0,38.25,25.14,5244934656,NO,26.76,28.76,32.57,28.18,31.0,,1141,0.0,377968,NO,NO,2026-06-26,6931400.0
4747,BIDU,89.78,92.21,2440907.0,Communication Services,Internet Content & Information,3.0,37.0,5.0,3.0,2.7514,1.8107,2652512.0,2343940.0,165.3,88.23,30602366976,NO,92.98,100.46,121.31,99.07,112.91,,5315,0.0,2445398,NO,NO,2005-08-05,226811000.0
4748,FOIL,18.72,19.96,39325.0,Industrials,Electrical Equipment & Parts,3.0,2.0,,,1.4493,1.4293,42751.0,25130.0,28.49,18.23,1463125888,YES,21.38,,,,,,29,0.0,39325,NO,NO,2026-08-12,397600.0
4749,HGV,35.6,35.56,1207209.0,Consumer Cyclical,Resorts & Casinos,3.0,1.0,1.0,6.0,1.3014,1.2571,1125714.0,1237710.0,55.4,34.95,2766979328,NO,40.22,44.36,45.93,42.82,45.75,,2442,0.0,1207209,NO,NO,2019-08-01,12871000.0
4750,BABX,17.28,19.09,1308388.0,ETF,ETF,3.0,5.0,87.0,2.0,0.9106,0.6898,913400.0,657000.0,66.0,12.7,0,NO,17.97,20.2,28.1,19.77,22.18,,947,0.0,1308388,NO,NO,2026-05-13,6537000.0
4751,SAR,17.46,17.57,140774.0,Miscellaneous,Investment trusts,3.0,27.0,4.0,3.0,0.3793,0.3721,162222.0,132380.0,24.8,17.0,280772768,NO,17.8,18.65,21.62,18.36,20.78,,4904,0.0,140967,NO,NO,2026-07-08,1023400.0
4752,UN,19.49,19.92,33.0,ETF,ETF,3.0,32.0,,,0.4621,0.0157,532.0,140.0,27.11,19.22,0,NO,21.23,22.94,,22.01,,,54,0.0,100,NO,NO,2026-07-07,9400.0
4753,FDXF,119.22,117.6,1426648.0,Industrials,Integrated Freight & Logistics,3.0,6.0,2.0,,4.8664,4.7529,1472353.0,2093880.0,200.0,116.03,17825552384,NO,126.74,137.58,,136.15,,,82,0.72,1426648,NO,NO,2026-06-01,7419200.0
4754,SKHU,23.43,23.46,236440.0,ETF,ETF,3.0,97.0,,,2.2836,1.7071,1335004.0,410200.0,31.03,11.6,0,NO,20.71,18.93,,19.33,,,50,0.0,236440,NO,NO,2026-07-29,7540100.0
4755,QBTS,16.81,17.56,28404843.0,Technology,Computer Hardware,3.0,9.0,2.0,42.0,1.0089,0.8955,17686771.0,14650720.0,46.75,12.75,6381523456,NO,17.03,18.21,21.16,18.09,19.75,,1451,0.0,28508290,YES,NO,2025-05-20,308820200.0
4756,BIRK,31.42,31.34,1307294.0,Consumer Cyclical,Footwear & Accessories,3.0,7.0,2.0,8.0,1.1023,1.0766,2276747.0,2463850.0,50.73,29.93,5188265472,NO,32.75,36.9,39.58,35.56,38.78,,739,0.0,1307294,NO,NO,2023-10-11,15725600.0
4757,CSV,31.72,30.88,139649.0,Consumer Cyclical,Personal Services,3.0,14.0,5.0,2.0,0.8721,0.8464,157328.0,187260.0,52.1,30.11,503786432,NO,32.84,35.49,41.33,34.88,40.25,,7577,0.0,139650,NO,NO,2014-03-13,2073400.0
4758,AS,26.9,27.45,5668655.0,Consumer Cyclical,Leisure,3.0,2.0,4.0,5.0,0.9964,0.9296,6038277.0,8168160.0,42.76,26.1,15651011584,NO,28.57,32.26,35.05,31.4,33.53,,662,0.0,5668655,NO,NO,2025-05-20,19816200.0
4759,CRH,85.23,87.14,5020731.0,Basic Materials,Building Materials,3.0,9.0,3.0,4.0,2.4857,2.3093,4422776.0,4703520.0,131.55,85.05,56702197760,NO,90.7,95.66,109.97,93.76,103.18,,9367,0.0,5035842,NO,NO,2025-12-19,140096300.0
4760,LINC,24.09,25.18,556366.0,Consumer Defensive,Education & Training Services,3.0,21.0,0.0,0.0,1.1636,1.0721,848150.0,723170.0,56.34,17.29,764170432,NO,25.06,32.4,36.11,30.45,39.72,,5345,0.0,556376,NO,NO,2026-08-10,4502000.0
4761,RTO,21.41,21.36,2649411.0,Commercial services,Miscellaneous commercial services,3.0,11.0,3.0,1.0,0.4404,0.3996,1401203.0,1718290.0,34.67,21.07,10774539264,NO,22.87,24.89,29.64,23.59,28.79,,7507,0.0,2649411,NO,NO,2022-10-18,11853100.0
4762,HONA,163.33,169.03,2895044.0,Industrials,Aerospace & Defense,3.0,65.0,1.0,,6.2356,6.0164,4132793.0,5160550.0,297.5,149.19,51767889920,NO,159.86,177.23,,171.9,,,69,0.0,2973367,NO,NO,2026-08-06,20631100.0
4763,FG,21.69,22.86,791125.0,Financial Services,Insurance - Life,3.0,35.0,4.0,9.0,0.8124,0.7249,639393.0,868710.0,35.33,20.57,2839984640,NO,23.54,26.36,27.29,25.28,26.36,,960,0.0,791125,NO,NO,2026-05-18,7565500.0
4764,CCL,21.8,22.28,28495142.0,Consumer Cyclical,Travel Services,3.0,4.0,3.0,6.0,0.6693,0.615,19681658.0,22301990.0,34.03,21.52,29858351104,NO,23.08,25.61,27.58,25.16,26.3,,9866,0.0,28540593,YES,NO,2020-04-02,262061100.0
4765,SFM,66.07,68.66,2377757.0,Retail trade,Food retail,3.0,2.0,4.0,5.0,3.2093,3.13,1973642.0,2003760.0,119.91,64.75,6160870400,NO,76.32,78.85,78.57,78.4,80.15,,3305,0.0,2377757,NO,NO,2016-02-08,27242700.0
4766,SOFC,18.12,19.07,168.0,ETF,ETF,3.0,5.0,,,1.0671,0.3529,869.0,1040.0,25.47,16.02,0,NO,21.15,21.52,,21.09,,,51,0.0,1600,NO,NO,2026-08-19,5200.0
4767,ETOR,27.18,28.67,1273987.0,Financial Services,Capital Markets,3.0,9.0,2.0,9.0,1.1395,1.0381,1061293.0,1046880.0,45.0,24.74,2161546240,NO,30.31,32.58,34.34,31.57,34.77,,342,0.0,1273987,NO,NO,2025-05-14,13071000.0
4768,LIF,40.75,41.07,638424.0,Technology,Software - Application,3.0,12.0,8.0,27.0,1.755,1.5693,765965.0,637400.0,112.54,37.01,3320325120,NO,42.5,48.91,50.44,47.27,46.01,,575,0.0,638425,NO,NO,2026-03-20,13600000.0
4769,ENOV,18.24,18.04,1122666.0,Healthcare,Medical Devices,3.0,0.0,8.0,4.0,1.1633,1.1469,1460028.0,2333880.0,34.28,17.3,1051891584,NO,20.37,24.36,24.15,23.39,23.65,,4622,0.0,1180011,NO,NO,2025-01-13,10728800.0
4770,CAVA,53.1,52.0,3218270.0,Consumer Cyclical,Restaurants,3.0,0.0,1.0,0.0,2.2876,2.1056,3425749.0,4718710.0,98.79,43.41,6202408960,NO,58.56,63.49,72.3,62.6,75.36,,820,0.08,3226996,NO,NO,2025-08-13,41571000.0
4771,FISV,45.95,46.47,5575927.0,Commercial services,Miscellaneous commercial services,3.0,6.0,31.0,4.0,1.8636,1.7957,7502225.0,7378970.0,130.85,45.13,24434681856,NO,50.64,51.77,57.61,51.52,54.29,,10073,0.0,5575927,NO,NO,2001-03-30,134508000.0
4772,GIBO,32.2,33.31,2905.0,Communication Services,Internet Content & Information,2.0,51.0,23.0,15.0,2.3609,2.228,11857.0,35810.0,77.5,1.25,83871472,NO,32.27,30.61,36.88,31.6,32.19,,775,0.0,2905,NO,NO,2026-01-23,1380512.0
4773,DECK,78.59,80.23,2919363.0,Consumer Cyclical,Footwear & Accessories,2.0,5.0,3.0,3.0,2.3964,2.2584,2694788.0,3913510.0,122.29,77.37,10702531584,NO,82.75,91.88,102.16,88.7,99.4,,8289,0.0,2923756,NO,NO,2005-04-21,135858600.0
4774,POOL,166.61,167.92,633119.0,Distribution services,Wholesale distributors,2.0,8.0,7.0,4.0,5.0736,4.9557,780007.0,952230.0,314.53,164.9,6054732288,NO,177.55,188.59,211.71,183.95,196.55,,7785,0.0,633119,NO,NO,2007-09-21,10618900.0
4775,DKNG,21.25,21.8,16605623.0,Consumer Cyclical,Gambling,2.0,2.0,8.0,9.0,1.0401,1.0401,11750612.0,12786260.0,43.66,20.46,10549648384,NO,23.67,24.1,26.24,23.98,24.44,,1801,0.0,16618338,YES,NO,2022-01-26,90381900.0
4776,CALX,34.54,35.42,1026412.0,Technology,Software - Infrastructure,2.0,5.0,21.0,1.0,1.0243,0.9975,1159682.0,1139230.0,71.22,33.95,2174776320,NO,36.29,37.47,45.1,36.8,41.0,,4150,0.0,1028374,NO,NO,2024-03-15,11724100.0
4777,SPCI,20.41,20.98,3464.0,ETF,ETF,2.0,7.0,1.0,2.0,0.9071,0.8821,16607.0,8110.0,52.9,19.18,0,NO,20.61,22.0,,21.66,,,134,0.0,3469,NO,NO,2026-08-12,75200.0
4778,LEGN,18.45,18.53,2407023.0,Health technology,Pharmaceuticals: major,2.0,4.0,1.0,47.0,0.8866,0.8488,2314280.0,2773850.0,37.5,16.24,3588311296,NO,19.65,20.55,22.63,19.98,23.14,,1582,0.0,2408392,NO,NO,2026-06-02,14632600.0
4779,EYE,16.36,16.45,2389995.0,Consumer Cyclical,Specialty Retail,2.0,13.0,33.0,0.0,0.7774,0.7503,2154668.0,2836430.0,30.02,14.75,1293574016,NO,17.09,19.18,22.87,18.63,20.62,,2236,0.0,2389995,NO,NO,2022-06-15,19952800.0
4780,FOTO,17.89,18.13,136968.0,ETF,ETF,2.0,38.0,3.0,,0.7114,0.5714,352092.0,237860.0,27.86,15.94,0,NO,17.66,18.87,,18.73,,,80,0.0,136968,NO,NO,2026-06-03,4566900.0
4781,CTRI,20.17,20.34,2236289.0,Utilities,Utilities - Regulated Gas,2.0,25.0,1.0,1.0,0.6571,0.6321,1822658.0,1812010.0,42.98,19.03,2036424832,NO,20.2,23.05,28.19,22.49,28.05,,608,0.0,2236289,NO,NO,2025-09-04,13812700.0
4782,NAMS,22.68,22.58,2264762.0,Healthcare,Biotechnology,2.0,2.0,2.0,3.0,1.4959,1.4559,1272453.0,2147930.0,42.2,21.02,2651382272,NO,24.1,26.93,31.65,25.95,30.25,,1411,0.0,2265262,NO,NO,2024-12-10,9602500.0
4783,NC,36.34,37.22,14023.0,Energy,Thermal Coal,2.0,8.0,2.0,2.0,1.0536,1.0207,16882.0,22320.0,59.42,36.03,274025760,NO,40.2,43.06,48.63,41.82,47.3,,12417,0.0,14023,NO,NO,2000-06-02,12284958.0
4784,KTOS,46.16,46.97,2986829.0,Electronic technology,Aerospace & defense,2.0,6.0,26.0,0.0,2.1725,2.1311,4306641.0,4237900.0,134.0,43.09,8665216000,NO,48.54,51.68,70.09,51.66,59.24,,6760,0.0,3029595,NO,NO,2025-09-19,35427700.0
4785,SMRX,18.67,19.26,525.0,ETF,ETF,2.0,1.0,,,2.7795,1.2385,459.0,1610.0,33.52,16.7,0,NO,23.16,22.88,,22.08,,,52,0.0,545,NO,NO,2026-09-18,6400.0
4786,SMID,24.17,24.02,20389.0,Non-energy minerals,Construction materials,2.0,6.0,5.0,4.0,0.8814,0.8764,15801.0,12110.0,42.15,23.51,128212328,NO,25.12,27.17,31.46,26.6,29.71,,7743,0.56,20389,NO,NO,2002-03-21,1067700.0
4787,BWXT,141.81,147.47,765662.0,Industrials,Aerospace & Defense,2.0,11.0,1.0,2.0,4.8614,4.4536,1023301.0,1124970.0,241.82,141.43,12992913408,NO,152.14,162.37,191.32,159.3,188.14,,4060,0.0,765849,NO,NO,2023-06-16,15142700.0
4788,AVEX,16.44,16.51,1042064.0,Industrials,Aerospace & Defense,2.0,9.0,14.0,,0.985,0.9457,1810360.0,1280040.0,42.34,13.07,1137608704,NO,16.76,17.45,,17.59,,,109,0.0,1042064,NO,NO,2026-04-17,16686700.0
4789,TSLR,18.04,17.61,1475906.0,ETF,ETF,2.0,91.0,10.0,5.0,1.2051,0.9586,1382585.0,1473830.0,39.54,11.51,0,NO,16.51,15.8,23.22,15.39,20.03,,770,0.0,1475906,NO,NO,2025-04-07,16153500.0
4790,BILI,15.01,15.18,2700970.0,Communication Services,Internet Content & Information,2.0,7.0,19.0,1.0,0.5269,0.3672,2773484.0,3247970.0,36.4,14.39,6183072768,NO,15.65,17.04,22.4,16.68,19.23,,2133,0.0,2701284,NO,NO,2022-04-11,36062400.0
4791,LEU,151.31,154.85,517446.0,Non-energy minerals,Other metals/Minerals,2.0,2.0,7.0,3.0,10.1657,9.2157,747668.0,923540.0,464.25,135.85,3094759680,NO,166.05,171.9,205.22,170.71,179.46,,7085,0.0,525105,NO,NO,2016-03-08,15029500.0
4792,EWV,16.04,15.93,2984.0,ETF,ETF,2.0,30.0,10.0,2.0,0.4075,0.2289,8117.0,17690.0,29.05,15.66,0,NO,16.31,16.97,20.08,16.6,18.89,,4746,0.13,2984,NO,NO,2026-03-03,226300.0
4793,SPXS,24.2,23.67,15327029.0,ETF,ETF,2.0,39.0,8.0,0.0,0.705,0.5036,11092077.0,13407000.0,44.83,23.4,0,NO,24.86,25.25,30.85,24.98,29.22,,4487,0.3,15327029,YES,NO,2026-03-09,39720500.0
4794,LII,372.34,363.64,378989.0,Industrials,Building Products & Equipment,2.0,16.0,2.0,3.0,11.1021,10.6721,524858.0,506280.0,587.27,350.22,12868322304,NO,376.02,430.77,492.18,410.32,475.42,,6829,1.26,379691,NO,NO,2024-12-20,7306000.0
4795,WYNN,81.45,83.32,1448236.0,Consumer services,Casinos/Gaming,2.0,2.0,4.0,4.0,2.2571,2.16,1671082.0,2326110.0,134.72,80.8,8387223040,NO,89.4,95.43,104.95,93.92,99.03,,6014,0.0,1448236,NO,NO,2021-09-15,26088800.0
4796,SPXU,34.0,33.66,7070624.0,ETF,ETF,2.0,41.0,9.0,0.0,0.9556,0.7078,7574163.0,8057040.0,62.85,32.82,0,NO,34.87,35.39,43.28,35.02,40.95,,4338,0.0,7070624,NO,NO,2026-06-09,24299300.0
4797,TXXD,46.33,52.72,15974.0,ETF,ETF,2.0,94.0,90.0,2.0,4.9279,3.2755,7658.0,11760.0,276.8,28.0,0,NO,41.66,35.58,76.42,36.9,51.04,,209,0.0,15974,NO,NO,2026-08-20,38590.0
4798,BRVE,21.46,25.02,521570.0,Healthcare,Biotechnology,2.0,1.0,,,2.4657,2.3232,555254.0,690960.0,32.0,21.32,1932236160,YES,26.96,,,,,,33,0.0,521745,NO,NO,2026-08-06,3292200.0
4799,ARMA,19.27,18.37,5173.0,ETF,ETF,2.0,98.0,,,1.2886,0.6193,4971.0,4760.0,28.98,9.55,0,NO,12.24,13.1,,13.37,,,59,4.0,5173,NO,NO,2026-07-13,58600.0
4800,CRY,16.72,16.93,13351.0,ETF,ETF,2.0,34.0,4.0,,0.2856,0.1956,9461.0,5970.0,25.93,16.69,0,NO,17.26,17.53,,17.28,,,102,0.0,13351,NO,NO,2026-07-10,40200.0
4801,CAR,105.67,117.26,430359.0,Industrials,Rental & Leasing Services,2.0,0.0,0.0,25.0,5.4543,4.9629,510041.0,496150.0,847.7,85.96,3732872192,NO,129.75,141.25,157.09,134.55,166.79,,10840,0.0,432357,NO,NO,1998-04-16,67790188.0
4802,FIS,34.67,35.19,7159379.0,Technology,Information Technology Services,2.0,3.0,13.0,2.0,1.2893,1.2386,5982257.0,6094230.0,69.14,34.22,17920198656,NO,38.96,41.1,48.08,40.51,42.93,,6351,0.0,7159379,NO,NO,2019-07-31,65404200.0
4803,BITI,17.42,17.06,1852383.0,ETF,ETF,2.0,10.0,1.0,1.0,0.669,0.4643,1421955.0,1831030.0,30.93,16.57,0,NO,18.77,21.77,24.0,21.13,23.78,,1069,0.82,1863693,NO,NO,2026-02-05,11169600.0
4804,BOOT,124.49,124.33,463589.0,Consumer Cyclical,Apparel Retail,2.0,1.0,2.0,3.0,5.8707,5.7475,689757.0,867180.0,210.25,120.64,3770160128,NO,142.44,151.79,168.3,149.24,157.61,,2990,0.0,463613,NO,NO,2018-05-16,7446900.0
4805,AMRZ,37.9,38.59,3411102.0,Non-energy minerals,Construction materials,2.0,3.0,2.0,2.0,1.0846,0.9861,3604831.0,4384790.0,65.94,37.38,20728481792,NO,41.43,45.63,52.95,44.16,50.69,,315,0.0,3469008,NO,NO,2025-09-19,40632400.0
4806,BZQ,18.98,18.63,3288.0,ETF,ETF,2.0,5.0,4.0,7.0,0.7483,0.5197,6203.0,5870.0,41.6,16.34,0,NO,19.43,20.93,22.53,20.67,21.17,,4341,0.0,3288,NO,NO,2022-11-08,135875.0
4807,ZTS,71.61,71.33,3817587.0,Healthcare,Drug Manufacturers - Specialty & Generic,2.0,15.0,17.0,1.0,1.7443,1.6086,5906025.0,5023110.0,148.79,70.26,29590943744,NO,74.5,75.15,100.27,74.6,88.6,,3430,0.0,3817587,NO,NO,2013-02-01,66789100.0
4808,WW,15.03,16.39,279555.0,Consumer services,Other consumer services,2.0,32.0,6.0,5.0,1.3524,1.316,187547.0,250000.0,38.38,8.37,150281360,NO,16.27,15.42,17.99,15.57,15.12,,311,0.0,279555,NO,NO,2025-08-11,1239900.0
4809,TSEU,15.58,16.16,3693.0,ETF,ETF,2.0,81.0,,,1.2271,0.625,4232.0,3240.0,26.2,10.88,0,NO,13.69,16.61,,16.51,,,58,0.0,3693,NO,NO,2026-07-08,41000.0
4810,SPCL,21.59,22.62,34027.0,ETF,ETF,2.0,1.0,0.0,,1.8939,1.6946,113033.0,34600.0,83.85,18.31,0,NO,22.11,24.36,,23.8,,,116,0.0,34027,NO,NO,2026-06-16,2067300.0
4811,FICO,879.62,924.52,501486.0,Technology,Software - Application,2.0,0.0,5.0,5.0,53.7486,41.1057,340417.0,420500.0,1998.01,870.01,18997712896,NO,1027.22,1104.93,1260.18,1056.07,1117.41,,9867,0.0,501486,NO,NO,2003-11-04,15025200.0
4812,UPAL,22.05,23.76,1249.0,ETF,ETF,2.0,4.0,19.0,,1.2877,0.3281,1001.0,1570.0,40.55,20.81,0,NO,24.92,25.13,,25.17,,,107,0.0,1249,NO,NO,2026-06-08,5500.0
4813,BSX,44.62,43.72,18168019.0,Healthcare,Medical Devices,2.0,8.0,35.0,1.0,1.5843,1.4171,20774109.0,24056920.0,105.65,42.2,64664621056,NO,45.76,46.81,63.73,46.81,52.87,,8646,0.0,18400825,YES,NO,2010-03-15,243874000.0
4814,NKE,36.05,36.1,39793441.0,Consumer Cyclical,Footwear & Accessories,2.0,7.0,8.0,1.0,0.9239,0.8725,27373492.0,35306530.0,76.97,35.35,53480128512,NO,37.36,39.99,49.78,39.3,43.75,,11545,0.0,40103087,YES,NO,1997-05-29,157445600.0
4815,GLX,16.08,16.45,1112.0,ETF,ETF,2.0,94.0,,,1.281,0.4617,1367.0,1800.0,22.9,9.52,0,NO,15.06,14.13,,14.14,,,59,0.0,1112,NO,NO,2026-07-15,12000.0
4816,EQPT,18.08,18.17,2773300.0,Technology services,Internet software/Services,2.0,48.0,3.0,8.0,1.0539,0.9736,3079347.0,3595510.0,35.5,15.71,4581037568,NO,18.11,18.68,,18.91,20.59,,167,0.0,2773300,NO,NO,2026-01-23,17411100.0
4817,TSLI,19.35,18.998,1793.0,ETF,ETF,2.0,90.0,9.0,4.0,1.1021,0.7647,23138.0,16950.0,46.11,12.5,0,NO,17.84,17.1,25.65,16.64,21.85,,260,0.0,1793,NO,NO,2026-07-23,122000.0
4818,BTDL,18.17,20.95,47543.0,ETF,ETF,2.0,89.0,,,2.3229,1.9175,31500.0,36300.0,27.37,9.8,0,NO,16.96,17.22,,17.36,,,50,0.0,47648,NO,NO,2026-08-10,177100.0
4819,PRCT,18.09,18.51,914635.0,Health technology,Medical specialties,2.0,3.0,9.0,2.0,1.1723,1.1294,1479860.0,1322260.0,39.86,16.66,1029661888,NO,20.5,20.01,25.43,20.04,23.07,,1260,0.0,914635,NO,NO,2026-02-26,9027900.0
4820,PATK,69.18,69.11,447870.0,Consumer durables,Home furnishings,2.0,3.0,4.0,1.0,2.5954,2.5582,667511.0,736190.0,148.5,68.44,2221941504,NO,77.12,82.36,101.85,80.3,91.73,,11724,0.0,447870,NO,NO,2016-08-18,4479750.0
4821,GPI,247.51,250.87,187559.0,Consumer Cyclical,Auto & Truck Dealerships,2.0,25.0,4.0,3.0,11.9121,11.4807,224420.0,243060.0,461.27,246.21,2950869760,NO,270.24,283.79,329.51,274.68,306.71,,7267,0.0,187559,NO,NO,2006-06-21,4623000.0
4822,ISUL,15.74,16.008,36293.0,ETF,ETF,1.0,93.0,11.0,0.0,0.8258,0.7461,86200.0,52550.0,42.6,11.06,0,NO,13.98,14.12,23.45,14.1,18.93,,241,0.0,36293,NO,NO,2026-07-17,998200.0
4823,GEVC,18.1,17.72,14.0,ETF,ETF,1.0,9.0,,,0.9136,0.1829,636.0,170.0,26.28,15.37,0,NO,17.58,20.06,,19.44,,,51,0.0,100,NO,NO,2026-07-10,9400.0
4824,KRWX,15.28,15.89,3664.0,ETF,ETF,1.0,89.0,5.0,,0.8219,0.2326,7004.0,1620.0,25.19,10.0,0,NO,14.99,14.01,,14.35,,,77,0.0,3674,NO,NO,2026-06-24,49500.0
4825,CWEB,18.89,19.53,1900588.0,ETF,ETF,1.0,5.0,42.0,2.0,0.6641,0.422,627758.0,1058990.0,61.24,17.09,0,NO,19.74,21.95,29.29,21.6,23.8,,2478,0.0,1901510,NO,NO,2022-10-24,5189300.0
4826,LMND,44.36,47.86,2083616.0,Financial Services,Insurance - Property & Casualty,1.0,3.0,3.0,1.0,2.2195,2.0788,1322907.0,1048980.0,99.9,44.32,3433314048,NO,50.76,54.16,63.08,51.46,57.19,,1563,0.0,2086262,NO,NO,2020-07-02,18371900.0
4827,RIVC,17.61,18.46,2945.0,ETF,ETF,1.0,1.0,,,0.8168,0.2806,606.0,680.0,27.71,17.18,0,NO,19.69,20.88,,19.72,,,50,0.0,2945,NO,NO,2026-07-14,10700.0
4828,UTSL,29.94,32.43,309305.0,ETF,ETF,1.0,1.0,1.0,1.0,1.5459,1.4017,145047.0,164180.0,55.21,29.79,0,NO,35.96,39.94,44.08,38.31,44.0,,2360,0.0,309967,NO,NO,2023-10-03,827300.0
4829,OXM,26.34,28.04,752349.0,Consumer non-durables,Apparel/Footwear,1.0,0.0,1.0,3.0,1.9021,1.5239,415247.0,519760.0,49.58,26.04,394527744,NO,32.98,35.98,38.3,34.17,37.83,,11724,0.0,752349,NO,NO,2026-06-18,2649500.0
4830,PRIM,74.12,76.91,877897.0,Industrial services,Engineering & construction,1.0,35.0,9.0,0.0,3.0121,2.7936,1471712.0,1391130.0,205.5,65.0,4021376000,NO,74.99,80.23,121.2,78.81,110.0,,4560,0.0,877897,NO,NO,2026-05-06,13165500.0
4831,APLZ,19.4,18.265,105431.0,ETF,ETF,1.0,4.0,96.0,0.0,2.6939,2.2889,152533.0,163170.0,156.75,11.27,0,NO,22.71,23.98,,22.43,40.02,,168,0.0,105431,NO,NO,2026-05-21,1328480.0
4832,ASMZ,19.79,18.4,277.0,ETF,ETF,1.0,17.0,,,0.92,0.2943,855.0,1600.0,28.0,16.27,0,NO,18.82,19.93,,19.82,,,58,2.01,400,NO,NO,2026-06-30,8900.0
4833,PFSI,65.61,66.6,796695.0,Finance,Finance/Rental/Leasing,1.0,6.0,5.0,3.0,1.7832,1.7046,583698.0,591600.0,160.36,65.03,3408542720,NO,70.39,75.99,94.59,73.93,82.25,,3363,0.0,796695,NO,NO,2013-05-09,6508200.0
4834,ATS,19.21,19.16,193087.0,Industrials,Specialty Industrial Machinery,1.0,45.0,2.0,1.0,0.4889,0.4861,237274.0,328550.0,35.82,18.41,1885017600,NO,19.29,22.13,27.98,21.14,27.03,,4208,0.0,193087,NO,NO,2023-05-25,1918800.0
4835,AMSF,24.37,24.56,380875.0,Finance,Property/Casualty insurance,1.0,21.0,3.0,2.0,0.6043,0.5871,400261.0,757980.0,44.66,24.11,451723744,NO,25.36,27.91,32.84,26.82,30.51,,5241,0.0,380875,NO,NO,2005-11-18,3272500.0
4836,CAMC,15.9,16.43,29.0,ETF,ETF,1.0,36.0,,,1.0279,0.1829,480.0,380.0,25.88,12.46,0,NO,15.13,17.08,,16.88,,,62,0.0,900,NO,NO,2026-06-24,10200.0
4837,YELP,17.73,19.41,1817784.0,Technology services,Internet software/Services,1.0,1.0,4.0,2.0,0.8971,0.8164,1189653.0,1451720.0,34.49,17.64,962093952,NO,21.37,23.72,25.31,22.87,24.26,,3660,0.0,1817784,NO,NO,2017-05-10,47155000.0
4838,XE,16.38,16.36,6484338.0,Industrials,Specialty Industrial Machinery,1.0,10.0,7.0,,1.3063,1.202,5924563.0,8163570.0,37.1,13.29,6656276480,NO,16.91,17.54,,17.52,,,105,0.0,6484338,NO,NO,2026-04-24,44389400.0
4839,URAA,21.66,22.67,143777.0,ETF,ETF,1.0,1.0,4.0,1.0,1.5854,1.1911,62020.0,56480.0,63.13,18.89,0,NO,25.07,24.06,34.53,24.0,30.27,,562,0.0,143805,NO,NO,2025-10-13,670500.0
4840,UMCX,19.15,20.59,1093.0,ETF,ETF,1.0,98.0,,,1.1914,0.4021,3163.0,1890.0,30.3,9.99,0,NO,15.2,14.07,,14.15,,,63,0.0,1093,NO,NO,2026-06-26,13300.0
4841,KRUS,37.2,35.73,184319.0,Consumer services,Restaurants,1.0,1.0,4.0,1.0,1.9902,1.9127,260488.0,283150.0,80.84,33.97,451973920,NO,41.66,45.67,56.12,44.48,51.84,,1795,0.0,184319,NO,NO,2019-08-01,1854200.0
4842,PODD,136.49,140.53,1021304.0,Health technology,Medical specialties,1.0,15.0,21.0,0.0,4.8464,4.7879,1648526.0,1714570.0,354.88,126.4,9466155008,NO,142.09,149.74,199.96,146.29,167.43,,4870,0.0,1021304,NO,NO,2023-03-14,16412200.0
4843,ZG,29.35,31.13,1411625.0,Communication Services,Internet Content & Information,1.0,1.0,25.0,1.0,1.4707,1.3864,1146688.0,976800.0,78.74,29.03,6600080384,NO,33.72,34.03,44.53,33.6,36.98,,3816,0.0,1411625,NO,NO,2015-04-14,38439743.0
4844,RVNL,21.42,22.507,93646.0,ETF,ETF,1.0,1.0,8.0,1.0,1.6809,1.5161,98965.0,119670.0,75.17,19.25,0,NO,24.01,25.54,32.82,24.09,27.93,,357,0.0,93646,NO,NO,2026-07-07,348400.0
4845,SETH,30.22,29.3,36463.0,ETF,ETF,1.0,8.0,0.0,1.0,1.3246,0.9364,28971.0,31820.0,62.82,29.19,0,NO,32.74,39.49,45.6,37.61,45.33,,723,1.84,36463,NO,NO,2025-10-10,510675.0
4846,BGSI,79.61,79.82,33704.0,Consumer Cyclical,Auto & Truck Dealerships,1.0,10.0,10.0,0.0,3.8104,3.4311,52565.0,75170.0,183.1,79.52,2215551488,NO,85.27,94.44,126.15,91.93,107.84,,222,0.0,35902,NO,NO,2026-08-03,320700.0
4847,UPST,24.45,25.58,6725593.0,Finance,Finance/Rental/Leasing,1.0,2.0,4.0,7.0,1.0575,0.969,4239842.0,4258690.0,64.15,23.96,2379304192,NO,27.05,28.44,33.21,27.84,29.37,,1447,0.0,6732068,NO,NO,2022-05-10,68822500.0
4848,CWY,15.47,15.37,2494.0,ETF,ETF,1.0,28.0,3.0,,0.1914,0.1043,2611.0,4020.0,25.64,15.05,0,NO,15.79,16.56,,16.2,,,111,0.2,2494,NO,NO,2026-04-15,36700.0
4849,ESAB,67.33,67.01,1209931.0,Producer manufacturing,Industrial machinery,1.0,3.0,2.0,2.0,2.6182,2.3711,762339.0,1024720.0,137.42,64.83,4183614720,NO,72.29,80.65,99.85,78.35,90.52,,1125,0.0,1209931,NO,NO,2022-04-05,2234700.0
4850,CSGP,28.26,29.04,5601241.0,Real Estate,Real Estate Services,1.0,6.0,17.0,1.0,1.2214,1.1021,7081726.0,6943210.0,85.6,25.89,11450884096,NO,30.77,30.44,41.65,30.22,33.7,,7100,0.0,5652960,NO,NO,2022-09-16,54034900.0
4851,BLDR,59.16,58.52,1811317.0,Retail trade,Home improvement chains,1.0,4.0,3.0,2.0,2.6025,2.5418,2717207.0,5379190.0,131.5,56.56,6365406208,NO,62.6,68.34,87.58,66.79,76.11,,5342,0.0,1813158,NO,NO,2021-06-25,29314900.0
4852,Z,28.65,30.65,7412401.0,Communication Services,Internet Content & Information,1.0,1.0,18.0,1.0,1.4507,1.3745,3685149.0,3552880.0,81.56,28.6,6442667520,NO,32.98,33.54,44.58,33.03,36.73,,2801,0.0,7412401,NO,NO,2021-11-03,78433900.0
4853,CCUP,26.07,27.62,95712.0,ETF,ETF,1.0,57.0,86.0,0.0,4.2101,3.4634,520193.0,143580.0,216.3,11.8,0,NO,27.62,21.1,38.06,22.63,36.29,,281,0.0,96061,NO,NO,2026-07-10,1796800.0
4854,IPX,19.77,21.05,314872.0,Basic Materials,Other Industrial Metals & Mining,1.0,7.0,1.0,4.0,1.2728,1.1317,311138.0,451530.0,61.45,17.4,715939072,NO,20.71,22.13,33.39,21.55,28.68,,1068,0.0,314872,NO,NO,2023-06-13,14305900.0
4855,SMZ,15.9,15.45,247085.0,ETF,ETF,1.0,6.0,11.0,0.0,2.4204,2.0582,80826.0,137930.0,67.83,10.6,0,NO,16.2,21.07,,19.67,28.59,,154,0.32,247091,NO,NO,2026-09-08,906700.0
4856,FLUT,85.89,86.86,2547387.0,Consumer Cyclical,Gambling,1.0,3.0,9.0,3.0,3.9538,3.8645,2946444.0,3043770.0,285.65,85.85,14905273344,NO,97.54,99.97,125.99,98.24,102.44,,6029,0.0,2547387,NO,NO,2026-02-27,21975500.0
4857,UUUC,16.36,18.35,301.0,ETF,ETF,1.0,0.0,,,1.3514,0.3657,1240.0,510.0,32.6,15.3,0,NO,23.39,22.86,,22.51,,,52,0.0,301,NO,NO,2026-08-28,21100.0
4858,APTV,45.17,43.57,3124000.0,Consumer Cyclical,Auto Parts,1.0,21.0,2.0,1.0,1.4621,1.3829,4026838.0,4620670.0,88.93,42.99,9378796544,NO,45.13,49.93,64.67,48.84,58.09,,3731,1.51,3124000,NO,NO,2012-12-21,87378183.0
4859,ROL,32.49,32.35,9154732.0,Commercial services,Miscellaneous commercial services,1.0,7.0,2.0,0.0,0.8471,0.7971,5565325.0,6718800.0,66.14,31.88,15632414720,NO,34.83,37.38,50.81,35.93,45.89,,11724,0.0,9163430,YES,NO,2018-09-28,57655350.0
4860,TSYY,20.51,20.458,18926.0,ETF,ETF,1.0,76.0,10.0,2.0,0.2176,0.1678,30580.0,18850.0,70.08,19.9,0,NO,20.36,20.56,29.12,20.33,23.73,,440,0.16,18926,NO,NO,2025-10-03,1211288.0
4861,KNF,51.43,55.41,1884110.0,Non-energy minerals,Construction materials,1.0,1.0,1.0,0.0,2.1822,2.1254,766841.0,1047010.0,96.28,50.69,2919342592,NO,59.59,67.44,77.38,64.02,76.14,,827,0.0,1884115,NO,NO,2023-06-23,6308700.0
4862,PNR,55.25,55.78,1933697.0,Producer manufacturing,Industrial machinery,1.0,5.0,3.0,1.0,1.4321,1.34,3395220.0,2795740.0,113.95,54.55,8817899520,NO,58.57,62.8,83.08,61.74,73.85,,13460,0.0,1933697,NO,NO,2012-09-28,41656860.0
4863,NNE,17.01,17.1,1586924.0,Industrials,Specialty Industrial Machinery,1.0,10.0,2.0,3.0,1.0791,0.9527,2084282.0,2211240.0,60.87,14.71,913405440,NO,17.45,17.61,24.19,17.37,21.17,,595,0.0,1592930,NO,NO,2025-05-23,19940000.0
4864,BROS,38.43,39.15,4521938.0,Consumer Cyclical,Restaurants,1.0,1.0,0.0,2.0,1.7179,1.6897,3845909.0,4764950.0,74.02,37.72,6740485120,NO,45.12,53.44,56.44,50.36,55.29,,1260,0.0,4524570,NO,NO,2024-08-08,25332900.0
4865,CRCA,21.9,23.27,739015.0,ETF,ETF,1.0,48.0,82.0,0.0,3.5511,3.0139,1213642.0,1015100.0,204.45,10.07,0,NO,23.3,17.89,33.98,19.14,31.87,,283,0.0,741909,NO,NO,2026-02-25,7380560.0
4866,BOIL,21.72,21.64,5578445.0,ETF,ETF,1.0,94.0,3.0,1.0,1.0407,0.9471,4650619.0,5541250.0,93.7,18.31,0,NO,20.17,20.32,31.87,20.2,26.0,,3762,0.0,5653741,NO,NO,2026-01-20,16750050.0
4867,SBIT,29.66,28.58,1428062.0,ETF,ETF,1.0,2.0,0.0,0.0,2.4916,1.7327,856830.0,1241860.0,76.52,23.6,0,NO,34.79,46.11,49.64,43.69,50.0,,622,1.5,1443911,NO,NO,2026-02-05,7663200.0
4868,BBW,25.96,26.37,737339.0,Retail trade,Specialty stores,1.0,0.0,4.0,1.0,1.2829,1.2514,571180.0,653550.0,74.38,24.15,319809920,NO,28.3,32.9,41.82,31.9,34.9,,5510,0.0,737339,NO,NO,2005-06-03,7241900.0
4869,XDEF,21.92,22.05,33.0,ETF,ETF,1.0,17.0,66.0,21.0,0.1788,0.0407,1142.0,860.0,2905.0,20.21,0,NO,22.31,22.68,,22.79,22.35,,153,0.0,33,NO,NO,2026-04-06,24800.0
4870,SQQQ,34.14,33.77,49846326.0,ETF,ETF,1.0,4.0,7.0,0.0,1.5407,1.2207,50866182.0,44901780.0,90.72,33.35,0,NO,38.3,39.6,54.41,38.88,48.55,,4179,0.0,49848246,YES,NO,2026-06-09,158568600.0
4871,UTI,20.42,20.72,1949237.0,Consumer Defensive,Education & Training Services,1.0,13.0,0.0,0.0,1.2314,1.1771,1532647.0,2129120.0,51.34,19.52,1125044608,NO,21.16,28.62,33.12,25.92,34.67,,5725,0.0,1949247,NO,NO,2026-05-26,9714400.0
4872,LMB,51.12,52.21,182630.0,Industrials,Building Products & Equipment,0.0,96.0,1.0,1.0,2.5503,2.4281,351114.0,396250.0,114.95,40.74,609605632,NO,47.9,55.38,75.74,52.61,70.96,,3048,0.0,182630,NO,NO,2026-08-05,1701200.0
4873,BEC,18.2,17.96,7205.0,ETF,ETF,0.0,98.0,,,2.0058,1.4829,10779.0,19890.0,34.77,7.03,0,NO,15.29,13.75,,13.96,,,59,0.22,7205,NO,NO,2026-09-08,65200.0
4874,DKS,132.36,123.63,2042529.0,Consumer Cyclical,Specialty Retail,0.0,0.0,0.0,2.0,5.4586,4.9057,2892522.0,3533770.0,244.38,120.15,13040975872,NO,130.91,173.82,202.96,165.88,199.57,,6021,0.0,2054715,NO,NO,2026-08-25,38850000.0
4875,NFLU,15.44,16.35,153349.0,ETF,ETF,0.0,1.0,11.0,0.0,1.1396,0.8756,242384.0,169420.0,60.93,13.33,0,NO,18.81,17.9,25.08,17.69,23.21,,497,0.0,154044,NO,NO,2026-02-27,2242100.0
4876,SPCM,16.88,17.74,425471.0,ETF,ETF,0.0,96.0,4.0,,1.5982,1.5375,959017.0,822240.0,46.71,9.04,0,NO,16.73,14.74,,15.08,,,69,0.0,425711,NO,NO,2026-08-10,4071400.0
4877,APP,315.25,330.17,6775277.0,Communication Services,Advertising Agencies,0.0,86.0,1.0,2.0,17.215,16.2386,5828344.0,5253010.0,745.61,297.5,105904930816,NO,317.44,351.11,471.97,334.15,427.09,,1366,0.0,6775407,NO,NO,2025-09-19,73131600.0
4878,LFTO,16.09,17.65,547980.0,Technology services,Packaged software,0.0,4.0,1.0,,1.0229,0.9164,879752.0,1346810.0,30.1,15.92,2724544256,NO,18.16,20.68,,19.91,,,76,0.0,547984,NO,NO,2026-06-04,11661500.0
4879,SPAL,16.59,17.45,514021.0,ETF,ETF,0.0,96.0,3.0,,1.5943,1.5386,1519866.0,1239150.0,46.57,8.91,0,NO,16.45,14.51,,14.83,,,69,0.0,517435,NO,NO,2026-08-07,5058300.0
4880,LOFF,16.38,17.25,1151091.0,ETF,ETF,0.0,95.0,3.0,,1.5814,1.5179,2165284.0,2038050.0,46.68,8.86,0,NO,16.29,14.41,,14.72,,,69,0.0,1158554,NO,NO,2026-08-07,9220100.0
4881,PLNT,41.0,47.05,5439825.0,Consumer services,Other consumer services,0.0,1.0,4.0,0.0,1.9936,1.6607,1994036.0,2681850.0,114.26,37.03,3109818112,NO,50.35,51.99,70.5,50.94,57.66,,2798,0.0,5439825,NO,NO,2026-05-07,17245900.0
4882,ZSL,24.42,22.37,5313497.0,ETF,ETF,0.0,95.0,2.0,8.0,1.4764,0.9557,2998080.0,5214430.0,175.7,14.4,0,NO,23.7,26.19,28.61,25.27,24.42,,4478,6.21,5313497,NO,NO,2026-01-30,100224410.0
4883,SPCF,16.22,17.13,958041.0,ETF,ETF,0.0,95.0,3.0,,1.5754,1.5168,2645287.0,1389780.0,46.71,8.85,0,NO,16.21,14.36,,14.66,,,69,0.0,963341,NO,NO,2026-08-07,12279300.0
4884,FIGG,16.61,17.47,176549.0,ETF,ETF,0.0,0.0,63.0,0.0,1.9606,1.7932,170476.0,189230.0,326.8,12.4,0,NO,22.14,23.06,35.93,21.86,22.64,,236,0.0,176549,NO,NO,2026-05-15,1233700.0
4885,HAWK,15.83,16.26,1087264.0,Industrials,Aerospace & Defense,0.0,0.0,1.0,,0.9264,0.8536,1173233.0,1608310.0,35.73,15.45,1550794624,NO,17.7,19.98,,19.51,,,95,0.0,1087264,NO,NO,2026-05-07,11444900.0
4886,ASTT,16.24,17.35,3784.0,ETF,ETF,0.0,0.0,,,1.5062,0.6412,1001.0,2030.0,44.17,14.21,0,NO,17.09,19.33,,18.83,,,61,0.0,3784,NO,NO,2026-06-26,8800.0
4887,KRMN,33.05,35.21,3893261.0,Electronic technology,Aerospace & defense,0.0,0.0,2.0,0.0,2.4629,2.3271,3420944.0,4922760.0,118.38,32.49,4380238848,NO,39.35,47.45,70.12,45.89,60.75,,403,0.0,3924660,NO,NO,2026-07-16,18798100.0
4888,HIBS,16.84,17.21,345970.0,ETF,ETF,0.0,11.0,9.0,0.0,1.2432,0.8515,210076.0,283930.0,74.95,16.23,0,NO,19.19,20.0,32.47,19.31,27.02,,1726,0.0,345977,NO,NO,2026-03-03,2756370.0
4889,WULX,15.69,17.76,265357.0,ETF,ETF,0.0,84.0,0.0,1.0,2.1607,1.9301,315347.0,314150.0,68.49,12.35,0,NO,15.74,18.86,29.12,17.93,30.4,,229,0.0,265357,NO,NO,2026-02-13,1071200.0
4890,PZZA,20.15,20.29,888966.0,Consumer Cyclical,Restaurants,0.0,3.0,0.0,0.0,0.8154,0.7961,1337228.0,1754090.0,55.74,19.61,663372032,NO,21.91,25.66,32.93,23.98,30.92,,8380,0.0,889123,NO,NO,1999-12-10,36628800.0
4891,STSM,30.79,30.992,9138.0,ETF,ETF,0.0,5.0,7.0,0.0,1.2783,0.6552,8136.0,3405.0,132.17,29.9,0,NO,34.45,36.47,57.99,35.26,46.18,,211,0.0,9138,NO,NO,2026-07-16,82050.0
4892,RKLX,17.54,18.41,3540242.0,ETF,ETF,0.0,78.0,0.0,1.0,1.6311,1.5492,2805484.0,3298210.0,114.83,13.29,0,NO,15.49,18.39,39.23,18.01,36.28,,385,0.0,3552429,NO,NO,2026-05-08,9745300.0
4893,CRWU,35.19,34.06,187640.0,ETF,ETF,0.0,20.0,0.0,2.0,4.5281,3.7713,511189.0,207540.0,307.38,20.35,0,NO,35.55,37.19,62.22,36.92,55.51,,291,0.0,187742,NO,NO,2026-08-12,1748380.0
4894,IREX,17.83,18.04,929952.0,ETF,ETF,0.0,96.0,0.0,1.0,2.0134,1.944,1370220.0,1540540.0,155.28,8.06,0,NO,14.97,14.78,30.33,15.18,24.93,,229,0.0,929952,NO,NO,2026-07-31,3290300.0
4895,CCB,43.91,45.14,94642.0,Financial Services,Banks - Regional,0.0,28.0,1.0,0.0,1.8071,1.7939,242669.0,194580.0,120.05,36.61,671222592,NO,47.26,53.91,78.43,49.34,66.96,,2055,0.0,94642,NO,NO,2026-07-30,2056000.0
4896,AVXX,25.69,27.36,101145.0,ETF,ETF,0.0,10.0,11.0,0.0,2.9308,2.755,166515.0,331670.0,368.73,20.41,0,NO,24.48,28.24,75.53,28.38,41.41,,228,0.0,101145,NO,NO,2026-09-10,1053000.0
4897,EYES,29.0,28.42,57.0,ETF,ETF,0.0,46.0,90.0,,0.4557,0.1393,2455.0,710.0,1098.9,23.9,0,NO,28.87,28.25,,28.57,,,96,0.99,2200,NO,NO,2026-08-07,89400.0
4898,CWVX,15.24,15.18,1308811.0,ETF,ETF,0.0,38.0,0.0,1.0,1.9866,1.6924,1182285.0,1660260.0,126.0,8.83,0,NO,15.35,16.1,26.78,16.0,24.09,,303,0.0,1313030,NO,NO,2026-02-27,4865500.0
4899,HIMZ,25.38,27.26,260544.0,ETF,ETF,0.0,0.0,0.0,10.0,2.2814,2.2593,369839.0,301350.0,391.58,12.38,0,NO,26.57,31.57,43.06,28.42,32.42,,384,0.0,269160,NO,NO,2026-03-09,12750264.0
4900,CRWG,18.27,18.2,2147165.0,ETF,ETF,0.0,38.0,0.0,1.0,2.4004,2.0428,1680233.0,2536450.0,165.95,10.66,0,NO,18.4,19.36,33.02,19.22,29.38,,282,0.0,2153882,NO,NO,2026-09-17,7683700.0
4901,FRVO,16.35,16.44,2904367.0,Utilities,Utilities - Renewable,0.0,89.0,0.0,,1.1995,1.171,4697550.0,5051410.0,42.65,14.6,4819378688,NO,16.54,19.7,,19.09,,,92,0.0,2904492,NO,NO,2026-09-01,35232500.0
4902,UVXY,17.04,16.63,9054843.0,ETF,ETF,0.0,6.0,1.0,0.0,0.7957,0.6157,7044185.0,8576760.0,70.6,16.55,0,NO,17.99,20.63,33.3,19.81,31.57,,3764,0.06,9065799,YES,NO,2025-10-10,29043480.0
4903,SCO,20.31,20.91,4330134.0,ETF,ETF,0.0,3.0,0.0,1.0,0.7243,0.5669,5018398.0,8159340.0,84.16,19.48,0,NO,21.81,24.83,40.77,24.03,28.58,,4483,0.0,4330531,NO,NO,2026-05-26,28491875.0
4904,PONX,15.77,14.17,5235.0,ETF,ETF,0.0,0.0,10.0,0.0,1.0561,0.7548,10127.0,12880.0,362.55,12.92,0,NO,15.03,17.25,50.99,17.64,27.54,,261,8.68,5235,NO,NO,2026-05-26,181420.0
4905,JDST,22.5,22.48,639640.0,ETF,ETF,0.0,95.0,0.0,0.0,1.6182,1.1982,626504.0,730070.0,101.0,18.95,0,NO,21.56,28.96,35.79,26.3,32.99,,3261,0.0,639640,NO,NO,2026-01-30,6196895.0
4906,ASTN,18.25,17.26,301900.0,ETF,ETF,0.0,92.0,1.0,0.0,2.5104,2.2154,552249.0,270092.0,100.24,12.64,0,NO,19.44,21.26,,20.32,34.36,,157,0.0,301900,NO,NO,2026-05-29,6460925.0
4907,ETHD,24.69,23.46,811433.0,ETF,ETF,0.0,1.0,0.0,0.0,2.4785,1.8874,499019.0,1080550.0,106.8,23.03,0,NO,29.41,44.92,58.61,41.42,58.47,,575,2.81,811433,NO,NO,2025-10-10,8300670.0
4908,RKLZ,15.65,15.973,1063368.0,ETF,ETF,0.0,10.0,19.0,0.0,2.0989,1.9838,1592881.0,336720.0,1020.36,8.35,0,NO,19.9,20.05,89.19,19.4,43.71,,211,0.0,1066392,NO,NO,2026-05-27,9159980.0
4909,RGTZ,15.15,14.32,611345.0,ETF,ETF,0.0,19.0,5.0,0.0,1.9664,1.8017,872807.0,426208.0,187.4,11.2,0,NO,16.89,19.32,64.77,17.96,47.52,,240,0.0,611481,NO,NO,2026-05-22,26676240.0
4910,QBTZ,16.65,15.17,358709.0,ETF,ETF,0.0,95.0,12.0,0.0,2.0564,1.7686,632238.0,315194.0,484.2,12.99,0,NO,17.94,20.25,96.85,19.08,71.11,,241,0.0,359208,NO,NO,2026-05-22,5464700.0
4911,AXTX,31.02,35.66,1542890.0,ETF,ETF,0.0,92.0,0.0,,4.8264,4.3321,2397202.0,2967547.0,306.24,12.0,0,NO,26.39,30.5,,32.41,,,105,0.0,1542890,NO,NO,2026-07-31,6811075.0
4912,QBTX,23.64,25.55,714015.0,ETF,ETF,0.0,1.0,0.0,0.0,2.8248,2.502,511598.0,572342.0,684.75,21.08,0,NO,24.7,30.22,67.69,29.37,46.32,,355,0.0,717423,NO,NO,2026-05-22,3196100.0
4913,UVIX,36.29,35.04,2242419.0,ETF,ETF,0.0,3.0,0.0,0.0,2.306,1.7653,1861542.0,2828800.0,292.92,34.9,0,NO,39.13,47.55,98.45,44.95,90.01,,1125,0.57,2247649,NO,NO,2026-03-03,5635180.0
4914,SOXS,33.66,32.42,81495585.0,ETF,ETF,0.0,0.0,6.0,0.0,4.3621,3.0164,61479972.0,61310630.0,17190.0,31.7,0,NO,45.67,47.32,3160.25,45.06,1533.44,,4160,1.39,81507773,YES,NO,2026-06-09,138885730.0
4915,LITZ,26.06,25.6,774690.0,ETF,ETF,0.0,0.0,0.0,,4.0262,3.6319,662653.0,1363105.0,121.36,22.7,0,NO,29.76,44.36,,38.97,,,106,0.82,775058,NO,NO,2026-09-08,3632500.0
4916,CRMX,21.51,32.16,96658.0,ETF,ETF,0.0,43.0,0.0,0.0,4.0213,2.6979,53796.0,107162.0,577.32,12.76,0,NO,21.5,20.56,,19.79,48.78,,174,0.0,96946,NO,NO,2026-04-17,517200.0
4917,SMU,19.45,20.12,197032.0,ETF,ETF,0.0,1.0,0.0,0.0,3.784,3.32,486113.0,871705.0,2814.0,16.76,0,NO,24.17,24.12,82.61,23.17,40.52,,302,0.0,197235,NO,NO,2026-09-11,1812425.0
4918,AXTU,42.01,50.71,71082.0,ETF,ETF,0.0,18.0,0.0,,6.2657,5.4471,86667.0,81460.0,403.7,16.1,0,NO,35.25,41.08,,43.73,,,97,0.0,71082,NO,NO,2026-07-31,272570.0
4919,CABO,15.83,18.01,362522.0,Communication Services,Telecom Services,0.0,0.0,0.0,0.0,2.6016,2.5061,267955.0,317270.0,180.74,15.72,89818232,NO,22.29,31.01,71.99,27.77,56.36,,2837,0.0,363028,NO,NO,2025-05-02,1297300.0
4920,NBIZ,22.98,21.76,1061520.0,ETF,ETF,0.0,4.0,0.0,0.0,3.5429,3.29,1997704.0,1937690.0,4800.0,17.32,0,NO,25.96,57.26,,42.94,386.84,,168,0.0,1068088,NO,NO,2026-08-14,11411600.0
