Rank,Ticker,Price,Prev_Close,DVol,Sector,Industry,RS Percentile,1M_RS Percentile,3M_RS Percentile,6M_RS Percentile,ATR,ADR,AvgVol,AvgVol10,52WKH,52WKL,MCAP,IPO,SMA20,SMA50,SMA200,SMA10W,SMA30W,Earning_Date,History_Days,Gap (%),Latest Volume,9M+ Volume,HVE,HVE Date,HVE Volume
1,MUU,29.04,30.62,21823704.0,ETF,ETF,98.0,95.0,1.0,98.0,3.175,2.7107,52029434.0,23068470.0,62.64,1.0,0,NO,29.41,33.11,18.91,30.56,24.18,,474,0.0,23455035.0,YES,NO,2026-06-09,109858000.0
2,MULL,20.16,21.4,3068612.0,ETF,ETF,98.0,95.0,1.0,98.0,2.2069,1.8766,8956644.0,4640470.0,43.53,0.7,0,NO,20.5,23.03,13.22,21.27,16.88,,451,0.0,3245997.0,NO,NO,2026-04-01,23787500.0
3,MGRT,106.0,98.07,35404.0,Technology,Information Technology Services,98.0,90.0,95.0,98.0,4.445,4.2243,16879.0,26600.0,170.0,3.08,1457500032,NO,97.33,89.35,52.34,93.85,72.71,,284,1.25,37033.0,NO,NO,2025-12-17,3760600.0
4,SBTU,38.25,43.681,7734.0,ETF,ETF,98.0,98.0,98.0,98.0,4.9422,1.868,141161.0,158930.0,48.31,1.3,0,NO,14.5,7.03,6.22,10.47,5.68,,216,0.0,7955.0,NO,NO,2026-08-19,636600.0
5,REAX,18.17,18.98,838458.0,Real Estate,Real Estate Services,98.0,98.0,98.0,98.0,2.7034,0.9646,582004.0,1309705.0,54.05,15.5,396002336,NO,6.19,3.62,3.06,5.85,3.43,,1416,0.0,1013039.0,NO,NO,2026-08-24,20667200.0
6,ZCSH,66.75,65.83,197397.0,ETF,ETF,98.0,98.0,97.0,98.0,4.6041,3.5266,107498.0,235970.0,70.02,3.31,0,NO,45.64,37.78,29.9,43.52,31.55,,1221,0.09,472700.0,NO,NO,2026-06-05,789900.0
7,MRNA,153.21,140.34,21632393.0,Healthcare,Biotechnology,98.0,98.0,98.0,98.0,21.1895,15.4079,15020504.0,56254160.0,176.66,22.28,61118025728,NO,104.17,80.21,52.97,87.86,63.54,,1943,0.0,25690832.0,YES,NO,2026-08-19,199252300.0
8,MRNX,93.64,79.5,515733.0,ETF,ETF,98.0,98.0,98.0,98.0,23.9064,17.1071,195673.0,1038330.0,143.84,14.95,0,NO,57.7,44.41,,49.83,34.14,,144,0.0,546651.0,NO,NO,2026-08-19,2943500.0
9,RFAIU,47.01,47.01,36.0,Financial Services,Shell Companies,98.0,98.0,98.0,98.0,3.42,0.9843,434.0,420.0,52.94,10.44,0,NO,22.62,15.7,12.1,22.32,14.75,,572,0.0,100.0,NO,NO,2024-05-17,9572400.0
10,ERAS,16.84,17.88,4826733.0,Healthcare,Biotechnology,98.0,7.0,91.0,79.0,1.2618,1.1196,4692031.0,3472000.0,24.28,1.33,5896988160,NO,18.14,18.16,12.56,18.41,15.55,,1287,0.0,6708071.0,NO,NO,2026-04-28,51259600.0
11,DLLL,21.65,25.16,2078526.0,ETF,ETF,98.0,78.0,2.0,98.0,2.8509,2.6511,1719873.0,882700.0,32.1,2.17,0,NO,25.54,23.9,10.77,23.74,14.57,,387,0.0,5192067.0,NO,NO,2026-05-28,15772800.0
12,RFAI,39.0,43.01,14272.0,Financial Services,Shell Companies,98.0,98.0,98.0,98.0,10.9589,9.2404,79007.0,419510.0,73.0,8.94,325407648,NO,24.43,16.4,12.24,22.89,14.92,,541,0.0,15517.0,NO,NO,2026-08-21,3150800.0
13,ANRO,35.01,35.38,229061.0,Healthcare,Biotechnology,98.0,96.0,98.0,95.0,2.1339,2.0531,545187.0,436970.0,37.48,3.41,1374062208,NO,32.56,28.99,21.8,29.92,24.6,,646,0.0,350120.0,NO,NO,2025-10-03,61880600.0
14,MU,931.18,958.73,23255018.0,Technology,Semiconductors,98.0,91.0,9.0,98.0,49.45,42.3607,44984636.0,25332960.0,1255.0,114.25,1051973255168,NO,929.37,945.94,595.45,923.01,721.5,,10645,0.0,27573310.0,YES,NO,2013-10-11,153906100.0
15,TWST,132.34,139.0,908391.0,Healthcare,Biotechnology,98.0,97.0,98.0,98.0,10.2593,8.2964,1795874.0,1865690.0,155.44,23.3,8298763264,NO,129.38,107.56,62.7,113.05,76.58,,1967,0.0,1275105.0,NO,NO,2022-11-15,7568500.0
16,AGL,87.43,87.89,61454.0,Healthcare,Medical Care Facilities,98.0,13.0,17.0,98.0,5.8698,5.6853,330522.0,239830.0,133.04,7.48,1468055552,NO,93.53,103.68,50.05,101.6,65.81,,1351,0.0,99391.0,NO,NO,2025-08-05,7008856.0
17,QMCO,24.03,24.33,670452.0,Technology,Computer Hardware,98.0,98.0,98.0,98.0,2.3147,2.2176,1672015.0,1193320.0,27.8,4.19,947416448,NO,20.14,14.73,9.37,16.07,10.72,,6812,0.0,860329.0,NO,NO,2024-11-22,39483900.0
18,TOP,15.73,16.63,214075.0,Financial Services,Capital Markets,98.0,97.0,98.0,98.0,1.3475,1.3404,91310.0,130580.0,17.42,3.06,1945887616,NO,12.9,11.13,6.46,12.22,7.28,,1066,0.0,220969.0,NO,NO,2024-02-09,14525880.0
19,ORKA,91.74,92.62,390679.0,Healthcare,Biotechnology,98.0,13.0,97.0,98.0,5.6511,5.3604,1211771.0,891630.0,115.52,14.67,6068119040,NO,103.11,94.77,56.91,95.98,68.91,,7310,0.0,590692.0,NO,NO,2026-04-29,7921000.0
20,ETON,60.96,60.44,324606.0,Healthcare,Drug Manufacturers - Specialty & Generic,98.0,96.0,98.0,98.0,4.3914,3.3722,542380.0,629170.0,66.37,14.27,1744571648,NO,54.66,45.64,27.42,49.55,33.63,,1958,0.0,488657.0,NO,NO,2023-08-11,15757000.0
21,NVCT,23.11,22.73,120516.0,Healthcare,Biotechnology,98.0,83.0,98.0,98.0,1.5399,1.4641,325895.0,252770.0,29.27,5.55,754404416,NO,21.46,20.79,11.64,20.76,13.79,,1146,0.31,176908.0,NO,NO,2022-02-07,43338700.0
22,ORAC,21.02,23.92,1486.0,ETF,ETF,98.0,90.0,,,1.6368,0.8304,23066.0,1220.0,27.25,7.16,0,NO,23.35,,,21.33,,,45,0.0,1590.0,NO,NO,2026-06-29,522900.0
23,MAAS,16.27,16.31,63377.0,Financial Services,Asset Management,98.0,7.0,97.0,98.0,1.4614,1.4509,143033.0,186320.0,24.9,2.85,7194196992,NO,17.05,16.84,9.47,16.87,11.66,,1866,0.0,69380.0,NO,NO,2026-04-20,4246200.0
24,SAIH,23.0,23.5,6293.0,Technology,Information Technology Services,98.0,96.0,98.0,98.0,1.7969,1.6923,8412.0,20450.0,24.7,5.65,42257716,NO,21.93,16.97,11.03,18.15,12.49,,1300,0.0,6293.0,NO,NO,2023-04-26,3801647.0
25,PLSE,52.42,50.33,877167.0,Healthcare,Medical Instruments & Supplies,98.0,97.0,98.0,98.0,3.0301,3.0153,384741.0,380080.0,54.39,12.56,3738731008,NO,45.54,35.89,23.33,38.76,28.01,,2586,0.0,1132377.0,NO,NO,2022-09-26,4339700.0
26,TXG,60.85,62.45,1278846.0,Healthcare,Health Information Services,98.0,95.0,98.0,98.0,3.7791,3.3937,3250536.0,3065420.0,66.94,11.16,7928543232,NO,58.34,48.6,28.02,51.71,33.23,,1751,0.0,1960031.0,NO,NO,2025-06-27,17909500.0
27,MRVU,95.39,97.65,135268.0,ETF,ETF,98.0,93.0,1.0,98.0,17.4886,12.2779,322493.0,247260.0,308.77,20.8,0,NO,114.31,126.38,,112.5,98.38,,138,0.0,139004.0,NO,NO,2026-06-03,1251400.0
28,DMRA,27.93,28.18,160256.0,Healthcare,Biotechnology,98.0,19.0,86.0,15.0,1.6974,1.5353,568974.0,311020.0,38.33,2.45,1724581760,NO,30.4,29.17,25.98,29.83,26.69,,1465,0.0,272707.0,NO,NO,2025-10-07,77432200.0
29,APLM,26.94,27.09,6543.0,Healthcare,Biotechnology,98.0,98.0,98.0,91.0,2.3477,2.3297,24400.0,6500.0,42.12,3.94,78019672,NO,21.88,20.21,17.87,21.04,18.1,,1194,0.0,6633.0,NO,NO,2024-11-18,16778222.0
30,MVLL,23.36,23.9,3480284.0,ETF,ETF,98.0,88.0,0.0,98.0,4.1858,3.2301,6090841.0,6118090.0,77.67,4.32,0,NO,27.98,30.51,19.63,27.1,24.44,,374,0.0,3635908.0,NO,NO,2025-08-29,36696300.0
31,SYRE,87.68,89.33,912611.0,Healthcare,Biotechnology,98.0,5.0,93.0,97.0,5.7815,4.7051,1318830.0,1285430.0,110.17,14.51,7731515904,NO,102.5,98.45,60.69,98.22,73.76,,2615,0.0,1404661.0,NO,NO,2023-06-22,10228380.0
32,FTH,34.56,32.77,219016.0,Healthcare,Biotechnology,98.0,95.0,98.0,80.0,2.8364,2.7914,224582.0,294230.0,37.9,7.45,893045120,NO,30.7,28.74,21.12,29.75,26.44,,1399,2.04,276713.0,NO,NO,2026-02-18,12540600.0
33,AMLX,33.6,33.75,1253713.0,Healthcare,Drug Manufacturers - Specialty & Generic,98.0,98.0,98.0,97.0,2.9357,2.2956,2475831.0,6017990.0,41.14,9.14,3746042880,NO,29.77,22.82,16.44,24.66,18.17,,1165,0.0,1821445.0,NO,NO,2024-03-08,61466800.0
34,RVMD,208.25,205.57,1134840.0,Healthcare,Biotechnology,98.0,89.0,94.0,97.0,9.0415,7.9171,2393938.0,2077950.0,224.31,37.88,44666638336,NO,207.8,193.69,131.2,198.84,151.12,,1645,0.0,1829332.0,NO,NO,2025-06-27,26439100.0
35,VOGX,33.26,34.0,318241.0,Healthcare,Biotechnology,98.0,,,,,,268135.0,291970.0,35.5,12.95,494080160,YES,,,,,,,14,0.0,338631.0,NO,NO,2026-08-18,776200.0
36,PRAX,351.29,350.3,203292.0,Healthcare,Biotechnology,98.0,91.0,72.0,59.0,19.7769,18.063,504539.0,353350.0,392.7,37.19,9816109056,NO,363.87,335.84,304.57,341.58,324.43,,1474,0.0,305815.0,NO,NO,2025-10-16,13741900.0
37,BNMC,66.57,69.18,48.0,ETF,ETF,98.0,98.0,,,3.53,0.96,505.0,540.0,70.35,24.42,0,NO,45.25,,,,,,36,0.0,100.0,NO,NO,2026-07-10,9100.0
38,AMDL,46.37,48.41,1147814.0,ETF,ETF,98.0,4.0,1.0,98.0,4.018,3.3951,3634946.0,1730500.0,83.79,8.88,0,NO,50.79,59.05,34.47,56.81,42.34,,617,0.0,1229205.0,NO,NO,2025-10-06,106498200.0
39,QURE,47.86,48.68,428264.0,Healthcare,Biotechnology,98.0,87.0,98.0,98.0,2.0361,1.9211,1880326.0,1093180.0,71.5,8.73,3319182848,NO,47.43,44.56,28.03,44.81,30.36,,3161,0.0,748790.0,NO,NO,2025-09-24,70079700.0
40,DFTX,38.57,39.72,1117540.0,Healthcare,Biotechnology,98.0,4.0,97.0,97.0,2.7096,2.3314,2986324.0,1686660.0,49.7,8.7,5182533120,NO,43.79,43.79,24.38,43.82,29.24,,2460,0.0,1570965.0,NO,NO,2024-03-07,38010300.0
41,NCEW,18.19,18.19,57.0,Industrials,Integrated Freight & Logistics,98.0,92.0,19.0,97.0,0.2963,0.1205,3119.0,750.0,20.83,2.8,58208000,NO,17.15,17.1,12.04,16.83,14.93,,425,0.0,57.0,NO,NO,2025-05-07,5841313.0
42,PLTL,67.1,67.0,118.0,ETF,ETF,98.0,98.0,,,3.05,1.2586,1317.0,320.0,67.19,27.78,0,NO,57.61,,,48.59,,,45,0.0,100.0,NO,NO,2026-08-10,9400.0
43,XNCR,27.83,27.265,819340.0,Healthcare,Biotechnology,98.0,97.0,98.0,97.0,1.5241,1.4152,1119669.0,1650920.0,30.61,7.91,2069255168,NO,24.77,20.09,14.9,21.67,15.41,,3204,0.0,1475714.0,NO,NO,2019-07-01,9135200.0
44,MBX,61.24,61.6,237818.0,Healthcare,Biotechnology,98.0,8.0,98.0,96.0,3.1259,2.7974,755392.0,412090.0,72.64,9.63,2948361216,NO,66.72,61.83,39.98,63.97,43.94,,492,0.0,416083.0,NO,NO,2025-09-22,28303500.0
45,RLAY,18.52,18.38,928324.0,Healthcare,Biotechnology,98.0,23.0,94.0,96.0,0.9779,0.8521,3340388.0,2734580.0,21.27,3.57,4065076992,NO,19.79,19.26,12.71,19.28,14.93,,1539,0.0,1513906.0,NO,NO,2024-09-09,19068500.0
46,MXL,57.62,59.91,1363592.0,Technology,Semiconductors,98.0,3.0,2.0,98.0,5.9586,4.9471,3534387.0,2067360.0,128.3,12.77,5225741824,NO,69.37,79.1,46.51,74.21,60.04,,4135,0.0,2874773.0,NO,NO,2026-04-24,29044000.0
47,STX,815.03,828.38,1761762.0,Technology,Computer Hardware,98.0,13.0,10.0,97.0,56.0826,47.7226,4750192.0,3570390.0,1145.0,163.86,184707350528,NO,856.47,870.82,582.32,852.6,703.72,,5967,0.0,2345471.0,NO,NO,2012-06-29,89629700.0
48,DELL,425.17,456.01,8290277.0,Technology,Computer Hardware,98.0,49.0,28.0,98.0,24.1886,23.3936,7163949.0,4886850.0,514.0,110.22,274898059264,NO,457.18,434.22,247.74,433.64,304.81,2026-09-01,2524,0.0,14731371.0,YES,NO,2016-09-07,147907159.0
49,CRNX,84.95,84.85,8182078.0,Healthcare,Biotechnology,98.0,46.0,98.0,97.0,0.1471,0.1343,4095514.0,3015470.0,85.01,31.0,9012787200,NO,84.48,73.86,50.23,80.02,51.8,,2040,0.0,8204900.0,NO,NO,2026-07-07,80925500.0
50,AMUU,159.51,171.94,29234.0,ETF,ETF,97.0,5.0,2.0,98.0,14.0541,10.8447,103873.0,50730.0,293.65,35.19,0,NO,182.21,210.28,121.45,201.44,149.18,,354,0.0,37291.0,NO,NO,2025-10-06,1327100.0
51,OMER,18.73,18.79,815581.0,Healthcare,Biotechnology,97.0,98.0,98.0,95.0,1.1914,0.9671,2089326.0,1704110.0,19.65,3.94,1355471360,NO,16.6,12.83,11.91,13.86,12.29,,4249,0.0,2042215.0,NO,NO,2025-10-15,125221000.0
52,AMDG,78.12,82.583,12720.0,ETF,ETF,97.0,5.0,2.0,98.0,6.5224,4.7526,62503.0,22610.0,141.38,16.9,0,NO,87.57,101.06,58.73,96.65,71.87,,402,0.0,14327.0,NO,NO,2025-10-06,1776500.0
53,OKTG,37.45,41.01,49719.0,ETF,ETF,97.0,95.0,91.0,98.0,3.7238,2.8484,31707.0,51290.0,41.82,7.0,0,NO,31.49,30.12,,32.12,20.13,,197,0.0,52069.0,NO,NO,2026-05-29,411900.0
54,OESX,22.51,22.99,22620.0,Industrials,Electrical Equipment & Parts,97.0,98.0,98.0,97.0,2.0085,1.9335,77779.0,109300.0,27.37,7.03,92049832,NO,20.03,14.34,12.87,16.04,12.03,,4703,0.0,31646.0,NO,NO,2026-08-05,678000.0
55,LABU,299.94,296.31,186063.0,ETF,ETF,97.0,96.0,97.0,96.0,25.4326,19.6319,507720.0,431490.0,341.93,71.88,0,NO,294.36,278.09,196.31,283.88,212.98,,2832,0.0,212528.0,NO,NO,2025-04-09,7938800.0
56,SPRB,55.8,58.97,51321.0,Healthcare,Biotechnology,97.0,96.0,81.0,45.0,4.1782,3.9189,67731.0,78640.0,240.0,7.2,160369920,NO,52.6,49.86,64.61,50.2,54.96,,1479,0.0,58126.0,NO,NO,2025-10-06,24947100.0
57,TRAX,41.19,41.84,339265.0,Healthcare,Biotechnology,97.0,9.0,98.0,,2.8986,2.7343,761526.0,569450.0,49.91,14.72,1471932160,NO,44.54,36.16,,39.0,,,103,0.0,490592.0,NO,NO,2026-07-09,4512600.0
58,DNTH,106.61,105.61,310685.0,Healthcare,Biotechnology,97.0,39.0,90.0,96.0,4.8761,4.4546,1044074.0,558000.0,117.88,23.39,5831793664,NO,111.07,103.82,74.63,106.25,88.44,,2059,0.0,576598.0,NO,NO,2025-09-08,5974200.0
59,MF,16.1,21.69,277944.0,Communication Services,Advertising Agencies,97.0,98.0,98.0,0.0,3.4257,3.248,1281446.0,116290.0,83.5,2.12,29270316,NO,13.82,9.21,29.51,10.39,20.41,,608,0.0,279638.0,NO,NO,2026-06-12,35342000.0
60,APGE,135.07,135.08,770698.0,Healthcare,Biotechnology,97.0,52.0,98.0,96.0,0.13,0.1171,2729931.0,1162110.0,135.09,35.39,10223520768,NO,134.69,134.04,91.25,134.31,99.76,,786,0.0,1077302.0,NO,NO,2026-06-22,61663500.0
61,LBRX,47.13,47.26,103221.0,Healthcare,Biotechnology,97.0,93.0,97.0,97.0,2.0674,2.0078,329892.0,271100.0,50.16,13.36,1520536192,NO,47.05,39.07,28.03,41.13,31.95,,244,0.0,201979.0,NO,NO,2025-12-19,4085700.0
62,TVTX,65.83,66.28,689501.0,Healthcare,Biotechnology,97.0,93.0,96.0,97.0,2.1224,1.9806,1796344.0,1246780.0,67.85,17.27,6205207040,NO,63.59,59.53,41.79,60.59,45.88,,3472,0.0,1074039.0,NO,NO,2021-08-16,31010800.0
63,FRD,44.18,43.25,37135.0,Basic Materials,Steel,97.0,96.0,98.0,97.0,2.5596,2.4018,90111.0,64530.0,48.77,16.55,318661120,NO,42.92,37.69,24.78,39.11,27.7,,11709,0.0,46360.0,NO,NO,2005-02-22,876000.0
64,NESR,34.87,35.11,950217.0,Energy,Oil & Gas Equipment & Services,97.0,96.0,96.0,93.0,1.575,1.575,2198234.0,1888440.0,36.94,9.15,3516700416,NO,33.47,29.89,23.02,30.72,26.02,,539,0.0,1507325.0,NO,NO,2025-06-27,8949700.0
65,RLYB,16.83,16.79,9781.0,Healthcare,Biotechnology,97.0,77.0,37.0,94.0,0.4666,0.4473,36726.0,9390.0,17.57,3.67,89349152,NO,16.65,16.29,10.53,16.36,12.82,,1278,0.0,11178.0,NO,NO,2025-07-08,18984488.0
66,MNPR,114.44,111.93,72063.0,Healthcare,Biotechnology,97.0,85.0,98.0,97.0,7.3637,7.0869,219384.0,193060.0,124.82,32.77,768140992,NO,115.18,106.83,74.41,110.52,76.58,,1682,0.0,95174.0,NO,NO,2024-09-12,40971400.0
67,VSXY,83.68,85.41,1034888.0,Consumer Cyclical,Apparel Retail,97.0,12.0,97.0,92.0,3.9859,3.6281,1970325.0,1250330.0,102.46,22.02,6647892480,NO,89.59,85.64,61.98,85.56,66.72,,1284,0.0,1493503.0,NO,NO,2024-03-07,25901500.0
68,SIF,21.28,23.44,110627.0,Industrials,Aerospace & Defense,97.0,1.0,76.0,93.0,1.3871,1.3736,133538.0,91440.0,29.0,4.88,0,NO,22.52,23.2,14.88,23.39,18.83,,13495,0.0,127080.0,NO,NO,2020-12-24,23826800.0
69,CRWL,71.32,83.668,291921.0,ETF,ETF,97.0,93.0,66.0,98.0,7.8991,7.1256,152131.0,227760.0,85.74,15.25,0,NO,72.62,65.98,40.15,68.26,44.51,,450,0.0,319800.0,NO,NO,2026-02-23,1426500.0
70,AAOI,104.08,107.69,3834382.0,Technology,Communication Equipment,97.0,12.0,0.0,61.0,12.6732,11.0276,11766284.0,8946620.0,233.67,18.5,8838320128,NO,125.08,120.11,100.29,115.81,126.63,,3252,0.0,4840825.0,NO,NO,2022-09-16,77414200.0
71,REPL,15.56,15.3,1277836.0,Healthcare,Biotechnology,97.0,97.0,98.0,97.0,0.9789,0.95,4833053.0,2629920.0,16.15,1.5,1465963264,NO,14.41,11.91,8.46,12.68,8.79,,2039,0.0,1778474.0,NO,NO,2025-07-30,202083400.0
72,MEI,18.39,18.23,309003.0,Technology,Electronic Components,97.0,96.0,97.0,97.0,1.2643,1.1,740661.0,678800.0,20.38,4.88,652042176,NO,16.4,15.98,10.05,15.96,11.5,,11053,0.0,486676.0,NO,NO,2000-06-27,15771245.0
73,TXXH,65.4,68.5,62080.0,ETF,ETF,97.0,98.0,11.0,,6.0843,4.5236,17920.0,26370.0,74.74,23.05,0,NO,46.51,45.25,,46.89,,,85,0.0,63375.0,NO,NO,2026-06-05,72200.0
74,MSTC,47.12,52.95,224.0,ETF,ETF,97.0,98.0,,,4.7133,1.7758,2045.0,5460.0,57.42,23.4,0,NO,37.23,,,35.58,,,46,0.0,226.0,NO,NO,2026-08-21,17900.0
75,RACC,20.5,20.75,12952.0,Financial Services,Shell Companies,97.0,10.0,98.0,,2.8607,2.8607,32469.0,38760.0,33.5,10.21,186519840,NO,24.1,17.09,,18.23,,,71,0.0,12961.0,NO,NO,2026-05-20,713600.0
76,ANDG,56.19,55.74,258279.0,Consumer Cyclical,Personal Services,97.0,93.0,96.0,97.0,2.7368,2.3803,445596.0,798360.0,57.17,18.12,6343141888,NO,50.27,44.99,,47.49,36.65,,176,0.0,396985.0,NO,NO,2025-12-17,7670200.0
77,MRVL,209.29,211.66,16860782.0,Technology,Semiconductors,97.0,87.0,3.0,98.0,16.45,12.725,40106541.0,29543370.0,329.88,61.44,188179759104,NO,224.65,224.63,149.86,215.64,177.66,,6581,0.0,21100940.0,YES,NO,2026-06-18,250989400.0
78,RNG,70.15,69.62,1250790.0,Technology,Software - Application,97.0,95.0,96.0,97.0,2.92,2.8457,1851853.0,1394830.0,70.66,24.14,5857121792,NO,65.26,51.82,38.92,56.08,44.8,,3250,0.56,1982004.0,NO,NO,2026-02-11,15343500.0
79,ANAB,55.23,57.03,553576.0,Healthcare,Biotechnology,97.0,74.0,68.0,94.0,2.3192,2.3142,591419.0,363000.0,72.36,11.4,1635276288,NO,57.15,58.4,45.76,58.07,52.66,2026-09-01,2412,0.0,773855.0,NO,NO,2019-11-08,26495100.0
80,MAN,61.72,62.95,566218.0,Industrials,Staffing & Employment Services,97.0,92.0,98.0,97.0,2.1489,2.0861,1245158.0,899290.0,63.88,25.15,2869968128,NO,58.86,49.69,34.68,53.33,37.63,,9546,0.0,962539.0,NO,NO,2025-09-19,9102700.0
81,RCMT,41.99,41.6,47562.0,Industrials,Conglomerates,97.0,97.0,98.0,97.0,2.1702,1.8437,69965.0,93980.0,43.09,17.26,298580768,NO,35.88,31.12,24.44,32.83,26.66,,10827,0.0,58954.0,NO,NO,2021-02-11,63555000.0
82,DK,72.57,74.34,1369628.0,Energy,Oil & Gas Refining & Marketing,97.0,84.0,97.0,96.0,4.4671,4.4079,1325492.0,1700710.0,77.14,25.85,4443313152,NO,66.53,61.21,44.34,64.14,49.94,,5113,0.0,1797521.0,NO,NO,2014-05-15,9035100.0
83,AEHR,76.78,79.27,1549139.0,Technology,Semiconductor Equipment & Materials,97.0,14.0,5.0,96.0,12.4364,10.6614,2494806.0,2165650.0,147.4,18.7,2504435200,NO,106.77,92.55,61.54,88.58,76.99,,7305,0.0,1940176.0,NO,NO,2021-07-19,139700300.0
84,PMTS,28.37,28.97,47283.0,Financial Services,Credit Services,97.0,97.0,98.0,97.0,1.1653,1.1335,69282.0,91160.0,31.25,10.81,327125088,NO,27.79,23.0,17.09,24.09,18.75,,2739,0.0,74910.0,NO,NO,2015-10-09,1463680.0
85,NBTX,39.37,40.64,77908.0,Healthcare,Biotechnology,97.0,68.0,65.0,86.0,3.3522,2.5572,125774.0,174410.0,57.14,8.03,2000188672,NO,40.63,39.25,31.82,39.89,36.39,,1435,0.0,91340.0,NO,NO,2023-05-05,39763000.0
86,ARCT,16.25,14.76,1147576.0,Healthcare,Biotechnology,97.0,98.0,98.0,97.0,1.4793,1.3457,782814.0,2203070.0,24.17,5.5,461732768,NO,10.4,8.06,7.59,9.31,8.2,,3339,0.75,1367225.0,NO,NO,2020-12-29,15683700.0
87,CORT,113.09,113.35,544534.0,Healthcare,Biotechnology,97.0,29.0,97.0,98.0,4.0714,3.8807,1079544.0,827750.0,126.38,28.66,12224847872,NO,115.52,101.62,66.09,106.03,69.94,,5631,0.0,1014053.0,NO,NO,2020-09-02,88404100.0
88,ALM,17.52,17.8,3215611.0,Basic Materials,Other Industrial Metals & Mining,97.0,98.0,14.0,8.0,1.2605,1.1119,6443028.0,5750190.0,24.41,3.98,5054471168,NO,15.93,15.22,14.73,15.48,17.17,,3322,0.0,7260704.0,NO,NO,2026-06-26,18932600.0
89,KRT,47.55,47.64,67457.0,Consumer Cyclical,Packaging & Containers,97.0,93.0,98.0,96.0,1.6699,1.6076,137244.0,129990.0,50.81,20.61,947753280,NO,47.33,40.49,29.43,42.66,32.72,,1351,0.0,114549.0,NO,NO,2021-04-15,1963200.0
90,TNGX,22.39,22.84,907393.0,Healthcare,Biotechnology,97.0,1.0,23.0,96.0,1.459,1.3319,3738292.0,2208710.0,34.39,6.25,3775185920,NO,25.68,27.6,19.3,26.71,22.92,,1504,0.0,1544226.0,NO,NO,2023-08-09,74897800.0
91,KNSA,79.5,78.63,237289.0,Healthcare,Drug Manufacturers - Specialty & Generic,97.0,82.0,97.0,96.0,2.3265,2.1951,732677.0,452980.0,82.94,33.45,6202909184,NO,78.33,70.2,52.11,72.0,57.05,,2077,0.0,386959.0,NO,NO,2025-06-27,8685900.0
92,SIMO,237.02,246.84,579695.0,Technology,Semiconductors,97.0,9.0,9.0,96.0,17.1936,15.3882,1023471.0,809930.0,355.0,77.22,8029386240,NO,250.76,274.61,181.15,269.17,218.95,,5325,0.0,673944.0,NO,NO,2023-07-26,17771600.0
93,MANE,99.26,98.41,271379.0,Healthcare,Biotechnology,97.0,8.0,20.0,97.0,5.7564,5.6186,722122.0,611320.0,131.24,32.0,4147096320,NO,106.72,111.3,,110.44,88.63,,144,0.0,540462.0,NO,NO,2026-06-26,4047300.0
94,KOD,37.24,37.35,215290.0,Healthcare,Biotechnology,97.0,4.0,49.0,91.0,2.6996,2.5575,707906.0,589620.0,47.84,8.29,2341142272,NO,40.85,40.22,32.79,40.67,36.46,,1986,0.0,391545.0,NO,NO,2022-02-23,26802500.0
95,KORU,19.29,20.96,19385820.0,ETF,ETF,97.0,94.0,0.0,16.0,2.1332,1.5836,30248547.0,24934670.0,63.98,3.8,0,NO,19.67,22.67,22.51,20.53,26.86,,3370,0.0,20528095.0,YES,NO,2024-12-03,107838800.0
96,AMD,459.8,470.72,12460042.0,Technology,Semiconductors,97.0,15.0,9.0,98.0,19.1707,16.2686,27214974.0,16666110.0,584.73,149.22,749795737600,NO,478.39,502.9,337.72,496.58,390.39,,11710,0.0,16112953.0,YES,NO,2018-08-27,325058400.0
97,SILC,40.0,43.05,131847.0,Technology,Communication Equipment,97.0,51.0,68.0,97.0,3.7854,3.4361,185798.0,202360.0,52.95,13.34,229904448,NO,44.34,42.87,29.12,43.36,35.55,,8186,0.0,143935.0,NO,NO,1999-12-08,2163100.0
98,NEO,17.5,17.91,779861.0,Healthcare,Diagnostics & Research,96.0,91.0,97.0,96.0,0.8272,0.7272,2840241.0,1843320.0,19.76,7.07,2249604864,NO,16.64,15.2,11.52,15.86,11.59,,5651,0.0,1317665.0,NO,NO,2022-03-29,20137400.0
99,VLO,360.85,358.92,1899309.0,Energy,Oil & Gas Refining & Marketing,96.0,92.0,96.0,95.0,10.3845,9.9859,2830214.0,2150510.0,364.9,151.25,104128675840,NO,335.1,305.51,235.94,317.09,263.63,,11255,0.0,2714282.0,NO,NO,2004-04-28,84719360.0
100,KYMR,118.46,118.81,326482.0,Healthcare,Biotechnology,96.0,91.0,97.0,90.0,5.17,4.8868,859384.0,618630.0,130.05,39.84,9743821824,NO,116.53,112.9,88.01,114.66,94.58,,1513,0.0,576564.0,NO,NO,2025-12-08,7495500.0
101,NRIX,25.93,25.78,561321.0,Healthcare,Biotechnology,96.0,89.0,97.0,95.0,0.9979,0.9102,2008549.0,1152340.0,28.23,8.2,2691058944,NO,26.38,24.4,18.64,24.9,19.26,,1533,0.0,1322631.0,NO,NO,2026-06-08,21065100.0
102,MPC,378.33,373.32,1660847.0,Energy,Oil & Gas Refining & Marketing,96.0,94.0,97.0,96.0,10.6771,10.3893,2375614.0,2458940.0,381.15,161.93,106286563328,NO,346.41,311.25,237.95,324.93,265.12,,3818,2.0,2367312.0,NO,NO,2018-09-28,39153800.0
103,DINO,103.38,101.61,1824854.0,Energy,Oil & Gas Refining & Marketing,96.0,90.0,96.0,96.0,3.7729,3.5964,2603362.0,2138690.0,103.77,45.71,18368628736,NO,92.13,85.23,64.65,89.23,71.67,,11709,1.16,2615957.0,NO,NO,2021-06-03,44093600.0
104,NGL,18.1,18.97,180880.0,Energy,Oil & Gas Midstream,96.0,89.0,77.0,94.0,0.9313,0.8542,242314.0,229580.0,19.06,5.36,0,NO,17.29,16.3,13.46,16.44,14.97,,3846,0.0,252339.0,NO,NO,2021-03-19,22666400.0
105,RAPP,48.86,48.67,88359.0,Healthcare,Biotechnology,96.0,93.0,95.0,95.0,2.0384,1.9099,353804.0,281330.0,52.93,14.11,2341820416,NO,47.92,43.59,34.35,44.55,37.58,,559,0.0,148592.0,NO,NO,2025-09-08,13877600.0
106,NBIS,200.49,206.32,8740559.0,Communication Services,Internet Content & Information,96.0,12.0,3.0,97.0,17.4028,15.0451,21095533.0,20268900.0,299.86,63.26,54501535744,NO,221.34,216.09,152.87,208.47,177.84,,467,0.0,10776181.0,YES,NO,2025-09-09,88378300.0
107,OSCX,103.08,101.089,2700.0,ETF,ETF,96.0,2.0,96.0,98.0,8.3844,6.8771,6493.0,4790.0,136.0,17.62,0,NO,105.18,109.3,62.06,108.71,71.04,,234,0.0,2825.0,NO,NO,2025-11-24,357050.0
108,STRZ,26.5,26.475,364213.0,Communication Services,Entertainment,96.0,64.0,61.0,97.0,2.0096,1.9337,173590.0,197300.0,32.58,8.4,453790560,NO,26.53,27.0,17.84,26.74,21.17,,331,0.0,413927.0,NO,NO,2025-05-07,1817800.0
109,ANIK,21.03,20.87,56354.0,Healthcare,Drug Manufacturers - Specialty & Generic,96.0,87.0,96.0,94.0,1.0679,1.0671,95050.0,130020.0,22.88,8.37,280573888,NO,21.08,17.85,13.72,18.71,15.74,,8390,0.0,90025.0,NO,NO,2014-02-26,6447400.0
110,DOCN,108.66,110.69,1457363.0,Technology,Software - Infrastructure,96.0,8.0,1.0,96.0,8.5676,7.0741,3255080.0,2179840.0,187.5,30.89,12700311552,NO,121.67,128.29,95.84,122.09,114.37,,1366,0.0,2120160.0,NO,NO,2026-04-08,16602000.0
111,TH,17.91,18.52,457523.0,Industrials,Specialty Business Services,96.0,93.0,72.0,97.0,1.0574,0.9881,1276304.0,1380940.0,20.85,5.97,1787244288,NO,17.12,17.41,12.57,17.3,14.89,,2130,0.0,890172.0,NO,NO,2021-04-06,27016300.0
112,MSFC,49.25,48.92,8.0,ETF,ETF,96.0,98.0,,,0.9071,0.0871,1639.0,210.0,50.56,27.16,0,NO,46.74,,,40.0,,,45,0.0,100.0,NO,NO,2026-08-03,35100.0
113,DSGN,15.07,15.09,343505.0,Healthcare,Biotechnology,96.0,95.0,96.0,94.0,0.6814,0.6657,695712.0,633710.0,17.25,5.28,943105472,NO,14.81,13.95,11.48,14.16,12.43,,1363,0.0,476963.0,NO,NO,2023-08-15,16120700.0
114,NOWX,39.77,41.46,668.0,ETF,ETF,96.0,98.0,,,2.3518,0.7464,2811.0,1000.0,41.46,17.0,0,NO,31.11,,,,,,35,0.0,674.0,NO,NO,2026-07-14,10800.0
115,ARWR,82.57,82.39,695738.0,Healthcare,Biotechnology,96.0,21.0,82.0,89.0,3.1415,2.6761,2012844.0,1100710.0,95.49,22.73,11664793600,NO,87.3,83.57,70.24,83.77,73.74,,8231,0.0,1330174.0,NO,NO,2014-10-08,54778100.0
116,TGTX,55.89,54.3,2258609.0,Healthcare,Biotechnology,96.0,84.0,97.0,96.0,2.68,2.5507,2461319.0,2014770.0,59.3,26.76,8549718016,NO,51.59,53.43,38.52,53.8,42.54,,4108,0.0,3196095.0,NO,NO,2023-11-01,50843300.0
117,MRX,72.34,72.48,273795.0,Financial Services,Capital Markets,96.0,89.0,95.0,95.0,3.8566,3.5509,820336.0,530710.0,75.4,27.91,0,NO,68.63,66.22,49.68,66.78,55.31,,589,0.0,746917.0,NO,NO,2024-04-25,7269100.0
118,OKTA,165.58,173.04,2851378.0,Technology,Software - Infrastructure,96.0,93.0,90.0,97.0,9.9543,8.2422,3471225.0,4872120.0,174.85,62.66,28952094720,NO,147.18,141.97,100.17,148.01,108.4,,2362,0.0,4105218.0,NO,NO,2022-09-01,45872000.0
119,CUE,28.91,25.52,153696.0,Healthcare,Biotechnology,96.0,80.0,89.0,98.0,3.802,3.7795,150719.0,171330.0,45.5,4.98,210014208,NO,27.33,29.25,18.64,29.71,21.73,,2177,0.0,177390.0,NO,NO,2026-05-01,18924600.0
120,GH,164.9,159.02,1635044.0,Healthcare,Diagnostics & Research,96.0,60.0,94.0,96.0,7.6,6.915,2557077.0,1865750.0,176.58,53.4,22138341376,NO,163.89,157.37,116.06,162.25,122.92,,1986,0.0,2402270.0,NO,NO,2026-06-26,18771300.0
121,GKOS,177.06,179.56,281918.0,Healthcare,Medical Devices,96.0,81.0,98.0,93.0,6.3082,6.0479,873112.0,558200.0,191.62,73.16,10443695104,NO,181.57,163.25,127.57,168.62,136.3,,2812,0.0,507230.0,NO,NO,2018-08-29,11054300.0
122,NGNE,38.15,36.24,93775.0,Healthcare,Biotechnology,96.0,91.0,96.0,96.0,2.5864,2.4236,233096.0,246950.0,43.66,15.93,763434240,NO,37.1,35.86,25.89,36.63,28.88,,3140,0.0,134477.0,NO,NO,2015-08-07,3112795.0
123,THYP,47.46,48.47,71506.0,ETF,ETF,96.0,98.0,85.0,,2.5721,2.0107,128952.0,193490.0,50.3,22.54,0,NO,38.57,37.04,,38.06,,,77,0.0,77366.0,NO,NO,2026-05-21,1422400.0
124,OII,51.33,51.76,332062.0,Energy,Oil & Gas Equipment & Services,96.0,79.0,95.0,93.0,1.9957,1.9857,1077357.0,905580.0,54.25,22.02,5108856832,NO,51.09,46.19,35.97,48.01,40.33,,12813,0.0,613116.0,NO,NO,2019-11-04,20401800.0
125,CXW,32.43,33.22,736079.0,Industrials,Security & Protection Services,96.0,86.0,97.0,96.0,1.3721,1.3421,1425879.0,1510440.0,34.86,15.74,3205137920,NO,32.85,31.57,22.72,32.04,24.82,,7328,0.0,1451798.0,NO,NO,2016-08-18,39922800.0
126,KELYB,24.19,23.27,256.0,Industrials,Staffing & Employment Services,96.0,74.0,87.0,95.0,0.8429,0.4371,1230.0,400.0,125.0,8.38,840165760,NO,23.1,22.49,16.04,23.19,18.54,,10599,0.0,1500.0,NO,NO,2026-02-05,2035600.0
127,NUTX,186.38,188.76,179869.0,Healthcare,Medical Care Facilities,96.0,95.0,96.0,95.0,9.6126,9.4526,141219.0,134920.0,204.0,77.21,1276290944,NO,181.12,171.43,139.47,175.33,136.22,,1106,0.0,232297.0,NO,NO,2025-07-22,1422400.0
128,FTNT,161.12,170.93,2851735.0,Technology,Software - Infrastructure,96.0,42.0,82.0,97.0,6.5957,6.3379,5667480.0,4554700.0,173.89,73.55,118333341696,NO,160.22,157.89,108.53,159.75,122.54,,4220,0.0,5359864.0,NO,NO,2018-10-10,166853000.0
129,VREX,18.48,18.49,559403.0,Healthcare,Medical Devices,96.0,98.0,98.0,93.0,0.0618,0.0579,770290.0,744240.0,18.63,9.09,778899776,NO,17.26,13.34,12.19,14.07,12.14,,2415,0.0,763134.0,NO,NO,2017-01-30,13325800.0
130,TSEM,199.56,205.05,1413451.0,Technology,Semiconductors,96.0,6.0,4.0,93.0,14.5671,12.3179,1841084.0,1275280.0,319.94,56.54,22556514304,NO,232.74,236.74,183.92,228.84,211.55,,8014,0.0,1753946.0,NO,NO,2022-02-15,19691500.0
131,MCTA,29.36,29.355,0.0,Healthcare,Medical Care Facilities,96.0,16.0,32.0,33.0,0.0,0.0,0.0,0.0,31.7,4.3,445550176,NO,29.35,29.35,29.35,29.35,29.35,,215,0.0,4251400.0,NO,NO,2025-11-11,4251400.0
132,SEPN,37.65,38.15,168117.0,Healthcare,Biotechnology,96.0,86.0,93.0,90.0,2.1468,2.0271,446946.0,352620.0,51.1,11.98,1757153792,NO,41.58,37.35,29.37,37.24,31.03,,462,0.0,263950.0,NO,NO,2025-05-14,37815800.0
133,RDIB,18.18,15.305,115798.0,Communication Services,Entertainment,96.0,98.0,98.0,92.0,2.4014,2.03,152513.0,944186.0,24.0,8.0,416142528,NO,10.86,9.5,10.4,10.66,10.14,,6704,0.0,120077.0,NO,NO,2026-08-26,8541505.0
134,NAVN,27.37,29.06,1404793.0,Technology,Software - Application,96.0,69.0,91.0,98.0,1.2149,1.0995,3970744.0,2224890.0,30.88,8.11,6955960320,NO,28.88,26.51,17.74,27.28,19.38,,209,0.0,2076989.0,NO,NO,2026-03-26,21264100.0
135,CRWD,214.06,231.0,10640810.0,Technology,Software - Infrastructure,96.0,84.0,84.0,97.0,13.3074,11.8496,10764501.0,11993750.0,233.88,85.68,219163000832,NO,210.57,198.35,141.33,201.52,152.18,,1816,0.0,13491926.0,YES,NO,2024-06-21,209024000.0
136,ROIV,34.55,34.64,2864577.0,Healthcare,Biotechnology,96.0,63.0,90.0,86.0,1.216,1.056,6131961.0,8955030.0,37.97,11.94,24985153536,NO,36.04,35.14,28.21,35.55,31.09,,1438,0.0,6905941.0,NO,NO,2024-03-28,65648400.0
137,DCTH,16.34,16.46,195539.0,Healthcare,Medical Devices,96.0,97.0,97.0,96.0,0.5,0.4941,565030.0,449180.0,17.42,8.12,566978304,NO,16.29,14.1,11.11,14.52,11.78,,2093,0.0,360377.0,NO,NO,2023-08-15,105160200.0
138,TEAM,187.53,194.17,2871569.0,Technology,Software - Application,96.0,98.0,98.0,97.0,9.2444,9.1269,4681676.0,4571170.0,197.3,56.01,47460999168,NO,163.39,119.25,108.67,131.44,97.4,,2697,0.0,3812800.0,NO,NO,2026-05-01,27384500.0
139,PRCH,17.23,16.99,1226216.0,Financial Services,Insurance - Property & Casualty,96.0,94.0,97.0,97.0,0.7365,0.7201,1774869.0,881220.0,19.44,6.36,1955946752,NO,16.67,14.93,10.36,15.51,11.21,,1667,0.0,1830795.0,NO,NO,2025-02-26,31966500.0
140,MTW,18.95,19.42,243790.0,Industrials,Farm & Heavy Construction Machinery,96.0,97.0,97.0,89.0,0.7821,0.7285,319987.0,369870.0,21.34,9.66,683374336,NO,18.76,15.56,13.46,16.37,14.03,,9175,0.0,378342.0,NO,NO,2009-08-31,39005667.0
141,OSCR,29.6,29.96,3279242.0,Healthcare,Healthcare Plans,96.0,13.0,94.0,97.0,1.7394,1.7099,6014315.0,4585750.0,33.55,10.69,9138978816,NO,30.31,30.23,20.15,30.38,22.43,,1381,0.0,5007012.0,NO,NO,2025-07-22,82717500.0
142,ANF,141.63,143.08,1204650.0,Consumer Cyclical,Apparel Retail,96.0,97.0,98.0,93.0,8.3229,6.6729,1489226.0,3409130.0,154.58,65.45,6296373248,NO,116.75,102.84,95.58,109.03,94.22,,7529,0.0,1716082.0,NO,NO,2012-11-14,35280600.0
143,EWTX,42.16,41.77,627063.0,Healthcare,Biotechnology,96.0,87.0,71.0,93.0,2.1974,1.9964,1384925.0,1217130.0,48.4,13.69,4582007808,NO,44.05,42.03,32.57,42.23,35.87,,1364,0.0,1040351.0,NO,NO,2025-04-02,16114400.0
144,GEO,30.37,31.81,1747880.0,Industrials,Security & Protection Services,96.0,27.0,95.0,97.0,1.1129,1.0914,2029266.0,2319010.0,33.15,12.51,3997286912,NO,31.41,30.68,21.23,30.97,23.69,,8078,0.0,2275991.0,NO,NO,2021-06-09,188207500.0
145,FLXS,79.71,79.54,48466.0,Consumer Cyclical,"Furnishings, Fixtures & Appliances",96.0,83.0,95.0,95.0,4.9039,4.5218,61234.0,111820.0,88.49,34.0,324850560,NO,77.64,74.7,54.44,75.87,61.0,,11709,0.0,59851.0,NO,NO,2020-06-26,949200.0
146,JBIO,21.23,21.36,320265.0,Healthcare,Biotechnology,95.0,81.0,86.0,94.0,1.3621,1.3621,1089030.0,611160.0,28.0,6.91,1350172544,NO,22.17,21.43,17.82,21.35,19.4,,1298,0.0,516637.0,NO,NO,2026-06-18,4785300.0
147,CRL,281.37,288.24,388326.0,Healthcare,Diagnostics & Research,95.0,94.0,97.0,95.0,9.9221,9.3993,888523.0,918590.0,303.31,144.26,13427989504,NO,281.67,246.98,197.68,256.9,200.95,,6585,0.0,688872.0,NO,NO,2025-04-11,11604900.0
148,MCS,27.76,28.43,115391.0,Communication Services,Entertainment,95.0,13.0,96.0,95.0,1.0189,0.9961,293884.0,275060.0,32.42,12.85,855900800,NO,29.85,26.29,19.35,26.83,21.33,,11709,0.0,209188.0,NO,NO,2024-06-21,8186900.0
149,VOR,22.61,22.48,412844.0,Healthcare,Biotechnology,95.0,83.0,97.0,93.0,1.1578,1.0289,1155787.0,744320.0,49.95,6.5,1337955328,NO,23.14,20.44,15.35,21.45,16.94,,1398,0.38,607335.0,NO,NO,2025-12-09,41895000.0
150,TISI,24.94,24.65,10687.0,Industrials,Specialty Business Services,95.0,97.0,97.0,96.0,1.1793,1.1157,15374.0,21820.0,25.33,12.34,114305232,NO,21.52,18.74,16.19,19.55,17.21,,11567,0.39,13632.0,NO,NO,2022-08-15,5043030.0
151,KRYS,360.81,359.36,118064.0,Healthcare,Biotechnology,95.0,82.0,92.0,93.0,10.6143,10.2614,411438.0,218610.0,382.54,136.73,10679556096,NO,339.28,348.57,287.17,349.86,306.77,,2248,0.18,197401.0,NO,NO,2021-11-29,8480400.0
152,NIQ,18.73,19.06,744532.0,Technology services,Packaged software,95.0,98.0,98.0,91.0,0.6839,0.68,1586838.0,1315330.0,19.69,7.93,5523048960,NO,16.5,12.8,12.65,13.98,11.51,,279,0.0,1335297.0,NO,NO,2025-07-23,21974900.0
153,KFRC,55.33,57.58,195193.0,Industrials,Staffing & Employment Services,95.0,17.0,87.0,97.0,2.0657,2.0007,231044.0,221280.0,61.68,24.49,990905024,NO,57.98,55.44,39.28,56.44,42.87,,7812,0.0,343700.0,NO,NO,2000-01-26,6210400.0
154,AAMI,91.13,94.2,249605.0,Financial Services,Asset Management,95.0,75.0,93.0,95.0,2.5116,2.2748,467350.0,324160.0,98.52,41.47,3234215168,NO,92.33,84.3,64.02,86.7,70.97,,2990,0.0,436273.0,NO,NO,2020-06-19,12096900.0
155,CTRN,66.84,68.07,82554.0,Consumer Cyclical,Apparel Retail,95.0,63.0,97.0,93.0,3.4975,3.2532,179141.0,201680.0,77.91,29.6,556600448,NO,71.9,65.81,50.4,66.17,53.5,,5355,0.0,140184.0,NO,NO,2007-08-09,3897700.0
156,DAO,16.26,16.39,266574.0,Consumer Defensive,Education & Training Services,95.0,21.0,95.0,94.0,1.2276,1.2054,73936.0,79770.0,18.94,8.3,1962122240,NO,17.21,15.18,11.68,16.0,12.59,,1720,0.0,286608.0,NO,NO,2021-07-26,4580900.0
157,SENEA,202.71,198.29,88430.0,Consumer Defensive,Packaged Foods,95.0,95.0,96.0,94.0,6.3829,6.2814,126950.0,76530.0,204.48,99.58,1372439424,NO,187.79,177.23,143.61,182.33,158.18,,7105,0.1,114567.0,NO,NO,2009-07-16,1543800.0
158,TWLO,227.66,235.63,1064386.0,Technology,Software - Infrastructure,95.0,92.0,50.0,96.0,10.8617,10.4159,2250647.0,1811250.0,258.35,98.44,34964467712,NO,228.52,211.73,161.04,219.42,178.0,,2561,0.0,1665980.0,NO,NO,2022-11-04,44840800.0
159,NTRA,324.62,321.96,660163.0,Healthcare,Diagnostics & Research,95.0,94.0,96.0,95.0,11.0446,9.9771,1398392.0,1281450.0,343.18,157.43,46807941120,NO,314.86,285.81,233.21,297.39,237.08,,2808,0.0,1208604.0,NO,NO,2022-03-09,41733200.0
160,OOMA,21.95,22.64,279325.0,Technology,Software - Application,95.0,51.0,91.0,96.0,1.3531,1.1982,388274.0,534600.0,26.19,9.79,603072384,NO,21.21,20.5,15.56,21.19,17.55,,2796,0.0,437818.0,NO,NO,2017-06-23,2080900.0
161,ADPT,24.36,24.92,1122999.0,Healthcare,Diagnostics & Research,95.0,84.0,97.0,94.0,1.163,1.0187,2952726.0,1780030.0,26.87,12.0,3887754752,NO,25.14,22.97,17.47,23.65,17.9,,1804,0.0,1619998.0,NO,NO,2025-05-02,15572000.0
162,HAE,102.29,103.07,228315.0,Healthcare,Medical Devices,95.0,93.0,97.0,95.0,3.6746,2.7132,842685.0,879000.0,109.57,47.32,4653893632,NO,97.09,85.39,72.1,88.78,71.58,,8890,0.0,633645.0,NO,NO,1991-05-10,11925600.0
163,GUSH,46.63,45.11,675174.0,ETF,ETF,95.0,92.0,94.0,92.0,1.8675,1.7764,807473.0,606900.0,48.66,20.8,0,NO,41.48,37.38,33.1,39.18,37.32,,2831,3.19,747312.0,NO,NO,2020-04-02,39570400.0
164,ENVA,222.06,226.72,223508.0,Financial Services,Credit Services,95.0,3.0,95.0,95.0,8.4476,7.9668,366680.0,275890.0,267.45,103.02,5528932352,NO,250.01,240.49,175.37,241.67,187.28,,2965,0.0,356813.0,NO,NO,2015-12-18,2255200.0
165,MYE,31.1,32.09,157926.0,Consumer Cyclical,Packaging & Containers,95.0,6.0,96.0,93.0,1.0704,0.9868,468747.0,345210.0,37.45,15.54,1169922048,NO,33.37,32.24,23.84,32.45,26.07,,11709,0.0,341719.0,NO,NO,2024-11-26,6520700.0
166,GHRS,27.6,26.98,70006.0,Healthcare,Biotechnology,95.0,20.0,82.0,95.0,1.3493,1.2657,285400.0,167140.0,31.44,11.83,1894527232,NO,29.06,27.84,19.56,28.17,21.88,,1301,0.0,464906.0,NO,NO,2025-02-03,10308500.0
167,ERX,110.64,108.34,371727.0,ETF,ETF,95.0,93.0,93.0,87.0,3.7204,3.216,291019.0,270090.0,111.64,50.5,0,NO,101.07,91.5,81.61,94.89,90.86,,4471,0.0,418129.0,NO,NO,2020-04-09,17675600.0
168,DIG,71.54,69.92,42963.0,ETF,ETF,95.0,92.0,93.0,87.0,2.1996,1.8054,34407.0,20430.0,71.78,32.7,0,NO,65.19,59.08,52.73,61.23,58.67,,4926,0.0,101157.0,NO,NO,2009-01-06,36635600.0
169,MATX,219.82,224.81,172003.0,Industrials,Marine Shipping,95.0,85.0,89.0,89.0,5.7843,5.6057,299014.0,221250.0,230.74,86.97,6579358720,NO,216.0,209.68,169.17,213.18,186.82,,13445,0.0,250052.0,NO,NO,2014-03-21,7525600.0
170,FRO,44.35,43.78,1616785.0,Energy,Oil & Gas Midstream,95.0,89.0,94.0,73.0,1.5811,1.2982,2614749.0,2608400.0,45.29,20.31,9874438144,NO,41.6,39.48,33.2,40.27,37.21,,6304,0.0,2188033.0,NO,NO,2023-01-10,33598700.0
171,KELYA,16.68,17.2,183205.0,Industrials,Staffing & Employment Services,95.0,89.0,96.0,96.0,0.5071,0.4929,380215.0,316990.0,17.75,7.98,579328832,NO,16.24,14.88,10.91,15.41,11.81,,11709,0.0,457587.0,NO,NO,2024-12-20,10892100.0
172,VCTR,113.27,118.01,544183.0,Financial Services,Asset Management,95.0,91.0,95.0,95.0,3.762,3.6652,538317.0,589060.0,123.55,57.03,6967188992,NO,114.03,101.31,79.32,105.1,86.04,,2151,0.0,764304.0,NO,NO,2025-07-17,8797500.0
173,ARKG,46.97,47.23,2111118.0,ETF,ETF,95.0,94.0,95.0,95.0,1.8396,1.475,3735382.0,5560600.0,50.53,24.2,0,NO,45.52,42.24,33.01,43.31,34.65,,2974,0.0,2409691.0,NO,NO,2020-12-29,15040000.0
174,ZETA,31.81,30.97,11112652.0,Technology,Software - Infrastructure,95.0,97.0,93.0,96.0,1.3636,1.3179,8824049.0,6515570.0,32.05,14.37,7927638528,NO,28.38,23.85,19.84,25.11,20.29,,1312,0.0,13858120.0,YES,NO,2025-08-06,47365300.0
175,NBR,93.07,93.64,144971.0,Energy,Oil & Gas Drilling,95.0,86.0,53.0,85.0,4.1154,3.9882,270698.0,213790.0,112.9,34.7,1413880576,NO,89.45,85.07,78.08,86.6,87.13,,13495,0.0,226413.0,NO,NO,2020-05-21,4234500.0
176,HALO,107.71,106.49,689562.0,Healthcare,Biotechnology,95.0,96.0,97.0,94.0,2.7171,2.6286,1992082.0,1694350.0,109.66,61.23,12224869376,NO,101.9,87.6,73.44,92.25,76.0,,5651,0.77,1058576.0,NO,NO,2025-06-27,21399500.0
177,SCTX,29.77,30.54,124532.0,Healthcare,Biotechnology,95.0,97.0,,,4.5921,4.4607,233065.0,317290.0,39.6,17.31,481738432,YES,27.23,,,,,,26,0.0,162955.0,NO,NO,2026-08-24,544700.0
178,CVE,33.17,32.15,3691507.0,Energy,Oil & Gas Integrated,95.0,87.0,89.0,93.0,0.985,0.8861,7551112.0,6589160.0,33.4,15.63,61153505280,NO,30.9,28.58,24.32,29.55,27.2,,4221,1.43,5464300.0,NO,NO,2017-03-30,45049000.0
179,FROG,91.75,100.07,1929890.0,Technology,Software - Application,95.0,91.0,67.0,97.0,6.1469,5.5626,2699219.0,1871640.0,105.76,34.05,11313511424,NO,91.13,88.06,65.03,90.77,68.66,,1496,0.0,2734642.0,NO,NO,2026-06-26,26093700.0
180,NSP,51.83,53.35,278309.0,Industrials,Staffing & Employment Services,95.0,61.0,96.0,98.0,2.5279,2.4271,646263.0,267020.0,57.22,18.57,1979469952,NO,51.93,48.59,36.89,50.01,36.28,,7443,0.0,493892.0,NO,NO,1999-01-28,17205200.0
181,FORM,96.11,100.61,767815.0,Technology,Semiconductor Equipment & Materials,95.0,5.0,6.0,19.0,8.4721,6.6193,1557868.0,1088330.0,160.27,27.81,7488724992,NO,116.51,117.88,101.05,112.57,116.72,,5842,0.0,1126570.0,NO,NO,2018-03-09,14323200.0
182,TGT,162.89,160.88,2427160.0,Consumer Defensive,Discount Stores,95.0,90.0,95.0,93.0,5.5057,4.9136,4463852.0,5851780.0,170.75,83.44,74000392192,NO,156.75,144.83,121.03,148.55,131.99,,13495,0.53,3803360.0,NO,NO,1987-10-20,80400000.0
183,MSBI,32.38,32.79,81543.0,Financial Services,Banks - Regional,95.0,18.0,90.0,93.0,0.7435,0.7356,179847.0,149930.0,35.1,14.24,671953408,NO,33.19,32.07,25.32,32.31,27.61,,2582,0.0,132487.0,NO,NO,2016-05-24,1775300.0
184,TWN,103.51,102.06,41639.0,Financial Services,Asset Management,95.0,95.0,59.0,95.0,2.89,2.4671,45998.0,28670.0,108.83,50.16,594387136,NO,96.32,92.66,75.57,93.58,84.64,,10002,1.42,43875.0,NO,NO,2010-04-21,1037900.0
185,AMAT,442.21,458.39,4756279.0,Technology,Semiconductor Equipment & Materials,95.0,3.0,21.0,83.0,23.69,17.6843,9555957.0,6594170.0,739.67,154.47,350777999360,NO,507.3,547.56,402.65,524.2,455.82,,11709,0.0,7105514.0,NO,NO,1997-10-24,245229200.0
186,MTRN,233.4,236.08,160115.0,Basic Materials,Other Industrial Metals & Mining,95.0,88.0,71.0,93.0,12.1957,10.755,378946.0,286940.0,304.58,107.72,4862590976,NO,258.91,254.34,183.91,250.56,208.97,,11709,0.0,275491.0,NO,NO,2007-06-20,4251800.0
187,FIVN,33.83,34.56,1014635.0,Technology,Software - Infrastructure,95.0,95.0,94.0,97.0,1.695,1.5786,2760680.0,1522450.0,35.17,13.29,2527897088,NO,32.46,27.4,20.99,29.34,22.34,,3120,0.0,1672313.0,NO,NO,2026-07-31,16109600.0
188,AMN,33.53,34.28,261222.0,Healthcare,Medical Care Facilities,95.0,39.0,87.0,95.0,1.2779,1.2321,853563.0,536130.0,37.22,14.97,1299391232,NO,34.16,33.59,23.84,34.22,27.08,,6238,0.0,550910.0,NO,NO,2015-10-22,5523800.0
189,QLYS,177.14,186.14,519246.0,Technology,Software - Infrastructure,95.0,94.0,97.0,96.0,7.9732,7.6768,760187.0,521770.0,201.54,74.51,6128158208,NO,182.89,158.46,124.04,165.96,120.08,,3499,0.0,841131.0,NO,NO,2015-05-05,9904700.0
190,DRAM,55.18,56.9,20605618.0,ETF,ETF,95.0,86.0,4.0,,2.8332,2.1875,60827898.0,34467060.0,81.34,26.14,0,NO,55.14,57.87,,55.65,,,105,0.0,24650754.0,YES,NO,2026-07-17,136040800.0
191,SPHR,133.78,136.3,423324.0,Communication Services,Entertainment,95.0,8.0,12.0,81.0,8.4424,7.7939,737601.0,699130.0,181.63,44.06,4804522496,NO,158.95,153.45,122.27,150.07,136.84,,1606,0.0,863209.0,NO,NO,2023-12-05,9793100.0
192,ZBIO,32.04,32.32,237728.0,Healthcare,Biotechnology,95.0,62.0,98.0,87.0,2.0318,2.0111,845484.0,873630.0,44.6,13.5,2088588032,NO,31.76,29.73,26.05,30.62,24.47,,492,0.0,432253.0,NO,NO,2026-01-05,8145100.0
193,XBIX,38.64,38.55,574.0,ETF,ETF,95.0,94.0,,,1.5917,0.4552,1224.0,740.0,42.22,25.13,0,NO,38.2,36.7,,37.22,,,62,0.0,575.0,NO,NO,2026-06-26,30300.0
194,ACU,62.98,62.32,21461.0,Consumer Defensive,Household & Personal Products,94.0,88.0,96.0,93.0,2.4421,2.4186,26179.0,35440.0,64.17,35.5,241454176,NO,60.04,53.89,45.2,55.62,47.8,,11709,0.82,27573.0,NO,NO,2025-06-27,408400.0
195,RCUS,29.52,29.28,1188102.0,Healthcare,Biotechnology,94.0,79.0,88.0,87.0,1.2652,1.1145,1286779.0,1095020.0,31.73,10.55,3710308096,NO,29.48,29.1,24.42,29.2,25.24,,2127,0.0,1528491.0,NO,NO,2022-04-06,13084900.0
196,EQNR,44.22,42.8,1877160.0,Energy,Oil & Gas Integrated,94.0,84.0,90.0,92.0,0.9811,0.7675,3487550.0,2569940.0,44.26,22.26,104975597568,NO,41.24,37.91,33.08,39.31,37.11,,6338,1.45,2512096.0,NO,NO,2026-03-19,22092000.0
197,ZD,54.93,55.15,412594.0,Communication Services,Advertising Agencies,94.0,75.0,90.0,97.0,1.2525,1.1996,625484.0,420210.0,58.06,22.45,1882710528,NO,54.82,53.07,42.55,53.97,46.01,,6818,0.0,589015.0,NO,NO,2003-10-21,29652750.0
198,TER,333.96,349.83,1644051.0,Technology,Semiconductor Equipment & Materials,94.0,8.0,7.0,66.0,21.9379,19.3139,4029101.0,2427250.0,487.91,109.56,52193579008,NO,381.15,377.57,313.64,363.29,354.21,,13496,0.0,2565409.0,NO,NO,2020-09-18,30212400.0
199,FSLY,21.02,22.79,2567174.0,Technology,Software - Application,94.0,7.0,47.0,27.0,1.9388,1.836,5960926.0,4578050.0,34.82,7.05,3349282560,NO,25.21,21.94,18.5,22.3,21.73,,1833,0.0,4073087.0,NO,NO,2026-02-12,116491700.0
200,XMTR,92.21,92.69,181644.0,Industrials,Industrial Distribution,94.0,81.0,19.0,97.0,4.6199,4.497,789639.0,531540.0,106.08,35.86,5285806592,NO,89.88,91.51,68.12,91.89,72.29,,1298,0.0,438642.0,NO,NO,2026-02-24,6999500.0
201,VIAV,35.26,36.29,1737258.0,Technology,Communication Equipment,94.0,10.0,3.0,31.0,2.7079,2.1664,6271341.0,3557640.0,60.43,11.16,8673256448,NO,39.55,41.08,34.46,39.42,40.8,,8251,0.0,2986251.0,NO,NO,2013-12-20,87404420.0
202,APA,44.15,43.15,3124222.0,Energy,Oil & Gas E&P,94.0,93.0,89.0,92.0,1.4739,1.3218,5543984.0,5480470.0,45.66,21.57,15462763520,NO,40.86,37.05,33.19,38.27,36.81,,11921,2.34,4712982.0,NO,NO,2020-04-09,92502300.0
203,ACMR,69.91,72.82,509712.0,Technology,Semiconductor Equipment & Materials,94.0,5.0,7.0,86.0,4.94,4.3454,1322436.0,912990.0,127.19,26.1,4867782656,NO,79.62,88.3,62.46,84.16,70.64,,2217,0.0,1671297.0,NO,NO,2024-02-28,12244400.0
204,VIRT,65.82,65.64,442012.0,Financial Services,Capital Markets,94.0,88.0,94.0,94.0,3.2533,3.1997,1350168.0,1986010.0,68.76,31.55,5812391936,NO,60.84,60.7,47.08,61.79,52.86,,2861,0.0,758345.0,NO,NO,2024-06-21,16222000.0
205,DBE,34.66,33.0,174151.0,ETF,ETF,94.0,88.0,84.0,95.0,0.7543,0.5471,44826.0,25850.0,34.67,17.02,0,NO,31.64,29.88,25.8,30.77,29.06,,4944,2.45,180696.0,NO,NO,2009-06-25,5046800.0
206,GSAT,81.21,81.55,629747.0,Communication Services,Telecom Services,94.0,21.0,35.0,90.0,0.7489,0.7261,1176155.0,721750.0,84.85,29.36,10521195520,NO,82.65,81.16,71.79,81.35,76.1,,4986,0.0,811898.0,NO,NO,2021-08-30,37190507.0
207,AIRT,31.98,31.77,11781.0,Industrials,Conglomerates,94.0,91.0,96.0,95.0,2.1246,1.8832,9628.0,15650.0,35.0,18.35,86234360,NO,30.56,28.27,23.03,29.29,24.45,,10671,0.0,11955.0,NO,NO,2004-07-06,15289650.0
208,RHI,44.01,45.34,886986.0,Industrials,Staffing & Employment Services,94.0,92.0,96.0,96.0,1.575,1.4821,2331388.0,2224690.0,46.7,21.83,4504432128,NO,43.26,38.66,29.98,40.0,31.21,,11709,0.0,1504545.0,NO,NO,2024-06-21,29354100.0
209,ALAB,280.46,296.98,2302284.0,Technology,Semiconductors,94.0,4.0,4.0,98.0,19.1136,16.6596,5019800.0,3010400.0,499.48,97.89,48643489792,NO,304.28,337.0,222.96,323.6,250.43,,615,0.0,3387412.0,NO,NO,2024-11-05,24756900.0
210,TEXU,45.25,45.19,372.0,ETF,ETF,94.0,93.0,90.0,85.0,0.908,0.5271,2249.0,3110.0,47.18,22.49,0,NO,41.27,37.58,34.63,38.85,38.67,,229,0.13,461.0,NO,NO,2026-03-04,60600.0
211,SHIP,17.99,17.66,232356.0,Industrials,Marine Shipping,94.0,71.0,82.0,85.0,0.6271,0.5957,248280.0,273700.0,18.48,7.56,390170560,NO,17.06,15.87,13.37,16.29,14.95,,4676,0.23,273858.0,NO,NO,2021-02-12,14385650.0
212,SENEB,193.67,193.67,234.0,Consumer Defensive,Packaged Foods,94.0,86.0,95.0,92.0,3.2786,0.1607,157.0,180.0,199.33,103.07,1311234432,NO,184.83,174.38,141.83,178.42,155.95,,11708,0.0,700.0,NO,NO,1989-11-27,790000.0
213,NSIT,154.19,157.02,131244.0,Technology,Electronics & Computer Distribution,94.0,93.0,95.0,96.0,4.6707,4.4993,429646.0,246700.0,159.41,63.62,4527647232,NO,150.09,130.93,96.27,135.63,103.27,,7953,0.0,227153.0,NO,NO,2002-07-18,12058000.0
214,MMED,22.19,20.26,4800437.0,Healthcare,Medical Instruments & Supplies,94.0,95.0,98.0,,1.0964,1.0807,1219293.0,1404000.0,22.74,10.65,6241747968,NO,19.8,17.49,,18.48,,2026-09-01,123,0.69,6074984.0,NO,NO,2026-03-06,8823200.0
215,TBBB,49.87,48.57,646045.0,Consumer Defensive,Discount Stores,94.0,94.0,94.0,92.0,2.14,1.9461,694519.0,879190.0,51.62,23.81,6011863040,NO,46.6,43.33,37.37,44.48,39.68,,641,0.0,920967.0,NO,NO,2024-02-09,15493600.0
216,ODTX,24.69,24.52,113140.0,Healthcare,Biotechnology,94.0,96.0,96.0,,1.9457,1.8293,270665.0,180370.0,28.0,15.1,1186565120,NO,22.96,19.84,,20.75,,,79,0.0,172831.0,NO,NO,2026-05-08,3170900.0
217,BNO,55.57,52.84,1534050.0,ETF,ETF,94.0,87.0,74.0,94.0,1.4261,1.1325,2095754.0,1406370.0,60.81,27.14,0,NO,50.73,47.62,42.44,49.21,48.25,,4087,2.37,1676809.0,NO,NO,2026-03-19,20930000.0
218,ONTO,255.9,267.21,459936.0,Technology,Semiconductor Equipment & Materials,94.0,30.0,49.0,82.0,19.5809,15.0825,1256231.0,893870.0,386.46,101.0,15604201472,NO,299.97,299.65,238.41,292.24,267.38,,1719,0.0,723314.0,NO,NO,2023-10-17,9552200.0
219,TBN,40.31,37.88,275384.0,Energy,Oil & Gas E&P,94.0,94.0,91.0,86.0,1.4228,1.3271,174520.0,109910.0,52.21,19.55,1405062016,NO,36.45,34.07,31.85,34.75,34.76,,546,0.0,339330.0,NO,NO,2026-04-08,1742000.0
220,TBXU,44.0,42.925,1131.0,ETF,ETF,94.0,96.0,97.0,86.0,1.283,0.7619,3219.0,5490.0,45.1,25.71,0,NO,40.61,35.76,32.66,37.35,33.31,,229,2.46,3071.0,NO,NO,2025-11-13,33000.0
221,DAR,67.3,66.27,1765333.0,Consumer Defensive,Packaged Foods,94.0,89.0,84.0,87.0,3.0895,2.9709,2424901.0,3273400.0,69.98,29.15,10610667520,NO,63.93,60.95,52.91,62.49,59.21,,8047,0.1,2974139.0,NO,NO,2013-12-13,34955800.0
222,FTI,78.33,78.15,1264501.0,Energy,Oil & Gas Equipment & Services,94.0,86.0,87.0,80.0,2.3106,2.2456,3744144.0,2386930.0,80.55,35.29,30710392832,NO,75.41,72.33,63.69,73.94,70.23,,6339,0.0,1956275.0,NO,NO,2021-02-11,186299232.0
223,AMRX,17.67,17.47,684859.0,Healthcare,Drug Manufacturers - Specialty & Generic,94.0,16.0,95.0,89.0,0.5883,0.5528,1981942.0,1424010.0,19.26,9.32,6156132352,NO,17.93,17.69,14.25,17.81,14.95,,2091,0.57,1353614.0,NO,NO,2019-12-12,48231900.0
224,DAVE,337.24,359.52,308845.0,Technology,Software - Application,94.0,7.0,91.0,95.0,20.0984,19.7062,518606.0,356140.0,458.25,152.21,4301666816,NO,350.3,373.4,256.63,372.59,281.81,,1344,0.0,454237.0,NO,NO,2022-07-27,3887050.0
225,RELY,25.93,26.74,2578798.0,Technology,Software - Infrastructure,94.0,90.0,92.0,94.0,1.0532,1.0339,3624282.0,3098890.0,27.15,12.08,5490025472,NO,25.36,24.03,18.43,24.6,20.72,,1239,0.0,4507552.0,NO,NO,2026-05-13,31142800.0
226,OPY,118.91,118.79,134561.0,Financial Services,Capital Markets,94.0,89.0,93.0,90.0,3.7232,3.6046,124895.0,111620.0,123.73,63.81,1273288960,NO,115.64,112.83,93.49,113.36,101.4,,11063,0.0,150661.0,NO,NO,2009-05-11,1261500.0
227,NMM,88.9,88.33,102411.0,Industrials,Marine Shipping,94.0,87.0,93.0,86.0,2.6521,2.3936,121466.0,188430.0,91.96,43.02,2526948864,NO,83.49,78.11,67.16,80.68,73.04,,4728,0.02,115747.0,NO,NO,2021-04-05,2107700.0
228,DCO,170.65,171.42,111117.0,Industrials,Aerospace & Defense,94.0,10.0,86.0,89.0,7.3169,6.6204,271361.0,177760.0,210.39,84.76,2574059264,NO,192.34,182.05,137.6,182.5,153.8,,13445,0.0,182238.0,NO,NO,2012-06-22,1459500.0
229,VICR,177.48,187.68,579146.0,Technology,Electronic Components,94.0,2.0,0.0,7.0,15.3407,12.4407,863068.0,858050.0,382.65,47.56,8171495936,NO,213.16,244.8,200.49,224.71,229.82,,9169,0.0,770910.0,NO,NO,2023-07-26,4839800.0
230,NHC,220.55,216.53,102731.0,Healthcare,Medical Care Facilities,94.0,18.0,92.0,89.0,7.3661,7.3432,130376.0,103860.0,239.29,111.24,3454120704,NO,223.5,219.24,174.39,222.25,192.43,,9991,0.4,126363.0,NO,NO,2023-12-15,2662000.0
231,CYRX,15.54,16.0,211560.0,Industrials,Integrated Freight & Logistics,94.0,71.0,25.0,96.0,0.695,0.6207,705523.0,584330.0,17.2,7.61,787087040,NO,15.68,15.67,11.69,15.82,12.76,,5289,0.0,434522.0,NO,NO,2025-08-06,9690900.0
232,TRVI,16.56,16.6,577988.0,Healthcare,Biotechnology,94.0,6.0,90.0,90.0,0.7868,0.6993,2137647.0,1576300.0,20.22,6.93,2359399936,NO,18.09,18.02,13.92,18.01,14.93,,1840,0.0,945050.0,NO,NO,2022-06-29,64529800.0
233,CRAK,62.38,61.41,572811.0,ETF,ETF,94.0,90.0,94.0,91.0,1.2107,0.9661,264828.0,395990.0,62.65,35.06,0,NO,58.42,53.97,46.95,55.88,50.25,,2773,0.0,631503.0,NO,NO,2026-08-10,797500.0
234,ROKU,156.1,156.93,1044231.0,Communication Services,Entertainment,94.0,83.0,91.0,95.0,1.9282,1.8339,4321006.0,1968020.0,159.89,78.53,23168944128,NO,154.83,146.66,116.86,149.46,124.95,,2242,0.0,2013548.0,NO,NO,2022-02-18,66585200.0
235,SHAZ,52.31,54.86,1403761.0,Technology,Information Technology Services,94.0,86.0,2.0,98.0,6.7229,5.8596,1863879.0,1764060.0,97.48,16.55,1872702336,NO,60.87,66.14,,61.65,,,135,0.0,1625466.0,NO,NO,2026-07-30,4489900.0
236,QNST,18.85,19.44,815925.0,Communication Services,Advertising Agencies,94.0,94.0,97.0,95.0,0.73,0.7214,836868.0,916870.0,22.29,10.29,1076078848,NO,19.64,17.26,14.01,18.01,14.21,,4163,0.0,1070728.0,NO,NO,2010-02-11,5815700.0
237,TDW,96.87,93.12,660645.0,Energy,Oil & Gas Equipment & Services,94.0,96.0,94.0,84.0,3.2989,3.0782,711344.0,521220.0,98.66,46.65,4820134912,NO,90.75,79.55,72.63,83.24,79.81,,11709,0.0,1032555.0,NO,NO,2024-06-21,9859200.0
238,DGII,70.93,74.94,271555.0,Technology,Communication Equipment,94.0,65.0,67.0,93.0,2.8336,2.6036,384096.0,355200.0,86.84,33.41,2691660544,NO,78.49,72.56,56.42,73.07,62.64,,9292,0.0,432583.0,NO,NO,1996-07-03,3106100.0
239,GNOM,64.88,64.421,23325.0,ETF,ETF,94.0,93.0,95.0,92.0,2.0225,1.3499,29700.0,35010.0,68.0,36.0,0,NO,61.74,57.98,49.24,59.34,50.86,,1858,0.0,24634.0,NO,NO,2023-10-26,2182525.0
240,FTK,23.05,23.72,271210.0,Energy,Oil & Gas Equipment & Services,94.0,18.0,84.0,93.0,2.5086,2.5086,494287.0,697940.0,39.67,10.95,834699776,NO,29.65,26.46,19.72,26.64,21.12,,5307,0.0,441803.0,NO,NO,2021-12-29,6681450.0
241,ERO,34.85,37.13,1952820.0,Basic Materials,Copper,94.0,96.0,83.0,51.0,2.0064,1.7044,1319974.0,1851520.0,40.83,13.91,3632860928,NO,35.46,29.83,28.67,31.1,29.13,,2226,0.0,2419819.0,NO,NO,2026-01-29,4622800.0
242,RDVT,75.94,73.16,278101.0,Technology,Software - Application,93.0,86.0,94.0,96.0,3.0503,2.8992,222996.0,221550.0,76.18,33.4,1218767744,NO,69.88,66.57,52.05,68.26,52.76,,2119,0.74,349644.0,NO,NO,2018-05-15,2401400.0
243,FTRE,17.72,18.37,814617.0,Healthcare,Biotechnology,93.0,8.0,85.0,95.0,0.8485,0.8094,1444414.0,1032210.0,21.39,8.3,1685171968,NO,18.29,18.16,14.46,18.23,14.17,,804,0.0,1186242.0,NO,NO,2023-07-05,23950900.0
244,VSAT,66.79,67.27,844155.0,Technology,Communication Equipment,93.0,3.0,12.0,92.0,3.8021,3.285,2510942.0,1568240.0,93.03,26.1,9200710656,NO,77.87,74.98,56.49,75.37,64.53,,7482,0.0,1325860.0,NO,NO,2024-06-28,18455500.0
245,ANGO,15.91,16.13,133089.0,Healthcare,Medical Instruments & Supplies,93.0,83.0,96.0,92.0,0.4657,0.4571,442103.0,250850.0,16.29,9.39,657598272,NO,15.7,14.4,12.16,14.67,12.38,,5598,0.0,237936.0,NO,NO,2023-09-15,9137700.0
246,TWIN,22.41,22.95,54255.0,Industrials,Specialty Industrial Machinery,93.0,24.0,95.0,89.0,1.315,1.305,132523.0,128410.0,25.5,12.0,323215552,NO,23.83,23.17,18.49,23.2,19.57,,11709,0.0,70055.0,NO,NO,2012-01-23,1728000.0
247,FLTW,105.53,103.75,126682.0,ETF,ETF,93.0,90.0,53.0,93.0,1.8845,1.1174,489780.0,183220.0,110.32,52.92,0,NO,101.06,99.35,80.3,99.67,88.51,,2186,0.0,177482.0,NO,NO,2026-05-15,12282700.0
248,TEN,42.79,42.4,134437.0,Energy,Oil & Gas Midstream,93.0,82.0,86.0,80.0,1.2543,1.1507,243263.0,221030.0,45.85,20.5,1289762816,NO,40.87,39.58,34.3,40.24,38.57,,6163,0.0,193437.0,NO,NO,2023-03-16,1751600.0
249,MLAB,126.12,127.87,71706.0,Technology,Scientific & Technical Instruments,93.0,95.0,90.0,91.0,5.7582,5.6932,193358.0,164540.0,129.66,58.83,705751040,NO,114.62,104.81,93.49,108.5,100.08,,10709,0.0,116023.0,NO,NO,2025-09-19,1121900.0
250,EPC,27.78,28.72,265996.0,Consumer Defensive,Household & Personal Products,93.0,70.0,97.0,87.0,1.1293,1.12,812707.0,492410.0,29.95,15.73,1280580480,NO,28.45,27.7,21.72,28.01,23.57,,6647,0.0,449704.0,NO,NO,2011-02-01,12842345.0
251,ITGR,125.43,125.25,952789.0,Healthcare,Medical Devices,93.0,73.0,96.0,93.0,0.325,0.3029,861850.0,691070.0,126.14,62.0,4263452672,NO,125.22,108.21,89.69,113.05,95.98,,6517,0.05,1173270.0,NO,NO,2025-10-23,14161400.0
252,STRO,20.89,20.24,86550.0,Healthcare,Biotechnology,93.0,3.0,3.0,42.0,1.8971,1.7464,338125.0,198870.0,43.85,7.15,346380640,NO,22.41,25.37,22.02,23.98,26.25,,1991,0.0,129483.0,NO,NO,2026-06-26,2773500.0
253,MT,73.37,74.6,871607.0,Basic Materials,Steel,93.0,77.0,69.0,77.0,2.1079,1.6629,1663907.0,1583330.0,75.93,31.93,55324045312,NO,73.65,68.44,58.63,70.02,63.56,,7311,0.0,1109379.0,NO,NO,2013-01-10,32161712.0
254,AIS,66.52,68.07,456761.0,ETF,ETF,93.0,76.0,7.0,93.0,2.5458,1.8079,643053.0,391870.0,88.8,29.5,0,NO,69.3,71.46,55.08,69.51,62.02,,436,0.0,506366.0,NO,NO,2026-07-02,1490800.0
255,EWY,176.2,180.86,8627560.0,ETF,ETF,93.0,89.0,5.0,83.0,6.5036,4.4786,21804442.0,14314460.0,220.89,71.39,0,NO,174.65,176.24,145.68,172.84,164.33,,6614,0.0,13358045.0,YES,NO,2026-03-03,65699600.0
256,XOMX,49.56,47.512,19672.0,ETF,ETF,93.0,89.0,89.0,58.0,1.846,1.4088,21771.0,20720.0,60.28,24.71,0,NO,46.98,42.26,40.21,43.47,43.83,,341,3.05,21782.0,NO,NO,2026-03-02,262900.0
257,SKHA,28.61,30.38,6362.0,ETF,ETF,93.0,,,,2.8196,1.59,9212.0,5300.0,35.15,19.25,0,NO,27.81,,,,,,25,0.0,6639.0,NO,NO,2026-07-29,28600.0
258,NTAP,183.6,185.29,1308324.0,Technology,Software - Infrastructure,93.0,69.0,59.0,96.0,6.6413,6.5577,2729176.0,2136790.0,209.06,93.69,36061974528,NO,194.25,176.45,129.11,179.58,140.66,,7743,0.0,2341078.0,NO,NO,2012-05-24,54215800.0
259,FLKR,58.12,59.62,193660.0,ETF,ETF,93.0,89.0,6.0,85.0,2.0046,1.3832,827531.0,636690.0,72.49,24.31,0,NO,57.64,57.91,47.58,56.83,53.52,,2186,0.0,435216.0,NO,NO,2024-07-25,4655000.0
260,SITM,554.91,565.42,233697.0,Technology,Semiconductors,93.0,72.0,6.0,87.0,41.1103,33.7835,525877.0,325310.0,901.81,222.12,16622916608,NO,636.42,620.03,494.17,607.99,560.45,,1702,0.0,315283.0,NO,NO,2026-03-20,4028500.0
261,SBIO,66.88,66.82,35028.0,ETF,ETF,93.0,79.0,94.0,90.0,1.6476,1.3048,40955.0,45040.0,70.85,34.88,0,NO,68.0,65.74,55.19,66.48,57.49,,2933,0.0,36048.0,NO,NO,2018-12-20,650300.0
262,MGNI,22.76,23.49,936906.0,Communication Services,Advertising Agencies,93.0,93.0,97.0,95.0,0.7514,0.7293,2868080.0,1913520.0,26.19,10.82,3263616768,NO,23.64,21.08,15.75,21.67,16.35,,3122,0.0,1808568.0,NO,NO,2021-01-07,26363200.0
263,DBO,23.01,22.01,315574.0,ETF,ETF,93.0,82.0,73.0,94.0,0.5718,0.4514,467020.0,287330.0,23.98,11.89,0,NO,21.06,20.14,17.73,20.73,19.91,,4944,2.09,378009.0,NO,NO,2018-06-27,18928200.0
264,EWT,109.78,108.03,3879733.0,ETF,ETF,93.0,90.0,64.0,93.0,2.0121,1.2479,5828523.0,3892250.0,112.78,57.56,0,NO,105.13,103.01,83.28,103.58,91.57,,6585,0.0,4400071.0,NO,NO,2009-04-29,37344000.0
265,GCBC,34.13,34.39,5169.0,Financial Services,Banks - Regional,93.0,68.0,95.0,94.0,0.8021,0.7914,45166.0,26530.0,36.02,21.25,581164864,NO,34.7,33.51,26.11,33.93,27.83,,6834,0.0,12333.0,NO,NO,2021-06-25,806600.0
266,SI,20.11,20.96,48129.0,Health technology,Medical specialties,93.0,5.0,96.0,94.0,1.3601,1.3161,123115.0,105910.0,24.59,10.92,418669216,NO,21.31,21.3,16.16,21.14,17.02,,273,0.0,91300.0,NO,NO,2025-07-31,1978200.0
267,MRK,149.82,147.76,5546811.0,Healthcare,Drug Manufacturers - General,93.0,91.0,94.0,86.0,4.9663,3.9077,10830538.0,14062040.0,156.92,77.58,369730322432,NO,140.56,132.16,117.24,135.82,124.09,,16274,0.0,9446222.0,YES,NO,2004-09-30,151976244.0
268,SSRM,36.32,37.61,2647949.0,Basic Materials,Gold,93.0,97.0,91.0,73.0,1.655,1.3379,3174347.0,2727230.0,39.43,18.19,7404966400,NO,33.94,30.25,27.79,31.38,30.33,,7568,0.0,3591679.0,NO,NO,2024-02-13,67340200.0
269,SAFT,103.19,103.74,99563.0,Financial Services,Insurance - Property & Casualty,93.0,40.0,97.0,91.0,0.2629,0.2279,215868.0,138150.0,103.8,67.04,1514878976,NO,103.5,90.2,78.9,95.11,80.94,,5979,0.0,137949.0,NO,NO,2026-07-27,1966100.0
270,NWPX,108.57,109.92,134721.0,Basic Materials,Steel,93.0,4.0,13.0,90.0,3.7923,3.5095,194317.0,141400.0,152.03,49.25,1046311040,NO,114.49,127.44,92.94,123.07,105.87,,7737,0.0,283249.0,NO,NO,2008-12-30,1481600.0
271,GRAL,80.21,79.37,263266.0,Healthcare,Diagnostics & Research,93.0,92.0,93.0,94.0,5.3757,5.0914,670950.0,697810.0,118.84,30.82,3582455296,NO,74.39,71.13,73.24,72.93,62.98,,556,0.0,467068.0,NO,NO,2026-02-20,15444900.0
272,CURE,136.51,134.62,48059.0,ETF,ETF,93.0,92.0,97.0,82.0,6.3854,5.1182,80725.0,75590.0,150.0,74.34,0,NO,133.77,122.76,108.03,126.52,107.32,,3825,0.0,66622.0,NO,NO,2014-12-23,1863200.0
273,CSCL,51.99,52.88,19526.0,ETF,ETF,93.0,3.0,4.0,95.0,2.9714,1.9399,44514.0,65860.0,77.9,23.17,0,NO,58.05,59.03,43.12,57.77,48.75,,298,0.0,102340.0,NO,NO,2026-08-13,495100.0
274,GPCR,47.24,45.91,341815.0,Healthcare,Biotechnology,93.0,23.0,92.0,3.0,2.48,2.3225,734820.0,795710.0,94.9,18.49,3368677632,NO,51.33,50.65,54.14,50.55,49.62,,896,0.24,482765.0,NO,NO,2025-12-08,19520000.0
275,STT,187.76,191.38,697337.0,Financial Services,Asset Management,93.0,64.0,89.0,93.0,4.0479,3.8643,2106822.0,1301380.0,195.93,104.64,51577999360,NO,188.92,182.75,147.47,184.77,157.11,,11709,0.0,1152465.0,NO,NO,2009-01-20,76692600.0
276,TIGO,93.19,93.76,389280.0,Communication Services,Telecom Services,93.0,19.0,78.0,86.0,3.1429,2.8151,1463380.0,1032260.0,107.13,44.88,15637279744,NO,93.99,93.92,75.47,94.96,84.55,,1921,0.0,850916.0,NO,NO,2026-05-29,15237500.0
277,BOTJ,26.75,27.04,22361.0,Financial Services,Banks - Regional,93.0,25.0,89.0,92.0,0.6568,0.6568,30969.0,36420.0,29.79,14.29,121534320,NO,27.18,26.49,22.02,26.74,23.73,,6552,0.0,28715.0,NO,NO,2022-08-19,200500.0
278,AMBQ,56.78,58.31,399524.0,Technology,Semiconductors,93.0,4.0,3.0,96.0,3.6507,3.1571,588855.0,412990.0,91.61,22.12,1373318912,NO,62.2,71.23,46.96,68.15,54.91,,274,0.0,611601.0,NO,NO,2025-07-30,5479500.0
279,ARCB,132.93,137.97,163055.0,Industrials,Trucking,93.0,7.0,16.0,87.0,6.0946,5.9793,399296.0,251730.0,176.69,59.43,2971277312,NO,139.0,144.61,112.27,143.81,126.94,,8635,0.0,240329.0,NO,NO,1992-05-13,9338300.0
280,TSXU,52.69,54.51,102868.0,ETF,ETF,93.0,71.0,4.0,95.0,2.8867,2.0753,121165.0,189250.0,72.42,21.4,0,NO,55.65,57.11,42.22,55.88,46.97,,230,0.0,104427.0,NO,NO,2026-08-05,712000.0
281,ALKS,47.24,46.99,647863.0,Healthcare,Drug Manufacturers - Specialty & Generic,93.0,16.0,84.0,95.0,1.5011,1.3396,1960512.0,1316420.0,55.67,25.17,7919265280,NO,49.02,50.75,37.37,50.38,40.7,,8845,0.02,1191259.0,NO,NO,2023-12-15,31745300.0
282,VG,15.06,14.64,10602921.0,Energy,Oil & Gas Midstream,93.0,90.0,90.0,90.0,0.6204,0.5611,14170053.0,12778020.0,17.62,5.72,37688901632,NO,13.9,13.06,11.25,13.59,12.89,,402,2.19,13861099.0,YES,NO,2026-03-19,100962800.0
283,TRGP,295.2,293.65,835239.0,Energy,Oil & Gas Midstream,93.0,87.0,87.0,86.0,9.3343,7.945,1244050.0,1521560.0,307.94,144.14,63300042752,NO,280.96,275.92,235.55,278.36,259.24,,3956,0.0,1183800.0,NO,NO,2022-10-11,49033200.0
284,MSIX,37.39,37.56,8.0,ETF,ETF,93.0,93.0,,,0.7643,0.1971,470.0,380.0,38.1,26.11,0,NO,35.19,,,32.72,,,47,0.0,100.0,NO,NO,2026-06-24,9300.0
285,BLFS,35.24,37.07,757367.0,Healthcare,Medical Instruments & Supplies,93.0,90.0,95.0,95.0,1.0443,0.9964,1106817.0,878240.0,38.1,17.86,1724450304,NO,35.59,31.59,25.22,32.62,25.8,,9259,0.0,949525.0,NO,NO,2016-07-11,17866600.0
286,ENLT,75.09,78.135,194002.0,Utilities,Utilities - Renewable,93.0,4.0,2.0,44.0,2.8446,1.9586,227265.0,163480.0,108.65,27.02,10499781632,NO,82.0,85.0,71.83,83.44,82.08,,918,0.0,240581.0,NO,NO,2023-02-10,4633700.0
287,PR,23.67,23.29,8713322.0,Energy,Oil & Gas E&P,93.0,89.0,91.0,88.0,0.6264,0.5571,9969677.0,11119490.0,24.09,11.92,19829161984,NO,22.13,20.66,18.41,21.26,20.2,,2609,0.0,11469616.0,YES,NO,2024-06-28,79792400.0
288,MITK,17.86,18.46,370273.0,Technology,Software - Application,93.0,82.0,44.0,85.0,0.8614,0.7836,898538.0,707060.0,21.05,8.53,805885632,NO,18.3,18.3,14.14,18.46,16.12,,9485,0.0,570267.0,NO,NO,2014-09-04,11746900.0
289,FTXL,217.2,221.91,86844.0,ETF,ETF,93.0,49.0,6.0,92.0,7.44,5.2404,288949.0,136950.0,297.36,95.74,0,NO,230.0,239.6,189.32,232.51,212.52,,2499,0.0,108230.0,NO,NO,2023-03-24,17226700.0
290,ABNB,182.1,183.22,2801185.0,Consumer Cyclical,Travel Services,92.0,94.0,95.0,92.0,4.9493,4.7193,4343533.0,4974830.0,193.45,110.81,109203537920,NO,179.56,159.45,138.12,165.25,144.05,,1436,0.0,4304361.0,NO,NO,2023-09-15,74788500.0
291,TALO,17.23,17.26,1907981.0,Energy,Oil & Gas E&P,92.0,90.0,88.0,91.0,0.6743,0.6207,1955976.0,1736180.0,18.44,8.87,2876815104,NO,16.07,14.89,13.68,15.37,14.82,,2088,0.0,2861707.0,NO,NO,2023-06-16,16103200.0
292,THC,265.78,265.91,584433.0,Healthcare,Medical Care Facilities,92.0,76.0,97.0,75.0,7.6796,7.2454,1218963.0,756680.0,283.05,157.58,21403561984,NO,266.79,231.15,206.89,243.52,212.37,,11709,0.0,809535.0,NO,NO,2010-12-10,59996300.0
293,SHG,79.81,79.17,127224.0,Financial Services,Banks - Regional,92.0,91.0,94.0,86.0,1.593,1.0323,241941.0,135930.0,81.06,46.26,37577330688,NO,75.11,71.35,63.8,73.6,68.01,,5775,0.75,155384.0,NO,NO,2026-03-05,893900.0
294,NVRI,22.05,22.28,172719.0,Industrials,Waste Management,92.0,31.0,94.0,84.0,0.9829,0.9393,469660.0,352750.0,24.2,10.81,621592128,NO,21.47,22.02,19.48,22.08,20.29,,11709,0.0,314690.0,NO,NO,2026-05-26,20018800.0
295,CTEV,40.08,39.83,87998.0,Healthcare,Health Information Services,92.0,98.0,96.0,98.0,2.7053,2.6449,119337.0,125370.0,74.07,11.5,679254400,NO,35.2,31.42,28.41,32.47,25.3,,1610,0.0,134831.0,NO,NO,2024-12-24,2112000.0
296,ETSY,82.24,81.33,1136031.0,Consumer Cyclical,Internet Retail,92.0,44.0,90.0,94.0,3.1061,3.0461,2922566.0,2733360.0,87.97,44.0,7548130304,NO,82.02,80.87,63.48,81.56,67.01,,2861,0.0,2137187.0,NO,NO,2024-09-20,37801100.0
297,TNK,88.24,89.64,312003.0,Energy,Oil & Gas Midstream,92.0,88.0,92.0,75.0,3.5271,3.1921,388585.0,550070.0,94.44,47.18,3060173056,NO,84.57,77.53,70.27,79.52,75.74,,4707,0.0,471136.0,NO,NO,2020-06-26,3984300.0
298,KF,62.95,64.43,21846.0,Financial Services,Asset Management,92.0,91.0,5.0,79.0,2.6179,1.8807,26374.0,33170.0,81.94,26.79,261773424,NO,62.48,64.08,53.63,62.77,60.14,,10587,0.0,25732.0,NO,NO,2011-12-27,557400.0
299,RPRX,62.03,61.41,1466040.0,Healthcare,Biotechnology,92.0,82.0,86.0,90.0,1.3504,1.2915,3121487.0,2403000.0,62.58,34.08,35843133440,NO,59.75,58.26,48.76,59.06,52.97,,1560,0.66,2629278.0,NO,NO,2020-06-16,27619300.0
300,STM,49.35,50.14,5805477.0,Technology,Semiconductors,92.0,10.0,2.0,94.0,1.8004,1.4193,11514371.0,8104320.0,81.42,21.11,44003274752,NO,52.32,59.89,44.75,56.75,52.49,,7984,0.0,8412696.0,NO,NO,1994-12-08,41167800.0
301,MRAM,15.82,16.25,827649.0,Technology,Semiconductors,92.0,86.0,0.0,92.0,1.508,1.283,1575646.0,1159840.0,51.5,6.2,385784480,NO,17.09,17.58,15.37,16.77,17.5,,2487,0.0,1040845.0,NO,NO,2021-11-12,92870200.0
302,XBI,163.09,162.5,7441875.0,ETF,ETF,92.0,88.0,92.0,89.0,4.5943,3.6207,9075341.0,9467850.0,169.89,91.1,0,NO,161.03,156.85,134.36,158.34,139.91,,5174,0.0,8441181.0,NO,NO,2025-04-09,36123800.0
303,ALMR,29.33,30.54,111866.0,Healthcare,Medical Devices,92.0,92.0,96.0,,2.5543,2.3986,327515.0,344440.0,38.54,18.85,2035289856,NO,31.9,28.15,,28.98,,,94,0.0,185081.0,NO,NO,2026-04-17,4895500.0
304,CVI,42.95,41.86,744336.0,Energy,Oil & Gas Refining & Marketing,92.0,94.0,92.0,96.0,2.0182,1.9632,995676.0,963510.0,43.47,19.62,4309746688,NO,36.25,33.48,30.52,35.22,31.74,,4743,0.0,1096823.0,NO,NO,2012-04-19,26037700.0
305,MG,18.65,18.76,85815.0,Industrials,Security & Protection Services,92.0,94.0,75.0,85.0,0.9178,0.895,211261.0,254540.0,20.2,9.35,594000448,NO,17.97,17.11,15.64,17.03,16.79,,4249,0.0,140655.0,NO,NO,2009-10-08,6392700.0
306,GCT,47.47,48.53,429491.0,Technology,Software - Infrastructure,92.0,85.0,95.0,68.0,2.226,2.1064,675866.0,505210.0,56.27,25.15,1695164928,NO,50.58,41.97,40.33,43.92,41.15,,1012,0.0,622846.0,NO,NO,2022-08-19,36268800.0
307,MKOR,59.89,61.34,3986.0,ETF,ETF,92.0,89.0,8.0,82.0,1.6406,0.7278,14965.0,4430.0,72.96,27.14,0,NO,59.79,59.64,50.15,58.98,56.29,,785,0.0,4040.0,NO,NO,2025-08-21,302200.0
308,FLEX,106.67,109.25,1424406.0,Technology,Electronic Components,92.0,10.0,3.0,95.0,5.5061,4.5225,5929092.0,2769430.0,166.86,51.76,39437463552,NO,117.64,126.75,93.88,120.43,107.22,,8167,0.0,2422190.0,NO,NO,2005-10-26,102901552.0
309,ODC,91.51,89.98,71910.0,Basic Materials,Specialty Chemicals,92.0,7.0,89.0,90.0,3.0329,2.9729,127684.0,103000.0,107.0,45.61,0,NO,91.65,96.46,72.94,95.54,81.43,,11707,0.0,95199.0,NO,NO,1991-07-24,2174000.0
310,AII,25.32,26.0,106830.0,Financial Services,Insurance - Property & Casualty,92.0,95.0,97.0,85.0,1.2282,1.0307,150561.0,187950.0,27.0,16.19,496105600,NO,23.93,20.92,19.58,21.82,19.55,,330,0.0,201965.0,NO,NO,2025-05-08,3693300.0
311,NKTR,71.76,71.38,180990.0,Healthcare,Biotechnology,92.0,60.0,85.0,53.0,3.04,2.8321,900528.0,526450.0,109.0,27.87,2450613248,NO,74.11,70.93,64.57,72.09,72.09,,8137,0.0,301030.0,NO,NO,2025-06-24,37172700.0
312,ESTC,92.43,97.55,1835097.0,Technology,Software - Application,92.0,97.0,95.0,96.0,5.1864,4.0686,2235831.0,3677030.0,108.0,42.05,9704868864,NO,81.63,68.89,63.77,72.82,60.11,,1985,0.0,2844149.0,NO,NO,2023-12-01,12243800.0
313,FRNM,15.24,14.79,1479842.0,Healthcare,Diagnostics & Research,92.0,97.0,96.0,85.0,0.7118,0.6875,517469.0,826910.0,15.48,9.95,1637489408,NO,12.77,11.88,11.94,12.18,11.71,,556,0.07,1945504.0,NO,NO,2025-12-05,3095800.0
314,DGICB,23.17,23.17,94.0,Financial Services,Insurance - Property & Casualty,92.0,65.0,90.0,92.0,0.725,0.1743,5303.0,880.0,29.99,14.87,858598592,NO,23.8,23.2,18.8,22.92,19.94,,10034,0.0,300.0,NO,NO,1993-09-29,1247763.0
315,ALNT,87.59,94.01,142361.0,Technology,Electronic Components,92.0,27.0,68.0,90.0,5.3471,4.9079,281265.0,229120.0,118.67,41.75,1488724480,NO,102.42,95.2,72.59,94.15,79.72,,11558,0.0,229059.0,NO,NO,2000-01-31,1607100.0
316,MSGE,77.07,77.69,200030.0,Communication Services,Entertainment,92.0,39.0,75.0,87.0,3.1479,2.9443,448085.0,248780.0,90.41,39.85,3645818880,NO,80.31,78.14,64.63,77.85,69.41,,847,0.0,322185.0,NO,NO,2023-06-23,5614100.0
317,DAC,149.69,151.48,64633.0,Industrials,Marine Shipping,92.0,82.0,89.0,88.0,3.4409,3.2224,104303.0,112170.0,152.98,83.56,2724893696,NO,144.95,136.19,117.16,139.32,126.14,,4999,0.0,101128.0,NO,NO,2019-11-22,2851600.0
318,MSGS,382.85,384.73,175233.0,Communication Services,Entertainment,92.0,19.0,54.0,80.0,12.975,12.888,242806.0,208890.0,438.93,193.87,9217801216,NO,398.82,393.88,325.22,394.27,358.15,,2754,0.0,294762.0,NO,NO,2023-07-31,4346300.0
319,AIVC,108.98,111.73,8855.0,ETF,ETF,92.0,80.0,11.0,94.0,2.5966,1.5053,22634.0,10940.0,124.23,55.72,0,NO,111.68,108.79,87.06,108.26,95.26,,2635,0.0,9462.0,NO,NO,2026-06-02,218800.0
320,ARW,205.92,204.43,204457.0,Technology,Electronics & Computer Distribution,92.0,12.0,17.0,92.0,6.8271,6.0721,578085.0,518680.0,237.33,101.79,10482445312,NO,210.53,210.92,167.4,208.26,189.42,,11709,0.0,448631.0,NO,NO,2000-02-24,10397800.0
321,OVV,66.35,65.65,1239359.0,Energy,Oil & Gas E&P,92.0,82.0,87.0,88.0,1.5625,1.3961,3270909.0,3189390.0,67.44,35.47,18345494528,NO,63.68,59.61,52.17,61.28,57.49,,6140,0.0,2181224.0,NO,NO,2020-06-26,46194000.0
322,TECL,193.85,203.43,363804.0,ETF,ETF,92.0,89.0,3.0,96.0,11.2271,8.0052,882784.0,535330.0,275.4,75.16,0,NO,203.57,198.04,151.45,196.41,165.66,,4444,0.0,435515.0,NO,NO,2010-05-04,332400000.0
323,CTNM,16.67,16.24,128887.0,Healthcare,Biotechnology,92.0,82.0,94.0,62.0,1.04,1.02,434241.0,439590.0,17.51,8.6,626579968,NO,15.72,14.97,13.39,15.43,14.09,,603,0.0,212118.0,NO,NO,2026-06-26,3888100.0
324,SCCO,202.01,208.87,631973.0,Basic Materials,Copper,92.0,84.0,72.0,14.0,9.0243,7.6086,1271270.0,1217460.0,220.78,89.5,170565861376,NO,199.66,186.33,175.35,189.77,184.61,,7712,0.0,966209.0,NO,NO,2005-06-10,45206179.0
325,ZYME,29.75,29.41,188611.0,Healthcare,Biotechnology,92.0,97.0,91.0,88.0,1.6795,1.6356,618795.0,882850.0,30.62,13.6,2127399936,NO,26.24,25.04,24.79,25.72,24.92,,2348,0.0,483049.0,NO,NO,2022-04-29,36641400.0
326,KALU,162.77,158.78,121309.0,Basic Materials,Aluminum,92.0,67.0,10.0,85.0,8.7954,8.2375,273269.0,258630.0,199.89,73.08,2661141760,NO,169.62,169.49,144.89,165.75,157.92,,5069,0.0,236636.0,NO,NO,2010-03-24,3730000.0
327,TSAT,42.93,43.4,73378.0,Technology,Communication Equipment,92.0,92.0,8.0,89.0,3.4807,3.0814,277055.0,196260.0,61.54,19.83,2205630464,NO,49.54,44.39,39.07,44.12,43.11,,5307,0.0,98822.0,NO,NO,2023-08-11,23276300.0
328,MSOL,27.05,28.19,4051.0,ETF,ETF,92.0,,,,1.1026,0.5486,70896.0,58750.0,29.8,19.59,0,NO,22.96,,,,,,25,0.0,4625.0,NO,NO,2026-07-28,951300.0
329,SUNC,78.04,77.7,194586.0,Energy,Oil & Gas Midstream,92.0,70.0,89.0,90.0,1.9466,1.9013,452842.0,465040.0,78.85,47.0,4020144896,NO,75.58,73.04,62.17,74.47,67.02,,204,0.99,334941.0,NO,NO,2025-11-06,4044700.0
330,AMAL,47.11,48.07,96177.0,Financial Services,Banks - Regional,92.0,14.0,88.0,86.0,0.9236,0.905,161733.0,168250.0,51.59,25.13,1408595968,NO,49.5,48.11,40.28,48.48,43.52,,2025,0.0,150428.0,NO,NO,2018-08-09,3584100.0
331,TX,55.7,54.82,837591.0,Basic Materials,Steel,92.0,90.0,86.0,89.0,1.6907,1.6043,589742.0,527430.0,58.24,32.11,0,NO,54.29,48.89,43.62,50.2,45.65,,5177,0.0,1013949.0,NO,NO,2006-02-01,13285000.0
332,KMX,60.86,61.33,661102.0,Consumer Cyclical,Auto & Truck Dealerships,92.0,82.0,95.0,93.0,1.8829,1.8536,2924066.0,1666290.0,65.28,30.26,8636709888,NO,60.0,56.99,45.71,58.12,48.32,,7439,0.0,1579935.0,NO,NO,2010-06-25,42565300.0
333,LB,85.54,87.58,157510.0,Energy,Oil & Gas Equipment & Services,92.0,88.0,92.0,80.0,4.0205,3.8541,342342.0,322810.0,91.69,43.75,6594271232,NO,82.23,77.32,67.48,80.08,73.01,,545,0.0,257533.0,NO,NO,2024-06-28,3203400.0
334,GNMX,35.18,35.08,228.0,ETF,ETF,92.0,93.0,95.0,,0.7964,0.3057,1039.0,3260.0,36.54,23.88,0,NO,33.53,31.67,,32.37,,,81,0.0,449.0,NO,NO,2026-05-06,48900.0
335,VOYA,101.03,101.32,427027.0,Financial Services,Financial Conglomerates,92.0,61.0,93.0,94.0,1.9079,1.8393,1093661.0,873580.0,103.85,64.5,9153855488,NO,100.13,97.87,80.92,99.26,84.56,,3353,0.0,885613.0,NO,NO,2013-05-02,32928800.0
336,APPN,40.59,42.95,509404.0,Technology,Software - Infrastructure,92.0,97.0,96.0,94.0,2.1017,2.0124,891417.0,830180.0,46.06,18.63,2906648064,NO,36.41,29.22,28.45,31.67,26.03,,2329,0.0,752053.0,NO,NO,2020-11-30,7563900.0
337,STDN,16.58,16.11,2497605.0,Basic Materials,Specialty Chemicals,92.0,98.0,,,1.3499,1.3499,1129575.0,738880.0,17.34,7.05,2663163904,YES,12.17,,,,,,33,0.0,2702111.0,NO,NO,2026-07-16,5654500.0
338,ZBRA,343.21,353.55,475466.0,Technology,Communication Equipment,91.0,92.0,96.0,94.0,10.7532,10.3625,804109.0,577160.0,386.23,199.05,16231341056,NO,366.85,305.78,254.96,318.67,260.2,,8823,0.0,664006.0,NO,NO,1994-04-22,17863200.0
339,VAC,99.2,104.26,427073.0,Consumer Cyclical,Resorts & Casinos,91.0,61.0,81.0,94.0,4.6993,4.4125,486406.0,498820.0,131.34,44.58,3412015616,NO,113.63,104.64,75.61,105.8,85.04,,3723,0.0,810749.0,NO,NO,2018-08-31,7085300.0
340,NCSM,53.35,50.8,30195.0,Energy,Oil & Gas Equipment & Services,91.0,92.0,93.0,90.0,1.3397,1.0315,16365.0,7370.0,87.36,34.06,140018304,NO,49.78,47.04,48.12,48.12,51.69,,2347,2.36,30200.0,NO,NO,2021-04-09,750800.0
341,GSHD,68.26,68.65,118029.0,Financial Services,Insurance Brokers,91.0,88.0,98.0,86.0,2.7951,2.7219,522974.0,268200.0,85.53,33.68,2439489024,NO,68.07,59.62,55.64,62.42,49.38,,2097,0.0,208998.0,NO,NO,2023-08-31,4984800.0
342,TENB,35.33,38.15,2135447.0,Technology,Software - Infrastructure,91.0,85.0,91.0,96.0,2.2307,2.0446,3709403.0,4836400.0,43.67,15.73,3895100672,NO,36.07,35.52,25.89,36.53,26.92,,2035,0.0,3147899.0,NO,NO,2026-02-05,11369900.0
343,AMTB,28.43,28.71,282013.0,Financial Services,Banks - Regional,91.0,15.0,94.0,90.0,0.6136,0.6115,367115.0,272110.0,30.6,15.62,1113775744,NO,28.93,27.42,23.02,27.92,24.42,,1976,0.0,392613.0,NO,NO,2019-06-28,2472300.0
344,RIGL,47.4,46.18,117407.0,Healthcare,Biotechnology,91.0,96.0,97.0,92.0,1.965,1.9164,356365.0,336910.0,52.24,24.95,885332160,NO,43.53,40.9,36.24,41.84,34.24,,6475,0.0,205449.0,NO,NO,2020-07-14,25850860.0
345,VSH,29.67,30.43,1715900.0,Technology,Semiconductors,91.0,3.0,0.0,94.0,1.8021,1.5279,6627307.0,3758680.0,69.47,11.77,4551526912,NO,32.87,39.53,28.51,36.43,34.08,,11709,0.0,4774447.0,NO,NO,2010-11-04,49052300.0
346,VEEV,279.08,285.69,797041.0,Healthcare,Health Information Services,91.0,97.0,97.0,94.0,12.1771,9.7557,2195250.0,2325810.0,310.5,148.05,45186330624,NO,245.03,210.31,198.83,225.17,188.73,,3237,0.0,1218656.0,NO,NO,2026-05-06,35354600.0
347,JAZZ,245.19,250.68,728333.0,Healthcare,Biotechnology,91.0,16.0,70.0,89.0,7.8721,7.7729,921465.0,1347240.0,266.38,123.88,15922895872,NO,252.34,247.43,203.54,249.22,219.44,,4843,0.0,1072803.0,NO,NO,2009-06-15,27415800.0
348,TECK,66.82,68.12,3078951.0,Basic Materials,Copper,91.0,88.0,33.0,81.0,1.9821,1.6321,3207971.0,3179780.0,71.93,31.68,32805933056,NO,66.9,62.06,56.09,63.18,59.8,,6069,0.0,3605092.0,NO,NO,2025-09-09,41720700.0
349,MOV,33.65,33.73,95041.0,Consumer Cyclical,Luxury Goods,91.0,4.0,11.0,92.0,1.2568,1.2111,238026.0,229990.0,40.5,17.24,750918528,NO,36.0,37.3,28.34,36.67,31.55,,8285,0.0,210374.0,NO,NO,1993-09-30,6273375.0
350,GTX,26.65,26.95,2904302.0,Consumer Cyclical,Auto Parts,91.0,2.0,7.0,90.0,0.9096,0.8511,2644684.0,2892660.0,36.25,12.26,4986701312,NO,28.26,30.7,23.64,29.8,26.5,,1999,0.0,4218288.0,NO,NO,2020-09-24,34688500.0
351,NP,32.83,33.31,216848.0,Financial Services,Insurance Brokers,91.0,72.0,93.0,94.0,1.3039,1.2232,760130.0,397450.0,35.15,14.78,4509479424,NO,32.49,31.77,26.84,32.2,27.5,,230,0.0,337599.0,NO,NO,2025-10-01,13034000.0
352,VIST,74.88,71.46,1700694.0,Energy,Oil & Gas E&P,91.0,81.0,32.0,88.0,2.9651,2.5135,909341.0,1139510.0,81.44,31.63,8283031040,NO,68.62,66.62,62.3,67.83,67.83,,1784,2.28,1894289.0,NO,NO,2025-10-27,8095000.0
353,NUE,252.14,249.64,678128.0,Basic Materials,Steel,91.0,22.0,48.0,92.0,9.1457,8.7864,1572253.0,1750360.0,280.11,131.32,57204432896,NO,261.08,247.28,203.78,247.9,220.3,,11709,0.0,1282526.0,NO,NO,2001-06-26,358280000.0
354,VGNT,46.09,47.4,452934.0,Consumer Cyclical,Auto Parts,91.0,89.0,65.0,,1.8257,1.7593,1270550.0,629990.0,50.89,26.34,3266214144,NO,46.27,43.37,,43.88,,,108,0.0,700430.0,NO,NO,2026-04-01,27163800.0
355,ESCA,20.06,20.16,25584.0,Consumer Cyclical,Leisure,91.0,58.0,83.0,92.0,0.6986,0.6964,40066.0,33350.0,23.07,11.41,276191488,NO,20.87,19.78,16.83,19.9,18.32,,11709,0.0,35499.0,NO,NO,1990-12-04,2353590.0
356,KARO,65.47,66.51,34321.0,Technology,Software - Application,91.0,57.0,94.0,92.0,1.9531,1.9235,108449.0,59250.0,68.8,41.25,2022584448,NO,63.91,60.24,50.66,62.5,53.02,,1360,0.0,56898.0,NO,NO,2025-06-12,856900.0
357,BLTE,156.29,155.71,73384.0,Healthcare,Biotechnology,91.0,27.0,75.0,10.0,6.9706,6.812,194419.0,142660.0,200.0,62.18,6292120064,NO,162.82,156.54,156.78,155.86,157.64,,1088,0.17,114135.0,NO,NO,2022-05-03,7495900.0
358,CSTL,33.93,33.03,205867.0,Healthcare,Diagnostics & Research,91.0,93.0,97.0,83.0,1.7995,1.7127,401696.0,412380.0,44.28,17.72,1036544832,NO,32.1,27.41,29.44,28.82,25.7,,1785,0.0,396178.0,NO,NO,2023-07-07,12789100.0
359,AMR,233.14,235.7,217161.0,Basic Materials,Coking Coal,91.0,98.0,79.0,93.0,11.5829,10.7489,294417.0,417120.0,253.82,133.64,2955992576,NO,182.84,164.21,186.64,171.94,182.4,,1397,0.0,339869.0,NO,NO,2022-06-24,3637600.0
360,DDOG,223.61,237.04,2248838.0,Technology,Software - Application,91.0,2.0,5.0,97.0,12.4532,11.4689,4871738.0,3528310.0,292.72,98.01,80305332224,NO,243.3,249.47,175.71,248.32,191.76,,1746,0.0,3358736.0,NO,NO,2025-07-08,86386000.0
361,KB,124.34,124.79,74628.0,Financial Services,Banks - Regional,91.0,80.0,92.0,77.0,2.6564,1.9079,281779.0,175430.0,126.57,76.31,43656531968,NO,119.87,116.2,103.48,119.51,110.54,,6238,0.0,119345.0,NO,NO,2002-06-19,2766500.0
362,KOP,45.79,45.87,109107.0,Basic Materials,Specialty Chemicals,91.0,9.0,84.0,88.0,1.8214,1.8214,182642.0,162310.0,53.0,25.0,866055232,NO,47.36,47.55,38.02,47.8,42.23,,5177,0.0,177118.0,NO,NO,2006-02-01,5037200.0
363,SRRK,55.94,56.8,500847.0,Healthcare,Biotechnology,91.0,93.0,89.0,89.0,2.4354,2.3254,1317692.0,1236230.0,61.76,27.07,6812059648,NO,54.4,53.07,47.27,53.65,49.19,,2077,0.0,763080.0,NO,NO,2020-10-27,53359100.0
364,MUFG,22.83,22.75,1774961.0,Financial Services,Banks - Diversified,91.0,62.0,91.0,88.0,0.4621,0.2957,3102331.0,2554220.0,23.25,14.62,256912850944,NO,22.41,21.87,18.71,22.18,19.7,,6391,0.0,2222283.0,NO,NO,2025-03-21,54976700.0
365,SDGR,20.96,19.5,1033892.0,Healthcare,Health Information Services,91.0,97.0,95.0,95.0,1.004,0.902,1200485.0,985840.0,23.02,10.95,1567926016,NO,18.67,16.96,15.05,17.55,14.44,,1650,0.0,1505332.0,NO,NO,2023-06-16,13271100.0
366,TNET,67.18,70.29,374108.0,Industrials,Staffing & Employment Services,91.0,62.0,95.0,96.0,2.564,2.4983,371409.0,308500.0,73.08,33.61,3083650816,NO,68.73,61.95,51.49,64.21,48.88,,3126,0.0,659605.0,NO,NO,2014-03-27,14207100.0
367,AMGN,436.58,429.88,1161185.0,Healthcare,Drug Manufacturers - General,91.0,90.0,95.0,77.0,9.3014,8.2636,2690384.0,2285790.0,447.03,269.77,236175097856,NO,424.29,389.85,356.42,400.56,367.78,,10886,1.26,2353940.0,NO,NO,1998-12-21,309017200.0
368,FTDR,79.12,80.87,225834.0,Consumer Cyclical,Personal Services,91.0,87.0,95.0,82.0,2.3407,2.2071,586448.0,426900.0,93.43,48.47,5450839040,NO,83.23,78.12,64.16,79.58,68.33,,2001,0.0,381814.0,NO,NO,2022-07-05,17877100.0
369,ARIS,18.92,19.99,976694.0,Basic Materials,Gold,91.0,97.0,72.0,7.0,0.9738,0.7188,1543622.0,1434510.0,23.29,8.59,3906700544,NO,18.5,16.22,17.27,16.88,17.9,,3997,0.0,1331408.0,NO,NO,2026-03-20,14336400.0
370,MBIN,51.66,52.64,72441.0,Financial Services,Banks - Regional,91.0,9.0,84.0,83.0,1.2227,1.2206,168419.0,134940.0,56.87,30.37,2373160960,NO,54.15,51.46,44.0,51.82,47.9,,2221,0.0,130829.0,NO,NO,2026-02-10,5334700.0
371,ALRS,32.45,32.9,70568.0,Financial Services,Banks - Regional,91.0,22.0,87.0,91.0,0.5739,0.5468,224641.0,127780.0,34.4,20.31,808110080,NO,33.29,32.35,26.7,32.61,28.41,,5900,0.0,117011.0,NO,NO,2020-06-26,1362100.0
372,VFLO,55.34,55.59,2655445.0,ETF,ETF,91.0,88.0,87.0,92.0,0.6746,0.5711,1525861.0,2264760.0,55.89,36.56,0,NO,53.65,49.95,43.15,51.15,45.2,,801,0.0,2856894.0,NO,NO,2025-02-28,8023500.0
373,TTXU,34.0,34.467,1066.0,ETF,ETF,91.0,88.0,14.0,97.0,1.0281,0.6466,13242.0,6420.0,38.6,13.22,0,NO,34.02,32.11,24.46,32.56,25.96,,229,0.0,1100.0,NO,NO,2026-06-09,70500.0
374,SVIX,27.43,28.38,1630115.0,ETF,ETF,91.0,90.0,93.0,90.0,0.5837,0.5123,2378965.0,1648340.0,28.41,14.13,0,NO,26.45,24.78,21.59,25.38,21.42,,1109,0.0,1990283.0,NO,NO,2025-04-07,63788800.0
375,RELL,16.72,17.32,145060.0,Technology,Electronic Components,91.0,6.0,40.0,90.0,0.9047,0.8319,249350.0,205740.0,23.15,9.37,248529712,NO,19.02,18.27,14.14,18.01,15.6,,10793,0.0,174997.0,NO,NO,2015-08-13,3154200.0
376,ARTY,73.29,74.43,228005.0,ETF,ETF,91.0,87.0,15.0,93.0,1.9269,1.2851,679350.0,445010.0,81.85,41.34,0,NO,74.16,71.69,59.25,71.54,63.83,,2054,0.0,264452.0,NO,NO,2026-03-12,3072000.0
377,FIX,1555.24,1545.62,261232.0,Industrials,Engineering & Construction,91.0,4.0,6.0,70.0,81.33,73.5857,490550.0,407990.0,2073.99,670.19,54732107776,NO,1670.72,1733.52,1481.74,1683.21,1660.93,,7340,0.0,347869.0,NO,NO,2025-12-19,8010000.0
378,SU,68.83,66.82,2199797.0,Energy,Oil & Gas Integrated,91.0,69.0,79.0,83.0,1.6268,1.4889,4590144.0,3180990.0,70.29,37.77,81276592128,NO,65.43,62.22,57.61,63.96,62.42,,11709,1.8,3058730.0,NO,NO,1989-05-25,40988800.0
379,SBLK,31.13,30.87,916542.0,Industrials,Marine Shipping,91.0,84.0,82.0,79.0,0.9328,0.895,1340096.0,1627080.0,31.37,16.72,3476329984,NO,29.51,27.68,24.26,28.32,26.09,,4715,0.39,1172766.0,NO,NO,2022-02-17,9415600.0
380,BOAT,48.83,48.66,15495.0,ETF,ETF,91.0,88.0,90.0,76.0,1.0582,0.7343,29030.0,52190.0,50.51,29.12,0,NO,46.78,43.54,39.22,44.67,41.99,,1274,0.0,17959.0,NO,NO,2026-01-30,262000.0
381,XENE,60.01,60.22,268896.0,Healthcare,Biotechnology,91.0,14.0,85.0,93.0,2.3705,2.2659,1220476.0,715460.0,72.66,35.6,5811394048,NO,62.54,63.17,52.39,63.46,56.36,,2971,0.0,418793.0,NO,NO,2021-10-04,63786400.0
382,VBNK,18.91,19.195,65253.0,Financial Services,Banks - Regional,91.0,22.0,74.0,73.0,0.6128,0.5239,117036.0,84360.0,25.05,10.85,612986688,NO,19.58,20.23,16.87,20.28,18.04,,1257,0.0,93457.0,NO,NO,2024-12-17,2102600.0
383,DHT,19.76,19.6,1755942.0,Energy,Oil & Gas Midstream,91.0,81.0,90.0,38.0,0.7329,0.6357,3263877.0,3429470.0,20.62,10.83,3186820864,NO,19.04,18.42,16.54,18.65,18.07,,5252,0.31,2434584.0,NO,NO,2020-03-30,14381700.0
384,YPF,52.64,51.58,681133.0,Energy,Oil & Gas Integrated,91.0,41.0,20.0,94.0,1.7132,1.5654,1362925.0,926850.0,57.49,22.82,20638830592,NO,50.36,49.39,42.97,49.89,45.99,,8350,1.26,902368.0,NO,NO,1993-06-29,34346800.0
385,ANET,189.42,195.69,2478986.0,Technology,Computer Hardware,90.0,78.0,83.0,94.0,7.8393,6.8957,7714319.0,5709180.0,214.89,114.52,238749843456,NO,194.62,180.88,150.73,183.64,159.75,,3077,0.0,4280712.0,NO,NO,2018-08-27,178592000.0
386,XLVX,33.29,33.69,133.0,ETF,ETF,90.0,81.0,,,0.7064,0.2793,2258.0,2160.0,35.56,25.4,0,NO,32.89,31.03,,31.8,,,61,0.0,1100.0,NO,NO,2026-06-26,43100.0
387,TRMD,33.21,32.81,619580.0,Energy,Oil & Gas Midstream,90.0,87.0,90.0,61.0,0.9842,0.8021,704225.0,779700.0,35.33,19.3,3399100416,NO,30.44,29.51,27.13,30.26,29.46,,2141,0.58,761109.0,NO,NO,2024-10-01,4851200.0
388,BNY,160.28,161.28,1580662.0,Financial Services,Banks - Diversified,90.0,69.0,85.0,91.0,2.8886,2.7807,3459530.0,2190120.0,165.69,102.63,108770992128,NO,160.84,155.96,131.85,157.3,138.64,,13445,0.0,3124259.0,NO,NO,2008-09-18,66396000.0
389,TEVA,36.13,36.05,2284430.0,Healthcare,Drug Manufacturers - Specialty & Generic,90.0,73.0,70.0,60.0,0.9675,0.8496,5608111.0,5005850.0,38.37,18.14,42102149120,NO,36.47,34.34,32.35,34.87,33.32,,11225,0.0,3515635.0,NO,NO,2017-11-02,117607600.0
390,SBFG,27.94,27.7,11912.0,Financial Services,Banks - Regional,90.0,80.0,94.0,91.0,0.8733,0.8697,38730.0,15230.0,28.47,18.16,174708592,NO,27.12,26.34,22.79,26.68,23.35,,6957,0.0,17612.0,NO,NO,2021-06-25,930615.0
391,JHX,28.42,29.71,3640952.0,Basic Materials,Building Materials,90.0,85.0,93.0,83.0,0.8411,0.7739,7161939.0,5709850.0,31.36,16.46,16497868800,NO,29.92,27.41,22.94,27.93,23.97,,6254,0.0,7538369.0,NO,NO,2025-08-20,71251500.0
392,TECH,72.22,72.31,2109555.0,Healthcare,Biotechnology,90.0,45.0,96.0,87.0,0.2271,0.2107,4758322.0,2336860.0,72.62,43.2,11326196736,NO,72.26,70.88,60.76,71.96,60.23,,9458,0.0,2893683.0,NO,NO,2026-06-25,51699100.0
393,TSMU,64.94,65.909,48938.0,ETF,ETF,90.0,70.0,5.0,56.0,3.0652,2.1842,74139.0,32060.0,93.29,26.44,0,NO,67.75,70.25,59.88,68.16,65.63,,450,0.0,49729.0,NO,NO,2025-10-16,435900.0
394,CRS,469.11,476.42,323751.0,Industrials,Metal Fabrication,90.0,6.0,25.0,80.0,19.035,17.5207,793950.0,940500.0,625.99,228.0,23261304832,NO,521.37,555.43,429.48,542.82,472.54,,13495,0.0,642746.0,NO,NO,2020-07-31,10557100.0
395,JILL,19.18,19.53,30991.0,Consumer Cyclical,Apparel Retail,90.0,82.0,97.0,78.0,0.8988,0.8884,76117.0,77090.0,20.89,10.4,286768160,NO,19.41,17.61,15.28,18.18,15.48,,2383,0.0,61037.0,NO,NO,2020-09-01,19615700.0
396,MEOH,60.35,58.95,467422.0,Basic Materials,Chemicals,90.0,85.0,32.0,78.0,2.2214,2.025,879839.0,618680.0,66.75,32.0,4668933120,NO,56.38,53.42,51.68,54.83,55.95,,8631,0.24,642833.0,NO,NO,1995-02-24,5850500.0
397,ACHC,28.27,27.56,552317.0,Healthcare,Medical Care Facilities,90.0,12.0,91.0,84.0,1.6893,1.55,2777490.0,1853120.0,35.83,11.43,2631944704,NO,29.83,30.37,22.71,31.05,26.44,,8177,0.83,1410200.0,NO,NO,2017-10-25,19847500.0
398,ROM,140.82,145.06,18859.0,ETF,ETF,90.0,86.0,7.0,95.0,4.9596,3.3618,65717.0,36220.0,171.82,71.36,0,NO,144.91,141.2,113.27,140.78,121.85,,4926,0.0,24553.0,NO,NO,2008-10-13,38278400.0
399,SEZL,115.72,120.55,498377.0,Financial Services,Credit Services,90.0,0.0,15.0,94.0,6.0123,5.308,685511.0,421280.0,195.71,49.5,3901250560,NO,130.0,152.94,96.82,145.23,109.55,,744,0.0,670626.0,NO,NO,2023-09-19,10405200.0
400,CZFS,79.33,80.34,17615.0,Financial Services,Banks - Regional,90.0,71.0,92.0,90.0,2.4307,2.4121,24611.0,40470.0,84.35,52.35,381589856,NO,81.49,76.4,65.74,77.43,68.67,,6957,0.0,23663.0,NO,NO,2023-06-23,546612.0
401,ANEL,24.3,25.97,23855.0,ETF,ETF,90.0,82.0,79.0,95.0,1.968,1.6249,141057.0,45480.0,31.74,11.38,0,NO,26.1,23.25,18.77,23.72,19.89,,249,0.0,26887.0,NO,NO,2026-05-06,2116100.0
402,KINS,19.55,19.65,41298.0,Financial Services,Insurance - Property & Casualty,90.0,23.0,95.0,83.0,0.5995,0.5981,118698.0,83180.0,20.9,13.15,283008384,NO,19.8,19.6,16.73,19.85,17.18,,6752,0.0,52835.0,NO,NO,2025-06-27,2015100.0
403,ACA,145.44,145.3,380023.0,Industrials,Engineering & Construction,90.0,46.0,89.0,91.0,0.3814,0.3275,756961.0,510920.0,146.92,89.03,7142094336,NO,145.16,145.05,122.5,145.13,128.11,,1964,0.0,520290.0,NO,NO,2019-06-28,5586000.0
404,RGEN,168.48,180.98,885206.0,Healthcare,Medical Instruments & Supplies,90.0,94.0,96.0,91.0,7.3807,6.9649,1106774.0,1045080.0,188.73,100.99,9496139776,NO,170.46,152.64,141.59,157.08,134.37,,10163,0.0,1405053.0,NO,NO,2004-01-05,12843800.0
405,TTMI,115.9,118.92,1062071.0,Technology,Electronic Components,90.0,42.0,2.0,44.0,8.9893,7.2521,2853409.0,2606900.0,223.83,42.69,12206835712,NO,126.18,141.72,119.11,130.91,136.32,,6521,0.0,1423121.0,NO,NO,2016-11-17,20793200.0
406,KNTK,55.01,54.83,309730.0,Energy,Oil & Gas Midstream,90.0,86.0,91.0,81.0,1.5314,1.4332,1052766.0,1081640.0,56.1,31.33,9308530688,NO,52.72,50.71,44.7,51.39,48.43,,1958,0.0,598825.0,NO,NO,2020-11-05,24032800.0
407,KEYS,319.02,322.7,458875.0,Technology,Scientific & Technical Instruments,90.0,44.0,23.0,43.0,12.5252,10.6802,1463177.0,1931130.0,374.96,158.79,54328258560,NO,333.76,329.04,285.64,324.96,318.63,,2983,0.0,831634.0,NO,NO,2018-11-05,47677800.0
408,ORCS,30.64,28.856,18356.0,ETF,ETF,90.0,5.0,97.0,10.0,1.2291,0.9961,98850.0,29180.0,38.55,18.7,0,NO,29.49,31.64,,31.84,30.31,,195,2.34,18443.0,NO,NO,2026-06-10,1064000.0
409,SCSC,56.04,57.09,106455.0,Technology,Electronics & Computer Distribution,90.0,32.0,89.0,94.0,2.9875,2.5039,250817.0,398810.0,66.78,33.76,1143051520,NO,54.78,53.95,43.86,54.71,45.69,,8167,0.0,198171.0,NO,NO,2002-12-19,8674400.0
410,GSG,34.88,34.03,1800590.0,ETF,ETF,90.0,85.0,77.0,89.0,0.5661,0.4386,635667.0,750670.0,34.94,22.37,0,NO,32.69,31.31,28.81,31.97,31.13,,5059,0.71,2378107.0,NO,NO,2022-03-07,11178900.0
411,VLUE,199.38,201.54,491487.0,ETF,ETF,90.0,76.0,38.0,90.0,2.3525,2.0111,1216038.0,449880.0,206.57,117.94,0,NO,200.35,197.01,165.27,196.87,177.38,,3363,0.0,573538.0,NO,NO,2022-01-27,17944500.0
412,OMDA,22.85,24.55,827240.0,Healthcare,Health Information Services,90.0,91.0,93.0,96.0,0.972,0.9482,1269439.0,917740.0,26.91,10.28,1398801664,NO,23.35,22.3,16.93,22.85,17.49,,310,0.0,1237723.0,NO,NO,2025-06-06,11283600.0
413,MKSI,247.05,256.24,1152985.0,Technology,Scientific & Technical Instruments,90.0,1.0,4.0,40.0,14.7064,11.4129,1409268.0,1292090.0,447.62,97.5,16705255424,NO,289.46,327.81,260.17,309.77,293.06,,6898,0.0,1636941.0,NO,NO,2017-11-21,9564400.0
414,AMG,363.46,368.19,153717.0,Financial Services,Asset Management,90.0,24.0,90.0,79.0,10.1514,9.8564,297517.0,266170.0,392.92,224.59,9399050240,NO,366.03,360.68,312.43,363.74,322.6,,7236,0.0,216470.0,NO,NO,2019-12-20,8956800.0
415,NET,286.9,305.11,1686745.0,Technology,Software - Infrastructure,90.0,68.0,72.0,95.0,16.4163,15.5502,3578744.0,2952480.0,332.22,158.83,102187761664,NO,298.43,275.38,220.93,283.25,233.32,,1750,0.0,2468486.0,NO,NO,2019-09-13,35993700.0
416,RVTY,126.71,128.67,2112556.0,Healthcare,Diagnostics & Research,90.0,89.0,94.0,90.0,3.7193,3.4525,1457734.0,1598960.0,130.07,81.22,14121259008,NO,119.83,114.35,101.62,117.17,102.23,,13495,0.0,3039350.0,NO,NO,2002-03-01,16194000.0
417,CRDO,212.03,226.19,4610230.0,Technology,Semiconductors,90.0,40.0,12.0,96.0,19.3031,15.4639,7318644.0,3981950.0,308.67,86.48,39818657792,NO,239.94,237.79,174.65,230.98,187.92,2026-09-01,1152,0.0,8616382.0,NO,NO,2026-06-26,38637200.0
418,EML,26.87,27.24,4833.0,Industrials,Tools & Accessories,90.0,90.0,93.0,93.0,1.0714,0.9829,31142.0,12350.0,29.91,17.61,161691792,NO,25.38,25.33,21.38,25.66,22.56,,11709,0.0,7960.0,NO,NO,2013-06-28,840500.0
419,GRC,73.4,75.4,77388.0,Industrials,Specialty Industrial Machinery,90.0,6.0,49.0,76.0,2.3693,2.1736,187039.0,133720.0,92.78,41.85,1938512000,NO,79.95,81.63,66.89,80.05,74.2,,11709,0.0,146576.0,NO,NO,2006-12-28,1430664.0
420,TWFG,28.69,28.83,123788.0,Financial Services,Insurance Brokers,90.0,84.0,97.0,92.0,1.2981,1.2259,177993.0,171480.0,31.3,16.56,369536768,NO,28.26,26.58,23.5,27.4,22.06,,532,0.0,174379.0,NO,NO,2024-07-18,4998200.0
421,TILE,37.12,37.92,385242.0,Consumer Cyclical,"Furnishings, Fixtures & Appliances",90.0,84.0,94.0,85.0,1.1821,1.1471,510265.0,425780.0,40.5,24.4,2145697664,NO,37.85,35.42,30.51,35.93,31.5,,10931,0.0,722113.0,NO,NO,1999-01-08,6473700.0
422,NHPBP,25.29,25.45,2881.0,Real Estate,REIT - Healthcare Facilities,90.0,89.0,87.0,91.0,0.0582,0.0436,14149.0,3770.0,25.45,17.0,0,NO,24.99,23.61,20.53,23.97,21.55,,1232,0.0,2881.0,NO,NO,2021-10-04,722400.0
423,MLKN,22.04,22.59,478200.0,Consumer Cyclical,"Furnishings, Fixtures & Appliances",90.0,8.0,96.0,66.0,0.7271,0.7179,783539.0,537730.0,24.71,13.77,1514876800,NO,23.41,22.04,18.6,22.45,19.03,,11710,0.0,704002.0,NO,NO,2020-09-17,25199500.0
424,EXPD,187.84,189.65,467854.0,Industrials,Integrated Freight & Logistics,90.0,89.0,89.0,89.0,3.7379,3.6771,1206453.0,736540.0,192.28,112.95,24416790528,NO,185.2,176.17,157.75,179.66,161.0,,10563,0.0,779863.0,NO,NO,2007-10-09,36802800.0
425,ARM,235.14,241.91,2185479.0,Technology,Semiconductors,90.0,22.0,1.0,96.0,15.3566,12.8566,7426176.0,3898800.0,452.7,100.02,251171897344,NO,261.13,283.82,199.77,270.09,235.88,,743,0.0,2944972.0,NO,NO,2023-09-14,130534500.0
426,PLTS,17.5,17.5,0.0,Technology,Software - Application,90.0,16.0,32.0,33.0,0.0,0.0,0.0,0.0,19.5,4.6,316034432,NO,17.5,17.5,17.5,17.5,17.5,,237,0.0,1184000.0,NO,NO,2025-09-22,6097300.0
427,TD,119.15,120.91,1800999.0,Financial Services,Banks - Diversified,90.0,38.0,78.0,85.0,2.2446,2.1975,2503598.0,2147470.0,125.47,73.8,195228581888,NO,120.57,120.57,103.8,120.65,109.73,,7547,0.0,2410381.0,NO,NO,2007-10-02,25521400.0
428,MANH,217.39,223.19,327981.0,Technology,Software - Application,90.0,90.0,95.0,94.0,7.4714,7.1329,791842.0,770050.0,227.03,119.06,12674917376,NO,204.06,175.27,157.29,185.93,154.39,,7133,0.0,574308.0,NO,NO,2002-07-09,41219600.0
429,AIR,124.83,129.29,196180.0,Industrials,Aerospace & Defense,90.0,4.0,86.0,50.0,6.1143,5.3479,453023.0,339820.0,154.0,73.05,5025510912,NO,140.9,138.43,113.15,136.37,122.38,,11709,0.0,325359.0,NO,NO,2008-02-06,4345300.0
430,ZIM,26.98,27.4,712909.0,Industrials,Marine Shipping,90.0,83.0,81.0,15.0,1.046,0.7922,1412874.0,1955320.0,29.97,12.33,3252078592,NO,27.18,25.8,24.41,26.21,26.12,,1404,0.0,923002.0,NO,NO,2026-02-17,39624500.0
431,TSMX,75.46,75.7,302875.0,ETF,ETF,90.0,72.0,6.0,61.0,3.8021,2.8751,786095.0,363040.0,106.32,31.18,0,NO,77.9,80.57,68.42,78.24,74.93,,478,0.0,421064.0,NO,NO,2025-01-27,3911500.0
432,EXEL,56.6,54.64,1353919.0,Healthcare,Biotechnology,90.0,83.0,86.0,92.0,1.4421,1.3864,2566507.0,1918060.0,57.57,33.76,14031878144,NO,53.86,54.6,47.35,54.82,49.28,,6632,0.2,2397159.0,NO,NO,2015-07-20,74607500.0
433,ARX,19.74,19.73,904450.0,Financial Services,Insurance Brokers,90.0,98.0,93.0,95.0,0.5921,0.1739,3758569.0,3506120.0,21.68,9.18,4287301888,NO,17.12,14.73,13.98,15.71,14.03,,278,0.0,1488976.0,NO,NO,2026-08-13,70095100.0
434,JXN,132.67,133.43,257090.0,Financial Services,Insurance - Life,89.0,85.0,94.0,83.0,3.1611,3.1086,621390.0,513880.0,137.99,89.67,8985572352,NO,132.34,122.33,111.68,124.99,113.75,,1254,0.0,417072.0,NO,NO,2021-09-20,15028400.0
435,BRZE,32.58,34.04,1023968.0,Technology,Software - Application,89.0,96.0,88.0,96.0,1.6014,1.5192,2463560.0,3143660.0,37.33,15.26,3671679744,NO,29.59,26.02,24.63,27.55,23.33,,1200,0.0,2034787.0,NO,NO,2026-03-25,11777100.0
436,NTNX,66.76,68.57,1100660.0,Technology,Software - Infrastructure,89.0,90.0,90.0,95.0,2.5499,2.2984,3341341.0,3449300.0,82.42,34.01,18046597120,NO,65.39,58.45,48.81,60.86,49.15,,2492,0.0,1810750.0,NO,NO,2020-08-28,68037500.0
437,MD,26.55,26.23,382133.0,Healthcare,Medical Care Facilities,89.0,41.0,92.0,91.0,0.7932,0.7561,793330.0,777440.0,27.94,15.7,2156461824,NO,26.4,26.05,22.9,26.55,23.36,,7787,0.23,695469.0,NO,NO,1999-02-16,17085600.0
438,XPH,70.18,70.62,174299.0,ETF,ETF,89.0,71.0,92.0,85.0,1.3336,0.9921,113969.0,160980.0,74.35,45.8,0,NO,71.28,68.93,59.41,69.7,61.42,,5079,0.0,218571.0,NO,NO,2012-06-11,3142800.0
439,GLW,144.73,148.73,8041131.0,Technology,Electronic Components,89.0,79.0,5.0,13.0,8.468,7.0098,13818756.0,8786930.0,271.78,66.14,124432572416,NO,156.39,170.13,142.48,160.71,162.95,,11256,0.0,10431811.0,YES,NO,2002-07-31,244754000.0
440,GTLB,44.95,46.54,5556033.0,Technology,Software - Infrastructure,89.0,96.0,95.0,96.0,2.0015,1.9144,5145692.0,3768200.0,52.38,18.73,7595432960,NO,41.34,35.58,31.5,37.62,29.32,2026-09-01,1224,0.0,10041742.0,YES,NO,2025-06-11,26538900.0
441,KLIC,77.67,80.06,283287.0,Technology,Semiconductor Equipment & Materials,89.0,3.0,3.0,71.0,4.4664,3.5846,1055088.0,782630.0,135.8,35.02,4064402432,NO,89.2,101.39,78.16,96.13,89.83,,13495,0.0,564730.0,NO,NO,2000-08-03,23567800.0
442,XOP,192.18,188.96,1789697.0,ETF,ETF,89.0,85.0,87.0,84.0,4.0021,3.8457,3323304.0,2887270.0,192.43,122.11,0,NO,180.79,170.68,157.28,174.95,168.85,,5079,1.72,2799692.0,NO,NO,2020-04-09,36283300.0
443,ARMK,56.79,56.31,1961234.0,Industrials,Specialty Business Services,89.0,33.0,68.0,92.0,1.2793,1.1736,2552547.0,2177550.0,62.65,35.07,14962039808,NO,58.82,57.44,46.21,57.87,50.04,,3197,0.02,2781267.0,NO,NO,2023-03-17,56313269.0
444,ADEA,24.26,25.23,472962.0,Technology,Software - Application,89.0,4.0,4.0,85.0,1.1577,1.0599,1569419.0,851782.0,34.34,11.61,2675396608,NO,27.41,27.92,23.62,27.05,26.66,,5735,0.0,812213.0,NO,NO,2008-03-04,68886091.0
445,PAA,25.75,25.65,1561607.0,Energy,Oil & Gas Midstream,89.0,79.0,85.0,85.0,0.4857,0.4575,2381196.0,2524250.0,25.88,15.69,18164809728,NO,24.17,23.65,21.2,24.11,22.63,,6987,0.39,2294036.0,NO,NO,2020-03-20,24882700.0
446,RNIN,38.09,38.38,11674.0,ETF,ETF,89.0,81.0,88.0,90.0,0.5401,0.4278,16255.0,41630.0,38.71,26.1,0,NO,37.4,35.17,30.76,35.88,32.17,,324,0.0,16796.0,NO,NO,2025-05-19,159000.0
447,ARGX,1026.02,1031.66,124397.0,Healthcare,Biotechnology,89.0,94.0,92.0,91.0,37.2283,27.0648,336890.0,290880.0,1061.57,661.85,63805898752,NO,952.81,912.07,841.88,929.34,841.09,,2334,0.0,192942.0,NO,NO,2023-12-20,5438700.0
448,SEIC,109.56,110.98,466278.0,Financial Services,Asset Management,89.0,81.0,93.0,91.0,1.6464,1.5886,688795.0,675500.0,112.15,75.08,13149301760,NO,107.39,100.44,88.09,102.98,90.48,,11451,0.0,649594.0,NO,NO,1995-07-03,26980800.0
449,MAMA,15.7,16.23,238624.0,Consumer Defensive,Packaged Foods,89.0,2.0,81.0,12.0,0.7344,0.7176,645230.0,497710.0,21.0,8.13,730007488,NO,17.04,17.81,15.18,17.43,16.09,,1286,0.0,440754.0,NO,NO,2024-06-28,4858300.0
450,SIND,15.25,15.61,54722.0,Basic Materials,Other Precious Metals & Mining,89.0,93.0,,,1.5914,1.5421,196271.0,232610.0,18.95,10.03,2421560832,YES,16.21,,,14.57,,,46,0.0,83547.0,NO,NO,2026-06-26,2493800.0
451,AAPB,41.89,39.703,49970.0,ETF,ETF,89.0,87.0,78.0,92.0,1.4071,1.379,66741.0,43810.0,47.63,23.81,0,NO,38.3,39.2,33.8,40.08,34.66,,1018,0.0,56548.0,NO,NO,2025-08-08,1340300.0
452,SUN,76.44,76.04,219525.0,Energy,Oil & Gas Refining & Marketing,89.0,48.0,88.0,84.0,1.9321,1.8943,431919.0,405460.0,78.11,47.98,14403297280,NO,74.85,72.54,64.07,73.73,68.18,,3505,0.09,337390.0,NO,NO,2023-12-15,13301300.0
453,ZLAB,25.21,25.46,733744.0,Healthcare,Biotechnology,89.0,97.0,97.0,92.0,1.0464,0.8364,1016344.0,1091320.0,34.72,15.96,2830231296,NO,24.67,21.41,19.73,22.46,20.43,,2248,0.0,979687.0,NO,NO,2023-01-05,5599800.0
454,RXL,60.66,60.26,5803.0,ETF,ETF,89.0,88.0,95.0,76.0,1.6707,1.2243,15450.0,22550.0,64.6,39.32,0,NO,59.78,56.31,51.13,57.54,51.1,,4926,0.0,8391.0,NO,NO,2010-06-21,5489600.0
455,DE,675.04,654.91,1609602.0,Industrials,Farm & Heavy Construction Machinery,89.0,91.0,93.0,60.0,21.8086,19.7007,1232777.0,1489920.0,675.55,433.0,181962096640,NO,621.92,612.92,564.13,620.21,595.78,,13675,0.07,2276372.0,NO,NO,2008-05-14,32298200.0
456,ACNB,63.82,64.99,56315.0,Financial Services,Banks - Regional,89.0,31.0,91.0,88.0,1.435,1.4036,73847.0,88990.0,66.53,42.52,649044928,NO,64.46,62.26,53.52,62.89,55.56,,8157,0.0,94557.0,NO,NO,2021-06-25,1186600.0
457,XES,122.7,122.15,37954.0,ETF,ETF,89.0,87.0,57.0,62.0,2.8043,2.6579,85306.0,46370.0,135.35,68.06,0,NO,119.51,114.47,108.31,115.62,117.19,,5079,0.0,43541.0,NO,NO,2023-04-03,1256400.0
458,NVEC,97.75,100.12,88545.0,Technology,Semiconductors,89.0,2.0,23.0,92.0,5.9236,5.2104,234276.0,120210.0,135.0,57.21,472857248,NO,114.88,106.23,82.84,107.11,91.01,,7870,0.0,105046.0,NO,NO,2004-08-17,7825100.0
459,PNTG,37.65,36.76,176897.0,Healthcare,Medical Care Facilities,89.0,9.0,89.0,72.0,1.0727,1.0245,291666.0,236360.0,42.69,22.25,1315079552,NO,38.65,38.99,32.86,39.52,34.89,,1738,0.33,242849.0,NO,NO,2023-03-17,6678500.0
460,JNJ,271.28,265.85,3470631.0,Healthcare,Drug Manufacturers - General,89.0,80.0,91.0,65.0,5.195,4.6743,7843533.0,6653850.0,276.47,173.33,654154924032,NO,264.86,258.96,234.26,261.96,244.88,,16274,1.87,5963070.0,NO,NO,2023-08-21,151319500.0
461,DIOD,87.26,90.8,328272.0,Technology,Semiconductors,89.0,80.0,7.0,84.0,5.7078,4.8457,632395.0,635790.0,125.99,42.28,4027682048,NO,95.87,95.55,78.92,92.98,90.17,,13495,0.0,550166.0,NO,NO,2008-12-22,4679400.0
462,DRLL,41.8,41.12,11806.0,ETF,ETF,89.0,85.0,87.0,81.0,0.6981,0.5611,14587.0,14760.0,41.86,27.31,0,NO,39.69,37.42,34.7,38.25,36.92,,1019,1.39,14263.0,NO,NO,2022-08-17,2150300.0
463,FIVE,245.41,246.84,739278.0,Consumer Cyclical,Specialty Retail,89.0,90.0,79.0,67.0,9.0886,8.2443,1245341.0,1127220.0,263.88,137.77,13570032640,NO,242.0,213.7,206.43,222.6,218.63,,3549,0.0,1122642.0,NO,NO,2020-01-13,16786700.0
464,SFLO,39.8,40.15,822881.0,ETF,ETF,89.0,81.0,88.0,90.0,0.5454,0.4979,113923.0,222220.0,42.0,27.45,0,NO,39.24,37.09,32.34,37.86,33.7,,674,0.0,846796.0,NO,NO,2025-05-02,868900.0
465,SHOC,101.24,103.51,5810.0,ETF,ETF,89.0,49.0,10.0,90.0,2.6814,1.4596,19122.0,7050.0,124.68,54.4,0,NO,105.94,107.88,88.89,106.05,96.8,,978,0.0,5859.0,NO,NO,2024-07-17,277200.0
466,YARW,31.63,32.96,43349.0,Healthcare,Biotechnology,89.0,4.0,11.0,45.0,3.2671,3.2161,27244.0,50810.0,46.95,14.05,84444064,NO,39.5,36.47,30.62,35.37,32.71,,2161,0.0,45233.0,NO,NO,2025-12-17,5206904.0
467,FMAO,33.88,33.95,22778.0,Financial Services,Banks - Regional,89.0,61.0,93.0,88.0,0.8255,0.822,89757.0,50370.0,35.94,22.77,466703584,NO,34.38,32.31,27.88,32.72,29.03,,5179,0.0,38818.0,NO,NO,2022-06-24,1476600.0
468,FLYW,18.22,18.89,952161.0,Technology,Software - Infrastructure,89.0,90.0,81.0,94.0,0.6433,0.6183,2185558.0,1424060.0,19.73,10.55,2216784896,NO,18.41,17.72,14.64,17.94,15.18,,1322,0.0,1336590.0,NO,NO,2025-02-26,25422300.0
469,MICC,19.71,20.42,612015.0,Consumer Defensive,Packaged Foods,89.0,81.0,92.0,89.0,0.4377,0.3096,1110000.0,789220.0,20.68,12.94,12013082624,NO,19.57,18.7,,19.1,16.83,,183,0.0,749627.0,NO,NO,2025-12-11,11203400.0
470,ARXS,51.25,51.77,227052.0,Industrials,Aerospace & Defense,89.0,11.0,90.0,,2.3564,2.32,927082.0,404490.0,61.5,33.15,22079850496,NO,55.89,49.01,,50.11,,,95,0.0,362794.0,NO,NO,2026-04-16,19256400.0
471,REPX,39.26,39.03,224251.0,Energy,Oil & Gas E&P,89.0,91.0,83.0,91.0,1.1,1.0707,217287.0,190070.0,41.53,24.08,850915136,NO,36.64,34.96,32.23,35.66,34.66,,6961,0.44,315736.0,NO,NO,2020-10-21,5758100.0
472,FTXH,41.54,41.353,80042.0,ETF,ETF,89.0,83.0,91.0,81.0,0.7179,0.5193,600977.0,126640.0,42.87,27.3,0,NO,40.82,39.36,35.28,39.92,36.4,,2498,0.0,132275.0,NO,NO,2026-07-24,31305000.0
473,RCBC,51.6,51.16,80769.0,Financial Services,Banks - Regional,89.0,83.0,93.0,82.0,0.9088,0.878,18509.0,22570.0,51.89,36.76,722205504,NO,48.58,46.25,43.17,47.23,44.02,,4676,0.0,97906.0,NO,NO,2026-08-06,543200.0
474,SDRL,48.99,48.72,173607.0,Energy,Oil & Gas Drilling,89.0,87.0,63.0,74.0,1.5815,1.4715,801496.0,498270.0,55.47,28.1,3061403648,NO,46.34,43.32,41.74,44.93,45.2,,972,0.0,453900.0,NO,NO,2023-06-23,8437100.0
475,PLXS,238.09,239.47,272221.0,Technology,Electronic Components,89.0,12.0,9.0,86.0,9.4504,8.5296,309958.0,234270.0,307.06,132.03,6345465344,NO,256.6,262.87,219.49,256.07,244.07,,10220,0.0,325081.0,NO,NO,1997-12-18,7320200.0
476,FTHF,48.19,48.39,38452.0,ETF,ETF,89.0,86.0,18.0,80.0,0.9764,0.5754,12779.0,23340.0,53.33,27.11,0,NO,46.73,46.55,41.07,46.26,44.1,,708,0.0,40793.0,NO,NO,2024-01-23,503300.0
477,NPK,149.52,151.71,68926.0,Industrials,Aerospace & Defense,89.0,94.0,87.0,66.0,5.5132,5.4711,109541.0,97810.0,158.17,91.28,1066984768,NO,144.96,132.37,126.81,134.33,134.41,,11709,0.0,90708.0,NO,NO,1992-03-02,513400.0
478,RBCAA,93.7,93.51,114613.0,Financial Services,Banks - Regional,89.0,12.0,90.0,91.0,2.165,2.16,110669.0,85990.0,102.22,63.97,1839719936,NO,96.51,93.61,78.24,94.39,82.05,,7071,0.07,159901.0,NO,NO,1998-07-22,1380329.0
479,SPTX,23.63,23.68,84149.0,Healthcare,Biotechnology,89.0,92.0,96.0,,1.9814,1.9693,161842.0,125410.0,28.38,14.85,1264926848,NO,24.0,21.86,,22.66,,,84,0.0,122755.0,NO,NO,2026-05-01,4697700.0
480,PMTL,25.59,26.53,2040.0,ETF,ETF,89.0,95.0,,,0.7164,0.0991,1685.0,620.0,28.12,19.88,0,NO,25.26,,,,,,28,0.0,2052.0,NO,NO,2026-07-28,12000.0
481,AAPX,38.67,36.65,103962.0,ETF,ETF,89.0,86.0,75.0,92.0,1.3006,1.2629,45800.0,46420.0,44.0,22.28,0,NO,35.46,36.36,31.61,37.16,32.35,,661,0.0,124160.0,NO,NO,2025-12-22,896600.0
482,GEF,83.17,82.75,175196.0,Consumer Cyclical,Packaging & Containers,88.0,15.0,95.0,76.0,1.9857,1.8686,253223.0,254090.0,90.57,55.75,4727777280,NO,86.94,80.53,71.18,82.18,72.86,,7676,0.0,267881.0,NO,NO,2015-03-20,5750600.0
483,OSBC,25.02,25.08,306582.0,Financial Services,Banks - Regional,88.0,30.0,90.0,88.0,0.3907,0.3893,409653.0,363380.0,26.06,16.65,1272910464,NO,25.47,24.36,21.34,24.6,22.1,,8252,0.0,436360.0,NO,NO,2015-06-26,3125600.0
484,TSMG,36.26,36.666,14381.0,ETF,ETF,88.0,73.0,6.0,63.0,1.6845,1.1983,88063.0,48470.0,51.24,15.7,0,NO,37.67,38.98,33.28,37.83,36.18,,409,0.0,16710.0,NO,NO,2026-01-15,391400.0
485,BNS,91.14,91.66,1052685.0,Financial Services,Banks - Diversified,88.0,75.0,88.0,84.0,2.0036,1.805,2536546.0,2315340.0,94.96,61.69,111095988224,NO,89.77,88.23,77.82,88.93,80.67,,6097,0.0,1697687.0,NO,NO,2026-07-06,10265600.0
486,SXT,134.65,134.94,286929.0,Basic Materials,Specialty Chemicals,88.0,86.0,91.0,91.0,3.6404,3.4468,487326.0,314130.0,138.82,82.6,5730869760,NO,132.47,124.47,106.06,126.62,111.79,,11709,0.0,421263.0,NO,NO,2023-09-15,8000700.0
487,FTXN,41.01,40.492,13527.0,ETF,ETF,88.0,87.0,87.0,80.0,0.6319,0.5159,718142.0,34560.0,41.01,26.46,0,NO,38.89,36.82,34.15,37.61,36.45,,2497,1.13,17733.0,NO,NO,2021-12-10,63390400.0
488,JAN,30.82,29.75,1896340.0,Real Estate,REIT - Residential,88.0,67.0,90.0,,0.8107,0.7864,1787180.0,1208640.0,32.83,22.76,9560058880,NO,30.42,29.91,,30.32,,,113,0.74,2733152.0,NO,NO,2026-03-20,15894500.0
489,SKE,30.3,32.63,429426.0,Basic Materials,Other Industrial Metals & Mining,88.0,91.0,48.0,6.0,1.5589,1.18,796412.0,677200.0,38.77,15.43,3804029184,NO,32.9,29.22,28.75,30.07,30.54,,6182,0.0,604189.0,NO,NO,2026-06-18,6109800.0
490,S,20.75,22.1,4707516.0,Technology,Software - Infrastructure,88.0,76.0,90.0,94.0,1.2496,1.1006,7202558.0,8735520.0,23.95,11.81,7213318144,NO,21.67,19.54,15.97,20.0,16.48,,1299,0.0,6879512.0,NO,NO,2023-06-02,61486700.0
491,NHPAP,25.23,25.22,10049.0,Real Estate,REIT - Healthcare Facilities,88.0,85.0,85.0,89.0,0.0233,0.019,19722.0,26680.0,25.24,17.18,0,NO,25.0,23.89,20.95,24.16,21.91,,1690,0.0,10152.0,NO,NO,2021-05-07,332800.0
492,BMY,66.74,66.81,3736464.0,Healthcare,Drug Manufacturers - General,88.0,68.0,92.0,61.0,1.5175,1.4011,11738496.0,8476050.0,68.64,42.52,136361410560,NO,65.66,61.93,57.75,63.33,60.12,,13675,0.0,6859939.0,NO,NO,2019-11-20,185413200.0
493,IVZ,31.97,32.78,3341500.0,Financial Services,Asset Management,88.0,84.0,88.0,86.0,0.866,0.806,4936298.0,3403400.0,33.66,20.67,14108125184,NO,32.18,29.97,27.06,30.66,27.45,,7804,0.0,4729874.0,NO,NO,2008-08-20,70829500.0
494,RSPG,115.82,114.96,59660.0,ETF,ETF,88.0,85.0,84.0,77.0,1.9293,1.735,101571.0,90960.0,116.03,74.43,0,NO,110.43,105.42,97.87,107.33,104.48,,4983,0.0,85474.0,NO,NO,2020-04-30,1756600.0
495,HACK,111.96,116.97,314078.0,ETF,ETF,88.0,77.0,75.0,94.0,3.8981,3.3799,224871.0,292760.0,121.97,69.66,0,NO,114.67,109.46,88.86,111.46,92.91,,2966,0.0,347831.0,NO,NO,2015-08-24,3235000.0
496,OBK,52.51,53.13,74098.0,Financial Services,Banks - Regional,88.0,16.0,85.0,87.0,0.9681,0.9552,166014.0,180460.0,55.57,32.12,1619916544,NO,53.58,52.73,45.0,53.04,47.82,,2090,0.0,113880.0,NO,NO,2018-06-22,2217800.0
497,VDE,182.34,180.17,469127.0,ETF,ETF,88.0,85.0,85.0,76.0,3.0629,2.6411,598774.0,434620.0,182.74,119.84,0,NO,173.82,164.84,153.8,168.0,163.67,,5515,1.37,592625.0,NO,NO,2016-02-16,5786700.0
498,VRTX,547.84,544.52,385041.0,Healthcare,Biotechnology,88.0,91.0,93.0,75.0,13.34,12.3593,1503647.0,1037710.0,555.69,374.17,138929537024,NO,525.83,502.53,463.83,509.86,471.03,,8839,0.55,732552.0,NO,NO,2013-09-20,42258300.0
499,AKTS,25.89,25.91,138340.0,Healthcare,Biotechnology,88.0,93.0,95.0,89.0,1.3544,1.3229,389631.0,325230.0,34.19,14.72,1439710720,NO,24.74,25.7,,25.58,21.73,,161,0.0,231514.0,NO,NO,2026-03-20,3904300.0
500,MSSE,26.02,26.66,10260.0,ETF,ETF,88.0,,,,0.8436,0.5488,55112.0,23660.0,27.47,19.82,0,NO,22.85,,,,,,25,0.0,10595.0,NO,NO,2026-07-28,933600.0
501,VHI,18.23,18.69,5750.0,Basic Materials,Chemicals,88.0,97.0,93.0,87.0,0.9104,0.8493,14334.0,25360.0,19.19,11.44,516153728,NO,16.74,14.99,14.04,15.37,14.55,,11709,0.0,8970.0,NO,NO,1986-06-05,821976.0
502,RRBI,100.0,100.04,38901.0,Financial Services,Banks - Regional,88.0,37.0,82.0,73.0,1.904,1.7661,86441.0,50880.0,104.35,61.6,658410624,NO,101.33,98.32,87.64,99.44,93.52,,1842,0.0,54431.0,NO,NO,2019-12-20,519900.0
503,FXN,24.01,23.76,447396.0,ETF,ETF,88.0,86.0,82.0,81.0,0.405,0.3721,1584480.0,330900.0,24.05,15.18,0,NO,22.86,21.76,20.12,22.17,21.52,,4858,0.0,493900.0,NO,NO,2023-02-10,87969500.0
504,MLR,54.37,56.02,47308.0,Consumer Cyclical,Auto Parts,88.0,85.0,88.0,88.0,1.6543,1.6286,86071.0,107950.0,59.7,35.72,617218240,NO,55.54,52.32,45.64,53.03,48.8,,8074,0.0,76065.0,NO,NO,1997-09-12,1990120.0
505,BPOP,167.24,168.19,302665.0,Financial Services,Banks - Regional,88.0,13.0,86.0,85.0,3.2504,3.2304,501311.0,398990.0,179.24,108.74,10668229632,NO,172.83,170.95,144.82,171.45,153.92,,11709,0.0,494110.0,NO,NO,2010-04-14,21428080.0
506,TRV,364.11,365.93,663082.0,Financial Services,Insurance - Property & Casualty,88.0,20.0,94.0,81.0,6.4811,6.2204,1947652.0,1592060.0,398.7,252.26,75944247296,NO,371.25,358.88,310.75,366.33,323.34,,12802,0.0,1541642.0,NO,NO,2009-06-05,27820200.0
507,XLFX,30.68,30.9,8.0,ETF,ETF,88.0,43.0,,,0.3629,0.165,1624.0,1030.0,32.04,24.4,0,NO,30.95,29.72,,30.17,,,61,0.0,1000.0,NO,NO,2026-06-03,10100.0
508,KLAC,169.78,175.45,5706878.0,Technology,Semiconductor Equipment & Materials,88.0,11.0,6.0,82.0,7.4514,6.6433,12699884.0,8832220.0,307.37,83.22,221825515520,NO,190.54,210.02,170.58,200.54,186.64,,11567,0.0,10217834.0,YES,NO,2002-10-23,329584000.0
509,KIDS,22.86,23.31,95765.0,Healthcare,Medical Devices,88.0,90.0,96.0,84.0,0.939,0.9233,193831.0,280830.0,26.74,14.42,596869760,NO,24.14,21.47,18.42,21.81,18.85,,2231,0.0,139797.0,NO,NO,2020-12-02,1051400.0
510,GOLD,43.03,44.97,450368.0,Financial Services,Capital Markets,88.0,75.0,78.0,4.0,2.1096,1.8928,417903.0,491430.0,66.7,22.0,1247913216,NO,44.53,42.35,42.57,42.49,44.82,,3135,0.0,603376.0,NO,NO,2021-03-04,2739600.0
511,JAKK,24.73,25.11,45038.0,Consumer Cyclical,Leisure,88.0,10.0,86.0,82.0,0.76,0.7364,90776.0,96890.0,27.22,14.87,282920704,NO,25.5,24.53,20.9,24.83,22.64,,7631,0.0,63282.0,NO,NO,2020-11-03,22241500.0
512,OIH,427.73,429.18,288429.0,ETF,ETF,88.0,88.0,57.0,62.0,10.2136,9.4886,312053.0,252160.0,459.28,242.24,0,NO,410.84,390.74,375.21,396.21,403.22,,6416,0.0,347245.0,NO,NO,2007-05-21,3823260.0
513,IYE,68.35,67.59,697066.0,ETF,ETF,88.0,85.0,85.0,77.0,1.1371,0.9757,1027900.0,503140.0,68.53,45.12,0,NO,65.33,62.01,57.72,63.18,61.36,,6590,1.39,785055.0,NO,NO,2021-03-23,42603500.0
514,SJM,131.02,131.16,1117126.0,Consumer Defensive,Packaged Foods,88.0,87.0,95.0,78.0,3.6386,3.2229,1539577.0,1523270.0,135.89,88.25,13994372096,NO,122.84,117.95,106.41,120.66,109.44,,8011,0.0,1719969.0,NO,NO,2008-11-06,20807000.0
515,GXPE,37.87,36.301,399.0,ETF,ETF,88.0,81.0,85.0,75.0,0.4181,0.1871,704.0,1190.0,37.7,25.18,0,NO,35.83,34.0,31.87,34.69,33.89,,278,0.0,100.0,NO,NO,2025-09-30,14300.0
516,NETG,16.9,19.468,61319.0,ETF,ETF,88.0,35.0,48.0,96.0,1.9767,1.8119,106392.0,58200.0,23.44,7.4,0,NO,18.92,16.55,,17.32,13.37,,197,0.0,70350.0,NO,NO,2026-05-08,4616300.0
517,REGN,822.78,799.08,417920.0,Healthcare,Biotechnology,88.0,84.0,96.0,51.0,19.185,17.955,870555.0,682390.0,847.0,541.0,84707254272,NO,806.17,721.0,729.46,746.75,722.66,,8918,1.22,673082.0,NO,NO,2003-03-31,28330500.0
518,FISI,39.87,40.52,45966.0,Financial Services,Banks - Regional,88.0,17.0,84.0,87.0,0.6843,0.6829,176692.0,167340.0,42.97,25.61,785692544,NO,41.35,40.24,34.79,40.48,36.29,,6837,0.0,96046.0,NO,NO,2006-06-30,1357500.0
519,NEM,123.13,126.06,5516842.0,Basic Materials,Gold,88.0,96.0,86.0,17.0,4.9686,3.4521,8290458.0,9173570.0,135.29,73.44,129793818624,NO,120.24,104.7,107.73,108.62,110.38,,11709,0.0,7971163.0,NO,NO,2023-11-07,98183700.0
520,LXP,60.71,60.71,770522.0,Real Estate,REIT - Industrial,88.0,49.0,91.0,87.0,0.2354,0.2175,682071.0,472250.0,61.61,44.0,3579295488,NO,60.76,58.69,51.91,59.44,53.27,,8269,0.0,1014314.0,NO,NO,2013-03-12,3436060.0
521,NHP,15.9,16.06,200046.0,Real Estate,REIT - Healthcare Facilities,88.0,78.0,84.0,,0.5736,0.5507,791257.0,569450.0,17.46,11.25,1159552128,NO,16.47,15.75,,15.97,,,91,0.0,354273.0,NO,NO,2026-04-22,9885200.0
522,XLE,64.65,63.96,25824553.0,ETF,ETF,88.0,89.0,84.0,77.0,1.0986,0.9764,30089187.0,25708540.0,64.95,42.35,0,NO,61.83,58.57,54.54,59.56,57.92,,6965,0.0,33074746.0,YES,NO,2020-11-09,198713400.0
523,EPU,90.81,91.56,44424.0,ETF,ETF,88.0,81.0,73.0,46.0,1.7441,1.458,56349.0,34910.0,95.28,53.8,0,NO,91.05,87.41,81.94,88.31,84.97,,4326,0.0,75915.0,NO,NO,2011-01-27,3119800.0
524,TSM,414.64,415.32,5949452.0,Technology,Semiconductors,88.0,73.0,14.0,80.0,10.3154,8.5246,13247066.0,9536880.0,479.0,225.63,2150052790272,NO,419.48,421.42,370.77,417.12,395.62,,7268,0.0,7908623.0,NO,NO,2025-01-27,68667500.0
525,SRCE,84.82,85.63,46406.0,Financial Services,Banks - Regional,88.0,11.0,88.0,87.0,1.4232,1.4225,137830.0,108100.0,91.46,56.89,2042620416,NO,87.4,85.09,72.96,85.64,76.86,,10847,0.0,79988.0,NO,NO,2025-03-21,743700.0
526,MUSA,533.32,515.39,228420.0,Consumer Cyclical,Specialty Retail,88.0,4.0,68.0,91.0,17.6786,16.8843,303325.0,262530.0,636.05,349.83,9808581632,NO,553.81,572.8,489.73,569.49,526.92,,3278,1.78,415650.0,NO,NO,2013-08-30,9313400.0
527,NOV,21.38,21.29,1451779.0,Energy,Oil & Gas Equipment & Services,88.0,87.0,76.0,58.0,0.6961,0.6668,3794155.0,3504360.0,21.73,12.29,7623284736,NO,20.54,19.69,18.83,20.0,19.74,,7506,0.0,2504707.0,NO,NO,2021-09-17,89460700.0
528,FVCB,18.07,18.26,30366.0,Financial Services,Banks - Regional,88.0,20.0,88.0,81.0,0.3831,0.3791,160436.0,71350.0,19.11,11.83,325787904,NO,18.58,18.07,15.67,18.15,16.51,,2847,0.0,48836.0,NO,NO,2021-06-25,1977000.0
529,KGS,59.87,58.77,976289.0,Energy,Oil & Gas Equipment & Services,88.0,59.0,12.0,52.0,2.7924,2.6774,1801385.0,1719270.0,77.68,32.55,6050570752,NO,60.74,64.17,55.41,62.52,62.81,,796,0.0,1553528.0,NO,NO,2025-08-05,10519400.0
530,TPC,86.55,88.52,199426.0,Industrials,Engineering & Construction,87.0,73.0,88.0,82.0,3.5886,3.2636,712722.0,451910.0,102.3,56.62,4553802752,NO,92.04,85.29,77.99,86.75,81.11,,13445,0.0,373785.0,NO,NO,2026-07-23,8217300.0
531,GENB,15.9,15.27,783904.0,Healthcare,Biotechnology,87.0,89.0,92.0,,1.7086,1.6721,1032888.0,2155140.0,22.67,11.0,2040803584,NO,15.68,15.24,,15.04,,,128,0.0,1037109.0,NO,NO,2026-02-27,6218800.0
532,KNCT,195.26,197.65,950.0,ETF,ETF,87.0,76.0,11.0,90.0,3.4755,1.5795,4058.0,3360.0,219.83,117.11,0,NO,196.7,196.56,165.12,194.87,178.23,,5330,0.0,981.0,NO,NO,2010-07-26,574400.0
533,TRST,55.95,56.72,121213.0,Financial Services,Banks - Regional,87.0,25.0,82.0,88.0,1.0271,1.0071,128801.0,140860.0,58.98,34.31,952702080,NO,56.68,55.83,47.98,56.1,50.49,,10927,0.0,176113.0,NO,NO,2011-06-30,1090760.0
534,ACAD,28.89,28.91,409722.0,Healthcare,Biotechnology,87.0,89.0,95.0,88.0,0.9693,0.88,1621417.0,1454820.0,30.96,19.69,4977906176,NO,29.19,26.84,24.37,27.41,23.84,,5600,0.0,830705.0,NO,NO,2012-11-27,60106100.0
535,GENC,18.44,18.56,67254.0,Industrials,Farm & Heavy Construction Machinery,87.0,96.0,94.0,78.0,0.9021,0.8079,45631.0,70520.0,20.19,12.22,270288032,NO,17.77,16.2,14.77,16.51,15.45,,5820,0.0,78321.0,NO,NO,2008-05-12,1853100.0
536,RGA,247.52,246.04,263107.0,Financial Services,Insurance - Reinsurance,87.0,77.0,93.0,78.0,4.5471,4.5007,358919.0,275120.0,251.0,178.21,16163468288,NO,244.1,234.97,212.4,240.24,219.43,,4519,0.0,400541.0,NO,NO,2008-09-12,5543600.0
537,CSCO,109.72,110.49,5823285.0,Technology,Communication Equipment,87.0,11.0,11.0,92.0,3.1257,2.2686,22752787.0,15131680.0,130.37,66.13,432513318912,NO,114.97,115.17,94.1,114.21,101.74,,9200,0.0,13854912.0,YES,NO,1990-02-16,940636800.0
538,NTRS,182.48,185.56,498064.0,Financial Services,Asset Management,87.0,47.0,79.0,88.0,3.6582,3.5361,1069187.0,937810.0,195.78,121.12,33385746432,NO,186.74,182.96,157.31,183.72,164.94,,11709,0.0,884485.0,NO,NO,1998-01-29,16895600.0
539,RSPT,63.59,64.99,440389.0,ETF,ETF,87.0,79.0,20.0,91.0,1.2106,0.905,739606.0,430300.0,67.49,40.76,0,NO,64.55,62.62,53.16,62.77,56.49,,4983,0.0,513950.0,NO,NO,2023-05-09,18775000.0
540,FSEA,17.18,17.19,2482.0,Financial Services,Banks - Regional,87.0,57.0,62.0,90.0,0.0468,0.0367,9483.0,4100.0,17.2,11.07,80845544,NO,17.1,16.98,14.33,17.01,15.14,,1791,0.0,3486.0,NO,NO,2026-05-05,802400.0
541,DBC,31.94,31.3,2172618.0,ETF,ETF,87.0,85.0,75.0,86.0,0.4068,0.3061,956890.0,798240.0,31.96,21.97,0,NO,30.22,28.99,27.06,29.56,28.79,,5174,0.86,2540100.0,NO,NO,2018-01-31,35764200.0
542,ADV,33.03,32.97,23894.0,Communication Services,Advertising Agencies,87.0,1.0,8.0,97.0,1.8316,1.7766,136765.0,71530.0,51.25,12.22,439129792,NO,32.57,36.99,28.63,35.4,31.22,,1674,0.0,39173.0,NO,NO,2021-06-25,520216.0
543,VRNS,42.21,43.77,986097.0,Technology,Software - Infrastructure,87.0,81.0,89.0,96.0,1.9647,1.769,1906552.0,1136700.0,63.9,19.7,4848261120,NO,42.77,43.02,32.35,43.75,32.77,,3145,0.0,1557539.0,NO,NO,2025-10-29,29366700.0
544,CXRN,22.78,22.08,8512.0,ETF,ETF,87.0,97.0,94.0,85.0,0.8611,0.6887,9630.0,19800.0,22.78,14.22,0,NO,18.81,17.42,18.59,18.26,18.5,,382,0.0,12589.0,NO,NO,2026-08-26,102600.0
545,THG,225.75,226.11,115920.0,Financial Services,Insurance - Property & Casualty,87.0,19.0,92.0,87.0,4.1375,4.0539,322642.0,285670.0,236.07,166.54,7860664832,NO,225.41,219.95,190.5,223.07,197.13,,7772,0.0,192775.0,NO,NO,1995-10-11,6137300.0
546,AAPU,42.81,40.77,2156917.0,ETF,ETF,87.0,87.0,76.0,92.0,1.5981,1.5863,1867241.0,1360760.0,48.89,25.89,0,NO,39.33,40.28,35.09,41.15,35.79,,1019,0.0,2368280.0,NO,NO,2025-08-08,17954100.0
547,FNWD,42.88,43.03,2629.0,Financial Services,Banks - Regional,87.0,14.0,94.0,80.0,0.5993,0.5586,23404.0,7700.0,45.9,30.05,185799136,NO,44.09,40.69,36.83,41.66,37.06,,7114,0.0,3158.0,NO,NO,2025-06-27,418100.0
548,STK,51.86,52.29,29750.0,Financial Services,Asset Management,87.0,80.0,13.0,88.0,1.2132,1.1025,69120.0,49160.0,58.46,31.07,0,NO,52.05,51.21,44.54,51.03,47.51,,4214,0.0,33201.0,NO,NO,2018-01-12,384000.0
549,JBHT,256.54,265.47,382119.0,Industrials,Integrated Freight & Logistics,87.0,10.0,13.0,69.0,8.9071,8.7493,962628.0,689700.0,299.76,130.12,24092469248,NO,270.17,276.83,235.39,276.08,253.94,,10776,0.0,661183.0,NO,NO,2002-07-15,28216800.0
550,VAL,88.46,86.37,664665.0,Energy,Oil & Gas Drilling,87.0,88.0,16.0,17.0,2.9736,2.7332,977879.0,819620.0,114.12,46.7,6142291456,NO,84.58,79.82,79.16,81.38,89.42,,1339,1.48,1060279.0,NO,NO,2026-02-09,15805400.0
551,FLR,56.01,54.51,2379801.0,Industrials,Engineering & Construction,87.0,89.0,91.0,69.0,1.9768,1.9061,2561247.0,2246410.0,57.93,39.33,7482812416,NO,52.79,51.74,47.62,52.38,49.47,,6473,0.0,4206246.0,NO,NO,2019-06-03,36298000.0
552,TECX,31.4,29.94,188602.0,Healthcare,Biotechnology,87.0,88.0,78.0,91.0,2.9121,2.81,194804.0,270560.0,39.53,14.39,613850112,NO,33.97,32.92,27.09,33.47,30.57,,2059,0.2,240242.0,NO,NO,2023-05-22,7131450.0
553,BSTZ,31.06,31.32,190922.0,Financial Services,Asset Management,87.0,86.0,58.0,91.0,0.7353,0.6793,214811.0,137020.0,31.89,20.69,2134849664,NO,30.6,29.57,25.54,29.78,27.02,,1805,0.0,206939.0,NO,NO,2023-03-31,1979600.0
554,NVCR,17.38,17.65,438803.0,Healthcare,Medical Devices,87.0,92.0,71.0,89.0,0.7614,0.7246,1643496.0,1430550.0,21.45,9.82,2023828608,NO,17.22,16.52,14.22,16.77,14.99,,2744,0.0,769570.0,NO,NO,2017-04-03,23476700.0
555,COPX,89.89,92.86,2943567.0,ETF,ETF,87.0,90.0,38.0,18.0,2.7564,2.1271,3148673.0,3252330.0,99.99,48.94,0,NO,89.65,82.07,80.15,83.71,82.82,,4117,0.0,5045878.0,NO,NO,2026-01-29,18336200.0
556,BOW,33.6,33.52,335811.0,Financial Services,Insurance - Property & Casualty,87.0,87.0,94.0,90.0,0.2051,0.2023,286255.0,358690.0,35.07,21.21,1106884864,NO,33.56,31.8,27.09,32.29,27.55,,569,0.12,408869.0,NO,NO,2024-05-23,3335800.0
557,TMP,95.1,97.12,98995.0,Financial Services,Banks - Regional,87.0,14.0,85.0,85.0,2.0721,2.0357,98168.0,106940.0,102.59,61.88,1367742336,NO,98.8,96.4,83.41,97.18,87.79,,10140,0.0,124599.0,NO,NO,2008-12-01,852610.0
558,BOX,35.12,35.78,2358578.0,Technology,Software - Infrastructure,87.0,88.0,92.0,94.0,1.1114,1.0539,2715730.0,3612540.0,36.34,21.34,4820548608,NO,33.16,30.56,27.32,31.63,26.97,,2918,0.0,4145552.0,NO,NO,2015-01-23,42593200.0
559,THNQ,88.31,91.056,11522.0,ETF,ETF,87.0,76.0,18.0,93.0,2.0099,1.4312,26820.0,16930.0,94.58,55.58,0,NO,90.89,88.03,73.29,88.4,77.48,,1580,0.0,12811.0,NO,NO,2024-05-30,1048800.0
560,EVMU,29.8,31.51,4771.0,ETF,ETF,87.0,98.0,,,1.6086,1.0014,6487.0,7550.0,32.83,13.19,0,NO,23.81,19.91,,21.82,,,67,0.0,4982.0,NO,NO,2026-06-05,43400.0
561,MDB,434.87,453.37,1743398.0,Technology,Software - Infrastructure,87.0,96.0,77.0,91.0,22.3802,19.8916,1525603.0,1284320.0,473.1,215.68,34946064384,NO,422.92,366.67,341.62,380.97,325.06,2026-09-01,2227,0.0,3217623.0,NO,NO,2025-08-27,20747000.0
562,DJCO,622.3,622.94,57039.0,Technology,Software - Application,87.0,77.0,89.0,83.0,31.6764,31.6764,49015.0,64660.0,674.75,348.63,857499520,NO,598.02,586.84,534.99,593.01,540.47,,10133,0.0,68474.0,NO,NO,2025-11-14,871300.0
563,ALL,257.62,257.8,575964.0,Financial Services,Insurance - Property & Casualty,87.0,21.0,93.0,85.0,5.2879,4.7957,1744620.0,1528410.0,277.22,188.08,65142530048,NO,260.96,254.24,220.75,257.36,228.3,,8368,0.0,1016218.0,NO,NO,1993-06-03,56603000.0
564,GSL,44.58,44.55,179665.0,Industrials,Marine Shipping,87.0,47.0,89.0,63.0,1.0429,0.9757,317460.0,310730.0,45.45,27.28,1606639744,NO,43.22,41.69,38.58,42.42,40.01,,4538,0.0,252406.0,NO,NO,2022-03-02,3415800.0
565,TNA,66.14,68.61,3349876.0,ETF,ETF,87.0,22.0,29.0,86.0,2.2178,1.672,4962626.0,3208810.0,77.24,37.03,0,NO,73.27,71.93,58.38,71.39,62.19,,4471,0.0,3793781.0,NO,NO,2011-10-04,222000000.0
566,GSIB,64.78,64.862,7351.0,ETF,ETF,87.0,49.0,85.0,86.0,0.8135,0.6829,15498.0,10010.0,66.7,45.37,0,NO,64.61,63.01,55.99,63.49,57.67,,678,0.0,7360.0,NO,NO,2026-07-24,143400.0
567,XHS,134.84,133.76,44832.0,ETF,ETF,87.0,60.0,89.0,86.0,1.7911,1.3695,27120.0,14070.0,138.92,97.17,0,NO,134.96,133.88,114.93,135.26,118.72,,3751,0.41,45304.0,NO,NO,2016-08-12,1247000.0
568,CTBI,75.32,76.13,57030.0,Financial Services,Banks - Regional,87.0,16.0,87.0,86.0,1.2436,1.2343,118661.0,105970.0,79.92,50.25,1368501120,NO,77.46,75.38,65.22,75.95,68.38,,9741,0.0,86056.0,NO,NO,2001-03-28,813454.0
569,EQRR,86.84,87.894,6143.0,ETF,ETF,87.0,79.0,79.0,88.0,0.737,0.5797,27559.0,4840.0,87.84,60.61,0,NO,86.23,82.99,73.24,83.7,76.94,,2288,0.0,9942.0,NO,NO,2026-06-10,470600.0
570,KN,34.28,34.18,435736.0,Technology,Electronic Components,87.0,10.0,11.0,87.0,1.4051,1.2565,1027398.0,873330.0,42.93,20.57,2928293120,NO,36.6,37.18,30.13,36.34,33.14,,3154,0.0,798304.0,NO,NO,2014-02-28,18716400.0
571,KSPI,104.21,105.14,456552.0,Technology,Software - Infrastructure,87.0,92.0,88.0,91.0,3.2325,3.1675,479223.0,659170.0,109.94,68.59,19803691008,NO,99.92,92.65,82.37,94.56,84.79,,656,0.0,554768.0,NO,NO,2024-09-19,5114700.0
572,AGM,219.21,219.9,55827.0,Financial Services,Credit Services,87.0,17.0,92.0,92.0,5.7812,5.7027,125865.0,90230.0,248.29,136.57,2379186432,NO,228.55,213.82,180.51,217.76,184.44,,8192,0.0,83719.0,NO,NO,2009-05-12,7577400.0
573,FRPT,70.66,69.86,546247.0,Consumer Defensive,Packaged Foods,87.0,93.0,96.0,7.0,2.2911,2.1296,1397476.0,1162590.0,86.0,46.45,3395783424,NO,71.65,62.7,63.07,64.04,63.08,,2969,0.3,988070.0,NO,NO,2014-11-07,9931800.0
574,RCKY,44.53,45.21,21145.0,Consumer Cyclical,Footwear & Accessories,87.0,6.0,86.0,30.0,1.3864,1.3543,57725.0,45080.0,53.01,26.29,334438912,NO,47.1,43.95,37.88,44.4,41.04,,8451,0.0,36551.0,NO,NO,1997-10-07,1498800.0
575,ASC,17.62,17.39,468698.0,Industrials,Marine Shipping,87.0,61.0,78.0,56.0,0.6529,0.5914,624817.0,699510.0,20.03,10.31,719810048,NO,17.41,16.59,15.04,16.87,16.48,,3290,0.92,708961.0,NO,NO,2016-06-08,5524200.0
576,XOM,164.3,160.95,6679060.0,Energy,Oil & Gas Integrated,87.0,80.0,82.0,58.0,3.355,2.7454,15588784.0,14792960.0,176.41,108.35,675772170240,NO,159.97,151.16,143.9,153.5,151.88,,16274,1.65,10831917.0,YES,NO,2010-06-25,118023500.0
577,NE,46.47,45.83,672870.0,Energy,Oil & Gas Drilling,86.0,87.0,36.0,42.0,1.2811,1.2193,1502039.0,1057560.0,54.98,26.7,7420170752,NO,44.47,42.03,41.5,43.06,45.78,,1313,1.66,1122323.0,NO,NO,2025-09-19,25673700.0
578,MMSI,90.42,90.66,235778.0,Healthcare,Medical Instruments & Supplies,86.0,82.0,96.0,83.0,1.8021,1.6643,887976.0,607590.0,94.75,59.74,5399015936,NO,89.89,80.16,76.56,82.87,73.5,,9141,0.0,678997.0,NO,NO,2019-10-31,7245300.0
579,AIA,138.77,138.65,80011.0,ETF,ETF,86.0,74.0,15.0,83.0,2.4379,1.6393,462877.0,519680.0,150.83,84.0,0,NO,137.47,136.39,119.41,135.87,127.56,,4723,0.0,84533.0,NO,NO,2021-03-08,4956000.0
580,PNRG,218.3,211.08,197404.0,Energy,Oil & Gas E&P,86.0,93.0,90.0,56.0,10.9343,10.8614,75115.0,115050.0,278.9,126.4,345481600,NO,202.74,189.54,194.48,193.46,204.0,,11709,1.1,204200.0,NO,NO,2025-06-09,277500.0
581,DGX,236.54,240.3,458994.0,Healthcare,Diagnostics & Research,86.0,59.0,92.0,74.0,5.0196,4.7589,940512.0,921580.0,247.19,171.18,26112681984,NO,239.17,224.34,200.02,229.27,208.31,,7472,0.0,810314.0,NO,NO,2002-12-11,31680200.0
582,DBRG,15.91,15.91,2599493.0,Financial Services,Asset Management,86.0,47.0,57.0,47.0,0.0346,0.0325,3252641.0,4477720.0,15.98,8.94,2983049984,NO,15.93,15.85,14.99,15.88,15.66,,3062,0.0,4748024.0,NO,NO,2025-12-29,86863700.0
583,BRKR,56.01,58.01,1223789.0,Healthcare,Medical Devices,86.0,4.0,20.0,93.0,2.5,2.3579,2340031.0,1963240.0,65.3,28.53,8532883456,NO,56.63,58.68,47.69,58.92,48.34,,6556,0.0,1829494.0,NO,NO,2025-09-03,18329700.0
584,CPBI,21.05,20.936,326.0,Financial Services,Banks - Regional,86.0,76.0,86.0,82.0,0.0739,0.0443,2912.0,1850.0,21.84,15.56,81843304,NO,20.87,20.02,18.01,20.35,18.7,,716,0.0,7000.0,NO,NO,2023-10-20,533900.0
585,SDCI,30.82,30.6,544454.0,ETF,ETF,86.0,82.0,80.0,87.0,0.3629,0.2821,294409.0,392630.0,30.89,21.97,0,NO,29.57,28.47,26.16,28.93,27.54,,2092,0.1,576056.0,NO,NO,2025-04-29,2772100.0
586,FNLC,33.83,34.26,9054.0,Financial Services,Banks - Regional,86.0,17.0,89.0,84.0,0.7029,0.7014,35761.0,25030.0,36.3,24.08,381681568,NO,35.02,34.69,29.62,34.73,30.96,,6825,0.0,15785.0,NO,NO,2008-06-27,816000.0
587,STLD,234.75,232.62,318216.0,Basic Materials,Steel,86.0,9.0,10.0,80.0,9.6664,9.045,1252109.0,1467830.0,288.74,126.88,33646270464,NO,247.61,242.3,208.57,239.95,223.44,,7488,0.0,664206.0,NO,NO,2022-12-21,38999600.0
588,OBT,37.26,37.95,19287.0,Financial Services,Banks - Regional,86.0,22.0,83.0,75.0,0.8957,0.895,69692.0,41690.0,40.1,23.25,499579360,NO,38.39,37.76,33.34,37.94,35.4,,5755,0.0,33772.0,NO,NO,2023-06-23,1200800.0
589,ENTG,128.77,135.29,1396433.0,Technology,Semiconductor Equipment & Materials,86.0,86.0,18.0,18.0,7.6121,5.4882,3050373.0,2167810.0,186.94,67.97,19605577728,NO,147.08,145.08,125.08,141.13,137.57,,6574,0.0,2827907.0,NO,NO,2025-03-05,22198800.0
590,DECO,69.5,70.45,69.0,ETF,ETF,86.0,8.0,6.0,92.0,2.4303,0.8129,1395.0,690.0,84.75,38.57,0,NO,72.63,74.96,59.97,73.46,64.42,,495,0.0,69.0,NO,NO,2024-12-10,19000.0
591,FMED,31.51,31.775,8549.0,ETF,ETF,86.0,89.0,94.0,85.0,0.5672,0.3515,6860.0,7830.0,32.89,23.48,0,NO,30.99,29.53,26.91,30.07,26.79,,808,0.0,9061.0,NO,NO,2026-05-06,571200.0
592,TSIB,29.68,29.01,183.0,ETF,ETF,86.0,,,,0.5857,0.0457,441.0,200.0,29.68,24.21,0,NO,27.78,,,,,,23,0.0,100.0,NO,NO,2026-08-12,2200.0
593,SAIC,126.93,128.22,400959.0,Technology,Information Technology Services,86.0,85.0,82.0,92.0,4.4829,4.4636,524777.0,589710.0,142.66,81.08,5318067200,NO,126.05,118.38,103.21,121.22,105.76,,3259,0.0,608147.0,NO,NO,2020-06-26,7374300.0
594,KFY,84.63,85.55,153112.0,Industrials,Staffing & Employment Services,86.0,71.0,89.0,92.0,1.6789,1.5546,510609.0,340830.0,87.51,58.95,4346269184,NO,84.05,78.75,69.18,80.46,70.66,,6930,0.0,332701.0,NO,NO,1999-02-11,7954500.0
595,SCL,61.4,62.61,57597.0,Basic Materials,Specialty Chemicals,86.0,14.0,89.0,85.0,1.4414,1.3957,143541.0,104730.0,68.0,41.82,1394711680,NO,63.79,60.16,53.37,61.19,55.53,,13495,0.0,81757.0,NO,NO,2008-08-19,1285800.0
596,FRST,15.65,15.9,70035.0,Financial Services,Banks - Regional,86.0,21.0,78.0,81.0,0.3214,0.315,221576.0,147870.0,16.88,9.55,388229472,NO,16.27,16.06,14.13,15.97,14.75,,4987,0.0,118734.0,NO,NO,2026-06-26,1935500.0
597,LAD,369.4,367.32,101378.0,Consumer Cyclical,Auto & Truck Dealerships,86.0,14.0,94.0,91.0,10.115,9.6993,296739.0,180470.0,439.49,239.78,8120672768,NO,372.07,345.38,309.92,354.62,303.83,,7471,0.0,184532.0,NO,NO,2012-08-01,7119800.0
598,CSX,48.47,50.51,9303918.0,Industrials,Railroads,86.0,17.0,75.0,75.0,0.9975,0.9504,11831293.0,8849770.0,53.6,31.8,89780199424,NO,50.65,49.89,42.86,50.49,45.81,,11548,0.0,15630971.0,YES,NO,2010-11-04,331713900.0
599,ESP,62.12,62.61,18335.0,Industrials,Electrical Equipment & Parts,86.0,78.0,78.0,49.0,1.9507,1.8329,47753.0,25430.0,74.77,36.0,186106672,NO,63.18,61.8,56.53,61.56,60.98,,11709,0.0,25691.0,NO,NO,2026-06-26,319000.0
600,GNK,26.02,26.23,501858.0,Industrials,Marine Shipping,86.0,64.0,77.0,58.0,0.9607,0.9136,400007.0,732190.0,27.76,15.55,1134123520,NO,25.93,25.38,22.65,25.65,24.22,,3051,0.0,630288.0,NO,NO,2016-10-06,6988800.0
601,RMIX,16.13,17.15,428842.0,Basic Materials,Building Materials,86.0,14.0,8.0,,0.9771,0.9414,401652.0,330130.0,25.5,9.2,1575299456,NO,18.05,19.02,,18.51,,,104,0.0,1142897.0,NO,NO,2026-04-08,5786800.0
602,IX,39.16,38.97,127655.0,Financial Services,Financial Conglomerates,86.0,19.0,53.0,79.0,0.7386,0.5393,288750.0,365440.0,42.39,24.19,42535432192,NO,39.59,39.53,33.96,39.52,36.08,,7032,0.0,164884.0,NO,NO,2009-07-31,2705000.0
603,SWK,94.65,96.37,1081455.0,Industrials,Tools & Accessories,86.0,42.0,91.0,74.0,2.5736,2.3065,1749630.0,1464630.0,104.68,61.9,14293725184,NO,100.4,94.45,81.35,95.59,84.27,,11709,0.0,1881585.0,NO,NO,2009-11-03,17520500.0
604,AFOS,44.96,45.405,88085.0,ETF,ETF,86.0,68.0,46.0,80.0,0.6299,0.4189,11120.0,18070.0,48.0,27.89,0,NO,46.0,45.19,40.03,45.16,42.21,,297,0.0,90762.0,NO,YES,2026-09-01,90762.0
605,RUSHB,48.9,51.8267,40464.0,Consumer Cyclical,Auto & Truck Dealerships,86.0,14.0,87.0,78.0,1.5724,1.5491,131923.0,88850.0,54.35,31.8,5708700672,NO,52.21,51.35,44.31,51.33,47.02,,7607,0.0,67130.0,NO,NO,1996-06-07,6952837.0
606,IXC,59.09,58.18,259534.0,ETF,ETF,86.0,81.0,80.0,73.0,0.9214,0.7343,916873.0,386370.0,59.18,40.05,0,NO,56.65,53.98,50.93,54.99,54.12,,6230,1.39,277068.0,NO,NO,2024-06-06,21144900.0
607,OILT,32.87,32.213,752.0,ETF,ETF,86.0,85.0,81.0,75.0,0.4766,0.255,3317.0,8060.0,34.32,21.45,0,NO,31.22,29.65,28.13,30.24,30.08,,674,1.82,852.0,NO,NO,2024-01-17,422500.0
608,GMAB,33.24,33.16,1262612.0,Healthcare,Biotechnology,86.0,92.0,95.0,74.0,0.8818,0.66,2193577.0,2829300.0,35.43,23.62,20729337856,NO,32.21,29.78,29.27,30.8,28.21,,4340,0.0,1563188.0,NO,NO,2026-08-20,6348500.0
609,BSET,18.67,18.8,5597.0,Consumer Cyclical,"Furnishings, Fixtures & Appliances",86.0,23.0,94.0,87.0,0.5386,0.5311,62220.0,18470.0,22.26,13.17,161649888,NO,19.27,19.39,16.25,19.7,16.42,,11709,0.0,10728.0,NO,NO,2014-06-27,1488600.0
610,VIA,27.49,27.93,202391.0,Technology,Software - Application,86.0,97.0,97.0,94.0,1.1713,1.1352,974465.0,550650.0,56.31,12.95,2340555008,NO,25.49,21.16,21.46,22.44,18.15,,243,0.0,353765.0,NO,NO,2026-06-26,7251700.0
611,DCMT,36.67,35.897,2455.0,ETF,ETF,86.0,87.0,73.0,87.0,0.4494,0.2615,5615.0,3460.0,36.67,26.02,0,NO,34.62,33.26,31.23,33.86,33.07,,647,0.98,2942.0,NO,NO,2024-02-05,717100.0
612,TKNZ,30.05,30.7,3848.0,ETF,ETF,86.0,95.0,,,1.2825,0.8789,6475.0,7520.0,31.86,23.6,0,NO,26.74,,,,,,33,0.0,3857.0,NO,NO,2026-07-16,17100.0
613,RY,202.75,204.15,706063.0,Financial Services,Banks - Diversified,86.0,19.0,78.0,84.0,3.6814,3.665,1563120.0,1540520.0,218.57,143.13,280674729984,NO,209.31,209.02,180.85,209.08,188.44,,7769,0.0,976470.0,NO,NO,2015-01-22,9830200.0
614,DIVB,68.82,68.96,194062.0,ETF,ETF,86.0,77.0,84.0,86.0,0.6636,0.5983,194492.0,379720.0,69.36,50.58,0,NO,68.17,65.41,58.14,66.35,60.42,,2212,0.0,236424.0,NO,NO,2025-06-06,1625700.0
615,OFG,52.01,52.05,167024.0,Financial Services,Banks - Regional,86.0,25.0,88.0,89.0,0.9,0.8636,333858.0,230990.0,54.47,35.71,2198228480,NO,52.59,51.32,44.49,51.68,46.24,,9933,0.0,356162.0,NO,NO,1987-03-26,7571489.0
616,DBX,34.33,35.19,2391594.0,Technology,Software - Infrastructure,86.0,79.0,90.0,92.0,1.1182,1.0718,3920188.0,3195290.0,36.37,21.7,7465892352,NO,34.55,31.38,27.56,32.4,27.82,,2121,0.0,3793507.0,NO,NO,2018-03-23,56108700.0
617,DASH,226.06,231.74,2258972.0,Consumer Cyclical,Internet Retail,86.0,91.0,95.0,89.0,7.4459,7.3752,4488655.0,4343150.0,285.5,143.3,98020663296,NO,219.54,199.67,188.05,205.14,178.68,,1437,0.0,3508902.0,NO,NO,2025-03-21,73637400.0
618,THFF,77.39,78.28,61296.0,Financial Services,Banks - Regional,86.0,15.0,86.0,83.0,1.7329,1.7329,110842.0,89640.0,84.17,51.21,920373248,NO,80.52,78.45,68.0,78.63,70.91,,8685,0.0,95334.0,NO,NO,2025-03-21,827200.0
619,MOH,203.37,198.77,420857.0,Healthcare,Healthcare Plans,86.0,74.0,83.0,91.0,7.0121,6.7829,1092652.0,626390.0,244.89,121.06,10615913472,NO,199.93,210.9,176.12,209.27,181.6,,5828,0.37,618440.0,NO,NO,2026-03-20,14407900.0
620,RNR,329.11,327.64,141313.0,Financial Services,Insurance - Reinsurance,86.0,71.0,90.0,61.0,5.89,5.5139,326326.0,246870.0,335.97,231.17,13674936320,NO,323.33,320.82,296.7,324.23,307.54,,7825,0.0,219662.0,NO,NO,2005-11-02,9403700.0
621,CVX,210.47,206.14,6142910.0,Energy,Oil & Gas Integrated,86.0,88.0,85.0,70.0,3.8371,3.3843,8417857.0,7830720.0,214.71,146.49,412338814976,NO,199.77,188.91,180.3,192.93,189.89,,16275,1.39,8540067.0,NO,NO,2022-03-08,57231000.0
622,BPRN,42.2,42.22,20669.0,Financial Services,Banks - Regional,86.0,68.0,90.0,87.0,0.9354,0.9354,20773.0,20720.0,43.93,29.7,287517760,NO,42.51,40.31,36.38,41.02,37.22,,2326,0.0,25070.0,NO,NO,2021-06-25,760000.0
623,GREK,83.66,85.19,33035.0,ETF,ETF,86.0,77.0,85.0,87.0,0.975,0.8971,83970.0,38470.0,86.09,60.53,0,NO,83.29,79.45,71.9,80.43,73.54,,3702,0.0,33997.0,NO,NO,2015-06-29,2084233.0
624,NRC,20.63,20.94,47690.0,Healthcare,Health Information Services,86.0,77.0,53.0,94.0,1.0046,0.9817,127720.0,119290.0,23.68,11.01,456326624,NO,21.17,21.18,18.45,21.26,18.56,,3338,0.0,71381.0,NO,NO,2017-02-17,1033900.0
625,DNLI,23.33,23.76,936446.0,Healthcare,Biotechnology,86.0,55.0,87.0,70.0,0.9259,0.7896,1654617.0,961390.0,27.3,12.58,3730838528,NO,24.6,24.56,20.73,24.3,21.61,,2192,0.0,1431668.0,NO,NO,2026-06-26,6526900.0
626,STNG,79.38,78.86,278147.0,Energy,Oil & Gas Midstream,85.0,67.0,69.0,43.0,2.1071,1.9407,769449.0,597300.0,87.39,48.93,3975207424,NO,77.48,77.06,70.77,77.72,76.74,,4130,0.6,557146.0,NO,NO,2020-04-21,7668500.0
627,APH,162.7,158.55,5395282.0,Technology,Electronic Components,85.0,60.0,84.0,84.0,5.5081,4.7631,7471553.0,5676840.0,178.52,105.45,200507883520,NO,163.82,161.13,145.21,160.61,147.73,,8763,0.35,7650337.0,NO,NO,1997-01-23,220096000.0
628,GIC,38.81,39.1,59668.0,Industrials,Industrial Distribution,85.0,84.0,94.0,78.0,0.8864,0.8814,127432.0,116660.0,40.71,26.4,1485104512,NO,39.1,36.17,32.16,36.78,33.44,,7846,0.0,107137.0,NO,NO,2006-10-12,6703400.0
629,AG,20.01,20.59,9560273.0,Basic Materials,Silver,85.0,96.0,17.0,2.0,1.0932,0.9389,11034257.0,10377430.0,32.04,9.0,9863056384,NO,19.77,17.77,19.57,18.13,20.26,,4970,0.0,12345966.0,YES,NO,2026-01-30,60807500.0
630,CPAY,405.68,404.3,319482.0,Technology,Software - Infrastructure,85.0,80.0,83.0,85.0,9.1486,8.725,597712.0,405740.0,425.95,252.84,26639413248,NO,406.92,378.35,334.26,386.07,346.47,,3950,0.0,470214.0,NO,NO,2018-06-19,19807400.0
631,GTEK,55.94,56.76,2168.0,ETF,ETF,85.0,74.0,13.0,89.0,1.3066,0.8145,22071.0,9650.0,63.22,35.8,0,NO,57.79,57.49,48.49,57.07,52.1,,1244,0.0,3756.0,NO,NO,2021-09-16,1013200.0
632,TERG,31.87,34.97,21538.0,ETF,ETF,85.0,0.0,1.0,1.0,4.9005,3.7474,60106.0,25040.0,80.05,12.19,0,NO,43.14,45.21,,40.29,46.56,,197,0.0,22262.0,NO,NO,2026-04-29,432200.0
633,TEKX,58.68,60.595,3182.0,ETF,ETF,85.0,7.0,6.0,89.0,2.1684,1.2659,5244.0,5260.0,77.28,33.47,0,NO,63.53,65.32,52.65,64.1,57.05,,495,0.0,3232.0,NO,NO,2025-02-27,193300.0
634,VPG,60.47,61.81,218415.0,Technology,Scientific & Technical Instruments,85.0,0.0,0.0,86.0,4.7386,4.0,604534.0,569070.0,151.78,27.54,804377984,NO,68.67,95.65,67.76,86.93,79.09,,4072,0.0,337150.0,NO,NO,2026-08-05,2048900.0
635,NXTG,151.88,152.52,3148.0,ETF,ETF,85.0,77.0,14.0,88.0,1.6721,0.9521,12731.0,5710.0,167.58,97.94,0,NO,152.22,150.06,129.22,149.83,138.33,,3905,0.0,5244.0,NO,NO,2019-06-06,2258300.0
636,EVER,24.8,25.44,179836.0,Communication Services,Internet Content & Information,85.0,25.0,93.0,95.0,1.1936,1.1489,696595.0,530540.0,28.73,13.88,877257344,NO,24.96,24.84,21.38,25.11,19.88,,2054,0.0,301254.0,NO,NO,2026-05-05,6856600.0
637,CYTK,72.13,70.91,1070110.0,Healthcare,Biotechnology,85.0,8.0,23.0,80.0,2.6107,2.1471,2066273.0,1859110.0,88.31,44.91,10027064320,NO,76.52,79.8,69.63,78.64,72.12,,5619,0.0,1898299.0,NO,NO,2021-07-19,40137500.0
638,TSBK,45.08,45.59,19509.0,Financial Services,Banks - Regional,85.0,49.0,84.0,80.0,1.1964,1.1914,39100.0,45590.0,49.38,30.93,350527136,NO,45.82,44.78,40.05,44.92,41.85,,7202,0.0,39499.0,NO,NO,1998-01-13,7028400.0
639,SHBI,22.6,22.96,104693.0,Financial Services,Banks - Regional,85.0,8.0,84.0,85.0,0.5336,0.5321,219690.0,166750.0,24.89,14.93,754213440,NO,23.57,23.34,20.0,23.39,20.97,,6386,0.0,160661.0,NO,NO,2022-06-24,2799100.0
640,CPXR,30.9,32.376,6260.0,ETF,ETF,85.0,17.0,15.0,66.0,0.7881,0.5785,14569.0,17560.0,34.91,17.72,0,NO,32.4,30.74,28.16,30.91,29.06,,404,0.0,7271.0,NO,NO,2026-01-29,1781800.0
641,CSTM,27.01,26.43,880673.0,Basic Materials,Aluminum,85.0,18.0,4.0,47.0,1.1071,1.045,1745739.0,1646260.0,36.99,13.58,3661281536,NO,28.23,29.23,26.37,28.41,29.05,,3338,0.0,1426504.0,NO,NO,2021-06-25,17210000.0
642,MEDP,584.52,593.99,111217.0,Healthcare,Diagnostics & Research,85.0,55.0,94.0,88.0,19.3506,17.8877,303509.0,209590.0,677.9,373.0,16314921984,NO,598.74,565.73,520.69,579.67,497.45,,2527,0.0,179850.0,NO,NO,2018-12-31,5652000.0
643,DT,52.89,54.59,3083355.0,Technology,Software - Application,85.0,93.0,90.0,93.0,1.9675,1.7821,5909990.0,7860100.0,54.84,31.64,15273760768,NO,50.03,46.14,41.4,47.25,41.39,,1780,0.0,4909529.0,NO,NO,2026-02-27,31805900.0
644,RBRK,88.81,93.04,2125563.0,Technology,Software - Infrastructure,85.0,94.0,77.0,95.0,6.6969,6.3012,3707680.0,4294020.0,107.91,42.25,18275518464,NO,96.28,85.49,68.61,86.64,67.97,,590,0.0,3197569.0,NO,NO,2025-09-10,18684000.0
645,CZNC,25.21,25.34,33322.0,Financial Services,Banks - Regional,85.0,39.0,92.0,69.0,0.4707,0.47,70119.0,76980.0,26.26,18.87,452138016,NO,25.63,24.37,22.38,24.75,23.12,,8156,0.0,50969.0,NO,NO,2008-06-27,901600.0
646,AGMI,75.67,77.615,3122.0,ETF,ETF,85.0,95.0,72.0,8.0,2.0797,0.8291,1577.0,1230.0,91.8,43.68,0,NO,74.25,66.22,69.1,68.25,70.17,,583,0.0,3122.0,NO,NO,2025-10-21,29800.0
647,SII,127.67,131.85,107357.0,Financial Services,Asset Management,85.0,95.0,20.0,4.0,5.6032,4.9368,194342.0,206090.0,169.63,64.9,3285291008,NO,123.27,114.39,121.77,116.33,128.9,,4157,0.0,142192.0,NO,NO,2025-04-16,841100.0
648,FRDM,68.51,68.76,287701.0,ETF,ETF,85.0,80.0,14.0,74.0,1.3151,0.9119,309717.0,246570.0,76.9,41.02,0,NO,67.9,67.97,60.92,67.46,64.73,,1813,0.0,325782.0,NO,NO,2026-03-03,1209100.0
649,SIBN,18.71,19.02,295326.0,Healthcare,Medical Devices,85.0,82.0,95.0,84.0,0.6321,0.6014,546990.0,589480.0,21.89,11.48,838555520,NO,19.03,17.91,16.37,18.21,15.53,,1977,0.0,560378.0,NO,NO,2018-10-17,4390000.0
650,STXE,49.73,50.036,1839.0,ETF,ETF,85.0,81.0,16.0,79.0,0.8904,0.4513,10541.0,6290.0,55.39,30.93,0,NO,49.1,49.08,43.48,48.77,46.45,,899,0.0,2915.0,NO,NO,2023-01-31,4005600.0
651,RAMP,37.76,37.72,514009.0,Technology,Software - Infrastructure,85.0,41.0,51.0,91.0,0.1525,0.1454,1145201.0,1012290.0,38.23,21.71,2295618560,NO,37.74,37.73,31.32,37.78,33.05,,10761,0.0,1152065.0,NO,NO,2001-04-02,17869900.0
652,EWO,43.62,44.04,152673.0,ETF,ETF,85.0,70.0,75.0,81.0,0.455,0.3318,57166.0,60600.0,44.6,30.22,0,NO,43.88,42.83,38.48,43.06,40.06,,7663,0.0,177667.0,NO,NO,2007-04-04,2815100.0
653,DCBO,25.46,26.54,50599.0,Technology,Software - Application,85.0,94.0,94.0,93.0,0.9664,0.8393,89549.0,59540.0,31.96,14.39,633601024,NO,23.33,20.67,19.6,21.82,19.26,,1441,0.0,71452.0,NO,NO,2025-05-09,954700.0
654,FLOW,44.61,44.79,5580.0,ETF,ETF,85.0,83.0,84.0,86.0,0.552,0.3547,2604.0,5580.0,45.08,33.23,0,NO,43.8,41.19,37.65,42.04,38.59,,787,0.0,6069.0,NO,NO,2025-01-31,41300.0
655,QTEC,308.15,316.51,61749.0,ETF,ETF,85.0,72.0,15.0,92.0,6.4414,4.4736,292130.0,117230.0,340.23,205.57,0,NO,316.67,313.38,264.74,311.72,279.38,,5115,0.0,123705.0,NO,NO,2016-11-11,18972200.0
656,FVR,19.3,19.3,87039.0,Real Estate,REIT - Diversified,85.0,12.0,79.0,81.0,0.5528,0.5442,200395.0,276260.0,22.29,12.85,583300416,NO,19.74,20.36,17.43,20.36,18.34,,479,0.0,156336.0,NO,NO,2024-10-02,4954600.0
657,ACT,48.38,48.2,110630.0,Financial Services,Insurance - Specialty,85.0,68.0,89.0,77.0,0.7164,0.6753,343184.0,306340.0,50.56,34.64,6650772480,NO,49.1,47.11,42.57,47.62,44.04,,1244,0.0,262220.0,NO,NO,2025-04-15,5363000.0
658,MBBC,15.2,15.26,4149.0,Financial Services,Banks - Regional,85.0,56.0,82.0,48.0,0.2316,0.1296,8636.0,1560.0,15.79,10.2,44853996,NO,15.04,15.07,13.69,15.11,14.49,,1348,0.0,4164.0,NO,NO,2026-06-10,206300.0
659,NDSN,311.96,321.72,201097.0,Industrials,Specialty Industrial Machinery,85.0,80.0,84.0,61.0,8.1836,7.72,399331.0,532700.0,339.12,220.06,17376253952,NO,317.47,303.06,277.43,305.58,289.69,,11708,0.0,384567.0,NO,NO,2022-02-14,12875500.0
660,NKSH,40.21,41.2,23207.0,Financial Services,Banks - Regional,85.0,29.0,88.0,57.0,1.235,1.2329,34882.0,32990.0,43.31,27.0,256162624,NO,41.52,38.88,36.09,39.29,37.43,,6727,0.0,31020.0,NO,NO,2009-06-26,1235900.0
661,SQM,80.28,79.01,661287.0,Basic Materials,Specialty Chemicals,85.0,94.0,22.0,58.0,2.8804,2.4911,1034252.0,1014340.0,98.0,40.58,22928146432,NO,75.55,72.96,75.65,74.07,78.22,,8292,0.0,993421.0,NO,NO,1996-04-26,30256447.0
662,ACOM,23.98,23.72,516.0,ETF,ETF,85.0,87.0,,,0.2571,0.1371,5255.0,670.0,24.27,19.29,0,NO,22.87,21.66,,22.15,,,52,0.08,525.0,NO,NO,2026-06-17,249600.0
663,MFC,42.01,42.41,675206.0,Financial Services,Insurance - Life,85.0,11.0,84.0,84.0,0.6621,0.6543,2163209.0,2978170.0,45.33,30.2,69824798720,NO,43.59,42.73,38.25,43.05,39.21,,6774,0.0,1841705.0,NO,NO,2004-04-28,42675000.0
664,FMBH,49.5,49.76,104429.0,Financial Services,Banks - Regional,85.0,13.0,87.0,84.0,0.8049,0.7999,149655.0,114180.0,53.36,34.16,1316794624,NO,51.07,49.94,43.82,50.23,45.47,,6908,0.0,152476.0,NO,NO,2026-06-26,922500.0
665,NANR,89.81,89.75,12261.0,ETF,ETF,85.0,89.0,80.0,50.0,1.2742,1.0034,29574.0,30760.0,91.57,61.4,0,NO,87.03,81.47,78.65,83.19,82.3,,2689,0.0,13800.0,NO,NO,2015-12-18,26998100.0
666,TRFK,91.83,94.26,86334.0,ETF,ETF,85.0,72.0,8.0,93.0,2.9302,2.1155,184879.0,136020.0,115.58,58.82,0,NO,95.01,95.82,78.68,94.23,84.65,,1059,0.0,95384.0,NO,NO,2025-11-20,640500.0
667,XPRO,17.71,18.12,235143.0,Energy,Oil & Gas Equipment & Services,85.0,88.0,88.0,41.0,0.6643,0.6486,1106357.0,801300.0,19.23,11.6,1989703424,NO,17.92,16.24,15.9,16.76,16.47,,3284,0.0,699299.0,NO,NO,2021-12-17,7179900.0
668,SEA,19.68,19.7,2571.0,ETF,ETF,85.0,78.0,86.0,74.0,0.3596,0.276,12971.0,9030.0,20.39,13.37,0,NO,19.18,18.17,16.71,18.55,17.5,,1157,0.0,3638.0,NO,NO,2026-03-06,418800.0
669,CRM,258.68,257.54,11755020.0,Technology,Software - Application,85.0,97.0,94.0,90.0,11.325,9.3279,15210373.0,20005330.0,269.11,146.32,212819574784,NO,210.51,185.17,200.45,196.01,186.13,,5584,0.0,14725639.0,YES,NO,2008-09-12,87332400.0
670,CQP,70.01,70.29,84141.0,Energy,Oil & Gas Midstream,85.0,82.0,87.0,75.0,1.7546,1.6418,130612.0,87800.0,70.76,49.53,33888880640,NO,67.73,64.86,60.95,65.92,63.71,,4893,0.0,112112.0,NO,NO,2012-09-20,6475500.0
671,NTCT,37.96,38.83,516499.0,Technology,Software - Infrastructure,85.0,9.0,10.0,90.0,0.9875,0.9182,636071.0,562280.0,45.28,24.27,2759606272,NO,39.08,40.5,33.82,40.06,36.66,,6804,0.0,842830.0,NO,NO,2021-11-04,16146600.0
672,MTCH,41.79,40.65,2851362.0,Communication Services,Internet Content & Information,85.0,81.0,87.0,91.0,1.1759,1.1504,3280142.0,3162920.0,42.49,28.81,9744709632,NO,39.26,38.68,34.48,39.24,35.62,,8462,0.0,4383051.0,NO,NO,2003-06-09,2720060826.0
673,XSD,473.83,485.14,151657.0,ETF,ETF,85.0,19.0,4.0,90.0,17.0407,11.9707,112426.0,77700.0,658.14,276.0,0,NO,513.09,530.29,433.95,516.16,477.64,,5174,0.0,158472.0,NO,NO,2008-01-14,3099800.0
674,MTSI,263.6,263.83,593806.0,Technology,Semiconductors,84.0,75.0,3.0,42.0,16.0857,13.2136,1622950.0,1271300.0,418.9,121.97,20130994176,NO,285.15,298.15,261.6,284.96,292.41,,3636,0.0,1084655.0,NO,NO,2018-02-07,14046200.0
675,NVC,30.22,30.22,1021.0,ETF,ETF,84.0,90.0,,,1.2614,0.2112,641.0,680.0,32.39,23.08,0,NO,30.1,,,28.71,,,46,0.0,1024.0,NO,NO,2026-06-26,10100.0
676,EPOL,43.72,44.1,475235.0,ETF,ETF,84.0,67.0,81.0,81.0,0.5806,0.312,441603.0,439680.0,45.06,30.84,0,NO,44.19,41.82,38.28,42.43,39.56,,4091,0.0,513482.0,NO,NO,2025-08-21,2401800.0
677,JOYY,74.0,74.64,244508.0,Communication Services,Internet Content & Information,84.0,51.0,79.0,87.0,2.5086,2.4486,320744.0,471030.0,80.9,54.24,3624039424,NO,74.15,71.79,64.91,72.53,64.96,,3463,0.0,303147.0,NO,NO,2020-11-18,26438900.0
678,ADM,84.36,81.29,2641640.0,Consumer Defensive,Farm Products,84.0,82.0,61.0,85.0,2.5564,2.5157,3664331.0,3640300.0,88.46,55.58,40660520960,NO,80.08,80.33,71.61,80.93,75.89,,11709,1.98,3954240.0,NO,NO,2007-02-16,52414800.0
679,ROST,228.98,228.54,904126.0,Consumer Cyclical,Apparel Retail,84.0,6.0,61.0,76.0,6.9687,6.358,2862052.0,3507290.0,257.0,143.39,73452453888,NO,242.0,234.27,211.23,235.85,224.96,,10344,0.0,2099220.0,NO,NO,1986-11-28,132160000.0
680,DSGR,34.74,34.79,171365.0,Industrials,Industrial Distribution,84.0,48.0,94.0,79.0,0.1425,0.1411,185887.0,197150.0,35.06,19.02,1607144704,NO,34.81,32.21,28.81,33.24,29.11,,11709,0.0,232183.0,NO,NO,2026-07-16,2358100.0
681,MET,94.35,95.17,1635917.0,Financial Services,Insurance - Life,84.0,23.0,87.0,89.0,1.6393,1.5671,3670847.0,2980600.0,100.93,67.33,59957882880,NO,96.32,93.44,81.57,94.71,83.39,,6640,0.0,2726762.0,NO,NO,2011-03-03,151462370.0
682,TMED,35.39,35.435,5972.0,ETF,ETF,84.0,77.0,86.0,81.0,0.547,0.3951,7246.0,6790.0,36.72,25.37,0,NO,35.5,34.73,31.17,35.0,31.83,,306,0.0,6368.0,NO,NO,2026-08-12,45100.0
683,BRKRP,415.16,428.01,1586.0,Healthcare,Medical Devices,84.0,4.0,19.0,91.0,11.5089,7.7989,8688.0,2940.0,474.99,250.0,0,NO,420.45,435.27,364.98,436.08,367.11,,249,0.0,1627.0,NO,NO,2025-09-04,1666700.0
684,GRND,15.59,15.48,650607.0,Technology,Software - Application,84.0,5.0,92.0,91.0,0.5515,0.5351,1743301.0,1193860.0,18.5,9.73,2709863680,NO,16.08,15.66,13.34,15.82,13.61,,1413,0.0,982289.0,NO,NO,2025-10-24,11484300.0
685,DCOM,39.42,40.4,218810.0,Financial Services,Banks - Regional,84.0,18.0,76.0,84.0,0.6457,0.6343,318612.0,218550.0,41.97,25.63,1740652928,NO,40.61,40.33,35.24,40.23,37.21,,6951,0.0,345122.0,NO,NO,2021-01-29,3788300.0
686,ITIC,293.82,294.4,68382.0,Financial Services,Insurance - Specialty,84.0,60.0,93.0,88.0,8.1029,7.8114,57341.0,81190.0,309.55,209.75,554721536,NO,291.65,284.3,254.54,288.26,254.0,,10011,0.0,77929.0,NO,NO,2026-08-06,228300.0
687,NIC,165.61,169.34,93621.0,Financial Services,Banks - Regional,84.0,19.0,91.0,58.0,3.3404,3.3404,277360.0,139910.0,180.0,114.12,3470773504,NO,173.75,168.95,148.18,170.34,155.73,,3342,0.0,141478.0,NO,NO,2026-06-18,3314400.0
688,NEMG,22.6,23.371,1239.0,ETF,ETF,84.0,98.0,89.0,4.0,1.6198,0.8416,8593.0,9470.0,33.47,12.24,0,NO,21.73,16.95,,18.16,19.99,,197,0.0,1328.0,NO,NO,2026-06-01,88300.0
689,QQQA,68.27,70.48,15767.0,ETF,ETF,84.0,14.0,8.0,89.0,1.2514,0.8804,49368.0,20230.0,88.24,43.41,0,NO,71.7,74.04,62.02,72.32,66.92,,1326,0.0,25034.0,NO,NO,2026-08-06,205500.0
690,AIP,20.77,21.88,598113.0,Technology,Semiconductors,84.0,0.0,1.0,85.0,1.4871,1.2187,853039.0,715590.0,50.26,8.42,1020889216,NO,26.21,31.65,23.74,28.74,27.01,,1215,0.0,855253.0,NO,NO,2025-08-05,21920200.0
691,SPTE,47.15,47.51,41476.0,ETF,ETF,84.0,78.0,17.0,88.0,0.7756,0.5469,62330.0,41690.0,50.75,30.97,0,NO,47.39,46.69,40.7,46.71,42.93,,688,0.0,48243.0,NO,NO,2026-06-24,444700.0
692,RSPH,37.44,37.4,539943.0,ETF,ETF,84.0,84.0,91.0,77.0,0.5657,0.4464,129687.0,136980.0,38.19,28.26,0,NO,36.61,34.93,32.41,35.54,32.69,,4983,0.0,586065.0,NO,NO,2015-09-15,9197000.0
693,KEMX,50.95,50.987,2987.0,ETF,ETF,84.0,81.0,20.0,77.0,0.6768,0.3674,11222.0,6800.0,54.91,32.12,0,NO,50.11,49.9,44.53,49.76,47.26,,1856,0.0,3397.0,NO,NO,2022-05-25,479800.0
694,NBCM,31.12,30.8,39231.0,ETF,ETF,84.0,86.0,75.0,84.0,0.5539,0.4959,76733.0,50790.0,32.52,22.13,0,NO,29.78,28.55,26.91,29.04,28.22,,966,0.49,44602.0,NO,NO,2023-02-01,1474800.0
695,NEU,906.26,897.7,99341.0,Basic Materials,Specialty Chemicals,84.0,81.0,86.0,93.0,25.1057,24.8571,118038.0,114280.0,981.66,580.03,8334334976,NO,921.78,840.47,730.17,856.58,740.11,,11709,0.11,122719.0,NO,NO,2010-04-12,1995800.0
696,TTE,90.38,88.31,689765.0,Energy,Oil & Gas Integrated,84.0,70.0,58.0,71.0,1.64,1.2029,1594368.0,1567510.0,94.17,57.39,200025161728,NO,88.0,83.87,80.04,85.2,85.84,,8773,1.73,911641.0,NO,NO,2012-03-27,27055300.0
697,CVSA,134.26,132.33,164445.0,Consumer Defensive,Education & Training Services,84.0,83.0,81.0,91.0,4.9382,4.555,353423.0,367640.0,156.26,86.97,4570051584,NO,132.05,127.38,113.91,129.91,119.6,,8861,0.6,297331.0,NO,NO,2012-09-28,18701200.0
698,QVAL,61.54,61.397,19218.0,ETF,ETF,84.0,79.0,82.0,80.0,0.5965,0.4465,26395.0,25750.0,62.73,44.98,0,NO,61.18,58.61,53.7,59.33,55.69,,2981,0.0,22767.0,NO,NO,2020-04-24,579400.0
699,CVEO,33.19,33.43,30747.0,Consumer Cyclical,Lodging,84.0,79.0,19.0,83.0,1.0551,1.019,146600.0,76290.0,36.5,19.75,343080352,NO,33.08,33.12,29.06,32.82,31.39,,3090,0.0,62578.0,NO,NO,2014-12-30,4745067.0
700,BMO,167.79,170.31,497688.0,Financial Services,Banks - Diversified,84.0,10.0,66.0,80.0,3.5321,3.3829,801069.0,1061980.0,187.22,119.51,116967219200,NO,178.0,177.76,151.04,177.45,159.76,,8013,0.0,704271.0,NO,NO,2010-12-17,10489300.0
701,SVXY,62.08,63.02,1059917.0,ETF,ETF,84.0,83.0,87.0,84.0,0.695,0.6007,1459514.0,1225950.0,63.12,43.29,0,NO,60.78,58.59,53.42,59.41,53.71,,3748,0.0,1237570.0,NO,NO,2020-03-20,43683400.0
702,FSBC,45.25,45.82,115788.0,Financial Services,Banks - Regional,84.0,15.0,77.0,80.0,0.9614,0.9614,178300.0,163650.0,50.26,30.68,1110281728,NO,46.04,47.22,40.97,46.79,42.83,,1338,0.0,199060.0,NO,NO,2021-05-05,2211300.0
703,RTXG,25.33,26.315,10454.0,ETF,ETF,84.0,5.0,95.0,8.0,0.9514,0.8184,20125.0,9010.0,31.27,17.08,0,NO,28.83,26.22,24.25,26.81,24.45,,310,0.0,11164.0,NO,NO,2026-05-18,152400.0
704,RAL,60.79,61.73,468253.0,Technology,Electronic Components,84.0,9.0,39.0,90.0,2.2228,2.0878,1554290.0,1094030.0,75.41,37.27,6723593216,NO,66.7,68.23,54.6,67.03,56.45,,298,0.0,842828.0,NO,NO,2025-06-30,27065700.0
705,AIZ,280.23,281.86,122965.0,Financial Services,Insurance - Property & Casualty,84.0,51.0,85.0,84.0,5.5504,5.4161,387890.0,330830.0,303.94,205.01,13822000128,NO,284.85,278.83,244.65,281.35,250.66,,5678,0.0,235251.0,NO,NO,2004-02-05,27565200.0
706,SGP,26.69,26.1,60029.0,Healthcare,Biotechnology,84.0,93.0,96.0,39.0,1.2764,1.2171,115247.0,72300.0,32.44,17.06,892726592,NO,25.77,22.67,,23.63,23.44,,142,0.0,87105.0,NO,NO,2026-06-26,1478800.0
707,VRT,256.23,258.72,3248209.0,Industrials,Electrical Equipment & Parts,84.0,80.0,4.0,34.0,12.8202,10.8922,5957330.0,4458060.0,379.94,118.7,98678243328,NO,271.38,287.8,255.46,279.43,288.17,,2030,0.0,4211891.0,NO,NO,2026-03-20,87826600.0
708,MSM,117.44,118.88,363527.0,Industrials,Industrial Distribution,84.0,13.0,72.0,87.0,2.9657,2.7464,734277.0,518170.0,130.46,78.8,0,NO,121.52,121.95,101.21,122.59,108.13,,7726,0.0,559237.0,NO,NO,1995-12-15,7272800.0
709,LAUR,37.35,37.53,459334.0,Consumer Defensive,Education & Training Services,84.0,20.0,85.0,79.0,0.8805,0.8619,1159296.0,839220.0,40.92,24.98,5144938496,NO,37.74,37.75,34.46,38.01,35.03,,2408,0.0,869512.0,NO,NO,2026-03-20,22256800.0
710,OKE,95.82,96.01,2808787.0,Energy,Oil & Gas Midstream,84.0,79.0,85.0,71.0,2.4868,2.3961,3651746.0,3423900.0,99.84,64.02,60402020352,NO,92.68,91.07,84.41,92.04,89.22,,11571,0.0,4360227.0,NO,NO,2023-09-25,59253300.0
711,RS,390.32,384.05,237027.0,Basic Materials,Steel,84.0,15.0,59.0,84.0,12.4975,11.8839,363096.0,403180.0,433.02,260.31,19927615488,NO,407.44,397.58,344.22,398.12,362.98,,8042,0.0,341153.0,NO,NO,2007-04-19,5155700.0
712,ONC,357.97,359.58,213950.0,Healthcare,Biotechnology,84.0,90.0,94.0,77.0,9.7931,7.5122,360204.0,334400.0,385.22,253.95,40481333248,NO,358.82,326.61,318.1,335.16,311.58,,2659,0.0,348535.0,NO,NO,2020-11-30,5213400.0
713,SPNT,24.27,24.19,217698.0,Financial Services,Insurance - Reinsurance,84.0,72.0,89.0,77.0,0.5064,0.4993,738415.0,507460.0,26.48,17.17,2819324928,NO,23.58,24.07,22.21,24.2,22.86,,3280,0.0,424887.0,NO,NO,2013-08-15,14029300.0
714,TAGS,28.76,28.35,46563.0,ETF,ETF,84.0,92.0,88.0,85.0,0.3745,0.3252,18465.0,23020.0,28.81,22.56,0,NO,26.49,25.43,24.31,26.01,24.94,,3627,0.32,49052.0,NO,NO,2026-04-09,393000.0
715,GSBC,77.7,78.27,64414.0,Financial Services,Banks - Regional,84.0,19.0,82.0,87.0,1.5675,1.5604,104014.0,94050.0,82.91,53.76,846736256,NO,79.87,78.99,68.44,79.22,71.52,,9243,0.0,102682.0,NO,NO,2009-06-26,1904100.0
716,IXN,139.33,141.13,176301.0,ETF,ETF,84.0,78.0,16.0,89.0,2.5727,1.7549,424844.0,616460.0,149.83,93.27,0,NO,140.38,138.18,119.59,138.11,125.94,,6230,0.0,258930.0,NO,NO,2018-07-10,19988400.0
717,AIFD,50.28,51.594,7679.0,ETF,ETF,84.0,71.0,12.0,88.0,1.178,0.7079,19349.0,7920.0,57.8,31.32,0,NO,52.25,51.62,44.52,51.3,47.51,,582,0.0,9797.0,NO,NO,2026-06-22,119600.0
718,TINY,73.57,73.57,385.0,ETF,ETF,84.0,19.0,10.0,62.0,1.9681,1.0107,16268.0,5100.0,97.12,43.05,0,NO,79.09,82.0,70.06,80.18,76.23,,1215,0.0,1204.0,NO,NO,2026-06-09,93700.0
719,GRMN,276.06,284.11,504871.0,Technology,Scientific & Technical Instruments,84.0,9.0,88.0,62.0,6.9075,6.6668,919057.0,970400.0,314.28,186.67,53239885824,NO,299.2,269.16,236.68,275.05,251.74,,6468,0.0,782007.0,NO,NO,2006-08-02,31320800.0
720,SPSC,83.04,85.4,257038.0,Technology,Software - Application,84.0,90.0,96.0,93.0,3.0536,2.775,650425.0,397610.0,114.87,49.04,2989454592,NO,78.34,68.58,68.75,72.11,61.79,,4115,0.0,396632.0,NO,NO,2016-09-22,4884400.0
721,SPXL,280.43,287.33,1719904.0,ETF,ETF,84.0,78.0,31.0,89.0,5.8779,4.5882,1838506.0,1408420.0,303.18,168.04,0,NO,291.17,276.82,241.13,279.82,249.64,,4481,0.0,1956677.0,NO,NO,2009-03-11,447939600.0
722,TKR,118.94,120.45,758226.0,Industrials,Tools & Accessories,83.0,3.0,16.0,63.0,3.5543,3.1979,968825.0,832800.0,146.37,70.57,8242166272,NO,127.31,134.61,110.28,132.57,120.08,,13495,0.0,1149148.0,NO,NO,2012-08-01,14754136.0
723,OAEM,48.72,48.998,1876.0,ETF,ETF,83.0,79.0,28.0,66.0,0.7311,0.3789,10253.0,9160.0,51.84,32.12,0,NO,48.29,47.89,43.3,47.79,45.95,,993,0.0,1970.0,NO,NO,2024-07-31,712700.0
724,NIXT,34.59,34.767,1128.0,ETF,ETF,83.0,73.0,77.0,83.0,0.4027,0.2419,2112.0,1750.0,35.25,23.83,0,NO,34.53,33.43,29.69,33.77,31.01,,495,0.0,1241.0,NO,NO,2024-09-10,543800.0
725,OXY,60.9,60.18,5147549.0,Energy,Oil & Gas E&P,83.0,82.0,66.0,74.0,1.3454,1.1546,8905926.0,7065400.0,67.45,38.8,60842930176,NO,58.62,55.44,52.04,56.67,56.32,,11256,0.0,7118499.0,NO,NO,2022-03-09,134669000.0
726,GBUG,49.49,51.22,22722.0,ETF,ETF,83.0,95.0,84.0,8.0,1.8813,1.3421,35700.0,55290.0,59.02,30.9,0,NO,49.22,43.09,45.15,44.61,45.5,,384,0.0,43556.0,NO,NO,2026-01-30,510400.0
727,GL,171.96,172.67,165816.0,Financial Services,Insurance - Life,83.0,11.0,86.0,82.0,3.529,3.2804,631995.0,502670.0,191.55,127.85,13214647296,NO,177.69,178.56,153.15,178.41,160.26,,11571,0.0,276610.0,NO,NO,2024-04-11,36577500.0
728,GRDN,39.19,37.09,342285.0,Healthcare,Medical Care Facilities,83.0,24.0,37.0,79.0,1.3726,1.3726,392269.0,309700.0,47.02,23.14,2482384896,NO,38.81,39.88,35.59,39.99,38.08,,483,0.0,537258.0,NO,NO,2024-09-26,2846700.0
729,CROX,115.57,120.38,675691.0,Consumer Cyclical,Footwear & Accessories,83.0,5.0,22.0,90.0,3.9275,3.5554,1074223.0,936850.0,141.28,73.21,5537895936,NO,128.67,129.0,102.44,128.53,110.41,,5172,0.0,1105028.0,NO,NO,2007-11-01,60485700.0
730,BNAV,29.4,30.59,7950.0,ETF,ETF,83.0,,,,0.893,0.4512,6408.0,6260.0,31.73,24.43,0,NO,27.02,,,,,,24,0.0,7968.0,NO,NO,2026-07-29,24800.0
731,ABBV,259.47,256.42,2103189.0,Healthcare,Drug Manufacturers - General,83.0,74.0,92.0,70.0,5.5211,5.0846,6521473.0,4409330.0,267.47,190.75,458169319424,NO,254.84,252.66,227.83,255.25,230.19,,3436,0.0,3814980.0,NO,NO,2014-10-15,122740200.0
732,CVLG,33.77,35.35,268970.0,Industrials,Trucking,83.0,15.0,6.0,79.0,1.1704,1.1146,200028.0,172160.0,49.88,18.0,856987264,NO,34.8,40.64,31.73,39.41,35.35,,8012,0.0,373964.0,NO,NO,1994-10-28,9770400.0
733,KMTS,25.21,25.75,207433.0,Healthcare,Medical Instruments & Supplies,83.0,87.0,93.0,69.0,1.195,1.195,370015.0,248750.0,30.0,15.42,1477384576,NO,26.88,25.2,23.58,25.36,22.87,,374,0.0,319324.0,NO,NO,2025-03-06,3947100.0
734,DPST,124.85,130.49,257951.0,ETF,ETF,83.0,2.0,88.0,79.0,5.7739,5.5692,292101.0,219290.0,158.88,72.66,0,NO,143.76,143.35,118.14,142.38,122.57,,2773,0.0,295351.0,NO,NO,2023-05-04,6262040.0
735,ESEA,77.0,76.83,38878.0,Industrials,Marine Shipping,83.0,19.0,88.0,67.0,3.0964,2.9393,51301.0,31780.0,79.67,51.0,543264320,NO,75.34,72.95,65.36,73.9,69.01,,5112,0.0,46780.0,NO,NO,2020-05-27,14008879.0
736,ALSN,122.84,125.71,330793.0,Consumer Cyclical,Auto Parts,83.0,83.0,82.0,24.0,3.8264,3.6971,1064587.0,842860.0,137.62,76.01,10145125376,NO,125.34,120.22,113.85,121.09,120.17,,3636,0.0,617644.0,NO,NO,2012-03-15,13911300.0
737,FRHC,172.94,175.01,102111.0,Financial Services,Financial Conglomerates,83.0,90.0,87.0,92.0,8.4747,8.2961,171326.0,195220.0,181.88,107.97,11031438336,NO,158.35,153.58,140.62,159.19,145.47,,2152,0.0,149670.0,NO,NO,2023-02-16,3701600.0
738,BLSM,18.98,18.3,109440.0,Healthcare,Biotechnology,83.0,,,,1.033,1.0116,321541.0,159710.0,20.61,15.25,549372224,YES,,,,,,,17,1.64,141199.0,NO,NO,2026-08-07,1757600.0
739,MSEP,32.75,32.82,1053.0,ETF,ETF,83.0,55.0,,,0.0346,0.0054,283.0,920.0,32.87,27.55,0,NO,32.69,32.43,,32.51,,,59,0.0,2780.0,NO,NO,2026-06-25,4100.0
740,NTR,77.85,75.53,2330265.0,Basic Materials,Agricultural Inputs,83.0,89.0,84.0,45.0,1.9869,1.6633,2774100.0,2523470.0,85.36,53.03,37160349696,NO,70.25,67.63,68.38,69.36,70.8,,2177,0.62,3465584.0,NO,NO,2022-03-07,11337400.0
741,EMXC,98.06,98.24,1554586.0,ETF,ETF,83.0,81.0,17.0,77.0,1.6821,1.0682,2604279.0,1735450.0,107.12,62.71,0,NO,96.58,96.19,86.38,95.8,91.67,,2287,0.0,1773356.0,NO,NO,2025-05-20,58238900.0
742,OSPN,15.92,16.52,141557.0,Technology,Software - Infrastructure,83.0,69.0,60.0,94.0,0.5546,0.5154,428203.0,361920.0,18.48,10.07,586318080,NO,16.1,15.38,12.87,15.69,13.21,,7113,0.0,300601.0,NO,NO,2015-02-17,17302400.0
743,OILK,54.47,54.32,105134.0,ETF,ETF,83.0,72.0,29.0,85.0,1.0938,0.8745,168992.0,59160.0,61.33,36.13,0,NO,52.34,51.2,48.22,51.96,52.35,,2494,0.0,112940.0,NO,NO,2026-03-09,2583100.0
744,CTEF,86.63,88.1,10255.0,ETF,ETF,83.0,17.0,54.0,80.0,0.9835,0.5182,5515.0,7900.0,94.37,58.57,0,NO,89.64,90.26,77.75,89.65,81.99,,302,0.0,10973.0,NO,NO,2025-12-31,138700.0
745,BSAC,34.85,34.75,233717.0,Financial Services,Banks - Regional,83.0,52.0,85.0,55.0,0.8257,0.7843,325474.0,295260.0,37.72,23.71,16418368512,NO,34.99,34.02,32.84,34.22,33.09,,8011,0.0,375587.0,NO,NO,2002-04-23,11063780.0
746,MS,211.16,213.32,1902052.0,Financial Services,Capital Markets,83.0,47.0,46.0,88.0,4.5921,4.2564,5490509.0,3984240.0,232.25,145.66,331640766464,NO,215.25,216.24,189.91,215.04,195.49,,8438,0.0,3404992.0,NO,NO,2008-09-17,329786100.0
747,LXFR,17.19,17.18,322835.0,Industrials,Specialty Industrial Machinery,83.0,54.0,34.0,91.0,0.0464,0.0429,275844.0,363950.0,19.45,11.26,459994112,NO,17.12,17.26,14.96,17.05,15.52,,3496,0.0,398651.0,NO,NO,2019-06-28,3804500.0
748,SURI,20.31,20.1,6948.0,ETF,ETF,83.0,89.0,89.0,81.0,0.3466,0.2849,3192.0,4880.0,21.31,14.9,0,NO,19.33,18.45,17.37,18.79,17.59,,891,0.15,7264.0,NO,NO,2024-04-05,330900.0
749,CVS,96.75,93.91,4997489.0,Healthcare,Healthcare Plans,83.0,9.0,77.0,83.0,2.0671,1.9521,8011971.0,6372680.0,110.68,69.51,123776573440,NO,95.33,101.3,86.21,100.49,89.9,,13495,1.15,8337785.0,NO,NO,2009-11-05,185123500.0
750,RHP,122.38,126.76,494131.0,Real Estate,REIT - Hotel & Motel,83.0,8.0,77.0,87.0,3.057,2.947,724723.0,573960.0,137.46,83.82,8442296832,NO,126.33,127.89,107.27,127.45,113.09,,8774,0.0,822692.0,NO,NO,2009-09-24,11874000.0
751,RIO,101.98,102.5,1881039.0,Basic Materials,Other Industrial Metals & Mining,83.0,78.0,15.0,44.0,2.3996,1.8089,2666393.0,2378640.0,112.58,61.4,165839863808,NO,101.33,96.29,92.66,97.19,97.56,,9109,0.0,2243356.0,NO,NO,2014-10-06,19088900.0
752,SAA,34.7,35.44,8628.0,ETF,ETF,83.0,13.0,70.0,79.0,0.5524,0.3267,4449.0,2400.0,38.94,22.57,0,NO,37.25,36.81,31.14,36.68,32.91,,4931,0.0,8658.0,NO,NO,2010-06-29,6045000.0
753,ETHB,31.15,31.96,267780.0,ETF,ETF,83.0,96.0,91.0,,1.0571,0.7636,437890.0,601040.0,32.64,19.65,0,NO,27.34,24.75,,25.99,,,119,0.0,361484.0,NO,NO,2026-03-13,2861800.0
754,MAC,23.38,23.62,1201248.0,Real Estate,REIT - Retail,83.0,6.0,72.0,82.0,0.5043,0.4843,3586479.0,2171340.0,26.68,16.03,6897809920,NO,24.43,25.02,21.14,24.87,22.49,,8173,0.0,2147844.0,NO,NO,2021-01-27,58466600.0
755,JPM,354.13,356.02,3259395.0,Financial Services,Banks - Diversified,83.0,54.0,90.0,83.0,5.2314,5.0893,8381169.0,5870930.0,366.5,279.1,941635862528,NO,358.15,347.77,317.34,349.81,319.42,,11709,0.0,5041484.0,NO,NO,2012-05-11,217294200.0
756,GWW,1304.06,1309.49,124990.0,Industrials,Industrial Distribution,83.0,11.0,72.0,77.0,21.9935,20.2921,293877.0,184670.0,1419.91,906.52,61568745472,NO,1307.2,1342.45,1170.05,1342.13,1239.41,,13495,0.0,191913.0,NO,NO,2017-10-17,6078300.0
757,DARP,57.14,57.98,493.0,ETF,ETF,83.0,81.0,26.0,73.0,0.7296,0.5897,9441.0,7300.0,61.76,35.04,0,NO,57.87,57.07,51.9,56.94,54.42,,1178,0.0,3400.0,NO,NO,2023-10-05,484100.0
758,GPC,135.21,135.67,435813.0,Consumer Cyclical,Auto Parts,83.0,85.0,96.0,77.0,2.8664,2.62,1670079.0,1172920.0,151.57,90.78,18640019456,NO,134.62,126.99,119.64,130.78,115.81,,11709,0.0,921993.0,NO,NO,2024-10-22,6715600.0
759,NVT,146.91,150.75,1358679.0,Industrials,Electrical Equipment & Parts,83.0,14.0,7.0,86.0,7.4684,6.3934,2266009.0,3071420.0,184.64,87.16,23768838144,NO,160.65,159.04,134.54,156.43,146.19,,2100,0.0,2263286.0,NO,NO,2018-05-01,40727700.0
760,EVLU,42.47,42.394,3428.0,ETF,ETF,83.0,79.0,34.0,79.0,0.3338,0.1656,3368.0,2280.0,43.97,28.1,0,NO,41.48,40.81,36.92,40.91,38.63,,497,0.0,3478.0,NO,NO,2026-02-26,32700.0
761,EOG,148.1,144.96,2230081.0,Energy,Oil & Gas E&P,83.0,40.0,80.0,79.0,3.1668,2.8161,3335839.0,2668120.0,153.67,101.59,78884945920,NO,144.54,140.58,127.96,142.31,136.85,,9294,1.83,3776909.0,NO,NO,2000-11-01,85014000.0
762,MYFW,30.43,30.97,13636.0,Financial Services,Banks - Regional,83.0,21.0,73.0,85.0,0.666,0.6653,65223.0,37310.0,34.36,21.31,297152864,NO,31.34,31.9,27.64,31.74,28.72,,2040,0.0,23545.0,NO,NO,2022-06-24,983600.0
763,RBB,25.84,25.95,67878.0,Financial Services,Banks - Regional,83.0,23.0,80.0,83.0,0.4846,0.4834,194887.0,82280.0,28.24,16.74,437108512,NO,26.75,26.75,23.24,26.68,24.25,,2287,0.0,93379.0,NO,NO,2017-07-26,2038500.0
764,SRPT,21.27,21.03,1725122.0,Healthcare,Biotechnology,83.0,97.0,91.0,90.0,1.2118,1.1082,3341339.0,3080570.0,25.32,14.68,2245630464,NO,18.53,17.77,19.09,18.26,18.37,,7356,0.0,2623441.0,NO,NO,2025-07-18,78437700.0
765,RSI,25.79,25.76,1346945.0,Consumer Cyclical,Gambling,83.0,14.0,56.0,89.0,0.999,0.9811,2780103.0,1813040.0,34.53,15.51,6299130880,NO,25.61,29.09,23.38,28.41,25.44,,1595,0.0,2577553.0,NO,NO,2026-06-18,18868400.0
766,P,94.2,92.95,1709079.0,Technology,Computer Hardware,83.0,94.0,83.0,93.0,6.5244,6.0661,3116476.0,3754540.0,119.1,56.78,31309221888,NO,103.1,85.96,75.16,88.29,76.22,,2741,0.0,2600141.0,NO,NO,2024-01-04,51113300.0
767,AHR,56.47,55.21,1749774.0,Real Estate,REIT - Healthcare Facilities,83.0,62.0,91.0,59.0,1.1014,0.9989,3314065.0,2423290.0,58.7,40.0,12316930048,NO,55.24,54.75,50.55,55.88,51.76,,643,0.33,3150107.0,NO,NO,2026-06-26,27921000.0
768,XNTK,351.58,358.68,30384.0,ETF,ETF,83.0,76.0,15.0,90.0,7.0479,4.7239,58084.0,117980.0,392.44,236.22,0,NO,359.82,358.04,310.16,355.08,324.38,,6516,0.0,33956.0,NO,NO,2001-12-05,5182000.0
769,TILL,21.08,20.74,94290.0,ETF,ETF,83.0,92.0,89.0,86.0,0.2923,0.256,38769.0,49380.0,21.12,16.45,0,NO,19.35,18.54,17.83,18.96,18.2,,1076,0.63,134746.0,NO,NO,2022-08-08,1914500.0
770,TMV,42.95,42.36,932187.0,ETF,ETF,83.0,40.0,84.0,88.0,1.1286,0.7121,767325.0,1265730.0,44.43,31.82,0,NO,42.28,40.55,37.79,41.31,38.64,,4371,0.0,1019524.0,NO,NO,2024-01-16,13853500.0
771,TNDM,21.25,22.01,471172.0,Healthcare,Medical Devices,82.0,86.0,83.0,7.0,1.1206,1.1013,2018504.0,1472180.0,29.65,11.46,1478547456,NO,22.03,18.69,19.73,19.45,19.27,,3216,0.0,875273.0,NO,NO,2018-06-22,17879100.0
772,HAL,36.9,36.85,5393505.0,Energy,Oil & Gas Equipment & Services,82.0,92.0,13.0,48.0,1.0639,0.9889,11838860.0,12033030.0,43.59,21.4,30834530304,NO,34.39,33.92,34.65,34.28,36.58,,13676,0.0,8754616.0,NO,NO,2001-12-07,153932600.0
773,SGRW,25.4,25.797,1532.0,ETF,ETF,82.0,75.0,76.0,88.0,0.2922,0.0776,16219.0,1110.0,27.05,17.3,0,NO,26.34,25.59,,25.66,22.51,,157,0.0,596.0,NO,NO,2026-07-23,910600.0
774,TCAI,44.24,45.1,56004.0,ETF,ETF,82.0,13.0,5.0,83.0,1.6828,1.1999,109239.0,77790.0,58.63,25.23,0,NO,47.4,49.14,41.01,47.76,45.11,,270,0.0,60379.0,NO,NO,2025-09-23,788700.0
775,XAIX,55.85,56.831,6590.0,ETF,ETF,82.0,78.0,12.0,90.0,0.7265,0.5313,29441.0,8960.0,61.09,37.95,0,NO,56.17,55.08,47.91,54.89,50.22,,521,0.0,6634.0,NO,NO,2026-02-13,307400.0
776,GOEX,89.41,92.39,4697.0,ETF,ETF,82.0,96.0,84.0,6.0,3.435,2.2671,10151.0,25840.0,110.19,55.42,0,NO,87.94,77.09,83.18,79.89,83.11,,3978,0.0,5483.0,NO,NO,2026-02-09,347600.0
777,SRHQ,49.51,49.649,407.0,ETF,ETF,82.0,72.0,81.0,82.0,0.3631,0.1455,931.0,1360.0,50.36,37.22,0,NO,49.73,47.88,43.06,48.45,44.57,,979,0.0,414.0,NO,NO,2022-10-05,7200700.0
778,DNOW,15.94,16.03,950534.0,Industrials,Industrial Distribution,82.0,89.0,92.0,90.0,0.3911,0.3774,2712136.0,2089210.0,17.26,10.94,2879015424,NO,15.89,14.46,13.61,14.89,13.53,,3089,0.0,1859060.0,NO,NO,2014-05-30,20871300.0
779,NMIH,44.22,44.35,475563.0,Financial Services,Insurance - Specialty,82.0,42.0,93.0,72.0,0.7018,0.7018,527111.0,421530.0,46.74,34.84,3326133248,NO,44.97,42.99,39.65,43.68,40.0,,3220,0.0,786766.0,NO,NO,2017-10-13,11986100.0
780,BMED,33.8,33.809,343.0,ETF,ETF,82.0,86.0,90.0,69.0,0.4637,0.176,1957.0,2910.0,34.86,25.79,0,NO,33.1,31.61,30.09,32.17,29.98,,1484,0.0,365.0,NO,NO,2021-12-06,113100.0
781,XHR,18.2,18.75,538924.0,Real Estate,REIT - Hotel & Motel,82.0,4.0,69.0,84.0,0.3887,0.3676,813106.0,670250.0,22.06,11.75,1800494720,NO,19.31,20.1,16.67,19.92,17.66,,2910,0.0,852256.0,NO,NO,2019-03-29,23241400.0
782,FMTL,37.17,38.16,9893.0,ETF,ETF,82.0,91.0,33.0,22.0,0.8261,0.4957,6325.0,6210.0,39.5,23.95,0,NO,36.74,34.02,33.55,34.6,35.07,,205,0.0,10042.0,NO,NO,2026-01-07,145400.0
783,XLEX,30.24,29.63,5882.0,ETF,ETF,82.0,92.0,,,0.7821,0.4128,1987.0,1800.0,30.74,20.75,0,NO,27.68,25.16,,26.03,,,62,0.64,6094.0,NO,NO,2026-07-24,14200.0
784,VECO,42.16,44.3,306474.0,Technology,Semiconductor Equipment & Materials,82.0,2.0,3.0,89.0,2.6479,2.1143,1238777.0,519870.0,86.63,23.31,2573171712,NO,49.58,54.85,43.57,51.09,49.09,,7991,0.0,519734.0,NO,NO,2000-10-06,15022300.0
785,QQQS,43.84,44.17,4314.0,ETF,ETF,82.0,78.0,42.0,84.0,0.6062,0.4024,7100.0,3730.0,45.44,30.11,0,NO,44.56,43.62,38.54,43.76,40.25,,973,0.0,4688.0,NO,NO,2024-07-12,88300.0
786,ASCE,34.41,34.71,29009.0,ETF,ETF,82.0,53.0,71.0,84.0,0.3844,0.2856,77063.0,78220.0,36.31,24.65,0,NO,35.01,34.54,30.5,34.51,31.89,,290,0.0,32227.0,NO,NO,2026-07-23,847700.0
787,EMM,44.27,44.208,1034.0,ETF,ETF,82.0,84.0,23.0,77.0,0.556,0.2547,6228.0,1910.0,47.54,29.56,0,NO,43.47,43.03,39.14,42.95,41.26,,827,0.0,1094.0,NO,NO,2025-02-28,268200.0
788,GMOI,41.22,41.25,62780.0,ETF,ETF,82.0,68.0,80.0,67.0,0.3066,0.2507,119774.0,135540.0,42.01,30.41,0,NO,41.08,39.59,36.81,40.1,38.16,,460,0.0,66298.0,NO,NO,2026-01-21,2067400.0
789,FNRN,16.63,16.67,99527.0,Financial Services,Banks - Regional,82.0,5.0,24.0,83.0,0.3686,0.365,200928.0,91630.0,19.25,11.3,272653888,NO,17.39,17.81,15.43,17.61,16.56,,6956,0.0,154333.0,NO,NO,2026-06-26,2154100.0
790,RUSHA,48.33,51.22,465446.0,Consumer Cyclical,Auto & Truck Dealerships,82.0,7.0,80.0,41.0,1.4289,1.427,760252.0,534938.0,55.74,30.45,7847372288,NO,52.67,51.36,45.26,51.49,48.11,,5762,0.0,728323.0,NO,NO,2023-12-29,20779563.0
791,VPX,30.78,30.92,3689.0,ETF,ETF,82.0,68.0,74.0,,0.2243,0.1328,8692.0,9610.0,31.56,23.4,0,NO,30.99,30.2,,30.39,,,119,0.0,3694.0,NO,NO,2026-08-04,48200.0
792,RGLD,255.75,261.47,466777.0,Basic Materials,Gold,82.0,96.0,89.0,7.0,8.1639,6.5368,742830.0,727330.0,306.25,168.88,21673807872,NO,241.75,216.03,235.11,223.21,237.47,,11399,0.0,677846.0,NO,NO,2012-06-04,9316900.0
793,RSSY,25.95,25.82,28555.0,ETF,ETF,82.0,76.0,60.0,85.0,0.2019,0.1711,23806.0,22480.0,26.19,18.89,0,NO,25.72,25.42,22.85,25.52,24.21,,566,0.12,30510.0,NO,NO,2024-05-29,5044300.0
794,APLE,15.53,15.95,1264566.0,Real Estate,REIT - Hotel & Motel,82.0,10.0,75.0,88.0,0.2959,0.2845,2923523.0,2040750.0,17.28,10.85,3667544832,NO,16.18,16.48,13.67,16.42,14.47,,2839,0.0,2110182.0,NO,NO,2023-09-15,42325100.0
795,DGRE,40.59,40.532,9732.0,ETF,ETF,82.0,81.0,32.0,74.0,0.5774,0.3796,10993.0,6800.0,43.24,27.3,0,NO,40.09,39.43,35.9,39.44,37.8,,3290,0.0,10751.0,NO,NO,2026-01-21,1249400.0
796,MPTI,75.61,76.16,62151.0,Technology,Electronic Components,82.0,6.0,5.0,76.0,4.2224,4.0891,201731.0,95500.0,104.85,43.46,328637056,NO,83.39,85.19,70.83,83.15,77.48,,981,0.0,81738.0,NO,NO,2024-03-26,555100.0
797,ACHX,29.5,32.66,231.0,ETF,ETF,82.0,96.0,,,3.4286,0.7502,677.0,250.0,48.57,21.26,0,NO,36.58,,,30.05,,,44,0.0,272.0,NO,NO,2026-06-30,9600.0
798,FTIF,29.51,29.616,162.0,ETF,ETF,82.0,67.0,67.0,68.0,0.2618,0.1736,1738.0,550.0,30.0,21.37,0,NO,29.05,28.06,26.34,28.39,27.68,,868,0.0,100.0,NO,NO,2024-09-25,23200.0
799,SCHW,108.12,109.82,4679946.0,Financial Services,Capital Markets,82.0,71.0,92.0,76.0,2.2614,1.9621,9368025.0,8353780.0,114.53,83.96,186923892736,NO,109.62,103.63,97.14,105.62,96.49,,9809,0.0,8164221.0,NO,NO,2023-03-13,148476900.0
800,QTUM,144.56,147.94,325254.0,ETF,ETF,82.0,68.0,10.0,87.0,3.1614,2.2157,559503.0,309780.0,170.0,92.28,0,NO,151.62,150.72,130.08,149.01,137.83,,2007,0.0,342693.0,NO,NO,2025-01-08,2103300.0
801,EWS,33.76,34.17,464292.0,ETF,ETF,82.0,76.0,86.0,83.0,0.2996,0.1654,995931.0,645990.0,34.27,26.7,0,NO,33.56,32.07,29.34,32.56,30.0,,7663,0.0,759130.0,NO,NO,2008-03-28,12505100.0
802,XLK,183.59,186.5,5825427.0,ETF,ETF,82.0,77.0,15.0,90.0,3.4729,2.5086,10199869.0,6241720.0,198.73,126.68,0,NO,185.88,182.64,159.52,182.67,166.7,,6964,0.0,7555296.0,NO,NO,2018-10-11,136539000.0
803,IWX,112.34,112.6,182018.0,ETF,ETF,82.0,64.0,80.0,80.0,0.7114,0.6179,376038.0,262230.0,113.73,85.93,0,NO,112.55,109.55,99.53,110.44,102.75,,4257,0.0,311795.0,NO,NO,2025-03-04,10183200.0
804,NWFL,34.0,34.16,26415.0,Financial Services,Banks - Regional,82.0,42.0,86.0,78.0,0.7507,0.7414,40933.0,28870.0,35.45,23.82,370670528,NO,34.04,32.82,30.38,33.13,31.28,,7168,0.0,36211.0,NO,NO,2023-06-23,837600.0
805,AAPL,325.41,316.85,38252310.0,Technology,Consumer Electronics,82.0,85.0,65.0,86.0,6.6609,6.5438,54818401.0,39861400.0,344.57,225.95,4748581273600,NO,311.32,312.94,283.07,317.31,289.82,,11522,0.04,52432411.0,YES,NO,2000-09-29,7421640800.0
806,TAK,18.24,17.98,1463018.0,Healthcare,Drug Manufacturers - Specialty & Generic,82.0,82.0,91.0,32.0,0.2668,0.1868,3238395.0,2194770.0,18.9,12.99,58265464832,NO,17.72,17.07,16.68,17.43,17.26,,4189,1.11,1899415.0,NO,NO,2019-01-10,20535900.0
807,AGYS,113.16,116.41,72431.0,Technology,Software - Application,82.0,83.0,91.0,94.0,4.3911,4.1596,322600.0,251680.0,145.25,61.5,3191767040,NO,112.39,107.43,94.98,109.95,87.66,,11709,0.0,119308.0,NO,NO,2003-01-14,4470300.0
808,MBWM,58.78,59.76,33651.0,Financial Services,Banks - Regional,82.0,24.0,86.0,74.0,1.1357,1.135,131639.0,84590.0,62.39,42.75,1016153280,NO,60.59,58.92,52.81,59.2,54.57,,6821,0.0,72866.0,NO,NO,2012-06-22,1140400.0
809,ET,21.53,21.51,5406058.0,Energy,Oil & Gas Midstream,82.0,79.0,83.0,73.0,0.3336,0.3221,8858347.0,8272340.0,21.76,16.18,74160758784,NO,20.97,20.27,18.8,20.52,19.63,,5175,0.0,9229136.0,YES,NO,2021-12-08,136660800.0
810,TFSL,17.33,17.47,441633.0,Financial Services,Banks - Regional,82.0,11.0,83.0,85.0,0.3327,0.3127,915169.0,875970.0,19.49,12.54,4860072960,NO,17.66,17.77,15.36,17.85,16.01,,4871,0.0,768135.0,NO,NO,2007-04-23,15230100.0
811,JLL,354.72,365.87,215340.0,Real Estate,Real Estate Services,82.0,42.0,93.0,75.0,10.7521,9.8693,367439.0,322280.0,393.84,259.83,16314332160,NO,373.19,344.58,325.65,352.12,321.64,,7326,0.0,355695.0,NO,NO,2009-06-11,7774800.0
812,TECB,75.22,76.49,7285.0,ETF,ETF,82.0,83.0,57.0,90.0,0.9324,0.578,9798.0,7970.0,76.84,53.33,0,NO,74.77,72.22,64.37,72.91,66.28,,1667,0.0,9234.0,NO,NO,2020-06-03,3530100.0
813,HAP,76.96,76.8,27149.0,ETF,ETF,82.0,85.0,75.0,48.0,0.7756,0.5871,32888.0,17040.0,77.49,54.83,0,NO,74.76,71.66,69.06,72.72,71.98,,4477,0.0,32558.0,NO,NO,2009-11-02,1341800.0
814,FUSB,16.4,16.4,9353.0,Financial Services,Banks - Regional,82.0,34.0,56.0,69.0,0.2161,0.2089,14125.0,67800.0,16.99,11.0,90277224,NO,16.48,16.53,15.39,16.44,15.96,,6952,0.0,9913.0,NO,NO,2009-06-26,948700.0
815,XCEM,50.96,51.13,107209.0,ETF,ETF,82.0,83.0,18.0,77.0,0.8376,0.5259,174696.0,103620.0,55.43,33.9,0,NO,50.28,49.9,45.03,49.78,47.58,,2764,0.0,113777.0,NO,NO,2025-03-05,2488200.0
816,STBA,49.01,49.48,97482.0,Financial Services,Banks - Regional,82.0,10.0,83.0,78.0,0.6879,0.68,262768.0,223070.0,53.5,34.38,1728185472,NO,50.76,50.27,44.4,50.32,46.02,,8651,0.0,187627.0,NO,NO,2008-12-01,2372100.0
817,GEV,897.63,898.53,1890097.0,Industrials,Specialty Industrial Machinery,82.0,6.0,17.0,43.0,43.5447,35.9251,2740050.0,2099360.0,1195.94,530.16,239152906240,NO,987.45,1027.16,878.98,1013.03,972.18,,609,0.0,2322398.0,NO,NO,2024-04-02,18246100.0
818,TRUN,29.21,30.03,13.0,ETF,ETF,82.0,85.0,,,0.3078,0.0779,384.0,530.0,30.41,25.62,0,NO,29.0,,,,,,39,0.0,13.0,NO,NO,2026-08-27,2000.0
819,DB,39.62,40.06,1765225.0,Financial Services,Banks - Regional,81.0,84.0,92.0,80.0,0.5696,0.4554,2226730.0,1967660.0,40.69,28.12,74464772096,NO,38.51,36.62,35.01,37.23,33.9,,7492,0.0,2194216.0,NO,NO,2016-09-30,78597344.0
820,TMO,601.6,617.1,902558.0,Healthcare,Diagnostics & Research,81.0,77.0,92.0,82.0,16.6321,15.3536,2051438.0,1755290.0,647.0,435.27,222421483520,NO,604.61,560.1,535.33,576.83,514.54,,11709,0.0,1370009.0,NO,NO,2009-04-23,32610100.0
821,MYLD,33.2,33.424,344.0,ETF,ETF,81.0,43.0,80.0,76.0,0.2462,0.1593,11749.0,1820.0,34.3,24.58,0,NO,33.61,32.94,29.72,33.14,30.79,,666,0.0,715.0,NO,NO,2025-03-05,681000.0
822,FXH,132.86,132.89,34362.0,ETF,ETF,81.0,77.0,88.0,80.0,1.4336,1.1421,52049.0,39890.0,135.82,104.53,0,NO,132.31,127.12,117.18,128.95,118.51,,4858,0.0,36467.0,NO,NO,2016-03-28,17468500.0
823,CTVA,87.44,84.63,3311229.0,Basic Materials,Agricultural Inputs,81.0,88.0,86.0,65.0,2.1957,1.9485,4390803.0,4646370.0,90.97,60.53,58372980736,NO,79.43,82.74,76.94,83.22,80.83,,1827,1.02,5503037.0,NO,NO,2019-12-20,30573900.0
824,SGDJ,94.9,98.64,60557.0,ETF,ETF,81.0,96.0,78.0,6.0,3.5764,2.4624,52798.0,51330.0,115.78,58.5,0,NO,94.23,83.22,88.86,85.8,89.22,,2872,0.0,92018.0,NO,NO,2018-09-25,1083500.0
825,EPIN,28.6,28.89,7.0,ETF,ETF,81.0,57.0,58.0,76.0,0.1601,0.0214,687.0,430.0,29.31,20.92,0,NO,28.88,28.32,25.46,28.44,26.53,,310,0.0,100.0,NO,NO,2025-06-05,249000.0
826,FXNC,30.25,30.55,11578.0,Financial Services,Banks - Regional,81.0,13.0,80.0,75.0,0.9861,0.9618,57296.0,32690.0,33.24,21.59,273494336,NO,31.4,30.53,27.68,30.64,28.79,,6949,0.0,16638.0,NO,NO,2025-06-27,969500.0
827,EURL,48.61,50.26,21288.0,ETF,ETF,81.0,33.0,77.0,43.0,0.9611,0.7068,16308.0,11550.0,52.77,32.63,0,NO,51.12,48.12,44.32,48.86,45.46,,3171,0.0,21742.0,NO,NO,2016-06-24,1294200.0
828,NFXS,18.86,18.798,7483.0,ETF,ETF,81.0,4.0,67.0,80.0,0.4643,0.368,28168.0,11450.0,23.28,13.29,0,NO,19.65,20.57,18.3,20.34,18.67,,478,0.0,8190.0,NO,NO,2025-05-05,1847500.0
829,BSVN,51.49,51.36,27831.0,Financial Services,Banks - Regional,81.0,67.0,89.0,87.0,1.3271,1.3064,31680.0,43240.0,55.41,38.29,490486336,NO,51.52,50.41,44.67,50.99,45.76,,1996,0.0,42013.0,NO,NO,2018-09-20,1405000.0
830,TQQQ,69.03,71.92,51754339.0,ETF,ETF,81.0,72.0,4.0,93.0,2.5528,2.0768,65554836.0,48507050.0,88.09,37.32,0,NO,72.67,71.7,61.21,71.0,64.39,,4164,0.0,56708312.0,YES,NO,2011-10-17,1094342400.0
831,DLTR,130.9,126.59,1090453.0,Consumer Defensive,Discount Stores,81.0,74.0,90.0,67.0,4.8539,4.5961,2899263.0,2872750.0,142.4,84.71,24592705536,NO,130.28,126.15,116.59,127.3,115.41,,7924,0.65,2114735.0,NO,NO,2000-12-19,96293700.0
832,GCC,26.55,26.39,24184.0,ETF,ETF,81.0,87.0,73.0,75.0,0.3114,0.235,58606.0,116290.0,26.62,20.03,0,NO,25.52,24.38,23.49,24.82,24.32,,4680,0.0,32932.0,NO,NO,2009-09-18,2185100.0
833,VOD,16.05,16.04,3493490.0,Communication Services,Telecom Services,81.0,62.0,77.0,55.0,0.2257,0.18,4004647.0,2553890.0,16.61,11.12,37080035328,NO,16.0,15.2,14.61,15.5,15.22,,9526,0.0,3881529.0,NO,NO,1994-06-28,221207100.0
834,TRUH,29.72,29.77,14.0,ETF,ETF,81.0,79.0,88.0,,0.3237,0.11,1042.0,770.0,30.68,24.78,0,NO,29.59,28.64,,28.97,,,104,0.0,14.0,NO,NO,2026-06-16,7800.0
835,ROG,122.68,125.57,85840.0,Technology,Electronic Components,81.0,37.0,6.0,67.0,4.9129,3.9464,270422.0,207060.0,169.0,75.14,2192123136,NO,131.63,136.92,117.3,132.41,128.06,,11709,0.0,144668.0,NO,NO,2022-11-02,4498800.0
836,KO,87.97,88.67,7478135.0,Consumer Defensive,Beverages - Non-Alcoholic,81.0,49.0,84.0,67.0,1.4414,1.3343,17547644.0,15000850.0,92.49,65.35,378536951808,NO,88.48,85.39,78.09,86.19,81.2,,16274,0.0,13870542.0,YES,NO,2009-09-18,124169000.0
837,FTEC,283.83,287.56,155126.0,ETF,ETF,81.0,78.0,19.0,89.0,4.7587,3.4237,320939.0,225990.0,300.79,198.17,0,NO,286.33,279.46,246.35,280.64,256.42,,3231,0.0,183315.0,NO,NO,2024-07-25,4556800.0
838,VFMF,184.22,185.5,34309.0,ETF,ETF,81.0,60.0,77.0,77.0,1.4271,1.3027,48763.0,41730.0,188.07,139.3,0,NO,185.95,181.95,165.3,183.06,171.12,,2146,0.0,38596.0,NO,NO,2026-07-09,670700.0
839,RING,83.61,86.52,582988.0,ETF,ETF,81.0,96.0,82.0,7.0,3.4821,2.4043,757506.0,825990.0,100.41,54.0,0,NO,81.86,71.54,77.12,74.27,77.74,,3665,0.0,770101.0,NO,NO,2016-12-14,5547100.0
840,VGT,118.87,120.49,2352334.0,ETF,ETF,81.0,78.0,19.0,89.0,2.0321,1.4814,4605760.0,3957470.0,126.0,83.09,0,NO,119.98,117.05,103.22,117.55,107.42,,5682,0.0,2665953.0,NO,NO,2018-03-06,52516000.0
841,EQLT,39.35,39.532,41.0,ETF,ETF,81.0,78.0,24.0,75.0,0.3481,0.1924,2180.0,1210.0,40.89,27.62,0,NO,39.09,38.26,34.96,38.33,36.68,,3147,0.0,1400.0,NO,NO,2014-02-26,104900.0
842,NTB,58.76,58.88,53246.0,Financial Services,Banks - Diversified,81.0,15.0,71.0,79.0,1.0845,1.0845,199522.0,171000.0,64.17,40.59,2310836224,NO,60.95,60.65,54.54,60.66,56.78,,2502,0.0,103263.0,NO,NO,2017-06-23,5566500.0
843,SIL,94.64,97.95,1192165.0,ETF,ETF,81.0,96.0,64.0,6.0,3.955,2.9914,1312330.0,1590890.0,119.24,57.92,0,NO,92.75,82.71,89.0,85.25,90.22,,4117,0.0,1401071.0,NO,NO,2026-01-30,15286500.0
844,RDNT,74.98,75.82,489623.0,Healthcare,Diagnostics & Research,81.0,93.0,96.0,39.0,2.4841,2.428,826647.0,508990.0,85.84,50.82,5911382016,NO,74.75,67.47,66.09,69.83,62.64,,7461,0.0,762969.0,NO,NO,2019-11-19,8417900.0
845,SHEL,93.56,91.45,8027375.0,Energy,Oil & Gas Integrated,81.0,75.0,78.0,74.0,1.3185,1.0953,6321500.0,5758328.0,94.9,68.62,257412628480,NO,91.15,86.73,82.86,88.47,86.67,,10702,1.39,11083582.0,YES,NO,1993-05-14,723387184.0
846,SRZN,22.07,22.02,94943.0,Healthcare,Biotechnology,81.0,43.0,11.0,4.0,1.5306,1.4314,206868.0,191430.0,35.0,11.25,257873072,NO,23.59,23.07,23.88,23.18,25.65,,1416,0.77,124633.0,NO,NO,2026-01-26,1339100.0
847,NWBI,15.08,15.29,614317.0,Financial Services,Banks - Regional,81.0,15.0,79.0,84.0,0.2037,0.2015,1090095.0,774010.0,16.16,11.25,2207659264,NO,15.53,15.38,13.55,15.4,14.09,,8006,0.0,925978.0,NO,NO,2009-12-18,17001600.0
848,FXZ,84.83,85.46,47033.0,ETF,ETF,81.0,87.0,60.0,56.0,1.5881,1.1602,46174.0,21680.0,88.25,57.87,0,NO,84.39,80.57,75.73,81.25,79.53,,4857,0.0,48252.0,NO,NO,2023-06-09,20955600.0
849,TXO,15.05,14.48,260767.0,Energy,Oil & Gas E&P,81.0,90.0,88.0,83.0,0.4017,0.3971,167406.0,152980.0,15.08,10.12,834468480,NO,14.04,13.34,12.54,13.64,12.97,,901,1.86,292141.0,NO,NO,2025-05-14,3646400.0
850,IYW,247.88,251.28,266524.0,ETF,ETF,81.0,75.0,20.0,89.0,3.8621,2.7957,621507.0,533470.0,261.01,172.54,0,NO,250.71,246.03,216.87,246.55,225.13,,6609,0.0,422948.0,NO,NO,2015-02-02,52116000.0
851,TS,56.65,55.87,852385.0,Energy,Oil & Gas Equipment & Services,81.0,26.0,11.0,49.0,1.1593,1.0707,1282331.0,1443310.0,64.6,33.65,28592996352,NO,54.1,55.38,52.47,55.21,57.07,,5964,0.59,1151909.0,NO,NO,2008-11-25,14645400.0
852,ANDE,67.26,64.87,187631.0,Consumer Defensive,Food Distribution,81.0,12.0,14.0,40.0,2.3729,2.335,336725.0,345100.0,82.11,37.69,2285536256,NO,66.87,70.33,66.06,69.66,70.58,,7682,0.35,380437.0,NO,NO,2006-05-04,5467500.0
853,MVBF,30.14,30.27,37777.0,Financial Services,Banks - Regional,81.0,26.0,87.0,75.0,0.8064,0.8064,53688.0,72210.0,31.99,23.58,390222560,NO,30.36,29.64,27.38,29.88,27.59,,3538,0.0,57129.0,NO,NO,2018-06-22,870500.0
854,GABC,48.59,49.32,69251.0,Financial Services,Banks - Regional,81.0,15.0,86.0,81.0,0.9514,0.9514,170534.0,116220.0,52.23,37.19,1825954304,NO,50.26,48.95,43.63,49.27,45.19,,8376,0.0,121980.0,NO,NO,2009-06-26,3043350.0
855,SRBK,19.38,19.49,10964.0,Financial Services,Banks - Regional,81.0,39.0,69.0,82.0,0.4994,0.4879,32266.0,19240.0,20.95,14.33,140869376,NO,19.88,19.57,17.76,19.54,18.43,,739,0.0,20501.0,NO,NO,2025-06-27,1089700.0
856,AMP,542.15,553.11,257564.0,Financial Services,Asset Management,81.0,34.0,91.0,78.0,10.8032,10.4911,586669.0,356430.0,572.56,422.37,47889412096,NO,558.58,527.73,485.53,537.41,483.6,,5272,0.0,467136.0,NO,NO,2009-06-12,34678200.0
857,GM,85.46,86.32,2896014.0,Consumer Cyclical,Auto Manufacturers,81.0,16.0,66.0,68.0,1.8693,1.8036,7247992.0,5683770.0,91.85,54.33,77312516096,NO,86.68,82.73,79.55,83.55,79.7,,3968,0.0,5199406.0,NO,NO,2010-11-18,457044300.0
858,SQLV,53.47,54.079,4416.0,ETF,ETF,81.0,51.0,79.0,81.0,0.4126,0.285,5222.0,2210.0,55.3,39.95,0,NO,54.55,53.26,47.49,53.6,49.2,,2296,0.0,4420.0,NO,NO,2023-03-22,134200.0
859,GVUS,65.96,66.138,91.0,ETF,ETF,81.0,56.0,76.0,75.0,0.2842,0.1882,15736.0,12870.0,66.52,51.2,0,NO,66.05,64.38,58.7,64.93,60.65,,688,0.0,1700.0,NO,NO,2023-12-20,2377200.0
860,MUR,37.38,36.42,724193.0,Energy,Oil & Gas E&P,81.0,11.0,52.0,62.0,1.2783,1.1404,1809885.0,1536290.0,43.34,24.49,5358407168,NO,35.72,35.68,35.26,36.01,36.92,,11709,2.22,1221510.0,NO,NO,2017-07-25,39195300.0
861,GVAL,38.39,38.48,54284.0,ETF,ETF,81.0,69.0,76.0,70.0,0.4029,0.3304,184823.0,166360.0,38.94,28.34,0,NO,38.34,37.3,34.71,37.61,35.78,,3137,0.0,58530.0,NO,NO,2026-06-08,1668600.0
862,MTDR,59.15,58.01,1022303.0,Energy,Oil & Gas E&P,81.0,93.0,73.0,66.0,1.8264,1.6614,1968195.0,1895160.0,66.84,37.14,7320061952,NO,54.32,52.26,51.41,53.31,55.21,,3665,1.6,1636388.0,NO,NO,2020-03-09,29637500.0
863,MCBS,34.53,34.82,37858.0,Financial Services,Banks - Regional,81.0,22.0,76.0,85.0,0.7228,0.7164,87084.0,72550.0,37.46,24.53,993671936,NO,35.62,35.69,30.98,35.75,32.68,,1756,0.0,69587.0,NO,NO,2019-12-20,2003200.0
864,GARY,26.5,27.083,3950.0,ETF,ETF,81.0,76.0,46.0,82.0,0.35,0.1761,11180.0,2070.0,28.04,20.13,0,NO,27.07,26.5,,26.53,24.62,,173,0.0,3953.0,NO,NO,2026-07-22,158900.0
865,COPY,15.86,15.92,143001.0,ETF,ETF,81.0,67.0,75.0,71.0,0.1099,0.1006,135466.0,113460.0,16.02,11.86,0,NO,15.84,15.43,14.21,15.56,14.73,,419,0.0,216885.0,NO,NO,2026-03-30,1037900.0
866,DEXC,79.07,79.07,8656.0,ETF,ETF,80.0,84.0,17.0,75.0,1.1795,0.6418,22749.0,17030.0,86.67,53.94,0,NO,77.94,77.75,70.52,77.37,74.54,,448,0.0,10601.0,NO,NO,2024-11-14,688100.0
867,GFF,94.98,97.39,111845.0,Industrials,Building Products & Equipment,80.0,87.0,83.0,72.0,2.9071,2.7521,346907.0,282860.0,108.57,65.01,4302092288,NO,101.9,95.69,84.92,95.78,88.16,,13445,0.0,318055.0,NO,NO,2022-05-16,3996500.0
868,COWS,39.83,40.175,5976.0,ETF,ETF,80.0,73.0,81.0,79.0,0.4934,0.4538,6611.0,7080.0,40.7,30.53,0,NO,40.02,38.26,35.04,38.76,35.95,,744,0.0,7627.0,NO,NO,2025-01-27,316800.0
869,EPEM,30.06,30.157,10.0,ETF,ETF,80.0,70.0,50.0,63.0,0.2508,0.0084,230.0,110.0,30.81,21.43,0,NO,29.8,29.31,26.95,29.4,28.12,,310,0.0,200.0,NO,NO,2025-06-05,248800.0
870,RGS,29.39,27.3,48398.0,Consumer Cyclical,Personal Services,80.0,78.0,72.0,88.0,1.0307,0.9264,5798.0,4500.0,31.5,19.31,0,NO,27.42,27.68,26.21,27.81,26.32,2026-09-01,8861,0.0,52555.0,NO,NO,2024-06-25,44456800.0
871,PLTR,181.46,186.38,18787083.0,Technology,Software - Infrastructure,80.0,97.0,90.0,85.0,6.7966,6.5831,41348085.0,31160520.0,207.52,106.37,436087095296,NO,174.92,146.11,151.33,152.66,143.75,,1487,0.0,24387438.0,YES,NO,2024-09-20,450290500.0
872,SHC,18.6,18.9,895565.0,Healthcare,Diagnostics & Research,80.0,77.0,91.0,82.0,0.4573,0.4212,2820739.0,2152130.0,19.85,13.09,5306544128,NO,18.96,18.13,16.75,18.48,16.51,,1449,0.0,1538506.0,NO,NO,2023-01-10,49454100.0
873,ACEP,20.65,20.766,22130.0,ETF,ETF,80.0,73.0,61.0,76.0,0.1322,0.0675,2834.0,4100.0,20.99,15.46,0,NO,20.75,20.16,,20.28,19.19,,192,0.0,22130.0,NO,NO,2026-06-26,51600.0
874,VFVA,160.35,161.56,11379.0,ETF,ETF,80.0,65.0,80.0,76.0,1.4258,1.2456,16038.0,20120.0,163.33,122.55,0,NO,161.1,155.79,142.75,157.52,146.88,,2146,0.0,15373.0,NO,NO,2022-05-16,978300.0
875,BST,50.2,50.86,74127.0,Financial Services,Asset Management,80.0,86.0,60.0,87.0,0.7686,0.7004,94806.0,73260.0,51.3,34.87,1742945024,NO,49.51,48.11,43.05,48.24,44.42,,2976,0.0,77270.0,NO,NO,2014-10-29,950673.0
876,NWG,18.32,18.2,2157817.0,Financial Services,Banks - Regional,80.0,18.0,87.0,75.0,0.2714,0.2036,4253812.0,2294210.0,19.42,13.56,72696487936,NO,18.85,18.25,16.83,18.43,16.71,,4746,0.0,2556497.0,NO,NO,2025-02-28,57055500.0
877,NWSA,30.68,30.71,1898869.0,Communication Services,Entertainment,80.0,88.0,87.0,89.0,0.6175,0.5782,4798142.0,3713330.0,31.66,22.2,16472906752,NO,29.62,28.0,26.12,28.66,26.33,,3320,0.0,3247238.0,NO,NO,2013-06-19,31981500.0
878,GNR,78.19,78.06,101629.0,ETF,ETF,80.0,84.0,75.0,47.0,0.9641,0.7519,243853.0,285200.0,79.49,57.23,0,NO,76.22,72.12,70.27,73.47,73.07,,4015,0.0,125308.0,NO,NO,2021-01-06,6791100.0
879,EMSF,39.14,39.328,2008.0,ETF,ETF,80.0,80.0,19.0,80.0,0.4857,0.2061,3555.0,2490.0,48.05,26.75,0,NO,39.25,39.29,34.95,38.96,37.11,,737,0.0,2013.0,NO,NO,2023-12-08,192500.0
880,NBET,42.37,42.17,5680.0,ETF,ETF,80.0,79.0,77.0,58.0,0.4455,0.285,4577.0,2620.0,42.5,31.34,0,NO,41.26,40.4,38.15,40.74,40.21,,1103,0.71,5688.0,NO,NO,2024-10-23,603400.0
881,QQQG,30.36,31.118,84692.0,ETF,ETF,80.0,57.0,21.0,89.0,0.5841,0.3816,30276.0,21490.0,33.46,21.58,0,NO,30.99,30.97,26.81,30.81,28.02,,508,0.0,85069.0,NO,NO,2026-08-06,742600.0
882,M,21.94,21.96,5004366.0,Consumer Cyclical,Department Stores,80.0,4.0,51.0,81.0,0.6854,0.6239,5848236.0,5384630.0,26.59,13.09,5772367872,NO,23.65,23.89,21.51,23.38,21.42,,8703,0.0,7236454.0,NO,NO,2021-08-19,138751200.0
883,GRPZ,32.7,33.156,17.0,ETF,ETF,80.0,21.0,82.0,77.0,0.1922,0.0364,941.0,880.0,33.86,25.13,0,NO,33.31,32.54,29.35,32.75,30.27,,607,0.0,100.0,NO,NO,2024-08-28,40700.0
884,GRPM,143.54,145.14,4426.0,ETF,ETF,80.0,80.0,85.0,81.0,1.3088,1.1152,7460.0,5330.0,146.45,112.44,0,NO,143.19,136.51,126.02,138.66,128.63,,3955,0.0,5188.0,NO,NO,2016-02-23,524500.0
885,SEIV,50.21,50.38,88316.0,ETF,ETF,80.0,67.0,63.0,81.0,0.4309,0.3562,137749.0,139710.0,51.63,37.39,0,NO,50.74,49.3,44.64,49.64,46.2,,1075,0.0,97655.0,NO,NO,2024-02-13,13262700.0
886,GILD,149.28,146.34,2562565.0,Healthcare,Drug Manufacturers - General,80.0,91.0,87.0,37.0,3.6886,3.3532,7451076.0,5667720.0,157.29,108.46,185100517376,NO,141.03,134.63,133.86,137.14,136.72,,8713,1.13,4833660.0,NO,NO,1999-11-02,455376000.0
887,GHM,83.54,87.21,119141.0,Industrials,Specialty Industrial Machinery,80.0,3.0,6.0,20.0,5.6207,4.6136,254022.0,205790.0,125.82,46.58,980511744,NO,103.04,106.14,87.41,103.45,96.52,,11709,0.0,170908.0,NO,NO,1990-07-20,1783500.0
888,OUT,29.69,29.38,704399.0,Real Estate,REIT - Specialty,80.0,9.0,16.0,45.0,0.6118,0.5775,1814261.0,1528490.0,34.96,16.97,5230336000,NO,30.35,31.69,28.32,31.42,30.26,,3125,0.82,1224158.0,NO,NO,2014-07-10,35135707.0
889,OPPJ,58.13,57.72,42631.0,ETF,ETF,80.0,74.0,51.0,48.0,0.7743,0.5882,49420.0,23140.0,61.3,40.3,0,NO,57.74,57.48,54.1,57.44,56.9,,3313,0.68,42975.0,NO,NO,2016-02-04,2358400.0
890,ADP,284.04,286.16,730707.0,Technology,Software - Application,80.0,81.0,91.0,90.0,5.8029,5.2957,2535001.0,2100990.0,302.68,188.16,112818642944,NO,276.15,256.83,236.46,264.93,230.46,,11709,0.0,1710902.0,NO,NO,2003-03-13,31330885.0
891,DSTL,69.28,69.64,1132061.0,ETF,ETF,80.0,81.0,87.0,73.0,0.8089,0.6625,71012.0,59620.0,70.27,56.08,0,NO,68.53,64.79,60.75,66.07,61.64,,1972,0.0,1134218.0,NO,NO,2025-02-25,1668200.0
892,IWD,255.76,256.91,810306.0,ETF,ETF,80.0,61.0,78.0,77.0,1.5971,1.3879,2148392.0,1714640.0,260.19,199.13,0,NO,257.44,251.08,228.74,252.87,236.13,,6604,0.0,932474.0,NO,NO,2008-12-22,13494400.0
893,PRAA,18.38,18.82,258079.0,Financial Services,Credit Services,80.0,80.0,93.0,66.0,0.8493,0.7857,572441.0,322880.0,22.55,10.25,691782144,NO,19.21,18.4,16.97,18.68,17.49,,5989,0.0,377740.0,NO,NO,2005-11-01,7982700.0
894,QNBC,45.0,45.1,10865.0,Financial Services,Banks - Regional,80.0,74.0,61.0,84.0,0.5821,0.5693,4998.0,16600.0,46.0,34.0,279418624,NO,44.2,43.77,40.27,43.89,42.41,,5844,0.0,13674.0,NO,NO,2016-12-15,92400.0
895,GLNG,52.43,51.49,780266.0,Energy,Oil & Gas Midstream,80.0,84.0,58.0,76.0,1.5764,1.5457,1253525.0,1322890.0,57.79,35.02,5352945664,NO,51.46,50.47,47.12,50.52,50.71,,5821,0.31,1253982.0,NO,NO,2018-05-31,16446500.0
896,SVAL,42.88,43.2,1243920.0,ETF,ETF,80.0,46.0,76.0,76.0,0.3165,0.2721,14807.0,14780.0,44.28,31.96,0,NO,43.63,42.69,38.46,42.93,39.93,,1465,0.0,1244066.0,NO,NO,2026-01-12,2713700.0
897,EUFN,41.87,42.27,1475213.0,ETF,ETF,80.0,50.0,81.0,78.0,0.3811,0.3482,1333187.0,1330570.0,42.79,32.71,0,NO,42.28,40.89,37.79,41.35,38.41,,4169,0.0,1510902.0,NO,NO,2021-03-08,22888800.0
898,CPAI,51.4,51.64,62050.0,ETF,ETF,80.0,59.0,39.0,77.0,0.6528,0.4926,70911.0,72190.0,53.96,36.83,0,NO,52.11,51.31,45.81,51.39,47.77,,690,0.0,74785.0,NO,NO,2026-07-29,522800.0
899,VONV,112.15,112.69,573322.0,ETF,ETF,80.0,61.0,77.0,76.0,0.7061,0.6089,849563.0,649500.0,114.08,87.38,0,NO,112.9,110.11,100.38,110.89,103.6,,4009,0.0,630007.0,NO,NO,2026-02-23,15453800.0
900,AMZA,50.89,50.89,35134.0,ETF,ETF,80.0,75.0,83.0,69.0,0.7967,0.7779,35788.0,32660.0,51.16,38.01,0,NO,49.75,48.4,44.96,48.99,46.97,,2995,0.0,37874.0,NO,NO,2018-03-15,554500.0
901,SHEH,67.56,65.9,10881.0,ETF,ETF,80.0,67.0,80.0,65.0,0.809,0.5533,6860.0,5760.0,69.49,50.34,0,NO,65.53,62.64,60.19,63.85,62.92,,476,1.49,10886.0,NO,NO,2025-06-25,204900.0
902,VHT,321.16,319.96,150970.0,ETF,ETF,80.0,79.0,88.0,67.0,4.9529,4.0104,252898.0,231630.0,330.75,249.57,0,NO,318.8,308.76,289.19,312.4,290.35,,5682,0.0,178395.0,NO,NO,2022-05-10,4434100.0
903,RTX,204.49,207.73,1812835.0,Industrials,Aerospace & Defense,80.0,12.0,89.0,24.0,4.4743,4.345,4966774.0,4456960.0,226.88,150.61,275697401856,NO,217.34,206.16,192.53,208.98,196.14,,16211,0.0,3001458.0,NO,NO,2001-09-17,63223768.0
904,MIRM,98.56,98.05,249083.0,Healthcare,Biotechnology,80.0,8.0,60.0,65.0,3.3307,3.1614,786360.0,481800.0,130.0,63.23,6018237440,NO,99.3,110.11,95.49,108.12,101.47,,1790,0.0,398379.0,NO,NO,2019-12-16,8442800.0
905,XUDV,33.43,33.61,3837.0,ETF,ETF,80.0,73.0,73.0,78.0,0.2581,0.1873,12220.0,5170.0,34.03,25.3,0,NO,33.5,32.66,29.63,32.92,30.84,,403,0.0,5344.0,NO,NO,2025-05-14,1286800.0
906,XLV,171.38,170.54,6236215.0,ETF,ETF,80.0,83.0,89.0,64.0,2.6047,2.1325,10024165.0,8022570.0,176.6,133.73,0,NO,170.14,164.6,155.07,166.13,155.46,,6965,0.0,7813853.0,NO,NO,2015-09-28,66470200.0
907,FYC,117.77,119.63,29827.0,ETF,ETF,80.0,31.0,56.0,80.0,1.4571,1.1443,72987.0,84540.0,127.57,85.2,0,NO,122.35,121.73,107.66,121.23,112.11,,3863,0.0,44047.0,NO,NO,2023-10-27,719900.0
908,FYT,70.93,71.54,5551.0,ETF,ETF,80.0,25.0,77.0,73.0,0.6032,0.4982,12815.0,12610.0,73.77,52.47,0,NO,72.49,71.32,64.28,71.7,67.06,,3863,0.0,7107.0,NO,NO,2014-06-02,897500.0
909,SBH,16.4,16.38,605155.0,Consumer Cyclical,Specialty Retail,80.0,86.0,94.0,41.0,0.5514,0.505,1431215.0,1082730.0,17.92,11.54,1535405440,NO,16.47,15.36,14.76,15.65,14.6,,4975,0.0,963806.0,NO,NO,2020-10-02,34036700.0
910,VEGN,76.1,77.418,2486.0,ETF,ETF,80.0,60.0,19.0,88.0,0.9836,0.5626,5896.0,4370.0,82.36,54.62,0,NO,77.65,77.55,67.23,77.16,70.21,,1753,0.0,2915.0,NO,NO,2019-09-10,165900.0
911,RFEM,98.84,98.423,9715.0,ETF,ETF,80.0,83.0,59.0,75.0,1.3257,0.8395,3065.0,1900.0,99.69,72.15,0,NO,97.23,94.34,87.92,95.04,91.15,,2567,0.0,10811.0,NO,NO,2019-01-10,304200.0
912,FNV,256.68,263.15,711034.0,Basic Materials,Gold,80.0,94.0,84.0,13.0,8.5607,6.8286,871516.0,856470.0,285.67,181.5,49503121408,NO,247.21,224.78,231.36,231.68,236.85,,4711,0.0,901813.0,NO,NO,2013-09-20,9018600.0
913,EROK,24.98,25.4,58773.0,Energy,Oil & Gas Equipment & Services,80.0,89.0,88.0,,1.335,1.2886,212657.0,129760.0,27.42,19.75,3285266688,NO,24.78,22.68,,23.11,,,75,0.0,91033.0,NO,NO,2026-05-14,4882400.0
914,FYLD,40.71,40.6,172317.0,ETF,ETF,80.0,73.0,74.0,60.0,0.3664,0.3464,87753.0,37110.0,40.85,30.32,0,NO,40.11,38.68,36.63,39.21,38.13,,3204,0.02,173163.0,NO,NO,2026-06-08,1688900.0
915,MPB,35.9,36.41,37041.0,Financial Services,Banks - Regional,79.0,10.0,85.0,68.0,0.6389,0.6296,165880.0,76030.0,39.15,26.56,909660928,NO,37.5,36.36,33.22,36.68,34.1,,7228,0.0,62686.0,NO,NO,2026-06-26,893900.0
916,FXL,211.11,215.85,34097.0,ETF,ETF,79.0,79.0,21.0,88.0,4.2071,2.7018,162115.0,25810.0,225.59,151.62,0,NO,216.25,208.71,184.7,209.09,191.86,,4858,0.0,37131.0,NO,NO,2017-11-10,17140900.0
917,MSI,494.39,485.3,532775.0,Technology,Communication Equipment,79.0,89.0,90.0,41.0,9.7261,9.5275,1006120.0,1060130.0,494.77,359.36,81818476544,NO,471.58,438.11,420.8,450.47,437.67,,16274,0.5,967950.0,NO,NO,2007-03-22,47171626.0
918,MTG,30.73,30.65,1025332.0,Financial Services,Insurance - Specialty,79.0,66.0,92.0,76.0,0.4118,0.3939,1780671.0,1501540.0,31.89,24.69,6301434880,NO,30.82,29.54,27.72,29.98,27.63,,8829,0.0,1605983.0,NO,NO,2013-03-07,191554800.0
919,DBJP,115.86,116.15,30592.0,ETF,ETF,79.0,75.0,62.0,64.0,1.2179,0.7486,37852.0,8840.0,119.16,81.66,0,NO,115.71,114.42,105.56,114.52,109.62,,3829,0.0,30781.0,NO,NO,2017-03-16,17237800.0
920,IUS,69.51,69.77,36104.0,ETF,ETF,79.0,68.0,73.0,79.0,0.4118,0.3518,54357.0,47180.0,70.27,53.36,0,NO,69.66,67.82,62.07,68.39,64.07,,2002,0.0,38439.0,NO,NO,2019-07-05,4305600.0
921,STXX,37.24,38.31,39020.0,ETF,ETF,79.0,3.0,1.0,,5.3998,4.3948,95939.0,57000.0,86.89,22.23,0,NO,42.09,46.14,,42.98,,,89,0.0,43044.0,NO,NO,2026-07-28,298300.0
922,ITAN,44.31,44.76,9568.0,ETF,ETF,79.0,73.0,64.0,82.0,0.3557,0.2316,12703.0,4260.0,45.08,33.33,0,NO,44.58,43.01,39.32,43.38,40.41,,1299,0.0,10044.0,NO,NO,2026-07-20,259400.0
923,FYX,139.79,141.74,15185.0,ETF,ETF,79.0,27.0,69.0,76.0,1.3821,1.1364,28650.0,38820.0,147.18,103.42,0,NO,144.07,142.76,127.79,142.8,133.2,,4858,0.0,17931.0,NO,NO,2015-08-24,831900.0
924,NYSX,124.59,126.41,1198.0,ETF,ETF,79.0,73.0,17.0,,1.2689,0.4507,5034.0,1400.0,132.06,93.26,0,NO,126.1,124.32,,124.4,,,109,0.0,1682.0,NO,NO,2026-08-05,110400.0
925,SYLD,85.53,86.03,22613.0,ETF,ETF,79.0,70.0,80.0,73.0,0.7362,0.6551,38877.0,43040.0,87.11,65.26,0,NO,85.72,83.13,76.89,83.96,79.46,,3345,0.0,33017.0,NO,NO,2013-05-20,1706100.0
926,GPN,90.83,91.05,949488.0,Industrials,Specialty Business Services,79.0,83.0,90.0,80.0,2.8864,2.765,3593801.0,2671930.0,95.88,61.16,24026025984,NO,90.56,82.55,75.32,85.29,75.27,,6444,0.0,1657319.0,NO,NO,2016-04-22,36730000.0
927,ENFR,40.3,40.15,56699.0,ETF,ETF,79.0,65.0,75.0,61.0,0.615,0.58,79885.0,96660.0,40.95,29.83,0,NO,39.47,39.26,36.35,39.46,38.39,,3225,0.0,67549.0,NO,NO,2026-07-28,533400.0
928,DFLV,41.56,41.78,448246.0,ETF,ETF,79.0,67.0,74.0,73.0,0.2653,0.2331,699731.0,466600.0,42.35,32.06,0,NO,41.82,40.75,37.4,41.01,38.68,,935,0.0,571896.0,NO,NO,2022-12-09,4094100.0
929,CSNR,38.63,38.235,4398.0,ETF,ETF,79.0,84.0,68.0,41.0,0.4275,0.2776,14262.0,19970.0,38.91,27.69,0,NO,37.41,35.62,35.01,36.22,36.44,,394,0.8,5793.0,NO,NO,2025-03-31,574800.0
930,JIVE,97.9,97.95,227574.0,ETF,ETF,79.0,67.0,72.0,64.0,0.7438,0.5733,317106.0,315880.0,98.62,72.5,0,NO,97.45,94.95,88.55,95.71,91.6,,743,0.0,347362.0,NO,NO,2026-04-29,2314400.0
931,IYH,72.34,72.02,3288360.0,ETF,ETF,79.0,80.0,88.0,66.0,1.1463,0.9235,796958.0,431310.0,74.59,56.44,0,NO,71.67,69.26,65.16,70.12,65.35,,6590,0.0,3316119.0,NO,NO,2014-10-20,30194000.0
932,DFUV,56.8,57.1,258999.0,ETF,ETF,79.0,67.0,73.0,74.0,0.3514,0.3054,421444.0,413270.0,57.89,43.56,0,NO,57.2,55.93,51.11,56.17,52.91,,1082,0.0,287318.0,NO,NO,2024-07-31,5040100.0
933,SCHD,34.8,34.89,21454175.0,ETF,ETF,79.0,79.0,77.0,66.0,0.3057,0.2521,21960068.0,23022640.0,35.31,26.32,0,NO,34.58,33.44,31.02,33.77,32.28,,3737,0.0,23352387.0,YES,NO,2025-04-07,50085200.0
934,KNX,66.16,68.51,1788573.0,Industrials,Trucking,79.0,14.0,7.0,60.0,2.2875,2.1832,3855206.0,2726870.0,82.86,38.63,10767937536,NO,70.08,72.71,62.82,71.99,67.52,,8015,0.0,3148930.0,NO,NO,2018-07-26,20546000.0
935,LARK,31.65,31.78,6985.0,Financial Services,Banks - Regional,79.0,51.0,85.0,76.0,0.4138,0.4038,13611.0,7240.0,32.44,23.57,193051408,NO,31.98,31.35,28.17,31.52,28.72,,8161,0.0,9604.0,NO,NO,1994-03-28,1448170.0
936,YSAG,65.05,66.63,2826.0,ETF,ETF,79.0,88.0,,,1.3888,0.4616,1451.0,720.0,70.21,55.63,0,NO,65.7,,,,,,33,0.0,2826.0,NO,NO,2026-08-14,21600.0
937,DSMC,43.78,44.16,1763.0,ETF,ETF,79.0,70.0,78.0,79.0,0.3803,0.2775,6484.0,12760.0,44.48,32.94,0,NO,43.78,42.3,38.82,42.8,40.05,,978,0.0,2157.0,NO,NO,2022-10-06,312600.0
938,NREF,17.39,17.23,17268.0,Real Estate,REIT - Mortgage,79.0,64.0,84.0,81.0,0.4761,0.4747,61669.0,44020.0,18.43,12.36,400563648,NO,17.22,16.63,15.04,16.95,15.39,,1649,0.23,28363.0,NO,NO,2020-02-07,1151000.0
939,FRAF,61.7,61.95,53596.0,Financial Services,Banks - Regional,79.0,19.0,77.0,80.0,1.4614,1.4614,35009.0,28930.0,65.41,43.47,277624224,NO,62.71,62.73,55.65,62.51,57.62,,8155,0.0,60376.0,NO,NO,2025-06-27,552500.0
940,TVAL,42.88,42.97,69462.0,ETF,ETF,79.0,52.0,75.0,74.0,0.2356,0.2052,146339.0,89440.0,43.6,33.37,0,NO,43.25,42.52,38.7,42.73,40.07,,805,0.0,76542.0,NO,NO,2026-06-23,4345500.0
941,COWZ,71.76,72.1,963292.0,ETF,ETF,79.0,83.0,81.0,70.0,0.7525,0.6439,949588.0,917150.0,72.52,55.62,0,NO,70.63,66.83,63.45,68.04,64.82,,2434,0.0,1244884.0,NO,NO,2024-05-07,13834900.0
942,JADE,79.47,79.651,1645.0,ETF,ETF,79.0,76.0,33.0,69.0,0.9616,0.3623,2884.0,3190.0,82.75,55.99,0,NO,78.99,77.97,71.7,77.97,74.74,,573,0.0,2779.0,NO,NO,2026-01-07,66100.0
943,KBWB,94.46,95.38,1507067.0,ETF,ETF,79.0,25.0,80.0,79.0,1.3511,1.3182,1785887.0,1373320.0,100.61,73.32,0,NO,97.33,96.32,87.26,96.37,88.73,,3728,0.0,1620188.0,NO,NO,2021-07-19,19929800.0
944,SFST,60.54,61.35,46073.0,Financial Services,Banks - Regional,79.0,20.0,74.0,64.0,1.3321,1.32,128452.0,107800.0,65.09,40.9,573420032,NO,63.15,62.0,56.92,62.15,58.53,,6750,0.0,67804.0,NO,NO,2026-04-16,579000.0
945,XTL,206.78,210.1,31243.0,ETF,ETF,79.0,30.0,8.0,61.0,3.6096,2.4582,89201.0,83920.0,247.62,130.63,0,NO,215.04,214.59,193.51,213.1,209.99,,3921,0.0,33705.0,NO,NO,2021-03-08,1571100.0
946,RAFE,50.1,50.216,2782.0,ETF,ETF,79.0,72.0,75.0,79.0,0.305,0.2036,12419.0,9030.0,50.65,39.1,0,NO,50.03,48.85,44.73,49.2,45.98,,1682,0.0,3405.0,NO,NO,2024-11-18,454800.0
947,FMX,119.96,120.41,262803.0,Consumer Defensive,Beverages - Brewers,79.0,9.0,59.0,59.0,2.485,2.4036,507612.0,397510.0,141.47,83.33,40874962944,NO,120.39,125.05,113.87,124.28,119.36,,7121,0.0,379615.0,NO,NO,2009-10-02,12850500.0
948,VCEL,40.29,39.9,341897.0,Healthcare,Biotechnology,79.0,4.0,92.0,78.0,1.5471,1.5029,581433.0,564730.0,49.32,28.95,2063626624,NO,43.45,44.76,38.14,44.53,38.38,,7439,0.0,651111.0,NO,NO,2016-12-14,53758900.0
949,QSML,34.42,34.783,4090.0,ETF,ETF,79.0,62.0,80.0,80.0,0.3145,0.1419,1155.0,4480.0,35.37,26.68,0,NO,34.88,33.95,30.65,34.2,31.37,,652,0.0,4090.0,NO,NO,2025-04-02,25700.0
950,TRIN,18.27,18.62,780018.0,Financial Services,Asset Management,79.0,77.0,76.0,86.0,0.2841,0.2685,1038161.0,775500.0,18.89,14.13,1642696704,NO,18.25,17.81,16.21,17.96,16.54,,1403,0.0,1043717.0,NO,NO,2026-08-05,3446400.0
951,LYLD,33.37,33.36,379.0,ETF,ETF,79.0,73.0,83.0,68.0,0.1466,0.0401,1011.0,580.0,33.8,26.34,0,NO,33.17,31.87,29.83,32.32,30.59,,536,0.0,389.0,NO,NO,2024-12-05,353100.0
952,MCK,907.51,885.32,437902.0,Healthcare,Medical Distribution,79.0,80.0,92.0,12.0,23.3886,22.0982,1030882.0,933380.0,999.0,682.35,105806921728,NO,873.67,835.08,841.91,852.55,844.62,,8003,0.27,654654.0,NO,NO,1999-04-28,41625900.0
953,DMLP,29.15,28.91,71820.0,Energy,Oil & Gas E&P,79.0,80.0,73.0,62.0,0.43,0.4111,192449.0,123000.0,29.26,20.85,1431014528,NO,27.75,26.99,25.88,27.53,27.14,,5932,0.0,82282.0,NO,NO,2026-06-18,1143100.0
954,TTC,97.88,97.81,508576.0,Industrials,Tools & Accessories,79.0,82.0,80.0,27.0,2.1139,2.0532,775719.0,719860.0,105.19,67.64,0,NO,98.47,96.0,90.7,96.53,95.01,,11709,0.0,857268.0,NO,NO,2015-09-24,15046600.0
955,RWJ,60.01,60.66,82658.0,ETF,ETF,79.0,24.0,74.0,78.0,0.6604,0.5597,87800.0,71160.0,62.86,44.7,0,NO,61.47,60.58,54.33,60.79,56.31,,4660,0.0,87033.0,NO,NO,2025-04-04,2289000.0
956,FULT,23.18,23.46,759923.0,Financial Services,Banks - Regional,79.0,13.0,80.0,71.0,0.3991,0.3898,1898961.0,1433540.0,25.23,16.6,4425399808,NO,24.06,24.2,21.51,24.15,22.34,,10327,0.0,1225433.0,NO,NO,2023-06-16,33876700.0
957,XKRE,28.5,27.97,41.0,ETF,ETF,79.0,6.0,,,0.3821,0.0,319.0,110.0,31.09,23.83,0,NO,29.37,29.18,,29.12,,,61,0.0,100.0,NO,NO,2026-06-03,10200.0
958,IVES,38.83,39.65,232567.0,ETF,ETF,79.0,84.0,14.0,89.0,0.7725,0.5753,482828.0,221770.0,41.93,26.92,0,NO,38.9,37.59,33.89,37.86,34.74,,312,0.0,252850.0,NO,NO,2025-11-20,2291700.0
959,MGNR,54.44,54.74,52940.0,ETF,ETF,79.0,88.0,33.0,35.0,1.0265,0.7922,175387.0,670750.0,56.37,35.87,0,NO,53.41,50.51,49.9,51.28,51.84,,644,0.0,56487.0,NO,NO,2026-08-25,5803000.0
960,KEX,140.12,141.86,193416.0,Industrials,Marine Shipping,79.0,84.0,38.0,56.0,3.4975,3.4461,565861.0,351030.0,157.69,79.52,7398600192,NO,137.09,138.71,131.65,138.82,138.03,,11709,0.0,372393.0,NO,NO,2009-09-08,7200100.0
961,MEMX,47.96,48.029,327.0,ETF,ETF,79.0,81.0,18.0,66.0,0.6156,0.2154,3722.0,3680.0,51.52,32.64,0,NO,47.48,47.14,43.19,46.96,45.37,,912,0.0,1102.0,NO,NO,2024-05-31,268800.0
962,BMRN,64.51,65.23,988992.0,Healthcare,Biotechnology,79.0,84.0,89.0,63.0,1.7818,1.6718,1996346.0,1693950.0,70.98,49.26,12500994048,NO,66.0,61.83,57.62,62.5,58.47,,6817,0.0,1782366.0,NO,NO,2020-08-19,34099100.0
963,R,242.94,244.46,186398.0,Industrials,Rental & Leasing Services,78.0,12.0,20.0,68.0,5.9229,5.6614,352603.0,254900.0,284.25,157.67,9318863872,NO,255.82,261.66,224.56,259.3,240.62,,11761,0.0,266708.0,NO,NO,2017-06-16,9940400.0
964,AIQ,63.14,64.3,680190.0,ETF,ETF,78.0,83.0,12.0,88.0,1.0054,0.7711,2287407.0,1332320.0,70.26,44.01,0,NO,63.32,62.17,55.66,61.94,57.73,,2084,0.0,750333.0,NO,NO,2026-06-23,12367000.0
965,BSVO,29.07,29.29,97618.0,ETF,ETF,78.0,31.0,71.0,71.0,0.2699,0.241,139473.0,120060.0,30.2,21.6,0,NO,29.67,29.34,26.55,29.39,27.67,,871,0.0,105627.0,NO,NO,2025-04-04,2835200.0
966,KOLD,28.27,28.69,2033661.0,ETF,ETF,78.0,26.0,92.0,92.0,1.3793,1.1807,2723136.0,2695300.0,49.47,13.44,0,NO,29.91,27.71,26.13,28.39,24.74,,3747,0.0,2282631.0,NO,NO,2022-11-23,97627200.0
967,BSRR,39.36,39.62,27954.0,Financial Services,Banks - Regional,78.0,17.0,70.0,65.0,0.9389,0.9289,64833.0,55220.0,43.13,26.49,510287296,NO,40.2,40.72,36.54,40.76,38.1,,8147,0.0,41854.0,NO,NO,2014-03-04,376100.0
968,ACSV,49.58,50.144,12.0,ETF,ETF,78.0,24.0,72.0,73.0,0.2613,0.0899,2842.0,2540.0,51.23,38.18,0,NO,50.47,49.87,45.15,50.0,46.83,,218,0.0,900.0,NO,NO,2025-10-16,125700.0
969,SCOW,23.31,23.603,13.0,ETF,ETF,78.0,64.0,83.0,79.0,0.1502,0.0471,1031.0,420.0,23.82,18.7,0,NO,23.49,22.54,20.69,22.83,21.08,,252,0.0,100.0,NO,NO,2025-09-03,25200.0
970,DEHP,41.28,41.35,110355.0,ETF,ETF,78.0,81.0,15.0,75.0,0.6825,0.412,39385.0,25320.0,45.13,28.77,0,NO,40.84,40.66,37.13,40.48,38.99,,1090,0.0,111075.0,NO,NO,2022-08-29,1157700.0
971,SBUX,105.75,106.25,2423850.0,Consumer Cyclical,Restaurants,78.0,53.0,82.0,67.0,2.4779,2.4529,7338765.0,6237680.0,110.51,77.99,120520802304,NO,106.46,105.1,97.23,105.8,101.13,,8604,0.0,4569425.0,NO,NO,1999-07-01,585508800.0
972,FTGC,31.23,30.97,463250.0,ETF,ETF,78.0,84.0,76.0,83.0,0.2971,0.228,679487.0,412920.0,31.24,22.7,0,NO,29.87,28.87,27.45,29.32,28.49,,3232,0.0,537242.0,NO,NO,2023-10-27,14133200.0
973,ADBU,31.05,32.36,3027.0,ETF,ETF,78.0,96.0,36.0,,1.8129,1.4882,54425.0,15310.0,32.49,14.6,0,NO,27.81,23.0,,24.98,,,110,0.0,3837.0,NO,NO,2026-06-12,672800.0
974,AGEM,49.01,49.002,7217.0,ETF,ETF,78.0,71.0,23.0,69.0,0.7144,0.4138,16628.0,6490.0,51.5,34.7,0,NO,48.77,48.16,44.13,48.14,46.17,,385,0.0,7238.0,NO,NO,2025-10-13,952200.0
975,GRVY,72.54,73.6,21122.0,Communication Services,Electronic Gaming & Multimedia,78.0,93.0,82.0,74.0,2.1579,2.0914,55000.0,31440.0,75.5,54.54,504073216,NO,69.73,66.21,62.71,67.04,64.21,,5424,0.0,23362.0,NO,NO,2016-10-28,6031000.0
976,DIEM,42.85,42.98,9261.0,ETF,ETF,78.0,76.0,21.0,75.0,0.5251,0.295,23714.0,18300.0,46.58,30.84,0,NO,42.2,42.02,38.43,41.89,40.22,,2575,0.0,9815.0,NO,NO,2016-11-04,7034900.0
977,GMOV,32.72,32.659,1747.0,ETF,ETF,78.0,74.0,78.0,73.0,0.2277,0.1486,15620.0,7290.0,32.88,25.66,0,NO,32.46,31.41,29.29,31.76,30.08,,460,0.0,1846.0,NO,NO,2025-02-03,234400.0
978,ENS,180.29,183.86,410933.0,Industrials,Electrical Equipment & Parts,78.0,20.0,4.0,65.0,8.79,7.9864,538076.0,494690.0,244.3,98.46,6502235136,NO,191.5,199.03,185.31,194.27,197.71,,5556,0.0,629109.0,NO,NO,2016-08-25,6830000.0
979,DFEV,42.62,42.64,161241.0,ETF,ETF,78.0,83.0,23.0,71.0,0.5209,0.3616,244303.0,207750.0,44.95,30.43,0,NO,41.79,41.36,38.29,41.33,40.03,,1090,0.0,177479.0,NO,NO,2026-03-06,1895600.0
980,TCV,33.01,33.26,2482.0,ETF,ETF,78.0,49.0,65.0,74.0,0.3283,0.2724,12163.0,9920.0,34.24,24.41,0,NO,33.45,32.91,29.78,33.0,30.85,,283,0.0,2739.0,NO,NO,2026-07-28,140300.0
981,ETHO,80.0,81.091,2370.0,ETF,ETF,78.0,52.0,68.0,78.0,0.6922,0.5176,3455.0,3200.0,83.93,61.14,0,NO,82.35,80.4,72.24,80.68,74.77,,2709,0.0,2390.0,NO,NO,2021-09-23,120000.0
982,MANU,21.17,21.76,331336.0,Communication Services,Entertainment,78.0,7.0,25.0,84.0,0.7079,0.6571,325668.0,320880.0,24.45,14.59,0,NO,22.88,22.62,18.87,22.64,20.12,,3533,0.0,531260.0,NO,NO,2022-11-25,35226200.0
983,DKL,55.85,55.47,48549.0,Energy,Oil & Gas Refining & Marketing,78.0,8.0,81.0,45.0,1.6893,1.1721,135680.0,130040.0,61.5,42.35,3227979008,NO,55.69,55.0,51.13,55.47,53.02,,3476,0.0,82592.0,NO,NO,2012-11-02,6563000.0
984,ALX,264.77,271.66,28400.0,Real Estate,REIT - Retail,78.0,77.0,79.0,76.0,5.7932,5.4768,35036.0,39480.0,289.43,201.28,1352269952,NO,271.31,272.1,245.16,270.97,253.72,,13495,0.0,34373.0,NO,NO,2026-02-09,395200.0
985,EWP,61.62,62.4,468640.0,ETF,ETF,78.0,45.0,76.0,67.0,0.5468,0.4839,335366.0,339000.0,63.44,46.56,0,NO,62.51,60.76,56.52,61.19,57.82,,7663,0.0,570927.0,NO,NO,2017-10-05,13154500.0
986,NRES,36.12,35.798,33.0,ETF,ETF,78.0,86.0,73.0,40.0,0.2663,0.0203,922.0,3260.0,36.43,26.52,0,NO,34.84,32.94,32.65,33.57,33.76,,630,0.0,33.0,NO,NO,2024-08-28,713000.0
987,ORRF,41.05,41.7,47455.0,Financial Services,Banks - Regional,78.0,17.0,85.0,75.0,0.6979,0.6543,134863.0,90210.0,43.81,31.87,807438144,NO,42.55,41.8,37.9,41.92,38.72,,6867,0.0,83330.0,NO,NO,2024-06-28,1299700.0
988,GARP,82.2,83.54,339171.0,ETF,ETF,78.0,73.0,36.0,85.0,0.9839,0.7347,324923.0,345630.0,85.48,61.02,0,NO,83.41,81.36,73.22,81.65,75.5,,1664,0.0,403360.0,NO,NO,2025-10-15,4546400.0
989,TEMX,37.13,37.594,7.0,ETF,ETF,78.0,85.0,35.0,75.0,0.4656,0.0692,336.0,330.0,40.16,27.3,0,NO,36.69,36.76,33.24,36.59,34.65,,375,0.0,100.0,NO,NO,2025-03-10,85000.0
990,COSO,27.17,27.41,57593.0,Financial Services,Banks - Regional,78.0,39.0,76.0,68.0,0.5984,0.5934,115293.0,97630.0,28.56,20.8,324862048,NO,27.56,27.16,25.15,27.24,25.95,,330,0.0,80279.0,NO,NO,2025-09-19,892700.0
991,MINV,48.83,49.223,1376.0,ETF,ETF,78.0,70.0,7.0,83.0,0.7405,0.346,11601.0,7950.0,61.03,32.86,0,NO,49.8,50.89,44.12,50.0,47.47,,1037,0.0,1381.0,NO,NO,2022-12-12,1709300.0
992,CPF,36.77,37.22,95886.0,Financial Services,Banks - Regional,78.0,9.0,80.0,78.0,0.8014,0.7786,154806.0,152680.0,40.99,27.38,946733056,NO,38.26,38.39,34.15,38.35,35.3,,9825,0.0,138736.0,NO,NO,2014-12-31,3986100.0
993,GXPT,33.35,33.7,40264.0,ETF,ETF,78.0,78.0,20.0,89.0,0.5091,0.3258,191707.0,151870.0,35.1,23.64,0,NO,33.53,32.61,29.23,32.84,30.16,,279,0.0,67295.0,NO,NO,2026-03-27,5322500.0
994,LCNB,18.93,19.33,11554.0,Financial Services,Banks - Regional,78.0,12.0,86.0,65.0,0.4841,0.4613,41036.0,29680.0,21.32,14.31,269918176,NO,19.67,19.06,17.19,19.18,17.51,,6752,0.0,18819.0,NO,NO,2022-02-11,2190800.0
995,CORN,20.27,20.06,1068577.0,ETF,ETF,78.0,91.0,86.0,77.0,0.3532,0.3018,381365.0,624340.0,20.32,16.37,0,NO,18.63,17.94,17.92,18.31,18.09,,4082,0.0,1111932.0,NO,NO,2026-03-19,3329200.0
996,TURF,35.95,35.8,6340.0,ETF,ETF,78.0,87.0,68.0,40.0,0.4994,0.3635,101596.0,9390.0,36.48,26.46,0,NO,34.66,32.98,32.68,33.56,33.88,,306,0.0,6372.0,NO,NO,2026-06-23,1395200.0
997,TXN,252.77,260.91,4368668.0,Technology,Semiconductors,78.0,7.0,8.0,84.0,8.3354,7.4496,8173077.0,5735290.0,334.03,152.73,230759415808,NO,271.56,284.55,237.45,279.38,260.36,,13675,0.0,7042796.0,NO,NO,1987-09-16,136944000.0
998,MGYR,19.36,19.36,811.0,Financial Services,Banks - Regional,78.0,70.0,86.0,74.0,0.4143,0.3882,3466.0,4510.0,20.0,16.03,125008488,NO,19.34,18.49,17.71,18.71,17.94,,5183,0.03,941.0,NO,NO,2006-01-24,533089.0
999,ZION,66.21,66.69,764510.0,Financial Services,Banks - Regional,78.0,12.0,80.0,77.0,1.3293,1.2914,1625385.0,1370370.0,73.34,46.19,9665031168,NO,69.66,69.79,62.02,69.62,63.82,,11709,0.0,1223723.0,NO,NO,2024-03-15,37419600.0
1000,ROE,43.0,43.385,28719.0,ETF,ETF,78.0,63.0,60.0,78.0,0.3124,0.2071,23423.0,19550.0,44.42,32.87,0,NO,43.74,42.74,38.76,42.87,40.16,,774,0.0,41288.0,NO,NO,2024-07-11,1429500.0
1001,NVST,26.7,27.14,1320424.0,Healthcare,Medical Instruments & Supplies,78.0,21.0,87.0,11.0,0.8412,0.8241,2709192.0,1996440.0,30.42,18.77,4288493056,NO,27.73,27.1,25.14,27.14,26.26,,1747,0.0,2171433.0,NO,NO,2021-04-09,36578800.0
1002,QLD,87.86,90.24,4459276.0,ETF,ETF,78.0,71.0,9.0,90.0,2.1211,1.7189,4529514.0,3364110.0,101.19,56.6,0,NO,90.75,89.57,78.76,89.09,82.0,,5081,0.0,5003404.0,NO,NO,2008-11-20,5974124800.0
1003,FLCV,37.28,37.48,10816.0,ETF,ETF,78.0,53.0,75.0,77.0,0.2536,0.185,27820.0,18950.0,38.29,29.6,0,NO,37.71,36.73,33.57,36.94,34.56,,523,0.0,12374.0,NO,NO,2026-07-22,431300.0
1004,NBTB,50.11,51.42,151931.0,Financial Services,Banks - Regional,78.0,13.0,83.0,82.0,0.7714,0.7426,359338.0,245760.0,54.5,39.2,2603718656,NO,52.42,51.53,45.75,51.79,47.06,,8675,0.0,245235.0,NO,NO,2025-05-02,2160000.0
1005,NVGS,22.16,22.11,198010.0,Energy,Oil & Gas Midstream,78.0,34.0,58.0,52.0,0.5332,0.4961,440687.0,351430.0,24.36,14.08,1362072704,NO,21.36,21.08,20.06,21.26,21.0,,4942,0.45,409440.0,NO,NO,2013-11-21,8669300.0
1006,DAT,50.2,51.839,2859.0,ETF,ETF,78.0,89.0,73.0,91.0,0.8438,0.3672,2869.0,2440.0,52.58,31.88,0,NO,49.46,45.66,41.57,46.89,40.97,,1234,0.0,2977.0,NO,NO,2024-04-29,72000.0
1007,NWS,34.21,34.41,955744.0,Communication Services,Entertainment,78.0,87.0,84.0,89.0,0.7907,0.7457,1490122.0,1056420.0,35.76,25.49,18368567296,NO,33.68,31.76,29.76,32.47,29.97,,3320,0.0,1392382.0,NO,NO,2015-09-18,18792600.0
1008,PNC,237.07,239.63,757170.0,Financial Services,Banks - Regional,78.0,12.0,82.0,70.0,4.4243,4.2693,1969385.0,1690030.0,258.96,176.88,94597521408,NO,249.08,249.12,223.49,248.88,229.54,,12802,0.0,1345018.0,NO,NO,2010-02-03,74680900.0
1009,CZWI,20.72,20.83,21717.0,Financial Services,Banks - Regional,78.0,10.0,66.0,80.0,0.4586,0.4421,81884.0,38130.0,24.43,14.61,199952784,NO,20.99,22.12,19.82,22.01,20.72,,5641,0.0,36960.0,NO,NO,2025-06-27,1136800.0
1010,DDM,66.22,67.23,124756.0,ETF,ETF,78.0,53.0,72.0,76.0,0.9143,0.7618,179652.0,112030.0,71.25,49.26,0,NO,68.27,66.53,60.06,66.79,61.17,,5080,0.0,186265.0,NO,NO,2008-11-21,779758800.0
1011,GEVX,15.75,15.76,128962.0,ETF,ETF,77.0,1.0,5.0,9.0,1.6386,1.2954,249652.0,138330.0,30.85,7.21,0,NO,19.25,21.39,17.61,20.65,20.43,,287,0.0,153721.0,NO,NO,2025-10-22,2438700.0
1012,BRIF,37.06,37.415,1049.0,ETF,ETF,77.0,53.0,53.0,82.0,0.3544,0.2025,9373.0,11120.0,38.55,28.23,0,NO,37.78,37.13,33.03,37.24,34.3,,420,0.0,1218.0,NO,NO,2025-01-14,655800.0
1013,CSD,128.96,131.18,6552.0,ETF,ETF,77.0,18.0,15.0,60.0,1.8801,1.4269,14211.0,9570.0,150.43,86.34,0,NO,134.65,137.42,121.81,135.55,129.52,,4956,0.0,6615.0,NO,NO,2014-04-15,882400.0
1014,FRWD,31.37,31.968,16292.0,ETF,ETF,77.0,61.0,15.0,90.0,0.5491,0.3304,98790.0,21980.0,34.75,21.57,0,NO,32.28,31.88,,31.72,28.93,,159,0.0,18384.0,NO,NO,2026-03-26,2003300.0
1015,EQIX,1026.97,1046.72,280746.0,Real Estate,REIT - Specialty,77.0,53.0,29.0,57.0,32.8543,30.0479,599606.0,519270.0,1128.68,720.62,101333352448,NO,1064.54,1051.16,956.21,1049.09,1036.38,,6551,0.0,482122.0,NO,NO,2010-10-06,30574200.0
1016,TTAN,95.15,98.04,498168.0,Technology,Software - Application,77.0,91.0,92.0,89.0,4.8302,4.6341,1582726.0,1070860.0,119.99,54.17,9075648512,NO,91.57,81.55,78.31,85.27,72.6,,429,0.0,810905.0,NO,NO,2026-06-26,11154500.0
1017,SGDM,78.88,81.85,41031.0,ETF,ETF,77.0,95.0,80.0,6.0,3.1913,2.2804,44934.0,51800.0,96.5,53.02,0,NO,77.95,68.69,73.58,71.19,74.35,,3051,0.0,44027.0,NO,NO,2015-01-20,2010500.0
1018,AMAA,29.78,31.21,2604.0,ETF,ETF,77.0,3.0,,,0.97,0.5021,1850.0,1000.0,38.54,23.51,0,NO,32.61,,,30.58,,,46,0.0,2703.0,NO,NO,2026-08-04,22700.0
1019,REVS,33.85,33.88,23745.0,ETF,ETF,77.0,63.0,78.0,76.0,0.2205,0.1724,38888.0,28100.0,34.23,27.24,0,NO,33.91,33.03,30.42,33.32,31.22,,1742,0.0,26888.0,NO,NO,2025-12-05,1119500.0
1020,SPHB,143.31,146.3,296462.0,ETF,ETF,77.0,68.0,18.0,81.0,2.8093,1.7471,328147.0,207640.0,157.57,102.41,0,NO,148.07,147.02,131.07,146.0,136.81,,3853,0.0,319714.0,NO,NO,2020-12-01,8418500.0
1021,BP,44.4,42.87,12122220.0,Energy,Oil & Gas Integrated,77.0,24.0,66.0,75.0,0.9407,0.7257,8905280.0,10248620.0,48.27,32.72,114332327936,NO,43.03,41.53,40.64,42.33,42.64,,16274,2.19,15756541.0,YES,NO,2010-06-09,240808500.0
1022,BME,45.69,45.59,39377.0,Financial Services,Asset Management,77.0,78.0,87.0,60.0,0.5929,0.5407,46520.0,45710.0,46.43,35.95,590502272,NO,44.95,43.62,41.26,44.17,41.42,,5391,0.02,42124.0,NO,NO,2005-03-29,807900.0
1023,NBN,124.17,126.15,52067.0,Financial Services,Banks - Regional,77.0,48.0,61.0,69.0,3.3264,3.1471,129876.0,103610.0,142.31,80.75,1062319040,NO,131.76,130.98,117.09,130.6,123.04,,9832,0.0,83254.0,NO,NO,2021-06-25,1137100.0
1024,NVS,161.49,152.06,3598330.0,Healthcare,Drug Manufacturers - General,77.0,72.0,83.0,24.0,3.63,2.32,1849912.0,1346630.0,170.46,121.57,306936938496,NO,155.5,155.05,149.16,156.08,153.87,,7499,0.0,4333427.0,NO,NO,2010-12-15,39478054.0
1025,MLPX,76.24,76.0,299391.0,ETF,ETF,77.0,62.0,74.0,53.0,1.2964,1.2336,423228.0,384750.0,78.36,57.66,0,NO,74.66,74.85,69.91,75.06,73.7,,3286,0.0,335939.0,NO,NO,2024-04-19,5659700.0
1026,MDPL,30.5,30.866,3370.0,ETF,ETF,77.0,85.0,87.0,76.0,0.3449,0.2061,13461.0,6910.0,31.17,24.46,0,NO,30.06,27.79,26.81,28.5,26.87,,623,0.0,3441.0,NO,NO,2024-03-07,1270500.0
1027,MFUT,19.83,19.701,5523.0,ETF,ETF,77.0,71.0,48.0,64.0,0.155,0.1151,20138.0,8660.0,22.0,15.03,0,NO,19.43,19.1,18.14,19.24,18.77,,566,0.1,61245.0,NO,NO,2026-08-06,815500.0
1028,AGIO,34.06,33.68,256737.0,Healthcare,Biotechnology,77.0,90.0,92.0,81.0,1.2964,1.2386,1144074.0,897380.0,46.0,22.24,2034640128,NO,33.33,35.84,30.71,35.22,31.74,,3296,0.0,706691.0,NO,NO,2025-11-19,17657900.0
1029,KSTR,23.59,24.24,425508.0,ETF,ETF,77.0,45.0,38.0,77.0,0.6554,0.25,875485.0,928270.0,32.54,16.55,0,NO,24.43,26.2,22.16,25.42,23.31,,1402,0.0,492896.0,NO,NO,2026-02-05,4388000.0
1030,OPLN,35.02,35.6,509241.0,Consumer Cyclical,Auto & Truck Dealerships,77.0,4.0,13.0,87.0,1.0661,0.9596,1215833.0,1568450.0,42.9,24.32,4274886656,NO,35.63,38.35,32.48,37.55,34.21,,4204,0.0,873409.0,NO,NO,2013-11-07,40911634.0
1031,MUIB,29.15,29.15,724.0,ETF,ETF,77.0,,,,1.1384,0.4048,2095.0,2080.0,31.79,23.47,0,NO,28.52,,,,,,24,0.0,733.0,NO,NO,2026-07-31,8900.0
1032,EPSV,30.25,30.792,124.0,ETF,ETF,77.0,23.0,50.0,74.0,0.2426,0.0932,979.0,910.0,31.83,22.7,0,NO,31.12,30.85,27.58,30.8,28.86,,333,0.0,5200.0,NO,NO,2025-05-02,173200.0
1033,OUST,33.48,34.44,1504752.0,Technology,Electronic Components,77.0,2.0,3.0,95.0,3.1871,2.8254,3991609.0,2371330.0,63.79,16.4,2413924352,NO,41.44,41.93,29.73,40.35,32.32,,1479,0.0,1904872.0,NO,NO,2025-06-11,17407500.0
1034,IWC,191.63,193.46,97443.0,ETF,ETF,77.0,65.0,46.0,74.0,2.45,1.7929,72457.0,49770.0,203.28,140.23,0,NO,197.54,194.85,175.9,194.76,182.07,,5293,0.0,99956.0,NO,NO,2009-12-01,1425500.0
1035,TMLP,30.82,30.807,1386.0,ETF,ETF,77.0,75.0,77.0,60.0,0.1893,0.0772,2892.0,1780.0,30.82,24.88,0,NO,30.08,29.14,,29.48,28.81,,169,0.11,1638.0,NO,NO,2026-01-02,78500.0
1036,GDX,95.3,98.51,19345269.0,ETF,ETF,77.0,95.0,77.0,10.0,3.8057,2.9321,23667972.0,28150460.0,117.18,63.2,0,NO,94.81,83.0,89.51,85.16,89.63,,5102,0.0,31016143.0,YES,NO,2016-10-04,232153600.0
1037,DFMC,59.24,59.9,8001.0,ETF,ETF,77.0,26.0,68.0,,0.5544,0.4008,26958.0,35300.0,62.37,49.08,0,NO,61.22,60.56,,60.55,,,113,0.0,11804.0,NO,NO,2026-03-20,1180100.0
1038,BKR,63.87,63.55,3296992.0,Energy,Oil & Gas Equipment & Services,77.0,79.0,54.0,29.0,1.5336,1.4721,8285325.0,6386470.0,70.41,43.92,63342530560,NO,63.16,59.5,58.19,59.85,61.48,,9926,0.0,5906316.0,NO,NO,2018-11-14,79090500.0
1039,RHLD,133.89,135.52,133534.0,Industrials,Specialty Business Services,77.0,80.0,88.0,3.0,8.7495,8.1766,172084.0,201170.0,236.19,62.55,1046848256,NO,131.57,133.26,157.22,133.41,138.75,,382,0.0,174881.0,NO,NO,2026-03-03,533000.0
1040,GUNR,56.53,56.27,423337.0,ETF,ETF,77.0,84.0,69.0,41.0,0.689,0.5332,553296.0,360940.0,57.09,42.37,0,NO,54.7,52.32,51.59,53.18,53.53,,3756,0.18,448526.0,NO,NO,2013-01-24,11857800.0
1041,AIT,318.7,323.98,207419.0,Industrials,Industrial Distribution,77.0,8.0,74.0,74.0,9.2793,7.955,285211.0,276620.0,374.8,238.34,11695926272,NO,347.77,340.38,295.07,341.16,309.16,,11709,0.0,339423.0,NO,NO,2024-03-15,7231300.0
1042,RWEM,36.55,36.59,860.0,ETF,ETF,77.0,72.0,31.0,76.0,2.5214,2.4246,10682.0,5690.0,42.02,26.0,0,NO,35.92,35.34,32.75,35.23,34.01,,1180,0.0,938.0,NO,NO,2022-01-21,1178900.0
1043,SSO,69.15,70.29,5590049.0,ETF,ETF,77.0,73.0,40.0,83.0,0.9543,0.7414,3245709.0,3056830.0,72.8,48.63,0,NO,70.87,68.42,61.84,68.93,63.48,,5080,0.0,6132291.0,NO,NO,2008-11-20,2931585600.0
1044,ENOR,36.85,36.9,26792.0,ETF,ETF,77.0,79.0,36.0,54.0,0.3971,0.3021,60917.0,22050.0,38.15,26.7,0,NO,35.91,34.14,33.39,34.8,35.25,,3672,0.0,46158.0,NO,NO,2015-07-10,1493600.0
1045,NVIB,27.45,28.57,26.0,ETF,ETF,77.0,,,,0.6214,0.1293,645.0,450.0,28.62,24.15,0,NO,27.34,,,,,,23,0.0,100.0,NO,NO,2026-07-31,6100.0
1046,PPH,114.46,113.08,254372.0,ETF,ETF,77.0,74.0,84.0,49.0,2.0193,1.52,282173.0,293530.0,118.0,85.91,0,NO,113.18,110.84,105.71,111.85,107.11,,6685,0.0,288996.0,NO,NO,2006-11-09,12173000.0
1047,TEC,32.97,33.686,176.0,ETF,ETF,77.0,76.0,29.0,86.0,0.3566,0.0575,523.0,330.0,34.42,24.54,0,NO,33.41,32.76,29.72,32.89,30.52,,343,0.0,700.0,NO,NO,2025-04-17,159900.0
1048,OPRA,18.8,19.23,188665.0,Communication Services,Internet Content & Information,77.0,32.0,25.0,85.0,0.71,0.6282,351753.0,472250.0,21.06,11.71,1671646720,NO,19.5,19.34,16.22,19.33,17.35,,2034,0.0,275011.0,NO,NO,2024-06-10,10945500.0
1049,VEGI,48.32,47.36,139185.0,ETF,ETF,77.0,87.0,82.0,51.0,0.735,0.6229,41236.0,35360.0,48.33,38.0,0,NO,45.4,44.85,43.59,45.35,45.09,,3665,0.27,216396.0,NO,NO,2026-03-18,720500.0
1050,DOC,20.8,20.82,2684862.0,Real Estate,REIT - Healthcare Facilities,77.0,12.0,81.0,82.0,0.3707,0.3336,6115925.0,4301440.0,22.95,15.7,14742558720,NO,21.09,21.52,18.54,21.58,19.27,,10397,0.0,4485759.0,NO,NO,2024-02-29,66006500.0
1051,KYN,15.08,14.96,430169.0,Financial Services,Asset Management,77.0,71.0,80.0,54.0,0.2636,0.2521,345793.0,253230.0,15.17,11.31,2549574912,NO,14.63,14.4,13.56,14.56,14.11,,5516,0.53,468915.0,NO,NO,2020-03-18,6998500.0
1052,NLSI,57.32,56.751,415.0,ETF,ETF,77.0,78.0,79.0,85.0,0.6028,0.3638,2353.0,2160.0,57.95,44.08,0,NO,55.76,53.7,,54.55,50.31,,180,0.76,3500.0,NO,NO,2026-06-09,45800.0
1053,SCHL,38.46,38.4,162191.0,Communication Services,Publishing,77.0,11.0,11.0,74.0,1.1596,1.1454,341961.0,279150.0,48.07,22.69,725454656,NO,40.89,43.17,37.4,42.38,40.24,,8690,0.0,292145.0,NO,NO,2003-02-11,13424600.0
1054,RSST,33.86,33.94,83468.0,ETF,ETF,77.0,75.0,35.0,70.0,0.3054,0.2626,113239.0,136400.0,34.79,23.71,0,NO,33.64,33.06,30.89,33.28,31.81,,749,0.0,95587.0,NO,NO,2025-06-12,1014600.0
1055,ACIW,51.47,53.28,439745.0,Technology,Software - Infrastructure,77.0,5.0,87.0,88.0,1.3543,1.2779,1047003.0,769710.0,61.08,38.05,5196670976,NO,53.26,53.96,46.15,54.74,46.56,,7931,0.0,807398.0,NO,NO,2000-04-26,34236000.0
1056,XSW,203.49,209.86,62549.0,ETF,ETF,77.0,88.0,79.0,91.0,4.6714,4.0656,50487.0,49800.0,211.34,135.19,0,NO,199.37,184.56,170.79,189.5,166.9,,3751,0.0,73177.0,NO,NO,2021-06-15,916700.0
1057,RZV,146.85,148.97,7698.0,ETF,ETF,77.0,27.0,72.0,74.0,1.4857,0.9443,7634.0,7600.0,153.79,109.88,0,NO,150.64,149.4,134.04,149.88,139.17,,5154,0.0,7723.0,NO,NO,2017-11-02,828300.0
1058,SPUU,220.57,224.96,15106.0,ETF,ETF,76.0,73.0,40.0,83.0,2.684,1.7659,20644.0,11980.0,232.39,154.85,0,NO,226.45,218.58,197.28,220.15,202.49,,3084,0.0,25054.0,NO,NO,2014-10-01,640800.0
1059,ESNT,68.12,67.56,290858.0,Financial Services,Insurance - Specialty,76.0,72.0,91.0,71.0,1.2076,1.1326,743011.0,564540.0,70.37,55.34,6122836480,NO,68.32,66.15,62.53,67.13,62.4,,3226,0.34,523010.0,NO,NO,2020-05-29,18389600.0
1060,EMO,56.1,54.78,71226.0,Financial Services,Asset Management,76.0,88.0,84.0,56.0,0.839,0.8261,42123.0,39510.0,56.12,41.54,1119318016,NO,53.56,52.04,49.58,52.7,51.43,,3827,0.0,96870.0,NO,NO,2020-03-10,739140.0
1061,TFX,140.23,142.05,317655.0,Healthcare,Medical Instruments & Supplies,76.0,70.0,82.0,78.0,3.9486,3.7836,525836.0,528530.0,145.0,100.18,5941880832,NO,137.01,134.0,122.5,136.23,127.11,,11709,0.0,564966.0,NO,NO,2019-01-17,12248500.0
1062,JBL,299.14,305.26,572052.0,Technology,Electronic Components,76.0,12.0,6.0,78.0,13.14,11.2507,1240480.0,892520.0,428.93,189.6,31357526016,NO,332.98,332.7,290.83,322.91,316.42,,8390,0.0,914841.0,NO,NO,2014-11-04,36679300.0
1063,BMEZ,16.83,16.74,133978.0,Financial Services,Asset Management,76.0,85.0,88.0,73.0,0.3243,0.2779,159340.0,169900.0,17.25,13.7,1051898624,NO,16.43,15.76,14.98,16.02,14.94,,1656,0.0,149179.0,NO,NO,2023-03-31,2630000.0
1064,ESTA,70.15,69.33,212003.0,Healthcare,Medical Devices,76.0,0.0,60.0,12.0,3.1004,2.9439,604376.0,359800.0,97.59,36.53,2089410688,NO,76.05,84.58,73.15,82.56,74.63,,2040,0.0,372225.0,NO,NO,2023-11-08,10486500.0
1065,GOAU,47.32,48.8,42379.0,ETF,ETF,76.0,96.0,84.0,7.0,1.6198,1.0966,33884.0,28090.0,57.09,33.71,0,NO,46.1,40.7,43.86,42.09,43.69,,2305,0.0,43721.0,NO,NO,2020-06-25,510700.0
1066,KWR,163.2,165.8,89931.0,Basic Materials,Specialty Chemicals,76.0,55.0,87.0,71.0,4.7671,4.6639,158777.0,140970.0,183.01,112.18,2808296960,NO,167.45,159.1,146.29,160.21,147.6,,11709,0.0,140521.0,NO,NO,1996-06-24,33880000.0
1067,TRUF,30.12,30.1,8.0,ETF,ETF,76.0,47.0,83.0,,0.1777,0.0107,449.0,130.0,30.4,25.58,0,NO,30.13,29.47,,29.67,,,104,0.0,8.0,NO,NO,2026-04-02,3600.0
1068,GVLE,48.19,48.56,64763.0,ETF,ETF,76.0,35.0,74.0,79.0,0.3044,0.1531,2190.0,860.0,49.77,38.78,0,NO,49.14,47.96,,48.17,44.73,,197,0.0,64764.0,NO,NO,2026-03-31,100600.0
1069,OPTZ,44.81,45.512,482.0,ETF,ETF,76.0,47.0,26.0,80.0,0.5967,0.2172,6209.0,2890.0,49.76,33.19,0,NO,46.59,46.53,41.01,46.16,43.02,,591,0.0,482.0,NO,NO,2024-05-07,911800.0
1070,FSTR,36.74,37.51,34504.0,Industrials,Railroads,76.0,5.0,10.0,78.0,1.3036,1.2714,81903.0,53330.0,45.81,23.81,386496096,NO,38.76,41.1,33.91,40.36,36.4,,11399,0.0,49186.0,NO,NO,1993-06-04,1782700.0
1071,FITE,108.13,111.45,6932.0,ETF,ETF,76.0,57.0,13.0,83.0,2.3305,1.7966,8603.0,8940.0,120.45,77.72,0,NO,114.14,110.59,97.29,111.3,101.53,,2180,0.0,8208.0,NO,NO,2025-04-16,227300.0
1072,NTSD,47.33,47.85,23526.0,ETF,ETF,76.0,63.0,59.0,,0.4107,0.2336,8836.0,17450.0,49.05,36.85,0,NO,48.22,46.86,,47.16,,,114,0.0,26184.0,NO,NO,2026-04-20,473600.0
1073,POWL,172.6,179.73,518239.0,Industrials,Electrical Equipment & Parts,76.0,1.0,1.0,25.0,9.3786,8.0336,734409.0,494780.0,328.0,83.85,6288078336,NO,200.53,227.25,199.08,213.96,229.22,,11709,0.0,738874.0,NO,NO,2024-07-31,5279700.0
1074,NACP,59.34,60.06,8476.0,ETF,ETF,76.0,63.0,41.0,81.0,0.3794,0.1622,2768.0,2660.0,61.04,44.61,0,NO,60.19,59.47,53.99,59.48,55.76,,2040,0.0,9322.0,NO,NO,2020-10-30,202800.0
1075,TXNU,36.35,38.87,4594.0,ETF,ETF,76.0,1.0,2.0,,2.0286,1.3502,27053.0,4560.0,70.29,22.9,0,NO,42.53,47.33,,45.37,,,110,0.0,5336.0,NO,NO,2026-04-23,220800.0
1076,OAKM,31.49,31.63,137582.0,ETF,ETF,76.0,76.0,83.0,69.0,0.3165,0.2733,190847.0,187150.0,31.97,25.72,0,NO,31.14,29.93,28.49,30.36,28.75,,436,0.0,162887.0,NO,NO,2025-04-15,9590700.0
1077,ASEA,21.52,21.63,30935.0,ETF,ETF,76.0,64.0,78.0,64.0,0.1731,0.1146,25834.0,20530.0,21.78,16.83,0,NO,21.49,20.92,19.72,21.1,20.19,,3906,0.0,31986.0,NO,NO,2013-06-26,824700.0
1078,NEBX,20.39,21.77,1300571.0,ETF,ETF,76.0,9.0,0.0,97.0,5.3236,4.2891,2736080.0,2484180.0,70.77,6.62,0,NO,26.75,31.02,22.42,26.59,26.49,,246,0.0,1356186.0,NO,NO,2025-11-11,10629300.0
1079,AFSC,37.68,37.793,212.0,ETF,ETF,76.0,22.0,72.0,74.0,0.3798,0.0999,446.0,590.0,40.06,28.91,0,NO,39.04,38.53,34.18,38.42,35.47,,386,0.0,212.0,NO,NO,2025-06-02,96800.0
1080,NVIR,40.49,40.36,26.0,ETF,ETF,76.0,58.0,56.0,44.0,0.3391,0.1992,450.0,500.0,41.31,30.68,0,NO,40.03,39.14,37.62,39.46,39.27,,883,0.0,100.0,NO,NO,2023-09-19,69200.0
1081,SIRI,27.56,28.17,2365513.0,Communication Services,Entertainment,76.0,9.0,18.0,88.0,0.6418,0.6296,4721492.0,2873490.0,32.66,19.77,9289596928,NO,28.85,29.59,24.88,29.41,26.55,,8045,0.0,4008905.0,NO,NO,2010-04-07,60983450.0
1082,TTEQ,40.78,41.557,118644.0,ETF,ETF,76.0,73.0,12.0,88.0,0.8405,0.5565,119334.0,85800.0,45.76,28.69,0,NO,41.76,41.53,36.49,41.26,38.16,,463,0.0,124011.0,NO,NO,2026-05-28,946200.0
1083,AM,22.43,22.42,1118909.0,Energy,Oil & Gas Midstream,76.0,67.0,78.0,29.0,0.5473,0.523,2329009.0,2075900.0,23.84,16.96,10647411712,NO,22.12,22.3,20.86,22.3,22.13,,2344,0.0,1977680.0,NO,NO,2019-09-20,44385300.0
1084,GEME,41.94,42.09,17742.0,ETF,ETF,76.0,46.0,15.0,66.0,0.566,0.4199,77203.0,47550.0,45.99,28.46,0,NO,42.39,42.15,38.28,41.98,40.17,,403,0.0,20358.0,NO,NO,2025-03-03,979600.0
1085,TARS,74.1,74.24,338978.0,Healthcare,Biotechnology,76.0,95.0,93.0,19.0,2.3955,2.3484,950590.0,632860.0,85.25,48.2,3252827136,NO,69.61,64.61,68.57,65.38,65.21,,1474,0.0,587079.0,NO,NO,2024-10-29,3175500.0
1086,ALAI,43.99,44.69,24593.0,ETF,ETF,76.0,68.0,16.0,89.0,0.8115,0.5771,87071.0,51790.0,46.88,30.84,0,NO,44.92,44.3,39.26,44.24,40.58,,602,0.0,30575.0,NO,NO,2025-09-19,766800.0
1087,JEMA,62.21,62.26,70207.0,ETF,ETF,76.0,77.0,21.0,68.0,0.9167,0.5656,141012.0,155070.0,66.68,44.23,0,NO,61.58,61.24,56.39,61.06,58.91,,1370,0.0,75031.0,NO,NO,2022-04-29,9442300.0
1088,XHE,94.68,95.0,11328.0,ETF,ETF,76.0,78.0,90.0,60.0,1.3921,1.2393,26407.0,15300.0,97.65,76.0,0,NO,94.77,90.0,85.55,91.18,84.79,,3921,0.0,13815.0,NO,NO,2023-08-16,958400.0
1089,SGLC,45.12,45.34,5819.0,ETF,ETF,76.0,65.0,61.0,80.0,0.2753,0.1811,11612.0,8350.0,46.25,35.1,0,NO,45.63,44.41,40.87,44.68,41.94,,857,0.0,5860.0,NO,NO,2023-08-01,399000.0
1090,TTT,76.29,75.77,2358.0,ETF,ETF,76.0,30.0,83.0,87.0,1.7736,0.9736,4941.0,9260.0,78.93,59.23,0,NO,75.27,72.3,68.47,73.67,69.17,,3626,0.0,4732.0,NO,NO,2021-10-14,1096000.0
1091,CURB,29.62,29.83,1015061.0,Real Estate,REIT - Retail,76.0,17.0,65.0,53.0,0.5348,0.5066,1386433.0,1627570.0,32.15,21.93,3377795328,NO,29.86,30.46,27.15,30.33,28.73,,483,0.0,1544459.0,NO,NO,2026-06-30,6616700.0
1092,RDVY,80.55,81.45,1223520.0,ETF,ETF,76.0,33.0,76.0,72.0,0.6703,0.5782,1118896.0,1116900.0,84.02,64.75,0,NO,82.71,81.15,74.2,81.36,75.99,,3181,0.0,1292443.0,NO,NO,2022-01-24,5448800.0
1093,SDOG,72.93,72.95,11204.0,ETF,ETF,76.0,65.0,76.0,64.0,0.6254,0.4646,52212.0,18080.0,74.73,57.7,0,NO,73.22,71.49,66.25,72.14,68.48,,3552,0.0,12512.0,NO,NO,2015-08-24,1147600.0
1094,FNDX,32.32,32.38,3443139.0,ETF,ETF,76.0,64.0,70.0,72.0,0.2014,0.1664,2596236.0,2333490.0,32.85,25.43,0,NO,32.45,31.81,29.46,31.97,30.33,,3280,0.0,3635043.0,NO,NO,2026-05-12,47993700.0
1095,SILJ,30.13,31.34,3400993.0,ETF,ETF,76.0,95.0,33.0,3.0,1.3175,1.0282,4284869.0,4726190.0,41.1,18.06,0,NO,30.26,27.21,29.6,27.89,29.78,,3458,0.0,3959710.0,NO,NO,2026-01-30,34495200.0
1096,GINX,36.76,36.78,8585.0,ETF,ETF,76.0,61.0,74.0,59.0,0.1763,0.1321,8601.0,5980.0,37.15,28.39,0,NO,36.81,35.93,33.72,36.18,34.69,,628,0.0,9367.0,NO,NO,2024-03-15,477200.0
1097,EMOP,50.93,50.66,47502.0,ETF,ETF,76.0,79.0,17.0,72.0,0.618,0.3934,76638.0,57340.0,54.35,36.89,0,NO,50.38,50.26,46.86,50.08,48.93,,303,0.0,50108.0,NO,NO,2026-03-30,7596700.0
1098,CPER,39.07,40.0,315975.0,ETF,ETF,76.0,26.0,28.0,61.0,0.5271,0.4118,525023.0,568420.0,40.97,27.85,0,NO,40.0,38.86,36.55,39.01,37.45,,3718,0.0,378917.0,NO,NO,2026-01-29,9379500.0
1099,CRBG,32.03,32.54,1922145.0,Financial Services,Asset Management,76.0,72.0,91.0,87.0,0.7121,0.7118,4584554.0,3062800.0,34.81,22.19,14273636352,NO,32.98,31.49,28.89,31.96,28.42,,992,0.0,2759691.0,NO,NO,2025-12-16,39081000.0
1100,V,373.12,379.37,2777310.0,Financial Services,Credit Services,76.0,63.0,88.0,80.0,6.2029,5.8586,7890115.0,6486480.0,385.57,293.89,696427347968,NO,369.59,359.27,333.15,364.16,332.91,,4642,0.0,5624455.0,NO,NO,2008-03-19,708486000.0
1101,QQQJ,44.81,45.38,268730.0,ETF,ETF,76.0,63.0,33.0,81.0,0.498,0.3358,143550.0,133000.0,46.94,34.13,0,NO,45.93,45.06,40.53,45.18,41.87,,1477,0.0,283283.0,NO,NO,2021-03-04,2226500.0
1102,JVAL,58.89,59.33,35063.0,ETF,ETF,76.0,66.0,57.0,78.0,0.4227,0.2942,55907.0,86060.0,60.64,45.89,0,NO,59.71,58.59,53.38,58.76,55.1,,2212,0.0,38423.0,NO,NO,2021-05-28,7944700.0
1103,XMVM,74.04,74.39,19173.0,ETF,ETF,76.0,31.0,78.0,66.0,0.6778,0.6671,29674.0,27350.0,75.98,58.18,0,NO,74.8,73.44,68.27,73.84,69.93,,5408,0.0,20592.0,NO,NO,2021-08-03,1389900.0
1104,AROW,37.24,37.74,49773.0,Financial Services,Banks - Regional,76.0,10.0,63.0,72.0,0.7939,0.7846,97304.0,96830.0,42.7,25.88,689730880,NO,38.84,39.91,35.55,39.56,37.13,,11580,0.0,72202.0,NO,NO,2007-06-22,1390389.0
1105,SCDS,74.45,74.807,934.0,ETF,ETF,76.0,26.0,53.0,79.0,0.5656,0.2268,1865.0,1550.0,78.04,56.1,0,NO,76.59,76.05,67.78,75.87,70.49,,425,0.0,934.0,NO,NO,2026-06-18,16100.0
1106,FTA,102.29,102.57,66470.0,ETF,ETF,76.0,57.0,77.0,61.0,0.8179,0.6379,29012.0,19340.0,104.95,81.12,0,NO,103.12,100.52,93.55,101.31,96.51,,4848,0.0,67482.0,NO,NO,2020-05-14,1078800.0
1107,VMAX,64.5,64.557,284.0,ETF,ETF,75.0,58.0,74.0,72.0,0.3393,0.1444,269.0,770.0,65.61,51.19,0,NO,64.87,63.72,58.68,63.97,60.45,,685,0.0,289.0,NO,NO,2024-11-12,786300.0
1108,CTO,21.42,21.34,136573.0,Real Estate,REIT - Diversified,75.0,22.0,73.0,66.0,0.2429,0.2307,370200.0,396630.0,22.71,15.07,802938496,NO,21.78,21.74,19.69,21.75,20.48,,11709,0.05,256355.0,NO,NO,2024-09-10,5951900.0
1109,AFSM,39.73,40.038,17363.0,ETF,ETF,75.0,32.0,69.0,76.0,0.4058,0.2715,16849.0,18230.0,41.63,30.74,0,NO,40.78,40.36,36.19,40.39,37.41,,1693,0.0,17503.0,NO,NO,2025-12-09,395400.0
1110,MGA,63.03,65.57,840395.0,Consumer Cyclical,Auto Parts,75.0,8.0,28.0,40.0,1.9893,1.8032,1249074.0,1254510.0,73.22,43.11,16855088128,NO,69.05,67.13,59.92,67.07,63.36,,10556,0.0,1322927.0,NO,NO,1992-10-06,41434000.0
1111,IWN,219.72,221.8,369864.0,ETF,ETF,75.0,34.0,65.0,69.0,1.9193,1.5946,566355.0,330680.0,227.86,168.75,0,NO,224.77,222.52,202.67,222.87,209.87,,6561,0.0,663226.0,NO,NO,2011-08-05,7512000.0
1112,AIBU,62.25,64.62,6447.0,ETF,ETF,75.0,85.0,5.0,94.0,1.8169,0.9103,10230.0,3610.0,78.96,32.91,0,NO,65.22,61.64,53.35,61.91,54.71,,575,0.0,7276.0,NO,NO,2025-11-04,106000.0
1113,MBOX,42.35,42.552,3276.0,ETF,ETF,75.0,63.0,74.0,68.0,0.2295,0.1376,4841.0,3500.0,43.1,33.99,0,NO,42.65,41.51,38.3,41.82,39.5,,1337,0.0,4090.0,NO,NO,2021-05-06,115800.0
1114,RJF,173.21,178.17,687311.0,Financial Services,Asset Management,75.0,25.0,90.0,74.0,3.8525,3.4932,1285504.0,1150310.0,182.73,138.82,33273643008,NO,177.86,170.42,159.98,172.66,158.15,,10876,0.0,1446967.0,NO,NO,2017-03-17,34567650.0
1115,SEEM,39.02,39.127,110008.0,ETF,ETF,75.0,74.0,20.0,66.0,0.5042,0.3004,59204.0,46280.0,41.79,28.3,0,NO,38.81,38.58,35.56,38.46,37.09,,473,0.0,113096.0,NO,NO,2024-10-28,7424800.0
1116,A,149.88,153.56,1317436.0,Healthcare,Diagnostics & Research,75.0,85.0,82.0,88.0,4.6064,4.0993,2218876.0,2887310.0,163.75,108.35,42270904320,NO,150.2,140.61,131.51,143.45,128.04,,6735,0.0,2418689.0,NO,NO,1999-11-18,62546380.0
1117,EMXF,57.47,57.37,8892.0,ETF,ETF,75.0,75.0,33.0,75.0,0.7018,0.4863,7742.0,7750.0,60.04,42.96,0,NO,56.72,56.39,52.02,56.33,53.98,,1477,0.0,12124.0,NO,NO,2024-02-20,540600.0
1118,GEN,29.89,31.0,3320844.0,Technology,Software - Infrastructure,75.0,86.0,79.0,91.0,0.9642,0.9071,5708049.0,6051450.0,31.29,17.78,17888772096,NO,28.89,27.12,24.52,27.97,24.07,,9365,0.0,5560145.0,NO,NO,2003-02-28,180090000.0
1119,TCBX,43.56,44.6,36242.0,Financial Services,Banks - Regional,75.0,44.0,88.0,65.0,0.9432,0.9368,119711.0,84610.0,46.35,35.73,725407232,NO,44.98,42.64,39.98,43.2,40.47,,1206,0.0,99268.0,NO,NO,2022-06-24,1080600.0
1120,RPV,121.17,120.92,85075.0,ETF,ETF,75.0,65.0,75.0,63.0,1.0629,0.8479,171769.0,134270.0,123.36,95.86,0,NO,121.55,118.76,110.82,119.72,113.76,,5154,0.32,101750.0,NO,NO,2024-03-14,5509900.0
1121,ABCS,35.63,35.75,1318.0,ETF,ETF,75.0,48.0,80.0,75.0,0.2617,0.1643,2044.0,1970.0,36.56,28.47,0,NO,36.11,35.01,32.06,35.32,32.77,,675,0.0,1323.0,NO,NO,2023-12-20,101200.0
1122,TRUT,31.71,32.05,217748.0,ETF,ETF,75.0,78.0,18.0,88.0,0.4721,0.3201,205023.0,157740.0,33.67,22.83,0,NO,31.86,31.05,28.09,31.23,28.92,,258,0.0,227384.0,NO,NO,2026-03-27,4064100.0
1123,FIVA,39.54,39.74,74864.0,ETF,ETF,75.0,57.0,69.0,55.0,0.2978,0.2549,87777.0,94740.0,40.39,30.32,0,NO,39.98,39.15,36.66,39.35,37.68,,2161,0.0,83356.0,NO,NO,2024-12-23,1200200.0
1124,SPYQ,191.85,194.663,232.0,ETF,ETF,75.0,71.0,43.0,82.0,1.9491,0.6812,7726.0,1490.0,200.5,135.47,0,NO,196.02,189.39,171.96,190.81,176.22,,480,0.0,234.0,NO,NO,2026-06-03,379200.0
1125,NRSH,30.18,30.96,697.0,ETF,ETF,75.0,21.0,11.0,82.0,0.4475,0.0098,2231.0,220.0,35.67,21.32,0,NO,31.86,32.14,27.98,31.77,29.65,,689,0.0,1661.0,NO,NO,2023-11-30,320900.0
1126,NBIL,19.95,21.18,2360271.0,ETF,ETF,75.0,0.0,0.0,98.0,4.2269,3.652,3306412.0,3896480.0,68.49,6.37,0,NO,25.68,29.35,21.72,25.63,25.6,,227,0.0,2433796.0,NO,NO,2026-08-12,11337100.0
1127,GS,1002.12,1025.9,931575.0,Financial Services,Capital Markets,75.0,24.0,19.0,80.0,24.2107,22.2643,2092580.0,1925170.0,1153.99,721.16,291800317952,NO,1036.67,1048.26,943.56,1038.28,965.4,,6874,0.0,1828476.0,NO,NO,2008-09-18,114590700.0
1128,IYZ,42.61,43.12,996274.0,ETF,ETF,75.0,73.0,20.0,56.0,0.6882,0.5525,1233380.0,692840.0,46.07,31.06,0,NO,43.35,42.01,39.21,42.12,41.57,,6604,0.0,1379505.0,NO,NO,2023-07-10,8922100.0
1129,FNDB,31.47,31.56,1296866.0,ETF,ETF,75.0,61.0,69.0,71.0,0.1943,0.1621,223967.0,462860.0,32.03,24.92,0,NO,31.67,31.08,28.78,31.23,29.63,,3280,0.0,1321826.0,NO,NO,2018-01-16,3055500.0
1130,DFJ,113.85,114.56,24599.0,ETF,ETF,75.0,82.0,80.0,51.0,1.0346,0.8239,36033.0,45170.0,115.04,89.61,0,NO,112.97,109.04,104.05,110.25,107.01,,5083,0.0,27030.0,NO,NO,2018-03-06,1729300.0
1131,VEXC,97.01,96.3,14106.0,ETF,ETF,75.0,77.0,54.0,69.0,0.9716,0.5719,25711.0,17410.0,98.56,74.97,0,NO,95.51,94.32,87.65,94.61,90.79,,229,0.0,15582.0,NO,NO,2025-10-08,152000.0
1132,RDIV,62.43,62.72,25233.0,ETF,ETF,75.0,41.0,77.0,68.0,0.5927,0.4534,61880.0,45540.0,64.42,49.98,0,NO,63.19,61.5,56.76,62.06,58.49,,3248,0.0,27403.0,NO,NO,2018-12-28,1343300.0
1133,TYRA,25.46,25.03,257077.0,Healthcare,Biotechnology,75.0,1.0,6.0,4.0,1.1117,0.9639,765452.0,328400.0,40.65,11.7,1521165184,NO,26.25,29.4,30.11,28.73,31.93,,1245,0.0,423506.0,NO,NO,2026-03-04,6161200.0
1134,NVDA,217.29,220.78,78756338.0,Technology,Semiconductors,75.0,82.0,28.0,84.0,6.6736,5.4871,138830287.0,144700070.0,236.54,164.07,5248591593472,NO,219.03,208.8,196.08,211.5,200.6,,6945,0.0,106942626.0,YES,NO,2003-05-09,9230856000.0
1135,EQH,49.3,50.13,1296617.0,Financial Services,Asset Management,75.0,74.0,92.0,85.0,1.1189,1.1189,3147973.0,2005310.0,55.15,35.2,13452809216,NO,50.6,48.38,44.5,49.03,43.72,,2088,0.0,1904422.0,NO,NO,2019-11-08,62014300.0
1136,KOF,110.83,111.16,140567.0,Consumer Defensive,Beverages - Non-Alcoholic,75.0,68.0,68.0,41.0,2.3407,2.2679,136842.0,129840.0,117.09,80.22,0,NO,111.07,107.75,102.74,108.13,105.94,,8297,0.0,162785.0,NO,NO,1993-09-14,13098300.0
1137,KROP,38.22,37.266,28963.0,ETF,ETF,75.0,86.0,81.0,50.0,0.6466,0.4461,4600.0,16580.0,38.99,29.05,0,NO,35.77,35.35,34.13,35.74,35.23,,1289,0.0,30752.0,NO,NO,2025-01-30,150133.0
1138,MEDI,34.22,34.24,3276.0,ETF,ETF,75.0,80.0,86.0,64.0,0.4788,0.3254,4768.0,3870.0,35.6,27.5,0,NO,34.26,33.7,31.57,33.92,31.57,,948,0.0,3509.0,NO,NO,2026-05-19,229900.0
1139,FITB,53.0,53.77,2340053.0,Financial Services,Banks - Regional,75.0,10.0,80.0,57.0,1.0011,0.9639,6478107.0,5170730.0,59.5,40.05,48048369664,NO,56.19,56.62,50.65,56.4,51.94,,11709,0.0,3935774.0,NO,NO,2009-05-08,198530200.0
1140,ZSC,31.65,31.191,7.0,ETF,ETF,75.0,52.0,41.0,59.0,0.2231,0.0832,436.0,150.0,31.65,24.41,0,NO,30.52,30.23,29.31,30.46,29.89,,766,0.0,100.0,NO,NO,2025-07-01,41300.0
1141,KNO,63.59,64.623,216.0,ETF,ETF,75.0,60.0,47.0,75.0,0.4087,0.083,579.0,1050.0,65.24,48.97,0,NO,64.57,63.33,57.19,63.35,59.41,,2802,0.0,221.0,NO,NO,2025-01-22,885500.0
1142,EMPB,34.69,35.105,12304.0,ETF,ETF,75.0,77.0,74.0,80.0,0.4508,0.2649,8271.0,10280.0,36.02,27.68,0,NO,34.71,33.59,30.87,33.93,31.86,,429,0.0,18157.0,NO,NO,2026-01-02,51700.0
1143,JPY,38.62,38.702,1810.0,ETF,ETF,75.0,73.0,67.0,67.0,0.2992,0.1448,4350.0,2170.0,39.42,28.92,0,NO,38.42,37.62,34.98,37.89,36.07,,352,0.0,1810.0,NO,NO,2025-07-17,348200.0
1144,MGV,166.33,167.13,780269.0,ETF,ETF,75.0,65.0,73.0,65.0,0.9939,0.8868,262477.0,306890.0,169.84,133.33,0,NO,167.64,165.05,152.65,165.45,156.97,,4698,0.0,809851.0,NO,NO,2022-08-02,4557200.0
1145,BLCV,42.82,42.989,2013.0,ETF,ETF,75.0,38.0,78.0,72.0,0.2844,0.2039,14463.0,6620.0,43.77,34.85,0,NO,43.15,42.34,39.14,42.6,39.88,,821,0.0,2027.0,NO,NO,2025-12-04,400100.0
1146,DEEP,43.12,43.564,1226.0,ETF,ETF,75.0,65.0,73.0,75.0,0.3765,0.2239,1176.0,870.0,44.44,33.09,0,NO,43.7,42.97,39.21,43.09,40.4,,3002,0.0,1248.0,NO,NO,2020-03-03,2752800.0
1147,EWBC,126.53,126.86,419367.0,Financial Services,Banks - Regional,75.0,18.0,72.0,78.0,2.4714,2.3536,863182.0,748380.0,137.47,92.67,17335425024,NO,131.78,131.37,119.42,131.2,122.43,,6936,0.0,636423.0,NO,NO,2010-06-25,19006800.0
1148,FNGG,260.58,266.738,4623.0,ETF,ETF,75.0,91.0,19.0,94.0,5.5321,4.3261,6582.0,7380.0,276.0,139.12,0,NO,260.79,240.05,214.34,245.33,215.19,,1234,0.0,6013.0,NO,NO,2024-10-11,183800.0
1149,MVPA,37.2,37.591,63.0,ETF,ETF,75.0,67.0,83.0,79.0,0.3073,0.1554,1066.0,750.0,38.05,30.4,0,NO,37.21,35.51,33.6,36.06,33.66,,647,0.0,100.0,NO,NO,2025-04-01,116400.0
1150,NECB,26.13,26.35,19140.0,Financial Services,Banks - Regional,75.0,23.0,79.0,63.0,0.5343,0.5343,47169.0,48290.0,28.94,19.27,359707104,NO,26.64,26.76,24.37,26.64,25.19,,5070,0.0,34331.0,NO,NO,2006-07-06,1742670.0
1151,SXI,285.01,289.66,71325.0,Industrials,Specialty Industrial Machinery,75.0,15.0,54.0,62.0,9.6307,8.8675,172222.0,100810.0,363.89,197.0,3454180608,NO,317.15,315.18,269.9,311.62,284.07,,13495,0.0,135691.0,NO,NO,1988-10-18,1331200.0
1152,BLCO,17.84,17.48,446339.0,Healthcare,Medical Instruments & Supplies,75.0,80.0,88.0,25.0,0.4361,0.4068,419928.0,432370.0,18.91,13.77,6371828224,NO,17.07,16.63,16.51,16.88,16.46,,1083,0.97,645488.0,NO,NO,2022-05-06,15225300.0
1153,NULV,53.38,53.71,93493.0,ETF,ETF,75.0,72.0,71.0,72.0,0.3543,0.3139,149863.0,574890.0,54.17,42.61,0,NO,53.48,51.94,48.47,52.4,49.71,,2423,0.0,99427.0,NO,NO,2020-06-09,6145900.0
1154,FLJH,46.1,46.21,14565.0,ETF,ETF,74.0,76.0,65.0,64.0,0.453,0.3236,30509.0,16780.0,47.5,34.81,0,NO,45.97,45.55,42.28,45.59,43.63,,2215,0.0,15648.0,NO,NO,2023-10-27,4593000.0
1155,GLAM,28.97,29.12,103.0,ETF,ETF,74.0,58.0,85.0,,0.3757,0.1879,1190.0,630.0,29.88,24.06,0,NO,28.61,28.11,,28.47,,,80,0.0,500.0,NO,NO,2026-05-06,48500.0
1156,MVPL,43.81,44.22,1231.0,ETF,ETF,74.0,70.0,39.0,83.0,0.4946,0.2488,2653.0,12070.0,45.75,32.95,0,NO,44.58,43.05,38.97,43.38,40.07,,629,0.0,1248.0,NO,NO,2025-07-21,153800.0
1157,DISV,44.29,44.63,254084.0,ETF,ETF,74.0,76.0,70.0,52.0,0.3399,0.2781,335363.0,387450.0,45.13,34.08,0,NO,44.05,42.31,40.6,42.84,41.72,,1113,0.0,285671.0,NO,NO,2022-06-06,2727000.0
1158,DFIV,57.99,58.04,1002209.0,ETF,ETF,74.0,58.0,70.0,54.0,0.3453,0.2912,1187361.0,1021530.0,58.47,44.89,0,NO,57.94,56.43,53.67,56.98,55.23,,1247,0.0,1139984.0,NO,NO,2025-04-28,20695100.0
1159,MTB,231.57,233.94,484689.0,Financial Services,Banks - Regional,74.0,10.0,81.0,55.0,4.1379,3.8929,1097855.0,1014100.0,255.95,174.76,33438861312,NO,246.28,244.38,219.69,244.19,225.64,,11709,0.0,827626.0,NO,NO,2010-10-07,16449400.0
1160,FTDS,66.28,66.282,186.0,ETF,ETF,74.0,67.0,83.0,52.0,0.4264,0.2486,2387.0,940.0,67.24,53.43,0,NO,66.09,63.99,60.63,64.69,62.0,,2927,0.0,232.0,NO,NO,2016-10-07,317600.0
1161,TSSD,29.78,30.822,542.0,ETF,ETF,74.0,74.0,68.0,79.0,0.5736,0.1668,2306.0,1610.0,32.15,23.67,0,NO,30.78,29.18,,29.68,26.95,,168,0.0,962.0,NO,NO,2026-01-08,124400.0
1162,FNDF,55.28,55.57,2169038.0,ETF,ETF,74.0,67.0,53.0,58.0,0.4289,0.3282,1411303.0,1521210.0,55.97,41.48,0,NO,55.32,53.94,50.47,54.3,52.42,,3280,0.0,2241169.0,NO,NO,2020-03-09,12151800.0
1163,ROKT,108.71,109.97,46593.0,ETF,ETF,74.0,25.0,7.0,40.0,2.1025,1.8925,34455.0,16560.0,137.63,69.97,0,NO,116.75,114.1,104.94,113.88,112.04,,1973,0.0,47742.0,NO,NO,2026-07-31,287800.0
1164,ALRM,55.95,57.56,228822.0,Technology,Software - Application,74.0,61.0,92.0,81.0,1.3121,1.237,481571.0,342920.0,58.2,41.49,2746598400,NO,56.52,52.97,48.87,54.47,48.48,,2811,0.0,421265.0,NO,NO,2015-06-26,9088400.0
1165,DG,131.19,126.75,2535331.0,Consumer Defensive,Discount Stores,74.0,72.0,90.0,8.0,4.1225,3.7375,2764030.0,2924970.0,158.23,95.11,28955953152,NO,123.87,121.72,125.59,123.74,123.29,,4223,0.32,3755453.0,NO,NO,2012-11-30,66137200.0
1166,GFLW,33.38,34.011,240734.0,ETF,ETF,74.0,75.0,57.0,84.0,0.4794,0.3269,155208.0,109800.0,34.94,25.0,0,NO,34.0,33.22,29.87,33.28,30.66,,434,0.0,296282.0,NO,NO,2025-03-04,5297900.0
1167,CZR,29.67,29.7,1344957.0,Consumer Cyclical,Resorts & Casinos,74.0,39.0,58.0,84.0,0.1325,0.1268,4617663.0,2595060.0,30.88,17.86,6046074368,NO,29.78,29.86,26.29,29.88,27.96,,3003,0.0,2055779.0,NO,NO,2026-05-28,95920300.0
1168,EWJV,47.82,47.69,166301.0,ETF,ETF,74.0,71.0,74.0,58.0,0.4925,0.376,160636.0,109670.0,48.36,37.41,0,NO,47.44,46.25,43.7,46.78,44.97,,1882,0.0,171459.0,NO,NO,2024-04-02,1587400.0
1169,GDXJ,123.25,127.93,2717477.0,ETF,ETF,74.0,95.0,73.0,8.0,5.1593,4.0693,5552001.0,5212850.0,157.49,80.06,0,NO,123.38,108.05,117.7,110.66,117.51,,4226,0.0,5279589.0,NO,NO,2020-03-12,84076500.0
1170,YSWY,24.36,24.91,379315.0,Consumer Defensive,Grocery Stores,74.0,92.0,81.0,,1.4218,1.4175,449423.0,266520.0,29.08,18.92,759680256,NO,23.76,21.73,,22.34,,,91,0.0,464173.0,NO,NO,2026-04-22,8828800.0
1171,AIUP,29.26,29.99,4340.0,ETF,ETF,74.0,74.0,63.0,83.0,0.5975,0.3482,1677.0,3250.0,31.18,22.56,0,NO,29.79,28.25,,28.62,26.72,,142,0.0,4347.0,NO,NO,2026-03-19,40300.0
1172,ACVU,31.97,32.12,2529.0,ETF,ETF,74.0,46.0,74.0,69.0,0.1749,0.1389,7857.0,6780.0,32.58,25.66,0,NO,32.34,31.73,29.26,31.88,30.0,,721,0.0,2778.0,NO,NO,2025-12-29,585000.0
1173,AAXJ,116.32,116.76,435227.0,ETF,ETF,74.0,78.0,18.0,70.0,1.7736,1.1829,543744.0,482350.0,124.89,85.19,0,NO,115.17,114.36,105.62,114.0,110.03,,4538,0.0,481690.0,NO,NO,2011-10-19,9487100.0
1174,MNSB,24.86,24.94,12823.0,Financial Services,Banks - Regional,74.0,83.0,77.0,71.0,0.7136,0.6864,40838.0,34880.0,25.71,17.86,177065552,NO,24.67,24.3,22.48,24.31,23.46,,5279,0.0,28154.0,NO,NO,2024-06-28,888100.0
1175,IXG,133.22,134.21,18036.0,ETF,ETF,74.0,44.0,81.0,74.0,1.061,0.9445,61988.0,43580.0,135.65,109.99,0,NO,134.12,131.05,122.36,132.11,123.64,,6230,0.0,19164.0,NO,NO,2021-05-26,18058100.0
1176,ESN,20.49,20.597,89123.0,ETF,ETF,74.0,67.0,67.0,72.0,0.1257,0.1049,74453.0,55530.0,20.82,16.44,0,NO,20.59,20.15,18.62,20.26,19.18,,466,0.0,89525.0,NO,NO,2025-06-24,1621900.0
1177,TEXX,30.97,30.671,246.0,ETF,ETF,74.0,73.0,76.0,61.0,0.2209,0.1578,860.0,910.0,31.13,25.35,0,NO,30.21,29.43,,29.71,28.7,,153,0.0,246.0,NO,NO,2026-03-05,40700.0
1178,DFSV,39.49,39.78,1452002.0,ETF,ETF,74.0,37.0,70.0,63.0,0.3662,0.3502,801347.0,588290.0,40.95,30.32,0,NO,40.25,39.55,36.45,39.72,37.69,,1133,0.0,1559965.0,NO,NO,2025-04-04,8422300.0
1179,AJG,261.8,262.15,1289691.0,Financial Services,Insurance Brokers,74.0,78.0,94.0,78.0,7.4279,7.2357,1601365.0,1367150.0,313.55,190.75,67124174848,NO,256.6,249.73,233.78,254.19,226.96,,10631,0.0,2021005.0,NO,NO,2016-05-27,37176900.0
1180,VIK,84.82,86.14,3830635.0,Consumer Cyclical,Travel Services,74.0,1.0,14.0,79.0,3.9454,3.7526,2728892.0,4687000.0,110.09,56.37,37892775936,NO,97.44,99.64,81.86,97.33,86.85,,585,0.0,4854187.0,NO,NO,2024-05-01,35017400.0
1181,EPD,39.22,38.82,1770254.0,Energy,Oil & Gas Midstream,74.0,72.0,73.0,58.0,0.5907,0.5643,2904777.0,2472620.0,40.17,30.01,84727087104,NO,38.35,37.92,36.16,38.2,37.73,,7067,1.0,2294337.0,NO,NO,2020-03-12,36622200.0
1182,RNGR,16.96,16.7,189936.0,Energy,Oil & Gas Equipment & Services,74.0,80.0,81.0,20.0,0.6264,0.5992,209465.0,182950.0,18.82,11.88,395962240,NO,16.74,16.13,15.84,16.28,16.47,,2275,0.0,299915.0,NO,NO,2023-06-23,2283500.0
1183,AR,39.95,38.48,2721272.0,Energy,Oil & Gas E&P,74.0,87.0,79.0,61.0,1.05,0.965,4458003.0,3168270.0,45.75,29.1,12282188800,NO,37.18,35.62,36.17,36.19,37.14,,3241,1.87,4805967.0,NO,NO,2020-08-18,59919600.0
1184,SHE,156.58,158.677,1659.0,ETF,ETF,74.0,59.0,42.0,81.0,0.9739,0.5549,2757.0,2490.0,162.02,124.08,0,NO,159.35,155.82,141.91,156.38,146.41,,2636,0.0,1935.0,NO,NO,2016-03-08,4219800.0
1185,ARMG,15.07,15.9,369682.0,ETF,ETF,74.0,5.0,0.0,97.0,2.1631,1.7977,1202423.0,625240.0,65.95,4.63,0,NO,18.97,24.36,16.78,21.36,21.05,,409,0.0,386271.0,NO,NO,2026-05-06,10883000.0
1186,VABK,46.42,46.3,2009.0,Financial Services,Banks - Regional,74.0,57.0,81.0,79.0,0.5368,0.4875,7471.0,5380.0,50.0,37.31,251841584,NO,46.86,45.84,42.13,45.99,42.9,,6874,0.0,6421.0,NO,NO,2023-06-23,606100.0
1187,ROAM,36.15,36.32,7626.0,ETF,ETF,74.0,83.0,22.0,67.0,0.3394,0.1902,22528.0,8940.0,37.76,26.69,0,NO,35.76,35.23,32.88,35.25,34.23,,2894,0.0,9353.0,NO,NO,2023-02-17,844400.0
1188,ASGM,32.97,32.975,1067.0,ETF,ETF,74.0,80.0,54.0,74.0,0.2286,0.0804,839.0,1030.0,33.37,24.6,0,NO,32.25,31.57,29.64,31.76,30.63,,270,0.0,1070.0,NO,NO,2025-08-05,200100.0
1189,ASD,28.17,27.62,36.0,ETF,ETF,74.0,74.0,,,0.216,0.0464,577.0,210.0,28.52,24.59,0,NO,27.86,27.27,,27.54,,,63,0.0,36.0,NO,NO,2026-07-08,4100.0
1190,DIVY,30.78,31.03,1592.0,ETF,ETF,74.0,66.0,80.0,60.0,0.2528,0.1428,2346.0,1980.0,31.4,24.94,0,NO,31.0,30.17,28.19,30.43,28.93,,1421,0.0,1655.0,NO,NO,2024-02-14,44000.0
1191,JDVL,31.97,32.28,1302197.0,ETF,ETF,74.0,62.0,67.0,69.0,0.2631,0.2011,88339.0,42510.0,32.89,25.55,0,NO,32.41,31.84,29.29,31.92,30.04,,267,0.0,1310493.0,NO,NO,2026-02-11,17133300.0
1192,RWL,133.37,133.53,201196.0,ETF,ETF,74.0,58.0,71.0,69.0,0.8975,0.7389,270817.0,257300.0,135.71,106.99,0,NO,134.29,131.56,122.25,132.3,125.34,,4650,0.0,223244.0,NO,NO,2025-01-23,5144600.0
1193,QTAP,52.49,52.42,86.0,ETF,ETF,74.0,65.0,55.0,79.0,0.1405,0.0718,3250.0,1430.0,52.48,42.6,0,NO,52.03,51.32,47.85,51.53,49.4,,1359,0.0,6200.0,NO,NO,2021-09-27,692800.0
1194,MDGL,538.51,540.03,86267.0,Healthcare,Biotechnology,74.0,92.0,84.0,86.0,20.0446,19.6761,356128.0,232690.0,615.0,393.61,12463058944,NO,522.72,527.3,515.11,524.69,502.24,,4923,0.0,165742.0,NO,NO,2022-12-19,8816700.0
1195,CWBC,25.75,25.93,99623.0,Financial Services,Banks - Regional,74.0,70.0,77.0,67.0,0.4778,0.4764,364874.0,227350.0,28.17,19.79,698705792,NO,25.8,26.22,24.17,26.01,24.65,,6914,0.0,164250.0,NO,NO,2021-06-25,1615300.0
1196,REMG,36.54,36.691,9367.0,ETF,ETF,74.0,76.0,18.0,63.0,0.4866,0.2852,16893.0,8920.0,38.96,26.7,0,NO,36.35,36.04,33.46,35.98,34.83,,315,0.0,9423.0,NO,NO,2025-06-10,1114500.0
1197,AGIX,44.22,45.13,74235.0,ETF,ETF,74.0,77.0,10.0,89.0,0.9981,0.6913,275561.0,174810.0,49.67,30.89,0,NO,45.18,44.48,39.45,44.35,40.97,,532,0.0,128184.0,NO,NO,2026-06-16,1130900.0
1198,TDI,46.7,47.06,35832.0,ETF,ETF,74.0,72.0,56.0,55.0,0.4871,0.3348,71526.0,59000.0,47.84,35.49,0,NO,46.87,45.57,42.91,45.84,44.32,,682,0.0,37174.0,NO,NO,2026-07-10,469500.0
1199,APEI,45.81,45.65,193943.0,Consumer Defensive,Education & Training Services,74.0,11.0,10.0,35.0,1.6737,1.6701,303204.0,255140.0,61.59,29.05,838210688,NO,46.89,50.51,47.88,49.59,51.9,,4730,0.0,387272.0,NO,NO,2010-08-06,6126800.0
1200,DTCR,27.45,27.89,544441.0,ETF,ETF,74.0,46.0,8.0,63.0,0.5401,0.4367,1261719.0,684050.0,32.79,18.13,0,NO,28.39,28.65,26.24,28.26,28.01,,1465,0.0,603172.0,NO,NO,2026-07-02,9154000.0
1201,IWS,168.31,169.77,183758.0,ETF,ETF,74.0,53.0,71.0,65.0,1.4082,1.0864,474352.0,294610.0,173.52,133.74,0,NO,171.36,167.99,154.33,168.8,159.23,,6306,0.0,527039.0,NO,NO,2008-05-22,13505700.0
1202,MEDX,36.65,36.417,3710.0,ETF,ETF,74.0,79.0,81.0,52.0,0.5301,0.3045,2336.0,1930.0,37.9,28.86,0,NO,36.39,36.01,34.12,36.15,34.49,,899,0.57,4435.0,NO,NO,2025-05-01,24400.0
1203,NFJ,15.43,15.57,292491.0,Financial Services,Asset Management,73.0,57.0,67.0,78.0,0.1346,0.1267,177041.0,110600.0,15.75,12.25,1451990144,NO,15.56,15.29,13.97,15.35,14.39,,5410,0.0,317244.0,NO,NO,2010-12-22,2821200.0
1204,LVDS,60.02,60.294,7420.0,ETF,ETF,73.0,47.0,78.0,75.0,0.2866,0.213,4080.0,10920.0,61.2,49.22,0,NO,60.71,59.27,54.31,59.67,55.67,,286,0.0,7732.0,NO,NO,2026-03-23,174100.0
1205,TEQI,52.22,52.41,5593.0,ETF,ETF,73.0,48.0,74.0,68.0,0.4054,0.3691,19149.0,14230.0,53.26,42.44,0,NO,52.65,51.75,47.97,51.98,49.17,,1525,0.0,6641.0,NO,NO,2024-06-25,679100.0
1206,NXTI,36.51,36.745,107.0,ETF,ETF,73.0,72.0,75.0,82.0,0.2456,0.0778,920.0,520.0,36.83,29.1,0,NO,36.17,35.17,32.71,35.49,33.04,,595,0.0,100.0,NO,NO,2025-08-19,476600.0
1207,GGM,31.59,31.67,16.0,ETF,ETF,73.0,62.0,79.0,55.0,0.1173,0.033,795.0,1100.0,31.9,26.13,0,NO,31.6,30.81,28.89,31.08,29.51,,734,0.0,1200.0,NO,NO,2023-12-06,213400.0
1208,TPFC,28.67,28.84,2022.0,ETF,ETF,73.0,83.0,80.0,,0.1865,0.0653,5144.0,2650.0,28.9,24.58,0,NO,28.05,26.57,,27.04,,,82,0.0,2069.0,NO,NO,2026-05-05,202200.0
1209,STXV,39.33,39.442,3890.0,ETF,ETF,73.0,62.0,72.0,60.0,0.2018,0.146,8512.0,6770.0,40.05,31.64,0,NO,39.52,38.82,36.25,38.99,37.31,,952,0.0,4679.0,NO,NO,2025-03-04,255100.0
1210,ABOT,43.98,44.59,752.0,ETF,ETF,73.0,85.0,71.0,88.0,0.4882,0.1834,366.0,260.0,44.73,32.14,0,NO,43.44,41.22,37.97,41.99,37.92,,1438,0.0,1438.0,NO,NO,2020-12-10,3397200.0
1211,DIN,32.29,33.08,189719.0,Consumer Cyclical,Restaurants,73.0,5.0,66.0,61.0,1.4064,1.3529,301428.0,201200.0,39.68,22.47,408763968,NO,34.98,35.18,32.06,35.08,31.65,,8847,0.0,330612.0,NO,NO,1991-07-12,6450000.0
1212,XCNY,33.8,33.58,7757.0,ETF,ETF,73.0,77.0,48.0,68.0,0.2459,0.043,553.0,740.0,34.51,25.77,0,NO,33.3,32.98,30.83,33.03,31.83,,498,0.0,7757.0,NO,NO,2025-01-08,80100.0
1213,IYM,189.35,192.03,1098463.0,ETF,ETF,73.0,84.0,63.0,36.0,3.005,2.2729,205752.0,73700.0,197.36,139.08,0,NO,190.01,182.93,174.96,184.53,182.18,,6588,0.0,1389034.0,NO,NO,2009-03-26,6265500.0
1214,MOO,87.31,85.98,781623.0,ETF,ETF,73.0,83.0,82.0,45.0,1.1571,0.9436,222409.0,423330.0,87.32,69.32,0,NO,82.91,81.78,80.15,82.86,82.29,,4777,0.28,938540.0,NO,NO,2011-05-09,5819100.0
1215,SURE,150.0,151.07,581.0,ETF,ETF,73.0,43.0,69.0,70.0,0.9261,0.4579,528.0,400.0,153.29,119.18,0,NO,151.84,149.44,136.62,150.07,140.32,,3747,0.0,586.0,NO,NO,2013-10-30,427000.0
1216,ADUS,114.68,114.67,79089.0,Healthcare,Medical Care Facilities,73.0,30.0,94.0,64.0,2.8157,2.6036,234274.0,190070.0,124.44,87.95,2141475456,NO,118.04,112.13,105.47,114.7,103.46,,4235,0.0,157577.0,NO,NO,2009-10-28,2471500.0
1217,LYV,178.12,179.89,957995.0,Communication Services,Entertainment,73.0,62.0,67.0,66.0,3.9211,3.7954,2230177.0,1600770.0,189.25,125.34,41562304512,NO,183.08,181.04,159.61,180.68,167.72,,5204,0.0,1623698.0,NO,NO,2019-12-20,27143600.0
1218,FTXO,41.17,41.502,63646.0,ETF,ETF,73.0,20.0,81.0,67.0,0.5545,0.5379,90371.0,87630.0,44.12,32.9,0,NO,42.64,42.3,38.96,42.27,39.5,,2487,0.0,81057.0,NO,NO,2026-02-27,35386300.0
1219,BPH,68.58,66.972,250.0,ETF,ETF,73.0,22.0,60.0,69.0,1.0996,0.5526,665.0,1200.0,74.81,51.3,0,NO,66.78,64.84,63.3,65.81,66.39,,413,1.95,990.0,NO,NO,2026-02-17,15200.0
1220,TPYP,43.65,43.531,20903.0,ETF,ETF,73.0,62.0,73.0,47.0,0.6128,0.5381,53625.0,37600.0,44.65,33.94,0,NO,42.85,42.87,40.42,42.99,42.4,,2809,0.0,22661.0,NO,NO,2024-04-19,2275600.0
1221,JQUA,74.06,74.79,819789.0,ETF,ETF,73.0,69.0,65.0,79.0,0.5379,0.4465,480344.0,388430.0,75.64,59.7,0,NO,74.64,72.92,66.88,73.36,68.54,,2212,0.0,1016172.0,NO,NO,2026-03-03,6182600.0
1222,OMC,85.89,87.53,848253.0,Communication Services,Advertising Agencies,73.0,86.0,86.0,40.0,1.9286,1.7986,3533977.0,1912800.0,89.57,66.33,23563573248,NO,86.18,81.81,77.8,83.5,78.57,,11709,0.0,1553023.0,NO,NO,2002-06-12,62517600.0
1223,QQQP,213.48,218.514,684.0,ETF,ETF,73.0,79.0,10.0,87.0,3.9242,1.6537,2206.0,3570.0,239.8,139.75,0,NO,219.78,216.57,192.62,215.34,199.54,,480,0.0,687.0,NO,NO,2025-06-05,365300.0
1224,TSES,30.97,30.908,267.0,ETF,ETF,73.0,59.0,65.0,49.0,0.2417,0.129,1576.0,990.0,32.15,24.94,0,NO,31.22,30.76,,30.83,30.46,,168,0.18,497.0,NO,NO,2025-12-30,74900.0
1225,FRGN,31.47,31.71,41935.0,ETF,ETF,73.0,73.0,32.0,73.0,0.294,0.1707,53238.0,22560.0,32.36,25.0,0,NO,31.75,31.25,,31.29,30.01,,186,0.0,43773.0,NO,NO,2025-12-09,3193800.0
1226,ASA,61.59,63.8,64315.0,Financial Services,Asset Management,73.0,95.0,32.0,3.0,2.52,2.2543,74039.0,47070.0,83.2,38.1,0,NO,59.91,54.98,61.07,56.06,61.75,,12266,0.0,69806.0,NO,NO,2008-06-16,2898300.0
1227,IVAL,37.24,37.167,23232.0,ETF,ETF,73.0,70.0,72.0,49.0,0.2505,0.1762,16587.0,8530.0,37.41,29.29,0,NO,36.84,35.77,34.24,36.12,35.3,,2942,0.0,24551.0,NO,NO,2019-11-05,813800.0
1228,AEIS,268.42,276.86,218252.0,Industrials,Electrical Equipment & Parts,73.0,7.0,11.0,5.0,16.965,14.1521,797630.0,551120.0,397.44,144.09,10750340096,NO,307.93,311.35,297.72,299.21,324.51,,7745,0.0,419462.0,NO,NO,2000-10-13,10704900.0
1229,DIVD,44.93,44.852,17633.0,ETF,ETF,73.0,51.0,74.0,56.0,0.275,0.1509,5077.0,17550.0,45.72,36.11,0,NO,45.08,44.11,41.65,44.44,42.81,,982,0.0,18668.0,NO,NO,2025-04-16,76700.0
1230,GOP,43.98,44.393,11958.0,ETF,ETF,73.0,53.0,52.0,73.0,0.4886,0.397,10933.0,9100.0,45.88,34.81,0,NO,44.78,44.24,40.54,44.21,42.03,,894,0.0,12368.0,NO,NO,2025-01-21,71400.0
1231,FUNC,42.84,42.9,14128.0,Financial Services,Banks - Regional,73.0,13.0,79.0,82.0,1.0764,1.0343,24390.0,14860.0,46.3,33.54,276482336,NO,44.2,44.32,39.51,44.14,40.17,,8556,0.0,17156.0,NO,NO,2021-06-25,926600.0
1232,XPEL,48.22,49.26,110939.0,Consumer Cyclical,Auto Parts,73.0,85.0,78.0,73.0,1.3996,1.3381,237506.0,160610.0,55.91,31.5,1329461504,NO,49.55,47.16,46.92,47.36,45.69,,1802,0.0,197585.0,NO,NO,2022-02-14,4433700.0
1233,ESGG,238.73,240.101,393.0,ETF,ETF,73.0,68.0,59.0,76.0,1.1429,0.2432,446.0,580.0,243.59,190.38,0,NO,240.48,235.03,217.41,236.13,222.89,,2546,0.0,415.0,NO,NO,2017-09-25,200500.0
1234,JAVA,82.17,82.64,281351.0,ETF,ETF,73.0,53.0,75.0,63.0,0.5321,0.4531,414085.0,329550.0,84.06,67.14,0,NO,83.19,81.37,75.99,81.78,77.5,,1231,0.0,294131.0,NO,NO,2024-11-12,5371800.0
1235,LYB,65.21,65.08,1435012.0,Basic Materials,Specialty Chemicals,73.0,78.0,24.0,74.0,1.9986,1.6729,4836220.0,3280520.0,83.94,41.58,21042692096,NO,63.61,60.04,60.08,61.04,65.6,,4111,0.0,2537665.0,NO,NO,2012-09-04,41142800.0
1236,OPPE,59.59,60.1,7425.0,ETF,ETF,73.0,50.0,63.0,60.0,0.3111,0.2206,16473.0,13970.0,60.56,46.64,0,NO,60.05,58.32,55.14,58.79,56.66,,2891,0.0,9698.0,NO,NO,2016-01-15,2099100.0
1237,SPMO,145.42,147.09,1843146.0,ETF,ETF,73.0,57.0,19.0,85.0,2.7132,2.0885,2209649.0,1601170.0,162.3,107.24,0,NO,149.42,149.9,131.93,148.47,137.56,,2737,0.0,2030502.0,NO,NO,2024-08-19,14305300.0
1238,VPL,114.17,115.45,309165.0,ETF,ETF,73.0,77.0,24.0,59.0,1.68,1.1814,414200.0,289290.0,121.23,85.02,0,NO,114.5,112.82,104.25,112.66,108.98,,5403,0.0,343956.0,NO,NO,2026-02-17,23548100.0
1239,JDOC,63.0,62.597,267.0,ETF,ETF,73.0,72.0,84.0,58.0,0.6255,0.1839,403.0,430.0,64.69,50.34,0,NO,62.69,61.33,58.21,61.84,58.31,,708,0.0,267.0,NO,NO,2024-06-25,23200.0
1240,NSC,332.04,342.79,651295.0,Industrials,Railroads,73.0,31.0,80.0,53.0,6.8986,6.285,1139512.0,1142370.0,358.6,268.23,74623885312,NO,341.99,332.91,307.93,337.69,316.31,,11151,0.0,1332296.0,NO,NO,2009-04-22,22727600.0
1241,NCNO,22.33,22.6,1224817.0,Technology,Software - Application,73.0,94.0,94.0,92.0,1.0107,0.951,3030131.0,3243860.0,31.93,13.8,2362146304,NO,20.45,18.44,19.17,19.38,17.24,,1541,0.0,2362535.0,NO,NO,2025-04-02,20086400.0
1242,MATE,30.98,31.18,2297.0,ETF,ETF,73.0,68.0,40.0,67.0,0.2669,0.1171,11496.0,41410.0,31.69,22.68,0,NO,31.11,30.42,,30.62,29.19,,176,0.0,2432.0,NO,NO,2026-07-20,69900.0
1243,RUSC,37.42,37.831,4267.0,ETF,ETF,73.0,34.0,58.0,69.0,0.3692,0.2371,13817.0,6370.0,39.3,28.87,0,NO,38.6,38.34,34.7,38.26,35.97,,326,0.0,4342.0,NO,NO,2025-06-10,533200.0
1244,SYBT,78.14,79.21,113325.0,Financial Services,Banks - Regional,73.0,7.0,83.0,85.0,1.8546,1.8518,189680.0,125900.0,89.22,61.51,2427547648,NO,82.63,80.6,71.46,81.11,73.44,,8417,0.0,167201.0,NO,NO,2024-09-19,1489200.0
1245,GAIN,16.39,16.56,90718.0,Financial Services,Asset Management,73.0,58.0,64.0,82.0,0.2607,0.2593,207857.0,156790.0,17.14,13.11,0,NO,16.45,16.16,14.98,16.27,15.44,,5330,0.0,140952.0,NO,NO,2014-06-27,4546400.0
1246,GOOGL,334.13,339.35,13525698.0,Communication Services,Internet Content & Information,73.0,6.0,14.0,66.0,6.2057,5.8071,31651052.0,22799960.0,408.61,206.2,4086143385600,NO,346.43,348.91,335.05,346.64,341.81,,5544,0.0,21023431.0,YES,NO,2006-01-20,1643023332.0
1247,AGIQ,25.46,26.098,3129.0,ETF,ETF,73.0,84.0,37.0,83.0,0.4203,0.2927,5777.0,6880.0,26.15,19.37,0,NO,25.31,24.3,22.93,24.56,23.04,,250,0.0,3371.0,NO,NO,2025-09-05,49800.0
1248,VEON,61.73,61.88,75387.0,Communication Services,Telecom Services,73.0,93.0,86.0,71.0,1.7321,1.715,85660.0,83800.0,63.48,42.6,4250801408,NO,57.98,54.48,52.76,55.65,53.39,,7493,0.0,88852.0,NO,NO,2022-03-04,12290340.0
1249,FLAX,36.48,36.639,3406.0,ETF,ETF,73.0,77.0,18.0,67.0,0.4385,0.1912,7531.0,4730.0,39.2,26.94,0,NO,36.21,35.9,33.36,35.79,34.64,,2151,0.0,4005.0,NO,NO,2023-11-20,352300.0
1250,RULE,29.35,29.806,6660.0,ETF,ETF,72.0,45.0,12.0,78.0,0.3903,0.1474,3268.0,1760.0,34.42,21.46,0,NO,30.22,30.79,27.08,30.32,28.56,,1209,0.0,6809.0,NO,NO,2022-06-09,649000.0
1251,AOTG,64.24,65.105,1692.0,ETF,ETF,72.0,78.0,19.0,89.0,0.9318,0.4136,4207.0,3500.0,67.08,45.21,0,NO,64.27,63.23,57.03,63.36,57.95,,1047,0.0,1697.0,NO,NO,2022-06-29,624900.0
1252,HAFC,30.74,31.0,124304.0,Financial Services,Banks - Regional,72.0,18.0,66.0,81.0,0.4746,0.4596,247674.0,192670.0,33.5,22.85,911418112,NO,31.68,31.96,29.06,31.82,29.65,,8155,0.0,203225.0,NO,NO,2011-11-15,2889588.0
1253,IVSS,29.95,30.24,783.0,ETF,ETF,72.0,25.0,72.0,67.0,0.2133,0.0951,2968.0,2260.0,31.38,25.05,0,NO,30.67,30.31,,30.41,28.47,,185,0.0,885.0,NO,NO,2026-03-31,236300.0
1254,VIOV,115.89,117.29,47443.0,ETF,ETF,72.0,32.0,64.0,66.0,1.0743,0.9214,40747.0,34050.0,121.01,90.04,0,NO,118.85,117.45,107.91,117.65,111.32,,4018,0.0,51525.0,NO,NO,2014-03-24,1040200.0
1255,CVMC,75.86,76.74,2054.0,ETF,ETF,72.0,44.0,68.0,70.0,0.5909,0.3352,4409.0,5720.0,78.97,60.95,0,NO,77.81,76.57,69.64,76.78,71.72,,898,0.0,3124.0,NO,NO,2023-12-14,187400.0
1256,TBT,38.49,38.15,164729.0,ETF,ETF,72.0,44.0,77.0,81.0,0.705,0.445,349150.0,291380.0,39.32,31.69,0,NO,38.07,37.01,35.34,37.46,35.84,,4597,0.63,231497.0,NO,NO,2022-02-11,21934900.0
1257,BRNY,57.77,58.358,23820.0,ETF,ETF,72.0,53.0,49.0,79.0,0.4936,0.2799,24406.0,29090.0,60.15,45.87,0,NO,59.13,58.36,53.37,58.39,54.73,,972,0.0,24108.0,NO,NO,2025-03-05,332500.0
1258,ASB,29.85,30.61,1317286.0,Financial Services,Banks - Regional,72.0,18.0,82.0,74.0,0.5157,0.5093,1962273.0,1583130.0,32.46,23.86,5637162496,NO,31.28,30.96,27.93,30.94,28.59,,11709,0.0,2033023.0,NO,NO,2010-01-12,32066200.0
1259,VLU,246.09,247.33,6457.0,ETF,ETF,72.0,56.0,66.0,67.0,1.2636,0.8631,7684.0,12950.0,250.97,198.65,0,NO,248.25,243.47,226.9,244.71,233.21,,3480,0.0,6727.0,NO,NO,2024-11-20,184300.0
1260,XSVM,68.46,69.14,18218.0,ETF,ETF,72.0,16.0,66.0,68.0,0.6458,0.5601,33425.0,39350.0,72.97,52.86,0,NO,70.51,70.41,63.88,70.37,66.25,,5408,0.0,21662.0,NO,NO,2021-07-01,722400.0
1261,STXL,29.57,30.42,41674.0,ETF,ETF,72.0,3.0,1.0,,4.3693,3.63,208887.0,113100.0,70.41,18.2,0,NO,33.61,37.07,,34.45,,,90,0.0,43428.0,NO,NO,2026-04-29,1211700.0
1262,RSPE,34.58,34.863,11973.0,ETF,ETF,72.0,58.0,69.0,67.0,0.254,0.1527,8349.0,6290.0,35.35,28.02,0,NO,34.99,34.38,31.73,34.53,32.54,,1200,0.0,12051.0,NO,NO,2026-02-04,249200.0
1263,LVHI,42.99,42.89,913774.0,ETF,ETF,72.0,67.0,71.0,54.0,0.2618,0.2442,767980.0,1024180.0,43.35,34.25,0,NO,42.89,42.14,40.01,42.4,41.19,,2538,0.14,1033461.0,NO,NO,2025-03-18,5582000.0
1264,GEM,51.02,51.22,90857.0,ETF,ETF,72.0,75.0,21.0,65.0,0.6836,0.4388,110985.0,114710.0,54.29,38.1,0,NO,50.73,50.3,46.84,50.2,48.58,,2746,0.0,98740.0,NO,NO,2021-03-08,17486200.0
1265,SUPL,47.52,47.885,95.0,ETF,ETF,72.0,54.0,56.0,47.0,0.5266,0.3551,933.0,1120.0,50.16,36.69,0,NO,47.46,47.11,44.05,47.55,45.74,,1102,0.0,100.0,NO,NO,2022-04-29,16100.0
1266,ESGE,53.9,53.99,289236.0,ETF,ETF,72.0,77.0,20.0,66.0,0.7889,0.5106,847482.0,583420.0,57.11,40.07,0,NO,53.33,52.83,49.4,52.77,51.17,,2543,0.0,316932.0,NO,NO,2022-05-18,49535100.0
1267,QQXL,52.85,54.14,8321.0,ETF,ETF,72.0,76.0,7.0,89.0,1.0005,0.2626,2195.0,1180.0,62.06,34.07,0,NO,54.44,54.26,48.01,53.82,50.03,,262,0.0,8321.0,NO,NO,2026-01-07,39400.0
1268,KCE,167.95,171.03,19075.0,ETF,ETF,72.0,77.0,81.0,78.0,2.1457,1.7121,14815.0,12840.0,173.07,132.31,0,NO,167.4,160.33,151.58,162.59,151.93,,5229,0.0,20049.0,NO,NO,2009-06-25,4310600.0
1269,APPF,227.27,234.21,191985.0,Technology,Software - Application,72.0,95.0,93.0,87.0,8.7929,8.479,402825.0,366120.0,288.74,142.56,8049396736,NO,210.71,186.02,188.15,195.61,174.97,,2811,0.0,325638.0,NO,NO,2015-06-26,3529100.0
1270,JMSB,22.5,22.84,22127.0,Financial Services,Banks - Regional,72.0,20.0,79.0,78.0,0.586,0.5788,46568.0,57990.0,24.26,18.5,316394048,NO,23.1,22.6,20.98,22.67,21.33,,2388,0.0,31956.0,NO,NO,2022-06-24,1261300.0
1271,JHEM,40.03,40.15,123595.0,ETF,ETF,72.0,78.0,20.0,63.0,0.4839,0.3046,45996.0,76210.0,42.16,29.68,0,NO,39.6,39.18,36.7,39.14,38.09,,1990,0.0,231119.0,NO,NO,2019-02-19,6657600.0
1272,DFAT,70.32,70.86,245083.0,ETF,ETF,72.0,35.0,71.0,61.0,0.6666,0.6349,311735.0,264000.0,72.81,55.12,0,NO,71.73,70.7,65.38,70.92,67.38,,1310,0.0,272817.0,NO,NO,2023-05-04,3011900.0
1273,TFNS,29.39,29.631,3375.0,ETF,ETF,72.0,45.0,83.0,74.0,0.2199,0.1484,4976.0,4110.0,30.11,24.3,0,NO,29.7,29.0,27.11,29.22,27.17,,306,0.0,3386.0,NO,NO,2026-07-29,75800.0
1274,RMBI,15.67,15.79,39582.0,Financial Services,Banks - Regional,72.0,46.0,82.0,76.0,0.2518,0.2454,54036.0,55060.0,16.59,12.77,251149488,NO,15.91,15.6,14.49,15.64,14.77,,1801,0.0,60183.0,NO,NO,2019-07-02,2655000.0
1275,ORR,38.53,38.77,32923.0,ETF,ETF,72.0,32.0,79.0,38.0,0.4344,0.3964,84230.0,50570.0,39.8,30.66,0,NO,38.76,37.66,36.3,38.01,37.12,,408,0.0,34733.0,NO,NO,2026-03-03,815900.0
1276,GRIN,32.89,33.614,8340.0,ETF,ETF,72.0,76.0,56.0,61.0,0.4442,0.1689,38631.0,45890.0,34.7,25.64,0,NO,33.77,32.92,30.29,32.92,31.23,,297,0.0,8854.0,NO,NO,2025-07-31,2336200.0
1277,MEM,44.17,44.652,85.0,ETF,ETF,72.0,69.0,20.0,57.0,0.5259,0.1983,2663.0,1400.0,47.53,33.39,0,NO,44.04,43.72,40.6,43.53,42.13,,1036,0.0,700.0,NO,NO,2023-05-23,939600.0
1278,BRCE,30.12,30.22,184.0,ETF,ETF,72.0,65.0,65.0,76.0,0.1665,0.033,1253.0,1910.0,30.73,24.45,0,NO,30.33,29.65,27.42,29.86,28.07,,215,0.0,186.0,NO,NO,2025-10-22,803300.0
1279,BRIE,30.86,31.03,109790.0,ETF,ETF,72.0,66.0,61.0,61.0,0.2737,0.213,145692.0,136140.0,31.39,24.77,0,NO,31.0,30.39,28.55,30.49,29.31,,215,0.0,123807.0,NO,NO,2026-03-09,1582300.0
1280,VEFA,83.78,84.13,108.0,ETF,ETF,72.0,67.0,68.0,,0.4073,0.0473,100.0,100.0,85.19,0.01,0,NO,84.26,81.76,,82.3,,,104,0.0,108.0,NO,NO,2026-04-08,1900.0
1281,APHU,25.07,23.92,14217.0,ETF,ETF,72.0,44.0,87.0,86.0,1.5076,1.1244,13028.0,3720.0,31.77,14.5,0,NO,25.76,25.42,,25.02,,,135,0.38,14227.0,NO,NO,2026-05-26,71600.0
1282,MQQQ,221.8,228.068,4382.0,ETF,ETF,72.0,77.0,10.0,88.0,4.2496,2.5909,59144.0,10350.0,253.87,145.39,0,NO,229.44,226.8,201.05,225.54,208.46,,500,0.0,6877.0,NO,NO,2025-09-26,585700.0
1283,JHAI,33.04,33.599,2305.0,ETF,ETF,72.0,68.0,13.0,85.0,0.7133,0.4208,7353.0,5150.0,36.93,24.41,0,NO,34.14,33.91,30.11,33.68,31.3,,259,0.0,2446.0,NO,NO,2025-08-28,95200.0
1284,QSR,78.16,77.88,1528277.0,Consumer Cyclical,Restaurants,72.0,80.0,77.0,64.0,1.7611,1.615,2910566.0,2350830.0,81.96,61.33,35819700224,NO,76.91,75.09,73.18,76.02,75.06,,2946,0.41,2164707.0,NO,NO,2025-06-27,28728200.0
1285,NTSE,46.72,46.99,971.0,ETF,ETF,72.0,77.0,16.0,60.0,0.564,0.2196,3322.0,2530.0,56.98,34.04,0,NO,46.39,46.24,42.98,46.02,44.8,,1326,0.0,1173.0,NO,NO,2024-04-23,933000.0
1286,RFDA,73.5,73.308,237.0,ETF,ETF,72.0,61.0,68.0,76.0,0.3368,0.2015,3460.0,3290.0,74.21,60.56,0,NO,73.53,72.08,66.99,72.49,68.48,,2494,0.0,243.0,NO,NO,2018-03-08,1290400.0
1287,GWRE,200.13,204.75,706995.0,Technology,Software - Application,72.0,96.0,89.0,91.0,7.8114,7.1057,1553326.0,1106170.0,272.6,102.3,16662096896,NO,180.61,154.17,157.64,164.83,147.25,,3671,0.0,1128484.0,NO,NO,2025-01-24,13926100.0
1288,JPSV,69.38,69.376,356.0,ETF,ETF,72.0,23.0,75.0,72.0,0.3728,0.195,561.0,850.0,72.05,55.67,0,NO,70.76,69.7,63.23,69.91,65.01,,874,0.0,360.0,NO,NO,2024-04-25,48700.0
1289,IXJ,104.71,104.24,95335.0,ETF,ETF,72.0,76.0,85.0,52.0,1.5157,1.1507,270296.0,282710.0,107.69,85.36,0,NO,104.03,101.1,97.4,102.16,97.46,,6230,0.0,127643.0,NO,NO,2016-01-25,4959600.0
1290,IVLU,44.07,44.16,520368.0,ETF,ETF,72.0,57.0,64.0,53.0,0.2779,0.2296,812255.0,678440.0,44.63,34.47,0,NO,44.2,43.11,40.98,43.46,42.07,,2799,0.0,583221.0,NO,NO,2021-06-07,12614300.0
1291,EQBK,48.74,49.36,31270.0,Financial Services,Banks - Regional,72.0,17.0,77.0,62.0,0.8861,0.8739,130462.0,95260.0,52.27,38.6,1003575040,NO,50.57,49.88,46.52,49.97,47.12,,2715,0.0,62195.0,NO,NO,2015-11-11,805500.0
1292,FTAG,31.0,30.61,22319.0,ETF,ETF,72.0,82.0,78.0,50.0,0.4027,0.2106,5556.0,1540.0,31.13,24.98,0,NO,29.68,29.35,28.67,29.65,29.47,,4130,1.11,22383.0,NO,NO,2022-04-28,243800.0
1293,TGLB,30.44,30.442,9.0,ETF,ETF,72.0,71.0,64.0,80.0,0.2764,0.1445,861.0,270.0,32.51,24.22,0,NO,30.47,29.62,27.39,29.84,27.95,,297,0.0,416.0,NO,NO,2025-06-26,66200.0
1294,NORW,37.31,37.37,64176.0,ETF,ETF,72.0,80.0,26.0,48.0,0.3591,0.2734,59898.0,23370.0,39.39,27.84,0,NO,36.41,34.8,34.51,35.26,36.31,,4284,0.0,64519.0,NO,NO,2026-03-30,1375300.0
1295,EVT,28.65,28.84,74147.0,Financial Services,Asset Management,72.0,61.0,74.0,64.0,0.3207,0.3086,99220.0,78260.0,29.65,23.0,2135404800,NO,29.06,28.08,26.15,28.29,26.69,,5768,0.0,87927.0,NO,NO,2020-03-23,1444600.0
1296,BOKF,133.39,136.08,141037.0,Financial Services,Banks - Regional,72.0,11.0,76.0,50.0,2.2364,2.1307,251061.0,204890.0,146.84,102.72,8104775168,NO,141.9,140.55,130.06,140.5,133.9,,8809,0.0,221360.0,NO,NO,2025-11-07,2208800.0
1297,FRBA,17.63,17.8,48055.0,Financial Services,Banks - Regional,71.0,13.0,87.0,69.0,0.5132,0.5089,103590.0,97090.0,19.33,14.41,436413568,NO,18.44,18.0,16.64,18.07,16.74,,3992,0.0,77582.0,NO,NO,2018-06-22,1581900.0
1298,VIOO,132.48,133.97,111444.0,ETF,ETF,71.0,23.0,66.0,68.0,1.235,1.0154,75612.0,85840.0,139.7,104.26,0,NO,136.97,135.85,123.37,135.76,127.39,,4018,0.0,126282.0,NO,NO,2022-07-11,2159600.0
1299,QTOC,39.02,38.99,7.0,ETF,ETF,71.0,63.0,59.0,77.0,0.0729,0.0354,4538.0,290.0,39.05,31.4,0,NO,38.74,38.17,35.7,38.35,36.47,,1232,0.0,500.0,NO,NO,2023-07-27,557700.0
1300,TSNF,30.93,31.716,280.0,ETF,ETF,71.0,77.0,11.0,86.0,0.4467,0.1257,2780.0,1020.0,34.31,22.34,0,NO,31.29,30.84,,30.73,28.9,,167,0.0,2100.0,NO,NO,2026-01-07,210700.0
1301,BMNP,97.64,98.15,17830.0,Finance,Financial conglomerates,71.0,87.0,,,1.9114,1.8279,60379.0,46590.0,99.2,79.73,0,NO,92.15,88.32,,89.8,,,53,0.0,25143.0,NO,NO,2026-07-31,400000.0
1302,AAUA,58.61,58.93,7.0,ETF,ETF,71.0,64.0,52.0,,0.2864,0.1071,5401.0,15330.0,59.43,47.04,0,NO,58.74,57.55,,57.92,,,113,0.0,100.0,NO,NO,2026-07-27,149600.0
1303,DEW,72.13,72.01,1349.0,ETF,ETF,71.0,42.0,73.0,52.0,0.4407,0.3164,7241.0,9230.0,73.51,58.66,0,NO,72.51,71.22,67.07,71.64,69.11,,5083,0.0,1587.0,NO,NO,2015-09-28,516200.0
1304,BRZU,98.52,95.25,44855.0,ETF,ETF,71.0,26.0,67.0,8.0,3.2743,2.7125,23846.0,30740.0,133.04,62.95,0,NO,90.41,91.77,97.93,93.07,101.23,,3369,1.57,48611.0,NO,NO,2020-04-24,1386000.0
1305,TEK,37.85,38.461,11815.0,ETF,ETF,71.0,75.0,10.0,87.0,0.7346,0.2947,4934.0,3340.0,43.85,26.72,0,NO,38.55,38.66,34.17,38.24,35.81,,465,0.0,11980.0,NO,NO,2025-08-13,286500.0
1306,VRAI,28.79,28.724,784.0,ETF,ETF,71.0,55.0,68.0,60.0,0.1662,0.1004,1319.0,810.0,29.31,23.0,0,NO,28.62,28.32,26.56,28.48,27.68,,1900,0.0,790.0,NO,NO,2020-03-26,5221200.0
1307,MIDU,65.99,68.23,25992.0,ETF,ETF,71.0,15.0,24.0,46.0,1.7907,1.1771,18273.0,13400.0,77.88,42.74,0,NO,73.2,71.62,61.92,71.42,65.27,,4438,0.0,30982.0,NO,NO,2010-05-04,3607200.0
1308,JMOM,81.52,82.4,77945.0,ETF,ETF,71.0,54.0,34.0,78.0,0.8808,0.5693,118715.0,87110.0,85.91,64.61,0,NO,83.69,82.99,75.04,82.79,77.73,,2212,0.0,81511.0,NO,NO,2019-09-05,1547700.0
1309,CSTK,33.52,33.598,3940.0,ETF,ETF,71.0,55.0,71.0,65.0,0.2604,0.2342,7777.0,6410.0,34.33,27.26,0,NO,33.85,33.27,30.98,33.39,31.76,,331,0.0,7043.0,NO,NO,2026-05-01,978400.0
1310,TFIN,69.37,71.25,100994.0,Financial Services,Banks - Regional,71.0,7.0,25.0,85.0,1.8954,1.8596,245900.0,152670.0,83.52,46.43,1657564032,NO,75.26,76.43,66.59,75.95,68.37,,2969,0.0,165648.0,NO,NO,2018-08-03,4469000.0
1311,RFDI,91.49,92.144,2874.0,ETF,ETF,71.0,52.0,74.0,55.0,0.5254,0.3536,5379.0,3030.0,93.3,74.64,0,NO,92.27,89.84,85.27,90.55,87.11,,2610,0.0,2959.0,NO,NO,2018-03-08,1051000.0
1312,SPWO,33.04,33.3,87215.0,ETF,ETF,71.0,71.0,18.0,61.0,0.4837,0.3927,64317.0,78060.0,35.46,24.35,0,NO,33.46,33.05,30.62,32.95,31.8,,675,0.0,96789.0,NO,NO,2025-07-10,612000.0
1313,TALV,29.1,29.131,336.0,ETF,ETF,71.0,51.0,73.0,65.0,0.129,0.0912,7803.0,4760.0,29.55,24.57,0,NO,29.32,28.56,,28.75,27.26,,176,0.0,381.0,NO,NO,2026-03-26,1781800.0
1314,DFTT,29.86,30.313,9.0,ETF,ETF,71.0,72.0,23.0,80.0,0.3738,0.0996,2347.0,3100.0,32.67,23.44,0,NO,30.33,30.33,,30.09,28.45,,199,0.0,8400.0,NO,NO,2026-01-06,608500.0
1315,DFNL,51.06,51.508,13646.0,ETF,ETF,71.0,35.0,84.0,65.0,0.4666,0.4056,47771.0,22250.0,53.09,43.13,0,NO,52.14,51.15,48.06,51.42,48.18,,2421,0.0,14384.0,NO,NO,2022-01-05,1087700.0
1316,EVUS,36.97,37.19,25315.0,ETF,ETF,71.0,70.0,71.0,66.0,0.1927,0.1554,39774.0,35090.0,37.44,30.56,0,NO,37.12,36.17,33.92,36.43,34.65,,897,0.0,33954.0,NO,NO,2025-09-16,4225900.0
1317,JDVI,40.82,41.06,9359.0,ETF,ETF,71.0,72.0,65.0,53.0,0.4493,0.3283,55484.0,91560.0,41.92,31.97,0,NO,40.82,39.57,37.79,39.97,38.67,,675,0.0,10184.0,NO,NO,2026-08-06,647900.0
1318,JHDV,47.2,47.848,29.0,ETF,ETF,71.0,50.0,55.0,71.0,0.2151,0.0482,839.0,880.0,48.29,38.25,0,NO,47.67,47.07,43.35,47.2,44.76,,981,0.0,100.0,NO,NO,2022-09-30,190200.0
1319,GTPE,61.01,61.624,2553.0,ETF,ETF,71.0,64.0,47.0,75.0,0.5544,0.1544,1203.0,1070.0,63.06,47.7,0,NO,62.13,60.96,55.69,61.15,57.54,,214,0.0,2745.0,NO,NO,2026-02-26,179400.0
1320,RLY,37.7,37.6,300952.0,ETF,ETF,71.0,77.0,66.0,50.0,0.2678,0.2314,195476.0,197230.0,37.89,30.08,0,NO,37.06,36.02,35.0,36.39,36.15,,3607,0.03,318532.0,NO,NO,2022-06-28,1752400.0
1321,MCY,100.95,101.96,159077.0,Financial Services,Insurance - Property & Casualty,71.0,10.0,62.0,69.0,2.5033,2.4797,290646.0,246990.0,113.06,74.29,0,NO,105.49,106.68,96.35,106.47,98.88,,10272,0.0,266753.0,NO,NO,1985-11-20,9597600.0
1322,TRFM,58.02,59.31,27588.0,ETF,ETF,71.0,47.0,16.0,81.0,0.9531,0.5935,31247.0,31320.0,64.5,43.76,0,NO,60.61,60.03,53.43,59.73,55.56,,1039,0.0,28388.0,NO,NO,2026-05-01,322800.0
1323,DFAE,39.59,39.72,611756.0,ETF,ETF,71.0,79.0,20.0,62.0,0.5456,0.3699,1140685.0,799650.0,42.16,29.64,0,NO,39.22,38.84,36.43,38.78,37.8,,1441,0.0,675740.0,NO,NO,2022-09-26,5178000.0
1324,FLNG,31.45,31.66,449244.0,Energy,Oil & Gas Midstream,71.0,53.0,69.0,72.0,0.9037,0.8555,378690.0,463960.0,33.4,24.0,1701205248,NO,30.99,30.62,28.97,30.85,30.3,,1812,0.0,598731.0,NO,NO,2022-06-24,4063900.0
1325,NOEQ,29.92,29.65,7.0,ETF,ETF,71.0,61.0,49.0,,0.1286,0.0,88.0,100.0,29.92,24.64,0,NO,29.67,29.05,,29.2,,,111,0.0,100.0,NO,NO,2026-03-23,1800.0
1326,QQEW,161.98,165.12,305287.0,ETF,ETF,71.0,76.0,47.0,85.0,1.8457,1.4307,35617.0,31380.0,167.27,122.38,0,NO,163.64,158.85,144.65,159.79,146.53,,5115,0.0,306610.0,NO,NO,2013-10-09,6759500.0
1327,GFI,44.79,46.37,2888215.0,Basic Materials,Gold,71.0,97.0,89.0,4.0,1.91,1.3379,3878088.0,4156060.0,61.64,31.11,39903256576,NO,42.7,36.99,43.59,38.82,42.59,,11709,0.0,3740188.0,NO,NO,2022-11-04,67307400.0
1328,CVIE,84.36,85.322,13352.0,ETF,ETF,71.0,67.0,41.0,61.0,0.8049,0.5054,24876.0,18950.0,86.98,65.14,0,NO,85.34,84.03,78.02,84.18,80.63,,898,0.0,16133.0,NO,NO,2025-08-14,315600.0
1329,VDI,36.91,37.07,23.0,ETF,ETF,71.0,59.0,62.0,51.0,0.1677,0.0102,728.0,1430.0,37.42,30.45,0,NO,36.94,36.07,,36.34,35.06,,185,0.0,100.0,NO,NO,2025-12-18,438200.0
1330,MIGO,29.66,30.08,39.0,ETF,ETF,71.0,80.0,50.0,,0.2421,0.0107,5755.0,1450.0,30.84,21.81,0,NO,30.02,29.62,,29.61,,,129,0.0,100.0,NO,NO,2026-04-10,712700.0
1331,SEMI,37.52,38.12,12032.0,ETF,ETF,71.0,58.0,16.0,86.0,0.6269,0.3356,9571.0,10510.0,41.03,26.99,0,NO,38.39,38.14,34.12,37.97,35.32,,1109,0.0,12181.0,NO,NO,2022-06-27,826600.0
1332,TEXN,33.18,33.548,3230.0,ETF,ETF,71.0,77.0,36.0,64.0,0.2429,0.1004,2604.0,2720.0,34.12,25.9,0,NO,33.12,32.49,30.54,32.59,31.75,,299,0.0,3231.0,NO,NO,2025-06-25,108700.0
1333,NBBK,22.26,22.33,145946.0,Financial Services,Banks - Regional,71.0,14.0,84.0,44.0,0.4564,0.4543,303403.0,315610.0,23.47,16.84,975399552,NO,22.56,21.92,20.95,22.08,21.22,,670,0.0,361124.0,NO,NO,2024-06-28,6538300.0
1334,DBEM,39.11,39.12,13888.0,ETF,ETF,71.0,73.0,14.0,63.0,0.5293,0.3643,12480.0,7330.0,45.42,28.63,0,NO,38.94,39.02,36.35,38.81,37.89,,3829,0.0,13937.0,NO,NO,2016-12-12,5253800.0
1335,FVAL,82.1,82.49,25562.0,ETF,ETF,71.0,66.0,59.0,75.0,0.5299,0.4309,43512.0,63360.0,83.57,66.34,0,NO,82.73,80.48,75.35,81.1,76.8,,2503,0.0,28306.0,NO,NO,2025-03-17,2300900.0
1336,TFII,127.56,134.19,149343.0,Industrials,Trucking,71.0,11.0,5.0,61.0,4.0725,3.7568,351071.0,172840.0,167.69,80.63,10484542464,NO,139.44,143.32,124.9,142.06,134.51,,5229,0.0,217059.0,NO,NO,2020-02-13,2600800.0
1337,SGRT,31.03,31.456,20447.0,ETF,ETF,71.0,32.0,7.0,55.0,0.7297,0.5576,52504.0,31560.0,38.43,20.25,0,NO,32.11,33.17,29.98,32.39,31.9,,259,0.0,22581.0,NO,NO,2025-12-26,524100.0
1338,FXO,65.35,65.87,24765.0,ETF,ETF,71.0,30.0,84.0,67.0,0.5707,0.5214,48855.0,42460.0,67.38,54.4,0,NO,66.23,65.01,60.79,65.49,61.06,,4858,0.0,30789.0,NO,NO,2023-03-24,31170100.0
1339,GSSC,88.71,89.72,49017.0,ETF,ETF,71.0,33.0,64.0,73.0,0.8632,0.6577,38369.0,42370.0,92.84,70.21,0,NO,91.37,90.53,82.09,90.46,84.35,,2299,0.0,51709.0,NO,NO,2026-01-29,1521500.0
1340,GOOG,330.98,335.41,9581498.0,Communication Services,Internet Content & Information,71.0,5.0,14.0,63.0,5.9346,5.5718,21455688.0,16276870.0,404.47,206.96,4047497068544,NO,343.92,347.03,333.95,344.67,339.96,,5544,0.0,14313571.0,YES,NO,2006-01-20,1650832619.0
1341,MFVL,22.92,22.894,94.0,ETF,ETF,71.0,79.0,80.0,63.0,0.3163,0.1824,2884.0,1600.0,23.68,19.5,0,NO,22.47,21.45,,21.8,20.8,,182,0.0,100.0,NO,NO,2025-12-09,37100.0
1342,XSOE,47.37,47.61,35327.0,ETF,ETF,71.0,76.0,17.0,65.0,0.6476,0.4073,119328.0,64620.0,51.38,35.18,0,NO,47.17,46.92,43.67,46.71,45.32,,2935,0.0,37934.0,NO,NO,2021-03-08,13291900.0
1343,SPSM,55.56,56.2,8361491.0,ETF,ETF,71.0,23.0,65.0,65.0,0.5368,0.4607,1633233.0,1075890.0,58.6,43.66,0,NO,57.45,56.98,51.9,56.95,53.59,,3307,0.0,8571715.0,NO,NO,2024-02-13,15358900.0
1344,FSML,29.74,30.026,509.0,ETF,ETF,71.0,44.0,65.0,75.0,0.3022,0.1833,20669.0,2230.0,31.18,23.9,0,NO,30.56,30.27,,30.22,28.15,,179,0.0,862.0,NO,NO,2026-01-13,2543900.0
1345,VIDI,40.69,40.78,5808.0,ETF,ETF,70.0,79.0,27.0,58.0,0.395,0.2821,15422.0,12610.0,41.67,31.07,0,NO,40.12,39.4,37.43,39.63,38.76,,3227,0.0,11004.0,NO,NO,2013-10-31,6400000.0
1346,EPAI,25.82,26.387,1309.0,ETF,ETF,70.0,32.0,13.0,63.0,0.4984,0.0869,926.0,390.0,31.74,19.76,0,NO,27.55,27.84,,27.35,26.34,,175,0.0,2002.0,NO,NO,2025-12-18,174900.0
1347,VOE,205.65,206.55,429809.0,ETF,ETF,70.0,50.0,74.0,56.0,1.6264,1.3743,276957.0,294190.0,211.07,168.76,0,NO,208.35,204.28,191.1,205.47,196.08,,5034,0.0,497855.0,NO,NO,2009-10-14,5517700.0
1348,GTOP,47.74,48.573,661.0,ETF,ETF,70.0,56.0,18.0,87.0,0.6552,0.3839,14446.0,9370.0,50.59,34.43,0,NO,48.9,48.3,,48.31,44.35,,183,0.0,701.0,NO,NO,2025-12-22,673200.0
1349,NPO,288.55,296.22,82753.0,Industrials,Specialty Industrial Machinery,70.0,7.0,16.0,65.0,11.1671,10.0793,246514.0,145490.0,390.42,202.0,6108039680,NO,322.63,332.54,279.53,322.24,301.51,,6106,0.0,113344.0,NO,NO,2014-01-13,3043000.0
1350,QQQE,119.89,121.94,153602.0,ETF,ETF,70.0,68.0,38.0,80.0,1.2064,0.9086,200961.0,154320.0,125.0,95.64,0,NO,122.42,120.14,109.46,120.27,112.49,,3632,0.0,174107.0,NO,NO,2023-07-10,3758100.0
1351,GSEE,69.05,68.93,457.0,ETF,ETF,70.0,76.0,19.0,64.0,0.6994,0.1945,4068.0,7080.0,74.01,52.23,0,NO,68.37,67.88,63.46,67.7,65.73,,1579,0.0,27994.0,NO,NO,2023-11-29,1585300.0
1352,RICK,28.98,29.13,31403.0,Consumer Cyclical,Restaurants,70.0,92.0,87.0,89.0,1.1293,1.125,52817.0,78510.0,37.3,20.76,221537600,NO,29.14,27.6,25.15,28.0,25.57,,7770,0.0,44650.0,NO,NO,2010-03-01,2237000.0
1353,BSMC,40.19,40.535,11407.0,ETF,ETF,70.0,43.0,74.0,50.0,0.3082,0.2358,11542.0,8820.0,41.46,32.4,0,NO,40.69,39.96,37.46,40.21,38.46,,727,0.0,11517.0,NO,NO,2025-02-11,363400.0
1354,ESG,181.24,182.05,317.0,ETF,ETF,70.0,69.0,61.0,76.0,0.7993,0.2596,696.0,630.0,184.01,148.19,0,NO,181.99,177.98,165.52,178.82,168.93,,2547,0.0,327.0,NO,NO,2021-01-06,370000.0
1355,ONEO,154.3,155.175,548.0,ETF,ETF,70.0,49.0,62.0,66.0,0.7698,0.2745,428.0,300.0,159.17,123.07,0,NO,157.17,154.33,141.86,154.83,146.45,,2700,0.0,565.0,NO,NO,2015-12-03,5731400.0
1356,NVDL,33.64,34.76,10349887.0,ETF,ETF,70.0,87.0,10.0,88.0,2.0821,1.7193,15716236.0,18499720.0,43.27,21.54,0,NO,34.65,31.98,30.42,32.63,30.89,,932,0.0,11118784.0,YES,NO,2025-01-27,275820900.0
1357,TMVE,17.6,17.76,5848.0,ETF,ETF,70.0,28.0,62.0,58.0,0.1038,0.0666,31112.0,3540.0,18.26,14.18,0,NO,18.02,17.93,,17.93,17.09,,197,0.0,6056.0,NO,NO,2026-06-18,1632100.0
1358,RZG,65.93,66.59,4030.0,ETF,ETF,70.0,13.0,60.0,67.0,0.7757,0.5721,14446.0,5130.0,73.24,50.95,0,NO,69.2,69.75,61.77,69.19,64.32,,5154,0.0,25168.0,NO,NO,2011-07-07,4709700.0
1359,RESM,24.13,24.132,20.0,ETF,ETF,70.0,37.0,68.0,71.0,0.1638,0.0045,1596.0,100.0,24.96,19.69,0,NO,24.55,24.28,,24.29,22.74,,179,0.0,213.0,NO,NO,2026-03-09,122300.0
1360,KMLM,30.45,29.9,654527.0,ETF,ETF,70.0,75.0,75.0,72.0,0.3316,0.2416,278409.0,237650.0,30.47,25.77,0,NO,29.06,28.72,27.83,29.0,28.41,,1442,0.67,743160.0,NO,NO,2025-03-13,3517900.0
1361,OALC,41.22,41.81,16549.0,ETF,ETF,70.0,58.0,50.0,78.0,0.3114,0.2086,21258.0,24930.0,42.7,33.29,0,NO,42.0,40.98,37.79,41.11,38.78,,1201,0.0,16580.0,NO,NO,2023-01-10,852100.0
1362,GSJY,54.99,54.825,2067.0,ETF,ETF,70.0,72.0,70.0,54.0,0.6993,0.4223,9277.0,19670.0,56.34,43.67,0,NO,54.67,53.23,50.61,53.66,51.89,,2638,0.0,2096.0,NO,NO,2024-08-05,176800.0
1363,REMC,23.31,23.641,6.0,ETF,ETF,70.0,39.0,75.0,72.0,0.1046,0.0099,1603.0,130.0,23.8,19.64,0,NO,23.54,22.92,,23.12,21.74,,178,0.0,100.0,NO,NO,2026-03-09,123000.0
1364,ARVR,57.0,57.168,174.0,ETF,ETF,70.0,78.0,33.0,86.0,0.4058,0.0161,434.0,170.0,58.55,42.61,0,NO,56.75,55.81,51.23,55.85,52.21,,1095,0.0,174.0,NO,NO,2024-09-30,70700.0
1365,AMLP,55.81,55.59,1085598.0,ETF,ETF,70.0,54.0,76.0,56.0,0.6779,0.6143,1328584.0,1117100.0,55.98,44.64,0,NO,54.97,53.94,51.51,54.43,53.08,,4028,0.4,1272260.0,NO,NO,2018-03-15,24690960.0
1366,FNK,64.08,64.31,8187.0,ETF,ETF,70.0,56.0,78.0,59.0,0.3807,0.2807,4542.0,4610.0,65.11,51.98,0,NO,64.42,63.02,59.27,63.44,60.5,,3863,0.0,8608.0,NO,NO,2021-11-18,1457000.0
1367,JHID,43.97,44.284,133.0,ETF,ETF,70.0,53.0,61.0,52.0,0.1824,0.0264,776.0,440.0,44.71,34.94,0,NO,44.32,43.27,41.24,43.52,42.44,,925,0.0,137.0,NO,NO,2022-12-22,140000.0
1368,VFQY,174.71,176.657,3682.0,ETF,ETF,70.0,58.0,74.0,70.0,1.2006,0.9058,6785.0,6170.0,179.69,144.43,0,NO,177.46,173.27,160.8,174.29,163.66,,2146,0.0,5002.0,NO,NO,2025-01-15,190600.0
1369,RGT,15.19,15.32,20629.0,Financial Services,Asset Management,70.0,41.0,71.0,52.0,0.3421,0.3421,20350.0,27840.0,15.79,12.01,99689736,NO,15.39,14.89,14.05,15.01,14.43,,3242,0.0,21151.0,NO,NO,2020-12-07,486300.0
1370,FLV,86.58,87.209,5709.0,ETF,ETF,70.0,51.0,79.0,55.0,0.5665,0.4216,12134.0,7320.0,88.25,72.39,0,NO,87.4,84.9,79.94,85.69,81.57,,1611,0.0,9616.0,NO,NO,2020-06-04,1370200.0
1371,MSEX,57.92,58.0,49377.0,Utilities,Utilities - Regulated Water,70.0,60.0,85.0,58.0,1.315,1.215,166168.0,128290.0,62.18,44.17,1091441280,NO,58.29,56.81,53.41,57.47,54.41,,13495,0.0,82828.0,NO,NO,2021-07-14,3638300.0
1372,BRUN,16.88,17.43,1339112.0,Technology,Software - Infrastructure,70.0,1.0,0.0,95.0,2.2289,2.1608,1998717.0,2347800.0,42.0,10.26,1341747968,NO,19.33,23.84,17.75,22.09,20.17,,419,0.0,1737101.0,NO,NO,2026-08-14,6371200.0
1373,ROSC,54.65,54.972,1802.0,ETF,ETF,70.0,22.0,67.0,62.0,0.2949,0.1763,3982.0,14180.0,57.52,43.46,0,NO,56.08,55.89,51.3,55.88,52.86,,2877,0.0,1942.0,NO,NO,2026-02-04,262200.0
1374,SEG,26.11,26.29,23303.0,Real Estate,Real Estate Services,70.0,32.0,74.0,75.0,0.8818,0.8568,63338.0,61620.0,29.61,17.74,334456992,NO,27.4,26.74,22.97,26.74,24.1,,524,0.0,44247.0,NO,NO,2025-06-27,1112200.0
1375,JCAP,20.53,20.81,102575.0,Financial Services,Credit Services,70.0,70.0,93.0,36.0,0.8731,0.7996,360117.0,303990.0,24.44,15.5,1178946304,NO,21.76,20.18,20.31,20.7,19.74,,297,0.0,207911.0,NO,NO,2025-06-26,3417000.0
1376,DBEF,55.41,55.74,429747.0,ETF,ETF,70.0,54.0,70.0,60.0,0.3738,0.3352,435649.0,399670.0,56.84,44.99,0,NO,55.98,55.16,51.6,55.32,52.78,,3829,0.0,482705.0,NO,NO,2017-07-07,60086100.0
1377,NUGT,177.21,189.73,749013.0,ETF,ETF,70.0,98.0,80.0,0.0,14.5082,10.0532,714496.0,831060.0,320.79,98.81,0,NO,174.8,139.37,183.19,148.64,176.02,,3955,0.0,852708.0,NO,NO,2018-07-17,16470580.0
1378,SEIE,36.8,37.047,59646.0,ETF,ETF,70.0,58.0,69.0,54.0,0.317,0.2904,135169.0,98000.0,38.3,29.49,0,NO,37.04,36.17,34.27,36.43,35.03,,473,0.0,65129.0,NO,NO,2024-10-28,18554900.0
1379,FSUN,39.38,40.01,221705.0,Financial Services,Banks - Regional,70.0,63.0,86.0,56.0,0.7278,0.716,290687.0,230340.0,42.34,29.95,1730545792,NO,40.2,38.29,37.2,38.3,37.28,,1023,0.0,348828.0,NO,NO,2025-06-27,1939800.0
1380,DOL,76.33,76.75,7959.0,ETF,ETF,70.0,58.0,58.0,53.0,0.5171,0.4064,14692.0,11220.0,77.61,60.29,0,NO,76.78,75.26,71.05,75.6,73.14,,5083,0.0,8175.0,NO,NO,2022-09-28,1096600.0
1381,MFEM,28.74,28.738,6966.0,ETF,ETF,70.0,84.0,16.0,53.0,0.3361,0.2018,22455.0,15550.0,30.6,21.44,0,NO,28.23,27.69,26.28,27.75,27.38,,2257,0.0,7168.0,NO,NO,2021-01-14,6703300.0
1382,NUEM,42.55,42.621,70853.0,ETF,ETF,70.0,82.0,42.0,69.0,0.6223,0.4534,32938.0,33460.0,44.66,33.47,0,NO,41.99,41.34,39.17,41.38,40.24,,2318,0.0,71241.0,NO,NO,2020-03-30,1233600.0
1383,ALRG,31.23,31.364,8.0,ETF,ETF,70.0,54.0,59.0,72.0,0.1191,0.0341,469.0,160.0,31.79,25.71,0,NO,31.41,30.54,28.74,30.82,29.25,,289,0.0,100.0,NO,NO,2025-07-08,200300.0
1384,FMNB,15.35,15.61,236796.0,Financial Services,Banks - Regional,70.0,18.0,81.0,83.0,0.2714,0.2614,452639.0,369310.0,16.46,12.12,909153984,NO,15.85,15.23,14.0,15.35,14.25,,6957,0.0,369935.0,NO,NO,2016-06-24,2830000.0
1385,NODK,15.07,15.0,6759.0,Financial Services,Insurance - Property & Casualty,70.0,29.0,77.0,75.0,0.5008,0.4944,24412.0,16330.0,16.7,12.37,307442048,NO,15.3,15.59,14.03,15.52,14.31,,2378,0.0,13450.0,NO,NO,2017-03-16,1748600.0
1386,TMFX,24.33,24.606,2108.0,ETF,ETF,70.0,79.0,75.0,74.0,0.4006,0.2861,4941.0,4910.0,26.26,19.32,0,NO,24.42,23.51,21.92,23.8,22.1,,1170,0.0,2214.0,NO,NO,2022-01-12,273800.0
1387,DBAW,48.2,48.52,112617.0,ETF,ETF,70.0,61.0,53.0,60.0,0.3657,0.2493,29796.0,42000.0,49.25,37.98,0,NO,48.47,48.02,44.87,48.03,46.15,,3168,0.0,113571.0,NO,NO,2015-12-15,562000.0
1388,ESML,54.26,54.87,86455.0,ETF,ETF,70.0,55.0,58.0,64.0,0.5939,0.4387,210704.0,99060.0,56.75,42.87,0,NO,55.63,54.89,50.51,54.91,52.03,,2085,0.0,91650.0,NO,NO,2026-06-09,6691600.0
1389,GQQQ,35.22,35.581,11996.0,ETF,ETF,70.0,60.0,25.0,79.0,0.2789,0.1527,18823.0,17000.0,37.78,27.54,0,NO,35.83,35.42,32.46,35.39,33.46,,480,0.0,12596.0,NO,NO,2025-01-14,760400.0
1390,OAIM,48.22,48.42,11474.0,ETF,ETF,70.0,75.0,59.0,52.0,1.0353,0.9127,21458.0,24840.0,50.31,38.45,0,NO,47.84,47.08,44.76,47.19,46.05,,992,0.0,12265.0,NO,NO,2023-07-06,755400.0
1391,EWN,67.4,68.32,216683.0,ETF,ETF,70.0,53.0,44.0,67.0,0.7729,0.6,249187.0,260470.0,71.85,51.62,0,NO,69.44,68.35,63.2,68.24,64.91,,7663,0.0,263012.0,NO,NO,2026-06-08,2307400.0
1392,FTWO,47.24,47.205,5965.0,ETF,ETF,70.0,84.0,74.0,17.0,0.5162,0.3741,6782.0,4150.0,49.66,37.0,0,NO,46.6,44.69,44.34,45.2,45.45,,752,0.0,5989.0,NO,NO,2024-10-29,166000.0
1393,EQIN,54.07,54.08,11209.0,ETF,ETF,70.0,67.0,74.0,57.0,0.3474,0.2918,14712.0,11340.0,55.05,45.33,0,NO,54.25,53.14,50.31,53.43,51.35,,2543,0.0,11298.0,NO,NO,2021-12-01,454100.0
1394,EWI,61.19,62.28,134356.0,ETF,ETF,70.0,33.0,65.0,66.0,0.4579,0.3771,410377.0,163120.0,63.76,50.05,0,NO,62.88,61.31,57.11,61.61,58.35,,7663,0.0,240054.0,NO,NO,2014-08-07,15287400.0
1395,QVMS,33.46,33.882,3982.0,ETF,ETF,69.0,21.0,64.0,64.0,0.2836,0.1322,1980.0,790.0,35.42,26.45,0,NO,34.73,34.49,31.34,34.43,32.38,,1298,0.0,4219.0,NO,NO,2022-06-29,2368900.0
1396,XTAP,46.49,46.485,709.0,ETF,ETF,69.0,59.0,62.0,75.0,0.0692,0.0117,779.0,2220.0,46.49,39.05,0,NO,46.31,45.76,42.95,45.92,44.1,,1360,0.0,710.0,NO,NO,2022-03-11,345300.0
1397,MSFT,501.52,507.29,12786723.0,Technology,Software - Infrastructure,69.0,75.0,86.0,86.0,9.6879,9.25,37722571.0,22917460.0,553.72,349.2,3723688411136,NO,494.74,435.88,431.12,450.9,417.18,,10196,0.0,19129792.0,YES,NO,1986-03-13,1031788800.0
1398,DFEM,40.08,40.18,664338.0,ETF,ETF,69.0,81.0,19.0,62.0,0.5161,0.3304,996220.0,750350.0,42.57,30.49,0,NO,39.68,39.26,36.96,39.21,38.36,,1090,0.0,778393.0,NO,NO,2025-04-08,4804200.0
1399,CWT,49.78,49.97,263504.0,Utilities,Utilities - Regulated Water,69.0,31.0,86.0,67.0,0.8154,0.7746,516374.0,482260.0,53.82,41.29,3078659584,NO,50.03,49.85,45.99,50.3,46.92,,13495,0.0,456272.0,NO,NO,2016-03-07,5972500.0
1400,IWM,290.43,293.93,18456020.0,ETF,ETF,69.0,40.0,51.0,68.0,3.0682,2.3154,22764753.0,16946680.0,305.18,228.9,0,NO,299.88,297.18,271.53,296.7,279.68,,6604,0.0,22700723.0,YES,NO,2008-09-18,355117000.0
1401,SIXS,57.95,58.098,2617.0,ETF,ETF,69.0,22.0,77.0,57.0,0.4134,0.2199,4990.0,3470.0,60.43,47.9,0,NO,58.87,58.77,54.29,58.94,55.71,,1585,0.0,3217.0,NO,NO,2020-05-12,149200.0
1402,EMKT,31.25,31.222,10728.0,ETF,ETF,69.0,70.0,18.0,70.0,0.403,0.1992,17588.0,9000.0,33.28,23.77,0,NO,31.32,31.03,28.4,30.92,29.63,,212,0.06,14477.0,NO,NO,2026-07-01,184900.0
1403,EWC,60.54,61.43,1194610.0,ETF,ETF,69.0,65.0,65.0,51.0,0.6221,0.52,1649356.0,1904800.0,62.71,48.14,0,NO,61.64,59.83,56.78,60.31,58.16,,7663,0.0,1662114.0,NO,NO,2022-01-18,18747200.0
1404,JCI,138.95,138.24,2046191.0,Industrials,Building Products & Equipment,69.0,12.0,68.0,19.0,3.63,3.2507,3991036.0,2853860.0,157.06,103.82,84182917120,NO,148.05,144.8,134.28,144.44,140.85,,9805,0.24,3159598.0,NO,NO,2009-03-16,269590295.0
1405,SPVM,76.81,76.74,3827.0,ETF,ETF,69.0,35.0,73.0,57.0,0.5534,0.4806,15190.0,5330.0,78.97,63.28,0,NO,77.7,76.62,71.61,76.99,73.21,,3824,0.0,3863.0,NO,NO,2016-02-18,1098200.0
1406,AMCR,45.66,45.89,1229608.0,Consumer Cyclical,Packaging & Containers,69.0,65.0,92.0,17.0,1.13,1.0336,3620122.0,3652340.0,50.94,36.25,21099145216,NO,46.95,44.96,42.68,45.64,42.75,,3594,0.0,2427118.0,NO,NO,2026-03-20,46524100.0
1407,ADAMN,24.93,24.93,2126.0,Real Estate,REIT - Mortgage,69.0,78.0,76.0,68.0,0.2026,0.1879,8358.0,8990.0,25.12,21.01,0,NO,24.59,24.15,23.05,24.31,23.46,,2220,0.0,2655.0,NO,NO,2018-01-19,654200.0
1408,QQMG,49.29,50.007,9867.0,ETF,ETF,69.0,69.0,19.0,83.0,0.5571,0.3481,22112.0,13300.0,51.93,38.05,0,NO,50.05,49.49,45.26,49.47,46.52,,1214,0.0,10281.0,NO,NO,2025-12-23,560200.0
1409,VIOG,144.24,145.82,78526.0,ETF,ETF,69.0,19.0,65.0,66.0,1.4725,1.1468,30768.0,32530.0,154.43,114.18,0,NO,150.47,149.83,135.04,149.32,139.59,,4018,0.0,86082.0,NO,NO,2020-10-13,1332200.0
1410,DIVG,37.86,37.921,1482.0,ETF,ETF,69.0,44.0,74.0,58.0,0.1837,0.0813,1763.0,1510.0,38.74,31.47,0,NO,38.3,37.62,35.21,37.84,36.22,,684,0.0,1495.0,NO,NO,2025-04-10,100800.0
1411,QLTY,42.74,43.07,425638.0,ETF,ETF,69.0,68.0,64.0,71.0,0.3207,0.2575,381450.0,326590.0,43.7,34.36,0,NO,43.03,42.05,39.68,42.32,40.2,,699,0.0,476547.0,NO,NO,2024-01-29,4061400.0
1412,AFK,28.89,29.12,87741.0,ETF,ETF,69.0,87.0,70.0,23.0,0.6069,0.5369,63017.0,38220.0,30.85,22.2,0,NO,28.55,26.92,27.0,27.39,27.25,,4562,0.0,91515.0,NO,NO,2026-03-11,543500.0
1413,MLPA,57.31,57.31,101101.0,ETF,ETF,69.0,54.0,76.0,55.0,0.6652,0.6652,184673.0,141580.0,57.77,46.39,0,NO,56.4,55.34,52.91,55.9,54.53,,3612,0.0,120863.0,NO,NO,2020-06-18,4973100.0
1414,XIDV,39.4,39.529,7193.0,ETF,ETF,69.0,61.0,64.0,55.0,0.1895,0.1064,5198.0,1990.0,39.84,31.53,0,NO,39.28,38.13,36.5,38.42,37.54,,403,0.0,7453.0,NO,NO,2025-10-24,850100.0
1415,TTEK,35.83,36.14,1085247.0,Industrials,Engineering & Construction,69.0,84.0,94.0,33.0,0.8904,0.8875,3174963.0,2902300.0,43.14,25.81,9175352320,NO,35.92,32.85,32.95,33.87,31.84,,8737,0.0,1948684.0,NO,NO,2019-07-31,61289500.0
1416,AIVI,60.13,60.08,386.0,ETF,ETF,69.0,62.0,70.0,53.0,0.2722,0.1729,2296.0,1220.0,60.89,48.57,0,NO,60.27,58.43,55.59,58.9,57.06,,5083,0.0,394.0,NO,NO,2011-09-20,826200.0
1417,ZSB,22.01,22.012,17.0,ETF,ETF,69.0,37.0,13.0,16.0,0.1297,0.0175,282.0,310.0,25.47,14.25,0,NO,21.95,21.89,22.02,21.87,22.45,,909,0.0,400.0,NO,NO,2025-03-11,146700.0
1418,DEM,56.08,55.64,281842.0,ETF,ETF,69.0,76.0,49.0,66.0,0.4629,0.2954,240471.0,219310.0,56.53,44.23,0,NO,54.88,54.14,51.25,54.37,52.85,,4814,0.65,296531.0,NO,NO,2023-06-28,4962000.0
1419,MRBK,19.07,19.27,36090.0,Financial Services,Banks - Regional,69.0,19.0,76.0,26.0,0.4874,0.4799,123300.0,106600.0,21.67,13.81,227486944,NO,19.69,19.83,18.72,19.72,19.28,,2214,0.0,49793.0,NO,NO,2021-06-25,1436200.0
1420,RSSL,113.81,114.98,1179.0,ETF,ETF,69.0,41.0,52.0,68.0,1.0043,0.3824,23163.0,11530.0,119.41,89.95,0,NO,117.41,116.4,106.4,116.21,109.52,,561,0.0,1598.0,NO,NO,2024-06-14,4924400.0
1421,MA,581.7,589.31,1499861.0,Financial Services,Credit Services,69.0,59.0,89.0,72.0,9.8643,9.2221,3448193.0,2960880.0,601.62,464.52,509601218560,NO,576.29,549.86,529.61,560.82,521.21,,5098,0.0,3301985.0,NO,NO,2006-05-25,395343000.0
1422,TOS,29.81,30.2,21.0,ETF,ETF,69.0,88.0,43.0,78.0,0.3,0.0821,1823.0,360.0,31.32,23.67,0,NO,29.77,29.45,,29.41,28.08,,147,0.0,100.0,NO,NO,2026-07-09,45100.0
1423,PM,188.22,187.3,2828113.0,Consumer Defensive,Tobacco,69.0,23.0,79.0,43.0,4.4179,4.0343,4968525.0,4516010.0,207.76,142.11,293299847168,NO,188.87,187.15,173.75,188.65,179.04,,4644,0.0,4123941.0,NO,NO,2018-04-19,45570300.0
1424,KNGZ,42.06,42.41,682.0,ETF,ETF,69.0,70.0,56.0,68.0,0.3123,0.2025,5366.0,3090.0,43.01,33.67,0,NO,42.49,41.37,38.51,41.64,39.55,,2308,0.0,682.0,NO,NO,2018-04-18,414500.0
1425,NGVT,68.45,69.29,127610.0,Basic Materials,Specialty Chemicals,69.0,9.0,64.0,19.0,2.1371,1.9782,262133.0,220230.0,79.29,45.85,2350761984,NO,73.32,73.46,68.21,73.06,71.84,,2597,0.0,217900.0,NO,NO,2016-05-16,10098300.0
1426,QLC,91.76,92.24,13759.0,ETF,ETF,69.0,61.0,57.0,73.0,0.6265,0.5134,39546.0,33700.0,94.07,73.55,0,NO,92.89,91.11,85.01,91.53,86.74,,2749,0.0,14433.0,NO,NO,2024-09-18,1317700.0
1427,SIGI,91.13,91.29,141079.0,Financial Services,Insurance - Property & Casualty,69.0,15.0,74.0,61.0,1.8311,1.8111,535301.0,330410.0,100.4,72.78,5428236288,NO,93.23,94.98,85.86,94.92,87.8,,11709,0.0,302189.0,NO,NO,2019-09-20,10019000.0
1428,RXO,20.12,21.25,800009.0,Industrials,Trucking,69.0,32.0,3.0,86.0,1.1075,1.0721,1891298.0,1332810.0,29.9,10.43,3316664576,NO,21.93,24.45,18.73,23.82,20.77,,963,0.0,1222943.0,NO,NO,2023-01-04,23780600.0
1429,XOEX,41.3,41.64,412038.0,ETF,ETF,69.0,69.0,64.0,70.0,0.2034,0.1165,68774.0,87590.0,42.07,34.01,0,NO,41.65,40.82,38.13,40.99,38.83,,953,0.0,412043.0,NO,NO,2026-07-31,2216300.0
1430,APD,304.67,309.46,617504.0,Basic Materials,Specialty Chemicals,69.0,74.0,81.0,69.0,6.2404,5.8854,1247328.0,1079500.0,314.87,229.11,67850055680,NO,303.95,298.2,281.58,303.04,292.27,,11709,0.0,963470.0,NO,NO,2016-03-08,15012928.0
1431,SHRY,47.88,48.051,183.0,ETF,ETF,69.0,76.0,80.0,54.0,0.3927,0.0931,690.0,290.0,48.2,40.12,0,NO,47.4,45.48,43.83,46.16,44.59,,2310,0.0,183.0,NO,NO,2018-04-18,313500.0
1432,NBCE,39.64,40.125,23.0,ETF,ETF,69.0,58.0,15.0,58.0,0.4519,0.0681,977.0,1050.0,45.93,30.02,0,NO,39.95,40.81,37.47,40.01,38.97,,720,0.0,200.0,NO,NO,2026-01-27,118700.0
1433,RMR,19.15,19.32,42301.0,Real Estate,Real Estate Services,69.0,54.0,24.0,81.0,0.4074,0.3992,149382.0,88850.0,21.45,14.27,327000928,NO,19.63,19.99,17.69,19.91,18.67,,2693,0.0,82237.0,NO,NO,2019-06-27,2283100.0
1434,TOT,24.16,24.318,1020.0,ETF,ETF,69.0,63.0,53.0,72.0,0.1344,0.0636,982.0,1020.0,24.66,19.86,0,NO,24.27,23.8,22.3,23.93,22.74,,249,0.0,100.0,NO,NO,2026-01-14,46700.0
1435,QTJA,33.85,33.88,2242.0,ETF,ETF,69.0,71.0,59.0,77.0,0.1516,0.0978,4138.0,13750.0,33.88,27.34,0,NO,33.58,33.04,31.04,33.17,31.64,,1169,0.0,2247.0,NO,NO,2023-01-18,575800.0
1436,NOG,26.31,26.01,1229508.0,Energy,Oil & Gas E&P,69.0,95.0,89.0,16.0,0.8157,0.7507,2990463.0,2190570.0,31.17,17.18,2803307520,NO,24.59,21.75,23.83,22.59,24.34,,4877,0.0,2107951.0,NO,NO,2023-02-01,17165800.0
1437,VNO,36.59,37.38,639992.0,Real Estate,REIT - Office,69.0,8.0,82.0,91.0,1.1379,1.0454,1605746.0,1026960.0,43.37,24.57,7246606848,NO,38.8,39.11,33.36,39.01,33.33,,11709,0.0,1210108.0,NO,NO,2023-01-04,60865700.0
1438,OPPG,37.63,37.544,14.0,ETF,ETF,69.0,50.0,52.0,46.0,0.2553,0.0866,1200.0,470.0,37.8,29.59,0,NO,37.3,36.54,35.15,36.82,35.84,,289,0.0,100.0,NO,NO,2026-07-28,31800.0
1439,J,146.56,149.05,588754.0,Industrials,Engineering & Construction,69.0,85.0,90.0,54.0,3.115,3.0914,1048328.0,846740.0,168.44,105.68,17153177600,NO,146.86,136.32,132.82,139.17,130.48,,11709,0.0,926125.0,NO,NO,2007-10-25,17160846.0
1440,AFMC,40.48,40.74,17843.0,ETF,ETF,69.0,40.0,61.0,62.0,0.3971,0.3525,31295.0,25870.0,42.13,32.43,0,NO,41.42,40.86,37.8,40.89,38.96,,1693,0.0,19662.0,NO,NO,2024-07-31,625700.0
1441,SFTX,31.03,31.274,109175.0,ETF,ETF,69.0,67.0,38.0,59.0,0.3135,0.2141,184944.0,92650.0,31.87,25.04,0,NO,31.31,30.75,,30.82,29.67,,185,0.0,109196.0,NO,NO,2025-12-09,14117800.0
1442,SANM,188.78,196.72,504316.0,Technology,Electronic Components,69.0,54.0,2.0,90.0,9.7989,7.9346,1025880.0,665760.0,288.68,110.44,10118109184,NO,199.76,208.68,182.73,201.29,193.6,,8403,0.0,827784.0,NO,NO,2009-06-26,15827533.0
1443,DHS,117.71,117.88,27797.0,ETF,ETF,69.0,55.0,76.0,51.0,0.8816,0.6687,27090.0,30850.0,120.71,97.15,0,NO,118.33,116.62,110.12,117.22,113.11,,5083,0.0,31363.0,NO,NO,2015-03-10,1981600.0
1444,OMFS,51.88,52.345,15268.0,ETF,ETF,68.0,29.0,63.0,62.0,0.4283,0.3003,11441.0,7210.0,54.19,40.69,0,NO,53.27,52.98,48.71,52.94,50.14,,2211,0.0,15320.0,NO,NO,2021-02-16,991100.0
1445,EQWL,133.56,134.63,74680.0,ETF,ETF,68.0,69.0,68.0,66.0,0.8429,0.7179,83728.0,125610.0,136.07,111.59,0,NO,134.46,131.49,123.36,132.23,125.63,,4966,0.0,91649.0,NO,NO,2026-01-29,1042400.0
1446,RFLR,32.29,32.68,6340.0,ETF,ETF,68.0,46.0,69.0,63.0,0.562,0.4751,12747.0,12690.0,35.16,26.7,0,NO,33.06,32.68,30.3,32.74,30.97,,490,0.0,6555.0,NO,NO,2026-04-06,348200.0
1447,FTRI,18.27,18.39,18770.0,ETF,ETF,68.0,87.0,74.0,18.0,0.255,0.1732,40390.0,24520.0,19.13,14.45,0,NO,17.93,16.92,17.03,17.24,17.45,,4130,0.0,28358.0,NO,NO,2011-06-15,4894000.0
1448,BKSE,43.69,44.213,4078.0,ETF,ETF,68.0,28.0,61.0,64.0,0.3716,0.2139,5569.0,2970.0,46.02,35.0,0,NO,45.05,44.56,40.87,44.56,41.95,,1605,0.0,4238.0,NO,NO,2023-02-01,2017800.0
1449,DJD,65.88,65.89,37721.0,ETF,ETF,68.0,66.0,71.0,55.0,0.5073,0.4244,42923.0,45140.0,66.83,54.01,0,NO,65.98,64.75,61.16,65.13,62.64,,2689,0.09,47358.0,NO,NO,2019-01-03,2286900.0
1450,SCJ,108.83,109.2,18285.0,ETF,ETF,68.0,72.0,70.0,52.0,0.8807,0.6414,41747.0,20560.0,110.85,88.08,0,NO,108.84,106.88,100.81,107.49,103.98,,4698,0.0,19990.0,NO,NO,2019-01-29,3946500.0
1451,MOOD,44.39,44.522,36374.0,ETF,ETF,68.0,65.0,52.0,43.0,0.1361,0.0886,18436.0,22010.0,44.89,34.41,0,NO,44.35,43.87,41.85,44.0,43.0,,1074,0.0,89695.0,NO,NO,2026-02-18,339900.0
1452,TXS,41.92,42.379,900.0,ETF,ETF,68.0,65.0,70.0,59.0,0.2631,0.13,3161.0,2830.0,42.79,34.46,0,NO,42.14,41.12,38.68,41.43,39.73,,787,0.0,1656.0,NO,NO,2023-07-13,413000.0
1453,GDOC,37.26,37.348,2516.0,ETF,ETF,68.0,75.0,85.0,65.0,0.3684,0.0636,1782.0,680.0,38.66,31.32,0,NO,37.47,36.5,34.74,36.82,34.35,,1204,0.0,2752.0,NO,NO,2022-12-29,310800.0
1454,DBA,29.48,29.32,2959589.0,ETF,ETF,68.0,83.0,79.0,76.0,0.3007,0.2586,1088141.0,1534550.0,29.52,25.4,0,NO,28.15,27.74,26.86,28.01,27.29,,4944,0.0,3532269.0,NO,NO,2022-03-04,11291500.0
1455,JSML,87.11,88.503,17105.0,ETF,ETF,68.0,37.0,47.0,77.0,1.1887,0.8761,23722.0,12860.0,98.01,66.97,0,NO,90.66,90.2,80.59,89.75,82.97,,2644,0.0,17526.0,NO,NO,2025-03-18,1215800.0
1456,OMFL,70.11,70.55,216155.0,ETF,ETF,68.0,58.0,60.0,71.0,0.4254,0.3624,121571.0,88530.0,71.51,57.12,0,NO,70.89,69.5,64.86,69.85,66.38,,2211,0.0,238688.0,NO,NO,2024-10-08,6378000.0
1457,DIVE,27.9,28.019,566.0,ETF,ETF,68.0,71.0,80.0,65.0,0.1542,0.079,1838.0,1120.0,28.18,23.62,0,NO,27.72,26.89,25.78,27.22,25.9,,241,0.0,571.0,NO,NO,2025-10-29,61900.0
1458,CSWC,24.97,25.57,1261878.0,Financial Services,Asset Management,68.0,80.0,76.0,70.0,0.335,0.3229,646353.0,478220.0,25.75,19.37,1591116032,NO,24.98,24.19,23.05,24.42,23.39,,11709,0.0,1431625.0,NO,NO,2006-12-07,7146686.0
1459,TIER,32.65,32.848,34021.0,ETF,ETF,68.0,62.0,54.0,57.0,0.2469,0.1364,10126.0,3490.0,34.49,25.92,0,NO,32.89,32.32,30.4,32.4,31.19,,297,0.0,34167.0,NO,NO,2026-08-03,96200.0
1460,DFVE,36.69,36.985,2284.0,ETF,ETF,68.0,50.0,70.0,60.0,0.2376,0.1516,4358.0,3510.0,39.71,30.1,0,NO,37.28,36.57,34.16,36.73,34.98,,647,0.0,2347.0,NO,NO,2025-02-18,68400.0
1461,XJR,50.35,50.946,13185.0,ETF,ETF,68.0,20.0,63.0,66.0,0.435,0.3456,8746.0,7140.0,53.57,39.83,0,NO,52.23,51.91,47.06,51.82,48.61,,1489,0.0,13297.0,NO,NO,2021-01-27,122700.0
1462,THRM,38.58,39.29,101305.0,Consumer Cyclical,Auto Parts,68.0,12.0,79.0,83.0,1.5243,1.4264,416998.0,272080.0,48.35,27.0,1184606976,NO,41.2,38.85,34.6,39.37,34.2,,8363,0.0,166506.0,NO,NO,2016-09-08,4183800.0
1463,FLCA,54.07,54.81,27846.0,ETF,ETF,68.0,65.0,64.0,50.0,0.5693,0.4651,55690.0,67110.0,55.96,43.5,0,NO,55.01,53.43,50.77,53.84,51.97,,2215,0.0,34691.0,NO,NO,2022-07-13,2946200.0
1464,IYG,96.25,97.3,83886.0,ETF,ETF,68.0,53.0,83.0,74.0,0.9186,0.86,88936.0,77390.0,98.4,79.87,0,NO,97.33,95.07,89.89,95.69,89.51,,6587,0.0,96666.0,NO,NO,2009-04-24,19030200.0
1465,RFFC,76.64,76.644,46.0,ETF,ETF,68.0,62.0,62.0,63.0,0.358,0.1434,914.0,1430.0,77.69,61.91,0,NO,76.84,75.47,71.01,75.77,72.51,,2558,0.0,936.0,NO,NO,2018-03-08,1302900.0
1466,RFV,148.57,149.15,13557.0,ETF,ETF,68.0,36.0,71.0,67.0,1.3582,1.1968,5855.0,3470.0,153.3,121.21,0,NO,150.33,147.72,137.58,148.5,140.52,,5154,0.0,14201.0,NO,NO,2017-05-26,584900.0
1467,KLMN,31.62,31.805,80.0,ETF,ETF,68.0,66.0,55.0,73.0,0.1415,0.0309,849134.0,705640.0,32.07,25.96,0,NO,31.68,31.02,29.17,31.22,29.7,,427,0.0,100.0,NO,NO,2026-03-25,29954800.0
1468,RKSG,28.76,28.98,24.0,ETF,ETF,68.0,61.0,57.0,,0.1343,0.01,836.0,100.0,28.98,22.99,0,NO,28.71,27.93,,28.22,,,101,0.0,100.0,NO,NO,2026-04-07,18000.0
1469,KLMT,35.26,35.444,101.0,ETF,ETF,68.0,63.0,54.0,65.0,0.1639,0.0286,2317.0,1010.0,35.66,29.1,0,NO,35.32,34.67,32.58,34.84,33.26,,546,0.0,100.0,NO,NO,2025-02-03,19325400.0
1470,FMTM,38.54,39.33,314071.0,ETF,ETF,68.0,48.0,12.0,53.0,0.7244,0.624,227034.0,186660.0,48.0,26.95,0,NO,39.2,39.65,37.02,39.2,38.49,,365,0.0,348505.0,NO,NO,2026-07-02,471200.0
1471,NPFE,28.16,28.54,13018.0,ETF,ETF,68.0,57.0,72.0,,0.1797,0.0979,10430.0,29760.0,28.92,23.55,0,NO,28.65,27.83,,28.03,,,120,0.0,13024.0,NO,NO,2026-08-20,113200.0
1472,IVSI,30.11,29.976,7.0,ETF,ETF,68.0,58.0,72.0,57.0,0.172,0.0569,817.0,310.0,30.42,25.19,0,NO,30.02,29.35,,29.55,28.24,,180,0.0,7.0,NO,NO,2025-12-11,87300.0
1473,YCS,55.56,55.25,22446.0,ETF,ETF,68.0,64.0,60.0,60.0,0.3807,0.2607,28969.0,16220.0,57.92,42.92,0,NO,54.62,55.7,52.93,55.46,53.93,,4467,0.51,27565.0,NO,NO,2011-03-18,16318800.0
1474,ONEY,133.8,134.33,8649.0,ETF,ETF,68.0,56.0,70.0,56.0,1.0589,0.8049,30098.0,7770.0,136.89,108.75,0,NO,134.6,132.17,123.96,133.06,127.53,,2700,0.0,9568.0,NO,NO,2015-12-03,5718300.0
1475,DGRO,78.84,79.02,1081086.0,ETF,ETF,68.0,56.0,73.0,59.0,0.5263,0.4459,1399223.0,1135510.0,80.58,66.19,0,NO,79.53,77.98,73.37,78.44,74.84,,3073,0.0,1260136.0,NO,NO,2020-05-26,31166500.0
1476,BLCR,48.83,49.18,382203.0,ETF,ETF,68.0,49.0,21.0,75.0,0.4809,0.3848,472492.0,373490.0,51.02,37.61,0,NO,49.82,49.42,45.67,49.33,47.07,,713,0.0,439976.0,NO,NO,2026-03-12,75105500.0
1477,CORO,36.61,37.06,555474.0,ETF,ETF,68.0,69.0,43.0,59.0,0.3805,0.2694,908141.0,672620.0,37.58,28.93,0,NO,36.91,36.28,34.05,36.34,35.08,,433,0.0,616728.0,NO,NO,2026-05-28,90507800.0
1478,TRNS,84.91,86.49,42191.0,Industrials,Specialty Business Services,68.0,34.0,21.0,54.0,3.8989,3.6575,152269.0,109820.0,100.0,50.23,794741760,NO,91.65,89.83,75.53,88.96,82.29,,12285,0.0,61534.0,NO,NO,1998-02-18,1505600.0
1479,NXTE,47.12,47.683,1037.0,ETF,ETF,68.0,79.0,12.0,71.0,1.0232,0.3421,3973.0,2510.0,54.97,34.26,0,NO,47.86,48.41,43.98,47.78,45.72,,983,0.0,1044.0,NO,NO,2024-03-06,996200.0
1480,FINT,36.74,36.973,2831.0,ETF,ETF,68.0,69.0,54.0,54.0,0.2399,0.1154,5261.0,2120.0,37.24,29.36,0,NO,36.84,36.15,34.28,36.27,35.24,,423,0.0,2841.0,NO,NO,2024-12-23,1515000.0
1481,SHOO,41.81,43.18,542709.0,Consumer Cyclical,Footwear & Accessories,68.0,5.0,20.0,80.0,1.1657,1.0007,1047460.0,759660.0,49.7,28.55,3056607232,NO,46.62,44.28,41.03,44.21,40.59,,8234,0.0,929786.0,NO,NO,2000-06-22,88704872.0
1482,GSC,63.92,64.885,13976.0,ETF,ETF,68.0,18.0,63.0,64.0,0.8622,0.6011,17355.0,42140.0,69.87,50.7,0,NO,67.22,66.99,60.14,66.7,62.01,,727,0.0,14066.0,NO,NO,2026-04-16,827900.0
1483,ACSG,47.81,48.515,640.0,ETF,ETF,68.0,44.0,57.0,74.0,0.6859,0.3541,12149.0,40470.0,51.2,37.91,0,NO,49.79,49.22,44.38,49.12,45.57,,219,0.0,725.0,NO,NO,2026-08-27,367800.0
1484,DES,39.81,40.16,78187.0,ETF,ETF,68.0,22.0,66.0,59.0,0.3879,0.3543,139020.0,77500.0,41.85,31.75,0,NO,40.97,40.69,37.41,40.7,38.73,,5083,0.0,90135.0,NO,NO,2017-01-27,2079900.0
1485,AIVL,132.58,133.57,1476.0,ETF,ETF,68.0,42.0,72.0,60.0,0.6893,0.3393,3776.0,1550.0,136.29,110.34,0,NO,134.68,132.61,122.95,133.18,126.05,,5083,0.0,1967.0,NO,NO,2012-12-11,2404300.0
1486,MSA,187.29,186.77,111928.0,Industrials,Security & Protection Services,68.0,25.0,87.0,16.0,3.5971,3.495,303012.0,217700.0,208.92,151.11,7230728192,NO,190.5,179.53,173.9,182.98,176.68,,13494,0.0,193476.0,NO,NO,2005-03-01,4022800.0
1487,MSSS,35.64,36.013,14245.0,ETF,ETF,68.0,47.0,65.0,68.0,0.2579,0.1576,12636.0,15330.0,37.18,29.0,0,NO,36.56,36.03,32.75,36.16,33.72,,623,0.0,14427.0,NO,NO,2024-12-12,1698800.0
1488,TBG,38.92,39.08,35200.0,ETF,ETF,68.0,67.0,73.0,57.0,0.3,0.2462,32907.0,51830.0,39.68,32.33,0,NO,38.98,38.01,35.95,38.29,36.85,,705,0.0,48255.0,NO,NO,2023-11-07,1003700.0
1489,SPUS,58.32,58.84,431845.0,ETF,ETF,68.0,74.0,35.0,78.0,0.534,0.4099,477722.0,407000.0,59.65,46.04,0,NO,58.77,57.52,53.58,57.82,54.7,,1683,0.0,469354.0,NO,NO,2025-11-20,1765800.0
1490,FPAG,42.06,42.555,51204.0,ETF,ETF,68.0,55.0,71.0,61.0,0.3789,0.305,45190.0,40790.0,43.56,34.75,0,NO,42.69,41.38,38.97,41.7,39.61,,1179,0.0,52611.0,NO,NO,2026-03-19,911800.0
1491,SA,30.18,31.78,813268.0,Basic Materials,Gold,68.0,92.0,11.0,4.0,2.0885,1.745,795409.0,1046770.0,40.06,17.13,3255553280,NO,31.82,28.33,29.98,28.88,30.13,,5627,0.0,962155.0,NO,NO,2025-03-03,11394700.0
1492,BNL,20.85,20.86,1037903.0,Real Estate,REIT - Diversified,67.0,20.0,71.0,62.0,0.3773,0.3637,2067482.0,1884690.0,23.1,17.16,4439958528,NO,21.08,21.47,19.64,21.5,20.36,,1495,0.0,1909124.0,NO,NO,2026-04-08,33401600.0
1493,GLOF,60.76,60.99,26341.0,ETF,ETF,67.0,69.0,54.0,69.0,0.4195,0.2774,21914.0,44150.0,61.78,49.33,0,NO,60.99,59.63,56.02,59.95,57.32,,2849,0.0,26988.0,NO,NO,2018-12-04,3040500.0
1494,YORW,34.07,34.08,46875.0,Utilities,Utilities - Regulated Water,67.0,87.0,88.0,47.0,0.5811,0.5346,146806.0,113000.0,34.81,28.26,552907776,NO,33.09,31.73,31.56,32.25,31.24,,6875,0.03,79968.0,NO,NO,2009-06-26,1911400.0
1495,AINT,30.27,30.96,218.0,ETF,ETF,67.0,59.0,13.0,88.0,0.7586,0.3947,2790.0,10390.0,33.05,23.43,0,NO,30.95,29.58,,29.85,27.9,,142,0.0,223.0,NO,NO,2026-08-24,65600.0
1496,DBEZ,62.53,63.132,2729.0,ETF,ETF,67.0,39.0,65.0,61.0,0.3359,0.1334,2992.0,980.0,64.77,50.21,0,NO,63.76,62.75,58.53,62.86,59.8,,2944,0.0,2752.0,NO,NO,2016-06-06,486500.0
1497,FMDE,41.58,42.0,794654.0,ETF,ETF,67.0,57.0,69.0,66.0,0.3437,0.2812,859717.0,706030.0,42.97,34.33,0,NO,42.32,41.27,38.39,41.48,39.2,,696,0.0,887731.0,NO,NO,2026-03-06,11280300.0
1498,GVLU,28.86,29.007,7045.0,ETF,ETF,67.0,73.0,78.0,63.0,0.3778,0.3019,3995.0,2530.0,29.47,24.48,0,NO,28.93,27.79,26.28,28.14,26.72,,1061,0.0,7051.0,NO,NO,2023-01-09,1544000.0
1499,SCHA,33.72,34.16,3251389.0,ETF,ETF,67.0,50.0,36.0,67.0,0.4375,0.3375,2160811.0,2332130.0,36.2,26.46,0,NO,34.81,34.66,31.64,34.52,32.72,,4231,0.0,4075337.0,NO,NO,2024-02-13,32822600.0
1500,CVAR,31.65,31.72,5101.0,ETF,ETF,67.0,77.0,80.0,51.0,0.1927,0.0354,2611.0,2810.0,31.99,26.91,0,NO,31.28,30.05,29.13,30.48,29.38,,1175,0.0,5104.0,NO,NO,2022-01-07,441900.0
1501,TMSL,42.07,42.6,291198.0,ETF,ETF,67.0,24.0,56.0,61.0,0.4891,0.3726,416639.0,414330.0,44.77,33.48,0,NO,43.81,43.32,39.6,43.32,40.88,,805,0.0,319329.0,NO,NO,2025-03-26,4210600.0
1502,ONB,25.12,25.58,1783793.0,Financial Services,Banks - Regional,67.0,11.0,78.0,59.0,0.4364,0.4329,4182568.0,3118240.0,27.36,19.39,9610158080,NO,26.36,26.29,24.0,26.26,24.49,,10631,0.0,2915180.0,NO,NO,2022-02-17,68430300.0
1503,DAL,76.04,78.0,4236512.0,Industrials,Airlines,67.0,3.0,15.0,83.0,2.3929,2.0014,6497379.0,4930800.0,95.68,55.03,50012233728,NO,86.21,87.34,73.78,85.74,76.43,,4863,0.0,6474828.0,NO,NO,2013-09-10,206372300.0
1504,SHPP,35.57,35.567,219.0,ETF,ETF,67.0,50.0,47.0,55.0,0.2675,0.076,168.0,200.0,36.12,27.44,0,NO,35.45,34.61,32.18,34.94,33.28,,1059,0.0,229.0,NO,NO,2025-11-03,176200.0
1505,KBWP,132.6,132.69,5475.0,ETF,ETF,67.0,23.0,87.0,50.0,1.7043,1.5507,18880.0,10610.0,140.37,114.62,0,NO,134.2,132.58,124.78,133.93,125.26,,3945,0.0,6027.0,NO,NO,2021-04-12,1330000.0
1506,RSPF,83.66,84.52,4949.0,ETF,ETF,67.0,45.0,83.0,70.0,0.8235,0.6885,20188.0,16120.0,86.0,69.04,0,NO,84.73,82.57,77.51,83.41,77.55,,4983,0.0,16665.0,NO,NO,2016-11-30,3262100.0
1507,GENW,15.29,15.31,24.0,ETF,ETF,67.0,18.0,52.0,39.0,0.0619,0.0128,668.0,530.0,16.04,12.02,0,NO,15.45,15.23,14.41,15.3,14.83,,408,0.0,400.0,NO,NO,2026-02-24,37900.0
1508,MXI,114.05,115.45,21275.0,ETF,ETF,67.0,84.0,53.0,29.0,1.6235,1.1749,24539.0,66390.0,118.51,87.82,0,NO,113.61,109.02,106.43,110.12,109.7,,5015,0.0,21811.0,NO,NO,2010-11-04,8102000.0
1509,VOXP,39.98,40.136,41.0,ETF,ETF,67.0,70.0,55.0,73.0,0.1981,0.0695,3120.0,14950.0,40.45,32.82,0,NO,39.97,39.07,36.83,39.33,37.44,,956,0.0,1700.0,NO,NO,2022-11-04,2440000.0
1510,CUZ,28.56,28.99,976693.0,Real Estate,REIT - Office,67.0,6.0,79.0,86.0,0.6157,0.5929,1623915.0,1224230.0,32.95,21.03,4698456576,NO,29.63,30.35,26.4,30.38,26.78,,11709,0.0,1690207.0,NO,NO,2016-10-05,19245056.0
1511,FSCC,35.01,35.41,105143.0,ETF,ETF,67.0,33.0,50.0,72.0,0.456,0.3961,58652.0,128250.0,37.52,27.84,0,NO,35.92,35.93,32.76,35.8,33.7,,523,0.0,116637.0,NO,NO,2026-05-20,837800.0
1512,DBEU,54.22,54.64,60735.0,ETF,ETF,67.0,42.0,70.0,57.0,0.3643,0.3186,30801.0,16810.0,55.64,44.63,0,NO,55.02,54.25,50.86,54.39,51.92,,3248,0.0,61540.0,NO,NO,2015-12-23,10117500.0
1513,JUDO,28.48,28.87,90.0,ETF,ETF,67.0,49.0,49.0,,0.195,0.12,952.0,720.0,29.22,24.06,0,NO,28.85,28.19,,28.33,,,108,0.0,200.0,NO,NO,2026-03-31,7100.0
1514,DGRS,58.59,59.27,13823.0,ETF,ETF,67.0,22.0,70.0,54.0,0.5393,0.4688,30923.0,16790.0,61.89,46.21,0,NO,60.54,59.79,55.18,59.83,56.98,,3295,0.0,15266.0,NO,NO,2025-03-14,520100.0
1515,OVLY,33.67,33.59,15051.0,Financial Services,Banks - Regional,67.0,42.0,64.0,49.0,0.9146,0.9111,41958.0,29700.0,35.97,25.41,283255872,NO,33.87,33.67,32.41,33.74,33.43,,5755,0.0,21855.0,NO,NO,2021-06-25,898500.0
1516,TEMR,28.48,28.74,1189.0,ETF,ETF,67.0,82.0,24.0,,0.3443,0.1221,1317.0,550.0,30.28,23.18,0,NO,28.23,28.08,,27.96,,,118,0.0,100.0,NO,NO,2026-07-17,11400.0
1517,ACSI,77.0,77.002,914.0,ETF,ETF,67.0,52.0,61.0,76.0,0.3885,0.0521,311.0,210.0,78.32,63.07,0,NO,77.39,76.2,70.1,76.52,71.61,,2466,0.0,921.0,NO,NO,2018-05-07,144900.0
1518,MCRI,116.97,120.45,69532.0,Consumer Cyclical,Resorts & Casinos,67.0,14.0,23.0,85.0,2.7664,2.585,164955.0,144000.0,135.93,88.13,2096486784,NO,123.25,124.68,108.2,123.48,114.22,,8323,0.0,204163.0,NO,NO,1993-08-06,2800000.0
1519,GSPY,42.19,42.451,7889.0,ETF,ETF,67.0,68.0,60.0,75.0,0.2173,0.1188,3869.0,1870.0,42.85,34.35,0,NO,42.41,41.36,38.66,41.64,39.39,,1424,0.0,7938.0,NO,NO,2021-12-13,6500100.0
1520,LCOW,26.6,26.788,1492.0,ETF,ETF,67.0,69.0,67.0,73.0,0.1924,0.1274,4022.0,4630.0,27.05,21.73,0,NO,26.62,26.01,24.43,26.22,24.72,,330,0.0,1498.0,NO,NO,2025-06-06,132300.0
1521,RRC,42.51,41.32,1800040.0,Energy,Oil & Gas E&P,67.0,80.0,75.0,42.0,1.0271,0.9875,2961801.0,2275820.0,48.31,32.68,9933716480,NO,40.32,38.64,39.18,39.29,40.54,,11643,1.5,2937467.0,NO,NO,2022-03-01,65167500.0
1522,DSTX,36.04,36.092,2127.0,ETF,ETF,67.0,68.0,67.0,46.0,0.2559,0.1223,14517.0,4110.0,36.71,28.86,0,NO,36.03,34.63,33.39,35.06,33.96,,1433,0.0,2278.0,NO,NO,2022-10-06,413300.0
1523,TXUE,35.96,36.359,26378.0,ETF,ETF,67.0,36.0,67.0,53.0,0.4541,0.4149,42436.0,46460.0,38.4,29.54,0,NO,36.45,35.48,33.54,35.73,34.36,,404,0.0,26631.0,NO,NO,2025-01-22,1567400.0
1524,KIE,62.96,63.15,802101.0,ETF,ETF,67.0,23.0,87.0,61.0,0.8004,0.7518,1212923.0,979830.0,66.53,53.45,0,NO,63.85,63.36,59.17,63.9,59.24,,5229,0.0,925554.0,NO,NO,2016-05-18,9463800.0
1525,MAVF,137.47,138.597,1845.0,ETF,ETF,67.0,39.0,57.0,67.0,0.7597,0.1696,625.0,450.0,142.84,113.25,0,NO,140.74,138.05,128.79,138.43,131.44,,376,0.0,1850.0,NO,NO,2025-06-24,13200.0
1526,ESLT,710.86,700.51,63964.0,Industrials,Aerospace & Defense,67.0,3.0,6.0,8.0,17.465,14.4414,87260.0,82750.0,1016.06,453.0,33331298304,NO,775.67,773.11,746.49,773.7,806.91,,7485,0.0,87177.0,NO,NO,1997-09-25,2566300.0
1527,YSAU,43.63,44.53,12258.0,ETF,ETF,67.0,84.0,,,0.9593,0.4921,3384.0,2160.0,46.92,39.79,0,NO,44.33,,,,,,33,0.0,13107.0,NO,NO,2026-08-14,33800.0
1528,SUSL,135.88,137.579,12684.0,ETF,ETF,67.0,66.0,56.0,74.0,1.0628,0.6154,22803.0,25770.0,139.19,109.85,0,NO,137.58,133.91,125.62,134.83,127.7,,1837,0.0,16924.0,NO,NO,2023-06-08,28474200.0
1529,FNDE,42.4,42.12,2841227.0,ETF,ETF,67.0,70.0,58.0,57.0,0.3211,0.2195,912877.0,1328940.0,42.62,34.07,0,NO,41.65,40.81,39.3,41.12,40.17,,3280,0.55,2952368.0,NO,NO,2020-06-25,10888000.0
1530,SCHV,34.31,34.51,2225179.0,ETF,ETF,67.0,52.0,60.0,59.0,0.2507,0.2143,3496122.0,2779960.0,35.49,28.29,0,NO,34.92,34.54,32.13,34.52,33.05,,4202,0.0,2500818.0,NO,NO,2026-04-10,20911700.0
1531,SIXA,57.78,57.878,3599.0,ETF,ETF,67.0,69.0,70.0,57.0,0.293,0.1835,16525.0,5800.0,58.52,48.28,0,NO,57.82,56.95,53.69,57.15,55.19,,1585,0.0,3632.0,NO,NO,2025-03-05,738300.0
1532,IYF,135.32,136.47,219607.0,ETF,ETF,67.0,50.0,82.0,69.0,1.2879,1.2,369646.0,355330.0,138.79,113.62,0,NO,137.01,134.2,126.92,135.08,126.7,,6604,0.0,270137.0,NO,NO,2008-09-18,59441400.0
1533,CTS,56.06,56.47,82408.0,Technology,Electronic Components,67.0,3.0,9.0,63.0,1.7496,1.5954,270753.0,147450.0,69.55,36.03,1601003136,NO,61.1,61.73,54.37,60.55,57.89,,11709,0.0,189960.0,NO,NO,2001-03-07,3751300.0
1534,DSPY,66.22,66.9,275747.0,ETF,ETF,67.0,63.0,57.0,69.0,0.4233,0.2311,9111.0,5140.0,68.42,54.61,0,NO,67.18,66.03,61.59,66.29,62.97,,355,0.0,276349.0,NO,NO,2026-05-29,1364500.0
1535,SPXD,29.76,29.666,2281.0,ETF,ETF,67.0,64.0,71.0,58.0,0.1819,0.0486,777.0,710.0,30.15,24.76,0,NO,29.78,29.14,27.47,29.3,28.06,,277,0.0,2281.0,NO,NO,2025-08-28,39100.0
1536,CVBF,21.8,22.17,578614.0,Financial Services,Banks - Regional,67.0,21.0,80.0,73.0,0.3521,0.3364,1459871.0,895640.0,23.41,17.95,3835864320,NO,22.68,22.56,20.55,22.57,20.94,,10939,0.0,974140.0,NO,NO,2010-08-10,13250400.0
1537,ARQT,23.58,23.97,541769.0,Healthcare,Biotechnology,67.0,4.0,83.0,20.0,0.9656,0.9084,1676382.0,1793440.0,31.77,15.13,2964444672,NO,25.59,26.61,25.62,26.14,24.42,,1654,0.0,1056751.0,NO,NO,2023-12-18,45222900.0
1538,ROUS,67.2,67.65,34529.0,ETF,ETF,67.0,52.0,53.0,65.0,0.513,0.413,57650.0,58090.0,69.3,55.2,0,NO,68.26,67.27,62.58,67.39,64.38,,2894,0.0,37022.0,NO,NO,2022-06-02,1902300.0
1539,XLF,57.17,57.71,20080531.0,ETF,ETF,67.0,56.0,83.0,70.0,0.5907,0.5407,33274285.0,27064570.0,58.41,47.67,0,NO,57.82,56.59,53.4,56.94,53.2,,6965,0.0,32355532.0,YES,NO,2008-09-18,1050592272.0
1540,JPXN,101.77,102.51,1292.0,ETF,ETF,66.0,69.0,62.0,51.0,0.8571,0.4953,10292.0,4800.0,105.68,82.24,0,NO,102.84,100.52,95.1,101.06,97.82,,6250,0.0,1332.0,NO,NO,2009-04-13,771600.0
1541,SSB,103.78,104.89,674910.0,Financial Services,Banks - Regional,66.0,28.0,85.0,51.0,1.7057,1.68,831384.0,629950.0,112.2,84.48,10063533056,NO,108.1,104.36,98.08,105.07,99.24,,7444,0.0,1097792.0,NO,NO,2025-06-27,16156800.0
1542,FNCL,81.24,82.06,61681.0,ETF,ETF,66.0,47.0,83.0,71.0,0.7132,0.6646,99433.0,98900.0,83.16,67.76,0,NO,82.32,80.52,76.02,81.1,75.77,,3231,0.0,84259.0,NO,NO,2014-12-08,4920200.0
1543,DFAX,37.92,38.13,912539.0,ETF,ETF,66.0,75.0,49.0,51.0,0.4394,0.3719,750109.0,532750.0,38.71,30.15,0,NO,37.94,37.09,35.45,37.28,36.47,,1247,0.0,1028509.0,NO,NO,2025-07-02,6244600.0
1544,TNXT,28.74,28.48,585.0,ETF,ETF,66.0,74.0,56.0,82.0,0.2289,0.0164,838.0,240.0,28.85,21.63,0,NO,28.44,27.81,,27.95,25.98,,148,0.0,585.0,NO,NO,2026-02-03,60000.0
1545,DFAC,45.04,45.38,1943499.0,ETF,ETF,66.0,58.0,58.0,67.0,0.3043,0.2491,2071719.0,1539680.0,46.34,36.67,0,NO,45.73,44.84,41.9,45.03,42.82,,1310,0.0,2138615.0,NO,NO,2025-04-07,11594000.0
1546,CSW,301.31,308.95,81409.0,Industrials,Specialty Industrial Machinery,66.0,10.0,85.0,43.0,9.6018,9.4496,148306.0,115820.0,355.48,230.45,4909390336,NO,334.25,305.17,289.86,308.96,288.58,,2745,0.0,108431.0,NO,NO,2024-09-20,3051100.0
1547,MFUS,65.69,65.982,8029.0,ETF,ETF,66.0,54.0,56.0,62.0,0.4196,0.2864,16241.0,17410.0,67.74,54.14,0,NO,66.7,66.09,61.49,66.01,63.31,,2257,0.0,11732.0,NO,NO,2020-04-22,1950000.0
1548,QQWZ,29.44,29.619,53759.0,ETF,ETF,66.0,83.0,39.0,62.0,0.2552,0.162,12434.0,15650.0,30.0,23.05,0,NO,28.99,28.53,27.12,28.61,27.81,,330,0.0,54401.0,NO,NO,2025-12-19,246200.0
1549,TAOZ,92.12,91.65,58.0,ETF,ETF,66.0,70.0,72.0,,0.4863,0.0607,1201.0,1280.0,92.83,80.83,0,NO,91.94,89.1,,89.73,,,105,0.0,58.0,NO,NO,2026-05-19,26800.0
1550,EPS,80.02,80.68,32466.0,ETF,ETF,66.0,64.0,55.0,73.0,0.5064,0.3686,51024.0,28560.0,81.95,65.97,0,NO,80.88,79.09,74.12,79.51,75.54,,4911,0.0,35746.0,NO,NO,2008-12-11,1811400.0
1551,SFY,150.86,152.33,12578.0,ETF,ETF,66.0,73.0,36.0,78.0,1.3604,0.8511,17647.0,13930.0,155.39,120.23,0,NO,152.51,149.12,138.9,149.74,141.78,,1857,0.0,12709.0,NO,NO,2025-01-21,2873400.0
1552,JMEE,75.55,76.45,106450.0,ETF,ETF,66.0,29.0,58.0,60.0,0.7596,0.6225,112047.0,151210.0,79.93,60.74,0,NO,78.16,77.25,71.08,77.27,73.33,,1082,0.0,112257.0,NO,NO,2025-03-03,1358200.0
1553,ADI,354.59,362.14,1551905.0,Technology,Semiconductors,66.0,33.0,6.0,49.0,10.9575,10.0804,4466966.0,4171520.0,445.91,223.47,171841454080,NO,376.11,380.64,346.44,375.61,372.18,,11710,0.0,2908449.0,NO,NO,2006-08-11,27748000.0
1554,AEM,195.27,203.11,3150635.0,Basic Materials,Gold,66.0,96.0,81.0,4.0,9.1357,6.9343,3100446.0,3908790.0,255.24,134.38,98946228224,NO,192.83,166.22,185.84,171.83,187.66,,13495,0.0,4253818.0,NO,NO,2009-10-30,15153000.0
1555,RYTM,104.62,106.13,197809.0,Healthcare,Biotechnology,66.0,79.0,90.0,68.0,4.623,4.2537,763434.0,484820.0,122.2,74.5,7203304960,NO,112.35,109.57,99.46,108.89,96.43,,2235,0.0,322693.0,NO,NO,2022-07-13,29957500.0
1556,JUST,109.33,110.223,2583.0,ETF,ETF,66.0,59.0,54.0,74.0,0.6037,0.3949,4688.0,4840.0,111.97,89.86,0,NO,110.72,108.24,101.21,108.8,103.23,,2064,0.0,2881.0,NO,NO,2019-03-07,1240100.0
1557,GUSA,66.38,66.78,49.0,ETF,ETF,66.0,65.0,52.0,70.0,0.2955,0.0491,238.0,110.0,67.45,54.7,0,NO,66.59,65.27,61.45,65.63,62.53,,1098,0.0,200.0,NO,NO,2024-11-06,80400.0
1558,PQNT,23.57,23.651,10.0,ETF,ETF,66.0,47.0,66.0,45.0,0.1105,0.0146,303.0,850.0,23.84,19.55,0,NO,23.64,23.07,22.0,23.24,22.43,,218,0.0,500.0,NO,NO,2026-04-01,286000.0
1559,GMOM,38.2,38.167,2798.0,ETF,ETF,66.0,75.0,63.0,40.0,0.2234,0.1576,6349.0,3330.0,38.45,30.68,0,NO,37.7,36.68,36.01,37.03,36.77,,1934,0.0,2839.0,NO,NO,2026-05-01,2100800.0
1560,DCOR,83.65,84.21,135812.0,ETF,ETF,66.0,59.0,59.0,68.0,0.5343,0.4174,130611.0,110520.0,85.88,69.34,0,NO,84.8,83.14,77.75,83.51,79.39,,744,0.0,155433.0,NO,NO,2024-12-26,1592700.0
1561,XMAG,25.79,26.03,62553.0,ETF,ETF,66.0,58.0,58.0,68.0,0.2666,0.2218,87571.0,77610.0,26.92,21.41,0,NO,26.2,25.81,23.9,25.84,24.47,,465,0.0,69055.0,NO,NO,2026-06-25,865800.0
1562,NFX,27.46,26.76,12.0,ETF,ETF,66.0,89.0,,,0.9686,0.2036,977.0,260.0,28.35,18.56,0,NO,25.3,,,,,,39,0.0,200.0,NO,NO,2026-07-07,9600.0
1563,SYZ,29.75,30.159,1417.0,ETF,ETF,66.0,26.0,48.0,61.0,0.2796,0.1727,3442.0,8290.0,31.22,23.39,0,NO,30.69,30.43,27.88,30.39,28.86,,242,0.0,1419.0,NO,NO,2026-02-11,26300.0
1564,OASC,34.19,34.47,7975.0,ETF,ETF,66.0,51.0,47.0,68.0,0.2746,0.1788,11779.0,13770.0,36.05,27.3,0,NO,34.99,34.82,32.03,34.7,33.01,,554,0.0,8659.0,NO,NO,2025-09-08,251700.0
1565,DFAS,80.76,81.63,380619.0,ETF,ETF,66.0,37.0,63.0,60.0,0.7424,0.607,465817.0,387370.0,84.52,65.03,0,NO,83.07,81.91,75.85,82.01,77.84,,1310,0.0,473146.0,NO,NO,2025-04-04,2317600.0
1566,STOX,31.7,31.95,8231.0,ETF,ETF,66.0,63.0,59.0,70.0,0.313,0.2746,56071.0,90660.0,33.16,26.13,0,NO,32.08,31.37,29.5,31.55,30.01,,297,0.0,9008.0,NO,NO,2025-07-31,2331400.0
1567,RWK,146.37,147.58,5871.0,ETF,ETF,66.0,24.0,64.0,62.0,1.3179,1.0793,18538.0,25290.0,152.74,118.54,0,NO,150.05,148.1,136.98,148.51,140.46,,4650,0.0,18971.0,NO,NO,2025-08-18,574400.0
1568,DLN,99.93,100.27,66130.0,ETF,ETF,66.0,60.0,68.0,60.0,0.5,0.4164,123253.0,85450.0,101.83,84.61,0,NO,100.79,98.83,93.29,99.35,95.27,,5083,0.0,81186.0,NO,NO,2014-10-17,8394000.0
1569,DOCU,64.75,66.27,1839253.0,Technology,Software - Application,66.0,93.0,86.0,92.0,2.8039,2.6479,3742217.0,2981000.0,86.65,40.16,12363663360,NO,60.94,53.86,53.67,56.57,49.95,,2097,0.0,2985453.0,NO,NO,2021-12-03,76138900.0
1570,BREE,27.2,27.24,1152.0,ETF,ETF,66.0,75.0,25.0,,0.291,0.1118,1112.0,1260.0,28.6,21.7,0,NO,26.96,26.72,,26.67,,,124,0.0,1157.0,NO,NO,2026-03-05,646600.0
1571,TOUS,39.24,39.58,87490.0,ETF,ETF,66.0,52.0,67.0,55.0,0.2843,0.2353,146542.0,98510.0,40.28,32.57,0,NO,39.85,38.92,36.68,39.12,37.43,,805,0.0,91663.0,NO,NO,2025-03-25,4686800.0
1572,EPMV,26.96,26.947,24.0,ETF,ETF,66.0,22.0,51.0,63.0,0.1279,0.0,92.0,110.0,27.49,21.27,0,NO,27.1,26.9,24.85,26.89,25.62,,333,0.0,100.0,NO,NO,2025-05-02,174200.0
1573,VFH,139.52,140.96,382513.0,ETF,ETF,66.0,47.0,83.0,71.0,1.3486,1.2614,528147.0,591040.0,143.01,116.67,0,NO,141.41,138.34,130.68,139.3,130.32,,5682,0.0,447710.0,NO,NO,2016-09-23,9941900.0
1574,SFNC,22.19,22.58,726653.0,Financial Services,Banks - Regional,66.0,10.0,73.0,65.0,0.3868,0.3796,1444068.0,928100.0,24.32,17.0,3207483648,NO,23.34,23.11,20.87,23.09,21.56,,10446,0.0,1061021.0,NO,NO,2025-07-22,11374700.0
1575,TUG,45.91,46.583,636.0,ETF,ETF,66.0,65.0,21.0,82.0,0.3964,0.1275,5909.0,1110.0,47.99,35.93,0,NO,46.68,46.13,42.34,46.11,43.37,,1073,0.0,636.0,NO,NO,2022-05-23,6501700.0
1576,RINT,32.78,33.015,18821.0,ETF,ETF,66.0,53.0,65.0,53.0,0.5494,0.5024,15009.0,13550.0,35.93,27.05,0,NO,33.12,32.42,30.75,32.6,31.36,,326,0.0,20036.0,NO,NO,2025-06-10,1579100.0
1577,DSI,145.09,146.99,83208.0,ETF,ETF,66.0,69.0,50.0,75.0,1.2382,0.8025,113009.0,144160.0,148.93,117.08,0,NO,146.86,143.04,134.09,143.95,136.47,,4975,0.0,91731.0,NO,NO,2022-05-18,2626300.0
1578,ADX,25.77,25.89,247686.0,Financial Services,Asset Management,66.0,58.0,55.0,71.0,0.2257,0.2057,284409.0,236910.0,26.56,20.91,3219372032,NO,26.04,25.79,24.07,25.92,24.54,,11709,0.0,271970.0,NO,NO,2002-01-02,1910800.0
1579,REFA,23.61,23.771,8.0,ETF,ETF,66.0,55.0,70.0,48.0,0.108,0.0026,611.0,110.0,24.0,20.19,0,NO,23.74,23.1,,23.28,22.37,,179,0.0,100.0,NO,NO,2025-12-11,50100.0
1580,GLBL,28.38,28.544,13.0,ETF,ETF,66.0,53.0,36.0,76.0,0.1553,0.025,126.0,120.0,28.93,22.93,0,NO,28.53,28.0,26.25,28.11,26.72,,339,0.0,100.0,NO,NO,2026-02-10,2300.0
1581,VBR,243.5,245.29,283152.0,ETF,ETF,66.0,37.0,68.0,55.0,2.2871,1.7986,280011.0,293860.0,251.85,198.76,0,NO,248.9,245.38,229.06,246.1,234.65,,5682,0.0,378369.0,NO,NO,2024-02-13,7756100.0
1582,DFVX,84.51,85.16,6482.0,ETF,ETF,66.0,54.0,62.0,62.0,0.4901,0.3513,9493.0,6810.0,86.51,70.57,0,NO,85.67,83.75,78.9,84.12,80.6,,708,0.0,6899.0,NO,NO,2023-11-13,1543500.0
1583,JPSE,58.78,59.245,29476.0,ETF,ETF,66.0,32.0,59.0,59.0,0.4734,0.3744,22946.0,14590.0,61.27,47.44,0,NO,60.26,59.86,55.46,59.84,57.17,,2455,0.0,30047.0,NO,NO,2019-08-08,1768100.0
1584,CWI,40.97,41.31,148602.0,ETF,ETF,66.0,64.0,55.0,52.0,0.3653,0.2731,220398.0,197280.0,41.91,33.19,0,NO,41.33,40.61,38.54,40.71,39.5,,4937,0.0,202017.0,NO,NO,2018-12-27,9871800.0
1585,SSPY,100.19,100.36,512.0,ETF,ETF,66.0,59.0,69.0,59.0,0.5532,0.2114,1338.0,2410.0,101.7,83.66,0,NO,100.75,98.79,92.81,99.26,94.88,,2933,0.0,516.0,NO,NO,2020-01-08,1476100.0
1586,TILT,280.7,283.03,1844.0,ETF,ETF,66.0,58.0,59.0,68.0,1.5615,0.7422,4677.0,2550.0,287.68,232.8,0,NO,284.54,279.0,261.27,280.28,266.31,,3756,0.0,1914.0,NO,NO,2018-10-19,1136700.0
1587,SFYF,62.49,63.464,2275.0,ETF,ETF,66.0,80.0,21.0,82.0,0.9384,0.6703,3433.0,2570.0,67.37,48.9,0,NO,62.81,61.47,57.68,61.72,58.68,,1839,0.0,2284.0,NO,NO,2021-04-08,112900.0
1588,NATL,46.13,45.92,388581.0,Technology,Software - Application,65.0,24.0,68.0,22.0,0.5871,0.5829,666739.0,658910.0,48.5,33.31,3408865792,NO,46.51,45.98,42.67,46.39,44.78,,724,0.09,611501.0,NO,NO,2023-10-17,15487600.0
1589,FLQS,48.9,49.382,2531.0,ETF,ETF,65.0,29.0,76.0,61.0,0.3471,0.1991,3357.0,3180.0,50.85,40.76,0,NO,50.1,49.45,45.76,49.61,46.66,,2348,0.0,2931.0,NO,NO,2025-08-22,249000.0
1590,BLKB,47.8,48.06,179418.0,Technology,Software - Application,65.0,88.0,96.0,27.0,1.7668,1.6925,753684.0,377790.0,70.71,25.58,2169646592,NO,46.3,37.72,44.22,40.26,38.35,,5561,0.0,370776.0,NO,NO,2017-06-28,8084100.0
1591,DIVN,30.52,30.52,46664.0,ETF,ETF,65.0,68.0,73.0,47.0,0.3469,0.2921,88298.0,82530.0,31.08,25.28,0,NO,30.48,29.91,28.56,30.08,29.24,,297,0.0,47549.0,NO,NO,2025-07-31,4611700.0
1592,ARTNA,35.53,35.57,15157.0,Utilities,Utilities - Regulated Water,65.0,75.0,82.0,55.0,0.6521,0.6086,32323.0,29470.0,36.0,30.5,366922592,NO,35.18,34.44,32.87,34.81,33.31,,8140,0.0,23158.0,NO,NO,2024-06-28,1792100.0
1593,RAUS,29.83,30.099,4344.0,ETF,ETF,65.0,62.0,54.0,73.0,0.1733,0.1163,9512.0,15350.0,30.47,24.6,0,NO,30.17,29.59,27.69,29.73,28.25,,243,0.0,4746.0,NO,NO,2025-09-12,358800.0
1594,SPG,211.65,212.32,667662.0,Real Estate,REIT - Retail,65.0,8.0,70.0,51.0,3.1096,2.9096,1835725.0,1120270.0,238.5,172.19,80345415680,NO,219.83,223.23,201.22,222.02,208.24,,8233,0.0,1329817.0,NO,NO,2009-05-07,29396654.0
1595,QQQ,707.43,716.76,27073526.0,ETF,ETF,65.0,69.0,18.0,81.0,8.3971,6.8536,42181677.0,32828930.0,748.65,555.6,0,NO,717.97,710.98,656.08,709.73,672.86,,6913,0.0,34409539.0,YES,NO,2008-09-15,616772300.0
1596,KRE,72.53,73.56,10511454.0,ETF,ETF,65.0,13.0,75.0,60.0,1.0457,1.015,13527776.0,12657740.0,78.35,57.55,0,NO,75.84,75.53,69.52,75.45,70.97,,5079,0.0,14039171.0,YES,NO,2023-05-04,117644200.0
1597,FOXF,20.11,20.43,201431.0,Consumer Cyclical,Auto Parts,65.0,88.0,85.0,78.0,0.7625,0.6889,575356.0,375360.0,29.97,13.08,845243456,NO,20.88,19.12,17.77,19.42,18.08,,3285,0.0,416197.0,NO,NO,2020-09-18,8461800.0
1598,GURU,69.09,69.67,2347.0,ETF,ETF,65.0,70.0,62.0,72.0,0.5932,0.2738,1390.0,750.0,71.08,56.96,0,NO,70.08,69.04,64.42,69.13,65.31,,3580,0.0,2358.0,NO,NO,2016-04-21,1711600.0
1599,RHRX,21.45,21.537,52963.0,ETF,ETF,65.0,43.0,24.0,67.0,0.1801,0.1409,15725.0,55880.0,23.45,16.99,0,NO,21.9,21.75,20.15,21.7,20.89,,1206,0.0,53255.0,NO,NO,2023-12-04,566400.0
1600,SIXH,44.31,44.381,1582.0,ETF,ETF,65.0,66.0,77.0,47.0,0.2228,0.1665,15500.0,11880.0,44.8,37.48,0,NO,44.11,43.61,41.76,43.79,42.76,,1585,0.0,1586.0,NO,NO,2020-05-11,1164800.0
1601,REX,41.47,41.08,86249.0,Basic Materials,Chemicals,65.0,21.0,7.0,81.0,1.3885,1.3542,184258.0,146580.0,53.36,30.02,1365927168,NO,43.3,44.39,40.59,44.19,43.68,,10613,0.34,226433.0,NO,NO,2000-01-06,51880500.0
1602,KOKU,134.27,134.993,79.0,ETF,ETF,65.0,59.0,53.0,65.0,0.5547,0.0491,339.0,110.0,135.94,112.14,0,NO,134.67,131.52,124.64,132.38,126.78,,1606,0.0,200.0,NO,NO,2020-09-15,2563000.0
1603,SSUS,55.83,56.259,30779.0,ETF,ETF,65.0,68.0,39.0,75.0,0.3586,0.2309,21949.0,20340.0,57.15,45.21,0,NO,56.37,55.34,51.49,55.54,52.64,,1663,0.0,31443.0,NO,NO,2023-11-13,1640000.0
1604,GLOW,34.86,35.182,19434.0,ETF,ETF,65.0,65.0,57.0,64.0,0.2144,0.1134,10534.0,5610.0,35.58,28.67,0,NO,35.25,34.66,32.49,34.77,33.16,,538,0.0,19434.0,NO,NO,2025-04-28,222600.0
1605,TCBK,52.75,53.38,169645.0,Financial Services,Banks - Regional,65.0,7.0,74.0,65.0,0.9129,0.88,330300.0,224370.0,61.71,40.44,1686239744,NO,56.08,56.29,50.96,56.08,51.83,,8399,0.0,241568.0,NO,NO,2026-07-13,3205900.0
1606,MOAT,112.73,114.45,298083.0,ETF,ETF,65.0,76.0,77.0,56.0,1.2241,1.0099,693200.0,586530.0,115.58,94.07,0,NO,113.15,108.49,104.04,109.98,104.19,,3608,0.0,349003.0,NO,NO,2025-04-04,2901300.0
1607,SPXV,83.94,84.361,25.0,ETF,ETF,65.0,64.0,40.0,72.0,0.3918,0.0375,785.0,190.0,85.32,69.02,0,NO,84.23,82.7,77.82,83.1,79.35,,2748,0.0,300.0,NO,NO,2021-04-01,603000.0
1608,VRDN,23.06,23.16,673088.0,Healthcare,Biotechnology,65.0,94.0,95.0,4.0,0.8373,0.7823,1928911.0,1128850.0,34.29,13.18,2612519680,NO,23.21,20.64,23.9,21.22,20.63,,3069,0.0,998383.0,NO,NO,2020-10-28,17798400.0
1609,TLTE,77.15,77.13,1149.0,ETF,ETF,65.0,79.0,21.0,55.0,0.8864,0.3871,4579.0,3020.0,80.63,59.91,0,NO,76.22,75.37,71.53,75.28,73.96,,3497,0.0,1183.0,NO,NO,2019-03-21,720200.0
1610,DGT,190.15,191.01,12298.0,ETF,ETF,65.0,59.0,57.0,57.0,1.0243,0.8521,10861.0,7490.0,192.95,154.39,0,NO,191.47,187.59,177.96,188.55,182.16,,6516,0.0,12976.0,NO,NO,2009-09-09,311000.0
1611,KBE,66.82,67.81,987076.0,ETF,ETF,65.0,15.0,76.0,62.0,0.8764,0.8464,1603360.0,1297740.0,71.92,54.64,0,NO,69.71,69.24,63.99,69.24,65.01,,5229,0.0,1235256.0,NO,NO,2009-03-18,37097200.0
1612,DTH,58.22,58.51,11132.0,ETF,ETF,65.0,56.0,66.0,46.0,0.3646,0.3046,48320.0,25150.0,59.18,46.43,0,NO,58.36,56.65,54.72,57.16,55.98,,5083,0.0,12664.0,NO,NO,2020-03-19,702000.0
1613,MJSC,61.52,61.879,110.0,ETF,ETF,65.0,73.0,25.0,44.0,0.4595,0.0117,2593.0,370.0,63.81,46.9,0,NO,62.03,61.46,56.85,61.53,59.48,,239,0.0,100.0,NO,NO,2025-09-19,357100.0
1614,QTOP,36.83,37.3,60615.0,ETF,ETF,65.0,71.0,17.0,82.0,0.479,0.3611,141822.0,90080.0,39.41,28.71,0,NO,37.34,37.13,34.2,37.05,35.17,,463,0.0,70990.0,NO,NO,2026-05-28,1144100.0
1615,TSCV,31.05,31.203,414.0,ETF,ETF,65.0,14.0,52.0,53.0,0.244,0.1456,2598.0,2810.0,32.95,24.98,0,NO,32.11,32.15,,32.03,30.57,,197,0.0,421.0,NO,NO,2026-04-23,52800.0
1616,SUSA,156.76,158.38,28150.0,ETF,ETF,65.0,68.0,54.0,73.0,1.1239,0.7304,37814.0,27470.0,160.35,128.09,0,NO,158.38,155.33,145.18,156.07,147.66,,5431,0.0,29447.0,NO,NO,2023-10-09,10450300.0
1617,VEA,72.11,72.92,7310812.0,ETF,ETF,65.0,66.0,49.0,52.0,0.6586,0.4743,10896874.0,9782790.0,74.04,57.81,0,NO,72.96,71.47,67.59,71.72,69.45,,4805,0.0,8181269.0,NO,NO,2020-03-12,67385000.0
1618,DFAW,84.38,84.95,43517.0,ETF,ETF,65.0,62.0,55.0,62.0,0.5854,0.4827,94943.0,71490.0,86.36,69.27,0,NO,85.34,83.72,78.74,84.06,80.59,,734,0.0,106335.0,NO,NO,2026-07-01,651300.0
1619,RGLO,33.34,33.535,31171.0,ETF,ETF,65.0,55.0,54.0,65.0,0.2951,0.2596,26625.0,25920.0,34.43,27.18,0,NO,33.74,33.05,31.12,33.21,31.73,,315,0.0,31598.0,NO,NO,2025-06-10,3543700.0
1620,LCDS,73.96,73.801,4.0,ETF,ETF,65.0,60.0,57.0,71.0,0.303,0.0026,322.0,130.0,74.86,60.85,0,NO,74.05,72.43,68.07,72.86,69.27,,517,0.0,4.0,NO,NO,2026-07-22,7700.0
1621,EWJ,95.29,95.88,3329732.0,ETF,ETF,65.0,71.0,61.0,55.0,1.0654,0.7782,4903566.0,4042480.0,98.79,77.38,0,NO,95.96,93.98,88.71,94.31,91.04,,7663,0.0,4291793.0,NO,NO,2011-03-15,99041775.0
1622,SCHF,27.93,28.22,8664442.0,ETF,ETF,65.0,63.0,48.0,54.0,0.2536,0.1856,7437269.0,6222510.0,28.69,22.37,0,NO,28.26,27.72,26.14,27.8,26.87,,4231,0.0,9308030.0,YES,NO,2025-08-18,73778900.0
1623,QQQM,291.28,295.18,2169841.0,ETF,ETF,65.0,70.0,18.0,81.0,3.5375,2.6536,3656477.0,2759380.0,308.21,228.75,0,NO,295.78,292.92,269.93,292.42,277.1,,1477,0.0,2546039.0,NO,NO,2025-11-20,12592000.0
1624,DBB,25.4,25.61,179117.0,ETF,ETF,65.0,55.0,21.0,55.0,0.2414,0.19,260095.0,210980.0,26.71,19.69,0,NO,25.46,24.89,24.18,25.01,24.71,,4944,0.0,221380.0,NO,NO,2014-02-13,5379600.0
1625,SFGV,36.33,36.48,47327.0,ETF,ETF,65.0,63.0,67.0,50.0,0.1901,0.1183,13296.0,13880.0,36.89,30.24,0,NO,36.59,35.88,34.06,36.04,34.85,,657,0.0,47334.0,NO,NO,2025-09-11,1633100.0
1626,FV,72.39,73.44,160846.0,ETF,ETF,65.0,75.0,45.0,69.0,0.8958,0.5911,62406.0,49800.0,76.08,58.33,0,NO,73.15,72.26,67.08,72.12,68.49,,3141,0.0,169004.0,NO,NO,2015-08-24,11282300.0
1627,AME,231.15,235.17,881355.0,Industrials,Specialty Industrial Machinery,65.0,14.0,66.0,20.0,5.3111,4.6396,1223533.0,1431220.0,261.16,179.24,53002907648,NO,247.9,241.57,225.16,241.23,232.07,,10611,0.0,1529849.0,NO,NO,2013-09-20,27213500.0
1628,THRO,43.52,43.84,451924.0,ETF,ETF,65.0,66.0,47.0,77.0,0.3127,0.2477,882157.0,529170.0,44.58,34.95,0,NO,43.94,43.12,40.26,43.27,41.01,,1180,0.0,509766.0,NO,NO,2025-05-20,94275700.0
1629,ESLV,28.91,29.085,1728.0,ETF,ETF,65.0,56.0,70.0,54.0,0.1363,0.1024,5106.0,10510.0,29.71,24.3,0,NO,29.31,28.89,27.1,28.97,27.76,,231,0.0,2043.0,NO,NO,2026-04-14,104100.0
1630,DTD,96.4,96.72,8970.0,ETF,ETF,65.0,56.0,68.0,58.0,0.4793,0.3886,22934.0,20480.0,98.26,82.02,0,NO,97.3,95.51,90.11,95.97,92.05,,5083,0.0,9333.0,NO,NO,2015-04-09,1427400.0
1631,FLCC,36.44,36.725,65492.0,ETF,ETF,65.0,57.0,59.0,74.0,0.2918,0.2047,21741.0,10680.0,37.55,29.88,0,NO,36.92,35.99,33.64,36.24,34.2,,425,0.0,67063.0,NO,NO,2026-04-01,757100.0
1632,AHLT,29.41,29.3,260353.0,ETF,ETF,65.0,58.0,41.0,39.0,0.4018,0.2689,15892.0,3690.0,30.53,22.59,0,NO,29.22,29.01,28.28,29.09,28.87,,752,0.03,261925.0,NO,NO,2026-05-27,3024400.0
1633,SFTY,31.45,31.68,104307.0,ETF,ETF,65.0,62.0,58.0,70.0,0.2019,0.1503,213798.0,203510.0,32.17,26.1,0,NO,31.78,31.14,29.32,31.29,29.82,,297,0.0,105196.0,NO,NO,2025-07-31,11976600.0
1634,VSGX,82.5,83.28,172811.0,ETF,ETF,64.0,71.0,43.0,56.0,0.7979,0.5736,174831.0,145390.0,85.16,66.54,0,NO,82.98,81.56,77.02,81.74,78.93,,1996,0.0,179346.0,NO,NO,2020-11-16,4306700.0
1635,GXUS,64.54,64.538,109.0,ETF,ETF,64.0,65.0,49.0,54.0,0.4011,0.0953,2409.0,2230.0,65.15,49.89,0,NO,64.51,63.3,59.98,63.5,61.55,,807,0.0,12445.0,NO,NO,2026-07-07,36100.0
1636,FKU,56.41,56.71,210.0,ETF,ETF,64.0,57.0,70.0,43.0,0.5321,0.3857,1979.0,1340.0,57.88,45.82,0,NO,56.65,54.96,52.82,55.49,53.79,,3649,0.0,210.0,NO,NO,2016-07-01,3603200.0
1637,EXLS,37.68,38.08,997648.0,Technology,Information Technology Services,64.0,87.0,92.0,84.0,0.9871,0.9543,2577233.0,2151620.0,45.08,24.85,5758388224,NO,36.0,31.33,33.53,32.69,30.76,,4995,0.0,1870973.0,NO,NO,2022-09-30,37685000.0
1638,TXRH,192.82,195.6,509321.0,Consumer Cyclical,Restaurants,64.0,9.0,81.0,57.0,4.8829,4.8293,961723.0,591760.0,216.3,153.83,12656883712,NO,204.74,198.08,179.3,199.08,181.41,,5511,0.0,889508.0,NO,NO,2004-10-05,13656000.0
1639,MHK,124.81,128.25,567552.0,Consumer Cyclical,"Furnishings, Fixtures & Appliances",64.0,61.0,90.0,53.0,3.6415,3.5001,840596.0,795830.0,143.13,92.99,8454397440,NO,134.27,122.53,113.38,124.44,113.37,,8664,0.0,901910.0,NO,NO,2002-07-16,16419600.0
1640,GXLC,92.34,92.829,13.0,ETF,ETF,64.0,64.0,50.0,71.0,0.4071,0.0393,274.0,110.0,93.62,76.06,0,NO,92.57,90.87,85.44,91.36,86.96,,234,0.0,100.0,NO,NO,2025-09-25,40600.0
1641,SPFI,43.59,43.6,96930.0,Financial Services,Banks - Regional,64.0,20.0,80.0,49.0,0.8153,0.8124,148773.0,93370.0,46.94,35.34,821196544,NO,44.6,43.9,41.64,44.22,42.53,,1838,0.05,169465.0,NO,NO,2019-05-09,1449800.0
1642,KSS,17.58,17.82,3183043.0,Consumer Cyclical,Department Stores,64.0,9.0,90.0,79.0,1.0664,1.0107,4450031.0,5822530.0,25.22,11.38,1993004928,NO,18.63,18.24,17.22,18.14,16.11,,8631,0.0,4689098.0,NO,NO,2025-07-22,209344000.0
1643,NANC,51.06,51.71,10810.0,ETF,ETF,64.0,69.0,53.0,77.0,0.4844,0.3494,19230.0,14960.0,52.78,40.78,0,NO,51.76,50.58,47.13,50.82,47.8,,894,0.0,12012.0,NO,NO,2025-04-07,353200.0
1644,MFSV,29.39,29.53,70562.0,ETF,ETF,64.0,40.0,76.0,52.0,0.1741,0.1584,125125.0,200520.0,30.15,25.32,0,NO,29.83,29.34,27.75,29.49,28.21,,434,0.0,77240.0,NO,NO,2026-03-04,2075500.0
1645,EMMF,38.12,38.23,9918.0,ETF,ETF,64.0,79.0,15.0,61.0,0.4135,0.2206,14971.0,12320.0,40.96,29.33,0,NO,37.83,37.46,35.25,37.42,36.5,,2024,0.0,10057.0,NO,NO,2024-01-31,621800.0
1646,MTUM,295.96,300.36,580836.0,ETF,ETF,64.0,28.0,15.0,81.0,6.3389,4.8104,1621423.0,1000790.0,345.59,229.42,0,NO,308.13,312.57,277.86,307.88,288.82,,3363,0.0,701656.0,NO,NO,2024-11-08,13786600.0
1647,CVLC,94.92,95.87,16512.0,ETF,ETF,64.0,57.0,48.0,73.0,0.6509,0.419,31214.0,19770.0,98.11,77.38,0,NO,96.59,94.79,88.33,95.12,90.07,,898,0.0,20090.0,NO,NO,2023-04-04,555600.0
1648,ADVE,46.35,46.486,1152.0,ETF,ETF,64.0,59.0,32.0,51.0,0.3629,0.0684,1150.0,940.0,47.82,36.57,0,NO,46.39,45.87,43.56,45.96,45.01,,737,0.0,1160.0,NO,NO,2024-07-01,122000.0
1649,BLUX,32.08,32.398,50373.0,ETF,ETF,64.0,52.0,54.0,68.0,0.2301,0.1521,47549.0,44210.0,33.17,26.45,0,NO,32.72,32.24,29.95,32.3,30.64,,299,0.0,59935.0,NO,NO,2025-06-24,7095400.0
1650,SFBC,47.25,46.89,1730.0,Financial Services,Banks - Regional,64.0,44.0,86.0,70.0,0.705,0.5779,14036.0,2750.0,49.21,40.68,121340032,NO,46.98,45.69,43.9,46.26,43.94,,4690,0.0,1794.0,NO,NO,2025-06-27,265100.0
1651,RSPM,40.13,40.47,139556.0,ETF,ETF,64.0,70.0,64.0,34.0,0.4979,0.3686,22771.0,19950.0,41.71,30.98,0,NO,40.55,39.55,37.99,39.8,39.32,,4983,0.0,185233.0,NO,NO,2020-11-12,4264000.0
1652,RLI,63.24,63.47,323530.0,Financial Services,Insurance - Property & Casualty,64.0,73.0,93.0,41.0,1.3786,1.1564,873922.0,593010.0,68.29,47.26,5804181504,NO,64.02,61.68,59.27,62.89,58.36,,11709,0.0,552705.0,NO,NO,2019-12-04,14996000.0
1653,JPAN,42.54,42.947,1078.0,ETF,ETF,64.0,70.0,60.0,59.0,0.4686,0.2401,1555.0,2720.0,44.33,35.12,0,NO,43.01,42.27,39.54,42.33,40.59,,737,0.0,1090.0,NO,NO,2025-02-27,26000.0
1654,TFGZ,36.85,36.13,8.0,ETF,ETF,64.0,51.0,25.0,,0.3628,0.02,917.0,400.0,37.97,30.38,0,NO,36.96,36.14,,36.13,,,105,0.0,8.0,NO,NO,2026-05-05,57700.0
1655,NUMV,44.35,44.76,13054.0,ETF,ETF,64.0,48.0,67.0,60.0,0.3267,0.2796,21128.0,11110.0,45.89,37.4,0,NO,45.29,44.49,41.44,44.71,42.27,,2436,0.0,13190.0,NO,NO,2023-05-19,497400.0
1656,GOOX,67.75,69.5,39354.0,ETF,ETF,64.0,2.0,3.0,53.0,2.256,2.1081,93414.0,59920.0,107.5,32.51,0,NO,74.12,76.11,75.32,74.47,76.2,,661,0.0,49272.0,NO,NO,2025-07-29,677500.0
1657,VEU,84.64,85.25,2523691.0,ETF,ETF,64.0,66.0,49.0,54.0,0.7207,0.5179,2666661.0,2426340.0,86.35,68.44,0,NO,85.21,83.69,79.38,83.96,81.36,,4902,0.0,2790977.0,NO,NO,2020-03-19,20323300.0
1658,RSP,217.43,219.39,5937535.0,ETF,ETF,64.0,57.0,68.0,57.0,1.7236,1.3793,8541307.0,5573880.0,223.44,182.11,0,NO,220.75,216.37,202.98,217.47,207.19,,5871,0.0,6880950.0,NO,NO,2025-11-21,57508500.0
1659,APUE,46.95,47.33,73379.0,ETF,ETF,64.0,63.0,53.0,71.0,0.2951,0.2026,141652.0,140460.0,48.17,38.77,0,NO,47.54,46.61,43.66,46.81,44.46,,835,0.0,75811.0,NO,NO,2024-04-08,18618400.0
1660,ENDW,35.2,35.267,4449.0,ETF,ETF,64.0,70.0,64.0,55.0,0.2894,0.2662,14265.0,17640.0,35.87,29.23,0,NO,35.08,34.33,32.92,34.56,33.58,,349,0.0,4515.0,NO,NO,2026-07-15,131100.0
1661,SPGM,86.8,87.44,45198.0,ETF,ETF,64.0,65.0,51.0,63.0,0.5882,0.4421,227690.0,109630.0,88.84,71.15,0,NO,87.78,86.1,81.25,86.43,82.99,,3644,0.0,61633.0,NO,NO,2026-06-26,2578700.0
1662,DEMZ,47.28,47.921,2575.0,ETF,ETF,64.0,57.0,61.0,71.0,0.3144,0.1244,2506.0,2990.0,48.63,39.03,0,NO,48.09,47.34,44.21,47.51,44.82,,1461,0.0,2607.0,NO,NO,2023-12-13,89600.0
1663,TIIV,30.39,30.515,8.0,ETF,ETF,64.0,22.0,61.0,42.0,0.1501,0.0223,533.0,480.0,31.03,25.17,0,NO,30.74,30.14,28.8,30.31,29.37,,276,0.0,800.0,NO,NO,2026-05-27,116100.0
1664,ABM,46.31,46.63,184172.0,Industrials,Specialty Business Services,64.0,18.0,90.0,49.0,0.8875,0.8504,540906.0,380060.0,50.12,36.96,2712882688,NO,47.67,46.75,43.41,46.91,43.25,,11709,0.0,345241.0,NO,NO,2024-06-21,5993500.0
1665,XDIV,30.99,31.27,18106.0,ETF,ETF,64.0,62.0,51.0,71.0,0.1953,0.1462,24455.0,28980.0,31.76,25.62,0,NO,31.38,30.77,28.89,30.9,29.43,,288,0.0,19311.0,NO,NO,2025-12-30,158800.0
1666,MVV,85.14,86.96,33648.0,ETF,ETF,64.0,20.0,34.0,48.0,1.4899,0.9614,8446.0,5900.0,94.88,62.12,0,NO,91.02,89.58,80.37,89.44,83.63,,5080,0.0,33772.0,NO,NO,2014-02-03,95802300.0
1667,ESSC,29.84,30.279,1454.0,ETF,ETF,64.0,24.0,47.0,64.0,0.2461,0.1279,9809.0,4970.0,31.95,20.63,0,NO,30.99,30.99,28.29,30.87,29.14,,231,0.0,1470.0,NO,NO,2026-07-01,391100.0
1668,EQAL,60.62,61.08,34770.0,ETF,ETF,64.0,67.0,64.0,53.0,0.4296,0.3148,33112.0,29710.0,62.03,49.86,0,NO,61.27,59.98,56.74,60.29,58.25,,2937,0.0,37488.0,NO,NO,2019-01-02,4775100.0
1669,FLOC,21.63,21.94,195338.0,Energy,Oil & Gas Equipment & Services,64.0,86.0,16.0,15.0,0.9992,0.9921,668663.0,548490.0,28.26,14.03,2353251584,NO,22.12,21.1,21.54,21.34,22.69,,408,0.0,331203.0,NO,NO,2025-01-16,6442400.0
1670,SSS,22.57,22.61,93.0,ETF,ETF,64.0,88.0,79.0,78.0,0.3063,0.0914,2630.0,1690.0,23.03,17.9,0,NO,21.34,20.62,,20.98,19.98,,147,0.0,93.0,NO,NO,2026-06-26,86200.0
1671,TCAF,42.38,42.67,634927.0,ETF,ETF,64.0,66.0,65.0,74.0,0.2807,0.2201,623163.0,446170.0,43.13,34.43,0,NO,42.67,41.74,39.19,42.03,39.66,,805,0.0,683534.0,NO,NO,2026-03-26,3878900.0
1672,XTJA,34.44,35.005,137.0,ETF,ETF,64.0,54.0,60.0,66.0,0.0682,0.0396,2749.0,2520.0,35.04,29.53,0,NO,34.83,34.37,32.63,34.55,33.13,,1168,0.0,1100.0,NO,NO,2023-11-13,213700.0
1673,THNR,26.75,26.689,198.0,ETF,ETF,64.0,78.0,82.0,51.0,0.3663,0.1773,2247.0,3090.0,27.94,22.63,0,NO,26.77,26.12,25.37,26.35,25.31,,571,0.0,202.0,NO,NO,2024-06-24,64500.0
1674,NBSM,28.69,28.978,24718.0,ETF,ETF,64.0,52.0,78.0,57.0,0.2208,0.1713,84585.0,11000.0,29.61,24.31,0,NO,29.26,28.65,26.82,28.77,27.26,,613,0.0,24726.0,NO,NO,2025-04-11,2177300.0
1675,QVML,45.11,45.391,32448.0,ETF,ETF,64.0,59.0,53.0,72.0,0.2958,0.2203,52865.0,232770.0,46.24,37.24,0,NO,45.58,44.68,41.91,44.89,42.69,,1298,0.0,32528.0,NO,NO,2021-06-30,29976900.0
1676,DFIC,38.83,39.17,1882641.0,ETF,ETF,64.0,65.0,61.0,45.0,0.2758,0.2166,1671533.0,1963360.0,39.63,31.74,0,NO,39.16,38.17,36.69,38.44,37.55,,1113,0.0,2108501.0,NO,NO,2022-10-13,7634900.0
1677,LATR,27.23,27.8,710.0,ETF,ETF,64.0,19.0,73.0,,0.4743,0.1357,1020.0,900.0,29.26,23.85,0,NO,28.4,27.83,,27.95,,,81,0.0,942.0,NO,NO,2026-05-06,51200.0
1678,MODL,52.42,52.819,58200.0,ETF,ETF,64.0,69.0,61.0,71.0,0.3532,0.2331,53752.0,59780.0,53.43,43.38,0,NO,52.8,51.71,48.76,52.01,49.4,,974,0.0,60419.0,NO,NO,2026-01-23,1277300.0
1679,NUDV,33.86,34.015,3736.0,ETF,ETF,64.0,55.0,70.0,50.0,0.2059,0.158,7812.0,14840.0,34.5,28.46,0,NO,34.15,33.54,31.81,33.7,32.53,,1236,0.0,5648.0,NO,NO,2025-04-22,209000.0
1680,LAMR,150.56,149.01,350065.0,Real Estate,REIT - Specialty,64.0,11.0,49.0,64.0,2.6228,2.4807,628885.0,505540.0,166.33,114.45,15289319424,NO,153.91,156.62,140.52,156.33,145.89,,7567,0.62,615021.0,NO,NO,2007-10-05,10761600.0
1681,TACN,29.19,29.283,2652.0,ETF,ETF,64.0,53.0,69.0,53.0,0.1413,0.0451,2387.0,670.0,29.69,25.18,0,NO,29.41,28.79,,28.96,27.84,,179,0.0,2756.0,NO,NO,2026-02-04,18400.0
1682,PRAE,41.25,41.206,9.0,ETF,ETF,64.0,53.0,40.0,40.0,0.176,0.0329,1155.0,640.0,41.67,33.09,0,NO,41.07,40.31,38.99,40.52,39.67,,675,0.0,100.0,NO,NO,2023-12-22,62800.0
1683,AFLG,44.42,44.69,127107.0,ETF,ETF,64.0,56.0,54.0,68.0,0.2811,0.2223,66914.0,62230.0,45.42,37.17,0,NO,44.93,44.05,41.46,44.26,42.33,,1693,0.0,134451.0,NO,NO,2024-12-30,1518400.0
1684,XLEI,28.0,28.23,170919.0,ETF,ETF,63.0,71.0,75.0,55.0,0.3362,0.298,72353.0,128370.0,29.5,23.66,0,NO,27.47,26.6,26.17,26.85,26.71,,274,0.0,184976.0,NO,NO,2026-06-11,259900.0
1685,ITDJ,33.22,33.516,2511.0,ETF,ETF,63.0,63.0,53.0,64.0,0.2037,0.1035,5088.0,3560.0,33.97,27.43,0,NO,33.58,32.94,31.01,33.08,31.65,,448,0.0,2516.0,NO,NO,2025-04-22,55500.0
1686,ESGU,166.82,168.2,178317.0,ETF,ETF,63.0,65.0,51.0,73.0,1.1243,0.8514,421723.0,469490.0,170.85,136.82,0,NO,168.61,165.37,155.05,166.14,157.68,,2446,0.0,218655.0,NO,NO,2023-03-17,50697000.0
1687,KCCA,17.43,17.57,17691.0,ETF,ETF,63.0,69.0,73.0,80.0,0.2661,0.2309,34777.0,48540.0,18.16,14.57,0,NO,17.22,17.11,16.09,17.13,16.01,,1231,0.0,19064.0,NO,NO,2024-12-04,4972600.0
1688,XOEF,29.73,30.08,723.0,ETF,ETF,63.0,50.0,58.0,57.0,0.2161,0.1131,3458.0,4170.0,30.89,24.49,0,NO,30.36,29.96,27.92,30.0,28.68,,289,0.0,816.0,NO,NO,2025-07-11,60800.0
1689,AMOM,56.96,57.879,1159.0,ETF,ETF,63.0,59.0,17.0,73.0,0.9809,0.5261,5825.0,2800.0,64.44,44.6,0,NO,58.46,58.81,53.68,58.16,55.54,,1830,0.0,1166.0,NO,NO,2021-04-14,278800.0
1690,MNZL,59.78,60.371,6846.0,ETF,ETF,63.0,69.0,34.0,72.0,0.5556,0.4606,6047.0,7110.0,62.39,48.79,0,NO,60.48,60.22,,60.2,56.92,,195,0.0,7853.0,NO,NO,2026-04-21,54400.0
1691,SPDW,51.12,51.69,3191783.0,ETF,ETF,63.0,66.0,44.0,51.0,0.4575,0.3286,2886258.0,2367480.0,52.43,41.09,0,NO,51.71,50.62,48.05,50.82,49.36,,4868,0.0,3482863.0,NO,NO,2022-10-03,26986500.0
1692,COR,330.15,323.6,801781.0,Healthcare,Medical Distribution,63.0,81.0,93.0,10.0,8.44,7.2179,1454780.0,1009710.0,377.54,244.82,63000633344,NO,319.99,308.05,322.57,313.36,311.28,,7904,0.73,1511737.0,NO,NO,2003-09-19,55356000.0
1693,MKTW,17.65,18.0,6517.0,Financial Services,Financial Data & Stock Exchanges,63.0,5.0,61.0,89.0,0.6592,0.5621,14042.0,10140.0,22.83,13.49,49291348,NO,19.15,19.22,16.97,19.2,17.51,,1498,0.0,8642.0,NO,NO,2021-03-02,681375.0
1694,JPME,125.65,126.24,7132.0,ETF,ETF,63.0,43.0,66.0,53.0,0.9149,0.8214,10698.0,7650.0,129.9,104.47,0,NO,127.78,125.98,118.23,126.4,121.61,,2563,0.0,8129.0,NO,NO,2025-04-10,603400.0
1695,JPUS,142.47,143.0,2910.0,ETF,ETF,63.0,48.0,70.0,50.0,0.8774,0.6777,7634.0,9930.0,146.35,120.16,0,NO,144.4,142.29,134.16,142.8,137.73,,2745,0.0,4684.0,NO,NO,2017-05-02,1209400.0
1696,NULG,112.35,114.13,37921.0,ETF,ETF,63.0,48.0,32.0,82.0,1.4688,0.8837,89066.0,266760.0,118.72,87.17,0,NO,115.65,114.43,103.73,114.47,106.36,,2434,0.0,39239.0,NO,NO,2026-01-14,3011000.0
1697,CVY,30.4,30.48,11137.0,ETF,ETF,63.0,50.0,71.0,61.0,0.17,0.1343,4125.0,3280.0,30.71,25.81,0,NO,30.37,29.88,28.34,30.11,28.85,,5016,0.0,11174.0,NO,NO,2011-07-14,3108400.0
1698,QUS,193.47,194.57,9930.0,ETF,ETF,63.0,66.0,68.0,60.0,1.0322,0.7513,18030.0,12880.0,196.45,165.5,0,NO,194.67,190.3,180.87,191.56,183.73,,2861,0.0,10491.0,NO,NO,2020-03-30,1014100.0
1699,VERA,34.26,34.08,670731.0,Healthcare,Biotechnology,63.0,82.0,53.0,8.0,1.8731,1.7689,2090649.0,1799630.0,56.05,21.64,2466727936,NO,32.3,36.2,39.32,35.49,37.54,,1330,0.0,2996884.0,NO,NO,2025-06-02,13253900.0
1700,DFAU,52.56,52.96,429613.0,ETF,ETF,63.0,61.0,53.0,69.0,0.3501,0.2662,594903.0,479080.0,53.95,43.67,0,NO,53.26,52.23,49.04,52.46,49.95,,1450,0.0,528336.0,NO,NO,2025-04-04,4309700.0
1701,FLJP,40.63,40.85,1474867.0,ETF,ETF,63.0,72.0,61.0,54.0,0.4293,0.3157,1020259.0,639440.0,42.02,33.42,0,NO,40.88,40.09,37.95,40.22,38.91,,2215,0.0,1557280.0,NO,NO,2026-03-03,9396700.0
1702,ITDH,42.83,43.123,3605.0,ETF,ETF,63.0,64.0,53.0,64.0,0.2938,0.181,5841.0,6600.0,43.82,35.38,0,NO,43.2,42.4,39.92,42.56,40.73,,717,0.0,4880.0,NO,NO,2025-06-13,105000.0
1703,ACWX,76.87,77.4,1133214.0,ETF,ETF,63.0,66.0,44.0,53.0,0.6804,0.4854,1815620.0,1999890.0,78.45,61.89,0,NO,77.43,75.99,72.23,76.24,74.02,,4634,0.0,1936868.0,NO,NO,2021-10-06,19630400.0
1704,MCDS,68.59,67.842,21.0,ETF,ETF,63.0,30.0,62.0,60.0,0.4014,0.1261,569.0,1080.0,70.42,55.63,0,NO,69.08,68.07,63.04,68.14,64.69,,425,0.0,23.0,NO,NO,2025-04-04,48700.0
1705,ITDI,42.71,43.1,6202.0,ETF,ETF,63.0,64.0,53.0,64.0,0.2632,0.1599,3009.0,3400.0,43.7,35.36,0,NO,43.19,42.37,39.89,42.53,40.7,,718,0.0,6288.0,NO,NO,2026-02-19,38700.0
1706,DEUS,66.7,66.991,4581.0,ETF,ETF,63.0,43.0,68.0,54.0,0.4286,0.3057,13498.0,7040.0,68.5,56.17,0,NO,67.77,66.65,62.56,66.94,64.07,,2689,0.0,4756.0,NO,NO,2022-09-29,776500.0
1707,DDDD,34.02,34.19,3626.0,ETF,ETF,63.0,74.0,73.0,,0.2814,0.2293,6287.0,3260.0,34.45,30.33,0,NO,33.82,32.86,,33.11,,,119,0.0,3688.0,NO,NO,2026-06-29,33900.0
1708,ESGV,134.74,136.13,97685.0,ETF,ETF,63.0,66.0,47.0,76.0,1.0725,0.8118,191634.0,169120.0,138.12,108.18,0,NO,136.23,133.48,125.0,134.14,126.9,,1996,0.0,443220.0,NO,NO,2021-07-07,3142700.0
1709,BLES,49.35,49.893,3280.0,ETF,ETF,63.0,61.0,62.0,54.0,0.3141,0.2034,9661.0,11670.0,50.46,41.22,0,NO,49.87,48.73,46.27,49.01,47.35,,2390,0.0,5241.0,NO,NO,2024-04-02,1622000.0
1710,VSLU,48.56,48.85,5489.0,ETF,ETF,63.0,67.0,61.0,68.0,0.321,0.2186,31688.0,20520.0,49.4,39.8,0,NO,48.89,47.66,45.19,48.07,45.76,,1340,0.0,7472.0,NO,NO,2025-10-29,454400.0
1711,QNXT,31.41,31.815,1149.0,ETF,ETF,63.0,65.0,33.0,74.0,0.2567,0.1084,7750.0,1690.0,32.59,25.51,0,NO,32.01,31.28,28.99,31.34,29.57,,463,0.0,1161.0,NO,NO,2026-07-02,307000.0
1712,MIDE,37.87,38.458,79.0,ETF,ETF,63.0,26.0,58.0,58.0,0.2245,0.0603,585.0,170.0,39.31,30.97,0,NO,38.64,38.18,35.66,38.25,36.59,,1383,0.0,100.0,NO,NO,2024-02-15,205700.0
1713,XUSP,53.45,53.975,1211.0,ETF,ETF,63.0,64.0,37.0,74.0,0.4563,0.233,4825.0,4130.0,55.4,42.62,0,NO,54.37,53.1,49.56,53.36,50.45,,1017,0.0,1255.0,NO,NO,2025-04-08,269900.0
1714,MPLX,58.97,59.17,882327.0,Energy,Oil & Gas Midstream,63.0,56.0,77.0,36.0,0.89,0.8707,1421346.0,1048630.0,60.95,47.8,59792289792,NO,59.17,57.99,56.29,58.36,57.24,,3479,0.0,1268454.0,NO,NO,2019-07-29,16465500.0
1715,SW,45.69,46.9,3459925.0,Consumer Cyclical,Packaging & Containers,63.0,27.0,82.0,25.0,1.3879,1.3057,5414358.0,4470200.0,52.65,32.73,23954960384,NO,48.4,46.67,42.19,47.0,43.75,,4580,0.0,5369698.0,NO,NO,2024-07-08,67456700.0
1716,DFAI,42.68,43.06,1510124.0,ETF,ETF,63.0,59.0,63.0,46.0,0.295,0.2343,1651679.0,1999240.0,43.59,35.12,0,NO,43.15,42.14,40.42,42.41,41.29,,1450,0.0,1708353.0,NO,NO,2026-02-25,17106300.0
1717,STOK,31.07,31.2,271998.0,Healthcare,Biotechnology,63.0,83.0,56.0,7.0,1.6061,1.5,870296.0,1006240.0,40.22,18.8,2004830208,NO,32.18,31.18,31.88,31.1,32.21,,1810,0.0,726701.0,NO,NO,2024-03-26,19469000.0
1718,VOTE,89.73,90.515,14764.0,ETF,ETF,63.0,66.0,51.0,71.0,0.5956,0.4077,26222.0,17880.0,91.89,73.89,0,NO,90.73,88.93,83.55,89.33,85.01,,1303,0.0,15276.0,NO,NO,2021-06-25,1994900.0
1719,ACNT,15.18,15.17,10255.0,Basic Materials,Specialty Chemicals,63.0,21.0,85.0,8.0,0.431,0.3974,69247.0,48110.0,17.92,11.86,136718448,NO,15.21,15.1,14.9,15.27,14.58,,11709,0.0,24257.0,NO,NO,2020-10-27,2544700.0
1720,VALU,39.35,37.01,3770.0,Financial Services,Financial Data & Stock Exchanges,63.0,90.0,88.0,54.0,1.4672,1.1144,3519.0,3350.0,41.18,32.0,369192416,NO,37.17,37.76,36.49,38.06,36.16,,10913,1.68,4042.0,NO,NO,1983-05-10,702800.0
1721,IWR,110.49,111.68,803063.0,ETF,ETF,63.0,52.0,63.0,60.0,0.9286,0.7221,1844763.0,1094480.0,114.97,91.64,0,NO,113.08,111.05,103.36,111.39,105.84,,6289,0.0,874877.0,NO,NO,2008-11-13,60872400.0
1722,JKHY,167.99,167.91,591898.0,Technology,Information Technology Services,63.0,86.0,91.0,45.0,5.2164,4.7107,1286253.0,1095460.0,193.39,121.04,11781722112,NO,160.68,151.84,159.89,156.67,151.57,,10272,0.0,900863.0,NO,NO,2018-11-12,19373600.0
1723,VOO,699.42,704.89,4242184.0,ETF,ETF,63.0,64.0,50.0,70.0,4.8114,3.9593,7943865.0,7123640.0,716.39,578.46,0,NO,707.05,693.82,653.48,696.32,663.99,,4019,0.0,6464469.0,NO,NO,2025-12-18,37062400.0
1724,RJDI,29.27,29.32,50071.0,ETF,ETF,63.0,45.0,64.0,49.0,0.2117,0.1917,34103.0,41390.0,30.31,24.23,0,NO,29.75,29.36,27.66,29.4,28.54,,229,0.0,50622.0,NO,NO,2025-12-11,290100.0
1725,SETM,33.4,34.41,96739.0,ETF,ETF,63.0,92.0,11.0,8.0,1.0061,0.7994,174077.0,143300.0,40.55,21.2,0,NO,33.51,31.39,33.06,31.77,33.79,,897,0.0,103906.0,NO,NO,2026-05-07,1438400.0
1726,VOOG,83.01,83.95,1026323.0,ETF,ETF,63.0,67.0,27.0,79.0,0.87,0.6582,1423696.0,998510.0,86.14,64.99,0,NO,84.35,82.53,76.98,82.85,78.35,,4018,0.0,1113148.0,NO,NO,2025-04-09,7119000.0
1727,MGC,279.31,281.45,81235.0,ETF,ETF,63.0,68.0,46.0,73.0,1.8614,1.4207,96471.0,67280.0,285.55,228.37,0,NO,281.82,276.12,260.08,277.45,264.16,,4698,0.0,89606.0,NO,NO,2025-12-16,3290900.0
1728,ITDG,42.76,43.086,1566.0,ETF,ETF,63.0,63.0,53.0,64.0,0.2787,0.1741,7998.0,6490.0,43.72,35.53,0,NO,43.17,42.38,39.93,42.54,40.73,,712,0.0,1692.0,NO,NO,2025-05-12,52100.0
1729,DFUS,82.96,83.63,349576.0,ETF,ETF,63.0,62.0,50.0,70.0,0.5766,0.4311,695076.0,429780.0,85.27,68.59,0,NO,84.07,82.48,77.44,82.81,78.82,,1310,0.0,402854.0,NO,NO,2026-03-19,4357900.0
1730,ORO,20.84,21.099,22.0,ETF,ETF,63.0,90.0,72.0,65.0,0.3091,0.0275,574.0,2380.0,21.12,17.7,0,NO,18.92,18.46,18.85,18.89,19.07,,217,0.0,200.0,NO,NO,2025-10-17,102900.0
1731,SCHM,35.17,35.51,2055679.0,ETF,ETF,63.0,59.0,42.0,58.0,0.4057,0.3064,954328.0,1223330.0,36.92,28.25,0,NO,36.04,35.73,33.13,35.66,34.17,,3930,0.0,2122345.0,NO,NO,2024-10-16,15838400.0
1732,STXF,49.21,49.614,23386.0,ETF,ETF,62.0,67.0,51.0,71.0,0.3198,0.2326,50815.0,48010.0,50.35,40.52,0,NO,49.71,48.74,45.85,48.96,46.62,,993,0.0,29249.0,NO,NO,2022-09-21,970100.0
1733,IVE,235.61,236.53,436466.0,ETF,ETF,62.0,62.0,68.0,57.0,1.4525,1.2289,752230.0,477430.0,239.93,201.22,0,NO,236.71,232.63,221.4,233.89,224.99,,6604,0.0,500072.0,NO,NO,2025-11-18,21719200.0
1734,FVC,41.74,42.294,493.0,ETF,ETF,62.0,75.0,48.0,69.0,0.4518,0.1831,2696.0,4810.0,44.23,33.81,0,NO,42.2,41.69,38.74,41.6,39.47,,2628,0.0,496.0,NO,NO,2016-05-26,1269400.0
1735,SPYG,119.58,120.89,1575772.0,ETF,ETF,62.0,66.0,27.0,79.0,1.2486,0.9386,2497401.0,2288340.0,124.04,93.61,0,NO,121.47,118.85,110.88,119.32,112.84,,6516,0.0,2118317.0,NO,NO,2023-06-05,19715200.0
1736,SEIS,32.13,32.562,32542.0,ETF,ETF,62.0,33.0,57.0,64.0,0.348,0.2591,50592.0,51840.0,33.76,25.86,0,NO,33.12,32.83,30.25,32.76,31.01,,473,0.0,36213.0,NO,NO,2024-10-28,7884500.0
1737,ACLS,110.63,115.33,162080.0,Technology,Semiconductor Equipment & Materials,62.0,2.0,3.0,88.0,6.8621,5.5379,511761.0,313910.0,193.78,73.6,3416418816,NO,131.08,140.4,116.06,132.87,128.47,,6574,0.0,299404.0,NO,NO,2017-10-18,5688300.0
1738,IVW,138.15,139.6,2112342.0,ETF,ETF,62.0,66.0,27.0,79.0,1.4336,1.0764,1798015.0,1211030.0,143.26,108.13,0,NO,140.31,137.29,128.06,137.83,130.33,,6604,0.0,2312536.0,NO,NO,2024-03-14,55163800.0
1739,SROI,37.91,38.208,20.0,ETF,ETF,62.0,62.0,49.0,62.0,0.1699,0.0276,541.0,550.0,38.55,31.69,0,NO,38.09,37.37,35.3,37.54,35.99,,894,0.0,100.0,NO,NO,2023-03-16,153200.0
1740,KDVD,28.86,28.896,921.0,ETF,ETF,62.0,43.0,72.0,45.0,0.1353,0.021,326.0,250.0,29.5,24.89,0,NO,29.17,28.73,,28.82,27.69,,183,0.0,928.0,NO,NO,2025-12-08,55200.0
1741,KDP,31.97,31.86,3460462.0,Consumer Defensive,Beverages - Non-Alcoholic,62.0,68.0,73.0,58.0,0.8075,0.7232,13755847.0,8924130.0,33.82,24.88,43485192192,NO,31.04,31.2,29.02,31.39,29.73,,4608,0.0,7068431.0,NO,NO,2022-06-17,143326600.0
1742,DIVI,43.88,44.29,171330.0,ETF,ETF,62.0,56.0,59.0,51.0,0.3398,0.2899,204966.0,270710.0,44.89,36.15,0,NO,44.46,43.51,41.53,43.71,42.45,,2575,0.0,190497.0,NO,NO,2026-08-18,1659700.0
1743,GDIV,18.86,18.933,3557.0,ETF,ETF,62.0,46.0,61.0,55.0,0.1027,0.0768,12971.0,25000.0,19.23,15.58,0,NO,19.04,18.8,17.76,18.85,18.14,,1072,0.0,4892.0,NO,NO,2025-03-17,1831100.0
1744,XYZ,78.43,82.02,3217440.0,Technology,Software - Infrastructure,62.0,14.0,61.0,84.0,2.8863,2.4915,5238609.0,4192610.0,86.92,48.21,47114342400,NO,81.2,79.6,68.36,80.12,70.85,,2709,0.0,5155325.0,NO,NO,2023-03-23,140313900.0
1745,MPWR,1224.32,1267.77,427773.0,Technology,Semiconductors,62.0,3.0,4.0,61.0,55.1271,45.3386,921369.0,618760.0,1714.09,800.97,60165283840,NO,1339.4,1346.97,1244.48,1336.96,1349.47,,5478,0.0,757741.0,NO,NO,2021-02-11,10003300.0
1746,GGLL,95.48,98.59,1184631.0,ETF,ETF,62.0,3.0,3.0,56.0,3.3984,3.2198,1513553.0,844120.0,153.0,46.33,0,NO,104.24,106.65,105.72,104.25,107.07,,999,0.0,1251797.0,NO,NO,2025-05-07,11451700.0
1747,AMZN,254.13,259.77,22105583.0,Consumer Cyclical,Internet Retail,62.0,6.0,41.0,85.0,6.0414,5.2857,48954106.0,33966100.0,287.2,196.0,2740802289664,NO,264.55,252.41,238.79,255.6,242.23,,7370,0.0,31415716.0,YES,NO,2007-04-25,2086584000.0
1748,QINT,71.93,72.67,25095.0,ETF,ETF,62.0,61.0,59.0,49.0,0.4921,0.35,71490.0,108320.0,73.71,58.9,0,NO,72.88,70.97,67.99,71.44,69.37,,1998,0.0,27044.0,NO,NO,2019-10-24,1900900.0
1749,RND,32.96,33.1,105.0,ETF,ETF,62.0,75.0,48.0,75.0,0.2161,0.1066,4007.0,3400.0,33.68,26.25,0,NO,33.08,32.15,30.57,32.4,30.77,,584,0.0,100.0,NO,NO,2026-06-30,90600.0
1750,SEIM,52.94,53.87,55431.0,ETF,ETF,62.0,42.0,25.0,66.0,0.6156,0.4278,105006.0,122580.0,56.23,42.58,0,NO,54.66,54.2,49.93,54.0,51.42,,1075,0.0,61167.0,NO,NO,2024-02-13,12625300.0
1751,VSEC,197.9,208.68,186560.0,Industrials,Aerospace & Defense,62.0,64.0,82.0,10.0,10.7611,9.6814,448747.0,289660.0,247.85,154.67,5554198016,NO,224.05,215.14,196.94,212.99,201.83,,11051,0.0,303070.0,NO,NO,2026-03-20,5698600.0
1752,TOV,32.08,32.34,13920.0,ETF,ETF,62.0,64.0,49.0,71.0,0.1876,0.0906,9636.0,35630.0,32.8,26.52,0,NO,32.43,31.79,29.91,31.93,30.43,,379,0.0,16949.0,NO,NO,2025-02-27,2706600.0
1753,KYC,27.17,27.41,112.0,ETF,ETF,62.0,74.0,77.0,,0.3697,0.075,968.0,270.0,28.08,22.75,0,NO,27.05,25.98,,26.39,,,81,0.0,126.0,NO,NO,2026-05-06,50700.0
1754,IYY,185.31,186.84,14388.0,ETF,ETF,62.0,65.0,51.0,70.0,1.1829,0.7771,25161.0,13800.0,189.95,153.32,0,NO,187.48,183.81,172.87,184.67,175.85,,6590,0.0,15559.0,NO,NO,2016-01-25,2573400.0
1755,VALE,15.13,15.09,23160389.0,Basic Materials,Other Industrial Metals & Mining,62.0,78.0,11.0,15.0,0.4196,0.3568,23578006.0,28912770.0,17.94,10.08,64432246784,NO,14.58,14.65,15.12,14.66,15.57,,6152,0.0,27269930.0,YES,NO,2019-01-25,157468400.0
1756,VOOV,227.44,228.36,69687.0,ETF,ETF,62.0,63.0,67.0,57.0,1.3518,1.1339,66484.0,65300.0,231.66,194.47,0,NO,228.53,224.62,213.9,225.79,217.3,,4018,0.0,78148.0,NO,NO,2022-03-28,887900.0
1757,ESLG,28.4,28.931,1930.0,ETF,ETF,62.0,68.0,47.0,78.0,0.2891,0.1284,5714.0,6280.0,29.71,22.65,0,NO,29.01,28.44,26.11,28.55,26.63,,231,0.0,2199.0,NO,NO,2026-04-14,177600.0
1758,SPYV,63.08,63.35,1381646.0,ETF,ETF,62.0,62.0,67.0,57.0,0.3943,0.3314,2138084.0,1518700.0,64.26,53.94,0,NO,63.39,62.3,59.32,62.63,60.28,,6516,0.0,1528547.0,NO,NO,2023-03-21,28136800.0
1759,GD,369.7,371.35,804027.0,Industrials,Aerospace & Defense,62.0,16.0,80.0,42.0,6.6775,6.2996,1145142.0,826840.0,400.0,306.77,100026343424,NO,386.51,376.21,354.09,380.89,357.54,,16274,0.0,1269213.0,NO,NO,2003-01-22,32532800.0
1760,FNDA,36.57,37.07,1960522.0,ETF,ETF,62.0,25.0,56.0,55.0,0.3493,0.2975,571344.0,1010190.0,38.59,29.31,0,NO,37.83,37.6,34.7,37.59,35.73,,3280,0.0,2003023.0,NO,NO,2026-05-12,39922700.0
1761,XTOC,37.0,37.05,1937.0,ETF,ETF,62.0,57.0,63.0,67.0,0.0448,0.0304,7244.0,14830.0,37.05,31.0,0,NO,36.89,36.49,34.6,36.63,35.14,,1233,0.0,1942.0,NO,NO,2023-11-07,216600.0
1762,VT,159.27,160.55,1703260.0,ETF,ETF,62.0,66.0,50.0,63.0,1.1286,0.8343,2963966.0,1947700.0,162.71,131.89,0,NO,160.82,157.74,149.0,158.38,151.98,,4573,0.0,1943696.0,NO,NO,2021-07-09,19201700.0
1763,CSM,88.2,88.28,1634.0,ETF,ETF,62.0,59.0,50.0,71.0,0.53,0.302,6215.0,4360.0,90.27,72.79,0,NO,88.91,86.84,81.86,87.34,83.13,,4310,0.0,2507.0,NO,NO,2020-04-09,3128600.0
1764,RGEF,34.64,34.964,742.0,ETF,ETF,62.0,46.0,39.0,64.0,0.2212,0.1008,5992.0,2550.0,35.78,28.22,0,NO,35.25,34.77,32.56,34.81,33.31,,461,0.0,3407.0,NO,NO,2025-02-18,804700.0
1765,ITOT,166.54,167.92,1026234.0,ETF,ETF,62.0,63.0,50.0,70.0,1.1657,0.8682,1814031.0,1687010.0,171.03,137.73,0,NO,168.67,165.46,155.42,166.16,158.18,,5687,0.0,1250945.0,NO,NO,2022-06-17,20576200.0
1766,IUSG,188.63,190.61,400214.0,ETF,ETF,62.0,65.0,27.0,78.0,1.9004,1.3689,518007.0,571150.0,195.64,148.39,0,NO,191.79,187.74,175.08,188.43,178.33,,6561,0.0,428815.0,NO,NO,2018-12-11,8178500.0
1767,LW,53.05,54.53,1069449.0,Consumer Defensive,Packaged Foods,62.0,45.0,92.0,74.0,1.4411,1.4097,1581850.0,1317010.0,67.07,37.62,7292106752,NO,53.4,49.89,47.2,50.77,46.25,,2463,0.0,1640817.0,NO,NO,2018-11-30,39405400.0
1768,ENHU,29.0,28.649,7.0,ETF,ETF,62.0,63.0,56.0,72.0,0.1379,0.0023,311.0,100.0,29.07,23.45,0,NO,28.74,28.13,26.35,28.27,26.85,,205,0.0,207.0,NO,NO,2025-12-11,14000.0
1769,IWV,432.46,436.14,69454.0,ETF,ETF,62.0,64.0,51.0,69.0,2.9536,2.1721,187212.0,136220.0,443.91,358.55,0,NO,438.06,429.63,403.85,431.5,410.88,,6604,0.0,86818.0,NO,NO,2004-01-23,18966400.0
1770,GSEW,96.3,97.295,60551.0,ETF,ETF,62.0,61.0,65.0,60.0,0.7489,0.5603,79434.0,75530.0,99.42,80.92,0,NO,97.98,95.92,89.97,96.39,91.77,,2251,0.0,66862.0,NO,NO,2025-09-24,3673600.0
1771,SPYM,89.58,90.28,6658989.0,ETF,ETF,62.0,65.0,49.0,70.0,0.61,0.4779,12357428.0,8061120.0,91.74,74.06,0,NO,90.55,88.77,83.58,89.18,84.98,,5229,0.0,24651335.0,YES,NO,2026-03-13,73446500.0
1772,IVV,764.79,770.74,3271698.0,ETF,ETF,62.0,65.0,50.0,70.0,5.2129,4.0786,7424839.0,5776360.0,783.09,632.14,0,NO,772.93,757.63,713.4,761.21,725.43,,6609,0.0,5599220.0,NO,NO,2025-12-16,40598500.0
1773,NBDS,39.87,40.661,4021.0,ETF,ETF,62.0,69.0,20.0,86.0,0.6055,0.2359,60976.0,6360.0,42.86,29.42,0,NO,41.26,40.71,36.55,40.63,37.13,,1103,0.0,4107.0,NO,NO,2026-06-15,2091900.0
1774,VSMV,61.36,61.27,4307.0,ETF,ETF,62.0,70.0,63.0,51.0,0.4075,0.3046,4269.0,3120.0,61.62,51.49,0,NO,60.8,60.21,58.07,60.49,59.18,,2308,0.0,4427.0,NO,NO,2019-07-18,3182200.0
1775,RF,29.27,29.88,3922973.0,Financial Services,Banks - Regional,62.0,11.0,76.0,52.0,0.5343,0.5057,9646433.0,7510380.0,32.47,22.7,24940236800,NO,31.05,30.81,28.35,30.82,28.77,,11709,0.0,6129180.0,NO,NO,2009-05-21,570981700.0
1776,ACWI,159.32,160.68,1612072.0,ETF,ETF,62.0,64.0,48.0,64.0,1.1864,0.9114,2893846.0,1970720.0,162.8,131.52,0,NO,160.91,157.85,149.15,158.5,152.09,,4636,0.0,2367541.0,NO,NO,2022-02-03,21242100.0
1777,QUAL,220.89,222.62,738279.0,ETF,ETF,62.0,52.0,61.0,62.0,1.5436,1.2572,1166039.0,820520.0,227.32,185.89,0,NO,224.41,220.31,207.25,221.25,210.7,,3300,0.0,854740.0,NO,NO,2023-03-17,43206800.0
1778,TSPA,47.9,48.29,355266.0,ETF,ETF,62.0,62.0,49.0,70.0,0.3685,0.2669,483111.0,271840.0,49.17,39.53,0,NO,48.48,47.64,44.77,47.79,45.57,,1310,0.0,406477.0,NO,NO,2024-05-23,9410000.0
1779,BKLC,48.62,49.04,262455.0,ETF,ETF,62.0,66.0,49.0,71.0,0.3424,0.2553,419446.0,549200.0,49.84,40.21,0,NO,49.16,48.2,45.36,48.41,46.12,,1604,0.0,300273.0,NO,NO,2023-02-01,49288500.0
1780,SCHK,36.69,36.97,2007672.0,ETF,ETF,61.0,64.0,50.0,70.0,0.2567,0.1934,992809.0,1873250.0,37.62,30.3,0,NO,37.12,36.39,34.22,36.55,34.81,,2232,0.0,2071660.0,NO,NO,2018-12-27,9595800.0
1781,SCHB,29.36,29.6,5108191.0,ETF,ETF,61.0,63.0,50.0,70.0,0.2107,0.1604,7741561.0,5546970.0,30.15,24.28,0,NO,29.74,29.17,27.41,29.3,27.9,,4231,0.0,5605917.0,NO,NO,2020-03-12,52420200.0
1782,DIA,527.38,531.57,2383471.0,ETF,ETF,61.0,52.0,65.0,62.0,3.7179,3.1779,4169133.0,2940780.0,546.75,450.16,0,NO,535.4,527.6,497.41,528.92,503.64,,7198,0.0,3088015.0,NO,NO,2008-11-21,91695200.0
1783,IUSV,113.96,114.43,443715.0,ETF,ETF,61.0,61.0,67.0,56.0,0.7189,0.5975,623274.0,609750.0,116.19,97.64,0,NO,114.66,112.73,107.23,113.32,108.99,,6556,0.0,463355.0,NO,NO,2015-09-25,5310900.0
1784,VRSN,289.85,288.28,446144.0,Technology,Software - Infrastructure,61.0,34.0,25.0,88.0,7.7393,7.5929,800122.0,627700.0,312.48,208.86,26202439680,NO,287.26,275.63,260.93,281.79,268.77,,7190,0.0,682154.0,NO,NO,2002-04-26,87809700.0
1785,MKTN,27.68,27.57,20995.0,ETF,ETF,61.0,60.0,74.0,60.0,0.3494,0.3076,26541.0,26720.0,27.9,24.14,0,NO,27.41,26.82,25.9,27.02,26.17,,234,0.0,22780.0,NO,NO,2026-01-05,495300.0
1786,GSUS,105.23,106.05,37325.0,ETF,ETF,61.0,66.0,50.0,71.0,0.6892,0.4838,81826.0,96200.0,107.67,86.68,0,NO,106.28,104.19,98.07,104.68,99.67,,1579,0.0,37886.0,NO,NO,2020-06-09,4903100.0
1787,FQAL,83.98,84.69,10150.0,ETF,ETF,61.0,66.0,64.0,65.0,0.4869,0.3779,38111.0,31930.0,85.56,70.44,0,NO,84.67,82.75,78.23,83.32,79.35,,2502,0.0,12478.0,NO,NO,2024-01-29,2264300.0
1788,JHML,89.87,90.62,8016.0,ETF,ETF,61.0,55.0,54.0,65.0,0.553,0.3944,32274.0,18420.0,92.58,75.29,0,NO,91.32,89.8,84.27,90.05,85.94,,2745,0.0,8737.0,NO,NO,2016-07-27,7135600.0
1789,LCAP,33.32,33.55,29270.0,ETF,ETF,61.0,52.0,49.0,66.0,0.2035,0.1529,42280.0,27150.0,34.34,27.47,0,NO,33.79,33.35,31.29,33.45,31.93,,360,0.0,29997.0,NO,NO,2025-10-30,1798000.0
1790,VFMO,224.54,226.97,60564.0,ETF,ETF,61.0,48.0,22.0,59.0,3.7262,2.7573,70363.0,60690.0,250.2,174.61,0,NO,232.76,233.36,214.49,231.33,221.98,,2145,0.0,62626.0,NO,NO,2025-08-25,248900.0
1791,SHUS,51.01,52.349,7.0,ETF,ETF,61.0,24.0,65.0,55.0,0.2292,0.0,101.0,100.0,52.65,44.55,0,NO,52.26,51.32,48.63,51.59,49.56,,1303,0.0,100.0,NO,NO,2022-10-17,54900.0
1792,TAYD,60.35,60.02,27935.0,Industrials,Specialty Industrial Machinery,61.0,92.0,86.0,2.0,2.683,2.618,42485.0,63230.0,90.37,40.5,194645776,NO,56.11,56.09,61.06,56.25,60.92,,11547,0.0,35518.0,NO,NO,2004-12-28,27979000.0
1793,SPTM,92.2,92.92,266742.0,ETF,ETF,61.0,62.0,50.0,69.0,0.6114,0.4661,497636.0,557480.0,94.62,76.54,0,NO,93.37,91.6,86.19,91.99,87.72,,6510,0.0,302722.0,NO,NO,2014-08-25,16814400.0
1794,RACE,410.3,422.6,302620.0,Consumer Cyclical,Auto Manufacturers,61.0,75.0,89.0,75.0,8.0343,5.6714,486961.0,380860.0,504.49,312.51,72116305920,NO,415.31,390.66,364.94,398.04,365.33,,2730,0.0,405817.0,NO,NO,2015-10-21,22498800.0
1795,DFIS,37.08,37.53,370336.0,ETF,ETF,61.0,73.0,57.0,43.0,0.3251,0.2741,771274.0,370390.0,38.05,30.27,0,NO,37.29,36.17,34.98,36.47,35.79,,1113,0.0,420140.0,NO,NO,2025-10-22,6533100.0
1796,BAMG,43.94,44.439,10038.0,ETF,ETF,61.0,61.0,39.0,75.0,0.3099,0.1399,13977.0,12190.0,45.45,35.32,0,NO,44.73,44.27,41.13,44.26,41.71,,733,0.0,10172.0,NO,NO,2023-11-10,452800.0
1797,KMI,32.06,32.24,5850896.0,Energy,Oil & Gas Midstream,61.0,39.0,68.0,16.0,0.8736,0.8429,10167058.0,11963690.0,34.81,25.6,71380148224,NO,31.69,32.04,30.99,31.98,32.41,,3910,0.0,8854608.0,NO,NO,2014-11-26,251528800.0
1798,GSIE,47.38,47.865,400720.0,ETF,ETF,61.0,53.0,67.0,48.0,0.314,0.2558,451295.0,355650.0,48.49,39.95,0,NO,48.01,46.82,44.89,47.12,45.68,,2716,0.0,471171.0,NO,NO,2025-09-15,6624400.0
1799,EQTY,29.31,29.62,18425.0,ETF,ETF,61.0,53.0,72.0,58.0,0.2009,0.1427,19907.0,13310.0,30.06,24.74,0,NO,29.8,28.93,27.48,29.2,27.71,,932,0.0,20130.0,NO,NO,2023-01-25,4493500.0
1800,CZA,124.49,125.08,2706.0,ETF,ETF,61.0,25.0,74.0,53.0,0.8238,0.5832,2580.0,6170.0,127.85,106.81,0,NO,126.74,124.81,116.92,125.39,118.92,,4884,0.0,2714.0,NO,NO,2014-01-31,172900.0
1801,XVV,58.31,58.83,10449.0,ETF,ETF,61.0,67.0,52.0,72.0,0.3975,0.2861,16311.0,14280.0,59.74,47.59,0,NO,58.92,57.63,54.33,57.93,55.1,,1489,0.0,16794.0,NO,NO,2022-02-09,4635600.0
1802,SCHX,30.0,30.23,6154133.0,ETF,ETF,61.0,65.0,51.0,70.0,0.2046,0.1596,9991133.0,6196210.0,30.77,24.81,0,NO,30.35,29.74,28.0,29.88,28.47,,4231,0.0,6765758.0,NO,NO,2024-10-07,103780800.0
1803,ONEQ,102.85,103.89,230324.0,ETF,ETF,61.0,70.0,22.0,79.0,1.1036,0.8514,342014.0,184600.0,107.07,81.45,0,NO,104.01,102.21,95.78,102.5,97.62,,5765,0.0,240854.0,NO,NO,2008-07-08,24904000.0
1804,TLTD,103.49,104.23,4110.0,ETF,ETF,61.0,67.0,62.0,46.0,0.9586,0.7564,6726.0,4160.0,105.58,85.77,0,NO,104.18,101.14,97.7,101.99,99.56,,3497,0.0,4172.0,NO,NO,2019-03-21,1418700.0
1805,SPYX,62.4,62.88,51110.0,ETF,ETF,61.0,63.0,51.0,71.0,0.4061,0.2868,60134.0,37840.0,63.96,51.28,0,NO,63.09,61.86,58.25,62.15,59.16,,2702,0.0,53562.0,NO,NO,2026-01-22,2668700.0
1806,QTWO,63.81,65.04,271610.0,Technology,Software - Application,61.0,78.0,92.0,88.0,2.4057,2.2936,813825.0,629900.0,85.19,40.79,3978853120,NO,64.04,57.26,57.02,59.58,51.93,,3131,0.0,415007.0,NO,NO,2025-09-19,13172900.0
1807,GLP,51.97,51.35,58764.0,Energy,Oil & Gas Midstream,61.0,78.0,79.0,58.0,1.0854,1.0718,102973.0,50260.0,53.24,39.58,1759131520,NO,50.26,48.78,46.66,49.52,47.9,,5262,0.0,75439.0,NO,NO,2023-12-15,5939400.0
1808,TOPC,34.71,34.96,4430.0,ETF,ETF,61.0,61.0,53.0,66.0,0.2149,0.1121,8722.0,11280.0,35.63,29.14,0,NO,35.14,34.58,32.49,34.67,33.1,,345,0.0,6793.0,NO,NO,2026-04-30,87400.0
1809,SPXN,83.4,83.942,728.0,ETF,ETF,61.0,65.0,37.0,70.0,0.4412,0.0921,1301.0,1040.0,85.11,68.36,0,NO,84.16,82.53,77.66,82.87,79.21,,2749,0.0,735.0,NO,NO,2021-04-01,241200.0
1810,KRBN,34.78,34.8,6091.0,ETF,ETF,61.0,71.0,67.0,82.0,0.4984,0.4748,19985.0,11470.0,36.5,27.0,0,NO,34.42,33.92,32.76,33.99,31.94,,1528,0.0,6381.0,NO,NO,2022-03-01,4304000.0
1811,THD,71.78,72.37,92426.0,ETF,ETF,61.0,23.0,25.0,38.0,0.6964,0.3486,69504.0,33260.0,75.06,57.52,0,NO,73.3,72.45,68.1,72.95,71.31,,4634,0.0,97066.0,NO,NO,2020-07-31,1446000.0
1812,IWB,416.38,419.88,231340.0,ETF,ETF,61.0,65.0,51.0,69.0,2.8785,2.1592,565003.0,429590.0,426.92,345.21,0,NO,421.3,412.96,388.79,414.86,395.25,,6609,0.0,274830.0,NO,NO,2008-11-21,20341700.0
1813,RSEE,38.91,39.388,27027.0,ETF,ETF,61.0,69.0,27.0,63.0,0.3698,0.2275,6066.0,6150.0,40.38,31.1,0,NO,39.55,39.0,36.47,39.04,37.32,,1156,0.0,27052.0,NO,NO,2022-02-11,289200.0
1814,GCOW,47.43,47.37,172108.0,ETF,ETF,61.0,66.0,65.0,39.0,0.3532,0.2593,270611.0,256070.0,48.06,39.02,0,NO,47.13,45.61,44.74,46.15,45.86,,2646,0.0,190168.0,NO,NO,2026-02-06,2548300.0
1815,STRN,25.79,26.183,2139.0,ETF,ETF,61.0,28.0,12.0,76.0,0.3535,0.1701,14331.0,3750.0,29.08,19.65,0,NO,26.65,26.84,24.16,26.57,25.01,,259,0.0,2288.0,NO,NO,2025-12-17,627400.0
1816,VONE,344.44,347.17,45107.0,ETF,ETF,61.0,65.0,51.0,69.0,2.4393,1.8529,90993.0,87240.0,353.24,285.56,0,NO,348.46,341.52,321.66,343.09,326.96,,4009,0.0,49667.0,NO,NO,2023-03-06,2031800.0
1817,FLS,76.78,79.09,1619601.0,Industrials,Specialty Industrial Machinery,61.0,53.0,60.0,9.0,2.2882,2.1389,1811122.0,1494980.0,92.41,48.71,9813022720,NO,79.84,75.23,75.81,75.85,76.84,,11709,0.0,2517434.0,NO,NO,2021-03-19,24350300.0
1818,TPSC,47.13,47.52,23284.0,ETF,ETF,61.0,27.0,69.0,53.0,0.4592,0.4242,22612.0,15760.0,49.36,39.04,0,NO,48.5,47.96,44.75,48.04,45.81,,1694,0.0,26893.0,NO,NO,2023-08-08,829000.0
1819,RODM,41.88,42.05,59307.0,ETF,ETF,61.0,51.0,60.0,46.0,0.3268,0.299,85955.0,81460.0,42.51,34.6,0,NO,42.08,41.38,39.75,41.61,40.82,,2894,0.0,65991.0,NO,NO,2020-06-04,5140500.0
1820,DRI,216.04,214.26,610752.0,Consumer Cyclical,Restaurants,61.0,80.0,76.0,46.0,6.3023,5.7194,1307403.0,887120.0,229.76,169.0,24523317248,NO,218.15,209.19,200.4,209.43,205.33,,7880,0.0,1015439.0,NO,NO,2009-03-18,19930305.0
1821,CP,88.83,92.69,1318374.0,Industrials,Railroads,61.0,44.0,49.0,35.0,1.9332,1.8386,2552326.0,1822800.0,96.9,68.42,78071021568,NO,92.97,90.89,82.76,91.75,86.98,,10750,0.0,2025996.0,NO,NO,2001-02-13,80638000.0
1822,DFSE,48.73,48.87,41380.0,ETF,ETF,61.0,80.0,21.0,58.0,0.6843,0.4838,27311.0,27070.0,51.2,38.97,0,NO,48.37,47.7,45.45,47.7,46.81,,959,0.0,41780.0,NO,NO,2022-11-03,535400.0
1823,KEAT,34.71,34.676,29864.0,ETF,ETF,61.0,76.0,67.0,28.0,0.181,0.0588,3666.0,1570.0,35.32,28.7,0,NO,34.35,33.0,32.83,33.42,33.6,,609,0.0,29864.0,NO,NO,2024-04-15,236400.0
1824,OC,134.03,138.15,741534.0,Industrials,Building Products & Equipment,61.0,15.0,80.0,78.0,4.3864,4.0271,1065033.0,782730.0,159.91,97.53,10594498560,NO,149.53,144.67,124.09,145.67,128.03,,4987,0.0,1281854.0,NO,NO,2019-09-20,15337800.0
1825,OEF,377.53,379.98,112914.0,ETF,ETF,61.0,68.0,45.0,75.0,2.6913,2.3463,273034.0,207440.0,384.82,306.84,0,NO,380.17,371.82,351.61,373.97,356.07,,6497,0.0,154043.0,NO,NO,2026-03-12,30134500.0
1826,XMHQ,116.43,117.53,129654.0,ETF,ETF,60.0,57.0,70.0,59.0,1.114,0.9301,169595.0,152070.0,119.99,97.49,0,NO,118.75,115.29,108.46,116.14,110.22,,4966,0.0,150182.0,NO,NO,2024-05-29,5716100.0
1827,LCTU,82.05,82.74,24880.0,ETF,ETF,60.0,68.0,55.0,69.0,0.5123,0.3405,77958.0,19370.0,83.8,67.95,0,NO,82.84,81.15,76.52,81.58,77.6,,1356,0.0,25652.0,NO,NO,2021-04-08,24790200.0
1828,TRMK,45.12,45.92,112901.0,Financial Services,Banks - Regional,60.0,12.0,69.0,50.0,0.7121,0.6936,412142.0,239680.0,49.0,36.33,2626852096,NO,47.19,46.76,43.45,46.72,44.82,,11709,0.0,239285.0,NO,NO,2021-08-27,13076900.0
1829,DAK,29.94,29.949,8.0,ETF,ETF,60.0,60.0,56.0,67.0,0.1166,0.0214,217.0,370.0,30.26,24.99,0,NO,30.0,29.4,27.75,29.54,28.22,,274,0.0,8.0,NO,NO,2025-10-07,46800.0
1830,RPG,56.22,57.19,127131.0,ETF,ETF,60.0,50.0,14.0,77.0,1.0989,0.8139,683173.0,336240.0,64.06,43.41,0,NO,58.44,58.78,52.83,58.08,55.18,,5154,0.0,143951.0,NO,NO,2019-04-03,16660000.0
1831,RECS,45.04,45.22,279948.0,ETF,ETF,60.0,71.0,62.0,68.0,0.3143,0.2482,416671.0,390110.0,45.78,37.79,0,NO,45.21,44.36,42.04,44.68,42.53,,1742,0.0,297770.0,NO,NO,2025-02-28,9333900.0
1832,SPIT,31.34,31.878,3408.0,ETF,ETF,60.0,19.0,18.0,65.0,0.6078,0.4525,6525.0,5530.0,35.78,23.69,0,NO,33.47,33.25,29.69,33.04,30.98,,227,0.0,5409.0,NO,NO,2026-01-12,55100.0
1833,AGQI,18.67,18.751,1310.0,ETF,ETF,60.0,50.0,61.0,47.0,0.0801,0.0369,3707.0,2870.0,18.96,15.54,0,NO,18.78,18.39,17.57,18.47,17.94,,695,0.0,1321.0,NO,NO,2023-11-22,2415600.0
1834,IWL,188.7,190.12,24711.0,ETF,ETF,60.0,67.0,47.0,72.0,1.2629,0.9566,45974.0,56290.0,192.9,155.38,0,NO,190.44,186.6,176.24,187.52,178.84,,4257,0.0,27891.0,NO,NO,2012-06-20,4204500.0
1835,TMFC,78.74,79.44,48613.0,ETF,ETF,60.0,63.0,47.0,77.0,0.6429,0.5244,90019.0,65120.0,80.77,63.76,0,NO,79.43,77.63,73.3,78.14,74.19,,2158,0.0,53426.0,NO,NO,2018-02-01,1085800.0
1836,AGNG,38.16,38.117,3504.0,ETF,ETF,60.0,69.0,82.0,39.0,0.391,0.2844,13803.0,9580.0,39.48,32.44,0,NO,38.27,37.22,36.37,37.6,36.43,,2592,0.0,4335.0,NO,NO,2021-06-24,674600.0
1837,RDVI,28.7,29.03,1260308.0,ETF,ETF,60.0,24.0,70.0,58.0,0.2304,0.2126,708190.0,774740.0,30.09,24.77,0,NO,29.58,29.23,27.43,29.23,27.81,,968,0.0,1323139.0,NO,NO,2026-04-23,3331600.0
1838,CXT,49.14,48.9,282224.0,Industrials,Business Equipment & Supplies,60.0,11.0,95.0,41.0,1.6602,1.6066,844660.0,436320.0,69.0,35.71,2831152896,NO,50.86,50.8,48.14,51.35,46.47,,11709,0.0,498588.0,NO,NO,1984-02-28,23322815.0
1839,XEUR,24.65,26.75,6.0,ETF,ETF,60.0,71.0,,,0.2,0.0,253.0,110.0,27.3,23.69,0,NO,26.81,25.76,,26.08,,,61,0.0,100.0,NO,NO,2026-06-03,10000.0
1840,FLN,25.88,25.58,5920.0,ETF,ETF,60.0,26.0,57.0,27.0,0.3329,0.2576,10990.0,5420.0,28.5,19.87,0,NO,25.25,25.33,25.15,25.46,25.74,,3863,0.0,6000.0,NO,NO,2019-09-06,5884800.0
1841,MAKX,64.72,65.645,1460.0,ETF,ETF,60.0,21.0,9.0,76.0,1.3036,0.4493,1379.0,680.0,75.53,46.88,0,NO,68.97,67.96,60.02,67.5,63.27,,1234,0.0,1470.0,NO,NO,2026-05-01,19900.0
1842,BKIE,34.27,34.62,73571.0,ETF,ETF,60.0,57.0,64.0,47.0,0.2421,0.1889,166865.0,84480.0,35.18,28.69,0,NO,34.75,33.93,32.48,34.11,33.07,,1596,0.0,93300.0,NO,NO,2023-02-01,11704500.0
1843,AQLT,31.66,31.837,12445.0,ETF,ETF,60.0,62.0,47.0,58.0,0.233,0.1465,43161.0,17500.0,32.58,25.78,0,NO,32.09,31.52,29.82,31.62,30.43,,429,0.0,12490.0,NO,NO,2024-12-16,6636000.0
1844,XME,116.22,118.13,1542526.0,ETF,ETF,60.0,91.0,12.0,16.0,3.815,3.0836,2146319.0,2283060.0,135.68,80.14,0,NO,116.46,108.85,112.21,110.05,113.44,,5079,0.0,1937946.0,NO,NO,2016-05-09,24548500.0
1845,VB,295.92,299.15,388496.0,ETF,ETF,60.0,47.0,53.0,57.0,2.9201,2.2665,513787.0,472170.0,309.51,241.17,0,NO,304.37,300.29,279.69,300.55,286.67,,5682,0.0,491592.0,NO,NO,2008-11-25,9288100.0
1846,REZ,94.18,93.77,64625.0,ETF,ETF,60.0,23.0,77.0,52.0,1.0979,0.925,45682.0,67240.0,100.43,80.87,0,NO,95.31,95.8,89.07,96.3,91.37,,4862,0.02,69545.0,NO,NO,2021-09-16,3070100.0
1847,TDV,100.49,101.97,1446.0,ETF,ETF,60.0,63.0,20.0,74.0,0.9267,0.5509,6185.0,5550.0,106.7,81.52,0,NO,102.6,100.69,93.66,100.69,96.25,,1711,0.0,1923.0,NO,NO,2020-04-17,268700.0
1848,ROBT,58.81,60.26,38995.0,ETF,ETF,60.0,82.0,26.0,80.0,0.9224,0.6774,47731.0,30540.0,60.97,44.01,0,NO,59.24,56.59,53.17,57.24,53.51,,2135,0.0,44280.0,NO,NO,2025-10-08,518600.0
1849,EWK,27.49,27.54,6409.0,ETF,ETF,60.0,63.0,56.0,54.0,0.2254,0.1589,29163.0,10000.0,27.96,22.31,0,NO,27.22,26.89,25.83,27.03,26.34,,7663,0.0,7769.0,NO,NO,2016-05-11,11977500.0
1850,IXUS,96.72,97.42,1078920.0,ETF,ETF,60.0,67.0,42.0,52.0,0.8371,0.6,1887585.0,2011510.0,98.78,78.69,0,NO,97.39,95.56,91.15,95.9,93.37,,3481,0.0,1145115.0,NO,NO,2025-04-30,30256500.0
1851,AMKR,45.71,47.3,1940525.0,Technology,Semiconductor Equipment & Materials,60.0,6.0,1.0,43.0,3.1836,2.6471,5694001.0,4863330.0,96.68,23.37,11359247360,NO,52.43,61.12,55.87,57.6,60.48,,7128,0.0,3624942.0,NO,NO,2021-02-12,27265800.0
1852,ENHI,27.73,27.58,96.0,ETF,ETF,60.0,52.0,63.0,,0.1304,0.0129,5915.0,330.0,27.93,23.54,0,NO,27.67,27.02,,27.18,,,119,0.0,96.0,NO,NO,2026-07-09,337100.0
1853,MEMA,31.11,31.266,24.0,ETF,ETF,60.0,80.0,18.0,60.0,0.4171,0.0869,10033.0,3580.0,33.05,25.64,0,NO,30.71,30.37,,30.4,29.93,,169,0.0,24.0,NO,NO,2026-04-02,59300.0
1854,FLQL,77.76,78.25,58850.0,ETF,ETF,60.0,55.0,51.0,65.0,0.5823,0.4304,84595.0,91470.0,81.55,65.15,0,NO,78.99,77.94,73.31,78.08,74.79,,2348,0.0,62328.0,NO,NO,2019-03-08,14863300.0
1855,LCF,46.01,46.281,1899.0,ETF,ETF,60.0,66.0,64.0,69.0,0.2587,0.0809,898.0,840.0,46.87,37.99,0,NO,46.29,44.81,42.83,45.25,43.14,,1012,0.0,2558.0,NO,NO,2025-01-21,140900.0
1856,VSDA,59.24,59.624,10323.0,ETF,ETF,60.0,45.0,79.0,42.0,0.4847,0.3491,17666.0,9380.0,61.22,51.14,0,NO,60.39,59.25,56.12,59.52,57.14,,2356,0.0,11202.0,NO,NO,2019-07-18,2986200.0
1857,EPSB,26.69,26.956,4781.0,ETF,ETF,60.0,20.0,49.0,47.0,0.2163,0.0329,755.0,1980.0,28.31,21.39,0,NO,27.63,27.48,25.52,27.45,26.41,,334,0.0,4802.0,NO,NO,2025-05-02,197500.0
1858,GAMR,96.52,97.052,201.0,ETF,ETF,60.0,70.0,65.0,84.0,0.8467,0.4284,1169.0,1330.0,103.93,71.43,0,NO,96.66,93.44,87.8,94.61,86.82,,2633,0.0,700.0,NO,NO,2021-01-27,442000.0
1859,GLRE,15.28,15.16,69511.0,Financial Services,Insurance - Reinsurance,60.0,7.0,49.0,57.0,0.3529,0.3386,156828.0,116740.0,19.39,11.57,506783328,NO,15.5,16.18,15.58,16.09,16.33,,4848,0.53,99727.0,NO,NO,2007-05-24,7092400.0
1860,DDIV,45.32,45.659,740.0,ETF,ETF,60.0,18.0,63.0,56.0,0.3828,0.2509,8991.0,18000.0,47.84,38.69,0,NO,47.0,46.61,43.61,46.71,44.37,,3138,0.0,1843.0,NO,NO,2023-02-08,436300.0
1861,GGTL,37.78,38.692,14542.0,ETF,ETF,60.0,72.0,14.0,82.0,0.5541,0.0524,1526.0,1300.0,41.55,29.94,0,NO,38.81,38.53,34.89,38.34,36.11,,1167,0.0,15566.0,NO,NO,2026-03-17,95700.0
1862,QVMT,65.04,65.263,11958.0,ETF,ETF,60.0,49.0,38.0,51.0,0.7262,0.4976,11674.0,10240.0,69.92,52.93,0,NO,66.17,66.41,62.12,66.06,64.23,,2738,0.0,11971.0,NO,NO,2021-08-19,2766300.0
1863,JANX,18.71,18.22,695461.0,Healthcare,Biotechnology,60.0,95.0,95.0,93.0,0.7214,0.6857,974007.0,811710.0,35.34,12.12,1144174720,NO,17.16,16.19,15.76,16.57,14.95,,1311,0.0,980541.0,NO,NO,2025-12-02,15978000.0
1864,GSID,77.08,77.79,13650.0,ETF,ETF,60.0,54.0,61.0,48.0,0.6181,0.49,41984.0,97420.0,78.82,64.95,0,NO,78.07,76.37,73.14,76.77,74.55,,1579,0.0,56267.0,NO,NO,2026-03-10,1729400.0
1865,DFSU,47.76,48.17,104461.0,ETF,ETF,60.0,57.0,61.0,66.0,0.3737,0.2761,92795.0,90250.0,49.21,39.73,0,NO,48.46,47.5,44.81,47.75,45.39,,959,0.0,120038.0,NO,NO,2023-03-02,5233800.0
1866,AKAF,33.2,33.44,52.0,ETF,ETF,60.0,61.0,52.0,39.0,0.1537,0.0169,107.0,120.0,33.78,27.56,0,NO,33.35,32.3,31.45,32.59,32.09,,296,0.0,100.0,NO,NO,2025-08-15,8000.0
1867,OSK,147.09,154.11,245790.0,Industrials,Farm & Heavy Construction Machinery,60.0,74.0,89.0,8.0,4.9938,4.8109,731922.0,508770.0,180.49,116.77,9076977664,NO,153.96,149.44,145.05,149.99,147.51,,10307,0.0,424206.0,NO,NO,2009-08-07,14636300.0
1868,CVRT,46.49,47.095,14134.0,ETF,ETF,60.0,22.0,9.0,59.0,0.5873,0.3162,11950.0,6550.0,54.09,33.66,0,NO,48.26,48.68,44.9,48.11,47.2,,729,0.0,14172.0,NO,NO,2025-04-16,406100.0
1869,IWO,371.42,376.99,326847.0,ETF,ETF,60.0,46.0,29.0,67.0,5.175,3.7782,446887.0,467490.0,396.69,299.64,0,NO,387.0,383.79,351.93,382.06,360.52,,6561,0.0,443211.0,NO,NO,2007-10-24,12894800.0
1870,MDAA,117.15,118.457,9.0,ETF,ETF,60.0,76.0,28.0,55.0,0.6756,0.0244,415.0,100.0,122.75,94.59,0,NO,117.34,115.83,108.98,115.93,112.18,,227,0.0,100.0,NO,NO,2025-10-03,3611100.0
1871,JIRE,83.89,84.71,268588.0,ETF,ETF,60.0,50.0,67.0,49.0,0.584,0.4454,383015.0,341110.0,86.07,70.87,0,NO,85.17,83.43,79.4,83.83,80.85,,1056,0.0,288543.0,NO,NO,2025-12-31,7928400.0
1872,FRT,116.32,116.03,423058.0,Real Estate,REIT - Retail,60.0,10.0,34.0,56.0,1.385,1.2657,872858.0,593900.0,128.21,90.03,10110348288,NO,117.98,121.41,110.77,120.66,115.42,,13445,0.42,854465.0,NO,NO,2016-01-29,14539200.0
1873,ITDF,41.98,42.295,13330.0,ETF,ETF,60.0,62.0,52.0,62.0,0.2612,0.1648,10769.0,7610.0,42.95,35.08,0,NO,42.38,41.65,39.35,41.81,40.11,,717,0.0,13361.0,NO,NO,2026-01-20,57300.0
1874,GAM,66.13,66.63,16722.0,Financial Services,Asset Management,60.0,65.0,66.0,59.0,0.7671,0.7521,24300.0,12830.0,68.57,56.24,1576017536,NO,67.26,65.34,62.18,65.81,63.35,,11709,0.0,19868.0,NO,NO,1999-11-11,601200.0
1875,AAUS,61.59,61.51,14.0,ETF,ETF,60.0,63.0,50.0,70.0,0.3064,0.0556,8798.0,470.0,62.46,50.93,0,NO,61.66,60.41,57.05,60.72,57.91,,279,0.0,14.0,NO,NO,2026-07-23,255600.0
1876,TOK,153.49,154.64,46512.0,ETF,ETF,59.0,60.0,51.0,65.0,0.7132,0.2268,3438.0,6980.0,156.78,128.76,0,NO,155.16,152.02,143.87,152.77,146.29,,4708,0.0,46518.0,NO,NO,2008-11-20,8845600.0
1877,EXEQ,27.83,28.39,15.0,ETF,ETF,59.0,61.0,66.0,71.0,0.1714,0.0157,174.0,150.0,28.77,23.09,0,NO,28.23,27.5,,27.64,26.17,,136,0.0,100.0,NO,NO,2026-02-20,11400.0
1878,AAVM,34.26,34.39,392.0,ETF,ETF,59.0,64.0,39.0,43.0,0.1826,0.0328,1182.0,350.0,35.01,27.41,0,NO,34.57,33.94,32.51,34.05,33.43,,2344,0.0,405.0,NO,NO,2018-11-26,430700.0
1879,FLCE,31.55,31.834,4227.0,ETF,ETF,59.0,60.0,57.0,67.0,0.1601,0.0682,4215.0,2330.0,32.31,26.48,0,NO,31.97,31.41,29.64,31.52,30.07,,423,0.0,4488.0,NO,NO,2024-12-23,1456700.0
1880,JUSA,68.47,69.04,145511.0,ETF,ETF,59.0,58.0,50.0,68.0,0.4332,0.3141,91655.0,30630.0,70.37,57.2,0,NO,69.39,68.01,64.12,68.33,65.18,,368,0.0,146585.0,NO,NO,2026-07-23,3215200.0
1881,ESIM,29.16,29.458,1435.0,ETF,ETF,59.0,54.0,35.0,59.0,0.3452,0.2549,18393.0,28240.0,30.45,24.5,0,NO,29.48,29.29,,29.28,28.06,,176,0.0,1475.0,NO,NO,2026-03-05,242600.0
1882,JOYT,58.97,59.223,2826.0,ETF,ETF,59.0,55.0,64.0,56.0,0.2081,0.1601,7725.0,7300.0,59.84,49.75,0,NO,59.13,58.03,55.68,58.38,56.29,,260,0.0,2826.0,NO,NO,2026-04-16,185800.0
1883,TOST,33.67,34.09,5109227.0,Technology,Software - Infrastructure,59.0,75.0,91.0,85.0,1.1652,1.1384,11314414.0,9130230.0,44.47,22.26,19469930496,NO,35.11,31.63,30.16,32.42,28.48,,1240,0.0,7304948.0,NO,NO,2026-06-30,71537000.0
1884,SELV,35.27,35.29,5081.0,ETF,ETF,59.0,71.0,76.0,51.0,0.25,0.1937,18109.0,22090.0,35.54,30.92,0,NO,34.97,33.95,33.0,34.35,33.3,,1075,0.0,6405.0,NO,NO,2024-02-13,3083100.0
1885,RAAX,41.03,41.25,109211.0,ETF,ETF,59.0,75.0,43.0,27.0,0.4378,0.3585,292858.0,293880.0,42.75,32.86,0,NO,41.22,40.24,39.48,40.46,40.81,,2110,0.0,114894.0,NO,NO,2026-02-09,1751800.0
1886,TEKY,44.74,44.271,11.0,ETF,ETF,59.0,62.0,12.0,84.0,0.6326,0.0681,414.0,210.0,47.6,32.22,0,NO,44.72,44.28,40.11,44.07,41.2,,352,0.0,11.0,NO,NO,2025-06-06,31100.0
1887,BLX,54.08,53.92,56072.0,Financial Services,Banks - Regional,59.0,8.0,23.0,62.0,1.1104,1.1089,187271.0,173150.0,63.2,38.41,2013257088,NO,55.38,57.85,51.93,56.99,54.86,,8542,0.0,96748.0,NO,NO,1992-09-24,2366000.0
1888,MMM,170.38,171.83,2123738.0,Industrials,Conglomerates,59.0,17.0,85.0,54.0,3.3154,2.9454,3458565.0,2534390.0,184.9,139.34,87848157184,NO,179.98,171.19,160.86,172.03,159.42,,16274,0.0,3318351.0,NO,NO,2022-08-29,60436750.0
1889,GSWO,64.95,65.465,54332.0,ETF,ETF,59.0,64.0,55.0,64.0,0.4075,0.2756,69752.0,57310.0,66.64,54.51,0,NO,65.6,64.21,60.58,64.53,61.78,,1117,0.0,54859.0,NO,NO,2022-03-25,5459500.0
1890,MVAL,39.24,39.556,61.0,ETF,ETF,59.0,42.0,77.0,35.0,0.2967,0.0336,614.0,130.0,40.2,33.53,0,NO,39.41,38.02,37.03,38.48,37.18,,607,0.0,100.0,NO,NO,2024-11-11,10100.0
1891,CUBI,76.13,78.18,145626.0,Financial Services,Banks - Regional,59.0,19.0,71.0,69.0,1.7304,1.7018,294623.0,206320.0,84.38,59.34,2575103744,NO,80.8,79.05,74.68,78.87,75.0,,3637,0.0,248343.0,NO,NO,2023-03-13,8396700.0
1892,QLVE,34.04,34.043,182.0,ETF,ETF,59.0,72.0,25.0,62.0,0.2475,0.0196,371.0,160.0,35.16,27.94,0,NO,33.63,33.32,31.71,33.31,32.44,,1792,0.0,187.0,NO,NO,2024-03-25,326000.0
1893,COWG,39.52,40.23,201840.0,ETF,ETF,59.0,76.0,49.0,72.0,0.5627,0.441,268400.0,244950.0,40.58,32.64,0,NO,39.57,38.83,36.54,38.99,37.1,,919,0.0,209869.0,NO,NO,2025-11-13,1760500.0
1894,NELS,29.02,29.18,8065.0,ETF,ETF,59.0,55.0,47.0,69.0,0.1401,0.0823,7266.0,11520.0,29.66,24.1,0,NO,29.35,28.87,27.02,28.97,27.54,,220,0.0,8068.0,NO,NO,2025-10-21,459500.0
1895,GINN,81.14,82.33,59844.0,ETF,ETF,59.0,73.0,52.0,73.0,0.7494,0.3476,6022.0,26430.0,83.29,65.63,0,NO,82.17,79.83,75.47,80.39,76.14,,1458,0.0,59961.0,NO,NO,2024-09-26,1532200.0
1896,SBRA,20.8,20.39,1292707.0,Real Estate,REIT - Healthcare Facilities,59.0,28.0,82.0,43.0,0.3961,0.3768,3085879.0,1936030.0,22.77,17.17,5311070720,NO,20.57,20.44,19.81,20.68,20.2,,6144,0.83,2175164.0,NO,NO,2017-08-16,19650300.0
1897,FSMD,50.56,51.0,95868.0,ETF,ETF,59.0,39.0,54.0,59.0,0.5737,0.4927,108020.0,100620.0,53.48,41.86,0,NO,52.11,51.67,47.9,51.57,49.22,,1887,0.0,108630.0,NO,NO,2025-04-09,3040400.0
1898,CVGD,27.13,27.01,10.0,ETF,ETF,59.0,56.0,75.0,,0.1729,0.0707,3722.0,10690.0,27.32,24.77,0,NO,26.83,26.07,,26.39,,,72,0.37,18400.0,NO,NO,2026-08-26,73300.0
1899,OAKG,27.64,27.728,25.0,ETF,ETF,59.0,47.0,79.0,50.0,0.1851,0.0803,2134.0,360.0,28.66,23.66,0,NO,27.36,26.26,,26.68,25.64,,179,0.0,100.0,NO,NO,2025-12-11,605400.0
1900,MCB,89.2,90.78,51572.0,Financial Services,Banks - Regional,59.0,18.0,55.0,50.0,1.7964,1.7679,136796.0,104270.0,102.04,64.66,1105881728,NO,92.39,94.72,87.47,93.8,90.25,,2213,0.0,75481.0,NO,NO,2023-03-30,6584500.0
1901,EMLP,44.2,44.13,223019.0,ETF,ETF,59.0,50.0,67.0,39.0,0.4529,0.4307,260765.0,195760.0,45.23,37.16,0,NO,44.05,44.0,42.19,44.06,43.73,,3568,0.0,244956.0,NO,NO,2014-05-05,5683100.0
1902,TDVG,49.67,49.84,25900.0,ETF,ETF,59.0,46.0,67.0,55.0,0.2958,0.2732,56968.0,70950.0,50.9,42.82,0,NO,50.32,49.69,47.0,49.86,47.78,,1525,0.0,31015.0,NO,NO,2025-08-04,3278400.0
1903,MGMT,50.38,50.88,2376.0,ETF,ETF,59.0,27.0,63.0,51.0,0.4126,0.2577,8401.0,4080.0,52.3,40.77,0,NO,51.58,50.87,47.78,50.92,48.77,,1439,0.0,2544.0,NO,NO,2025-08-04,346800.0
1904,ESUM,30.55,30.99,6400.0,ETF,ETF,59.0,65.0,54.0,68.0,0.2744,0.1774,32576.0,23430.0,31.87,25.46,0,NO,31.14,30.55,28.42,30.65,28.96,,425,0.0,10988.0,NO,NO,2025-06-04,420200.0
1905,MCVT,27.89,28.15,17618.0,ETF,ETF,59.0,31.0,60.0,,0.1561,0.0497,7360.0,14150.0,28.96,24.41,0,NO,28.55,28.33,,28.34,,,110,0.0,17693.0,NO,NO,2026-03-25,103700.0
1906,SPXE,81.72,82.47,369.0,ETF,ETF,59.0,61.0,45.0,70.0,0.4473,0.1691,1112.0,980.0,83.7,67.48,0,NO,82.77,81.26,76.53,81.59,77.74,,2749,0.0,388.0,NO,NO,2021-04-12,712200.0
1907,XT,81.61,82.747,49762.0,ETF,ETF,59.0,69.0,26.0,76.0,0.9235,0.5935,83373.0,57070.0,84.23,65.47,0,NO,82.65,81.51,75.76,81.71,77.33,,2877,0.0,52662.0,NO,NO,2018-02-12,11237000.0
1908,DMXF,85.63,86.59,19298.0,ETF,ETF,59.0,64.0,61.0,58.0,0.7632,0.5646,85403.0,22000.0,88.06,72.41,0,NO,86.75,84.88,80.36,85.25,81.91,,1558,0.0,20382.0,NO,NO,2025-09-16,3053000.0
1909,TBBK,64.24,65.0,186775.0,Financial Services,Banks - Regional,59.0,14.0,89.0,83.0,1.8054,1.7818,403530.0,256880.0,81.65,50.2,2620144384,NO,68.27,66.49,61.71,67.01,59.81,,5680,0.0,284213.0,NO,NO,2021-05-06,16544500.0
1910,MVFD,31.58,31.567,12535.0,ETF,ETF,59.0,71.0,71.0,44.0,0.2719,0.2381,12660.0,13190.0,31.86,26.0,0,NO,31.33,30.68,29.97,30.91,30.3,,623,0.01,12634.0,NO,NO,2024-03-07,1193700.0
1911,GMF,156.53,156.71,14736.0,ETF,ETF,59.0,72.0,42.0,59.0,1.1962,0.6523,9849.0,3890.0,161.39,129.99,0,NO,156.16,154.27,147.29,154.39,149.9,,4891,0.0,14949.0,NO,NO,2015-09-10,1099800.0
1912,PQUS,28.28,28.55,39791.0,ETF,ETF,59.0,60.0,53.0,,0.1779,0.115,55122.0,14820.0,29.4,23.45,0,NO,28.65,28.04,,28.18,,,129,0.0,41851.0,NO,NO,2026-08-03,2091900.0
1913,EUSA,115.89,117.15,27302.0,ETF,ETF,59.0,57.0,62.0,60.0,0.8889,0.6918,74800.0,62680.0,119.75,98.54,0,NO,118.06,115.72,108.66,116.25,110.63,,4104,0.0,30451.0,NO,NO,2011-11-30,4233800.0
1914,NYNY,27.8,27.97,310.0,ETF,ETF,59.0,58.0,74.0,,0.1786,0.0636,755.0,780.0,28.24,25.11,0,NO,27.83,27.17,,27.36,,,81,0.0,315.0,NO,NO,2026-05-06,49800.0
1915,MVFG,34.97,35.188,8252.0,ETF,ETF,59.0,49.0,50.0,43.0,0.2572,0.1901,18387.0,10520.0,35.98,27.3,0,NO,35.52,35.02,33.51,35.11,34.22,,623,0.0,9495.0,NO,NO,2024-03-07,1434800.0
1916,AROC,31.64,31.52,726055.0,Energy,Oil & Gas Equipment & Services,59.0,4.0,21.0,9.0,1.1784,1.1598,1947539.0,2002780.0,42.23,22.88,5544193536,NO,32.85,35.86,32.93,34.77,35.59,,4787,0.1,1584514.0,NO,NO,2018-04-27,19724500.0
1917,MDST,29.76,29.76,69083.0,ETF,ETF,59.0,58.0,69.0,48.0,0.4916,0.4637,64973.0,88930.0,30.43,24.93,0,NO,29.43,29.42,28.27,29.48,29.07,,600,0.0,71598.0,NO,NO,2025-07-15,570200.0
1918,DDXX,28.56,28.685,1452.0,ETF,ETF,59.0,66.0,57.0,55.0,0.1277,0.0379,2819.0,2650.0,28.91,24.02,0,NO,28.7,28.15,,28.25,27.31,,199,0.0,1454.0,NO,NO,2026-02-02,165300.0
1919,QLV,79.6,79.866,35186.0,ETF,ETF,59.0,67.0,71.0,56.0,0.3501,0.2361,6852.0,6220.0,80.63,70.19,0,NO,79.8,77.91,74.65,78.6,75.64,,1792,0.0,35612.0,NO,NO,2020-07-20,835100.0
1920,SPYD,49.47,49.62,768278.0,ETF,ETF,59.0,44.0,71.0,48.0,0.4763,0.3812,1036138.0,709280.0,50.9,41.87,0,NO,50.06,49.31,46.6,49.57,47.8,,2729,0.0,872917.0,NO,NO,2022-05-09,33884000.0
1921,VLGEA,43.15,43.28,33748.0,Consumer Defensive,Grocery Stores,58.0,22.0,13.0,67.0,1.36,1.3593,62026.0,83680.0,48.21,30.08,638955520,NO,43.17,43.06,40.35,43.32,42.67,,13495,0.0,43772.0,NO,NO,1989-06-21,2449200.0
1922,FLGB,37.08,37.27,30954.0,ETF,ETF,58.0,36.0,68.0,40.0,0.2724,0.2234,117542.0,103040.0,38.03,31.22,0,NO,37.35,36.53,35.36,36.84,35.99,,2215,0.0,32593.0,NO,NO,2021-10-26,11001600.0
1923,SDEM,33.79,33.591,3177.0,ETF,ETF,58.0,57.0,63.0,42.0,0.2243,0.1187,3466.0,4020.0,34.15,27.08,0,NO,33.18,32.81,32.11,33.0,32.64,,2882,0.21,3185.0,NO,NO,2021-12-02,1443400.0
1924,SECT,70.95,71.85,93715.0,ETF,ETF,58.0,57.0,37.0,69.0,0.6728,0.4804,104028.0,120310.0,73.68,58.39,0,NO,72.32,71.37,66.77,71.45,67.85,,2258,0.0,109319.0,NO,NO,2017-09-06,6568600.0
1925,TRTY,31.87,31.84,2776.0,ETF,ETF,58.0,71.0,62.0,46.0,0.1157,0.075,111906.0,8280.0,31.91,27.02,0,NO,31.58,30.98,30.24,31.19,30.78,,2002,0.0,54130.0,NO,NO,2026-08-06,4167200.0
1926,ONEV,148.55,149.203,5137.0,ETF,ETF,58.0,50.0,74.0,50.0,1.0151,0.7258,18965.0,2730.0,151.87,129.05,0,NO,150.42,147.46,140.02,148.45,142.26,,2700,0.0,5298.0,NO,NO,2015-12-03,5716600.0
1927,DNL,45.81,46.32,11081.0,ETF,ETF,58.0,61.0,57.0,56.0,0.4343,0.2668,19666.0,15970.0,47.46,38.38,0,NO,46.66,45.83,43.48,45.86,44.21,,5083,0.0,11669.0,NO,NO,2007-06-14,3932400.0
1928,BLUC,31.63,31.94,33555.0,ETF,ETF,58.0,64.0,41.0,72.0,0.2201,0.1494,30165.0,33180.0,32.44,24.53,0,NO,31.99,31.37,29.59,31.51,30.02,,300,0.0,39839.0,NO,NO,2025-06-24,4264700.0
1929,RCGE,31.53,31.272,3.0,ETF,ETF,58.0,44.0,72.0,54.0,0.1771,0.0065,125.0,100.0,31.84,26.89,0,NO,31.49,30.67,29.16,30.9,29.53,,379,0.0,3.0,NO,NO,2025-02-27,2764500.0
1930,MSSM,58.93,59.639,12923.0,ETF,ETF,58.0,36.0,42.0,61.0,0.5421,0.3911,23107.0,11240.0,62.08,48.51,0,NO,60.86,60.45,55.87,60.33,57.42,,430,0.0,13428.0,NO,NO,2025-04-16,591700.0
1931,CRBN,256.85,259.23,45542.0,ETF,ETF,58.0,66.0,48.0,63.0,1.8445,1.1015,7953.0,4440.0,262.08,215.28,0,NO,259.11,254.38,241.32,255.36,245.27,,2946,0.0,45804.0,NO,NO,2019-01-09,1256800.0
1932,SCHE,37.08,37.0,3388545.0,ETF,ETF,58.0,71.0,55.0,58.0,0.3232,0.2314,3127219.0,2769060.0,37.5,31.16,0,NO,36.86,36.29,34.9,36.42,35.45,,4182,0.0,3702375.0,NO,NO,2020-03-12,15765600.0
1933,FWD,126.06,128.54,105618.0,ETF,ETF,58.0,50.0,9.0,59.0,2.3621,1.5732,272004.0,170700.0,149.57,90.5,0,NO,131.29,133.1,121.34,131.01,127.0,,864,0.0,118929.0,NO,NO,2026-03-23,1808600.0
1934,MSFL,25.48,26.06,207793.0,ETF,ETF,58.0,91.0,83.0,93.0,0.9194,0.8559,1550060.0,333400.0,36.1,12.96,0,NO,24.77,19.65,20.76,21.06,18.79,,616,0.0,232728.0,NO,NO,2026-07-30,7450400.0
1935,EMOT,26.98,26.98,26.0,ETF,ETF,58.0,53.0,62.0,56.0,0.1596,0.0284,433.0,190.0,27.47,22.96,0,NO,27.13,26.78,25.16,26.86,25.61,,533,0.0,1082.0,NO,NO,2026-01-16,65400.0
1936,TPG,52.51,54.12,1811183.0,Financial Services,Asset Management,58.0,94.0,91.0,83.0,1.9768,1.9718,2555801.0,2445280.0,70.38,36.95,20504786944,NO,51.67,45.96,49.24,47.51,44.05,,1161,0.0,2924797.0,NO,NO,2022-01-13,14928500.0
1937,SIZE,180.83,182.76,3081.0,ETF,ETF,58.0,57.0,62.0,59.0,1.0383,0.6797,5084.0,4400.0,187.16,154.04,0,NO,184.38,180.67,169.89,181.33,172.85,,3363,0.0,3736.0,NO,NO,2019-11-14,7964300.0
1938,APMD,26.81,26.25,314605.0,Healthcare,Biotechnology,58.0,,,,3.4771,3.4314,535868.0,365160.0,35.29,16.12,1115709440,YES,28.22,,,,,,22,0.0,376443.0,NO,NO,2026-07-31,3444700.0
1939,EPMB,26.09,26.388,106.0,ETF,ETF,58.0,45.0,58.0,48.0,0.1502,0.0041,100.0,100.0,27.26,21.7,0,NO,26.77,26.52,24.95,26.54,25.58,,334,0.0,314.0,NO,NO,2025-05-02,174000.0
1940,DGICA,19.04,19.12,42711.0,Financial Services,Insurance - Property & Casualty,58.0,19.0,86.0,63.0,0.5,0.4979,137998.0,139830.0,21.06,16.11,705424512,NO,18.94,18.86,18.41,19.02,17.94,,5827,0.0,75247.0,NO,NO,2003-11-25,2379022.0
1941,NITE,39.93,40.752,60465.0,ETF,ETF,58.0,86.0,31.0,70.0,0.4399,0.0691,928.0,240.0,40.75,32.52,0,NO,39.45,37.71,36.7,38.19,36.8,,549,0.0,60471.0,NO,NO,2026-03-02,130900.0
1942,MMSC,27.32,27.865,853.0,ETF,ETF,58.0,46.0,25.0,59.0,0.3644,0.1476,4506.0,3410.0,29.62,21.72,0,NO,28.57,28.39,26.19,28.27,26.85,,1224,0.0,861.0,NO,NO,2025-11-18,368300.0
1943,SPYA,30.8,30.871,6.0,ETF,ETF,58.0,60.0,45.0,68.0,0.1248,0.0,125.0,100.0,31.17,25.79,0,NO,30.83,30.28,28.76,30.44,29.1,,312,0.0,100.0,NO,NO,2025-07-11,15900.0
1944,NBIE,27.19,27.39,27405.0,ETF,ETF,58.0,49.0,69.0,,0.165,0.1036,28273.0,27950.0,27.81,23.51,0,NO,27.54,26.89,,27.06,,,122,0.0,27888.0,NO,NO,2026-03-12,8494900.0
1945,VCYT,43.09,43.19,512491.0,Healthcare,Diagnostics & Research,58.0,9.0,11.0,84.0,1.9811,1.803,1365906.0,1387690.0,60.91,29.38,3464036608,NO,43.89,51.64,42.58,49.56,42.55,,3227,0.0,872319.0,NO,NO,2025-07-28,15571600.0
1946,XCHG,27.46,27.63,8.0,ETF,ETF,58.0,56.0,55.0,64.0,0.1121,0.0289,2892.0,1540.0,27.98,23.02,0,NO,27.69,27.08,,27.28,26.08,,175,0.0,700.0,NO,NO,2026-03-23,98700.0
1947,ROPE,30.11,30.202,712.0,ETF,ETF,58.0,43.0,66.0,45.0,0.1419,0.0696,9325.0,49350.0,31.01,25.58,0,NO,30.44,30.24,28.76,30.31,29.39,,425,0.0,738.0,NO,NO,2026-08-20,303100.0
1948,NUSC,50.63,51.236,52067.0,ETF,ETF,58.0,36.0,53.0,55.0,0.504,0.3579,89087.0,38370.0,53.3,42.11,0,NO,52.3,51.64,48.22,51.65,49.28,,2438,0.0,57146.0,NO,NO,2026-01-14,2290400.0
1949,ESE,267.46,273.03,135934.0,Technology,Scientific & Technical Instruments,58.0,2.0,14.0,15.0,9.2171,8.5686,235453.0,197680.0,362.15,193.68,6929238016,NO,296.29,316.78,275.99,307.15,299.97,,9044,0.0,231686.0,NO,NO,2007-06-21,6413200.0
1950,MSFU,38.33,39.22,2429700.0,ETF,ETF,58.0,81.0,91.0,92.0,1.439,1.3726,6899511.0,2847140.0,58.89,19.47,0,NO,37.41,29.91,31.7,31.81,28.42,,1000,0.0,2573318.0,NO,NO,2026-07-30,23941600.0
1951,KBWY,17.74,17.88,141615.0,ETF,ETF,58.0,18.0,62.0,63.0,0.2136,0.19,173306.0,228140.0,19.35,14.82,0,NO,18.09,18.41,16.8,18.41,17.3,,3959,0.0,147376.0,NO,NO,2024-03-05,920000.0
1952,TDIV,114.2,115.67,86885.0,ETF,ETF,58.0,73.0,11.0,79.0,1.3857,1.0293,142401.0,179280.0,128.5,90.12,0,NO,115.54,113.04,104.89,113.06,108.14,,3531,0.0,104623.0,NO,NO,2014-02-21,3977200.0
1953,QWLD,157.23,158.225,645.0,ETF,ETF,58.0,57.0,66.0,52.0,0.6692,0.2189,1949.0,1440.0,159.78,136.6,0,NO,158.75,155.18,148.95,156.16,151.18,,3078,0.0,851.0,NO,NO,2019-03-18,226700.0
1954,NOBL,57.62,57.87,899706.0,ETF,ETF,58.0,54.0,78.0,40.0,0.5596,0.4904,1133761.0,884640.0,59.3,50.12,0,NO,58.38,57.36,54.75,57.71,55.52,,3241,0.0,1006623.0,NO,NO,2020-03-03,15439800.0
1955,SCHG,35.26,35.66,6621367.0,ETF,ETF,58.0,72.0,45.0,78.0,0.3361,0.2725,7661623.0,6447280.0,36.11,27.96,0,NO,35.51,34.57,32.76,34.86,32.97,,4190,0.0,7050696.0,NO,NO,2026-05-12,85366800.0
1956,SBCF,33.03,33.96,476597.0,Financial Services,Banks - Regional,58.0,12.0,83.0,47.0,0.5943,0.5771,1004090.0,805020.0,36.27,28.58,3197089024,NO,34.86,33.89,32.22,34.1,32.14,,10727,0.0,769244.0,NO,NO,2018-02-20,8156700.0
1957,MFSI,33.31,33.54,152619.0,ETF,ETF,58.0,41.0,60.0,53.0,0.2354,0.1947,204203.0,189970.0,33.97,28.21,0,NO,33.68,32.99,31.49,33.17,31.93,,434,0.0,167102.0,NO,NO,2026-01-08,3007200.0
1958,ETR,106.97,106.31,1246560.0,Utilities,Utilities - Regulated Electric,58.0,35.0,59.0,38.0,1.8589,1.8025,2803935.0,1710490.0,118.45,86.4,49915572224,NO,106.99,110.88,105.28,110.01,110.14,,13675,0.48,2287754.0,NO,NO,1988-06-24,18572400.0
1959,AIEQ,50.35,50.599,1522.0,ETF,ETF,58.0,59.0,48.0,68.0,0.3371,0.2677,4244.0,3910.0,51.56,41.9,0,NO,50.75,50.05,47.1,50.23,47.95,,2228,0.0,1614.0,NO,NO,2017-10-23,1762100.0
1960,FLRG,42.12,42.268,14636.0,ETF,ETF,58.0,59.0,59.0,66.0,0.2215,0.1612,15800.0,9240.0,43.05,35.95,0,NO,42.61,41.62,39.43,41.87,40.02,,1494,0.0,14957.0,NO,NO,2024-09-23,1128900.0
1961,CTAS,200.24,201.79,810063.0,Industrials,Specialty Business Services,58.0,22.0,88.0,34.0,3.6436,3.3264,2223855.0,1733270.0,219.17,161.16,80091938816,NO,202.7,194.77,186.54,198.71,185.9,,10842,0.0,1516339.0,NO,NO,2001-02-28,176890800.0
1962,MMID,27.27,27.564,10.0,ETF,ETF,58.0,42.0,72.0,47.0,0.1476,0.0409,466.0,250.0,28.01,23.95,0,NO,27.58,26.91,25.77,27.11,26.01,,234,0.0,100.0,NO,NO,2025-09-24,803600.0
1963,ITRN,50.92,50.96,72328.0,Technology,Scientific & Technical Instruments,58.0,8.0,4.0,61.0,1.7839,1.7261,148860.0,121390.0,68.3,32.71,1007600384,NO,52.51,55.46,51.43,53.9,55.25,,5263,0.0,100604.0,NO,NO,2005-09-28,2976100.0
1964,GSLC,145.26,146.34,172469.0,ETF,ETF,58.0,63.0,53.0,67.0,0.9485,0.7131,302920.0,185890.0,148.94,121.12,0,NO,146.98,143.9,136.27,144.65,138.03,,2752,0.0,210832.0,NO,NO,2020-08-31,11357100.0
1965,CVLT,129.99,137.52,328008.0,Technology,Software - Application,58.0,87.0,73.0,94.0,5.948,5.312,724050.0,482020.0,198.18,71.75,5387379200,NO,137.31,138.89,113.27,139.42,112.91,,5015,0.0,512805.0,NO,NO,2006-09-22,8587700.0
1966,TMDV,52.82,53.281,10.0,ETF,ETF,58.0,15.0,74.0,43.0,0.2401,0.012,142.0,140.0,54.02,45.54,0,NO,53.67,52.6,49.97,52.95,50.9,,1710,0.0,100.0,NO,NO,2022-03-29,40700.0
1967,SPEM,52.67,52.59,686446.0,ETF,ETF,58.0,73.0,44.0,56.0,0.4283,0.2976,1917377.0,994870.0,53.54,43.91,0,NO,52.28,51.55,49.76,51.69,50.59,,4891,0.0,850726.0,NO,NO,2025-04-22,15483800.0
1968,MTD,1376.22,1405.14,111104.0,Healthcare,Diagnostics & Research,58.0,19.0,88.0,49.0,34.8079,32.7343,192155.0,202000.0,1525.17,1023.05,27574714368,NO,1414.05,1346.59,1320.39,1368.52,1273.98,,7241,0.0,168522.0,NO,NO,1999-01-29,5587700.0
1969,OZEM,32.99,32.875,7070.0,ETF,ETF,58.0,74.0,73.0,32.0,0.5372,0.4075,22677.0,13290.0,37.15,25.66,0,NO,33.43,32.87,32.82,33.08,32.21,,571,0.0,7070.0,NO,NO,2024-10-07,600500.0
1970,ANEW,54.45,54.644,9.0,ETF,ETF,58.0,71.0,69.0,68.0,0.3326,0.0215,230.0,110.0,54.93,44.25,0,NO,53.83,52.3,50.1,52.88,50.04,,1473,0.0,100.0,NO,NO,2021-01-25,99500.0
1971,ZBH,99.25,100.04,797631.0,Healthcare,Medical Devices,58.0,80.0,91.0,36.0,2.4978,2.4385,2232158.0,1317390.0,106.88,79.12,18931668992,NO,99.02,94.1,91.17,95.23,91.78,,6312,0.0,1321078.0,NO,NO,2006-06-26,13186472.0
1972,STXK,37.64,38.159,4002.0,ETF,ETF,57.0,26.0,60.0,54.0,0.2988,0.1551,7173.0,8190.0,39.56,31.23,0,NO,38.92,38.54,35.83,38.52,36.59,,952,0.0,5201.0,NO,NO,2023-06-02,236000.0
1973,CTAP,29.92,29.25,24283.0,ETF,ETF,57.0,86.0,23.0,52.0,0.5377,0.3946,115577.0,51190.0,33.64,24.8,0,NO,28.36,27.52,,27.9,28.37,,181,0.63,44565.0,NO,NO,2026-07-21,3195000.0
1974,AFG,141.77,142.55,139116.0,Financial Services,Insurance - Property & Casualty,57.0,50.0,83.0,56.0,2.3975,2.3125,456196.0,332090.0,150.02,123.09,11755776000,NO,144.4,142.33,134.76,143.21,135.25,,11709,0.0,261829.0,NO,NO,1986-10-29,6660000.0
1975,AAAA,30.47,30.661,9995.0,ETF,ETF,57.0,60.0,38.0,65.0,0.1466,0.0703,5838.0,4650.0,31.06,25.55,0,NO,30.76,30.39,28.75,30.43,29.3,,284,0.0,10038.0,NO,NO,2025-07-31,794300.0
1976,SEIQ,41.99,42.29,29992.0,ETF,ETF,57.0,65.0,69.0,62.0,0.3454,0.2834,61744.0,93940.0,42.72,35.53,0,NO,42.09,40.94,39.16,41.37,39.41,,1074,0.0,33344.0,NO,NO,2024-02-13,6038800.0
1977,VAMO,36.66,36.617,736.0,ETF,ETF,57.0,47.0,72.0,49.0,0.2364,0.1473,40004.0,2170.0,37.44,30.04,0,NO,36.8,36.44,35.33,36.53,35.72,,2760,0.0,840.0,NO,NO,2026-06-08,1441700.0
1978,ITWO,44.75,45.52,20872.0,ETF,ETF,57.0,27.0,46.0,60.0,0.4641,0.3268,30760.0,30220.0,47.19,37.09,0,NO,46.36,46.15,42.89,46.02,43.78,,498,0.0,22247.0,NO,NO,2025-12-10,316000.0
1979,TFPN,30.17,30.13,12599.0,ETF,ETF,57.0,49.0,16.0,42.0,0.3095,0.2714,12469.0,13110.0,33.34,23.44,0,NO,29.9,30.27,28.97,30.09,30.05,,788,0.0,13439.0,NO,NO,2024-06-11,873500.0
1980,GUSE,45.31,45.739,7386.0,ETF,ETF,57.0,51.0,43.0,68.0,0.2573,0.151,5344.0,2690.0,46.69,37.95,0,NO,46.02,45.33,,45.47,43.28,,197,0.0,9359.0,NO,NO,2025-11-21,542800.0
1981,TUR,39.78,40.33,935410.0,ETF,ETF,57.0,77.0,61.0,39.0,0.4664,0.2529,117146.0,69250.0,43.98,31.72,0,NO,39.66,39.27,38.87,39.38,40.0,,4636,0.0,974579.0,NO,NO,2018-08-10,13295900.0
1982,SQLT,28.4,28.75,1038.0,ETF,ETF,57.0,31.0,63.0,,0.1641,0.0386,360.0,390.0,29.68,25.82,0,NO,29.26,28.77,,28.82,,,105,0.0,1067.0,NO,NO,2026-06-17,6700.0
1983,SWX,89.5,88.33,281244.0,Utilities,Utilities - Regulated Gas,57.0,42.0,73.0,41.0,1.6568,1.5593,520706.0,368880.0,94.47,76.59,6481731072,NO,90.72,90.8,87.04,90.78,89.52,,13495,0.0,441529.0,NO,NO,2016-06-30,8465800.0
1984,FNX,142.38,143.59,13551.0,ETF,ETF,57.0,32.0,59.0,51.0,1.1636,0.9021,14392.0,8180.0,147.98,117.48,0,NO,145.95,144.6,135.8,144.55,138.8,,4858,0.0,14292.0,NO,NO,2011-09-08,1549400.0
1985,GKAT,45.88,46.089,660.0,ETF,ETF,57.0,72.0,52.0,45.0,0.2542,0.0667,2422.0,1610.0,46.37,38.31,0,NO,45.67,44.41,42.65,44.71,43.48,,256,0.0,660.0,NO,NO,2026-02-12,196800.0
1986,MMI,31.27,31.66,56267.0,Real Estate,Real Estate Services,57.0,62.0,78.0,82.0,0.7871,0.755,155806.0,110750.0,33.62,24.43,1184226304,NO,31.69,31.17,28.49,31.33,28.92,,3226,0.0,119064.0,NO,NO,2018-11-05,4285000.0
1987,FR,62.19,61.88,397500.0,Real Estate,REIT - Industrial,57.0,11.0,70.0,30.0,0.9143,0.8736,1083071.0,731150.0,69.88,50.24,8521052672,NO,63.05,64.3,60.93,64.33,62.25,,8100,0.0,841756.0,NO,NO,2016-03-29,18223600.0
1988,VO,81.26,82.06,1686311.0,ETF,ETF,57.0,49.0,62.0,57.0,0.6846,0.5818,2874536.0,2174510.0,84.59,69.44,0,NO,82.96,81.54,76.61,81.77,78.03,,5682,0.0,1892555.0,NO,NO,2008-11-25,48133200.0
1989,BRAZ,31.06,30.941,49.0,ETF,ETF,57.0,29.0,37.0,13.0,0.3135,0.0531,715.0,220.0,35.79,24.5,0,NO,30.24,30.02,30.6,30.29,31.24,,760,0.0,300.0,NO,NO,2025-04-01,54800.0
1990,STVN,20.73,21.43,97148.0,Healthcare,Medical Instruments & Supplies,57.0,76.0,81.0,92.0,0.7476,0.7002,399796.0,461620.0,28.0,12.89,5661905408,NO,21.33,19.99,18.36,20.42,17.69,,1287,0.0,253859.0,NO,NO,2021-07-16,12538600.0
1991,TACU,27.86,28.076,4122.0,ETF,ETF,57.0,63.0,55.0,70.0,0.17,0.087,3185.0,3680.0,28.56,23.11,0,NO,28.17,27.6,,27.73,26.36,,180,0.0,4540.0,NO,NO,2026-02-09,17700.0
1992,MEMS,30.63,30.7,721.0,ETF,ETF,57.0,80.0,27.0,66.0,0.2571,0.1029,1225.0,2080.0,32.56,24.64,0,NO,30.82,30.55,28.65,30.49,29.71,,661,0.0,721.0,NO,NO,2025-01-17,169100.0
1993,TINS,29.28,29.471,7.0,ETF,ETF,57.0,28.0,34.0,43.0,0.1303,0.0,93.0,100.0,29.87,24.25,0,NO,29.54,29.29,27.79,29.3,28.52,,213,0.0,100.0,NO,NO,2026-01-06,175000.0
1994,ABFL,81.25,82.07,13393.0,ETF,ETF,57.0,42.0,30.0,69.0,0.7499,0.4758,13068.0,10390.0,86.01,63.92,0,NO,83.27,83.1,76.86,82.9,79.0,,2494,0.0,16423.0,NO,NO,2026-03-30,2979400.0
1995,BLGR,32.06,32.413,37456.0,ETF,ETF,57.0,67.0,31.0,76.0,0.2717,0.1679,26847.0,28820.0,33.03,25.63,0,NO,32.49,31.8,29.98,31.96,30.36,,300,0.0,42180.0,NO,NO,2025-06-24,3536200.0
1996,ESMV,32.08,32.002,60.0,ETF,ETF,57.0,73.0,70.0,58.0,0.1273,0.0224,515.0,260.0,32.19,27.68,0,NO,31.75,30.98,29.61,31.24,29.97,,1204,0.0,69.0,NO,NO,2024-02-08,647500.0
1997,ACVF,54.9,55.592,3096.0,ETF,ETF,57.0,62.0,51.0,65.0,0.3763,0.2291,5392.0,5580.0,56.9,46.5,0,NO,55.91,54.62,51.42,54.84,52.32,,1465,0.0,3137.0,NO,NO,2021-08-24,142800.0
1998,FRI,31.32,31.39,20820.0,ETF,ETF,57.0,19.0,67.0,48.0,0.2814,0.2286,34246.0,16660.0,33.44,27.11,0,NO,31.95,32.16,29.95,32.22,30.92,,4858,0.0,21772.0,NO,NO,2011-07-20,13665100.0
1999,ADAML,24.93,24.93,23624.0,Real Estate,REIT - Mortgage,57.0,64.0,63.0,53.0,0.1273,0.1024,13233.0,14710.0,25.0,21.78,0,NO,24.81,24.56,23.7,24.64,24.14,,1298,0.0,26651.0,NO,NO,2021-06-30,1062200.0
2000,GSEU,49.65,50.095,5427.0,ETF,ETF,57.0,46.0,60.0,47.0,0.3139,0.2199,23522.0,74060.0,50.82,41.98,0,NO,50.33,49.32,47.41,49.58,48.16,,2638,0.0,6004.0,NO,NO,2026-08-14,442300.0
2001,MCHB,15.52,15.74,280165.0,Financial Services,Banks - Regional,57.0,8.0,78.0,52.0,0.32,0.295,569201.0,420500.0,17.38,12.52,3436539648,NO,16.52,16.24,15.11,16.26,15.35,,3659,0.0,449284.0,NO,NO,2025-12-19,7904200.0
2002,BRC,90.11,90.65,97895.0,Industrials,Security & Protection Services,57.0,14.0,67.0,28.0,2.2979,2.2443,264268.0,166020.0,99.29,70.57,4245333760,NO,94.24,92.84,85.77,93.09,87.55,,10033,0.0,226055.0,NO,NO,2023-06-23,7212200.0
2003,PLUS,86.83,87.97,125506.0,Technology,Software - Application,57.0,9.0,73.0,65.0,2.2814,2.2814,251412.0,186510.0,98.14,69.07,2265431040,NO,88.54,87.28,85.05,88.03,83.72,,7493,0.0,192489.0,NO,NO,1999-11-30,11105200.0
2004,ITDE,40.39,40.72,24851.0,ETF,ETF,57.0,61.0,52.0,60.0,0.2436,0.1579,11030.0,9600.0,41.23,34.39,0,NO,40.81,40.19,38.17,40.31,38.83,,717,0.0,25063.0,NO,NO,2025-11-11,102700.0
2005,MEXX,28.2,29.29,7578.0,ETF,ETF,57.0,12.0,11.0,5.0,1.1889,1.0482,15323.0,14510.0,39.27,17.44,0,NO,29.09,28.78,29.48,28.88,30.47,,2345,0.0,9605.0,NO,NO,2025-02-03,793100.0
2006,MCOW,21.75,22.158,2.0,ETF,ETF,57.0,61.0,71.0,74.0,0.1676,0.0297,1704.0,470.0,22.65,17.7,0,NO,22.13,21.56,20.22,21.68,20.39,,252,0.0,100.0,NO,NO,2025-09-03,30100.0
2007,TSPX,30.49,30.626,6.0,ETF,ETF,57.0,54.0,49.0,65.0,0.1069,0.0011,17849.0,220.0,30.85,26.16,0,NO,30.55,30.06,28.66,30.2,29.01,,381,0.0,100.0,NO,NO,2025-04-07,4495600.0
2008,LYFT,16.78,16.9,4370170.0,Technology,Software - Application,57.0,80.0,85.0,86.0,0.6728,0.671,11985353.0,9758260.0,25.54,12.46,6348120064,NO,17.16,15.95,16.08,16.31,14.6,,1866,0.0,9182267.0,YES,NO,2023-02-10,146014600.0
2009,FSGS,33.43,33.755,2116.0,ETF,ETF,57.0,68.0,76.0,62.0,0.2618,0.0964,2501.0,790.0,34.16,28.35,0,NO,33.78,32.68,31.13,32.98,31.27,,2308,0.0,2316.0,NO,NO,2024-04-26,328200.0
2010,FTCE,27.51,27.88,10840.0,ETF,ETF,57.0,60.0,23.0,69.0,0.2084,0.1061,7277.0,4360.0,28.55,22.66,0,NO,27.81,27.37,25.8,27.46,26.18,,478,0.0,10865.0,NO,NO,2024-10-23,1814600.0
2011,BLK,1131.84,1155.61,327760.0,Financial Services,Asset Management,57.0,73.0,82.0,55.0,21.3829,18.9557,750514.0,601030.0,1219.94,917.39,183817437184,NO,1152.93,1082.1,1057.89,1101.24,1048.86,,6769,0.0,571674.0,NO,NO,2012-05-23,22888000.0
2012,MDLV,31.72,31.803,787.0,ETF,ETF,57.0,54.0,65.0,43.0,0.1181,0.0731,6755.0,10100.0,32.16,27.37,0,NO,31.82,31.48,30.3,31.61,30.98,,840,0.0,791.0,NO,NO,2023-05-23,545300.0
2013,PRCS,28.93,29.345,6996.0,ETF,ETF,57.0,52.0,68.0,62.0,0.2144,0.1647,30812.0,10930.0,29.96,24.22,0,NO,29.43,28.78,27.36,28.94,27.55,,429,0.0,7645.0,NO,NO,2026-07-08,784600.0
2014,XSLV,51.84,52.27,5270.0,ETF,ETF,57.0,16.0,72.0,51.0,0.3507,0.2971,9282.0,19640.0,54.55,44.32,0,NO,53.27,53.09,49.57,53.18,50.67,,3405,0.0,11468.0,NO,NO,2020-08-05,8822000.0
2015,DTAN,34.14,34.175,39.0,ETF,ETF,57.0,54.0,56.0,43.0,0.2004,0.0761,1261.0,860.0,34.4,29.02,0,NO,33.93,32.75,31.92,33.16,32.24,,494,0.0,500.0,NO,NO,2024-12-31,195900.0
2016,SCHY,33.09,33.22,423273.0,ETF,ETF,57.0,30.0,62.0,33.0,0.2085,0.1534,658693.0,585410.0,34.04,27.45,0,NO,33.38,32.72,31.75,32.93,32.47,,1341,0.0,456587.0,NO,NO,2025-01-22,2641400.0
2017,KGC,29.73,30.68,5002861.0,Basic Materials,Gold,56.0,96.0,54.0,5.0,1.3268,1.0018,8691190.0,9474190.0,39.11,20.83,35261005824,NO,28.96,25.86,29.35,26.8,29.16,,11457,0.0,7217171.0,NO,NO,2018-12-21,137772000.0
2018,VIG,240.92,242.07,819881.0,ETF,ETF,56.0,53.0,64.0,57.0,1.4534,1.2484,1068393.0,865550.0,247.45,208.73,0,NO,244.34,240.33,228.41,241.17,231.37,,5115,0.0,896808.0,NO,NO,2014-02-06,9916200.0
2019,ESGD,105.44,106.43,312098.0,ETF,ETF,56.0,52.0,60.0,47.0,0.7549,0.5823,289184.0,354090.0,108.0,89.42,0,NO,106.95,104.53,100.28,105.15,101.98,,2517,0.0,335806.0,NO,NO,2022-04-25,4132500.0
2020,VGK,90.72,91.66,2535923.0,ETF,ETF,56.0,45.0,62.0,46.0,0.6068,0.4971,2207811.0,1754260.0,93.29,77.01,0,NO,92.17,90.05,86.71,90.62,87.91,,5403,0.0,2860207.0,NO,NO,2025-04-07,31607500.0
2021,JHMD,45.78,46.13,37156.0,ETF,ETF,56.0,52.0,60.0,44.0,0.3429,0.2934,82817.0,93240.0,46.8,38.68,0,NO,46.35,45.39,43.81,45.61,44.61,,2434,0.0,38024.0,NO,NO,2018-12-11,4789200.0
2022,CRTC,40.44,40.929,3206.0,ETF,ETF,56.0,73.0,50.0,64.0,0.3211,0.1948,11553.0,5470.0,41.51,33.57,0,NO,40.94,39.6,37.8,39.91,38.24,,698,0.0,3630.0,NO,NO,2025-02-10,1277100.0
2023,XTJL,42.0,42.283,2912.0,ETF,ETF,56.0,62.0,62.0,60.0,0.1398,0.0592,3661.0,4200.0,42.47,36.81,0,NO,42.16,41.51,39.92,41.65,40.45,,1297,0.0,2915.0,NO,NO,2023-08-09,282500.0
2024,OVBC,44.87,45.73,14043.0,Financial Services,Banks - Regional,56.0,83.0,18.0,53.0,1.3054,1.2604,42460.0,36340.0,54.96,32.97,211362864,NO,44.66,43.84,43.19,43.64,44.54,,8007,0.0,16742.0,NO,NO,2009-06-26,614400.0
2025,FNDC,50.77,51.24,113127.0,ETF,ETF,56.0,72.0,59.0,44.0,0.4105,0.3062,92125.0,96910.0,51.83,42.95,0,NO,50.97,49.62,48.0,49.97,49.11,,3280,0.0,120724.0,NO,NO,2025-04-22,17490700.0
2026,LCLN,24.83,25.24,137517.0,Financial Services,Capital Markets,56.0,93.0,58.0,,1.0129,1.0118,378460.0,370480.0,26.0,20.05,2612249344,NO,24.09,23.28,,23.6,,,71,0.0,491186.0,NO,NO,2026-05-20,8740300.0
2027,JHSC,47.78,48.241,46994.0,ETF,ETF,56.0,28.0,58.0,51.0,0.448,0.346,40480.0,21320.0,50.0,39.61,0,NO,49.13,48.6,45.55,48.61,46.56,,2212,0.0,48072.0,NO,NO,2019-09-20,3208800.0
2028,EWU,48.17,48.37,1374516.0,ETF,ETF,56.0,36.0,65.0,38.0,0.3446,0.2832,1279406.0,672710.0,49.39,40.67,0,NO,48.51,47.48,46.13,47.9,46.98,,7663,0.0,1809707.0,NO,NO,2018-03-06,21639600.0
2029,SPGP,124.21,125.38,82053.0,ETF,ETF,56.0,30.0,64.0,62.0,1.0893,0.8604,80465.0,49460.0,129.64,103.86,0,NO,127.62,124.91,117.24,125.5,118.63,,3824,0.0,93347.0,NO,NO,2013-01-31,2934200.0
2030,YOKE,31.23,31.327,733.0,ETF,ETF,56.0,23.0,36.0,57.0,0.1863,0.0773,6628.0,10460.0,33.05,26.09,0,NO,31.99,31.9,29.67,31.76,30.56,,354,0.0,1049.0,NO,NO,2025-09-22,198700.0
2031,AAUC,22.97,23.56,209549.0,Basic Materials,Gold,56.0,95.0,10.0,3.0,0.9877,0.8566,702036.0,572420.0,32.2,13.78,3200124160,NO,22.39,22.15,26.22,22.29,26.93,,512,0.0,333346.0,NO,NO,2026-01-26,4548400.0
2032,ROP,418.06,424.64,287624.0,Technology,Software - Application,56.0,82.0,92.0,82.0,10.1232,9.4718,969420.0,645880.0,530.0,305.96,41346498560,NO,405.17,377.01,376.73,389.69,358.27,,8697,0.0,495450.0,NO,NO,1992-02-13,18506400.0
2033,BKNG,196.08,199.09,2840610.0,Consumer Cyclical,Travel Services,56.0,60.0,88.0,81.0,6.0571,5.8893,6744792.0,4655260.0,226.1,150.14,151976919040,NO,208.27,192.28,185.89,194.93,178.35,,6897,0.0,5297806.0,NO,NO,2003-11-05,395902500.0
2034,LBAY,27.64,27.554,4032.0,ETF,ETF,56.0,76.0,81.0,19.0,0.2877,0.0823,1753.0,1570.0,29.03,23.44,0,NO,27.13,26.3,26.02,26.63,26.62,,1452,0.0,4058.0,NO,NO,2022-02-25,806800.0
2035,OTTR,89.78,90.47,78211.0,Industrials,Conglomerates,56.0,58.0,76.0,52.0,1.6021,1.5464,248138.0,178470.0,95.09,74.15,3769465344,NO,92.18,91.12,87.49,91.27,88.97,,13495,0.0,171831.0,NO,NO,2023-02-22,9929000.0
2036,THQ,19.71,19.71,98875.0,Financial Services,Asset Management,56.0,77.0,76.0,45.0,0.3457,0.3278,209073.0,146150.0,20.39,16.28,816778240,NO,19.51,19.07,18.69,19.19,18.55,,3041,0.0,125003.0,NO,NO,2014-07-29,1307900.0
2037,DRD,27.77,28.23,254550.0,Basic Materials,Gold,56.0,97.0,75.0,3.0,1.3414,0.8736,337639.0,388730.0,39.37,18.87,2408763392,NO,26.26,23.1,28.62,24.05,27.37,,8128,0.0,338299.0,NO,NO,2020-06-19,6841700.0
2038,SSNC,81.97,82.97,749847.0,Technology,Software - Application,56.0,81.0,90.0,65.0,1.6557,1.5579,1925655.0,1408960.0,90.26,61.4,19234670592,NO,81.41,73.81,75.35,76.17,71.46,,4130,0.0,1299015.0,NO,NO,2018-04-04,18212400.0
2039,RWR,111.67,112.03,100131.0,ETF,ETF,56.0,17.0,68.0,47.0,1.1407,0.9821,323509.0,188690.0,119.65,96.66,0,NO,113.99,114.84,107.07,115.1,110.27,,6289,0.0,111860.0,NO,NO,2009-11-04,6993200.0
2040,AGRW,32.8,33.094,21.0,ETF,ETF,56.0,77.0,47.0,76.0,0.2734,0.0706,1239.0,400.0,33.72,26.19,0,NO,32.76,32.01,30.48,32.26,30.71,,358,0.0,200.0,NO,NO,2025-04-14,4410000.0
2041,GEW,56.96,56.782,11.0,ETF,ETF,56.0,57.0,62.0,54.0,0.2378,0.0457,287.0,310.0,58.87,49.2,0,NO,56.96,55.75,53.33,56.02,54.09,,235,0.0,11.0,NO,NO,2026-01-30,209600.0
2042,EQL,51.6,51.85,22476.0,ETF,ETF,56.0,56.0,63.0,48.0,0.275,0.2004,42552.0,26800.0,52.66,44.76,0,NO,52.14,51.33,49.13,51.53,50.1,,4315,0.0,23974.0,NO,NO,2022-12-19,2136900.0
2043,FLBR,22.69,22.31,133779.0,ETF,ETF,56.0,32.0,57.0,17.0,0.4154,0.334,161061.0,240370.0,26.25,17.65,0,NO,21.61,21.84,22.19,21.99,22.81,,2215,0.27,236974.0,NO,NO,2022-04-19,3459800.0
2044,MESO,16.48,16.76,144145.0,Healthcare,Biotechnology,56.0,92.0,83.0,77.0,0.8,0.4421,226541.0,213680.0,21.5,12.66,2137391488,NO,16.56,15.76,16.07,15.98,15.39,,4179,0.0,169075.0,NO,NO,2024-03-26,69182400.0
2045,CSB,65.8,66.252,2127.0,ETF,ETF,56.0,27.0,69.0,49.0,0.4551,0.4131,10450.0,7190.0,68.26,56.14,0,NO,67.26,66.63,63.07,66.8,64.51,,2789,0.0,2250.0,NO,NO,2019-07-18,350300.0
2046,DRUP,69.21,70.587,5471.0,ETF,ETF,56.0,82.0,60.0,82.0,0.7729,0.3506,1274.0,830.0,70.99,52.83,0,NO,69.14,65.4,62.55,66.5,61.43,,1734,0.0,5531.0,NO,NO,2020-07-21,549600.0
2047,DRES,29.88,30.372,971.0,ETF,ETF,56.0,16.0,35.0,34.0,0.2703,0.1531,2120.0,2240.0,32.0,23.89,0,NO,31.16,31.02,28.92,30.97,29.97,,230,0.0,977.0,NO,NO,2025-10-08,547500.0
2048,GROZ,32.41,32.79,51831.0,ETF,ETF,56.0,66.0,39.0,71.0,0.3369,0.2343,24898.0,19530.0,33.69,26.43,0,NO,33.02,32.23,30.53,32.4,30.83,,434,0.0,63454.0,NO,NO,2026-04-15,202500.0
2049,JHMM,73.92,74.65,138261.0,ETF,ETF,56.0,41.0,54.0,49.0,0.6551,0.5411,214709.0,181460.0,77.45,61.95,0,NO,76.06,74.89,70.57,74.98,72.19,,2746,0.0,149590.0,NO,NO,2019-09-20,4213000.0
2050,DIVS,34.28,34.606,764.0,ETF,ETF,56.0,45.0,71.0,48.0,0.169,0.0746,1571.0,1410.0,35.09,29.68,0,NO,34.81,33.87,32.35,34.13,32.81,,1360,0.0,768.0,NO,NO,2024-11-19,145400.0
2051,TEM,62.71,63.05,5182607.0,Healthcare,Health Information Services,56.0,97.0,93.0,84.0,5.2284,4.7026,6653469.0,11075090.0,104.32,40.77,11340323840,NO,59.08,54.97,56.47,56.07,52.04,,555,0.0,6219056.0,NO,NO,2025-05-28,50365400.0
2052,TDSC,28.44,28.594,11907.0,ETF,ETF,56.0,71.0,58.0,54.0,0.1318,0.0618,9547.0,3640.0,28.89,24.5,0,NO,28.53,28.01,26.81,28.13,27.35,,1495,0.0,12058.0,NO,NO,2020-09-17,20271700.0
2053,DGLO,23.78,23.853,592.0,ETF,ETF,56.0,26.0,55.0,39.0,0.1962,0.0905,646.0,2150.0,24.99,19.28,0,NO,24.42,24.08,22.63,24.12,23.33,,268,0.0,1386.0,NO,NO,2026-02-17,23200.0
2054,GRNY,27.42,27.83,1110209.0,ETF,ETF,56.0,60.0,37.0,65.0,0.2801,0.2182,1555523.0,1366700.0,28.3,22.81,0,NO,27.85,27.55,26.0,27.61,26.41,,453,0.0,1201964.0,NO,NO,2026-01-09,9411000.0
2055,ETG,24.0,24.25,59552.0,Financial Services,Asset Management,56.0,61.0,64.0,54.0,0.2564,0.2479,97188.0,78500.0,24.71,19.34,1831725696,NO,24.2,23.6,22.66,23.72,22.67,,5683,0.0,65268.0,NO,NO,2008-10-10,1498400.0
2056,KURE,18.57,18.54,8656.0,ETF,ETF,56.0,84.0,89.0,60.0,0.3374,0.2411,61977.0,41070.0,21.88,14.38,0,NO,18.6,17.46,17.49,17.87,17.12,,2156,0.0,10353.0,NO,NO,2025-03-20,1821900.0
2057,SDVY,42.73,43.21,756332.0,ETF,ETF,56.0,21.0,68.0,42.0,0.426,0.3914,995323.0,954520.0,45.11,36.41,0,NO,44.17,43.57,41.23,43.65,42.07,,2216,0.0,822392.0,NO,NO,2025-04-07,8663000.0
2058,DIM,88.93,89.52,1465.0,ETF,ETF,56.0,56.0,62.0,42.0,0.54,0.3221,3085.0,2870.0,90.51,75.63,0,NO,89.09,87.33,84.91,87.85,86.56,,5083,0.0,2393.0,NO,NO,2007-03-23,1204000.0
2059,FLEU,35.96,36.45,2144.0,ETF,ETF,56.0,45.0,57.0,50.0,0.2226,0.1571,5771.0,2890.0,37.24,30.49,0,NO,36.82,36.02,34.47,36.12,34.92,,2215,0.0,2427.0,NO,NO,2017-12-11,775000.0
2060,MSLC,60.13,60.64,70121.0,ETF,ETF,56.0,62.0,54.0,68.0,0.3851,0.273,80898.0,64400.0,61.68,50.2,0,NO,60.89,59.59,56.38,59.89,57.11,,430,0.0,74421.0,NO,NO,2025-03-28,1990800.0
2061,DRUG,70.54,71.73,45555.0,Healthcare,Biotechnology,56.0,17.0,8.0,8.0,3.8482,3.5618,284468.0,109380.0,123.75,38.0,692142784,NO,78.34,74.09,77.64,74.47,76.48,,1368,0.0,65837.0,NO,NO,2024-10-15,102757200.0
2062,ESQ,111.29,111.72,74534.0,Financial Services,Banks - Regional,56.0,3.0,63.0,63.0,3.5487,3.4809,136858.0,140110.0,134.81,92.1,1347179520,NO,122.43,121.6,110.8,121.05,112.93,,2307,0.0,107911.0,NO,NO,2022-06-24,944600.0
2063,QUIZ,29.31,29.54,37353.0,ETF,ETF,56.0,50.0,53.0,42.0,0.4553,0.4072,20136.0,16130.0,32.83,24.55,0,NO,29.76,29.26,28.15,29.35,28.76,,260,0.0,38982.0,NO,NO,2025-09-30,835300.0
2064,STXG,55.63,56.292,1909.0,ETF,ETF,56.0,64.0,35.0,73.0,0.4003,0.2288,6068.0,3690.0,57.47,45.06,0,NO,56.46,55.35,52.23,55.58,52.9,,952,0.0,3088.0,NO,NO,2023-06-02,242300.0
2065,SPHQ,84.49,85.4,926379.0,ETF,ETF,56.0,40.0,40.0,53.0,0.8461,0.7039,1699895.0,1792560.0,90.36,71.4,0,NO,86.28,86.42,80.69,86.04,82.8,,5215,0.0,1189837.0,NO,NO,2023-01-23,13295300.0
2066,VALQ,71.87,72.291,3069.0,ETF,ETF,56.0,70.0,65.0,51.0,0.4315,0.3294,5588.0,5720.0,73.17,62.3,0,NO,72.24,70.5,67.89,70.91,68.53,,2168,0.0,3126.0,NO,NO,2019-10-24,2276400.0
2067,FTXR,42.66,43.739,59511.0,ETF,ETF,56.0,17.0,20.0,44.0,0.4972,0.384,140393.0,21320.0,46.17,33.62,0,NO,44.61,44.86,41.44,44.7,42.56,,2498,0.0,106769.0,NO,NO,2026-02-27,30818500.0
2068,DBMF,31.59,31.38,2253024.0,ETF,ETF,56.0,66.0,53.0,41.0,0.239,0.1753,1793134.0,1314620.0,31.66,25.77,0,NO,31.19,30.98,30.24,31.08,30.78,,1839,0.06,2995385.0,NO,NO,2026-02-23,17925500.0
2069,GPT,33.5,33.942,356.0,ETF,ETF,55.0,48.0,48.0,52.0,0.3354,0.071,1188.0,670.0,34.89,27.72,0,NO,34.41,33.91,32.12,34.0,32.85,,489,0.0,511.0,NO,NO,2024-09-23,178400.0
2070,DFSI,46.48,47.12,69340.0,ETF,ETF,55.0,57.0,62.0,42.0,0.4176,0.3301,54015.0,43050.0,47.96,39.63,0,NO,47.21,46.07,44.52,46.32,45.17,,959,0.0,73138.0,NO,NO,2022-11-03,806800.0
2071,GIII,32.3,32.59,411954.0,Consumer Cyclical,Apparel Manufacturing,55.0,4.0,44.0,54.0,0.8386,0.78,562084.0,427400.0,37.54,24.61,1362755456,NO,34.09,34.52,31.19,34.37,31.93,,9244,0.0,675585.0,NO,NO,1998-12-29,36234000.0
2072,TKNQ,25.56,26.07,1467.0,ETF,ETF,55.0,90.0,82.0,77.0,0.3836,0.1141,1249.0,2350.0,27.08,21.01,0,NO,23.88,22.95,,23.52,22.97,,171,0.0,200.0,NO,NO,2026-01-28,12600.0
2073,EWZ,36.56,36.03,28486137.0,ETF,ETF,55.0,40.0,62.0,16.0,0.6871,0.6207,20854115.0,23486070.0,42.02,28.66,0,NO,35.02,35.17,35.86,35.46,36.65,,6571,0.19,32501974.0,YES,NO,2017-05-18,166606800.0
2074,MLI,61.06,62.41,730564.0,Industrials,Metal Fabrication,55.0,7.0,22.0,45.0,2.0721,1.8936,1437022.0,1248400.0,71.12,47.11,13499143168,NO,65.49,63.26,61.63,62.61,62.48,,8943,0.0,1117336.0,NO,NO,2024-11-25,47070600.0
2075,EPR,59.22,58.71,326521.0,Real Estate,REIT - Specialty,55.0,13.0,73.0,33.0,1.0371,0.9176,687144.0,704640.0,64.97,48.11,4537163264,NO,60.6,60.67,56.15,60.93,57.85,,7239,0.8,713337.0,NO,NO,2016-01-15,10387300.0
2076,NUDM,40.7,41.17,33752.0,ETF,ETF,55.0,55.0,69.0,54.0,0.313,0.2616,41439.0,32490.0,41.79,34.7,0,NO,41.31,40.46,38.54,40.7,38.99,,2318,0.0,34894.0,NO,NO,2020-03-30,713100.0
2077,VEM,28.05,28.15,8681.0,ETF,ETF,55.0,83.0,35.0,57.0,0.2679,0.0036,582.0,960.0,29.14,23.06,0,NO,27.42,27.04,,27.08,26.42,,143,0.0,100.0,NO,NO,2026-02-10,217900.0
2078,TAJX,25.88,25.8,6.0,ETF,ETF,55.0,19.0,,,0.2336,0.0,246.0,100.0,27.01,24.12,0,NO,26.25,25.95,,25.92,,,61,0.0,100.0,NO,NO,2026-06-03,10000.0
2079,VNOM,45.27,44.79,625883.0,Energy,Oil & Gas Midstream,55.0,62.0,41.0,18.0,0.9661,0.8575,1740044.0,1492150.0,51.13,35.1,23720790016,NO,43.28,43.21,43.19,43.53,45.14,,3069,1.07,1116243.0,NO,NO,2026-03-03,14804700.0
2080,REIT,30.0,30.136,5148.0,ETF,ETF,55.0,17.0,63.0,46.0,0.2701,0.2173,10411.0,5580.0,32.16,25.9,0,NO,30.63,30.83,28.76,30.88,29.72,,1384,0.0,5167.0,NO,NO,2021-06-25,193400.0
2081,FTLS,76.31,76.28,61761.0,ETF,ETF,55.0,63.0,64.0,61.0,0.4686,0.4241,130312.0,128040.0,77.52,67.02,0,NO,76.1,75.12,72.67,75.48,73.38,,3012,0.0,82015.0,NO,NO,2025-07-16,821000.0
2082,OGC,28.18,29.4,308811.0,Basic Materials,Gold,55.0,92.0,32.0,1.0,1.3229,1.04,462368.0,571040.0,43.33,18.16,6268571136,NO,29.03,26.24,30.15,26.86,30.38,,4574,0.0,419054.0,NO,NO,2016-03-18,11516567.0
2083,NSI,38.02,38.005,131.0,ETF,ETF,55.0,59.0,22.0,40.0,0.3227,0.0826,1271.0,410.0,39.85,29.85,0,NO,38.1,37.78,36.49,37.75,37.4,,684,0.0,131.0,NO,NO,2025-06-09,227500.0
2084,CPTL,48.36,48.93,1053.0,ETF,ETF,55.0,53.0,35.0,71.0,0.2647,0.1534,3665.0,5220.0,49.85,40.41,0,NO,49.18,48.12,45.31,48.38,45.99,,2549,0.0,1077.0,NO,NO,2021-10-14,2178200.0
2085,OUSA,61.62,61.89,10297.0,ETF,ETF,55.0,56.0,72.0,51.0,0.4686,0.3829,20600.0,17650.0,62.79,54.59,0,NO,62.05,60.49,58.43,61.0,58.79,,2800,0.0,10994.0,NO,NO,2018-12-20,6152900.0
2086,SPLS,55.09,55.52,4759.0,ETF,ETF,55.0,62.0,50.0,71.0,0.3091,0.1523,4520.0,3450.0,56.3,45.6,0,NO,55.68,54.6,,54.84,52.24,,156,0.0,6018.0,NO,NO,2026-01-26,848300.0
2087,EWUS,44.87,45.68,494.0,ETF,ETF,55.0,60.0,70.0,45.0,0.3654,0.1621,4360.0,2850.0,46.45,38.02,0,NO,45.65,43.94,42.55,44.49,42.9,,3670,0.0,784.0,NO,NO,2020-04-20,531400.0
2088,OEFA,35.72,36.28,2229.0,ETF,ETF,55.0,48.0,72.0,47.0,0.1997,0.0446,2874.0,1310.0,36.86,30.52,0,NO,36.46,35.34,33.91,35.61,34.14,,2774,0.0,2238.0,NO,NO,2016-03-07,759600.0
2089,XLB,52.13,52.69,10319702.0,ETF,ETF,55.0,72.0,60.0,28.0,0.7593,0.6493,11391961.0,10407570.0,54.19,42.03,0,NO,52.74,51.71,49.88,51.94,51.37,,6964,0.0,15475252.0,YES,NO,2011-08-04,78015800.0
2090,ACGL,98.4,98.07,1032628.0,Financial Services,Insurance - Diversified,55.0,23.0,83.0,27.0,1.6946,1.5725,1981852.0,1954260.0,107.09,82.45,33583769600,NO,98.94,99.67,95.97,100.24,96.71,,7791,0.0,1906516.0,NO,NO,2022-10-31,93699400.0
2091,JPIN,76.49,77.139,18012.0,ETF,ETF,55.0,64.0,58.0,41.0,0.4638,0.3309,8111.0,5080.0,77.8,64.92,0,NO,76.63,74.67,72.6,75.3,74.03,,2968,0.0,19723.0,NO,NO,2019-03-08,3121600.0
2092,TEX,59.67,63.51,924664.0,Industrials,Farm & Heavy Construction Machinery,55.0,10.0,58.0,8.0,2.4214,2.3771,1310658.0,883570.0,74.69,41.7,6820280832,NO,65.62,66.67,60.84,65.97,63.68,,11707,0.0,1570159.0,NO,NO,2009-05-29,23281700.0
2093,JCE,17.04,17.08,44060.0,Financial Services,Asset Management,55.0,77.0,65.0,62.0,0.3,0.2993,42584.0,26660.0,17.45,13.99,0,NO,17.06,16.61,16.02,16.75,16.08,,4888,0.0,57811.0,NO,NO,2022-10-04,1166600.0
2094,JOE,65.2,66.1,115968.0,Real Estate,Real Estate - Diversified,55.0,77.0,66.0,11.0,1.4236,1.3204,245125.0,191130.0,73.54,46.37,3711865344,NO,67.72,64.46,64.75,64.46,65.83,,9176,0.0,190820.0,NO,NO,2010-10-13,12828900.0
2095,DIHP,34.84,35.22,497603.0,ETF,ETF,55.0,54.0,60.0,39.0,0.2714,0.1932,616898.0,517670.0,35.88,29.5,0,NO,35.46,34.6,33.41,34.78,34.02,,1113,0.0,634409.0,NO,NO,2024-03-26,5107500.0
2096,TWOX,29.98,30.14,1589.0,ETF,ETF,55.0,68.0,67.0,52.0,0.1149,0.0378,5465.0,730.0,30.17,26.01,0,NO,29.98,29.4,28.42,29.53,28.58,,407,0.0,1593.0,NO,NO,2026-07-01,295000.0
2097,FTGS,38.7,39.235,71262.0,ETF,ETF,55.0,55.0,60.0,61.0,0.33,0.2596,113325.0,112170.0,40.12,33.0,0,NO,39.58,38.37,36.38,38.65,36.77,,964,0.0,78721.0,NO,NO,2024-09-27,1978700.0
2098,XDSQ,44.23,44.558,3217.0,ETF,ETF,55.0,65.0,66.0,52.0,0.2046,0.1421,14771.0,19690.0,44.82,38.37,0,NO,44.41,43.57,42.13,43.74,42.41,,1360,0.0,20353.0,NO,NO,2023-08-17,648000.0
2099,ACLC,85.47,86.57,4620.0,ETF,ETF,55.0,58.0,51.0,66.0,0.4952,0.3226,11768.0,8220.0,88.05,71.41,0,NO,86.72,84.91,80.65,85.3,81.61,,1538,0.0,4647.0,NO,NO,2024-06-14,870100.0
2100,GAA,35.93,35.991,3083.0,ETF,ETF,55.0,72.0,60.0,45.0,0.2792,0.2323,6952.0,6030.0,36.43,31.2,0,NO,35.75,35.13,34.22,35.33,34.83,,2947,0.0,3100.0,NO,NO,2020-01-14,199900.0
2101,TROW,108.88,111.28,818096.0,Financial Services,Asset Management,55.0,20.0,71.0,78.0,2.1678,2.06,1978936.0,1250820.0,122.0,85.22,23222630400,NO,112.31,114.16,103.46,114.01,103.58,,10182,0.0,1257957.0,NO,NO,1986-04-02,40921600.0
2102,ABIG,34.67,35.188,13704.0,ETF,ETF,55.0,25.0,49.0,74.0,0.2009,0.0679,2122.0,1550.0,36.48,28.39,0,NO,35.59,34.84,32.66,34.99,32.96,,350,0.0,13804.0,NO,NO,2025-04-24,127200.0
2103,EPP,57.15,57.79,217664.0,ETF,ETF,55.0,55.0,65.0,42.0,0.4679,0.3268,312503.0,221360.0,58.56,48.93,0,NO,57.58,55.8,54.09,56.31,55.19,,6250,0.0,248509.0,NO,NO,2018-03-06,13661900.0
2104,TOAO,27.24,27.46,6.0,ETF,ETF,55.0,66.0,68.0,,0.1143,0.0086,90.0,120.0,27.66,25.06,0,NO,27.33,26.79,,26.98,,,88,0.0,100.0,NO,NO,2026-05-14,1500.0
2105,FTCS,99.87,100.62,469735.0,ETF,ETF,55.0,56.0,78.0,39.0,0.9664,0.82,552949.0,322890.0,102.93,89.76,0,NO,100.81,98.19,95.19,99.05,95.86,,5067,0.0,500802.0,NO,NO,2026-06-05,2268300.0
2106,VBK,344.92,350.24,225940.0,ETF,ETF,55.0,57.0,23.0,59.0,4.5691,3.4873,215898.0,166900.0,367.04,280.27,0,NO,357.9,353.51,328.49,352.75,336.92,,5682,0.0,308525.0,NO,NO,2009-10-14,4486700.0
2107,NBJP,35.7,35.98,10980.0,ETF,ETF,55.0,57.0,33.0,41.0,0.3385,0.1918,13258.0,2730.0,38.95,28.72,0,NO,36.25,36.19,34.18,36.07,35.25,,493,0.0,11035.0,NO,NO,2026-01-15,565800.0
2108,SDY,155.57,156.24,134947.0,ETF,ETF,55.0,49.0,72.0,36.0,1.3594,1.1173,218011.0,205430.0,160.29,135.3,0,NO,157.73,155.54,148.93,156.36,151.92,,5229,0.0,150298.0,NO,NO,2011-02-01,8134600.0
2109,DIVL,25.48,25.572,986.0,ETF,ETF,55.0,53.0,72.0,35.0,0.0926,0.0258,1360.0,5520.0,25.95,22.12,0,NO,25.63,25.16,24.46,25.32,24.89,,764,0.0,1136.0,NO,NO,2023-08-17,750900.0
2110,METV,20.0,20.3,32508.0,ETF,ETF,55.0,86.0,61.0,83.0,0.2712,0.224,53753.0,82840.0,21.41,15.16,0,NO,19.51,18.98,18.25,19.21,18.0,,1298,0.0,33847.0,NO,NO,2021-11-18,7976500.0
2111,BMVP,54.21,54.18,1882.0,ETF,ETF,55.0,56.0,71.0,44.0,0.2821,0.0821,1150.0,460.0,55.18,47.46,0,NO,54.55,53.15,51.34,53.57,52.07,,5871,0.0,1888.0,NO,NO,2014-07-16,6082200.0
2112,AER,144.66,145.94,816559.0,Industrials,Rental & Leasing Services,55.0,13.0,73.0,20.0,2.9787,2.8588,1102512.0,1022390.0,158.81,118.93,22738247680,NO,149.61,149.39,143.38,148.95,144.15,,4973,0.0,1141883.0,NO,NO,2015-06-04,40781000.0
2113,NDAQ,97.53,98.61,1434890.0,Financial Services,Financial Data & Stock Exchanges,55.0,74.0,72.0,70.0,1.8893,1.8329,3876668.0,2713120.0,101.79,76.55,54539419648,NO,96.82,91.44,90.18,93.74,88.94,,6081,0.0,3117665.0,NO,NO,2008-10-21,88611600.0
2114,SAWG,24.18,24.37,504.0,ETF,ETF,55.0,49.0,43.0,68.0,0.1358,0.0181,1306.0,400.0,24.96,20.06,0,NO,24.53,24.2,22.83,24.3,23.11,,523,0.0,598.0,NO,NO,2024-08-21,27100.0
2115,SYNA,96.06,96.72,801611.0,Technology,Semiconductors,54.0,4.0,2.0,81.0,3.7986,3.2936,959411.0,774230.0,149.11,58.28,3756421376,NO,101.92,112.69,95.57,108.59,103.48,,6187,0.0,1174041.0,NO,NO,2005-02-09,38096250.0
2116,SPEU,56.2,56.75,19426.0,ETF,ETF,54.0,46.0,59.0,44.0,0.3414,0.2526,25566.0,23860.0,57.64,48.0,0,NO,57.03,55.77,53.92,56.12,54.64,,6003,0.0,27761.0,NO,NO,2025-03-11,5071900.0
2117,DEEF,40.17,40.34,252.0,ETF,ETF,54.0,59.0,55.0,34.0,0.1666,0.0355,526.0,320.0,41.12,33.79,0,NO,40.36,39.53,38.39,39.8,39.33,,2689,0.0,256.0,NO,NO,2016-09-30,1238100.0
2118,AGCO,121.94,118.31,750378.0,Industrials,Farm & Heavy Construction Machinery,54.0,93.0,80.0,10.0,3.7844,3.3944,860955.0,1232400.0,143.78,98.22,8534066176,NO,105.64,111.22,114.69,111.37,116.61,,8653,0.0,1316130.0,NO,NO,2004-02-05,13019500.0
2119,CSQ,20.75,20.94,126244.0,Financial Services,Asset Management,54.0,71.0,49.0,66.0,0.2684,0.247,198326.0,176580.0,21.15,16.41,3330877440,NO,20.84,20.53,19.48,20.59,19.65,,5639,0.0,152922.0,NO,NO,2010-05-06,2178900.0
2120,ETO,31.64,31.78,9484.0,Financial Services,Asset Management,54.0,65.0,58.0,52.0,0.3286,0.3114,30904.0,20290.0,32.35,25.68,518586240,NO,31.73,31.02,29.77,31.15,29.94,,5601,0.0,11696.0,NO,NO,2022-08-17,495500.0
2121,FLLA,27.63,27.38,10819.0,ETF,ETF,54.0,38.0,46.0,20.0,0.3534,0.2873,26085.0,22500.0,30.98,21.75,0,NO,26.94,26.97,27.12,27.08,27.72,,1981,0.29,10946.0,NO,NO,2022-06-28,1541800.0
2122,GK,28.74,29.084,16.0,ETF,ETF,54.0,76.0,20.0,76.0,0.2451,0.0749,1514.0,1260.0,30.2,22.69,0,NO,29.3,28.94,26.92,28.87,27.41,,1295,0.0,200.0,NO,NO,2021-07-02,115000.0
2123,XSHQ,47.33,47.847,12972.0,ETF,ETF,54.0,23.0,66.0,59.0,0.4406,0.3455,41757.0,24690.0,50.36,40.02,0,NO,48.92,48.2,44.95,48.22,45.8,,2360,0.0,13292.0,NO,NO,2025-04-16,2793300.0
2124,SEPI,28.46,28.58,36313.0,ETF,ETF,54.0,61.0,52.0,66.0,0.2214,0.1874,51731.0,67140.0,29.54,24.23,0,NO,28.73,28.29,27.01,28.38,27.26,,247,0.0,37914.0,NO,NO,2025-09-16,405000.0
2125,ARLP,26.39,26.5,147217.0,Energy,Thermal Coal,54.0,64.0,69.0,29.0,0.4936,0.4814,304430.0,216810.0,29.45,22.2,3397878784,NO,25.72,25.1,25.26,25.24,25.68,,6801,0.0,184312.0,NO,NO,1999-08-17,13010400.0
2126,JSTC,22.6,22.84,10735.0,ETF,ETF,54.0,44.0,49.0,63.0,0.1994,0.1477,25034.0,17920.0,23.63,18.9,0,NO,23.03,22.73,21.26,22.77,21.66,,1436,0.0,10916.0,NO,NO,2025-06-13,482300.0
2127,ARKK,83.39,85.57,2952241.0,ETF,ETF,54.0,92.0,60.0,73.0,2.3943,1.8848,5907939.0,5290600.0,92.65,62.95,0,NO,82.0,79.09,76.77,79.7,75.98,,2974,0.0,4144823.0,NO,NO,2022-05-12,79683500.0
2128,DEA,24.43,24.53,149822.0,Real Estate,REIT - Office,54.0,51.0,68.0,50.0,0.4513,0.4391,388320.0,311550.0,25.96,20.56,1197211904,NO,24.69,24.83,23.25,24.91,23.79,,2908,0.0,252967.0,NO,NO,2018-06-19,3703960.0
2129,IVOV,112.38,113.4,7633.0,ETF,ETF,54.0,24.0,64.0,51.0,0.9521,0.8343,12965.0,10870.0,117.42,96.11,0,NO,115.4,114.4,107.81,114.54,109.71,,4018,0.0,7942.0,NO,NO,2016-05-02,1986200.0
2130,NTAL,29.7,30.72,2109.0,ETF,ETF,54.0,72.0,,,1.4664,0.9164,1954.0,2380.0,38.87,23.29,0,NO,33.99,,,,,,35,0.0,2425.0,NO,NO,2026-08-10,9000.0
2131,GE,330.79,335.71,1998074.0,Industrials,Aerospace & Defense,54.0,7.0,59.0,19.0,9.3729,8.5436,4237522.0,4039360.0,388.84,268.01,343246438400,NO,359.07,359.34,320.7,356.01,327.11,,16274,0.0,3023146.0,NO,NO,2009-03-04,157102606.0
2132,IVVM,37.62,37.78,15499.0,ETF,ETF,54.0,58.0,59.0,62.0,0.1411,0.118,21952.0,19020.0,38.01,33.2,0,NO,37.78,37.29,35.78,37.41,36.19,,795,0.0,15638.0,NO,NO,2026-03-26,616800.0
2133,TOWN,36.35,37.04,358953.0,Financial Services,Banks - Regional,54.0,15.0,80.0,55.0,0.4846,0.4768,645482.0,562450.0,39.03,31.91,3360557056,NO,37.6,36.96,35.17,37.03,35.46,,6873,0.0,603048.0,NO,NO,2026-03-20,3382300.0
2134,MDYG,106.7,107.95,57404.0,ETF,ETF,54.0,41.0,29.0,48.0,1.2946,1.0018,81250.0,67050.0,113.93,87.09,0,NO,110.75,109.52,101.94,109.36,105.12,,5229,0.0,89527.0,NO,NO,2024-05-29,10224300.0
2135,VKTX,33.33,32.78,841680.0,Healthcare,Biotechnology,54.0,81.0,77.0,41.0,1.4871,1.3511,2278268.0,1839780.0,43.15,22.96,3888625408,NO,33.79,35.58,33.61,34.88,33.13,,2853,0.0,1673885.0,NO,NO,2022-12-19,96447900.0
2136,XCOR,88.37,88.995,204.0,ETF,ETF,54.0,67.0,21.0,63.0,0.7115,0.2456,1611.0,990.0,91.76,74.07,0,NO,88.97,88.08,83.6,88.0,85.06,,970,0.0,1700.0,NO,NO,2023-01-23,159000.0
2137,TBFG,33.01,33.187,16.0,ETF,ETF,54.0,50.0,40.0,51.0,0.1091,0.0127,1871.0,1510.0,33.37,28.58,0,NO,33.09,32.7,31.4,32.77,31.89,,658,0.0,100.0,NO,NO,2026-01-09,547900.0
2138,CR,200.41,205.07,301511.0,Industrials,Specialty Industrial Machinery,54.0,9.0,82.0,28.0,5.9881,5.6946,470312.0,424810.0,230.5,159.58,11567585280,NO,213.97,216.53,194.98,214.94,196.5,,859,0.0,490487.0,NO,NO,2026-01-27,1887900.0
2139,KONG,32.83,33.328,4703.0,ETF,ETF,54.0,71.0,67.0,56.0,0.2789,0.0863,800.0,950.0,33.68,28.66,0,NO,33.04,31.99,30.93,32.34,31.11,,1283,0.0,6509.0,NO,NO,2021-07-30,271400.0
2140,IVOG,139.24,140.98,15729.0,ETF,ETF,54.0,40.0,29.0,49.0,1.7021,1.2229,23026.0,19310.0,148.72,113.78,0,NO,144.6,142.96,132.88,142.76,137.04,,4018,0.0,17376.0,NO,NO,2017-12-05,2216200.0
2141,SAIL,19.45,20.56,1853705.0,Technology,Software - Infrastructure,54.0,91.0,44.0,91.0,1.1031,0.9959,4329401.0,3190690.0,24.0,10.3,11031709696,NO,18.84,16.45,16.02,17.29,15.02,,388,0.0,2851874.0,NO,NO,2025-02-13,43599000.0
2142,MDEV,21.15,21.3,311.0,ETF,ETF,54.0,76.0,86.0,46.0,0.1299,0.0325,3217.0,1080.0,21.82,17.85,0,NO,21.28,20.25,20.04,20.53,19.61,,1302,0.0,315.0,NO,NO,2021-10-28,1025300.0
2143,VOLT,35.34,35.64,255158.0,ETF,ETF,54.0,13.0,13.0,33.0,0.8323,0.6874,317569.0,237730.0,42.16,26.66,0,NO,37.4,38.23,35.42,37.58,37.53,,434,0.0,287606.0,NO,NO,2025-06-24,848600.0
2144,TPIF,38.26,38.71,10583.0,ETF,ETF,54.0,56.0,56.0,38.0,0.2861,0.2072,29693.0,19710.0,39.15,32.47,0,NO,38.76,37.96,36.76,38.18,37.49,,1694,0.0,16659.0,NO,NO,2019-12-03,829300.0
2145,KIM,24.03,23.71,3386899.0,Real Estate,REIT - Retail,54.0,11.0,60.0,45.0,0.2986,0.2829,4843022.0,4234570.0,26.65,19.76,16122422272,NO,24.24,25.02,22.97,24.87,24.03,,8753,0.51,5986866.0,NO,NO,2009-04-03,97657300.0
2146,NZAC,46.45,46.973,2490.0,ETF,ETF,54.0,62.0,46.0,63.0,0.3545,0.2071,4442.0,6100.0,47.56,39.32,0,NO,47.12,46.18,44.11,46.38,44.66,,2956,0.0,2490.0,NO,NO,2024-02-21,4945000.0
2147,TPOR,35.6,38.77,27241.0,ETF,ETF,54.0,7.0,10.0,15.0,1.5017,1.2791,19228.0,7970.0,46.82,23.3,0,NO,41.25,42.05,35.52,41.9,37.34,,2345,0.0,29194.0,NO,NO,2020-05-01,962500.0
2148,GGZ,16.19,16.42,3835.0,Financial Services,Asset Management,54.0,47.0,65.0,29.0,0.2721,0.225,7293.0,8510.0,17.08,13.35,124786392,NO,16.62,16.32,15.65,16.31,15.97,,3073,0.0,3918.0,NO,NO,2015-11-16,1667075.0
2149,AAEQ,55.06,54.743,284.0,ETF,ETF,54.0,63.0,49.0,71.0,0.2684,0.0607,777.0,560.0,55.5,45.01,0,NO,54.89,53.77,,54.04,51.54,,179,0.0,284.0,NO,NO,2026-03-24,97200.0
2150,RGR,37.88,37.97,59843.0,Industrials,Aerospace & Defense,54.0,66.0,27.0,37.0,0.7489,0.7317,125120.0,135690.0,48.21,28.33,605256384,NO,37.95,38.22,37.59,37.92,39.1,,13445,0.0,96722.0,NO,NO,2007-10-25,4197300.0
2151,TRNO,66.11,66.21,453737.0,Real Estate,REIT - Industrial,54.0,8.0,71.0,37.0,1.0907,1.0543,866004.0,591800.0,78.94,55.71,7204572160,NO,68.28,69.26,64.82,69.48,66.29,,4164,0.0,752174.0,NO,NO,2024-12-20,19700100.0
2152,SF,78.98,80.78,396316.0,Financial Services,Capital Markets,54.0,12.0,86.0,51.0,1.7186,1.6664,1247163.0,1108310.0,89.83,67.81,11929136128,NO,82.6,78.98,78.66,79.86,76.15,,10865,0.0,662985.0,NO,NO,2021-06-25,20643600.0
2153,OMF,61.12,62.46,514208.0,Financial Services,Credit Services,54.0,21.0,84.0,67.0,1.5136,1.3907,1025411.0,843120.0,71.93,45.78,7030184448,NO,63.95,61.79,59.86,62.02,57.74,,3237,0.0,916539.0,NO,NO,2013-10-16,17412400.0
2154,RWLC,38.73,38.845,2604.0,ETF,ETF,54.0,70.0,65.0,79.0,0.3006,0.262,7098.0,3900.0,41.4,31.1,0,NO,38.75,37.93,35.71,38.13,35.77,,1180,0.0,2609.0,NO,NO,2021-12-20,3413500.0
2155,AIMS,27.88,27.88,259.0,ETF,ETF,54.0,26.0,56.0,67.0,0.2199,0.0557,3255.0,7420.0,29.62,23.01,0,NO,28.53,28.49,,28.37,26.69,,140,0.0,259.0,NO,NO,2026-02-10,2166500.0
2156,QVMM,34.81,35.137,6510.0,ETF,ETF,54.0,24.0,47.0,47.0,0.2278,0.063,1034.0,800.0,36.71,29.0,0,NO,35.99,35.66,33.43,35.64,34.3,,1298,0.0,6514.0,NO,NO,2021-06-30,8019200.0
2157,GWX,45.85,46.47,34811.0,ETF,ETF,54.0,82.0,41.0,38.0,0.5093,0.4064,61007.0,46160.0,47.28,38.17,0,NO,46.05,44.49,43.74,44.82,44.74,,4868,0.0,37959.0,NO,NO,2017-10-10,4672300.0
2158,FOWF,34.88,35.585,866.0,ETF,ETF,54.0,29.0,48.0,35.0,0.2941,0.0676,1998.0,620.0,37.41,29.48,0,NO,36.43,34.97,33.37,35.26,34.08,,425,0.0,872.0,NO,NO,2026-02-12,70800.0
2159,FLEE,39.48,39.9,773.0,ETF,ETF,54.0,54.0,57.0,44.0,0.2333,0.1545,11390.0,3970.0,40.53,33.59,0,NO,40.09,39.3,38.0,39.43,38.49,,2186,0.0,790.0,NO,NO,2017-12-18,3257600.0
2160,NBCR,34.12,34.4,25575.0,ETF,ETF,54.0,56.0,51.0,63.0,0.2079,0.1415,47631.0,25610.0,34.99,28.8,0,NO,34.58,33.95,32.34,34.11,32.67,,522,0.0,28236.0,NO,NO,2026-01-15,5542200.0
2161,OUSM,48.45,48.85,20516.0,ETF,ETF,54.0,35.0,71.0,49.0,0.4374,0.3581,65653.0,52440.0,50.36,42.08,0,NO,49.77,48.63,46.15,48.87,46.88,,2429,0.0,21815.0,NO,NO,2025-03-11,919800.0
2162,DIV,19.79,19.8,136193.0,ETF,ETF,54.0,51.0,67.0,39.0,0.1539,0.1425,211874.0,140660.0,20.21,16.84,0,NO,19.71,19.57,18.88,19.68,19.36,,3389,0.0,144370.0,NO,NO,2023-10-25,2474200.0
2163,FPA,49.95,50.4,674.0,ETF,ETF,54.0,88.0,6.0,33.0,0.9968,0.5204,10760.0,3300.0,58.89,35.73,0,NO,48.98,48.9,46.32,48.37,49.22,,3863,0.0,676.0,NO,NO,2014-11-03,2994300.0
2164,XJH,50.36,50.99,10645.0,ETF,ETF,54.0,25.0,44.0,48.0,0.4932,0.3696,17746.0,13700.0,53.24,41.85,0,NO,52.14,51.65,48.28,51.63,49.47,,1489,0.0,10795.0,NO,NO,2024-02-29,546900.0
2165,GNE,15.15,14.84,35117.0,Utilities,Utilities - Regulated Electric,53.0,86.0,82.0,48.0,0.4214,0.4136,84312.0,75530.0,16.28,12.69,398742304,NO,14.76,14.45,14.19,14.51,14.24,,3732,0.0,72688.0,NO,NO,2023-06-23,2783900.0
2166,MGK,88.96,89.9,873619.0,ETF,ETF,53.0,72.0,23.0,78.0,0.9793,0.7893,1473523.0,1053050.0,92.38,63.74,0,NO,89.8,87.94,83.38,88.4,84.09,,4698,0.0,1043334.0,NO,NO,2009-01-08,36061500.0
2167,MSTB,43.62,44.015,8352.0,ETF,ETF,53.0,61.0,45.0,64.0,0.334,0.2574,10242.0,8240.0,45.54,37.38,0,NO,44.15,43.28,41.28,43.46,41.84,,1486,0.0,8400.0,NO,NO,2022-01-24,3225800.0
2168,IVOO,126.22,127.56,53629.0,ETF,ETF,53.0,29.0,47.0,48.0,1.2164,1.0154,79152.0,66300.0,133.14,105.29,0,NO,130.39,129.09,121.06,129.08,124.03,,4018,0.0,55627.0,NO,NO,2020-10-30,1776400.0
2169,LCLG,70.14,70.998,75.0,ETF,ETF,53.0,21.0,15.0,68.0,0.4663,0.0942,1160.0,500.0,76.05,56.79,0,NO,72.33,72.64,66.89,72.04,68.37,,1019,0.0,600.0,NO,NO,2023-01-04,30600.0
2170,NDAA,24.19,24.338,1275.0,ETF,ETF,53.0,61.0,45.0,57.0,0.1034,0.0401,10265.0,57640.0,24.65,20.87,0,NO,24.4,24.0,22.98,24.08,23.34,,467,0.0,1275.0,NO,NO,2026-08-27,406300.0
2171,MCFT,22.92,23.28,148732.0,Consumer Cyclical,Recreational Vehicles,53.0,15.0,38.0,53.0,0.8657,0.8357,157763.0,178990.0,28.44,17.19,555053312,NO,24.64,24.55,22.27,24.31,23.21,,2797,0.0,223970.0,NO,NO,2015-07-17,4330300.0
2172,QQUP,62.66,63.428,910.0,ETF,ETF,53.0,75.0,11.0,88.0,1.1116,0.6798,5790.0,2570.0,70.28,40.09,0,NO,62.96,59.61,57.16,60.75,57.03,,306,0.0,910.0,NO,NO,2025-12-02,147400.0
2173,JIG,83.78,85.11,34687.0,ETF,ETF,53.0,72.0,34.0,51.0,0.9399,0.5852,32287.0,26330.0,89.04,70.77,0,NO,84.93,84.03,79.67,83.82,81.57,,1571,0.0,36499.0,NO,NO,2025-09-25,1602200.0
2174,MDT,92.31,90.65,14532859.0,Healthcare,Medical Devices,53.0,84.0,93.0,15.0,2.095,1.9821,8618300.0,7198340.0,106.33,73.31,118199828480,NO,90.46,85.73,89.79,87.27,85.61,2026-09-01,13446,0.0,18719015.0,YES,NO,2006-04-13,133028500.0
2175,ZM,95.46,96.68,1809038.0,Technology,Software - Application,53.0,27.0,7.0,90.0,4.1886,3.6664,3561144.0,3898780.0,114.74,70.7,27855130624,NO,103.28,94.77,90.14,96.52,91.92,,1852,0.0,2572753.0,NO,NO,2020-09-01,53226200.0
2176,RSBY,18.22,18.15,14587.0,ETF,ETF,53.0,66.0,49.0,58.0,0.0979,0.0631,15004.0,12770.0,19.0,15.17,0,NO,17.96,18.13,17.42,18.09,18.13,,508,0.06,14633.0,NO,NO,2024-08-21,5018100.0
2177,YNOT,32.03,32.615,25660.0,ETF,ETF,53.0,72.0,13.0,75.0,0.5649,0.3655,50984.0,34290.0,35.02,25.19,0,NO,32.74,32.0,30.19,32.02,30.81,,288,0.0,27463.0,NO,NO,2025-07-31,2031900.0
2178,FLQM,60.49,60.976,41728.0,ETF,ETF,53.0,55.0,75.0,49.0,0.5434,0.4577,91300.0,59560.0,62.13,53.87,0,NO,61.37,59.93,57.52,60.36,57.87,,2348,0.0,54125.0,NO,NO,2026-04-21,1885400.0
2179,CRVL,69.45,68.88,129914.0,Financial Services,Insurance Brokers,53.0,92.0,84.0,91.0,2.2179,2.1379,199541.0,145270.0,93.45,44.83,3508375808,NO,66.38,63.51,61.43,64.57,59.01,,8856,0.39,191003.0,NO,NO,1991-06-28,40111200.0
2180,SPMD,65.36,66.05,1218742.0,ETF,ETF,53.0,29.0,46.0,48.0,0.6557,0.5643,1491438.0,1150140.0,68.97,54.53,0,NO,67.52,66.84,62.71,66.84,64.24,,3307,0.0,1473441.0,NO,NO,2024-02-13,14064900.0
2181,METL,27.98,28.814,12849.0,ETF,ETF,53.0,91.0,13.0,9.0,0.7796,0.5522,21014.0,19290.0,34.46,19.89,0,NO,28.13,26.26,27.43,26.61,27.82,,245,0.0,13093.0,NO,NO,2026-01-29,423300.0
2182,SDG,91.97,92.29,1205.0,ETF,ETF,53.0,73.0,52.0,60.0,0.6876,0.3079,3485.0,1780.0,94.34,79.77,0,NO,92.47,90.09,87.42,90.7,88.64,,2604,0.0,1208.0,NO,NO,2021-08-09,227700.0
2183,ADIV,20.0,20.039,3659.0,ETF,ETF,53.0,67.0,62.0,58.0,0.1201,0.0748,5655.0,6050.0,20.11,17.23,0,NO,19.81,19.34,18.73,19.46,18.89,,1363,0.0,3818.0,NO,NO,2026-03-03,496400.0
2184,GVIP,168.68,170.498,7247.0,ETF,ETF,53.0,61.0,17.0,67.0,2.1945,1.3945,11517.0,11350.0,192.13,138.73,0,NO,174.06,175.92,163.97,174.25,167.53,,2462,0.0,12286.0,NO,NO,2019-01-15,369700.0
2185,OVS,40.24,40.75,17582.0,ETF,ETF,53.0,20.0,46.0,52.0,0.4326,0.3185,12119.0,17030.0,43.03,33.14,0,NO,42.04,41.9,38.96,41.75,39.89,,1738,0.0,18388.0,NO,NO,2026-05-12,150800.0
2186,ABCB,83.27,84.25,209357.0,Financial Services,Banks - Regional,53.0,14.0,50.0,54.0,1.3096,1.2718,484534.0,322530.0,93.22,68.8,5588019712,NO,87.23,88.64,82.45,88.04,84.54,,8125,0.0,389522.0,NO,NO,2019-06-28,4545600.0
2187,MDY,680.07,687.13,409637.0,ETF,ETF,53.0,29.0,46.0,48.0,6.735,5.8393,677504.0,512900.0,717.35,568.21,0,NO,702.34,695.46,652.69,695.35,668.5,,7883,0.0,595957.0,NO,NO,2008-10-10,27593700.0
2188,TBF,25.5,25.41,84609.0,ETF,ETF,53.0,45.0,68.0,64.0,0.235,0.1421,169288.0,182730.0,25.76,23.01,0,NO,25.36,24.97,24.36,25.14,24.55,,4283,0.0,111720.0,NO,NO,2022-03-01,10356500.0
2189,ZECP,37.68,37.9,88563.0,ETF,ETF,53.0,40.0,59.0,53.0,0.2231,0.1741,43777.0,27940.0,38.84,32.57,0,NO,38.36,37.87,36.1,37.94,36.53,,1258,0.0,91474.0,NO,NO,2025-08-08,380500.0
2190,MDYV,93.42,94.13,61918.0,ETF,ETF,53.0,24.0,61.0,47.0,0.7994,0.7187,83365.0,60290.0,97.58,79.64,0,NO,95.9,95.07,89.92,95.21,91.51,,5229,0.0,68317.0,NO,NO,2021-03-23,12911100.0
2191,EW,90.43,90.75,1423548.0,Healthcare,Medical Devices,53.0,74.0,66.0,54.0,1.7364,1.7136,4415656.0,2686430.0,96.29,72.3,52092624896,NO,90.92,89.55,84.88,89.31,85.04,,6648,0.0,2539397.0,NO,NO,2011-03-31,139237800.0
2192,AAPE,15.76,14.94,24877.0,ETF,ETF,53.0,85.0,,,0.4807,0.4621,14607.0,15510.0,17.93,13.5,0,NO,14.46,,,,,,40,0.0,30097.0,NO,NO,2026-08-31,63300.0
2193,RVER,35.45,35.938,998.0,ETF,ETF,53.0,77.0,21.0,84.0,0.5886,0.262,7573.0,4530.0,39.45,26.34,0,NO,36.45,35.09,32.08,35.29,32.3,,605,0.0,1009.0,NO,NO,2024-04-04,595400.0
2194,QOWZ,37.76,38.15,1232.0,ETF,ETF,53.0,81.0,70.0,70.0,0.3533,0.1327,2350.0,270.0,38.27,30.58,0,NO,37.33,35.52,34.55,36.11,34.18,,685,0.0,1232.0,NO,NO,2024-05-17,100000.0
2195,XCOM,26.67,25.64,1964.0,ETF,ETF,53.0,92.0,,,0.4782,0.0441,479.0,100.0,26.66,18.98,0,NO,24.14,22.5,,23.29,,,62,1.95,2466.0,NO,NO,2026-06-03,10200.0
2196,DGRW,98.36,98.96,263317.0,ETF,ETF,53.0,65.0,52.0,56.0,0.6021,0.4836,584712.0,458610.0,100.59,85.37,0,NO,99.46,97.32,93.2,97.82,94.57,,3339,0.0,361082.0,NO,NO,2022-05-06,5389200.0
2197,RHTX,20.3,20.599,16.0,ETF,ETF,53.0,68.0,40.0,45.0,0.0951,0.0019,522.0,110.0,20.6,15.63,0,NO,20.42,20.0,19.5,20.1,19.75,,1205,0.0,100.0,NO,NO,2022-03-29,603300.0
2198,QQHG,65.58,65.5,11339.0,ETF,ETF,53.0,58.0,31.0,64.0,0.3184,0.0744,1730.0,4400.0,67.14,56.11,0,NO,66.24,65.7,62.52,65.75,63.56,,331,0.0,11439.0,NO,NO,2026-08-31,40700.0
2199,DAN,29.22,29.98,828364.0,Consumer Cyclical,Auto Parts,53.0,86.0,7.0,8.0,0.9764,0.9507,1681184.0,1261960.0,39.56,17.74,3143390464,NO,29.86,28.22,29.97,28.27,31.84,,4695,0.0,1340992.0,NO,NO,2009-09-24,28204800.0
2200,XLPX,26.99,26.58,747.0,ETF,ETF,53.0,32.0,,,0.5072,0.1169,1109.0,220.0,28.95,25.1,0,NO,27.04,26.81,,26.85,,,62,0.0,751.0,NO,NO,2026-06-10,13500.0
2201,SATA,99.87,100.01,344492.0,Financial Services,Asset Management,53.0,72.0,49.0,56.0,0.2869,0.2833,369830.0,383780.0,101.35,79.01,0,NO,99.47,97.17,96.22,98.46,97.51,,204,0.0,365508.0,NO,NO,2026-05-29,1644600.0
2202,AOA,98.15,98.87,104918.0,ETF,ETF,53.0,60.0,44.0,55.0,0.5864,0.4157,107377.0,115130.0,100.03,84.55,0,NO,99.1,97.69,93.57,97.94,95.01,,4477,0.0,132191.0,NO,NO,2022-12-12,1157400.0
2203,NVDX,18.98,19.54,3220253.0,ETF,ETF,53.0,87.0,9.0,87.0,1.1661,0.9658,7003969.0,6698810.0,24.72,12.41,0,NO,19.58,18.12,17.57,18.48,17.63,,719,0.0,3653917.0,NO,NO,2025-01-27,56650200.0
2204,ST,40.89,41.03,669520.0,Technology,Scientific & Technical Instruments,53.0,4.0,6.0,71.0,1.2694,1.1251,1756158.0,1387010.0,53.89,28.16,5950961152,NO,44.34,45.49,40.02,44.69,42.73,,4144,0.0,1186980.0,NO,NO,2023-09-15,23136900.0
2205,NBIX,156.24,154.03,514463.0,Healthcare,Drug Manufacturers - Specialty & Generic,53.0,10.0,26.0,83.0,4.0857,3.8236,1255968.0,1095140.0,186.12,122.14,15889801216,NO,156.86,166.42,147.31,164.62,149.15,,7616,0.18,878419.0,NO,NO,2006-05-16,46749600.0
2206,GDV,29.93,30.16,64403.0,Financial Services,Asset Management,53.0,50.0,62.0,47.0,0.3075,0.2925,99938.0,85850.0,31.0,26.14,2617285120,NO,30.41,29.89,28.65,30.02,29.01,,5726,0.0,92196.0,NO,NO,2020-03-20,1870600.0
2207,ABLD,32.55,32.602,11020.0,ETF,ETF,53.0,78.0,72.0,18.0,0.3061,0.2064,10571.0,20900.0,34.09,27.86,0,NO,32.51,31.2,31.1,31.56,31.62,,1181,0.0,11556.0,NO,NO,2021-12-17,2211200.0
2208,SCZ,86.11,86.8,551864.0,ETF,ETF,53.0,69.0,53.0,44.0,0.6793,0.5307,1412157.0,714510.0,87.85,73.46,0,NO,86.48,84.38,82.02,84.99,83.51,,4708,0.0,691633.0,NO,NO,2021-06-15,7679000.0
2209,KEY,21.19,21.61,7376517.0,Financial Services,Banks - Regional,53.0,10.0,57.0,42.0,0.4011,0.3864,10886820.0,9609660.0,24.07,16.47,22613522432,NO,22.42,22.8,21.33,22.62,21.72,,9777,0.0,10385867.0,YES,NO,2023-03-13,111197500.0
2210,MRSK,39.29,39.51,42219.0,ETF,ETF,53.0,57.0,58.0,56.0,0.3648,0.3279,25863.0,13650.0,41.71,34.36,0,NO,39.68,39.04,37.47,39.2,37.78,,1553,0.0,42504.0,NO,NO,2025-04-04,1400700.0
2211,SAGP,37.13,37.647,3152.0,ETF,ETF,53.0,59.0,72.0,40.0,0.2815,0.1614,3625.0,3920.0,38.32,32.74,0,NO,37.67,36.57,35.44,36.93,35.73,,1154,0.0,3159.0,NO,NO,2023-11-08,161000.0
2212,ITDD,38.73,39.04,30826.0,ETF,ETF,53.0,58.0,51.0,56.0,0.2014,0.1364,15668.0,14580.0,39.47,33.67,0,NO,39.14,38.62,36.93,38.72,37.49,,718,0.0,31652.0,NO,NO,2025-04-08,152200.0
2213,QLVD,34.57,34.676,8.0,ETF,ETF,52.0,26.0,66.0,31.0,0.1321,0.0419,1869.0,1490.0,35.04,30.51,0,NO,34.63,33.76,32.98,34.12,33.49,,1791,0.0,900.0,NO,NO,2020-02-25,732800.0
2214,JNUG,178.0,193.43,307851.0,ETF,ETF,52.0,98.0,55.0,0.0,15.0607,10.6029,333196.0,342200.0,363.55,99.42,0,NO,178.71,142.94,197.47,151.96,187.15,,3246,0.0,365792.0,NO,NO,2020-03-19,10465210.0
2215,ESI,34.2,35.54,4778438.0,Basic Materials,Specialty Chemicals,52.0,9.0,6.0,33.0,1.1718,0.9811,4945453.0,5322660.0,49.25,22.86,8330408448,NO,37.06,39.24,34.96,37.79,38.19,,3233,0.0,7651899.0,NO,NO,2025-03-21,43421900.0
2216,IVT,32.38,32.31,326067.0,Real Estate,REIT - Retail,52.0,7.0,52.0,52.0,0.5307,0.515,978593.0,544350.0,37.22,26.81,2524941824,NO,33.09,34.66,31.62,34.42,32.93,,3146,0.0,645685.0,NO,NO,2026-06-18,12086200.0
2217,NULC,55.4,55.831,4333.0,ETF,ETF,52.0,64.0,55.0,77.0,0.399,0.1303,4406.0,1390.0,56.92,45.06,0,NO,55.97,54.73,51.31,55.03,51.89,,1821,0.0,4344.0,NO,NO,2019-06-04,423000.0
2218,SHOP,140.12,147.37,5678735.0,Technology,Software - Application,52.0,93.0,85.0,81.0,5.6347,5.1572,8942066.0,6010230.0,182.19,94.0,181801418752,NO,148.57,131.26,131.32,134.58,122.56,,2837,0.0,9105537.0,YES,NO,2017-10-04,208959000.0
2219,APIE,39.03,39.29,44393.0,ETF,ETF,52.0,42.0,57.0,47.0,0.3879,0.3122,80822.0,73490.0,40.2,33.59,0,NO,39.61,38.95,37.48,39.1,37.9,,835,0.0,45246.0,NO,NO,2024-04-08,10454500.0
2220,NTST,20.33,20.36,648164.0,Real Estate,REIT - Retail,52.0,12.0,66.0,27.0,0.3571,0.3443,2055292.0,2672940.0,22.47,17.02,2072750080,NO,20.58,21.11,19.73,21.18,20.52,,1519,0.0,1009085.0,NO,NO,2026-06-26,21931900.0
2221,FLJJ,34.3,34.385,439.0,ETF,ETF,52.0,54.0,58.0,57.0,0.0681,0.0223,730.0,370.0,34.53,30.73,0,NO,34.37,34.05,32.77,34.12,33.15,,647,0.0,706.0,NO,NO,2025-05-01,806300.0
2222,NJR,54.13,53.34,323945.0,Utilities,Utilities - Regulated Gas,52.0,9.0,53.0,34.0,0.9065,0.8313,683201.0,553930.0,60.86,43.46,5492460032,NO,54.72,56.66,53.21,56.44,55.74,,11709,0.58,523475.0,NO,NO,2016-03-07,11485200.0
2223,XBNB,26.79,28.38,209.0,ETF,ETF,52.0,97.0,80.0,,0.9171,0.11,307.0,700.0,29.97,17.69,0,NO,22.84,20.59,,21.66,,,86,0.0,100.0,NO,NO,2026-05-05,2100.0
2224,SFBS,41.23,43.04,295300.0,Financial Services,Banks - Regional,52.0,8.0,79.0,43.0,1.0214,1.0164,590736.0,472340.0,46.04,33.6,4508295168,NO,44.23,43.75,39.88,43.62,40.79,,3093,0.0,559441.0,NO,NO,2016-04-01,11364400.0
2225,NWE,69.94,69.16,172768.0,Utilities,Utilities - Regulated Electric,52.0,62.0,61.0,37.0,1.3086,1.115,462507.0,364550.0,75.18,55.5,4303173120,NO,70.57,71.15,69.11,71.2,70.4,,4697,0.07,299765.0,NO,NO,2016-09-22,7326600.0
2226,BRZX,24.86,24.53,8.0,ETF,ETF,52.0,17.0,,,0.5129,0.075,150.0,190.0,26.15,21.86,0,NO,23.64,24.0,,24.3,,,60,0.0,100.0,NO,NO,2026-06-15,2400.0
2227,MGY,27.66,26.85,2089411.0,Energy,Oil & Gas E&P,52.0,84.0,44.0,25.0,0.7172,0.6286,4363431.0,3083840.0,32.76,21.07,6703693312,NO,26.37,26.05,26.43,26.31,27.89,,2305,1.56,3403923.0,NO,NO,2024-03-15,40683700.0
2228,SAH,77.85,78.65,117801.0,Consumer Cyclical,Auto & Truck Dealerships,52.0,2.0,14.0,88.0,2.5336,2.47,273257.0,212620.0,113.67,54.11,2459315456,NO,80.1,87.62,72.65,86.79,76.81,,7243,0.0,257753.0,NO,NO,2009-09-18,10268600.0
2229,VFMV,144.6,145.11,9720.0,ETF,ETF,52.0,49.0,63.0,47.0,0.7192,0.6636,16265.0,13170.0,147.18,127.32,0,NO,146.0,143.34,137.61,144.18,140.08,,2146,0.0,10304.0,NO,NO,2025-04-08,253800.0
2230,REGL,92.04,92.73,38734.0,ETF,ETF,52.0,24.0,74.0,36.0,0.7957,0.7021,64598.0,42920.0,95.97,80.52,0,NO,94.52,93.38,89.28,93.7,90.73,,2909,0.0,40244.0,NO,NO,2025-04-16,1985200.0
2231,MFDX,42.25,42.598,8599.0,ETF,ETF,52.0,60.0,53.0,36.0,0.3353,0.2664,16904.0,12850.0,43.4,36.06,0,NO,42.64,41.89,40.76,42.04,41.55,,2257,0.0,9039.0,NO,NO,2023-11-02,1014000.0
2232,FVD,50.03,50.19,406053.0,ETF,ETF,52.0,54.0,75.0,36.0,0.3943,0.325,558693.0,502560.0,51.41,44.63,0,NO,50.65,49.84,48.03,50.1,48.65,,5790,0.0,440992.0,NO,NO,2020-03-12,8251000.0
2233,DIVO,48.08,48.29,783851.0,ETF,ETF,52.0,69.0,70.0,47.0,0.2982,0.2416,811968.0,774000.0,49.03,43.2,0,NO,48.33,47.15,46.03,47.46,46.31,,2439,0.0,892010.0,NO,NO,2023-09-27,2769400.0
2234,QRVO,96.45,96.08,498120.0,Technology,Semiconductors,52.0,81.0,21.0,82.0,2.4753,2.4667,1214053.0,854060.0,109.49,74.92,8508976128,NO,96.35,92.12,87.55,92.13,89.53,,2932,0.0,779528.0,NO,NO,2024-12-20,30048600.0
2235,TPHD,42.99,43.2,22137.0,ETF,ETF,52.0,37.0,69.0,35.0,0.3288,0.293,21953.0,13230.0,44.26,37.54,0,NO,43.53,43.11,41.37,43.28,42.29,,1844,0.0,24462.0,NO,NO,2019-05-01,1745700.0
2236,LWAY,26.1,26.03,43352.0,Consumer Defensive,Packaged Foods,52.0,3.0,83.0,82.0,1.4643,1.2029,180136.0,137520.0,34.2,17.31,394361632,NO,27.24,29.14,24.62,29.01,25.43,,9487,0.0,69159.0,NO,NO,2019-06-20,2154800.0
2237,PPI,21.09,21.157,17034.0,ETF,ETF,52.0,37.0,32.0,20.0,0.1892,0.1247,28639.0,25340.0,22.44,17.12,0,NO,21.51,21.28,20.7,21.29,21.36,,1171,0.0,24280.0,NO,NO,2022-01-10,882200.0
2238,ARP,34.12,34.268,30778.0,ETF,ETF,52.0,76.0,57.0,42.0,0.1434,0.053,6365.0,4800.0,34.29,29.16,0,NO,33.85,33.05,32.45,33.28,32.74,,924,0.0,31606.0,NO,NO,2022-12-27,463300.0
2239,DON,57.03,57.4,116145.0,ETF,ETF,52.0,30.0,68.0,45.0,0.4593,0.4114,107387.0,136480.0,58.97,49.57,0,NO,58.21,57.44,54.71,57.61,55.64,,5083,0.0,125442.0,NO,NO,2017-08-02,3178200.0
2240,MFIG,21.43,21.749,623.0,ETF,ETF,52.0,76.0,50.0,77.0,0.2237,0.117,7628.0,1750.0,21.95,17.41,0,NO,21.47,20.98,,21.14,19.95,,182,0.0,628.0,NO,NO,2026-06-17,73600.0
2241,FLSP,28.42,28.3,132061.0,ETF,ETF,52.0,46.0,69.0,44.0,0.3062,0.2969,110412.0,63970.0,29.01,25.12,0,NO,28.3,27.94,27.35,28.05,27.56,,1680,0.0,190040.0,NO,NO,2020-02-11,1778100.0
2242,FLAU,35.49,35.944,10898.0,ETF,ETF,52.0,60.0,59.0,36.0,0.4062,0.2737,62466.0,10010.0,39.87,30.0,0,NO,35.88,34.83,33.8,35.06,34.59,,2215,0.0,11050.0,NO,NO,2026-07-08,1931500.0
2243,TOPT,33.45,33.64,204280.0,ETF,ETF,52.0,69.0,27.0,72.0,0.3084,0.2601,326466.0,256500.0,34.48,27.54,0,NO,33.65,33.16,31.7,33.29,31.98,,463,0.0,243036.0,NO,NO,2025-11-04,1926700.0
2244,ONOF,40.55,40.961,2399.0,ETF,ETF,52.0,64.0,47.0,61.0,0.2576,0.1514,7846.0,7160.0,41.62,35.36,0,NO,41.07,40.27,38.56,40.43,38.92,,1414,0.0,2439.0,NO,NO,2022-03-21,759200.0
2245,CSIO,28.36,28.591,3812.0,ETF,ETF,52.0,30.0,57.0,33.0,0.1741,0.1311,10712.0,14720.0,30.57,24.81,0,NO,28.5,28.64,,28.63,28.42,,180,0.0,3816.0,NO,NO,2026-02-20,192500.0
2246,GDMN,92.97,98.28,75900.0,ETF,ETF,52.0,96.0,54.0,1.0,4.9251,3.1128,51323.0,92510.0,147.27,62.18,0,NO,94.62,81.68,97.06,84.89,95.83,,1180,0.0,84943.0,NO,NO,2025-10-21,371700.0
2247,SPHD,52.39,52.43,517522.0,ETF,ETF,52.0,45.0,75.0,36.0,0.5029,0.4052,808946.0,674700.0,54.04,46.58,0,NO,52.86,52.34,50.32,52.62,51.14,,3479,0.0,571034.0,NO,NO,2024-09-23,6977400.0
2248,EUDG,39.6,39.788,9740.0,ETF,ETF,52.0,42.0,62.0,40.0,0.2335,0.1416,4223.0,3000.0,40.59,34.38,0,NO,40.09,39.4,38.28,39.61,38.64,,3098,0.0,9801.0,NO,NO,2017-11-07,479500.0
2249,RAA,30.32,30.489,134830.0,ETF,ETF,52.0,71.0,41.0,54.0,0.1471,0.1016,47498.0,28460.0,30.63,26.11,0,NO,30.24,29.74,28.84,29.88,29.28,,380,0.0,135567.0,NO,NO,2025-02-28,3998700.0
2250,QSIX,41.76,42.217,3849.0,ETF,ETF,52.0,65.0,17.0,75.0,0.3694,0.1858,1842.0,1630.0,44.34,33.94,0,NO,42.44,42.14,39.45,42.03,40.24,,485,0.0,3854.0,NO,NO,2025-01-24,39800.0
2251,JHDG,27.87,28.06,2031.0,ETF,ETF,52.0,30.0,55.0,,0.1168,0.0225,20787.0,3410.0,28.81,25.62,0,NO,28.37,27.78,,27.86,,,101,0.0,18078.0,NO,NO,2026-05-13,1041300.0
2252,SPXT,110.53,111.152,12895.0,ETF,ETF,52.0,43.0,66.0,46.0,0.8957,0.7216,15476.0,13370.0,113.74,98.22,0,NO,112.09,110.37,106.63,110.75,107.61,,2749,0.0,13037.0,NO,NO,2026-04-30,239100.0
2253,DLS,88.5,89.39,12880.0,ETF,ETF,52.0,69.0,59.0,40.0,0.6004,0.4307,17733.0,17170.0,89.96,75.64,0,NO,88.48,86.27,84.62,86.95,86.02,,5083,0.0,13202.0,NO,NO,2007-03-23,1216300.0
2254,AAT,22.25,22.46,251153.0,Real Estate,REIT - Diversified,52.0,12.0,19.0,77.0,0.3486,0.3371,433482.0,431890.0,25.97,17.72,1726283008,NO,22.73,23.94,20.88,23.74,21.84,,3930,0.0,398968.0,NO,NO,2011-01-13,15536900.0
2255,GMOD,27.92,28.021,7848.0,ETF,ETF,52.0,58.0,56.0,47.0,0.106,0.071,11053.0,8470.0,28.21,24.79,0,NO,28.03,27.65,26.76,27.73,27.16,,221,0.0,8859.0,NO,NO,2026-01-26,107300.0
2256,D,66.18,66.01,3140247.0,Utilities,Utilities - Regulated Electric,52.0,14.0,63.0,54.0,0.9479,0.9064,5011050.0,3702750.0,72.99,55.85,58215825408,NO,67.57,68.97,64.02,68.68,65.86,,11709,0.36,4459404.0,NO,NO,2026-05-18,40094600.0
2257,IYK,75.08,74.66,105720.0,ETF,ETF,52.0,50.0,76.0,28.0,0.8607,0.6671,232793.0,129540.0,78.33,65.21,0,NO,74.78,74.37,71.64,74.69,73.08,,6590,0.0,119652.0,NO,NO,2006-01-20,8697300.0
2258,LCTD,59.45,59.959,6785.0,ETF,ETF,52.0,55.0,59.0,39.0,0.4034,0.2863,29065.0,19930.0,60.77,51.41,0,NO,60.21,58.79,57.19,59.13,58.0,,1356,0.0,6993.0,NO,NO,2021-04-08,13095300.0
2259,SQS,28.01,28.21,13691.0,ETF,ETF,52.0,57.0,31.0,,0.265,0.19,15177.0,13510.0,29.05,23.53,0,NO,28.42,28.0,,28.08,,,117,0.0,13801.0,NO,NO,2026-03-30,219700.0
2260,ROCY,54.56,55.15,165681.0,ETF,ETF,52.0,39.0,45.0,,0.3429,0.2728,229955.0,531420.0,55.97,48.34,0,NO,55.25,54.59,,54.74,,,114,0.0,189558.0,NO,NO,2026-08-18,2613200.0
2261,MAYZ,36.56,36.785,7467.0,ETF,ETF,51.0,57.0,47.0,65.0,0.1499,0.0278,3850.0,460.0,37.23,31.04,0,NO,36.9,36.35,34.63,36.47,34.99,,1339,0.0,7509.0,NO,NO,2021-05-03,260300.0
2262,JPEM,66.15,66.285,71954.0,ETF,ETF,51.0,66.0,59.0,39.0,0.4187,0.3039,15825.0,9730.0,67.4,57.2,0,NO,65.69,64.36,63.66,64.74,64.36,,2927,0.0,72224.0,NO,NO,2021-04-01,969300.0
2263,SYF,76.98,77.08,2239556.0,Financial Services,Credit Services,51.0,56.0,79.0,72.0,2.0614,1.8114,3609455.0,3746280.0,88.77,63.08,25055180800,NO,79.2,76.62,74.98,76.67,73.32,,3039,0.0,3446347.0,NO,NO,2015-11-17,128981900.0
2264,EMR,147.74,152.44,1738694.0,Industrials,Specialty Industrial Machinery,51.0,25.0,69.0,25.0,3.6357,3.2643,2710911.0,1977660.0,166.35,122.64,82746368000,NO,158.44,148.89,142.25,149.93,143.38,,13675,0.0,2637735.0,NO,NO,2001-07-11,24822800.0
2265,JANZ,41.47,41.725,7720.0,ETF,ETF,51.0,57.0,46.0,63.0,0.1856,0.0498,2977.0,840.0,42.27,35.96,0,NO,41.85,41.2,39.36,41.34,39.8,,1420,0.0,7772.0,NO,NO,2026-05-04,725500.0
2266,EWA,29.69,30.02,2672353.0,ETF,ETF,51.0,56.0,59.0,33.0,0.2693,0.1968,2253303.0,2233050.0,30.48,24.94,0,NO,29.98,29.11,28.28,29.33,28.99,,7663,0.0,3065476.0,NO,NO,2019-12-17,20564600.0
2267,TRU,83.49,84.91,1158553.0,Financial Services,Financial Data & Stock Exchanges,51.0,81.0,87.0,59.0,2.284,2.2615,2335628.0,1656850.0,95.5,63.37,15991892992,NO,82.03,78.27,76.55,80.18,74.16,,2812,0.0,1929475.0,NO,NO,2025-09-19,26552700.0
2268,RWIN,28.11,27.66,8.0,ETF,ETF,51.0,55.0,71.0,,0.1506,0.0257,417.0,450.0,28.14,25.47,0,NO,27.7,26.97,,27.16,,,101,0.0,8.0,NO,NO,2026-06-29,4100.0
2269,TGLR,39.77,40.18,7736.0,ETF,ETF,51.0,28.0,30.0,52.0,0.3389,0.2086,5085.0,4580.0,42.07,33.48,0,NO,40.93,40.45,38.44,40.39,39.15,,769,0.0,7774.0,NO,NO,2023-08-08,97600.0
2270,TINT,39.48,40.199,524.0,ETF,ETF,51.0,73.0,14.0,40.0,0.3291,0.0785,612.0,560.0,42.55,30.96,0,NO,40.72,39.55,37.66,39.62,39.14,,1215,0.0,528.0,NO,NO,2022-03-17,26200.0
2271,DESK,40.08,40.48,615.0,ETF,ETF,51.0,12.0,76.0,78.0,0.5654,0.4285,24231.0,3810.0,43.92,32.0,0,NO,41.31,41.77,37.86,41.84,38.11,,738,0.0,718.0,NO,NO,2026-08-11,225600.0
2272,RITA,21.36,21.26,1302.0,ETF,ETF,51.0,19.0,71.0,44.0,0.3102,0.2509,3595.0,8810.0,23.86,18.89,0,NO,21.56,21.62,20.46,21.69,20.87,,1185,0.0,1334.0,NO,NO,2021-12-21,419200.0
2273,GGME,64.33,64.23,655.0,ETF,ETF,51.0,80.0,43.0,84.0,0.6463,0.2784,2555.0,720.0,66.18,49.02,0,NO,63.37,61.87,58.24,62.5,58.16,,5330,0.0,709.0,NO,NO,2014-04-02,3511600.0
2274,TCBS,17.32,17.31,52.0,Financial Services,Banks - Regional,51.0,31.0,63.0,53.0,0.1325,0.0787,2223.0,1160.0,20.0,15.72,49755632,NO,17.4,17.57,17.01,17.56,17.24,,1287,0.0,454.0,NO,NO,2021-07-16,372600.0
2275,MO,69.78,68.48,7258043.0,Consumer Defensive,Tobacco,51.0,63.0,56.0,42.0,1.5064,1.2625,8617882.0,8691680.0,77.06,54.7,116481335296,NO,66.9,70.02,66.16,69.74,69.24,,16274,1.31,9816932.0,YES,NO,1993-04-02,103014600.0
2276,ALCO,40.25,39.73,15627.0,Consumer Defensive,Farm Products,51.0,80.0,36.0,22.0,0.9743,0.8943,21022.0,15940.0,45.01,31.32,298597088,NO,39.84,40.1,39.59,39.86,40.63,,13445,0.0,24790.0,NO,NO,2022-06-24,921500.0
2277,TRP,62.96,62.53,919045.0,Energy,Oil & Gas Midstream,51.0,9.0,19.0,25.0,1.4289,1.3754,2358474.0,1604000.0,71.47,49.27,65589645312,NO,63.17,66.29,62.33,65.6,65.43,,11075,0.0,1358804.0,NO,NO,2023-07-28,10985900.0
2278,VIGI,97.57,98.11,228148.0,ETF,ETF,51.0,48.0,67.0,47.0,0.6953,0.5741,270838.0,221380.0,99.88,85.23,0,NO,98.63,96.37,93.13,97.12,93.8,,2640,0.0,245020.0,NO,NO,2025-09-15,3264000.0
2279,CSEN,26.01,25.8,12263.0,ETF,ETF,51.0,79.0,,,0.2768,0.2584,43422.0,22150.0,26.21,23.24,0,NO,25.5,24.68,,24.9,,,54,0.39,13682.0,NO,NO,2026-08-06,627400.0
2280,DDWM,47.07,47.26,31736.0,ETF,ETF,51.0,47.0,56.0,39.0,0.2896,0.2585,87301.0,85190.0,47.87,40.56,0,NO,47.46,46.85,45.43,47.01,46.12,,2658,0.0,33438.0,NO,NO,2016-04-21,8958400.0
2281,IYT,82.88,85.14,922564.0,ETF,ETF,51.0,21.0,28.0,41.0,1.1946,1.0389,626982.0,429630.0,90.06,68.1,0,NO,86.69,86.95,80.33,86.93,82.45,,5701,0.0,1064871.0,NO,NO,2008-04-21,17956000.0
2282,JUNZ,35.74,35.848,22106.0,ETF,ETF,51.0,56.0,48.0,64.0,0.1426,0.0467,3204.0,1140.0,36.27,30.54,0,NO,35.94,35.44,33.81,35.55,34.15,,1319,0.0,22168.0,NO,NO,2023-05-01,359700.0
2283,AIPO,27.62,27.9,1934468.0,ETF,ETF,51.0,17.0,6.0,50.0,0.8014,0.5806,1326785.0,1063500.0,34.79,19.48,0,NO,29.58,30.24,27.53,29.63,29.21,,277,0.0,2019888.0,NO,NO,2026-06-11,2865600.0
2284,EQQQ,40.75,42.24,8884.0,ETF,ETF,51.0,74.0,,,0.8664,0.5471,6878.0,2970.0,44.88,38.08,0,NO,42.74,,,,,,28,0.0,58879.0,NO,NO,2026-08-13,61300.0
2285,JPRE,52.22,52.36,17577.0,ETF,ETF,51.0,22.0,66.0,44.0,0.505,0.4044,19080.0,17630.0,55.23,46.24,0,NO,53.14,53.29,50.39,53.44,51.79,,1072,0.0,18612.0,NO,NO,2023-02-07,2231800.0
2286,GTY,32.3,32.42,438471.0,Real Estate,REIT - Retail,51.0,11.0,51.0,27.0,0.5707,0.5293,517271.0,656240.0,36.83,25.39,2000426112,NO,33.06,33.94,31.91,33.89,33.29,,13445,0.0,843903.0,NO,NO,2017-07-11,4578600.0
2287,LCO,28.41,28.913,7.0,ETF,ETF,51.0,89.0,48.0,49.0,0.2934,0.0192,150.0,210.0,28.94,24.8,0,NO,27.85,26.95,,27.14,27.09,,160,0.0,100.0,NO,NO,2026-03-09,7700.0
2288,FNB,17.83,18.23,1576070.0,Financial Services,Banks - Regional,51.0,11.0,70.0,49.0,0.3089,0.2979,4929922.0,3221260.0,19.59,14.46,6341497856,NO,18.84,18.93,17.72,18.83,17.92,,10076,0.0,2825270.0,NO,NO,2025-10-16,40469500.0
2289,SEPZ,46.03,46.32,54298.0,ETF,ETF,51.0,62.0,43.0,65.0,0.3727,0.2806,9001.0,5530.0,47.11,39.71,0,NO,46.5,45.72,43.68,45.89,44.14,,1506,0.0,54745.0,NO,NO,2025-05-06,2182200.0
2290,SIXL,39.66,39.62,2710.0,ETF,ETF,51.0,32.0,75.0,37.0,0.2369,0.0982,6041.0,3340.0,40.92,35.69,0,NO,40.0,39.8,38.39,39.97,38.94,,1585,0.0,2777.0,NO,NO,2020-05-13,542600.0
2291,SPXX,19.03,19.25,171594.0,Financial Services,Asset Management,51.0,73.0,66.0,60.0,0.2186,0.2079,270073.0,189090.0,19.39,15.78,342453152,NO,19.1,18.71,17.9,18.83,17.93,,5223,0.0,192733.0,NO,NO,2026-07-17,1164200.0
2292,GLBE,37.03,37.35,862295.0,Consumer Cyclical,Internet Retail,51.0,10.0,81.0,59.0,1.546,1.5389,1541619.0,953760.0,43.99,26.84,6220672512,NO,40.54,38.34,35.53,39.07,34.52,,1332,0.0,1390917.0,NO,NO,2022-05-17,24913100.0
2293,MHIP,20.95,21.16,7.0,ETF,ETF,51.0,51.0,67.0,,0.1093,0.0,138.0,100.0,21.4,19.45,0,NO,20.95,20.41,,20.6,,,91,0.0,100.0,NO,NO,2026-04-21,43100.0
2294,KRNT,16.26,16.84,163521.0,Industrials,Specialty Industrial Machinery,51.0,80.0,29.0,45.0,0.7007,0.6793,233861.0,241610.0,19.78,11.93,698635904,NO,17.01,16.16,15.16,16.18,15.67,,2870,0.0,276073.0,NO,NO,2022-07-06,11815900.0
2295,NVDB,31.48,32.49,25206.0,ETF,ETF,51.0,91.0,8.0,86.0,1.7476,1.109,25485.0,29540.0,40.8,20.47,0,NO,32.36,29.96,28.85,30.86,29.25,,245,0.0,28049.0,NO,NO,2026-06-04,171900.0
2296,APO,131.65,136.58,1677157.0,Financial Services,Asset Management,51.0,78.0,62.0,86.0,4.085,3.7936,4053963.0,2601880.0,153.29,99.56,77745004544,NO,133.98,126.47,127.68,127.36,123.03,,3878,0.0,2553530.0,NO,NO,2024-12-20,91314300.0
2297,NOVT,143.46,146.22,261084.0,Technology,Scientific & Technical Instruments,51.0,53.0,9.0,44.0,6.1579,5.8386,495266.0,347690.0,176.38,98.27,5424580608,NO,154.75,151.96,136.82,151.77,143.08,,6902,0.0,363569.0,NO,NO,2022-07-25,6805900.0
2298,TKNS,26.8,27.05,9.0,ETF,ETF,51.0,95.0,81.0,,0.5986,0.0543,525.0,650.0,27.51,20.08,0,NO,23.61,22.32,,23.07,,,75,0.0,10.0,NO,NO,2026-07-17,4900.0
2299,YUNG,27.25,27.39,721.0,ETF,ETF,51.0,12.0,69.0,,0.2311,0.0632,560.0,340.0,29.78,25.09,0,NO,28.59,28.71,,28.63,,,81,0.0,721.0,NO,NO,2026-05-06,48600.0
2300,TOLL,38.71,39.293,4305.0,ETF,ETF,51.0,28.0,32.0,57.0,0.4131,0.21,13466.0,2460.0,41.94,32.72,0,NO,39.8,39.94,37.21,39.75,37.9,,829,0.0,4486.0,NO,NO,2026-06-26,249800.0
2301,ZIG,40.85,40.897,268.0,ETF,ETF,51.0,54.0,63.0,44.0,0.2409,0.1204,933.0,750.0,41.55,34.66,0,NO,40.83,39.94,38.89,40.18,39.52,,1833,0.0,1200.0,NO,NO,2021-09-07,194000.0
2302,STXD,39.69,40.128,1859.0,ETF,ETF,51.0,35.0,61.0,52.0,0.2406,0.1395,5198.0,4880.0,41.47,34.56,0,NO,40.73,39.96,38.08,40.04,38.44,,952,0.0,2058.0,NO,NO,2026-01-02,222000.0
2303,DOW,30.46,30.52,5113675.0,Basic Materials,Chemicals,51.0,50.0,9.0,35.0,0.9214,0.8306,10662393.0,8249010.0,42.74,20.65,21980829696,NO,30.81,29.97,31.32,30.03,33.68,,1873,0.0,7512290.0,NO,NO,2025-07-24,66003500.0
2304,EXI,194.44,197.8,36445.0,ETF,ETF,51.0,23.0,51.0,27.0,2.1336,1.5236,54663.0,44610.0,207.79,165.7,0,NO,202.95,199.64,190.17,199.84,194.88,,5012,0.0,54833.0,NO,NO,2021-03-08,3583900.0
2305,JGLO,72.84,73.36,25151.0,ETF,ETF,51.0,54.0,58.0,56.0,0.4739,0.3469,201376.0,180080.0,74.89,63.17,0,NO,73.88,72.26,69.52,72.66,70.1,,743,0.0,57821.0,NO,NO,2024-11-12,19127900.0
2306,GSK,50.56,50.25,2035497.0,Healthcare,Drug Manufacturers - General,51.0,22.0,63.0,9.0,1.0196,0.765,3886444.0,2832870.0,61.7,38.63,101281882112,NO,51.33,51.73,52.23,51.71,53.24,,11700,0.0,2642895.0,NO,NO,2022-08-11,35389900.0
2307,BREW,27.21,27.51,43.0,ETF,ETF,51.0,15.0,55.0,,0.2321,0.0143,1087.0,230.0,28.36,24.95,0,NO,27.22,27.11,,27.22,,,80,0.0,300.0,NO,NO,2026-05-06,49100.0
2308,BOUT,44.11,44.13,606.0,ETF,ETF,50.0,11.0,16.0,56.0,0.5114,0.3503,2196.0,2140.0,49.41,35.05,0,NO,45.16,46.28,42.18,45.7,44.08,,2001,0.0,612.0,NO,NO,2026-03-10,149200.0
2309,KBA,32.77,32.92,40846.0,ETF,ETF,50.0,29.0,25.0,57.0,0.3021,0.1157,33033.0,31750.0,35.46,28.09,0,NO,33.33,33.5,32.02,33.18,32.49,,3142,0.0,42640.0,NO,NO,2019-05-28,3719900.0
2310,SCHH,23.5,23.58,5554808.0,ETF,ETF,50.0,19.0,61.0,43.0,0.2461,0.2168,6177030.0,4333170.0,25.03,20.63,0,NO,23.96,24.1,22.69,24.14,23.36,,3930,0.0,5996410.0,NO,NO,2026-06-24,30842700.0
2311,ACVT,28.63,28.825,8.0,ETF,ETF,50.0,50.0,56.0,58.0,0.0854,0.0359,6606.0,36950.0,28.88,25.77,0,NO,28.63,28.26,27.27,28.41,27.5,,335,0.0,1300.0,NO,NO,2025-04-30,221000.0
2312,XPO,184.88,193.99,784979.0,Industrials,Trucking,50.0,7.0,6.0,9.0,6.4364,6.26,1150506.0,833610.0,232.05,121.48,21650458624,NO,199.51,203.62,187.81,203.13,204.65,,5761,0.0,1253854.0,NO,NO,2018-12-13,114758560.0
2313,QQQX,30.55,30.91,75048.0,Financial Services,Asset Management,50.0,74.0,23.0,67.0,0.3664,0.3521,110161.0,76430.0,31.87,25.35,1491658240,NO,30.63,30.1,28.99,30.22,29.38,,4926,0.0,77904.0,NO,NO,2018-02-05,924700.0
2314,THOR,26.25,26.35,10926.0,ETF,ETF,50.0,50.0,,,0.3839,0.3468,23634.0,34010.0,28.99,24.52,0,NO,26.37,,,25.93,,,49,0.0,12063.0,NO,NO,2026-06-23,113800.0
2315,ADME,55.93,56.424,5830.0,ETF,ETF,50.0,58.0,37.0,62.0,0.3315,0.2073,14469.0,10540.0,57.35,48.24,0,NO,56.61,55.82,53.26,55.95,54.01,,2569,0.0,7263.0,NO,NO,2023-02-10,1049700.0
2316,AQLG,26.73,26.54,7.0,ETF,ETF,50.0,53.0,,,0.1163,0.0,132.0,100.0,26.98,24.79,0,NO,26.6,26.08,,26.22,,,59,0.0,7.0,NO,NO,2026-06-09,1300.0
2317,MCHS,40.76,41.397,5508.0,ETF,ETF,50.0,59.0,10.0,38.0,0.523,0.1418,10328.0,1470.0,53.25,31.36,0,NO,42.31,44.13,39.88,42.82,42.34,,537,0.0,5508.0,NO,NO,2026-07-02,155500.0
2318,AGOX,33.19,33.69,5839.0,ETF,ETF,50.0,37.0,18.0,77.0,0.5692,0.5107,53355.0,23990.0,35.8,25.65,0,NO,34.21,33.96,31.32,33.9,32.12,,1334,0.0,8486.0,NO,NO,2021-11-09,836700.0
2319,MAGA,57.05,57.049,831.0,ETF,ETF,50.0,45.0,70.0,40.0,0.2833,0.112,1358.0,800.0,58.96,50.21,0,NO,57.75,56.94,54.61,57.11,55.44,,2252,0.0,1067.0,NO,NO,2017-09-28,600600.0
2320,QPX,47.84,48.718,1284.0,ETF,ETF,50.0,57.0,23.0,53.0,0.3445,0.1277,2036.0,1580.0,49.85,40.02,0,NO,49.12,48.32,46.1,48.37,46.72,,1424,0.0,1288.0,NO,NO,2023-03-22,735600.0
2321,DOGG,22.33,22.26,16883.0,ETF,ETF,50.0,64.0,73.0,25.0,0.2256,0.1821,33155.0,22570.0,23.5,19.66,0,NO,22.29,21.91,21.62,22.03,21.85,,839,0.0,18024.0,NO,NO,2025-04-04,489100.0
2322,OBOR,28.32,28.272,116.0,ETF,ETF,50.0,81.0,64.0,15.0,0.1623,0.0427,680.0,1280.0,30.07,24.27,0,NO,27.77,26.75,27.35,27.0,27.51,,2252,0.0,121.0,NO,NO,2019-12-03,279400.0
2323,JHAC,15.92,15.939,6.0,ETF,ETF,50.0,59.0,65.0,64.0,0.073,0.0018,496.0,290.0,15.97,13.26,0,NO,15.78,15.28,14.96,15.49,14.85,,707,0.0,100.0,NO,NO,2023-11-06,184900.0
2324,LANDO,21.01,21.04,3355.0,Real Estate,REIT - Specialty,50.0,15.0,51.0,55.0,0.3731,0.364,14217.0,8440.0,22.08,18.5,0,NO,21.42,21.1,20.29,21.17,20.72,,1473,0.0,3650.0,NO,NO,2020-10-30,702200.0
2325,SIVR,60.86,63.25,1336272.0,ETF,ETF,50.0,88.0,7.0,2.0,1.9143,1.3471,1211619.0,1403770.0,115.26,38.24,0,NO,62.29,58.43,68.34,59.29,67.56,,4302,0.0,1433438.0,NO,NO,2026-01-30,26230700.0
2326,NTSX,59.38,60.04,22693.0,ETF,ETF,50.0,59.0,37.0,60.0,0.47,0.3586,41907.0,39860.0,61.13,50.49,0,NO,60.2,59.27,56.53,59.39,57.19,,2030,0.0,23552.0,NO,NO,2020-05-21,2659900.0
2327,FOXA,66.11,67.35,3096027.0,Communication Services,Entertainment,50.0,90.0,35.0,80.0,1.8026,1.6747,6670426.0,5239660.0,76.39,48.34,27797223424,NO,65.95,59.27,63.4,61.65,60.73,,1879,0.0,4739403.0,NO,NO,2026-06-15,33618700.0
2328,JDIV,58.03,58.33,150.0,ETF,ETF,50.0,50.0,58.0,44.0,0.2546,0.135,1350.0,3210.0,58.83,51.34,0,NO,58.32,57.15,55.41,57.48,55.96,,482,0.0,200.0,NO,NO,2026-05-28,22400.0
2329,TPLC,50.28,50.74,10952.0,ETF,ETF,50.0,42.0,62.0,43.0,0.3521,0.3062,16414.0,11220.0,51.91,44.0,0,NO,51.24,50.64,48.25,50.77,49.11,,1844,0.0,12316.0,NO,NO,2019-05-01,1675200.0
2330,NTSI,47.72,48.16,5437.0,ETF,ETF,50.0,48.0,57.0,41.0,0.3483,0.2506,20795.0,16920.0,48.92,41.47,0,NO,48.39,47.47,45.98,47.66,46.55,,1325,0.0,5461.0,NO,NO,2021-12-28,1491300.0
2331,ZINC,26.44,26.41,16660.0,ETF,ETF,50.0,58.0,,,0.1914,0.1321,7760.0,3550.0,27.11,25.13,0,NO,26.53,26.3,,26.41,,,63,0.11,16774.0,NO,NO,2026-07-14,165000.0
2332,PABD,69.7,70.619,4056.0,ETF,ETF,50.0,47.0,53.0,42.0,0.4237,0.1113,3696.0,4830.0,71.88,57.0,0,NO,71.15,69.8,67.26,70.07,68.18,,655,0.0,4408.0,NO,NO,2024-02-29,1230400.0
2333,GTR,27.72,27.755,27627.0,ETF,ETF,50.0,62.0,58.0,57.0,0.1095,0.0657,4766.0,3110.0,27.91,24.55,0,NO,27.72,27.36,26.35,27.45,26.64,,1229,0.0,27627.0,NO,NO,2025-01-24,684800.0
2334,SCHC,50.62,51.32,278780.0,ETF,ETF,50.0,77.0,50.0,34.0,0.4714,0.3418,327814.0,272800.0,52.12,43.45,0,NO,50.92,49.26,48.45,49.67,49.31,,4182,0.0,293817.0,NO,NO,2020-03-12,5394800.0
2335,RDWR,28.05,28.88,125057.0,Technology,Software - Infrastructure,50.0,82.0,9.0,82.0,1.0279,0.9129,241530.0,278040.0,32.79,21.68,1179572224,NO,28.39,28.92,26.36,29.01,27.45,,6770,0.0,183777.0,NO,NO,2010-09-14,19026400.0
2336,NNN,45.22,45.2,558281.0,Real Estate,REIT - Retail,50.0,12.0,70.0,32.0,0.6229,0.5886,1560174.0,1093210.0,50.0,38.9,8603973632,NO,46.08,47.04,43.98,47.0,45.33,,10554,0.0,1179941.0,NO,NO,2011-12-07,25007100.0
2337,BOBP,29.93,29.931,1980.0,ETF,ETF,50.0,60.0,17.0,62.0,0.4076,0.2038,2960.0,1760.0,33.86,24.51,0,NO,30.22,30.63,28.62,30.26,29.38,,321,0.0,2004.0,NO,NO,2025-08-04,148200.0
2338,THMZ,34.33,34.623,556.0,ETF,ETF,50.0,48.0,54.0,61.0,0.2347,0.1013,1615.0,830.0,36.13,28.18,0,NO,34.78,33.98,32.56,34.14,32.6,,352,0.0,556.0,NO,NO,2025-07-02,75100.0
2339,NRIM,25.19,25.57,56131.0,Financial Services,Banks - Regional,50.0,14.0,73.0,55.0,0.59,0.5836,161568.0,106200.0,30.82,19.6,560345664,NO,26.3,26.83,25.37,26.64,25.16,,9011,0.0,104170.0,NO,NO,2015-06-26,3806400.0
2340,DFAR,25.89,25.96,2526262.0,ETF,ETF,50.0,18.0,60.0,44.0,0.2717,0.2367,2503463.0,3103550.0,27.59,22.64,0,NO,26.41,26.58,24.97,26.62,25.73,,1133,0.0,2755113.0,NO,NO,2026-03-20,4944900.0
2341,SPYC,46.06,46.524,5610.0,ETF,ETF,50.0,63.0,42.0,67.0,0.4126,0.2317,9736.0,4890.0,48.96,38.5,0,NO,47.11,46.0,43.67,46.13,44.04,,1503,0.0,5852.0,NO,NO,2022-10-25,977100.0
2342,FMCE,28.92,28.915,117.0,ETF,ETF,50.0,53.0,57.0,64.0,0.1414,0.0227,249.0,200.0,29.41,24.39,0,NO,29.01,28.58,27.18,28.64,27.41,,447,0.0,134.0,NO,NO,2025-02-14,120100.0
2343,TXUG,27.73,27.538,8.0,ETF,ETF,50.0,52.0,50.0,60.0,0.204,0.0144,701.0,480.0,28.41,22.77,0,NO,27.87,27.35,25.7,27.41,26.13,,403,0.0,8.0,NO,NO,2025-01-24,50900.0
2344,KEO,25.89,26.03,2052.0,ETF,ETF,50.0,,,,0.4141,0.3166,4363.0,6110.0,26.35,24.59,0,NO,,,,,,,19,0.0,2128.0,NO,NO,2026-08-25,21200.0
2345,FRIZ,27.16,27.352,421.0,ETF,ETF,50.0,49.0,63.0,53.0,0.114,0.0148,506.0,100.0,27.9,24.15,0,NO,27.58,26.97,26.04,27.12,26.18,,251,0.0,426.0,NO,NO,2025-12-19,150300.0
2346,MRSH,187.11,189.8,1412676.0,Financial Services,Insurance Brokers,50.0,27.0,88.0,39.0,3.8079,3.5443,2472800.0,2170990.0,207.83,156.6,89290997760,NO,190.3,182.89,177.82,185.85,175.61,,13495,0.0,2033985.0,NO,NO,2004-10-15,96352500.0
2347,GFGF,36.56,36.746,39.0,ETF,ETF,50.0,57.0,57.0,63.0,0.1723,0.0303,2736.0,150.0,37.01,30.65,0,NO,36.7,36.04,34.81,36.26,34.73,,1180,0.0,39.0,NO,NO,2021-12-16,257200.0
2348,VAW,233.45,236.38,42918.0,ETF,ETF,50.0,77.0,52.0,19.0,3.275,2.5261,47733.0,39320.0,245.26,190.29,0,NO,236.07,230.84,225.77,231.69,231.39,,5682,0.0,62754.0,NO,NO,2008-07-08,6294000.0
2349,ACGR,69.86,70.639,17.0,ETF,ETF,50.0,79.0,31.0,71.0,0.6542,0.1152,326.0,360.0,72.28,57.37,0,NO,70.26,68.69,66.15,69.06,66.5,,1661,0.0,100.0,NO,NO,2026-03-23,79500.0
2350,SYY,82.22,81.08,1274147.0,Consumer Defensive,Food Distribution,50.0,16.0,84.0,12.0,1.4432,1.3154,3278711.0,2086560.0,91.85,68.19,39391272960,NO,83.23,82.98,79.28,83.46,80.84,,13442,0.83,2199605.0,NO,NO,2013-12-09,71683900.0
2351,DCI,89.39,90.89,293031.0,Industrials,Specialty Industrial Machinery,50.0,12.0,81.0,15.0,2.2493,2.1779,768876.0,727750.0,112.84,78.52,10361289728,NO,94.75,92.0,91.32,92.57,89.79,,11709,0.0,513029.0,NO,NO,1987-09-01,15321600.0
2352,YANG,28.9,28.79,370878.0,ETF,ETF,50.0,88.0,18.0,53.0,0.9375,0.6318,729638.0,662550.0,42.22,19.94,0,NO,28.3,31.45,27.6,30.55,29.76,,4210,0.0,426398.0,NO,NO,2025-10-10,18624300.0
2353,TIME,26.73,26.766,808.0,ETF,ETF,50.0,55.0,26.0,67.0,0.1434,0.0758,3153.0,4310.0,27.45,22.31,0,NO,26.92,26.59,25.38,26.65,25.64,,1151,0.0,834.0,NO,NO,2022-12-05,1294100.0
2354,MUX,19.12,20.16,649428.0,Basic Materials,Other Precious Metals & Mining,50.0,88.0,9.0,2.0,0.9789,0.7904,1163801.0,1160310.0,29.7,12.38,1142230528,NO,19.68,18.47,21.06,18.72,21.11,,11673,0.0,997576.0,NO,NO,2025-02-07,10327800.0
2355,DLR,182.21,185.59,1183370.0,Real Estate,REIT - Specialty,50.0,20.0,38.0,45.0,5.2171,4.5564,2988506.0,2134040.0,208.14,146.23,68806549504,NO,192.89,187.36,178.33,187.51,186.88,,5493,0.0,2185198.0,NO,NO,2020-03-11,34673400.0
2356,MTUS,18.87,19.52,275594.0,Basic Materials,Steel,50.0,10.0,22.0,58.0,0.8774,0.8013,380000.0,322240.0,22.58,14.19,782148032,NO,20.66,19.98,18.65,19.89,18.71,,3068,0.0,462080.0,NO,NO,2021-02-23,48569500.0
2357,NX,18.48,19.22,126952.0,Industrials,Building Products & Equipment,49.0,74.0,58.0,12.0,0.7832,0.6618,369269.0,249930.0,22.98,11.04,848519168,NO,20.51,18.88,17.97,19.05,18.74,,11709,0.0,224856.0,NO,NO,2010-03-19,5626200.0
2358,DRAI,33.24,33.517,70.0,ETF,ETF,49.0,25.0,14.0,68.0,0.2283,0.086,1649.0,480.0,36.03,27.34,0,NO,33.61,33.62,31.99,33.51,32.64,,536,0.0,700.0,NO,NO,2024-07-17,61900.0
2359,TBLD,22.36,22.31,18989.0,Financial Services,Asset Management,49.0,65.0,42.0,38.0,0.308,0.2994,47204.0,48120.0,23.02,19.48,717511360,NO,22.31,22.05,21.43,22.13,21.96,,1279,0.0,20035.0,NO,NO,2021-07-28,2756500.0
2360,TAX,30.6,31.012,4684.0,ETF,ETF,49.0,40.0,39.0,58.0,0.218,0.0556,433.0,290.0,32.2,26.3,0,NO,31.69,31.19,29.48,31.22,29.79,,425,0.0,4684.0,NO,NO,2026-01-22,243200.0
2361,BKH,72.22,71.68,348523.0,Utilities,Utilities - Regulated Gas,49.0,61.0,63.0,31.0,1.3276,1.143,908487.0,744960.0,78.69,58.06,5507002368,NO,73.04,73.67,72.6,73.66,73.36,,13494,0.36,594677.0,NO,NO,2015-11-18,6544800.0
2362,NUGO,42.8,43.14,5984.0,ETF,ETF,49.0,60.0,22.0,75.0,0.4663,0.2245,129447.0,48690.0,44.83,34.28,0,NO,43.72,42.89,40.55,43.02,40.95,,1236,0.0,56375.0,NO,NO,2021-10-15,8095400.0
2363,MKTX,162.73,162.63,585050.0,Financial Services,Capital Markets,49.0,46.0,93.0,8.0,0.3104,0.2689,1033553.0,1039750.0,195.97,108.75,5726646784,NO,162.44,137.06,157.27,143.55,151.49,,5488,0.0,885032.0,NO,NO,2025-09-19,9702700.0
2364,FMAT,59.67,60.46,23495.0,ETF,ETF,49.0,77.0,52.0,19.0,0.8436,0.6625,54163.0,42850.0,62.84,48.76,0,NO,60.37,59.03,57.78,59.25,59.18,,3231,0.0,29985.0,NO,NO,2014-10-27,1764800.0
2365,SAMT,42.34,42.68,741146.0,ETF,ETF,49.0,21.0,14.0,56.0,0.3851,0.3366,164555.0,175840.0,47.86,34.11,0,NO,43.37,44.1,41.73,43.74,42.88,,1154,0.0,746353.0,NO,NO,2026-06-15,765900.0
2366,XRN,36.83,36.5,89837.0,Real Estate,REIT - Healthcare Facilities,49.0,75.0,71.0,48.0,0.9746,0.8596,99174.0,73970.0,39.93,29.05,533302688,NO,36.44,36.72,35.29,36.94,35.77,,2556,0.0,136262.0,NO,NO,2021-03-16,1086240.0
2367,KVLE,28.88,29.17,352.0,ETF,ETF,49.0,61.0,60.0,64.0,0.1599,0.0588,2123.0,1530.0,29.59,24.34,0,NO,29.27,28.67,27.15,28.82,27.42,,1447,0.0,357.0,NO,NO,2025-04-08,754300.0
2368,TDY,609.4,612.95,115602.0,Technology,Scientific & Technical Instruments,49.0,9.0,48.0,10.0,13.7571,12.7036,349830.0,256890.0,697.67,483.02,28249147392,NO,657.79,646.99,611.74,647.72,637.58,,6732,0.0,197808.0,NO,NO,2020-06-19,6953100.0
2369,IVVB,35.22,35.406,14706.0,ETF,ETF,49.0,59.0,58.0,55.0,0.1606,0.1044,21293.0,23100.0,36.92,31.67,0,NO,35.42,34.92,33.81,35.04,34.04,,795,0.0,15454.0,NO,NO,2025-03-12,3881400.0
2370,BKMC,40.2,40.579,14730.0,ETF,ETF,49.0,42.0,45.0,44.0,0.3236,0.2138,20680.0,13570.0,42.06,34.3,0,NO,41.38,40.81,38.8,40.84,39.47,,1604,0.0,15051.0,NO,NO,2023-05-26,12303000.0
2371,FJP,76.64,76.88,34629.0,ETF,ETF,49.0,70.0,49.0,16.0,1.1521,0.9614,9279.0,8920.0,82.45,62.01,0,NO,76.89,75.92,73.98,75.97,76.02,,3860,0.0,35023.0,NO,NO,2016-01-29,3469600.0
2372,PAAS,50.35,51.92,2402657.0,Basic Materials,Gold,49.0,92.0,11.0,3.0,2.405,1.7293,4748117.0,5980370.0,69.99,33.08,20871868416,NO,50.52,46.69,52.06,47.55,52.59,,7857,0.0,3405814.0,NO,NO,2026-03-20,28015500.0
2373,SCI,81.51,81.64,385768.0,Consumer Cyclical,Personal Services,49.0,11.0,84.0,17.0,1.6636,1.6107,1349396.0,650790.0,90.99,68.41,11109127168,NO,83.74,80.78,79.77,82.07,80.06,,11709,0.0,699444.0,NO,NO,1999-01-26,36418700.0
2374,DECZ,43.87,44.055,9691.0,ETF,ETF,49.0,57.0,47.0,63.0,0.1853,0.0602,1711.0,800.0,44.64,37.98,0,NO,44.2,43.51,41.69,43.67,42.04,,1443,0.0,9749.0,NO,NO,2025-05-06,1336500.0
2375,BKLG,25.67,25.81,19.0,ETF,ETF,49.0,75.0,,,0.1421,0.0,367.0,100.0,26.03,23.93,0,NO,25.69,,,25.31,,,48,0.0,100.0,NO,NO,2026-06-29,1200.0
2376,DDS,623.37,625.97,263564.0,Consumer Cyclical,Department Stores,49.0,82.0,75.0,47.0,29.073,26.2444,133226.0,150470.0,741.98,503.06,9720522752,NO,617.47,581.03,605.55,583.0,586.78,,11709,0.0,340084.0,NO,NO,2008-10-21,14962500.0
2377,LCR,40.54,40.74,2308.0,ETF,ETF,49.0,69.0,60.0,51.0,0.2506,0.1896,3809.0,2500.0,41.01,36.63,0,NO,40.63,39.98,38.83,40.13,39.1,,1672,0.0,2635.0,NO,NO,2022-10-17,453600.0
2378,RSSX,26.78,27.86,27486.0,ETF,ETF,49.0,91.0,48.0,31.0,0.6305,0.3358,35650.0,129480.0,31.06,22.05,0,NO,26.62,24.82,25.77,25.39,25.51,,315,0.0,28234.0,NO,NO,2026-08-31,969400.0
2379,DTEC,52.17,53.31,862.0,ETF,ETF,49.0,77.0,45.0,76.0,0.8751,0.5971,5974.0,2580.0,53.89,41.99,0,NO,52.55,50.06,47.84,50.83,47.65,,2178,0.0,903.0,NO,NO,2023-12-13,134500.0
2380,PPTY,33.29,33.753,51.0,ETF,ETF,49.0,11.0,48.0,49.0,0.2586,0.1019,3033.0,1470.0,35.44,29.34,0,NO,33.94,34.35,32.06,34.34,32.84,,2118,0.0,2300.0,NO,NO,2024-10-01,1139200.0
2381,AFL,115.67,115.85,1688481.0,Financial Services,Insurance - Life,49.0,6.0,66.0,45.0,1.9521,1.7671,2302809.0,2235430.0,130.22,104.66,57997897728,NO,120.0,121.54,114.51,121.53,116.16,,11709,0.0,3064652.0,NO,NO,2009-01-22,92666800.0
2382,GDE,66.03,68.01,119306.0,ETF,ETF,49.0,85.0,22.0,10.0,1.4111,0.9316,132826.0,78480.0,78.89,50.41,0,NO,68.05,64.1,65.48,65.0,66.17,,1118,0.0,123379.0,NO,NO,2025-06-12,789300.0
2383,DIVP,27.5,27.463,9300.0,ETF,ETF,49.0,46.0,65.0,39.0,0.1759,0.1302,6088.0,5730.0,28.12,24.11,0,NO,27.68,27.44,26.49,27.55,26.91,,623,0.0,9328.0,NO,NO,2025-07-21,106600.0
2384,PABU,77.77,78.749,8758.0,ETF,ETF,49.0,70.0,24.0,72.0,0.6212,0.1628,13577.0,17710.0,80.55,63.89,0,NO,78.47,76.7,73.34,77.2,73.89,,1095,0.0,10987.0,NO,NO,2023-05-23,3605100.0
2385,XITK,194.24,200.387,1618.0,ETF,ETF,49.0,80.0,13.0,87.0,3.3155,1.3244,2300.0,680.0,211.22,141.05,0,NO,201.76,192.24,176.76,193.64,178.03,,2672,0.0,1825.0,NO,NO,2023-04-03,133800.0
2386,TRND,36.78,37.2,384.0,ETF,ETF,49.0,57.0,40.0,54.0,0.2716,0.1654,3704.0,6510.0,39.09,30.59,0,NO,37.37,36.9,35.28,36.96,35.73,,1841,0.0,446.0,NO,NO,2021-03-18,220500.0
2387,MOTO,61.63,62.083,9.0,ETF,ETF,49.0,64.0,9.0,43.0,0.5611,0.0882,204.0,170.0,70.01,48.2,0,NO,62.81,62.89,59.69,62.38,61.86,,1704,0.0,100.0,NO,NO,2024-10-02,34200.0
2388,FPRO,24.79,24.888,1003.0,ETF,ETF,49.0,20.0,61.0,41.0,0.1816,0.092,4112.0,2530.0,26.3,21.95,0,NO,25.28,25.3,24.01,25.35,24.65,,1399,0.0,1253.0,NO,NO,2021-06-10,98900.0
2389,TFC,49.46,49.58,4512290.0,Financial Services,Banks - Regional,49.0,12.0,72.0,36.0,0.8779,0.8493,8434501.0,5481680.0,56.2,40.78,60427743232,NO,51.55,51.42,49.55,51.44,49.61,,11708,0.0,6689284.0,NO,NO,2009-05-13,85484000.0
2390,XMLV,67.04,67.11,32046.0,ETF,ETF,49.0,24.0,74.0,37.0,0.5061,0.4111,20038.0,29400.0,70.21,60.96,0,NO,68.09,67.79,65.24,68.04,66.09,,3405,0.01,33154.0,NO,NO,2019-06-12,2575800.0
2391,ARGT,95.34,94.55,102569.0,ETF,ETF,49.0,47.0,21.0,57.0,1.8001,1.6823,170790.0,117260.0,103.97,66.49,0,NO,92.93,93.14,92.38,93.32,92.05,,3897,0.0,118651.0,NO,NO,2025-10-27,2944800.0
2392,OSCV,41.26,41.53,36069.0,ETF,ETF,49.0,19.0,63.0,40.0,0.3636,0.315,78250.0,131180.0,43.29,35.93,0,NO,42.55,42.33,40.22,42.34,41.12,,2041,0.0,41076.0,NO,NO,2024-10-21,1390900.0
2393,CTRE,39.74,38.95,1015153.0,Real Estate,REIT - Healthcare Facilities,49.0,12.0,57.0,27.0,0.7529,0.7104,2699695.0,2547380.0,43.62,32.79,9386746880,NO,39.78,40.67,38.92,40.89,39.83,,3083,0.54,2057515.0,NO,NO,2026-03-20,43157400.0
2394,RSMC,28.28,28.474,2001.0,ETF,ETF,49.0,43.0,54.0,56.0,0.2477,0.1443,9053.0,4040.0,29.63,24.17,0,NO,29.04,28.56,26.96,28.52,27.43,,472,0.0,2070.0,NO,NO,2024-11-06,997700.0
2395,ITDC,36.85,37.097,18770.0,ETF,ETF,49.0,56.0,49.0,52.0,0.2069,0.14,19149.0,16870.0,37.56,32.76,0,NO,37.18,36.75,35.41,36.83,35.84,,717,0.0,19429.0,NO,NO,2025-04-10,93200.0
2396,SDP,24.78,24.89,4763.0,ETF,ETF,49.0,87.0,56.0,84.0,0.5914,0.4467,4590.0,4850.0,27.82,19.78,0,NO,23.42,22.26,22.72,22.58,21.92,,4898,0.0,5072.0,NO,NO,2025-12-09,91800.0
2397,ETN,389.59,401.88,1547745.0,Industrials,Specialty Industrial Machinery,49.0,10.0,28.0,48.0,13.5136,11.8179,2263590.0,1780130.0,478.0,311.92,151291379712,NO,432.49,416.6,380.12,415.12,397.72,,13675,0.0,2021517.0,NO,NO,2008-04-23,27268200.0
2398,MIVL,26.45,26.47,7.0,ETF,ETF,49.0,23.0,,,0.0614,0.0036,14334.0,170.0,26.85,24.7,0,NO,26.63,25.91,,26.16,,,60,0.0,200.0,NO,NO,2026-06-04,600300.0
2399,CPRO,28.45,28.495,1611.0,ETF,ETF,49.0,51.0,58.0,50.0,0.0416,0.0349,3385.0,2010.0,28.53,25.72,0,NO,28.43,28.3,27.6,28.34,27.85,,480,0.0,1614.0,NO,NO,2024-10-01,455100.0
2400,JXX,31.13,31.128,371.0,ETF,ETF,49.0,47.0,12.0,82.0,0.3771,0.1293,1309.0,980.0,33.61,23.64,0,NO,31.84,31.46,28.89,31.33,29.44,,394,0.0,377.0,NO,NO,2025-02-05,51700.0
2401,NEWZ,29.95,29.915,1275.0,ETF,ETF,49.0,68.0,66.0,53.0,0.1816,0.0422,1180.0,490.0,30.89,26.02,0,NO,30.28,29.96,28.52,30.02,28.98,,598,0.0,1275.0,NO,NO,2025-08-13,172800.0
2402,LVHD,43.91,43.97,208084.0,ETF,ETF,49.0,22.0,71.0,30.0,0.3726,0.3021,57817.0,37620.0,46.49,39.47,0,NO,44.47,44.59,42.76,44.65,43.67,,2683,0.0,222665.0,NO,NO,2017-07-10,4115400.0
2403,OAKI,26.87,27.246,3531.0,ETF,ETF,49.0,49.0,71.0,47.0,0.2573,0.1827,7033.0,3670.0,28.44,23.29,0,NO,27.37,26.59,,26.79,25.81,,180,0.0,3579.0,NO,NO,2025-12-11,1203700.0
2404,GIEQ,42.49,42.91,55602.0,ETF,ETF,49.0,56.0,67.0,,0.25,0.15,11947.0,74170.0,43.49,39.92,0,NO,43.03,42.01,,42.27,,,70,0.0,55961.0,NO,NO,2026-08-24,298300.0
2405,VSS,158.49,160.1,105058.0,ETF,ETF,48.0,79.0,37.0,39.0,1.4554,1.0071,227652.0,348980.0,162.91,136.63,0,NO,159.09,155.2,152.35,156.03,155.13,,4378,0.0,117730.0,NO,NO,2025-04-07,3314200.0
2406,VNSE,41.4,41.975,10.0,ETF,ETF,48.0,34.0,32.0,60.0,0.2253,0.0062,439.0,100.0,43.17,35.19,0,NO,42.35,41.76,39.77,41.8,40.19,,1494,0.0,100.0,NO,NO,2024-09-04,248100.0
2407,CSRE,28.41,28.55,93811.0,ETF,ETF,48.0,21.0,60.0,41.0,0.2939,0.2579,148077.0,147470.0,30.07,25.09,0,NO,28.95,29.03,27.6,29.08,28.37,,394,0.0,108036.0,NO,NO,2026-08-11,667200.0
2408,AIHY,20.84,21.05,10525.0,ETF,ETF,48.0,69.0,,,0.2807,0.2522,17783.0,36470.0,21.76,18.54,0,NO,21.03,,,,,,30,0.0,11651.0,NO,NO,2026-08-27,298000.0
2409,TLCI,27.4,27.775,748.0,ETF,ETF,48.0,52.0,72.0,45.0,0.1556,0.0751,3152.0,1680.0,28.23,23.48,0,NO,27.9,27.3,26.31,27.47,26.36,,375,0.0,753.0,NO,NO,2025-09-10,1502600.0
2410,THEQ,30.08,30.292,69186.0,ETF,ETF,48.0,61.0,46.0,55.0,0.1664,0.0652,5096.0,1590.0,31.59,26.77,0,NO,30.38,29.98,28.84,30.04,29.14,,359,0.0,69241.0,NO,NO,2025-07-09,172200.0
2411,VEGA,52.74,53.15,3252.0,ETF,ETF,48.0,60.0,47.0,52.0,0.235,0.1114,5292.0,8300.0,53.65,46.91,0,NO,53.23,52.57,50.81,52.69,51.32,,3507,0.0,3554.0,NO,NO,2023-01-12,263100.0
2412,KRG,26.0,25.8,904723.0,Real Estate,REIT - Retail,48.0,6.0,24.0,36.0,0.3304,0.3261,2534731.0,2050090.0,29.92,21.33,5334084096,NO,26.44,27.88,25.73,27.6,26.77,,5548,0.43,1781828.0,NO,NO,2021-10-21,38464300.0
2413,XOVR,20.5,20.7,1263454.0,ETF,ETF,48.0,87.0,42.0,81.0,0.36,0.2886,4139400.0,1017510.0,21.78,16.37,0,NO,20.24,19.99,19.16,20.07,18.97,,2213,0.0,1432898.0,NO,NO,2026-06-12,32373500.0
2414,NURE,31.0,31.306,2658.0,ETF,ETF,48.0,13.0,59.0,52.0,0.2696,0.2044,3896.0,2000.0,33.43,26.85,0,NO,31.98,32.28,29.84,32.21,30.56,,2436,0.0,2988.0,NO,NO,2020-10-05,1019800.0
2415,XLI,172.55,175.13,7594620.0,ETF,ETF,48.0,15.0,48.0,23.0,2.3754,2.1039,7018514.0,6593740.0,188.19,147.14,0,NO,182.37,181.68,170.29,181.12,175.05,,6964,0.0,9112323.0,YES,NO,2020-02-28,79118200.0
2416,FSEV,26.54,26.76,2648.0,ETF,ETF,48.0,32.0,66.0,,0.2743,0.2193,2122.0,5300.0,27.97,24.41,0,NO,27.14,26.82,,26.85,,,85,0.0,2654.0,NO,NO,2026-04-30,199600.0
2417,EWD,52.46,53.41,130087.0,ETF,ETF,48.0,44.0,51.0,31.0,0.5407,0.4136,278892.0,78360.0,54.93,45.34,0,NO,53.22,51.47,50.94,52.01,51.51,,7663,0.0,194772.0,NO,NO,2011-02-03,5970300.0
2418,FWONA,89.71,92.06,83288.0,Communication Services,Entertainment,48.0,41.0,75.0,59.0,2.1871,2.0261,155636.0,98660.0,99.52,73.7,22491058176,NO,93.72,91.01,84.57,92.14,84.79,,3430,0.0,128673.0,NO,NO,2013-01-11,57032721.0
2419,QTJL,41.53,42.163,5677.0,ETF,ETF,48.0,73.0,37.0,54.0,0.3367,0.1248,7855.0,4580.0,42.68,36.59,0,NO,41.93,41.46,40.36,41.41,40.86,,1297,0.0,5686.0,NO,NO,2023-01-18,580300.0
2420,JOET,45.18,45.673,61188.0,ETF,ETF,48.0,31.0,53.0,56.0,0.3834,0.2805,20685.0,19110.0,47.46,38.8,0,NO,46.49,45.89,43.37,45.9,43.77,,1450,0.0,66335.0,NO,NO,2020-11-19,734700.0
2421,ACWV,127.15,127.3,32448.0,ETF,ETF,48.0,66.0,68.0,45.0,0.6804,0.5861,97817.0,68360.0,127.87,116.96,0,NO,126.67,123.74,121.5,124.82,122.29,,3736,0.0,45090.0,NO,NO,2015-05-28,5104500.0
2422,CTWO,18.65,18.525,8.0,ETF,ETF,48.0,46.0,72.0,30.0,0.1571,0.0182,1230.0,300.0,23.3,15.5,0,NO,18.46,17.97,18.16,18.17,17.49,,300,0.0,100.0,NO,NO,2026-07-20,33500.0
2423,RWO,49.36,49.47,134789.0,ETF,ETF,48.0,18.0,64.0,38.0,0.4726,0.4061,106234.0,50550.0,52.26,44.09,0,NO,50.39,50.54,48.23,50.7,49.29,,4597,0.0,300302.0,NO,NO,2018-06-15,10759300.0
2424,JPEF,80.34,81.1,64733.0,ETF,ETF,48.0,49.0,42.0,57.0,0.5964,0.4272,90947.0,69690.0,83.2,69.68,0,NO,81.98,80.71,77.17,80.94,78.1,,775,0.0,66401.0,NO,NO,2026-02-17,2067500.0
2425,MAZE,26.53,26.57,184696.0,Healthcare,Biotechnology,48.0,25.0,69.0,0.0,1.3647,1.1926,548677.0,379250.0,53.65,14.16,1473719424,NO,28.3,28.62,34.33,28.49,31.23,,397,0.0,326660.0,NO,NO,2026-03-25,8232100.0
2426,ITW,269.27,275.37,698210.0,Industrials,Specialty Industrial Machinery,48.0,10.0,82.0,14.0,5.0063,4.6491,1324547.0,921390.0,303.16,238.82,76703760384,NO,287.25,279.63,266.32,280.89,270.82,,13481,0.0,1084028.0,NO,NO,2010-09-17,21470600.0
2427,MADE,35.1,35.609,20914.0,ETF,ETF,48.0,14.0,17.0,21.0,0.5937,0.4559,18561.0,18250.0,39.68,27.96,0,NO,37.31,37.46,35.28,37.1,36.51,,532,0.0,22502.0,NO,NO,2026-02-17,160700.0
2428,ABEQ,38.75,38.924,5662.0,ETF,ETF,48.0,57.0,71.0,24.0,0.2173,0.1213,13030.0,18130.0,40.08,34.31,0,NO,38.92,38.18,37.58,38.37,38.06,,1661,0.0,5712.0,NO,NO,2023-10-30,495800.0
2429,TMFE,30.74,31.057,1467.0,ETF,ETF,48.0,62.0,58.0,58.0,0.2637,0.1857,12063.0,4770.0,31.36,26.36,0,NO,30.93,30.19,29.25,30.41,29.32,,1170,0.0,1491.0,NO,NO,2025-08-12,332500.0
2430,GRPN,18.26,19.18,675663.0,Communication Services,Internet Content & Information,48.0,0.0,27.0,94.0,1.0014,0.9668,1521052.0,1029320.0,29.9,9.17,742548288,NO,21.54,23.79,17.32,23.69,17.75,,3725,0.0,1100025.0,NO,NO,2020-08-07,38209900.0
2431,TLG,27.0,27.42,448.0,ETF,ETF,48.0,64.0,19.0,,0.4579,0.2321,5300.0,3960.0,28.84,22.41,0,NO,27.92,26.88,,27.06,,,117,0.0,848.0,NO,NO,2026-05-01,237100.0
2432,NTRL,21.75,21.597,856.0,ETF,ETF,48.0,43.0,67.0,52.0,0.1913,0.1209,9446.0,3570.0,22.89,19.75,0,NO,21.56,21.21,20.86,21.31,20.97,,1651,0.15,890.0,NO,NO,2026-03-30,520800.0
2433,EWW,75.57,76.72,912904.0,ETF,ETF,48.0,25.0,25.0,17.0,1.2599,1.1834,1239273.0,1250970.0,81.65,61.2,0,NO,76.37,75.86,75.11,76.05,76.69,,7663,0.0,1090424.0,NO,NO,2018-11-09,18100000.0
2434,OLP,23.86,23.93,39065.0,Real Estate,REIT - Diversified,48.0,23.0,62.0,39.0,0.4482,0.4275,82685.0,56340.0,25.88,19.62,522654336,NO,24.16,24.53,22.8,24.51,23.64,,10924,0.0,64647.0,NO,NO,2011-02-08,2086900.0
2435,TR,40.59,40.86,81476.0,Consumer Defensive,Confectioners,48.0,73.0,77.0,24.0,1.0079,0.94,220565.0,133700.0,45.06,33.44,3050868480,NO,40.52,39.38,39.29,39.73,40.47,,11709,0.0,145778.0,NO,NO,2021-01-27,8642431.0
2436,DHR,206.9,213.56,2180641.0,Healthcare,Diagnostics & Research,48.0,81.0,87.0,39.0,6.0039,5.7089,4728934.0,3452340.0,242.8,160.93,145447813120,NO,207.96,199.52,203.01,203.6,192.52,,12015,0.0,3144567.0,NO,NO,2019-12-16,103834430.0
2437,OCTZ,46.32,46.593,4143.0,ETF,ETF,48.0,61.0,45.0,63.0,0.2097,0.0429,3898.0,550.0,47.2,40.24,0,NO,46.72,45.98,44.11,46.13,44.44,,1485,0.0,4229.0,NO,NO,2026-04-30,596800.0
2438,FLCG,34.61,35.1,34217.0,ETF,ETF,48.0,69.0,31.0,68.0,0.4528,0.3234,64198.0,73500.0,36.02,28.69,0,NO,35.12,34.19,32.93,34.48,33.05,,523,0.0,39475.0,NO,NO,2025-03-11,6134900.0
2439,MARZ,37.13,37.359,10350.0,ETF,ETF,48.0,55.0,44.0,62.0,0.2747,0.1613,4874.0,630.0,37.87,32.27,0,NO,37.49,36.95,35.44,37.06,35.7,,1382,0.0,10417.0,NO,NO,2024-04-01,591400.0
2440,EWL,62.52,62.8,295339.0,ETF,ETF,48.0,28.0,53.0,30.0,0.6307,0.4471,455030.0,319890.0,65.53,53.7,0,NO,63.79,63.17,61.25,63.37,62.04,,7663,0.0,414598.0,NO,NO,2018-11-14,14710000.0
2441,ES,70.45,70.14,726735.0,Utilities,Utilities - Regulated Electric,48.0,25.0,73.0,16.0,1.1391,1.0356,2444017.0,1866800.0,76.57,62.45,26536734720,NO,71.6,72.8,70.23,72.67,71.14,,13495,0.5,1519595.0,NO,NO,1988-05-24,23814200.0
2442,MBINL,25.0,25.09,22741.0,Financial Services,Banks - Regional,48.0,49.0,50.0,42.0,0.0771,0.075,14258.0,10490.0,25.34,22.56,0,NO,24.95,24.84,24.28,24.92,24.62,,445,0.0,24758.0,NO,NO,2025-01-31,1280900.0
2443,GGRW,37.39,37.762,7.0,ETF,ETF,48.0,62.0,34.0,61.0,0.2817,0.0637,509.0,350.0,38.72,31.45,0,NO,37.99,37.41,35.78,37.42,36.0,,1388,0.0,700.0,NO,NO,2024-01-10,104400.0
2444,OVLH,42.11,42.38,2851.0,ETF,ETF,48.0,55.0,38.0,58.0,0.2281,0.1654,15987.0,24360.0,43.18,37.33,0,NO,42.6,42.0,40.41,42.1,40.82,,1412,0.0,3279.0,NO,NO,2022-12-16,1377600.0
2445,XLSR,65.5,66.06,29088.0,ETF,ETF,48.0,65.0,33.0,59.0,0.465,0.3329,62585.0,42310.0,67.19,55.7,0,NO,66.34,65.1,62.89,65.31,63.19,,1863,0.0,30972.0,NO,NO,2023-10-13,920800.0
2446,DFE,76.82,77.84,4032.0,ETF,ETF,48.0,64.0,50.0,40.0,0.495,0.2471,5941.0,6480.0,78.34,66.05,0,NO,77.12,75.05,74.06,75.76,75.1,,5083,0.0,4265.0,NO,NO,2016-06-15,2645100.0
2447,KTB,75.37,75.41,502901.0,Consumer Cyclical,Apparel Manufacturing,48.0,4.0,69.0,79.0,3.4268,3.0118,784244.0,554390.0,88.96,56.19,4119243520,NO,79.99,82.35,72.09,81.86,74.96,,1826,0.0,754878.0,NO,NO,2020-05-29,15833400.0
2448,APRZ,40.35,40.611,8549.0,ETF,ETF,48.0,56.0,46.0,61.0,0.1881,0.0531,1084.0,740.0,41.29,34.75,0,NO,40.76,40.14,38.55,40.28,38.78,,1360,0.0,8717.0,NO,NO,2024-07-01,663400.0
2449,VDG,80.58,81.84,14772.0,ETF,ETF,48.0,64.0,50.0,,0.8211,0.495,6885.0,6910.0,88.87,73.5,0,NO,81.93,80.49,,80.57,,,95,0.0,15225.0,NO,NO,2026-04-23,26200.0
2450,CPRY,28.21,28.26,150.0,ETF,ETF,48.0,47.0,56.0,47.0,0.0463,0.0256,10165.0,1020.0,28.3,25.59,0,NO,28.21,28.08,27.44,28.13,27.71,,416,0.0,350.0,NO,NO,2025-01-13,631500.0
2451,MAGS,68.24,68.74,2441661.0,ETF,ETF,48.0,73.0,28.0,70.0,0.8861,0.8396,4385576.0,2391180.0,71.16,55.09,0,NO,68.05,66.34,65.22,67.03,64.92,,851,0.0,2652836.0,NO,NO,2026-06-03,12230600.0
2452,KSPY,29.78,29.93,72060.0,ETF,ETF,48.0,47.0,62.0,56.0,0.1446,0.1232,43985.0,31240.0,30.14,26.82,0,NO,29.87,29.55,28.57,29.67,28.71,,534,0.0,76340.0,NO,NO,2025-10-17,543600.0
2453,VSECU,52.69,53.77,702.0,Industrials,Aerospace & Defense,47.0,74.0,82.0,14.0,2.3186,1.9314,51466.0,21700.0,68.1,38.45,0,NO,56.75,55.21,,54.86,52.79,,143,0.0,702.0,NO,NO,2026-02-10,867700.0
2454,MPLY,32.12,32.416,1834.0,ETF,ETF,47.0,70.0,20.0,65.0,0.4103,0.3105,4669.0,2270.0,33.81,26.56,0,NO,32.39,31.77,30.71,31.91,30.95,,324,0.0,1939.0,NO,NO,2025-05-16,268400.0
2455,EWX,73.27,73.45,10439.0,ETF,ETF,47.0,86.0,23.0,58.0,0.7239,0.3775,25953.0,39350.0,76.61,64.18,0,NO,72.07,71.56,69.7,71.48,71.06,,4597,0.0,10927.0,NO,NO,2011-02-01,6493500.0
2456,RVT,18.23,18.57,254673.0,Financial Services,Asset Management,47.0,50.0,36.0,28.0,0.2436,0.2064,325390.0,169980.0,19.12,14.97,2265054208,NO,18.73,18.37,17.58,18.42,18.01,,10020,0.0,284384.0,NO,NO,2026-01-16,2061800.0
2457,XTN,102.6,105.63,60963.0,ETF,ETF,47.0,10.0,12.0,39.0,1.6293,1.3879,54649.0,39730.0,120.9,79.18,0,NO,109.24,112.26,102.25,111.16,106.03,,3921,0.0,64021.0,NO,NO,2021-10-20,1619000.0
2458,NOVZ,47.54,47.814,13638.0,ETF,ETF,47.0,55.0,43.0,62.0,0.1938,0.0656,4182.0,800.0,48.41,41.57,0,NO,47.97,47.32,45.44,47.45,45.8,,1463,0.0,13692.0,NO,NO,2025-07-14,302700.0
2459,PRAY,35.24,35.587,33678.0,ETF,ETF,47.0,39.0,29.0,48.0,0.3488,0.2084,10423.0,7660.0,36.51,30.49,0,NO,35.81,35.36,33.8,35.36,34.57,,1144,0.0,35075.0,NO,NO,2026-07-15,131700.0
2460,VERS,68.63,70.165,1488.0,ETF,ETF,47.0,55.0,6.0,84.0,0.8789,0.2211,357.0,200.0,84.91,50.55,0,NO,71.82,71.53,65.23,70.88,66.97,,1118,0.0,1496.0,NO,NO,2024-04-22,71500.0
2461,BOH,74.89,75.93,156951.0,Financial Services,Banks - Regional,47.0,10.0,54.0,22.0,1.2214,1.2007,380249.0,290860.0,86.31,59.36,2954440192,NO,78.35,80.65,75.75,80.44,78.29,,11709,0.0,270288.0,NO,NO,2023-06-01,8430600.0
2462,FOX,59.03,60.22,713191.0,Communication Services,Entertainment,47.0,90.0,35.0,76.0,1.6065,1.4636,1721503.0,1044780.0,68.17,44.08,24816322560,NO,58.77,53.07,56.94,55.12,54.63,,1878,0.0,1159253.0,NO,NO,2021-12-17,13993200.0
2463,ESS,279.28,282.96,279102.0,Real Estate,REIT - Residential,47.0,23.0,52.0,65.0,4.8354,4.5518,463922.0,478370.0,303.35,238.46,19249707008,NO,285.88,289.39,266.51,288.68,270.72,,8113,0.0,745763.0,NO,NO,2014-04-01,18953500.0
2464,DD,131.8,134.59,533374.0,Basic Materials,Specialty Chemicals,47.0,16.0,14.0,10.0,2.9914,2.7318,1438361.0,1126800.0,157.98,92.49,17796231168,NO,140.61,138.86,136.4,138.25,140.62,,13675,0.0,982774.0,NO,NO,2009-05-07,70021676.0
2465,RFG,59.78,60.44,1542.0,ETF,ETF,47.0,43.0,17.0,41.0,0.7821,0.4198,7473.0,6640.0,64.81,49.5,0,NO,62.34,61.84,58.21,61.54,60.04,,5154,0.0,1700.0,NO,NO,2011-08-05,9756000.0
2466,RDOG,40.5,40.53,388.0,ETF,ETF,47.0,21.0,45.0,48.0,0.3534,0.1391,1266.0,440.0,42.76,34.76,0,NO,40.93,41.38,38.74,41.39,39.72,,4597,0.0,395.0,NO,NO,2014-10-07,231600.0
2467,AFRM,70.33,74.45,5888827.0,Financial Services,Credit Services,47.0,10.0,35.0,93.0,4.3164,4.1089,4331541.0,6935130.0,93.2,42.09,23732523008,NO,76.05,77.2,66.47,76.41,64.65,,1415,0.0,7852224.0,NO,NO,2022-02-10,86940400.0
2468,GAL,53.48,53.81,7769.0,ETF,ETF,47.0,61.0,42.0,49.0,0.2786,0.1828,10731.0,13160.0,55.25,47.79,0,NO,53.77,53.12,51.61,53.23,52.23,,3607,0.0,8074.0,NO,NO,2015-12-18,690500.0
2469,FTQI,21.84,21.95,175059.0,ETF,ETF,47.0,53.0,47.0,59.0,0.1471,0.12,284595.0,279400.0,22.46,19.23,0,NO,22.13,22.02,21.19,22.03,21.34,,3181,0.0,196204.0,NO,NO,2026-04-23,3739700.0
2470,KAT,58.22,58.653,20333.0,ETF,ETF,47.0,66.0,67.0,37.0,0.3808,0.3149,12950.0,13910.0,59.34,52.27,0,NO,58.46,56.67,55.59,57.27,55.87,,256,0.0,20333.0,NO,NO,2025-10-21,109600.0
2471,FNY,100.72,102.32,10959.0,ETF,ETF,47.0,25.0,24.0,47.0,1.2721,0.8503,23557.0,10800.0,111.06,85.09,0,NO,105.45,105.37,98.61,104.65,100.72,,3863,0.0,11205.0,NO,NO,2020-10-28,462700.0
2472,REET,27.34,27.5,2923476.0,ETF,ETF,47.0,17.0,61.0,40.0,0.2442,0.2078,2779357.0,3412410.0,29.06,24.64,0,NO,27.99,28.08,26.64,28.13,27.24,,3054,0.0,3128013.0,NO,NO,2025-06-20,19257000.0
2473,JIDE,52.34,52.53,40.0,ETF,ETF,47.0,62.0,67.0,38.0,0.2407,0.0936,530.0,1950.0,53.15,45.48,0,NO,52.58,51.2,,51.56,50.01,,147,0.0,100.0,NO,NO,2026-03-03,37400.0
2474,DINT,29.72,30.0,7401.0,ETF,ETF,47.0,28.0,37.0,49.0,0.2855,0.2186,12312.0,9610.0,30.75,25.77,0,NO,30.2,29.49,28.75,29.66,28.77,,2135,0.0,7409.0,NO,NO,2022-01-07,3169300.0
2475,NWN,49.38,49.07,127252.0,Utilities,Utilities - Regulated Gas,47.0,55.0,65.0,15.0,0.83,0.7657,252711.0,221990.0,55.99,40.9,2078578816,NO,50.09,50.23,49.85,50.17,51.05,,13495,0.49,229942.0,NO,NO,2024-02-22,3217900.0
2476,ACIO,46.62,46.9,100109.0,ETF,ETF,47.0,60.0,37.0,60.0,0.2686,0.1979,143863.0,160560.0,47.75,41.13,0,NO,47.15,46.48,44.77,46.61,45.22,,1796,0.0,113465.0,NO,NO,2024-04-16,1388600.0
2477,LANDP,20.48,20.58,30217.0,Real Estate,REIT - Specialty,47.0,21.0,51.0,50.0,0.2974,0.2879,22785.0,22120.0,21.5,18.42,0,NO,21.01,20.82,20.04,20.85,20.41,,810,0.0,30430.0,NO,NO,2023-06-13,187300.0
2478,AMZZ,33.42,35.066,61161.0,ETF,ETF,47.0,3.0,10.0,91.0,1.4466,1.2557,162290.0,103510.0,43.11,22.21,0,NO,36.66,33.76,32.18,34.29,32.36,,616,0.0,75295.0,NO,NO,2025-10-31,2138200.0
2479,ITT,195.1,200.29,434280.0,Industrials,Specialty Industrial Machinery,47.0,29.0,62.0,27.0,5.7986,5.2943,913390.0,569910.0,230.32,166.96,0,NO,210.44,200.31,194.33,200.9,199.35,,7726,0.0,871032.0,NO,NO,2011-01-12,67149578.0
2480,GQI,59.81,60.45,14690.0,ETF,ETF,47.0,46.0,55.0,52.0,0.3373,0.2703,22234.0,22540.0,60.88,53.47,0,NO,60.25,59.57,57.83,59.79,58.11,,680,0.0,20488.0,NO,NO,2026-01-06,845300.0
2481,ETD,23.96,23.65,585997.0,Consumer Cyclical,"Furnishings, Fixtures & Appliances",47.0,83.0,88.0,57.0,0.6007,0.5386,593903.0,616820.0,30.8,18.28,609185408,NO,23.32,22.77,22.57,22.87,22.12,,8423,0.0,954461.0,NO,NO,1993-03-16,10505700.0
2482,MNSBP,25.85,25.85,104.0,Financial Services,Banks - Regional,47.0,33.0,57.0,45.0,0.4091,0.3655,1263.0,1300.0,27.74,23.22,0,NO,25.6,25.29,24.98,25.44,25.13,,1495,0.0,200.0,NO,NO,2021-10-15,161400.0
2483,ETV,15.23,15.37,108733.0,Financial Services,Asset Management,47.0,74.0,58.0,48.0,0.187,0.1827,155414.0,164320.0,15.49,13.13,1777728384,NO,15.13,14.95,14.55,15.02,14.61,,5327,0.0,124675.0,NO,NO,2022-01-24,1863900.0
2484,SAWS,23.23,23.364,65571.0,ETF,ETF,47.0,11.0,42.0,42.0,0.2663,0.1296,4073.0,1970.0,26.05,19.77,0,NO,24.18,24.66,22.87,24.38,23.43,,523,0.0,65614.0,NO,NO,2026-01-14,152600.0
2485,CWB,100.86,102.19,272679.0,ETF,ETF,47.0,29.0,13.0,58.0,1.6521,1.44,731842.0,360010.0,112.02,85.37,0,NO,104.09,104.12,98.1,103.36,100.88,,4371,0.0,419991.0,NO,NO,2023-03-14,18483100.0
2486,TSME,46.51,47.214,41246.0,ETF,ETF,47.0,15.0,25.0,42.0,0.8391,0.6128,93085.0,195410.0,52.37,38.38,0,NO,49.45,49.48,45.7,48.98,46.89,,979,0.0,43995.0,NO,NO,2025-09-22,3145200.0
2487,SPIN,33.3,33.53,1504.0,ETF,ETF,47.0,66.0,56.0,47.0,0.1541,0.0627,3307.0,2270.0,33.74,29.64,0,NO,33.44,32.68,32.16,32.93,32.06,,497,0.0,4700.0,NO,NO,2025-10-22,650500.0
2488,GDMA,41.79,42.34,4863.0,ETF,ETF,47.0,23.0,37.0,29.0,0.4186,0.2736,16714.0,8340.0,44.04,35.5,0,NO,42.64,42.31,41.25,42.2,41.82,,1956,0.0,5310.0,NO,NO,2025-04-01,1202200.0
2489,SSCP,26.09,26.18,1196.0,ETF,ETF,47.0,58.0,67.0,,0.3318,0.1689,5287.0,1450.0,27.06,23.82,0,NO,26.42,25.99,,26.08,,,76,0.0,1301.0,NO,NO,2026-08-05,118500.0
2490,TRUM,25.73,26.02,813.0,ETF,ETF,47.0,75.0,,,0.2372,0.0786,243.0,220.0,26.52,24.46,0,NO,25.91,,,,,,39,0.0,1214.0,NO,YES,2026-09-01,1214.0
2491,GSGO,43.25,44.09,55664.0,ETF,ETF,47.0,56.0,18.0,73.0,0.5202,0.2544,8230.0,8750.0,45.65,35.01,0,NO,44.57,43.89,,43.96,41.77,,197,0.0,57764.0,NO,NO,2026-03-31,142700.0
2492,NVDU,133.73,138.53,232615.0,ETF,ETF,47.0,91.0,8.0,86.0,8.2679,5.9124,386415.0,430720.0,172.89,86.02,0,NO,137.75,127.23,122.16,131.23,123.79,,744,0.0,250149.0,NO,NO,2025-01-27,5833400.0
2493,QMID,30.69,30.478,6.0,ETF,ETF,47.0,54.0,64.0,47.0,0.1968,0.0303,355.0,260.0,31.05,26.33,0,NO,30.66,29.87,28.81,30.05,28.92,,652,0.0,6.0,NO,NO,2024-05-28,96300.0
2494,QLTI,27.41,27.753,15698.0,ETF,ETF,47.0,55.0,65.0,36.0,0.1986,0.1039,17853.0,4450.0,28.2,24.22,0,NO,27.86,27.22,26.59,27.34,26.63,,460,0.0,15907.0,NO,NO,2025-12-09,2363600.0
2495,NXG,55.47,55.98,46977.0,Financial Services,Asset Management,47.0,15.0,17.0,41.0,1.4236,1.3075,108701.0,100230.0,65.78,45.8,406751968,NO,58.69,59.69,55.06,59.3,57.14,,3501,0.0,56704.0,NO,NO,2026-07-17,453100.0
2496,GOODO,21.02,21.155,1699.0,Finance,Real estate investment trusts,47.0,60.0,69.0,50.0,0.2255,0.2146,5469.0,8600.0,22.2,19.42,0,NO,20.87,20.47,20.26,20.6,20.24,,1304,0.0,2156.0,NO,NO,2021-06-22,893600.0
2497,RISN,31.56,31.563,228.0,ETF,ETF,47.0,59.0,55.0,46.0,0.2428,0.1509,18260.0,8390.0,32.25,28.16,0,NO,31.51,31.13,30.05,31.28,30.28,,1538,0.0,1745.0,NO,NO,2020-07-17,2471500.0
2498,BMRC,26.34,26.58,90779.0,Financial Services,Banks - Regional,47.0,6.0,68.0,55.0,0.7264,0.7221,158788.0,159370.0,30.92,22.5,426556480,NO,27.77,28.08,26.62,28.05,26.59,,6711,0.0,134624.0,NO,NO,2009-06-26,1549000.0
2499,NCZ,15.22,15.41,37443.0,Financial Services,Asset Management,46.0,26.0,20.0,50.0,0.2436,0.2157,62674.0,40020.0,16.17,12.95,289620480,NO,15.71,15.55,14.77,15.56,15.1,,5810,0.0,46144.0,NO,NO,2015-12-31,5611925.0
2500,MHO,146.83,148.81,145523.0,Consumer Cyclical,Residential Construction,46.0,42.0,74.0,48.0,4.0393,3.3071,235630.0,184380.0,163.66,116.78,3712307712,NO,150.91,151.25,137.18,150.31,139.43,,8261,0.0,248141.0,NO,NO,2009-05-20,4944100.0
2501,JAPN,25.22,25.783,1336.0,ETF,ETF,46.0,50.0,86.0,64.0,0.3219,0.1721,4811.0,2950.0,29.09,21.98,0,NO,25.49,24.44,24.21,24.76,23.69,,327,0.0,1336.0,NO,NO,2025-05-20,71900.0
2502,RSSB,30.67,31.04,75214.0,ETF,ETF,46.0,59.0,36.0,51.0,0.2756,0.1894,68844.0,65350.0,32.29,26.3,0,NO,31.17,30.71,29.5,30.76,29.81,,686,0.0,75355.0,NO,NO,2024-06-24,2087000.0
2503,MXF,21.66,21.73,27576.0,Financial Services,Asset Management,46.0,24.0,26.0,20.0,0.5053,0.501,37380.0,35220.0,23.0,17.81,312337184,NO,21.68,21.63,21.25,21.67,21.64,,11402,0.0,28797.0,NO,NO,2001-03-08,3152200.0
2504,MSFX,25.26,25.91,47791.0,ETF,ETF,46.0,91.0,82.0,93.0,0.8765,0.8147,272217.0,59640.0,39.37,12.9,0,NO,24.61,19.53,21.09,20.95,18.73,,661,0.0,56967.0,NO,NO,2026-07-30,1288400.0
2505,XSMO,82.86,83.66,320675.0,ETF,ETF,46.0,13.0,18.0,46.0,1.1943,0.9518,257900.0,314810.0,93.68,68.59,0,NO,87.31,88.29,81.52,87.44,84.47,,5408,0.0,352472.0,NO,NO,2024-09-10,6460300.0
2506,TPL,367.77,374.34,144753.0,Energy,Oil & Gas E&P,46.0,7.0,50.0,2.0,15.33,14.7921,387615.0,386120.0,547.2,269.23,25384060928,NO,365.98,388.7,390.91,386.52,421.74,,11709,0.0,262816.0,NO,NO,2024-11-25,13709100.0
2507,STNC,36.04,36.015,411.0,ETF,ETF,46.0,20.0,51.0,37.0,0.2774,0.0917,1652.0,910.0,38.53,31.6,0,NO,36.99,37.08,35.32,36.87,36.07,,1372,0.0,411.0,NO,NO,2024-01-11,142700.0
2508,XXX,21.64,21.7,254.0,ETF,ETF,46.0,86.0,63.0,65.0,0.3538,0.1036,1147.0,1830.0,22.05,18.22,0,NO,20.66,20.16,,20.42,20.04,,147,0.0,254.0,NO,NO,2026-06-10,13500.0
2509,NSIV,26.07,26.21,9.0,ETF,ETF,46.0,27.0,,,0.1,0.0336,80510.0,1280.0,26.45,25.09,0,NO,26.21,,,,,,37,0.0,100.0,NO,NO,2026-07-09,2823600.0
2510,BRES,26.71,27.01,2367.0,ETF,ETF,46.0,37.0,44.0,54.0,0.2043,0.0943,14717.0,5660.0,28.02,23.22,0,NO,27.48,27.17,,27.19,26.15,,143,0.0,2707.0,NO,NO,2026-06-16,251100.0
2511,JGRW,28.12,28.404,12275.0,ETF,ETF,46.0,54.0,61.0,60.0,0.1681,0.0775,8833.0,5860.0,28.96,23.59,0,NO,28.49,27.72,26.73,27.93,26.67,,514,0.0,12288.0,NO,NO,2025-05-09,1431100.0
2512,AQEC,25.92,26.081,35235.0,ETF,ETF,46.0,68.0,75.0,43.0,0.1727,0.1131,25490.0,42490.0,26.57,23.01,0,NO,26.01,25.22,,25.52,24.73,,196,0.0,37717.0,NO,NO,2025-12-12,422300.0
2513,FRME,40.83,41.47,176630.0,Financial Services,Banks - Regional,46.0,11.0,66.0,50.0,0.6489,0.6475,423995.0,320110.0,45.33,34.66,2564810240,NO,42.49,42.96,40.1,42.83,40.94,,9368,0.0,326759.0,NO,NO,2026-06-26,1955000.0
2514,L,108.37,108.29,409616.0,Financial Services,Insurance - Property & Casualty,46.0,9.0,70.0,25.0,1.7294,1.6229,794087.0,619740.0,121.01,95.1,22153832448,NO,112.28,113.83,108.72,113.68,110.08,,11709,0.0,843136.0,NO,NO,1982-09-24,115119000.0
2515,ORI,41.69,41.73,505742.0,Financial Services,Insurance - Property & Casualty,46.0,16.0,87.0,24.0,0.6657,0.6321,1368587.0,1050810.0,46.76,36.65,10065338368,NO,42.44,42.02,41.57,42.25,40.79,,11709,0.0,934991.0,NO,NO,2011-12-07,31345100.0
2516,STEW,18.43,18.46,39014.0,Financial Services,Asset Management,46.0,36.0,76.0,50.0,0.1889,0.1818,80758.0,62210.0,19.05,16.55,1777899136,NO,18.58,18.32,17.94,18.38,17.84,,11709,0.0,48565.0,NO,NO,2006-02-21,1950100.0
2517,FLSW,43.16,43.64,12379.0,ETF,ETF,46.0,24.0,49.0,29.0,0.4456,0.2791,7768.0,13320.0,45.33,37.31,0,NO,44.18,43.76,42.41,43.84,42.97,,2151,0.0,12533.0,NO,NO,2020-01-31,928000.0
2518,MLPI,54.82,54.94,327167.0,ETF,ETF,46.0,55.0,52.0,25.0,0.8306,0.7867,358088.0,356030.0,58.47,49.15,0,NO,54.2,54.91,,54.79,55.54,,175,0.0,349861.0,NO,NO,2026-07-27,701700.0
2519,FYEE,30.06,30.25,73083.0,ETF,ETF,46.0,60.0,52.0,49.0,0.1821,0.1618,87390.0,138630.0,30.45,26.29,0,NO,30.13,29.54,28.95,29.72,28.97,,599,0.0,80212.0,NO,NO,2026-04-16,382000.0
2520,FPWR,36.75,36.701,5059.0,ETF,ETF,46.0,29.0,55.0,25.0,0.282,0.2247,7545.0,5210.0,38.28,31.85,0,NO,36.96,37.27,36.24,37.18,37.31,,1766,0.0,5064.0,NO,NO,2024-06-14,136300.0
2521,KHC,25.78,25.67,9159051.0,Consumer Defensive,Packaged Foods,46.0,44.0,81.0,55.0,0.6639,0.5736,14276807.0,15040540.0,28.09,21.04,30576465920,NO,25.32,25.2,24.01,25.5,24.02,,2806,0.32,13928864.0,YES,NO,2019-02-22,135204800.0
2522,CPRA,27.86,27.895,111.0,ETF,ETF,46.0,48.0,54.0,50.0,0.0418,0.0275,803.0,670.0,27.94,25.88,0,NO,27.89,27.77,27.11,27.8,27.4,,356,0.0,111.0,NO,NO,2026-04-01,146800.0
2523,RIFR,28.32,28.598,6917.0,ETF,ETF,46.0,23.0,59.0,25.0,0.2366,0.1741,4711.0,3890.0,29.34,25.07,0,NO,28.75,28.81,27.82,28.82,28.57,,326,0.0,7068.0,NO,NO,2025-06-10,394100.0
2524,VLTO,97.0,98.57,1085114.0,Industrials,Pollution & Treatment Controls,46.0,71.0,88.0,36.0,1.9142,1.8044,1934525.0,1565970.0,109.86,80.03,23646736384,NO,97.95,94.19,93.45,95.55,90.84,,729,0.0,1770430.0,NO,NO,2023-10-05,15351900.0
2525,QQH,82.79,84.13,13415.0,ETF,ETF,46.0,74.0,15.0,69.0,1.2199,0.9447,78201.0,34250.0,89.64,68.57,0,NO,84.25,83.05,78.98,83.08,79.6,,1731,0.0,14356.0,NO,NO,2019-10-14,774000.0
2526,NOVTU,60.85,62.25,7279.0,Technology,Scientific & Technical Instruments,46.0,42.0,9.0,34.0,3.0743,2.75,38766.0,19130.0,76.95,47.57,0,NO,65.09,64.35,59.95,64.23,61.68,,203,0.0,9439.0,NO,NO,2025-11-07,4630600.0
2527,KNSL,373.08,373.9,120001.0,Financial Services,Insurance - Property & Casualty,46.0,77.0,92.0,15.0,9.825,8.8131,296580.0,176530.0,485.0,287.2,8498288128,NO,376.98,354.57,358.29,363.57,345.23,,2537,0.0,196484.0,NO,NO,2016-07-28,4916500.0
2528,FXA,70.74,70.99,2892.0,ETF,ETF,46.0,58.0,43.0,40.0,0.2851,0.1501,10584.0,6960.0,72.02,63.66,0,NO,70.35,69.49,68.89,69.84,69.97,,5077,0.0,2955.0,NO,NO,2011-09-23,2744800.0
2529,TFFI,20.71,20.58,11461.0,ETF,ETF,46.0,69.0,68.0,49.0,0.1204,0.0896,9195.0,23070.0,20.97,19.0,0,NO,20.27,20.1,,20.21,,,131,0.24,11594.0,NO,NO,2026-02-27,867800.0
2530,METD,16.52,16.73,520997.0,ETF,ETF,46.0,14.0,40.0,53.0,0.5296,0.5041,561347.0,427830.0,19.54,13.62,0,NO,16.67,16.4,16.31,16.29,16.49,,557,0.0,618856.0,NO,NO,2026-01-29,4344200.0
2531,FLAG,28.74,28.792,57.0,ETF,ETF,46.0,56.0,60.0,46.0,0.1591,0.0269,367.0,340.0,29.02,25.57,0,NO,28.81,28.14,27.61,28.36,27.59,,344,0.0,200.0,NO,NO,2025-05-29,5300.0
2532,AOR,69.35,69.74,265445.0,ETF,ETF,46.0,57.0,41.0,48.0,0.3432,0.2515,298393.0,311750.0,70.49,62.17,0,NO,69.92,69.21,67.16,69.31,67.88,,4471,0.0,298025.0,NO,NO,2023-01-23,3553200.0
2533,GSKH,70.6,69.857,213.0,ETF,ETF,46.0,24.0,57.0,9.0,1.0346,0.3743,393.0,420.0,85.03,55.03,0,NO,71.1,72.08,73.13,71.88,74.52,,413,0.0,324.0,NO,NO,2025-02-12,7500.0
2534,FXP,20.51,20.3,864.0,ETF,ETF,46.0,82.0,23.0,50.0,0.4607,0.3028,4184.0,3750.0,26.2,15.8,0,NO,20.14,21.55,19.62,21.18,20.71,,4731,0.0,1382.0,NO,NO,2024-10-02,263350.0
2535,EUAD,43.5,44.37,116269.0,ETF,ETF,46.0,17.0,76.0,16.0,0.7833,0.5971,211757.0,112580.0,48.44,37.62,0,NO,46.54,44.26,43.26,44.68,43.06,,465,0.0,121114.0,NO,NO,2026-01-20,2799100.0
2536,VDIG,63.4,63.742,1364.0,ETF,ETF,46.0,42.0,60.0,50.0,0.3161,0.2221,8993.0,8320.0,65.31,55.63,0,NO,64.42,63.45,,63.7,61.33,,196,0.0,7363.0,NO,NO,2025-12-30,52900.0
2537,BRSM,25.97,26.28,13.0,ETF,ETF,46.0,50.0,,,0.1543,0.03,20552.0,710.0,26.65,24.06,0,NO,26.2,25.82,,25.9,,,60,0.0,1500.0,NO,NO,2026-06-04,802600.0
2538,CPK,132.41,133.54,100239.0,Utilities,Utilities - Regulated Gas,46.0,37.0,81.0,23.0,2.5439,2.4204,191263.0,147930.0,140.83,118.88,3191936000,NO,134.43,131.31,128.92,132.44,129.27,,11709,0.0,144088.0,NO,NO,2020-09-30,3359600.0
2539,ON,72.71,74.09,3362058.0,Technology,Semiconductors,46.0,7.0,1.0,76.0,2.825,2.4029,11074615.0,6809660.0,134.92,44.56,28295677952,NO,77.25,86.15,77.95,82.63,86.06,,6623,0.0,7704548.0,NO,NO,2022-06-17,93180900.0
2540,OVL,56.5,56.99,243528.0,ETF,ETF,46.0,55.0,25.0,57.0,0.5002,0.4098,141707.0,216580.0,58.91,48.42,0,NO,57.72,56.87,54.68,56.97,55.18,,1738,0.0,261945.0,NO,NO,2023-01-23,2547600.0
2541,AIO,25.8,26.26,39909.0,Financial Services,Asset Management,46.0,67.0,18.0,74.0,0.4651,0.4088,74382.0,71350.0,28.6,20.91,888527232,NO,26.21,26.37,24.27,26.09,24.95,,1718,0.0,42625.0,NO,NO,2019-10-29,1904000.0
2542,GBLI,29.31,29.57,5014.0,Financial Services,Insurance - Property & Casualty,46.0,79.0,77.0,46.0,0.9836,0.8943,7596.0,4980.0,30.52,24.28,429116384,NO,27.92,26.93,27.67,27.33,27.45,,5712,0.0,10616.0,NO,NO,2003-12-16,2079000.0
2543,FTXG,23.2,23.124,789.0,ETF,ETF,46.0,59.0,71.0,27.0,0.2469,0.1487,11383.0,6910.0,23.95,20.43,0,NO,23.08,22.9,22.31,23.01,22.66,,2486,0.33,2205.0,NO,NO,2023-09-08,44804300.0
2544,XLVI,26.58,26.92,113104.0,ETF,ETF,46.0,46.0,76.0,36.0,0.2349,0.2153,23363.0,32380.0,27.35,24.2,0,NO,26.96,26.54,26.01,26.65,25.81,,274,0.0,119800.0,NO,NO,2025-12-04,186100.0
2545,GOODN,23.12,23.603,1557.0,Real Estate,REIT - Diversified,46.0,51.0,64.0,41.0,0.4095,0.3425,2400.0,2090.0,23.91,20.91,0,NO,23.55,23.06,22.71,23.14,22.72,,1741,0.0,1973.0,NO,NO,2019-09-26,938200.0
2546,DGS,64.02,64.27,32889.0,ETF,ETF,46.0,79.0,22.0,38.0,0.6286,0.4093,42534.0,28310.0,66.9,54.97,0,NO,63.68,63.3,61.78,63.25,63.25,,4738,0.0,36994.0,NO,NO,2017-09-28,2757900.0
2547,RDN,35.88,35.86,377138.0,Financial Services,Insurance - Specialty,45.0,7.0,74.0,45.0,0.6136,0.6121,1245179.0,946520.0,41.05,31.5,4746971648,NO,36.87,37.56,35.4,37.59,35.63,,8516,0.0,704614.0,NO,NO,2010-05-06,70617100.0
2548,AMPH,22.9,22.53,188649.0,Healthcare,Drug Manufacturers - Specialty & Generic,45.0,91.0,93.0,66.0,0.6921,0.6543,488765.0,318590.0,31.26,16.65,974118912,NO,21.13,20.3,22.59,20.49,20.62,,3064,0.27,349054.0,NO,NO,2016-09-21,6087500.0
2549,AMH,33.3,33.3,1002583.0,Real Estate,REIT - Residential,45.0,43.0,66.0,74.0,0.4936,0.4371,2205306.0,1655550.0,35.61,27.22,13649350656,NO,34.12,33.75,31.68,33.81,31.79,,3290,0.21,1977939.0,NO,NO,2024-02-29,53186700.0
2550,DDLS,45.91,46.14,10588.0,ETF,ETF,45.0,68.0,51.0,33.0,0.3046,0.2456,17976.0,9310.0,47.03,40.57,0,NO,45.95,45.15,44.52,45.36,45.05,,2602,0.0,11117.0,NO,NO,2025-03-04,431800.0
2551,AAPR,29.75,29.776,1427.0,ETF,ETF,45.0,50.0,52.0,50.0,0.051,0.0364,3830.0,1240.0,29.87,27.59,0,NO,29.76,29.6,28.98,29.64,29.28,,607,0.0,1531.0,NO,NO,2024-04-01,401700.0
2552,SCDV,26.6,26.84,9557.0,ETF,ETF,45.0,15.0,59.0,27.0,0.2738,0.1437,8201.0,6920.0,28.52,23.31,0,NO,27.86,27.63,26.12,27.61,26.73,,429,0.0,9793.0,NO,NO,2025-01-28,93600.0
2553,IYR,102.18,102.63,4183982.0,ETF,ETF,45.0,20.0,63.0,40.0,1.07,0.9207,5385380.0,3948010.0,108.17,92.45,0,NO,104.26,104.37,99.67,104.62,101.72,,6589,0.0,7096957.0,NO,NO,2008-11-24,93279100.0
2554,TJAN,28.49,28.535,1614.0,ETF,ETF,45.0,52.0,57.0,50.0,0.0224,0.0182,1841.0,2520.0,28.56,26.51,0,NO,28.46,28.31,27.69,28.35,27.88,,416,0.0,1626.0,NO,NO,2025-06-16,658000.0
2555,VMI,467.29,469.66,87230.0,Industrials,Conglomerates,45.0,19.0,9.0,43.0,11.965,11.1257,219666.0,161970.0,585.71,360.41,9020966912,NO,487.34,513.74,466.7,502.49,485.67,,13495,0.0,147762.0,NO,NO,2008-06-18,2167900.0
2556,XLP,85.26,84.98,7379855.0,ETF,ETF,45.0,46.0,67.0,21.0,1.1114,0.8598,11084222.0,9035150.0,90.14,75.16,0,NO,85.57,84.9,83.17,85.1,84.66,,6964,0.0,9238776.0,YES,NO,2015-08-24,68723800.0
2557,SFLR,38.62,38.92,207796.0,ETF,ETF,45.0,52.0,39.0,53.0,0.4256,0.4026,220812.0,206270.0,40.12,34.66,0,NO,38.96,38.65,37.37,38.73,37.6,,954,0.0,245836.0,NO,NO,2026-05-20,5981500.0
2558,BTCK,25.96,25.96,9.0,ETF,ETF,45.0,72.0,,,0.8079,0.5214,2126.0,400.0,29.18,22.18,0,NO,25.44,24.58,,24.92,,,60,0.0,1600.0,NO,NO,2026-06-04,54800.0
2559,JTEK,98.54,101.32,765825.0,ETF,ETF,45.0,75.0,10.0,80.0,2.1237,1.4619,293892.0,249540.0,111.82,75.25,0,NO,100.84,101.1,93.73,100.18,95.39,,728,0.0,778437.0,NO,NO,2023-11-21,1925100.0
2560,FMET,38.41,38.723,736.0,ETF,ETF,45.0,71.0,18.0,79.0,0.4337,0.2384,3743.0,4050.0,40.25,30.14,0,NO,38.62,37.6,35.95,37.88,35.98,,1094,0.0,879.0,NO,NO,2025-06-24,114300.0
2561,CWS,71.36,71.875,1039.0,ETF,ETF,45.0,37.0,72.0,44.0,0.6137,0.4885,5401.0,2430.0,74.05,63.09,0,NO,72.85,70.43,68.66,70.94,68.47,,2499,0.0,1506.0,NO,NO,2016-11-21,154800.0
2562,XLG,62.1,62.49,560799.0,ETF,ETF,45.0,67.0,21.0,64.0,0.5129,0.4361,1481323.0,1008120.0,64.77,52.6,0,NO,62.62,61.49,59.75,61.75,60.06,,5361,0.0,674464.0,NO,NO,2026-03-12,17335200.0
2563,IYJ,158.68,161.2,132836.0,ETF,ETF,45.0,18.0,55.0,28.0,1.719,1.3432,83111.0,75180.0,171.25,138.9,0,NO,166.44,164.83,156.33,164.74,158.94,,6571,0.0,150815.0,NO,NO,2014-02-10,17215800.0
2564,DFAL,51.25,51.65,75351.0,ETF,ETF,45.0,61.0,,,0.4857,0.3821,229953.0,71860.0,54.11,48.63,0,NO,51.83,,,51.04,,,49,0.0,75356.0,NO,NO,2026-07-22,7681900.0
2565,FPAA,25.54,25.72,20539.0,ETF,ETF,45.0,50.0,,,0.2321,0.1811,21394.0,10660.0,26.67,24.43,0,NO,25.83,25.32,,25.44,,,59,0.0,21138.0,NO,NO,2026-06-11,247600.0
2566,FLMX,36.73,37.29,1879.0,ETF,ETF,45.0,22.0,22.0,15.0,0.4629,0.4106,10101.0,12840.0,40.03,30.02,0,NO,37.07,36.95,36.72,36.98,37.45,,2215,0.0,1939.0,NO,NO,2025-06-20,594700.0
2567,FPX,178.32,180.17,15462.0,ETF,ETF,45.0,49.0,13.0,57.0,3.5679,2.5386,50904.0,33290.0,206.18,146.02,0,NO,183.77,187.54,175.22,185.37,179.69,,5099,0.0,16620.0,NO,NO,2015-08-24,1013000.0
2568,REAI,21.57,21.323,25.0,ETF,ETF,45.0,25.0,42.0,38.0,0.1212,0.01,246.0,130.0,21.95,18.3,0,NO,21.63,21.51,20.57,21.54,21.17,,807,0.0,25.0,NO,NO,2025-07-29,140900.0
2569,MCO,496.81,504.64,684111.0,Financial Services,Financial Data & Stock Exchanges,45.0,73.0,75.0,57.0,11.0457,10.82,893441.0,692820.0,546.88,402.28,86038044672,NO,491.69,484.78,472.71,490.83,461.33,,8011,0.0,971419.0,NO,NO,1996-01-10,43545600.0
2570,TPAY,53.58,54.46,162.0,ETF,ETF,45.0,56.0,31.0,56.0,0.2579,0.1036,877.0,890.0,55.19,46.5,0,NO,54.48,53.71,,53.88,,,134,0.0,700.0,NO,NO,2026-07-14,7500.0
2571,RNST,39.96,40.91,335956.0,Financial Services,Banks - Regional,45.0,7.0,51.0,45.0,0.9464,0.92,678758.0,551770.0,44.54,33.04,3653436416,NO,42.37,42.81,39.28,42.52,40.42,,8648,0.0,581695.0,NO,NO,2020-10-06,10914400.0
2572,CPNQ,27.68,27.7,6.0,ETF,ETF,45.0,41.0,47.0,47.0,0.035,0.0202,9223.0,2660.0,27.72,25.75,0,NO,27.59,27.45,26.91,27.5,27.11,,436,0.0,2000.0,NO,NO,2025-06-16,678100.0
2573,ENR,20.74,21.78,629541.0,Industrials,Electrical Equipment & Parts,45.0,29.0,85.0,42.0,0.8113,0.787,1038107.0,970710.0,30.29,15.75,1419797760,NO,21.98,21.44,20.02,21.41,20.07,,2821,0.0,1029352.0,NO,NO,2023-09-15,12386500.0
2574,STRA,83.16,82.84,152418.0,Consumer Defensive,Education & Training Services,45.0,61.0,71.0,32.0,2.2971,2.1793,283909.0,210730.0,89.73,69.7,1846780800,NO,82.94,80.99,80.42,81.89,80.17,,7573,0.0,241556.0,NO,NO,2005-05-04,7543600.0
2575,GABF,46.59,46.725,252.0,ETF,ETF,45.0,60.0,72.0,59.0,0.4596,0.3198,4328.0,1620.0,49.8,38.34,0,NO,46.55,45.58,44.86,45.91,44.14,,1080,0.0,800.0,NO,NO,2026-01-15,108400.0
2576,RSG,222.4,220.92,1127545.0,Industrials,Waste Management,45.0,81.0,83.0,25.0,3.6513,3.3241,1494212.0,1487820.0,235.18,196.41,68110954496,NO,216.79,216.51,214.7,217.88,215.39,,7085,0.76,1774948.0,NO,NO,2001-12-13,31271850.0
2577,ITDB,35.17,35.343,13873.0,ETF,ETF,45.0,54.0,48.0,49.0,0.1676,0.1083,16134.0,10550.0,35.65,31.93,0,NO,35.4,35.08,34.05,35.13,34.37,,717,0.0,13936.0,NO,NO,2026-05-06,179500.0
2578,MAYS,42.6,42.23,380.0,Real Estate,Real Estate Services,45.0,84.0,35.0,14.0,0.6057,0.3943,2087.0,1830.0,61.99,37.55,85872224,NO,40.79,39.88,40.78,39.88,41.69,,10507,0.0,2600.0,NO,NO,1993-08-27,254600.0
2579,JSMD,91.28,92.686,24468.0,ETF,ETF,45.0,25.0,20.0,59.0,1.2639,0.9951,70039.0,45770.0,101.7,75.3,0,NO,95.49,96.13,88.6,95.38,90.51,,2644,0.0,26940.0,NO,NO,2026-04-29,454900.0
2580,CPSN,28.09,28.071,2513.0,ETF,ETF,45.0,53.0,57.0,49.0,0.0491,0.0421,2803.0,1130.0,28.11,26.34,0,NO,28.01,27.84,27.28,27.89,27.46,,457,0.0,2924.0,NO,NO,2024-11-01,572400.0
2581,FSBW,42.6,42.3,8008.0,Financial Services,Banks - Regional,45.0,27.0,69.0,56.0,0.8993,0.8929,20842.0,20860.0,45.85,36.66,334927488,NO,42.97,43.16,41.41,43.17,41.4,,3556,0.0,17454.0,NO,NO,2012-07-10,2104600.0
2582,ZAPR,26.93,26.945,4209.0,ETF,ETF,45.0,51.0,56.0,49.0,0.0535,0.0475,13096.0,3200.0,26.99,25.27,0,NO,26.88,26.76,26.24,26.81,26.47,,356,0.0,4278.0,NO,NO,2026-04-06,603000.0
2583,GPIX,55.42,56.21,954628.0,ETF,ETF,45.0,44.0,39.0,56.0,0.3396,0.2446,1022614.0,1095530.0,56.73,48.46,0,NO,56.21,55.56,53.58,55.69,53.99,,712,0.0,1072686.0,NO,NO,2026-05-20,2249100.0
2584,NRP,111.57,112.57,20978.0,Energy,Thermal Coal,45.0,91.0,71.0,15.0,2.4531,2.3102,54788.0,39330.0,128.6,95.51,0,NO,105.76,101.42,109.65,103.0,110.27,,6009,0.0,25561.0,NO,NO,2017-11-17,743600.0
2585,FWONK,97.61,99.95,1293482.0,Communication Services,Entertainment,45.0,27.0,75.0,58.0,2.295,2.239,1991155.0,1549410.0,109.36,80.15,24471654400,NO,102.14,99.06,92.19,100.27,92.24,,3056,0.0,2353888.0,NO,NO,2018-05-03,14561031.0
2586,GRID,175.34,178.39,1124524.0,ETF,ETF,45.0,22.0,11.0,34.0,2.8836,2.1129,651947.0,449190.0,199.99,139.18,0,NO,183.74,183.0,173.92,181.6,181.1,,4221,0.0,1176483.0,NO,NO,2026-02-10,3661800.0
2587,MAUG,33.31,33.37,46.0,ETF,ETF,45.0,30.0,56.0,,0.065,0.0193,203.0,270.0,33.43,31.99,0,NO,33.27,32.85,,32.99,,,83,0.0,100.0,NO,NO,2026-06-25,4100.0
2588,EUO,30.01,29.87,7727.0,ETF,ETF,45.0,34.0,58.0,50.0,0.1786,0.1067,19122.0,14530.0,31.13,26.93,0,NO,29.96,30.4,29.28,30.26,29.62,,4467,0.0,10970.0,NO,NO,2011-10-27,12556300.0
2589,YLDE,56.87,57.65,7058.0,ETF,ETF,45.0,30.0,66.0,36.0,0.3985,0.3113,13633.0,9920.0,58.77,49.4,0,NO,57.56,56.94,55.58,57.19,56.03,,2328,0.0,8145.0,NO,NO,2025-03-11,1004300.0
2590,TBX,29.08,28.95,4982.0,ETF,ETF,45.0,52.0,60.0,54.0,0.1228,0.0749,22730.0,4640.0,29.08,27.43,0,NO,28.79,28.64,28.19,28.7,28.34,,3874,0.0,5168.0,NO,NO,2022-05-20,1506900.0
2591,DOCK,27.05,27.34,23.0,ETF,ETF,45.0,35.0,56.0,,0.2079,0.0271,761.0,100.0,28.52,25.27,0,NO,27.29,27.39,,27.51,,,80,0.0,100.0,NO,NO,2026-05-06,48100.0
2592,ODFL,186.76,199.96,1495152.0,Industrials,Trucking,45.0,4.0,5.0,11.0,6.1455,5.9834,1736096.0,1271570.0,252.03,126.01,38827679744,NO,207.3,216.99,195.44,214.51,210.16,,8774,0.0,2493672.0,NO,NO,2019-12-06,46467600.0
2593,CPSD,27.01,27.05,964.0,ETF,ETF,45.0,52.0,56.0,48.0,0.0302,0.0211,1600.0,1260.0,27.11,25.14,0,NO,27.0,26.85,26.35,26.9,26.52,,437,0.0,984.0,NO,NO,2024-12-02,660000.0
2594,IVSX,26.39,26.07,9.0,ETF,ETF,45.0,72.0,69.0,49.0,0.1961,0.0686,357.0,160.0,26.39,22.42,0,NO,25.8,25.11,,25.34,,,133,0.0,9.0,NO,NO,2026-02-20,102800.0
2595,RCLY,100.81,103.12,565.0,ETF,ETF,45.0,22.0,51.0,49.0,0.1107,0.0,76.0,100.0,103.24,96.37,0,NO,102.51,101.77,,102.07,100.47,,137,0.0,100.0,NO,NO,2026-02-19,3900.0
2596,BOBS,16.26,16.83,344761.0,Consumer Cyclical,Specialty Retail,45.0,21.0,93.0,4.0,0.8618,0.8196,983150.0,604270.0,23.49,9.74,2125625088,NO,17.99,16.65,,16.77,15.04,,143,0.0,544577.0,NO,NO,2026-02-05,15447200.0
2597,OEI,26.35,26.467,121.0,ETF,ETF,44.0,63.0,59.0,48.0,0.1939,0.1531,6520.0,4450.0,26.55,23.88,0,NO,26.22,25.88,25.57,25.98,25.55,,215,0.0,180.0,NO,NO,2025-10-24,499400.0
2598,EMTY,24.5,24.322,189.0,ETF,ETF,44.0,74.0,48.0,63.0,0.2886,0.0404,1022.0,430.0,26.02,21.78,0,NO,23.44,23.77,23.68,23.81,23.67,,2207,0.0,194.0,NO,NO,2022-11-28,173600.0
2599,ZDEK,26.73,26.77,16543.0,ETF,ETF,44.0,51.0,55.0,48.0,0.0309,0.0244,7936.0,2410.0,26.79,24.88,0,NO,26.7,26.55,26.06,26.6,26.22,,437,0.0,16829.0,NO,NO,2025-04-04,995500.0
2600,CPSO,28.21,28.21,224.0,ETF,ETF,44.0,51.0,57.0,49.0,0.0286,0.0203,1169.0,1290.0,28.25,26.6,0,NO,28.15,28.0,27.45,28.05,27.63,,480,0.0,250.0,NO,NO,2024-10-01,465600.0
2601,AMID,35.9,36.527,5781.0,ETF,ETF,44.0,45.0,63.0,50.0,0.3585,0.1782,7798.0,6930.0,37.82,31.22,0,NO,36.89,36.27,34.82,36.35,35.01,,1013,0.0,5816.0,NO,NO,2022-08-17,303000.0
2602,YXI,21.9,21.89,1024.0,ETF,ETF,44.0,73.0,38.0,49.0,0.1521,0.0414,1538.0,1950.0,24.57,18.86,0,NO,21.78,22.47,21.29,22.29,21.95,,4139,0.0,1998.0,NO,NO,2014-07-24,475450.0
2603,SHDG,33.43,33.526,5551.0,ETF,ETF,44.0,62.0,60.0,44.0,0.162,0.0882,8103.0,21440.0,33.79,30.62,0,NO,33.5,33.03,32.41,33.13,32.43,,965,0.0,5625.0,NO,NO,2026-08-26,182700.0
2604,BKGI,44.25,44.33,211972.0,ETF,ETF,44.0,21.0,34.0,21.0,0.3505,0.3059,338382.0,719770.0,46.84,37.5,0,NO,44.61,44.96,43.8,44.88,45.02,,957,0.0,241993.0,NO,NO,2026-08-25,4652000.0
2605,BRO,71.95,72.17,661991.0,Financial Services,Insurance Brokers,44.0,68.0,94.0,35.0,1.7171,1.5671,2621115.0,1578090.0,97.15,53.81,24071870464,NO,71.6,69.07,69.61,70.34,65.89,,11480,0.0,1441818.0,NO,NO,2021-09-17,48381800.0
2606,CRSP,56.67,56.98,644062.0,Healthcare,Biotechnology,44.0,93.0,71.0,14.0,2.9604,2.4927,1644488.0,1863490.0,78.48,44.12,5478605824,NO,55.74,53.54,53.16,53.85,52.73,,2479,0.0,882909.0,NO,NO,2023-12-08,17230200.0
2607,NBGX,29.46,29.749,106.0,ETF,ETF,44.0,62.0,30.0,67.0,0.1843,0.0061,452.0,100.0,30.41,24.6,0,NO,29.88,29.37,28.19,29.45,28.3,,424,0.0,108.0,NO,NO,2024-12-19,400100.0
2608,AJUL,30.26,30.33,13900.0,ETF,ETF,44.0,50.0,54.0,48.0,0.0703,0.0599,30215.0,22560.0,30.48,28.23,0,NO,30.36,30.17,29.52,30.2,29.76,,544,0.0,16185.0,NO,NO,2024-07-25,981700.0
2609,BPYPP,16.15,16.45,6126.0,Real Estate,Real Estate Services,44.0,56.0,59.0,41.0,0.1485,0.1205,14238.0,12090.0,16.73,14.25,0,NO,16.24,15.94,15.61,15.99,15.83,,1877,0.0,6901.0,NO,NO,2019-03-15,2741900.0
2610,CPSA,28.08,28.09,8182.0,ETF,ETF,44.0,49.0,56.0,48.0,0.055,0.0461,8260.0,4090.0,28.16,26.36,0,NO,28.08,27.93,27.34,27.97,27.55,,522,0.0,9637.0,NO,NO,2024-08-01,1027700.0
2611,DIVZ,38.25,38.32,18151.0,ETF,ETF,44.0,39.0,66.0,28.0,0.2371,0.1652,37036.0,25930.0,39.67,34.67,0,NO,38.46,38.34,37.55,38.45,37.97,,1404,0.0,18298.0,NO,NO,2024-05-02,823300.0
2612,TFPM,32.81,33.7,261835.0,Basic Materials,Other Precious Metals & Mining,44.0,90.0,77.0,5.0,1.1706,0.9263,649344.0,671300.0,41.7,26.61,6758959616,NO,32.69,30.36,33.16,31.03,32.73,,1004,0.0,405877.0,NO,NO,2025-05-16,2898100.0
2613,AOCT,27.64,27.635,4202.0,ETF,ETF,44.0,49.0,56.0,48.0,0.0474,0.0353,2493.0,1870.0,27.69,25.93,0,NO,27.57,27.47,26.91,27.5,27.1,,480,0.0,4206.0,NO,NO,2024-10-07,513300.0
2614,RSPA,53.69,54.28,309570.0,ETF,ETF,44.0,40.0,58.0,43.0,0.3627,0.3194,226049.0,275020.0,55.16,49.03,0,NO,54.58,53.96,52.27,54.12,52.67,,533,0.0,319598.0,NO,NO,2025-07-16,1008600.0
2615,RCLR,51.6,51.55,91.0,ETF,ETF,44.0,23.0,51.0,48.0,0.0621,0.0229,568.0,210.0,51.6,48.14,0,NO,51.24,50.87,,51.02,50.24,,138,0.0,100.0,NO,NO,2026-02-24,13100.0
2616,CPNS,28.33,28.404,109503.0,ETF,ETF,44.0,48.0,54.0,49.0,0.0384,0.0344,2804.0,1630.0,28.42,26.6,0,NO,28.34,28.23,27.65,28.26,27.85,,500,0.0,111115.0,NO,NO,2025-01-13,640600.0
2617,ZNOV,27.8,27.83,12101.0,ETF,ETF,44.0,52.0,56.0,49.0,0.0671,0.065,25166.0,20540.0,27.86,26.13,0,NO,27.76,27.6,27.05,27.65,27.23,,457,0.0,13007.0,NO,NO,2024-11-01,1079700.0
2618,OVF,31.64,31.94,25184.0,ETF,ETF,44.0,55.0,32.0,38.0,0.2958,0.1869,22769.0,26850.0,32.76,27.65,0,NO,32.2,31.72,30.89,31.77,31.28,,1738,0.0,27449.0,NO,NO,2024-12-11,106100.0
2619,ROBO,78.75,80.44,186411.0,ETF,ETF,44.0,36.0,9.0,41.0,1.2784,0.9151,217163.0,264360.0,90.51,61.95,0,NO,82.62,81.69,76.99,81.28,79.67,,3233,0.0,194475.0,NO,NO,2017-07-31,5493300.0
2620,CPSP,27.21,27.176,442.0,ETF,ETF,44.0,50.0,54.0,48.0,0.0361,0.0326,2185.0,760.0,27.23,25.47,0,NO,27.13,27.02,26.53,27.06,26.76,,356,0.0,446.0,NO,NO,2025-04-01,321900.0
2621,OHI,46.67,45.72,1074832.0,Real Estate,REIT - Healthcare Facilities,44.0,8.0,64.0,26.0,0.7636,0.7233,2050350.0,1537300.0,52.39,39.26,14901603328,NO,46.93,48.29,46.31,48.49,47.18,,8575,0.59,1791953.0,NO,NO,2021-11-30,17025300.0
2622,BNTX,100.73,101.61,572482.0,Healthcare,Biotechnology,44.0,89.0,83.0,16.0,5.5649,3.6649,1203547.0,2637280.0,124.0,79.52,25333960704,NO,100.56,95.48,97.71,97.71,96.54,,1731,0.0,819598.0,NO,NO,2020-07-23,15899700.0
2623,ZOCT,27.98,27.966,8484.0,ETF,ETF,44.0,51.0,56.0,48.0,0.0366,0.0344,11206.0,5220.0,27.99,26.35,0,NO,27.9,27.75,27.2,27.8,27.39,,480,0.0,8709.0,NO,NO,2025-10-01,1357000.0
2624,XPND,38.56,39.351,2341.0,ETF,ETF,44.0,64.0,14.0,72.0,0.6316,0.3268,4584.0,6310.0,42.34,31.65,0,NO,39.62,39.37,37.04,39.19,37.53,,1308,0.0,2429.0,NO,NO,2023-01-23,647200.0
2625,RBLD,84.76,85.58,1238.0,ETF,ETF,44.0,20.0,20.0,32.0,0.7097,0.2715,7584.0,16190.0,91.07,72.52,0,NO,87.97,88.34,83.6,87.88,86.49,,4494,0.0,1252.0,NO,NO,2012-08-13,385500.0
2626,FXG,65.28,64.95,4033.0,ETF,ETF,44.0,54.0,78.0,16.0,0.6961,0.4782,12465.0,14870.0,69.5,59.67,0,NO,65.47,64.52,63.73,64.86,64.27,,4858,0.31,5009.0,NO,NO,2016-11-28,21516500.0
2627,EVRG,81.44,81.02,1281267.0,Utilities,Utilities - Regulated Electric,44.0,33.0,49.0,19.0,1.2086,1.1757,2042520.0,1998910.0,88.62,70.42,18777391104,NO,82.45,84.43,80.57,84.01,83.0,,13496,0.23,2186997.0,NO,NO,2018-06-04,51172100.0
2628,GEQ,52.17,52.13,7.0,ETF,ETF,44.0,64.0,,,0.3031,0.0843,4205.0,1900.0,52.81,49.29,0,NO,52.34,51.41,,51.59,,,58,0.0,7.0,NO,NO,2026-06-16,59800.0
2629,ZAUG,27.83,27.87,16999.0,ETF,ETF,44.0,47.0,56.0,48.0,0.0604,0.0582,50720.0,86320.0,28.01,25.81,0,NO,27.88,27.7,27.11,27.75,27.3,,522,0.0,17882.0,NO,NO,2024-08-01,1258600.0
2630,NEWTP,25.01,25.001,1022.0,Financial Services,Banks - Regional,44.0,47.0,60.0,46.0,0.4092,0.3384,3307.0,2640.0,27.98,22.51,0,NO,24.95,24.89,24.16,24.95,24.52,,262,0.0,1025.0,NO,NO,2025-08-18,404400.0
2631,TCMD,22.35,22.98,153656.0,Healthcare,Medical Devices,44.0,1.0,14.0,4.0,0.9435,0.9435,286052.0,346920.0,37.77,12.91,506255968,NO,25.11,27.37,26.94,26.85,26.31,,2537,0.0,302610.0,NO,NO,2022-06-17,4963500.0
2632,CPST,28.08,28.126,100402.0,ETF,ETF,44.0,48.0,55.0,47.0,0.0342,0.0268,1653.0,1660.0,28.13,26.45,0,NO,28.05,27.94,27.4,27.98,27.59,,500,0.0,102596.0,NO,NO,2024-09-03,437800.0
2633,JAJL,30.2,30.24,74910.0,ETF,ETF,44.0,50.0,55.0,47.0,0.0734,0.0701,54309.0,54600.0,30.27,28.42,0,NO,30.21,30.06,29.47,30.1,29.67,,544,0.0,87675.0,NO,NO,2024-07-01,2467600.0
2634,SEMG,27.53,27.71,7742.0,ETF,ETF,44.0,58.0,57.0,62.0,0.1697,0.1009,6458.0,4490.0,28.35,23.28,0,NO,27.84,27.15,26.43,27.37,26.23,,326,0.0,7968.0,NO,NO,2025-07-23,1616000.0
2635,VIS,330.62,335.75,148346.0,ETF,ETF,44.0,15.0,28.0,20.0,4.545,3.8854,85480.0,94850.0,362.21,282.03,0,NO,350.28,349.98,329.63,348.1,338.79,,5515,0.0,178549.0,NO,NO,2022-05-10,1796300.0
2636,GXPS,26.64,26.61,26134.0,ETF,ETF,44.0,37.0,63.0,18.0,0.5239,0.3967,27657.0,22040.0,29.63,23.28,0,NO,26.82,26.71,26.32,26.69,26.84,,279,0.0,29176.0,NO,NO,2025-11-03,995400.0
2637,CRAI,173.4,174.5,161994.0,Industrials,Consulting Services,44.0,16.0,89.0,19.0,5.31,5.0821,152517.0,98360.0,227.29,132.17,1088407424,NO,172.14,165.94,170.54,168.72,158.93,,7132,0.0,188885.0,NO,NO,1998-04-24,3292600.0
2638,ZSEP,27.83,27.86,1681777.0,ETF,ETF,44.0,49.0,55.0,48.0,0.0504,0.05,16936.0,70420.0,27.9,26.21,0,NO,27.79,27.68,27.15,27.72,27.33,,500,0.0,1832980.0,NO,NO,2024-09-03,2004100.0
2639,FMCX,37.08,37.075,150.0,ETF,ETF,44.0,52.0,33.0,61.0,0.2076,0.0122,841.0,170.0,37.73,31.29,0,NO,37.15,36.6,35.19,36.63,35.45,,1092,0.0,155.0,NO,NO,2022-06-01,39600.0
2640,NOW,143.98,147.99,12859498.0,Technology,Software - Application,44.0,95.0,84.0,87.0,6.5357,6.0571,23336409.0,18679460.0,194.73,81.24,148850294784,NO,128.41,114.13,119.0,119.22,108.1,,3563,0.0,16619701.0,YES,NO,2019-11-20,189014500.0
2641,VDC,230.0,229.56,89854.0,ETF,ETF,44.0,41.0,67.0,18.0,2.8393,2.0804,155920.0,161430.0,244.33,205.45,0,NO,231.6,229.98,226.22,230.22,230.13,,5682,0.0,119515.0,NO,NO,2020-05-12,2471000.0
2642,RSPS,31.22,31.1,25702.0,ETF,ETF,44.0,55.0,74.0,17.0,0.4,0.2961,72479.0,76110.0,33.37,28.21,0,NO,31.27,30.85,30.34,31.01,30.62,,4983,0.0,32606.0,NO,NO,2016-01-13,6342500.0
2643,CPSY,25.94,26.001,3021.0,ETF,ETF,44.0,51.0,55.0,47.0,0.0341,0.0269,1153.0,630.0,26.05,24.43,0,NO,25.95,25.82,25.38,25.87,25.54,,416,0.0,3036.0,NO,NO,2025-01-02,614800.0
2644,ZHDG,23.92,23.96,2357.0,ETF,ETF,43.0,59.0,43.0,56.0,0.2455,0.2227,5009.0,8500.0,24.49,20.85,0,NO,24.08,23.68,22.92,23.76,22.97,,1294,0.0,2364.0,NO,NO,2022-08-26,443800.0
2645,NGS,35.2,35.2,52627.0,Energy,Oil & Gas Equipment & Services,43.0,15.0,10.0,12.0,1.2067,1.1988,131049.0,126090.0,44.61,25.53,454019648,NO,36.22,38.33,37.25,37.3,38.85,,6002,0.0,88577.0,NO,NO,2005-10-06,3607100.0
2646,THIR,33.96,34.218,19801.0,ETF,ETF,43.0,58.0,26.0,49.0,0.1852,0.1222,41363.0,22140.0,35.0,29.89,0,NO,34.4,34.12,32.92,34.11,33.13,,485,0.0,24968.0,NO,NO,2025-04-01,1925300.0
2647,VNQ,96.12,96.44,3093883.0,ETF,ETF,43.0,20.0,61.0,39.0,1.0107,0.8635,3102426.0,2371650.0,101.8,86.84,0,NO,98.06,98.31,93.96,98.48,95.84,,5515,0.0,3602113.0,NO,NO,2020-02-28,22471800.0
2648,ZJUL,30.17,30.26,5851.0,ETF,ETF,43.0,50.0,55.0,47.0,0.0895,0.0843,61866.0,18880.0,30.38,28.45,0,NO,30.25,30.08,29.49,30.12,29.69,,544,0.0,6162.0,NO,NO,2024-07-01,1627100.0
2649,RNEM,57.07,56.975,84.0,ETF,ETF,43.0,42.0,70.0,35.0,0.2582,0.0177,760.0,310.0,59.01,46.9,0,NO,56.66,56.11,55.94,56.36,55.9,,2299,0.0,84.0,NO,NO,2024-03-06,367700.0
2650,EVTC,29.16,29.63,171055.0,Technology,Software - Infrastructure,43.0,14.0,88.0,46.0,0.9732,0.9354,530284.0,329020.0,35.41,21.81,1796232960,NO,30.23,29.57,28.34,29.93,27.95,,3367,0.0,364322.0,NO,NO,2013-04-12,20216100.0
2651,CPSF,26.54,26.54,395.0,ETF,ETF,43.0,51.0,55.0,46.0,0.0261,0.0136,1147.0,1610.0,26.56,24.85,0,NO,26.49,26.35,25.9,26.39,26.07,,396,0.0,454.0,NO,NO,2025-02-03,417800.0
2652,MKAM,32.27,32.352,120.0,ETF,ETF,43.0,55.0,48.0,51.0,0.0802,0.0081,412.0,450.0,32.56,29.78,0,NO,32.38,32.04,31.27,32.11,31.46,,850,0.0,124.0,NO,NO,2023-04-12,70700.0
2653,FSEG,26.78,27.13,3288.0,ETF,ETF,43.0,39.0,40.0,,0.3423,0.1516,2563.0,1290.0,29.09,25.05,0,NO,27.75,27.61,,27.49,,,85,0.0,3292.0,NO,NO,2026-04-30,199700.0
2654,FSTA,53.58,53.47,55143.0,ETF,ETF,43.0,41.0,67.0,18.0,0.6721,0.4986,119248.0,120910.0,56.93,47.88,0,NO,53.96,53.56,52.7,53.63,53.59,,3231,0.0,67425.0,NO,NO,2018-11-13,3316400.0
2655,ZJAN,28.3,28.34,4283.0,ETF,ETF,43.0,51.0,55.0,47.0,0.0382,0.0331,9157.0,17860.0,28.35,26.61,0,NO,28.28,28.14,27.66,28.19,27.83,,416,0.0,4724.0,NO,NO,2026-01-02,591300.0
2656,ZMAR,28.55,28.573,12620.0,ETF,ETF,43.0,52.0,54.0,46.0,0.0352,0.0311,9900.0,5540.0,28.58,26.77,0,NO,28.51,28.36,27.87,28.41,28.07,,377,0.0,14635.0,NO,NO,2025-03-03,1518800.0
2657,KVUE,18.78,18.88,17412095.0,Consumer Defensive,Household & Personal Products,43.0,20.0,78.0,34.0,0.3304,0.2961,20666228.0,20860870.0,20.82,14.02,36072128512,NO,19.13,19.14,17.91,19.23,18.31,,834,0.0,21751057.0,YES,NO,2023-08-24,372341300.0
2658,FREL,29.17,29.26,236191.0,ETF,ETF,43.0,20.0,60.0,38.0,0.2993,0.2575,282968.0,403200.0,30.92,26.37,0,NO,29.78,29.85,28.53,29.91,29.08,,2909,0.0,282096.0,NO,NO,2026-01-15,8690500.0
2659,MMAY,33.31,33.35,1274.0,ETF,ETF,43.0,48.0,53.0,,0.0507,0.0036,461.0,220.0,33.36,32.04,0,NO,33.25,32.91,,33.02,,,83,0.0,1300.0,NO,NO,2026-06-04,14200.0
2660,ROCQ,54.42,55.51,441766.0,ETF,ETF,43.0,34.0,16.0,,0.5568,0.4004,215138.0,324950.0,58.27,47.19,0,NO,55.54,55.61,,55.4,,,113,0.0,495758.0,NO,NO,2026-08-31,542200.0
2661,CPSR,26.11,26.11,242.0,ETF,ETF,43.0,52.0,55.0,46.0,0.0304,0.021,880.0,700.0,26.13,24.56,0,NO,26.08,25.96,25.53,26.0,25.71,,377,0.0,413.0,NO,NO,2025-03-03,422200.0
2662,ZFEB,26.3,26.295,9558.0,ETF,ETF,43.0,52.0,54.0,46.0,0.0286,0.0223,8052.0,3310.0,26.31,24.65,0,NO,26.25,26.11,25.68,26.15,25.84,,396,0.0,9562.0,NO,NO,2025-02-03,1300400.0
2663,MFEB,33.25,33.32,6.0,ETF,ETF,43.0,28.0,49.0,,0.0429,0.0,142.0,100.0,33.32,31.97,0,NO,33.22,32.89,,33.0,,,83,0.0,100.0,NO,NO,2026-06-25,4100.0
2664,FSCS,37.22,37.502,4248.0,ETF,ETF,43.0,33.0,74.0,32.0,0.2971,0.2224,6809.0,6850.0,38.54,34.3,0,NO,38.09,37.45,36.45,37.59,36.55,,2310,0.0,4325.0,NO,NO,2025-05-07,254700.0
2665,MNVR,33.17,33.26,6.0,ETF,ETF,43.0,25.0,50.0,,0.0264,0.0,146.0,100.0,33.27,31.98,0,NO,33.16,32.86,,32.97,,,83,0.0,100.0,NO,NO,2026-06-25,4100.0
2666,FTV,56.97,58.84,2603493.0,Technology,Scientific & Technical Instruments,43.0,14.0,23.0,25.0,1.12,1.0636,2714912.0,2018450.0,64.56,46.54,17367932928,NO,60.35,60.92,57.94,60.83,59.3,,2554,0.0,4189448.0,NO,NO,2018-09-21,62910152.0
2667,DFGR,28.82,28.94,458656.0,ETF,ETF,43.0,18.0,58.0,39.0,0.2491,0.2134,433100.0,402530.0,30.43,26.02,0,NO,29.42,29.49,28.14,29.53,28.73,,935,0.0,518109.0,NO,NO,2022-12-08,2309800.0
2668,SEPQ,27.2,27.355,13503.0,ETF,ETF,43.0,62.0,17.0,73.0,0.296,0.2777,26552.0,27630.0,29.08,22.12,0,NO,27.68,27.55,26.06,27.44,26.3,,1073,0.0,14125.0,NO,NO,2023-06-21,394600.0
2669,BLDG,26.81,26.98,210.0,ETF,ETF,43.0,14.0,59.0,38.0,0.2411,0.1995,30185.0,3910.0,29.32,23.44,0,NO,27.03,27.15,25.88,27.21,26.25,,1489,0.0,1000.0,NO,NO,2026-06-08,1028900.0
2670,FLSA,33.31,33.43,728.0,ETF,ETF,43.0,78.0,56.0,54.0,0.1851,0.0258,642.0,580.0,35.38,30.88,0,NO,32.97,32.46,32.89,32.45,32.96,,1981,0.0,985.0,NO,NO,2023-02-15,563400.0
2671,NLY,22.65,22.92,3779005.0,Real Estate,REIT - Mortgage,43.0,36.0,72.0,27.0,0.3236,0.3107,7422661.0,5579060.0,24.52,20.0,17073214464,NO,23.09,22.86,22.53,22.88,22.39,,7268,0.0,5474944.0,NO,NO,2022-09-16,75349775.0
2672,DRIV,34.03,34.511,28057.0,ETF,ETF,43.0,63.0,5.0,52.0,0.5739,0.3879,57625.0,25010.0,42.76,25.14,0,NO,35.03,35.43,33.94,34.97,35.24,,2105,0.0,28556.0,NO,NO,2021-01-19,4130100.0
2673,TY,35.41,35.57,25333.0,Financial Services,Asset Management,43.0,57.0,49.0,57.0,0.5807,0.565,33569.0,29980.0,36.55,30.53,1884994176,NO,35.66,35.24,33.91,35.34,34.15,,11709,0.0,29332.0,NO,NO,2006-01-06,2062100.0
2674,DFIN,48.0,48.3,93259.0,Technology,Software - Application,43.0,63.0,90.0,16.0,1.4459,1.4216,290122.0,217700.0,57.37,36.11,1180098432,NO,48.24,46.83,46.67,47.71,45.66,,2496,0.0,216105.0,NO,NO,2017-06-14,5408500.0
2675,VDV,78.82,79.17,15458.0,ETF,ETF,43.0,63.0,52.0,,0.635,0.4229,7563.0,9000.0,80.27,73.5,0,NO,78.97,77.22,,77.71,,,95,0.0,16095.0,NO,NO,2026-06-22,53200.0
2676,CPSJ,27.91,27.95,3460.0,ETF,ETF,43.0,48.0,55.0,47.0,0.0638,0.0466,9063.0,1260.0,28.02,26.32,0,NO,27.94,27.8,27.27,27.84,27.46,,544,0.0,4004.0,NO,NO,2024-07-01,526400.0
2677,MFSG,29.72,30.07,52492.0,ETF,ETF,43.0,60.0,22.0,66.0,0.3089,0.1938,52088.0,44080.0,30.92,24.5,0,NO,30.31,29.85,28.6,29.9,28.78,,434,0.0,55198.0,NO,NO,2026-03-04,1539300.0
2678,FTC,173.86,177.09,12200.0,ETF,ETF,43.0,26.0,17.0,57.0,2.508,1.6369,16280.0,19200.0,194.18,147.94,0,NO,182.23,182.14,169.9,180.41,173.5,,4857,0.0,13917.0,NO,NO,2015-03-03,1200300.0
2679,NMBL,21.09,21.319,243.0,ETF,ETF,43.0,73.0,47.0,48.0,0.1108,0.0334,2563.0,1330.0,22.09,19.05,0,NO,21.2,20.76,20.35,20.85,20.48,,207,0.0,246.0,NO,NO,2026-01-21,120100.0
2680,TDVI,31.04,31.49,82981.0,ETF,ETF,43.0,68.0,10.0,70.0,0.3645,0.3063,123363.0,119180.0,35.57,25.63,0,NO,31.56,31.09,29.47,31.02,30.12,,767,0.0,94757.0,NO,NO,2026-04-24,1149600.0
2681,ENZL,47.38,48.12,64630.0,ETF,ETF,43.0,58.0,60.0,40.0,0.5879,0.4043,92680.0,59040.0,49.04,41.69,0,NO,47.82,46.64,45.62,47.1,45.56,,4022,0.0,77413.0,NO,NO,2018-09-10,894800.0
2682,SAMM,32.13,32.663,1837.0,ETF,ETF,43.0,78.0,19.0,44.0,0.5235,0.1783,4173.0,3640.0,34.15,27.08,0,NO,32.23,31.76,31.17,31.81,31.45,,604,0.0,2143.0,NO,NO,2024-04-09,221900.0
2683,JPFP,51.09,51.62,2038.0,ETF,ETF,43.0,72.0,,,0.4071,0.1971,7635.0,1720.0,51.89,47.79,0,NO,51.16,49.9,,50.27,,,59,0.0,2038.0,NO,NO,2026-07-28,315200.0
2684,NBOS,28.26,28.48,24769.0,ETF,ETF,43.0,47.0,52.0,45.0,0.1466,0.1161,88155.0,57320.0,28.69,26.07,0,NO,28.51,28.25,27.63,28.32,27.78,,650,0.0,28282.0,NO,NO,2026-08-03,1102200.0
2685,XNAV,89.49,90.887,1122.0,ETF,ETF,43.0,58.0,11.0,44.0,0.8734,0.086,1160.0,870.0,100.67,73.48,0,NO,92.04,92.0,88.15,91.32,90.51,,971,0.0,1247.0,NO,NO,2023-05-25,26500.0
2686,CPNM,26.99,27.0,810.0,ETF,ETF,43.0,53.0,52.0,46.0,0.0293,0.0104,712.0,400.0,27.04,25.24,0,NO,26.96,26.84,26.39,26.87,26.59,,377,0.0,1404.0,NO,NO,2025-03-03,137400.0
2687,KSA,38.58,38.8,1252978.0,ETF,ETF,43.0,76.0,57.0,55.0,0.2711,0.1718,511266.0,353230.0,41.5,35.81,0,NO,38.27,37.67,38.15,37.72,38.24,,2754,0.0,1603723.0,NO,NO,2019-05-28,11753300.0
2688,HALX,25.96,25.96,12.0,ETF,ETF,43.0,64.0,62.0,,0.1193,0.0357,2115.0,530.0,26.3,24.53,0,NO,25.87,25.53,,25.66,,,72,0.0,315.0,NO,NO,2026-05-19,37900.0
2689,ARKW,152.87,157.08,28539.0,ETF,ETF,43.0,88.0,36.0,84.0,3.1761,2.5464,72809.0,46920.0,183.0,113.36,0,NO,151.56,146.26,141.41,147.57,138.63,,2997,0.0,32960.0,NO,NO,2021-02-23,6257400.0
2690,CPSL,28.22,28.28,16139.0,ETF,ETF,43.0,49.0,54.0,47.0,0.0636,0.0586,40771.0,45110.0,28.37,26.6,0,NO,28.24,28.1,27.6,28.14,27.78,,496,0.0,29911.0,NO,NO,2025-06-03,658600.0
2691,GATX,172.85,174.93,122397.0,Industrials,Rental & Leasing Services,43.0,19.0,72.0,14.0,3.2708,3.2708,233708.0,187170.0,205.56,150.42,6102479360,NO,178.15,178.76,177.68,178.31,180.04,,13495,0.0,202931.0,NO,NO,2004-01-30,5578900.0
2692,TAPR,26.77,26.765,8.0,ETF,ETF,43.0,20.0,42.0,44.0,0.0258,0.0125,574.0,200.0,26.77,25.38,0,NO,26.7,26.58,26.14,26.63,26.29,,355,0.0,100.0,NO,NO,2025-05-01,95800.0
2693,CTIF,54.22,54.216,4729.0,ETF,ETF,42.0,29.0,63.0,44.0,0.3226,0.0586,5025.0,11110.0,56.17,47.46,0,NO,55.18,53.56,51.9,53.85,52.08,,298,0.0,4736.0,NO,NO,2026-01-13,209700.0
2694,MHY,26.04,26.11,540.0,ETF,ETF,42.0,57.0,61.0,51.0,0.0714,0.0577,18406.0,5730.0,26.2,24.68,0,NO,25.9,25.7,25.28,25.76,25.36,,239,0.0,548.0,NO,NO,2025-09-18,753700.0
2695,BROL,25.98,26.23,1496.0,ETF,ETF,42.0,71.0,,,0.1509,0.0524,3174.0,950.0,26.5,24.26,0,NO,26.17,25.63,,25.77,,,67,0.0,1695.0,NO,NO,2026-07-31,46500.0
2696,PNW,97.43,97.64,607354.0,Utilities,Utilities - Regulated Electric,42.0,17.0,48.0,26.0,1.4629,1.3893,1213914.0,991820.0,111.16,85.32,11807640576,NO,99.53,103.48,98.34,102.77,102.05,,13495,0.0,980749.0,NO,NO,1988-07-25,25707200.0
2697,MNVT,28.9,29.54,15237.0,ETF,ETF,42.0,79.0,6.0,,0.8086,0.6157,30414.0,13190.0,35.35,22.05,0,NO,29.58,28.83,,28.76,,,115,0.0,16630.0,NO,NO,2026-06-05,155000.0
2698,FTS,54.94,55.18,631866.0,Utilities,Utilities - Regulated Electric,42.0,17.0,54.0,23.0,0.7664,0.7643,763119.0,753580.0,59.4,48.64,28066291712,NO,55.83,56.91,55.23,56.76,56.65,,4189,0.0,886872.0,NO,NO,2025-02-14,7646600.0
2699,APAM,41.8,42.57,434166.0,Financial Services,Asset Management,42.0,81.0,84.0,47.0,1.0121,0.955,856509.0,636140.0,47.5,33.96,2967650816,NO,42.56,39.54,39.61,40.12,38.34,,3392,0.0,861881.0,NO,NO,2023-06-16,14238500.0
2700,DRMY,46.47,47.95,20820.0,ETF,ETF,42.0,86.0,,,2.0771,1.1886,11639.0,9160.0,52.74,38.16,0,NO,47.05,,,,,,33,0.0,20890.0,NO,NO,2026-07-24,34300.0
2701,FPXI,69.2,70.312,12100.0,ETF,ETF,42.0,55.0,9.0,48.0,1.4538,0.6678,54322.0,19270.0,86.63,55.75,0,NO,71.98,73.64,68.03,72.0,70.89,,2967,0.0,12806.0,NO,NO,2021-04-05,1021800.0
2702,MSBIP,25.39,25.3,399.0,Financial Services,Banks - Regional,42.0,48.0,45.0,41.0,0.1932,0.1681,5198.0,15210.0,26.06,22.92,0,NO,25.3,25.22,25.12,25.27,25.27,,1005,0.0,6095.0,NO,NO,2022-09-30,535000.0
2703,LALT,24.53,24.43,80401.0,ETF,ETF,42.0,59.0,36.0,34.0,0.1557,0.1493,219723.0,113340.0,25.18,22.1,0,NO,24.33,24.19,24.04,24.24,24.4,,897,0.0,123554.0,NO,NO,2026-06-29,5674200.0
2704,ONEH,25.52,24.53,31192.0,ETF,ETF,42.0,71.0,67.0,45.0,0.2984,0.2984,12103.0,3540.0,26.03,24.11,0,NO,24.72,24.67,,24.72,24.64,,147,0.0,31424.0,NO,NO,2026-08-03,576800.0
2705,RSBT,19.09,19.1,10385.0,ETF,ETF,42.0,67.0,24.0,29.0,0.1054,0.0869,50777.0,41340.0,20.67,16.17,0,NO,18.87,18.97,18.91,18.96,19.09,,893,0.0,11747.0,NO,NO,2024-12-09,695100.0
2706,BPYPM,16.9,17.0,11958.0,Finance,Real estate development,42.0,79.0,36.0,50.0,0.3293,0.3221,24695.0,21540.0,17.9,15.0,0,NO,16.39,16.12,16.14,16.23,16.38,,1280,0.0,13251.0,NO,NO,2021-07-30,2846900.0
2707,GEL,16.43,16.32,131848.0,Energy,Oil & Gas Midstream,42.0,85.0,81.0,12.0,0.3414,0.3371,286930.0,157650.0,18.64,13.75,2007981312,NO,15.85,15.11,16.2,15.38,16.25,,7485,0.8,201590.0,NO,NO,2015-07-17,8651000.0
2708,VRTL,26.92,27.319,67670.0,ETF,ETF,42.0,85.0,0.0,2.0,2.8525,2.3359,211473.0,68870.0,73.0,10.35,0,NO,30.74,36.97,35.49,34.12,41.55,,361,0.0,70632.0,NO,NO,2025-10-22,1792500.0
2709,MAIN,57.99,58.92,356012.0,Financial Services,Asset Management,42.0,82.0,85.0,39.0,0.8571,0.8421,615903.0,401160.0,67.34,48.95,5422088192,NO,58.26,55.03,56.47,56.06,54.52,,4753,0.0,455050.0,NO,NO,2014-06-27,4071200.0
2710,TWOD,26.09,26.01,42067.0,Finance,Real estate investment trusts,42.0,73.0,63.0,44.0,0.1271,0.1225,43974.0,182530.0,26.19,25.05,0,NO,25.52,25.56,25.55,25.62,25.51,,324,0.0,45543.0,NO,NO,2026-08-25,867900.0
2711,SPUT,28.51,28.586,2972.0,ETF,ETF,42.0,54.0,38.0,52.0,0.1203,0.0821,2376.0,920.0,29.93,22.64,0,NO,28.69,28.37,27.68,28.45,27.86,,368,0.0,4472.0,NO,NO,2025-04-04,192500.0
2712,ACFN,19.05,19.14,109217.0,Technology,Scientific & Technical Instruments,42.0,62.0,83.0,7.0,1.2193,1.1793,27511.0,53840.0,32.0,12.42,48286300,NO,19.27,18.67,17.75,19.06,18.25,,8699,0.0,110284.0,NO,NO,2026-08-05,334900.0
2713,ZMAY,26.25,26.26,2980.0,ETF,ETF,42.0,51.0,54.0,46.0,0.053,0.0486,46055.0,6720.0,26.31,24.02,0,NO,26.23,26.09,25.71,26.13,25.87,,335,0.0,3080.0,NO,NO,2026-05-04,2219200.0
2714,DTM,129.04,131.02,425797.0,Energy,Oil & Gas Midstream,42.0,10.0,16.0,13.0,3.9429,3.8407,839541.0,1115080.0,152.88,101.72,13152831488,NO,132.34,139.5,133.5,137.53,139.23,,1297,0.0,739739.0,NO,NO,2021-07-01,23044100.0
2715,NETL,26.15,26.128,2930.0,ETF,ETF,42.0,16.0,57.0,25.0,0.2496,0.2066,11466.0,9280.0,28.43,23.56,0,NO,26.55,26.99,25.79,27.01,26.44,,1871,0.0,3054.0,NO,NO,2022-11-15,568500.0
2716,NIHI,52.37,52.81,40426.0,ETF,ETF,42.0,52.0,58.0,38.0,0.3002,0.2299,43492.0,52770.0,53.5,46.85,0,NO,52.9,52.06,51.2,52.25,51.25,,240,0.0,43120.0,NO,NO,2026-03-03,303800.0
2717,SDVD,22.66,22.89,140663.0,ETF,ETF,42.0,18.0,63.0,27.0,0.3041,0.2434,207985.0,152880.0,24.06,20.55,0,NO,23.56,23.31,22.54,23.35,22.79,,767,0.0,161942.0,NO,NO,2026-04-23,3683500.0
2718,PNFP,96.92,99.97,772193.0,Financial Services,Banks - Regional,42.0,7.0,57.0,52.0,2.1485,2.1321,1229395.0,904040.0,110.33,81.08,14645082112,NO,103.96,102.03,96.34,102.18,96.51,,6544,0.0,1309556.0,NO,NO,2025-12-31,8544800.0
2719,TGRT,45.76,46.31,70512.0,ETF,ETF,42.0,66.0,21.0,66.0,0.5265,0.3339,164600.0,72010.0,47.69,37.6,0,NO,46.62,45.72,44.06,45.9,44.11,,805,0.0,71803.0,NO,NO,2026-06-23,4977900.0
2720,DRKY,21.08,21.059,729.0,ETF,ETF,42.0,82.0,68.0,52.0,0.2597,0.1709,7482.0,7550.0,22.72,18.21,0,NO,21.26,20.71,20.67,20.86,20.19,,225,0.0,10137.0,NO,NO,2026-01-13,433000.0
2721,CVSM,26.19,26.21,6001.0,ETF,ETF,42.0,29.0,58.0,,0.1396,0.0575,2880.0,8200.0,26.96,24.98,0,NO,26.5,26.3,,26.37,,,73,0.0,6003.0,NO,NO,2026-08-26,45700.0
2722,MELI,1954.62,1936.2,244364.0,Consumer Cyclical,Internet Retail,42.0,77.0,86.0,69.0,68.9875,66.6904,444868.0,413420.0,2548.5,1495.0,99092979712,NO,1888.65,1827.86,1861.66,1859.11,1770.15,,4794,0.0,321971.0,NO,NO,2007-08-10,9800300.0
2723,DPRE,25.83,25.83,96.0,ETF,ETF,42.0,19.0,60.0,,0.1636,0.009,2444.0,190.0,27.12,24.89,0,NO,26.25,26.4,,26.41,,,96,0.0,5506.0,NO,NO,2026-04-15,100500.0
2724,VRTS,160.17,165.5,61188.0,Financial Services,Asset Management,42.0,49.0,82.0,77.0,3.4282,3.4125,131249.0,93110.0,203.61,121.61,1070275456,NO,166.38,160.69,151.51,162.98,146.74,,4442,0.0,119722.0,NO,NO,2017-01-27,1283800.0
2725,KNG,50.94,51.17,182077.0,ETF,ETF,42.0,47.0,72.0,26.0,0.4546,0.3983,265933.0,246080.0,53.2,47.68,0,NO,51.81,51.19,50.14,51.37,50.25,,2119,0.0,246236.0,NO,NO,2026-04-23,1720700.0
2726,DEC,15.2,14.89,518278.0,Energy,Oil & Gas Integrated,42.0,91.0,64.0,69.0,0.4089,0.3889,1019506.0,787120.0,18.9,12.33,1076758912,NO,14.41,13.75,14.47,14.1,14.72,,1421,1.88,1029160.0,NO,NO,2026-03-20,8035000.0
2727,TJUL,30.54,30.575,3284.0,ETF,ETF,42.0,51.0,53.0,46.0,0.0401,0.0321,15865.0,1800.0,30.6,28.92,0,NO,30.52,30.37,29.9,30.41,30.04,,784,0.0,3391.0,NO,NO,2024-07-12,1819700.0
2728,ALLW,29.9,30.12,348477.0,ETF,ETF,42.0,68.0,38.0,35.0,0.212,0.1671,567095.0,915980.0,30.5,26.48,0,NO,29.98,29.53,29.26,29.63,29.53,,374,0.0,390768.0,NO,NO,2026-03-20,3077400.0
2729,XLRE,43.94,44.11,4606519.0,ETF,ETF,42.0,27.0,56.0,36.0,0.4701,0.4333,5192609.0,4575220.0,46.45,39.73,0,NO,44.8,44.88,43.02,44.94,43.95,,2740,0.0,6730934.0,NO,NO,2020-04-09,49899800.0
2730,MTX,70.39,70.92,133552.0,Basic Materials,Specialty Chemicals,42.0,8.0,14.0,35.0,1.6643,1.63,238538.0,163320.0,84.34,53.94,2189908480,NO,72.81,73.91,70.29,73.51,73.58,,8521,0.0,181145.0,NO,NO,2022-09-16,6418900.0
2731,RMRC,25.82,25.96,10.0,ETF,ETF,42.0,23.0,51.0,,0.1,0.0207,1892.0,500.0,26.27,23.53,0,NO,25.97,25.64,,25.74,,,130,0.0,100.0,NO,NO,2026-05-14,200300.0
2732,DAX,46.44,47.163,21073.0,ETF,ETF,42.0,57.0,52.0,42.0,0.4808,0.4196,35244.0,21450.0,47.92,40.35,0,NO,47.11,45.61,45.12,45.92,45.02,,2980,0.0,26772.0,NO,NO,2025-03-06,783300.0
2733,RMD,231.35,240.1,559948.0,Healthcare,Medical Instruments & Supplies,42.0,87.0,93.0,11.0,6.3004,6.1946,1507357.0,1463060.0,284.87,180.27,33372772352,NO,227.37,212.2,228.72,215.38,218.16,,7863,0.0,976727.0,NO,NO,2017-07-25,30299300.0
2734,SIM,30.28,30.28,222.0,Basic Materials,Steel,42.0,81.0,38.0,27.0,0.635,0.1979,13634.0,430.0,34.59,25.0,4645418496,NO,29.68,29.48,29.93,29.61,30.12,,8347,0.0,800.0,NO,NO,2007-02-09,4092500.0
2735,AFGR,36.79,37.204,2066.0,ETF,ETF,42.0,52.0,23.0,70.0,0.2857,0.1347,5988.0,2570.0,38.05,30.07,0,NO,37.39,36.67,35.14,36.84,35.14,,1535,0.0,2114.0,NO,NO,2021-06-24,578500.0
2736,VNAM,24.98,24.88,5029.0,ETF,ETF,42.0,80.0,44.0,31.0,0.3269,0.1859,9431.0,12980.0,27.45,21.5,0,NO,24.04,24.13,24.42,24.15,24.5,,1184,0.04,5198.0,NO,NO,2025-04-04,158200.0
2737,TRUO,25.7,25.49,24.0,ETF,ETF,42.0,33.0,,,0.2644,0.0679,616.0,360.0,26.65,24.86,0,NO,25.72,25.59,,25.59,,,62,0.0,24.0,NO,NO,2026-06-08,7400.0
2738,MJUN,32.93,32.98,8.0,ETF,ETF,42.0,32.0,,,0.0579,0.0,727.0,100.0,33.02,31.96,0,NO,32.89,32.53,,32.66,,,54,0.0,100.0,NO,NO,2026-06-15,15500.0
2739,GARA,27.44,27.58,9.0,ETF,ETF,42.0,13.0,26.0,24.0,0.1065,0.0066,155.0,160.0,28.45,25.0,0,NO,27.68,27.7,,27.75,27.62,,172,0.0,100.0,NO,NO,2025-12-22,12200.0
2740,GOLS,26.45,26.81,3666.0,ETF,ETF,42.0,49.0,39.0,46.0,0.3101,0.2565,4923.0,4670.0,27.98,23.65,0,NO,27.26,26.65,,26.74,25.83,,166,0.0,3824.0,NO,NO,2026-02-17,212600.0
2741,CPSM,29.48,29.536,4269.0,ETF,ETF,42.0,50.0,52.0,45.0,0.0367,0.0271,2798.0,1160.0,29.65,27.75,0,NO,29.5,29.37,28.97,29.41,29.15,,585,0.0,4293.0,NO,NO,2024-05-07,1485600.0
2742,MAR,334.02,341.76,967142.0,Consumer Cyclical,Lodging,41.0,5.0,10.0,41.0,6.9607,6.5229,1588242.0,1398810.0,410.98,256.76,87077683200,NO,353.78,365.44,343.71,361.8,358.07,,7155,0.0,1674662.0,NO,NO,2020-03-18,25881800.0
2743,MMAR,32.86,32.94,6.0,ETF,ETF,41.0,29.0,,,0.05,0.0,178.0,100.0,32.96,31.97,0,NO,32.85,32.51,,32.62,,,54,0.0,100.0,NO,NO,2026-06-25,4100.0
2744,NUDG,64.79,64.56,6.0,ETF,ETF,41.0,26.0,,,0.2157,0.0,4027.0,100.0,65.61,61.26,0,NO,64.93,63.58,,63.99,,,61,0.0,100.0,NO,NO,2026-06-05,80300.0
2745,VOYG,33.31,33.63,688959.0,Industrials,Aerospace & Defense,41.0,97.0,2.0,81.0,2.3384,2.1852,2004865.0,1254920.0,52.4,17.41,2032878080,NO,38.59,32.82,30.6,33.2,32.17,,307,0.0,1126195.0,NO,NO,2025-06-11,23157100.0
2746,NCV,16.39,16.71,48752.0,Financial Services,Asset Management,41.0,26.0,18.0,42.0,0.2955,0.2834,67988.0,43690.0,17.65,14.46,0,NO,16.95,16.99,16.26,16.94,16.61,,5893,0.0,51352.0,NO,NO,2019-04-02,1116600.0
2747,THTA,15.69,15.71,26569.0,ETF,ETF,41.0,45.0,54.0,44.0,0.066,0.0578,52052.0,52530.0,16.07,14.6,0,NO,15.65,15.58,15.4,15.6,15.49,,699,0.0,31787.0,NO,NO,2024-06-26,383900.0
2748,VBNB,26.63,26.83,2762.0,ETF,ETF,41.0,92.0,,,0.5503,0.1902,2109.0,3470.0,27.82,21.15,0,NO,24.71,23.19,,23.73,,,65,0.0,2781.0,NO,NO,2026-08-05,24900.0
2749,TRS,38.87,38.78,186680.0,Consumer Cyclical,Packaging & Containers,41.0,20.0,25.0,45.0,0.9746,0.9746,469476.0,417020.0,45.43,30.43,1395493632,NO,39.5,40.65,37.63,40.11,39.14,,4852,0.0,388587.0,NO,NO,2007-05-18,7380279.0
2750,MDLZ,61.56,62.07,4709627.0,Consumer Defensive,Confectioners,41.0,27.0,53.0,43.0,1.1699,1.0563,8942777.0,7140150.0,66.65,51.2,78569529344,NO,62.85,61.44,59.0,61.83,60.42,,6341,0.0,7747544.0,NO,NO,2008-08-01,101679900.0
2751,MDCR,32.82,32.89,6.0,ETF,ETF,41.0,27.0,,,0.04,0.0,169.0,100.0,32.89,31.98,0,NO,32.8,32.49,,32.6,,,54,0.0,100.0,NO,NO,2026-06-25,4100.0
2752,TSRS,26.79,27.003,1045.0,ETF,ETF,41.0,12.0,36.0,28.0,0.1739,0.0491,625.0,540.0,29.0,24.76,0,NO,27.3,27.65,,27.66,27.04,,167,0.0,400.0,NO,NO,2025-12-30,29400.0
2753,RSMV,28.7,28.979,2448.0,ETF,ETF,41.0,54.0,22.0,48.0,0.1396,0.0673,6479.0,3380.0,30.14,25.55,0,NO,29.11,29.1,28.04,28.95,28.27,,409,0.0,2475.0,NO,NO,2025-01-15,4370500.0
2754,RTH,260.83,261.83,4885.0,ETF,ETF,41.0,20.0,61.0,34.0,2.95,2.1129,5230.0,4800.0,275.19,242.88,0,NO,267.73,262.32,259.59,263.02,261.0,,6359,0.0,5297.0,NO,NO,2008-01-23,67092000.0
2755,JFLI,53.88,54.095,1641.0,ETF,ETF,41.0,56.0,36.0,45.0,0.2081,0.1105,4565.0,1930.0,54.99,49.03,0,NO,54.17,53.76,52.39,53.78,52.83,,387,0.0,1697.0,NO,NO,2026-01-07,167200.0
2756,CVNA,71.4,73.46,3780836.0,Consumer Cyclical,Auto & Truck Dealerships,41.0,92.0,58.0,72.0,3.5634,3.2941,10323841.0,9215000.0,97.38,54.46,79144312832,NO,71.67,68.16,72.83,68.72,68.07,,2348,0.0,5618087.0,NO,NO,2023-06-08,878905000.0
2757,IWMI,51.34,51.865,332321.0,ETF,ETF,41.0,30.0,34.0,44.0,0.3832,0.2793,373115.0,460280.0,53.86,45.64,0,NO,52.78,52.75,50.68,52.59,51.08,,548,0.0,367169.0,NO,NO,2025-01-08,991800.0
2758,ZJUN,27.61,27.679,18611.0,ETF,ETF,41.0,49.0,50.0,44.0,0.0548,0.0483,100696.0,13580.0,27.75,26.31,0,NO,27.67,27.52,27.14,27.56,27.3,,314,0.0,22746.0,NO,NO,2026-06-03,1147400.0
2759,GPIQ,55.8,56.98,1469688.0,ETF,ETF,41.0,51.0,16.0,63.0,0.5946,0.4228,1452753.0,1431460.0,59.83,47.72,0,NO,56.93,56.89,54.37,56.67,55.04,,712,0.0,1589267.0,NO,NO,2026-06-09,2597000.0
2760,SSXU,36.15,36.443,4612.0,ETF,ETF,41.0,63.0,42.0,31.0,0.2726,0.1396,3209.0,1490.0,37.41,32.6,0,NO,36.42,35.78,35.56,35.91,35.77,,1045,0.0,4616.0,NO,NO,2023-05-26,225700.0
2761,NBHC,40.56,41.29,158422.0,Financial Services,Banks - Regional,41.0,11.0,38.0,39.0,0.6764,0.6607,420665.0,335350.0,47.28,35.06,1805187840,NO,42.38,43.48,41.13,43.19,42.05,,3505,0.0,362081.0,NO,NO,2016-12-05,4411200.0
2762,EWG,43.47,44.23,565878.0,ETF,ETF,41.0,59.0,45.0,42.0,0.3489,0.2554,998634.0,887210.0,44.85,37.98,0,NO,43.99,42.52,42.18,42.93,42.17,,7663,0.0,794925.0,NO,NO,2016-06-24,46597900.0
2763,NDOW,29.03,29.233,15193.0,ETF,ETF,41.0,50.0,30.0,40.0,0.0894,0.0476,9236.0,21950.0,30.05,26.29,0,NO,29.31,29.23,28.55,29.21,28.84,,576,0.0,24448.0,NO,NO,2024-05-23,509000.0
2764,CPRJ,27.62,27.667,37717.0,ETF,ETF,41.0,44.0,48.0,44.0,0.0746,0.0616,15948.0,4490.0,27.89,26.18,0,NO,27.78,27.69,27.23,27.7,27.42,,544,0.0,37775.0,NO,NO,2024-07-10,1194500.0
2765,ABT,108.96,110.36,4395922.0,Healthcare,Medical Devices,41.0,71.0,93.0,18.0,2.5479,2.3821,11528749.0,7986610.0,137.49,81.97,188542566400,NO,111.24,102.81,106.7,105.5,100.25,,11709,0.0,7095041.0,NO,NO,2026-03-20,81271300.0
2766,AMMO,25.04,25.62,12203.0,ETF,ETF,41.0,27.0,,,0.4719,0.1748,3833.0,4140.0,28.66,24.32,0,NO,27.09,,,,,,33,0.0,15645.0,NO,YES,2026-09-01,15645.0
2767,PNQI,52.01,52.57,10110.0,ETF,ETF,41.0,81.0,68.0,68.0,0.6826,0.5954,47122.0,25660.0,57.22,42.8,0,NO,51.73,49.13,49.42,49.96,47.93,,4582,0.0,12811.0,NO,NO,2015-01-26,2246000.0
2768,BOXX,118.06,118.07,5680871.0,ETF,ETF,41.0,63.0,55.0,41.0,0.04,0.0357,2637868.0,3845810.0,118.08,113.49,0,NO,117.89,117.6,116.27,117.71,116.86,,922,0.0,6483131.0,NO,YES,2026-09-01,6483131.0
2769,RUNN,34.47,34.947,30371.0,ETF,ETF,41.0,59.0,69.0,35.0,0.3576,0.3173,74866.0,64360.0,35.73,31.45,0,NO,35.15,33.89,33.49,34.22,33.32,,810,0.0,33506.0,NO,NO,2026-07-20,1676600.0
2770,GRBK,71.29,72.22,290703.0,Consumer Cyclical,Residential Construction,41.0,47.0,67.0,28.0,1.6818,1.5404,258140.0,316800.0,83.18,60.44,3066232576,NO,71.67,73.25,69.47,72.79,70.46,,4830,0.0,611151.0,NO,NO,2014-03-31,27712195.0
2771,ROMO,34.5,34.73,2144.0,ETF,ETF,41.0,60.0,58.0,45.0,0.1691,0.0641,2187.0,780.0,35.13,30.46,0,NO,34.81,34.11,33.36,34.28,33.34,,1714,0.0,2300.0,NO,NO,2020-05-04,473700.0
2772,DDX,25.3,25.4,13009.0,ETF,ETF,41.0,52.0,48.0,41.0,0.0727,0.0397,7698.0,7760.0,25.52,23.6,0,NO,25.39,25.23,24.81,25.23,24.99,,1242,0.0,13115.0,NO,NO,2022-11-07,83500.0
2773,LADM,32.81,32.8,409.0,ETF,ETF,41.0,56.0,,,0.0639,0.0331,743.0,250.0,32.9,32.02,0,NO,32.74,,,32.51,,,46,0.0,432.0,NO,NO,2026-08-17,15200.0
2774,DRVR,25.4,25.6,533.0,ETF,ETF,41.0,51.0,,,0.1855,0.0643,2531.0,440.0,26.83,24.82,0,NO,25.73,,,,,,38,0.0,538.0,NO,NO,2026-07-15,13500.0
2775,CPSU,27.86,27.885,6396.0,ETF,ETF,41.0,49.0,49.0,44.0,0.0476,0.0373,8269.0,860.0,29.01,26.54,0,NO,27.89,27.75,27.39,27.78,27.54,,314,0.0,6449.0,NO,NO,2025-07-01,484600.0
2776,TCBI,95.42,97.18,157532.0,Financial Services,Banks - Regional,41.0,18.0,27.0,34.0,1.5675,1.5571,504239.0,431650.0,108.92,75.41,4148106752,NO,99.21,100.97,98.0,100.19,99.23,,5799,0.0,358094.0,NO,NO,2021-03-29,9274800.0
2777,EUDV,55.28,55.278,32.0,ETF,ETF,41.0,54.0,54.0,37.0,0.298,0.0262,334.0,220.0,56.11,49.48,0,NO,55.22,53.91,53.14,54.3,53.5,,2758,0.0,748.0,NO,NO,2016-01-28,117600.0
2778,MYRG,285.52,291.42,321355.0,Industrials,Engineering & Construction,41.0,3.0,1.0,52.0,14.805,13.2236,302130.0,299900.0,503.57,171.51,4445409792,NO,320.91,377.81,321.68,353.48,358.95,,4540,0.0,453426.0,NO,NO,2009-06-26,3646200.0
2779,FTKI,20.02,20.209,7788.0,ETF,ETF,41.0,49.0,54.0,29.0,0.133,0.0773,6736.0,6630.0,21.63,18.07,0,NO,20.21,20.08,19.62,20.09,19.82,,378,0.0,7795.0,NO,NO,2026-02-13,1092300.0
2780,VOT,296.68,302.03,260397.0,ETF,ETF,41.0,48.0,33.0,58.0,3.8357,2.7131,194196.0,153070.0,315.15,248.23,0,NO,306.0,301.73,285.78,301.39,287.66,,5034,0.0,274425.0,NO,NO,2008-03-12,2841300.0
2781,TBPH,17.04,17.04,434619.0,Healthcare,Biotechnology,41.0,55.0,76.0,11.0,0.0543,0.0521,641066.0,368510.0,21.03,13.08,884695552,NO,16.96,16.96,17.3,16.95,16.64,,3091,0.0,840176.0,NO,NO,2022-07-14,21997800.0
2782,QQLV,25.42,25.432,1259.0,ETF,ETF,41.0,28.0,65.0,36.0,0.143,0.0327,1049.0,560.0,26.28,23.63,0,NO,25.6,25.24,24.62,25.39,24.81,,433,0.0,1259.0,NO,NO,2025-07-01,39900.0
2783,KMPB,24.42,24.57,7816.0,Finance,Property/Casualty insurance,41.0,25.0,61.0,46.0,0.1317,0.1239,11693.0,15150.0,24.88,22.03,0,NO,24.67,24.36,23.76,24.43,23.87,,1119,0.0,8147.0,NO,NO,2022-03-31,778400.0
2784,AJAN,28.59,28.655,98.0,ETF,ETF,41.0,32.0,42.0,41.0,0.0441,0.0327,2301.0,3330.0,28.66,27.29,0,NO,28.59,28.46,28.1,28.51,28.22,,667,0.0,1000.0,NO,NO,2024-01-02,642100.0
2785,BTCU,23.86,24.99,40594.0,ETF,ETF,41.0,97.0,,,1.3286,0.8946,22130.0,51010.0,26.32,14.11,0,NO,19.9,17.88,,18.99,,,67,0.0,40799.0,NO,NO,2026-08-21,95700.0
2786,MDIV,16.7,16.73,110008.0,ETF,ETF,41.0,32.0,55.0,37.0,0.1086,0.1014,63460.0,51410.0,17.02,15.52,0,NO,16.82,16.74,16.39,16.77,16.59,,3531,0.0,112500.0,NO,NO,2020-08-10,3593700.0
2787,RSPN,60.5,61.58,440574.0,ETF,ETF,41.0,16.0,46.0,16.0,0.6456,0.5172,101241.0,72390.0,65.49,53.47,0,NO,63.74,63.37,60.51,63.25,61.57,,4983,0.0,461944.0,NO,NO,2020-08-13,3858500.0
2788,ETHA,18.24,18.72,29689737.0,ETF,ETF,41.0,96.0,94.0,85.0,0.6741,0.5155,34749980.0,59288260.0,36.04,11.53,0,NO,16.24,14.62,17.37,15.19,15.3,,530,0.0,33114142.0,YES,NO,2025-08-22,135662400.0
2789,ARKX,31.89,32.38,356193.0,ETF,ETF,41.0,75.0,9.0,30.0,0.6495,0.5466,1106960.0,460490.0,37.89,25.16,0,NO,33.46,32.45,31.94,32.42,32.58,,1362,0.0,406572.0,NO,NO,2021-03-30,14594100.0
2790,XP,18.8,18.23,4035916.0,Financial Services,Capital Markets,40.0,87.0,85.0,9.0,0.6932,0.6347,5247747.0,5396790.0,23.13,14.8,9534854144,NO,16.69,16.56,18.02,16.88,17.91,,1688,0.0,5700741.0,NO,NO,2024-08-30,69889700.0
2791,XLFI,24.24,24.6,9742.0,ETF,ETF,40.0,43.0,76.0,50.0,0.2328,0.2256,8373.0,10460.0,25.48,21.8,0,NO,24.45,24.04,23.7,24.16,23.29,,274,0.0,11197.0,NO,NO,2026-03-23,28500.0
2792,TMAT,27.81,28.6,12548.0,ETF,ETF,40.0,47.0,12.0,70.0,0.6191,0.321,23860.0,15530.0,31.46,22.26,0,NO,29.31,29.19,26.65,28.97,27.21,,1403,0.0,13536.0,NO,NO,2021-03-02,1099900.0
2793,TOCT,27.3,27.3,150.0,ETF,ETF,40.0,51.0,52.0,45.0,0.0489,0.0383,10198.0,10130.0,29.02,26.09,0,NO,27.29,27.15,26.76,27.19,26.89,,230,0.0,155.0,NO,NO,2026-07-08,407700.0
2794,TDSB,24.85,24.942,10565.0,ETF,ETF,40.0,65.0,46.0,30.0,0.0887,0.0345,5636.0,2790.0,25.3,22.73,0,NO,24.92,24.69,24.57,24.74,24.73,,1495,0.0,12973.0,NO,NO,2020-09-17,12118300.0
2795,AN,204.34,201.25,247164.0,Consumer Cyclical,Auto & Truck Dealerships,40.0,15.0,78.0,55.0,5.7443,5.5836,401052.0,356310.0,235.81,176.62,6755644928,NO,204.47,201.61,201.34,202.95,197.49,,9142,0.0,422107.0,NO,NO,2003-02-21,38291000.0
2796,SXQG,33.5,33.797,1317.0,ETF,ETF,40.0,74.0,59.0,53.0,0.2319,0.1103,4895.0,5020.0,33.92,29.1,0,NO,33.5,32.51,32.07,32.8,31.82,,1332,0.0,1321.0,NO,NO,2022-12-07,76900.0
2797,XRLX,48.6,48.895,119.0,ETF,ETF,40.0,54.0,28.0,53.0,0.2171,0.0406,1693.0,490.0,49.91,43.84,0,NO,49.09,48.73,47.34,48.72,47.64,,725,0.0,124.0,NO,NO,2023-11-01,104000.0
2798,THLV,32.3,32.448,8624.0,ETF,ETF,40.0,38.0,38.0,25.0,0.1821,0.0893,8630.0,3750.0,33.48,29.26,0,NO,32.86,32.98,31.96,32.92,32.56,,995,0.0,9288.0,NO,NO,2022-11-04,1354000.0
2799,MAGX,56.15,57.11,25827.0,ETF,ETF,40.0,81.0,14.0,79.0,1.4033,1.2945,70804.0,45600.0,63.47,38.72,0,NO,56.01,53.72,53.95,54.68,52.67,,628,0.0,26639.0,NO,NO,2025-08-27,735900.0
2800,BSR,30.74,30.899,9.0,ETF,ETF,40.0,58.0,48.0,32.0,0.1234,0.0194,1777.0,160.0,31.76,28.94,0,NO,30.78,30.37,30.14,30.45,30.22,,845,0.0,100.0,NO,NO,2025-11-05,177600.0
2801,SEUS,25.91,26.05,20768.0,ETF,ETF,40.0,62.0,,,0.1857,0.125,1046302.0,35600.0,27.19,24.73,0,NO,26.17,,,,,,35,0.0,20991.0,NO,NO,2026-07-14,34477300.0
2802,MANI,26.1,26.08,435.0,ETF,ETF,40.0,56.0,52.0,46.0,0.0449,0.0359,3439.0,5350.0,26.1,24.85,0,NO,25.96,25.8,25.49,25.84,25.61,,239,0.0,1339.0,NO,NO,2025-09-18,783500.0
2803,SDMF,26.25,25.92,13708.0,ETF,ETF,40.0,52.0,51.0,41.0,0.1943,0.1214,21771.0,15990.0,28.47,24.44,0,NO,25.93,25.77,,25.88,,,134,1.04,13750.0,NO,NO,2026-05-01,265500.0
2804,O,61.15,61.28,3709410.0,Real Estate,REIT - Retail,40.0,15.0,64.0,12.0,0.7271,0.6436,5680541.0,4938680.0,67.94,55.86,57870696448,NO,62.43,63.24,61.76,63.33,63.16,,8020,0.0,5361216.0,NO,NO,2024-01-22,45785700.0
2805,TOLZ,58.76,58.74,18909.0,ETF,ETF,40.0,25.0,36.0,16.0,0.5179,0.4014,20590.0,8450.0,62.22,52.39,0,NO,59.23,59.67,58.6,59.6,60.25,,3126,0.15,20485.0,NO,NO,2021-06-08,1277500.0
2806,RAAY,100.21,102.55,25000.0,ETF,ETF,40.0,17.0,39.0,43.0,0.0271,0.0,76.0,100.0,102.63,99.56,0,NO,102.41,102.2,,102.31,101.3,,138,0.0,100.0,NO,NO,2026-03-06,25000.0
2807,QQA,55.44,56.15,145166.0,ETF,ETF,40.0,62.0,19.0,58.0,0.6459,0.5089,119646.0,106530.0,58.53,48.2,0,NO,56.31,56.01,54.18,55.93,54.62,,533,0.0,146614.0,NO,NO,2024-09-05,374200.0
2808,QXQ,31.51,31.879,2642.0,ETF,ETF,40.0,70.0,18.0,80.0,0.3293,0.1801,14209.0,5760.0,33.25,24.75,0,NO,31.92,31.6,29.83,31.53,29.95,,554,0.0,2642.0,NO,NO,2025-01-14,293100.0
2809,ROK,417.96,424.43,532465.0,Industrials,Specialty Industrial Machinery,40.0,3.0,12.0,42.0,8.8414,8.2729,808317.0,648130.0,497.36,332.71,46508060672,NO,437.62,456.92,419.55,452.59,427.06,,11256,0.0,839938.0,NO,NO,2009-04-08,8355000.0
2810,ADAMM,25.67,25.68,5933.0,Real Estate,REIT - Mortgage,40.0,66.0,57.0,40.0,0.1064,0.1056,16365.0,13890.0,25.7,23.78,0,NO,25.42,25.23,25.17,25.28,25.22,,1725,0.0,6624.0,NO,NO,2020-03-24,1014400.0
2811,SPRE,20.66,20.82,140608.0,ETF,ETF,40.0,15.0,48.0,30.0,0.2063,0.1909,70904.0,97030.0,21.91,18.96,0,NO,21.33,21.4,20.59,21.38,20.99,,1423,0.0,141414.0,NO,NO,2026-05-20,685500.0
2812,TOAK,29.01,29.0,11.0,ETF,ETF,40.0,27.0,45.0,41.0,0.0129,0.0082,12146.0,35430.0,29.36,28.0,0,NO,28.98,28.92,28.64,28.96,28.76,,508,0.0,400.0,NO,NO,2025-02-12,704000.0
2813,TMFG,31.12,31.371,4371.0,ETF,ETF,40.0,33.0,51.0,49.0,0.3734,0.3278,12036.0,9400.0,32.34,27.4,0,NO,31.8,31.27,30.34,31.35,30.41,,1183,0.0,4385.0,NO,NO,2024-12-18,624400.0
2814,TISC,23.97,24.15,4529.0,ETF,ETF,40.0,72.0,,,0.1461,0.0411,56677.0,49080.0,25.42,22.75,0,NO,23.98,23.45,,23.63,,,54,0.0,4531.0,NO,NO,2026-06-15,847100.0
2815,TSLS,57.85,56.03,269991.0,ETF,ETF,40.0,3.0,80.0,46.0,2.3156,2.1731,466974.0,268770.0,74.9,46.2,0,NO,60.75,58.9,55.82,59.25,57.41,,1018,1.8,312165.0,NO,NO,2025-11-20,12671280.0
2816,KWIN,25.79,25.776,8786.0,ETF,ETF,40.0,47.0,53.0,43.0,0.1353,0.135,16979.0,12910.0,27.11,24.41,0,NO,25.74,25.69,25.46,25.75,25.57,,205,0.17,9879.0,NO,NO,2025-11-24,630300.0
2817,QQXT,101.83,102.33,1026.0,ETF,ETF,40.0,58.0,66.0,28.0,0.7282,0.3782,5446.0,3220.0,105.03,95.86,0,NO,103.15,100.54,99.63,101.18,99.64,,4861,0.0,1026.0,NO,NO,2025-04-11,11871700.0
2818,ITA,225.41,228.35,903279.0,ETF,ETF,40.0,10.0,31.0,11.0,4.2979,3.8621,683476.0,613120.0,256.6,194.59,0,NO,243.89,240.66,229.03,239.88,232.91,,5112,0.0,1021379.0,NO,NO,2025-09-16,11652500.0
2819,FRTY,22.32,22.776,8343.0,ETF,ETF,40.0,47.0,17.0,59.0,0.3911,0.2293,19346.0,11050.0,24.82,18.46,0,NO,23.25,23.08,21.65,22.92,21.83,,1382,0.0,8514.0,NO,NO,2025-12-10,559800.0
2820,KOID,35.57,36.34,145492.0,ETF,ETF,40.0,20.0,7.0,35.0,0.7034,0.4413,181809.0,176860.0,43.32,27.74,0,NO,37.84,38.22,35.61,37.72,37.13,,311,0.0,154485.0,NO,NO,2026-08-19,521200.0
2821,GRNJ,28.48,28.96,722304.0,ETF,ETF,40.0,53.0,9.0,49.0,0.5924,0.4229,193477.0,127000.0,32.69,23.08,0,NO,30.25,29.86,,29.63,28.86,,196,0.0,741952.0,NO,NO,2025-11-19,1374600.0
2822,SPLV,74.43,74.69,1691130.0,ETF,ETF,40.0,21.0,70.0,22.0,0.6618,0.5582,2348847.0,2008490.0,78.82,69.63,0,NO,75.78,75.91,73.99,76.01,74.78,,3853,0.0,2279182.0,NO,NO,2022-01-24,23332300.0
2823,RAAR,51.28,51.26,35.0,ETF,ETF,40.0,17.0,38.0,43.0,0.0807,0.0686,1584.0,1120.0,51.6,49.74,0,NO,51.18,51.06,,51.13,50.63,,137,0.0,300.0,NO,NO,2026-03-31,50000.0
2824,SCLZ,55.95,56.16,581.0,ETF,ETF,40.0,55.0,38.0,50.0,0.2129,0.0604,1076.0,410.0,57.21,50.41,0,NO,56.57,56.05,54.83,56.07,54.93,,630,0.0,585.0,NO,NO,2025-02-26,33100.0
2825,XDAT,27.12,27.122,44.0,ETF,ETF,40.0,80.0,20.0,83.0,0.5121,0.0723,922.0,1390.0,28.78,20.15,0,NO,26.51,25.41,24.26,25.69,23.84,,1413,0.0,3683.0,NO,NO,2021-01-22,80900.0
2826,POW,25.16,25.45,34896.0,ETF,ETF,40.0,19.0,5.0,29.0,0.6127,0.4784,59676.0,30630.0,35.55,18.72,0,NO,26.83,27.52,25.57,27.0,27.57,,211,0.0,37464.0,NO,NO,2026-05-06,600000.0
2827,DEO,90.14,91.85,760092.0,Consumer Defensive,Beverages - Wineries & Distilleries,40.0,67.0,85.0,50.0,1.8325,1.4125,1172644.0,838220.0,111.19,72.45,50106044416,NO,93.23,87.4,85.84,88.79,84.55,,8930,0.0,949815.0,NO,NO,2026-02-25,9490700.0
2828,KXI,68.51,68.35,105814.0,ETF,ETF,40.0,28.0,63.0,16.0,0.7237,0.498,87185.0,73870.0,73.65,63.15,0,NO,69.03,68.71,67.92,68.86,68.82,,5015,0.0,110365.0,NO,NO,2023-09-28,7349400.0
2829,AAUB,50.5,50.77,423.0,ETF,ETF,40.0,60.0,,,0.3215,0.1223,6410.0,1890.0,51.92,48.12,0,NO,51.16,,,,,,28,0.0,423.0,NO,NO,2026-08-13,48900.0
2830,GFL,41.67,42.29,1215890.0,Industrials,Waste Management,40.0,49.0,91.0,13.0,1.1432,1.056,2762530.0,1863280.0,50.01,33.33,15038299136,NO,41.36,39.92,41.0,40.46,39.82,,1633,0.0,2052932.0,NO,NO,2026-06-26,18445000.0
2831,FINY,25.66,25.65,5952.0,ETF,ETF,40.0,45.0,57.0,,0.0739,0.0532,928.0,1060.0,25.68,24.8,0,NO,25.59,25.44,,25.46,,,82,0.0,5952.0,NO,NO,2026-05-07,26200.0
2832,MTRA,26.64,26.965,112.0,ETF,ETF,40.0,51.0,35.0,47.0,0.2068,0.0503,8619.0,3430.0,27.7,23.33,0,NO,27.2,26.88,26.21,26.87,26.07,,307,0.0,133.0,NO,NO,2025-09-23,251000.0
2833,MAS,70.37,72.16,1139364.0,Industrials,Building Products & Equipment,40.0,24.0,58.0,40.0,1.7807,1.5868,2381547.0,1600010.0,83.64,58.16,13876079616,NO,74.3,76.42,69.38,75.82,71.03,,11709,0.0,2382229.0,NO,NO,2013-02-12,26807297.0
2834,MID,68.69,69.731,2047.0,ETF,ETF,40.0,71.0,44.0,50.0,0.7248,0.3219,2896.0,1390.0,71.13,59.44,0,NO,69.42,68.49,66.19,68.69,66.13,,1532,0.0,4848.0,NO,NO,2026-01-26,97300.0
2835,JLCO,25.37,25.55,3107.0,ETF,ETF,40.0,33.0,,,0.139,0.0597,839.0,250.0,26.41,24.34,0,NO,25.91,,,,,,33,0.0,3110.0,NO,NO,2026-07-16,7100.0
2836,ARB,29.75,29.731,2182.0,ETF,ETF,40.0,49.0,52.0,43.0,0.1891,0.1789,15044.0,8660.0,32.48,28.3,0,NO,29.73,29.67,29.36,29.68,29.5,,1585,0.0,2194.0,NO,NO,2022-02-03,1331800.0
2837,OXLCZ,25.01,24.982,20410.0,Finance,Financial conglomerates,40.0,48.0,51.0,43.0,0.0385,0.0319,4934.0,2680.0,25.1,24.1,0,NO,24.98,24.83,24.64,24.88,24.73,,1160,0.05,24032.0,NO,NO,2022-04-28,137900.0
2838,SPYH,56.36,56.571,5696.0,ETF,ETF,39.0,54.0,42.0,45.0,0.2106,0.1487,14369.0,29310.0,57.16,51.56,0,NO,56.76,56.14,55.34,56.29,55.35,,354,0.0,5898.0,NO,NO,2026-08-20,204900.0
2839,FLGT,19.68,19.37,198194.0,Healthcare,Diagnostics & Research,39.0,93.0,79.0,92.0,0.6006,0.5431,304117.0,238920.0,31.04,13.46,541500928,NO,19.18,19.6,20.89,19.49,17.93,,2493,0.0,285556.0,NO,NO,2021-03-05,7432100.0
2840,XRT,85.84,86.1,3577705.0,ETF,ETF,39.0,14.0,64.0,35.0,1.4089,1.1646,4464076.0,3686270.0,93.52,77.24,0,NO,88.66,88.49,85.7,88.23,85.45,,5079,0.0,4406458.0,NO,NO,2010-05-06,77268600.0
2841,FINA,25.5,25.74,1040.0,ETF,ETF,39.0,64.0,,,0.1475,0.0439,1768697.0,901570.0,26.09,24.44,0,NO,25.8,,,,,,38,0.0,1044.0,NO,NO,2026-07-13,34105100.0
2842,RYAN,42.35,42.18,1010715.0,Financial Services,Insurance Brokers,39.0,14.0,94.0,54.0,1.4014,1.3957,2210507.0,1231900.0,59.19,29.28,16516756480,NO,43.0,41.63,42.0,42.41,37.55,,1283,0.0,1526376.0,NO,NO,2021-07-22,15892000.0
2843,ABLS,21.86,22.265,753.0,ETF,ETF,39.0,16.0,70.0,78.0,0.2134,0.0868,1857.0,500.0,23.98,17.71,0,NO,22.97,22.91,21.1,22.84,20.92,,385,0.0,757.0,NO,NO,2026-07-22,40500.0
2844,EVX,40.21,40.6,9336.0,ETF,ETF,39.0,36.0,67.0,18.0,0.3129,0.2679,8007.0,9210.0,42.44,36.44,0,NO,41.18,41.09,39.95,41.08,40.26,,5000,0.0,9499.0,NO,NO,2008-09-16,536000.0
2845,GGUS,65.86,66.818,9238.0,ETF,ETF,39.0,67.0,18.0,60.0,0.769,0.4209,20876.0,12690.0,69.45,55.7,0,NO,67.18,66.3,64.01,66.34,64.27,,689,0.0,9256.0,NO,NO,2024-06-05,4188900.0
2846,RVLV,22.34,22.22,683627.0,Consumer Cyclical,Internet Retail,39.0,4.0,87.0,13.0,0.8705,0.8506,890338.0,752530.0,31.68,17.35,1587337472,NO,23.8,23.99,24.53,23.84,23.18,,1818,0.0,1004612.0,NO,NO,2019-06-07,18882300.0
2847,BMN,26.05,25.91,2870.0,Financial Services,Asset Management,39.0,74.0,53.0,16.0,0.5094,0.4708,7241.0,6680.0,27.96,24.16,160146352,NO,25.51,25.5,25.88,25.55,25.98,,963,0.0,3316.0,NO,NO,2023-12-13,262000.0
2848,LDEM,61.58,61.621,196.0,ETF,ETF,39.0,70.0,30.0,32.0,0.4599,0.1349,1326.0,520.0,64.73,55.52,0,NO,61.02,60.09,60.43,60.16,60.59,,1646,0.0,199.0,NO,NO,2020-11-09,1448700.0
2849,MPRO,32.32,32.463,14978.0,ETF,ETF,39.0,37.0,40.0,33.0,0.1388,0.0724,25333.0,28190.0,32.99,30.06,0,NO,32.62,32.62,31.93,32.62,32.33,,1363,0.0,15050.0,NO,NO,2025-08-14,1829900.0
2850,SEI,49.21,50.77,1694704.0,Energy,Oil & Gas Equipment & Services,39.0,17.0,3.0,40.0,3.7112,3.2132,2857239.0,2499250.0,86.19,24.57,4951320064,NO,56.83,61.97,59.38,58.15,62.82,,2338,0.0,2489502.0,NO,NO,2025-10-07,12906400.0
2851,OCIO,37.6,37.887,782.0,ETF,ETF,39.0,66.0,42.0,54.0,0.1899,0.0777,3155.0,4720.0,38.52,33.37,0,NO,37.95,37.49,36.49,37.51,36.52,,2305,0.0,875.0,NO,NO,2017-08-01,800200.0
2852,TREX,43.35,45.58,739104.0,Industrials,Building Products & Equipment,39.0,43.0,69.0,58.0,1.53,1.4079,1975361.0,1184550.0,66.06,29.77,4416365568,NO,47.8,46.6,40.88,46.26,42.45,,6892,0.0,1821329.0,NO,NO,2005-06-23,27536000.0
2853,MRGR,45.58,45.42,1293.0,ETF,ETF,39.0,42.0,51.0,42.0,0.1271,0.0779,1184.0,1620.0,46.22,42.49,0,NO,45.47,45.46,45.17,45.49,45.19,,3448,0.0,1296.0,NO,NO,2022-07-12,1195400.0
2854,CWST,92.6,92.25,199219.0,Industrials,Waste Management,39.0,72.0,80.0,40.0,2.3886,2.3364,636298.0,402820.0,107.96,74.05,5893068288,NO,91.66,92.7,92.07,92.69,89.11,,7253,0.0,403366.0,NO,NO,2025-12-19,11025800.0
2855,AOM,49.47,49.73,104335.0,ETF,ETF,39.0,52.0,38.0,41.0,0.2196,0.1719,142176.0,149530.0,50.16,46.25,0,NO,49.83,49.51,48.72,49.49,48.98,,4477,0.0,117263.0,NO,NO,2019-01-03,1912600.0
2856,MNA,36.58,36.62,24948.0,ETF,ETF,39.0,48.0,55.0,41.0,0.1686,0.14,28231.0,27960.0,37.19,34.91,0,NO,36.75,36.6,36.28,36.67,36.44,,4221,0.0,31830.0,NO,NO,2019-02-20,1416600.0
2857,MFMO,21.78,22.189,4143.0,ETF,ETF,39.0,19.0,11.0,65.0,0.4542,0.3081,12033.0,6730.0,25.73,18.06,0,NO,22.95,23.35,,23.04,22.17,,182,0.0,4149.0,NO,NO,2026-04-01,69100.0
2858,XBOX,100.8,100.77,64765.0,ETF,ETF,39.0,48.0,55.0,,0.1029,0.0864,79728.0,36750.0,100.87,98.51,0,NO,100.62,100.37,,100.47,,,114,0.0,70725.0,NO,NO,2026-03-23,3200800.0
2859,ALLY,41.81,42.21,1907706.0,Financial Services,Credit Services,39.0,17.0,41.0,54.0,0.8271,0.7551,3138431.0,2984270.0,47.29,35.92,12718588928,NO,43.45,44.45,42.74,43.9,42.57,,3167,0.0,3181925.0,NO,NO,2023-09-15,43181700.0
2860,MORN,211.6,218.94,230708.0,Financial Services,Financial Data & Stock Exchanges,39.0,86.0,77.0,79.0,6.93,6.8493,413187.0,285080.0,261.76,141.49,7937871872,NO,208.01,185.13,187.92,192.15,179.38,,5366,0.0,330229.0,NO,NO,2023-09-15,3779800.0
2861,FXR,85.38,86.68,27515.0,ETF,ETF,39.0,17.0,33.0,16.0,0.9661,0.7325,30683.0,19560.0,92.78,73.08,0,NO,89.99,89.45,85.73,89.29,87.27,,4858,0.0,33033.0,NO,NO,2016-11-28,28030500.0
2862,GLIN,46.0,45.92,37162.0,ETF,ETF,39.0,56.0,62.0,41.0,0.2799,0.1921,8642.0,5770.0,47.94,38.71,0,NO,45.93,45.66,45.2,45.58,44.98,,4028,0.0,37244.0,NO,NO,2026-03-03,1862800.0
2863,CPNJ,27.55,27.656,2871.0,ETF,ETF,39.0,49.0,43.0,42.0,0.0671,0.0488,13009.0,7270.0,29.91,26.35,0,NO,27.64,27.56,27.29,27.57,27.43,,563,0.0,2875.0,NO,NO,2024-06-03,1720400.0
2864,SCAP,37.83,38.301,911.0,ETF,ETF,39.0,44.0,28.0,39.0,0.3881,0.2236,2147.0,2160.0,40.24,33.53,0,NO,39.04,38.71,37.45,38.6,37.71,,681,0.0,1018.0,NO,NO,2024-06-18,44700.0
2865,JULZ,45.95,46.205,17431.0,ETF,ETF,39.0,57.0,43.0,65.0,0.1687,0.0543,4926.0,1500.0,47.61,39.26,0,NO,46.34,45.64,44.16,45.81,44.0,,1548,0.0,17466.0,NO,NO,2024-07-01,545200.0
2866,REIX,30.02,30.408,,ETF,ETF,39.0,12.0,36.0,24.0,0.1386,0.0155,120.0,130.0,31.78,27.63,0,NO,30.53,30.59,29.76,30.62,30.34,,829,0.0,100.0,NO,NO,2025-06-18,16500.0
2867,ERET,28.73,28.695,221.0,ETF,ETF,39.0,16.0,55.0,24.0,0.1813,0.0895,2322.0,1840.0,30.92,26.5,0,NO,29.24,29.3,28.38,29.35,28.86,,947,0.0,225.0,NO,NO,2025-09-11,77600.0
2868,IYLD,22.2,22.24,5830.0,ETF,ETF,39.0,46.0,43.0,34.0,0.0836,0.07,14565.0,15430.0,22.55,20.86,0,NO,22.27,22.17,21.98,22.18,22.11,,3620,0.0,5843.0,NO,NO,2020-04-02,1743200.0
2869,VMRK,65.11,65.14,2119681.0,Real Estate,REIT - Residential,39.0,23.0,39.0,48.0,1.4571,1.3543,3765841.0,5636010.0,71.5,57.57,50380759040,NO,65.95,67.27,63.76,67.24,64.74,,8319,0.0,5218886.0,NO,NO,2001-11-30,31955700.0
2870,BKU,44.64,45.6,526601.0,Financial Services,Banks - Regional,39.0,14.0,28.0,16.0,0.9042,0.8971,892200.0,557700.0,52.11,35.1,3179807488,NO,46.82,47.54,46.4,47.12,46.77,,3920,0.0,894013.0,NO,NO,2011-01-28,25965400.0
2871,XVNV,30.22,31.08,7.0,ETF,ETF,39.0,,,,,,500.0,500.0,31.08,28.55,0,NO,,,,,,,8,0.0,2300.0,NO,NO,2026-08-31,2300.0
2872,ETB,15.58,15.72,31549.0,Financial Services,Asset Management,39.0,54.0,48.0,40.0,0.1469,0.1376,47423.0,49860.0,15.82,13.86,457658080,NO,15.62,15.49,15.27,15.52,15.26,,5370,0.0,41345.0,NO,NO,2010-09-17,864100.0
2873,NQLT,25.37,25.57,1118.0,ETF,ETF,39.0,39.0,,,0.1122,0.0386,1861.0,4220.0,26.01,24.52,0,NO,25.77,,,,,,36,0.0,1121.0,NO,NO,2026-08-19,23600.0
2874,SRV,45.08,44.85,43579.0,Financial Services,Asset Management,39.0,15.0,18.0,45.0,0.9486,0.9432,64984.0,51520.0,51.54,38.11,281045632,NO,46.6,47.82,44.72,47.5,46.48,,4778,0.0,51950.0,NO,NO,2025-11-07,291700.0
2875,GMED,80.0,81.37,568198.0,Healthcare,Medical Devices,39.0,66.0,53.0,8.0,2.2386,2.1486,1617139.0,1006760.0,101.4,54.15,10741624832,NO,84.07,81.1,85.98,80.87,84.39,,3538,0.0,1054373.0,NO,NO,2023-08-31,20919900.0
2876,FLAO,28.62,28.61,7.0,ETF,ETF,39.0,20.0,44.0,32.0,0.0143,0.0057,274.0,310.0,28.8,26.58,0,NO,28.56,28.41,28.23,28.47,28.14,,606,0.0,100.0,NO,NO,2024-08-01,2117900.0
2877,CUT,29.59,29.75,611.0,ETF,ETF,39.0,27.0,77.0,16.0,0.2884,0.0998,2206.0,1550.0,32.95,26.3,0,NO,30.25,29.16,29.04,29.48,28.92,,4730,0.0,654.0,NO,NO,2010-04-09,1314900.0
2878,REG,75.68,74.77,796806.0,Real Estate,REIT - Retail,39.0,11.0,44.0,19.0,0.9129,0.8207,1402901.0,1065970.0,83.66,66.86,14151841792,NO,76.57,79.01,75.81,78.71,78.17,,8264,0.48,1490784.0,NO,NO,2017-03-01,27410600.0
2879,NFG,83.87,83.06,191986.0,Energy,Oil & Gas Integrated,39.0,63.0,80.0,11.0,1.3293,1.2429,654784.0,444730.0,97.06,75.17,7974283776,NO,82.2,80.8,83.62,81.58,84.49,,13445,0.89,379546.0,NO,NO,2023-07-31,5582700.0
2880,GJT,23.32,23.22,2030.0,Finance,Finance/Rental/Leasing,39.0,26.0,49.0,42.0,0.0541,0.0176,919.0,1040.0,23.75,22.05,0,NO,23.39,23.41,23.21,23.45,23.28,,4801,0.43,2693.0,NO,NO,2012-07-25,136700.0
2881,TBFC,29.34,29.451,447.0,ETF,ETF,39.0,53.0,35.0,39.0,0.0756,0.0178,1412.0,890.0,29.79,27.46,0,NO,29.52,29.35,28.92,29.35,29.08,,659,0.0,447.0,NO,NO,2025-02-19,568000.0
2882,CSRA,25.47,25.51,54735.0,ETF,ETF,39.0,,,,,,7828.0,9420.0,25.7,25.07,0,NO,,,,,,,14,0.0,56803.0,NO,NO,2026-08-18,74700.0
2883,RSPR,35.81,35.977,3773.0,ETF,ETF,39.0,17.0,51.0,38.0,0.3466,0.2858,14601.0,7580.0,38.01,32.41,0,NO,36.61,36.82,35.26,36.82,35.88,,2777,0.0,3944.0,NO,NO,2016-09-16,1675000.0
2884,GIS,41.03,41.2,6354351.0,Consumer Defensive,Packaged Foods,39.0,91.0,92.0,12.0,1.145,1.0436,9901593.0,8162310.0,51.33,31.75,21925152768,NO,38.79,37.37,40.05,38.11,37.56,,11709,0.0,9585709.0,YES,NO,2025-03-21,48561100.0
2885,APOC,26.51,26.525,11283.0,ETF,ETF,39.0,49.0,55.0,39.0,0.0811,0.0803,9504.0,8950.0,26.61,25.53,0,NO,26.47,26.38,26.21,26.42,26.22,,480,0.0,11289.0,NO,NO,2026-02-17,1600600.0
2886,AMEI,25.95,26.06,1621.0,ETF,ETF,38.0,29.0,,,0.2164,0.1529,5508.0,2590.0,27.5,24.61,0,NO,26.48,,,26.18,,,48,0.0,1685.0,NO,NO,2026-06-24,42100.0
2887,TGRZ,21.73,21.84,14303.0,ETF,ETF,38.0,,,,,,45025.0,45025.0,23.59,20.01,0,NO,,,,,,,4,0.0,14864.0,NO,NO,2026-08-26,64300.0
2888,GEVG,19.95,20.04,18908.0,ETF,ETF,38.0,1.0,4.0,8.0,2.0179,1.4913,54438.0,32320.0,39.74,12.07,0,NO,24.49,27.29,,26.3,26.2,,177,0.0,19239.0,NO,NO,2026-04-22,352100.0
2889,SCC,15.14,14.59,12381.0,ETF,ETF,38.0,69.0,70.0,29.0,0.3343,0.2168,13790.0,6870.0,18.3,13.12,0,NO,14.3,14.77,14.87,14.74,15.12,,4925,1.99,12511.0,NO,NO,2022-06-15,175850.0
2890,XVTS,31.72,32.68,3326.0,ETF,ETF,38.0,,,,,,3322.0,3322.0,32.68,30.28,0,NO,,,,,,,9,0.0,3328.0,NO,NO,2026-08-26,7400.0
2891,GMMA,21.81,21.933,111.0,ETF,ETF,38.0,56.0,46.0,44.0,0.0672,0.0031,212.0,460.0,22.16,19.89,0,NO,21.98,21.69,21.38,21.75,21.39,,490,0.0,114.0,NO,NO,2024-09-18,49300.0
2892,JOUT,44.17,45.0,17715.0,Consumer Cyclical,Leisure,38.0,11.0,46.0,11.0,1.39,1.3457,56869.0,52030.0,53.54,35.65,462887008,NO,47.16,46.27,45.93,46.08,47.0,,9796,0.0,30724.0,NO,NO,1987-10-09,1079800.0
2893,ALLE,152.62,155.25,522016.0,Industrials,Security & Protection Services,38.0,16.0,89.0,14.0,3.8226,3.4476,1345555.0,1673020.0,183.11,125.0,12977463296,NO,163.08,150.82,151.24,153.28,146.27,,3214,0.0,1145963.0,NO,NO,2026-08-31,7471000.0
2894,XVSP,31.02,30.4,15.0,ETF,ETF,38.0,,,,,,26.0,26.0,31.02,30.0,0,NO,,,,,,,3,0.0,,NO,NO,,
2895,TILC,25.74,25.89,13615.0,ETF,ETF,38.0,51.0,,,0.1864,0.13,4992.0,25890.0,27.0,24.82,0,NO,26.01,25.53,,25.64,,,54,0.0,13869.0,NO,NO,2026-08-27,216200.0
2896,RISR,36.65,36.69,79692.0,ETF,ETF,38.0,45.0,56.0,45.0,0.1753,0.1717,91446.0,65660.0,37.15,35.25,0,NO,36.72,36.54,36.23,36.61,36.34,,1233,0.0,82001.0,NO,NO,2022-05-09,579600.0
2897,JMID,31.81,31.791,30.0,ETF,ETF,38.0,66.0,23.0,49.0,0.3061,0.1044,3147.0,2370.0,33.06,27.25,0,NO,32.21,31.41,30.23,31.47,30.53,,489,0.0,30.0,NO,NO,2026-05-06,111600.0
2898,OCCIN,24.91,24.955,276.0,Financial Services,Asset Management,38.0,48.0,52.0,40.0,0.025,0.0211,1934.0,2580.0,26.0,24.21,0,NO,24.94,24.85,24.68,24.88,24.75,,1188,0.0,283.0,NO,NO,2024-01-23,121600.0
2899,NISM,25.33,25.56,6.0,ETF,ETF,38.0,57.0,50.0,,0.1171,0.0,339.0,120.0,25.67,23.94,0,NO,25.43,24.86,,25.02,,,75,0.0,100.0,NO,NO,2026-07-01,11600.0
2900,NVDG,19.22,19.805,136667.0,ETF,ETF,38.0,91.0,8.0,87.0,1.1734,0.8431,246953.0,316890.0,25.34,12.34,0,NO,19.7,18.21,17.69,18.76,17.68,,428,0.0,150162.0,NO,NO,2026-08-27,1294700.0
2901,FTAIM,27.24,27.547,570.0,Industrials,Aerospace & Defense,38.0,30.0,58.0,35.0,0.157,0.1135,5100.0,2030.0,27.81,26.3,0,NO,27.48,27.41,27.08,27.42,27.17,,873,0.0,753.0,NO,NO,2023-03-09,945800.0
2902,RSIT,21.22,21.33,25811.0,ETF,ETF,38.0,74.0,45.0,,0.2264,0.1821,42968.0,30760.0,22.27,19.49,0,NO,21.1,20.71,,20.82,,,81,0.0,30006.0,NO,NO,2026-05-06,650900.0
2903,TMFS,35.83,35.83,178.0,ETF,ETF,38.0,40.0,68.0,30.0,0.4044,0.2415,4352.0,2960.0,37.42,30.93,0,NO,36.67,36.01,34.93,36.05,34.8,,1964,0.0,510.0,NO,NO,2018-11-05,468700.0
2904,IWLG,55.44,56.117,10925.0,ETF,ETF,38.0,59.0,19.0,64.0,0.591,0.2998,19977.0,20350.0,58.17,45.7,0,NO,56.7,55.89,53.8,55.95,53.78,,1051,0.0,11803.0,NO,NO,2026-04-28,7581900.0
2905,MFUL,22.53,22.618,12.0,ETF,ETF,38.0,21.0,38.0,41.0,0.0426,0.005,498.0,430.0,22.65,20.89,0,NO,22.57,22.43,22.13,22.47,22.21,,1208,0.0,100.0,NO,NO,2022-05-18,698200.0
2906,AGNCP,25.44,25.44,33974.0,Real Estate,REIT - Mortgage,38.0,61.0,54.0,44.0,0.0873,0.0848,52152.0,45190.0,25.5,23.62,0,NO,25.33,25.16,24.96,25.18,24.96,,1651,0.0,38628.0,NO,NO,2020-02-05,7403400.0
2907,BRX,29.19,28.89,1305218.0,Real Estate,REIT - Retail,38.0,8.0,25.0,18.0,0.3818,0.3654,2324722.0,2046960.0,32.86,24.66,8959137792,NO,29.77,30.96,29.1,30.68,30.33,,3227,0.28,2664606.0,NO,NO,2019-02-05,58450000.0
2908,IWY,283.73,287.17,149088.0,ETF,ETF,38.0,69.0,16.0,62.0,3.4207,2.4493,382622.0,295240.0,303.12,238.75,0,NO,288.06,284.24,276.51,284.67,276.94,,4257,0.0,201344.0,NO,NO,2023-03-15,5490600.0
2909,BTA,24.97,24.82,5.0,ETF,ETF,38.0,,,,,,204250.0,204250.0,24.97,24.61,0,NO,,,,,,,3,0.52,201000.0,NO,NO,2026-08-26,202700.0
2910,JELM,25.49,25.59,61129.0,ETF,ETF,38.0,44.0,53.0,,0.3236,0.3139,45968.0,26770.0,29.25,24.92,0,NO,25.53,25.41,,25.46,,,91,0.0,62822.0,NO,NO,2026-06-30,552400.0
2911,JELH,25.58,25.72,682.0,ETF,ETF,38.0,49.0,49.0,,0.2882,0.2761,8333.0,11290.0,28.2,24.89,0,NO,25.59,25.46,,25.48,,,91,0.0,1470.0,NO,NO,2026-06-26,80400.0
2912,RECI,20.44,20.54,117.0,ETF,ETF,38.0,63.0,,,0.0419,0.0107,7431.0,120.0,20.61,19.88,0,NO,20.37,,,,,,35,0.0,69.0,NO,NO,2026-07-14,250000.0
2913,OXLCO,24.02,23.975,1246.0,Financial Services,Asset Management,38.0,49.0,42.0,42.0,0.0668,0.0334,2293.0,4970.0,24.98,23.07,0,NO,24.02,24.0,23.72,24.03,23.8,,1269,0.0,1257.0,NO,NO,2021-08-11,379900.0
2914,ARES,138.79,143.17,1035292.0,Financial Services,Asset Management,38.0,85.0,78.0,86.0,4.5079,4.43,2299871.0,1845380.0,186.85,95.8,45753028608,NO,141.5,129.25,133.37,132.26,122.4,,3101,0.0,1523728.0,NO,NO,2025-12-10,47940600.0
2915,KRC,36.13,36.3,757811.0,Real Estate,REIT - Office,38.0,9.0,75.0,86.0,0.7993,0.7457,1373234.0,988090.0,45.03,27.36,4244961024,NO,36.94,38.05,35.61,38.0,34.32,,7443,0.0,1245854.0,NO,NO,2013-02-28,11855100.0
2916,ADAMK,25.16,25.14,12251.0,n/a,n/a,38.0,,,,,,96518.0,69930.0,25.41,24.8,0,YES,,,,,,,11,0.0,12798.0,NO,NO,2026-08-17,362400.0
2917,KOMP,66.34,67.44,72335.0,ETF,ETF,38.0,54.0,10.0,54.0,1.0693,0.7522,78400.0,89120.0,75.61,55.69,0,NO,69.39,68.36,65.06,68.15,66.19,,1973,0.0,73453.0,NO,NO,2020-02-13,5144200.0
2918,JETS,27.82,28.5,3197643.0,ETF,ETF,38.0,4.0,21.0,40.0,0.6306,0.5277,2730525.0,2611310.0,34.06,23.53,0,NO,30.77,31.33,28.3,30.8,28.49,,2851,0.0,4475414.0,NO,NO,2021-12-06,33592800.0
2919,VONG,124.71,126.39,872702.0,ETF,ETF,38.0,68.0,16.0,61.0,1.5236,1.0875,1235534.0,1367690.0,132.94,105.23,0,NO,127.0,125.18,121.74,125.4,121.9,,4009,0.0,967900.0,NO,NO,2026-02-23,11665100.0
2920,AMZG,15.34,16.13,37707.0,ETF,ETF,38.0,2.0,,,0.6629,0.5664,126637.0,62120.0,19.96,12.72,0,NO,16.88,,,,,,40,0.0,38336.0,NO,NO,2026-08-05,900900.0
2921,RMI,15.15,15.19,8610.0,Financial Services,Asset Management,38.0,18.0,36.0,17.0,0.1893,0.1821,16239.0,10570.0,16.36,13.87,96599344,NO,15.49,15.49,15.15,15.49,15.4,,1970,0.0,9770.0,NO,NO,2025-08-12,534800.0
2922,ALIL,30.48,31.054,411.0,ETF,ETF,38.0,21.0,40.0,41.0,0.3362,0.0582,1309.0,500.0,33.36,27.25,0,NO,31.91,31.75,30.29,31.57,30.57,,350,0.0,1958.0,NO,NO,2025-12-08,74000.0
2923,JBSS,73.38,73.69,56158.0,Consumer Defensive,Packaged Foods,38.0,5.0,47.0,10.0,3.0107,2.41,139774.0,182110.0,92.08,59.07,857780992,NO,80.31,82.74,77.95,81.27,79.84,,8746,0.23,110217.0,NO,NO,2004-10-25,2046800.0
2924,ABVX,113.38,111.73,817297.0,Healthcare,Biotechnology,38.0,6.0,9.0,39.0,3.8271,3.6771,1892538.0,901160.0,148.83,69.81,9903306752,NO,120.77,123.79,119.28,126.46,119.08,,717,0.0,991127.0,NO,NO,2025-07-23,27831900.0
2925,KKR,106.81,109.72,2647519.0,Financial Services,Asset Management,38.0,78.0,84.0,82.0,3.6807,3.4486,4502388.0,3132040.0,152.1,82.67,98685648896,NO,108.29,101.43,105.91,103.35,97.92,,4057,0.0,4046745.0,NO,NO,2024-06-21,145539500.0
2926,AAAU,42.69,43.88,1700917.0,ETF,ETF,38.0,85.0,22.0,7.0,0.8471,0.6133,1516780.0,1765230.0,54.71,34.35,0,NO,43.83,41.56,44.57,41.87,44.64,,2022,0.0,1984799.0,NO,NO,2026-01-29,34357200.0
2927,ASCI,36.42,36.852,1068.0,ETF,ETF,38.0,61.0,24.0,42.0,0.2407,0.1153,2244.0,1970.0,38.19,32.1,0,NO,36.91,36.38,35.62,36.41,35.97,,217,0.0,1068.0,NO,NO,2026-01-08,243900.0
2928,SPYI,53.31,53.65,2089861.0,ETF,ETF,38.0,54.0,36.0,45.0,0.2554,0.1839,2701071.0,2379620.0,54.47,47.77,0,NO,53.87,53.29,52.53,53.42,52.43,,1004,0.0,2308035.0,NO,NO,2026-03-03,10743800.0
2929,IWF,121.18,122.71,2868812.0,ETF,ETF,38.0,68.0,16.0,61.0,1.4904,1.0736,4737719.0,3456010.0,129.14,102.23,0,NO,123.34,121.6,118.26,121.78,118.41,,6604,0.0,4084524.0,NO,NO,2011-09-22,68434400.0
2930,GLRY,38.82,38.9,8704.0,ETF,ETF,38.0,10.0,17.0,29.0,0.5449,0.3988,22546.0,17300.0,43.79,34.13,0,NO,40.58,41.28,39.32,40.87,40.3,,1437,0.0,12053.0,NO,NO,2022-11-10,742600.0
2931,SGOL,41.19,42.4,2376336.0,ETF,ETF,38.0,85.0,22.0,7.0,0.8261,0.595,2425320.0,2645530.0,52.84,33.17,0,NO,42.33,40.14,43.04,40.43,43.11,,4271,0.0,2642533.0,NO,NO,2026-01-30,51951200.0
2932,AAAP,25.36,25.34,3710.0,ETF,ETF,38.0,47.0,,,0.0364,0.025,59355.0,7940.0,25.45,25.05,0,NO,25.36,,,25.32,,,49,0.0,24561.0,NO,NO,2026-06-23,1025100.0
2933,RJCA,71.39,72.23,6386.0,ETF,ETF,38.0,,,,0.8436,0.5224,22790.0,10640.0,74.1,70.47,0,NO,72.36,,,,,,21,0.0,12782.0,NO,NO,2026-08-04,129300.0
2934,MBINM,25.69,25.58,9189.0,Financial Services,Banks - Regional,37.0,42.0,47.0,35.0,0.0956,0.0882,6963.0,5130.0,25.96,24.0,0,NO,25.59,25.46,25.33,25.52,25.38,,986,0.08,9189.0,NO,NO,2025-09-12,718000.0
2935,OGS,80.01,79.27,188484.0,Utilities,Utilities - Regulated Gas,37.0,73.0,73.0,13.0,1.5586,1.3979,607406.0,460930.0,90.78,74.06,5029130240,NO,80.05,79.23,81.67,79.44,82.72,,3174,0.39,362649.0,NO,NO,2014-01-31,9630700.0
2936,MRP,30.43,30.42,790652.0,Real Estate,REIT - Residential,37.0,86.0,82.0,31.0,0.4697,0.4371,1389733.0,842500.0,35.45,26.3,5052838400,NO,30.03,29.34,29.65,29.48,29.37,,394,0.0,1120533.0,NO,NO,2025-02-07,41730700.0
2937,ALTL,46.26,46.368,8580.0,ETF,ETF,37.0,47.0,15.0,34.0,0.2818,0.1726,7776.0,6980.0,51.77,39.62,0,NO,46.96,47.69,45.55,47.07,46.43,,1553,0.0,8592.0,NO,NO,2023-11-17,1118500.0
2938,POR,48.98,48.86,585452.0,Utilities,Utilities - Regulated Electric,37.0,35.0,55.0,12.0,0.8893,0.7593,1156131.0,1060210.0,54.62,41.8,5760427008,NO,49.6,50.95,50.62,50.76,51.26,,5136,0.36,908508.0,NO,NO,2022-06-28,16205900.0
2939,GCAD,50.75,51.39,10525.0,ETF,ETF,37.0,7.0,16.0,11.0,1.355,1.2724,8377.0,8060.0,59.11,42.9,0,NO,55.02,55.16,52.05,54.8,53.48,,917,0.0,10846.0,NO,NO,2026-06-17,39400.0
2940,XHOA,25.33,25.96,6.0,ETF,ETF,37.0,5.0,,,0.3414,0.0164,248.0,120.0,27.86,25.08,0,NO,26.33,26.5,,26.54,,,61,0.0,100.0,NO,NO,2026-06-03,9700.0
2941,PMTU,25.94,25.85,520.0,Finance,Real estate investment trusts,37.0,59.0,52.0,40.0,0.126,0.089,1276.0,980.0,26.26,25.02,0,NO,25.73,25.63,25.59,25.68,25.61,,733,0.0,635.0,NO,NO,2025-05-16,471500.0
2942,CPHY,51.83,51.855,204.0,ETF,ETF,37.0,49.0,50.0,38.0,0.0747,0.0075,679.0,320.0,51.97,50.16,0,NO,51.8,51.65,51.33,51.68,51.38,,265,0.0,208.0,NO,NO,2025-09-03,28700.0
2943,FMF,50.88,50.59,25967.0,ETF,ETF,37.0,54.0,27.0,37.0,0.3952,0.3588,54215.0,31610.0,52.44,46.42,0,NO,50.49,50.26,49.93,50.25,50.63,,3289,0.0,34703.0,NO,NO,2026-06-29,1349600.0
2944,TITN,20.44,20.57,273436.0,Industrials,Industrial Distribution,37.0,94.0,15.0,51.0,1.2099,1.1342,225214.0,297680.0,25.0,13.21,476296576,NO,18.89,19.09,18.44,18.94,19.37,,4707,0.0,436414.0,NO,NO,2012-09-10,7990000.0
2945,KAIT,24.51,25.06,43705.0,ETF,ETF,37.0,,,,,,18777.0,18777.0,25.55,23.3,0,NO,,,,,,,9,0.0,44717.0,NO,NO,2026-08-27,54400.0
2946,ZTAX,24.84,25.103,5682.0,ETF,ETF,37.0,38.0,54.0,40.0,0.2999,0.179,3188.0,1390.0,28.64,23.67,0,NO,25.4,25.46,25.45,25.38,25.42,,823,0.0,5728.0,NO,NO,2026-07-10,84700.0
2947,RINF,32.79,32.7,4333.0,ETF,ETF,37.0,47.0,47.0,46.0,0.125,0.1,3961.0,4270.0,33.05,31.74,0,NO,32.71,32.51,32.37,32.6,32.41,,3679,0.0,14482.0,NO,NO,2019-07-08,1648000.0
2948,GIND,25.03,25.035,1215.0,ETF,ETF,37.0,59.0,76.0,45.0,0.1221,0.0459,8582.0,6140.0,27.6,21.43,0,NO,25.0,24.58,24.64,24.7,24.1,,354,0.0,1215.0,NO,NO,2025-09-30,1561400.0
2949,FLGR,33.88,34.439,4804.0,ETF,ETF,37.0,57.0,35.0,36.0,0.2439,0.1405,3177.0,2710.0,35.18,29.96,0,NO,34.25,33.21,33.21,33.45,33.13,,2215,0.0,4813.0,NO,NO,2026-01-13,383000.0
2950,EWM,27.73,28.39,179326.0,ETF,ETF,37.0,26.0,23.0,24.0,0.2993,0.1627,268273.0,218540.0,30.64,24.65,0,NO,28.34,27.84,28.28,27.97,28.55,,7663,0.0,197198.0,NO,NO,2018-05-09,4399800.0
2951,ARWG,25.44,25.901,2439.0,ETF,ETF,37.0,25.0,33.0,42.0,0.3007,0.1554,1501.0,810.0,27.36,22.09,0,NO,26.5,26.24,,26.14,25.0,,168,0.0,2445.0,NO,NO,2025-12-30,100900.0
2952,CTA,29.1,28.27,528281.0,ETF,ETF,37.0,83.0,33.0,21.0,0.5647,0.4358,466649.0,416830.0,32.76,25.39,0,NO,27.3,26.92,28.48,27.21,28.85,,1125,0.92,887820.0,NO,NO,2025-04-04,3125000.0
2953,NSLRL,25.29,25.286,110.0,n/a,n/a,37.0,20.0,35.0,38.0,0.0354,0.0147,4988.0,1930.0,25.55,24.44,0,NO,25.23,25.11,25.06,25.15,25.1,,1178,0.0,15500.0,NO,NO,2024-08-12,630000.0
2954,GLTR,195.95,201.91,70754.0,ETF,ETF,37.0,84.0,13.0,4.0,4.6579,2.8804,70619.0,62810.0,295.44,147.35,0,NO,200.2,189.63,210.77,192.07,209.57,,3987,0.0,81685.0,NO,NO,2014-12-23,1647300.0
2955,AMZU,36.0,37.66,1579428.0,ETF,ETF,37.0,1.0,13.0,89.0,1.7551,1.5219,3104393.0,1976130.0,47.14,24.54,0,NO,39.28,36.55,35.4,37.23,35.28,,1000,0.0,1752339.0,NO,NO,2026-02-06,15917400.0
2956,OXLCN,24.73,24.6,3463.0,Financial Services,Asset Management,37.0,40.0,46.0,40.0,0.0854,0.0636,2552.0,2540.0,25.1,23.93,0,NO,24.73,24.7,24.57,24.69,24.64,,1059,0.0,3529.0,NO,NO,2022-06-17,74000.0
2957,KEMQ,25.54,25.757,4395.0,ETF,ETF,37.0,55.0,22.0,47.0,0.2551,0.1261,10422.0,1910.0,28.47,21.79,0,NO,26.04,25.65,25.22,25.59,24.82,,2232,0.0,4400.0,NO,NO,2020-06-19,2355200.0
2958,GLD,397.14,408.42,10028141.0,ETF,ETF,37.0,85.0,21.0,7.0,8.055,5.8771,8795763.0,13939080.0,509.7,320.24,0,NO,407.79,386.74,414.99,389.59,415.59,,5480,0.0,12575497.0,YES,NO,2013-04-15,93804200.0
2959,GLDM,85.63,88.11,5820593.0,ETF,ETF,37.0,82.0,22.0,6.0,1.7762,1.0584,4471471.0,6239440.0,109.74,68.88,0,NO,87.59,83.3,89.39,84.32,89.67,,2056,0.0,6605976.0,NO,NO,2026-01-30,72714300.0
2960,AGNCN,25.87,25.865,2494.0,Real Estate,REIT - Mortgage,37.0,47.0,46.0,42.0,0.0944,0.0937,25544.0,14630.0,26.11,24.65,0,NO,25.89,25.71,25.61,25.74,25.65,,2272,0.06,13267.0,NO,NO,2017-08-16,4632800.0
2961,TPFG,26.05,26.49,105.0,ETF,ETF,37.0,69.0,23.0,,0.3364,0.1093,4592.0,690.0,28.01,24.21,0,NO,26.28,26.23,,26.06,,,81,0.0,1500.0,NO,NO,2026-05-05,207700.0
2962,STRL,455.55,470.07,469784.0,Industrials,Engineering & Construction,37.0,0.0,0.0,54.0,29.8279,24.7207,784726.0,529810.0,1005.68,266.13,13934446592,NO,527.2,633.63,520.19,588.21,595.01,,8847,0.0,767495.0,NO,NO,2025-04-16,7646100.0
2963,QQQU,56.58,57.69,15744.0,ETF,ETF,37.0,81.0,14.0,81.0,1.3554,1.1951,54876.0,20970.0,66.97,38.42,0,NO,56.42,54.05,54.04,54.95,52.72,,623,0.0,16541.0,NO,NO,2025-11-24,567800.0
2964,AGNCM,25.19,25.2,10407.0,Real Estate,REIT - Mortgage,37.0,51.0,49.0,40.0,0.0928,0.0906,15541.0,10720.0,25.29,23.63,0,NO,25.2,25.06,24.86,25.07,24.9,,1883,0.0,10643.0,NO,NO,2019-04-25,850300.0
2965,EWQ,45.46,45.86,312571.0,ETF,ETF,37.0,21.0,38.0,27.0,0.3682,0.2604,300569.0,234160.0,48.39,41.58,0,NO,47.07,46.03,45.39,46.15,45.5,,7663,0.0,459260.0,NO,NO,2013-06-11,11532400.0
2966,MDU,19.92,19.92,889251.0,Utilities,Utilities - Regulated Gas,37.0,43.0,21.0,19.0,0.3608,0.3423,1485788.0,1355440.0,22.98,15.76,4190644992,NO,20.29,20.69,20.81,20.53,21.09,,13495,0.0,1356638.0,NO,NO,2024-10-10,65418254.0
2967,OUNZ,41.6,42.78,535706.0,ETF,ETF,37.0,82.0,22.0,6.0,0.8509,0.4966,692828.0,765620.0,53.35,33.52,0,NO,42.54,40.47,43.44,40.96,43.58,,3091,0.0,674164.0,NO,NO,2026-01-29,17831100.0
2968,XMMO,150.98,152.34,439350.0,ETF,ETF,37.0,22.0,11.0,34.0,2.7814,2.1439,396390.0,314600.0,173.94,129.31,0,NO,159.22,160.73,152.3,158.84,157.49,,5408,0.0,462478.0,NO,NO,2024-09-03,5858300.0
2969,ITEQ,61.69,63.243,2618.0,ETF,ETF,37.0,25.0,10.0,53.0,1.0725,0.5862,3444.0,2100.0,71.0,52.16,0,NO,64.28,64.57,61.46,64.45,62.55,,2721,0.0,2837.0,NO,NO,2021-10-26,484600.0
2970,CPHC,15.9,15.91,2948.0,Consumer Cyclical,Resorts & Casinos,37.0,75.0,50.0,45.0,0.2021,0.1543,1961.0,1720.0,17.43,14.39,82415960,NO,15.65,15.75,15.59,15.78,15.74,,4523,0.0,2970.0,NO,NO,2015-04-27,268400.0
2971,ISWN,22.1,22.38,500.0,ETF,ETF,37.0,40.0,40.0,25.0,0.1549,0.0895,1715.0,1370.0,24.46,20.67,0,NO,22.59,22.32,22.07,22.33,22.22,,1406,0.0,669.0,NO,NO,2021-01-26,1069800.0
2972,OXLCM,25.03,25.09,7657.0,Finance,Financial conglomerates,37.0,56.0,34.0,,0.106,0.0946,13077.0,6730.0,25.48,24.4,0,NO,25.12,25.02,,25.04,,,115,0.0,7666.0,NO,NO,2026-03-13,1312800.0
2973,AKRE,60.35,61.59,250990.0,ETF,ETF,37.0,77.0,76.0,60.0,1.1513,1.052,592012.0,433080.0,68.18,51.01,0,NO,59.8,57.01,57.85,57.98,55.5,,212,0.0,268235.0,NO,NO,2026-05-28,5246400.0
2974,SCD,15.55,15.6,49741.0,Financial Services,Asset Management,37.0,49.0,49.0,24.0,0.1607,0.1507,78100.0,65870.0,16.18,13.79,356079008,NO,15.68,15.56,15.3,15.56,15.42,,5665,0.0,55009.0,NO,NO,2007-12-26,1158900.0
2975,FWRD,16.52,17.0,288754.0,Industrials,Integrated Freight & Logistics,37.0,92.0,97.0,1.0,0.8814,0.8007,913553.0,463210.0,31.3,7.86,558059904,NO,18.02,15.57,19.52,16.04,16.78,,8252,0.0,446949.0,NO,NO,2026-05-08,9890200.0
2976,SGVA,100.76,100.77,3230.0,ETF,ETF,37.0,47.0,,,0.0304,0.0282,53628.0,14800.0,101.45,100.01,0,NO,100.66,100.45,,100.53,,,56,0.0,4030.0,NO,NO,2026-07-30,1436000.0
2977,MOTI,36.58,36.755,262.0,ETF,ETF,37.0,43.0,70.0,26.0,0.381,0.2539,8049.0,3490.0,39.49,32.66,0,NO,37.07,35.45,36.04,35.87,35.35,,2800,0.0,369.0,NO,NO,2026-04-29,2881500.0
2978,AGNCL,25.21,25.47,8835.0,Real Estate,REIT - Mortgage,37.0,56.0,49.0,38.0,0.1911,0.1817,11719.0,9970.0,25.5,23.61,0,NO,25.16,25.0,24.9,25.04,24.95,,997,0.0,9184.0,NO,NO,2022-09-30,684100.0
2979,SAFE,15.12,15.14,162013.0,Real Estate,REIT - Diversified,37.0,10.0,66.0,15.0,0.3129,0.2907,319787.0,254190.0,17.45,12.76,1070742144,NO,15.47,15.93,14.95,15.98,15.39,,9263,0.0,253337.0,NO,NO,2010-09-21,4313439.0
2980,BMNR,23.36,25.32,30854180.0,Financial Services,Capital Markets,37.0,97.0,95.0,82.0,1.6171,1.4579,39153165.0,53463380.0,65.6,12.8,14100416512,NO,20.98,17.82,22.45,18.5,19.11,,312,0.0,40001466.0,YES,NO,2025-08-11,147160700.0
2981,YLDW,25.62,25.711,6022.0,ETF,ETF,36.0,53.0,34.0,41.0,0.1196,0.0807,8846.0,5940.0,26.2,24.02,0,NO,25.84,25.6,,25.64,25.41,,179,0.0,6060.0,NO,NO,2025-12-12,171600.0
2982,YCLO,25.14,25.23,1197.0,ETF,ETF,36.0,16.0,,,0.0079,0.0029,168.0,210.0,25.26,25.07,0,NO,25.21,25.2,,25.21,,,60,0.0,100.0,NO,NO,2026-07-17,2300.0
2983,GII,73.62,74.17,47876.0,ETF,ETF,36.0,18.0,45.0,15.0,0.5664,0.4446,42622.0,25430.0,78.95,67.58,0,NO,74.9,75.63,74.55,75.4,76.03,,4927,0.0,50402.0,NO,NO,2014-09-11,941800.0
2984,GHC,1093.2,1128.89,17501.0,Industrials,Conglomerates,36.0,6.0,36.0,52.0,37.4911,37.4911,24185.0,38020.0,1262.35,929.76,4629623296,NO,1171.35,1171.92,1122.97,1166.28,1123.39,,13495,0.0,26380.0,NO,NO,2010-08-16,1452097.0
2985,JEPQ,58.97,60.22,7202424.0,ETF,ETF,36.0,69.0,24.0,45.0,0.5052,0.3724,6626939.0,5854020.0,61.72,53.51,0,NO,59.86,59.5,58.71,59.39,58.7,,1086,0.0,7610665.0,NO,NO,2025-04-04,22360000.0
2986,QMOM,72.48,73.055,9384.0,ETF,ETF,36.0,23.0,11.0,29.0,1.3039,0.8251,22504.0,17230.0,81.95,60.24,0,NO,75.8,75.81,72.36,75.24,74.5,,2701,0.0,10314.0,NO,NO,2022-11-01,413700.0
2987,AGNCO,25.66,25.72,10365.0,Real Estate,REIT - Mortgage,36.0,50.0,48.0,41.0,0.0686,0.0671,28371.0,20410.0,25.75,24.39,0,NO,25.64,25.49,25.39,25.52,25.42,,1740,0.0,11711.0,NO,NO,2019-09-27,6105500.0
2988,DGIN,37.47,37.58,199.0,ETF,ETF,36.0,50.0,76.0,52.0,0.2825,0.1019,2509.0,2650.0,43.8,30.2,0,NO,37.23,36.23,36.56,36.54,34.77,,1136,0.0,100.0,NO,NO,2024-04-04,131200.0
2989,FXB,129.83,130.37,3985.0,ETF,ETF,36.0,45.0,49.0,40.0,0.3857,0.2155,20319.0,4480.0,133.11,125.02,0,NO,130.21,129.08,129.11,129.57,129.13,,5077,0.0,4101.0,NO,NO,2016-06-24,1764500.0
2990,MHIG,20.21,20.27,257.0,ETF,ETF,36.0,68.0,55.0,,0.088,0.0064,107.0,140.0,20.59,19.64,0,NO,20.29,19.99,,20.06,,,92,0.0,260.0,NO,NO,2026-04-21,8600.0
2991,MBSX,27.12,27.605,1595.0,ETF,ETF,36.0,24.0,59.0,29.0,1.0549,0.8839,3663.0,2180.0,35.0,23.45,0,NO,27.06,27.12,26.88,27.1,27.16,,335,0.0,1721.0,NO,NO,2025-05-01,194600.0
2992,FOR,27.65,28.27,63563.0,Real Estate,Real Estate - Development,36.0,21.0,40.0,30.0,0.7093,0.6821,135939.0,106430.0,32.06,22.81,1410315008,NO,29.0,29.46,27.25,29.21,27.98,,4707,0.0,92594.0,NO,NO,2017-06-05,12937200.0
2993,RPAR,22.37,22.47,5693.0,ETF,ETF,36.0,72.0,26.0,17.0,0.1598,0.1029,24553.0,16140.0,23.69,20.17,0,NO,22.37,22.17,22.36,22.17,22.55,,1686,0.0,7610.0,NO,NO,2022-12-15,17155900.0
2994,GLIX,26.64,26.922,2268.0,ETF,ETF,36.0,20.0,39.0,15.0,0.1959,0.1439,14537.0,5510.0,30.47,24.74,0,NO,27.31,27.6,26.76,27.5,27.39,,227,0.0,2380.0,NO,NO,2026-07-10,497600.0
2995,TGRW,46.67,47.27,13412.0,ETF,ETF,36.0,63.0,16.0,63.0,0.4755,0.2355,19758.0,49490.0,49.72,38.83,0,NO,47.58,46.91,45.53,47.02,45.5,,1525,0.0,13444.0,NO,NO,2025-07-25,11570100.0
2996,OXLCL,24.61,24.355,755.0,Finance,Financial conglomerates,36.0,34.0,41.0,34.0,0.179,0.1179,2304.0,1720.0,24.99,23.42,0,NO,24.46,24.45,24.23,24.47,24.29,,1370,0.01,965.0,NO,NO,2021-03-18,183600.0
2997,DDV,25.42,25.444,452.0,ETF,ETF,36.0,48.0,46.0,35.0,0.0376,0.0201,3369.0,2370.0,25.97,24.48,0,NO,25.47,25.39,,25.39,25.33,,199,0.0,710.0,NO,NO,2026-02-02,81700.0
2998,RCLO,25.04,25.18,7410.0,ETF,ETF,36.0,50.0,52.0,45.0,0.0549,0.0396,18784.0,47660.0,25.36,24.14,0,NO,25.02,24.93,24.96,24.96,24.88,,215,0.0,7520.0,NO,NO,2026-08-12,290000.0
2999,XZO,16.56,16.78,112571.0,Financial Services,Insurance - Diversified,36.0,82.0,86.0,46.0,0.7665,0.7622,198855.0,192680.0,24.6,12.36,1491822848,NO,16.23,16.26,16.73,16.33,15.34,,205,0.0,157354.0,NO,NO,2025-11-05,3496500.0
3000,KT,19.64,19.68,614474.0,Communication Services,Telecom Services,36.0,85.0,78.0,7.0,0.3982,0.3646,1658034.0,1337330.0,24.58,17.13,9351436288,NO,18.91,18.33,19.84,18.56,20.11,,6858,0.0,933298.0,NO,NO,2001-12-18,11629800.0
3001,XIWC,24.2,24.61,207.0,ETF,ETF,36.0,68.0,,,0.4959,0.0881,467.0,300.0,27.7,22.31,0,NO,25.76,25.31,,25.21,,,62,0.0,209.0,NO,NO,2026-06-03,10100.0
3002,XEML,26.06,26.279,6.0,ETF,ETF,36.0,24.0,42.0,17.0,0.1669,0.0091,92.0,140.0,27.38,23.66,0,NO,26.49,25.98,,26.1,25.74,,168,0.0,100.0,NO,NO,2026-02-03,10600.0
3003,YUM,152.98,153.31,941937.0,Consumer Cyclical,Restaurants,36.0,30.0,64.0,14.0,3.9818,3.6004,2552869.0,2474300.0,170.14,137.33,41748406272,NO,150.39,153.2,154.78,153.3,155.79,,7283,0.0,1595643.0,NO,NO,2015-10-07,51106314.0
3004,AOK,41.07,41.26,88551.0,ETF,ETF,36.0,48.0,36.0,37.0,0.1448,0.1095,140511.0,93920.0,41.63,39.25,0,NO,41.35,41.21,40.81,41.2,40.94,,4471,0.0,116005.0,NO,NO,2022-07-28,4799100.0
3005,MITN,25.37,25.4,202.0,Finance,Real estate investment trusts,36.0,19.0,42.0,35.0,0.1002,0.0655,2619.0,2060.0,26.0,24.55,0,NO,25.35,25.48,25.35,25.42,25.33,,643,0.0,600.0,NO,NO,2024-02-06,71100.0
3006,XTR,28.97,29.125,87.0,ETF,ETF,36.0,58.0,43.0,63.0,0.1303,0.0441,2122.0,1460.0,31.42,24.63,0,NO,29.06,28.59,27.98,28.7,27.58,,1250,0.0,300.0,NO,NO,2024-04-16,44800.0
3007,GQRE,62.96,63.19,7185.0,ETF,ETF,36.0,15.0,42.0,24.0,0.4914,0.3214,9022.0,7990.0,67.49,58.11,0,NO,64.28,64.76,62.73,64.82,63.8,,3222,0.0,7432.0,NO,NO,2023-10-23,447800.0
3008,SHW,329.42,338.81,871703.0,Basic Materials,Specialty Chemicals,36.0,18.0,84.0,14.0,7.6436,6.4114,2221433.0,1588430.0,377.77,289.86,79949963264,NO,353.73,342.41,334.16,342.67,332.0,,11709,0.0,1471646.0,NO,NO,2006-02-22,67457700.0
3009,SAX,24.79,24.79,58566.0,n/a,n/a,36.0,,,,,,120200.0,120200.0,24.84,24.4,0,YES,,,,,,,4,0.0,61594.0,NO,NO,2026-08-27,208100.0
3010,DDT,26.11,26.05,7374.0,Finance,Finance/Rental/Leasing,36.0,31.0,48.0,39.0,0.1493,0.1379,8420.0,10340.0,26.8,25.11,0,NO,26.3,26.28,26.16,26.29,26.17,,7012,0.0,7707.0,NO,NO,2018-07-20,1151400.0
3011,MBNKO,25.67,25.74,720.0,Financial Services,Banks - Regional,36.0,43.0,44.0,33.0,0.1184,0.088,3014.0,6300.0,26.49,24.57,0,NO,25.77,25.64,25.46,25.65,25.6,,321,0.0,721.0,NO,NO,2025-07-01,227400.0
3012,MGRC,110.68,112.44,77754.0,Industrials,Rental & Leasing Services,36.0,15.0,64.0,39.0,2.8961,2.7596,180347.0,119930.0,127.68,94.99,2702394368,NO,118.07,118.19,112.07,117.11,113.8,,10529,0.0,152530.0,NO,NO,2002-01-22,3898800.0
3013,SUPP,78.55,78.691,35.0,ETF,ETF,36.0,18.0,13.0,36.0,0.9029,0.0209,285.0,200.0,88.63,67.34,0,NO,81.52,82.26,77.03,81.39,79.29,,888,0.0,35.0,NO,NO,2023-10-30,82900.0
3014,MILN,45.56,46.082,1843.0,ETF,ETF,36.0,53.0,68.0,54.0,0.5584,0.4077,9420.0,19190.0,50.86,39.23,0,NO,46.4,45.11,44.52,45.44,43.64,,2594,0.0,2170.0,NO,NO,2019-08-09,534800.0
3015,AEE,105.97,106.01,634227.0,Utilities,Utilities - Regulated Electric,36.0,18.0,53.0,15.0,1.585,1.4886,1627487.0,1266530.0,118.32,96.57,29342617600,NO,108.1,110.68,107.8,110.04,110.52,,7209,0.0,1213223.0,NO,NO,2009-09-10,17604800.0
3016,MBSF,25.65,25.68,74625.0,ETF,ETF,36.0,47.0,50.0,37.0,0.1889,0.1889,48122.0,31650.0,28.56,24.9,0,NO,25.67,25.69,25.67,25.68,25.67,,629,0.08,75606.0,NO,NO,2026-05-05,411700.0
3017,APRH,25.26,25.26,319.0,ETF,ETF,36.0,52.0,40.0,42.0,0.0521,0.0464,4207.0,3230.0,25.57,24.48,0,NO,25.2,25.14,25.03,25.11,25.1,,856,0.0,324.0,NO,NO,2023-05-02,245300.0
3018,AKAM,106.07,108.62,1745294.0,Technology,Software - Infrastructure,36.0,8.0,2.0,65.0,4.6736,4.405,3697850.0,2955280.0,165.45,70.82,15225337856,NO,114.97,116.94,109.23,115.38,117.05,,6749,0.0,2684103.0,NO,NO,2009-07-30,62872400.0
3019,YALL,44.19,44.65,1438.0,ETF,ETF,36.0,80.0,48.0,32.0,0.3632,0.2632,8953.0,7410.0,45.59,39.84,0,NO,44.23,42.96,43.42,43.25,43.23,,975,0.0,1446.0,NO,NO,2022-10-11,502200.0
3020,TPUT,25.16,25.16,7009.0,ETF,ETF,36.0,44.0,,,0.0643,0.0586,8828.0,9400.0,25.39,24.94,0,NO,25.2,25.19,,25.19,,,56,0.0,7036.0,NO,NO,2026-08-06,61400.0
3021,JANH,25.06,25.065,524.0,ETF,ETF,36.0,51.0,45.0,42.0,0.0215,0.0161,3663.0,800.0,25.14,23.83,0,NO,25.01,24.92,24.8,24.92,24.78,,668,0.0,529.0,NO,NO,2026-01-09,142900.0
3022,OCCIM,25.2,25.175,1722.0,Financial Services,Asset Management,36.0,52.0,43.0,40.0,0.0986,0.0761,2455.0,6020.0,26.06,24.42,0,NO,25.17,25.16,25.14,25.15,25.13,,478,0.0,1874.0,NO,NO,2024-10-04,75900.0
3023,NATO,39.18,39.922,71822.0,ETF,ETF,36.0,11.0,34.0,10.0,0.6674,0.5286,23711.0,30310.0,44.39,35.0,0,NO,42.3,41.26,40.21,41.33,40.58,,472,0.0,72410.0,NO,NO,2026-03-02,144500.0
3024,SPUC,49.04,49.36,18120.0,ETF,ETF,36.0,42.0,32.0,53.0,0.3487,0.2669,87236.0,43850.0,52.08,42.89,0,NO,50.1,49.45,48.18,49.56,48.08,,1503,0.0,115850.0,NO,NO,2026-07-23,3129600.0
3025,MFAO,25.32,25.26,14550.0,Finance,Real estate investment trusts,36.0,54.0,51.0,35.0,0.0875,0.0803,7338.0,5630.0,25.75,24.18,0,NO,25.16,25.29,25.27,25.28,25.24,,590,0.0,17027.0,NO,NO,2026-04-28,341100.0
3026,FTHI,23.68,23.79,939587.0,ETF,ETF,36.0,47.0,45.0,37.0,0.1611,0.1451,729873.0,651940.0,24.39,22.37,0,NO,24.0,23.85,23.68,23.85,23.64,,3181,0.0,985902.0,NO,NO,2026-04-23,3943400.0
3027,AAAC,20.05,20.125,11.0,ETF,ETF,36.0,17.0,34.0,34.0,0.0064,0.0011,76550.0,110.0,20.18,19.92,0,NO,20.09,20.07,,20.08,20.06,,179,0.0,100.0,NO,NO,2026-07-15,3780300.0
3028,NFRA,64.96,65.54,66765.0,ETF,ETF,36.0,41.0,34.0,26.0,0.4414,0.3579,74163.0,120260.0,67.36,59.6,0,NO,65.81,65.34,64.22,65.51,65.32,,3242,0.0,68807.0,NO,NO,2019-06-20,2968300.0
3029,NFRX,26.62,26.18,20.0,ETF,ETF,36.0,21.0,47.0,15.0,0.1927,0.08,6163.0,110.0,27.81,25.0,0,NO,26.54,26.82,,26.77,26.81,,147,0.0,20.0,NO,NO,2026-02-12,1499200.0
3030,EOT,16.97,17.25,33763.0,Financial Services,Asset Management,35.0,23.0,47.0,25.0,0.2846,0.2846,28447.0,27840.0,18.0,16.21,265214288,NO,17.39,17.39,17.19,17.33,17.26,,4343,0.0,34967.0,NO,NO,2022-06-21,333700.0
3031,JANJ,24.94,24.96,110.0,ETF,ETF,35.0,51.0,47.0,41.0,0.0268,0.0259,1507.0,2890.0,25.04,24.13,0,NO,24.91,24.85,24.77,24.85,24.76,,668,0.0,114.0,NO,NO,2024-01-03,217700.0
3032,JULH,25.21,25.25,269.0,ETF,ETF,35.0,55.0,51.0,39.0,0.0331,0.0216,4287.0,1500.0,25.48,24.68,0,NO,25.18,25.03,25.05,25.04,25.01,,794,0.0,273.0,NO,NO,2023-07-03,128400.0
3033,OZK,48.24,49.08,610169.0,Financial Services,Banks - Regional,35.0,10.0,57.0,42.0,0.8361,0.8046,1167357.0,996570.0,53.66,42.37,5259974656,NO,50.6,50.85,48.25,50.53,48.73,,7326,0.0,1049678.0,NO,NO,2018-10-19,20330800.0
3034,AMEM,25.06,25.11,1137.0,ETF,ETF,35.0,77.0,,,0.4731,0.2895,4568.0,3820.0,53.0,22.94,0,NO,26.41,,,24.55,,,48,0.0,1160.0,NO,NO,2026-06-24,41300.0
3035,ARIA,25.41,25.8,33.0,ETF,ETF,35.0,,,,0.3171,0.0271,131.0,110.0,26.03,24.76,0,NO,,,,,,,15,0.0,100.0,NO,NO,2026-08-11,500.0
3036,OCFC,18.55,18.84,563155.0,Financial Services,Banks - Regional,35.0,14.0,57.0,36.0,0.3349,0.3185,1073071.0,1028160.0,20.61,17.05,1792768640,NO,19.24,19.31,18.81,19.26,18.79,,7588,0.0,892524.0,NO,NO,1996-07-03,8223300.0
3037,SBR,75.54,75.1,19252.0,Energy,Oil & Gas Midstream,35.0,74.0,43.0,46.0,1.3735,1.3064,35065.0,37890.0,84.39,65.31,1101323776,NO,72.94,73.08,73.33,73.42,74.16,,11002,0.65,23425.0,NO,NO,1983-01-14,698000.0
3038,BPOPM,25.2,25.5,11422.0,Finance,Finance/Rental/Leasing,35.0,48.0,44.0,38.0,0.0836,0.0607,3141.0,3850.0,25.65,24.75,0,NO,25.22,25.2,25.27,25.2,25.25,,4471,0.0,11509.0,NO,NO,2009-02-24,217300.0
3039,VBCA,75.35,75.67,37538.0,ETF,ETF,35.0,37.0,45.0,,0.0993,0.0829,10982.0,7010.0,76.0,75.0,0,NO,75.57,75.55,,75.55,,,109,0.0,38444.0,NO,NO,2026-04-27,139400.0
3040,GHTA,31.11,31.189,781.0,ETF,ETF,35.0,70.0,58.0,38.0,0.2043,0.1264,1906.0,3130.0,37.18,27.26,0,NO,31.06,30.68,30.6,30.76,30.58,,1200,0.0,1217.0,NO,NO,2022-12-20,269800.0
3041,TYLD,25.43,25.405,1830.0,ETF,ETF,35.0,48.0,50.0,39.0,0.0159,0.0106,12553.0,2240.0,25.53,25.05,0,NO,25.39,25.33,25.29,25.35,25.28,,666,0.06,2058.0,NO,NO,2025-05-20,679800.0
3042,DIS,106.27,107.55,3729646.0,Communication Services,Entertainment,35.0,88.0,65.0,43.0,2.3257,2.1893,10502615.0,7983250.0,119.78,92.19,183633149952,NO,105.63,100.74,104.0,101.64,101.73,,16274,0.0,6910193.0,NO,NO,1984-10-04,205867207.0
3043,AGZD,22.55,22.52,16113.0,ETF,ETF,35.0,39.0,42.0,40.0,0.07,0.0686,59204.0,22210.0,22.88,22.09,0,NO,22.58,22.59,22.57,22.59,22.59,,3193,0.0,187468.0,NO,NO,2015-08-21,2452800.0
3044,IWFG,53.68,54.248,617.0,ETF,ETF,35.0,52.0,22.0,62.0,0.4793,0.0399,652.0,140.0,56.28,44.81,0,NO,54.88,53.9,52.3,54.03,52.03,,1051,0.0,617.0,NO,NO,2025-09-30,660100.0
3045,TMGN,24.36,24.69,31772.0,ETF,ETF,35.0,78.0,,,0.3675,0.3132,35714.0,45130.0,25.36,21.97,0,NO,24.7,,,,,,34,0.0,33510.0,NO,NO,2026-07-15,149300.0
3046,AGNCZ,25.57,25.66,15247.0,Real Estate,REIT - Mortgage,35.0,48.0,50.0,31.0,0.1533,0.1519,39069.0,31810.0,26.37,24.58,0,NO,25.52,25.39,25.51,25.4,25.42,,249,0.0,18207.0,NO,NO,2025-09-04,2343400.0
3047,CUBE,39.6,39.72,1321931.0,Real Estate,REIT - Industrial,35.0,14.0,54.0,17.0,0.7009,0.6623,2104622.0,1865080.0,43.26,35.09,8979102720,NO,41.04,41.02,39.05,41.04,40.03,,5498,0.0,2306355.0,NO,NO,2022-12-16,36453200.0
3048,AEP,122.86,122.43,1345679.0,Utilities,Utilities - Regulated Electric,35.0,15.0,40.0,13.0,1.945,1.9193,4597414.0,3453880.0,140.58,105.7,66895548416,NO,124.49,130.1,126.86,128.74,130.48,,16274,0.33,2771992.0,NO,NO,1988-08-03,56677100.0
3049,GGOV,50.15,50.18,248978.0,ETF,ETF,35.0,45.0,46.0,46.0,0.2773,0.2673,856530.0,256970.0,51.32,48.05,0,NO,50.17,50.13,49.68,50.12,49.8,,297,0.0,296890.0,NO,NO,2026-05-28,41918100.0
3050,RISE,19.24,19.11,1145.0,ETF,ETF,35.0,74.0,64.0,,0.1364,0.0528,2649.0,3640.0,19.66,17.53,108250664,NO,18.89,18.43,,18.57,,,90,0.0,1246.0,NO,NO,2026-04-23,1164100.0
3051,SPGI,440.48,435.84,2647566.0,Financial Services,Financial Data & Stock Exchanges,35.0,82.0,79.0,53.0,11.0157,10.6793,2187660.0,1733980.0,522.47,361.03,129989115904,NO,422.11,421.4,430.63,429.34,409.71,,13495,0.0,3283766.0,NO,NO,2013-02-05,35537503.0
3052,OGIG,50.03,51.26,3913.0,ETF,ETF,35.0,83.0,39.0,80.0,0.7851,0.5846,9836.0,16900.0,58.76,39.07,0,NO,50.27,47.4,47.06,48.21,45.21,,2071,0.0,5261.0,NO,NO,2020-03-05,922900.0
3053,VEMY,28.45,28.525,6013.0,ETF,ETF,35.0,41.0,36.0,36.0,0.0819,0.057,30122.0,13900.0,29.11,27.34,0,NO,28.59,28.67,28.45,28.64,28.53,,931,0.0,6203.0,NO,NO,2026-07-01,456300.0
3054,KTH,28.52,28.73,1.0,Finance,Finance/Rental/Leasing,35.0,19.0,52.0,32.0,0.1321,0.0907,788.0,530.0,30.0,27.93,0,NO,28.65,28.52,28.63,28.55,28.59,,6424,0.0,200.0,NO,NO,2016-06-21,47500.0
3055,AMGR,25.1,25.32,2490.0,ETF,ETF,35.0,54.0,,,0.4125,0.3303,9656.0,3850.0,27.91,24.25,0,NO,25.6,,,25.22,,,48,0.0,2490.0,NO,NO,2026-08-05,66900.0
3056,ALB,135.84,134.97,952352.0,Basic Materials,Specialty Chemicals,35.0,92.0,4.0,4.0,5.54,4.6636,2297680.0,1826580.0,221.0,71.25,16029806592,NO,132.28,129.22,156.2,129.67,158.34,,8185,0.0,1512960.0,NO,NO,2016-06-30,24895500.0
3057,SCUB,24.98,25.1,9.0,ETF,ETF,35.0,26.0,37.0,,0.0136,0.0043,1750.0,8820.0,25.18,24.92,0,NO,25.06,25.05,,25.06,,,106,0.0,2400.0,NO,NO,2026-04-17,119100.0
3058,FTBI,21.56,21.681,4921.0,ETF,ETF,35.0,46.0,35.0,33.0,0.203,0.1739,6625.0,8790.0,24.14,19.81,0,NO,21.86,21.71,21.52,21.71,21.56,,316,0.0,5051.0,NO,NO,2025-06-26,797600.0
3059,AETH,37.97,38.511,234.0,ETF,ETF,35.0,95.0,87.0,59.0,0.8385,0.3483,620.0,1050.0,53.73,28.27,0,NO,33.32,31.45,34.62,32.34,33.49,,731,0.0,241.0,NO,NO,2024-11-11,51200.0
3060,NEWTG,25.2,25.335,5885.0,Finance,Finance/Rental/Leasing,35.0,23.0,50.0,39.0,0.1479,0.1335,3344.0,2610.0,25.82,24.5,0,NO,25.58,25.55,25.33,25.58,25.38,,564,0.0,5949.0,NO,NO,2024-05-31,166600.0
3061,JA,50.17,50.17,25223.0,ETF,ETF,35.0,45.0,47.0,37.0,0.0411,0.0282,17380.0,31960.0,50.37,49.85,0,NO,50.17,50.17,,50.18,,,134,0.0,25775.0,NO,NO,2026-05-21,168000.0
3062,TPZ,21.5,21.44,10830.0,ETF,ETF,35.0,45.0,49.0,15.0,0.3164,0.28,9774.0,6790.0,23.03,19.93,0,NO,21.45,21.76,21.63,21.69,22.02,,4299,0.0,11464.0,NO,NO,2024-12-26,1567900.0
3063,RMME,100.33,100.305,6.0,ETF,ETF,35.0,26.0,37.0,34.0,0.0214,0.0104,3438.0,1440.0,100.63,100.0,0,NO,100.21,100.23,,100.22,100.23,,185,0.01,1600.0,NO,NO,2025-12-04,76600.0
3064,FSS,113.99,117.0,211095.0,Industrials,Farm & Heavy Construction Machinery,35.0,6.0,77.0,17.0,3.7864,3.5614,511417.0,307300.0,134.51,101.19,6957828096,NO,123.88,122.25,115.09,121.73,116.13,,11709,0.0,382424.0,NO,NO,2010-05-07,9806600.0
3065,XCSH,100.18,100.18,6.0,ETF,ETF,35.0,,,,,,8880.0,8880.0,100.41,100.05,0,NO,,,,,,,10,0.0,6.0,NO,NO,2026-08-25,26900.0
3066,VBCB,75.2,75.5,40763.0,ETF,ETF,35.0,37.0,43.0,,0.1043,0.075,23923.0,53500.0,75.8,74.93,0,NO,75.48,75.45,,75.44,,,109,0.0,47671.0,NO,NO,2026-08-25,353100.0
3067,BMA,78.56,78.68,238030.0,Financial Services,Banks - Regional,35.0,2.0,7.0,44.0,3.4911,3.4704,282534.0,395390.0,106.15,38.3,5011221504,NO,79.78,87.19,84.45,84.58,81.54,,5140,0.0,340320.0,NO,NO,2019-05-28,7173700.0
3068,JEPI,56.97,57.5,4343667.0,ETF,ETF,35.0,31.0,64.0,21.0,0.2682,0.2156,4684173.0,4417600.0,59.9,55.1,0,NO,57.76,57.09,57.3,57.26,57.07,,1577,0.0,4674427.0,NO,NO,2025-04-04,15139200.0
3069,VPFF,25.18,25.26,63.0,ETF,ETF,35.0,22.0,,,0.0986,0.0286,1361.0,180.0,25.5,24.8,0,NO,25.25,,,,,,33,0.0,100.0,NO,NO,2026-07-15,28100.0
3070,GCLO,50.13,50.13,117.0,ETF,ETF,35.0,,,,,,19675.0,19675.0,50.13,50.01,0,NO,,,,,,,8,0.0,1060.0,NO,NO,2026-08-25,80300.0
3071,APRJ,24.99,24.97,1240.0,ETF,ETF,35.0,49.0,41.0,40.0,0.0343,0.0268,3066.0,2250.0,25.2,24.47,0,NO,24.93,24.88,24.86,24.86,24.89,,856,0.0,1676.0,NO,NO,2023-04-03,389800.0
3072,GJO,24.67,24.6,800.0,Finance,Finance/Rental/Leasing,35.0,18.0,44.0,32.0,0.1121,0.0629,877.0,640.0,25.29,24.02,0,NO,24.66,24.73,24.8,24.72,24.77,,5224,0.0,600.0,NO,NO,2006-03-20,200100.0
3073,ACTS,25.78,26.13,2703.0,ETF,ETF,35.0,29.0,16.0,,0.3136,0.1207,9982.0,3000.0,29.38,23.48,0,NO,26.9,27.16,,26.84,,,114,0.0,3000.0,NO,NO,2026-07-15,157600.0
3074,LBOX,25.03,25.04,2424.0,ETF,ETF,35.0,,,,,,454.0,454.0,25.03,25.02,0,NO,,,,,,,5,0.0,2429.0,NO,NO,2026-08-27,2809.0
3075,OXLCG,25.21,25.185,6336.0,Finance,Financial conglomerates,35.0,48.0,42.0,38.0,0.1136,0.0986,3903.0,4770.0,25.6,24.57,0,NO,25.15,25.11,25.16,25.15,25.13,,378,0.1,6477.0,NO,NO,2025-02-28,161700.0
3076,JLVP,51.12,51.02,15.0,ETF,ETF,35.0,,,,0.2801,0.0379,2472.0,820.0,53.51,50.17,0,NO,51.23,,,,,,22,0.0,15.0,NO,NO,2026-08-03,41000.0
3077,RBIL,50.0,49.97,21188.0,ETF,ETF,34.0,44.0,44.0,39.0,0.0498,0.0379,39195.0,24860.0,50.35,49.49,0,NO,49.95,49.95,49.92,49.97,49.99,,381,0.04,21822.0,NO,NO,2026-03-09,932100.0
3078,GJR,24.72,24.72,30.0,Finance,Finance/Rental/Leasing,34.0,11.0,44.0,32.0,0.03,0.0,466.0,390.0,25.28,24.3,0,NO,24.73,24.85,24.82,24.88,24.8,,4697,0.0,400.0,NO,NO,2008-02-26,200200.0
3079,STRF,102.68,102.44,65856.0,Technology,Software - Application,34.0,85.0,68.0,43.0,1.1663,1.0988,141265.0,94130.0,117.05,82.5,0,NO,98.1,96.12,99.56,97.7,97.65,,360,0.0,67750.0,NO,NO,2025-03-31,1843500.0
3080,LBO,27.33,27.561,473.0,ETF,ETF,34.0,82.0,72.0,69.0,0.3559,0.1404,661.0,770.0,31.78,22.52,0,NO,27.17,25.66,26.25,25.99,25.13,,689,0.0,521.0,NO,NO,2025-11-10,91700.0
3081,MC,67.25,68.07,361683.0,Financial Services,Capital Markets,34.0,36.0,22.0,73.0,2.5163,2.4799,909007.0,656190.0,78.22,51.06,4981754880,NO,67.58,67.12,66.01,67.26,64.2,,3112,0.0,738538.0,NO,NO,2023-06-16,15139700.0
3082,ARCC,19.9,20.07,4460295.0,Financial Services,Asset Management,34.0,81.0,69.0,53.0,0.2475,0.2268,4690196.0,3273700.0,22.51,17.4,14292245504,NO,19.85,19.12,19.29,19.38,18.86,,5511,0.0,5694383.0,NO,NO,2014-06-27,28820900.0
3083,OWN,24.79,25.17,114.0,ETF,ETF,34.0,65.0,,,0.2021,0.0243,2706.0,200.0,25.53,23.4,0,NO,25.1,24.51,,24.65,,,62,0.0,14536.0,NO,NO,2026-07-16,39400.0
3084,SEIX,23.3,23.31,91870.0,ETF,ETF,34.0,51.0,49.0,42.0,0.0464,0.0363,81193.0,103470.0,23.74,22.91,0,NO,23.26,23.21,23.25,23.22,23.19,,1848,0.0,98810.0,NO,NO,2022-04-04,1085700.0
3085,TBLL,105.63,105.63,162847.0,ETF,ETF,34.0,44.0,46.0,37.0,0.0382,0.0143,256279.0,421360.0,105.9,105.46,0,NO,105.71,105.63,105.65,105.68,105.67,,2415,0.0,203925.0,NO,NO,2026-03-13,4064900.0
3086,XW,24.52,24.84,9.0,ETF,ETF,34.0,85.0,,,0.2371,0.0,340.0,100.0,25.56,22.11,0,NO,24.52,23.86,,23.98,,,61,0.0,100.0,NO,NO,2026-06-03,10000.0
3087,ONLN,57.29,58.0,712.0,ETF,ETF,34.0,15.0,43.0,49.0,0.7593,0.4611,6461.0,4650.0,63.94,50.87,0,NO,59.62,57.71,57.58,58.02,56.47,,1976,0.0,1422.0,NO,NO,2022-09-27,3136900.0
3088,CSHI,49.76,49.76,901679.0,ETF,ETF,34.0,42.0,44.0,38.0,0.0425,0.0317,603833.0,652460.0,49.93,49.55,0,NO,49.75,49.77,49.75,49.77,49.75,,1004,0.0,1015226.0,NO,NO,2024-04-24,1294800.0
3089,JMMF,100.15,100.15,4839.0,ETF,ETF,34.0,44.0,47.0,37.0,0.0763,0.0674,6871.0,11350.0,100.68,99.79,0,NO,100.17,100.15,,100.16,100.15,,179,0.0,5075.0,NO,NO,2026-05-08,45600.0
3090,FLTR,25.52,25.6,1303141.0,ETF,ETF,34.0,38.0,47.0,38.0,0.0271,0.0207,1184768.0,1313030.0,25.61,25.34,0,NO,25.56,25.56,25.52,25.57,25.53,,3860,0.0,1585755.0,NO,NO,2024-07-31,6225100.0
3091,TRSY,30.12,30.22,46654.0,ETF,ETF,34.0,40.0,47.0,38.0,0.0252,0.0184,37795.0,29590.0,30.44,29.82,0,NO,30.17,30.16,30.13,30.16,30.15,,474,0.0,46660.0,NO,NO,2026-03-31,724100.0
3092,EMNT,98.68,99.055,9552.0,ETF,ETF,34.0,38.0,47.0,37.0,0.0965,0.053,10357.0,5870.0,99.4,98.48,0,NO,98.95,98.88,98.8,98.9,98.85,,1687,0.0,9718.0,NO,NO,2022-12-08,256100.0
3093,GCSH,50.06,50.09,1763799.0,ETF,ETF,34.0,35.0,,,0.0618,0.0468,8116.0,11840.0,50.67,50.0,0,NO,50.09,50.17,,50.17,,,54,0.0,1763814.0,NO,YES,2026-09-01,1763814.0
3094,OCTJ,24.14,24.1,1042.0,ETF,ETF,34.0,46.0,44.0,37.0,0.0486,0.0468,2436.0,2260.0,24.38,23.49,0,NO,24.09,24.06,24.05,24.05,24.04,,731,0.0,1146.0,NO,NO,2025-04-04,248500.0
3095,MMK,100.03,100.31,1592.0,ETF,ETF,34.0,38.0,46.0,37.0,0.0361,0.0096,2080.0,1650.0,100.34,99.99,0,NO,100.17,100.18,,100.18,100.16,,138,0.0,1719.0,NO,NO,2026-06-11,15100.0
3096,GAEM,26.64,26.769,9770.0,ETF,ETF,34.0,46.0,41.0,37.0,0.0983,0.0522,8700.0,14850.0,28.25,25.68,0,NO,26.86,26.87,26.69,26.84,26.7,,514,0.0,9891.0,NO,NO,2025-09-19,598100.0
3097,FUSI,50.62,50.6,11463.0,ETF,ETF,34.0,42.0,46.0,38.0,0.1048,0.1,8509.0,16620.0,50.87,50.1,0,NO,50.54,50.57,50.45,50.57,50.47,,864,0.0,15683.0,NO,NO,2024-06-04,740300.0
3098,GENZ,39.37,39.68,761.0,ETF,ETF,34.0,79.0,77.0,62.0,0.5236,0.2157,1920.0,1440.0,47.04,33.43,0,NO,39.47,38.39,37.83,38.67,36.69,,4680,0.0,762.0,NO,NO,2009-05-08,2694900.0
3099,GJS,23.2,23.31,2205.0,Finance,Finance/Rental/Leasing,34.0,26.0,44.0,35.0,0.1143,0.0721,969.0,700.0,24.68,22.7,0,NO,23.44,23.5,23.44,23.5,23.51,,5117,0.0,2207.0,NO,NO,2009-08-12,634700.0
3100,MSTQ,38.26,38.803,486.0,ETF,ETF,34.0,70.0,17.0,73.0,0.3604,0.1434,2328.0,1220.0,41.37,31.79,0,NO,38.9,38.51,37.02,38.41,36.99,,1119,0.0,550.0,NO,NO,2023-12-04,183300.0
3101,BSP,40.28,41.35,451026.0,Technology,Software - Application,34.0,91.0,,,3.6357,3.2057,2771127.0,1149880.0,58.94,30.11,25586634752,YES,42.95,,,38.23,,,43,0.0,758386.0,NO,NO,2026-07-01,17370300.0
3102,OPER,100.04,100.04,7876.0,ETF,ETF,34.0,43.0,46.0,37.0,0.0794,0.0569,8106.0,4060.0,100.47,99.88,0,NO,100.18,100.2,100.18,100.19,100.2,,2046,0.0,7882.0,NO,NO,2023-11-30,306600.0
3103,CVCO,554.52,559.13,94285.0,Consumer Cyclical,Residential Construction,34.0,55.0,65.0,29.0,15.8864,14.38,113003.0,82890.0,713.01,443.34,4261005312,NO,584.37,581.06,561.0,575.2,546.99,,5829,0.0,122664.0,NO,NO,2008-03-20,2607900.0
3104,OCTH,24.15,24.2,385.0,ETF,ETF,34.0,47.0,42.0,38.0,0.0407,0.0371,2247.0,1610.0,24.56,23.41,0,NO,24.16,24.12,24.07,24.1,24.06,,731,0.0,492.0,NO,NO,2023-10-03,136600.0
3105,VBIL,75.5,75.71,3984140.0,ETF,ETF,34.0,38.0,47.0,37.0,0.03,0.0114,2490685.0,2508400.0,75.73,75.31,0,NO,75.6,75.61,75.55,75.61,75.58,,389,0.0,4365422.0,NO,NO,2026-03-16,9352500.0
3106,SGVT,100.5,100.76,243243.0,ETF,ETF,34.0,39.0,46.0,37.0,0.0364,0.015,257825.0,232920.0,100.79,100.3,0,NO,100.63,100.64,100.6,100.64,100.63,,306,0.0,284875.0,NO,NO,2026-03-18,751200.0
3107,ADPV,44.31,44.5,6049.0,ETF,ETF,34.0,28.0,17.0,34.0,0.4941,0.3079,10265.0,9980.0,49.71,38.57,0,NO,45.3,45.81,44.48,45.39,44.73,,957,0.0,6690.0,NO,NO,2023-02-13,210600.0
3108,MMKT,100.21,100.2,10347.0,ETF,ETF,34.0,44.0,46.0,37.0,0.0279,0.0116,6123.0,4350.0,100.45,99.84,0,NO,100.22,100.22,100.23,100.2,100.21,,484,0.01,10363.0,NO,NO,2024-10-04,132100.0
3109,SBIL,100.07,100.08,985735.0,ETF,ETF,34.0,43.0,45.0,37.0,0.0416,0.0206,285130.0,416560.0,100.71,100.0,0,NO,100.19,100.18,100.18,100.16,100.17,,285,0.0,993692.0,NO,NO,2025-07-21,7849900.0
3110,TCHP,49.83,50.48,241964.0,ETF,ETF,34.0,66.0,16.0,58.0,0.5914,0.4283,241212.0,159340.0,53.26,42.26,0,NO,50.82,49.87,49.06,50.0,48.88,,1525,0.0,268532.0,NO,NO,2026-03-16,2581200.0
3111,TUSB,50.37,50.383,24368.0,ETF,ETF,34.0,42.0,45.0,37.0,0.0964,0.0872,19574.0,15210.0,55.23,50.05,0,NO,50.5,50.46,50.45,50.46,50.45,,385,0.01,28401.0,NO,NO,2025-04-14,1731700.0
3112,GAIQ,64.83,65.37,8.0,ETF,ETF,34.0,,,,,,1028.0,100.0,65.37,63.83,0,NO,,,,,,,13,0.0,100.0,NO,NO,2026-08-12,10500.0
3113,FITZ,25.26,25.49,35389.0,ETF,ETF,34.0,75.0,,,0.2257,0.19,86244.0,47820.0,36.3,23.43,0,NO,25.44,24.75,,24.95,,,66,0.0,38438.0,NO,NO,2026-05-28,1025300.0
3114,TRPA,38.86,38.883,27165.0,ETF,ETF,34.0,44.0,46.0,36.0,0.1004,0.0911,16228.0,15420.0,39.27,38.44,0,NO,38.95,38.93,38.93,38.93,38.91,,2074,0.0,27957.0,NO,NO,2022-01-06,1099500.0
3115,ACLO,50.35,50.525,653.0,ETF,ETF,34.0,38.0,47.0,37.0,0.0411,0.023,41884.0,10460.0,50.95,50.15,0,NO,50.43,50.42,50.38,50.42,50.39,,446,0.0,698.0,NO,NO,2025-02-06,745100.0
3116,TLDR,24.98,25.025,76793.0,ETF,ETF,34.0,42.0,45.0,36.0,0.0143,0.0086,39795.0,8520.0,25.1,24.74,0,NO,25.02,25.02,,25.02,25.02,,154,0.0,77040.0,NO,NO,2026-07-28,1514100.0
3117,PMMF,100.32,100.31,128343.0,ETF,ETF,34.0,44.0,46.0,37.0,0.0359,0.0157,161393.0,168400.0,100.57,100.1,0,NO,100.3,100.29,100.33,100.29,100.32,,393,0.01,150650.0,NO,NO,2025-06-27,426400.0
3118,FORH,24.76,25.172,33.0,ETF,ETF,34.0,68.0,22.0,22.0,0.1985,0.0898,734.0,480.0,27.79,23.04,0,NO,24.93,24.53,24.82,24.59,24.77,,1339,0.0,1800.0,NO,NO,2021-05-07,291200.0
3119,TFLO,50.5,50.65,2183075.0,ETF,ETF,34.0,38.0,46.0,37.0,0.025,0.0114,1434420.0,1141540.0,50.67,50.39,0,NO,50.58,50.59,50.55,50.58,50.58,,3162,0.0,2323147.0,NO,NO,2023-07-20,74721700.0
3120,SPMA,25.07,25.07,6543.0,Financial Services,Asset Management,34.0,46.0,45.0,37.0,0.0834,0.0654,5280.0,9340.0,25.98,24.7,0,NO,25.05,25.05,25.1,25.06,25.06,,451,0.0,7026.0,NO,NO,2025-04-08,74000.0
3121,GMMF,100.32,100.31,13076.0,ETF,ETF,34.0,44.0,46.0,37.0,0.0312,0.014,23130.0,16900.0,100.55,100.1,0,NO,100.3,100.29,100.32,100.3,100.31,,387,0.0,13506.0,NO,NO,2026-05-22,161400.0
3122,FMAG,35.34,35.96,56401.0,ETF,ETF,34.0,24.0,19.0,52.0,0.3666,0.2273,20200.0,19520.0,37.58,30.49,0,NO,36.56,36.14,34.83,36.13,35.06,,1399,0.0,56478.0,NO,NO,2024-10-17,405000.0
3123,FUSD,24.92,24.92,20078.0,ETF,ETF,34.0,48.0,,,0.0486,0.0279,21641.0,1390.0,25.32,24.92,0,NO,25.07,,,25.06,,,48,0.0,20081.0,NO,NO,2026-06-24,995200.0
3124,TSCM,19.96,20.406,1504.0,ETF,ETF,34.0,30.0,25.0,53.0,0.2489,0.0974,1377.0,1190.0,21.7,17.34,0,NO,20.82,20.67,,20.65,19.65,,168,0.0,2204.0,NO,NO,2025-12-30,100200.0
3125,TRUR,25.47,24.98,9.0,ETF,ETF,33.0,21.0,,,0.1603,0.01,169.0,120.0,26.01,24.85,0,NO,25.36,,,,,,39,0.0,9.0,NO,NO,2026-08-14,1000.0
3126,GMOC,50.08,50.265,311.0,ETF,ETF,33.0,17.0,33.0,34.0,0.0345,0.0119,5330.0,720.0,50.27,49.68,0,NO,50.17,50.15,50.12,50.15,50.13,,210,0.0,200.0,NO,NO,2026-06-11,153000.0
3127,LCTO,24.85,25.16,171.0,ETF,ETF,33.0,55.0,,,0.1514,0.0498,617.0,1070.0,25.72,24.08,0,NO,25.35,,,,,,40,0.0,185.0,NO,NO,2026-08-27,4700.0
3128,PPA,165.1,167.39,240577.0,ETF,ETF,33.0,11.0,18.0,10.0,2.7819,2.4383,188223.0,198960.0,186.3,144.29,0,NO,178.22,175.56,170.21,175.29,173.4,,5243,0.0,262682.0,NO,NO,2011-12-21,5323300.0
3129,RARE,25.75,25.21,1238176.0,Healthcare,Biotechnology,33.0,74.0,86.0,73.0,1.1926,1.0825,2340585.0,2257230.0,39.89,18.29,2536691712,NO,26.04,28.39,26.25,27.87,24.98,,3164,0.0,1871163.0,NO,NO,2025-12-29,21699800.0
3130,NEE,82.7,82.34,6748262.0,Utilities,Utilities - Regulated Electric,33.0,13.0,38.0,11.0,1.2,1.105,11009455.0,11069130.0,98.75,69.24,172552126464,NO,84.95,86.86,87.85,86.27,89.59,,13495,0.44,10864437.0,YES,NO,1993-11-18,149870400.0
3131,KCSH,25.05,25.045,200.0,ETF,ETF,33.0,43.0,45.0,36.0,0.0191,0.0089,11988.0,280.0,25.27,25.01,0,NO,25.08,25.08,25.09,25.07,25.08,,526,0.0,306.0,NO,NO,2024-07-26,3992400.0
3132,FUMB,20.05,20.06,132583.0,ETF,ETF,33.0,45.0,47.0,36.0,0.0257,0.0236,57876.0,45940.0,20.72,19.98,0,NO,20.06,20.07,20.08,20.06,20.07,,1962,0.0,136237.0,NO,NO,2022-05-10,2292700.0
3133,SPTU,25.0,25.085,29450.0,ETF,ETF,33.0,37.0,46.0,37.0,0.0124,0.0048,2201.0,2870.0,25.09,24.97,0,NO,25.05,25.05,25.05,25.05,25.05,,225,0.0,29455.0,NO,NO,2026-01-16,50500.0
3134,GISC,50.01,50.15,1333.0,ETF,ETF,33.0,38.0,,,0.1136,0.0886,6146.0,6300.0,50.36,49.89,0,NO,50.05,50.14,,50.12,,,54,0.0,7101.0,NO,NO,2026-06-16,32100.0
3135,DRGN,34.58,34.713,1886.0,ETF,ETF,33.0,20.0,17.0,46.0,0.6244,0.3477,11016.0,10270.0,40.93,30.06,0,NO,35.53,36.0,34.87,35.61,35.03,,285,0.0,2411.0,NO,NO,2026-02-11,126800.0
3136,MINT,100.47,100.77,1597642.0,ETF,ETF,33.0,59.0,47.0,33.0,0.0479,0.022,1490393.0,1307680.0,100.82,100.28,0,NO,100.66,100.65,100.56,100.64,100.59,,4222,0.0,1690975.0,NO,NO,2022-10-28,12439000.0
3137,OSW,22.31,24.83,976911.0,Consumer Cyclical,Leisure,33.0,3.0,15.0,55.0,0.8855,0.8055,898676.0,850450.0,29.25,19.06,2268496128,NO,26.14,26.59,23.32,26.17,24.54,,2206,0.0,1597030.0,NO,NO,2026-02-09,18336900.0
3138,BMSI,25.09,25.26,206.0,ETF,ETF,33.0,,,,0.0471,0.0043,160.0,240.0,25.34,25.08,0,NO,25.27,,,,,,25,0.0,789.0,NO,NO,2026-08-27,1200.0
3139,BSGR,25.01,25.03,1986.0,ETF,ETF,33.0,43.0,,,0.0329,0.0221,3763.0,9380.0,25.16,24.97,0,NO,25.05,25.04,,25.05,,,57,0.0,6638.0,NO,NO,2026-08-31,62200.0
3140,ARMS,25.04,25.09,1173.0,ETF,ETF,33.0,,,,0.06,0.0286,52860.0,180.0,25.22,25.01,0,NO,25.13,,,,,,23,0.0,1175.0,NO,NO,2026-08-14,1195100.0
3141,NEMD,52.24,52.379,8679.0,ETF,ETF,33.0,41.0,35.0,29.0,0.2059,0.1172,9634.0,3830.0,55.25,49.89,0,NO,52.67,52.75,52.64,52.7,52.72,,265,0.0,8685.0,NO,NO,2026-06-25,103200.0
3142,MMTM,300.47,303.17,519.0,ETF,ETF,33.0,49.0,14.0,42.0,2.0443,0.725,1168.0,720.0,323.52,270.46,0,NO,306.53,305.65,300.68,304.92,303.43,,3480,0.0,601.0,NO,NO,2014-04-04,115300.0
3143,JJSF,86.74,88.18,113216.0,Consumer Defensive,Packaged Foods,33.0,90.0,86.0,38.0,2.4657,2.3107,236914.0,173000.0,111.43,68.87,1620349312,NO,88.56,81.11,83.64,82.58,80.79,,10221,0.0,193688.0,NO,NO,1992-01-13,1860600.0
3144,PAAA,51.33,51.31,1616858.0,ETF,ETF,33.0,44.0,46.0,37.0,0.0329,0.0171,2121160.0,2616950.0,51.54,51.16,0,NO,51.4,51.39,51.36,51.39,51.37,,778,0.0,1853827.0,NO,NO,2026-02-20,12459200.0
3145,VRIG,25.07,25.06,713144.0,ETF,ETF,33.0,42.0,45.0,36.0,0.0203,0.0142,534357.0,342170.0,25.18,25.0,0,NO,25.09,25.08,25.09,25.09,25.09,,2498,0.0,799720.0,NO,NO,2025-04-07,7633800.0
3146,TBUX,49.78,49.78,267323.0,ETF,ETF,33.0,44.0,45.0,36.0,0.0402,0.0266,280714.0,414240.0,50.14,49.61,0,NO,49.86,49.84,49.86,49.84,49.85,,1235,0.0,295594.0,NO,NO,2026-08-31,1027100.0
3147,BSCQ,19.52,19.525,2933003.0,ETF,ETF,33.0,43.0,45.0,36.0,0.0175,0.0129,857179.0,682960.0,19.62,19.5,0,NO,19.54,19.53,19.55,19.54,19.55,,2498,0.0,3071639.0,NO,NO,2022-05-11,7116200.0
3148,NCLO,25.01,25.083,36223.0,ETF,ETF,33.0,38.0,48.0,38.0,0.1108,0.1021,41784.0,20450.0,25.36,24.22,0,NO,25.05,25.04,25.0,25.03,24.97,,430,0.0,39404.0,NO,NO,2025-09-26,1706000.0
3149,SDUR,25.03,25.07,384.0,ETF,ETF,33.0,,,,0.0439,0.0193,22086.0,1390.0,25.25,25.03,0,NO,25.12,,,,,,23,0.0,414.0,NO,NO,2026-08-07,465400.0
3150,DLUX,50.08,50.35,1606.0,ETF,ETF,33.0,34.0,43.0,,0.0871,0.0607,33030.0,2660.0,50.82,50.05,0,NO,50.29,50.3,,50.29,,,105,0.0,1626.0,NO,NO,2026-06-03,2001700.0
3151,VGUS,75.46,75.68,208116.0,ETF,ETF,33.0,38.0,46.0,37.0,0.0336,0.0129,143534.0,172330.0,76.0,75.36,0,NO,75.58,75.58,75.56,75.57,75.58,,389,0.0,263557.0,NO,NO,2026-02-20,658500.0
3152,SGOV,100.4,100.69,40211278.0,ETF,ETF,33.0,59.0,48.0,33.0,0.0386,0.01,20243930.0,20827920.0,100.73,100.27,0,NO,100.57,100.57,100.53,100.56,100.55,,1572,0.0,43410411.0,YES,YES,2026-09-01,43410411.0
3153,TBIL,49.87,49.86,1995202.0,ETF,ETF,33.0,59.0,47.0,33.0,0.0221,0.0107,1758546.0,1603970.0,50.02,49.84,0,NO,49.93,49.93,49.93,49.92,49.93,,1020,0.0,2376536.0,NO,NO,2025-04-04,6557200.0
3154,FLRN,30.75,30.86,1020338.0,ETF,ETF,33.0,38.0,45.0,37.0,0.0286,0.0193,1305855.0,1038060.0,30.87,30.63,0,NO,30.79,30.8,30.78,30.8,30.78,,3707,0.0,1155777.0,NO,NO,2020-02-28,8380100.0
3155,XBIL,50.03,50.015,138693.0,ETF,ETF,33.0,43.0,46.0,37.0,0.0254,0.0107,89977.0,98630.0,50.22,49.98,0,NO,50.1,50.08,50.1,50.08,50.09,,875,0.01,142577.0,NO,NO,2023-12-08,1750400.0
3156,GLCR,25.63,25.27,85.0,ETF,ETF,33.0,68.0,64.0,14.0,0.1739,0.0633,603.0,800.0,28.72,23.15,0,NO,24.91,24.14,25.69,24.43,25.28,,359,0.0,85.0,NO,NO,2026-02-17,13800.0
3157,NIE,25.71,25.95,75571.0,Financial Services,Asset Management,33.0,34.0,20.0,43.0,0.3364,0.3257,58144.0,58240.0,27.24,22.78,712439040,NO,26.3,26.31,25.61,26.24,25.71,,4911,0.0,77434.0,NO,NO,2023-01-10,551700.0
3158,BLUI,25.6,25.65,12291.0,ETF,ETF,33.0,37.0,43.0,32.0,0.062,0.0287,11531.0,14760.0,26.06,25.21,0,NO,25.74,25.73,25.65,25.73,25.72,,299,0.0,15295.0,NO,NO,2025-06-24,1565100.0
3159,GBIL,99.88,100.16,770751.0,ETF,ETF,33.0,38.0,45.0,37.0,0.0393,0.0121,599993.0,502710.0,100.26,99.85,0,NO,100.04,100.04,100.05,100.04,100.06,,2504,0.0,836599.0,NO,NO,2022-12-29,6447000.0
3160,GPZ,24.24,25.22,225633.0,ETF,ETF,33.0,76.0,72.0,66.0,0.5628,0.4871,189079.0,159150.0,30.2,20.16,0,NO,25.11,23.47,24.1,23.84,22.94,,311,0.0,244367.0,NO,NO,2026-04-13,1141900.0
3161,TT,438.89,444.4,509442.0,Industrials,Building Products & Equipment,33.0,17.0,31.0,16.0,10.1222,9.2836,1231669.0,1007520.0,505.87,348.06,96565706752,NO,466.17,471.85,443.83,467.42,459.61,,11709,0.0,736026.0,NO,NO,2009-06-30,125796279.0
3162,JAAA,50.53,50.51,10427062.0,ETF,ETF,33.0,44.0,46.0,38.0,0.0343,0.0184,5405961.0,6494030.0,50.82,50.32,0,NO,50.6,50.59,50.6,50.59,50.57,,1473,0.0,10958940.0,YES,NO,2025-04-04,22488900.0
3163,GBHI,25.32,25.37,111.0,ETF,ETF,33.0,21.0,30.0,29.0,0.0264,0.0007,146.0,130.0,25.65,24.78,0,NO,25.29,25.24,,25.23,25.31,,196,0.0,100.0,NO,NO,2025-12-12,26700.0
3164,XDQQ,39.24,39.835,1177.0,ETF,ETF,33.0,69.0,22.0,33.0,0.4687,0.2678,13353.0,34470.0,41.15,35.61,0,NO,40.01,39.67,39.49,39.51,39.44,,1360,0.0,1447.0,NO,NO,2023-01-03,328500.0
3165,NMFCZ,25.23,25.29,795.0,Miscellaneous,Investment trusts,33.0,50.0,44.0,37.0,0.065,0.0529,11346.0,8530.0,25.68,25.0,0,NO,25.18,25.33,25.33,25.32,25.31,,692,0.0,845.0,NO,NO,2023-11-30,609600.0
3166,AESR,19.62,19.94,33739.0,ETF,ETF,33.0,54.0,24.0,68.0,0.208,0.1116,94774.0,28590.0,21.23,16.09,0,NO,20.12,20.03,18.86,19.95,19.04,,1684,0.0,36491.0,NO,NO,2026-06-23,4059600.0
3167,ARKQ,120.26,122.5,62961.0,ETF,ETF,33.0,76.0,7.0,25.0,2.5581,1.9911,143201.0,77210.0,144.42,94.9,0,NO,125.51,123.11,123.18,122.53,124.64,,2997,0.0,67565.0,NO,NO,2021-02-23,4436100.0
3168,JBBB,47.44,47.36,438951.0,ETF,ETF,33.0,48.0,48.0,43.0,0.0982,0.0816,366120.0,343370.0,48.32,46.42,0,NO,47.44,47.43,47.47,47.43,47.27,,1162,0.02,467142.0,NO,NO,2024-06-12,4788300.0
3169,GUMI,50.21,50.345,12142.0,ETF,ETF,33.0,39.0,45.0,35.0,0.0814,0.0757,15855.0,23650.0,51.0,50.07,0,NO,50.33,50.34,50.34,50.33,50.34,,527,0.0,12150.0,NO,NO,2026-07-13,198000.0
3170,FTHB,25.11,25.34,97.0,ETF,ETF,33.0,22.0,31.0,,0.0786,0.0321,6984.0,5920.0,25.41,24.81,0,NO,25.27,25.25,,25.23,,,113,0.0,2100.0,NO,NO,2026-07-15,132400.0
3171,DSGX,80.48,80.64,530310.0,Technology,Software - Application,33.0,83.0,52.0,83.0,2.5621,2.4421,536677.0,486840.0,109.0,62.56,6882686976,NO,78.08,74.14,75.51,75.85,72.38,,6941,0.0,741535.0,NO,NO,1999-01-27,5972200.0
3172,SHV,110.04,110.37,3695496.0,ETF,ETF,33.0,59.0,47.0,33.0,0.0429,0.0143,2601877.0,2407290.0,110.5,110.02,0,NO,110.24,110.24,110.24,110.23,110.25,,4941,0.0,3954903.0,NO,NO,2014-12-29,39315800.0
3173,CSMD,33.68,34.24,34707.0,ETF,ETF,32.0,38.0,23.0,35.0,0.5248,0.4144,39620.0,37190.0,37.04,29.53,0,NO,35.44,35.07,33.44,34.92,33.73,,759,0.0,38513.0,NO,NO,2026-03-12,1366200.0
3174,GSY,50.12,50.13,681766.0,ETF,ETF,32.0,42.0,44.0,35.0,0.0371,0.0221,725119.0,634910.0,50.39,50.05,0,NO,50.19,50.16,50.21,50.18,50.2,,4667,0.0,775882.0,NO,NO,2026-01-06,4516200.0
3175,FLOT,50.88,51.05,2032986.0,ETF,ETF,32.0,58.0,46.0,33.0,0.04,0.0293,1949142.0,1712640.0,51.09,50.67,0,NO,50.97,50.98,50.94,50.98,50.94,,3824,0.0,2450941.0,NO,NO,2020-03-31,17336400.0
3176,TUSI,25.27,25.3,281627.0,ETF,ETF,32.0,43.0,45.0,35.0,0.0453,0.0411,281660.0,264180.0,25.55,25.23,0,NO,25.33,25.33,25.36,25.32,25.35,,1018,0.0,286255.0,NO,NO,2026-04-24,978800.0
3177,AMUN,26.04,26.11,3890.0,ETF,ETF,32.0,42.0,47.0,36.0,0.0389,0.0221,3601.0,2900.0,26.3,25.89,0,NO,26.05,26.05,26.07,26.05,26.06,,216,0.0,4291.0,NO,NO,2026-04-09,890100.0
3178,FMKT,22.32,22.562,492.0,ETF,ETF,32.0,69.0,32.0,41.0,0.2022,0.1156,3676.0,1880.0,24.88,19.55,0,NO,22.64,22.18,21.99,22.27,21.88,,308,0.0,501.0,NO,NO,2025-06-10,403900.0
3179,FMS,22.72,22.74,626887.0,Healthcare,Medical Care Facilities,32.0,4.0,78.0,25.0,0.3379,0.2851,698266.0,656810.0,27.64,20.02,12089362432,NO,23.63,23.91,23.13,23.94,23.15,,7536,0.0,778973.0,NO,NO,1996-10-11,9079400.0
3180,MYCF,24.99,25.07,1234.0,ETF,ETF,32.0,37.0,46.0,36.0,0.0406,0.0354,12161.0,21800.0,26.21,24.53,0,NO,25.03,25.03,25.04,25.03,25.04,,485,0.0,1365.0,NO,NO,2025-12-02,434100.0
3181,OGE,45.95,45.63,710550.0,Utilities,Utilities - Regulated Electric,32.0,19.0,52.0,14.0,0.7554,0.7018,1396873.0,1354110.0,50.59,41.7,9492410368,NO,46.6,47.86,46.49,47.62,47.78,,13495,0.39,1207052.0,NO,NO,1988-07-01,28384000.0
3182,ARCM,100.06,100.325,7.0,ETF,ETF,32.0,24.0,37.0,33.0,0.0503,0.0196,388.0,310.0,101.26,99.34,0,NO,100.19,100.21,100.25,100.19,100.23,,2366,0.0,200.0,NO,NO,2017-04-20,200000.0
3183,JULJ,25.06,25.07,901.0,ETF,ETF,32.0,52.0,46.0,36.0,0.0271,0.0126,2728.0,2520.0,25.35,24.67,0,NO,25.01,24.9,25.0,24.89,24.96,,794,0.0,2801.0,NO,NO,2023-07-03,185200.0
3184,GCPB,49.82,49.99,1200.0,ETF,ETF,32.0,,,,0.1833,0.1104,12143.0,12560.0,50.5,49.8,0,NO,,,,,,,16,0.0,1211.0,NO,NO,2026-08-19,50900.0
3185,JMST,50.83,50.96,711081.0,ETF,ETF,32.0,40.0,45.0,35.0,0.0432,0.0343,1084566.0,980470.0,51.13,50.8,0,NO,50.9,50.91,50.96,50.9,50.94,,1974,0.0,895346.0,NO,NO,2026-01-16,21343200.0
3186,SBSI,31.37,31.56,81002.0,Financial Services,Banks - Regional,32.0,17.0,21.0,32.0,0.53,0.4914,134320.0,112680.0,36.2,26.32,935076352,NO,32.32,33.46,32.25,33.17,32.74,,7119,0.0,137937.0,NO,NO,2015-01-26,3583964.0
3187,XHLF,50.15,50.29,343789.0,ETF,ETF,32.0,38.0,45.0,36.0,0.0225,0.0114,351942.0,224430.0,50.42,50.14,0,NO,50.24,50.24,50.27,50.24,50.26,,992,0.0,357435.0,NO,NO,2023-06-06,10070000.0
3188,BSMR,23.58,23.59,79053.0,ETF,ETF,32.0,44.0,44.0,33.0,0.0481,0.0388,54952.0,59790.0,23.85,23.49,0,NO,23.63,23.62,23.66,23.62,23.66,,1741,0.0,98104.0,NO,NO,2024-09-03,453800.0
3189,LVLN,24.73,24.88,109.0,ETF,ETF,32.0,46.0,48.0,42.0,0.0588,0.0423,4585.0,2050.0,25.36,24.35,0,NO,24.78,24.71,,24.73,24.69,,196,0.0,450.0,NO,NO,2026-02-24,478200.0
3190,ZMUN,49.94,49.925,1622.0,ETF,ETF,32.0,41.0,43.0,36.0,0.0401,0.0294,6704.0,7260.0,50.51,49.77,0,NO,50.04,50.07,50.12,50.05,50.12,,231,0.01,1687.0,NO,NO,2026-05-21,62200.0
3191,BKLN,20.54,20.57,8777353.0,ETF,ETF,32.0,53.0,48.0,43.0,0.0371,0.0293,7547288.0,7297590.0,21.07,20.11,0,NO,20.54,20.45,20.62,20.48,20.48,,3897,0.0,10044559.0,YES,NO,2025-04-03,86836100.0
3192,NGG,79.06,79.16,647784.0,Utilities,Utilities - Regulated Electric,32.0,28.0,37.0,7.0,1.0489,0.9246,901179.0,716890.0,94.64,67.52,79483764736,NO,80.45,81.5,83.07,81.2,84.53,,5297,0.0,787997.0,NO,NO,2026-05-15,7056000.0
3193,GSST,50.4,50.57,169053.0,ETF,ETF,32.0,38.0,45.0,36.0,0.0356,0.0203,217639.0,236610.0,50.83,50.37,0,NO,50.5,50.5,50.53,50.49,50.51,,1853,0.0,188943.0,NO,NO,2026-01-08,1895000.0
3194,CSHP,99.22,99.392,6220.0,ETF,ETF,32.0,37.0,44.0,38.0,0.1887,0.1212,25641.0,1370.0,100.18,98.89,0,NO,99.36,99.36,99.31,99.35,99.39,,522,0.0,6227.0,NO,NO,2025-07-23,1250000.0
3195,FLUD,24.94,25.02,85066.0,ETF,ETF,32.0,36.0,45.0,36.0,0.0468,0.0409,220663.0,140620.0,25.5,24.88,0,NO,24.99,25.0,25.0,25.0,25.0,,1537,0.0,88636.0,NO,NO,2026-05-14,4493700.0
3196,ARCP,24.97,25.12,13.0,ETF,ETF,32.0,,,,0.0579,0.0,52526.0,120.0,25.18,24.97,0,NO,25.08,,,,,,22,0.0,100.0,NO,NO,2026-08-14,1193700.0
3197,CUST,24.94,25.07,11.0,ETF,ETF,32.0,16.0,,,0.0264,0.0093,5406.0,490.0,25.11,24.95,0,NO,25.03,25.04,,25.03,,,60,0.0,100.0,NO,NO,2026-06-12,136900.0
3198,ZAP,31.17,31.09,150282.0,ETF,ETF,32.0,15.0,18.0,15.0,0.4575,0.3932,107390.0,111570.0,35.39,27.32,0,NO,32.32,33.14,32.18,32.75,33.08,,425,0.0,155936.0,NO,NO,2024-12-23,1151100.0
3199,ETH,23.08,23.68,1755906.0,ETF,ETF,32.0,96.0,92.0,84.0,0.7931,0.5791,2861944.0,4726330.0,44.84,14.53,0,NO,20.27,18.33,21.85,19.26,19.27,,529,0.0,2107642.0,NO,NO,2026-02-04,27872700.0
3200,EVMT,17.86,17.835,75.0,ETF,ETF,32.0,41.0,12.0,36.0,0.1356,0.0729,3823.0,2420.0,20.5,15.57,0,NO,17.83,17.71,17.93,17.73,18.09,,1091,0.0,77.0,NO,NO,2026-03-04,279200.0
3201,SDIV,24.84,24.91,233633.0,ETF,ETF,32.0,42.0,35.0,16.0,0.1811,0.1468,413195.0,316150.0,26.44,22.9,0,NO,24.77,24.68,25.01,24.77,25.12,,3829,0.0,246991.0,NO,NO,2026-03-02,2045800.0
3202,QNDX,23.96,24.28,539115.0,ETF,ETF,32.0,70.0,,,0.2864,0.2096,550095.0,687830.0,24.98,22.4,0,NO,24.33,,,24.06,,,48,0.0,576512.0,NO,NO,2026-08-21,2220700.0
3203,SCUS,25.09,25.18,137477.0,ETF,ETF,32.0,37.0,44.0,35.0,0.0264,0.021,122490.0,143400.0,25.33,25.08,0,NO,25.15,25.15,25.18,25.15,25.17,,514,0.0,141493.0,NO,NO,2024-08-13,1025800.0
3204,EVSB,50.76,50.78,14447.0,ETF,ETF,32.0,44.0,45.0,36.0,0.0583,0.0433,37455.0,16660.0,51.21,50.62,0,NO,50.86,50.86,50.9,50.85,50.86,,718,0.0,14949.0,NO,NO,2026-02-12,1399400.0
3205,NUSB,25.25,25.255,16.0,ETF,ETF,32.0,37.0,45.0,36.0,0.0093,0.0006,504.0,700.0,25.66,25.18,0,NO,25.22,25.22,25.24,25.22,25.24,,623,0.0,16.0,NO,NO,2024-10-01,1603200.0
3206,LBRT,20.14,19.71,1922669.0,Energy,Oil & Gas Equipment & Services,32.0,83.0,2.0,2.0,0.9502,0.9338,4380946.0,3628930.0,34.48,9.9,3286675200,NO,20.16,22.01,24.67,20.89,26.44,,2170,0.05,2782998.0,NO,NO,2023-09-15,39848500.0
3207,NUIF,24.96,25.03,7.0,ETF,ETF,32.0,23.0,,,0.1593,0.0336,18270.0,200.0,26.54,24.77,0,NO,25.13,25.6,,25.55,,,51,0.0,7.0,NO,NO,2026-06-24,204300.0
3208,CVSB,50.56,50.59,18686.0,ETF,ETF,32.0,42.0,45.0,36.0,0.0767,0.0738,48087.0,75780.0,50.96,50.4,0,NO,50.72,50.71,50.73,50.7,50.71,,898,0.0,22715.0,NO,NO,2024-10-30,1998200.0
3209,TRNZ,25.35,25.37,6943.0,n/a,n/a,32.0,41.0,43.0,36.0,0.0751,0.0746,6512.0,7130.0,25.66,24.91,0,NO,25.34,25.28,25.32,25.31,25.31,,609,0.0,13110.0,NO,NO,2024-04-30,563300.0
3210,FLDB,50.19,50.24,7504.0,ETF,ETF,32.0,43.0,45.0,35.0,0.1285,0.1153,7577.0,7630.0,50.93,50.15,0,NO,50.35,50.34,50.41,50.33,50.37,,631,0.0,7525.0,NO,NO,2024-04-11,3650000.0
3211,RAVI,75.14,75.4,46430.0,ETF,ETF,32.0,37.0,45.0,35.0,0.0879,0.0643,87617.0,100000.0,75.98,74.36,0,NO,75.28,75.3,75.37,75.29,75.33,,3490,0.0,47321.0,NO,NO,2018-12-18,808400.0
3212,FTSM,59.67,59.68,926251.0,ETF,ETF,32.0,58.0,45.0,32.0,0.0522,0.0364,660648.0,638740.0,60.14,59.67,0,NO,59.83,59.83,59.91,59.81,59.86,,3036,0.0,962515.0,NO,NO,2014-11-03,18074800.0
3213,BSTS,24.96,24.97,2049.0,ETF,ETF,32.0,40.0,,,0.0375,0.0261,2626.0,2380.0,25.15,24.93,0,NO,25.05,25.05,,25.04,,,57,0.0,3251.0,NO,NO,2026-08-14,26500.0
3214,MYHB,24.92,25.08,6.0,ETF,ETF,32.0,39.0,44.0,,0.025,0.0,130.0,100.0,25.12,24.8,0,NO,24.99,24.97,,24.97,,,129,0.0,6.0,NO,NO,2026-04-29,28900.0
3215,POWA,90.36,90.36,2103.0,ETF,ETF,32.0,28.0,58.0,23.0,0.6121,0.3322,4095.0,2040.0,94.15,84.53,0,NO,92.38,90.37,89.88,90.7,89.2,,4956,0.0,2427.0,NO,NO,2020-07-22,527300.0
3216,KMB,107.22,107.95,2504776.0,Consumer Defensive,Household & Personal Products,32.0,22.0,81.0,27.0,2.0778,1.8321,4051885.0,3030560.0,131.53,92.42,35645820928,NO,109.51,109.48,103.16,110.09,104.1,,11709,0.0,3608510.0,NO,NO,2025-11-03,36751500.0
3217,FREI,24.78,24.86,7717.0,ETF,ETF,32.0,37.0,,,0.0739,0.0504,27788.0,9890.0,27.81,24.78,0,NO,24.9,24.96,,24.97,,,51,0.0,12247.0,NO,NO,2026-07-17,441100.0
3218,ADAMH,25.56,25.49,27411.0,Finance,Real estate investment trusts,32.0,54.0,40.0,33.0,0.0639,0.06,23803.0,22500.0,25.99,24.49,0,NO,25.45,25.39,25.5,25.4,25.47,,289,0.12,29688.0,NO,NO,2025-12-31,440100.0
3219,GAINI,25.45,25.44,4843.0,Miscellaneous,Investment trusts,32.0,44.0,43.0,35.0,0.1198,0.11,7283.0,4530.0,25.87,25.06,0,NO,25.5,25.47,25.53,25.48,25.49,,425,0.0,5251.0,NO,NO,2024-12-31,862900.0
3220,XVAP,30.54,30.42,6.0,ETF,ETF,31.0,,,,,,322.0,322.0,30.8,29.92,0,NO,,,,,,,8,0.13,1800.0,NO,NO,2026-08-31,1800.0
3221,BRKU,22.71,22.936,31255.0,ETF,ETF,31.0,13.0,83.0,44.0,0.4691,0.4359,118506.0,91040.0,26.8,20.25,0,NO,23.4,22.96,23.06,22.97,22.45,,430,0.0,32691.0,NO,NO,2025-09-08,2563800.0
3222,FSZ,82.12,81.43,128.0,ETF,ETF,31.0,26.0,31.0,19.0,0.4818,0.0936,887.0,310.0,86.44,75.27,0,NO,82.68,82.12,81.31,82.15,81.84,,3655,0.0,128.0,NO,NO,2014-09-02,3029900.0
3223,XSPI,49.8,50.22,104914.0,ETF,ETF,31.0,54.0,27.0,44.0,0.3486,0.2668,68046.0,85770.0,51.17,42.7,0,NO,50.18,49.52,,49.69,48.57,,145,0.0,109461.0,NO,NO,2026-07-30,285700.0
3224,BSMQ,23.49,23.515,43725.0,ETF,ETF,31.0,40.0,43.0,34.0,0.045,0.0401,51438.0,31090.0,23.75,23.46,0,NO,23.54,23.55,23.6,23.55,23.58,,1741,0.0,53557.0,NO,NO,2026-04-09,545300.0
3225,NBXG,15.24,15.28,136394.0,Financial Services,Asset Management,31.0,71.0,11.0,71.0,0.3514,0.3368,223617.0,159060.0,17.43,12.32,1200325120,NO,15.33,15.5,14.68,15.35,14.81,,1322,0.0,145959.0,NO,NO,2021-05-26,6996400.0
3226,VLYPO,25.1,25.08,1685.0,Financial Services,Banks - Regional,31.0,45.0,45.0,35.0,0.1629,0.1586,7241.0,5400.0,25.74,24.1,0,NO,24.89,24.87,25.0,24.9,24.91,,1981,0.0,2239.0,NO,NO,2019-02-01,594600.0
3227,AOMN,25.2,25.23,1237.0,Finance,Real estate investment trusts,31.0,58.0,51.0,35.0,0.2219,0.2111,4798.0,4060.0,25.88,24.24,0,NO,25.17,25.17,25.18,25.15,25.12,,522,0.0,1400.0,NO,NO,2026-04-28,260000.0
3228,SFYI,24.53,24.81,984.0,ETF,ETF,31.0,75.0,,,0.2279,0.1014,2862.0,1220.0,25.76,23.01,0,NO,24.98,,,,,,40,0.0,2007.0,NO,NO,2026-07-09,22400.0
3229,RAAA,24.99,25.09,11877.0,ETF,ETF,31.0,34.0,43.0,36.0,0.0264,0.0143,3538.0,2590.0,25.22,24.78,0,NO,25.03,25.06,25.05,25.06,25.05,,289,0.0,11882.0,NO,NO,2025-08-26,570300.0
3230,OBIL,49.94,49.945,59873.0,ETF,ETF,31.0,42.0,44.0,35.0,0.0296,0.0135,40979.0,37610.0,50.33,49.91,0,NO,50.07,50.05,50.14,50.04,50.11,,950,0.0,61710.0,NO,NO,2025-05-19,614400.0
3231,FLDR,49.97,50.0,142666.0,ETF,ETF,31.0,42.0,43.0,34.0,0.0691,0.0532,353376.0,451670.0,50.62,49.02,0,NO,50.09,50.12,50.2,50.1,50.16,,2062,0.0,155867.0,NO,NO,2026-06-23,3607100.0
3232,DLX,22.71,23.1,244746.0,Industrials,Conglomerates,31.0,4.0,15.0,6.0,0.5896,0.5354,421801.0,436640.0,32.07,17.76,1041396288,NO,24.25,24.71,25.01,24.58,25.81,,11709,0.0,449944.0,NO,NO,2020-07-31,9268600.0
3233,MUNA,99.72,99.975,9.0,ETF,ETF,31.0,18.0,29.0,32.0,0.0721,0.0361,519.0,140.0,101.18,99.5,0,NO,99.78,100.01,100.17,99.89,100.21,,259,0.0,100.0,NO,NO,2025-10-24,33400.0
3234,NSCI,25.09,25.195,161130.0,ETF,ETF,31.0,35.0,43.0,33.0,0.0282,0.0182,53298.0,50960.0,25.46,25.0,0,NO,25.19,25.18,25.19,25.18,25.19,,235,0.0,161165.0,NO,NO,2025-09-26,401200.0
3235,FSTB,19.9,20.0,1443.0,ETF,ETF,31.0,33.0,,,0.0479,0.0379,177966.0,8200.0,20.14,19.9,0,NO,20.02,20.02,,20.01,,,51,0.0,1543.0,NO,NO,2026-07-01,8556900.0
3236,FXC,70.38,70.62,9997.0,ETF,ETF,31.0,53.0,42.0,31.0,0.2407,0.1525,27692.0,28750.0,72.47,68.64,0,NO,70.3,69.64,70.59,69.91,70.55,,5077,0.0,11179.0,NO,NO,2011-04-29,2752300.0
3237,MYHC,25.13,25.15,6.0,ETF,ETF,31.0,34.0,41.0,,0.0415,0.0057,787.0,210.0,25.22,24.66,0,NO,25.08,25.08,,25.07,,,129,0.0,6.0,NO,NO,2026-06-09,15700.0
3238,TFLR,50.67,50.71,204506.0,ETF,ETF,31.0,47.0,44.0,41.0,0.1216,0.0934,97561.0,183830.0,51.78,49.77,0,NO,50.7,50.63,50.9,50.65,50.66,,947,0.0,209869.0,NO,NO,2026-02-26,1335400.0
3239,ERIE,255.47,255.56,124432.0,Financial Services,Insurance Brokers,31.0,80.0,91.0,21.0,9.0529,8.7907,284880.0,401700.0,355.11,204.63,13358492672,NO,256.76,243.74,254.85,249.29,242.64,,7779,0.0,233254.0,NO,NO,2024-09-20,5408500.0
3240,BSCR,19.61,19.615,504075.0,ETF,ETF,31.0,43.0,43.0,34.0,0.0171,0.0121,585642.0,569390.0,19.8,19.57,0,NO,19.63,19.62,19.67,19.63,19.65,,2243,0.0,534500.0,NO,NO,2026-03-11,4341400.0
3241,VBCC,74.75,75.2,42358.0,ETF,ETF,31.0,33.0,38.0,,0.1293,0.0807,10498.0,15210.0,75.93,74.75,0,NO,75.24,75.26,,75.22,,,109,0.0,43118.0,NO,NO,2026-04-27,146200.0
3242,VLYPP,25.21,25.2,4749.0,Financial Services,Banks - Regional,31.0,47.0,51.0,34.0,0.0329,0.0314,5568.0,6660.0,26.11,24.42,0,NO,25.1,24.99,25.13,25.06,25.06,,1981,0.0,5826.0,NO,NO,2025-02-05,538100.0
3243,STAG,37.57,37.25,1263865.0,Real Estate,REIT - Industrial,31.0,24.0,62.0,16.0,0.4518,0.4389,1584873.0,1510180.0,42.61,34.4,7395048960,NO,36.97,38.56,38.18,38.46,38.27,,3866,0.0,2288657.0,NO,NO,2023-05-03,37188800.0
3244,EWH,22.57,22.91,1814859.0,ETF,ETF,31.0,21.0,30.0,15.0,0.2214,0.1243,2932207.0,2501850.0,24.66,20.6,0,NO,22.76,22.2,22.7,22.41,22.82,,7663,0.0,2167017.0,NO,NO,2013-06-07,64668600.0
3245,KWT,37.72,38.15,17194.0,ETF,ETF,31.0,71.0,43.0,50.0,0.2195,0.1021,5757.0,4110.0,41.08,35.54,0,NO,37.33,36.79,37.62,36.88,37.25,,1504,0.0,17922.0,NO,NO,2025-03-25,727700.0
3246,ITRI,95.15,97.01,195335.0,Technology,Scientific & Technical Instruments,31.0,13.0,85.0,37.0,2.6371,2.4171,777477.0,494340.0,142.0,77.77,4161711872,NO,100.65,92.51,92.42,93.98,89.6,,8259,0.0,381990.0,NO,NO,2026-07-28,6630900.0
3247,SR,82.44,81.84,202645.0,Utilities,Utilities - Regulated Gas,31.0,74.0,62.0,11.0,1.7871,1.7071,562060.0,491240.0,95.31,73.91,4873260032,NO,82.23,81.16,85.32,81.6,85.8,,13495,0.49,362834.0,NO,NO,2019-02-14,11259800.0
3248,MYMF,24.81,24.855,4804.0,ETF,ETF,31.0,38.0,43.0,34.0,0.0071,0.0007,301.0,380.0,25.05,24.8,0,NO,24.83,24.85,24.91,24.85,24.89,,485,0.0,9601.0,NO,NO,2025-08-26,271500.0
3249,JPST,50.35,50.54,12767161.0,ETF,ETF,31.0,37.0,44.0,35.0,0.0314,0.0178,6081734.0,5973950.0,50.79,50.35,0,NO,50.48,50.49,50.57,50.48,50.53,,2333,0.0,13362844.0,YES,NO,2025-04-07,41231900.0
3250,BKUI,49.56,49.715,21095.0,ETF,ETF,31.0,38.0,43.0,35.0,0.031,0.0178,47926.0,35410.0,49.96,49.54,0,NO,49.66,49.67,49.75,49.65,49.71,,1269,0.0,21774.0,NO,NO,2026-03-05,4373300.0
3251,MYCG,24.89,24.987,1920.0,ETF,ETF,31.0,37.0,44.0,34.0,0.0226,0.0152,10352.0,26530.0,25.14,24.89,0,NO,24.95,24.95,25.0,24.95,24.97,,485,0.0,1953.0,NO,NO,2025-05-01,107600.0
3252,AAA,24.89,24.9,2288.0,ETF,ETF,31.0,42.0,43.0,34.0,0.0454,0.0407,22353.0,12110.0,25.18,24.67,0,NO,24.95,24.97,24.98,24.95,24.96,,1501,0.0,2427.0,NO,NO,2026-08-11,803900.0
3253,MUNG,99.59,99.92,,ETF,ETF,31.0,,,,,,69.0,69.0,100.2,99.92,0,NO,,,,,,,4,0.0,208.0,NO,NO,,
3254,SRLN,40.47,40.8,1775615.0,ETF,ETF,31.0,46.0,48.0,44.0,0.0982,0.081,1654596.0,1470580.0,41.63,39.39,0,NO,40.55,40.4,40.61,40.45,40.34,,3373,0.0,1992809.0,NO,NO,2022-01-24,37316800.0
3255,ASEC,49.83,49.85,8.0,ETF,ETF,31.0,39.0,,,0.06,0.0193,2709.0,3290.0,50.65,49.83,0,NO,49.95,49.99,,49.97,,,66,0.0,8.0,NO,NO,2026-05-28,376000.0
3256,SJCP,25.18,25.145,764.0,ETF,ETF,31.0,48.0,47.0,33.0,0.0478,0.0426,926.0,710.0,25.51,24.68,0,NO,25.12,25.05,25.17,25.08,25.12,,495,0.0,764.0,NO,NO,2026-05-27,184700.0
3257,TAXS,50.06,50.185,2426.0,ETF,ETF,31.0,40.0,42.0,32.0,0.0446,0.0204,19266.0,12660.0,50.74,49.93,0,NO,50.2,50.23,50.33,50.2,50.31,,260,0.0,10784.0,NO,NO,2025-11-20,759500.0
3258,OSEA,30.2,30.5,138963.0,ETF,ETF,31.0,29.0,35.0,28.0,0.2763,0.2291,84152.0,101910.0,31.59,27.94,0,NO,30.81,30.31,30.29,30.36,30.22,,998,0.0,140935.0,NO,NO,2026-01-08,2324800.0
3259,MUNF,99.73,99.955,7.0,ETF,ETF,31.0,,,,,,113.0,113.0,100.2,99.95,0,NO,,,,,,,3,0.0,7.0,NO,NO,,
3260,GECCG,24.75,24.915,305.0,Miscellaneous,Investment trusts,31.0,17.0,28.0,39.0,0.1071,0.0625,1806.0,1330.0,25.4,24.0,0,NO,24.91,24.88,24.88,24.87,24.81,,242,0.0,2800.0,NO,NO,2025-09-22,68700.0
3261,SPME,24.95,24.89,4497.0,Financial Services,Asset Management,31.0,33.0,41.0,34.0,0.1581,0.1132,2282.0,6560.0,26.0,24.37,0,NO,25.05,25.13,25.1,25.09,25.07,,285,0.12,4527.0,NO,NO,2025-07-15,218200.0
3262,MYHD,24.86,25.06,318.0,ETF,ETF,31.0,36.0,43.0,,0.0911,0.0711,1950.0,1660.0,27.0,24.5,0,NO,25.03,25.0,,24.99,,,129,0.0,318.0,NO,NO,2026-08-04,15000.0
3263,FXE,106.96,107.25,26932.0,ETF,ETF,31.0,49.0,42.0,33.0,0.3082,0.1789,128726.0,73130.0,111.54,104.6,0,NO,107.02,106.04,107.33,106.36,107.02,,5211,0.0,72145.0,NO,NO,2010-05-20,8212100.0
3264,MCI,19.31,19.8,47863.0,Financial Services,Asset Management,31.0,93.0,81.0,24.0,0.5368,0.4468,36950.0,66050.0,23.0,16.21,396931552,NO,17.65,17.3,18.68,17.48,18.06,,11709,0.0,53616.0,NO,NO,2026-03-31,351800.0
3265,FLRT,46.68,46.71,279297.0,ETF,ETF,31.0,44.0,42.0,40.0,0.085,0.0548,113752.0,162440.0,47.64,46.0,0,NO,46.81,46.75,46.85,46.73,46.67,,2900,0.0,394854.0,NO,NO,2025-04-04,772400.0
3266,TIH,24.73,25.0,5117.0,ETF,ETF,31.0,,,,0.1671,0.0921,8750.0,10730.0,25.34,24.68,0,NO,,,,,,,18,0.0,5120.0,NO,NO,2026-08-27,30400.0
3267,TRNI,25.34,25.34,5319.0,n/a,n/a,31.0,46.0,43.0,35.0,0.0761,0.0747,9579.0,12500.0,25.74,24.9,0,NO,25.31,25.25,25.34,25.27,25.29,,530,0.0,11599.0,NO,NO,2025-03-18,694400.0
3268,TMSF,49.84,49.995,190.0,ETF,ETF,31.0,43.0,41.0,35.0,0.124,0.0441,774.0,510.0,50.8,48.97,0,NO,50.17,50.14,,50.12,50.02,,193,0.0,190.0,NO,NO,2026-01-13,24500.0
3269,NVO,45.13,45.33,5783240.0,Healthcare,Drug Manufacturers - General,31.0,14.0,61.0,83.0,1.2825,0.9854,12263876.0,11538470.0,64.16,35.12,199543177216,NO,46.27,47.92,46.39,47.73,44.01,,11426,0.0,8434162.0,NO,NO,1984-10-16,258000000.0
3270,RLTY,15.37,15.49,48821.0,Financial Services,Asset Management,30.0,18.0,41.0,23.0,0.171,0.1653,53795.0,32210.0,16.41,14.04,257023376,NO,15.67,15.82,15.34,15.82,15.57,,1133,0.0,51617.0,NO,NO,2022-02-24,1250600.0
3271,VSHY,21.7,21.71,525.0,ETF,ETF,30.0,27.0,37.0,31.0,0.0587,0.0339,1557.0,1080.0,22.08,21.4,0,NO,21.73,21.71,21.77,21.71,21.72,,2439,0.0,3700.0,NO,NO,2017-01-04,2428900.0
3272,BSJY,24.94,24.96,125.0,ETF,ETF,30.0,46.0,,,0.0686,0.0236,821.0,570.0,25.25,24.73,0,NO,25.02,25.02,,25.02,,,57,0.0,125.0,NO,NO,2026-08-12,7700.0
3273,BSGT,24.9,24.93,4252.0,ETF,ETF,30.0,38.0,,,0.0371,0.0204,3808.0,1740.0,25.24,24.89,0,NO,25.03,25.04,,25.03,,,57,0.0,4299.0,NO,NO,2026-08-14,33600.0
3274,XONE,49.19,49.35,116705.0,ETF,ETF,30.0,37.0,43.0,34.0,0.0298,0.0153,118593.0,92930.0,49.7,49.18,0,NO,49.32,49.31,49.45,49.31,49.39,,992,0.0,123960.0,NO,NO,2023-06-06,13921000.0
3275,CSSD,25.03,25.078,5201.0,ETF,ETF,30.0,42.0,40.0,32.0,0.0609,0.0466,13287.0,6580.0,25.84,24.69,0,NO,25.14,25.17,,25.15,25.16,,179,0.0,6947.0,NO,NO,2026-03-03,608100.0
3276,RYZ,25.18,25.06,157589.0,Industrials,Metal Fabrication,30.0,6.0,12.0,13.0,1.2979,1.2284,491528.0,472110.0,32.0,19.34,1309662464,NO,26.68,27.28,26.02,27.17,26.23,,3033,0.0,326197.0,NO,NO,2016-07-20,7576400.0
3277,MYMG,24.58,24.62,4521.0,ETF,ETF,30.0,40.0,41.0,33.0,0.015,0.0046,487.0,440.0,24.85,24.56,0,NO,24.61,24.64,24.7,24.62,24.69,,485,0.0,4526.0,NO,NO,2025-03-20,85000.0
3278,FXU,46.86,46.52,422385.0,ETF,ETF,30.0,17.0,44.0,13.0,0.625,0.5107,260603.0,241960.0,51.62,43.19,0,NO,48.0,48.91,48.11,48.68,49.08,,4858,0.26,478904.0,NO,NO,2016-02-05,48303600.0
3279,CRIB,24.98,25.35,7.0,ETF,ETF,30.0,10.0,,,0.1379,0.0,1940.0,100.0,26.21,24.98,0,NO,25.53,,,25.61,,,48,0.0,100.0,NO,NO,2026-06-26,26100.0
3280,TVC,24.12,23.98,7496.0,Government,General government,30.0,37.0,42.0,31.0,0.1007,0.0921,19626.0,12790.0,24.57,23.56,0,NO,24.06,23.99,24.16,24.02,24.11,,7012,0.0,10587.0,NO,NO,2008-03-11,3159300.0
3281,GTND,25.27,25.53,1175.0,ETF,ETF,30.0,65.0,32.0,,0.1584,0.0441,1248.0,690.0,25.94,23.99,0,NO,25.58,25.2,,25.24,,,75,0.0,1319.0,NO,NO,2026-05-19,248800.0
3282,RMHY,24.83,25.05,9278.0,ETF,ETF,30.0,34.0,,,0.1686,0.1486,50991.0,4480.0,25.87,23.63,0,NO,25.02,,,25.0,,,48,0.0,9854.0,NO,NO,2026-06-24,1140500.0
3283,DEFR,26.5,26.6,17761.0,ETF,ETF,30.0,45.0,41.0,26.0,0.1027,0.0796,23512.0,14310.0,27.34,23.63,0,NO,26.66,26.63,26.69,26.62,26.68,,326,0.0,19283.0,NO,NO,2025-07-30,816800.0
3284,JACK,15.65,16.51,385541.0,Consumer Cyclical,Restaurants,30.0,13.0,88.0,42.0,1.2664,1.2057,932725.0,594880.0,23.86,8.92,299964736,NO,17.24,15.95,15.86,16.14,14.11,,8683,0.0,580284.0,NO,NO,1992-03-05,8933400.0
3285,STC,68.42,68.65,165618.0,Financial Services,Insurance - Property & Casualty,30.0,60.0,77.0,29.0,1.4314,1.3521,233784.0,168240.0,78.61,57.11,2088176384,NO,68.27,68.25,68.16,68.76,67.09,,13495,0.0,263519.0,NO,NO,2018-03-19,3341700.0
3286,ONBPO,24.99,24.82,4441.0,Financial Services,Banks - Regional,30.0,34.0,46.0,30.0,0.1565,0.1435,5874.0,5800.0,25.46,24.53,0,NO,24.91,24.94,25.02,24.96,24.98,,1557,0.21,9003.0,NO,NO,2020-09-30,263500.0
3287,FXD,67.63,68.46,9079.0,ETF,ETF,30.0,17.0,44.0,32.0,0.7479,0.5721,11120.0,7170.0,72.5,61.86,0,NO,70.23,69.67,68.17,69.53,67.85,,4858,0.0,9452.0,NO,NO,2016-11-11,25408100.0
3288,ARKF,44.99,46.35,77146.0,ETF,ETF,30.0,90.0,70.0,74.0,1.1062,0.8934,153379.0,129670.0,59.2,35.82,0,NO,44.11,41.97,42.88,42.66,40.87,,1904,0.0,88953.0,NO,NO,2021-02-23,10620100.0
3289,CSPF,25.81,25.88,30914.0,ETF,ETF,30.0,36.0,37.0,32.0,0.1118,0.104,53098.0,56870.0,26.81,25.37,0,NO,25.98,26.03,26.04,26.0,26.03,,394,0.0,32197.0,NO,NO,2026-05-07,3061000.0
3290,FIZY,25.73,25.97,28621.0,ETF,ETF,30.0,,,,0.27,0.2389,24475.0,20700.0,26.67,25.37,0,NO,26.05,,,,,,20,0.0,29185.0,NO,NO,2026-08-17,44700.0
3291,GLU,19.1,19.11,528.0,Financial Services,Asset Management,30.0,47.0,37.0,10.0,0.23,0.2129,7765.0,7950.0,21.69,17.68,114415800,NO,19.33,19.28,19.5,19.31,19.6,,5601,0.0,1192.0,NO,NO,2018-12-21,288600.0
3292,JHLN,24.57,24.585,933.0,ETF,ETF,30.0,50.0,44.0,38.0,0.0319,0.0156,20830.0,6230.0,25.72,24.28,0,NO,24.64,24.62,24.7,24.6,24.61,,259,0.0,1186.0,NO,NO,2026-03-05,10215900.0
3293,DBP,100.0,102.57,6529.0,ETF,ETF,30.0,83.0,15.0,5.0,1.9293,0.8622,17546.0,5490.0,140.76,80.46,0,NO,102.1,96.88,106.52,98.09,105.98,,4944,0.0,6893.0,NO,NO,2011-04-25,1971100.0
3294,EVLN,48.76,48.74,37986.0,ETF,ETF,30.0,54.0,47.0,41.0,0.0996,0.0864,101027.0,236630.0,50.01,48.08,0,NO,48.8,48.72,48.95,48.73,48.68,,642,0.0,39232.0,NO,NO,2024-03-26,9897000.0
3295,BLBD,60.38,58.15,447805.0,Industrials,Farm & Heavy Construction Machinery,30.0,1.0,8.0,53.0,2.5209,2.4295,496674.0,525560.0,83.39,46.14,1912599296,NO,64.13,71.94,61.47,69.83,65.8,,3131,0.0,867684.0,NO,NO,2023-12-12,3311600.0
3296,YEAR,50.12,50.295,87225.0,ETF,ETF,30.0,37.0,43.0,34.0,0.0454,0.0286,149642.0,138060.0,50.73,50.12,0,NO,50.27,50.27,50.41,50.26,50.35,,994,0.0,94662.0,NO,NO,2022-09-14,3008000.0
3297,RWTN,24.36,24.78,3860.0,Finance,Real estate investment trusts,30.0,27.0,36.0,31.0,0.2447,0.2018,5498.0,4030.0,25.77,23.45,0,NO,24.76,24.83,24.9,24.77,24.83,,646,0.0,4949.0,NO,NO,2024-09-19,98900.0
3298,VNLA,48.77,48.78,363453.0,ETF,ETF,30.0,42.0,43.0,34.0,0.0318,0.0143,380560.0,397430.0,49.44,48.76,0,NO,48.9,48.92,49.05,48.9,48.98,,2455,0.0,392298.0,NO,NO,2019-01-11,4063500.0
3299,BSMS,23.31,23.325,182744.0,ETF,ETF,30.0,41.0,41.0,31.0,0.0591,0.0486,56458.0,64740.0,23.7,23.22,0,NO,23.4,23.4,23.47,23.39,23.45,,1741,0.0,198650.0,NO,NO,2022-11-22,393400.0
3300,YRAM,51.35,51.74,6884.0,ETF,ETF,30.0,,,,,,8480.0,8480.0,52.57,50.51,0,NO,,,,,,,5,0.0,6928.0,NO,NO,2026-08-25,15500.0
3301,SAY,25.09,25.085,2767.0,Miscellaneous,Investment trusts,30.0,27.0,40.0,36.0,0.1005,0.0673,4903.0,7330.0,25.76,25.01,0,NO,25.24,25.29,25.31,25.23,25.26,,928,0.0,5439.0,NO,NO,2022-12-16,97600.0
3302,MEAR,50.08,50.21,137550.0,ETF,ETF,30.0,37.0,42.0,33.0,0.0855,0.0784,183947.0,129290.0,50.79,50.05,0,NO,50.2,50.24,50.33,50.2,50.3,,2890,0.0,151609.0,NO,NO,2025-03-28,2450100.0
3303,VCHY,74.61,75.19,96775.0,ETF,ETF,30.0,36.0,,,0.2171,0.1636,32780.0,31970.0,75.52,74.53,0,NO,75.04,75.02,,74.99,,,61,0.0,99833.0,NO,YES,2026-09-01,99833.0
3304,MUNH,99.39,99.98,,ETF,ETF,30.0,,,,,,69.0,69.0,100.2,99.98,0,NO,,,,,,,4,0.0,208.0,NO,NO,,
3305,XLKI,26.12,26.86,26039.0,ETF,ETF,30.0,65.0,15.0,57.0,0.3874,0.2438,16593.0,28550.0,28.26,22.82,0,NO,26.57,26.28,25.89,26.22,25.95,,274,0.0,30386.0,NO,NO,2026-08-21,101900.0
3306,SUB,105.93,106.28,569853.0,ETF,ETF,30.0,40.0,42.0,32.0,0.1186,0.0964,464712.0,510300.0,107.51,105.7,0,NO,106.26,106.24,106.6,106.2,106.49,,4471,0.0,622779.0,NO,NO,2026-01-13,3671000.0
3307,SJLD,25.28,25.29,6.0,ETF,ETF,30.0,48.0,40.0,33.0,0.0166,0.0039,261.0,560.0,25.59,24.93,0,NO,25.28,25.21,25.35,25.24,25.33,,340,0.0,6.0,NO,NO,2025-11-18,35400.0
3308,EMN,70.34,72.44,541915.0,Basic Materials,Specialty Chemicals,30.0,47.0,14.0,14.0,1.6854,1.6068,1137349.0,868470.0,83.47,56.11,8041734144,NO,73.29,70.54,70.37,70.78,72.56,,8233,0.0,998966.0,NO,NO,2025-11-03,29976900.0
3309,EXE,100.07,98.16,1184386.0,Energy,Oil & Gas E&P,30.0,83.0,81.0,13.0,2.2219,2.0644,3554922.0,2632980.0,126.62,84.98,23938435072,NO,95.84,92.23,101.36,93.35,97.44,,1396,0.19,2376822.0,NO,NO,2025-03-21,53145100.0
3310,KHPI,25.74,25.87,63392.0,ETF,ETF,30.0,35.0,34.0,40.0,0.1758,0.1519,82712.0,75480.0,26.55,23.95,0,NO,26.15,26.03,25.73,26.03,25.67,,498,0.0,67061.0,NO,NO,2024-12-30,680300.0
3311,PPG,109.69,112.17,761056.0,Basic Materials,Specialty Chemicals,30.0,31.0,29.0,13.0,2.1236,2.0661,1793600.0,1194140.0,133.43,93.39,24388532224,NO,114.59,116.41,111.07,115.66,113.36,,11709,0.0,1435404.0,NO,NO,2013-01-25,26017800.0
3312,BPYPO,15.02,15.435,28749.0,Real Estate,Real Estate Services,30.0,33.0,26.0,36.0,0.1589,0.131,14353.0,20610.0,16.26,14.08,0,NO,15.32,15.24,15.06,15.19,15.17,,1766,0.0,29236.0,NO,NO,2019-08-30,788800.0
3313,FRBT,17.85,18.26,59702.0,Financial Services,Banks - Diversified,30.0,6.0,,,0.6295,0.6295,168728.0,73740.0,22.0,17.48,906144192,NO,18.98,19.1,,19.11,,,56,0.0,92434.0,NO,NO,2026-06-11,2502100.0
3314,FIXP,19.66,19.777,2266.0,ETF,ETF,30.0,33.0,41.0,32.0,0.0878,0.0734,1190.0,3520.0,20.46,19.46,0,NO,19.86,19.86,19.89,19.86,19.85,,403,0.0,2268.0,NO,NO,2025-01-23,490900.0
3315,TRUI,25.5,25.08,36.0,ETF,ETF,30.0,14.0,,,0.2222,0.0507,417.0,270.0,26.74,24.26,0,NO,26.1,26.0,,25.91,,,62,0.0,36.0,NO,NO,2026-06-08,8400.0
3316,STRC,96.86,97.1,1199931.0,Technology,Software - Application,30.0,81.0,48.0,20.0,0.9671,0.8525,2490498.0,1668760.0,100.42,71.25,0,NO,95.73,90.15,96.5,91.71,95.45,,275,0.0,1318585.0,NO,NO,2026-04-14,15823400.0
3317,JXI,81.04,80.91,7876.0,ETF,ETF,29.0,18.0,35.0,12.0,0.7354,0.6133,24768.0,29570.0,90.09,73.65,0,NO,82.54,83.96,83.67,83.62,85.18,,5015,0.0,9553.0,NO,NO,2019-01-29,4147400.0
3318,KPO,24.61,24.8,39428.0,ETF,ETF,29.0,,,,,,172900.0,172900.0,25.15,24.61,0,NO,,,,,,,2,0.0,39845.0,NO,NO,2026-08-31,342900.0
3319,IVVW,45.34,45.57,34291.0,ETF,ETF,29.0,58.0,50.0,34.0,0.1666,0.1588,57255.0,41550.0,47.25,42.5,0,NO,45.28,44.75,44.9,44.89,44.5,,617,0.0,34682.0,NO,NO,2026-06-26,195900.0
3320,TAXX,50.37,50.55,20905.0,ETF,ETF,29.0,40.0,41.0,32.0,0.0656,0.0513,58531.0,12950.0,51.13,50.35,0,NO,50.51,50.56,50.69,50.53,50.64,,618,0.0,21101.0,NO,NO,2026-07-06,403900.0
3321,MYMH,24.41,24.47,5013.0,ETF,ETF,29.0,40.0,41.0,31.0,0.0271,0.0171,446.0,1320.0,24.9,24.4,0,NO,24.46,24.49,24.61,24.47,24.57,,485,0.0,9663.0,NO,NO,2025-03-20,125000.0
3322,GINC,49.6,50.03,4057.0,ETF,ETF,29.0,,,,0.1657,0.0886,6543.0,3470.0,50.25,49.6,0,NO,,,,,,,16,0.0,4826.0,NO,NO,2026-08-13,45000.0
3323,TDAQ,26.56,26.94,281997.0,ETF,ETF,29.0,60.0,12.0,55.0,0.3854,0.2765,279028.0,292940.0,29.51,22.7,0,NO,27.1,27.06,26.35,26.96,26.45,,249,0.0,339520.0,NO,NO,2026-07-24,715600.0
3324,VBCD,74.38,74.82,37297.0,ETF,ETF,29.0,32.0,35.0,,0.1629,0.095,9346.0,13480.0,76.09,74.35,0,NO,74.97,75.07,,74.98,,,109,0.0,38161.0,NO,NO,2026-04-27,139300.0
3325,GJP,24.5,24.71,259.0,Finance,Finance/Rental/Leasing,29.0,58.0,41.0,33.0,0.0207,0.0021,617.0,770.0,25.05,23.63,0,NO,24.7,24.57,24.65,24.59,24.59,,4698,0.0,264.0,NO,NO,2016-02-04,51000.0
3326,STBF,25.21,25.26,13322.0,ETF,ETF,29.0,45.0,41.0,32.0,0.0411,0.0304,20396.0,22490.0,25.6,25.15,0,NO,25.23,25.27,25.36,25.24,25.33,,600,0.0,13539.0,NO,NO,2025-09-26,416100.0
3327,GTOS,24.86,24.88,83.0,ETF,ETF,29.0,25.0,33.0,28.0,0.0196,0.0065,1934.0,650.0,25.27,24.8,0,NO,24.93,24.92,25.05,24.92,25.0,,930,0.0,200.0,NO,NO,2025-10-31,145300.0
3328,BSJR,22.34,22.373,57332.0,ETF,ETF,29.0,44.0,43.0,33.0,0.0511,0.0441,173049.0,131860.0,22.86,22.19,0,NO,22.39,22.36,22.48,22.37,22.42,,1750,0.0,67247.0,NO,NO,2025-07-28,799300.0
3329,MYHA,24.93,24.96,5.0,ETF,ETF,29.0,34.0,40.0,,0.0225,0.0029,203.0,100.0,25.14,24.85,0,NO,24.91,24.93,,24.92,,,129,0.0,5.0,NO,NO,2026-03-10,16300.0
3330,THMR,25.65,25.71,16169.0,ETF,ETF,29.0,71.0,18.0,,0.1211,0.0837,14039.0,6880.0,27.76,24.47,0,NO,25.47,25.32,,25.34,,,100,0.0,16172.0,NO,NO,2026-05-28,734200.0
3331,OBTC,24.9,25.342,1356.0,ETF,ETF,29.0,94.0,79.0,71.0,0.7011,0.453,9779.0,6630.0,37.7,18.38,0,NO,22.39,21.12,23.99,21.8,22.34,,1393,0.0,1359.0,NO,NO,2021-02-24,661900.0
3332,MYMI,24.48,24.555,5105.0,ETF,ETF,29.0,37.0,39.0,30.0,0.0325,0.0156,1239.0,2280.0,24.98,24.41,0,NO,24.57,24.61,24.68,24.58,24.66,,485,0.0,5109.0,NO,NO,2025-01-13,213000.0
3333,ZTWO,50.26,50.25,8268.0,ETF,ETF,29.0,44.0,43.0,32.0,0.0486,0.0204,1300.0,530.0,51.05,50.17,0,NO,50.37,50.38,50.61,50.36,50.5,,661,0.0,8353.0,NO,NO,2024-11-27,2546100.0
3334,FTSL,44.85,44.91,1669493.0,ETF,ETF,29.0,45.0,43.0,39.0,0.1264,0.1114,208468.0,197180.0,46.15,44.37,0,NO,44.9,44.86,45.22,44.87,44.92,,3353,0.0,1692797.0,NO,NO,2026-03-30,2639300.0
3335,TEMC,22.09,22.48,1165.0,ETF,ETF,29.0,98.0,,,2.9694,1.7951,721.0,1950.0,30.81,10.77,0,NO,20.68,,,,,,37,0.0,1167.0,NO,NO,2026-08-21,6100.0
3336,EMLC,25.42,25.61,2416647.0,ETF,ETF,29.0,41.0,43.0,26.0,0.1136,0.0636,2057049.0,3062490.0,26.63,24.8,0,NO,25.67,25.52,25.68,25.55,25.58,,4051,0.0,2569018.0,NO,NO,2026-03-03,14559100.0
3337,BSTU,24.84,24.87,2496.0,ETF,ETF,29.0,37.0,,,0.0525,0.0254,2382.0,1760.0,25.21,24.84,0,NO,25.0,25.04,,25.01,,,57,0.0,4910.0,NO,NO,2026-08-14,34200.0
3338,ALGM,35.18,36.25,748375.0,Technology,Semiconductors,29.0,2.0,3.0,25.0,2.2479,1.9396,2771576.0,2254300.0,71.77,22.41,6556691968,NO,40.12,47.32,39.2,44.27,42.88,,1465,0.0,1682091.0,NO,NO,2024-09-20,19368900.0
3339,JEMB,52.81,53.07,190948.0,ETF,ETF,29.0,47.0,36.0,27.0,0.8351,0.8098,79090.0,156400.0,58.76,51.47,0,NO,53.25,53.38,53.55,53.23,53.44,,513,0.0,190981.0,NO,NO,2024-08-21,3097500.0
3340,BSJS,21.75,21.807,44193.0,ETF,ETF,29.0,44.0,42.0,33.0,0.0524,0.0434,161556.0,77610.0,22.24,21.48,0,NO,21.79,21.76,21.87,21.78,21.81,,1496,0.0,54297.0,NO,NO,2026-03-03,824900.0
3341,GCO,32.76,33.47,145868.0,Consumer Cyclical,Apparel Retail,29.0,2.0,8.0,87.0,1.3071,1.2425,198434.0,237750.0,43.6,21.93,363864416,NO,35.58,35.6,32.07,35.19,33.4,,13495,0.0,264112.0,NO,NO,2008-03-03,8196117.0
3342,TM,198.17,196.54,393341.0,Consumer Cyclical,Auto Manufacturers,29.0,77.0,79.0,6.0,3.0279,1.9332,469773.0,345270.0,248.9,166.1,234669621248,NO,191.01,182.81,202.37,186.37,196.88,,11709,0.0,532320.0,NO,NO,2010-02-03,18582700.0
3343,EVSM,49.97,50.04,149870.0,ETF,ETF,29.0,42.0,40.0,31.0,0.0715,0.0534,109633.0,119770.0,50.88,49.94,0,NO,50.16,50.22,50.38,50.17,50.34,,610,0.0,157011.0,NO,NO,2025-03-03,419400.0
3344,BKMS,25.38,25.48,41524.0,ETF,ETF,29.0,38.0,41.0,32.0,0.0686,0.0629,40168.0,41180.0,25.81,25.23,0,NO,25.44,25.47,,25.45,25.53,,160,0.0,41979.0,NO,NO,2026-06-08,148200.0
3345,DANA,25.04,24.95,132.0,ETF,ETF,29.0,40.0,39.0,32.0,0.0602,0.0386,5400.0,4750.0,25.6,24.93,0,NO,25.05,25.06,,25.06,25.15,,186,0.0,135.0,NO,NO,2026-08-14,90300.0
3346,PRAB,24.8,24.9,1462.0,ETF,ETF,29.0,33.0,40.0,,0.0207,0.0071,3607.0,170.0,25.14,24.8,0,NO,24.9,24.93,,24.91,,,120,0.0,1464.0,NO,NO,2026-06-25,213400.0
3347,SCSB,24.78,24.89,430.0,ETF,ETF,29.0,37.0,40.0,,0.0386,0.0164,3244.0,3310.0,25.12,24.78,0,NO,24.88,24.89,,24.88,,,107,0.0,434.0,NO,NO,2026-04-01,76600.0
3348,VABS,24.1,24.11,2161.0,ETF,ETF,29.0,41.0,43.0,32.0,0.0371,0.0171,23198.0,1930.0,24.69,23.94,0,NO,24.19,24.16,24.24,24.16,24.21,,1395,0.0,2290.0,NO,NO,2025-09-03,1379400.0
3349,FLBL,23.06,23.2,152892.0,ETF,ETF,29.0,44.0,52.0,43.0,0.0492,0.0359,182845.0,131030.0,24.19,22.57,0,NO,23.07,22.99,23.15,23.02,22.98,,2073,0.0,167481.0,NO,NO,2025-04-03,5794500.0
3350,GEHC,70.44,71.23,1430984.0,Healthcare,Medical Devices,29.0,73.0,85.0,9.0,1.5045,1.3542,4527482.0,2591250.0,89.77,58.75,32044851200,NO,72.6,67.76,72.8,68.51,69.13,,929,0.0,2761283.0,NO,NO,2023-01-04,33338500.0
3351,TXNM,57.83,57.61,2171654.0,Utilities,Utilities - Regulated Electric,29.0,42.0,29.0,27.0,0.2654,0.2496,1362769.0,871540.0,59.53,55.64,5958641664,NO,57.45,57.41,58.43,57.51,58.31,,13495,0.0,3060856.0,NO,NO,1988-07-29,34379850.0
3352,ANGU,25.19,25.32,18236.0,ETF,ETF,29.0,,,,0.165,0.1049,998038.0,22860.0,25.72,25.14,0,NO,,,,,,,18,0.0,18238.0,NO,NO,2026-08-06,17467800.0
3353,COST,937.81,943.89,918317.0,Consumer Defensive,Discount Stores,29.0,26.0,40.0,15.0,17.0818,14.3475,2198098.0,1917650.0,1096.5,844.06,415898861568,NO,950.78,945.52,960.06,942.7,978.03,,10114,0.0,1481116.0,NO,NO,2003-08-05,56773500.0
3354,KMT,29.06,29.34,571873.0,Industrials,Tools & Accessories,29.0,3.0,13.0,2.0,0.9736,0.9014,1288946.0,1392650.0,43.81,20.35,2214924800,NO,31.08,33.1,34.2,32.37,35.32,,13495,0.0,1279096.0,NO,NO,2023-03-17,16730700.0
3355,TRUD,25.55,26.103,147321.0,ETF,ETF,29.0,22.0,22.0,46.0,0.3197,0.2216,62904.0,35030.0,27.5,22.88,0,NO,26.31,25.81,25.78,25.87,25.57,,258,0.0,188174.0,NO,NO,2026-03-27,1366700.0
3356,VSDM,75.81,76.16,166515.0,ETF,ETF,29.0,39.0,40.0,30.0,0.1016,0.0758,126839.0,172790.0,77.64,75.77,0,NO,76.16,76.25,76.51,76.18,76.44,,443,0.0,202056.0,NO,NO,2026-08-04,281500.0
3357,JGRO,93.06,94.17,502357.0,ETF,ETF,29.0,60.0,15.0,53.0,1.1814,0.8087,605282.0,451500.0,99.73,81.16,0,NO,95.03,94.61,92.63,94.34,92.49,,1019,0.0,554869.0,NO,NO,2024-11-12,4463000.0
3358,VLYPN,25.73,25.79,10540.0,Financial Services,Banks - Regional,29.0,38.0,32.0,32.0,0.139,0.1295,10738.0,11020.0,26.61,25.19,0,NO,25.75,25.7,25.89,25.72,25.85,,524,0.0,10871.0,NO,NO,2024-08-30,894500.0
3359,SYFI,35.49,35.75,77138.0,ETF,ETF,29.0,36.0,42.0,34.0,0.0747,0.0547,107738.0,99260.0,36.28,35.11,0,NO,35.66,35.64,35.76,35.63,35.65,,558,0.0,80493.0,NO,NO,2025-01-31,1369100.0
3360,ONBPP,24.94,24.8,2858.0,Financial Services,Banks - Regional,29.0,29.0,42.0,30.0,0.1581,0.1546,8100.0,7500.0,25.5,24.41,0,NO,24.88,24.97,25.02,24.95,24.94,,1580,0.0,3162.0,NO,NO,2020-09-30,263500.0
3361,MGM,40.79,41.36,1089085.0,Consumer Cyclical,Resorts & Casinos,29.0,7.0,5.0,77.0,0.7446,0.6989,2889430.0,1826420.0,51.59,29.19,10438729728,NO,43.59,45.39,39.41,44.63,41.3,,9655,0.0,2000615.0,NO,NO,2010-10-13,155613200.0
3362,REYN,22.65,23.15,1052367.0,Consumer Cyclical,Packaging & Containers,29.0,6.0,74.0,14.0,0.5943,0.5557,1219266.0,1300760.0,27.32,20.44,4784955392,NO,25.51,25.78,23.53,25.54,23.49,,1654,0.0,2093373.0,NO,NO,2020-01-31,26201800.0
3363,SWAN,32.89,33.17,10528.0,ETF,ETF,29.0,46.0,21.0,36.0,0.225,0.145,9065.0,7660.0,34.21,30.45,0,NO,33.5,33.24,32.79,33.18,32.85,,1963,0.0,11600.0,NO,NO,2020-10-14,2570500.0
3364,TMNS,49.75,49.778,8.0,ETF,ETF,29.0,43.0,40.0,30.0,0.0591,0.0074,484.0,530.0,50.7,49.57,0,NO,49.86,49.93,,49.89,50.09,,193,0.0,8.0,NO,NO,2026-07-24,5400.0
3365,SDSI,51.1,51.187,13422.0,ETF,ETF,29.0,40.0,41.0,31.0,0.0947,0.0733,33053.0,14440.0,52.04,50.96,0,NO,51.2,51.21,51.42,51.19,51.31,,973,0.0,14402.0,NO,NO,2025-09-18,750900.0
3366,KNRG,25.62,25.65,3835.0,ETF,ETF,28.0,45.0,40.0,29.0,0.0619,0.0488,16139.0,10900.0,26.31,25.21,0,NO,25.7,25.71,25.82,25.7,25.77,,317,0.0,3910.0,NO,NO,2025-05-28,299500.0
3367,KHYB,24.05,24.085,2252.0,ETF,ETF,28.0,45.0,42.0,27.0,0.0581,0.0352,2685.0,2330.0,24.88,23.51,0,NO,24.19,24.14,24.31,24.14,24.2,,2048,0.0,2278.0,NO,NO,2022-01-11,187500.0
3368,T,26.11,25.89,22602154.0,Communication Services,Telecom Services,28.0,89.0,74.0,14.0,0.47,0.3907,61787626.0,28750900.0,29.79,19.89,178915803136,NO,24.8,23.25,25.14,23.63,25.29,,10777,0.0,32798153.0,YES,NO,2021-05-18,327097378.0
3369,MMSD,25.2,25.18,15614.0,ETF,ETF,28.0,47.0,41.0,31.0,0.1114,0.0942,13380.0,15720.0,26.1,25.12,0,NO,25.27,25.29,25.39,25.27,25.36,,332,0.0,17379.0,NO,NO,2025-10-07,982900.0
3370,REGCP,23.39,23.42,3001.0,Real Estate,REIT - Retail,28.0,56.0,49.0,34.0,0.2281,0.1539,3614.0,5860.0,24.75,22.35,0,NO,23.17,23.17,23.32,23.21,23.22,,760,0.0,3105.0,NO,NO,2024-07-10,230600.0
3371,FSMB,19.84,19.86,231859.0,ETF,ETF,28.0,42.0,39.0,30.0,0.0362,0.033,125963.0,148520.0,20.25,19.8,0,NO,19.92,19.94,20.03,19.92,20.0,,1949,0.0,245547.0,NO,NO,2024-09-04,1984500.0
3372,QQQH,54.34,54.49,10200.0,ETF,ETF,28.0,58.0,21.0,42.0,0.4323,0.3515,31549.0,29970.0,56.76,50.08,0,NO,54.79,54.74,54.3,54.64,54.19,,1681,0.0,10669.0,NO,NO,2021-12-15,679600.0
3373,SPRX,42.97,44.59,42469.0,ETF,ETF,28.0,51.0,4.0,58.0,2.0221,1.3768,128160.0,60840.0,59.1,32.6,0,NO,46.94,47.95,43.76,46.58,45.34,,1274,0.0,52023.0,NO,NO,2026-02-04,753100.0
3374,BOXA,104.62,104.69,532.0,ETF,ETF,28.0,39.0,39.0,27.0,0.48,0.2827,726.0,620.0,107.9,103.57,0,NO,104.84,105.04,105.43,104.92,105.35,,425,0.0,534.0,NO,NO,2025-03-10,39200.0
3375,SCEP,24.64,24.99,31359.0,ETF,ETF,28.0,29.0,35.0,39.0,0.1862,0.1348,31563.0,28710.0,25.93,23.12,0,NO,25.29,24.99,,25.01,24.66,,180,0.0,31639.0,NO,NO,2026-01-12,7806700.0
3376,BSTV,24.79,24.85,9649.0,ETF,ETF,28.0,36.0,,,0.0706,0.0419,2737.0,5390.0,25.27,24.78,0,NO,24.98,25.03,,25.0,,,57,0.0,9649.0,NO,NO,2026-08-14,36500.0
3377,TAFI,24.98,25.08,538523.0,ETF,ETF,28.0,38.0,40.0,30.0,0.0411,0.0335,469634.0,523110.0,25.65,24.96,0,NO,25.07,25.12,25.22,25.09,25.19,,994,0.0,764814.0,NO,NO,2026-06-16,2273900.0
3378,XEMD,44.19,44.46,318715.0,ETF,ETF,28.0,34.0,33.0,29.0,0.1435,0.1012,211860.0,309630.0,45.41,43.25,0,NO,44.48,44.58,44.66,44.52,44.62,,1046,0.0,329925.0,NO,NO,2022-06-30,4403600.0
3379,JPLD,51.74,51.985,284477.0,ETF,ETF,28.0,33.0,41.0,31.0,0.0749,0.0528,409611.0,388070.0,52.75,51.73,0,NO,52.01,52.01,52.24,51.99,52.16,,775,0.0,286490.0,NO,NO,2025-09-09,6190100.0
3380,FIYY,24.42,24.62,10.0,ETF,ETF,28.0,66.0,48.0,,0.0264,0.0107,123.0,170.0,25.11,24.07,0,NO,24.55,24.44,,24.42,,,82,0.0,10.0,NO,NO,2026-05-05,900.0
3381,SHM,47.55,47.73,252470.0,ETF,ETF,28.0,41.0,41.0,30.0,0.0793,0.0682,238184.0,296620.0,48.51,47.48,0,NO,47.71,47.76,47.95,47.73,47.89,,4746,0.0,266071.0,NO,NO,2013-03-08,5801700.0
3382,NBSD,50.42,50.46,213853.0,ETF,ETF,28.0,41.0,41.0,30.0,0.0701,0.0486,200974.0,258060.0,51.57,50.38,0,NO,50.61,50.59,50.91,50.57,50.76,,549,0.0,395951.0,NO,NO,2026-08-27,721300.0
3383,SBAR,25.54,25.606,98234.0,ETF,ETF,28.0,53.0,44.0,34.0,0.1376,0.1205,121046.0,128050.0,26.78,24.26,0,NO,25.73,25.6,25.66,25.58,25.44,,346,0.0,114245.0,NO,NO,2025-08-11,1240600.0
3384,TRUP,27.81,29.15,253147.0,Financial Services,Insurance - Property & Casualty,28.0,90.0,93.0,51.0,1.209,1.0783,448993.0,441140.0,46.98,21.16,1213085312,NO,29.45,27.01,28.82,27.41,25.9,,3048,0.0,400519.0,NO,NO,2023-05-05,7566700.0
3385,DSCO,24.66,24.77,46394.0,ETF,ETF,28.0,34.0,43.0,29.0,0.1529,0.149,73485.0,51050.0,25.34,24.34,0,NO,24.77,24.8,,24.79,24.87,,146,0.0,51129.0,NO,NO,2026-07-14,942900.0
3386,VGHY,74.23,74.72,45295.0,ETF,ETF,28.0,40.0,41.0,31.0,0.1891,0.1326,43546.0,30690.0,77.52,73.5,0,NO,74.55,74.54,74.91,74.5,74.71,,240,0.0,47583.0,NO,NO,2025-09-17,304100.0
3387,TSIC,25.25,25.252,84.0,ETF,ETF,28.0,22.0,38.0,13.0,0.2158,0.0341,533.0,220.0,27.34,24.5,0,NO,25.55,25.35,,25.36,25.55,,167,0.0,400.0,NO,NO,2025-12-30,29500.0
3388,CPAG,101.18,101.524,4254.0,ETF,ETF,28.0,43.0,36.0,28.0,0.2886,0.1198,5674.0,6720.0,103.94,100.11,0,NO,101.69,101.91,102.28,101.74,102.24,,265,0.0,4522.0,NO,NO,2026-01-28,842800.0
3389,FSYD,48.07,48.23,32268.0,ETF,ETF,28.0,42.0,33.0,31.0,0.1389,0.0984,24544.0,16980.0,49.16,47.22,0,NO,48.44,48.51,48.58,48.44,48.56,,1137,0.0,40821.0,NO,NO,2025-04-04,91200.0
3390,KAMO,24.62,24.685,42750.0,ETF,ETF,28.0,50.0,42.0,28.0,0.052,0.0433,23490.0,19320.0,25.24,24.45,0,NO,24.66,24.63,,24.61,24.76,,176,0.0,43055.0,NO,NO,2025-12-18,3005500.0
3391,BSCS,20.28,20.3,2013375.0,ETF,ETF,28.0,40.0,40.0,30.0,0.0271,0.0179,611312.0,609510.0,20.69,20.25,0,NO,20.36,20.35,20.47,20.35,20.42,,2025,0.0,2123128.0,NO,NO,2026-08-06,5205400.0
3392,ETHW,17.29,17.76,920140.0,ETF,ETF,28.0,96.0,91.0,83.0,0.5925,0.4279,905515.0,1305880.0,34.11,10.93,0,NO,15.19,13.76,16.5,14.44,14.51,,529,0.0,1011432.0,NO,NO,2026-02-05,5985000.0
3393,MYCH,24.73,24.85,1612.0,ETF,ETF,28.0,36.0,41.0,31.0,0.0335,0.0224,244239.0,96900.0,25.27,24.73,0,NO,24.85,24.84,24.96,24.84,24.91,,485,0.0,32187.0,NO,NO,2026-08-12,1190900.0
3394,JABS,49.67,49.7,2024.0,ETF,ETF,28.0,39.0,42.0,32.0,0.0969,0.0635,5303.0,8370.0,54.31,49.45,0,NO,49.9,49.91,50.06,49.86,49.97,,279,0.0,2033.0,NO,NO,2026-04-15,288400.0
3395,BSJT,21.11,21.159,64518.0,ETF,ETF,28.0,45.0,41.0,34.0,0.0657,0.0564,154563.0,75400.0,21.75,20.71,0,NO,21.17,21.13,21.28,21.14,21.17,,1245,0.0,70840.0,NO,NO,2026-05-27,722000.0
3396,GBCI,45.31,46.31,587238.0,Financial Services,Banks - Regional,28.0,6.0,26.0,35.0,0.8779,0.8514,1177012.0,949590.0,54.58,39.9,5902046208,NO,48.11,49.97,47.49,49.46,48.11,,10694,0.0,905597.0,NO,NO,2020-06-19,14170400.0
3397,VBCE,74.19,74.66,53566.0,ETF,ETF,28.0,29.0,32.0,,0.1907,0.0975,8166.0,7830.0,76.29,74.15,0,NO,74.88,75.04,,74.92,,,109,0.0,54548.0,NO,NO,2026-04-27,152100.0
3398,FTSD,89.74,90.03,13715.0,ETF,ETF,28.0,33.0,40.0,32.0,0.1686,0.1379,27007.0,14710.0,91.51,89.57,0,NO,90.07,90.14,90.6,90.1,90.42,,3223,0.0,18270.0,NO,NO,2021-03-24,1256400.0
3399,TOL,140.74,143.45,498065.0,Consumer Cyclical,Residential Construction,28.0,15.0,56.0,12.0,4.2807,3.9179,997212.0,974950.0,168.36,123.15,12969229312,NO,148.4,151.1,144.24,148.89,145.76,,10115,0.0,932602.0,NO,NO,2009-11-11,24530600.0
3400,EPAC,36.55,37.32,229404.0,Industrials,Specialty Industrial Machinery,28.0,69.0,83.0,11.0,0.7486,0.7343,502766.0,317990.0,45.0,32.35,1883902720,NO,37.15,36.05,37.23,36.11,36.24,,6565,0.0,384372.0,NO,NO,2006-06-20,17054400.0
3401,BRLN,50.73,50.85,3440.0,ETF,ETF,28.0,46.0,40.0,38.0,0.2879,0.2677,6495.0,6180.0,52.29,50.1,0,NO,50.74,50.73,51.04,50.69,50.8,,978,0.0,3447.0,NO,NO,2024-02-12,165500.0
3402,ABI,24.73,24.73,21.0,ETF,ETF,28.0,36.0,39.0,31.0,0.0157,0.0,130.0,110.0,25.36,24.73,0,NO,24.79,24.81,24.88,24.79,24.86,,297,0.0,21.0,NO,NO,2025-07-01,1060000.0
3403,SWP,28.39,28.572,10512.0,ETF,ETF,28.0,43.0,24.0,29.0,0.1874,0.1329,8722.0,6620.0,29.87,25.73,0,NO,28.99,28.51,28.4,28.54,28.35,,484,0.0,10730.0,NO,NO,2024-09-25,3202300.0
3404,MYMJ,24.55,24.615,4907.0,ETF,ETF,28.0,35.0,37.0,28.0,0.0311,0.0121,825.0,1900.0,25.17,24.44,0,NO,24.66,24.72,24.83,24.68,24.8,,485,0.0,4911.0,NO,NO,2025-01-13,212600.0
3405,MUSE,49.32,49.765,9.0,ETF,ETF,28.0,19.0,29.0,30.0,0.0804,0.0,425.0,230.0,50.99,48.77,0,NO,49.55,49.64,49.86,49.61,49.67,,444,0.0,800.0,NO,NO,2025-11-07,259000.0
3406,SHYD,22.52,22.66,97624.0,ETF,ETF,28.0,33.0,38.0,29.0,0.0707,0.0621,92923.0,77070.0,24.03,22.52,0,NO,22.69,22.74,22.81,22.71,22.76,,3176,0.0,99810.0,NO,NO,2023-02-16,1160500.0
3407,STAX,25.2,25.295,88.0,ETF,ETF,28.0,23.0,33.0,27.0,0.0523,0.0358,9233.0,6000.0,25.75,25.09,0,NO,25.3,25.37,25.47,25.34,25.44,,689,0.0,10200.0,NO,NO,2026-06-09,264600.0
3408,ABG,209.31,211.4,88750.0,Consumer Cyclical,Auto & Truck Dealerships,28.0,5.0,85.0,34.0,5.6086,5.3565,247090.0,223440.0,262.67,172.01,3757515520,NO,212.26,214.02,214.8,215.45,205.66,,6151,0.0,157421.0,NO,NO,2006-09-19,4162900.0
3409,SHY,81.6,81.89,6526804.0,ETF,ETF,28.0,35.0,41.0,31.0,0.09,0.0493,3477252.0,3838420.0,83.2,81.59,0,NO,81.95,81.95,82.44,81.92,82.25,,6061,0.0,9414942.0,YES,NO,2014-02-03,54448200.0
3410,MUNB,99.79,100.08,13.0,ETF,ETF,28.0,26.0,31.0,24.0,0.0779,0.03,707.0,150.0,102.82,99.35,0,NO,100.13,100.37,100.99,100.23,100.79,,259,0.0,200.0,NO,NO,2026-07-24,29400.0
3411,BSMT,22.83,22.89,57992.0,ETF,ETF,28.0,42.0,35.0,28.0,0.0686,0.0621,48839.0,57200.0,23.41,22.78,0,NO,22.97,22.98,23.11,22.97,23.08,,1742,0.0,64730.0,NO,NO,2025-04-22,447800.0
3412,DMX,49.8,50.12,18915.0,ETF,ETF,28.0,35.0,41.0,32.0,0.1044,0.076,11328.0,16300.0,50.87,49.75,0,NO,50.05,50.07,50.28,50.05,50.15,,436,0.0,19474.0,NO,NO,2025-04-24,265700.0
3413,NSIG,25.01,25.22,6.0,ETF,ETF,27.0,76.0,,,0.2007,0.0321,64713.0,100.0,25.6,23.31,0,NO,25.08,,,,,,37,0.0,100.0,NO,NO,2026-07-09,2225000.0
3414,SPSB,29.77,29.92,2920800.0,ETF,ETF,27.0,34.0,40.0,31.0,0.0421,0.0293,3733379.0,3815610.0,30.34,29.77,0,NO,29.92,29.93,30.08,29.91,30.01,,4190,0.0,3360603.0,NO,NO,2026-03-19,34180200.0
3415,GXPD,25.77,26.338,89012.0,ETF,ETF,27.0,21.0,22.0,45.0,0.3371,0.1877,61001.0,26910.0,27.87,22.84,0,NO,26.56,26.05,26.05,26.1,25.8,,279,0.0,100047.0,NO,NO,2026-03-27,1526600.0
3416,BNDS,50.07,50.23,18578.0,ETF,ETF,27.0,46.0,34.0,29.0,0.1465,0.1136,31876.0,14870.0,52.01,49.23,0,NO,50.25,50.44,50.7,50.35,50.65,,408,0.0,20826.0,NO,NO,2026-06-11,120100.0
3417,SCHO,23.99,24.07,3522860.0,ETF,ETF,27.0,36.0,41.0,31.0,0.03,0.02,4659722.0,12043550.0,24.46,23.98,0,NO,24.08,24.08,24.24,24.08,24.18,,4042,0.0,4770834.0,NO,NO,2023-01-18,61120600.0
3418,NUMG,46.74,47.925,11046.0,ETF,ETF,27.0,58.0,23.0,56.0,0.6324,0.4111,19166.0,10010.0,49.7,39.59,0,NO,48.26,47.05,45.7,47.26,45.07,,2436,0.0,12117.0,NO,NO,2022-01-25,594600.0
3419,VGSH,57.85,58.06,4262615.0,ETF,ETF,27.0,36.0,41.0,31.0,0.0614,0.0343,4313985.0,10731770.0,59.01,57.85,0,NO,58.09,58.09,58.45,58.07,58.31,,4217,0.0,5062543.0,NO,NO,2026-08-26,33640000.0
3420,ETHV,35.35,36.29,89954.0,ETF,ETF,27.0,96.0,91.0,83.0,1.1439,0.7857,42038.0,45510.0,69.72,22.4,0,NO,31.04,28.1,33.71,29.5,29.65,,529,0.0,100777.0,NO,NO,2026-04-07,1362500.0
3421,SCMC,24.81,24.94,33390.0,ETF,ETF,27.0,35.0,38.0,30.0,0.0557,0.0398,37506.0,22710.0,25.43,24.79,0,NO,24.93,24.97,,24.94,25.03,,180,0.0,38101.0,NO,NO,2026-01-12,5711400.0
3422,GEEQ,49.4,49.59,119.0,ETF,ETF,27.0,,,,,,150812.0,150812.0,50.19,49.4,0,NO,,,,,,,7,0.0,500.0,NO,NO,2026-08-25,505100.0
3423,XLBI,24.11,24.62,5999.0,ETF,ETF,27.0,59.0,56.0,21.0,0.2611,0.2243,5323.0,9560.0,25.45,22.35,0,NO,24.38,24.05,24.06,24.11,24.06,,274,0.0,7585.0,NO,NO,2026-02-03,96600.0
3424,GTOQ,22.25,22.31,101923.0,ETF,ETF,27.0,47.0,40.0,33.0,0.0604,0.0426,24252.0,7160.0,23.01,21.84,0,NO,22.35,22.3,22.44,22.31,22.34,,1439,0.0,103239.0,NO,NO,2026-05-04,1163700.0
3425,SDCP,25.41,25.455,7.0,ETF,ETF,27.0,16.0,29.0,28.0,0.0302,0.0064,473.0,360.0,26.69,25.41,0,NO,25.52,25.53,25.67,25.52,25.62,,339,0.0,100.0,NO,NO,2025-09-04,43900.0
3426,VCR,383.83,391.39,61350.0,ETF,ETF,27.0,23.0,26.0,42.0,4.9879,4.0261,54907.0,40280.0,414.28,346.48,0,NO,396.29,392.06,388.98,391.9,385.86,,5682,0.0,68698.0,NO,NO,2008-10-29,2399200.0
3427,MCH,28.31,28.311,27.0,ETF,ETF,27.0,46.0,29.0,33.0,0.2901,0.0551,2266.0,1520.0,30.97,25.77,0,NO,28.45,28.32,28.49,28.14,28.15,,1037,0.0,134.0,NO,NO,2023-01-06,681800.0
3428,STOT,46.65,46.84,32363.0,ETF,ETF,27.0,35.0,40.0,31.0,0.0625,0.0498,62720.0,58260.0,47.55,46.64,0,NO,46.83,46.87,47.13,46.84,47.03,,2610,0.0,33237.0,NO,NO,2021-08-16,1641700.0
3429,SPTS,28.82,28.93,932562.0,ETF,ETF,27.0,36.0,41.0,30.0,0.035,0.0214,1937571.0,5225930.0,29.4,28.81,0,NO,28.94,28.94,29.12,28.93,29.06,,3707,0.0,1344497.0,NO,NO,2020-03-09,96504300.0
3430,BSJQ,22.91,22.9,311071.0,ETF,ETF,27.0,45.0,42.0,31.0,0.0221,0.015,291712.0,198500.0,23.51,22.84,0,NO,22.92,22.92,23.16,22.93,23.09,,2025,0.0,336610.0,NO,NO,2024-10-09,1636700.0
3431,QTPI,25.38,25.335,6618.0,ETF,ETF,27.0,38.0,38.0,28.0,0.1383,0.1268,7466.0,6010.0,26.3,25.22,0,NO,25.42,25.46,25.6,25.44,25.54,,424,0.0,6623.0,NO,NO,2025-12-18,728300.0
3432,GOVM,24.69,24.82,511.0,ETF,ETF,27.0,55.0,36.0,,0.045,0.02,652.0,1110.0,25.14,24.69,0,NO,24.87,24.91,,24.87,,,77,0.0,614.0,NO,NO,2026-08-12,19800.0
3433,ABLG,31.47,31.892,30.0,ETF,ETF,27.0,61.0,19.0,16.0,0.5501,0.3837,2490.0,2650.0,33.59,28.62,0,NO,31.74,31.61,31.73,31.42,31.58,,2298,0.0,1300.0,NO,NO,2025-03-17,2276500.0
3434,IWMW,39.15,39.66,12385.0,ETF,ETF,27.0,30.0,46.0,30.0,0.2608,0.1698,15480.0,21610.0,41.81,36.21,0,NO,39.98,39.71,38.96,39.68,38.76,,617,0.0,14302.0,NO,NO,2026-01-20,104000.0
3435,DLCU,49.64,49.75,128.0,ETF,ETF,27.0,,,,0.2686,0.1157,3400.0,2460.0,50.53,49.43,0,NO,,,,,,,19,0.0,128.0,NO,NO,2026-08-13,16600.0
3436,BPAY,26.84,27.338,3693.0,ETF,ETF,27.0,46.0,71.0,72.0,0.3983,0.168,2723.0,2390.0,33.55,21.33,0,NO,27.26,26.59,25.67,26.79,24.78,,1009,0.0,4056.0,NO,NO,2025-12-18,30600.0
3437,JUCY,21.87,21.9,455248.0,ETF,ETF,27.0,41.0,36.0,32.0,0.0956,0.0827,143071.0,321440.0,22.44,21.72,0,NO,22.02,22.01,22.16,22.0,22.1,,960,0.0,457930.0,NO,NO,2024-02-12,2115600.0
3438,CPII,18.99,19.005,286.0,ETF,ETF,27.0,51.0,27.0,38.0,0.0421,0.0278,1041.0,650.0,19.6,18.76,0,NO,18.95,18.97,19.08,18.97,19.14,,1047,0.0,589.0,NO,NO,2022-06-29,338900.0
3439,AAAD,49.29,49.72,110.0,ETF,ETF,27.0,15.0,,,0.1079,0.0014,254.0,120.0,50.42,49.29,0,NO,49.56,49.83,,49.71,,,61,0.0,100.0,NO,NO,2026-08-03,3300.0
3440,SRET,21.95,22.083,22977.0,ETF,ETF,27.0,17.0,36.0,19.0,0.202,0.1876,32188.0,25330.0,23.48,20.71,0,NO,22.31,22.59,22.28,22.58,22.36,,2882,0.0,24264.0,NO,NO,2025-01-15,1059700.0
3441,VSDB,75.53,75.91,64508.0,ETF,ETF,27.0,34.0,38.0,30.0,0.155,0.1168,65720.0,60460.0,77.64,75.51,0,NO,75.95,75.99,76.32,75.93,76.2,,354,0.0,65125.0,NO,NO,2026-05-26,4581300.0
3442,XB,38.96,39.225,150.0,ETF,ETF,27.0,42.0,38.0,33.0,0.1381,0.1008,8623.0,2660.0,39.92,38.52,0,NO,39.1,39.07,39.25,39.05,39.11,,1069,0.0,3892.0,NO,NO,2022-05-26,275900.0
3443,MYHE,24.66,24.82,211.0,ETF,ETF,27.0,35.0,37.0,,0.1239,0.0789,1809.0,1970.0,26.36,24.45,0,NO,24.85,24.86,,24.83,,,129,0.0,211.0,NO,NO,2026-03-12,14600.0
3444,SJB,15.19,15.15,76355.0,ETF,ETF,27.0,39.0,39.0,33.0,0.0386,0.0279,115800.0,113680.0,15.71,15.05,0,NO,15.15,15.17,15.32,15.17,15.31,,3884,0.2,99384.0,NO,NO,2022-06-14,4826500.0
3445,BREM,50.91,50.84,8.0,ETF,ETF,27.0,39.0,32.0,28.0,0.1342,0.0164,1063.0,1120.0,52.15,49.47,0,NO,50.82,51.01,51.11,50.88,51.07,,219,0.0,8.0,NO,NO,2026-03-23,27900.0
3446,JPHY,49.87,50.27,40260.0,ETF,ETF,27.0,34.0,38.0,33.0,0.1076,0.0718,23587.0,24350.0,51.15,49.64,0,NO,50.17,50.2,50.44,50.16,50.28,,298,0.0,42277.0,NO,NO,2026-03-09,683900.0
3447,SIMS,43.22,44.022,67.0,ETF,ETF,27.0,16.0,13.0,17.0,0.4682,0.1258,553.0,380.0,48.58,38.83,0,NO,45.04,45.17,44.56,44.76,44.82,,2179,0.0,400.0,NO,NO,2021-04-28,113400.0
3448,XBB,40.56,40.791,28692.0,ETF,ETF,27.0,41.0,39.0,31.0,0.1099,0.0759,250779.0,318040.0,41.61,40.18,0,NO,40.72,40.75,40.97,40.72,40.83,,1069,0.0,39405.0,NO,NO,2025-03-26,2724100.0
3449,NEAR,50.28,50.52,1838199.0,ETF,ETF,27.0,35.0,40.0,30.0,0.0743,0.0582,547468.0,920180.0,51.37,50.27,0,NO,50.51,50.52,50.85,50.5,50.71,,3246,0.0,1937754.0,NO,NO,2020-06-04,14373900.0
3450,FLHY,24.03,24.22,144573.0,ETF,ETF,27.0,37.0,38.0,31.0,0.0632,0.0418,227498.0,212680.0,24.63,23.82,0,NO,24.17,24.18,24.3,24.16,24.23,,2064,0.0,162365.0,NO,NO,2026-04-08,5518500.0
3451,DCRE,51.27,51.59,25430.0,ETF,ETF,27.0,31.0,39.0,29.0,0.1045,0.0825,42004.0,30260.0,52.56,51.25,0,NO,51.57,51.61,51.87,51.58,51.79,,855,0.0,29261.0,NO,NO,2024-09-12,775300.0
3452,SSMG,25.56,26.4,11.0,ETF,ETF,27.0,75.0,18.0,,0.3264,0.0371,255.0,260.0,28.5,24.24,0,NO,26.87,26.78,,26.5,,,90,0.0,100.0,NO,NO,2026-04-22,100200.0
3453,RW,24.9,25.146,1316.0,ETF,ETF,27.0,24.0,39.0,32.0,0.1801,0.0891,1576.0,1260.0,27.0,21.25,0,NO,25.68,25.37,24.84,25.39,24.65,,302,0.0,1320.0,NO,NO,2025-06-18,215100.0
3454,DOO,61.72,61.85,190912.0,Consumer Cyclical,Recreational Vehicles,27.0,41.0,73.0,8.0,2.4004,2.2989,227015.0,266730.0,81.89,48.83,4522541056,NO,64.4,62.01,66.36,62.19,63.35,,3286,0.0,274477.0,NO,NO,2026-04-15,4952100.0
3455,VRP,24.08,24.13,295827.0,ETF,ETF,27.0,41.0,36.0,31.0,0.0694,0.0644,535346.0,576460.0,24.93,23.71,0,NO,24.17,24.24,24.33,24.23,24.28,,3102,0.0,327548.0,NO,NO,2018-11-29,5711000.0
3456,VBCF,73.98,74.6,47827.0,ETF,ETF,27.0,28.0,30.0,,0.2443,0.1168,5141.0,8210.0,76.52,73.93,0,NO,74.79,75.01,,74.85,,,109,0.0,49744.0,NO,NO,2026-04-27,150300.0
3457,SIOO,19.61,19.69,9474.0,ETF,ETF,27.0,40.0,31.0,42.0,0.1621,0.1502,10346.0,9030.0,20.34,17.94,0,NO,19.81,19.71,,19.75,19.53,,180,0.0,10260.0,NO,NO,2026-05-14,91600.0
3458,NICO,25.07,25.28,17.0,ETF,ETF,27.0,5.0,19.0,,0.22,0.0129,757.0,140.0,27.44,24.83,0,NO,25.36,25.73,,25.77,,,80,0.0,100.0,NO,NO,2026-06-26,23200.0
3459,BSJU,25.6,25.695,119547.0,ETF,ETF,27.0,54.0,38.0,28.0,0.0728,0.0536,69541.0,61600.0,26.35,25.22,0,NO,25.76,25.75,25.89,25.74,25.79,,991,0.0,123507.0,NO,NO,2025-06-24,381400.0
3460,GTOH,25.3,25.335,758.0,ETF,ETF,27.0,44.0,38.0,30.0,0.0474,0.0216,2333.0,620.0,25.96,25.02,0,NO,25.33,25.36,25.54,25.36,25.45,,931,0.0,764.0,NO,NO,2024-12-09,109000.0
3461,PLTM,16.69,17.22,180059.0,ETF,ETF,27.0,79.0,11.0,3.0,0.4873,0.3186,154590.0,201450.0,27.69,13.07,0,NO,17.11,16.16,18.56,16.38,18.07,,2154,0.0,211636.0,NO,NO,2026-01-26,5253700.0
3462,NHYB,24.54,24.77,83102.0,ETF,ETF,27.0,39.0,40.0,31.0,0.1139,0.085,78128.0,203420.0,25.19,24.38,0,NO,24.66,24.66,24.83,24.64,24.72,,235,0.0,103935.0,NO,NO,2025-11-06,6014700.0
3463,SIHY,45.03,45.42,9247.0,ETF,ETF,26.0,33.0,40.0,35.0,0.1971,0.1668,18438.0,18180.0,46.69,44.28,0,NO,45.34,45.4,45.48,45.35,45.28,,1244,0.0,9318.0,NO,NO,2025-09-11,374700.0
3464,XLII,24.79,25.26,124401.0,ETF,ETF,26.0,12.0,42.0,16.0,0.3034,0.2292,10098.0,13070.0,26.66,23.21,0,NO,26.06,26.0,25.3,25.92,25.39,,274,0.0,131005.0,NO,YES,2026-09-01,131005.0
3465,XTWO,48.61,48.81,12791.0,ETF,ETF,26.0,35.0,40.0,30.0,0.0571,0.0298,64449.0,76310.0,49.69,48.59,0,NO,48.83,48.83,49.19,48.82,49.05,,991,0.0,17684.0,NO,NO,2025-01-28,748000.0
3466,MBINN,19.81,19.92,24209.0,Financial Services,Banks - Regional,26.0,34.0,24.0,26.0,0.1471,0.1449,8376.0,7630.0,21.6,18.27,0,NO,20.02,20.07,19.97,20.02,20.14,,1371,0.0,24934.0,NO,NO,2021-03-17,1851400.0
3467,MMMA,24.92,25.055,12.0,ETF,ETF,26.0,21.0,26.0,23.0,0.0464,0.0135,2293.0,2870.0,25.74,24.92,0,NO,25.1,25.26,,25.18,25.3,,175,0.0,20200.0,NO,NO,2026-07-17,31000.0
3468,DABS,50.15,50.398,7965.0,ETF,ETF,26.0,34.0,40.0,29.0,0.1245,0.0891,14869.0,24920.0,51.52,50.06,0,NO,50.38,50.44,50.73,50.39,50.61,,376,0.0,8384.0,NO,NO,2025-03-14,631800.0
3469,EVSD,50.56,50.64,181600.0,ETF,ETF,26.0,40.0,40.0,30.0,0.0871,0.0544,158195.0,271990.0,51.72,50.55,0,NO,50.83,50.84,51.18,50.8,51.02,,553,0.0,204926.0,NO,NO,2026-08-18,1317600.0
3470,AIG,75.84,76.36,1163096.0,Financial Services,Insurance - Diversified,26.0,17.0,65.0,14.0,1.2439,1.1568,3711392.0,2749380.0,87.29,71.25,39656218624,NO,77.05,77.84,77.39,78.07,77.07,,13529,0.0,3161514.0,NO,NO,2012-09-11,322510400.0
3471,OTAX,49.73,50.4119,70825.0,ETF,ETF,26.0,,,,,,2522.0,2522.0,50.72,49.7,0,NO,,,,,,,2,0.0,96215.0,NO,YES,2026-09-01,96215.0
3472,FIW,107.61,109.58,199202.0,ETF,ETF,26.0,28.0,67.0,17.0,1.3479,1.1767,51007.0,67300.0,116.3,98.52,0,NO,111.46,109.43,108.76,109.67,107.39,,4857,0.0,201608.0,NO,NO,2016-11-22,868000.0
3473,EUIG,49.46,49.655,867.0,ETF,ETF,26.0,30.0,36.0,29.0,0.0946,0.0118,325.0,300.0,54.89,49.26,0,NO,49.83,49.96,49.97,49.86,49.91,,204,0.0,871.0,NO,NO,2026-04-08,15200.0
3474,PPLT,15.76,16.25,2646309.0,ETF,ETF,26.0,80.0,11.0,3.0,0.4679,0.3079,2634723.0,3500000.0,26.16,12.32,0,NO,16.16,15.26,17.53,15.47,17.07,,4186,0.0,3672977.0,NO,NO,2025-12-26,38334000.0
3475,SCIO,20.47,20.5,111547.0,ETF,ETF,26.0,41.0,38.0,28.0,0.0509,0.0382,197204.0,192180.0,21.69,20.4,0,NO,20.57,20.59,20.72,20.55,20.66,,628,0.0,142621.0,NO,NO,2026-03-11,2270100.0
3476,AESL,19.75,20.04,11.0,ETF,ETF,26.0,,,,,,33266.0,33266.0,20.06,19.75,0,NO,,,,,,,2,0.0,100.0,NO,NO,2026-08-27,99600.0
3477,JPIE,45.56,45.84,1547895.0,ETF,ETF,26.0,34.0,39.0,30.0,0.0742,0.0471,1555479.0,1459250.0,46.61,45.54,0,NO,45.84,45.87,46.12,45.84,46.01,,1211,0.0,1680733.0,NO,NO,2026-06-02,10116200.0
3478,FLTB,49.76,49.84,59249.0,ETF,ETF,26.0,42.0,38.0,29.0,0.1177,0.0871,59009.0,82570.0,51.16,49.42,0,NO,50.03,50.06,50.43,50.02,50.28,,2990,0.0,63370.0,NO,NO,2016-03-01,3502500.0
3479,SDFI,35.18,35.375,2005.0,ETF,ETF,26.0,32.0,39.0,30.0,0.0594,0.0371,29041.0,17770.0,36.15,35.0,0,NO,35.4,35.42,35.65,35.4,35.55,,557,0.0,2023.0,NO,NO,2024-07-23,442500.0
3480,LVIG,98.06,98.04,11.0,ETF,ETF,26.0,46.0,39.0,,0.2321,0.0671,3860.0,5370.0,100.59,96.81,0,NO,98.24,98.26,,98.16,,,121,0.0,1074.0,NO,NO,2026-03-18,124500.0
3481,XLBX,24.87,25.39,328.0,ETF,ETF,26.0,78.0,,,0.4265,0.1108,956.0,510.0,26.51,23.16,0,NO,25.56,24.8,,24.93,,,62,0.0,328.0,NO,NO,2026-06-03,9700.0
3482,SHAG,47.01,47.125,18101.0,ETF,ETF,26.0,41.0,39.0,28.0,0.0992,0.0523,10593.0,31630.0,48.45,47.02,0,NO,47.26,47.28,47.7,47.25,47.53,,2333,0.0,20579.0,NO,NO,2025-09-11,1346900.0
3483,TMFM,22.89,23.295,2775.0,ETF,ETF,26.0,73.0,64.0,44.0,0.4392,0.3368,8587.0,5760.0,26.14,19.66,0,NO,23.19,22.31,22.14,22.53,21.6,,1183,0.0,2791.0,NO,NO,2024-12-18,373800.0
3484,JHHY,25.43,25.495,3706.0,ETF,ETF,26.0,43.0,38.0,32.0,0.0681,0.0456,13785.0,7230.0,26.33,25.04,0,NO,25.57,25.58,25.73,25.55,25.6,,584,0.0,4018.0,NO,NO,2024-05-02,1104300.0
3485,SECU,49.26,49.61,67288.0,ETF,ETF,26.0,30.0,39.0,29.0,0.1429,0.112,127123.0,68170.0,50.87,49.23,0,NO,49.6,49.64,,49.58,49.79,,150,0.0,73153.0,NO,NO,2026-05-05,3843800.0
3486,JFLX,49.59,49.83,47905.0,ETF,ETF,26.0,31.0,35.0,29.0,0.0978,0.071,125496.0,113420.0,50.83,49.4,0,NO,49.91,50.02,50.17,49.94,50.05,,232,0.0,52953.0,NO,NO,2026-08-04,953600.0
3487,YLDY,24.8,24.91,5755.0,ETF,ETF,26.0,,,,,,63692.0,82770.0,25.12,24.75,0,NO,,,,,,,13,0.0,5871.0,NO,NO,2026-08-26,817400.0
3488,TVE,23.47,23.63,3552.0,Government,General government,26.0,35.0,45.0,20.0,0.0793,0.0711,9984.0,12210.0,24.73,23.31,0,NO,23.5,23.54,23.98,23.54,23.79,,6863,0.0,4897.0,NO,NO,2000-05-24,2821300.0
3489,BRHY,50.74,51.092,8065.0,ETF,ETF,26.0,36.0,41.0,34.0,0.1189,0.0718,20261.0,5620.0,53.16,49.88,0,NO,50.96,50.96,51.13,50.95,50.91,,552,0.0,9586.0,NO,NO,2026-05-28,650000.0
3490,NBFC,50.39,50.521,310.0,ETF,ETF,26.0,50.0,39.0,30.0,0.0857,0.022,1250.0,1560.0,55.64,49.65,0,NO,50.63,50.56,50.93,50.53,50.67,,548,0.0,318.0,NO,NO,2024-06-25,995200.0
3491,SPOT,544.68,543.62,828779.0,Communication Services,Internet Content & Information,26.0,86.0,77.0,60.0,20.6165,18.1319,1825892.0,1745480.0,745.0,405.0,112011517952,NO,515.08,494.63,509.05,503.26,492.17,,2115,0.0,1239234.0,NO,NO,2018-04-03,30526500.0
3492,ZTOP,51.31,51.475,194.0,ETF,ETF,26.0,44.0,36.0,30.0,0.1193,0.0356,584.0,590.0,52.75,50.84,0,NO,51.52,51.51,51.9,51.49,51.71,,346,0.0,194.0,NO,NO,2025-06-17,239600.0
3493,SHYM,21.93,22.07,288547.0,ETF,ETF,26.0,29.0,34.0,28.0,0.0561,0.0466,214442.0,196530.0,22.53,21.89,0,NO,22.12,22.22,22.25,22.17,22.22,,1369,0.0,308152.0,NO,NO,2026-05-26,7832700.0
3494,ZTRE,50.26,50.295,4727.0,ETF,ETF,26.0,39.0,39.0,29.0,0.0816,0.0394,2804.0,1090.0,51.49,50.23,0,NO,50.52,50.52,50.9,50.49,50.73,,661,0.0,5536.0,NO,NO,2025-08-06,2306200.0
3495,BSMU,21.59,21.641,65146.0,ETF,ETF,26.0,44.0,35.0,26.0,0.0554,0.0416,57142.0,58750.0,22.31,21.55,0,NO,21.74,21.78,21.95,21.74,21.9,,1478,0.0,69030.0,NO,NO,2022-10-18,512300.0
3496,YLD,18.83,19.03,920955.0,ETF,ETF,26.0,33.0,37.0,32.0,0.0699,0.0516,182493.0,179580.0,19.48,18.68,0,NO,18.95,18.95,19.01,18.94,18.97,,2801,0.0,1009734.0,NO,NO,2022-12-21,3099900.0
3497,RMOP,24.65,24.81,79847.0,ETF,ETF,26.0,24.0,26.0,26.0,0.1295,0.0993,94092.0,155840.0,25.61,24.01,0,NO,25.06,25.25,25.17,25.17,25.19,,514,0.0,87179.0,NO,NO,2026-01-21,918600.0
3498,CPT,105.65,105.8,450474.0,Real Estate,REIT - Residential,26.0,13.0,44.0,25.0,1.6993,1.6064,1037730.0,787710.0,119.81,96.53,10617961472,NO,108.71,111.66,107.26,110.93,107.35,,8334,0.0,852956.0,NO,NO,2022-04-01,22117100.0
3499,TROT,24.73,24.56,1.0,ETF,ETF,26.0,16.0,29.0,,0.0236,0.0,74.0,100.0,25.06,24.47,0,NO,24.59,24.59,,24.58,,,128,0.0,100.0,NO,NO,2026-02-26,400.0
3500,CTSH,63.31,64.58,2435649.0,Technology,Information Technology Services,26.0,91.0,83.0,36.0,2.1479,1.9957,10499976.0,5989270.0,87.03,37.08,29940899840,NO,59.84,50.64,62.96,53.56,55.53,,7093,0.0,4082272.0,NO,NO,2003-02-07,121130400.0
3501,AA,51.31,49.95,2353558.0,Basic Materials,Aluminum,26.0,89.0,1.0,5.0,2.4257,2.2356,5721806.0,4273910.0,84.38,30.21,13551749120,NO,50.34,49.07,57.42,48.49,59.11,,16274,0.0,4197511.0,NO,NO,2009-03-19,100751769.0
3502,QQQI,54.01,54.6,3274217.0,ETF,ETF,26.0,63.0,16.0,46.0,0.52,0.37,5822841.0,4217160.0,57.84,47.87,0,NO,54.8,54.76,54.06,54.57,53.95,,649,0.0,3529451.0,NO,NO,2026-06-09,14287500.0
3503,XRMI,17.26,17.34,8537.0,ETF,ETF,26.0,46.0,48.0,26.0,0.072,0.0581,9228.0,9970.0,18.08,16.73,0,NO,17.38,17.29,17.48,17.33,17.31,,1258,0.0,9396.0,NO,NO,2026-03-17,363800.0
3504,TAXI,50.31,50.565,93995.0,ETF,ETF,26.0,34.0,33.0,25.0,0.0986,0.0586,18544.0,21460.0,52.18,48.83,0,NO,50.68,50.9,51.24,50.79,51.15,,260,0.0,94472.0,NO,NO,2026-03-13,340400.0
3505,EVYM,49.02,49.385,16096.0,ETF,ETF,26.0,38.0,24.0,23.0,0.2271,0.1913,5396.0,4770.0,51.23,47.69,0,NO,49.93,50.33,50.26,50.15,50.31,,380,0.0,17296.0,NO,NO,2025-04-08,152100.0
3506,GMUB,50.28,50.65,103593.0,ETF,ETF,26.0,30.0,32.0,25.0,0.1677,0.1338,82722.0,263620.0,52.23,49.86,0,NO,50.76,50.98,51.21,50.86,51.17,,525,0.0,116070.0,NO,NO,2026-08-25,1678900.0
3507,NPFI,25.74,25.937,9212.0,ETF,ETF,26.0,33.0,37.0,30.0,0.0745,0.0537,14520.0,11540.0,26.61,21.0,0,NO,25.89,25.95,26.09,25.92,26.0,,623,0.0,11992.0,NO,NO,2025-12-22,774400.0
3508,QSIG,47.99,48.045,2251.0,ETF,ETF,26.0,39.0,38.0,28.0,0.0893,0.061,5058.0,6260.0,49.45,47.98,0,NO,48.23,48.26,48.65,48.22,48.49,,2601,0.0,6346.0,NO,NO,2023-12-18,153500.0
3509,FLIA,20.17,20.29,75752.0,ETF,ETF,25.0,33.0,36.0,31.0,0.0486,0.0326,108450.0,81830.0,20.77,20.12,0,NO,20.31,20.36,20.36,20.32,20.34,,2073,0.0,79815.0,NO,NO,2023-10-24,5741400.0
3510,JSCP,46.6,46.86,153000.0,ETF,ETF,25.0,33.0,39.0,28.0,0.08,0.0469,273663.0,213720.0,47.87,46.6,0,NO,46.91,46.93,47.29,46.89,47.14,,1382,0.0,156620.0,NO,NO,2025-11-18,1915500.0
3511,RVNU,24.34,24.45,30413.0,ETF,ETF,25.0,26.0,24.0,27.0,0.1271,0.115,21133.0,17700.0,25.4,23.58,0,NO,24.67,24.91,24.83,24.83,24.86,,3331,0.0,63607.0,NO,NO,2016-10-13,538800.0
3512,VNIE,25.16,25.288,33.0,ETF,ETF,25.0,44.0,20.0,13.0,0.1264,0.0064,158.0,250.0,27.19,23.62,0,NO,25.4,25.61,25.45,25.47,25.58,,324,0.0,100.0,NO,NO,2025-06-10,94800.0
3513,BNDD,96.13,96.621,96.0,ETF,ETF,25.0,25.0,27.0,26.0,0.6954,0.5029,31661.0,1890.0,102.28,94.52,0,NO,95.9,97.62,97.8,96.84,97.92,,1240,0.0,3000.0,NO,NO,2026-07-20,328800.0
3514,NJNK,19.88,20.05,2665.0,ETF,ETF,25.0,35.0,37.0,31.0,0.0605,0.0396,3579.0,1720.0,20.55,19.69,0,NO,20.03,20.02,20.13,20.02,20.05,,498,0.0,3219.0,NO,NO,2024-09-05,1245300.0
3515,EVPF,49.5,49.61,1405.0,ETF,ETF,25.0,32.0,33.0,,0.2061,0.1632,6656.0,6320.0,51.1,49.02,0,NO,49.82,50.01,,49.94,,,124,0.0,2506.0,NO,NO,2026-04-08,73200.0
3516,THYF,51.17,51.292,6208.0,ETF,ETF,25.0,43.0,36.0,31.0,0.1342,0.0919,21168.0,14250.0,52.98,50.43,0,NO,51.42,51.49,51.83,51.44,51.58,,964,0.0,6501.0,NO,NO,2025-04-29,2952400.0
3517,GOLF,86.07,86.39,143360.0,Consumer Cyclical,Leisure,25.0,2.0,23.0,8.0,2.4709,2.3566,380642.0,414710.0,119.65,73.09,5026630144,NO,90.55,102.49,94.34,99.2,97.32,,2472,0.0,253669.0,NO,NO,2016-10-28,6904800.0
3518,JPRF,49.34,49.71,140133.0,ETF,ETF,25.0,27.0,,,0.1371,0.0979,151855.0,205490.0,50.34,49.32,0,NO,49.77,,,,,,36,0.0,141675.0,NO,NO,2026-08-24,447400.0
3519,BSCT,18.44,18.475,2887878.0,ETF,ETF,25.0,38.0,38.0,27.0,0.0335,0.021,516134.0,512790.0,18.96,18.42,0,NO,18.54,18.54,18.7,18.53,18.64,,1750,0.0,2911163.0,NO,NO,2026-03-27,4029700.0
3520,SIFI,43.21,43.5,7.0,ETF,ETF,25.0,18.0,29.0,27.0,0.0504,0.0079,196.0,100.0,44.75,42.92,0,NO,43.43,43.46,43.74,43.44,43.56,,1243,0.0,100.0,NO,NO,2022-09-01,75100.0
3521,AGZ,107.97,108.35,17303.0,ETF,ETF,25.0,36.0,39.0,28.0,0.4231,0.3381,23265.0,72860.0,111.0,107.83,0,NO,108.6,108.71,109.59,108.56,109.24,,4477,0.0,18923.0,NO,NO,2021-06-15,1690600.0
3522,EQT,55.61,54.18,3783102.0,Energy,Oil & Gas E&P,25.0,76.0,51.0,11.0,1.3971,1.3743,7181592.0,6512770.0,68.24,47.94,34781818880,NO,53.64,52.38,56.24,52.75,56.51,,11709,0.39,5730689.0,NO,NO,2018-11-12,126791393.0
3523,ARMY,24.65,25.39,733.0,ETF,ETF,25.0,20.0,20.0,10.0,0.3547,0.1551,1995.0,830.0,28.96,21.14,0,NO,26.71,25.21,25.42,25.51,25.62,,234,0.0,736.0,NO,NO,2026-04-30,40400.0
3524,VNM,18.09,18.06,609435.0,ETF,ETF,25.0,82.0,32.0,26.0,0.2263,0.1327,637119.0,426330.0,19.85,16.22,0,NO,17.63,17.62,18.21,17.61,18.08,,4287,0.0,670397.0,NO,NO,2025-04-04,8387900.0
3525,SBND,18.58,18.67,48407.0,ETF,ETF,25.0,35.0,38.0,29.0,0.0544,0.0436,91939.0,76010.0,19.08,18.54,0,NO,18.68,18.7,18.83,18.68,18.78,,1238,0.0,51196.0,NO,NO,2026-07-10,1003500.0
3526,GHYG,44.97,45.36,7628.0,ETF,ETF,25.0,36.0,40.0,30.0,0.1814,0.1411,19714.0,13600.0,46.88,44.39,0,NO,45.28,45.17,45.59,45.16,45.32,,3620,0.0,7648.0,NO,NO,2017-01-18,552600.0
3527,RJVI,24.77,24.821,4824.0,ETF,ETF,25.0,41.0,37.0,24.0,0.0684,0.0304,5042.0,4000.0,25.68,24.74,0,NO,24.9,24.94,25.08,24.91,25.06,,229,0.0,4827.0,NO,NO,2026-07-30,120800.0
3528,MGEE,77.62,77.69,66208.0,Utilities,Utilities - Regulated Electric,25.0,20.0,75.0,16.0,1.355,1.3193,233831.0,139160.0,87.94,72.16,2929884928,NO,80.1,80.62,79.1,80.67,78.8,,11709,0.0,117942.0,NO,NO,2024-03-15,7619400.0
3529,TCAL,22.85,23.0,83149.0,ETF,ETF,25.0,52.0,69.0,18.0,0.1851,0.1519,89450.0,83080.0,25.08,21.73,0,NO,23.12,22.8,23.07,22.88,22.73,,359,0.0,94016.0,NO,NO,2026-02-10,583200.0
3530,BSJW,25.18,25.26,10629.0,ETF,ETF,25.0,44.0,38.0,29.0,0.0747,0.0542,14220.0,14010.0,26.04,24.78,0,NO,25.29,25.26,25.49,25.26,25.34,,554,0.0,12008.0,NO,NO,2025-01-29,139400.0
3531,DFNM,47.33,47.495,268316.0,ETF,ETF,25.0,34.0,31.0,26.0,0.103,0.0794,195530.0,222700.0,48.87,47.3,0,NO,47.7,47.92,48.21,47.81,48.14,,1201,0.0,410761.0,NO,NO,2022-08-10,1484400.0
3532,BRIB,24.62,24.7,12711.0,ETF,ETF,25.0,36.0,33.0,,0.1336,0.0964,30673.0,142440.0,25.78,24.61,0,NO,24.82,24.89,,24.83,,,114,0.0,12754.0,NO,NO,2026-08-18,1378500.0
3533,JNK,95.19,96.06,2955047.0,ETF,ETF,25.0,35.0,37.0,31.0,0.2536,0.1679,2684273.0,2220490.0,98.24,94.49,0,NO,95.85,95.89,96.51,95.8,96.11,,4714,0.0,3276935.0,NO,NO,2023-10-04,46175000.0
3534,MYCI,24.51,24.65,4572.0,ETF,ETF,25.0,32.0,39.0,28.0,0.0361,0.0174,8874.0,10880.0,25.22,24.51,0,NO,24.66,24.67,24.87,24.66,24.79,,485,0.0,4653.0,NO,NO,2025-01-13,332900.0
3535,DALI,29.25,29.507,303.0,ETF,ETF,25.0,75.0,15.0,25.0,0.2575,0.1031,7514.0,970.0,31.46,26.65,0,NO,29.28,28.98,29.35,28.94,29.37,,2085,0.0,2575.0,NO,NO,2020-03-26,2144500.0
3536,MPIA,24.82,25.28,12494.0,ETF,ETF,25.0,,,,,,14935.0,16770.0,25.61,24.45,0,NO,,,,,,,14,0.0,16097.0,NO,NO,2026-08-18,40200.0
3537,AGGA,24.86,24.915,9304.0,ETF,ETF,25.0,43.0,36.0,28.0,0.0795,0.0651,14457.0,9960.0,25.73,24.82,0,NO,24.92,24.98,25.18,24.94,25.09,,334,0.0,16164.0,NO,NO,2025-05-05,597400.0
3538,MYMK,24.72,24.79,1990.0,ETF,ETF,25.0,36.0,35.0,26.0,0.0271,0.0052,844.0,410.0,25.55,24.71,0,NO,24.83,24.89,25.05,24.85,25.0,,240,0.0,1994.0,NO,NO,2026-01-12,246000.0
3539,VGMS,50.62,50.968,33040.0,ETF,ETF,25.0,36.0,37.0,28.0,0.1226,0.0799,43187.0,43110.0,52.2,50.48,0,NO,50.94,51.0,51.33,50.95,51.16,,307,0.0,35301.0,NO,NO,2025-08-21,283300.0
3540,KCAI,33.26,33.13,22.0,ETF,ETF,25.0,25.0,53.0,49.0,0.1597,0.057,4798.0,640.0,40.84,30.0,0,NO,32.77,32.33,32.95,32.41,32.16,,502,0.0,100.0,NO,NO,2026-06-25,260300.0
3541,GCAL,49.92,50.298,4396.0,ETF,ETF,25.0,28.0,31.0,25.0,0.1511,0.1021,20444.0,22050.0,52.09,49.64,0,NO,50.5,50.71,50.92,50.61,50.86,,523,0.0,18466.0,NO,NO,2025-07-17,1384300.0
3542,AHYB,45.88,46.06,3423.0,ETF,ETF,25.0,44.0,36.0,28.0,0.1029,0.0711,2480.0,2230.0,47.06,45.54,0,NO,45.99,46.04,46.38,46.01,46.2,,1199,0.0,4466.0,NO,NO,2022-01-21,334800.0
3543,BSJX,24.96,25.05,1652.0,ETF,ETF,25.0,43.0,38.0,28.0,0.098,0.0604,5873.0,7970.0,25.89,24.55,0,NO,25.14,25.11,25.29,25.11,25.17,,307,0.0,2052.0,NO,NO,2026-05-22,288300.0
3544,MIAX,42.59,42.87,831495.0,Financial Services,Capital Markets,25.0,5.0,12.0,29.0,1.8377,1.7563,1896200.0,1238470.0,57.14,34.02,4226243840,NO,43.37,42.31,43.41,43.23,43.29,,263,0.0,1269960.0,NO,NO,2025-08-14,18517100.0
3545,XAR,252.44,256.52,313041.0,ETF,ETF,25.0,12.0,11.0,9.0,6.0714,5.2357,212814.0,195530.0,297.79,211.8,0,NO,279.12,274.47,265.93,272.58,270.95,,3751,0.0,344136.0,NO,NO,2018-12-06,2454200.0
3546,EOI,19.95,20.16,59880.0,Financial Services,Asset Management,25.0,53.0,44.0,27.0,0.19,0.1764,69192.0,56840.0,21.58,18.04,817956224,NO,20.07,19.82,19.92,19.91,19.74,,5495,0.0,63205.0,NO,NO,2018-10-26,932500.0
3547,KDRN,23.06,23.111,6.0,ETF,ETF,25.0,18.0,25.0,26.0,0.0268,0.0,112.0,100.0,23.72,22.98,0,NO,23.08,23.1,23.28,23.08,23.24,,1176,0.0,100.0,NO,NO,2022-06-08,81200.0
3548,FPEI,18.97,19.0,284918.0,ETF,ETF,25.0,33.0,33.0,27.0,0.0509,0.0448,363287.0,606260.0,19.61,18.71,0,NO,19.12,19.18,19.28,19.15,19.21,,2267,0.0,346626.0,NO,NO,2025-04-03,4450300.0
3549,AEMV,19.79,19.8,681.0,ETF,ETF,25.0,,,,,,33166.0,33166.0,20.13,19.78,0,NO,,,,,,,3,0.0,683.0,NO,NO,2026-08-27,99300.0
3550,SHYG,41.96,42.32,2394064.0,ETF,ETF,25.0,36.0,38.0,32.0,0.0921,0.0586,1342828.0,1012200.0,43.39,41.83,0,NO,42.2,42.21,42.53,42.18,42.33,,3236,0.0,2519775.0,NO,NO,2021-01-14,45752000.0
3551,SCHJ,24.36,24.5,184449.0,ETF,ETF,25.0,32.0,37.0,28.0,0.0731,0.0571,284825.0,281050.0,25.05,24.36,0,NO,24.51,24.54,24.74,24.52,24.66,,1730,0.0,199021.0,NO,NO,2022-01-27,4261200.0
3552,GMNY,49.04,49.436,1119.0,ETF,ETF,25.0,27.0,29.0,26.0,0.1316,0.0726,3493.0,6580.0,50.86,48.69,0,NO,49.61,49.85,50.03,49.73,49.98,,492,0.0,1191.0,NO,NO,2025-07-17,266400.0
3553,EVHY,52.01,52.025,7138.0,ETF,ETF,25.0,44.0,40.0,30.0,0.1146,0.0711,18069.0,99940.0,53.63,48.57,0,NO,52.18,52.24,52.6,52.19,52.32,,537,0.0,7266.0,NO,NO,2026-08-18,882200.0
3554,VCSH,78.07,78.53,3528804.0,ETF,ETF,25.0,32.0,37.0,28.0,0.1379,0.0843,4198009.0,4673290.0,80.26,78.07,0,NO,78.59,78.66,79.27,78.59,79.02,,4217,0.0,4017389.0,NO,NO,2019-01-16,41829100.0
3555,EPI,43.06,43.07,359496.0,ETF,ETF,25.0,46.0,59.0,26.0,0.2909,0.2038,381623.0,254860.0,47.2,39.41,0,NO,43.18,42.79,43.69,42.82,42.87,,4658,0.0,388777.0,NO,NO,2015-06-11,15801700.0
3556,VBCG,73.65,74.24,2168.0,ETF,ETF,25.0,29.0,28.0,,0.2363,0.0942,2719.0,2040.0,76.32,73.63,0,NO,74.34,74.65,,74.48,,,109,0.0,2172.0,NO,NO,2026-03-31,40600.0
3557,NYM,24.61,24.73,158608.0,ETF,ETF,25.0,30.0,34.0,27.0,0.0556,0.0459,69955.0,77180.0,25.4,24.58,0,NO,24.84,24.93,25.03,24.87,25.0,,202,0.0,161076.0,NO,NO,2026-01-29,579400.0
3558,NVOH,24.73,24.586,287.0,ETF,ETF,24.0,16.0,50.0,83.0,0.5952,0.3759,1725.0,1570.0,34.36,19.0,0,NO,25.01,26.02,25.28,25.86,24.02,,413,0.0,293.0,NO,NO,2025-12-23,36800.0
3559,NFLT,22.67,22.73,55871.0,ETF,ETF,24.0,36.0,35.0,27.0,0.1032,0.0886,86126.0,120320.0,23.35,22.57,0,NO,22.81,22.84,22.98,22.81,22.92,,2780,0.0,61144.0,NO,NO,2015-08-11,4862600.0
3560,GPOR,182.6,179.45,121181.0,Energy,Oil & Gas E&P,24.0,90.0,79.0,9.0,4.0518,3.8759,385422.0,242510.0,225.78,149.18,3281346048,NO,170.19,163.57,187.43,165.75,181.74,,1328,0.0,221661.0,NO,NO,2026-06-30,2845000.0
3561,ZTO,21.06,21.17,968851.0,Industrials,Integrated Freight & Logistics,24.0,3.0,16.0,9.0,0.4981,0.4067,1648384.0,1950180.0,26.2,17.74,15979939840,NO,22.45,23.03,23.01,22.9,23.57,,2473,0.0,1644027.0,NO,NO,2016-10-27,55321100.0
3562,BSV,77.11,77.5,3036776.0,ETF,ETF,24.0,34.0,38.0,27.0,0.175,0.137,2719677.0,1859790.0,79.32,77.1,0,NO,77.57,77.62,78.29,77.56,78.04,,4880,0.0,3922463.0,NO,NO,2019-01-16,41170700.0
3563,SHRD,24.59,24.72,281.0,ETF,ETF,24.0,17.0,,,0.0621,0.0243,10218.0,2200.0,25.17,24.59,0,NO,24.73,24.84,,24.79,,,54,0.0,100.0,NO,NO,2026-06-12,318100.0
3564,MAMB,23.75,23.881,9118.0,ETF,ETF,24.0,52.0,28.0,20.0,0.1161,0.073,23077.0,25140.0,24.83,23.2,0,NO,23.94,23.9,24.16,23.86,24.15,,1363,0.0,10156.0,NO,NO,2024-12-12,426100.0
3565,GQGU,25.63,25.98,135461.0,ETF,ETF,24.0,21.0,22.0,14.0,0.1984,0.1457,142174.0,258010.0,27.51,23.73,0,NO,26.38,26.09,25.91,26.15,26.35,,286,0.0,146600.0,NO,NO,2025-09-11,2509800.0
3566,TPFI,24.56,24.6,3259.0,ETF,ETF,24.0,38.0,32.0,,0.1204,0.0989,4773.0,4940.0,28.12,24.55,0,NO,24.65,24.74,,24.68,,,82,0.0,3264.0,NO,NO,2026-05-05,748700.0
3567,ZHOG,50.96,50.85,8711.0,ETF,ETF,24.0,40.0,36.0,29.0,0.0858,0.0351,1033.0,660.0,52.36,50.74,0,NO,51.1,51.19,51.61,51.15,51.41,,749,0.0,8711.0,NO,NO,2023-09-06,477100.0
3568,APMU,24.64,24.74,41495.0,ETF,ETF,24.0,39.0,35.0,25.0,0.0644,0.0521,30006.0,27670.0,25.99,24.57,0,NO,24.75,24.82,25.03,24.78,24.95,,835,0.0,46151.0,NO,NO,2023-05-05,1164100.0
3569,BLST,24.73,24.775,26163.0,ETF,ETF,24.0,40.0,36.0,27.0,0.067,0.0481,16103.0,19390.0,25.49,22.77,0,NO,24.88,24.91,25.14,24.88,25.05,,300,0.0,29884.0,NO,NO,2025-06-24,2599100.0
3570,PMIO,50.01,50.125,1231.0,ETF,ETF,24.0,38.0,32.0,25.0,0.1405,0.1,3185.0,4380.0,52.12,49.78,0,NO,50.39,50.66,50.97,50.52,50.86,,425,0.0,1237.0,NO,NO,2026-02-11,32600.0
3571,TSPY,25.16,25.67,157749.0,ETF,ETF,24.0,30.0,19.0,38.0,0.192,0.1441,208958.0,201300.0,26.67,22.66,0,NO,25.69,25.47,25.17,25.49,25.05,,512,0.0,224898.0,NO,NO,2026-03-20,783800.0
3572,TMB,25.11,25.15,32646.0,ETF,ETF,24.0,41.0,36.0,26.0,0.1034,0.0887,69687.0,62720.0,26.52,25.07,0,NO,25.25,25.31,25.53,25.27,25.46,,394,0.0,33568.0,NO,NO,2026-03-25,2076000.0
3573,BLDX,25.7,25.86,1804.0,ETF,ETF,24.0,23.0,27.0,15.0,0.1296,0.0693,6815.0,2610.0,32.25,25.06,0,NO,26.31,26.17,,26.18,26.31,,145,0.0,2164.0,NO,NO,2026-06-18,211700.0
3574,MNBD,25.48,25.535,4645.0,ETF,ETF,24.0,36.0,31.0,23.0,0.0592,0.0424,5346.0,5660.0,26.46,24.74,0,NO,25.68,25.81,25.97,25.74,25.93,,1073,0.0,5095.0,NO,NO,2022-05-20,799400.0
3575,NUSA,22.91,22.999,10062.0,ETF,ETF,24.0,32.0,37.0,27.0,0.049,0.0311,7465.0,15490.0,23.56,22.9,0,NO,23.05,23.07,23.25,23.04,23.18,,2366,0.0,10106.0,NO,NO,2024-05-01,462100.0
3576,EUHY,53.03,53.39,17470.0,ETF,ETF,24.0,31.0,39.0,34.0,0.1113,0.0742,26619.0,12960.0,56.37,51.92,0,NO,53.42,53.49,53.54,53.43,53.28,,3623,0.0,18481.0,NO,NO,2026-01-15,1885700.0
3577,VBCH,73.64,74.19,542.0,ETF,ETF,24.0,29.0,27.0,,0.2493,0.0793,3460.0,5900.0,76.55,73.64,0,NO,74.32,74.68,,74.48,,,109,0.0,648.0,NO,NO,2026-03-30,43800.0
3578,MULT,24.94,24.96,6.0,ETF,ETF,24.0,32.0,35.0,25.0,0.0571,0.0192,238.0,180.0,25.61,24.86,0,NO,24.98,25.02,25.22,24.99,25.15,,253,0.0,6.0,NO,NO,2025-08-28,102400.0
3579,GHYB,44.33,44.718,2546.0,ETF,ETF,24.0,35.0,38.0,30.0,0.1138,0.0692,13500.0,20540.0,45.91,44.01,0,NO,44.58,44.61,44.96,44.59,44.73,,2245,0.0,2639.0,NO,NO,2023-05-02,765700.0
3580,SUSB,24.67,24.81,251629.0,ETF,ETF,24.0,31.0,37.0,27.0,0.0446,0.0282,184725.0,152740.0,25.39,24.67,0,NO,24.84,24.87,25.07,24.85,24.99,,2293,0.0,296875.0,NO,NO,2026-05-28,10314100.0
3581,VEL,17.99,17.95,76946.0,Financial Services,Mortgage Finance,24.0,67.0,67.0,25.0,0.441,0.4264,103328.0,110800.0,21.39,16.65,710271360,NO,18.1,17.84,18.49,17.93,18.13,,1663,0.0,114709.0,NO,NO,2020-01-17,3438500.0
3582,REXR,36.91,37.04,1434876.0,Real Estate,REIT - Industrial,24.0,23.0,76.0,30.0,0.6368,0.6068,2680496.0,2270590.0,44.38,32.14,8435468800,NO,36.88,36.17,37.07,36.69,35.69,,3299,0.0,2343620.0,NO,NO,2020-07-31,20288500.0
3583,XCLR,27.78,28.002,331.0,ETF,ETF,24.0,59.0,51.0,46.0,0.1261,0.0288,1103.0,710.0,30.7,25.15,0,NO,28.11,27.72,27.66,27.78,27.16,,1365,0.0,336.0,NO,NO,2025-03-10,200300.0
3584,FMHI,46.92,47.21,117139.0,ETF,ETF,24.0,26.0,25.0,24.0,0.1896,0.1687,115452.0,214730.0,48.73,46.03,0,NO,47.6,47.95,48.03,47.78,48.0,,2216,0.0,142162.0,NO,NO,2023-10-10,865400.0
3585,XLIX,24.54,25.59,165.0,ETF,ETF,24.0,10.0,,,0.3971,0.0129,570.0,140.0,28.18,23.69,0,NO,26.89,26.81,,26.59,,,61,0.0,500.0,NO,NO,2026-06-03,9700.0
3586,NERD,22.5,22.461,372.0,ETF,ETF,24.0,79.0,79.0,51.0,0.2384,0.0956,1880.0,1270.0,28.81,19.01,0,NO,22.36,21.24,22.06,21.58,21.0,,1821,0.0,693.0,NO,NO,2021-02-23,238500.0
3587,QVOY,29.08,29.395,104381.0,ETF,ETF,24.0,39.0,13.0,24.0,0.2204,0.119,8780.0,3550.0,31.86,26.82,0,NO,29.77,29.79,29.13,29.59,29.41,,935,0.0,104388.0,NO,NO,2022-12-12,517900.0
3588,OR,35.83,36.96,614180.0,Basic Materials,Gold,24.0,93.0,37.0,3.0,1.3994,1.1337,1081884.0,1291380.0,48.06,27.54,6719852032,NO,34.67,31.95,36.72,32.47,36.39,,2553,0.0,847080.0,NO,NO,2017-06-16,9296200.0
3589,SHYL,43.95,44.27,19437.0,ETF,ETF,24.0,37.0,38.0,30.0,0.0948,0.0724,36788.0,24320.0,45.55,43.88,0,NO,44.08,44.13,44.55,44.09,44.33,,2171,0.0,20194.0,NO,NO,2020-05-12,4716100.0
3590,DFCA,49.12,49.25,88426.0,ETF,ETF,24.0,30.0,30.0,25.0,0.1278,0.0992,56034.0,70880.0,50.78,49.07,0,NO,49.57,49.78,50.08,49.67,50.0,,798,0.0,91753.0,NO,NO,2023-08-07,2524200.0
3591,FSIG,18.72,18.76,227317.0,ETF,ETF,24.0,39.0,36.0,27.0,0.0354,0.0225,363701.0,207980.0,19.33,18.71,0,NO,18.82,18.83,19.01,18.81,18.93,,1199,0.0,244813.0,NO,NO,2022-12-29,8419600.0
3592,TAXT,50.34,50.72,621.0,ETF,ETF,24.0,30.0,29.0,24.0,0.1299,0.0587,3384.0,10080.0,52.37,50.04,0,NO,50.89,51.14,51.46,51.01,51.39,,260,0.0,8427.0,NO,NO,2025-12-03,172600.0
3593,NUHY,21.11,21.29,26576.0,ETF,ETF,24.0,33.0,37.0,30.0,0.0664,0.0444,16255.0,22110.0,21.85,20.92,0,NO,21.28,21.31,21.43,21.28,21.33,,1741,0.0,27122.0,NO,NO,2019-12-16,967500.0
3594,NHYM,24.31,24.59,25182.0,ETF,ETF,24.0,26.0,26.0,24.0,0.1185,0.0974,25984.0,16550.0,25.33,23.61,0,NO,24.68,24.82,24.89,24.74,24.87,,403,0.0,25837.0,NO,NO,2025-12-31,962600.0
3595,MCHP,71.51,73.45,5914439.0,Technology,Semiconductors,24.0,16.0,3.0,33.0,2.45,2.17,11386706.0,8290060.0,105.91,48.52,38819692544,NO,76.9,81.06,77.08,79.16,80.86,,8421,0.0,10113670.0,YES,NO,2007-12-04,90537000.0
3596,DORM,126.89,128.85,97031.0,Consumer Cyclical,Auto Parts,24.0,13.0,66.0,67.0,3.1971,3.145,291628.0,155030.0,166.89,98.45,3762720000,NO,133.83,135.11,124.04,135.03,123.01,,8932,0.0,141666.0,NO,NO,2013-01-29,3202600.0
3597,SPHY,23.12,23.35,7129741.0,ETF,ETF,24.0,35.0,37.0,30.0,0.0643,0.0471,5267701.0,3338940.0,23.99,23.02,0,NO,23.29,23.31,23.49,23.28,23.38,,3570,0.0,7960112.0,NO,NO,2026-07-30,42465900.0
3598,EVIM,51.88,52.1,29095.0,ETF,ETF,24.0,31.0,30.0,22.0,0.1611,0.1267,31487.0,39880.0,54.2,51.31,0,NO,52.46,52.76,53.06,52.6,52.95,,490,0.0,31241.0,NO,NO,2026-05-11,240500.0
3599,SCYB,25.85,26.1,1211983.0,ETF,ETF,24.0,33.0,37.0,29.0,0.0664,0.0501,1147909.0,883320.0,26.78,25.7,0,NO,26.03,26.05,26.24,26.02,26.12,,789,0.0,1268845.0,NO,NO,2025-09-03,7694100.0
3600,ENB,50.46,50.57,3432531.0,Energy,Oil & Gas Midstream,24.0,9.0,13.0,15.0,0.9075,0.8482,4276336.0,4479010.0,58.45,45.03,110241710080,NO,51.0,53.58,52.11,53.01,53.98,,10698,0.0,4415752.0,NO,NO,2017-02-27,151262600.0
3601,TIPA,98.7,98.693,695.0,ETF,ETF,24.0,34.0,32.0,29.0,0.0766,0.0436,1390.0,2820.0,101.66,98.57,0,NO,98.76,99.15,100.2,99.03,100.21,,260,0.01,698.0,NO,NO,2026-01-21,25000.0
3602,DLB,61.51,61.56,610321.0,Industrials,Specialty Business Services,24.0,76.0,81.0,16.0,1.6329,1.5707,943226.0,1035310.0,73.78,48.26,5762972672,NO,62.6,55.88,60.49,57.2,58.54,,5417,0.0,1073596.0,NO,NO,2005-02-17,21616200.0
3603,VCRM,74.04,74.65,811468.0,ETF,ETF,24.0,26.0,28.0,24.0,0.2112,0.1601,206952.0,230290.0,77.05,73.06,0,NO,74.95,75.41,75.69,75.19,75.6,,443,0.0,844769.0,NO,NO,2026-05-04,2345200.0
3604,EMXX,23.79,24.12,15.0,ETF,ETF,24.0,87.0,,,0.2536,0.0043,98.0,100.0,24.89,21.22,0,NO,23.6,23.17,,23.21,,,60,0.0,100.0,NO,NO,2026-06-11,200.0
3605,VALG,18.38,18.341,37.0,ETF,ETF,24.0,75.0,7.0,3.0,0.5781,0.2664,2739.0,960.0,28.11,14.85,0,NO,17.03,17.16,,17.22,20.11,,175,0.0,37.0,NO,NO,2026-08-13,90400.0
3606,JCHI,53.8,54.004,1240.0,ETF,ETF,24.0,19.0,34.0,29.0,0.2961,0.0813,896.0,2160.0,60.65,50.85,0,NO,54.73,53.94,54.8,53.96,54.02,,867,0.0,1349.0,NO,NO,2024-09-30,34900.0
3607,RMNY,24.03,24.125,944.0,ETF,ETF,23.0,26.0,26.0,25.0,0.0774,0.0348,2444.0,3850.0,24.99,23.63,0,NO,24.32,24.5,24.53,24.42,24.51,,514,0.0,950.0,NO,NO,2025-04-14,178000.0
3608,STE,229.37,232.64,238596.0,Healthcare,Medical Devices,23.0,50.0,80.0,14.0,4.4357,4.0593,768276.0,591710.0,269.44,195.14,22364575744,NO,234.85,223.44,233.52,226.58,223.07,,8623,0.0,407355.0,NO,NO,1997-01-22,20865800.0
3609,JHMU,25.63,25.735,13676.0,ETF,ETF,23.0,32.0,28.0,23.0,0.0719,0.0434,5495.0,4670.0,26.7,25.47,0,NO,25.89,26.04,26.2,25.96,26.16,,708,0.0,14669.0,NO,NO,2023-11-06,775900.0
3610,PQDI,19.11,19.241,5419.0,ETF,ETF,23.0,28.0,34.0,27.0,0.0549,0.043,7380.0,6590.0,20.07,19.0,0,NO,19.25,19.31,19.47,19.29,19.4,,1559,0.0,5523.0,NO,NO,2025-04-14,1082900.0
3611,KWH,24.5,24.79,5641.0,ETF,ETF,23.0,35.0,,,0.2486,0.1629,71326.0,5070.0,25.78,23.95,0,NO,25.17,,,,,,34,0.0,5722.0,NO,NO,2026-07-15,1351200.0
3612,BKHY,47.03,47.405,20717.0,ETF,ETF,23.0,36.0,37.0,29.0,0.1321,0.1008,21301.0,19490.0,48.89,46.84,0,NO,47.3,47.33,47.74,47.29,47.48,,1596,0.0,21928.0,NO,NO,2023-02-01,5328100.0
3613,XLSI,23.44,23.57,12559.0,ETF,ETF,23.0,30.0,62.0,14.0,0.192,0.1257,9528.0,7470.0,25.51,22.7,0,NO,23.61,23.53,23.83,23.53,23.71,,274,0.0,12678.0,NO,NO,2026-05-14,104600.0
3614,DFSD,47.15,47.26,488780.0,ETF,ETF,23.0,38.0,34.0,27.0,0.0873,0.058,537677.0,549400.0,48.51,47.15,0,NO,47.38,47.49,47.89,47.44,47.8,,1201,0.0,539205.0,NO,NO,2022-06-02,4721300.0
3615,BSMV,20.62,20.69,47472.0,ETF,ETF,23.0,38.0,33.0,23.0,0.0592,0.0468,39253.0,43890.0,21.53,20.58,0,NO,20.8,20.84,21.05,20.8,20.98,,1219,0.0,48283.0,NO,NO,2023-10-30,396300.0
3616,TAXE,49.99,50.18,41977.0,ETF,ETF,23.0,33.0,28.0,23.0,0.1301,0.1101,28004.0,39810.0,52.03,49.8,0,NO,50.52,50.79,51.15,50.65,51.05,,538,0.0,43465.0,NO,NO,2026-07-22,273700.0
3617,NMRK,15.05,15.23,822987.0,Real Estate,Real Estate Services,23.0,46.0,77.0,56.0,0.4764,0.4623,1374452.0,1351920.0,19.84,13.36,3683275776,NO,15.4,15.36,15.76,15.37,15.11,,2187,0.0,1688391.0,NO,NO,2018-12-06,17050600.0
3618,QTR,33.5,33.878,288.0,ETF,ETF,23.0,54.0,15.0,73.0,0.2862,0.0892,1826.0,650.0,37.4,27.65,0,NO,34.06,34.08,32.78,33.94,32.5,,1258,0.0,288.0,NO,NO,2022-01-24,93900.0
3619,GXPC,29.27,29.42,173255.0,ETF,ETF,23.0,24.0,12.0,32.0,0.3818,0.331,184468.0,55330.0,33.52,25.93,0,NO,29.78,29.85,30.05,29.73,30.08,,279,0.0,207904.0,NO,NO,2026-07-07,3264200.0
3620,NVIT,49.58,50.515,13878.0,ETF,ETF,23.0,73.0,14.0,46.0,0.9433,0.5546,7582.0,10630.0,56.26,44.2,0,NO,50.28,49.15,,49.65,49.38,,196,0.0,19208.0,NO,NO,2026-08-31,27300.0
3621,ANGL,28.73,29.01,451622.0,ETF,ETF,23.0,32.0,36.0,26.0,0.0914,0.0621,700398.0,656120.0,29.78,28.36,0,NO,29.01,29.03,29.2,28.99,29.07,,3618,0.0,496306.0,NO,NO,2025-04-04,13342300.0
3622,SJNK,24.7,24.92,3823012.0,ETF,ETF,23.0,34.0,36.0,30.0,0.0571,0.0339,2248150.0,1425190.0,25.65,24.7,0,NO,24.86,24.89,25.11,24.87,24.98,,3620,0.0,4117242.0,NO,NO,2022-06-13,37987400.0
3623,SAP,212.76,220.89,2050953.0,Technology,Software - Application,23.0,92.0,79.0,62.0,6.0964,4.855,2913903.0,2394680.0,281.37,144.97,245429993472,NO,210.46,180.9,197.07,188.91,181.74,,7789,0.0,2552225.0,NO,NO,2006-07-13,17908300.0
3624,BSMW,24.48,24.548,36765.0,ETF,ETF,23.0,31.0,30.0,22.0,0.1016,0.0996,29342.0,30270.0,25.57,24.38,0,NO,24.76,24.87,25.08,24.81,25.01,,878,0.0,38362.0,NO,NO,2026-04-22,1041200.0
3625,RIGS,22.46,22.57,5117.0,ETF,ETF,23.0,45.0,34.0,28.0,0.1326,0.1204,9369.0,23100.0,24.32,20.62,0,NO,22.62,22.63,22.91,22.62,22.78,,3242,0.0,5282.0,NO,NO,2016-03-15,3932100.0
3626,ZWS,46.63,47.8,435178.0,Industrials,Pollution & Treatment Controls,23.0,7.0,44.0,12.0,1.0586,0.9743,952707.0,724570.0,55.0,43.06,7735901184,NO,50.08,49.34,48.3,48.97,48.64,,3626,0.0,845117.0,NO,NO,2012-03-29,34322093.0
3627,TXXI,49.51,49.853,8986.0,ETF,ETF,23.0,29.0,30.0,22.0,0.1296,0.0821,6079.0,3760.0,55.78,49.26,0,NO,50.03,50.29,50.55,50.16,50.45,,369,0.0,9156.0,NO,NO,2025-03-13,157900.0
3628,FIMU,19.68,19.74,9448.0,ETF,ETF,23.0,36.0,,,0.0829,0.0657,4543.0,6980.0,20.27,19.63,0,NO,19.82,19.89,,19.85,,,51,0.0,10351.0,NO,NO,2026-06-18,95300.0
3629,MSTI,20.09,20.125,17.0,ETF,ETF,23.0,16.0,27.0,25.0,0.0443,0.0279,1174.0,710.0,20.83,20.06,0,NO,20.17,20.2,20.42,20.17,20.33,,748,0.0,100.0,NO,NO,2023-09-25,925000.0
3630,RIZE,24.54,24.61,6.0,ETF,ETF,23.0,15.0,21.0,,0.0171,0.0021,244.0,150.0,25.11,24.53,0,NO,24.58,24.68,,24.63,,,69,0.0,100.0,NO,NO,2026-05-21,399400.0
3631,IT,191.58,198.11,448874.0,Technology,Information Technology Services,23.0,95.0,73.0,83.0,8.3768,8.2339,1436128.0,1176410.0,265.85,124.25,12096818176,NO,189.34,158.81,178.34,165.04,157.58,,8282,0.0,768426.0,NO,NO,1993-10-05,25536800.0
3632,TSEL,28.17,28.661,5243.0,ETF,ETF,23.0,60.0,15.0,64.0,0.3949,0.2104,36011.0,12980.0,31.06,23.55,0,NO,28.9,28.56,27.74,28.48,27.55,,415,0.0,5249.0,NO,NO,2025-01-15,702900.0
3633,JPMB,39.38,39.597,3439.0,ETF,ETF,23.0,36.0,32.0,26.0,0.1349,0.0658,17822.0,49810.0,40.9,38.79,0,NO,39.67,39.81,40.08,39.72,39.89,,2157,0.0,3595.0,NO,NO,2023-08-01,9750800.0
3634,AGX,405.86,424.99,371347.0,Industrials,Engineering & Construction,23.0,0.0,1.0,12.0,30.2721,26.5379,343080.0,327590.0,805.75,197.0,5689921536,NO,531.47,601.16,511.71,556.9,582.65,,7809,0.0,502172.0,NO,NO,2026-03-20,2581700.0
3635,KRYP,21.36,22.05,3543.0,ETF,ETF,23.0,94.0,66.0,32.0,0.6829,0.3036,1203.0,2180.0,24.5,16.25,0,NO,19.37,18.35,,18.95,20.18,,144,0.0,3564.0,NO,NO,2026-05-27,185000.0
3636,AINP,24.67,24.715,2564.0,ETF,ETF,23.0,42.0,34.0,27.0,0.0694,0.0479,6677.0,5380.0,25.6,24.6,0,NO,24.81,24.87,25.09,24.82,24.97,,432,0.0,11852.0,NO,NO,2025-01-27,4842100.0
3637,SSMR,17.0,17.53,153248.0,Basic Materials,Other Industrial Metals & Mining,23.0,92.0,,,1.1904,1.1389,252109.0,254530.0,19.61,12.51,2444070912,NO,16.99,15.01,,15.58,,,61,0.0,208658.0,NO,NO,2026-06-04,2380800.0
3638,NATH,97.82,97.86,16795.0,Consumer Cyclical,Restaurants,23.0,36.0,23.0,26.0,0.8999,0.8907,26428.0,24790.0,113.86,88.67,400812736,NO,97.69,98.98,98.81,98.34,100.18,,8435,0.0,20716.0,NO,NO,1993-02-26,797100.0
3639,IYRI,48.39,48.58,52406.0,ETF,ETF,23.0,18.0,51.0,18.0,0.4334,0.4113,78117.0,82510.0,51.21,46.29,0,NO,49.47,49.66,49.3,49.68,49.3,,408,0.0,60076.0,NO,NO,2025-08-21,191200.0
3640,FLXR,38.62,38.9,297029.0,ETF,ETF,23.0,31.0,36.0,28.0,0.1024,0.0634,421138.0,390100.0,39.97,38.58,0,NO,38.92,38.98,39.32,38.93,39.17,,549,0.0,313144.0,NO,NO,2025-12-18,1848900.0
3641,BMOP,24.43,24.6,63259.0,ETF,ETF,23.0,29.0,30.0,26.0,0.0944,0.0839,103620.0,117420.0,25.28,24.1,0,NO,24.7,24.86,,24.78,24.85,,160,0.0,74962.0,NO,NO,2026-06-10,385400.0
3642,ADBE,285.96,292.79,3276317.0,Technology,Software - Application,23.0,91.0,69.0,67.0,10.3836,9.51,6241993.0,4303000.0,370.86,190.12,113665130496,NO,270.05,242.02,268.95,253.59,246.79,,10089,0.0,4380294.0,NO,NO,1996-01-05,175513600.0
3643,VMSB,49.03,49.179,142609.0,ETF,ETF,23.0,38.0,35.0,29.0,0.129,0.0259,3357.0,16100.0,50.49,48.94,0,NO,49.53,49.47,,49.41,49.58,,186,0.0,142612.0,NO,NO,2026-03-25,342300.0
3644,MUNI,51.22,51.62,506268.0,ETF,ETF,23.0,28.0,30.0,23.0,0.14,0.1082,312530.0,313590.0,53.37,51.18,0,NO,51.76,52.02,52.41,51.88,52.29,,4202,0.0,604443.0,NO,NO,2025-06-03,1540900.0
3645,MFSM,24.47,24.6,54062.0,ETF,ETF,23.0,31.0,28.0,23.0,0.0671,0.0457,21457.0,33670.0,25.55,23.11,0,NO,24.77,24.92,25.06,24.84,25.03,,434,0.0,61350.0,NO,NO,2024-12-05,1006800.0
3646,AEMC,19.78,19.95,952.0,ETF,ETF,23.0,,,,,,33366.0,33366.0,20.32,19.78,0,NO,,,,,,,3,0.0,953.0,NO,NO,2026-08-27,99900.0
3647,TAXF,49.31,49.58,58830.0,ETF,ETF,23.0,28.0,26.0,22.0,0.1693,0.1521,43795.0,47170.0,51.42,48.79,0,NO,49.9,50.21,50.46,50.05,50.37,,2002,0.0,61585.0,NO,NO,2022-11-08,559200.0
3648,DEED,21.02,21.04,1415.0,ETF,ETF,23.0,44.0,35.0,21.0,0.0728,0.0506,45396.0,4820.0,22.03,20.97,0,NO,21.14,21.22,21.45,21.17,21.36,,1592,0.0,1861.0,NO,NO,2021-10-19,979900.0
3649,RIVN,15.52,16.06,12466031.0,Consumer Cyclical,Auto Manufacturers,23.0,69.0,11.0,43.0,0.6961,0.6547,31533095.0,23391010.0,22.69,12.39,22478034944,NO,15.96,16.45,16.29,16.46,15.87,,1206,0.0,15983799.0,YES,NO,2024-06-26,261980400.0
3650,PPLI,38.22,38.28,533422.0,Communication Services,Internet Content & Information,23.0,8.0,7.0,47.0,1.0135,0.9946,969158.0,937450.0,48.32,29.56,2847500800,NO,40.19,42.66,40.15,41.93,41.27,,8462,0.0,924270.0,NO,NO,2003-06-09,4346044742.0
3651,GVI,104.62,105.15,98846.0,ETF,ETF,23.0,33.0,36.0,26.0,0.2243,0.1256,108384.0,116690.0,108.34,104.6,0,NO,105.35,105.5,106.58,105.38,106.18,,4940,0.0,122482.0,NO,NO,2017-06-28,5490100.0
3652,EMSC,25.68,25.82,7331.0,ETF,ETF,23.0,84.0,16.0,,0.3307,0.2372,12165.0,7310.0,27.39,23.38,0,NO,25.47,25.26,,25.19,,,70,0.0,7901.0,NO,NO,2026-05-26,1428000.0
3653,ESPO,96.67,97.4,13604.0,ETF,ETF,23.0,69.0,75.0,51.0,1.1914,0.7289,16898.0,11260.0,122.99,84.93,0,NO,97.67,93.76,96.07,94.93,91.88,,1977,0.0,14779.0,NO,NO,2020-08-07,795400.0
3654,APG,39.01,39.25,1268088.0,Industrials,Engineering & Construction,23.0,25.0,21.0,9.0,1.1115,1.0429,2866120.0,2390170.0,49.99,33.4,16858571776,NO,41.88,41.21,41.88,40.99,42.34,,1593,0.0,2546075.0,NO,NO,2025-06-23,56418600.0
3655,FLIN,35.55,35.67,346153.0,ETF,ETF,22.0,38.0,64.0,27.0,0.2286,0.1629,723096.0,145660.0,39.85,32.2,0,NO,35.84,35.51,36.17,35.53,35.31,,2151,0.0,364152.0,NO,NO,2026-06-22,15456500.0
3656,XTRE,48.44,48.684,119902.0,ETF,ETF,22.0,32.0,37.0,26.0,0.0816,0.0417,42853.0,21330.0,50.15,48.44,0,NO,48.77,48.82,49.37,48.78,49.17,,974,0.0,122069.0,NO,NO,2026-05-20,960900.0
3657,GRW,30.94,31.34,16234.0,ETF,ETF,22.0,19.0,25.0,45.0,0.2351,0.0907,6258.0,7810.0,33.11,26.63,0,NO,32.08,31.83,30.7,31.8,30.53,,582,0.0,18172.0,NO,NO,2026-01-28,317800.0
3658,NDIA,27.41,27.408,161.0,ETF,ETF,22.0,38.0,69.0,21.0,0.1791,0.0832,4569.0,3770.0,30.68,25.04,0,NO,27.58,27.33,27.97,27.4,27.27,,761,0.0,1403.0,NO,NO,2025-04-11,431400.0
3659,RBC,487.85,494.26,189455.0,Industrials,Tools & Accessories,22.0,4.0,8.0,7.0,14.5761,13.7496,260465.0,289970.0,667.69,364.5,15444803584,NO,534.16,572.58,542.75,555.27,569.49,,5297,0.0,237294.0,NO,NO,2005-08-10,4659200.0
3660,ROBX,23.16,23.32,579.0,ETF,ETF,22.0,,,,,,3111.0,3111.0,23.96,22.79,0,NO,,,,,,,8,0.0,100.0,NO,NO,2026-08-19,21700.0
3661,VSNT,40.32,41.12,806104.0,Communication Services,Entertainment,22.0,89.0,17.0,86.0,1.1558,1.0429,1872214.0,1390820.0,59.0,27.17,5613425152,NO,38.69,37.3,,37.75,37.94,,178,0.0,1272273.0,NO,NO,2026-01-05,41362800.0
3662,ETHE,19.46,19.97,1722111.0,ETF,ETF,22.0,96.0,91.0,81.0,0.6657,0.4875,2257363.0,3286170.0,39.16,12.36,0,NO,17.11,15.51,18.76,16.28,16.43,,1813,0.0,1899554.0,NO,NO,2021-05-19,36683426.0
3663,FMUB,49.83,50.05,140581.0,ETF,ETF,22.0,45.0,26.0,22.0,0.2069,0.18,38537.0,53240.0,53.88,49.75,0,NO,50.63,50.91,51.06,50.75,51.0,,353,0.0,146827.0,NO,NO,2025-06-03,820900.0
3664,TAFL,24.36,24.585,26410.0,ETF,ETF,22.0,25.0,27.0,23.0,0.098,0.0568,12371.0,7800.0,25.55,23.97,0,NO,24.75,24.93,25.02,24.85,24.97,,680,0.0,26424.0,NO,NO,2026-05-19,241300.0
3665,RMCA,23.59,23.735,4764.0,ETF,ETF,22.0,27.0,25.0,24.0,0.0912,0.0378,3604.0,3720.0,24.61,23.37,0,NO,23.99,24.17,24.24,24.09,24.21,,514,0.0,4769.0,NO,NO,2024-08-30,326400.0
3666,VBCI,73.36,73.99,494.0,ETF,ETF,22.0,28.0,24.0,,0.2868,0.1118,1982.0,2220.0,76.58,73.36,0,NO,74.11,74.59,,74.34,,,109,0.0,769.0,NO,NO,2026-03-30,45000.0
3667,MUNC,100.01,100.46,6.0,ETF,ETF,22.0,14.0,22.0,17.0,0.1405,0.0336,819.0,120.0,104.81,100.11,0,NO,100.79,101.47,102.51,101.14,102.16,,259,0.0,100.0,NO,NO,2026-08-12,40000.0
3668,SVOL,16.41,16.49,248749.0,ETF,ETF,22.0,74.0,60.0,28.0,0.1611,0.1454,274353.0,322260.0,18.41,15.06,0,NO,16.28,16.11,16.52,16.18,16.07,,1331,0.0,261926.0,NO,NO,2024-08-05,5456900.0
3669,TAFM,24.83,25.03,189316.0,ETF,ETF,22.0,26.0,27.0,22.0,0.0921,0.07,218257.0,292180.0,25.93,24.62,0,NO,25.16,25.33,25.47,25.25,25.43,,538,0.0,228129.0,NO,NO,2026-05-20,2206600.0
3670,SPSK,17.84,17.89,439650.0,ETF,ETF,22.0,45.0,37.0,28.0,0.0528,0.0506,293665.0,234750.0,18.71,17.76,0,NO,17.92,17.93,18.13,17.91,18.01,,1675,0.0,451668.0,NO,NO,2026-03-24,1536100.0
3671,APC,17.97,18.15,149134.0,Energy,Oil & Gas Refining & Marketing,22.0,4.0,17.0,16.0,0.5607,0.5314,164057.0,158580.0,21.72,17.0,1483786880,NO,18.94,19.37,,19.32,19.03,,138,0.0,189486.0,NO,NO,2026-02-12,2587900.0
3672,MLN,17.04,17.25,368442.0,ETF,ETF,22.0,23.0,24.0,22.0,0.0836,0.0629,181101.0,183930.0,17.82,16.72,0,NO,17.39,17.52,17.56,17.45,17.53,,4689,0.0,377299.0,NO,NO,2025-06-18,3404800.0
3673,TEMD,24.6,24.876,17.0,ETF,ETF,22.0,19.0,29.0,22.0,0.0693,0.006,320.0,160.0,25.72,24.45,0,NO,24.78,24.91,,24.85,24.98,,152,0.0,100.0,NO,NO,2026-02-11,401000.0
3674,RTAI,20.8,20.881,309.0,ETF,ETF,22.0,29.0,24.0,17.0,0.0736,0.0124,687.0,190.0,22.18,19.92,0,NO,20.99,21.23,21.27,21.13,21.22,,1471,0.0,612.0,NO,NO,2022-02-14,160900.0
3675,RL,341.05,346.9,487246.0,Consumer Cyclical,Apparel Manufacturing,22.0,5.0,14.0,22.0,10.2121,9.7196,640092.0,564090.0,421.6,292.9,20318140416,NO,377.17,384.08,365.93,377.72,369.69,,7350,0.0,797311.0,NO,NO,1997-06-12,19963800.0
3676,TIPT,18.37,18.52,74317.0,Financial Services,Asset Management,22.0,72.0,65.0,58.0,0.3764,0.3721,244671.0,242740.0,27.41,15.49,684093184,NO,18.14,17.99,17.58,18.08,17.46,,3992,0.0,169409.0,NO,NO,2021-04-21,5932400.0
3677,XLY,114.45,116.59,4427604.0,ETF,ETF,22.0,26.0,23.0,34.0,1.5321,1.2504,7288738.0,5127020.0,125.01,105.19,0,NO,117.76,116.12,116.98,116.18,115.65,,6964,0.0,5870171.0,NO,NO,2014-02-03,64955400.0
3678,IWP,138.0,140.46,537087.0,ETF,ETF,22.0,51.0,20.0,40.0,2.0043,1.4646,841036.0,1061710.0,148.29,122.94,0,NO,143.46,141.6,137.84,141.32,137.52,,6306,0.0,594759.0,NO,NO,2008-03-13,17928800.0
3679,EVMO,49.35,49.46,291193.0,ETF,ETF,22.0,37.0,34.0,24.0,0.255,0.2164,71253.0,87390.0,51.75,48.72,0,NO,49.78,49.89,50.43,49.8,50.24,,271,0.0,297341.0,NO,NO,2025-08-19,635200.0
3680,STIP,100.71,100.68,1661028.0,ETF,ETF,22.0,33.0,32.0,27.0,0.1184,0.0869,912142.0,917320.0,104.16,100.53,0,NO,100.78,101.18,102.56,101.06,102.48,,3958,0.0,1925174.0,NO,NO,2023-08-18,8583200.0
3681,MBSD,20.3,20.39,4183.0,ETF,ETF,22.0,36.0,34.0,26.0,0.0605,0.0349,10119.0,6050.0,21.1,20.26,0,NO,20.42,20.47,20.69,20.43,20.61,,3015,0.0,4632.0,NO,NO,2023-10-20,707400.0
3682,ACV,25.87,26.2,29669.0,Financial Services,Asset Management,22.0,19.0,12.0,15.0,0.5442,0.5232,27003.0,28490.0,29.04,22.95,268946272,NO,26.92,27.27,26.73,27.09,26.73,,2836,0.0,34905.0,NO,NO,2015-05-22,1279800.0
3683,THYM,49.37,49.635,3749.0,ETF,ETF,22.0,28.0,26.0,24.0,0.1745,0.0571,2736.0,1240.0,51.74,49.33,0,NO,50.05,50.44,,50.26,50.44,,193,0.0,5850.0,NO,NO,2026-05-11,19200.0
3684,TSEC,25.43,25.45,10000.0,ETF,ETF,22.0,40.0,35.0,26.0,0.0878,0.0723,35669.0,36490.0,26.48,25.42,0,NO,25.59,25.66,25.95,25.62,25.82,,783,0.0,10052.0,NO,NO,2024-01-19,583000.0
3685,ESBG,21.44,21.979,1171.0,ETF,ETF,22.0,78.0,19.0,9.0,0.2897,0.0466,460.0,550.0,27.03,19.86,0,NO,22.05,21.16,,21.35,21.94,,195,0.0,1202.0,NO,NO,2026-01-29,21600.0
3686,FRMEP,24.9,25.25,3802.0,Financial Services,Banks - Regional,22.0,28.0,38.0,21.0,0.17,0.0521,1373.0,1070.0,27.09,24.73,0,NO,25.21,25.47,25.65,25.4,25.52,,1516,0.0,5243.0,NO,NO,2020-11-19,71100.0
3687,MUB,104.32,105.1,9655533.0,ETF,ETF,22.0,26.0,27.0,23.0,0.3636,0.2893,3853671.0,4155790.0,109.0,103.86,0,NO,105.58,106.24,106.94,105.91,106.72,,4774,0.0,10218465.0,YES,NO,2025-04-09,26211700.0
3688,KSMH,24.86,25.04,29.0,ETF,ETF,22.0,,,,,,3777.0,3777.0,25.11,23.1,0,NO,,,,,,,9,0.0,29.0,NO,NO,2026-08-19,8200.0
3689,BSCU,16.43,16.48,1692603.0,ETF,ETF,22.0,36.0,34.0,25.0,0.0417,0.0288,651664.0,461860.0,17.06,16.43,0,NO,16.55,16.57,16.76,16.55,16.69,,1494,0.0,1777979.0,NO,NO,2024-12-27,3376400.0
3690,H,163.53,166.97,358716.0,Consumer Cyclical,Lodging,22.0,9.0,9.0,43.0,4.6921,4.4144,831131.0,578050.0,206.86,134.18,15410533376,NO,176.6,184.33,169.03,180.94,172.16,,4229,0.0,735697.0,NO,NO,2009-11-05,19384900.0
3691,MMIT,23.73,23.84,424049.0,ETF,ETF,22.0,30.0,28.0,22.0,0.0803,0.0696,257919.0,243190.0,24.77,23.67,0,NO,24.0,24.13,24.31,24.05,24.25,,2228,0.0,441879.0,NO,NO,2026-05-26,7285700.0
3692,TAXM,48.97,49.393,685.0,ETF,ETF,22.0,27.0,28.0,23.0,0.1552,0.0777,3217.0,4450.0,51.26,48.94,0,NO,49.57,49.85,50.19,49.71,50.07,,369,0.0,938.0,NO,NO,2026-02-04,124900.0
3693,BSJV,25.82,25.955,20938.0,ETF,ETF,22.0,41.0,33.0,27.0,0.1621,0.1534,36358.0,30970.0,26.96,25.66,0,NO,26.06,26.09,26.36,26.06,26.21,,739,0.0,24785.0,NO,NO,2024-02-05,335000.0
3694,FOPC,25.14,25.2,878.0,ETF,ETF,22.0,45.0,33.0,26.0,0.0549,0.0196,2350.0,1810.0,26.2,25.09,0,NO,25.24,25.28,25.56,25.23,25.46,,423,0.0,986.0,NO,NO,2024-12-23,1190800.0
3695,IYC,99.8,101.22,63758.0,ETF,ETF,22.0,26.0,33.0,28.0,1.18,0.8329,110060.0,60270.0,107.36,93.99,0,NO,102.64,101.24,101.75,101.25,100.9,,6582,0.0,75691.0,NO,NO,2002-09-09,9072400.0
3696,AHBM,23.99,24.84,287.0,ETF,ETF,22.0,,,,,,28233.0,28233.0,25.17,23.54,0,NO,,,,,,,9,0.0,310.0,NO,NO,2026-08-19,203800.0
3697,MINO,44.25,44.57,150036.0,ETF,ETF,22.0,26.0,26.0,23.0,0.1454,0.1164,102941.0,87620.0,46.19,43.94,0,NO,44.82,45.12,45.4,44.98,45.31,,1248,0.0,151803.0,NO,NO,2025-04-11,773000.0
3698,MMCA,21.23,21.32,5444.0,ETF,ETF,22.0,37.0,30.0,20.0,0.0818,0.0664,20150.0,23260.0,22.26,21.17,0,NO,21.46,21.56,21.77,21.49,21.7,,1177,0.0,8241.0,NO,NO,2021-12-21,2000100.0
3699,STBQ,22.94,23.459,2054.0,ETF,ETF,22.0,88.0,69.0,47.0,0.5896,0.2772,2361.0,3530.0,27.65,18.46,0,NO,21.98,21.25,,21.63,21.28,,172,0.0,2100.0,NO,NO,2026-07-06,17200.0
3700,KTN,25.55,25.49,1357.0,Finance,Finance/Rental/Leasing,22.0,49.0,28.0,33.0,0.08,0.0486,1793.0,1680.0,26.89,25.21,0,NO,25.45,25.52,25.94,25.41,25.81,,5720,0.0,1359.0,NO,NO,2009-04-13,156300.0
3701,BSCA,19.56,19.66,10709.0,ETF,ETF,22.0,31.0,,,0.0825,0.0411,16487.0,22090.0,20.33,19.56,0,NO,19.77,19.91,,19.84,,,57,0.0,11701.0,NO,NO,2026-08-14,174700.0
3702,MTGP,43.37,43.455,7285.0,ETF,ETF,22.0,37.0,34.0,23.0,0.2168,0.1556,9512.0,6890.0,46.17,43.37,0,NO,43.67,43.83,44.3,43.73,44.13,,1691,0.0,7382.0,NO,NO,2026-03-16,214100.0
3703,VTEC,97.45,98.13,798110.0,ETF,ETF,21.0,27.0,27.0,22.0,0.3554,0.3174,339703.0,451890.0,101.9,97.1,0,NO,98.74,99.32,99.99,99.0,99.71,,649,0.0,825533.0,NO,NO,2025-04-09,2608200.0
3704,SE,113.14,113.48,1693197.0,Consumer Cyclical,Internet Retail,21.0,79.0,90.0,60.0,4.5832,4.2068,4412912.0,3831850.0,199.3,77.05,69265874944,NO,118.12,108.96,106.36,110.91,97.01,,2226,0.0,2519102.0,NO,NO,2023-08-15,52278000.0
3705,MEIB,24.03,23.99,53.0,ETF,ETF,21.0,,,,0.4214,0.0786,291.0,170.0,25.41,22.66,0,NO,24.17,,,,,,23,0.0,100.0,NO,NO,2026-08-12,1400.0
3706,NYF,52.13,52.6,223601.0,ETF,ETF,21.0,25.0,26.0,21.0,0.1689,0.1339,158484.0,179390.0,54.52,51.93,0,NO,52.86,53.21,53.52,53.05,53.43,,4751,0.0,287152.0,NO,NO,2023-12-07,981200.0
3707,MUND,100.22,100.71,15.0,ETF,ETF,21.0,14.0,21.0,18.0,0.237,0.0404,420.0,470.0,107.17,95.25,0,NO,101.29,102.06,102.97,101.65,102.68,,259,0.0,100.0,NO,NO,2026-05-13,22200.0
3708,BLOK,60.74,62.51,460496.0,ETF,ETF,21.0,67.0,9.0,72.0,1.84,1.3914,245363.0,240460.0,75.89,46.9,0,NO,61.27,61.53,59.63,61.14,59.19,,2161,0.0,483614.0,NO,NO,2021-02-16,3474500.0
3709,VOX,185.54,186.51,174349.0,ETF,ETF,21.0,65.0,18.0,24.0,2.3364,2.1936,307039.0,230270.0,200.77,172.37,0,NO,186.84,186.29,189.83,186.34,188.52,,5515,0.0,196540.0,NO,NO,2021-11-19,2838300.0
3710,TYG,43.66,43.67,73194.0,Financial Services,Asset Management,21.0,64.0,41.0,9.0,0.6246,0.5496,163730.0,114010.0,51.18,40.35,0,NO,43.45,43.39,45.09,43.62,45.75,,5665,0.0,81012.0,NO,NO,2026-05-08,725300.0
3711,VTEB,48.96,49.34,19142769.0,ETF,ETF,21.0,26.0,26.0,22.0,0.1657,0.1343,7109784.0,7963930.0,51.18,48.76,0,NO,49.61,49.93,50.24,49.78,50.14,,2770,0.0,20548967.0,YES,NO,2025-04-09,37706400.0
3712,RSPD,55.37,56.02,22461.0,ETF,ETF,21.0,20.0,47.0,19.0,0.7207,0.5221,66936.0,80980.0,60.34,50.97,0,NO,57.46,56.49,56.33,56.5,55.78,,4983,0.0,40255.0,NO,NO,2021-10-26,4005000.0
3713,CRUX,29.27,29.46,432712.0,ETF,ETF,21.0,33.0,32.0,,0.1025,0.0668,273019.0,322210.0,30.84,29.25,0,NO,29.5,29.63,,29.56,,,117,0.0,454117.0,NO,NO,2026-03-23,12053100.0
3714,JPIB,47.49,47.76,188725.0,ETF,ETF,21.0,30.0,34.0,24.0,0.1128,0.0676,197700.0,265830.0,49.42,47.35,0,NO,47.91,47.99,48.39,47.91,48.11,,2358,0.0,196304.0,NO,NO,2026-03-19,1558700.0
3715,VBCJ,73.15,73.77,9445.0,ETF,ETF,21.0,28.0,24.0,,0.3104,0.1425,4426.0,6920.0,76.64,73.16,0,NO,73.89,74.42,,74.16,,,109,0.0,9505.0,NO,NO,2026-08-06,47500.0
3716,JCAL,48.89,49.25,5471.0,ETF,ETF,21.0,30.0,,,0.1586,0.1146,19731.0,25390.0,50.47,48.81,0,NO,49.34,49.68,,49.54,,,54,0.0,5494.0,NO,NO,2026-08-27,106500.0
3717,FLXN,24.78,24.835,28164.0,ETF,ETF,21.0,45.0,37.0,24.0,0.0876,0.0674,24752.0,11640.0,26.09,24.53,0,NO,24.9,24.9,25.3,24.88,25.11,,290,0.0,28704.0,NO,NO,2025-07-31,1280900.0
3718,TTOP,18.57,18.758,211.0,ETF,ETF,21.0,95.0,80.0,72.0,0.4303,0.077,374.0,1200.0,25.57,13.68,0,NO,16.46,15.46,,15.99,16.38,,199,0.0,213.0,NO,NO,2025-11-24,6700.0
3719,TEL,206.73,205.25,1471032.0,Technology,Electronic Components,21.0,56.0,34.0,29.0,5.6261,5.2146,2407044.0,2017600.0,252.56,190.27,59738157056,NO,209.97,205.41,216.88,205.68,211.14,,4834,0.0,2834959.0,NO,NO,2009-06-25,147437100.0
3720,JMHI,48.92,49.366,108791.0,ETF,ETF,21.0,29.0,29.0,23.0,0.2722,0.2235,33261.0,38720.0,51.19,48.8,0,NO,49.56,49.87,50.19,49.71,50.04,,785,0.0,114949.0,NO,NO,2026-07-23,339000.0
3721,MFLX,16.74,16.745,140.0,ETF,ETF,21.0,24.0,22.0,22.0,0.0826,0.0714,6009.0,2710.0,17.95,16.38,0,NO,16.9,17.09,17.1,17.01,17.11,,2493,0.0,142.0,NO,NO,2018-11-13,293900.0
3722,GRNB,23.67,23.84,24365.0,ETF,ETF,21.0,36.0,33.0,26.0,0.0858,0.0696,28095.0,21610.0,24.67,23.65,0,NO,23.83,23.89,24.14,23.85,24.02,,2385,0.0,24496.0,NO,NO,2023-10-06,373200.0
3723,BRSV,43.48,43.87,11289.0,ETF,ETF,21.0,21.0,,,0.3843,0.2964,31057.0,11230.0,45.88,43.48,0,NO,44.86,,,,,,26,0.0,13482.0,NO,NO,2026-07-30,284900.0
3724,FLMI,24.27,24.49,637695.0,ETF,ETF,21.0,24.0,24.0,20.0,0.1014,0.0931,703056.0,657460.0,25.46,24.05,0,NO,24.63,24.81,24.94,24.72,24.91,,2252,0.0,703545.0,NO,NO,2026-01-05,2803100.0
3725,JMUB,49.14,49.52,1592156.0,ETF,ETF,21.0,27.0,28.0,23.0,0.1499,0.1167,1097944.0,934180.0,51.34,49.07,0,NO,49.75,50.04,50.41,49.9,50.27,,1964,0.0,1660477.0,NO,NO,2026-08-14,6193700.0
3726,FPXE,33.01,33.05,211.0,ETF,ETF,21.0,29.0,11.0,33.0,0.3304,0.0764,543.0,460.0,36.67,29.26,0,NO,33.86,33.79,32.94,33.6,33.54,,1976,0.0,221.0,NO,NO,2021-02-09,105500.0
3727,POWWP,23.7,24.025,3280.0,Industrials,Aerospace & Defense,21.0,20.0,27.0,25.0,0.5129,0.4435,2615.0,6860.0,25.5,22.75,0,NO,24.21,24.19,24.32,24.08,24.35,,1325,0.0,3285.0,NO,NO,2021-06-10,259400.0
3728,AKR,20.27,20.47,930281.0,Real Estate,REIT - Retail,21.0,6.0,16.0,27.0,0.4104,0.3875,1585712.0,1474830.0,23.03,18.61,2957470208,NO,20.92,21.46,20.89,21.38,21.11,,8372,0.0,2177363.0,NO,NO,2024-12-20,10368200.0
3729,FSEC,43.07,43.23,280361.0,ETF,ETF,21.0,35.0,31.0,24.0,0.1804,0.1279,340304.0,357510.0,45.6,42.97,0,NO,43.42,43.57,44.03,43.47,43.87,,1378,0.0,300596.0,NO,NO,2025-03-21,7148400.0
3730,VMBS,45.81,46.13,1274868.0,ETF,ETF,21.0,35.0,31.0,24.0,0.1993,0.1354,1308211.0,1481750.0,47.9,45.78,0,NO,46.2,46.36,46.86,46.25,46.72,,4217,0.0,1411144.0,NO,NO,2025-04-22,109432000.0
3731,FLDZ,29.4,29.913,695.0,ETF,ETF,21.0,22.0,23.0,24.0,0.4666,0.1154,1707.0,340.0,34.15,28.13,0,NO,32.22,31.12,30.1,31.0,30.33,,1169,0.0,698.0,NO,NO,2022-01-10,101700.0
3732,FMB,49.74,49.97,155880.0,ETF,ETF,21.0,28.0,25.0,20.0,0.1816,0.172,151247.0,136350.0,52.03,49.62,0,NO,50.38,50.74,51.11,50.55,51.0,,3092,0.0,163965.0,NO,NO,2020-03-27,1335800.0
3733,XEL,75.9,75.69,2827500.0,Utilities,Utilities - Regulated Electric,21.0,19.0,40.0,12.0,1.2593,1.16,5384611.0,5231960.0,84.23,71.29,47409745920,NO,77.75,79.12,78.72,78.72,79.83,,13495,0.09,7159512.0,NO,NO,1988-06-27,24849800.0
3734,MYCJ,24.28,24.45,6462.0,ETF,ETF,21.0,31.0,34.0,25.0,0.0536,0.0256,8560.0,13460.0,25.32,24.27,0,NO,24.47,24.52,24.79,24.48,24.69,,485,0.0,6559.0,NO,NO,2025-01-13,338100.0
3735,JHPI,22.38,22.41,30957.0,ETF,ETF,21.0,32.0,28.0,24.0,0.0696,0.0573,43026.0,37240.0,23.56,22.38,0,NO,22.53,22.64,22.88,22.6,22.82,,1181,0.0,33742.0,NO,NO,2025-08-04,623000.0
3736,XC,32.41,32.54,11019.0,ETF,ETF,21.0,51.0,62.0,26.0,0.2434,0.1928,13446.0,9230.0,35.86,30.04,0,NO,32.46,32.06,32.65,32.17,32.11,,988,0.0,11109.0,NO,NO,2023-02-21,487000.0
3737,SPIB,32.85,33.08,2555165.0,ETF,ETF,21.0,30.0,33.0,25.0,0.0957,0.0714,6776280.0,6461400.0,34.14,32.85,0,NO,33.12,33.21,33.56,33.15,33.42,,4409,0.0,3767697.0,NO,NO,2022-10-31,37971400.0
3738,ZCBA,48.54,48.748,209.0,ETF,ETF,21.0,32.0,34.0,22.0,0.0754,0.0,141.0,120.0,50.76,48.54,0,NO,48.88,48.96,,48.9,49.45,,162,0.0,210.0,NO,NO,2026-05-29,4100.0
3739,SPMB,21.81,21.97,941183.0,ETF,ETF,21.0,55.0,32.0,18.0,0.0921,0.0675,1148793.0,1107910.0,22.87,21.8,0,NO,22.0,22.08,22.34,22.01,22.26,,4424,0.0,990775.0,NO,NO,2020-02-12,15216600.0
3740,AESG,19.61,20.12,6.0,ETF,ETF,21.0,,,,,,33100.0,33100.0,20.19,19.61,0,NO,,,,,,,2,0.0,100.0,NO,NO,2026-08-27,99100.0
3741,ALKT,19.68,20.4,543378.0,Technology,Software - Application,21.0,83.0,62.0,77.0,0.6951,0.6744,1638069.0,1240130.0,26.89,13.98,2105687680,NO,19.99,18.47,18.49,18.98,17.38,,1352,0.0,990170.0,NO,NO,2026-02-26,8335000.0
3742,FLXI,48.57,48.81,122.0,ETF,ETF,21.0,19.0,27.0,,0.0964,0.0064,215.0,130.0,50.24,47.93,0,NO,48.85,48.81,,48.79,,,128,0.0,100.0,NO,NO,2026-03-03,12500.0
3743,NUMI,24.42,24.6,1071.0,ETF,ETF,21.0,25.0,25.0,20.0,0.0942,0.0717,5192.0,4010.0,25.66,24.2,0,NO,24.75,24.92,25.1,24.82,25.04,,403,0.0,1076.0,NO,NO,2025-01-28,400000.0
3744,NXUS,24.35,24.58,1512.0,ETF,ETF,21.0,27.0,31.0,24.0,0.0568,0.0061,144963.0,310130.0,25.52,24.35,0,NO,24.67,24.78,24.96,24.71,24.87,,235,0.0,1602.0,NO,NO,2026-01-05,11789300.0
3745,JSI,50.72,50.811,89697.0,ETF,ETF,21.0,35.0,35.0,25.0,0.1237,0.0752,123515.0,123140.0,52.92,50.71,0,NO,51.11,51.19,51.76,51.12,51.53,,703,0.0,96708.0,NO,NO,2025-03-31,1097900.0
3746,MUNY,100.36,101.16,112345.0,ETF,ETF,21.0,25.0,25.0,21.0,0.3313,0.2577,55839.0,52160.0,105.51,100.12,0,NO,101.85,102.55,103.18,102.2,102.95,,320,0.0,128341.0,NO,NO,2026-08-06,226600.0
3747,STRD,72.68,72.5,69847.0,Technology,Software - Application,21.0,95.0,63.0,14.0,1.4532,1.3316,149925.0,124000.0,84.88,49.0,0,NO,69.06,63.38,72.07,65.28,70.64,,310,0.0,75688.0,NO,NO,2025-06-30,1872200.0
3748,RNMN,26.11,26.103,29.0,ETF,ETF,21.0,17.0,36.0,41.0,0.03,0.0079,1207.0,770.0,29.01,24.83,0,NO,26.07,26.06,26.25,26.06,25.88,,1038,0.0,100.0,NO,NO,2022-07-19,128000.0
3749,THY,21.63,21.678,13276.0,ETF,ETF,21.0,43.0,34.0,26.0,0.0546,0.0448,10884.0,8000.0,25.17,19.94,0,NO,21.65,21.73,22.01,21.7,21.91,,1553,0.0,13323.0,NO,NO,2020-06-25,1664500.0
3750,GTES,24.92,25.58,1652584.0,Industrials,Specialty Industrial Machinery,21.0,4.0,20.0,11.0,0.8698,0.8076,1927866.0,1633610.0,30.34,20.88,6309792768,NO,27.24,27.09,24.9,26.76,25.82,,2161,0.0,2578560.0,NO,NO,2024-07-19,36627800.0
3751,RXI,195.27,198.46,4333.0,ETF,ETF,20.0,21.0,33.0,25.0,1.7275,1.1218,13347.0,24350.0,213.77,180.68,0,NO,201.6,197.23,199.8,197.79,196.73,,5016,0.0,4632.0,NO,NO,2016-01-25,2814000.0
3752,JMTG,49.6,49.95,451136.0,ETF,ETF,20.0,31.0,33.0,21.0,0.1757,0.1089,674349.0,394540.0,52.04,49.57,0,NO,50.09,50.23,50.82,50.12,50.65,,295,0.0,495030.0,NO,NO,2026-03-30,6274500.0
3753,STPZ,52.54,52.55,223084.0,ETF,ETF,20.0,31.0,31.0,25.0,0.079,0.0583,72657.0,96800.0,54.58,52.5,0,NO,52.63,52.84,53.66,52.77,53.57,,4282,0.0,225565.0,NO,NO,2010-03-08,3226100.0
3754,FMNY,25.94,25.97,1270.0,ETF,ETF,20.0,26.0,24.0,19.0,0.0981,0.0859,5687.0,4350.0,27.22,25.78,0,NO,26.3,26.52,26.7,26.41,26.64,,1331,0.0,1343.0,NO,NO,2025-09-24,167400.0
3755,AEO,16.62,16.63,2973357.0,Consumer Cyclical,Apparel Retail,20.0,16.0,63.0,3.0,0.6564,0.5529,4643647.0,4538860.0,28.46,12.6,2787582464,NO,16.93,17.12,19.77,16.81,17.91,,8149,0.0,4928177.0,NO,NO,2025-09-04,105608400.0
3756,OBX,17.1,17.51,73790.0,Healthcare,Biotechnology,20.0,86.0,,,3.6068,3.5154,117469.0,255990.0,49.97,14.57,1056625024,YES,22.81,,,,,,26,0.0,79261.0,NO,NO,2026-08-21,1449300.0
3757,MBCE,36.99,37.802,8622.0,ETF,ETF,20.0,67.0,14.0,39.0,0.6094,0.3638,22560.0,16720.0,41.84,33.38,0,NO,38.54,38.44,37.36,38.09,37.53,,1363,0.0,12884.0,NO,NO,2024-12-12,666700.0
3758,TDC,28.66,29.0,726364.0,Technology,Software - Infrastructure,20.0,8.0,4.0,15.0,0.8836,0.8429,3047020.0,1921070.0,41.78,20.25,2665380096,NO,27.94,30.31,29.79,29.83,29.86,,4759,0.0,1471182.0,NO,NO,2021-04-22,26249400.0
3759,XTAI,24.8,23.57,1348.0,ETF,ETF,20.0,95.0,,,0.6099,0.1039,2664.0,1530.0,27.31,16.51,0,NO,22.46,21.99,,22.07,,,62,0.0,1353.0,NO,NO,2026-07-15,31300.0
3760,ASGI,22.33,22.47,313681.0,Financial Services,Asset Management,20.0,9.0,16.0,10.0,0.6635,0.5524,191453.0,220580.0,25.95,20.01,704374400,NO,24.27,23.81,23.2,24.07,23.73,,1530,0.0,334895.0,NO,NO,2020-07-29,1742100.0
3761,MMIN,23.26,23.37,87888.0,ETF,ETF,20.0,25.0,23.0,20.0,0.0993,0.0864,79850.0,80280.0,24.44,22.96,0,NO,23.65,23.86,23.99,23.76,23.94,,2228,0.0,97131.0,NO,NO,2025-06-25,6398200.0
3762,MUSI,42.99,43.06,11632.0,ETF,ETF,20.0,39.0,33.0,23.0,0.1167,0.0657,22561.0,18610.0,44.8,42.99,0,NO,43.19,43.34,43.85,43.26,43.64,,1297,0.0,11660.0,NO,NO,2023-10-25,450000.0
3763,TABD,24.55,24.55,6854.0,ETF,ETF,20.0,38.0,31.0,19.0,0.0805,0.0349,3973.0,2590.0,25.57,24.55,0,NO,24.65,24.76,,24.7,24.95,,177,0.0,6854.0,NO,NO,2026-03-30,1660700.0
3764,JMSI,48.89,49.36,104575.0,ETF,ETF,20.0,27.0,27.0,21.0,0.1884,0.1505,31858.0,41470.0,51.35,48.78,0,NO,49.49,49.76,50.21,49.6,50.03,,785,0.0,105186.0,NO,NO,2026-07-23,270900.0
3765,BSSX,25.02,25.115,77141.0,ETF,ETF,20.0,27.0,25.0,18.0,0.1571,0.1533,22995.0,26870.0,26.61,24.88,0,NO,25.37,25.51,25.73,25.43,25.64,,738,0.0,77323.0,NO,NO,2024-01-11,317100.0
3766,SCNM,24.48,24.63,14079.0,ETF,ETF,20.0,27.0,28.0,23.0,0.0794,0.0522,41136.0,20420.0,25.5,24.43,0,NO,24.76,24.89,,24.82,24.98,,180,0.0,14216.0,NO,NO,2026-01-12,6421800.0
3767,YUMC,44.9,44.61,748151.0,Consumer Cyclical,Restaurants,20.0,9.0,70.0,7.0,1.1246,0.9704,1697133.0,1720460.0,58.39,40.15,15292075008,NO,47.44,44.9,47.87,45.48,47.35,,2481,0.0,1109550.0,NO,NO,2016-11-01,87709200.0
3768,BKMI,25.76,25.88,96551.0,ETF,ETF,20.0,35.0,30.0,23.0,0.1079,0.1,89398.0,76150.0,26.88,25.74,0,NO,25.98,26.1,,26.03,26.25,,160,0.0,136958.0,NO,NO,2026-06-18,466500.0
3769,MBND,26.61,26.77,70646.0,ETF,ETF,20.0,28.0,27.0,21.0,0.087,0.0682,6401.0,2900.0,27.86,26.55,0,NO,26.88,27.02,27.28,26.94,27.18,,1398,0.0,70652.0,NO,NO,2025-03-26,500200.0
3770,FXF,108.58,108.99,16012.0,ETF,ETF,20.0,37.0,23.0,20.0,0.5579,0.3557,39904.0,40080.0,116.3,107.39,0,NO,109.08,108.89,111.26,109.02,111.13,,5077,0.0,18303.0,NO,NO,2011-08-11,2631600.0
3771,NFTY,54.03,54.16,25079.0,ETF,ETF,20.0,30.0,61.0,22.0,0.5376,0.4619,26971.0,23760.0,60.7,49.62,0,NO,54.55,54.1,55.19,54.08,53.97,,3648,0.0,25338.0,NO,NO,2021-04-16,1470800.0
3772,XMPT,21.22,21.51,33596.0,ETF,ETF,20.0,25.0,24.0,15.0,0.1257,0.1093,42468.0,24320.0,22.66,20.82,0,NO,21.58,21.82,21.91,21.73,21.85,,3806,0.0,34908.0,NO,NO,2021-08-23,1948400.0
3773,OVM,21.05,21.188,7098.0,ETF,ETF,20.0,27.0,22.0,22.0,0.0875,0.0728,14726.0,15050.0,22.19,20.9,0,NO,21.4,21.52,21.64,21.45,21.62,,1738,0.0,7303.0,NO,NO,2024-02-20,299000.0
3774,VGRO,25.11,25.307,326.0,ETF,ETF,20.0,41.0,13.0,52.0,0.2076,0.0723,750.0,1110.0,27.12,21.46,0,NO,25.72,25.41,,25.41,24.85,,172,0.0,432.0,NO,NO,2025-12-23,101600.0
3775,GEMD,41.15,41.552,4736.0,ETF,ETF,20.0,29.0,27.0,23.0,0.1488,0.0709,2619.0,2050.0,43.26,40.88,0,NO,41.62,41.86,42.21,41.73,42.02,,1136,0.0,4767.0,NO,NO,2025-04-23,1220100.0
3776,STXT,19.46,19.53,29727.0,ETF,ETF,20.0,53.0,35.0,22.0,0.101,0.0813,19606.0,20070.0,20.67,19.26,0,NO,19.56,19.53,19.92,19.51,19.79,,767,0.0,32049.0,NO,NO,2023-08-10,1922000.0
3777,OWNS,17.02,17.088,9516.0,ETF,ETF,20.0,42.0,30.0,20.0,0.0812,0.0603,13174.0,12200.0,18.04,16.88,0,NO,17.12,17.17,17.42,17.12,17.34,,1280,0.0,9691.0,NO,NO,2021-07-27,4045100.0
3778,OBND,25.31,25.485,2716.0,ETF,ETF,20.0,38.0,33.0,26.0,0.0988,0.0563,23352.0,117860.0,26.48,25.29,0,NO,25.46,25.53,25.84,25.48,25.69,,1236,0.0,2721.0,NO,NO,2026-08-24,989800.0
3779,TFI,44.29,44.66,928637.0,ETF,ETF,20.0,26.0,26.0,20.0,0.1464,0.1164,499580.0,583200.0,46.5,44.25,0,NO,44.9,45.2,45.58,45.06,45.45,,4771,0.0,977504.0,NO,NO,2022-04-25,17423100.0
3780,XLRI,23.27,23.419,987.0,ETF,ETF,20.0,18.0,55.0,21.0,0.1841,0.0936,2955.0,4100.0,25.18,22.44,0,NO,23.67,23.73,23.73,23.73,23.63,,274,0.0,1228.0,NO,NO,2026-03-23,23100.0
3781,DFP,20.43,20.5,79220.0,Financial Services,Asset Management,20.0,23.0,42.0,15.0,0.1488,0.1403,51936.0,47120.0,22.11,19.56,419592064,NO,20.73,20.73,20.9,20.71,20.74,,3337,0.0,89040.0,NO,NO,2013-07-01,835400.0
3782,GNMA,43.22,43.55,181252.0,ETF,ETF,20.0,36.0,30.0,21.0,0.2793,0.24,36006.0,41690.0,45.49,43.07,0,NO,43.61,43.77,44.3,43.66,44.15,,3653,0.0,240327.0,NO,NO,2023-12-19,1616800.0
3783,SCMB,24.96,25.13,6024226.0,ETF,ETF,20.0,25.0,26.0,19.0,0.0989,0.0825,1224265.0,1821400.0,26.2,24.91,0,NO,25.3,25.48,25.68,25.39,25.6,,974,0.0,6175433.0,NO,NO,2025-04-22,81759400.0
3784,VBND,42.74,42.844,25480.0,ETF,ETF,20.0,39.0,30.0,23.0,0.1537,0.1014,27953.0,17730.0,45.25,41.4,0,NO,42.99,43.2,43.7,43.1,43.51,,2985,0.0,25603.0,NO,NO,2014-10-16,528900.0
3785,MBB,92.39,93.1,2312140.0,ETF,ETF,20.0,35.0,30.0,22.0,0.3875,0.2486,2191225.0,2905510.0,96.97,92.34,0,NO,93.23,93.57,94.73,93.32,94.39,,4896,0.0,2743554.0,NO,NO,2022-10-20,25665000.0
3786,XFLX,22.7,22.735,1382.0,ETF,ETF,20.0,48.0,47.0,38.0,0.0311,0.0083,3871.0,2950.0,24.75,22.02,0,NO,22.74,22.68,22.88,22.69,22.57,,725,0.0,1387.0,NO,NO,2026-01-12,908700.0
3787,MOTG,40.1,40.33,783.0,ETF,ETF,20.0,37.0,63.0,35.0,0.2232,0.0546,992.0,710.0,45.88,35.86,0,NO,41.02,39.62,39.98,39.95,39.02,,1967,0.0,988.0,NO,NO,2022-09-29,262300.0
3788,KQQQ,28.14,28.417,46684.0,ETF,ETF,20.0,30.0,10.0,67.0,0.3829,0.3316,47771.0,53900.0,31.84,23.13,0,NO,28.97,29.2,28.26,29.0,28.23,,529,0.0,54129.0,NO,NO,2025-10-29,520000.0
3789,TMNL,49.59,49.29,10.0,ETF,ETF,20.0,27.0,25.0,23.0,0.1476,0.0313,406.0,1080.0,50.84,49.23,0,NO,49.59,49.96,,49.78,50.1,,193,0.0,10.0,NO,NO,2026-02-05,8400.0
3790,FTRB,24.66,24.695,197912.0,ETF,ETF,20.0,41.0,32.0,23.0,0.0875,0.0679,132152.0,225670.0,25.84,24.64,0,NO,24.8,24.9,25.22,24.84,25.11,,666,0.0,227479.0,NO,NO,2026-01-06,2380900.0
3791,MISL,43.56,44.14,101723.0,ETF,ETF,20.0,55.0,12.0,8.0,0.7272,0.635,105184.0,76450.0,51.1,38.17,0,NO,46.18,44.93,45.59,44.96,45.92,,964,0.0,109422.0,NO,NO,2025-12-12,31632600.0
3792,JCPI,47.26,47.31,85848.0,ETF,ETF,20.0,35.0,29.0,26.0,0.1622,0.137,57893.0,87210.0,50.95,47.16,0,NO,47.44,47.6,48.22,47.54,48.12,,1101,0.0,86995.0,NO,NO,2024-02-27,4923900.0
3793,MFSB,24.47,24.55,101677.0,ETF,ETF,20.0,38.0,31.0,23.0,0.0864,0.0502,131401.0,113590.0,25.57,24.45,0,NO,24.65,24.76,25.05,24.7,24.94,,434,0.0,115887.0,NO,NO,2026-03-25,2057500.0
3794,BSCV,16.14,16.175,641521.0,ETF,ETF,20.0,35.0,32.0,23.0,0.0467,0.0324,441542.0,453140.0,17.04,16.14,0,NO,16.26,16.29,16.51,16.27,16.43,,1244,0.0,678095.0,NO,NO,2024-12-27,2383200.0
3795,RIOT,18.13,18.995,10689412.0,Financial Services,Capital Markets,20.0,2.0,1.0,79.0,1.5304,1.4529,18478795.0,17360660.0,30.32,11.5,6805321216,NO,19.96,21.52,18.56,20.02,19.78,,2621,0.0,14276655.0,YES,NO,2025-07-21,127903700.0
3796,EUSB,42.55,42.82,122654.0,ETF,ETF,20.0,34.0,31.0,23.0,0.1368,0.0774,43923.0,48000.0,44.47,42.54,0,NO,42.86,43.02,43.56,42.91,43.36,,1548,0.0,138823.0,NO,NO,2023-01-11,5497900.0
3797,BNDP,72.65,73.208,4798.0,ETF,ETF,20.0,34.0,32.0,22.0,0.2472,0.1362,9296.0,5690.0,76.09,72.65,0,NO,73.24,73.51,,73.34,74.11,,185,0.0,4802.0,NO,NO,2025-12-05,138600.0
3798,MUNX,24.37,24.64,366.0,ETF,ETF,20.0,26.0,26.0,23.0,0.0791,0.0179,2004.0,2240.0,25.45,24.37,0,NO,24.72,24.88,25.01,24.8,24.97,,209,0.0,371.0,NO,NO,2025-11-03,36500.0
3799,SSFI,20.97,21.034,28704.0,ETF,ETF,19.0,44.0,30.0,24.0,0.0521,0.0169,3250.0,1180.0,21.84,20.93,0,NO,21.07,21.15,21.42,21.09,21.33,,1235,0.0,28707.0,NO,NO,2026-04-02,375700.0
3800,ACGO,38.17,38.54,8.0,ETF,ETF,19.0,75.0,,,0.265,0.005,12538.0,110.0,39.43,35.24,0,NO,38.31,37.77,,37.85,,,61,0.0,200.0,NO,NO,2026-06-03,745000.0
3801,RJMI,24.8,24.925,1010.0,ETF,ETF,19.0,31.0,24.0,19.0,0.0773,0.0443,9736.0,13340.0,26.09,24.8,0,NO,25.12,25.35,25.55,25.25,25.49,,229,0.0,1013.0,NO,NO,2025-12-11,106600.0
3802,OVT,21.55,21.585,3939.0,ETF,ETF,19.0,34.0,28.0,26.0,0.0728,0.0554,14414.0,17600.0,22.62,21.45,0,NO,21.75,21.77,21.99,21.73,21.9,,1412,0.0,4185.0,NO,NO,2024-11-07,809600.0
3803,JHCR,24.73,24.81,31792.0,ETF,ETF,19.0,36.0,30.0,21.0,0.1133,0.0812,208414.0,40630.0,25.9,24.71,0,NO,24.95,25.05,25.33,24.99,25.24,,425,0.0,34404.0,NO,NO,2026-02-24,89193300.0
3804,TDTT,23.53,23.52,161930.0,ETF,ETF,19.0,32.0,30.0,25.0,0.0379,0.0307,210703.0,223260.0,24.46,23.5,0,NO,23.56,23.67,24.05,23.63,24.01,,3755,0.0,170115.0,NO,NO,2013-03-14,7502500.0
3805,FMUN,48.71,48.974,8502.0,ETF,ETF,19.0,44.0,23.0,17.0,0.2434,0.1985,10734.0,11190.0,51.25,48.47,0,NO,49.56,49.88,50.2,49.7,50.07,,352,0.0,8510.0,NO,NO,2026-01-22,50300.0
3806,MGOV,19.83,19.84,4776.0,ETF,ETF,19.0,47.0,34.0,18.0,0.0646,0.0365,23709.0,19110.0,20.95,19.72,0,NO,19.9,19.98,20.31,19.93,20.2,,771,0.0,4785.0,NO,NO,2025-10-01,1160600.0
3807,JIII,49.11,49.23,16277.0,ETF,ETF,19.0,34.0,34.0,26.0,0.2254,0.1854,15646.0,28030.0,51.64,49.04,0,NO,49.63,49.7,50.14,49.59,49.84,,430,0.0,17643.0,NO,NO,2025-04-17,1050800.0
3808,FPE,17.59,17.66,1124012.0,ETF,ETF,19.0,45.0,29.0,20.0,0.0521,0.0436,993038.0,1032540.0,18.51,17.54,0,NO,17.74,17.82,18.06,17.8,17.95,,3409,0.0,1240425.0,NO,NO,2023-03-16,8490300.0
3809,FTBD,48.23,48.302,1292.0,ETF,ETF,19.0,39.0,31.0,22.0,0.1754,0.1041,3914.0,4370.0,50.56,48.23,0,NO,48.57,48.8,49.39,48.66,49.16,,902,0.0,1511.0,NO,NO,2023-01-26,297900.0
3810,OACP,22.27,22.33,40079.0,ETF,ETF,19.0,40.0,32.0,22.0,0.0806,0.0516,51031.0,55250.0,23.77,22.27,0,NO,22.43,22.53,22.83,22.47,22.71,,1108,0.0,43361.0,NO,NO,2022-03-31,1589700.0
3811,MYCK,24.31,24.479,2956.0,ETF,ETF,19.0,28.0,32.0,23.0,0.0584,0.0278,7796.0,5290.0,25.39,24.31,0,NO,24.54,24.61,24.9,24.56,24.79,,485,0.0,3056.0,NO,NO,2026-02-17,235900.0
3812,GOVT,22.32,22.44,13694767.0,ETF,ETF,19.0,55.0,33.0,18.0,0.0707,0.05,10251274.0,22436660.0,23.39,22.31,0,NO,22.47,22.55,22.86,22.5,22.75,,3651,0.0,15221268.0,YES,NO,2026-03-12,172976800.0
3813,DTE,135.7,135.63,575316.0,Utilities,Utilities - Regulated Electric,19.0,14.0,25.0,13.0,1.9766,1.9209,1360846.0,1161700.0,155.75,126.23,28233385984,NO,138.3,144.61,141.53,143.21,145.34,,16274,0.0,1050093.0,NO,NO,1987-12-09,44175065.0
3814,SWKS,67.71,67.01,2648795.0,Technology,Semiconductors,19.0,85.0,10.0,78.0,2.5954,2.5896,5646669.0,6276140.0,90.9,51.93,10180988928,NO,67.86,65.04,63.81,64.69,64.45,,10576,0.0,5291956.0,NO,NO,2015-03-11,40723100.0
3815,JHMB,21.49,21.545,18271.0,ETF,ETF,19.0,38.0,30.0,19.0,0.0824,0.0559,31790.0,27810.0,22.6,21.48,0,NO,21.67,21.77,22.06,21.71,21.95,,1262,0.0,25524.0,NO,NO,2021-08-20,790000.0
3816,GBND,49.36,49.72,16896.0,ETF,ETF,19.0,32.0,30.0,22.0,0.1729,0.0979,30431.0,18840.0,53.84,49.38,0,NO,49.75,49.97,50.58,49.84,50.39,,297,0.0,16925.0,NO,NO,2026-04-16,7237000.0
3817,LUMA,23.45,24.16,16137.0,ETF,ETF,19.0,85.0,,,1.1993,0.7193,18944.0,24610.0,28.14,19.12,0,NO,24.96,,,,,,34,0.0,16179.0,NO,NO,2026-08-17,71800.0
3818,TAGG,41.63,41.733,152346.0,ETF,ETF,19.0,39.0,32.0,21.0,0.1499,0.0957,325306.0,211460.0,43.72,41.61,0,NO,41.93,42.1,42.69,41.99,42.48,,1235,0.0,157983.0,NO,NO,2025-04-08,5320700.0
3819,CRC,53.87,53.03,266760.0,Energy,Oil & Gas E&P,19.0,68.0,9.0,9.0,1.3821,1.3066,809296.0,781110.0,71.98,43.24,4784727552,NO,52.97,52.64,55.53,52.81,58.64,,1466,1.43,530104.0,NO,NO,2023-06-16,17635200.0
3820,BNDI,46.17,46.28,42131.0,ETF,ETF,19.0,39.0,29.0,22.0,0.1632,0.1066,28138.0,23540.0,48.45,46.1,0,NO,46.39,46.59,47.21,46.48,46.98,,1004,0.0,42344.0,NO,NO,2024-09-25,493500.0
3821,IUSB,45.15,45.45,5875858.0,ETF,ETF,19.0,33.0,31.0,23.0,0.16,0.1018,3506755.0,3238860.0,47.23,45.13,0,NO,45.5,45.67,46.24,45.56,46.04,,3073,0.0,6655658.0,NO,NO,2026-05-28,136187500.0
3822,ZCBB,48.75,48.766,7.0,ETF,ETF,19.0,16.0,24.0,17.0,0.0809,0.0,101.0,100.0,50.95,48.54,0,NO,48.74,48.87,,48.79,49.41,,161,0.0,100.0,NO,NO,2026-01-12,10000.0
3823,NMB,24.0,24.254,1698.0,ETF,ETF,19.0,24.0,26.0,26.0,0.1404,0.0851,5496.0,4170.0,26.14,23.92,0,NO,24.44,24.64,24.74,24.55,24.56,,494,0.0,1705.0,NO,NO,2025-08-11,69900.0
3824,RWX,27.11,27.3,32168.0,ETF,ETF,19.0,19.0,45.0,12.0,0.2514,0.2029,39953.0,19410.0,30.47,26.07,0,NO,27.76,27.52,27.98,27.65,27.84,,4954,0.0,34585.0,NO,NO,2018-11-15,7309000.0
3825,ADC,72.43,72.25,745266.0,Real Estate,REIT - Retail,19.0,9.0,47.0,10.0,0.8754,0.8339,1298709.0,1709060.0,82.08,69.56,9031477248,NO,74.41,76.66,75.56,76.53,76.68,,8148,0.24,1424113.0,NO,NO,2023-02-03,18277700.0
3826,VPLS,75.86,76.395,233524.0,ETF,ETF,19.0,33.0,31.0,23.0,0.2547,0.153,203249.0,220770.0,79.41,75.84,0,NO,76.45,76.75,77.69,76.57,77.34,,684,0.0,254447.0,NO,NO,2026-08-03,742600.0
3827,AMHI,24.41,24.5,7.0,ETF,ETF,19.0,13.0,,,0.0529,0.0014,4334.0,100.0,25.19,24.41,0,NO,24.61,,,24.74,,,46,0.0,100.0,NO,NO,2026-06-25,199100.0
3828,AMX,22.99,23.04,952273.0,Communication Services,Telecom Services,19.0,6.0,12.0,10.0,0.4046,0.3868,1988076.0,3485390.0,28.46,19.38,68853293056,NO,23.63,25.01,24.16,24.68,25.28,,6425,0.0,1526913.0,NO,NO,2008-04-25,114249200.0
3829,CPLB,20.58,20.594,24399.0,ETF,ETF,19.0,43.0,33.0,22.0,0.0624,0.034,72880.0,121780.0,21.65,20.56,0,NO,20.72,20.79,21.07,20.74,20.96,,1299,0.0,28889.0,NO,NO,2024-10-03,5889200.0
3830,AGGS,40.12,40.305,107.0,ETF,ETF,19.0,35.0,34.0,23.0,0.1114,0.0172,669.0,530.0,42.14,40.12,0,NO,40.33,40.46,40.96,40.37,40.74,,584,0.0,111.0,NO,NO,2024-05-02,312000.0
3831,MBBA,48.42,48.757,13066.0,ETF,ETF,19.0,31.0,30.0,20.0,0.2639,0.2211,18376.0,6230.0,54.68,48.42,0,NO,48.94,49.16,,49.02,49.58,,150,0.0,13072.0,NO,NO,2026-06-09,334200.0
3832,BSMY,23.74,23.843,19768.0,ETF,ETF,19.0,27.0,23.0,18.0,0.121,0.0976,20504.0,24420.0,25.02,23.6,0,NO,24.05,24.26,24.51,24.18,24.43,,494,0.0,20321.0,NO,NO,2026-04-21,852200.0
3833,AESB,19.51,19.68,391.0,ETF,ETF,19.0,,,,,,33200.0,33200.0,20.11,19.51,0,NO,,,,,,,3,0.0,391.0,NO,NO,2026-08-27,99400.0
3834,VCOB,48.69,48.688,68.0,ETF,ETF,19.0,41.0,31.0,23.0,0.1323,0.0176,2887.0,370.0,52.7,48.56,0,NO,48.89,49.13,,48.98,49.5,,195,0.0,318.0,NO,NO,2026-03-23,713700.0
3835,RDFI,23.22,23.33,11431.0,ETF,ETF,19.0,33.0,34.0,16.0,0.1083,0.0981,13855.0,9210.0,25.61,22.51,0,NO,23.37,23.47,23.69,23.42,23.52,,1471,0.0,11439.0,NO,NO,2021-08-31,303500.0
3836,ABXB,19.16,19.205,13.0,ETF,ETF,19.0,19.0,22.0,18.0,0.0239,0.0011,388.0,420.0,20.0,18.99,0,NO,19.17,19.23,19.53,19.18,19.43,,1437,0.0,100.0,NO,NO,2020-12-10,3013500.0
3837,TGS,29.13,28.9,139747.0,Energy,Oil & Gas Integrated,19.0,7.0,14.0,30.0,0.8754,0.8504,243079.0,211370.0,36.35,19.74,4385585664,NO,28.53,29.56,30.57,29.39,30.38,,7998,0.21,198630.0,NO,NO,2019-05-28,10435700.0
3838,GCOR,40.25,40.495,36035.0,ETF,ETF,19.0,35.0,31.0,22.0,0.146,0.0841,69390.0,54900.0,42.22,40.22,0,NO,40.55,40.71,41.27,40.61,41.08,,1495,0.0,37184.0,NO,NO,2025-04-23,4104700.0
3839,GTOC,24.62,24.634,730007.0,ETF,ETF,19.0,40.0,30.0,21.0,0.064,0.0269,114079.0,10500.0,25.74,24.62,0,NO,24.74,24.82,25.19,24.77,25.06,,279,0.0,730276.0,NO,NO,2026-06-23,6413100.0
3840,FXY,57.22,57.39,86685.0,ETF,ETF,19.0,30.0,41.0,28.0,0.1964,0.1454,254688.0,269900.0,63.26,55.96,0,NO,57.68,57.04,58.02,57.21,57.67,,4918,0.0,97604.0,NO,NO,2013-06-06,5126200.0
3841,GTO,45.91,46.04,203986.0,ETF,ETF,19.0,38.0,29.0,21.0,0.1419,0.0899,228892.0,261410.0,48.01,45.88,0,NO,46.24,46.41,47.05,46.31,46.83,,2652,0.0,251465.0,NO,NO,2026-02-27,2670400.0
3842,BND,71.79,72.24,7391296.0,ETF,ETF,19.0,34.0,31.0,22.0,0.2529,0.1557,7871853.0,6909010.0,75.23,71.77,0,NO,72.33,72.63,73.59,72.46,73.26,,4880,0.0,8136483.0,NO,NO,2025-04-16,33963000.0
3843,RFCI,21.97,21.98,172.0,ETF,ETF,19.0,41.0,31.0,22.0,0.0782,0.0436,2771.0,2720.0,23.04,21.9,0,NO,22.05,22.12,22.45,22.07,22.31,,2565,0.0,201.0,NO,NO,2018-08-07,1990200.0
3844,ALV,119.08,121.21,254515.0,Consumer Cyclical,Auto Parts,19.0,18.0,15.0,43.0,2.0854,1.8061,682861.0,540290.0,132.17,99.16,8721087488,NO,122.2,120.66,119.1,120.99,118.05,,7382,0.0,492543.0,NO,NO,2009-03-25,21777720.0
3845,SIO,25.27,25.31,12730.0,ETF,ETF,19.0,42.0,33.0,24.0,0.1069,0.0799,43490.0,26720.0,27.38,25.22,0,NO,25.41,25.49,25.85,25.44,25.7,,1012,0.0,12736.0,NO,NO,2026-08-17,700700.0
3846,RCTR,33.41,33.661,974.0,ETF,ETF,18.0,69.0,17.0,9.0,0.468,0.2484,6285.0,2670.0,39.51,29.7,0,NO,34.08,33.53,34.97,33.52,35.2,,273,0.0,979.0,NO,NO,2026-06-15,107900.0
3847,SASS,24.11,24.35,116.0,ETF,ETF,18.0,28.0,39.0,,0.1776,0.085,974.0,540.0,25.42,22.7,0,NO,24.76,24.68,,24.59,,,125,0.0,111.0,NO,NO,2026-05-01,82600.0
3848,AGG,96.78,97.41,6254629.0,ETF,ETF,18.0,33.0,31.0,21.0,0.355,0.2179,8330242.0,6877860.0,101.46,96.75,0,NO,97.51,97.91,99.22,97.68,98.78,,5767,0.0,8648117.0,NO,NO,2025-11-04,29687500.0
3849,TNL,66.11,68.76,354616.0,Consumer Cyclical,Travel Services,18.0,3.0,21.0,12.0,1.9493,1.76,775147.0,631300.0,81.0,58.07,4047681792,NO,73.53,74.59,71.38,73.59,71.79,,5061,0.0,604182.0,NO,NO,2018-05-30,54592884.0
3850,DIAL,17.77,17.93,43336.0,ETF,ETF,18.0,31.0,29.0,22.0,0.0632,0.0374,65059.0,30880.0,18.62,17.77,0,NO,17.95,18.0,18.23,17.96,18.14,,2231,0.0,43665.0,NO,NO,2021-05-03,3962700.0
3851,ARL,15.0,15.0,440.0,Real Estate,Real Estate Services,18.0,27.0,47.0,9.0,0.4121,0.3336,14528.0,1750.0,24.44,12.42,0,NO,15.14,16.74,15.89,16.35,15.74,,11180,0.0,721.0,NO,NO,2021-07-15,7985000.0
3852,TPLS,24.66,24.661,423.0,ETF,ETF,18.0,44.0,31.0,19.0,0.0762,0.0369,5438.0,1560.0,26.0,24.63,0,NO,24.74,24.9,25.29,24.82,25.15,,394,0.0,423.0,NO,NO,2025-02-05,397000.0
3853,NCPB,24.43,24.575,1077.0,ETF,ETF,18.0,33.0,31.0,21.0,0.0747,0.0325,8138.0,21010.0,25.74,24.43,0,NO,24.58,24.7,25.05,24.64,24.92,,624,0.0,1077.0,NO,NO,2024-03-06,400500.0
3854,TRUC,25.07,25.22,47701.0,ETF,ETF,18.0,50.0,16.0,26.0,0.2414,0.1117,71142.0,11680.0,27.56,23.11,0,NO,25.37,25.19,,25.2,,,134,0.0,60751.0,NO,NO,2026-03-26,1705400.0
3855,TCPB,49.65,49.85,17410.0,ETF,ETF,18.0,38.0,30.0,21.0,0.2014,0.1294,31390.0,39950.0,52.25,49.65,0,NO,50.08,50.3,50.97,50.15,50.69,,385,0.0,18615.0,NO,NO,2025-04-21,4332100.0
3856,CRXP,19.46,19.58,106.0,ETF,ETF,18.0,32.0,30.0,20.0,0.0446,0.0043,5600.0,120.0,20.39,19.46,0,NO,19.6,19.69,,19.63,19.86,,180,0.0,106.0,NO,NO,2026-03-09,198800.0
3857,JTNY,48.64,49.01,70098.0,ETF,ETF,18.0,27.0,,,0.1879,0.1514,17262.0,16150.0,50.37,47.02,0,NO,49.28,49.61,,49.42,,,54,0.0,71546.0,NO,NO,2026-07-31,71900.0
3858,VGVT,73.81,74.124,6314.0,ETF,ETF,18.0,35.0,33.0,20.0,0.2078,0.1164,6128.0,2450.0,93.0,73.8,0,NO,74.21,74.47,75.54,74.32,75.16,,289,0.0,6344.0,NO,NO,2025-07-09,80900.0
3859,GPRF,49.15,49.395,2088.0,ETF,ETF,18.0,28.0,30.0,23.0,0.2336,0.1821,21585.0,3310.0,52.41,48.99,0,NO,49.44,49.68,50.35,49.61,50.08,,522,0.0,2088.0,NO,NO,2026-01-08,1424000.0
3860,XLYX,23.9,23.6,11.0,ETF,ETF,18.0,72.0,,,0.3871,0.0064,301.0,110.0,25.49,21.1,0,NO,24.53,24.02,,24.03,,,61,0.0,100.0,NO,NO,2026-06-03,9900.0
3861,PMBS,48.16,48.486,53623.0,ETF,ETF,18.0,33.0,28.0,19.0,0.2119,0.1273,90317.0,104260.0,50.95,47.99,0,NO,48.63,48.85,49.51,48.71,49.32,,486,0.0,56263.0,NO,NO,2024-11-11,2806800.0
3862,IZRL,28.92,29.47,8207.0,ETF,ETF,18.0,27.0,10.0,43.0,0.4888,0.4291,10507.0,9040.0,32.76,25.96,0,NO,29.53,29.81,29.66,29.81,29.47,,2195,0.0,13451.0,NO,NO,2021-02-09,1359600.0
3863,KMID,24.1,24.42,1813.0,ETF,ETF,18.0,15.0,28.0,14.0,0.2235,0.1547,10634.0,12860.0,26.03,23.14,0,NO,25.18,25.14,24.87,25.1,24.89,,469,0.0,2602.0,NO,NO,2024-11-05,201200.0
3864,JCPB,45.85,46.17,1940868.0,ETF,ETF,18.0,32.0,31.0,21.0,0.1571,0.0932,1952776.0,1515170.0,48.17,45.84,0,NO,46.23,46.42,47.05,46.31,46.83,,1879,0.0,2146996.0,NO,NO,2026-05-12,8319200.0
3865,SPTI,27.85,28.01,1481660.0,ETF,ETF,18.0,31.0,33.0,21.0,0.0821,0.0496,2187909.0,1759580.0,29.24,27.85,0,NO,28.1,28.17,28.57,28.12,28.43,,4845,0.0,3129105.0,NO,NO,2022-07-01,108356500.0
3866,AIRTP,18.79,18.8,1753.0,Industrials,Conglomerates,18.0,27.0,26.0,26.0,0.1265,0.0979,3009.0,2510.0,21.0,18.0,0,NO,18.88,19.13,19.45,19.04,19.28,,1814,0.0,1759.0,NO,NO,2021-06-23,159500.0
3867,BNDW,66.92,67.34,242008.0,ETF,ETF,18.0,31.0,32.0,23.0,0.2121,0.1371,92082.0,83610.0,70.36,66.91,0,NO,67.53,67.79,68.53,67.61,68.2,,2006,0.0,250069.0,NO,NO,2024-12-16,1319600.0
3868,SCHZ,22.62,22.77,4374042.0,ETF,ETF,18.0,33.0,30.0,21.0,0.1464,0.1414,1701596.0,1605460.0,23.73,22.61,0,NO,22.8,22.89,23.21,22.83,23.1,,3805,0.0,5849535.0,NO,NO,2021-11-09,13345200.0
3869,BRKL,24.29,24.28,230.0,ETF,ETF,18.0,13.0,,,0.3482,0.1557,665.0,260.0,27.59,23.13,0,NO,24.79,,,,,,40,0.0,234.0,NO,NO,2026-07-07,9900.0
3870,DFCF,41.33,41.49,1186354.0,ETF,ETF,18.0,36.0,29.0,21.0,0.1528,0.0981,1411587.0,2314390.0,43.27,41.33,0,NO,41.63,41.8,42.35,41.7,42.17,,1201,0.0,1324753.0,NO,NO,2024-09-11,6226900.0
3871,APLU,24.14,24.2,243344.0,ETF,ETF,18.0,47.0,31.0,22.0,0.1009,0.0761,41642.0,39210.0,25.63,24.04,0,NO,24.3,24.38,24.78,24.31,24.62,,434,0.0,249033.0,NO,NO,2025-01-13,6130000.0
3872,ITM,45.38,45.75,252994.0,ETF,ETF,18.0,28.0,24.0,17.0,0.1593,0.123,249893.0,328640.0,48.02,45.35,0,NO,46.0,46.32,46.86,46.14,46.68,,4712,0.0,291956.0,NO,NO,2024-10-09,3004100.0
3873,FLCB,20.91,21.04,902004.0,ETF,ETF,18.0,33.0,30.0,20.0,0.0728,0.0445,497003.0,607010.0,21.96,20.91,0,NO,21.08,21.17,21.47,21.11,21.37,,1746,0.0,923601.0,NO,NO,2022-06-17,13667800.0
3874,MLDR,47.83,48.205,29.0,ETF,ETF,18.0,16.0,25.0,18.0,0.0929,0.0025,246.0,130.0,50.28,47.99,0,NO,48.16,48.3,49.08,48.21,48.78,,494,0.0,100.0,NO,NO,2025-12-29,17900.0
3875,MUST,19.93,20.08,103770.0,ETF,ETF,18.0,23.0,24.0,17.0,0.155,0.1478,114636.0,137020.0,21.1,19.88,0,NO,20.28,20.42,20.6,20.34,20.53,,1982,0.0,107293.0,NO,NO,2025-08-04,1183300.0
3876,VGIT,57.87,58.21,5147603.0,ETF,ETF,18.0,30.0,33.0,21.0,0.1721,0.1004,4087634.0,9918430.0,60.76,57.85,0,NO,58.38,58.52,59.37,58.42,59.07,,4217,0.0,6113215.0,NO,NO,2026-01-13,24697600.0
3877,VCRB,75.45,75.9,540967.0,ETF,ETF,18.0,34.0,30.0,21.0,0.26,0.1562,555114.0,746030.0,79.18,75.42,0,NO,76.04,76.36,77.41,76.17,77.03,,679,0.0,599820.0,NO,NO,2024-09-11,5911900.0
3878,EVTR,49.76,49.93,344793.0,ETF,ETF,18.0,40.0,31.0,21.0,0.1911,0.1191,546249.0,711590.0,52.15,49.45,0,NO,50.17,50.36,51.06,50.23,50.78,,611,0.0,375328.0,NO,NO,2026-08-18,3055200.0
3879,NUBD,21.64,21.76,160504.0,ETF,ETF,18.0,35.0,30.0,21.0,0.0765,0.0451,80653.0,57060.0,22.71,21.63,0,NO,21.8,21.9,22.2,21.84,22.09,,2239,0.0,189637.0,NO,NO,2026-04-17,1219800.0
3880,BNDC,21.67,21.715,4159.0,ETF,ETF,18.0,40.0,30.0,20.0,0.0799,0.0539,9046.0,12080.0,22.73,21.64,0,NO,21.77,21.86,22.2,21.81,22.07,,2441,0.0,5749.0,NO,NO,2020-05-11,1018500.0
3881,TW,107.55,107.7,519709.0,Financial Services,Capital Markets,18.0,81.0,75.0,9.0,2.2132,2.2132,1612003.0,1203610.0,127.69,91.42,23233839104,NO,105.29,101.76,108.84,103.16,109.65,,1862,0.0,1175627.0,NO,NO,2019-04-04,32661800.0
3882,FIXT,36.97,37.2,12208.0,ETF,ETF,18.0,34.0,34.0,21.0,0.128,0.0707,26512.0,20420.0,39.35,36.95,0,NO,37.25,37.37,37.91,37.27,37.68,,304,0.0,13741.0,NO,NO,2025-06-18,1512000.0
3883,SPTB,29.43,29.59,28537.0,ETF,ETF,18.0,33.0,32.0,21.0,0.0895,0.0469,142676.0,637980.0,30.96,29.43,0,NO,29.64,29.76,30.19,29.7,30.04,,571,0.0,29674.0,NO,NO,2026-03-12,3218700.0
3884,FLGV,19.85,19.96,78307.0,ETF,ETF,18.0,34.0,32.0,21.0,0.0654,0.0399,96546.0,168430.0,20.89,19.84,0,NO,19.98,20.07,20.37,20.02,20.27,,1563,0.0,96405.0,NO,NO,2024-02-02,10035200.0
3885,JHCP,24.58,24.68,80616.0,ETF,ETF,18.0,33.0,30.0,19.0,0.1185,0.0824,169442.0,129160.0,26.14,24.57,0,NO,24.79,24.88,25.23,24.82,25.1,,425,0.0,81049.0,NO,NO,2026-07-13,2191700.0
3886,JBND,52.25,52.69,1121129.0,ETF,ETF,18.0,30.0,30.0,20.0,0.195,0.1216,836942.0,932120.0,55.78,52.23,0,NO,52.72,52.94,53.68,52.8,53.43,,723,0.0,1232775.0,NO,NO,2025-12-17,7674700.0
3887,SCHR,24.2,24.34,4425785.0,ETF,ETF,18.0,30.0,33.0,20.0,0.0736,0.0464,2689773.0,2242020.0,25.42,24.2,0,NO,24.41,24.48,24.84,24.44,24.71,,4042,0.0,5048784.0,NO,NO,2022-04-29,56106800.0
3888,MILK,24.12,24.138,1272.0,ETF,ETF,18.0,43.0,28.0,26.0,0.1031,0.049,3811.0,2430.0,25.95,23.83,0,NO,24.2,24.31,24.58,24.24,24.42,,425,0.0,8134.0,NO,NO,2025-04-15,101000.0
3889,MPIM,24.41,24.73,1454.0,ETF,ETF,18.0,,,,,,33914.0,35070.0,25.58,24.41,0,NO,,,,,,,14,0.0,3422.0,NO,NO,2026-08-27,90500.0
3890,FLMB,23.09,23.255,23022.0,ETF,ETF,18.0,24.0,21.0,18.0,0.0916,0.0691,10923.0,8630.0,24.29,22.78,0,NO,23.41,23.61,23.8,23.51,23.75,,2259,0.0,23691.0,NO,NO,2025-04-23,608200.0
3891,MLP,16.25,15.84,11013.0,Real Estate,Real Estate Services,18.0,8.0,26.0,17.0,0.5793,0.5786,19146.0,17030.0,20.34,13.84,322612000,NO,16.15,16.88,16.51,16.54,16.56,,8142,0.0,15424.0,NO,NO,2017-07-13,1387900.0
3892,TOTR,39.3,39.393,22321.0,ETF,ETF,18.0,43.0,30.0,20.0,0.1452,0.0936,16315.0,16690.0,41.33,39.25,0,NO,39.55,39.72,40.36,39.62,40.12,,1235,0.0,22465.0,NO,NO,2025-03-17,2453300.0
3893,BRTR,49.12,49.438,330396.0,ETF,ETF,18.0,33.0,30.0,20.0,0.1649,0.0891,70987.0,88380.0,51.69,49.09,0,NO,49.51,49.73,50.41,49.61,50.14,,679,0.0,333387.0,NO,NO,2025-12-05,2983700.0
3894,MAGG,19.79,19.885,8.0,ETF,ETF,18.0,22.0,25.0,16.0,0.0459,0.0111,1968.0,1780.0,20.96,19.78,0,NO,19.91,20.03,20.34,19.97,20.23,,753,0.0,1900.0,NO,NO,2023-09-21,625300.0
3895,JD,27.84,28.24,4542954.0,Consumer Cyclical,Internet Retail,17.0,2.0,20.0,56.0,0.7221,0.6249,8216144.0,6002830.0,36.86,24.51,37604671488,NO,30.2,29.3,29.17,29.54,28.96,,3087,0.0,6632021.0,NO,NO,2016-05-31,95370800.0
3896,TRBF,48.36,48.53,4026.0,ETF,ETF,17.0,39.0,31.0,20.0,0.4014,0.2986,8866.0,3870.0,51.14,48.35,0,NO,48.8,49.0,49.67,48.86,49.41,,226,0.0,4149.0,NO,NO,2025-10-08,286700.0
3897,FISR,25.06,25.22,48723.0,ETF,ETF,17.0,34.0,31.0,21.0,0.1086,0.0781,252558.0,90070.0,26.38,25.05,0,NO,25.25,25.35,25.71,25.29,25.57,,1863,0.0,49919.0,NO,NO,2025-08-11,4989300.0
3898,GIGL,49.24,49.57,9187.0,ETF,ETF,17.0,31.0,28.0,22.0,0.1836,0.1117,58864.0,235280.0,51.97,49.23,0,NO,49.62,49.9,50.56,49.75,50.28,,297,0.0,10617.0,NO,NO,2026-04-16,2007500.0
3899,NBTR,48.92,49.011,4532.0,ETF,ETF,17.0,39.0,30.0,21.0,0.1416,0.0405,860.0,1930.0,51.62,48.92,0,NO,49.25,49.46,50.2,49.33,49.92,,425,0.0,4715.0,NO,NO,2024-12-18,990100.0
3900,SYSB,86.59,87.22,71267.0,ETF,ETF,17.0,32.0,30.0,20.0,0.3394,0.1989,83280.0,152050.0,91.2,86.59,0,NO,87.3,87.67,88.98,87.45,88.51,,2895,0.0,96498.0,NO,NO,2025-11-18,5826500.0
3901,ADIG,20.57,21.87,789898.0,Technology,Computer Hardware,17.0,,,,2.2829,2.2564,1229817.0,998700.0,30.99,19.9,1561740160,YES,23.29,,,,,,23,0.0,1144698.0,NO,NO,2026-08-10,3017800.0
3902,DFGP,53.1,53.3,260014.0,ETF,ETF,17.0,38.0,25.0,24.0,0.1932,0.1354,441049.0,204060.0,56.17,53.06,0,NO,53.44,53.78,54.28,53.61,54.15,,704,0.0,277307.0,NO,NO,2026-07-06,5503700.0
3903,FPAS,24.42,24.425,207.0,ETF,ETF,17.0,35.0,33.0,22.0,0.0478,0.0202,5533.0,930.0,25.64,24.37,0,NO,24.51,24.56,24.96,24.52,24.81,,457,0.0,209.0,NO,NO,2026-06-11,174600.0
3904,RSPU,75.3,74.78,36273.0,ETF,ETF,17.0,13.0,31.0,11.0,0.9831,0.801,40022.0,68130.0,84.52,72.51,0,NO,77.28,79.49,78.99,78.93,80.3,,4983,0.27,41052.0,NO,NO,2015-02-27,2145200.0
3905,BSCW,20.1,20.18,657427.0,ETF,ETF,17.0,32.0,29.0,20.0,0.0679,0.0464,334924.0,372160.0,21.24,20.09,0,NO,20.3,20.35,20.65,20.31,20.54,,997,0.0,688546.0,NO,NO,2025-06-06,2041700.0
3906,BNDX,47.26,47.55,5716478.0,ETF,ETF,17.0,28.0,32.0,24.0,0.1414,0.09,4198180.0,4149000.0,49.93,47.26,0,NO,47.75,47.94,48.34,47.81,48.09,,3331,0.0,5995339.0,NO,NO,2024-02-13,24482300.0
3907,ALC,71.75,72.06,1061477.0,Healthcare,Medical Instruments & Supplies,17.0,75.0,81.0,8.0,1.3714,1.0644,1942563.0,1146100.0,87.64,61.84,34681532416,NO,72.79,69.98,74.59,70.83,72.44,,1859,0.0,1404935.0,NO,NO,2019-04-09,10608300.0
3908,APCB,28.7,28.88,32787.0,ETF,ETF,17.0,30.0,29.0,21.0,0.1099,0.0744,100444.0,80530.0,30.18,28.7,0,NO,28.97,29.1,29.49,29.03,29.34,,835,0.0,34591.0,NO,NO,2024-04-08,10425500.0
3909,NUAG,20.49,20.625,1967.0,ETF,ETF,17.0,32.0,28.0,21.0,0.0635,0.0316,10693.0,20560.0,21.51,20.49,0,NO,20.66,20.76,21.04,20.71,20.95,,2503,0.0,128980.0,NO,NO,2021-01-12,8990500.0
3910,SHLD,64.21,65.48,875570.0,ETF,ETF,17.0,58.0,28.0,7.0,1.044,0.8876,1269433.0,747130.0,78.49,57.89,0,NO,68.01,64.05,68.15,64.94,67.7,,743,0.0,972510.0,NO,NO,2025-09-16,8561000.0
3911,MINN,21.65,21.795,7805.0,ETF,ETF,17.0,26.0,22.0,18.0,0.1007,0.0857,11671.0,24570.0,23.14,21.64,0,NO,22.0,22.14,22.38,22.05,22.28,,1374,0.0,7833.0,NO,NO,2021-03-12,169700.0
3912,SCCR,24.93,25.12,260023.0,ETF,ETF,17.0,33.0,29.0,20.0,0.1025,0.0668,374273.0,228940.0,26.25,24.93,0,NO,25.15,25.27,25.64,25.2,25.51,,394,0.0,275003.0,NO,NO,2025-09-03,22099800.0
3913,ODTE,25.31,25.55,3099.0,ETF,ETF,17.0,22.0,12.0,,0.1985,0.1327,6284.0,4530.0,27.94,24.81,0,NO,25.87,26.24,,26.05,,,104,0.0,3168.0,NO,NO,2026-07-02,18700.0
3914,TIPX,18.57,18.57,127641.0,ETF,ETF,17.0,31.0,28.0,22.0,0.0407,0.0279,447414.0,305290.0,19.41,18.56,0,NO,18.63,18.71,19.06,18.68,19.01,,3334,0.0,157272.0,NO,NO,2025-03-10,10779600.0
3915,JMBS,44.01,44.19,565235.0,ETF,ETF,17.0,40.0,29.0,18.0,0.2014,0.1204,654731.0,624090.0,46.39,43.99,0,NO,44.43,44.63,45.33,44.49,45.1,,2001,0.0,591088.0,NO,NO,2023-11-28,15744800.0
3916,CPLS,34.39,34.585,9770.0,ETF,ETF,17.0,36.0,29.0,22.0,0.1244,0.0746,14755.0,30280.0,36.29,34.36,0,NO,34.58,34.74,35.29,34.65,35.09,,668,0.0,9950.0,NO,NO,2025-07-29,755300.0
3917,DFGX,51.72,51.885,201231.0,ETF,ETF,17.0,29.0,25.0,24.0,0.1526,0.0961,165695.0,176940.0,54.73,51.72,0,NO,52.23,52.69,52.94,52.48,52.8,,704,0.0,220142.0,NO,NO,2024-04-19,818700.0
3918,MYCL,24.1,24.291,1613.0,ETF,ETF,17.0,27.0,29.0,20.0,0.0582,0.0135,3346.0,2430.0,25.35,24.1,0,NO,24.36,24.45,24.78,24.4,24.66,,485,0.0,1673.0,NO,NO,2025-03-20,166500.0
3919,XFIV,47.7,47.97,50954.0,ETF,ETF,17.0,30.0,32.0,20.0,0.1392,0.081,76555.0,40940.0,50.19,47.68,0,NO,48.14,48.28,49.01,48.18,48.75,,993,0.0,52717.0,NO,NO,2025-04-14,12034700.0
3920,ZCBC,48.29,48.72,6.0,ETF,ETF,17.0,16.0,23.0,16.0,0.1007,0.0,144.0,100.0,51.24,48.46,0,NO,48.68,48.87,,48.76,49.48,,161,0.0,100.0,NO,NO,2026-01-12,10000.0
3921,TIPB,97.4,97.45,521.0,ETF,ETF,17.0,30.0,26.0,22.0,0.1461,0.0509,596.0,2650.0,101.58,97.4,0,NO,97.65,98.16,99.92,97.96,99.72,,260,0.0,526.0,NO,NO,2025-11-06,14300.0
3922,XPAY,52.56,53.01,43007.0,ETF,ETF,17.0,46.0,19.0,39.0,0.4011,0.256,60393.0,32690.0,56.51,47.35,0,NO,53.44,52.98,52.95,52.99,52.4,,458,0.0,44664.0,NO,NO,2026-02-10,291200.0
3923,AFIX,24.26,24.336,2555.0,ETF,ETF,17.0,39.0,29.0,19.0,0.0729,0.0282,21442.0,5270.0,25.59,24.27,0,NO,24.45,24.56,24.94,24.49,24.8,,351,0.0,2559.0,NO,NO,2026-04-21,2053800.0
3924,FPFD,21.08,21.15,28907.0,ETF,ETF,17.0,29.0,28.0,20.0,0.0749,0.0602,14366.0,13790.0,22.34,21.02,0,NO,21.23,21.33,21.7,21.29,21.58,,1307,0.0,29124.0,NO,NO,2025-07-07,182500.0
3925,RVI,26.3,26.65,96461.0,Financial Services,Asset Management,17.0,83.0,0.0,,0.9736,0.9014,380476.0,145700.0,77.39,21.0,716601792,NO,27.6,28.9,,28.01,,,123,0.0,111609.0,NO,NO,2026-03-06,4787800.0
3926,OMAH,18.14,18.17,661812.0,ETF,ETF,17.0,16.0,27.0,35.0,0.1428,0.1309,1072249.0,1143320.0,19.57,17.82,0,NO,18.48,18.68,18.61,18.64,18.53,,375,0.0,711816.0,NO,NO,2025-07-21,3109100.0
3927,ZS,178.63,188.385,1652682.0,Technology,Software - Infrastructure,17.0,93.0,87.0,84.0,9.3696,8.7289,3084052.0,2172840.0,336.99,114.62,28886171648,NO,177.04,156.89,175.03,162.98,151.2,,2126,0.0,2267883.0,NO,NO,2026-05-27,31831500.0
3928,MAA,128.89,128.85,440155.0,Real Estate,REIT - Residential,17.0,21.0,53.0,23.0,2.1355,2.0234,1026979.0,768700.0,146.41,120.3,15333242880,NO,132.01,134.23,132.25,133.45,131.24,,8201,0.12,895087.0,NO,NO,2016-12-01,24658200.0
3929,BOND,89.76,90.42,1663990.0,ETF,ETF,17.0,30.0,29.0,19.0,0.365,0.2168,543346.0,445490.0,94.68,89.75,0,NO,90.64,91.07,92.42,90.82,91.92,,3646,0.0,1761253.0,NO,NO,2014-09-26,5042400.0
3930,KORP,45.72,45.89,309567.0,ETF,ETF,17.0,39.0,27.0,20.0,0.169,0.1061,101396.0,86590.0,48.16,45.66,0,NO,45.94,46.2,46.88,46.08,46.61,,2168,0.0,317763.0,NO,NO,2025-04-24,1002000.0
3931,MTBA,48.25,48.39,303770.0,ETF,ETF,17.0,38.0,31.0,19.0,0.167,0.1052,145817.0,176800.0,50.88,48.05,0,NO,48.65,48.81,49.69,48.69,49.3,,705,0.0,412531.0,NO,NO,2024-07-09,3228700.0
3932,DBND,44.62,44.875,57241.0,ETF,ETF,17.0,32.0,31.0,19.0,0.1453,0.0929,79908.0,111760.0,47.05,44.61,0,NO,44.98,45.14,45.86,45.03,45.58,,1102,0.0,63973.0,NO,NO,2026-03-10,814800.0
3933,PAB,41.3,41.408,5178.0,ETF,ETF,17.0,38.0,28.0,19.0,0.1619,0.1074,16495.0,61640.0,43.55,41.23,0,NO,41.61,41.79,42.42,41.68,42.19,,1351,0.0,5306.0,NO,NO,2026-05-19,1062000.0
3934,FRNW,21.85,21.87,35026.0,ETF,ETF,17.0,22.0,5.0,17.0,0.357,0.2569,83126.0,28130.0,27.97,17.37,0,NO,22.67,23.0,23.04,22.74,23.72,,1229,0.0,37387.0,NO,NO,2026-04-10,2447400.0
3935,TPR,122.32,123.39,1546460.0,Consumer Cyclical,Luxury Goods,17.0,1.0,9.0,5.0,5.5443,4.1157,2938496.0,3702850.0,164.8,93.0,24388593664,NO,139.51,142.81,137.92,138.83,142.68,,6512,0.0,2801497.0,NO,NO,2013-01-23,50973600.0
3936,THRV,23.88,23.951,1220.0,ETF,ETF,17.0,32.0,29.0,22.0,0.1009,0.0744,3601.0,1820.0,26.64,23.39,0,NO,24.07,24.13,24.52,24.11,24.39,,231,0.0,1220.0,NO,NO,2026-07-24,36800.0
3937,CORB,28.83,29.04,49781.0,ETF,ETF,17.0,32.0,30.0,20.0,0.1079,0.0583,121041.0,126410.0,30.36,28.83,0,NO,29.09,29.21,29.64,29.14,29.48,,202,0.0,59694.0,NO,NO,2026-01-15,868000.0
3938,AGGY,42.42,42.59,94506.0,ETF,ETF,17.0,37.0,27.0,19.0,0.1693,0.096,136114.0,128910.0,44.84,42.41,0,NO,42.76,43.0,43.67,42.88,43.44,,2803,0.0,96458.0,NO,NO,2020-11-19,2428200.0
3939,ODDZ,24.37,24.68,14.0,ETF,ETF,17.0,4.0,20.0,,0.3121,0.0,507.0,110.0,27.57,24.08,0,NO,25.34,25.95,,25.74,,,80,0.0,100.0,NO,NO,2026-05-06,49400.0
3940,ENSG,173.24,172.26,102289.0,Healthcare,Medical Care Facilities,17.0,20.0,71.0,6.0,4.1186,3.9089,734300.0,292620.0,218.0,141.58,10096994304,NO,179.63,173.49,182.46,175.01,183.32,,4730,0.0,217017.0,NO,NO,2024-09-30,11223200.0
3941,TSYX,23.09,23.344,8365.0,ETF,ETF,17.0,46.0,18.0,33.0,0.2197,0.1937,21655.0,19380.0,24.99,20.2,0,NO,23.58,23.35,,23.36,23.03,,163,0.0,8828.0,NO,NO,2026-02-04,131800.0
3942,CPA,124.75,126.45,186313.0,Industrials,Airlines,16.0,4.0,10.0,17.0,3.2257,2.7821,308315.0,275100.0,160.47,107.44,5092019200,NO,134.64,141.9,130.9,138.45,132.6,,5208,0.0,238573.0,NO,NO,2005-12-15,11589800.0
3943,FIXD,42.63,42.82,783804.0,ETF,ETF,16.0,36.0,28.0,18.0,0.3499,0.3147,313522.0,216920.0,45.16,41.95,0,NO,42.96,43.17,43.85,43.04,43.58,,2397,0.0,809346.0,NO,NO,2024-12-09,9734200.0
3944,MYCM,24.23,24.217,8.0,ETF,ETF,16.0,29.0,27.0,20.0,0.067,0.019,1261.0,1500.0,25.3,24.19,0,NO,24.26,24.38,24.74,24.31,24.61,,485,0.0,8.0,NO,NO,2025-03-20,131400.0
3945,RTRE,24.48,24.5,3763.0,ETF,ETF,16.0,38.0,29.0,16.0,0.1088,0.0783,8679.0,3210.0,25.79,24.07,0,NO,24.55,24.67,25.06,24.6,24.92,,563,0.0,3869.0,NO,NO,2024-06-06,304400.0
3946,GUG,15.31,15.08,176665.0,Financial Services,Asset Management,16.0,33.0,18.0,19.0,0.2984,0.2941,93520.0,128390.0,16.46,14.66,505089984,NO,15.25,15.59,15.63,15.53,15.66,,1195,1.26,192290.0,NO,NO,2021-11-24,4278900.0
3947,TYL,375.25,372.22,526512.0,Technology,Software - Application,16.0,94.0,87.0,57.0,13.6614,12.3507,911598.0,1195470.0,566.58,270.71,15378193408,NO,336.55,317.77,359.41,329.2,326.63,,11709,0.0,933002.0,NO,NO,1988-08-04,10625700.0
3948,ADDS,24.22,24.47,3234.0,ETF,ETF,16.0,43.0,,,0.3318,0.1868,12465.0,9380.0,27.58,23.36,0,NO,25.02,25.17,,25.0,,,66,0.0,4404.0,NO,NO,2026-07-17,59300.0
3949,BSCX,20.6,20.685,186688.0,ETF,ETF,16.0,35.0,27.0,18.0,0.0766,0.0526,168568.0,209900.0,21.86,20.6,0,NO,20.78,20.86,21.21,20.82,21.09,,738,0.0,203188.0,NO,NO,2025-02-10,3677400.0
3950,FTCB,20.42,20.49,523962.0,ETF,ETF,16.0,36.0,29.0,18.0,0.0773,0.0528,679492.0,629150.0,21.87,20.42,0,NO,20.57,20.66,21.0,20.6,20.87,,704,0.0,545847.0,NO,NO,2024-12-30,7705500.0
3951,CRDT,22.84,23.06,730.0,ETF,ETF,16.0,24.0,20.0,30.0,0.1731,0.077,5977.0,1680.0,24.13,21.69,0,NO,23.52,23.36,23.23,23.33,23.16,,798,0.0,736.0,NO,NO,2023-06-27,1451000.0
3952,VETZ,19.28,19.41,628.0,ETF,ETF,16.0,32.0,28.0,19.0,0.0955,0.0671,18925.0,3220.0,20.49,19.2,0,NO,19.41,19.52,19.85,19.47,19.75,,773,0.0,1229.0,NO,NO,2026-04-14,1101100.0
3953,REGCO,21.7,22.08,1013.0,Real Estate,REIT - Retail,16.0,50.0,30.0,23.0,0.1979,0.1286,2714.0,2620.0,24.24,21.35,0,NO,21.96,21.98,22.31,21.96,22.14,,759,0.0,1567.0,NO,NO,2025-01-31,106700.0
3954,BTC,34.17,34.88,1659675.0,ETF,ETF,16.0,94.0,79.0,72.0,1.0493,0.7457,1973028.0,2780300.0,55.96,25.65,0,NO,30.84,29.08,33.23,30.01,30.75,,523,0.0,1752324.0,NO,NO,2026-02-05,17048200.0
3955,BRRR,21.79,22.23,56180.0,ETF,ETF,16.0,94.0,79.0,72.0,0.638,0.4026,136307.0,58300.0,35.7,16.37,0,NO,19.66,18.54,21.19,19.13,19.6,,661,0.0,74962.0,NO,NO,2025-02-25,3711900.0
3956,OZKAP,15.94,16.1,47072.0,Financial Services,Banks - Regional,16.0,23.0,32.0,24.0,0.1304,0.1201,24533.0,20670.0,17.85,15.76,0,NO,16.17,16.22,16.43,16.2,16.36,,1213,0.0,65412.0,NO,NO,2021-10-29,3866300.0
3957,ARKB,25.63,26.17,967129.0,ETF,ETF,16.0,94.0,79.0,72.0,0.7836,0.5539,1895434.0,2235460.0,41.99,19.24,0,NO,23.13,21.81,24.93,22.51,23.06,,661,0.0,1048424.0,NO,NO,2024-03-05,25505400.0
3958,DRSK,28.16,28.29,165490.0,ETF,ETF,16.0,29.0,17.0,35.0,0.1891,0.1433,143833.0,179020.0,30.15,27.1,0,NO,28.66,28.63,28.57,28.55,28.5,,2025,0.0,177284.0,NO,NO,2024-09-19,2933600.0
3959,XLU,42.53,42.23,24243041.0,ETF,ETF,16.0,14.0,35.0,11.0,0.6029,0.5264,19864826.0,18817390.0,47.8,41.15,0,NO,43.52,44.63,44.7,44.34,45.28,,6964,0.17,30607780.0,YES,NO,2020-02-28,180526200.0
3960,SAPH,39.04,40.211,352.0,ETF,ETF,16.0,91.0,73.0,60.0,0.9097,0.5314,712.0,800.0,51.58,27.49,0,NO,38.37,33.36,36.34,34.72,33.62,,413,0.0,356.0,NO,NO,2025-10-15,7500.0
3961,DMBS,47.76,48.12,46098.0,ETF,ETF,16.0,29.0,27.0,17.0,0.2058,0.1231,65452.0,111840.0,50.54,47.72,0,NO,48.27,48.52,49.28,48.36,49.02,,853,0.0,49158.0,NO,NO,2023-06-13,1534100.0
3962,RSBA,20.41,20.46,4187.0,ETF,ETF,16.0,26.0,29.0,25.0,0.0989,0.0701,14038.0,9480.0,21.75,20.39,0,NO,20.62,20.81,20.96,20.73,20.81,,425,0.0,4201.0,NO,NO,2026-01-20,400700.0
3963,GIGB,44.6,44.95,172797.0,ETF,ETF,16.0,31.0,26.0,20.0,0.1825,0.1021,67188.0,114380.0,47.16,44.58,0,NO,44.98,45.24,45.93,45.1,45.67,,2320,0.0,177670.0,NO,NO,2025-04-09,2212300.0
3964,BSCY,20.17,20.255,48823.0,ETF,ETF,16.0,34.0,26.0,18.0,0.0786,0.0508,129055.0,264530.0,21.29,20.16,0,NO,20.35,20.44,20.78,20.39,20.66,,555,0.0,58341.0,NO,NO,2025-12-11,1932600.0
3965,BTCO,76.92,78.44,37215.0,ETF,ETF,16.0,94.0,78.0,72.0,2.2717,1.5412,87600.0,57590.0,125.96,57.76,0,NO,69.37,65.41,74.79,67.51,69.17,,661,0.0,42484.0,NO,NO,2024-02-28,2691900.0
3966,OVB,19.96,20.02,8464.0,ETF,ETF,16.0,40.0,24.0,19.0,0.0854,0.0556,11366.0,10860.0,21.11,19.96,0,NO,20.18,20.25,20.55,20.2,20.46,,1738,0.0,8802.0,NO,NO,2022-04-22,1916600.0
3967,GLL,23.0,21.76,2902419.0,ETF,ETF,16.0,4.0,72.0,90.0,0.8364,0.5951,2587474.0,3500990.0,40.22,15.6,0,NO,21.92,24.59,22.6,24.18,21.84,,4463,4.96,3489640.0,NO,NO,2026-01-29,71020300.0
3968,ZCBE,49.36,48.642,104.0,ETF,ETF,16.0,16.0,22.0,15.0,0.1234,0.0,100.0,100.0,51.44,48.35,0,NO,48.59,48.83,,48.69,49.49,,161,0.0,100.0,NO,NO,2026-01-12,10000.0
3969,BTCW,81.48,83.38,1721.0,ETF,ETF,16.0,94.0,78.0,72.0,2.2913,1.4121,21596.0,14000.0,133.92,61.45,0,NO,73.69,69.47,79.47,71.7,73.48,,661,0.0,2128.0,NO,NO,2024-02-20,4037200.0
3970,SCEC,24.35,24.509,83174.0,ETF,ETF,16.0,30.0,28.0,19.0,0.0992,0.0605,96528.0,66570.0,25.75,24.35,0,NO,24.56,24.7,25.11,24.63,24.96,,368,0.0,84338.0,NO,NO,2025-04-07,13429600.0
3971,AEMG,19.45,19.65,310.0,ETF,ETF,16.0,,,,,,33266.0,33266.0,20.1,19.45,0,NO,,,,,,,3,0.0,311.0,NO,NO,2026-08-27,99600.0
3972,FUTY,54.99,54.58,500549.0,ETF,ETF,16.0,16.0,34.0,11.0,0.7275,0.6268,365193.0,376050.0,61.51,53.23,0,NO,56.2,57.56,57.73,57.2,58.4,,3231,0.15,620307.0,NO,NO,2022-05-11,6269100.0
3973,NTRSO,18.79,18.94,32895.0,Financial Services,Asset Management,16.0,60.0,42.0,17.0,0.2531,0.2395,52593.0,32260.0,21.15,18.23,0,NO,18.52,18.56,19.13,18.6,18.92,,1717,0.0,34591.0,NO,NO,2019-10-30,4336500.0
3974,XLC,110.94,111.46,4411955.0,ETF,ETF,16.0,68.0,20.0,15.0,1.4586,1.3614,6211361.0,3802620.0,120.41,105.03,0,NO,111.54,110.1,114.01,110.43,112.84,,2061,0.0,5136085.0,NO,NO,2025-04-09,23909100.0
3975,SUSC,22.5,22.675,436843.0,ETF,ETF,16.0,31.0,26.0,20.0,0.096,0.0588,218860.0,175170.0,23.85,10.6,0,NO,22.69,22.82,23.18,22.75,23.04,,2291,0.0,483651.0,NO,NO,2023-01-11,19020100.0
3976,REK,15.79,15.72,2758.0,ETF,ETF,16.0,70.0,29.0,33.0,0.1371,0.0935,9014.0,5570.0,17.64,14.89,0,NO,15.46,15.41,16.23,15.39,15.83,,4139,0.0,2796.0,NO,NO,2015-09-08,1555250.0
3977,BNGE,32.57,32.418,13.0,ETF,ETF,16.0,18.0,65.0,34.0,0.2841,0.03,774.0,130.0,41.04,29.39,0,NO,32.49,31.68,33.11,31.96,31.34,,1145,0.0,100.0,NO,NO,2022-02-11,111000.0
3978,FLCO,20.83,20.955,37383.0,ETF,ETF,16.0,31.0,26.0,20.0,0.0816,0.047,63226.0,55240.0,22.1,20.82,0,NO,20.98,21.12,21.46,21.06,21.33,,2489,0.0,51571.0,NO,NO,2024-02-22,13890600.0
3979,GLAD,20.04,20.15,141227.0,Financial Services,Asset Management,16.0,82.0,59.0,62.0,0.3454,0.3361,165150.0,136270.0,26.49,16.54,452765088,NO,19.68,19.45,19.41,19.56,18.89,,6058,0.0,191068.0,NO,NO,2014-06-27,1740400.0
3980,NNI,125.11,125.27,72824.0,Financial Services,Credit Services,16.0,7.0,23.0,17.0,2.4429,2.4307,134122.0,134020.0,144.38,116.62,4476187136,NO,128.25,131.5,131.79,131.11,130.99,,5714,0.0,112705.0,NO,NO,2009-02-26,3768500.0
3981,BSMZ,24.59,24.721,16839.0,ETF,ETF,16.0,25.0,21.0,17.0,0.1534,0.1409,16812.0,29110.0,25.92,24.55,0,NO,24.96,25.19,25.4,25.09,25.33,,240,0.0,17523.0,NO,NO,2026-01-27,295200.0
3982,DGCB,52.91,53.16,92020.0,ETF,ETF,16.0,34.0,22.0,22.0,0.1955,0.1209,124482.0,87870.0,56.03,52.92,0,NO,53.37,53.79,54.4,53.6,54.25,,703,0.0,102453.0,NO,NO,2023-11-14,872800.0
3983,NICE,106.75,109.18,271138.0,Technology,Software - Application,16.0,84.0,77.0,13.0,3.8079,3.2679,609038.0,404650.0,153.68,83.1,6259937792,NO,101.67,98.1,105.02,100.17,102.25,,7699,0.0,394760.0,NO,NO,1998-09-25,17649600.0
3984,VPU,184.16,182.86,211105.0,ETF,ETF,16.0,16.0,34.0,11.0,2.435,2.0943,244239.0,242170.0,206.1,178.51,0,NO,188.27,192.93,193.5,191.62,195.78,,5682,0.15,234278.0,NO,NO,2012-08-01,7174800.0
3985,CORP,94.2,94.98,42516.0,ETF,ETF,16.0,29.0,26.0,19.0,0.3557,0.2207,104447.0,320140.0,99.63,94.19,0,NO,95.07,95.59,97.08,95.32,96.52,,4010,0.0,43370.0,NO,NO,2026-03-13,1742400.0
3986,RNTY,48.65,48.816,2013.0,ETF,ETF,16.0,19.0,32.0,13.0,0.3342,0.2024,2453.0,1790.0,52.5,47.67,0,NO,49.5,49.95,49.89,49.84,50.09,,344,0.0,2741.0,NO,NO,2026-02-27,704700.0
3987,AON,326.77,321.52,1637853.0,Financial Services,Insurance Brokers,16.0,6.0,58.0,24.0,9.4607,8.7536,1385825.0,864570.0,382.34,304.59,69295022080,NO,351.28,351.93,337.56,354.9,333.79,,11656,0.0,2417597.0,NO,NO,2010-07-12,22718000.0
3988,VCIT,80.39,81.09,10558628.0,ETF,ETF,16.0,28.0,27.0,18.0,0.3104,0.1853,8762884.0,9842790.0,84.84,80.38,0,NO,81.23,81.63,82.92,81.41,82.42,,4217,0.0,11379218.0,YES,NO,2025-09-12,39431200.0
3989,QRMI,15.14,15.19,1092.0,ETF,ETF,15.0,48.0,24.0,24.0,0.0612,0.0384,7449.0,8830.0,16.25,14.85,0,NO,15.25,15.27,15.59,15.25,15.41,,1258,0.0,1092.0,NO,NO,2024-05-31,87600.0
3990,TIP,106.81,106.82,1877477.0,ETF,ETF,15.0,31.0,24.0,19.0,0.34,0.2279,1828017.0,1881550.0,112.26,106.69,0,NO,107.11,107.79,109.93,107.53,109.66,,5719,0.0,2187106.0,NO,NO,2022-02-01,18785900.0
3991,MYCN,24.08,24.029,1.0,ETF,ETF,15.0,28.0,26.0,18.0,0.076,0.0122,2258.0,5480.0,25.2,24.0,0,NO,24.07,24.2,24.58,24.13,24.44,,485,0.0,70.0,NO,NO,2025-03-20,143700.0
3992,TOGA,31.24,31.238,14.0,ETF,ETF,15.0,67.0,37.0,48.0,0.3891,0.1773,3807.0,1090.0,36.6,26.06,0,NO,31.3,30.94,30.91,31.01,29.79,,583,0.0,224.0,NO,NO,2024-05-06,309000.0
3993,SDHY,15.84,16.01,74527.0,Financial Services,Asset Management,15.0,23.0,34.0,16.0,0.1937,0.1837,60087.0,74440.0,17.18,15.55,390821216,NO,16.16,16.13,16.24,16.05,16.09,,1446,0.0,91934.0,NO,NO,2020-11-25,1852100.0
3994,G,37.78,37.98,1132508.0,Technology,Information Technology Services,15.0,83.0,81.0,15.0,1.1121,1.0357,2508109.0,2987610.0,48.64,26.85,6349179904,NO,35.78,32.6,37.74,33.63,34.43,,4800,0.0,1879533.0,NO,NO,2021-04-30,30165700.0
3995,SUI,121.18,121.42,908164.0,Real Estate,REIT - Residential,15.0,24.0,53.0,10.0,2.5364,2.2543,1726441.0,2949540.0,137.85,115.9,15310788608,NO,121.53,121.24,125.63,121.93,125.94,,8236,0.0,1564076.0,NO,NO,2026-08-19,16868800.0
3996,TCHI,23.21,23.52,8208.0,ETF,ETF,15.0,41.0,13.0,40.0,0.3244,0.1186,13100.0,5820.0,27.5,21.06,0,NO,23.83,24.23,23.94,23.87,23.76,,1149,0.0,9223.0,NO,NO,2025-03-18,319400.0
3997,DFSB,50.51,50.77,62606.0,ETF,ETF,15.0,35.0,23.0,21.0,0.1906,0.1439,45182.0,43020.0,53.86,50.5,0,NO,50.88,51.29,51.9,51.1,51.74,,949,0.0,64246.0,NO,NO,2023-11-27,1362700.0
3998,SCHP,25.82,25.91,3400446.0,ETF,ETF,15.0,28.0,24.0,21.0,0.0897,0.0568,4818853.0,6406240.0,27.19,25.78,0,NO,25.96,26.13,26.55,26.07,26.5,,4042,0.0,3588281.0,NO,NO,2023-03-29,64819400.0
3999,QQQT,17.55,18.074,54479.0,ETF,ETF,15.0,36.0,12.0,55.0,0.2145,0.141,38115.0,34200.0,19.45,15.24,0,NO,18.05,18.06,17.66,17.95,17.62,,550,0.0,55113.0,NO,NO,2026-05-06,140200.0
4000,MBBB,20.81,20.955,7493.0,ETF,ETF,15.0,31.0,27.0,19.0,0.0542,0.0157,1414.0,470.0,22.12,20.81,0,NO,20.96,21.08,21.45,21.02,21.31,,1442,0.0,7498.0,NO,NO,2026-05-05,177400.0
4001,GOIB,24.28,24.78,46.0,ETF,ETF,15.0,,,,0.2307,0.0821,720.0,430.0,27.88,24.16,0,NO,25.14,,,,,,24,0.0,100.0,NO,NO,2026-08-05,3600.0
4002,AADR,83.36,83.52,1002.0,ETF,ETF,15.0,49.0,22.0,10.0,0.9346,0.7645,2836.0,1810.0,98.38,77.69,0,NO,84.15,83.14,86.01,83.52,84.82,,4053,0.0,1049.0,NO,NO,2020-03-12,323800.0
4003,SCHI,22.01,22.2,3749678.0,ETF,ETF,15.0,27.0,26.0,18.0,0.0839,0.0527,1831661.0,1781150.0,23.28,22.01,0,NO,22.25,22.36,22.73,22.29,22.58,,1730,0.0,3970120.0,NO,NO,2023-03-29,118639600.0
4004,AQWA,18.76,18.931,2806.0,ETF,ETF,15.0,21.0,53.0,11.0,0.1763,0.1438,7392.0,8230.0,20.92,18.25,0,NO,19.4,19.27,19.33,19.24,19.3,,1354,0.0,2858.0,NO,NO,2026-03-06,736700.0
4005,VCLN,27.06,27.23,1099.0,ETF,ETF,15.0,25.0,4.0,18.0,0.3855,0.1557,728.0,510.0,37.55,21.44,0,NO,28.06,28.74,28.92,28.2,29.71,,1274,0.0,1107.0,NO,NO,2023-08-22,244000.0
4006,XV,24.51,24.68,35838.0,ETF,ETF,15.0,53.0,39.0,30.0,0.1996,0.1567,49647.0,62310.0,27.47,23.4,0,NO,24.86,24.72,25.0,24.7,24.57,,346,0.0,40437.0,NO,NO,2026-01-21,413700.0
4007,VTC,74.6,75.184,68191.0,ETF,ETF,15.0,29.0,26.0,19.0,0.3027,0.1811,78990.0,67020.0,79.24,74.58,0,NO,75.25,75.72,76.96,75.47,76.48,,2212,0.0,74923.0,NO,NO,2023-09-27,4144800.0
4008,MIG,20.78,20.865,564.0,ETF,ETF,15.0,29.0,26.0,18.0,0.0739,0.0236,9179.0,37850.0,22.09,20.78,0,NO,20.93,21.04,21.38,20.97,21.26,,1442,0.0,568.0,NO,NO,2025-05-07,353800.0
4009,EPRT,30.03,30.0,646940.0,Real Estate,REIT - Retail,15.0,15.0,52.0,9.0,0.4439,0.4221,1852671.0,1831020.0,34.73,28.95,6511066624,NO,30.68,31.12,31.23,31.23,31.49,,2059,0.33,1254086.0,NO,NO,2019-10-10,16078700.0
4010,GALX,22.67,23.0,2453.0,ETF,ETF,15.0,22.0,,,0.4905,0.2662,5390.0,2840.0,27.06,22.09,0,NO,24.84,,,,,,33,0.0,2464.0,NO,NO,2026-07-17,50700.0
4011,YYYM,19.24,19.38,20060.0,ETF,ETF,15.0,26.0,22.0,,0.0867,0.031,2123.0,770.0,20.99,18.95,0,NO,19.59,19.84,,19.74,,,121,0.0,20095.0,NO,YES,2026-09-01,20095.0
4012,ZCBF,48.31,48.514,7.0,ETF,ETF,15.0,16.0,22.0,15.0,0.1406,0.0,134.0,100.0,51.5,48.2,0,NO,48.46,48.76,,48.59,49.42,,161,0.0,100.0,NO,NO,2026-01-12,10000.0
4013,TDTF,23.25,23.25,96946.0,ETF,ETF,15.0,28.0,25.0,19.0,0.0639,0.0439,158857.0,155290.0,24.49,22.93,0,NO,23.34,23.46,23.95,23.42,23.88,,3756,0.0,118778.0,NO,NO,2019-03-06,4995500.0
4014,TMH,53.14,52.358,244.0,ETF,ETF,15.0,79.0,72.0,6.0,0.5725,0.189,419.0,370.0,65.81,44.94,0,NO,50.63,49.02,54.94,49.83,53.14,,368,0.0,250.0,NO,NO,2025-09-29,30700.0
4015,XSVN,46.04,46.36,25596.0,ETF,ETF,15.0,29.0,29.0,17.0,0.188,0.1032,52920.0,48300.0,48.98,46.03,0,NO,46.5,46.72,47.56,46.59,47.26,,986,0.0,26979.0,NO,NO,2025-12-16,1753800.0
4016,KLAG,21.29,22.715,44197.0,ETF,ETF,15.0,2.0,1.0,13.0,2.1609,1.6808,107768.0,41800.0,77.55,15.95,0,NO,27.42,35.78,,31.31,30.98,,175,0.0,48042.0,NO,NO,2026-07-02,422200.0
4017,TBLU,50.32,51.057,511.0,ETF,ETF,15.0,21.0,59.0,11.0,0.456,0.2591,2073.0,1660.0,56.9,48.94,0,NO,51.97,51.57,52.09,51.57,51.64,,2398,0.0,649.0,NO,NO,2020-02-27,383400.0
4018,MIDD,112.67,110.84,411105.0,Industrials,Specialty Industrial Machinery,15.0,2.0,10.0,7.0,3.2564,3.2157,710129.0,498570.0,148.55,89.16,5096784896,NO,119.8,129.1,120.34,127.03,123.39,,9839,0.0,677518.0,NO,NO,1997-10-30,10934920.0
4019,PLTA,20.69,21.843,7549.0,ETF,ETF,15.0,98.0,75.0,81.0,1.3549,1.2184,63715.0,23890.0,41.93,8.13,0,NO,19.29,14.36,18.81,15.73,15.45,,245,0.0,7697.0,NO,NO,2026-08-04,360400.0
4020,VCEB,60.98,61.49,76755.0,ETF,ETF,15.0,28.0,25.0,18.0,0.2411,0.1354,100022.0,150070.0,64.9,60.97,0,NO,61.52,61.89,62.97,61.69,62.56,,1490,0.0,79513.0,NO,NO,2026-03-10,3704500.0
4021,JLQD,40.26,40.258,385.0,ETF,ETF,15.0,34.0,26.0,18.0,0.0985,0.0216,738.0,580.0,42.71,40.2,0,NO,40.46,40.73,41.48,40.6,41.17,,1249,0.0,452.0,NO,NO,2022-07-14,100000.0
4022,FOXY,27.54,27.19,65856.0,ETF,ETF,15.0,17.0,16.0,14.0,0.2054,0.1464,89739.0,84590.0,32.2,26.84,0,NO,27.85,28.68,28.81,28.43,29.09,,394,0.74,76876.0,NO,NO,2026-06-25,1249000.0
4023,TOTL,38.48,38.76,674434.0,ETF,ETF,15.0,31.0,28.0,17.0,0.1169,0.0702,530666.0,498680.0,40.86,38.46,0,NO,38.81,38.99,39.75,38.9,39.46,,2897,0.0,834811.0,NO,NO,2022-10-17,4689400.0
4024,FORTY,125.72,125.72,79.0,Technology,Information Technology Services,15.0,89.0,15.0,63.0,2.035,0.2657,411.0,300.0,190.56,102.01,1927874304,NO,112.75,110.34,135.04,113.37,122.57,,7259,0.0,300.0,NO,NO,1998-06-25,1135300.0
4025,BSCZ,19.89,19.978,34601.0,ETF,ETF,15.0,33.0,24.0,17.0,0.0856,0.0556,117384.0,314870.0,21.16,19.88,0,NO,20.09,20.2,20.57,20.15,20.45,,307,0.0,38025.0,NO,NO,2026-08-21,2337000.0
4026,MSMR,34.24,34.4,33730.0,ETF,ETF,15.0,31.0,13.0,16.0,0.2379,0.1594,15750.0,13680.0,37.67,31.92,0,NO,34.83,34.9,35.28,34.79,35.35,,1200,0.0,36007.0,NO,NO,2025-01-22,470200.0
4027,QLTA,46.11,46.5,69524.0,ETF,ETF,15.0,29.0,25.0,18.0,0.1957,0.1132,300425.0,142920.0,49.02,46.1,0,NO,46.51,46.81,47.63,46.66,47.32,,3655,0.0,87775.0,NO,NO,2015-10-07,5962100.0
4028,ZTEN,49.01,49.24,8910.0,ETF,ETF,15.0,32.0,25.0,17.0,0.1961,0.0783,1885.0,2380.0,52.15,49.01,0,NO,49.56,49.86,50.73,49.68,50.38,,661,0.0,9376.0,NO,NO,2025-08-04,693100.0
4029,RNRG,34.19,34.191,501.0,ETF,ETF,15.0,32.0,8.0,13.0,0.3569,0.157,6473.0,930.0,39.7,28.53,0,NO,34.45,34.87,35.86,34.73,36.42,,2832,0.0,504.0,NO,NO,2022-02-28,621033.0
4030,SECR,24.89,24.935,2489.0,ETF,ETF,15.0,36.0,28.0,18.0,0.1048,0.0635,4274.0,8250.0,26.53,24.88,0,NO,25.09,25.2,25.65,25.12,25.47,,538,0.0,2493.0,NO,NO,2024-10-03,1293200.0
4031,ZCBG,48.51,48.493,6.0,ETF,ETF,15.0,16.0,21.0,15.0,0.1569,0.0,112.0,100.0,51.66,48.16,0,NO,48.42,48.77,,48.58,49.46,,161,0.0,100.0,NO,NO,2026-01-12,10000.0
4032,FLC,16.53,16.53,18833.0,Financial Services,Asset Management,15.0,30.0,27.0,14.0,0.1447,0.1269,18430.0,19010.0,18.09,15.89,172851264,NO,16.73,16.78,17.13,16.75,16.95,,5789,0.0,19562.0,NO,NO,2010-05-06,320700.0
4033,XYZG,17.0,18.219,5128.0,ETF,ETF,15.0,5.0,23.0,87.0,1.0631,0.6606,9734.0,7350.0,26.81,7.66,0,NO,18.02,17.6,14.67,17.72,14.81,,353,0.0,5488.0,NO,NO,2025-05-02,553500.0
4034,RGCO,21.47,21.41,10799.0,Utilities,Utilities - Regulated Gas,15.0,53.0,16.0,27.0,0.5104,0.4918,15384.0,14240.0,27.99,20.55,223707856,NO,21.76,22.9,22.38,22.49,22.54,,8199,0.0,13198.0,NO,NO,2021-06-25,1213800.0
4035,EPHE,24.12,23.75,204586.0,ETF,ETF,15.0,11.0,54.0,11.0,0.2843,0.1611,180177.0,362570.0,28.4,23.17,0,NO,25.27,25.16,25.26,25.11,25.15,,4004,1.6,229628.0,NO,NO,2014-07-07,2530000.0
4036,REM,21.46,21.7,236928.0,ETF,ETF,15.0,40.0,34.0,16.0,0.2607,0.2468,442049.0,301530.0,24.05,20.41,0,NO,21.9,21.9,22.23,21.9,22.0,,4862,0.0,263753.0,NO,NO,2022-10-11,8511700.0
4037,SPYT,17.04,17.45,235086.0,ETF,ETF,15.0,26.0,21.0,38.0,0.1269,0.0994,128830.0,124470.0,18.68,15.77,0,NO,17.47,17.36,17.37,17.35,17.2,,623,0.0,287423.0,NO,NO,2025-02-24,680300.0
4038,NPFD,18.66,18.81,78090.0,Financial Services,Asset Management,14.0,67.0,29.0,16.0,0.1433,0.1347,54987.0,41340.0,20.12,17.59,450902848,NO,18.62,18.57,19.02,18.56,18.85,,1180,0.0,94715.0,NO,NO,2021-12-16,2535700.0
4039,JEF,52.17,52.64,840886.0,Financial Services,Capital Markets,14.0,12.0,28.0,77.0,1.4764,1.4164,2111423.0,1671100.0,71.04,35.53,10609943552,NO,54.1,54.37,53.55,53.89,50.46,,11709,0.0,1276965.0,NO,NO,2019-09-25,71883165.0
4040,MRCY,83.11,87.33,341155.0,Industrials,Aerospace & Defense,14.0,2.0,3.0,12.0,5.5664,5.3657,755500.0,1079450.0,128.45,65.04,4997914112,NO,101.05,104.13,90.34,101.5,94.31,,7190,0.0,599381.0,NO,NO,2023-08-18,13314400.0
4041,ALGN,154.64,159.79,301723.0,Healthcare,Medical Instruments & Supplies,14.0,7.0,12.0,6.0,5.7714,5.7014,973387.0,885630.0,200.44,122.0,10985603072,NO,167.35,172.46,170.12,170.82,174.1,,6434,0.0,567287.0,NO,NO,2006-09-28,24482300.0
4042,GTIP,47.54,47.54,20027.0,ETF,ETF,14.0,32.0,23.0,18.0,0.1507,0.0971,39407.0,77390.0,50.32,47.5,0,NO,47.66,48.01,49.1,47.87,48.91,,1976,0.0,21073.0,NO,NO,2024-01-30,374000.0
4043,JHCB,20.6,20.72,26861.0,ETF,ETF,14.0,35.0,24.0,18.0,0.0931,0.055,28590.0,19950.0,22.04,20.57,0,NO,20.82,20.96,21.33,20.87,21.17,,1361,0.0,28349.0,NO,NO,2026-08-11,818700.0
4044,FXED,17.22,17.2,2467.0,ETF,ETF,14.0,31.0,30.0,24.0,0.1611,0.1376,4658.0,4720.0,19.0,17.07,0,NO,17.37,17.41,17.7,17.4,17.5,,1421,0.0,2476.0,NO,NO,2026-05-18,156600.0
4045,EXC,43.79,43.72,3508407.0,Utilities,Utilities - Regulated Electric,14.0,13.0,30.0,10.0,0.7593,0.7064,8105900.0,5864660.0,50.65,42.58,45114822656,NO,44.91,45.99,45.98,45.73,46.66,,13446,0.0,7167683.0,NO,NO,1988-05-18,181181862.0
4046,MSBT,22.16,22.62,627315.0,ETF,ETF,14.0,94.0,78.0,,0.68,0.4764,651130.0,890240.0,25.2,16.64,0,NO,19.99,18.85,,19.46,,,102,0.0,1031134.0,NO,NO,2026-06-05,3814900.0
4047,NYT,67.67,67.27,1006804.0,Communication Services,Publishing,14.0,6.0,10.0,7.0,1.3554,1.3396,1923482.0,1687980.0,87.1,54.1,10912447488,NO,66.29,70.58,73.44,70.12,75.25,,13445,0.34,1578576.0,NO,NO,2010-12-17,21384000.0
4048,RVII,22.21,22.62,125911.0,Financial Services,Asset Management,14.0,,,,,,459776.0,239960.0,24.79,21.5,177679200,YES,,,,,,,13,0.0,138545.0,NO,NO,2026-08-13,2347900.0
4049,JOJO,15.03,15.075,3324.0,ETF,ETF,14.0,47.0,20.0,14.0,0.0311,0.0189,7625.0,14960.0,16.24,14.95,0,NO,15.04,15.21,15.54,15.13,15.5,,1287,0.0,3771.0,NO,NO,2025-04-04,585400.0
4050,DAPP,18.65,19.53,295102.0,ETF,ETF,14.0,79.0,5.0,73.0,0.9611,0.7722,618644.0,729650.0,27.49,13.68,0,NO,18.46,18.64,18.44,18.37,18.42,,1351,0.0,375470.0,NO,NO,2025-12-16,4667200.0
4051,GDLC,35.25,36.1,23419.0,ETF,ETF,14.0,95.0,81.0,72.0,1.0762,0.6985,45228.0,46950.0,61.89,25.97,0,NO,31.66,29.71,34.56,30.75,31.48,,1700,0.0,26129.0,NO,NO,2021-09-07,1315700.0
4052,GBTC,59.78,61.02,1382131.0,ETF,ETF,14.0,94.0,78.0,70.0,1.8393,1.3079,2041928.0,2759030.0,99.12,44.98,0,NO,53.98,50.94,58.47,52.56,53.98,,2844,0.0,1463703.0,NO,NO,2024-01-11,62378454.0
4053,BKTI,73.31,72.37,31031.0,Technology,Communication Equipment,14.0,6.0,10.0,7.0,2.9989,2.8582,41007.0,38900.0,104.55,60.0,276333888,NO,76.65,79.57,80.58,78.74,83.03,,11708,0.0,37625.0,NO,NO,2000-01-20,1455100.0
4054,APOG,37.63,39.06,106495.0,Industrials,Building Products & Equipment,14.0,12.0,28.0,18.0,1.195,1.0764,248360.0,199520.0,50.88,30.75,785273920,NO,41.74,41.28,37.96,40.67,38.48,,13445,0.0,202117.0,NO,NO,2008-04-10,3850400.0
4055,SPIP,25.04,25.06,490577.0,ETF,ETF,14.0,32.0,24.0,17.0,0.0871,0.0593,393085.0,469650.0,26.58,25.0,0,NO,25.1,25.27,25.86,25.2,25.75,,4845,0.0,499794.0,NO,NO,2022-04-29,10123700.0
4056,ADAMZ,17.92,18.04,10635.0,Real Estate,REIT - Mortgage,14.0,13.0,26.0,11.0,0.3051,0.2642,8457.0,13740.0,21.72,17.25,0,NO,18.6,18.79,18.94,18.68,18.77,,1199,0.0,13836.0,NO,NO,2021-11-18,591200.0
4057,APLZ,27.03,24.87,50015.0,ETF,ETF,14.0,88.0,98.0,0.0,2.8879,2.3627,198038.0,135920.0,156.75,11.27,0,NO,20.97,23.49,,25.15,47.35,,153,4.83,52400.0,NO,NO,2026-05-21,1328480.0
4058,BNDY,24.54,24.604,89663.0,ETF,ETF,14.0,36.0,24.0,15.0,0.2311,0.1951,131788.0,111100.0,26.46,24.1,0,NO,24.76,24.89,25.54,24.82,25.35,,292,0.0,89686.0,NO,NO,2025-07-31,7008100.0
4059,GVA,118.18,120.56,229660.0,Industrials,Engineering & Construction,14.0,20.0,8.0,10.0,3.7721,3.505,856082.0,420600.0,162.08,97.26,5250148352,NO,124.06,130.22,126.0,125.97,130.37,,9157,0.0,492118.0,NO,NO,2019-12-20,8582800.0
4060,CRK,15.98,14.43,8653481.0,Energy,Oil & Gas E&P,14.0,94.0,90.0,5.0,0.6557,0.6079,2422080.0,2058110.0,28.1,12.12,4686183936,NO,14.0,13.73,18.27,14.01,16.14,,9825,9.63,11218800.0,YES,NO,2023-02-03,28759300.0
4061,MYCO,23.98,23.936,109.0,ETF,ETF,14.0,27.0,24.0,17.0,0.0861,0.0168,684.0,540.0,25.22,23.88,0,NO,23.99,24.14,24.56,24.06,24.41,,240,0.0,2214.0,NO,NO,2026-02-10,20300.0
4062,TIPZ,50.98,51.0,3388.0,ETF,ETF,14.0,34.0,24.0,17.0,0.1489,0.0825,8465.0,9740.0,54.16,50.94,0,NO,51.12,51.47,52.75,51.33,52.51,,4270,0.0,4160.0,NO,NO,2022-07-01,1761300.0
4063,MLYS,25.24,25.67,487642.0,Healthcare,Biotechnology,14.0,46.0,5.0,9.0,1.1768,1.1179,1301504.0,833910.0,47.65,22.0,2231389952,NO,26.35,26.84,29.94,26.56,26.96,,891,0.0,728420.0,NO,NO,2025-09-02,15718600.0
4064,FSPC,18.73,19.02,1939.0,ETF,ETF,14.0,49.0,,,0.2561,0.0543,1589.0,1400.0,21.17,18.03,0,NO,20.14,,,,,,38,0.0,1945.0,NO,NO,2026-07-14,7900.0
4065,RONB,23.82,24.2,78424.0,ETF,ETF,14.0,90.0,20.0,26.0,0.4732,0.4474,670950.0,125450.0,26.73,20.78,0,NO,23.52,23.12,,23.15,23.46,,178,0.0,113214.0,NO,NO,2026-06-12,7854700.0
4066,CRWC,29.59,34.45,11445.0,ETF,ETF,14.0,93.0,,,2.5961,1.805,3928.0,8370.0,35.46,22.3,0,NO,29.97,,,,,,35,0.0,11898.0,NO,NO,2026-08-27,20500.0
4067,AGGH,19.66,19.77,110146.0,ETF,ETF,14.0,35.0,24.0,16.0,0.109,0.0808,219855.0,198510.0,21.02,19.65,0,NO,19.87,19.98,20.43,19.92,20.25,,1137,0.0,115589.0,NO,NO,2026-03-25,2198300.0
4068,RYM,22.64,22.65,17509.0,Consumer Defensive,Tobacco,14.0,95.0,12.0,90.0,1.3298,1.1684,11707.0,9420.0,53.65,14.0,48656256,NO,22.21,22.48,22.27,21.79,23.03,,1404,0.0,17635.0,NO,NO,2024-11-05,21302400.0
4069,AMBA,67.93,69.38,884881.0,Technology,Semiconductor Equipment & Materials,14.0,1.0,10.0,71.0,3.2329,3.0157,1648980.0,919760.0,96.69,48.3,2976017408,NO,77.0,73.99,69.6,75.31,67.91,,3491,0.0,1210854.0,NO,NO,2015-06-22,25072600.0
4070,XQQI,48.65,49.56,612390.0,ETF,ETF,14.0,69.0,10.0,42.0,0.68,0.5271,271150.0,253890.0,54.7,41.68,0,NO,49.35,49.5,,49.14,49.02,,145,0.0,665404.0,NO,NO,2026-06-02,748200.0
4071,MTAW,24.17,24.33,48.0,ETF,ETF,14.0,,,,,,4130.0,450.0,25.57,23.44,0,NO,,,,,,,12,0.0,100.0,NO,NO,2026-08-13,39100.0
4072,AINF,18.82,18.61,64.0,ETF,ETF,14.0,,,,,,1560.0,1560.0,19.55,18.02,0,NO,,,,,,,10,0.0,66.0,NO,NO,2026-08-24,7000.0
4073,POWR,25.25,25.24,231468.0,ETF,ETF,14.0,16.0,14.0,16.0,0.4036,0.3529,233495.0,193880.0,28.44,23.18,0,NO,26.33,26.7,26.15,26.46,26.78,,3665,0.0,242109.0,NO,NO,2026-05-13,1643300.0
4074,DADS,19.67,19.855,1766.0,ETF,ETF,14.0,52.0,11.0,40.0,0.1525,0.0554,4832.0,4040.0,22.5,18.24,0,NO,19.95,20.05,19.96,19.88,20.02,,269,0.0,3122.0,NO,NO,2026-07-07,81300.0
4075,MCHPP,61.5,64.36,2489125.0,Technology,Semiconductors,14.0,15.0,5.0,18.0,2.0436,1.6757,210580.0,155070.0,88.0,47.08,0,NO,66.73,69.77,67.2,68.15,69.61,,363,0.0,2492806.0,NO,NO,2025-03-21,25280700.0
4076,GOVI,26.28,26.38,58202.0,ETF,ETF,14.0,40.0,25.0,15.0,0.1429,0.0914,219417.0,161420.0,28.32,26.24,0,NO,26.46,26.68,27.26,26.57,27.06,,4751,0.0,80116.0,NO,NO,2021-04-06,9398200.0
4077,MOS,25.0,24.12,6554801.0,Basic Materials,Agricultural Inputs,14.0,89.0,75.0,11.0,1.0695,1.0031,8611603.0,8127580.0,36.99,19.8,7948980224,NO,23.13,22.43,24.52,22.68,24.04,,9722,0.0,8997683.0,NO,NO,2013-07-30,61378400.0
4078,ARR,16.11,16.22,2682013.0,Real Estate,REIT - Mortgage,14.0,22.0,16.0,11.0,0.2054,0.1818,3734841.0,2745050.0,19.31,13.98,2281127168,NO,16.47,16.66,17.2,16.58,17.01,,4715,0.0,3325534.0,NO,NO,2025-08-06,17902300.0
4079,GDDY,101.05,97.88,1347625.0,Technology,Software - Infrastructure,14.0,94.0,79.0,77.0,4.3618,3.9854,2228685.0,1607600.0,150.47,71.59,12797751296,NO,95.16,91.6,96.75,92.83,87.71,,2872,0.0,1974296.0,NO,NO,2024-06-21,32950700.0
4080,FXI,35.34,35.37,10574951.0,ETF,ETF,14.0,18.0,46.0,19.0,0.3882,0.2646,22691888.0,14157220.0,42.0,31.19,0,NO,35.58,34.52,36.8,34.81,35.55,,5508,0.0,14349378.0,YES,NO,2024-10-08,322806900.0
4081,SSD,176.61,182.61,194421.0,Basic Materials,Lumber & Wood Production,14.0,10.0,17.0,13.0,4.4143,3.9986,298439.0,219230.0,213.49,156.32,7238304256,NO,191.06,193.13,183.53,190.05,187.52,,8120,0.0,301307.0,NO,NO,2020-10-06,8811400.0
4082,NBB,15.29,15.39,71939.0,Financial Services,Asset Management,14.0,48.0,22.0,14.0,0.1755,0.1697,55068.0,68090.0,16.62,14.95,0,NO,15.38,15.43,15.77,15.39,15.65,,4111,0.0,73823.0,NO,NO,2019-02-20,1212500.0
4083,BLLN,94.2,90.67,325114.0,Healthcare,Diagnostics & Research,14.0,0.0,56.0,82.0,4.7428,4.5217,758003.0,582940.0,150.44,61.96,4445019136,NO,99.69,114.5,95.17,111.13,94.47,,204,0.0,426282.0,NO,NO,2026-08-06,3751800.0
4084,PPL,34.33,34.13,2965048.0,Utilities,Utilities - Regulated Electric,14.0,22.0,44.0,10.0,0.5914,0.5536,8971492.0,8012600.0,40.11,33.17,25838626816,NO,35.12,35.68,36.33,35.47,36.68,,11709,0.29,9879940.0,YES,NO,2011-04-12,109141722.0
4085,XOVL,20.24,20.6,25719.0,ETF,ETF,14.0,92.0,8.0,,0.6025,0.4246,120658.0,19410.0,25.17,16.91,0,NO,20.08,20.21,,20.15,,,82,0.0,28051.0,NO,NO,2026-06-12,1457500.0
4086,ETX,18.15,18.17,12130.0,Financial Services,Asset Management,14.0,39.0,19.0,21.0,0.1129,0.1107,13682.0,30190.0,20.0,18.02,197763536,NO,18.21,18.41,18.76,18.36,18.66,,3379,0.0,12235.0,NO,NO,2013-12-30,296800.0
4087,QUSA,17.81,17.96,8113.0,ETF,ETF,14.0,32.0,19.0,29.0,0.1437,0.1001,16974.0,22530.0,20.26,16.67,0,NO,18.25,18.27,18.21,18.2,18.18,,332,0.0,8332.0,NO,NO,2025-11-07,197800.0
4088,DFIP,40.18,40.2,73451.0,ETF,ETF,13.0,31.0,19.0,17.0,0.144,0.0882,110888.0,103700.0,42.77,40.14,0,NO,40.46,40.77,41.62,40.67,41.51,,1201,0.0,80963.0,NO,NO,2026-02-13,971800.0
4089,AIRR,106.1,108.22,898774.0,ETF,ETF,13.0,6.0,6.0,10.0,2.651,2.203,697317.0,824980.0,135.05,89.5,0,NO,118.15,121.65,116.11,119.12,120.81,,3138,0.0,962001.0,NO,NO,2025-08-12,2385200.0
4090,RTOO,23.93,24.48,3488.0,ETF,ETF,13.0,45.0,,,0.4938,0.2352,9287.0,8550.0,27.58,22.01,0,NO,25.23,,,,,,33,0.0,3739.0,NO,NO,2026-07-17,56900.0
4091,RSPC,36.79,37.18,3718.0,ETF,ETF,13.0,73.0,22.0,14.0,0.45,0.3471,14285.0,5990.0,41.47,34.5,0,NO,36.98,36.23,37.81,36.39,37.22,,1962,0.0,3795.0,NO,NO,2023-03-09,2633900.0
4092,YOU,43.38,44.15,1213058.0,Technology,Software - Application,13.0,0.0,3.0,10.0,1.5516,1.5279,1533901.0,1643250.0,69.07,29.43,5893202944,NO,46.84,51.55,46.21,49.97,50.15,,1298,0.0,1790701.0,NO,NO,2024-09-20,17915700.0
4093,GXIG,24.21,24.395,844.0,ETF,ETF,13.0,29.0,24.0,17.0,0.0845,0.0205,5712.0,240.0,27.36,23.27,0,NO,24.39,24.56,25.06,24.46,24.83,,303,0.0,849.0,NO,NO,2025-07-23,880200.0
4094,XTEN,43.99,44.33,1190462.0,ETF,ETF,13.0,34.0,25.0,15.0,0.2561,0.1564,196998.0,137690.0,47.5,43.99,0,NO,44.39,44.74,45.74,44.56,45.4,,974,0.0,1293440.0,NO,NO,2025-02-27,3862000.0
4095,QVOL,96.33,97.54,19148.0,ETF,ETF,13.0,46.0,13.0,,1.6936,1.2193,14134.0,11260.0,107.59,91.4,0,NO,100.47,99.44,,98.9,,,77,0.0,21570.0,NO,NO,2026-06-08,93000.0
4096,TXBC,16.83,17.044,4365.0,ETF,ETF,13.0,95.0,83.0,68.0,0.5184,0.1917,1373.0,2010.0,25.53,11.68,0,NO,14.69,13.65,,14.2,14.61,,199,0.0,4369.0,NO,NO,2026-01-20,16500.0
4097,NCLD,21.42,22.09,420712.0,ETF,ETF,13.0,,,,1.6671,1.2321,1029194.0,998660.0,28.1,20.95,0,NO,,,,,,,18,0.0,461107.0,NO,NO,2026-08-12,2141800.0
4098,LUV,37.62,38.53,2392788.0,Industrials,Airlines,13.0,2.0,9.0,5.0,1.1336,1.05,5625357.0,4454810.0,55.11,29.26,18401566720,NO,43.09,46.31,42.94,44.59,43.47,,11761,0.0,4270345.0,NO,NO,2020-04-29,101007800.0
4099,STEP,49.53,52.26,722537.0,Financial Services,Asset Management,13.0,90.0,63.0,73.0,2.3036,2.1671,1431634.0,856770.0,77.8,38.85,6393527296,NO,49.38,45.42,53.6,46.08,47.75,,1496,0.0,1132425.0,NO,NO,2024-06-21,10352500.0
4100,POWI,49.55,51.38,763648.0,Technology,Semiconductors,13.0,1.0,1.0,33.0,2.7207,2.3339,837988.0,725760.0,91.18,30.86,2770198016,NO,58.5,66.28,56.04,62.73,63.1,,7222,0.0,2531828.0,NO,NO,2000-03-24,19421400.0
4101,TERC,18.85,21.28,12.0,ETF,ETF,13.0,94.0,,,2.1093,0.6457,817.0,980.0,30.95,14.89,0,NO,23.45,,,,,,39,0.0,100.0,NO,NO,2026-07-07,12400.0
4102,DAKT,19.3,19.53,236637.0,Technology,Electronic Components,13.0,22.0,18.0,3.0,0.5282,0.5158,502114.0,470960.0,28.27,16.89,932302336,NO,20.2,19.97,20.58,19.82,20.66,,8192,0.0,520283.0,NO,NO,2006-08-16,13833500.0
4103,CSL,338.19,346.58,304796.0,Industrials,Building Products & Equipment,13.0,8.0,36.0,8.0,11.3921,10.3943,525879.0,718440.0,432.91,293.43,13429332992,NO,369.37,358.42,350.65,355.9,356.3,,13495,0.0,500275.0,NO,NO,2026-08-31,3662700.0
4104,IVEP,25.33,25.51,5472.0,ETF,ETF,13.0,24.0,13.0,,0.5164,0.3342,19896.0,9130.0,29.36,24.05,0,NO,26.5,26.59,,26.3,,,101,0.0,5722.0,NO,NO,2026-05-27,93000.0
4105,TCBIO,20.0,20.58,39441.0,Financial Services,Banks - Regional,13.0,24.0,23.0,12.0,0.2366,0.2145,15255.0,16620.0,22.95,19.78,0,NO,20.52,20.5,21.09,20.5,21.17,,1364,0.0,39841.0,NO,NO,2021-03-31,1526500.0
4106,BLTD,24.25,24.35,30595.0,ETF,ETF,13.0,40.0,21.0,15.0,0.1539,0.0849,17411.0,22100.0,26.44,24.19,0,NO,24.45,24.71,25.27,24.58,25.08,,300,0.0,37464.0,NO,NO,2025-06-24,2551000.0
4107,KARS,30.14,30.84,5534.0,ETF,ETF,13.0,69.0,7.0,13.0,0.5249,0.391,23533.0,16600.0,38.12,26.39,0,NO,30.76,30.5,32.26,30.4,32.57,,2161,0.0,6246.0,NO,NO,2025-07-18,492900.0
4108,OFRM,17.34,17.32,147262.0,Consumer Defensive,Packaged Foods,13.0,91.0,89.0,3.0,0.887,0.887,520322.0,356910.0,27.0,14.0,728117888,NO,17.36,17.84,,17.53,17.75,,142,0.0,246034.0,NO,NO,2026-02-06,6771300.0
4109,STYL,24.85,25.28,119.0,ETF,ETF,13.0,8.0,17.0,,0.3416,0.0352,850.0,320.0,27.67,23.78,0,NO,26.25,26.36,,26.2,,,81,0.0,125.0,NO,NO,2026-05-06,48200.0
4110,FPF,17.66,17.86,80626.0,Financial Services,Asset Management,13.0,43.0,28.0,14.0,0.1654,0.1567,95315.0,86680.0,19.75,17.21,1074268416,NO,17.73,17.85,18.3,17.8,18.1,,3337,0.0,97315.0,NO,NO,2013-05-24,1928900.0
4111,SRE,84.36,81.7,4032909.0,Utilities,Utilities - Diversified,13.0,12.0,22.0,10.0,2.1536,1.8871,3859444.0,4224100.0,101.04,78.97,55166300160,NO,85.09,89.44,91.17,88.32,91.85,,7087,1.54,6414151.0,NO,NO,2025-02-25,29513700.0
4112,MSDL,15.24,15.35,266124.0,Financial Services,Asset Management,13.0,76.0,30.0,48.0,0.2146,0.2073,505944.0,369990.0,18.17,13.66,1281762048,NO,15.34,15.29,15.6,15.3,15.14,,653,0.0,339730.0,NO,NO,2024-03-15,2319100.0
4113,KVYO,20.51,20.58,6007246.0,Technology,Software - Application,13.0,92.0,85.0,76.0,1.0986,1.0114,5766780.0,4863230.0,36.23,12.53,6139725312,NO,18.37,17.34,20.57,17.94,17.47,,739,0.0,9516340.0,YES,NO,2026-05-06,20093900.0
4114,GOOGN,47.42,48.0,407800.0,Technology services,Internet software/Services,13.0,11.0,,,0.6221,0.6079,4201414.0,1344700.0,55.97,46.23,0,NO,49.14,49.39,,49.01,,,62,0.0,446010.0,NO,NO,2026-06-03,62417700.0
4115,KPHO,23.44,23.428,60.0,ETF,ETF,13.0,86.0,26.0,10.0,0.2483,0.0094,803.0,370.0,26.42,20.65,0,NO,22.72,22.66,,22.69,23.61,,184,0.0,100.0,NO,NO,2026-02-03,27800.0
4116,TIPC,95.95,95.916,273.0,ETF,ETF,13.0,34.0,21.0,15.0,0.3206,0.1214,725.0,3200.0,103.41,95.68,0,NO,96.19,97.05,99.94,96.67,99.37,,260,0.0,277.0,NO,NO,2026-08-21,19000.0
4117,ROCK,42.67,44.99,113551.0,Industrials,Building Products & Equipment,13.0,59.0,86.0,17.0,1.6671,1.5307,329530.0,191400.0,75.08,33.56,1263894400,NO,47.77,45.22,45.23,45.01,42.52,,8259,0.0,218809.0,NO,NO,2007-01-09,3592000.0
4118,RELX,35.74,36.43,1103034.0,Industrials,Specialty Business Services,13.0,53.0,65.0,46.0,0.8804,0.7189,2574036.0,1676280.0,48.4,27.57,62238453760,NO,35.49,34.14,35.56,34.58,33.93,,8028,0.0,1337573.0,NO,NO,2026-02-26,11391900.0
4119,RNP,20.15,20.13,107363.0,Financial Services,Asset Management,13.0,25.0,24.0,13.0,0.21,0.1986,114960.0,112750.0,22.58,19.27,967201600,NO,20.4,20.48,20.52,20.48,20.66,,5833,0.0,143642.0,NO,NO,2010-05-06,1427600.0
4120,IXP,116.1,116.57,15332.0,ETF,ETF,13.0,54.0,15.0,19.0,1.2029,1.0279,35252.0,46810.0,126.92,110.89,0,NO,116.98,115.96,119.78,116.1,118.53,,6230,0.0,16616.0,NO,NO,2022-03-07,1936000.0
4121,YETI,39.89,41.05,846853.0,Consumer Cyclical,Leisure,13.0,1.0,7.0,14.0,1.8357,1.5264,1457100.0,1600870.0,53.99,31.66,2910793472,NO,46.06,48.26,44.34,47.15,44.29,,1971,0.0,1507072.0,NO,NO,2021-01-20,18608800.0
4122,DEPW,23.79,23.67,358.0,ETF,ETF,13.0,,,,,,5992.0,2780.0,27.08,22.67,0,NO,,,,,,,13,0.0,361.0,NO,NO,2026-08-13,40100.0
4123,EPRF,16.45,16.6,3220.0,ETF,ETF,13.0,35.0,26.0,18.0,0.1163,0.087,9229.0,9960.0,18.79,16.35,0,NO,16.64,16.63,17.16,16.62,16.87,,2582,0.0,4069.0,NO,NO,2021-09-30,474400.0
4124,PRAM,24.39,26.07,83435.0,ETF,ETF,13.0,,,,,,51166.0,51166.0,30.4,24.13,0,NO,,,,,,,3,0.0,87288.0,NO,NO,2026-08-31,135300.0
4125,GOOGM,47.69,48.46,263349.0,Technology services,Internet software/Services,13.0,12.0,,,0.645,0.6107,4666593.0,1338460.0,53.13,46.24,0,NO,49.45,49.61,,49.25,,,62,0.0,481213.0,NO,NO,2026-06-03,62405600.0
4126,NCIQ,19.45,19.88,32058.0,ETF,ETF,13.0,95.0,81.0,70.0,0.5765,0.3491,56969.0,80620.0,34.26,14.38,0,NO,17.46,16.41,19.11,16.97,17.43,,387,0.0,50483.0,NO,NO,2025-02-26,457200.0
4127,DOV,189.82,194.23,819955.0,Industrials,Specialty Industrial Machinery,13.0,8.0,12.0,7.0,4.0996,3.7046,1110538.0,1035140.0,237.54,158.97,25550186496,NO,204.63,210.04,209.79,206.19,213.55,,11709,0.0,1340485.0,NO,NO,2014-11-04,11181245.0
4128,NTES,120.12,121.78,351239.0,Communication Services,Electronic Gaming & Multimedia,13.0,5.0,26.0,51.0,4.2179,2.3446,915134.0,880050.0,159.55,106.06,76906856448,NO,125.93,126.8,125.35,126.77,120.38,,6580,0.0,496516.0,NO,NO,2003-10-29,395796000.0
4129,MPDY,23.95,24.44,2887.0,ETF,ETF,13.0,,,,,,50907.0,36820.0,25.62,23.93,0,NO,,,,,,,14,0.0,2890.0,NO,NO,2026-08-12,199800.0
4130,TTWO,217.82,219.7,2017173.0,Communication Services,Electronic Gaming & Multimedia,13.0,5.0,19.0,42.0,8.63,8.4671,2502422.0,2988850.0,265.94,187.63,40696291328,NO,238.01,241.19,228.22,239.22,222.06,,7391,0.0,2761278.0,NO,NO,2009-12-04,52797400.0
4131,TLH,96.19,97.0,1139404.0,ETF,ETF,13.0,38.0,23.0,14.0,0.7029,0.4332,977106.0,1170310.0,105.47,95.84,0,NO,96.96,98.0,100.53,97.48,99.66,,4940,0.0,1235142.0,NO,NO,2025-02-27,27571600.0
4132,MMYT,55.93,58.26,234085.0,Consumer Cyclical,Travel Services,13.0,25.0,90.0,38.0,2.1214,2.0779,908607.0,363510.0,103.24,32.67,5270106624,NO,60.12,56.83,57.4,57.29,50.31,,4037,0.0,408527.0,NO,NO,2025-06-18,13204700.0
4133,MEGX,23.14,23.45,110.0,ETF,ETF,13.0,90.0,,,0.2993,0.0779,440.0,290.0,24.49,20.05,0,NO,23.19,22.47,,22.68,,,61,0.0,100.0,NO,NO,2026-06-03,10000.0
4134,RYN,20.76,20.5,4093604.0,Real Estate,REIT - Specialty,13.0,13.0,56.0,22.0,0.4536,0.4293,2690747.0,3185290.0,27.06,19.49,6210924032,NO,21.33,21.46,21.52,21.39,21.21,,8187,0.0,5593207.0,NO,NO,2026-01-30,16024700.0
4135,NPB,16.61,16.99,308099.0,Financial Services,Banks - Regional,13.0,11.0,21.0,12.0,0.4169,0.4165,190068.0,191220.0,19.71,15.42,575096000,NO,17.16,17.82,17.62,17.67,17.73,,386,0.0,387862.0,NO,NO,2026-01-09,3268300.0
4136,VNQI,44.43,44.74,305417.0,ETF,ETF,12.0,16.0,31.0,10.0,0.3057,0.2136,289741.0,259700.0,50.88,43.21,0,NO,45.59,45.47,46.59,45.53,46.21,,3981,0.0,332780.0,NO,NO,2014-07-10,10854300.0
4137,CTEC,56.29,57.169,1001.0,ETF,ETF,12.0,78.0,3.0,17.0,1.1547,0.4188,3225.0,1220.0,83.01,42.08,0,NO,57.99,58.5,60.67,57.5,61.84,,1465,0.0,1020.0,NO,NO,2025-04-01,209720.0
4138,FTG,23.03,23.52,5155.0,ETF,ETF,12.0,,,,,,10010.0,10010.0,24.45,23.03,0,NO,,,,,,,10,0.0,9317.0,NO,NO,2026-08-19,21100.0
4139,ALG,163.84,164.58,120455.0,Industrials,Farm & Heavy Construction Machinery,12.0,72.0,81.0,3.0,4.2743,4.2393,159449.0,158210.0,219.88,145.76,1994090880,NO,165.04,164.23,171.41,164.49,168.46,,8420,0.0,156279.0,NO,NO,1993-03-19,1462900.0
4140,TRI,106.18,107.32,900623.0,Industrials,Specialty Business Services,12.0,85.0,86.0,59.0,4.0882,3.7589,2048226.0,1848820.0,180.0,76.28,46004117504,NO,104.07,96.02,102.45,98.54,92.37,,6094,0.0,1383476.0,NO,NO,2025-07-25,23377500.0
4141,TFJL,18.75,18.87,10.0,ETF,ETF,12.0,16.0,19.0,13.0,0.0724,0.0206,1752.0,2110.0,20.79,18.7,0,NO,18.82,19.06,19.6,18.93,19.41,,1506,0.0,300.0,NO,NO,2024-11-14,2048600.0
4142,KCOP,24.18,25.03,19605.0,ETF,ETF,12.0,78.0,17.0,13.0,0.5966,0.518,20266.0,14050.0,26.93,20.43,0,NO,24.54,23.24,,23.46,23.63,,137,0.0,20542.0,NO,NO,2026-03-17,244400.0
4143,AB,36.55,36.72,294101.0,Financial Services,Asset Management,12.0,39.0,33.0,15.0,0.5729,0.53,287303.0,303440.0,44.11,34.92,3401899008,NO,36.64,36.74,38.44,36.86,37.63,,9667,0.0,328545.0,NO,NO,2009-04-23,3258200.0
4144,MTN,132.38,136.91,461999.0,Consumer Cyclical,Resorts & Casinos,12.0,4.0,38.0,29.0,4.75,4.335,722966.0,526950.0,163.34,118.51,4717166592,NO,147.27,146.18,138.14,146.07,136.62,,7439,0.0,707991.0,NO,NO,1997-02-04,6573500.0
4145,MBGL,19.98,20.3,2357745.0,Technology,Software - Infrastructure,12.0,20.0,,,0.7593,0.7364,8159117.0,3963080.0,26.0,17.67,6385600000,YES,20.11,,,20.16,,,46,0.0,3479175.0,NO,NO,2026-07-01,97846400.0
4146,MSCI,562.69,570.64,209606.0,Financial Services,Financial Data & Stock Exchanges,12.0,24.0,8.0,29.0,12.4314,11.9079,685555.0,499140.0,644.77,501.08,40907563008,NO,565.97,578.64,573.08,578.75,572.39,,4726,0.0,350471.0,NO,NO,2018-04-03,22350100.0
4147,JMKE,20.55,21.45,1889866.0,Consumer Cyclical,Restaurants,12.0,,,,1.1586,1.1471,4535213.0,2100580.0,24.99,20.5,4780085760,YES,22.46,,,,,,23,0.0,2302213.0,NO,NO,2026-07-30,36089100.0
4148,TDAX,23.37,23.79,54794.0,ETF,ETF,12.0,52.0,8.0,50.0,0.4334,0.3625,61100.0,54960.0,27.02,19.45,0,NO,24.02,24.11,,23.94,23.58,,163,0.0,57525.0,NO,NO,2026-06-22,177600.0
4149,BKV,25.05,24.16,426210.0,Energy,Oil & Gas E&P,12.0,70.0,17.0,6.0,0.9505,0.9376,882100.0,1061780.0,32.81,20.08,2742512128,NO,25.09,25.47,27.46,25.37,27.4,,483,0.95,667564.0,NO,NO,2024-09-26,6063400.0
4150,GOGL,22.64,23.35,4352.0,ETF,ETF,12.0,3.0,,,0.6229,0.4714,8086.0,8020.0,30.06,20.67,0,NO,24.68,,,24.7,,,46,0.0,4578.0,NO,NO,2026-08-05,37300.0
4151,SRVR,30.6,31.17,36248.0,ETF,ETF,12.0,31.0,10.0,12.0,0.4951,0.3849,100547.0,235420.0,35.81,28.45,0,NO,31.76,31.52,31.84,31.38,32.74,,2084,0.0,40038.0,NO,NO,2021-07-12,7720800.0
4152,BR,180.59,182.38,540941.0,Technology,Information Technology Services,12.0,92.0,85.0,24.0,4.6379,4.4414,1351931.0,1209550.0,256.67,133.83,20886730752,NO,174.59,157.75,178.06,162.74,160.91,,4892,0.0,1140936.0,NO,NO,2018-06-15,25107800.0
4153,MYY,15.58,15.41,37662.0,ETF,ETF,12.0,60.0,45.0,23.0,0.1073,0.0458,8525.0,1900.0,18.77,14.74,0,NO,15.06,15.18,16.29,15.19,15.87,,5080,0.52,37743.0,NO,NO,2014-09-23,1662075.0
4154,AIPI,36.99,37.56,191371.0,ETF,ETF,12.0,82.0,15.0,50.0,0.5183,0.4007,161847.0,134110.0,45.08,32.21,0,NO,37.01,36.26,37.48,36.38,36.27,,562,0.0,216750.0,NO,NO,2025-02-24,462300.0
4155,GGG,77.04,77.43,918621.0,Industrials,Specialty Industrial Machinery,12.0,18.0,67.0,6.0,1.7455,1.732,1733088.0,3493950.0,95.69,72.51,12477731840,NO,81.25,78.16,82.36,78.53,81.21,,11709,0.0,1836311.0,NO,NO,1994-03-04,38486644.0
4156,XIGV,23.3,23.45,9.0,ETF,ETF,12.0,74.0,,,0.1657,0.0264,406.0,160.0,25.28,21.82,0,NO,23.47,,,23.49,,,46,0.0,100.0,NO,NO,2026-07-01,4100.0
4157,SPTL,25.0,25.19,5026859.0,ETF,ETF,12.0,39.0,21.0,13.0,0.2048,0.1291,5111682.0,6045510.0,27.7,24.85,0,NO,25.19,25.52,26.22,25.36,25.99,,4845,0.0,5247323.0,NO,NO,2025-11-13,62423000.0
4158,ANTW,23.57,24.07,24381.0,ETF,ETF,12.0,,,,,,49123.0,45240.0,25.57,23.44,0,NO,,,,,,,13,0.0,25826.0,NO,NO,2026-08-17,104000.0
4159,KPRO,26.63,26.685,25.0,ETF,ETF,12.0,11.0,27.0,16.0,0.0832,0.0085,2323.0,100.0,31.35,26.35,0,NO,26.97,26.89,27.99,26.88,27.18,,641,0.0,100.0,NO,NO,2026-06-08,103200.0
4160,GGAL,44.25,43.75,584481.0,Financial Services,Banks - Regional,12.0,4.0,8.0,37.0,1.805,1.7886,1029838.0,1045790.0,62.52,25.89,7498314752,NO,44.28,48.11,48.43,47.13,46.4,,6564,0.0,752588.0,NO,NO,2019-08-12,30223700.0
4161,HAIL,35.11,35.787,629.0,ETF,ETF,12.0,16.0,5.0,38.0,0.596,0.264,3036.0,900.0,44.8,30.61,0,NO,37.36,37.42,36.34,37.12,36.9,,2180,0.0,1493.0,NO,NO,2021-02-16,435900.0
4162,MPWC,20.84,22.25,24.0,ETF,ETF,12.0,64.0,,,1.0371,0.1629,585.0,190.0,29.21,20.5,0,NO,23.74,,,,,,39,0.0,100.0,NO,NO,2026-07-07,10800.0
4163,TSLX,18.45,18.86,398446.0,Financial Services,Asset Management,12.0,84.0,62.0,52.0,0.3401,0.3301,580617.0,386530.0,24.79,16.04,1759080960,NO,18.71,17.72,19.09,17.97,17.93,,3130,0.0,503171.0,NO,NO,2016-03-03,3962400.0
4164,CRI,31.8,32.39,871172.0,Consumer Cyclical,Apparel Retail,12.0,1.0,6.0,12.0,1.2914,1.1779,1021328.0,1323430.0,44.44,27.15,1167415680,NO,37.1,38.67,36.39,37.6,37.47,,5746,0.0,1469687.0,NO,NO,2009-10-27,14202000.0
4165,GXC,90.22,90.76,4932.0,ETF,ETF,12.0,26.0,25.0,13.0,0.6396,0.4664,22640.0,17050.0,107.01,85.03,0,NO,91.21,89.57,95.37,89.75,92.81,,4891,0.0,5372.0,NO,NO,2019-01-31,3540600.0
4166,XCCC,35.35,35.8,101802.0,ETF,ETF,12.0,22.0,21.0,18.0,0.1186,0.0851,302661.0,434180.0,39.35,35.35,0,NO,35.81,36.07,37.02,35.96,36.47,,1069,0.0,123048.0,NO,NO,2025-10-14,2466100.0
4167,BLV,65.56,66.22,348349.0,ETF,ETF,12.0,34.0,19.0,14.0,0.5125,0.3143,667484.0,493360.0,72.63,65.24,0,NO,66.15,67.02,68.82,66.61,68.21,,4880,0.0,391941.0,NO,NO,2024-03-19,8983600.0
4168,AIX,23.1,23.4,1864.0,ETF,ETF,12.0,75.0,,,0.2319,0.069,878.0,480.0,25.36,21.13,0,NO,23.46,,,23.37,,,47,0.0,1873.0,NO,NO,2026-07-01,6400.0
4169,XLCI,23.45,23.718,3447.0,ETF,ETF,12.0,55.0,18.0,15.0,0.2245,0.1224,2958.0,3020.0,26.1,22.61,0,NO,23.63,23.44,24.44,23.48,24.12,,274,0.0,4753.0,NO,NO,2025-07-30,40900.0
4170,VGLT,52.53,52.98,1575484.0,ETF,ETF,12.0,37.0,21.0,13.0,0.4279,0.2664,1986896.0,2308850.0,58.44,52.24,0,NO,52.96,53.67,55.21,53.34,54.7,,4190,0.0,1795498.0,NO,NO,2026-03-20,17568800.0
4171,ARE,51.79,51.29,992991.0,Real Estate,REIT - Office,12.0,48.0,74.0,29.0,1.8739,1.7425,1982968.0,2364460.0,88.24,39.41,8899046400,NO,50.16,50.7,50.13,50.84,49.48,,7361,0.0,1671131.0,NO,NO,2017-03-17,16444300.0
4172,SCHQ,29.8,30.05,1315219.0,ETF,ETF,12.0,37.0,21.0,13.0,0.2413,0.1484,601893.0,1288360.0,33.19,29.64,0,NO,30.04,30.45,31.34,30.26,31.04,,1730,0.0,1368752.0,NO,NO,2026-05-20,6323400.0
4173,BTI,56.11,55.57,2817041.0,Consumer Defensive,Tobacco,12.0,7.0,12.0,11.0,1.0546,0.7989,4379024.0,4566630.0,67.3,49.88,120887533568,NO,57.0,59.51,59.13,59.1,59.77,,11690,0.0,3695732.0,NO,NO,2017-07-25,104557100.0
4174,QTAC,23.93,24.29,358.0,ETF,ETF,12.0,75.0,12.0,26.0,0.3407,0.1326,13393.0,10220.0,27.0,21.54,0,NO,24.4,24.1,,24.03,23.95,,177,0.0,974.0,NO,NO,2026-01-05,296200.0
4175,ZINN,39.26,40.41,12113.0,ETF,ETF,12.0,,,,,,4645.0,4580.0,42.08,39.26,0,NO,,,,,,,11,0.0,12117.0,NO,NO,2026-08-26,14200.0
4176,TRUU,23.45,23.11,16.0,ETF,ETF,12.0,14.0,,,0.1737,0.0014,158.0,180.0,25.3,23.11,0,NO,23.79,,,,,,39,0.0,16.0,NO,NO,2026-07-17,800.0
4177,BOTZ,35.17,35.89,644913.0,ETF,ETF,12.0,40.0,8.0,13.0,0.5644,0.3416,828230.0,635920.0,41.71,31.88,0,NO,36.69,36.21,36.88,36.04,36.92,,2505,0.0,837774.0,NO,NO,2018-02-05,7218100.0
4178,RCI,36.64,36.89,546802.0,Communication Services,Telecom Services,12.0,84.0,14.0,10.0,0.6793,0.6693,1233253.0,876670.0,41.14,31.38,19788451840,NO,35.81,34.57,36.62,34.58,36.26,,7709,0.0,1024207.0,NO,NO,2013-06-26,5839300.0
4179,MKC,54.33,54.22,1381430.0,Consumer Defensive,Packaged Foods,12.0,82.0,88.0,4.0,1.4486,1.3443,3786006.0,2533040.0,72.41,44.82,14606705664,NO,54.15,52.36,57.36,53.03,53.77,,13495,0.0,2332115.0,NO,NO,2003-03-20,32450400.0
4180,GIB,73.51,75.25,175393.0,Technology,Information Technology Services,12.0,53.0,66.0,43.0,1.6918,1.5575,472101.0,312590.0,97.5,59.63,15207618560,NO,74.19,69.85,76.06,71.26,70.44,,7017,0.0,355399.0,NO,NO,2014-01-10,2241600.0
4181,XQBT,23.05,23.75,1434.0,ETF,ETF,12.0,,,,,,4544.0,4544.0,25.05,23.05,0,NO,,,,,,,9,0.0,1570.0,NO,NO,2026-08-19,22500.0
4182,LYTE,23.83,24.6,1322256.0,ETF,ETF,12.0,,,,1.4011,0.9467,2715805.0,2201180.0,28.91,23.32,0,NO,,,,,,,18,0.0,1369484.0,NO,NO,2026-08-17,5090200.0
4183,TLTI,43.44,43.7,18113.0,ETF,ETF,12.0,40.0,19.0,13.0,0.3507,0.2111,9049.0,9590.0,48.7,43.02,0,NO,43.67,44.35,45.65,44.05,45.2,,430,0.0,24533.0,NO,NO,2026-05-12,30800.0
4184,VCLT,71.33,72.2,5932768.0,ETF,ETF,11.0,30.0,18.0,14.0,0.5482,0.3293,4200698.0,4330650.0,79.28,71.02,0,NO,72.07,73.05,75.04,72.59,74.32,,4217,0.0,6659871.0,NO,NO,2025-04-24,22129900.0
4185,SBAC,188.12,189.66,397698.0,Real Estate,REIT - Specialty,11.0,76.0,14.0,17.0,4.0464,3.9421,1009546.0,720400.0,224.46,162.41,19956766720,NO,184.18,182.88,193.12,184.24,195.62,,6844,0.0,747435.0,NO,NO,2017-08-31,23507200.0
4186,GAP,21.88,22.31,4263126.0,Consumer Cyclical,Apparel Retail,11.0,86.0,65.0,5.0,0.9743,0.7293,7634733.0,10966820.0,29.36,18.11,7684034560,NO,20.77,20.15,23.95,20.45,22.85,,11710,0.0,7290232.0,NO,NO,2020-06-26,135533300.0
4187,PLTU,54.56,57.43,578732.0,ETF,ETF,11.0,98.0,76.0,82.0,4.0579,3.9364,2700304.0,1073970.0,128.03,21.04,0,NO,50.49,37.52,50.01,41.12,40.24,,430,0.0,649213.0,NO,NO,2025-05-06,13459300.0
4188,PLTG,19.28,20.416,62965.0,ETF,ETF,11.0,98.0,76.0,81.0,1.4002,1.3385,344336.0,135390.0,44.95,7.54,0,NO,17.93,13.35,18.09,14.62,14.31,,339,0.0,81976.0,NO,NO,2026-08-04,1760200.0
4189,CPB,23.73,23.68,4692068.0,Consumer Defensive,Packaged Foods,11.0,84.0,85.0,11.0,0.6352,0.6216,7995901.0,6013600.0,34.17,19.56,7071961088,NO,23.21,22.63,24.27,22.84,22.6,,13495,0.0,6516114.0,NO,NO,2026-06-18,62142100.0
4190,SPLB,21.23,21.48,2036681.0,ETF,ETF,11.0,30.0,17.0,14.0,0.1643,0.0993,2706960.0,3463830.0,23.6,21.13,0,NO,21.44,21.74,22.34,21.6,22.12,,4396,0.0,2185612.0,NO,NO,2025-08-11,17332400.0
4191,CXSE,37.27,37.56,17434.0,ETF,ETF,11.0,20.0,16.0,17.0,0.3671,0.1943,23709.0,16580.0,45.65,36.93,0,NO,38.5,38.36,39.75,38.12,38.93,,3505,0.0,20086.0,NO,NO,2024-02-23,3406200.0
4192,NYAX,53.05,52.06,12408.0,Technology,Software - Infrastructure,11.0,0.0,3.0,28.0,2.7376,1.5379,17684.0,27230.0,76.86,39.17,1982910336,NO,54.41,61.78,58.62,60.99,62.17,,989,0.0,16550.0,NO,NO,2022-09-22,398600.0
4193,FINX,26.28,27.009,39556.0,ETF,ETF,11.0,69.0,35.0,56.0,0.6719,0.5278,82898.0,50740.0,35.58,22.08,0,NO,26.73,25.92,26.34,26.15,25.06,,2505,0.0,41399.0,NO,NO,2022-07-21,1642400.0
4194,RRR,55.47,56.16,513795.0,Consumer Cyclical,Resorts & Casinos,11.0,3.0,19.0,14.0,1.6621,1.5629,742176.0,682350.0,68.99,50.52,5656749568,NO,61.11,63.14,59.86,62.4,59.37,,2601,0.0,983783.0,NO,NO,2016-04-27,13630200.0
4195,ADSK,248.81,258.53,1173883.0,Technology,Software - Application,11.0,80.0,44.0,38.0,10.3482,8.7725,2513777.0,2064170.0,329.09,185.5,52001288192,NO,250.87,226.69,248.16,235.11,233.25,,10372,0.0,1812452.0,NO,NO,1991-01-25,49794400.0
4196,TUA,20.02,20.13,118160.0,ETF,ETF,11.0,28.0,24.0,13.0,0.1099,0.0656,354482.0,127470.0,22.3,20.01,0,NO,20.38,20.36,21.14,20.32,20.8,,949,0.0,132644.0,NO,NO,2023-06-07,6439100.0
4197,ORA,107.38,102.0,674220.0,Utilities,Utilities - Renewable,11.0,87.0,4.0,38.0,3.2536,3.0171,849185.0,586040.0,146.39,89.08,6603541504,NO,108.07,108.17,115.59,106.75,115.23,,5484,2.35,1022600.0,NO,NO,2022-07-06,7526700.0
4198,NHI,72.16,71.11,168880.0,Real Estate,REIT - Healthcare Facilities,11.0,10.0,52.0,6.0,1.3686,1.1993,571590.0,267410.0,91.38,67.94,3543809024,NO,73.15,75.56,78.62,75.61,78.38,,8785,0.0,325139.0,NO,NO,2026-06-29,7913500.0
4199,RKLB,62.84,63.92,11636353.0,Industrials,Aerospace & Defense,11.0,5.0,0.0,10.0,3.8167,3.4047,22124261.0,14707330.0,151.0,37.57,40225345536,NO,73.86,76.32,79.19,74.06,83.58,,1448,0.0,14156543.0,YES,NO,2024-11-13,121001300.0
4200,EOS,21.39,21.63,105698.0,Financial Services,Asset Management,11.0,52.0,15.0,26.0,0.22,0.2093,123695.0,117580.0,24.49,19.44,1140429568,NO,21.76,21.73,22.09,21.72,21.77,,5432,0.0,115868.0,NO,NO,2014-04-02,1191300.0
4201,ODDS,25.72,25.465,27.0,ETF,ETF,11.0,50.0,60.0,50.0,0.2852,0.0596,536.0,380.0,35.52,22.61,0,NO,25.56,25.03,25.74,25.22,24.5,,1101,0.0,27.0,NO,NO,2025-07-02,51400.0
4202,MTH,67.78,69.43,215989.0,Consumer Cyclical,Residential Construction,11.0,15.0,33.0,14.0,2.0086,1.7186,868700.0,541540.0,85.38,58.03,4417499648,NO,72.36,74.58,70.29,73.2,70.17,,9596,0.0,516283.0,NO,NO,2007-04-26,10253000.0
4203,MCHI,54.39,54.72,884346.0,ETF,ETF,11.0,20.0,32.0,14.0,0.5286,0.4036,2845641.0,1630970.0,67.37,49.88,0,NO,55.35,53.96,57.84,54.23,55.77,,3877,0.0,1019097.0,NO,NO,2022-03-16,25402100.0
4204,FULTP,17.88,17.78,8035.0,Financial Services,Banks - Regional,11.0,29.0,20.0,13.0,0.3011,0.2946,14501.0,10160.0,20.83,17.21,0,NO,17.69,17.9,18.56,17.86,18.34,,1469,0.0,8622.0,NO,NO,2020-10-23,1180000.0
4205,TLT,81.81,82.52,20442699.0,ETF,ETF,11.0,36.0,19.0,12.0,0.7379,0.4657,27754698.0,31535860.0,92.19,81.17,0,NO,82.47,83.77,86.39,83.19,85.54,,6061,0.0,25479583.0,YES,NO,2025-04-09,131353500.0
4206,XXV,23.09,23.23,14072.0,ETF,ETF,11.0,74.0,17.0,18.0,0.2511,0.1691,34782.0,34900.0,27.56,21.55,0,NO,23.58,23.34,,23.31,23.59,,196,0.0,14493.0,NO,NO,2026-06-16,384600.0
4207,ORLY,87.84,88.8,2716873.0,Consumer Cyclical,Auto Parts,11.0,24.0,57.0,14.0,1.9257,1.7479,7439144.0,4863040.0,108.72,82.59,71067205632,NO,90.91,88.95,92.39,88.88,90.74,,8396,0.0,4949133.0,NO,NO,2009-03-26,417903000.0
4208,ETHU,25.24,26.7,4040748.0,ETF,ETF,11.0,98.0,96.0,84.0,1.7589,1.3391,6596842.0,10076830.0,169.45,10.72,0,NO,20.65,17.05,30.51,18.29,20.17,,563,0.0,4287525.0,NO,NO,2026-06-05,26454600.0
4209,PPTA,23.73,24.94,873720.0,Basic Materials,Other Precious Metals & Mining,11.0,96.0,12.0,1.0,1.353,1.1769,1495204.0,1269870.0,37.37,16.43,2967272192,NO,24.74,21.54,26.54,21.93,26.04,,1390,0.0,1156808.0,NO,NO,2025-06-12,11327900.0
4210,QNCX,32.94,32.57,15712.0,Healthcare,Biotechnology,11.0,97.0,96.0,95.0,2.5723,2.4819,31827.0,19950.0,910.0,15.1,33502054,NO,31.88,24.12,181.72,25.77,24.22,,1838,0.0,16473.0,NO,NO,2026-02-10,7967477.0
4211,BRF,16.27,15.96,3606.0,ETF,ETF,11.0,38.0,13.0,8.0,0.2143,0.124,5779.0,3430.0,20.44,14.72,0,NO,15.53,16.01,17.38,15.99,17.35,,4351,0.56,3616.0,NO,NO,2009-10-28,1596200.0
4212,XLUI,22.91,23.05,26390.0,ETF,ETF,11.0,12.0,28.0,11.0,0.2886,0.2457,29380.0,33010.0,26.34,22.7,0,NO,23.5,24.12,24.47,23.95,24.48,,274,0.0,27270.0,NO,NO,2026-05-13,81800.0
4213,ERTH,45.14,45.85,3670.0,ETF,ETF,11.0,23.0,10.0,15.0,0.4382,0.2472,3530.0,3750.0,51.45,44.34,0,NO,46.82,46.6,47.89,46.5,47.92,,4993,0.0,4122.0,NO,NO,2020-06-16,1063100.0
4214,SFM,80.46,82.04,1074487.0,Consumer Defensive,Grocery Stores,11.0,8.0,56.0,66.0,3.5007,3.41,1994426.0,1516240.0,141.24,64.75,7496176640,NO,83.31,81.65,79.21,81.99,80.14,,3290,0.0,1657566.0,NO,NO,2016-02-08,27242700.0
4215,XFLT,18.89,18.86,83959.0,Financial Services,Asset Management,11.0,50.0,61.0,68.0,0.286,0.2789,84979.0,65020.0,28.5,14.93,287711392,NO,19.17,18.34,19.53,18.54,18.05,,2235,0.0,88694.0,NO,NO,2024-12-03,726100.0
4216,MUSQ,25.52,25.432,51.0,ETF,ETF,11.0,11.0,17.0,14.0,0.2089,0.0301,1449.0,280.0,30.45,23.22,0,NO,25.53,25.41,26.3,25.43,25.64,,790,0.0,100.0,NO,NO,2026-07-30,60500.0
4217,SUPN,43.71,44.21,310423.0,Healthcare,Drug Manufacturers - Specialty & Generic,11.0,22.0,28.0,5.0,1.3959,1.3566,851111.0,576490.0,59.68,42.45,2542523136,NO,46.42,46.74,48.52,46.51,48.28,,3604,0.0,757780.0,NO,NO,2013-08-19,11208700.0
4218,GLDB,22.27,23.105,798.0,ETF,ETF,11.0,91.0,22.0,9.0,0.533,0.2559,19830.0,8310.0,30.73,18.67,0,NO,21.86,20.47,23.3,20.93,22.57,,213,0.0,1025.0,NO,NO,2025-12-19,467200.0
4219,XLUX,22.84,22.91,209.0,ETF,ETF,11.0,6.0,,,0.3988,0.0831,648.0,260.0,27.77,22.84,0,NO,24.33,25.77,,25.36,,,62,0.0,211.0,NO,NO,2026-06-03,9700.0
4220,NGVC,27.67,27.37,66973.0,Consumer Defensive,Grocery Stores,11.0,3.0,20.0,46.0,0.9793,0.9257,138874.0,150230.0,41.14,23.47,637678720,NO,28.36,30.58,27.96,29.92,28.52,,3545,0.0,105614.0,NO,NO,2012-07-25,6309400.0
4221,MKL,1797.47,1802.91,50837.0,Financial Services,Insurance - Property & Casualty,11.0,13.0,50.0,9.0,28.2739,27.2589,69496.0,64240.0,2207.59,1719.41,22270576640,NO,1828.04,1898.95,1963.55,1889.99,1901.75,,10004,0.0,73203.0,NO,NO,2001-11-16,703100.0
4222,FLCH,21.57,21.67,24130.0,ETF,ETF,11.0,20.0,27.0,13.0,0.1915,0.1304,118646.0,80770.0,26.51,20.01,0,NO,21.92,21.47,23.04,21.54,22.26,,2215,0.0,27017.0,NO,NO,2025-12-05,2185300.0
4223,PPLC,46.07,46.16,12138.0,Utilities,Utilities - Regulated Electric,11.0,21.0,25.0,11.0,0.5657,0.5136,227355.0,159100.0,52.57,45.7,0,NO,46.75,47.75,,47.45,,,131,0.0,27572.0,NO,NO,2026-02-24,15163100.0
4224,LDDR,77.1,77.107,119.0,ETF,ETF,11.0,27.0,22.0,13.0,0.1473,0.0513,784.0,570.0,87.0,77.05,0,NO,77.3,77.93,81.04,77.66,79.75,,409,0.0,126.0,NO,NO,2025-04-14,63200.0
4225,SH,32.71,32.45,7055659.0,ETF,ETF,11.0,25.0,42.0,11.0,0.2211,0.1729,8197184.0,6055260.0,39.2,31.83,0,NO,32.27,32.84,34.95,32.72,34.41,,5080,0.62,7522190.0,NO,NO,2026-03-09,34760900.0
4226,XLYI,22.35,22.909,3957.0,ETF,ETF,11.0,23.0,24.0,16.0,0.2246,0.0926,2312.0,3020.0,25.92,21.38,0,NO,22.95,22.71,23.56,22.7,22.96,,274,0.0,3967.0,NO,NO,2026-03-23,17500.0
4227,ETEC,25.38,25.768,1702.0,ETF,ETF,11.0,17.0,5.0,14.0,0.3015,0.0239,700.0,230.0,32.4,23.0,0,NO,26.94,27.58,27.41,27.08,28.13,,857,0.0,1702.0,NO,NO,2026-01-28,16300.0
4228,NUKZ,63.75,64.48,203735.0,ETF,ETF,11.0,40.0,9.0,8.0,1.2518,0.9468,98492.0,115520.0,77.34,56.72,0,NO,66.45,65.86,68.31,65.43,68.48,,653,0.0,206249.0,NO,NO,2025-01-27,750200.0
4229,OPCH,23.61,23.45,716901.0,Healthcare,Medical Care Facilities,11.0,69.0,88.0,3.0,0.5557,0.5257,2487673.0,1700010.0,36.8,18.01,3536429824,NO,23.75,22.6,27.28,22.9,24.92,,7558,0.0,1468208.0,NO,NO,2023-05-04,30894200.0
4230,YCL,17.72,17.81,25140.0,ETF,ETF,11.0,28.0,35.0,16.0,0.1336,0.0975,34650.0,14840.0,22.49,16.99,0,NO,18.0,17.66,18.48,17.76,18.15,,4458,0.0,28027.0,NO,NO,2024-08-05,563400.0
4231,TLTW,21.23,21.33,1021547.0,ETF,ETF,11.0,40.0,18.0,12.0,0.1754,0.1131,1302474.0,1106110.0,24.08,20.97,0,NO,21.29,21.64,22.43,21.5,22.17,,1009,0.0,1089463.0,NO,NO,2026-03-20,4934600.0
4232,AMT,175.66,175.7,1296018.0,Real Estate,REIT - Specialty,10.0,60.0,15.0,13.0,3.5832,3.4361,3022314.0,1861470.0,205.22,160.06,81803943936,NO,173.75,171.04,177.78,171.88,178.52,,7171,0.11,2344603.0,NO,NO,2007-11-16,65933700.0
4233,GPTY,41.61,42.38,50400.0,ETF,ETF,10.0,66.0,6.0,67.0,0.7068,0.5357,54077.0,50810.0,50.64,34.25,0,NO,42.42,42.72,42.24,42.25,41.91,,403,0.0,52652.0,NO,NO,2026-04-21,163200.0
4234,NODE,36.89,38.233,19326.0,ETF,ETF,10.0,25.0,4.0,51.0,1.6046,1.1113,10323.0,12220.0,54.32,30.36,0,NO,38.16,39.69,38.86,38.69,39.13,,326,0.0,19819.0,NO,NO,2025-11-14,232900.0
4235,DOG,21.59,21.44,2948556.0,ETF,ETF,10.0,39.0,23.0,14.0,0.147,0.1213,2094863.0,2002270.0,25.21,20.77,0,NO,21.24,21.52,22.87,21.47,22.6,,5080,0.51,3198397.0,NO,NO,2026-03-06,19316000.0
4236,KAI,292.64,299.14,108100.0,Industrials,Specialty Industrial Machinery,10.0,12.0,14.0,8.0,11.8007,11.3407,140673.0,144380.0,354.07,244.87,3448203008,NO,320.77,312.88,309.51,311.81,313.16,,8514,0.0,150755.0,NO,NO,2025-02-18,2393700.0
4237,DMC,32.26,31.68,148334.0,Consumer Defensive,Farm Products,10.0,84.0,71.0,3.0,0.705,0.6807,449522.0,298850.0,43.58,26.47,1520936832,NO,30.9,29.51,35.64,30.0,34.97,,7256,0.32,369627.0,NO,NO,2008-06-16,9928200.0
4238,XHB,100.76,102.81,1792426.0,ETF,ETF,10.0,19.0,26.0,10.0,2.1354,1.8146,2410238.0,1463480.0,123.13,93.57,0,NO,107.33,108.48,106.98,107.29,106.32,,5174,0.0,2252014.0,NO,NO,2009-04-15,36006600.0
4239,VNT,31.71,32.21,533090.0,Technology,Scientific & Technical Instruments,10.0,29.0,84.0,4.0,0.7429,0.6908,1614244.0,1250890.0,48.2,27.25,4287191808,NO,33.3,31.41,34.66,31.72,33.32,,1490,0.0,996980.0,NO,NO,2021-03-19,30134800.0
4240,ACKY,17.71,17.91,35876.0,ETF,ETF,10.0,51.0,20.0,16.0,0.1901,0.1611,23501.0,19860.0,20.72,16.82,0,NO,18.12,17.76,18.73,17.83,18.18,,246,0.0,37814.0,NO,NO,2025-09-15,482500.0
4241,RPM,102.07,104.1,925120.0,Basic Materials,Specialty Chemicals,10.0,12.0,26.0,13.0,2.9136,2.6932,1094746.0,2129320.0,128.51,92.92,13023415296,NO,111.24,108.86,106.6,108.32,106.08,,11709,0.0,1515535.0,NO,NO,2026-08-31,11381600.0
4242,TIPD,94.25,95.117,59.0,ETF,ETF,10.0,16.0,14.0,12.0,0.3723,0.0,142.0,100.0,104.62,93.69,0,NO,94.5,95.77,99.67,95.08,98.75,,259,0.0,100.0,NO,NO,2026-03-03,6800.0
4243,ARQQ,18.96,19.88,138610.0,Technology,Software - Infrastructure,10.0,88.0,84.0,73.0,1.5906,1.398,729633.0,266670.0,62.0,11.52,329601696,NO,21.86,21.2,19.65,20.26,17.15,,1360,0.0,161146.0,NO,NO,2026-06-18,5673000.0
4244,FRPH,22.04,22.14,62234.0,Real Estate,Real Estate Services,10.0,27.0,19.0,12.0,0.5414,0.5293,78936.0,99220.0,25.81,20.53,422512896,NO,22.12,23.27,23.01,23.01,22.84,,10118,0.0,97125.0,NO,NO,1990-03-26,2481000.0
4245,STRK,73.28,72.65,59674.0,Technology,Software - Application,10.0,94.0,63.0,12.0,2.0424,1.8127,129952.0,111430.0,100.25,49.8,0,NO,69.21,63.96,74.58,65.92,70.87,,396,0.0,62279.0,NO,NO,2025-02-28,1281600.0
4246,TSN,54.83,55.14,976043.0,Consumer Defensive,Farm Products,10.0,12.0,13.0,8.0,1.2506,1.0527,3309396.0,2694150.0,69.48,50.56,19283998720,NO,57.33,57.89,60.48,57.5,60.83,,11709,0.0,2086461.0,NO,NO,2008-09-10,35044800.0
4247,OMAB,97.46,99.3,64087.0,Industrials,Airports & Air Services,10.0,6.0,26.0,6.0,2.6493,2.4471,80453.0,80600.0,134.99,95.69,4704508928,NO,104.98,106.78,109.88,105.25,109.54,,4968,0.0,99222.0,NO,NO,2006-11-29,12208800.0
4248,CW,579.44,582.53,219590.0,Industrials,Aerospace & Defense,10.0,1.0,5.0,5.0,22.8036,21.725,308731.0,488110.0,808.16,465.51,21401294848,NO,669.1,714.56,675.84,690.63,706.29,,11709,0.0,341898.0,NO,NO,2016-01-29,6845700.0
4249,VRSK,194.47,193.78,594751.0,Industrials,Consulting Services,10.0,39.0,73.0,11.0,6.0086,5.7243,2136703.0,1157180.0,273.83,155.94,25317949440,NO,186.72,189.46,195.12,191.7,185.9,,4250,0.0,983848.0,NO,NO,2009-10-07,63739500.0
4250,KEN,64.52,68.52,13936.0,Utilities,Utilities - Independent Power Producers,10.0,11.0,2.0,3.0,1.9171,1.0657,24600.0,19800.0,95.93,41.5,0,NO,65.96,66.76,73.6,66.81,76.67,,2923,0.0,25276.0,NO,NO,2024-04-04,272600.0
4251,OCTV,19.43,20.0,2154427.0,Technology,Software - Application,10.0,83.0,26.0,,1.0579,0.9364,1685644.0,2018940.0,30.0,15.41,5215746560,NO,19.0,17.71,,18.11,,,70,0.0,2540509.0,NO,NO,2026-08-12,7793500.0
4252,XTWY,35.1,35.366,16197.0,ETF,ETF,10.0,37.0,17.0,11.0,0.3686,0.2223,43630.0,57560.0,40.52,34.63,0,NO,35.35,36.09,37.44,35.77,37.0,,974,0.0,16803.0,NO,NO,2025-12-16,3282000.0
4253,AIN,54.68,55.43,128709.0,Consumer Cyclical,Textile Manufacturing,10.0,0.0,7.0,12.0,2.0286,1.9064,279882.0,241340.0,77.0,41.15,1551334400,NO,60.73,68.73,59.37,67.07,62.5,,9803,0.0,249809.0,NO,NO,2006-03-08,3370700.0
4254,CQQQ,48.19,49.14,1164865.0,ETF,ETF,10.0,14.0,13.0,16.0,0.8739,0.4696,1110846.0,721110.0,61.2,44.3,0,NO,50.41,51.98,52.01,51.07,50.87,,4177,0.0,1253522.0,NO,NO,2025-10-10,8899700.0
4255,SYK,318.24,323.8,1358765.0,Healthcare,Medical Devices,10.0,20.0,74.0,6.0,9.1775,8.9289,2454941.0,2285070.0,396.86,281.0,122068287488,NO,334.12,328.72,339.5,327.94,329.53,,11709,0.0,2109836.0,NO,NO,2000-12-11,37376800.0
4256,TARK,48.65,51.567,3036.0,ETF,ETF,10.0,96.0,34.0,73.0,2.5924,1.5854,16457.0,19780.0,94.0,30.7,0,NO,47.99,45.34,47.53,45.9,43.38,,1087,0.0,64363.0,NO,NO,2022-12-13,2686400.0
4257,MJ,26.0,26.35,31629.0,ETF,ETF,10.0,89.0,20.0,51.0,0.8483,0.7793,38425.0,37410.0,46.75,21.05,0,NO,25.11,24.32,26.29,24.59,25.07,,2700,0.0,63684.0,NO,NO,2021-02-11,1735275.0
4258,GRNI,20.7,21.04,17687.0,ETF,ETF,10.0,52.0,23.0,50.0,0.2173,0.1479,29295.0,17080.0,34.58,18.36,0,NO,21.12,21.01,,21.03,20.54,,197,0.0,18430.0,NO,NO,2026-01-07,694700.0
4259,AGO,74.56,74.7,135988.0,Financial Services,Insurance - Specialty,10.0,5.0,51.0,8.0,1.45,1.4007,366639.0,398070.0,92.4,72.76,3279529472,NO,76.43,80.14,83.03,79.58,80.23,,5624,0.0,270522.0,NO,NO,2008-07-22,37464500.0
4260,TPLX,24.95,23.4,757.0,ETF,ETF,10.0,3.0,,,1.4121,0.8764,731.0,690.0,34.48,20.28,0,NO,23.54,,,26.45,,,47,0.0,100.0,NO,NO,2026-06-24,9500.0
4261,NI,41.01,40.92,3588226.0,Utilities,Utilities - Regulated Gas,10.0,7.0,12.0,9.0,0.7312,0.7155,5068920.0,5216220.0,49.21,38.45,19673954304,NO,41.88,44.7,45.09,43.95,46.05,,13495,0.0,6875193.0,NO,NO,2010-09-09,43850096.0
4262,DPZ,343.63,342.06,459082.0,Consumer Cyclical,Restaurants,10.0,22.0,79.0,8.0,10.9504,9.9461,938122.0,982410.0,469.0,282.0,11358614528,NO,347.1,329.02,365.85,332.52,344.51,,5570,0.0,744429.0,NO,NO,2004-07-13,14964100.0
4263,TPRY,18.36,18.5,758.0,ETF,ETF,10.0,33.0,11.0,,0.2294,0.1147,5552.0,6430.0,20.89,17.32,0,NO,18.98,19.17,,18.95,,,129,0.0,764.0,NO,NO,2026-02-26,34100.0
4264,NYYY,44.15,44.47,1226.0,ETF,ETF,10.0,83.0,14.0,,1.0607,0.5539,930.0,1550.0,49.07,38.69,0,NO,44.33,42.67,,43.27,,,74,0.0,1464.0,NO,NO,2026-08-12,11500.0
4265,MEC,19.43,19.36,379222.0,Industrials,Metal Fabrication,10.0,0.0,1.0,10.0,1.2491,1.135,634050.0,576170.0,38.76,12.25,495471456,NO,22.72,28.33,22.94,26.37,24.97,,1838,0.0,517156.0,NO,NO,2019-05-09,2814500.0
4266,QQQY,22.17,22.45,108904.0,ETF,ETF,10.0,54.0,10.0,38.0,0.2404,0.1798,109363.0,97300.0,25.9,19.91,0,NO,22.7,22.82,23.06,22.62,22.68,,743,0.0,111694.0,NO,NO,2026-04-09,1135400.0
4267,KBR,37.06,37.5,562982.0,Industrials,Engineering & Construction,10.0,54.0,66.0,10.0,0.9036,0.9007,1649004.0,1125090.0,52.23,29.94,4670810112,NO,37.79,36.31,38.36,37.06,36.67,,4976,0.0,963554.0,NO,NO,2007-04-03,36408800.0
4268,ITB,92.42,94.69,3578732.0,ETF,ETF,10.0,22.0,39.0,10.0,2.13,1.8236,2065460.0,1717760.0,118.0,84.98,0,NO,97.95,98.39,98.56,97.48,96.99,,5112,0.0,4042181.0,NO,NO,2013-08-15,22046900.0
4269,STAA,23.45,22.59,495849.0,Healthcare,Medical Instruments & Supplies,10.0,16.0,4.0,86.0,1.2137,1.1944,831793.0,677150.0,35.87,15.59,1175776128,NO,23.93,25.58,24.1,24.92,24.6,,8691,0.0,737813.0,NO,NO,2025-08-05,40320100.0
4270,FOIL,22.45,22.05,27271.0,Industrials,Electrical Equipment & Parts,10.0,,,,1.1429,1.1429,60257.0,33540.0,28.49,20.0,1754657024,YES,,,,,,,15,0.0,29372.0,NO,NO,2026-08-12,397600.0
4271,ACGLO,18.89,18.95,30917.0,Financial Services,Insurance - Diversified,10.0,18.0,19.0,12.0,0.1992,0.1883,33226.0,24900.0,22.2,18.71,0,NO,19.23,19.25,20.15,19.23,19.79,,2269,0.0,36392.0,NO,NO,2018-01-19,833300.0
4272,ALH,22.21,22.91,697839.0,Consumer Cyclical,"Furnishings, Fixtures & Appliances",10.0,2.0,9.0,33.0,1.0778,1.005,1051539.0,3304170.0,28.23,18.64,4415105536,NO,25.03,25.55,23.69,25.19,24.12,,224,0.0,1223214.0,NO,NO,2025-10-09,14698300.0
4273,ACGLN,15.7,15.81,65583.0,Financial Services,Insurance - Diversified,10.0,12.0,17.0,11.0,0.2627,0.2555,50234.0,37560.0,18.34,15.43,0,NO,16.15,16.17,16.85,16.17,16.63,,1317,0.0,70934.0,NO,NO,2021-06-03,3787900.0
4274,SZK,21.06,21.09,168.0,ETF,ETF,10.0,46.0,12.0,57.0,0.4297,0.2018,1884.0,1050.0,27.72,18.4,0,NO,20.81,21.13,22.44,21.03,21.49,,4926,0.0,1114.0,NO,NO,2026-02-06,101300.0
4275,JLS,16.87,16.88,15165.0,Financial Services,Asset Management,10.0,21.0,15.0,12.0,0.1423,0.1295,27225.0,36600.0,19.09,16.77,92390704,NO,17.08,17.27,18.06,17.2,17.85,,4214,0.0,16977.0,NO,NO,2018-07-05,394000.0
4276,SRS,40.69,40.42,4511.0,ETF,ETF,10.0,78.0,18.0,24.0,0.7364,0.5771,10120.0,13660.0,50.8,36.36,0,NO,39.02,38.88,43.51,38.78,41.27,,4926,0.0,6018.0,NO,NO,2022-05-04,253000.0
4277,SAM,174.64,177.81,115797.0,Consumer Defensive,Beverages - Brewers,10.0,13.0,70.0,5.0,6.4693,5.7829,275376.0,157710.0,264.46,158.68,1797339136,NO,183.94,181.39,203.94,181.88,203.1,,7743,0.0,205526.0,NO,NO,1995-11-21,3474200.0
4278,ZDIS,58.61,60.49,7580.0,ETF,ETF,10.0,,,,,,2881.0,2980.0,64.0,58.59,0,NO,,,,,,,11,0.0,7601.0,NO,YES,2026-09-01,7601.0
4279,DHI,141.57,144.56,1281574.0,Consumer Cyclical,Residential Construction,10.0,27.0,21.0,12.0,3.8521,3.3629,2267603.0,1783470.0,184.55,131.75,39602905088,NO,148.13,150.69,149.8,148.42,149.04,,8619,0.0,1995622.0,NO,NO,2009-11-20,35885100.0
4280,FSV,139.22,139.34,167772.0,Real Estate,Real Estate Services,9.0,28.0,67.0,11.0,3.1293,2.9368,206008.0,205940.0,209.66,119.41,6079705088,NO,142.48,142.1,146.39,142.58,142.06,,2829,0.0,209265.0,NO,NO,2025-10-31,777700.0
4281,TRN,27.72,28.82,322786.0,Industrials,Railroads,9.0,5.0,8.0,6.0,0.7511,0.7411,731963.0,498140.0,38.31,24.76,2208039936,NO,29.72,33.18,31.48,32.15,33.02,,13445,0.0,536437.0,NO,NO,2016-02-19,32522741.0
4282,BOTT,41.55,42.745,12143.0,ETF,ETF,9.0,55.0,3.0,3.0,1.0333,0.5242,23500.0,16290.0,70.07,33.58,0,NO,44.44,44.86,48.53,43.9,49.52,,592,0.0,12329.0,NO,NO,2026-06-30,128900.0
4283,LTTI,17.36,17.53,21165.0,ETF,ETF,9.0,28.0,18.0,11.0,0.2399,0.1772,5260.0,3130.0,20.93,16.02,0,NO,17.53,17.83,18.65,17.7,18.35,,381,0.0,21171.0,NO,NO,2026-03-11,331100.0
4284,NSSC,35.12,36.24,342843.0,Industrials,Security & Protection Services,9.0,12.0,45.0,5.0,2.1875,2.1554,420674.0,698270.0,51.77,33.91,1256008704,NO,38.2,37.41,40.15,37.11,39.66,,11258,0.0,503179.0,NO,NO,2023-08-21,16185500.0
4285,KGLD,27.5,28.41,228909.0,ETF,ETF,9.0,78.0,13.0,3.0,0.6146,0.3893,117111.0,196580.0,43.44,25.55,0,NO,28.29,27.16,30.81,27.4,30.35,,289,0.0,248786.0,NO,NO,2026-01-30,316900.0
4286,SEF,29.61,29.38,6222.0,ETF,ETF,9.0,46.0,11.0,11.0,0.2369,0.1926,7925.0,11660.0,35.26,28.87,0,NO,29.28,29.89,31.73,29.69,31.86,,4583,0.34,7211.0,NO,NO,2023-03-15,354575.0
4287,MBUU,26.37,26.96,92177.0,Consumer Cyclical,Recreational Vehicles,9.0,14.0,16.0,23.0,1.3731,1.1574,254173.0,275750.0,35.05,23.84,518889472,NO,28.83,27.93,28.12,27.81,27.44,,3164,0.0,229333.0,NO,NO,2014-01-31,5159600.0
4288,MPV,16.97,17.01,12867.0,Financial Services,Asset Management,9.0,76.0,39.0,12.0,0.5068,0.4825,20512.0,28690.0,20.58,15.05,182767936,NO,16.33,16.26,17.77,16.21,17.21,,9533,0.0,18949.0,NO,NO,2025-12-31,243500.0
4289,VPC,15.73,15.91,15525.0,ETF,ETF,9.0,82.0,35.0,32.0,0.1498,0.1257,9900.0,6280.0,20.82,14.32,0,NO,15.69,15.17,16.33,15.31,15.5,,1900,0.0,15532.0,NO,NO,2020-05-05,2989300.0
4290,MNDY,96.53,101.14,620863.0,Technology,Software - Application,9.0,88.0,54.0,91.0,5.5133,5.0861,1445188.0,1147450.0,220.8,57.5,4083891456,NO,91.57,84.04,96.18,87.29,77.82,,1312,0.0,1050877.0,NO,NO,2026-02-09,12910400.0
4291,MWA,23.58,24.14,498173.0,Industrials,Specialty Industrial Machinery,9.0,9.0,19.0,5.0,0.5671,0.55,1151712.0,946260.0,31.0,22.74,3679101696,NO,25.48,25.41,26.31,25.1,26.64,,5097,0.0,896515.0,NO,NO,2009-09-18,31019800.0
4292,TLTP,19.83,19.89,16742.0,ETF,ETF,9.0,31.0,17.0,10.0,0.141,0.0905,27382.0,29120.0,23.36,19.8,0,NO,20.04,20.4,21.45,20.24,21.04,,460,0.0,17347.0,NO,NO,2026-05-15,408700.0
4293,GNTX,22.14,22.37,1436003.0,Consumer Cyclical,Auto Parts,9.0,11.0,13.0,17.0,0.525,0.4957,2596977.0,2616660.0,29.38,20.48,4713689088,NO,23.58,23.98,23.44,23.61,23.43,,11262,0.0,2307683.0,NO,NO,2012-07-24,44871200.0
4294,SIGIP,15.3,15.44,4396.0,Financial Services,Insurance - Property & Casualty,9.0,15.0,18.0,11.0,0.152,0.1341,32425.0,4960.0,18.7,15.3,0,NO,15.73,15.82,16.48,15.79,16.22,,1441,0.0,6411.0,NO,NO,2026-06-15,935500.0
4295,NGHT,23.0,23.01,934.0,ETF,ETF,9.0,87.0,21.0,,0.64,0.4871,14117.0,18130.0,31.42,20.1,0,NO,21.58,21.69,,21.79,,,101,0.0,964.0,NO,NO,2026-05-04,539800.0
4296,AOS,58.68,59.13,527052.0,Industrials,Specialty Industrial Machinery,9.0,20.0,71.0,3.0,1.5554,1.3332,1695574.0,1347380.0,81.87,54.16,7973755904,NO,62.27,61.26,65.3,61.26,63.33,,10813,0.0,1019859.0,NO,NO,2017-07-25,32488300.0
4297,GLIBA,26.67,26.7,17739.0,Communication Services,Telecom Services,9.0,89.0,91.0,1.0,0.9419,0.9091,86993.0,32780.0,41.87,19.61,1064066624,NO,25.94,23.82,31.34,24.42,29.3,,287,0.0,31377.0,NO,NO,2026-06-26,1105700.0
4298,VC,100.14,101.82,191333.0,Consumer Cyclical,Auto Parts,9.0,16.0,7.0,55.0,2.5993,2.4886,545738.0,405810.0,129.1,83.49,2673280256,NO,104.65,105.2,102.33,104.22,103.54,,4000,0.0,455550.0,NO,NO,2018-07-10,5116700.0
4299,OZ,48.08,48.172,11722.0,Real Estate,Real Estate - Development,9.0,82.0,43.0,20.0,0.568,0.5375,8876.0,6530.0,69.0,44.25,194880048,NO,47.81,46.35,51.71,46.44,48.75,,1222,0.0,12917.0,NO,NO,2021-12-31,514800.0
4300,SPH,17.6,17.61,189511.0,Utilities,Utilities - Regulated Gas,9.0,10.0,13.0,8.0,0.2775,0.2746,227363.0,177940.0,20.8,16.53,1174138112,NO,17.68,17.86,19.09,17.89,18.96,,7675,0.0,227460.0,NO,NO,2023-12-15,14009700.0
4301,GGLS,60.25,59.4,31202.0,ETF,ETF,9.0,81.0,81.0,9.0,0.8901,0.7948,766753.0,79730.0,106.0,50.65,0,NO,57.96,58.27,62.98,58.62,61.16,,992,0.0,71450.0,NO,NO,2026-04-30,4427790.0
4302,STZ,130.99,130.62,1545522.0,Consumer Defensive,Beverages - Brewers,9.0,47.0,20.0,7.0,3.2364,2.9164,2117239.0,1693370.0,168.6,126.45,22380494848,NO,133.59,134.22,145.17,133.74,144.76,,8675,0.0,2139877.0,NO,NO,2013-02-14,50293100.0
4303,REMX,76.25,77.52,428117.0,ETF,ETF,9.0,92.0,3.0,3.0,2.065,1.6175,754563.0,617680.0,111.55,57.17,0,NO,76.96,77.54,86.14,76.44,88.2,,3983,0.0,532006.0,NO,NO,2025-10-13,4389900.0
4304,TNUK,23.56,23.652,3635.0,ETF,ETF,9.0,61.0,12.0,6.0,0.3776,0.1041,812.0,440.0,32.79,22.28,0,NO,24.24,24.16,,24.01,25.56,,175,0.0,3691.0,NO,NO,2026-01-27,22700.0
4305,TCI,37.5,36.48,21830.0,Real Estate,Real Estate Services,9.0,5.0,21.0,42.0,1.8407,1.6243,40825.0,126350.0,59.65,31.48,329023680,NO,37.75,41.43,42.95,40.76,39.53,,10451,0.0,27231.0,NO,NO,2000-06-27,1914700.0
4306,DBD,66.38,67.84,105678.0,Technology,Software - Application,9.0,6.0,5.0,6.0,2.1752,2.1345,299240.0,247720.0,92.08,54.48,2253204736,NO,70.72,78.63,75.28,76.97,78.57,,765,0.0,194450.0,NO,NO,2026-04-09,6485200.0
4307,GFS,43.9,44.69,1977186.0,Technology,Semiconductors,9.0,4.0,0.0,10.0,2.0273,1.6468,3854530.0,3669840.0,92.55,31.59,24087429120,NO,49.34,59.0,53.06,54.66,59.05,,1214,0.0,4059849.0,NO,NO,2025-12-19,52580300.0
4308,OWNB,20.78,21.5,432.0,ETF,ETF,9.0,93.0,11.0,78.0,0.7457,0.3159,7315.0,3610.0,39.0,15.07,0,NO,18.2,18.0,20.51,18.28,19.05,,370,0.0,2800.0,NO,NO,2025-06-16,274900.0
4309,GIAX,15.81,16.066,52074.0,ETF,ETF,9.0,78.0,7.0,44.0,0.3006,0.2264,111380.0,70810.0,18.77,13.26,0,NO,16.08,16.11,16.26,15.91,15.99,,524,0.0,56529.0,NO,NO,2026-07-07,424400.0
4310,IVOL,17.01,17.01,89474.0,ETF,ETF,9.0,22.0,19.0,11.0,0.1189,0.0796,165201.0,325800.0,20.1,16.98,0,NO,17.43,17.37,18.36,17.34,18.0,,1835,0.0,95611.0,NO,NO,2023-07-24,9529300.0
4311,RDTY,36.44,36.87,20699.0,ETF,ETF,9.0,19.0,20.0,13.0,0.3769,0.2724,12360.0,8740.0,45.42,35.11,0,NO,37.65,38.0,38.68,37.77,37.8,,374,0.0,21607.0,NO,NO,2026-02-27,532800.0
4312,OAIW,22.77,23.12,9600.0,ETF,ETF,9.0,,,,,,8323.0,5720.0,25.99,22.61,0,NO,,,,,,,13,0.0,9615.0,NO,NO,2026-08-13,42500.0
4313,STCE,62.83,65.3,38833.0,ETF,ETF,9.0,44.0,3.0,63.0,3.1049,2.4433,127473.0,66290.0,109.64,48.35,0,NO,63.43,65.68,65.79,64.25,64.62,,1022,0.0,40143.0,NO,NO,2026-01-20,597600.0
4314,GASZ,22.45,22.45,553.0,ETF,ETF,9.0,15.0,18.0,,0.34,0.1613,6868.0,1440.0,29.05,22.21,0,NO,23.32,23.91,,23.57,,,81,0.0,561.0,NO,NO,2026-05-06,108400.0
4315,KBH,52.19,53.3,414304.0,Consumer Cyclical,Residential Construction,9.0,12.0,60.0,8.0,1.6977,1.4377,1165138.0,829660.0,68.71,44.03,3199448320,NO,55.99,56.87,56.61,56.23,54.94,,10097,0.0,657513.0,NO,NO,2015-01-13,35023100.0
4316,TNC,69.6,69.6,97734.0,Industrials,Specialty Industrial Machinery,9.0,1.0,5.0,77.0,2.3435,2.2477,193793.0,212550.0,91.93,60.18,1186546304,NO,71.22,80.59,77.45,78.13,78.22,,13494,0.0,159313.0,NO,NO,2011-08-22,2527300.0
4317,AGI,35.19,36.61,2537416.0,Basic Materials,Gold,9.0,95.0,9.0,1.0,1.51,1.1486,4860100.0,4443090.0,55.41,27.05,14730691584,NO,34.61,31.68,39.06,32.39,39.24,,5870,0.0,3412807.0,NO,NO,2017-03-17,23193400.0
4318,TXT,79.63,80.56,824961.0,Industrials,Aerospace & Defense,9.0,9.0,10.0,5.0,1.8314,1.8057,1594584.0,1413170.0,101.57,78.12,13695316992,NO,85.82,88.43,90.06,87.91,90.69,,13495,0.0,1221455.0,NO,NO,2009-04-30,43547500.0
4319,TRC,16.01,16.08,83686.0,Industrials,Conglomerates,9.0,12.0,7.0,12.0,0.345,0.3443,132720.0,209570.0,21.31,15.31,432748416,NO,16.37,17.43,17.69,17.16,18.29,,11709,0.0,151474.0,NO,NO,1997-08-26,1976570.0
4320,BPI,24.61,24.918,23.0,ETF,ETF,9.0,92.0,55.0,61.0,0.4701,0.2463,2241.0,1870.0,44.01,18.55,0,NO,22.01,21.12,25.31,21.77,22.93,,354,0.0,200.0,NO,NO,2025-10-17,28000.0
4321,SBB,23.02,22.8,766.0,ETF,ETF,9.0,67.0,23.0,13.0,0.164,0.0783,955.0,980.0,29.56,21.76,0,NO,22.26,22.39,24.83,22.42,23.99,,4931,0.75,1377.0,NO,NO,2013-06-10,585338.0
4322,AMA,19.6,21.07,154710.0,ETF,ETF,9.0,0.0,3.0,,2.4086,1.7143,333642.0,250940.0,62.0,19.25,0,NO,26.25,32.66,,29.2,,,84,0.0,162301.0,NO,NO,2026-08-13,2112600.0
4323,SIJ,17.88,17.36,1764.0,ETF,ETF,9.0,86.0,34.0,50.0,0.39,0.215,4307.0,1730.0,25.38,15.05,0,NO,16.02,16.12,18.9,16.23,17.62,,4926,0.52,2018.0,NO,NO,2026-02-06,179850.0
4324,NOC,533.25,539.7,307713.0,Industrials,Aerospace & Defense,9.0,23.0,36.0,2.0,13.3086,12.3843,904720.0,712620.0,774.0,479.02,75743027200,NO,562.82,541.96,603.53,548.15,600.61,,11256,0.0,482260.0,NO,NO,2002-10-17,28409961.0
4325,EMQQ,33.37,33.55,30752.0,ETF,ETF,9.0,18.0,55.0,15.0,0.4465,0.3539,42603.0,41390.0,47.0,30.0,0,NO,34.3,33.26,35.96,33.52,33.54,,2963,0.0,32367.0,NO,NO,2021-07-27,1706300.0
4326,MTZ,236.71,239.78,1038108.0,Industrials,Engineering & Construction,9.0,5.0,1.0,5.0,14.2925,12.6032,1365598.0,1437210.0,441.43,171.05,19000150016,NO,267.38,322.15,303.6,300.2,333.33,,13495,0.0,1507021.0,NO,NO,2018-11-09,13817900.0
4327,XWNG,22.22,23.07,37.0,ETF,ETF,9.0,,,,,,2955.0,2955.0,24.83,22.22,0,NO,,,,,,,8,0.0,200.0,NO,NO,2026-08-19,21300.0
4328,SAIA,332.79,355.13,303960.0,Industrials,Trucking,8.0,13.0,2.0,6.0,14.2036,13.9614,458292.0,380900.0,494.71,249.32,8853914624,NO,360.87,394.53,383.49,384.1,403.48,,6031,0.0,484950.0,NO,NO,2021-08-27,6159900.0
4329,RANK,18.84,19.12,1657.0,ETF,ETF,8.0,28.0,,,0.2593,0.1407,23388.0,4830.0,20.91,17.92,0,NO,19.58,,,19.38,,,44,0.0,1964.0,NO,NO,2026-07-14,161800.0
4330,STRT,69.39,70.14,70151.0,Consumer Cyclical,Auto Parts,8.0,1.0,9.0,5.0,4.7264,4.66,91174.0,111370.0,93.0,57.01,276010656,NO,80.39,81.66,79.02,80.31,78.92,,7932,0.0,94592.0,NO,NO,1996-08-02,892000.0
4331,OND,34.81,35.159,1170.0,ETF,ETF,8.0,52.0,22.0,22.0,0.3411,0.0626,263.0,120.0,49.0,32.32,0,NO,35.33,34.74,36.77,34.86,34.74,,1213,0.0,1454.0,NO,NO,2025-07-31,43800.0
4332,OXM,37.96,38.29,128179.0,Consumer Cyclical,Apparel Manufacturing,8.0,36.0,7.0,27.0,1.3193,1.2457,440160.0,287320.0,51.61,30.57,566778176,NO,36.94,37.38,38.65,37.41,39.15,,11709,0.0,236254.0,NO,NO,2026-06-18,2649500.0
4333,PPIH,27.12,27.43,43749.0,Industrials,Building Products & Equipment,8.0,89.0,8.0,7.0,0.9864,0.9529,117134.0,92450.0,36.72,21.96,220369344,NO,26.6,26.02,29.34,26.03,29.14,,9243,0.0,65799.0,NO,NO,2026-06-26,1032900.0
4334,NVR,6276.89,6315.23,32629.0,Consumer Cyclical,Residential Construction,8.0,65.0,62.0,8.0,138.4065,129.1236,31261.0,31770.0,8618.28,5501.01,16810472448,NO,6340.39,6435.1,6826.14,6397.98,6515.33,,10357,0.0,46165.0,NO,NO,1986-09-23,2610000.0
4335,TAP,39.84,39.76,1419603.0,Consumer Defensive,Beverages - Brewers,8.0,13.0,58.0,6.0,1.1443,1.0214,3066942.0,2621810.0,54.82,38.04,7424595456,NO,41.95,41.01,44.19,41.29,42.84,,12912,0.0,2388556.0,NO,NO,2016-01-29,20928900.0
4336,ETHT,16.31,17.22,1696465.0,ETF,ETF,8.0,98.0,96.0,79.0,1.125,0.8525,2014790.0,2956660.0,117.04,7.07,0,NO,13.33,11.05,20.61,11.83,13.34,,560,0.0,1792198.0,NO,NO,2026-06-05,5396900.0
4337,SATO,17.36,18.159,924.0,ETF,ETF,8.0,90.0,11.0,63.0,0.5919,0.1253,3171.0,770.0,31.55,13.3,0,NO,16.63,16.37,17.66,16.42,16.66,,1229,0.0,992.0,NO,NO,2022-02-09,185600.0
4338,NXPI,222.49,224.64,1724073.0,Technology,Semiconductors,8.0,51.0,2.0,45.0,5.46,5.08,4115312.0,2832530.0,339.95,183.0,56093921280,NO,228.76,254.5,243.24,247.65,250.84,,4042,0.0,3116738.0,NO,NO,2021-03-19,53102200.0
4339,META,579.53,572.34,12191155.0,Communication Services,Internet Content & Information,8.0,34.0,23.0,9.0,18.1721,17.37,18244552.0,17058800.0,790.8,520.26,1476496457728,NO,574.4,592.34,622.3,593.84,606.36,,3592,0.0,15369187.0,YES,NO,2012-05-18,573576400.0
4340,FTAI,188.71,190.1,801183.0,Industrials,Aerospace & Defense,8.0,7.0,3.0,1.0,10.6279,9.2486,1338171.0,1208850.0,323.51,147.98,19389044736,NO,211.0,221.97,233.78,213.66,240.76,,2841,0.0,1260113.0,NO,NO,2025-01-15,20029100.0
4341,SPXC,192.9,196.75,186039.0,Industrials,Building Products & Equipment,8.0,3.0,8.0,8.0,7.2873,6.5002,678947.0,388960.0,251.08,179.62,9661561856,NO,209.45,216.81,214.85,213.66,215.48,,11709,0.0,294700.0,NO,NO,2004-02-27,64421533.0
4342,BMI,131.69,135.47,154536.0,Technology,Scientific & Technical Instruments,8.0,25.0,78.0,9.0,4.3943,3.9289,455720.0,288780.0,204.0,112.09,3826264064,NO,134.23,137.33,148.31,137.21,137.21,,13495,0.0,229763.0,NO,NO,2026-04-17,4169200.0
4343,TSLA,355.74,367.95,29247039.0,Consumer Cyclical,Auto Manufacturers,8.0,89.0,6.0,11.0,13.7314,12.9536,41543255.0,37697800.0,498.83,297.38,1405071261696,NO,342.55,358.84,400.2,354.48,382.05,,4069,0.0,35998050.0,YES,NO,2020-02-04,914082000.0
4344,ZROZ,58.45,58.77,310748.0,ETF,ETF,8.0,51.0,14.0,9.0,0.91,0.58,752706.0,1266250.0,71.22,56.8,0,NO,58.61,60.35,63.54,59.55,62.48,,4230,0.0,345378.0,NO,NO,2026-08-18,5186800.0
4345,FNF,45.96,46.45,1115279.0,Financial Services,Insurance - Specialty,8.0,5.0,39.0,10.0,0.8907,0.8479,1599587.0,1457000.0,59.21,42.78,12326141952,NO,48.49,49.24,51.01,49.38,49.07,,5251,0.0,1861158.0,NO,NO,2014-06-30,83380395.0
4346,KE,24.0,23.62,156545.0,Industrials,Electrical Equipment & Parts,8.0,17.0,14.0,24.0,1.2372,1.2117,205450.0,219380.0,33.19,21.01,577150144,NO,24.87,24.85,26.25,24.71,24.92,,2973,0.0,236799.0,NO,NO,2025-05-30,826500.0
4347,GOVZ,33.42,33.77,385182.0,ETF,ETF,8.0,37.0,14.0,9.0,0.5139,0.3299,280329.0,503930.0,41.02,32.62,0,NO,33.66,34.7,36.49,34.27,35.89,,1489,0.0,426122.0,NO,NO,2021-05-28,5557475.0
4348,AORT,27.03,26.99,413450.0,Healthcare,Medical Devices,8.0,54.0,94.0,2.0,1.1396,1.1132,746515.0,678730.0,48.25,19.16,1317880704,NO,27.55,25.68,34.13,26.33,29.4,,8444,0.22,675098.0,NO,NO,2002-09-06,8525000.0
4349,NVMI,338.27,348.45,353021.0,Technology,Semiconductor Equipment & Materials,8.0,3.0,2.0,3.0,17.605,13.9929,537390.0,462120.0,615.99,232.73,10759069696,NO,385.94,432.47,436.64,410.9,461.41,,6636,0.0,522842.0,NO,NO,2000-04-11,4895500.0
4350,CRCL,89.49,95.55,11322568.0,Financial Services,Capital Markets,8.0,97.0,10.0,10.0,6.8254,6.1345,13881234.0,18014490.0,159.47,49.9,24403988480,NO,79.12,70.91,84.84,71.91,87.06,,312,0.0,13562332.0,YES,NO,2025-06-23,99128700.0
4351,BSY,35.6,36.75,999675.0,Technology,Software - Application,8.0,50.0,54.0,14.0,1.3957,1.3132,2981707.0,2090460.0,57.25,28.08,10757528576,NO,36.15,33.57,35.62,34.49,34.05,,1491,0.0,1570591.0,NO,NO,2025-10-03,22864700.0
4352,LYTS,19.53,19.59,221619.0,Technology,Electronic Components,8.0,2.0,5.0,12.0,1.1196,0.9768,405858.0,612480.0,27.36,17.21,716717888,NO,22.85,23.91,21.66,23.05,22.47,,10448,0.0,373977.0,NO,NO,1985-03-12,4779000.0
4353,SUNB,67.36,72.28,4929243.0,Industrials,Rental & Leasing Services,8.0,9.0,8.0,,3.0079,2.8207,4051363.0,6215500.0,86.68,61.03,27622264832,NO,78.17,75.57,,75.17,,,127,0.0,15963720.0,YES,NO,2026-06-18,33730700.0
4354,GOU,24.01,24.775,132643.0,ETF,ETF,8.0,3.0,3.0,58.0,0.8338,0.762,88100.0,68500.0,38.51,17.77,0,NO,26.24,26.87,,26.26,26.92,,187,0.0,154876.0,NO,NO,2026-07-23,391900.0
4355,TMYY,22.44,22.45,1206.0,ETF,ETF,8.0,22.0,11.0,,0.1575,0.0607,2700.0,1200.0,25.39,22.35,0,NO,22.92,23.45,,23.13,,,97,0.0,1206.0,NO,NO,2026-06-09,23500.0
4356,VMC,261.62,269.58,1236961.0,Basic Materials,Building Materials,8.0,17.0,13.0,8.0,6.9175,6.5946,1086365.0,828920.0,331.09,252.35,33909458944,NO,277.55,285.68,288.78,281.13,284.94,,13495,0.0,1660954.0,NO,NO,2009-06-12,13891000.0
4357,LCII,100.5,100.63,177250.0,Consumer Cyclical,Recreational Vehicles,8.0,24.0,17.0,4.0,3.13,2.7879,442893.0,276920.0,159.66,84.33,2443428096,NO,104.99,103.46,118.11,103.83,113.43,,10394,0.0,262269.0,NO,NO,2026-06-30,3143200.0
4358,NXST,177.59,182.13,182832.0,Communication Services,Broadcasting,8.0,9.0,21.0,2.0,5.7436,5.5257,388741.0,317320.0,254.3,154.47,5471245824,NO,186.84,182.5,199.47,183.99,196.53,,5726,0.0,277056.0,NO,NO,2022-11-30,7328100.0
4359,GLPI,41.83,42.07,1628556.0,Real Estate,REIT - Specialty,8.0,9.0,10.0,7.0,0.8057,0.7375,2918452.0,4986230.0,49.95,41.17,12526607360,NO,43.11,43.98,45.49,43.75,45.83,,3239,0.0,3253267.0,NO,NO,2023-09-15,37749200.0
4360,ALGT,72.3,76.05,359762.0,Industrials,Airlines,8.0,0.0,5.0,3.0,3.9536,3.4936,569317.0,569730.0,123.63,57.11,1976519808,NO,85.7,98.0,88.76,94.27,90.38,,4961,0.0,529839.0,NO,NO,2006-12-08,5542000.0
4361,ANIP,71.9,73.25,342012.0,Healthcare,Drug Manufacturers - Specialty & Generic,8.0,6.0,15.0,19.0,2.2021,2.1629,341144.0,379680.0,99.5,70.15,1651568384,NO,76.16,79.4,79.56,77.98,78.04,,6619,0.0,580536.0,NO,NO,2021-11-01,4244200.0
4362,FUTU,119.57,122.14,1185539.0,Financial Services,Capital Markets,8.0,90.0,88.0,5.0,5.4719,4.8879,1752790.0,2023810.0,202.53,80.5,16763056128,NO,113.01,104.69,138.45,107.27,123.65,,1881,0.0,1411137.0,NO,NO,2026-05-22,61357700.0
4363,TKO,182.38,182.61,370373.0,Communication Services,Entertainment,8.0,47.0,8.0,6.0,5.1786,5.0529,1296560.0,964530.0,226.94,176.0,34506706944,NO,191.16,190.81,197.24,187.4,194.85,,6757,0.0,704499.0,NO,NO,2014-05-16,40965100.0
4364,GLIBK,26.01,26.03,117254.0,Communication Services,Telecom Services,8.0,88.0,89.0,1.0,0.9542,0.9221,692926.0,307370.0,41.17,19.3,1038128320,NO,25.49,23.41,31.17,24.01,29.0,,287,0.0,243460.0,NO,NO,2026-06-26,5414200.0
4365,IWMY,18.22,18.43,90050.0,ETF,ETF,8.0,19.0,14.0,13.0,0.1771,0.1206,46788.0,59370.0,23.53,17.44,0,NO,19.01,19.21,19.58,19.02,19.13,,709,0.0,92208.0,NO,NO,2025-10-10,502700.0
4366,KARD,19.67,20.16,234205.0,Healthcare,Biotechnology,8.0,10.0,,,1.3918,1.3582,455817.0,251640.0,27.0,16.25,1839217664,NO,20.83,21.79,,21.38,,,51,0.0,326975.0,NO,NO,2026-06-18,5844400.0
4367,SIG,81.36,82.28,426145.0,Consumer Cyclical,Luxury Goods,8.0,3.0,20.0,8.0,3.045,2.8164,789555.0,681720.0,110.2,71.62,0,NO,88.26,88.34,89.02,87.62,87.85,,9604,0.0,649735.0,NO,NO,2018-03-14,25956200.0
4368,RCL,264.33,268.74,1491277.0,Consumer Cyclical,Travel Services,8.0,1.0,13.0,10.0,8.0789,7.2368,2236509.0,1560090.0,362.79,232.1,70687580160,NO,300.41,301.04,287.56,294.8,287.28,,8393,0.0,2001407.0,NO,NO,2020-06-05,61286500.0
4369,GLXY,23.59,24.6,2865650.0,Financial Services,Capital Markets,8.0,88.0,3.0,62.0,1.7043,1.5129,7268311.0,6453460.0,45.92,16.43,13901523968,NO,22.06,23.73,25.12,22.9,24.44,,324,0.0,4143390.0,NO,NO,2025-10-28,31326900.0
4370,BPRO,21.63,21.74,1790.0,ETF,ETF,8.0,88.0,29.0,6.0,0.4967,0.2552,7317.0,14380.0,30.29,18.13,0,NO,21.27,19.93,,20.25,21.7,,153,0.0,1797.0,NO,NO,2026-01-26,586800.0
4371,KR,58.01,57.54,5317092.0,Consumer Defensive,Grocery Stores,8.0,48.0,16.0,7.0,1.3509,1.1709,7647934.0,6021070.0,76.58,54.15,35533541376,NO,57.13,57.62,64.21,57.84,64.25,,16274,0.0,7303426.0,NO,NO,2009-12-08,154165200.0
4372,MDLN,34.78,35.03,5734815.0,Healthcare,Medical Instruments & Supplies,8.0,5.0,32.0,4.0,1.2023,1.1902,8191295.0,6899410.0,50.88,32.48,46767255552,NO,35.18,37.77,,37.7,40.32,,176,0.0,7867892.0,NO,NO,2025-12-17,78930900.0
4373,CSQR,18.25,19.41,709054.0,Technology,Information Technology Services,8.0,7.0,,,1.11,1.0729,1567157.0,794920.0,23.5,18.17,3041070080,YES,20.93,,,,,,33,0.0,1165128.0,NO,NO,2026-07-16,11308600.0
4374,PPC,31.09,31.38,639512.0,Consumer Defensive,Packaged Foods,8.0,90.0,78.0,3.0,1.3507,1.2243,1622604.0,1659700.0,45.44,25.9,7403984384,NO,29.27,28.74,34.64,29.2,32.35,,9740,0.0,1120214.0,NO,NO,2008-12-02,25870400.0
4375,KYLD,20.07,20.36,39729.0,ETF,ETF,8.0,30.0,10.0,25.0,0.4012,0.3513,44150.0,46750.0,25.92,17.66,0,NO,20.86,21.35,21.3,21.02,20.85,,207,0.0,43370.0,NO,NO,2026-01-30,203700.0
4376,GXDW,24.44,24.491,16.0,ETF,ETF,7.0,73.0,4.0,41.0,0.3219,0.0754,5195.0,700.0,30.73,21.5,0,NO,24.3,24.51,25.2,24.15,25.17,,1714,0.0,16.0,NO,NO,2023-01-26,297200.0
4377,TSLQ,19.88,18.66,5044268.0,ETF,ETF,7.0,0.0,81.0,13.0,1.6949,1.6084,6552955.0,5298280.0,47.43,14.78,0,NO,22.26,21.45,21.05,21.5,21.34,,1037,3.7,5487413.0,NO,NO,2025-09-15,35040967.0
4378,DIT,69.0,69.0,35.0,Consumer Defensive,Food Distribution,7.0,83.0,6.0,12.0,1.9107,0.2157,1339.0,250.0,95.59,59.15,67348344,NO,68.68,68.69,76.46,68.17,76.89,,7818,0.0,300.0,NO,NO,2007-01-29,247200.0
4379,DPC,41.53,41.96,885935.0,Industrials,Aerospace & Defense,7.0,6.0,,,3.4757,3.1329,1664893.0,1069210.0,57.25,37.65,6210268160,YES,48.49,,,47.41,,,47,0.0,1138944.0,NO,NO,2026-06-25,18650400.0
4380,TDG,1157.2,1171.74,168103.0,Industrials,Aerospace & Defense,7.0,7.0,15.0,9.0,26.0471,24.7521,396585.0,369280.0,1463.03,1123.61,63964336128,NO,1220.46,1253.74,1272.6,1237.01,1235.05,,5148,0.0,270291.0,NO,NO,2016-06-02,9761000.0
4381,SFD,21.83,21.91,737003.0,Consumer Defensive,Packaged Foods,7.0,2.0,6.0,9.0,0.4247,0.3954,1362185.0,1403890.0,29.8,21.08,8592005120,NO,23.1,24.49,24.61,24.17,25.44,,400,0.0,1124118.0,NO,NO,2025-01-28,12165200.0
4382,MOD,181.25,178.43,791521.0,Consumer Cyclical,Auto Parts,7.0,5.0,1.0,4.0,11.6136,10.2636,1540271.0,1390420.0,323.25,111.18,9616586752,NO,194.83,221.0,209.45,211.91,232.89,,11075,0.0,1139693.0,NO,NO,2026-06-26,9422200.0
4383,KBUF,26.14,26.34,162.0,ETF,ETF,7.0,8.0,20.0,10.0,0.2015,0.0681,5655.0,1490.0,35.01,25.55,0,NO,26.96,26.76,29.14,26.76,27.61,,641,0.0,100.0,NO,NO,2026-06-08,99800.0
4384,TJX,133.53,133.91,4411841.0,Consumer Cyclical,Apparel Retail,7.0,2.0,8.0,7.0,3.1982,2.9018,6138507.0,9113570.0,170.0,133.04,146923536384,NO,147.99,152.42,154.99,149.31,155.06,,9869,0.0,7176247.0,NO,NO,1999-12-02,137053600.0
4385,BN,39.65,41.22,4345271.0,Financial Services,Asset Management,7.0,9.0,9.0,11.0,0.945,0.8693,3988280.0,3190410.0,49.57,37.93,88501575680,NO,42.91,42.93,44.37,42.58,43.37,,10750,0.0,6149504.0,NO,NO,2008-11-21,57227626.0
4386,METQ,24.01,24.5,12506.0,ETF,ETF,7.0,,,,,,20760.0,20760.0,27.75,22.51,0,NO,,,,,,,10,0.0,16029.0,NO,NO,2026-08-26,92900.0
4387,OMCL,34.15,35.16,474139.0,Healthcare,Health Information Services,7.0,21.0,5.0,7.0,1.2889,1.2639,757307.0,679390.0,55.0,29.06,1554014208,NO,35.87,39.67,40.73,38.78,38.99,,6301,0.0,805496.0,NO,NO,2004-04-06,10561000.0
4388,XPAV,22.43,23.54,106.0,ETF,ETF,7.0,8.0,,,0.4514,0.0079,424.0,100.0,27.4,22.43,0,NO,24.81,24.92,,24.46,,,61,0.0,100.0,NO,NO,2026-06-03,9600.0
4389,BRVE,26.36,25.5,262401.0,Healthcare,Biotechnology,7.0,,,,2.1257,2.1121,525750.0,248250.0,32.0,24.31,1868414336,YES,,,,,,,18,1.02,342867.0,NO,NO,2026-08-06,3292200.0
4390,TLTX,21.25,21.224,6309.0,ETF,ETF,7.0,26.0,15.0,9.0,0.1587,0.1266,11679.0,6940.0,27.74,21.18,0,NO,21.46,21.93,23.46,21.75,22.86,,284,0.0,6774.0,NO,NO,2026-01-05,86600.0
4391,DRS,37.82,38.0,505314.0,Industrials,Aerospace & Defense,7.0,1.0,4.0,6.0,1.2986,1.2886,976374.0,901470.0,50.59,32.43,10095171584,NO,42.47,43.97,41.87,43.38,43.75,,10376,0.0,839445.0,NO,NO,2014-09-08,19788200.0
4392,TYD,22.21,22.44,14452.0,ETF,ETF,7.0,25.0,14.0,8.0,0.27,0.1579,19503.0,22290.0,26.86,22.21,0,NO,22.77,23.06,24.54,22.87,24.0,,4371,0.0,21398.0,NO,NO,2011-07-01,1149800.0
4393,OTIS,70.65,71.13,2896317.0,Industrials,Specialty Industrial Machinery,7.0,23.0,58.0,3.0,1.3569,1.2916,3618461.0,3233810.0,94.56,69.16,26890481664,NO,72.27,72.45,80.35,72.37,76.6,,1621,0.0,4584892.0,NO,NO,2020-04-03,22551600.0
4394,DFEN,61.23,63.89,171726.0,ETF,ETF,7.0,1.0,9.0,1.0,3.9204,3.444,186715.0,228250.0,97.75,53.67,0,NO,78.98,76.9,72.88,75.85,73.33,,2345,0.0,241136.0,NO,NO,2020-11-09,12407400.0
4395,TMUS,182.77,180.44,2378434.0,Communication Services,Telecom Services,7.0,79.0,27.0,7.0,3.9136,3.6014,5193553.0,3948500.0,258.66,165.66,196105830400,NO,180.07,181.19,195.2,181.31,193.12,,4873,0.7,3813652.0,NO,NO,2013-11-15,68946800.0
4396,DOX,62.63,63.06,607711.0,Technology,Software - Infrastructure,7.0,89.0,20.0,13.0,1.5307,1.4864,1421538.0,1145060.0,86.14,49.74,6537945600,NO,59.63,55.32,66.6,56.76,61.3,,7093,0.0,1097605.0,NO,NO,2002-06-21,20656300.0
4397,EUM,15.83,15.77,10722.0,ETF,ETF,7.0,14.0,60.0,10.0,0.2302,0.1373,129891.0,214080.0,22.63,15.01,0,NO,15.92,16.07,17.83,16.1,16.98,,4736,0.0,36661.0,NO,NO,2015-08-27,2886300.0
4398,SARO,24.31,24.49,2618672.0,Industrials,Aerospace & Defense,7.0,1.0,9.0,5.0,0.8032,0.7471,3721715.0,2876980.0,34.48,23.83,8046305792,NO,26.97,27.82,27.78,27.42,27.23,,479,0.0,3894312.0,NO,NO,2024-10-02,27287300.0
4399,RACK,46.79,47.59,17277.0,ETF,ETF,7.0,64.0,,,1.1643,0.7111,51188.0,39940.0,54.75,42.5,0,NO,48.69,48.44,,47.89,,,63,0.0,18199.0,NO,NO,2026-07-07,403800.0
4400,BKSY,21.51,23.1,529709.0,Industrials,Specialty Business Services,7.0,9.0,0.0,34.0,1.8462,1.7337,1457706.0,776610.0,52.88,12.41,880702720,NO,27.34,25.69,26.96,25.38,29.27,,1681,0.0,824646.0,NO,NO,2022-05-25,19075850.0
4401,RJET,17.11,17.41,65783.0,Industrials,Airlines,7.0,1.0,15.0,5.0,0.7921,0.7679,133601.0,75460.0,26.7,15.37,801315712,NO,19.74,19.23,19.39,19.12,19.16,,2024,0.0,92759.0,NO,NO,2024-01-19,4168380.0
4402,CRWV,81.68,84.89,12081539.0,Technology,Software - Infrastructure,7.0,18.0,2.0,68.0,6.0536,5.51,28578304.0,20284760.0,153.2,60.55,45060595712,NO,91.57,86.63,91.35,83.73,93.16,,359,0.0,15591995.0,YES,NO,2026-08-12,87308400.0
4403,GBX,41.79,45.07,575743.0,Industrials,Railroads,7.0,2.0,12.0,3.0,1.1836,1.0564,469167.0,273140.0,59.19,38.23,1293124096,NO,46.2,48.05,49.31,47.31,49.87,,8087,0.0,942702.0,NO,NO,2008-02-04,5236800.0
4404,CROB,22.46,22.95,2931.0,ETF,ETF,7.0,,,,,,15310.0,15310.0,33.01,22.3,0,NO,,,,,,,10,0.0,4362.0,NO,NO,2026-08-26,34900.0
4405,GDT,35.5,36.25,1399.0,ETF,ETF,7.0,80.0,16.0,5.0,0.5658,0.2279,2952.0,3530.0,46.14,33.07,0,NO,36.24,34.83,,35.17,37.97,,153,0.0,1405.0,NO,NO,2026-03-18,100400.0
4406,RH,142.87,149.15,331374.0,Consumer Cyclical,Specialty Retail,7.0,3.0,23.0,13.0,8.13,7.4757,837906.0,729560.0,257.0,106.3,2703894528,NO,168.69,169.01,162.73,168.27,152.89,,3476,0.0,524847.0,NO,NO,2016-06-09,29946300.0
4407,MRAX,22.75,24.58,2048.0,ETF,ETF,7.0,,,,4.4193,3.0911,11373.0,10000.0,41.0,22.75,0,NO,,,,,,,15,0.0,2049.0,NO,NO,2026-08-25,30500.0
4408,BNT,39.66,41.24,8685.0,Financial Services,Insurance - Diversified,7.0,7.0,9.0,10.0,0.7818,0.5776,20936.0,11130.0,49.86,39.59,10881673216,NO,43.12,43.17,44.68,42.78,43.77,,1300,0.0,9933.0,NO,NO,2022-03-31,618150.0
4409,MQ,16.12,16.42,383380.0,Technology,Software - Infrastructure,7.0,9.0,14.0,50.0,0.5007,0.4714,1139674.0,691000.0,25.16,14.8,1678593664,NO,16.16,16.53,17.04,16.62,16.3,,1313,0.0,685061.0,NO,NO,2024-11-05,20095250.0
4410,KEQU,37.67,37.67,2076.0,Consumer Cyclical,"Furnishings, Fixtures & Appliances",7.0,79.0,13.0,11.0,0.6039,0.5589,4734.0,2010.0,57.88,33.27,108056808,NO,36.88,36.54,37.74,36.94,37.4,,11709,0.0,2305.0,NO,NO,2006-11-29,338600.0
4411,CWCO,29.01,29.77,47689.0,Utilities,Utilities - Regulated Water,7.0,29.0,21.0,4.0,0.8528,0.8414,99080.0,90710.0,39.12,28.17,464533216,NO,30.21,29.64,32.99,29.62,31.65,,7952,0.0,70762.0,NO,NO,2023-06-23,2216500.0
4412,NLR,115.6,118.23,293131.0,ETF,ETF,7.0,85.0,9.0,3.0,3.9921,3.15,436153.0,384160.0,168.12,101.92,0,NO,118.06,114.39,131.3,114.52,128.02,,4791,0.0,348631.0,NO,NO,2025-10-22,1763500.0
4413,ZIONP,17.71,18.1151,8490.0,Financial Services,Banks - Regional,7.0,23.0,15.0,12.0,0.2162,0.1792,4489.0,5092.0,23.4,17.71,0,NO,18.24,18.31,19.3,18.25,18.85,,4945,0.0,8553.0,NO,NO,2009-11-23,2278787.0
4414,YELP,22.26,22.35,693940.0,Communication Services,Internet Content & Information,7.0,2.0,18.0,32.0,0.9289,0.8868,1153744.0,878660.0,34.49,19.6,1207908224,NO,23.93,24.92,25.91,24.87,24.46,,3645,0.0,1044823.0,NO,NO,2017-05-10,47155000.0
4415,XPP,21.34,21.02,976.0,ETF,ETF,7.0,9.0,34.0,9.0,0.3371,0.13,4180.0,2710.0,31.79,16.57,0,NO,21.31,20.18,23.62,20.47,21.71,,4337,0.0,3097.0,NO,NO,2024-10-07,331800.0
4416,AEVA,15.15,15.66,1507139.0,Technology,Software - Infrastructure,7.0,2.0,0.0,43.0,1.7711,1.6132,1963128.0,1551660.0,31.3,8.83,1056390784,NO,20.37,20.05,16.98,19.34,18.16,,1636,0.0,2071221.0,NO,NO,2026-01-06,21602400.0
4417,GLDN,16.97,17.36,4225.0,ETF,ETF,7.0,93.0,42.0,3.0,0.5047,0.2843,7584.0,10730.0,22.64,13.36,0,NO,16.77,15.29,,15.68,,,135,0.0,5162.0,NO,NO,2026-07-17,27300.0
4418,FUL,53.86,54.95,241143.0,Basic Materials,Specialty Chemicals,7.0,20.0,8.0,6.0,2.0793,1.9389,760450.0,571090.0,68.63,48.71,2896984832,NO,59.3,58.36,60.17,57.53,60.0,,13495,0.0,380714.0,NO,NO,2006-09-27,3686400.0
4419,NN,15.38,15.87,1693900.0,Technology,Software - Infrastructure,7.0,92.0,3.0,11.0,1.2294,1.213,2666853.0,2184960.0,24.42,10.87,2598828544,NO,16.85,15.82,16.85,15.56,17.6,,1463,0.0,2320148.0,NO,NO,2026-04-22,16903000.0
4420,RRX,157.41,158.45,930236.0,Industrials,Specialty Industrial Machinery,7.0,0.0,4.0,2.0,5.8914,5.445,1196669.0,1246620.0,247.8,127.96,10478716928,NO,172.13,197.15,187.06,189.87,199.57,,11709,0.0,1313131.0,NO,NO,2021-10-05,5195500.0
4421,CRTO,17.26,17.65,110647.0,Communication Services,Advertising Agencies,7.0,1.0,12.0,17.0,0.7225,0.7054,460506.0,444450.0,25.29,15.57,845697920,NO,17.87,19.67,19.04,19.62,18.47,,3227,0.0,159772.0,NO,NO,2017-12-14,16662500.0
4422,GXO,46.32,47.73,847330.0,Industrials,Integrated Freight & Logistics,7.0,7.0,13.0,3.0,1.2261,1.1626,1396353.0,1116000.0,66.85,45.0,5312189440,NO,47.47,49.88,52.99,49.62,52.43,,1283,0.0,1364553.0,NO,NO,2024-10-10,7241500.0
4423,APLD,24.33,25.41,10096635.0,Technology,Information Technology Services,6.0,2.0,0.0,13.0,1.8419,1.6994,19123815.0,15396430.0,50.73,13.16,6925640704,NO,28.43,30.29,32.16,28.18,32.37,,1100,0.0,14939563.0,YES,NO,2025-06-02,239746500.0
4424,CPRT,32.35,32.99,3479635.0,Industrials,Specialty Business Services,6.0,88.0,50.0,8.0,1.2014,1.16,12030807.0,10136570.0,50.11,26.81,31167844352,NO,31.43,29.82,34.61,30.25,32.43,,8168,0.0,5528993.0,NO,NO,2002-09-18,277684800.0
4425,OSIS,209.65,207.91,136168.0,Technology,Electronic Components,6.0,10.0,28.0,3.0,9.0389,8.0561,248226.0,446470.0,311.72,186.5,3343349504,NO,222.0,218.73,252.27,217.97,243.23,,7272,0.01,192270.0,NO,NO,2000-03-17,22021400.0
4426,STLR,20.44,20.68,313.0,ETF,ETF,6.0,60.0,2.0,,0.8671,0.2984,2150.0,2510.0,31.78,17.18,0,NO,20.0,21.17,,21.17,,,105,0.0,328.0,NO,NO,2026-06-22,20200.0
4427,TWSC,21.44,21.64,174.0,ETF,ETF,6.0,73.0,,,0.6008,0.0379,589.0,180.0,29.94,17.9,0,NO,22.17,,,22.25,,,46,0.0,176.0,NO,NO,2026-06-26,10100.0
4428,GDS,31.1,31.85,820446.0,Technology,Information Technology Services,6.0,13.0,9.0,5.0,1.5468,1.4075,2072538.0,1530680.0,48.61,26.97,6235751424,NO,32.89,32.09,37.75,32.21,37.29,,2469,0.0,1147486.0,NO,NO,2018-07-31,31598300.0
4429,MCD,261.4,263.54,2614588.0,Consumer Cyclical,Restaurants,6.0,16.0,17.0,4.0,5.0879,4.5271,4602047.0,4233480.0,341.75,259.85,184984584192,NO,269.7,270.25,296.87,269.78,290.06,,15139,0.0,3697196.0,NO,NO,2006-10-05,86981300.0
4430,EVR,287.45,286.43,370498.0,Financial Services,Capital Markets,6.0,5.0,6.0,12.0,9.0614,8.7364,466204.0,475370.0,388.71,265.87,11060840448,NO,299.53,323.67,330.27,316.27,322.41,,5043,0.0,556889.0,NO,NO,2018-03-23,7295000.0
4431,NC,41.89,42.79,3863.0,Energy,Thermal Coal,6.0,4.0,6.0,2.0,1.6482,1.6439,14819.0,20080.0,59.42,37.76,315876160,NO,42.47,45.99,49.32,44.91,49.16,,12402,0.0,7859.0,NO,NO,2000-06-02,12284958.0
4432,MAGC,18.92,19.039,19595.0,ETF,ETF,6.0,6.0,27.0,12.0,0.3345,0.1841,5985.0,5820.0,30.0,16.28,0,NO,19.9,19.23,21.39,19.41,19.87,,478,0.0,29634.0,NO,NO,2024-10-07,2711400.0
4433,QQDN,20.99,20.583,3623.0,ETF,ETF,6.0,13.0,70.0,2.0,0.3331,0.1259,2539.0,1540.0,35.03,19.62,0,NO,20.78,22.27,25.01,21.74,24.61,,306,1.03,4511.0,NO,NO,2025-11-20,33900.0
4434,ONIT,33.62,34.24,52387.0,Financial Services,Mortgage Finance,6.0,7.0,41.0,5.0,1.6125,1.6018,69111.0,70750.0,54.1,33.0,280837216,NO,36.92,37.97,41.16,37.74,39.05,,7530,0.0,74532.0,NO,NO,2017-04-20,4368720.0
4435,MNSX,23.19,23.19,210.0,ETF,ETF,6.0,2.0,,,0.7729,0.1994,643.0,390.0,31.97,22.03,0,NO,24.29,,,24.99,,,48,0.0,211.0,NO,NO,2026-06-24,9500.0
4436,SARK,25.51,24.9,77915.0,ETF,ETF,6.0,2.0,16.0,7.0,0.7206,0.5488,185292.0,144460.0,35.67,24.29,0,NO,26.16,27.38,29.44,27.13,29.18,,1206,1.85,86535.0,NO,NO,2023-03-13,3684533.0
4437,STWD,15.54,15.7,2827172.0,Real Estate,REIT - Mortgage,6.0,19.0,13.0,9.0,0.2554,0.2446,3928158.0,3525910.0,20.84,15.49,5901609472,NO,16.23,16.43,17.49,16.32,17.1,,4289,0.0,5286449.0,NO,NO,2023-03-17,55578500.0
4438,TRMB,59.29,59.94,2149152.0,Technology,Scientific & Technical Instruments,6.0,75.0,56.0,9.0,2.2164,2.1136,3296126.0,4898730.0,84.42,47.92,13825232896,NO,58.82,55.24,65.17,56.59,60.0,,9094,0.0,3648764.0,NO,NO,2021-01-20,53094000.0
4439,XRP,15.2,15.53,1512795.0,ETF,ETF,6.0,96.0,68.0,24.0,0.9272,0.4961,994560.0,2880180.0,26.88,11.08,0,NO,13.11,12.56,,13.0,14.26,,194,0.0,1843196.0,NO,NO,2026-08-20,5970400.0
4440,VICI,25.51,25.65,3953823.0,Real Estate,REIT - Diversified,6.0,18.0,13.0,7.0,0.3931,0.3471,9659806.0,7487520.0,33.83,25.46,28093990912,NO,26.22,26.45,27.95,26.41,27.68,,2177,0.0,10264760.0,YES,NO,2022-06-07,198882200.0
4441,GNRC,181.36,185.38,575195.0,Industrials,Specialty Industrial Machinery,6.0,7.0,2.0,5.0,8.9793,7.3564,1064230.0,1112090.0,296.44,134.8,10704802816,NO,208.58,224.83,207.87,211.68,228.35,,4163,0.0,948150.0,NO,NO,2020-02-12,13312000.0
4442,BLSH,33.28,34.03,674496.0,Technology,Software - Infrastructure,6.0,97.0,64.0,28.0,2.1333,1.9704,1670385.0,1752110.0,74.98,20.55,5046857216,NO,27.58,25.35,34.17,26.3,31.61,,264,0.0,1068790.0,NO,NO,2025-08-13,58207600.0
4443,SEB,4054.43,3910.25,24322.0,Industrials,Conglomerates,6.0,9.0,4.0,5.0,152.7521,151.2179,11628.0,21710.0,5989.37,3140.01,3883308032,NO,4238.56,4447.25,4841.59,4360.41,4923.02,,13494,0.25,27943.0,NO,NO,1993-05-25,400000.0
4444,ACN,188.15,189.76,2514411.0,Technology,Information Technology Services,6.0,90.0,19.0,12.0,6.9179,6.5579,8399065.0,5063650.0,291.09,118.15,115118538752,NO,179.72,156.7,204.02,164.24,178.42,,6316,0.0,3407477.0,NO,NO,2011-07-05,89655900.0
4445,JEDI,25.31,26.31,211169.0,ETF,ETF,6.0,80.0,1.0,14.0,1.2324,1.0144,247158.0,495360.0,42.99,21.91,0,NO,28.5,26.83,27.55,26.77,28.38,,233,0.0,230684.0,NO,NO,2026-05-28,1082800.0
4446,TATT,37.15,36.33,95061.0,Industrials,Aerospace & Defense,6.0,11.0,8.0,1.0,1.6893,1.5679,205777.0,122880.0,64.5,31.52,482230848,NO,38.95,41.45,43.87,40.41,42.96,,9930,0.0,134850.0,NO,NO,2021-07-02,34329500.0
4447,CWEN,31.61,31.75,953875.0,Utilities,Utilities - Renewable,6.0,32.0,4.0,6.0,0.825,0.785,1323231.0,1077300.0,41.74,27.67,7794930688,NO,32.89,33.4,36.31,32.69,36.82,,2840,0.0,1495804.0,NO,NO,2023-11-29,19954500.0
4448,ROOT,54.9,55.49,94848.0,Financial Services,Insurance - Property & Casualty,6.0,62.0,20.0,71.0,2.6727,2.6299,256087.0,209080.0,104.47,40.91,850579584,NO,54.29,56.94,59.93,56.67,53.7,,1466,0.0,156922.0,NO,NO,2024-10-31,13509200.0
4449,NEN,55.46,56.0,7.0,Real Estate,Real Estate Services,6.0,14.0,11.0,10.0,1.0114,0.7943,650.0,1080.0,73.5,52.08,192307856,NO,55.74,56.89,61.37,56.43,59.2,,9766,0.0,600.0,NO,NO,2006-07-07,229800.0
4450,ROBN,28.83,29.51,746880.0,ETF,ETF,6.0,97.0,82.0,87.0,3.4668,2.9304,939161.0,916320.0,123.06,14.49,0,NO,27.16,29.66,34.81,29.43,24.63,,397,0.0,767985.0,NO,NO,2025-04-04,6933000.0
4451,DRV,19.31,19.12,102337.0,ETF,ETF,6.0,83.0,12.0,14.0,0.5638,0.4867,135114.0,140220.0,27.75,16.26,0,NO,18.16,18.1,21.78,18.01,20.01,,4308,0.0,130839.0,NO,NO,2022-11-10,1617500.0
4452,NVDD,30.76,30.24,82550.0,ETF,ETF,6.0,6.0,42.0,5.0,0.9356,0.6666,158701.0,223010.0,45.0,29.0,0,NO,30.82,32.55,36.01,31.89,34.72,,744,0.0,93672.0,NO,NO,2025-09-25,3858720.0
4453,EXP,191.4,194.26,305719.0,Basic Materials,Building Materials,6.0,9.0,8.0,9.0,5.665,5.345,449531.0,344300.0,245.53,171.99,5871410176,NO,206.12,211.05,211.09,207.34,207.56,,8151,0.0,524277.0,NO,NO,2013-04-30,6959300.0
4454,QVCG,16.95,17.59,44436.0,Consumer Cyclical,Specialty Retail,6.0,,,,1.0107,0.9993,174893.0,123960.0,20.0,14.6,0,YES,,,,,,,16,0.0,59906.0,NO,NO,2026-08-10,772900.0
4455,RTO,24.28,23.79,1697127.0,Industrials,Specialty Business Services,6.0,75.0,5.0,5.0,0.3829,0.3607,1203319.0,1293660.0,34.67,23.22,12221376512,NO,24.0,26.92,29.97,26.12,29.76,,7492,0.04,2076395.0,NO,NO,2022-10-18,11853100.0
4456,XYL,106.84,110.11,1201636.0,Industrials,Specialty Industrial Machinery,6.0,7.0,35.0,6.0,2.8214,2.5814,1872730.0,1774900.0,154.27,105.29,24945731584,NO,116.82,117.92,124.99,117.18,117.89,,3741,0.0,1881817.0,NO,NO,2023-05-25,20241700.0
4457,SDS,55.39,54.5,2408894.0,ETF,ETF,6.0,17.0,37.0,6.0,0.7254,0.5621,2839495.0,2229150.0,80.5,52.54,0,NO,54.0,56.06,64.01,55.61,61.9,,5065,1.32,2873191.0,NO,NO,2025-11-26,12628000.0
4458,SHAK,67.93,68.89,661358.0,Consumer Cyclical,Restaurants,6.0,84.0,80.0,2.0,2.2321,2.1144,1942069.0,891060.0,107.46,51.6,2906148608,NO,72.21,63.67,79.7,65.29,75.24,,2913,0.0,1014973.0,NO,NO,2015-01-30,16264900.0
4459,SHPU,15.41,17.16,40463.0,ETF,ETF,6.0,97.0,85.0,56.0,1.268,1.0924,135088.0,54760.0,46.43,7.96,0,NO,17.61,14.33,17.98,14.91,13.65,,269,0.0,47695.0,NO,NO,2026-05-05,1723100.0
4460,XLKX,21.02,21.53,132.0,ETF,ETF,6.0,94.0,,,0.4764,0.0507,951.0,310.0,24.55,17.11,0,NO,20.97,20.6,,20.53,,,61,0.0,100.0,NO,NO,2026-07-10,10900.0
4461,OTEX,23.82,24.93,613454.0,Technology,Software - Application,6.0,10.0,16.0,26.0,0.7468,0.6746,1863763.0,1270360.0,39.9,19.78,5780217344,NO,24.69,23.66,25.8,24.02,23.41,,7700,0.0,2204652.0,NO,NO,1996-01-24,37326400.0
4462,TESC,22.0,20.49,57.0,ETF,ETF,6.0,97.0,,,0.8429,0.095,582.0,180.0,31.92,14.8,0,NO,19.01,,,21.47,,,45,6.78,300.0,NO,NO,2026-06-26,9700.0
4463,RFIX,34.71,34.77,493456.0,ETF,ETF,6.0,8.0,10.0,7.0,0.9627,0.8752,361282.0,319410.0,45.79,34.42,0,NO,35.95,37.21,38.71,36.63,38.68,,431,0.0,501216.0,NO,NO,2026-03-19,1702100.0
4464,RYAAY,53.86,55.37,535696.0,Industrials,Airlines,6.0,7.0,11.0,6.0,1.2257,1.0943,1306447.0,1329960.0,74.24,53.14,27926425600,NO,57.57,60.43,62.83,59.21,59.99,,7360,0.0,724552.0,NO,NO,1997-05-29,169361878.0
4465,EPAM,116.25,117.83,664373.0,Technology,Information Technology Services,6.0,87.0,76.0,7.0,4.7914,4.4986,1629850.0,1289180.0,222.53,73.06,5997502464,NO,105.75,95.26,139.54,99.36,112.22,,3661,0.0,1094772.0,NO,NO,2026-06-01,16724500.0
4466,MSB,24.75,24.46,28562.0,Basic Materials,Steel,6.0,89.0,19.0,5.0,0.9193,0.9093,39866.0,33550.0,42.38,21.6,0,NO,23.35,23.79,29.82,23.69,27.08,,13495,0.0,34351.0,NO,NO,2010-12-16,2792800.0
4467,RM,31.94,32.09,42104.0,Financial Services,Credit Services,6.0,26.0,8.0,30.0,1.0171,0.9542,85739.0,98170.0,46.0,30.46,294671872,NO,32.98,37.6,36.5,36.57,35.64,,3627,0.0,62084.0,NO,NO,2014-10-31,2797700.0
4468,GXRP,26.38,26.87,34162.0,ETF,ETF,6.0,96.0,69.0,25.0,1.5495,0.7701,39042.0,80760.0,46.51,19.25,0,NO,22.73,21.78,,22.55,24.73,,192,0.0,38033.0,NO,NO,2026-01-29,636800.0
4469,XBCI,38.07,39.21,256385.0,ETF,ETF,6.0,94.0,13.0,11.0,1.2379,0.89,144307.0,196590.0,50.45,29.12,0,NO,34.43,32.91,,33.8,38.7,,145,0.0,274979.0,NO,NO,2026-06-02,419000.0
4470,DOCS,26.43,26.71,1070548.0,Healthcare,Health Information Services,6.0,95.0,89.0,45.0,1.1141,1.053,4705365.0,2755480.0,76.51,17.15,4705693696,NO,24.98,22.79,29.32,23.6,23.15,,1302,0.0,1914622.0,NO,NO,2026-08-07,65315800.0
4471,TMDX,82.35,84.87,512480.0,Healthcare,Medical Devices,6.0,84.0,92.0,0.0,3.8774,3.4666,966673.0,655500.0,156.0,60.1,2855324672,NO,88.06,79.24,105.32,80.41,92.59,,1843,0.0,883815.0,NO,NO,2024-10-29,11704800.0
4472,GME,18.79,18.38,9590932.0,Consumer Cyclical,Specialty Retail,5.0,45.0,11.0,5.0,0.435,0.4057,5693790.0,5874280.0,28.1,17.79,8435395584,NO,18.44,20.39,22.21,20.2,22.14,,6177,0.0,11561347.0,YES,NO,2021-01-22,788631600.0
4473,TAN,46.93,47.57,431902.0,ETF,ETF,5.0,12.0,2.0,7.0,1.2564,1.045,1208385.0,1053440.0,75.6,39.75,0,NO,50.52,52.91,55.12,51.64,56.72,,4624,0.0,715344.0,NO,NO,2021-01-06,7216500.0
4474,KMPR,27.68,28.18,545066.0,Financial Services,Insurance - Property & Casualty,5.0,20.0,82.0,8.0,1.0171,0.9421,1096131.0,959180.0,54.64,22.69,1629638784,NO,27.56,27.97,32.3,28.17,29.25,,9156,0.0,896397.0,NO,NO,2026-03-20,10970500.0
4475,LASR,40.45,42.27,1023366.0,Technology,Semiconductors,5.0,0.0,1.0,0.0,3.2325,2.9589,1298417.0,1191900.0,86.95,27.22,2333280000,NO,52.27,61.12,57.11,58.48,63.57,,2098,0.0,2700405.0,NO,NO,2026-06-26,5746600.0
4476,CTGO,18.88,19.5,236286.0,Basic Materials,Gold,5.0,94.0,19.0,1.0,0.9693,0.8186,513466.0,379030.0,34.38,14.5,631360256,NO,19.56,17.45,22.59,17.99,20.64,,3946,0.0,297461.0,NO,NO,2026-06-18,3880700.0
4477,ACES,29.81,30.14,108707.0,ETF,ETF,5.0,21.0,2.0,12.0,0.7086,0.5561,70176.0,45700.0,43.0,28.57,0,NO,31.47,32.4,34.33,31.81,34.27,,2053,0.0,124125.0,NO,NO,2022-06-23,1543500.0
4478,SWMR,32.49,33.14,185455.0,Technology,Software - Infrastructure,5.0,3.0,1.0,,4.0379,3.73,400220.0,311380.0,83.3,11.25,518748704,NO,39.5,40.1,,38.65,,,116,0.0,265672.0,NO,NO,2026-03-18,22064400.0
4479,FIZZ,31.76,31.63,186642.0,Consumer Defensive,Beverages - Non-Alcoholic,5.0,46.0,7.0,8.0,0.8986,0.8614,465828.0,310830.0,42.22,30.01,2973120512,NO,31.89,31.98,33.91,32.05,34.15,,8803,0.0,305291.0,NO,NO,2019-03-08,10830000.0
4480,ROAD,99.41,106.2,562656.0,Industrials,Engineering & Construction,5.0,20.0,9.0,3.0,5.0546,4.6489,908782.0,536490.0,151.0,93.42,5640367104,NO,113.08,109.87,114.78,108.27,116.13,,2092,0.0,800030.0,NO,NO,2026-07-21,8955200.0
4481,GIL,50.33,52.13,880348.0,Consumer Cyclical,Apparel Manufacturing,5.0,6.0,7.0,3.0,1.4936,1.3343,1620592.0,795320.0,73.7,46.55,9319779328,NO,55.83,53.75,59.22,53.73,57.71,,7093,0.0,1376790.0,NO,NO,2008-04-29,31436000.0
4482,RKNG,21.62,22.455,1160.0,ETF,ETF,5.0,48.0,3.0,60.0,0.8006,0.3415,4811.0,2620.0,30.71,16.55,0,NO,23.57,24.15,,23.36,23.49,,153,0.0,1162.0,NO,NO,2026-01-23,258700.0
4483,EUV,22.7,23.37,370786.0,ETF,ETF,5.0,21.0,6.0,,1.0543,0.7507,1182853.0,655510.0,32.0,20.61,0,NO,25.24,25.83,,24.99,,,81,0.0,427745.0,NO,NO,2026-07-01,4451600.0
4484,CTEX,31.13,31.416,1097.0,ETF,ETF,5.0,8.0,2.0,8.0,0.7586,0.4206,1211.0,650.0,51.5,26.27,0,NO,34.19,36.48,38.12,35.14,38.14,,1234,0.0,1114.0,NO,NO,2024-10-11,91600.0
4485,KJD,16.08,16.482,1591.0,ETF,ETF,5.0,0.0,8.0,55.0,0.7434,0.4616,3439.0,1400.0,28.34,13.18,0,NO,19.1,18.26,18.72,18.47,18.24,,220,0.0,1679.0,NO,NO,2025-11-19,53900.0
4486,NEHI,31.47,32.09,47570.0,ETF,ETF,5.0,93.0,66.0,20.0,0.8096,0.6063,66850.0,93650.0,56.34,22.86,0,NO,28.91,27.12,,27.99,30.42,,186,0.0,51943.0,NO,NO,2026-05-18,205600.0
4487,ALK,40.44,41.33,1427795.0,Industrials,Airlines,5.0,2.0,12.0,6.0,1.5929,1.3918,2997523.0,2378500.0,65.88,33.03,4512672256,NO,45.11,47.2,45.88,45.88,44.41,,11709,0.0,2263634.0,NO,NO,2023-12-15,33770600.0
4488,CORZ,16.18,16.3,8881698.0,Technology,Software - Infrastructure,5.0,0.0,0.0,50.0,1.0982,1.0311,12315758.0,11189630.0,30.46,13.13,5194468864,NO,18.85,21.48,19.65,20.09,20.66,,654,0.0,11612609.0,YES,NO,2025-07-07,107713800.0
4489,ZSL,25.0,23.18,3710529.0,ETF,ETF,5.0,1.0,92.0,93.0,1.4286,1.01,2698479.0,3396450.0,203.3,14.4,0,NO,24.19,28.24,35.44,27.31,24.05,,4462,6.17,4127308.0,NO,NO,2026-01-30,100224410.0
4490,POST,83.46,83.36,456258.0,Consumer Defensive,Packaged Foods,5.0,7.0,15.0,5.0,2.5493,2.375,922765.0,881000.0,117.28,75.4,3782622720,NO,81.82,86.3,96.9,85.35,94.61,,3669,0.0,850547.0,NO,NO,2014-08-08,19394598.0
4491,KDEF,40.46,42.37,39990.0,ETF,ETF,5.0,91.0,5.0,1.0,1.5341,0.8063,82219.0,41480.0,67.41,33.17,0,NO,43.26,40.93,50.02,40.98,50.47,,393,0.0,41034.0,NO,NO,2026-06-10,567400.0
4492,QLDY,40.24,40.819,28259.0,ETF,ETF,5.0,25.0,6.0,15.0,0.5754,0.4409,46358.0,34670.0,52.35,37.4,0,NO,41.77,42.79,44.67,42.16,43.29,,239,0.0,28921.0,NO,NO,2026-06-15,124400.0
4493,TECY,21.16,21.28,19179.0,ETF,ETF,5.0,15.0,7.0,,0.1736,0.0493,1695.0,6190.0,25.38,21.11,0,NO,21.9,22.28,,21.95,,,82,0.0,22279.0,NO,NO,2026-08-27,49700.0
4494,MARS,24.57,25.06,26660.0,ETF,ETF,5.0,76.0,1.0,,0.8336,0.6214,92196.0,21100.0,45.92,22.29,0,NO,26.71,26.85,,26.32,,,124,0.0,29721.0,NO,NO,2026-05-26,647400.0
4495,QTUP,15.62,16.21,59645.0,ETF,ETF,5.0,45.0,,,0.9018,0.6775,40589.0,56550.0,24.58,14.19,0,NO,17.66,18.02,,17.35,,,58,0.0,64774.0,NO,NO,2026-06-15,156200.0
4496,CYD,36.57,38.34,74695.0,Consumer Cyclical,Auto Manufacturers,5.0,0.0,1.0,4.0,2.0614,1.9106,165093.0,150980.0,61.48,28.65,1372045056,NO,43.56,45.08,44.05,43.53,45.78,,7978,0.0,102457.0,NO,NO,2003-11-12,10089300.0
4497,KSLV,26.26,27.27,71540.0,ETF,ETF,5.0,86.0,4.0,0.0,0.8486,0.6193,89695.0,118650.0,59.97,23.3,0,NO,27.17,25.79,33.3,26.05,31.71,,231,0.0,79719.0,NO,NO,2026-01-30,751500.0
4498,KMCA,19.21,20.07,7894.0,ETF,ETF,5.0,94.0,4.0,,0.6097,0.244,10600.0,9120.0,24.45,14.45,0,NO,19.09,18.78,,18.5,,,80,0.0,7910.0,NO,NO,2026-06-15,66100.0
4499,BTGD,26.46,27.775,24862.0,ETF,ETF,5.0,96.0,27.0,6.0,1.1459,0.6485,42868.0,45610.0,48.86,19.12,0,NO,24.71,22.42,29.59,23.34,26.56,,469,0.0,25396.0,NO,NO,2026-01-30,813100.0
4500,NVOC,20.85,21.7,9.0,ETF,ETF,5.0,0.0,,,0.8314,0.1864,1314.0,160.0,27.19,19.6,0,NO,21.76,,,,,,34,0.0,100.0,NO,NO,2026-08-17,20200.0
4501,LZB,31.41,31.64,554672.0,Consumer Cyclical,"Furnishings, Fixtures & Appliances",5.0,1.0,6.0,9.0,1.5286,1.1943,632023.0,1061500.0,44.9,29.03,1257857280,NO,37.47,38.92,36.88,37.97,36.47,,13495,0.0,868259.0,NO,NO,2003-12-09,6321300.0
4502,MNRS,32.54,32.536,813.0,ETF,ETF,5.0,6.0,1.0,51.0,1.7517,1.1278,8973.0,4400.0,56.46,23.24,0,NO,33.96,36.46,35.57,34.68,35.68,,398,0.0,848.0,NO,NO,2025-01-31,115600.0
4503,YGLD,33.93,35.94,35057.0,ETF,ETF,5.0,85.0,11.0,1.0,1.6213,0.8786,14025.0,19460.0,59.22,30.55,0,NO,36.31,33.64,40.93,34.23,38.96,,436,0.0,35254.0,NO,NO,2024-12-23,271100.0
4504,NVII,23.77,24.65,86778.0,ETF,ETF,5.0,57.0,7.0,13.0,0.8117,0.5752,131531.0,127170.0,34.58,22.0,0,NO,24.55,24.21,26.32,24.43,25.3,,317,0.0,97496.0,NO,NO,2026-06-05,516100.0
4505,NFLX,80.82,81.05,14743215.0,Communication Services,Entertainment,5.0,89.0,24.0,6.0,2.2554,2.0911,42299055.0,27890510.0,126.71,65.08,336716955648,NO,78.23,74.88,87.35,75.62,84.46,,6108,0.0,20847239.0,YES,NO,2004-10-15,3234140000.0
4506,JBTM,116.72,116.87,234314.0,Industrials,Specialty Industrial Machinery,5.0,2.0,10.0,3.0,3.8371,3.8371,570565.0,515060.0,170.19,113.23,6055062016,NO,119.32,130.86,138.91,128.65,132.73,,4556,0.0,399319.0,NO,NO,2025-01-03,3537200.0
4507,BLCK,23.73,24.84,20.0,ETF,ETF,5.0,91.0,7.0,,0.605,0.0857,893.0,370.0,29.68,20.86,0,NO,22.88,23.5,,23.13,,,80,0.0,100.0,NO,NO,2026-05-06,45400.0
4508,REZI,19.27,19.36,1549586.0,Industrials,Industrial Distribution,5.0,1.0,11.0,3.0,1.3764,1.0957,2394318.0,2460720.0,31.52,18.59,2919265792,NO,22.04,22.84,23.93,22.39,23.52,,1969,0.0,2404423.0,NO,NO,2018-10-29,43724318.0
4509,TPB,78.45,80.97,140930.0,Consumer Defensive,Tobacco,5.0,75.0,17.0,2.0,3.4042,3.3339,386428.0,250500.0,146.9,65.8,1573840384,NO,85.3,83.17,95.12,82.67,89.25,,2591,0.0,269830.0,NO,NO,2022-07-27,2226900.0
4510,GOLY,26.23,27.021,10386.0,ETF,ETF,5.0,78.0,15.0,1.0,0.6984,0.5847,26704.0,25860.0,41.72,24.14,0,NO,27.11,25.89,31.29,26.12,29.17,,1328,0.0,11504.0,NO,NO,2022-04-13,547900.0
4511,BOT,25.38,26.07,158843.0,Financial Services,Asset Management,5.0,21.0,83.0,,2.2428,2.1271,610152.0,389320.0,59.0,19.2,617912448,NO,28.58,29.84,,28.93,,,78,0.0,209750.0,NO,NO,2026-05-15,1982600.0
4512,BOOT,149.4,150.63,432384.0,Consumer Cyclical,Apparel Retail,5.0,41.0,9.0,6.0,6.5561,5.9354,682011.0,597890.0,210.25,133.18,4524555264,NO,161.32,160.05,171.76,156.73,163.63,,2975,0.0,716700.0,NO,NO,2018-05-16,7446900.0
4513,MLM,507.8,518.7,574124.0,Basic Materials,Building Materials,5.0,15.0,9.0,4.0,12.1064,11.3764,595396.0,613560.0,710.97,502.56,36063997952,NO,537.11,560.33,602.67,548.94,586.07,,8187,0.0,895846.0,NO,NO,2014-07-01,18481700.0
4514,POOL,183.03,186.52,669127.0,Industrials,Industrial Distribution,5.0,24.0,49.0,6.0,5.5421,5.1993,914803.0,507220.0,336.15,172.68,6651447296,NO,194.22,198.87,216.72,195.85,203.3,,7770,0.0,935867.0,NO,NO,2007-09-21,10618900.0
4515,JOUL,21.44,21.81,2205.0,ETF,ETF,5.0,8.0,7.0,,0.6057,0.3825,8179.0,2640.0,27.74,21.33,0,NO,23.67,24.22,,23.67,,,81,0.0,2476.0,NO,NO,2026-05-29,144300.0
4516,NTGR,20.89,21.16,175651.0,Technology,Communication Equipment,5.0,3.0,4.0,39.0,0.8271,0.7814,364998.0,317200.0,36.86,19.0,567769728,NO,22.61,22.99,23.55,22.77,23.3,,5808,0.0,292072.0,NO,NO,2003-07-31,14755764.0
4517,LAZ,42.54,43.23,457153.0,Financial Services,Capital Markets,5.0,41.0,8.0,7.0,1.5189,1.4846,2177893.0,1235800.0,58.75,38.67,4145060352,NO,43.71,42.84,46.89,43.14,44.73,,5364,0.0,822126.0,NO,NO,2005-05-05,34955500.0
4518,OFLX,26.25,26.64,18069.0,Industrials,Specialty Industrial Machinery,5.0,4.0,8.0,2.0,0.8864,0.8754,44195.0,32560.0,37.92,25.58,264925488,NO,28.57,29.57,30.78,29.0,30.68,,5304,0.0,25526.0,NO,NO,2006-06-30,370100.0
4519,COPZ,17.7,18.85,39501.0,ETF,ETF,4.0,95.0,9.0,2.0,1.1657,0.9443,31142.0,37040.0,26.4,11.85,0,NO,17.84,15.31,,15.8,,,135,0.0,151500.0,NO,NO,2026-06-26,209800.0
4520,TDS,33.54,33.68,448209.0,Communication Services,Telecom Services,4.0,45.0,7.0,3.0,1.0986,1.0607,1103680.0,864420.0,49.12,31.51,3859839232,NO,34.14,34.79,40.48,34.12,40.0,,11267,0.0,1009125.0,NO,NO,2023-01-31,19482900.0
4521,EPV,17.57,17.16,20554.0,ETF,ETF,4.0,71.0,15.0,7.0,0.2079,0.1666,14642.0,11070.0,26.57,16.55,0,NO,16.91,17.68,20.05,17.5,19.21,,4327,0.99,28668.0,NO,NO,2022-10-04,594780.0
4522,ENPH,35.5,36.42,3109504.0,Technology,Solar,4.0,11.0,0.0,5.0,1.8039,1.5825,5427755.0,3910910.0,73.74,25.78,4676200960,NO,39.21,41.34,40.59,39.95,43.28,,3625,0.0,4173425.0,NO,NO,2020-06-17,55172900.0
4523,RGTC,22.78,25.3,6.0,ETF,ETF,4.0,97.0,,,2.3986,0.2464,431.0,250.0,34.37,17.6,0,NO,28.73,,,,,,34,0.0,100.0,NO,NO,2026-07-14,9100.0
4524,AOSL,23.64,24.66,395337.0,Technology,Semiconductors,4.0,0.0,0.0,66.0,2.0107,1.5654,728382.0,597520.0,54.34,17.01,715177536,NO,29.76,33.9,29.37,31.16,32.5,,4110,0.0,615707.0,NO,NO,2022-05-18,5137100.0
4525,BTCI,31.96,32.59,417892.0,ETF,ETF,4.0,91.0,23.0,17.0,0.734,0.536,614166.0,661540.0,64.03,26.52,0,NO,30.02,29.04,35.96,29.58,32.08,,468,0.0,448644.0,NO,NO,2026-02-05,1938000.0
4526,LAZR,41.72,42.81,113645.0,ETF,ETF,4.0,88.0,,,2.4325,1.7354,171745.0,215150.0,50.82,32.55,0,NO,44.53,,,42.23,,,44,0.0,121122.0,NO,NO,2026-08-12,656000.0
4527,SKF,23.13,22.68,19341.0,ETF,ETF,4.0,38.0,5.0,5.0,0.3779,0.34,16671.0,27320.0,33.07,22.13,0,NO,22.56,23.57,26.82,23.22,26.95,,4926,0.97,21541.0,NO,NO,2009-05-07,307125.0
4528,BL,32.03,33.22,429131.0,Technology,Software - Application,4.0,69.0,63.0,10.0,1.5404,1.4826,1130358.0,981380.0,59.57,24.7,1862914944,NO,30.98,29.94,38.6,30.73,31.93,,2472,0.0,709688.0,NO,NO,2024-03-15,11261500.0
4529,VST,137.56,137.37,3249185.0,Utilities,Utilities - Independent Power Producers,4.0,5.0,9.0,8.0,4.3218,4.1379,4353271.0,4029200.0,219.82,132.66,46158229504,NO,141.15,150.76,158.18,147.7,154.33,,2490,0.0,4254879.0,NO,NO,2024-05-07,86269000.0
4530,MDA,28.4,28.89,633130.0,Industrials,Aerospace & Defense,4.0,10.0,2.0,,1.52,1.37,1566885.0,1194290.0,49.37,23.23,4602600960,NO,32.53,33.65,,32.43,,,119,0.0,925642.0,NO,NO,2026-07-09,8492900.0
4531,CSR,52.28,52.49,41445.0,Real Estate,REIT - Residential,4.0,13.0,4.0,7.0,1.1482,1.1239,166911.0,113810.0,69.61,52.14,925014080,NO,54.52,55.43,61.77,55.06,60.12,,7261,0.0,91839.0,NO,NO,2020-02-07,2561800.0
4532,KWEB,25.72,25.81,8114640.0,ETF,ETF,4.0,5.0,16.0,7.0,0.4592,0.3578,20348488.0,15525130.0,43.37,23.23,0,NO,27.2,26.58,30.61,26.71,27.93,,3290,0.0,10802048.0,YES,NO,2022-03-16,103268500.0
4533,NXT,82.77,82.03,2143022.0,Technology,Solar,4.0,8.0,1.0,6.0,4.6804,4.0761,3003465.0,2176090.0,163.13,64.3,12724328448,NO,94.26,101.93,108.63,98.09,113.48,,892,0.0,2754948.0,NO,NO,2026-06-26,27197700.0
4534,THO,74.5,76.0,271233.0,Consumer Cyclical,Recreational Vehicles,4.0,31.0,19.0,4.0,2.2643,2.0457,711888.0,486040.0,122.83,69.71,3873589248,NO,78.57,76.8,89.03,76.6,80.64,,10744,0.0,453893.0,NO,NO,2019-09-30,8293700.0
4535,BTCL,17.46,18.29,71181.0,ETF,ETF,4.0,97.0,77.0,58.0,0.9834,0.6706,94307.0,123790.0,68.29,10.4,0,NO,14.6,13.14,19.98,13.94,15.55,,538,0.0,76547.0,NO,NO,2026-02-05,1017300.0
4536,MGPI,16.47,16.61,204951.0,Consumer Defensive,Beverages - Wineries & Distilleries,4.0,8.0,22.0,9.0,0.6339,0.5882,196952.0,151090.0,29.75,15.72,352689824,NO,17.57,17.45,20.36,17.34,18.43,,9534,0.0,254109.0,NO,NO,2006-05-11,3583300.0
4537,TEMT,24.26,24.63,110926.0,ETF,ETF,4.0,98.0,93.0,35.0,4.0477,3.6145,285528.0,383040.0,152.22,11.52,0,NO,23.0,21.1,30.22,21.58,21.22,,328,0.0,114004.0,NO,NO,2025-08-08,1692667.0
4538,AKAL,19.11,20.08,32.0,ETF,ETF,4.0,,,,1.2786,0.6636,3794.0,1750.0,26.58,17.76,0,NO,,,,,,,17,0.0,300.0,NO,NO,2026-08-07,15600.0
4539,FSLR,198.85,201.9,1077436.0,Technology,Solar,4.0,11.0,2.0,36.0,8.1564,7.6279,2214161.0,1698670.0,320.95,182.99,21364994048,NO,222.61,222.86,231.66,217.79,222.23,,4975,0.0,1687278.0,NO,NO,2013-04-09,40171200.0
4540,REXC,17.58,18.06,66012.0,ETF,ETF,4.0,90.0,4.0,,0.6839,0.5503,147092.0,163620.0,25.39,14.64,0,NO,18.57,18.08,,17.93,,,96,0.0,69855.0,NO,NO,2026-08-05,1321100.0
4541,AIBD,51.17,49.0,5787.0,ETF,ETF,4.0,6.0,84.0,0.0,1.6378,1.0844,8300.0,5090.0,111.7,44.6,0,NO,48.81,53.01,69.89,52.39,66.81,,575,3.53,6990.0,NO,NO,2025-11-20,54650.0
4542,DRNZ,20.62,21.11,103917.0,ETF,ETF,4.0,51.0,2.0,4.0,0.6911,0.5671,155120.0,140820.0,30.12,18.0,0,NO,22.7,21.85,23.94,21.85,24.05,,210,0.0,109615.0,NO,NO,2026-05-28,1092100.0
4543,TMF,30.48,30.93,3567980.0,ETF,ETF,4.0,48.0,8.0,3.0,0.8293,0.5564,3836101.0,4550330.0,44.24,29.45,0,NO,31.04,32.46,36.05,31.84,34.88,,4372,0.0,4097323.0,NO,NO,2025-04-09,33110100.0
4544,MINY,38.6,39.35,4840.0,ETF,ETF,4.0,86.0,9.0,,0.7729,0.4964,5133.0,6250.0,51.4,34.3,0,NO,39.18,37.76,,37.85,,,128,0.0,4910.0,NO,NO,2026-07-20,36400.0
4545,TWM,22.27,21.75,907892.0,ETF,ETF,4.0,50.0,27.0,5.0,0.4175,0.305,563236.0,576760.0,37.66,20.16,0,NO,20.87,21.23,26.49,21.31,24.68,,4931,1.47,1025556.0,NO,NO,2024-08-05,2996640.0
4546,STN,71.78,73.0,170910.0,Industrials,Engineering & Construction,4.0,63.0,16.0,4.0,2.1343,2.0964,454055.0,341860.0,114.52,66.26,8065802752,NO,73.79,71.06,85.38,71.46,79.36,,5300,0.0,255952.0,NO,NO,2021-09-17,1290300.0
4547,CRH,91.62,94.29,4050604.0,Basic Materials,Building Materials,4.0,15.0,7.0,4.0,2.46,2.3064,4400941.0,4021140.0,131.55,91.11,60960014336,NO,96.7,101.19,111.82,98.95,106.74,,9352,0.0,5883686.0,NO,NO,2025-12-19,140096300.0
4548,KGRN,22.71,22.8,16756.0,ETF,ETF,4.0,8.0,5.0,6.0,0.334,0.297,14968.0,13860.0,32.95,22.61,0,NO,23.81,23.77,26.9,23.64,26.26,,2231,0.0,18686.0,NO,NO,2023-04-06,587900.0
4549,XSPC,20.59,20.94,5453.0,ETF,ETF,4.0,86.0,,,0.5754,0.229,3552.0,880.0,25.99,17.41,0,NO,22.28,21.55,,21.38,,,53,0.0,5453.0,NO,NO,2026-06-16,29700.0
4550,XEY,19.69,19.92,57.0,ETF,ETF,4.0,39.0,6.0,,0.0732,0.0057,134.0,100.0,25.44,19.62,0,NO,19.76,20.02,,19.88,,,87,0.0,57.0,NO,NO,2026-05-07,1000.0
4551,ADNT,18.24,18.97,275960.0,Consumer Cyclical,Auto Parts,4.0,3.0,5.0,4.0,0.7644,0.6894,1030709.0,821140.0,27.32,17.68,1430260096,NO,19.41,19.74,20.93,19.68,21.12,,2481,0.0,574290.0,NO,NO,2016-10-31,22653300.0
4552,ENOV,21.22,24.59,2584150.0,Healthcare,Medical Devices,4.0,0.0,17.0,5.0,1.3879,1.3286,1121883.0,656460.0,34.28,19.14,1223169920,NO,25.72,25.55,24.92,25.56,24.19,,4607,0.0,3996303.0,NO,NO,2025-01-13,10728800.0
4553,ETOR,31.97,31.98,648855.0,Financial Services,Capital Markets,4.0,5.0,3.0,49.0,1.2804,1.2209,974112.0,1387270.0,47.7,24.74,2542480896,NO,31.21,35.41,35.09,34.62,34.91,,327,0.0,913382.0,NO,NO,2025-05-14,13071000.0
4554,TSCO,34.81,34.9,4242528.0,Consumer Cyclical,Specialty Retail,4.0,90.0,81.0,1.0,1.035,0.9771,11728328.0,7861260.0,62.26,28.36,18134802432,NO,34.95,32.37,42.29,32.93,37.61,,8187,0.0,7522890.0,NO,NO,1994-02-18,199352000.0
4555,SGI,63.87,64.75,3257719.0,Consumer Cyclical,"Furnishings, Fixtures & Appliances",4.0,20.0,14.0,3.0,2.0414,1.9014,2944220.0,4111930.0,98.56,60.39,13434992640,NO,65.1,69.95,79.29,68.38,73.78,,5710,0.0,4650074.0,NO,NO,2012-06-06,167095200.0
4556,GAVA,17.86,17.56,1187.0,ETF,ETF,4.0,89.0,8.0,,0.5371,0.2914,2665.0,2230.0,24.97,14.5,0,NO,16.65,16.19,,16.43,,,120,0.0,2296.0,NO,NO,2026-05-29,19200.0
4557,NVPS,21.95,22.42,2373.0,ETF,ETF,4.0,74.0,,,0.5817,0.2324,15931.0,6780.0,35.0,19.07,0,NO,22.9,23.34,,22.77,,,51,0.0,2374.0,NO,NO,2026-06-22,141700.0
4558,TYYY,38.85,37.42,30.0,ETF,ETF,4.0,89.0,3.0,,0.8043,0.1314,204.0,130.0,49.8,32.15,0,NO,36.25,39.04,,38.26,,,73,0.0,100.0,NO,NO,2026-05-18,1500.0
4559,FOA,17.53,17.75,43982.0,Financial Services,Credit Services,4.0,0.0,9.0,11.0,0.7976,0.774,57031.0,58570.0,29.79,15.77,161590768,NO,20.46,22.91,21.47,22.21,20.6,,1853,0.0,75089.0,NO,NO,2023-04-06,2674660.0
4560,FN,405.05,412.93,575905.0,Technology,Electronic Components,4.0,7.0,1.0,2.0,34.9279,24.7871,990671.0,1277760.0,748.89,313.0,14519212032,NO,493.83,497.11,536.45,476.46,559.02,,4070,0.0,860783.0,NO,NO,2024-09-20,7225100.0
4561,MZTI,111.25,112.65,369912.0,Consumer Defensive,Packaged Foods,4.0,77.0,59.0,2.0,3.4329,3.3057,336955.0,405310.0,186.95,104.28,3035850752,NO,113.96,111.98,138.32,111.73,125.77,,11709,0.0,542242.0,NO,NO,1990-04-03,5704400.0
4562,RMBS,84.25,86.69,1001648.0,Technology,Semiconductors,4.0,8.0,0.0,18.0,4.1729,3.5614,2930134.0,1973980.0,174.1,70.9,9141686272,NO,93.67,101.55,108.09,97.73,111.28,,7371,0.0,1845824.0,NO,NO,2000-06-16,64340700.0
4563,SPXS,25.3,24.72,11842276.0,ETF,ETF,4.0,12.0,31.0,2.0,0.4956,0.3863,11578474.0,11257070.0,44.83,23.4,0,NO,24.39,25.87,31.83,25.54,30.28,,4471,1.86,13470280.0,YES,NO,2026-03-09,39720500.0
4564,YINN,29.05,29.11,473763.0,ETF,ETF,4.0,5.0,20.0,5.0,0.9511,0.6418,1512314.0,892370.0,57.71,20.69,0,NO,29.84,27.67,36.01,28.25,31.36,,4210,0.0,540054.0,NO,NO,2024-10-08,59687000.0
4565,MP,53.71,54.75,2999513.0,Basic Materials,Other Industrial Metals & Mining,4.0,95.0,3.0,9.0,3.5218,3.3431,5960157.0,5651170.0,100.25,37.81,9567617024,NO,55.62,51.54,57.7,51.32,56.2,,1557,0.0,3751672.0,NO,NO,2025-07-10,86416200.0
4566,SUIS,18.84,18.83,314.0,ETF,ETF,4.0,82.0,6.0,4.0,0.8016,0.3787,2026.0,3510.0,34.31,17.01,0,NO,18.49,18.6,,18.83,,,135,0.0,1662.0,NO,NO,2026-05-28,23400.0
4567,DKNG,23.6,24.29,5364920.0,Consumer Cyclical,Gambling,4.0,41.0,10.0,30.0,1.0987,1.0644,12216592.0,9365330.0,48.78,20.46,11731209216,NO,24.63,24.8,26.86,24.78,24.39,,1785,0.0,8232603.0,NO,NO,2022-01-26,90381900.0
4568,MATW,20.28,20.77,707536.0,Industrials,Conglomerates,3.0,0.0,4.0,4.0,0.8064,0.7936,480366.0,723880.0,30.93,20.21,632691008,NO,22.99,25.47,26.12,24.59,25.82,,8083,0.0,1087416.0,NO,NO,2007-05-10,4387600.0
4569,NAMS,24.91,25.34,394518.0,Healthcare,Biotechnology,3.0,5.0,4.0,4.0,1.1089,0.9817,1118500.0,1035920.0,42.2,23.05,2912078080,NO,27.23,30.12,32.8,29.37,31.52,,1396,0.0,714352.0,NO,NO,2024-12-10,9602500.0
4570,TIMB,18.18,17.94,441639.0,Communication Services,Telecom Services,3.0,11.0,6.0,2.0,0.4686,0.4057,472692.0,599210.0,28.22,17.14,8641215488,NO,17.96,20.0,22.79,19.61,22.87,,6989,0.5,587286.0,NO,NO,2012-07-19,10590000.0
4571,RBA,82.73,84.58,1199530.0,Industrials,Specialty Business Services,3.0,0.0,4.0,6.0,2.6579,2.5686,1498493.0,2051500.0,119.58,82.03,15321596928,NO,88.56,102.65,103.83,98.86,101.97,,7164,0.0,1507098.0,NO,NO,2024-06-21,27178500.0
4572,SPXU,35.47,34.64,5566464.0,ETF,ETF,3.0,11.0,30.0,2.0,0.6893,0.5432,8554328.0,6557920.0,63.12,32.82,0,NO,34.18,36.24,44.71,35.79,42.43,,4322,1.96,6873615.0,NO,NO,2026-06-09,24299300.0
4573,SBIT,37.07,35.77,952536.0,ETF,ETF,3.0,0.0,2.0,1.0,3.1521,2.3518,841768.0,1379820.0,76.52,23.6,0,NO,47.33,54.65,50.29,51.86,53.08,,607,2.21,1000439.0,NO,NO,2026-02-05,7663200.0
4574,MMS,58.08,57.77,264164.0,Industrials,Specialty Business Services,3.0,13.0,13.0,4.0,1.4725,1.3768,660558.0,438870.0,100.0,52.73,3041200640,NO,57.76,57.67,70.99,58.05,63.22,,7349,0.0,473646.0,NO,NO,2007-11-15,20118000.0
4575,DECK,84.72,87.08,1813553.0,Consumer Cyclical,Footwear & Accessories,3.0,3.0,3.0,3.0,2.735,2.3418,2300642.0,2704120.0,125.45,78.91,11543454720,NO,92.17,98.7,102.5,96.32,103.09,,8274,0.0,2859152.0,NO,NO,2005-04-21,135858600.0
4576,KMEM,18.24,18.76,17680.0,ETF,ETF,3.0,88.0,,,0.9739,0.6851,256425.0,62380.0,27.25,14.55,0,NO,18.06,,,18.45,,,43,0.0,20749.0,NO,NO,2026-07-01,859000.0
4577,RDDT,144.9,147.81,2793802.0,Communication Services,Internet Content & Information,3.0,70.0,5.0,30.0,8.9626,7.6128,5763161.0,4873040.0,282.95,119.27,27871213568,NO,156.37,170.68,175.3,167.23,157.04,,613,0.0,3780683.0,NO,NO,2024-03-21,48705500.0
4578,QNT,47.95,50.1,1010352.0,Technology,Software - Application,3.0,8.0,,,4.915,4.3129,2883796.0,1288250.0,86.79,47.06,12620359680,NO,57.66,61.94,,58.53,,,61,0.0,1166598.0,NO,NO,2026-06-04,29612000.0
4579,AS,29.5,30.55,3873375.0,Consumer Cyclical,Leisure,3.0,1.0,5.0,4.0,1.1718,1.1007,4960557.0,9141460.0,42.76,28.92,17160841216,NO,33.24,34.21,35.55,33.8,34.78,,647,0.0,7200135.0,NO,NO,2025-05-20,19816200.0
4580,BTF,21.66,22.07,6911.0,ETF,ETF,3.0,95.0,85.0,73.0,0.8422,0.7345,5041.0,7590.0,97.1,15.0,0,NO,19.11,17.76,25.76,18.46,18.93,,1218,0.0,7566.0,NO,NO,2021-10-22,638460.0
4581,MWHS,17.95,18.4,308.0,ETF,ETF,3.0,17.0,,,0.7018,0.5436,2377.0,1380.0,38.0,16.55,0,NO,18.12,,,19.27,,,45,0.0,311.0,NO,NO,2026-07-15,23500.0
4582,AMRZ,42.9,43.7,2760720.0,Basic Materials,Building Materials,3.0,3.0,4.0,1.0,1.1365,0.9429,3282107.0,3631600.0,65.94,42.86,23463110656,NO,46.36,49.25,53.63,47.84,53.08,,300,0.0,3825917.0,NO,NO,2025-09-19,40632400.0
4583,CTRI,20.51,20.41,993807.0,Utilities,Utilities - Regulated Gas,3.0,0.0,2.0,1.0,0.8867,0.8174,1664773.0,1391280.0,42.98,19.04,2070752256,NO,22.3,25.65,28.29,24.67,29.21,,593,0.0,1708270.0,NO,NO,2025-09-04,13812700.0
4584,ZUMZ,17.75,17.9,147623.0,Consumer Cyclical,Apparel Retail,3.0,6.0,3.0,2.0,0.6271,0.5657,251333.0,208180.0,31.7,15.09,299481824,NO,18.66,18.63,22.89,18.54,21.24,,5363,0.0,199233.0,NO,NO,2005-05-06,6796600.0
4585,NASA,22.77,23.26,833912.0,ETF,ETF,3.0,78.0,1.0,,0.9182,0.7182,4217547.0,934350.0,42.68,20.46,0,NO,24.78,25.1,,24.54,,,106,0.0,1251885.0,NO,NO,2026-06-12,35317100.0
4586,FPS,29.36,30.54,3108196.0,Industrials,Electrical Equipment & Parts,3.0,1.0,0.0,9.0,1.8336,1.7228,7709377.0,4913040.0,66.0,25.95,8944120832,NO,35.01,40.18,,37.28,39.82,,144,0.0,4234815.0,NO,NO,2026-07-02,32150900.0
4587,CRUS,109.17,109.51,574639.0,Technology,Semiconductors,3.0,2.0,1.0,4.0,3.1357,3.0007,688463.0,752870.0,180.42,106.26,5471083520,NO,118.47,133.13,140.14,127.88,145.88,,9375,0.0,1453603.0,NO,NO,2010-10-21,31256000.0
4588,SETH,33.85,33.05,17609.0,ETF,ETF,3.0,0.0,2.0,1.0,1.388,0.9539,34871.0,48870.0,62.82,29.2,0,NO,39.75,45.84,46.39,43.13,47.9,,708,1.45,19239.0,NO,NO,2025-10-10,510675.0
4589,EWV,16.9,16.64,8301.0,ETF,ETF,3.0,11.0,12.0,7.0,0.3464,0.235,9595.0,5580.0,29.9,15.72,0,NO,16.63,17.44,20.85,17.29,19.25,,4731,0.84,8333.0,NO,NO,2026-03-03,226300.0
4590,CRWX,17.9,19.67,11418.0,ETF,ETF,3.0,92.0,,,3.5379,2.5385,20077.0,16710.0,39.84,11.75,0,NO,24.04,,,,,,40,0.0,11579.0,NO,NO,2026-07-22,128700.0
4591,SITE,97.16,98.53,625380.0,Industrials,Industrial Distribution,3.0,72.0,12.0,2.0,2.8302,2.4953,828231.0,569780.0,168.56,90.07,4241558016,NO,97.76,102.51,124.17,100.88,118.49,,2590,0.0,923055.0,NO,NO,2016-05-12,6437000.0
4592,FND,47.76,50.27,2296670.0,Consumer Cyclical,Home Improvement Retail,3.0,1.0,17.0,2.0,2.0605,1.8226,2488738.0,2073450.0,92.41,42.64,5087025664,NO,56.82,56.37,58.18,56.09,54.99,,2349,0.0,3537805.0,NO,NO,2023-10-19,19517800.0
4593,SDOW,23.68,23.13,3169709.0,ETF,ETF,3.0,24.0,11.0,4.0,0.4829,0.405,3895722.0,3200540.0,39.46,21.13,0,NO,22.58,23.59,28.97,23.42,27.79,,4163,1.6,3425301.0,NO,NO,2025-04-07,19075600.0
4594,AGQ,76.85,82.92,2934721.0,ETF,ETF,3.0,94.0,2.0,0.0,5.3407,4.3557,2577103.0,2888930.0,431.47,57.65,0,NO,82.03,72.5,125.33,73.59,104.54,,4462,0.0,3245028.0,NO,NO,2026-01-30,38653800.0
4595,SAR,18.36,18.5,62179.0,Financial Services,Asset Management,3.0,15.0,5.0,4.0,0.3793,0.3793,146463.0,116060.0,25.64,17.34,295245632,NO,18.97,19.68,22.0,19.22,21.38,,4889,0.0,77145.0,NO,NO,2026-07-08,1023400.0
4596,FIS,40.89,40.77,3358977.0,Technology,Information Technology Services,3.0,6.0,15.0,6.0,1.2593,1.1664,6130427.0,5099790.0,70.27,37.42,21135187968,NO,41.81,41.6,50.07,42.04,44.14,,6336,0.0,5215259.0,NO,NO,2019-07-31,65404200.0
4597,TEST,37.49,38.439,936.0,ETF,ETF,3.0,83.0,5.0,5.0,0.7338,0.3468,1957.0,1280.0,57.74,33.4,0,NO,36.76,39.4,,38.65,42.93,,196,0.0,965.0,NO,NO,2025-12-08,21500.0
4598,TLN,295.39,295.76,638015.0,Utilities,Utilities - Independent Power Producers,3.0,4.0,4.0,7.0,15.7159,14.698,848828.0,973780.0,451.28,288.58,14153154560,NO,329.25,356.62,359.21,344.01,354.35,,814,0.0,927580.0,NO,NO,2025-08-27,7201500.0
4599,MRVX,19.86,20.73,19595.0,ETF,ETF,3.0,92.0,,,3.4629,2.0821,10034.0,21740.0,29.62,13.69,0,NO,24.17,,,,,,35,0.0,20119.0,NO,NO,2026-08-27,39400.0
4600,CSV,33.35,33.65,76262.0,Consumer Cyclical,Personal Services,3.0,1.0,5.0,3.0,1.07,1.0043,159617.0,114070.0,52.1,33.28,529753984,NO,35.27,37.34,42.04,36.8,41.54,,7562,0.0,112308.0,NO,NO,2014-03-13,2073400.0
4601,BOEU,29.61,30.145,26477.0,ETF,ETF,3.0,4.0,4.0,2.0,1.1838,1.0448,27541.0,36580.0,51.88,26.38,0,NO,34.93,34.51,37.23,33.83,36.14,,341,0.0,29672.0,NO,NO,2026-05-14,274700.0
4602,BMNU,17.44,20.66,4468755.0,ETF,ETF,3.0,98.0,95.0,12.0,2.3536,2.1001,6342772.0,5632180.0,425.6,6.1,0,NO,14.81,11.29,29.43,11.96,15.35,,234,0.0,4785510.0,NO,NO,2026-03-16,20832860.0
4603,GLOB,39.82,40.71,559320.0,Technology,Information Technology Services,3.0,85.0,16.0,5.0,2.1656,2.0148,1969074.0,1453240.0,72.1,27.56,1719612800,NO,38.98,34.86,47.94,35.72,40.26,,3049,0.0,920894.0,NO,NO,2025-05-16,11031600.0
4604,NCLH,15.32,16.14,15041003.0,Consumer Cyclical,Travel Services,3.0,1.0,7.0,2.0,0.6471,0.5868,16159320.0,14179560.0,27.18,14.53,7041645568,NO,17.86,19.07,19.88,18.43,19.19,,3425,0.0,21976115.0,YES,NO,2020-05-05,155971800.0
4605,NIPG,15.51,14.35,82689.0,Communication Services,Entertainment,3.0,97.0,95.0,0.0,3.0714,3.0129,36223.0,63680.0,67.5,4.2,115992960,NO,11.96,9.93,22.1,10.75,16.11,,526,1.25,83300.0,NO,NO,2024-07-29,234617.0
4606,DIPR,21.7,22.16,532.0,ETF,ETF,3.0,60.0,2.0,,0.4833,0.1348,2152.0,880.0,34.32,20.31,0,NO,23.85,23.47,,23.21,,,81,0.0,564.0,NO,NO,2026-05-06,67600.0
4607,TCOM,44.03,44.65,1473613.0,Consumer Cyclical,Travel Services,3.0,9.0,11.0,8.0,0.8729,0.7657,3035669.0,2029150.0,78.99,38.04,27725920256,NO,45.64,44.19,54.84,44.26,48.33,,5717,0.0,2035025.0,NO,NO,2003-12-09,89640000.0
4608,NXRT,23.44,23.71,197005.0,Real Estate,REIT - Residential,3.0,5.0,5.0,6.0,0.6169,0.5894,279861.0,319960.0,34.87,23.1,1209076992,NO,24.38,26.07,28.06,25.62,26.97,,2880,0.0,376111.0,NO,NO,2020-01-03,4545000.0
4609,KEYX,18.94,19.7,107.0,ETF,ETF,3.0,19.0,,,0.9354,0.2464,506.0,770.0,26.96,17.1,0,NO,21.29,,,20.4,,,48,0.0,107.0,NO,NO,2026-06-24,9800.0
4610,KNF,61.97,62.7,450253.0,Basic Materials,Building Materials,3.0,2.0,4.0,2.0,2.4023,2.164,672176.0,803770.0,96.28,58.72,3517912832,NO,66.22,75.52,78.42,72.66,79.45,,812,0.0,847879.0,NO,NO,2023-06-23,6308700.0
4611,BROS,45.9,48.86,5418291.0,Consumer Cyclical,Restaurants,3.0,0.0,4.0,9.0,1.9731,1.842,3599333.0,3558400.0,74.02,44.58,8046311424,NO,51.98,60.92,57.33,58.98,56.42,,1245,0.0,7228217.0,NO,NO,2024-08-08,25332900.0
4612,CPS,25.28,26.78,192320.0,Consumer Cyclical,Auto Parts,3.0,2.0,6.0,2.0,1.1539,1.0511,172730.0,152130.0,47.98,25.14,447517504,NO,27.88,28.06,30.76,27.92,30.25,,4092,0.0,273417.0,NO,NO,2022-08-05,9149700.0
4613,TGLS,37.8,39.7,203652.0,Basic Materials,Building Materials,3.0,3.0,8.0,7.0,1.1946,1.1375,256887.0,209810.0,73.95,37.52,1676982400,NO,41.77,43.76,45.94,42.98,43.62,,3597,0.0,364511.0,NO,NO,2021-12-09,11093300.0
4614,MSTR,126.26,132.94,16788961.0,Technology,Software - Application,3.0,97.0,13.0,14.0,8.8313,7.5063,23542722.0,34938150.0,365.21,81.81,50121056256,NO,109.74,100.95,140.05,103.97,128.51,,7100,0.0,22002128.0,YES,NO,2024-11-21,100444000.0
4615,NUKX,35.49,36.73,3251.0,ETF,ETF,3.0,62.0,5.0,,1.2693,0.8859,5028.0,3020.0,50.84,33.25,0,NO,37.31,37.05,,36.8,,,126,0.0,3518.0,NO,NO,2026-03-03,68200.0
4616,CQTM,22.96,23.63,9440.0,ETF,ETF,2.0,27.0,2.0,,1.0329,0.7072,33963.0,16120.0,35.04,21.14,0,NO,25.48,26.09,,25.22,,,81,0.0,11787.0,NO,NO,2026-06-23,110000.0
4617,MUYY,19.6,19.7,12210.0,ETF,ETF,2.0,31.0,4.0,,0.2746,0.2061,62084.0,36430.0,26.81,19.26,0,NO,19.75,21.01,,20.39,,,97,0.0,12779.0,NO,NO,2026-07-02,207700.0
4618,ORCZ,17.92,16.03,21837.0,ETF,ETF,2.0,0.0,,,1.3507,1.0883,67011.0,63870.0,29.82,14.52,0,NO,16.92,,,,,,34,5.61,22650.0,NO,NO,2026-08-13,270800.0
4619,MLTX,15.24,15.05,380174.0,Healthcare,Biotechnology,2.0,1.0,5.0,8.0,0.6505,0.5909,1249161.0,1076640.0,62.75,5.95,1297025920,NO,16.46,18.28,16.86,17.76,17.79,,1472,0.0,662395.0,NO,NO,2025-09-29,79740400.0
4620,ONDC,16.89,20.21,1318.0,ETF,ETF,2.0,1.0,,,2.5464,0.4299,637.0,120.0,34.2,16.89,0,NO,27.42,,,,,,40,0.0,1320.0,NO,NO,2026-07-07,10700.0
4621,TCAN,19.39,20.97,6809.0,ETF,ETF,2.0,18.0,3.0,,1.2577,0.7763,9380.0,9220.0,29.64,15.05,0,NO,17.68,20.49,,19.6,,,80,0.0,6944.0,NO,NO,2026-05-14,72400.0
4622,LVS,43.72,43.81,3002615.0,Consumer Cyclical,Resorts & Casinos,2.0,5.0,5.0,4.0,1.1371,1.1071,4808268.0,4792620.0,70.45,43.36,28317497344,NO,45.77,46.31,54.64,46.11,50.6,,5461,0.0,4770355.0,NO,NO,2009-05-05,143836600.0
4623,MWH,24.83,25.52,1988227.0,Utilities,Utilities - Renewable,2.0,3.0,2.0,5.0,1.7943,1.5643,2059420.0,1885470.0,48.4,23.83,5033357824,NO,28.96,29.6,,28.58,32.05,,138,0.0,2484984.0,NO,NO,2026-05-29,9878000.0
4624,CPNG,15.94,16.06,10331358.0,Consumer Cyclical,Internet Retail,2.0,17.0,18.0,5.0,0.4886,0.4707,21066114.0,13683940.0,34.08,14.92,28622297088,NO,16.26,16.79,19.55,16.67,17.69,,1375,0.0,16051240.0,YES,NO,2025-09-19,111561900.0
4625,FISV,52.1,53.31,3728608.0,Commercial services,Miscellaneous commercial services,2.0,14.0,9.0,7.0,1.6993,1.6121,7941523.0,5392220.0,138.62,47.04,27686432768,NO,52.91,51.75,58.53,52.2,55.51,,10058,0.0,5441984.0,NO,NO,2001-03-30,134508000.0
4626,GPI,268.15,269.54,84127.0,Consumer Cyclical,Auto & Truck Dealerships,2.0,10.0,8.0,7.0,8.6421,8.4021,202041.0,155720.0,488.39,249.54,3196944640,NO,265.62,292.35,338.91,285.58,313.26,,7252,0.0,136174.0,NO,NO,2006-06-21,4623000.0
4627,TDOG,16.37,16.742,3572.0,ETF,ETF,2.0,93.0,5.0,9.0,0.7039,0.3735,4323.0,9550.0,25.59,13.82,0,NO,15.32,14.95,,15.18,17.87,,153,0.0,3572.0,NO,NO,2026-04-09,60000.0
4628,CRDD,15.2,15.2,214.0,ETF,ETF,2.0,91.0,5.0,,0.6764,0.2379,3177.0,6660.0,23.09,10.58,0,NO,14.94,13.76,,14.29,,,105,0.0,421.0,NO,NO,2026-07-21,27000.0
4629,ONT,16.7,16.72,216441.0,Industrials,Waste Management,2.0,1.0,56.0,0.0,1.0608,1.04,722277.0,733130.0,31.16,12.68,586109824,NO,16.87,18.82,21.53,18.63,19.97,,1534,0.0,356195.0,NO,NO,2020-07-23,5042000.0
4630,AMTM,20.08,19.99,1047785.0,Industrials,Specialty Business Services,2.0,5.0,6.0,1.0,0.8456,0.8289,2102776.0,2359280.0,38.11,19.8,4908466688,NO,21.73,21.45,26.41,21.58,24.41,,485,0.0,1837220.0,NO,NO,2024-12-20,37788800.0
4631,AAP,42.65,42.18,1337652.0,Consumer Cyclical,Auto Parts,2.0,0.0,3.0,6.0,3.0871,2.345,1948538.0,3642260.0,65.21,37.89,2574850560,NO,51.25,54.54,52.45,52.73,54.61,,6227,0.64,2070719.0,NO,NO,2025-05-22,27499800.0
4632,MIR,15.35,15.07,3908990.0,Industrials,Specialty Industrial Machinery,2.0,74.0,8.0,2.0,0.5729,0.5729,3964234.0,3228280.0,30.28,14.11,3821559296,NO,15.29,16.17,20.2,15.87,18.05,,1514,1.26,5413842.0,NO,NO,2025-09-08,36367300.0
4633,OLED,82.83,83.17,575401.0,Technology,Electronic Components,2.0,70.0,8.0,4.0,3.2679,3.1071,753034.0,728120.0,153.38,76.42,3807892480,NO,87.42,84.15,100.35,83.26,91.74,,7646,0.0,769648.0,NO,NO,2011-08-25,9939600.0
4634,LULU,119.5,120.26,2906308.0,Consumer Cyclical,Apparel Retail,2.0,18.0,15.0,1.0,4.542,3.9984,3561358.0,4199620.0,225.98,104.44,13570260992,NO,120.64,118.23,153.58,119.52,137.2,,4805,0.0,3803148.0,NO,NO,2017-03-30,49620300.0
4635,XSHP,18.03,17.99,56288.0,ETF,ETF,2.0,96.0,,,0.6468,0.6254,17863.0,13980.0,26.4,13.16,0,NO,16.79,16.96,,16.73,,,52,0.0,56465.0,NO,NO,2026-06-17,143900.0
4636,KRUS,44.24,45.66,114621.0,Consumer Cyclical,Restaurants,2.0,14.0,7.0,1.0,2.0812,1.9816,321531.0,152740.0,87.99,42.62,537448000,NO,48.98,49.87,56.63,48.68,55.05,,1780,0.0,171629.0,NO,NO,2019-08-01,1854200.0
4637,NVDS,19.19,18.71,235936.0,ETF,ETF,2.0,3.0,29.0,2.0,0.896,0.6422,310674.0,541550.0,40.5,17.56,0,NO,19.35,21.16,25.66,20.46,23.57,,1037,0.0,249260.0,NO,NO,2025-10-29,2753100.0
4638,SQQQ,40.04,38.51,42053610.0,ETF,ETF,2.0,22.0,79.0,0.0,1.3421,1.0957,59918433.0,39416370.0,94.95,35.72,0,NO,38.27,39.91,56.98,40.02,52.05,,4164,0.0,46704373.0,YES,NO,2026-06-09,158568600.0
4639,FOUR,41.13,42.28,1229933.0,Technology,Software - Infrastructure,2.0,0.0,12.0,9.0,2.8913,2.8563,1704022.0,1953810.0,89.56,34.56,3247629824,NO,45.93,47.93,52.18,47.34,45.79,,1567,0.0,2029919.0,NO,NO,2025-08-05,12672900.0
4640,RIVC,19.03,20.33,110.0,ETF,ETF,2.0,48.0,,,1.2049,0.1891,657.0,160.0,27.71,17.47,0,NO,20.39,,,,,,35,0.0,111.0,NO,NO,2026-07-14,10700.0
4641,NRG,109.33,110.12,1445110.0,Utilities,Utilities - Independent Power Producers,2.0,1.0,7.0,1.0,4.8086,4.4257,2776012.0,2773460.0,189.96,108.34,22973902848,NO,117.14,129.74,147.73,126.29,142.29,,5722,0.0,2178974.0,NO,NO,2017-07-12,53494000.0
4642,GIBO,31.53,31.53,34.0,Communication Services,Internet Content & Information,2.0,78.0,16.0,10.0,1.1729,0.9914,4707.0,2080.0,97.0,1.25,82126320,NO,30.46,28.74,38.46,29.2,32.58,,759,0.0,300.0,NO,NO,2026-01-23,1380512.0
4643,ZTS,77.27,77.1,2479361.0,Healthcare,Drug Manufacturers - Specialty & Generic,2.0,42.0,42.0,0.0,2.485,2.2221,6503576.0,4522190.0,155.38,71.0,31927721984,NO,75.57,75.64,103.92,75.6,94.26,,3415,0.0,3798005.0,NO,NO,2013-02-01,66789100.0
4644,OCNL,17.41,18.58,473.0,ETF,ETF,2.0,,,,2.5643,1.5812,6744.0,3260.0,30.0,17.41,0,NO,,,,,,,18,0.0,485.0,NO,NO,2026-08-10,35100.0
4645,NBIC,15.66,16.7,3708.0,ETF,ETF,2.0,7.0,,,3.5786,2.4729,6160.0,5120.0,31.45,10.51,0,NO,20.7,,,,,,35,0.0,3745.0,NO,NO,2026-08-13,21200.0
4646,AMSF,25.82,26.04,207852.0,Financial Services,Insurance - Specialty,2.0,5.0,7.0,4.0,0.7089,0.6996,304792.0,341080.0,47.86,25.63,478415648,NO,27.26,30.54,34.01,29.77,31.65,,5226,0.0,346028.0,NO,NO,2005-11-18,3272500.0
4647,ACM,66.2,67.43,1609493.0,Industrials,Engineering & Construction,2.0,7.0,12.0,2.0,2.5929,2.4136,2049950.0,2799410.0,135.52,60.35,8519703040,NO,67.06,68.59,85.24,68.34,77.35,,4858,0.0,2351423.0,NO,NO,2007-05-10,20007900.0
4648,TZA,42.17,40.69,3468729.0,ETF,ETF,2.0,84.0,35.0,1.0,1.1193,0.9436,15800506.0,3865600.0,95.4,36.33,0,NO,38.41,39.38,56.05,39.76,50.26,,4472,2.06,3809433.0,NO,NO,2026-05-19,47314710.0
4649,DRMP,20.21,20.99,10748.0,ETF,ETF,2.0,24.0,,,0.9471,0.62,22527.0,9530.0,34.0,17.26,0,NO,21.76,23.97,,22.59,,,56,0.0,11127.0,NO,NO,2026-06-24,104200.0
4650,AD,36.94,36.66,93964.0,Communication Services,Telecom Services,2.0,81.0,3.0,4.0,0.9086,0.8779,326587.0,195120.0,60.82,33.71,3198856704,NO,35.57,35.43,45.9,35.49,43.72,,9653,0.0,248265.0,NO,NO,2023-08-04,7528500.0
4651,VAVX,15.05,15.01,3594.0,ETF,ETF,2.0,90.0,5.0,5.0,0.4791,0.2543,4204.0,7830.0,25.0,12.54,0,NO,14.17,13.81,,14.1,16.78,,151,0.0,3594.0,NO,NO,2026-08-20,31700.0
4652,OLLI,72.03,75.42,1996202.0,Consumer Defensive,Discount Stores,2.0,25.0,10.0,2.0,3.1693,3.0021,1989071.0,1411270.0,139.21,60.29,4350823424,NO,76.57,72.23,94.17,72.34,84.94,,2798,0.0,3031914.0,NO,NO,2019-08-29,15778900.0
4653,SRTY,23.75,22.94,1033919.0,ETF,ETF,2.0,51.0,19.0,2.0,0.6564,0.4872,2266307.0,1459770.0,54.68,20.48,0,NO,21.58,22.18,31.84,22.3,28.33,,4163,2.05,1272614.0,NO,NO,2026-06-12,11465600.0
4654,JOBC,16.93,18.61,59.0,ETF,ETF,2.0,84.0,,,1.2379,0.4457,700.0,110.0,28.75,16.69,0,NO,22.24,,,,,,36,0.0,100.0,NO,NO,2026-07-10,10300.0
4655,MAIR,25.68,26.4,1601485.0,Industrials,Building Products & Equipment,2.0,4.0,1.0,,1.8893,1.6964,2405306.0,3659850.0,44.5,24.75,12886745088,NO,29.04,32.81,,31.29,,,95,0.0,2189660.0,NO,NO,2026-04-16,36831100.0
4656,AMRC,22.5,22.12,503664.0,Industrials,Engineering & Construction,2.0,83.0,1.0,3.0,1.5696,1.2554,665407.0,886910.0,44.93,18.38,1193724544,NO,24.75,24.53,28.65,23.67,27.21,,4052,0.0,802408.0,NO,NO,2023-11-07,3625600.0
4657,OLN,17.13,17.4,1365237.0,Basic Materials,Chemicals,2.0,8.0,2.0,2.0,0.605,0.5771,3204963.0,2956030.0,30.46,16.99,1952519936,NO,18.37,20.14,23.34,19.49,23.64,,13495,0.0,2174560.0,NO,NO,2015-10-05,23664300.0
4658,FLUT,97.14,100.18,1046028.0,Consumer Cyclical,Gambling,2.0,8.0,14.0,12.0,4.556,4.1181,2926750.0,2256340.0,300.92,89.71,16866266112,NO,98.11,102.26,133.79,101.97,104.65,,6014,0.0,2344363.0,NO,NO,2026-02-27,21975500.0
4659,TDCL,15.38,15.52,107.0,ETF,ETF,2.0,0.0,,,0.5625,0.3393,3862.0,3190.0,24.89,12.46,0,NO,14.71,,,,,,35,0.0,107.0,NO,NO,2026-08-05,49500.0
4660,BSX,48.01,48.3,7174580.0,Healthcare,Medical Devices,2.0,71.0,48.0,1.0,1.8586,1.7279,20171980.0,21323370.0,109.5,42.2,69613740032,NO,49.79,46.66,67.88,47.12,56.05,,8631,0.0,11176565.0,YES,NO,2010-03-15,243874000.0
4661,ZG,34.47,35.79,514252.0,Communication Services,Internet Content & Information,2.0,29.0,16.0,5.0,1.6579,1.5725,1295233.0,899900.0,90.22,29.03,7751440384,NO,35.64,33.65,47.28,34.11,38.3,,3801,0.0,666848.0,NO,NO,2015-04-14,38439743.0
4662,CRY,17.26,17.57,3820.0,ETF,ETF,2.0,22.0,3.0,,0.3293,0.2457,8450.0,8880.0,25.93,17.21,0,NO,17.48,18.29,,17.8,,,87,0.0,3820.0,NO,NO,2026-07-10,40200.0
4663,DISK,35.8,36.85,178508.0,ETF,ETF,2.0,87.0,,,2.0107,1.3671,378186.0,210110.0,50.46,28.35,0,NO,36.45,,,36.69,,,44,0.0,215069.0,NO,NO,2026-07-29,1376500.0
4664,SEDG,32.81,32.2,1732406.0,Technology,Solar,1.0,1.0,0.0,5.0,1.935,1.6986,2976636.0,3039400.0,81.25,28.21,2019275008,NO,32.77,43.32,42.12,40.58,46.06,,2875,0.0,2534857.0,NO,NO,2025-06-17,33137600.0
4665,BMNG,23.92,28.413,332129.0,ETF,ETF,1.0,98.0,91.0,7.0,3.0386,2.5729,829659.0,599690.0,347.0,8.39,0,NO,19.8,15.23,40.4,16.82,21.26,,212,0.0,343694.0,NO,NO,2026-03-25,5053080.0
4666,FLY,20.72,21.12,1260982.0,Industrials,Aerospace & Defense,1.0,61.0,0.0,32.0,1.5853,1.4861,4642695.0,2393170.0,62.17,16.0,3468624128,NO,24.37,23.75,27.52,23.29,28.84,,268,0.0,2089861.0,NO,NO,2025-08-07,30556600.0
4667,ORBX,40.9,41.87,8951.0,ETF,ETF,1.0,71.0,1.0,,1.4375,1.1304,57195.0,26080.0,79.72,37.88,0,NO,44.91,45.34,,44.53,,,96,0.0,13503.0,NO,NO,2026-05-27,587100.0
4668,ESAB,74.54,75.38,630329.0,Industrials,Metal Fabrication,1.0,2.0,5.0,1.0,3.1528,2.931,754371.0,833610.0,137.42,73.78,4633988608,NO,83.67,87.94,102.79,85.38,96.79,,1110,0.0,904238.0,NO,NO,2022-04-05,2234700.0
4669,ALNY,247.37,240.69,1162593.0,Healthcare,Biotechnology,1.0,93.0,6.0,3.0,8.8436,8.2593,1743196.0,1668690.0,495.55,197.81,33137160192,NO,230.04,261.36,325.04,252.3,288.64,,5598,0.71,1898937.0,NO,NO,2017-09-20,18362400.0
4670,PODD,148.25,148.66,711511.0,Healthcare,Medical Devices,1.0,5.0,48.0,0.0,5.5757,5.4893,1637020.0,1898410.0,354.88,126.4,10281759744,NO,145.48,154.21,213.9,154.29,178.14,,4855,0.0,1287761.0,NO,NO,2023-03-14,16412200.0
4671,AAON,75.66,75.97,489673.0,Industrials,Building Products & Equipment,1.0,2.0,0.0,2.0,3.9352,3.6537,1099612.0,1103610.0,150.46,73.19,6237618176,NO,84.12,100.13,98.93,94.05,103.79,,8484,0.0,769668.0,NO,NO,2000-01-28,30539405.0
4672,SYM,38.07,39.67,1805475.0,Industrials,Specialty Industrial Machinery,1.0,4.0,4.0,2.0,1.7313,1.4884,1835622.0,1551870.0,87.88,37.68,23052292096,NO,41.47,41.87,52.89,41.49,47.81,,1377,0.0,2409244.0,NO,NO,2024-11-27,21916600.0
4673,FOTO,17.23,17.81,235089.0,ETF,ETF,1.0,10.0,,,1.0982,0.8418,692844.0,251130.0,27.86,15.94,0,NO,19.6,20.22,,19.59,,,65,0.0,243981.0,NO,NO,2026-06-03,4566900.0
4674,METU,20.26,19.79,7945838.0,ETF,ETF,1.0,15.0,8.0,1.0,1.2424,1.1889,5844884.0,6608320.0,49.75,16.85,0,NO,20.06,21.81,26.67,21.79,24.31,,561,0.0,8397976.0,NO,NO,2025-10-30,37580900.0
4675,KTOS,49.49,50.98,2855042.0,Industrials,Aerospace & Defense,1.0,80.0,4.0,0.0,2.9757,2.7671,4312720.0,2732430.0,134.0,43.09,9294083072,NO,57.73,52.34,72.09,52.91,63.71,,6744,0.0,3668975.0,NO,NO,2025-09-19,35427700.0
4676,NKE,38.24,39.06,16568776.0,Consumer Cyclical,Footwear & Accessories,1.0,6.0,8.0,1.0,1.1271,0.9475,24797993.0,28041540.0,76.97,37.97,56714305536,NO,40.36,41.7,51.81,41.65,46.49,,11530,0.0,22116904.0,YES,NO,1997-05-29,157445600.0
4677,AMDC,16.28,17.51,1383.0,ETF,ETF,1.0,4.0,,,1.18,0.6207,8460.0,1980.0,29.83,15.31,0,NO,18.47,,,20.41,,,46,0.0,1396.0,NO,NO,2026-08-04,50300.0
4678,MEMY,16.83,16.834,399.0,ETF,ETF,1.0,31.0,1.0,6.0,0.2286,0.0493,1355.0,200.0,25.91,16.49,0,NO,17.22,18.4,,17.75,19.71,,155,0.0,404.0,NO,NO,2026-07-15,30400.0
4679,Z,33.58,34.96,2809817.0,Communication Services,Internet Content & Information,1.0,23.0,13.0,4.0,1.6807,1.5541,4056687.0,2996320.0,93.88,29.23,7551075840,NO,34.98,33.39,47.51,33.75,38.1,,2786,0.0,3669718.0,NO,NO,2021-11-03,78433900.0
4680,AMSC,28.49,28.71,495264.0,Industrials,Specialty Industrial Machinery,1.0,20.0,0.0,9.0,1.3714,1.1704,898214.0,651910.0,70.49,24.87,1379632256,NO,31.02,33.6,35.93,31.91,37.71,,8740,0.0,807113.0,NO,NO,2023-08-01,48611100.0
4681,PNR,61.06,60.46,3941731.0,Industrials,Specialty Industrial Machinery,1.0,8.0,7.0,1.0,1.96,1.8664,3177774.0,4789900.0,113.95,57.6,9762732032,NO,65.1,68.18,86.62,66.57,78.37,,13445,0.0,6049529.0,NO,NO,2012-09-28,41656860.0
4682,ORCL,141.54,149.12,19491345.0,Technology,Software - Infrastructure,1.0,55.0,1.0,15.0,5.9529,5.4436,31587939.0,19057790.0,345.72,114.5,407557865472,NO,147.13,140.17,169.79,138.84,159.38,,10197,0.0,25201476.0,YES,NO,1997-12-09,1030963200.0
4683,CSGP,32.36,32.07,3558021.0,Real Estate,Real Estate Services,1.0,88.0,17.0,2.0,1.3986,1.325,7462358.0,7901010.0,91.89,25.89,13102063616,NO,31.63,30.13,44.46,30.28,35.43,,7085,0.0,6088560.0,NO,NO,2022-09-16,54034900.0
4684,RVNL,23.17,24.865,56744.0,ETF,ETF,1.0,50.0,2.0,5.0,2.0417,1.6944,93455.0,87260.0,75.17,19.25,0,NO,24.93,27.67,34.04,27.54,29.2,,342,0.0,57459.0,NO,NO,2026-07-07,348400.0
4685,MSST,27.97,28.741,1951.0,ETF,ETF,1.0,95.0,4.0,4.0,1.4853,0.8468,2082.0,6170.0,54.29,19.41,0,NO,24.71,23.33,,24.04,31.3,,196,0.0,1965.0,NO,NO,2026-03-17,84800.0
4686,ROL,36.19,36.07,2162243.0,Consumer Cyclical,Personal Services,1.0,12.0,4.0,0.0,0.8104,0.7639,5229165.0,4038460.0,66.14,35.81,17403029504,NO,36.68,40.16,52.72,39.25,48.58,,11709,0.3,3746172.0,NO,NO,2018-09-28,57655350.0
4687,MHX,16.8,20.68,8.0,ETF,ETF,1.0,94.0,,,1.7743,0.3893,528.0,350.0,26.79,12.3,0,NO,16.95,,,,,,34,0.0,100.0,NO,NO,2026-07-14,10300.0
4688,GLX,15.33,16.34,193.0,ETF,ETF,1.0,98.0,,,1.0664,0.3229,1202.0,340.0,22.9,9.52,0,NO,12.79,,,14.74,,,43,0.0,100.0,NO,NO,2026-07-15,12000.0
4689,CWY,15.9,16.12,1247.0,ETF,ETF,1.0,14.0,3.0,,0.2136,0.1007,2039.0,2460.0,25.64,15.74,0,NO,16.69,17.76,,17.16,,,96,0.0,1252.0,NO,NO,2026-04-15,36700.0
4690,KRMN,41.65,41.45,2013360.0,Industrials,Aerospace & Defense,1.0,2.0,3.0,0.0,3.2241,2.9684,3309053.0,2134240.0,118.38,40.3,5522679296,NO,54.85,51.06,72.04,51.03,65.56,,388,0.0,3279634.0,NO,NO,2026-07-16,18798100.0
4691,GMEC,16.63,16.35,16.0,ETF,ETF,1.0,0.0,,,0.3157,0.0429,379.0,110.0,26.75,15.8,0,NO,16.97,,,20.69,,,43,0.0,1500.0,NO,NO,2026-06-30,9900.0
4692,KLRA,16.89,15.4,883089.0,Healthcare,Biotechnology,1.0,18.0,2.0,,1.3521,1.2164,754131.0,913120.0,28.23,15.15,2193571072,NO,17.93,18.96,,18.46,,,94,0.0,1200764.0,NO,NO,2026-04-17,8114300.0
4693,CRD,17.4,19.57,6208.0,ETF,ETF,1.0,6.0,,,3.0279,1.3486,2222.0,1480.0,32.09,13.44,0,NO,22.98,,,,,,35,0.0,11684.0,NO,YES,2026-09-01,11684.0
4694,BLDR,62.89,66.4,2523572.0,Industrials,Building Products & Equipment,1.0,11.0,6.0,1.0,2.99,2.6393,2213073.0,1804450.0,151.03,62.4,6772120576,NO,70.98,74.49,90.88,72.14,81.06,,5327,0.0,3731186.0,NO,NO,2021-06-25,29314900.0
4695,EQPT,16.81,17.61,2236352.0,Industrials,Rental & Leasing Services,1.0,5.0,7.0,0.0,1.2571,1.1528,2785428.0,2210030.0,35.5,15.71,4259249920,NO,19.4,19.14,,18.73,21.86,,152,0.0,2884979.0,NO,NO,2026-01-23,17411100.0
4696,XSEM,16.83,17.6,2692.0,ETF,ETF,1.0,25.0,,,0.85,0.3321,2495.0,1570.0,27.23,15.0,0,NO,18.56,19.76,,18.92,,,62,0.0,2867.0,NO,NO,2026-06-08,11100.0
4697,AAPG,16.5,17.1,4105.0,Healthcare,Biotechnology,1.0,9.0,7.0,2.0,0.7517,0.5202,10690.0,8670.0,42.47,16.36,1540917632,NO,17.78,18.17,23.17,18.29,20.78,,402,0.0,6231.0,NO,NO,2025-01-24,2217300.0
4698,SITX,15.0,16.2,3569.0,ETF,ETF,1.0,,,,2.4192,1.8492,13566.0,13170.0,29.64,14.75,0,NO,,,,,,,15,0.0,3718.0,NO,NO,2026-08-17,34300.0
4699,XRPT,33.95,35.19,133734.0,ETF,ETF,1.0,97.0,77.0,4.0,3.9713,2.2882,204753.0,635410.0,383.78,18.96,0,NO,27.28,25.0,59.4,25.94,35.03,,321,0.0,143104.0,NO,NO,2026-08-20,1296800.0
4700,TSLR,16.06,17.21,1171564.0,ETF,ETF,1.0,96.0,1.0,1.0,1.1931,1.1166,1486892.0,1341960.0,39.54,11.51,0,NO,15.0,17.38,24.08,16.66,20.93,,755,0.0,1337241.0,NO,NO,2025-04-07,16153500.0
4701,ONON,27.92,28.5,4249956.0,Consumer Cyclical,Footwear & Accessories,1.0,0.0,2.0,0.0,1.0366,0.9644,6135077.0,7398890.0,51.08,27.75,9324590080,NO,32.07,34.93,39.87,34.11,37.03,,1245,0.0,5751211.0,NO,NO,2025-11-12,48483000.0
4702,VRC,15.97,16.34,629.0,ETF,ETF,1.0,86.0,,,1.0236,0.2759,925.0,530.0,24.84,12.57,0,NO,18.29,,,,,,35,0.0,635.0,NO,NO,2026-07-14,9900.0
4703,NAIL,33.8,36.18,1592686.0,ETF,ETF,1.0,6.0,9.0,0.0,2.5581,2.1796,1299482.0,1302590.0,99.01,29.63,0,NO,40.69,42.4,48.93,40.8,44.31,,2774,0.0,1996762.0,NO,NO,2026-03-12,4163200.0
4704,GSIW,16.6,16.55,36641.0,Financial Services,Capital Markets,1.0,1.0,0.0,6.0,1.8994,1.8489,14501.0,38910.0,51.2,8.0,24275824,NO,16.65,22.81,25.76,21.73,24.22,,688,0.0,36821.0,NO,NO,2026-03-09,2233700.0
4705,CWEB,20.42,20.57,232839.0,ETF,ETF,1.0,1.0,7.0,1.0,0.7511,0.5732,561965.0,393770.0,61.24,17.09,0,NO,22.99,22.14,31.23,22.27,25.4,,2463,0.0,273688.0,NO,NO,2022-10-24,5189300.0
4706,XE,18.37,18.45,8725497.0,Industrials,Specialty Industrial Machinery,1.0,83.0,2.0,,1.9507,1.8771,5359057.0,5154350.0,37.1,13.29,5277742080,NO,19.6,17.91,,17.6,,,90,0.0,9756858.0,YES,NO,2026-04-24,44389400.0
4707,XXRP,31.74,33.06,286794.0,ETF,ETF,1.0,97.0,76.0,4.0,3.7046,2.1423,328766.0,784880.0,400.29,17.91,0,NO,25.64,23.54,58.11,24.45,33.22,,352,0.0,304219.0,NO,NO,2026-08-20,1775000.0
4708,VIXY,17.89,17.28,3497103.0,ETF,ETF,1.0,3.0,3.0,1.0,0.5043,0.46,2697857.0,2275320.0,39.7,17.28,0,NO,18.68,20.26,26.35,19.67,25.47,,3937,2.03,4088192.0,NO,NO,2026-03-09,12874500.0
4709,GEVC,16.28,16.46,604.0,ETF,ETF,1.0,1.0,,,0.9592,0.1028,729.0,360.0,26.28,16.11,0,NO,20.23,,,,,,37,0.0,605.0,NO,NO,2026-07-10,9400.0
4710,DKS,133.61,135.1,2523380.0,Consumer Cyclical,Specialty Retail,1.0,0.0,1.0,1.0,10.4393,7.4536,2341131.0,8315800.0,244.38,120.4,11962461184,NO,180.46,203.18,208.99,193.22,206.68,,6006,0.0,3484691.0,NO,NO,2026-08-25,38850000.0
4711,TSLI,17.41,18.632,17073.0,ETF,ETF,1.0,96.0,1.0,1.0,1.113,0.8893,22006.0,13180.0,46.11,12.5,0,NO,16.24,18.86,26.78,18.07,22.9,,245,0.0,24059.0,NO,NO,2026-07-23,122000.0
4712,STLU,15.99,16.44,3080.0,ETF,ETF,0.0,55.0,0.0,,1.4565,0.7444,28750.0,24770.0,43.84,12.67,0,NO,15.49,17.61,,17.51,,,105,0.0,4794.0,NO,NO,2026-07-24,184500.0
4713,RBLX,40.69,41.29,6248988.0,Communication Services,Electronic Gaming & Multimedia,0.0,91.0,8.0,0.0,1.87,1.8293,12016100.0,10918850.0,142.0,33.88,29053667328,NO,37.94,45.79,61.13,43.88,50.11,,1376,0.0,9230466.0,YES,NO,2022-05-11,105794300.0
4714,APTV,45.06,44.76,2435219.0,Consumer Cyclical,Auto Parts,0.0,1.0,1.0,1.0,1.4761,1.4389,3953825.0,5829230.0,88.93,44.52,9345575936,NO,47.77,54.52,67.05,52.76,61.45,,3716,0.0,3910816.0,NO,NO,2012-12-21,87378183.0
4715,NFLU,20.24,20.31,65146.0,ETF,ETF,0.0,95.0,6.0,1.0,1.0185,0.8941,259630.0,114440.0,63.88,13.33,0,NO,18.93,17.72,27.08,17.96,24.11,,482,0.0,69238.0,NO,NO,2026-02-27,2242100.0
4716,STSM,18.25,18.16,2670.0,ETF,ETF,0.0,9.0,14.0,0.0,0.7321,0.4364,19417.0,5670.0,66.08,14.95,0,NO,17.96,18.36,,18.48,24.67,,196,0.0,3288.0,NO,NO,2026-07-16,164100.0
4717,NFXL,19.19,19.3,677886.0,ETF,ETF,0.0,95.0,6.0,1.0,1.0114,0.9033,1324000.0,902080.0,63.44,12.57,0,NO,17.95,16.78,25.76,17.01,22.78,,478,0.0,776547.0,NO,NO,2026-07-17,7031300.0
4718,TECS,64.01,61.12,366165.0,ETF,ETF,0.0,2.0,66.0,0.0,3.4579,2.4722,743253.0,347150.0,259.2,56.64,0,NO,62.19,67.91,131.52,67.25,112.0,,4444,0.0,438650.0,NO,NO,2026-06-05,2463120.0
4719,TSYY,20.19,20.366,32764.0,ETF,ETF,0.0,41.0,7.0,1.0,0.1674,0.1357,48752.0,21130.0,70.08,19.96,0,NO,20.37,21.34,31.28,20.96,25.06,,425,0.0,33594.0,NO,NO,2025-10-03,1211288.0
4720,GBFH,19.63,19.57,62735.0,Financial Services,Banks - Regional,0.0,9.0,2.0,1.0,0.839,0.8264,92142.0,85960.0,42.23,19.25,285683872,NO,20.86,26.17,29.85,24.78,27.79,,539,0.0,86827.0,NO,NO,2025-06-27,1318200.0
4721,RAMZ,17.72,16.66,463713.0,ETF,ETF,0.0,,,,1.8554,1.2869,647144.0,892160.0,33.47,14.47,0,NO,18.69,,,,,,25,5.1,475501.0,NO,NO,2026-08-18,1972200.0
4722,TREE,27.38,28.04,280982.0,Financial Services,Financial Conglomerates,0.0,2.0,2.0,3.0,1.1921,1.1568,361828.0,469790.0,77.35,27.07,384332992,NO,31.13,37.41,44.12,35.86,38.61,,4541,0.0,368377.0,NO,NO,2016-01-13,6652500.0
4723,XDEF,22.59,22.9,425.0,ETF,ETF,0.0,23.0,49.0,12.0,0.3142,0.142,1225.0,750.0,2905.0,20.21,0,NO,23.86,22.47,,22.77,114.03,,138,0.0,425.0,NO,NO,2026-04-06,24800.0
4724,SK,22.31,23.44,185737.0,ETF,ETF,0.0,93.0,,,2.5121,1.9214,818134.0,279350.0,38.6,14.64,0,NO,21.57,,,,,,35,0.0,200209.0,NO,NO,2026-07-29,4930300.0
4725,APP,313.05,312.06,2939974.0,Communication Services,Advertising Agencies,0.0,1.0,0.0,2.0,12.009,11.6511,5993300.0,4741340.0,745.61,297.5,105112117248,NO,325.39,405.11,490.88,383.88,436.52,,1351,0.0,3894161.0,NO,NO,2025-09-19,73131600.0
4726,NNE,17.5,18.29,1269193.0,Industrials,Specialty Industrial Machinery,0.0,87.0,1.0,1.0,1.3191,1.1561,2447400.0,1592470.0,60.87,14.71,939475904,NO,18.74,18.7,25.31,18.05,22.1,,580,0.0,1625957.0,NO,NO,2025-05-23,19940000.0
4727,MNST,45.04,45.92,3842049.0,Consumer Defensive,Beverages - Non-Alcoholic,0.0,0.0,0.0,0.0,1.1254,1.0111,11359947.0,9970800.0,50.17,30.95,88245485568,NO,56.17,76.33,78.4,71.08,78.6,,10259,0.0,7090690.0,NO,NO,2006-08-07,541976400.0
4728,JDST,22.98,21.32,1152051.0,ETF,ETF,0.0,0.0,2.0,31.0,1.9079,1.32,574490.0,1173390.0,136.4,18.95,0,NO,24.75,34.62,39.73,32.21,33.56,,3246,7.32,1307254.0,NO,NO,2026-01-30,6196895.0
4729,SKHU,17.54,18.48,165736.0,ETF,ETF,0.0,93.0,,,2.0014,1.5314,1731408.0,575970.0,31.03,11.6,0,NO,17.02,,,,,,35,0.0,175918.0,NO,NO,2026-07-29,7540100.0
4730,SCO,22.53,23.97,9650004.0,ETF,ETF,0.0,1.0,10.0,0.0,1.0903,0.8674,5382649.0,3295840.0,84.16,22.45,0,NO,25.68,28.63,44.84,27.57,32.52,,4468,0.0,10236218.0,YES,NO,2026-05-26,28491875.0
4731,DRIP,33.43,34.63,778367.0,ETF,ETF,0.0,2.0,2.0,0.0,1.5582,1.4964,1974968.0,695170.0,99.0,33.35,0,NO,38.13,43.72,58.14,41.54,46.87,,2831,0.0,851285.0,NO,NO,2026-03-31,7922200.0
4732,AMDD,30.98,30.29,192489.0,ETF,ETF,0.0,62.0,24.0,0.0,1.1701,0.9361,1270249.0,301370.0,157.3,26.1,0,NO,29.73,29.35,64.07,29.44,51.36,,389,0.0,229205.0,NO,NO,2026-05-06,5135080.0
4733,ETHD,31.88,31.16,555112.0,ETF,ETF,0.0,0.0,0.0,0.0,3.3631,2.5621,383358.0,825780.0,106.8,27.6,0,NO,45.68,60.3,60.6,54.76,64.33,,560,0.51,594127.0,NO,NO,2025-10-10,8300670.0
4734,VSTL,20.16,20.21,94707.0,ETF,ETF,0.0,2.0,2.0,0.0,1.2549,1.1156,64452.0,95980.0,77.67,19.41,0,NO,21.65,25.58,32.3,24.22,28.71,,280,0.0,101517.0,NO,NO,2026-01-16,329467.0
4735,FRVO,19.81,15.38,31054299.0,Utilities,Utilities - Renewable,0.0,3.0,0.0,,2.1157,1.9893,3177890.0,3973130.0,42.65,14.6,5842206720,NO,19.41,23.7,,22.44,,,76,7.15,35126200.0,YES,NO,2026-05-13,35164300.0
4736,BOIL,20.63,20.37,4415300.0,ETF,ETF,0.0,53.0,3.0,0.0,0.9175,0.7811,4135984.0,4658560.0,93.7,18.41,0,NO,19.72,22.08,35.67,21.27,27.52,,3747,0.0,4704694.0,NO,NO,2026-01-20,16750050.0
4737,OPI,17.52,17.67,21395.0,Real Estate,REIT - Office,0.0,10.0,,,0.8257,0.8221,417164.0,98710.0,49.69,15.14,384626656,NO,18.47,18.0,,18.06,,,51,0.0,36350.0,NO,NO,2026-07-17,9688100.0
4738,OKLO,38.56,40.57,6247689.0,Utilities,Utilities - Independent Power Producers,0.0,11.0,0.0,0.0,2.8716,2.6302,10290955.0,9573720.0,193.84,36.61,7169120256,NO,43.02,44.91,65.72,43.5,54.97,,1294,0.0,7775807.0,NO,NO,2025-05-23,92503100.0
4739,NEGG,15.97,16.28,39712.0,Consumer Cyclical,Internet Retail,0.0,93.0,6.0,0.0,1.3168,1.2468,74395.0,41380.0,96.29,12.5,334954784,NO,17.86,15.98,37.29,15.7,26.79,,4115,0.0,42522.0,NO,NO,2025-06-05,10652300.0
4740,SKHN,15.24,14.43,2396.0,ETF,ETF,0.0,,,,1.71,1.1793,37120.0,37070.0,31.85,12.73,0,NO,17.06,,,,,,25,4.3,4237.0,NO,NO,2026-08-13,104100.0
4741,COYY,16.14,16.435,13541.0,ETF,ETF,0.0,12.0,4.0,0.0,0.2453,0.1749,22219.0,20390.0,119.1,16.14,0,NO,16.67,17.5,30.7,17.14,21.69,,275,0.0,13556.0,NO,NO,2025-10-10,244783.0
4742,KEEX,22.71,23.28,24364.0,ETF,ETF,0.0,0.0,0.0,14.0,6.1028,5.1131,27406.0,61370.0,181.67,15.35,0,NO,30.96,57.92,,43.68,52.29,,168,0.0,25066.0,NO,NO,2026-08-18,128500.0
4743,MTYY,17.96,18.04,808.0,ETF,ETF,0.0,23.0,3.0,0.0,0.1802,0.0883,2296.0,990.0,151.02,17.55,0,NO,18.0,18.72,34.6,18.39,24.86,,236,0.0,809.0,NO,NO,2026-01-30,16350.0
4744,TACK,32.4,32.56,13705.0,ETF,ETF,0.0,63.0,69.0,0.0,0.1692,0.1198,19285.0,12950.0,318.5,30.49,0,NO,32.61,32.1,178.06,32.24,123.97,,1114,0.0,14461.0,NO,NO,2026-07-31,301300.0
4745,CRCG,15.22,17.48,2857143.0,ETF,ETF,0.0,98.0,1.0,0.0,2.2336,1.9906,3485161.0,4577780.0,129.8,6.82,0,NO,12.54,10.58,23.05,10.66,21.26,,267,0.0,2970249.0,NO,NO,2026-07-10,14231000.0
4746,CRCA,22.5,25.91,537873.0,ETF,ETF,0.0,98.0,0.0,0.0,3.1097,2.7608,1254295.0,1138350.0,204.45,10.07,0,NO,18.08,15.68,35.35,16.18,32.25,,268,0.0,566597.0,NO,NO,2026-02-25,7380560.0
4747,AIFU,22.15,21.49,220912.0,Financial Services,Insurance Brokers,0.0,0.0,0.0,0.0,5.3293,5.2107,18536.0,38360.0,139.6,11.3,131254384,NO,27.2,33.76,41.24,31.87,35.72,,4736,0.0,223957.0,NO,NO,2025-05-06,1027382.0
4748,MSTP,20.73,23.157,39809.0,ETF,ETF,0.0,98.0,2.0,0.0,2.6458,2.1568,72352.0,128860.0,368.66,10.13,0,NO,16.62,14.58,40.83,15.22,29.3,,309,0.0,44247.0,NO,NO,2026-04-16,775870.0
4749,MSTU,29.31,32.63,4482561.0,ETF,ETF,0.0,98.0,1.0,0.0,3.8625,3.2846,9520787.0,12886044.0,591.0,14.6,0,NO,23.63,20.82,60.9,21.68,42.79,,490,0.0,4855700.0,NO,NO,2026-08-20,24481050.0
4750,CRWG,16.86,18.27,607639.0,ETF,ETF,0.0,2.0,0.0,2.0,2.9897,2.6977,1576798.0,1083540.0,165.95,10.66,0,NO,21.93,21.78,34.34,19.69,31.01,,267,0.0,644269.0,NO,NO,2026-04-10,7259710.0
4751,MRAL,32.08,35.053,89139.0,ETF,ETF,0.0,0.0,0.0,4.0,6.1388,5.0897,125004.0,225310.0,366.3,22.14,0,NO,34.77,47.8,53.99,41.93,48.31,,373,0.0,92717.0,NO,NO,2026-03-26,505020.0
4752,CRWU,32.47,35.14,70232.0,ETF,ETF,0.0,93.0,0.0,2.0,6.8879,5.2349,539966.0,311185.0,307.38,20.35,0,NO,42.54,42.45,64.58,37.88,58.5,,276,0.0,78061.0,NO,NO,2026-08-12,1748380.0
4753,MFP,44.38,46.88,200665.0,Industrials,Specialty Industrial Machinery,0.0,7.0,,,3.09,2.9743,995950.0,687150.0,200.0,21.0,2007553664,YES,46.52,,,44.95,,,46,0.0,344515.0,NO,NO,2026-07-07,8306000.0
4754,RIOX,20.26,22.26,638491.0,ETF,ETF,0.0,0.0,0.0,1.0,4.0864,3.5536,216458.0,354950.0,153.75,12.96,0,NO,25.95,34.26,36.32,28.08,33.93,,415,0.0,665086.0,NO,NO,2026-08-11,1012500.0
4755,ORCX,20.13,22.38,1601334.0,ETF,ETF,0.0,91.0,0.0,2.0,1.891,1.6728,2971928.0,1561380.0,181.59,13.71,0,NO,21.95,20.87,36.99,20.1,29.96,,392,0.0,1730021.0,NO,NO,2026-03-11,10930800.0
4756,TXXS,21.02,21.104,3909.0,ETF,ETF,0.0,84.0,1.0,0.0,2.0488,1.0463,9332.0,8810.0,307.0,17.75,0,NO,21.06,21.85,,22.15,37.32,,185,0.0,3910.0,NO,NO,2026-07-27,36100.0
4757,VCX,34.1,34.97,428462.0,Financial Services,Asset Management,0.0,13.0,0.0,,4.8507,4.5036,453138.0,845050.0,575.0,28.71,0,NO,37.81,52.31,,48.05,,,115,0.0,470919.0,NO,NO,2026-08-14,3863200.0
4758,PONX,15.25,15.45,7979.0,ETF,ETF,0.0,0.0,0.0,0.0,1.9195,1.4869,14477.0,8820.0,362.55,13.25,0,NO,19.36,17.72,56.28,17.54,34.58,,246,0.0,8007.0,NO,NO,2026-05-26,181420.0
4759,TEUP,23.3,25.95,43011.0,ETF,ETF,0.0,10.0,,,5.0649,4.327,20410.0,22470.0,320.6,18.0,0,NO,32.87,63.48,,48.8,,,65,0.0,43039.0,NO,NO,2026-08-12,61290.0
