Rank,Ticker,Price,Prev_Close,DVol,Sector,Industry,RS Percentile,1M_RS Percentile,3M_RS Percentile,6M_RS Percentile,ATR,ADR,AvgVol,AvgVol10,52WKH,52WKL,MCAP,IPO,SMA20,SMA50,SMA200,SMA10W,SMA30W,Earning_Date,History_Days,Gap (%),Latest Volume,9M+ Volume,HVE,HVE Date,HVE Volume
4801,AT,20.02,19.68,1339.00,ETF,ETF,35.00,,,,0.30,0.18,7443.00,7110.00,21.23,19.64,0,NO,,,,,,,17,1.63,1339.00,NO,NO,2026-09-21,17700.00
4802,BSJR,22.22,22.21,115692.00,ETF,ETF,35.00,55.00,49.00,36.00,0.07,0.06,181957.00,255110.00,22.77,22.07,0,NO,22.21,22.31,22.43,22.31,22.37,,1778,0.00,115692.00,NO,NO,2026-10-02,1127600.00
4803,RSPS,29.43,29.46,139257.00,ETF,ETF,35.00,37.00,30.00,39.00,0.32,0.29,191787.00,107990.00,33.37,28.21,0,NO,29.33,30.38,30.39,30.34,30.14,,5011,0.00,139257.00,NO,NO,2026-09-15,7016500.00
4804,MUNA,98.79,98.86,5.00,ETF,ETF,35.00,63.00,47.00,34.00,0.26,0.18,506.00,310.00,101.18,98.33,0,NO,99.06,99.48,100.08,99.38,99.95,,286,0.00,100.00,NO,NO,2025-10-24,33400.00
4805,CRS,385.81,387.10,608567.00,Industrials,Metal Fabrication,35.00,3.00,1.00,11.00,11.90,11.31,729914.00,721550.00,625.99,233.78,19120191488,NO,397.40,462.55,443.08,458.18,475.69,,13523,0.00,608567.00,NO,NO,2020-07-31,10557100.00
4806,BWZ,26.66,26.66,125574.00,ETF,ETF,35.00,31.00,55.00,33.00,0.17,0.15,73076.00,41920.00,28.26,26.50,0,NO,26.86,27.10,27.19,27.12,27.06,,4451,0.00,125574.00,NO,NO,2025-06-04,9950600.00
4807,MDT,88.48,87.75,38860319.00,Healthcare,Medical Devices,35.00,25.00,79.00,45.00,2.25,2.22,13053370.00,40368820.00,106.33,73.31,113178124288,NO,89.33,90.11,88.38,90.38,84.87,,13474,0.00,38860319.00,YES,NO,2006-04-13,133028500.00
4808,CGIB,25.01,25.02,751237.00,ETF,ETF,35.00,58.00,45.00,36.00,0.09,0.08,129323.00,129290.00,26.41,24.83,0,NO,24.97,25.17,25.33,25.15,25.26,,574,0.00,751237.00,NO,NO,2024-06-27,1987600.00
4809,INDB,77.02,77.12,413362.00,Financial Services,Banks - Regional,35.00,12.00,17.00,29.00,1.59,1.50,364442.00,452070.00,87.50,63.33,3648367872,NO,80.14,82.24,80.19,82.26,80.77,,10180,0.00,413362.00,NO,NO,2021-11-12,4261700.00
4810,JHLN,24.41,24.45,4970.00,ETF,ETF,35.00,51.00,46.00,38.00,0.04,0.02,25676.00,25110.00,25.72,24.28,0,NO,24.52,24.58,24.64,24.57,24.60,,287,0.00,4970.00,NO,NO,2026-03-05,10215900.00
4811,PHYS,31.70,31.20,2796253.00,ETF,ETF,35.00,28.00,77.00,10.00,0.49,0.33,4100070.00,3740970.00,42.07,29.30,15034549248,NO,31.92,32.75,34.29,32.96,33.19,,4181,1.35,2796253.00,NO,NO,2026-01-30,48356400.00
4812,SLNZ,45.31,45.17,539.00,ETF,ETF,35.00,54.00,48.00,40.00,0.13,0.11,4210.00,6160.00,47.10,44.58,0,NO,45.52,45.62,45.65,45.60,45.57,,473,0.00,539.00,NO,NO,2025-10-24,1031900.00
4813,SHY,81.20,81.20,3054051.00,ETF,ETF,35.00,57.00,49.00,35.00,0.12,0.11,4071903.00,4942390.00,83.20,80.95,0,NO,81.20,81.59,82.22,81.56,81.97,,6089,0.00,3054051.00,NO,NO,2014-02-03,54448200.00
4814,BH,363.81,367.70,57060.00,Consumer Cyclical,Restaurants,35.00,59.00,20.00,70.00,10.66,10.63,154051.00,66160.00,483.60,234.92,1158544896,NO,353.83,372.18,355.60,371.15,345.31,,11737,0.00,57060.00,NO,NO,2026-09-02,443800.00
4815,EDOG,23.93,23.67,43048.00,ETF,ETF,35.00,18.00,51.00,16.00,0.20,0.10,8940.00,44480.00,27.16,22.62,0,NO,24.11,24.66,24.96,24.64,24.65,,3153,0.00,43048.00,NO,NO,2017-03-30,329300.00
4816,VGSH,57.57,57.57,4690274.00,ETF,ETF,35.00,57.00,49.00,35.00,0.09,0.08,5069828.00,5851420.00,59.01,57.38,0,NO,57.57,57.84,58.29,57.82,58.11,,4245,0.00,4690274.00,NO,NO,2026-08-26,33640000.00
4817,IBDT,24.94,24.94,707288.00,ETF,ETF,35.00,56.00,49.00,35.00,0.09,0.09,708868.00,1240660.00,25.74,24.85,0,NO,24.96,25.07,25.26,25.06,25.17,,2024,0.00,707288.00,NO,NO,2022-05-11,6995500.00
4818,GGZ,15.25,15.04,4246.00,Financial Services,Asset Management,35.00,20.00,27.00,25.00,0.22,0.20,6242.00,5010.00,17.08,13.35,114836040,NO,15.49,16.09,15.86,16.02,15.87,,3101,0.60,4246.00,NO,NO,2015-11-16,1667075.00
4819,MIVL,25.16,24.95,32.00,ETF,ETF,35.00,25.00,50.00,,0.18,0.05,1425.00,390.00,26.85,24.70,0,NO,25.62,26.18,,26.15,,,88,0.00,100.00,NO,NO,2026-06-04,600300.00
4820,IBTI,21.90,21.91,741137.00,ETF,ETF,35.00,57.00,49.00,35.00,0.03,0.03,577575.00,1021810.00,22.49,21.83,0,NO,21.90,22.00,22.18,21.99,22.10,,1663,0.00,741137.00,NO,NO,2024-12-13,3116500.00
4821,EBMT,20.61,20.86,17608.00,Financial Services,Banks - Regional,35.00,9.00,10.00,19.00,0.58,0.56,36318.00,26700.00,24.66,15.80,164167536,NO,21.45,22.41,22.12,22.35,22.43,,6667,0.00,17608.00,NO,NO,2025-06-27,969500.00
4822,ISHG,73.68,73.74,62545.00,ETF,ETF,35.00,30.00,51.00,32.00,0.45,0.41,55629.00,57560.00,77.72,73.33,0,NO,74.35,75.19,75.22,75.19,75.01,,4453,0.00,62545.00,NO,NO,2026-04-29,2091000.00
4823,FLSW,41.22,40.91,8654.00,ETF,ETF,35.00,49.00,27.00,34.00,0.41,0.35,8728.00,14340.00,45.33,37.94,0,NO,41.40,42.84,42.66,42.78,42.66,,2179,0.52,8654.00,NO,NO,2020-01-31,928000.00
4824,DFAR,24.47,24.09,2647699.00,ETF,ETF,35.00,24.00,17.00,34.00,0.31,0.27,2581456.00,1798330.00,27.59,22.64,0,NO,24.61,25.60,25.20,25.54,25.70,,1161,0.83,2647699.00,NO,NO,2026-09-08,8750600.00
4825,CCID,24.82,24.81,1780.00,Financial Services,Asset Management,35.00,48.00,43.00,36.00,0.12,0.10,2825.00,1810.00,25.53,24.71,0,NO,24.91,25.04,25.17,25.01,25.16,,241,0.00,1780.00,NO,NO,2025-10-24,191100.00
4826,ARLP,24.62,24.65,186075.00,Energy,Thermal Coal,35.00,9.00,51.00,18.00,0.46,0.46,295703.00,345100.00,29.45,23.00,3167579648,NO,25.17,25.64,25.48,25.57,25.49,,6829,0.00,186075.00,NO,NO,1999-08-17,13010400.00
4827,IBMQ,25.20,25.12,164053.00,ETF,ETF,35.00,53.00,45.00,36.00,0.08,0.07,118707.00,297800.00,25.80,24.97,0,NO,25.20,25.37,25.52,25.36,25.46,,1880,0.16,164053.00,NO,NO,2023-04-04,585800.00
4828,EDGF,24.34,24.34,66031.00,ETF,ETF,35.00,49.00,47.00,35.00,0.06,0.04,142659.00,92310.00,25.07,24.27,0,NO,24.45,24.57,24.71,24.56,24.69,,506,0.00,66031.00,NO,NO,2024-10-08,3366300.00
4829,SPTS,28.67,28.67,1223367.00,ETF,ETF,35.00,56.00,49.00,35.00,0.05,0.04,2415628.00,3381290.00,29.40,28.58,0,NO,28.67,28.81,29.04,28.80,28.95,,3735,0.00,1223367.00,NO,NO,2020-03-09,96504300.00
4830,BSMR,23.33,23.25,146167.00,ETF,ETF,35.00,52.00,45.00,35.00,0.11,0.10,70903.00,132630.00,23.85,23.12,0,NO,23.35,23.50,23.63,23.51,23.59,,1769,0.28,146167.00,NO,NO,2024-09-03,453800.00
4831,APD,281.26,278.38,718808.00,Basic Materials,Specialty Chemicals,35.00,21.00,19.00,19.00,5.35,5.04,1081670.00,1028870.00,314.87,229.11,62632534016,NO,282.04,294.17,286.59,294.31,292.87,,11737,0.13,718808.00,NO,NO,2016-03-08,15012928.00
4832,MGIN,24.71,24.42,6.00,ETF,ETF,35.00,,,,,,220.00,220.00,25.00,24.42,0,NO,,,,,,,8,0.00,909.00,NO,NO,2026-10-01,909.00
4833,CIMN,25.00,25.01,9480.00,Finance,Real estate investment trusts,35.00,56.00,44.00,36.00,0.12,0.12,9740.00,12980.00,25.76,24.37,0,NO,25.10,25.10,25.22,25.11,25.19,,595,0.00,9480.00,NO,NO,2024-05-28,374100.00
4834,SPSB,29.60,29.61,8333504.00,ETF,ETF,35.00,55.00,48.00,35.00,0.06,0.06,5641287.00,4136300.00,30.34,29.45,0,NO,29.62,29.78,30.00,29.76,29.91,,4218,0.00,8333504.00,NO,NO,2026-03-19,34180200.00
4835,OXLCL,23.82,23.80,1559.00,Finance,Financial conglomerates,35.00,30.00,37.00,41.00,0.13,0.11,2178.00,3130.00,24.99,23.42,0,NO,23.97,24.26,24.24,24.21,24.26,,1398,0.00,1559.00,NO,NO,2021-03-18,183600.00
4836,GTOS,24.68,24.66,4660.00,ETF,ETF,35.00,55.00,47.00,35.00,0.04,0.03,8679.00,47410.00,25.27,24.59,0,NO,24.67,24.81,24.98,24.80,24.92,,959,0.00,4660.00,NO,NO,2026-10-07,268400.00
4837,SCHO,23.86,23.87,3060586.00,ETF,ETF,35.00,56.00,48.00,35.00,0.04,0.03,4885243.00,4207450.00,24.46,23.79,0,NO,23.87,23.98,24.17,23.97,24.09,,4070,0.00,3060586.00,NO,NO,2023-01-18,61120600.00
4838,USSH,49.80,49.81,472.00,ETF,ETF,35.00,56.00,48.00,35.00,0.06,0.03,1056.00,900.00,51.06,49.59,0,NO,49.78,50.03,50.43,50.00,50.27,,646,0.00,472.00,NO,NO,2025-02-20,51200.00
4839,BPYPP,15.29,15.32,5812.00,Real Estate,Real Estate Services,35.00,23.00,31.00,24.00,0.39,0.38,13604.00,15400.00,16.73,14.25,0,NO,15.52,15.91,15.73,15.85,15.76,,1905,0.00,5812.00,NO,NO,2019-03-15,2741900.00
4840,BBSB,97.14,97.16,694.00,ETF,ETF,35.00,56.00,48.00,35.00,0.11,0.06,1614.00,2790.00,99.58,96.93,0,NO,97.18,97.66,98.43,97.61,98.10,,872,0.00,694.00,NO,NO,2023-09-18,106300.00
4841,CTEC,56.36,55.70,1223.00,ETF,ETF,35.00,32.00,43.00,16.00,1.03,0.49,2081.00,1990.00,83.01,50.50,0,NO,56.53,57.29,60.92,57.62,61.66,,1493,0.91,1223.00,NO,NO,2025-04-01,209720.00
4842,ELAN,22.92,22.54,2520305.00,Healthcare,Drug Manufacturers - Specialty & Generic,35.00,62.00,15.00,37.00,0.70,0.70,6187129.00,5528840.00,27.98,19.40,11451332608,NO,22.55,23.44,23.81,23.13,23.54,,2024,0.22,2520305.00,NO,NO,2025-08-29,71268800.00
4843,CNR,88.46,88.55,457498.00,Energy,Thermal Coal,35.00,6.00,78.00,29.00,3.05,3.01,520651.00,466540.00,114.80,74.75,4390822912,NO,90.41,92.96,91.05,93.62,90.31,,2237,0.00,457498.00,NO,NO,2025-01-13,6592700.00
4844,FTAIM,26.73,26.98,3584.00,Industrials,Aerospace & Defense,35.00,41.00,41.00,37.00,0.17,0.12,2107.00,1560.00,27.81,26.30,0,NO,27.10,27.28,27.13,27.25,27.15,,901,0.00,3584.00,NO,NO,2023-03-09,945800.00
4845,ABI,24.48,24.52,36015.00,ETF,ETF,35.00,53.00,46.00,36.00,0.08,0.06,311617.00,68390.00,25.10,24.45,0,NO,24.54,24.68,24.83,24.65,24.78,,325,0.00,36015.00,NO,NO,2026-09-14,16565000.00
4846,XFLX,22.55,22.53,791.00,ETF,ETF,35.00,56.00,51.00,42.00,0.04,0.02,1557.00,2890.00,24.75,22.02,0,NO,22.57,22.66,22.62,22.67,22.58,,753,0.00,791.00,NO,NO,2026-01-12,908700.00
4847,PBTP,25.54,25.57,26005.00,ETF,ETF,35.00,53.00,50.00,31.00,0.05,0.05,107478.00,26400.00,26.45,25.39,0,NO,25.51,25.63,25.97,25.62,25.95,,2273,0.00,26005.00,NO,NO,2026-08-18,3420000.00
4848,BSJQ,22.83,22.84,239939.00,ETF,ETF,35.00,56.00,50.00,34.00,0.02,0.02,275292.00,310420.00,23.46,22.80,0,NO,22.85,22.89,23.09,22.90,23.02,,2053,0.00,240849.00,NO,NO,2024-10-09,1636700.00
4849,MITN,25.17,25.14,2508.00,Finance,Real estate investment trusts,35.00,47.00,41.00,36.00,0.08,0.07,3850.00,13150.00,26.00,24.55,0,NO,25.32,25.35,25.38,25.35,25.34,,672,0.04,2508.00,NO,NO,2024-02-06,71100.00
4850,EVLN,48.22,48.25,35433.00,ETF,ETF,35.00,46.00,48.00,39.00,0.17,0.15,117906.00,100400.00,49.80,48.08,0,NO,48.62,48.72,48.81,48.73,48.69,,670,0.00,35433.00,NO,NO,2024-03-26,9897000.00
4851,CSRA,24.76,24.61,3696.00,ETF,ETF,35.00,27.00,,,0.13,0.05,6704.00,890.00,25.73,24.39,0,NO,24.84,,,,,,42,0.00,3696.00,NO,NO,2026-08-18,74700.00
4852,SPYT,17.17,17.08,88104.00,ETF,ETF,35.00,67.00,48.00,49.00,0.15,0.12,116000.00,129710.00,18.68,15.77,0,NO,17.16,17.29,17.28,17.31,17.23,,651,0.23,88104.00,NO,NO,2025-02-24,680300.00
4853,CHH,105.64,104.82,369374.00,Consumer Cyclical,Lodging,35.00,90.00,36.00,20.00,3.25,3.17,546812.00,547570.00,123.82,84.04,4806144000,NO,101.12,103.69,106.38,103.38,107.52,,7543,0.38,369374.00,NO,NO,2019-12-16,6484800.00
4854,ICMO,24.22,24.07,778.00,ETF,ETF,35.00,,,,,,6500.00,6500.00,24.83,24.02,0,NO,,,,,,,8,0.00,778.00,NO,NO,2026-09-30,41700.00
4855,RWR,104.62,103.88,111907.00,ETF,ETF,35.00,19.00,15.00,36.00,1.19,1.13,262881.00,211440.00,119.65,96.66,0,NO,106.24,110.51,108.17,110.14,110.27,,6317,0.35,111907.00,NO,NO,2009-11-04,6993200.00
4856,ZTWO,49.81,49.85,308.00,ETF,ETF,35.00,54.00,47.00,35.00,0.11,0.07,1342.00,1360.00,51.05,49.58,0,NO,49.88,50.14,50.49,50.11,50.35,,689,0.00,308.00,NO,NO,2024-11-27,2546100.00
4857,SCSB,24.59,24.58,6366.00,ETF,ETF,35.00,54.00,47.00,34.00,0.04,0.02,3110.00,2280.00,25.12,24.50,0,NO,24.61,24.75,,24.74,,,135,0.00,6366.00,NO,NO,2026-04-01,76600.00
4858,LVHD,42.08,42.10,39978.00,ETF,ETF,35.00,28.00,22.00,32.00,0.36,0.35,54407.00,39720.00,46.49,39.47,0,NO,42.18,43.47,43.09,43.34,43.40,,2711,0.00,39978.00,NO,NO,2017-07-10,4115400.00
4859,FTSL,44.64,44.63,380568.00,ETF,ETF,35.00,53.00,49.00,37.00,0.16,0.14,284229.00,539440.00,46.09,44.37,0,NO,44.75,44.84,45.06,44.83,44.90,,3381,0.00,380568.00,NO,NO,2026-03-30,2639300.00
4860,WSDB,24.61,24.60,7.00,ETF,ETF,35.00,63.00,53.00,36.00,0.05,0.03,990.00,140.00,25.14,24.52,0,NO,24.65,24.80,,24.78,,,132,0.00,200.00,NO,NO,2026-04-01,52000.00
4861,USTB,49.86,49.85,305347.00,ETF,ETF,35.00,54.00,47.00,36.00,0.11,0.09,403065.00,362500.00,51.10,49.80,0,NO,49.99,50.26,50.59,50.22,50.44,,2249,0.00,305347.00,NO,NO,2025-09-09,2332500.00
4862,FLMX,34.84,34.65,8365.00,ETF,ETF,35.00,18.00,32.00,12.00,0.54,0.44,9904.00,15450.00,40.03,31.32,0,NO,35.27,36.36,37.05,36.28,37.00,,2243,0.00,8365.00,NO,NO,2025-06-20,594700.00
4863,PLAB,29.62,29.71,417627.00,Technology,Semiconductor Equipment & Materials,35.00,83.00,72.00,1.00,0.94,0.85,1097106.00,787560.00,56.00,20.05,1747496192,NO,29.81,30.26,35.81,30.30,35.88,,9973,0.00,417627.00,NO,NO,2025-12-10,15484800.00
4864,BRLN,50.29,50.48,4760.00,ETF,ETF,35.00,49.00,49.00,37.00,0.28,0.25,6053.00,4280.00,51.99,50.10,0,NO,50.70,50.73,50.92,50.71,50.77,,1006,0.00,4760.00,NO,NO,2024-02-12,165500.00
4865,BSGT,24.67,24.68,37686.00,ETF,ETF,35.00,53.00,44.00,,0.04,0.03,5343.00,7310.00,25.24,24.55,0,NO,24.65,24.85,,24.84,,,85,0.00,37686.00,NO,YES,2026-10-09,37686.00
4866,FICS,39.94,39.65,23024.00,ETF,ETF,34.00,29.00,28.00,35.00,0.37,0.25,8712.00,9020.00,43.38,37.65,0,NO,40.45,41.63,40.98,41.58,41.07,,1459,0.20,23024.00,NO,NO,2025-09-18,649700.00
4867,EFRA,34.63,34.44,306.00,ETF,ETF,34.00,60.00,39.00,25.00,0.31,0.16,837.00,1220.00,37.45,32.41,0,NO,34.59,35.40,35.26,35.39,35.22,,986,0.42,306.00,NO,NO,2023-10-13,42100.00
4868,UTF,25.74,25.63,246554.00,Financial Services,Asset Management,34.00,52.00,17.00,27.00,0.38,0.35,304081.00,432540.00,28.11,23.42,2877991936,NO,24.88,26.17,26.36,26.09,26.67,,5671,0.08,246554.00,NO,NO,2020-03-18,1535800.00
4869,UTWO,47.49,47.49,131375.00,ETF,ETF,34.00,56.00,48.00,34.00,0.09,0.07,115353.00,221590.00,48.70,47.27,0,NO,47.47,47.72,48.15,47.70,47.99,,1047,0.00,131375.00,NO,NO,2024-01-22,812700.00
4870,BGGG,35.52,34.90,13937.00,ETF,ETF,34.00,74.00,57.00,,0.41,0.32,44979.00,52510.00,37.40,32.71,0,NO,35.02,35.60,,35.65,,,92,1.35,13937.00,NO,NO,2026-06-22,1034800.00
4871,JPLD,51.31,51.35,692758.00,ETF,ETF,34.00,54.00,46.00,35.00,0.13,0.12,427025.00,454910.00,52.75,50.92,0,NO,51.43,51.74,52.12,51.71,51.97,,803,0.00,692758.00,NO,NO,2025-09-09,6190100.00
4872,TAXS,49.51,49.35,30588.00,ETF,ETF,34.00,53.00,44.00,34.00,0.11,0.07,20423.00,51690.00,50.74,49.15,0,NO,49.50,49.88,50.25,49.86,50.13,,288,0.13,30083.00,NO,NO,2025-11-20,759500.00
4873,RBC,503.68,490.99,284734.00,Industrials,Tools & Accessories,34.00,85.00,9.00,7.00,12.25,11.60,267853.00,250250.00,667.69,364.50,15946127360,NO,499.97,514.52,550.46,514.37,560.68,,5325,0.80,284734.00,NO,NO,2005-08-10,4659200.00
4874,LDUR,94.04,94.17,123564.00,ETF,ETF,34.00,52.00,46.00,35.00,0.25,0.24,79100.00,86650.00,96.60,93.74,0,NO,94.23,94.85,95.48,94.78,95.23,,3198,0.00,123564.00,NO,NO,2026-04-06,1236200.00
4875,TAXX,49.87,49.77,28184.00,ETF,ETF,34.00,53.00,45.00,35.00,0.10,0.09,26096.00,50280.00,51.13,49.72,0,NO,49.95,50.25,50.59,50.24,50.49,,646,0.11,28184.00,NO,NO,2026-07-06,403900.00
4876,EVMT,17.23,17.12,254.00,ETF,ETF,34.00,31.00,39.00,24.00,0.15,0.07,3934.00,1820.00,20.50,16.12,0,NO,17.59,17.74,17.97,17.73,18.08,,1119,0.00,254.00,NO,NO,2026-03-04,279200.00
4877,KR,61.64,61.41,5291138.00,Consumer Defensive,Grocery Stores,34.00,91.00,73.00,13.00,1.55,1.39,7083393.00,8350400.00,76.58,54.15,36403884032,NO,59.78,58.33,63.44,58.55,62.38,,16302,0.00,5291138.00,NO,NO,2009-12-08,154165200.00
4878,BSJS,21.55,21.52,78202.00,ETF,ETF,34.00,52.00,47.00,36.00,0.10,0.09,145284.00,123710.00,22.11,21.37,0,NO,21.55,21.68,21.81,21.68,21.75,,1524,0.00,78202.00,NO,NO,2026-03-03,824900.00
4879,APEI,47.87,47.77,168759.00,Consumer Defensive,Education & Training Services,34.00,88.00,5.00,6.00,1.83,1.77,300481.00,250610.00,61.59,30.20,876094912,NO,43.74,45.54,49.08,45.55,51.39,,4758,0.17,168759.00,NO,NO,2010-08-06,6126800.00
4880,TORK,24.56,24.01,1733.00,ETF,ETF,34.00,,,,,,2636.00,2850.00,25.68,23.94,0,NO,,,,,,,12,1.62,3733.00,NO,NO,2026-09-28,10500.00
4881,SMCO,28.18,28.01,3159.00,ETF,ETF,34.00,58.00,23.00,36.00,0.26,0.21,16262.00,13060.00,31.17,25.45,0,NO,27.94,28.99,28.95,28.94,29.21,,718,0.01,3159.00,NO,NO,2026-04-01,1117100.00
4882,VABS,23.84,23.81,11794.00,ETF,ETF,34.00,51.00,45.00,35.00,0.06,0.06,3181.00,8350.00,24.48,23.70,0,NO,23.86,24.04,24.18,24.03,24.13,,1423,0.00,11794.00,NO,NO,2025-09-03,1379400.00
4883,IFRA,57.00,56.70,200697.00,ETF,ETF,34.00,39.00,17.00,24.00,0.76,0.65,428575.00,591930.00,64.25,50.66,0,NO,56.32,58.62,59.17,58.50,59.96,,2141,0.16,200697.00,NO,NO,2025-02-27,18067000.00
4884,IAI,178.49,176.30,69576.00,ETF,ETF,34.00,15.00,24.00,54.00,2.95,2.68,78075.00,80590.00,198.09,157.78,0,NO,180.43,187.07,180.58,187.61,181.48,,5140,0.60,69576.00,NO,NO,2007-08-16,12330500.00
4885,IBHF,22.49,22.37,142806.00,ETF,ETF,34.00,62.00,52.00,35.00,0.05,0.04,237064.00,443430.00,23.39,22.37,0,NO,22.50,22.50,22.76,22.50,22.64,,1479,0.49,142806.00,NO,NO,2025-12-19,1583800.00
4886,WSBCO,25.12,25.00,9174.00,Financial Services,Banks - Regional,34.00,56.00,43.00,37.00,0.22,0.22,12301.00,16140.00,26.03,24.68,0,NO,25.13,25.42,25.55,25.39,25.48,,272,0.00,9174.00,NO,NO,2025-10-31,1193400.00
4887,SUB,104.79,104.61,1539151.00,ETF,ETF,34.00,53.00,45.00,35.00,0.31,0.29,783753.00,2116450.00,107.51,104.05,0,NO,104.81,105.60,106.39,105.55,106.10,,4499,0.03,1539151.00,NO,NO,2026-01-13,3671000.00
4888,TIPA,98.36,98.39,261.00,ETF,ETF,34.00,56.00,48.00,31.00,0.10,0.05,2650.00,3620.00,101.66,97.89,0,NO,98.17,98.53,99.93,98.49,99.79,,288,0.00,261.00,NO,NO,2026-09-08,40300.00
4889,XTWO,48.33,48.34,63137.00,ETF,ETF,34.00,56.00,48.00,34.00,0.07,0.06,88529.00,135040.00,49.69,48.17,0,NO,48.34,48.60,49.04,48.58,48.86,,1019,0.00,63137.00,NO,NO,2025-01-28,748000.00
4890,SDSI,50.51,50.46,156470.00,ETF,ETF,34.00,55.00,46.00,35.00,0.13,0.11,44414.00,75870.00,52.04,50.37,0,NO,50.58,50.92,51.29,50.88,51.14,,1001,0.00,156470.00,NO,NO,2025-09-18,750900.00
4891,CSB,61.87,62.12,8521.00,ETF,ETF,34.00,20.00,21.00,30.00,0.59,0.51,10685.00,26350.00,68.26,56.14,0,NO,62.66,65.18,63.75,65.11,64.55,,2817,0.00,8521.00,NO,NO,2019-07-18,350300.00
4892,MNGB,25.38,24.77,7.00,ETF,ETF,34.00,,,,,,115.00,110.00,26.17,24.10,0,NO,,,,,,,12,0.00,100.00,NO,NO,2026-09-30,400.00
4893,MAS,68.75,69.50,1306223.00,Industrials,Building Products & Equipment,34.00,71.00,14.00,65.00,1.78,1.71,2367360.00,2073600.00,83.64,58.16,13556635648,NO,68.56,71.36,70.23,71.36,70.94,,11737,0.00,1306223.00,NO,NO,2013-02-12,26807297.00
4894,GJR,24.50,24.10,900.00,Finance,Finance/Rental/Leasing,34.00,63.00,40.00,38.00,0.32,0.10,385.00,930.00,25.28,23.23,0,NO,24.43,24.63,24.76,24.57,24.73,,4724,0.00,900.00,NO,NO,2008-02-26,200200.00
4895,METL,25.17,24.71,4338.00,ETF,ETF,34.00,6.00,68.00,10.00,0.61,0.39,13932.00,8650.00,34.46,20.45,0,NO,26.06,27.23,27.92,27.37,27.25,,273,0.00,4338.00,NO,NO,2026-01-29,423300.00
4896,XXV,23.60,23.47,14747.00,ETF,ETF,34.00,71.00,58.00,49.00,0.25,0.18,28528.00,36430.00,27.56,21.55,0,NO,23.34,23.39,23.87,23.48,23.47,,224,0.00,14747.00,NO,NO,2026-06-16,384600.00
4897,UX,28.32,27.79,1929.00,ETF,ETF,34.00,27.00,68.00,18.00,0.55,0.34,2757.00,1340.00,38.72,25.84,0,NO,28.38,28.94,29.88,29.00,29.09,,427,1.28,1929.00,NO,NO,2026-07-01,91000.00
4898,LYTE,24.92,24.36,1453658.00,ETF,ETF,34.00,70.00,,,1.06,0.80,2041924.00,1634870.00,28.91,22.57,0,NO,25.30,,,25.46,,,46,0.00,1453658.00,NO,NO,2026-08-17,5090200.00
4899,IBHH,23.13,23.12,69368.00,ETF,ETF,34.00,52.00,47.00,35.00,0.10,0.09,112498.00,150290.00,23.85,22.85,0,NO,23.19,23.31,23.49,23.29,23.41,,1147,0.00,69368.00,NO,NO,2026-01-06,903500.00
4900,JUCY,21.76,21.78,15739.00,ETF,ETF,34.00,58.00,48.00,33.00,0.11,0.09,140396.00,148410.00,22.44,21.58,0,NO,21.77,21.89,22.09,21.88,22.03,,988,0.00,15739.00,NO,NO,2024-02-12,2115600.00
4901,BAC,54.32,53.61,28715342.00,Financial Services,Banks - Diversified,34.00,3.00,15.00,50.00,1.02,0.98,33857695.00,36965070.00,65.23,46.12,379846098944,NO,55.88,60.07,55.28,59.95,56.23,,13523,0.00,28715342.00,YES,NO,2009-12-04,1226791300.00
4902,CCNEP,24.58,24.45,218.00,Financial Services,Banks - Regional,34.00,61.00,51.00,39.00,0.17,0.10,1100.00,1030.00,25.50,23.57,0,NO,24.74,24.90,24.96,24.84,24.88,,1540,0.00,200.00,NO,NO,2023-03-21,72500.00
4903,SMMU,49.61,49.47,229611.00,ETF,ETF,34.00,54.00,44.00,34.00,0.15,0.13,152176.00,358710.00,50.90,49.23,0,NO,49.59,49.96,50.37,49.95,50.25,,4197,0.10,229611.00,NO,NO,2025-04-16,1652700.00
4904,TIPH,94.72,97.25,6.00,ETF,ETF,34.00,,,,0.00,0.00,6.00,0.00,99.24,94.68,0,NO,97.34,,,,,,25,0.00,110.00,NO,NO,,
4905,IBHG,21.77,21.74,200261.00,ETF,ETF,34.00,56.00,48.00,35.00,0.08,0.08,133968.00,173440.00,22.53,21.64,0,NO,21.79,21.88,22.07,21.87,22.00,,1320,0.00,200261.00,NO,NO,2026-05-29,1567600.00
4906,SWP,27.54,27.37,9908.00,ETF,ETF,34.00,40.00,40.00,39.00,0.25,0.15,7695.00,4960.00,29.87,25.73,0,NO,27.68,28.36,28.33,28.37,28.25,,512,0.00,9908.00,NO,NO,2024-09-25,3202300.00
4907,ODD,21.11,19.55,767089.00,Consumer Defensive,Household & Personal Products,34.00,97.00,93.00,93.00,1.09,1.05,1106781.00,736830.00,52.24,9.25,973689344,NO,18.73,15.92,18.75,16.36,14.94,,811,0.66,767089.00,NO,NO,2026-02-25,24094300.00
4908,IXP,117.32,118.64,13750.00,ETF,ETF,34.00,49.00,52.00,37.00,1.29,1.08,49029.00,20700.00,126.77,110.89,0,NO,119.55,118.21,119.39,118.22,118.37,,6258,0.00,13750.00,NO,NO,2022-03-07,1936000.00
4909,GISC,49.28,49.23,1741.00,ETF,ETF,34.00,51.00,42.00,,0.13,0.13,10629.00,4790.00,50.36,49.16,0,NO,49.45,49.78,,49.73,,,82,0.00,1741.00,NO,NO,2026-09-09,152300.00
4910,OXLCG,24.68,24.62,3787.00,Finance,Financial conglomerates,34.00,33.00,45.00,36.00,0.16,0.14,4971.00,7420.00,25.60,24.57,0,NO,24.88,25.05,25.13,25.04,25.10,,406,0.00,3787.00,NO,NO,2025-02-28,161700.00
4911,NBCE,36.36,37.12,6.00,ETF,ETF,34.00,23.00,10.00,45.00,0.34,0.07,840.00,730.00,45.93,31.49,0,NO,37.96,38.96,38.19,38.89,39.22,,747,0.00,100.00,NO,NO,2026-01-27,118700.00
4912,FEUZ,62.96,62.52,5701.00,ETF,ETF,34.00,12.00,26.00,22.00,0.83,0.45,4726.00,6260.00,73.02,57.01,0,NO,65.13,67.10,65.95,67.06,66.54,,3006,0.00,5699.00,NO,NO,2014-12-01,9742900.00
4913,STBF,24.95,24.96,81247.00,ETF,ETF,34.00,50.00,44.00,34.00,0.05,0.05,50629.00,202500.00,25.60,24.84,0,NO,24.95,25.12,25.31,25.10,25.24,,628,0.00,81247.00,NO,NO,2026-10-01,1575900.00
4914,UAL,107.46,107.44,4652616.00,Industrials,Airlines,34.00,67.00,11.00,70.00,3.98,3.68,3868323.00,4487420.00,138.77,84.64,34878148608,NO,110.52,114.68,109.03,114.25,109.80,,5202,0.00,4652616.00,NO,NO,2020-06-04,142812800.00
4915,WLKP,21.19,21.41,15691.00,Basic Materials,Chemicals,34.00,45.00,29.00,18.00,0.32,0.32,30021.00,23280.00,23.88,17.75,746860224,NO,21.38,21.54,21.87,21.52,22.17,,3068,0.00,15691.00,NO,NO,2014-07-30,11547700.00
4916,BBLS,25.41,24.83,108.00,ETF,ETF,34.00,57.00,,,0.21,0.07,10531.00,410.00,26.08,23.91,0,NO,24.92,,,,,,34,0.00,100.00,NO,NO,2026-08-20,300300.00
4917,QCLR,28.40,28.30,4671.00,ETF,ETF,34.00,79.00,57.00,51.00,0.12,0.05,1334.00,1740.00,33.32,26.10,0,NO,28.03,27.96,28.20,28.03,28.06,,1286,0.00,4671.00,NO,NO,2022-09-30,58600.00
4918,RW,24.80,24.46,142.00,ETF,ETF,34.00,72.00,46.00,50.00,0.17,0.10,1607.00,2170.00,27.00,21.25,0,NO,24.54,25.08,24.80,25.07,24.67,,329,0.00,1400.00,NO,NO,2025-06-18,215100.00
4919,MPIM,24.64,24.40,10796.00,ETF,ETF,34.00,73.00,,,0.44,0.38,40092.00,46220.00,25.58,23.49,0,NO,24.21,,,,,,42,0.74,10796.00,NO,NO,2026-09-16,180600.00
4920,HMH,19.07,18.74,136454.00,Energy,Oil & Gas Equipment & Services,34.00,15.00,28.00,47.00,0.91,0.88,204673.00,252870.00,24.50,16.32,227834416,NO,18.74,19.50,,19.45,,,133,0.21,136454.00,NO,NO,2026-04-01,4415000.00
4921,SIVR,57.60,56.18,2679645.00,ETF,ETF,34.00,18.00,77.00,5.00,1.61,1.05,1361367.00,2567890.00,115.26,43.85,0,NO,59.51,60.92,69.11,61.43,64.25,,4330,0.00,2679645.00,NO,NO,2026-01-30,26230700.00
4922,RTX,185.97,184.32,3344904.00,Industrials,Aerospace & Defense,34.00,14.00,24.00,16.00,3.54,3.54,4408000.00,3854360.00,226.88,155.64,250642579456,NO,188.94,203.30,194.99,202.01,193.64,,16239,0.48,3344904.00,NO,NO,2001-09-17,63223768.00
4923,SSMG,25.53,25.74,6.00,ETF,ETF,34.00,67.00,26.00,,0.28,0.02,281.00,710.00,28.50,24.24,0,NO,25.38,25.98,,26.03,,,118,0.00,3800.00,NO,NO,2026-04-22,100200.00
4924,DEFR,26.13,26.09,18836.00,ETF,ETF,34.00,51.00,43.00,33.00,0.11,0.09,16320.00,12530.00,27.34,23.63,0,NO,26.16,26.43,26.64,26.42,26.54,,354,0.07,18836.00,NO,NO,2025-07-30,816800.00
4925,GLRY,38.48,38.11,15083.00,ETF,ETF,34.00,64.00,19.00,28.00,0.45,0.35,16317.00,18510.00,43.79,34.38,0,NO,38.07,39.34,39.63,39.25,40.23,,1465,0.81,15083.00,NO,NO,2022-11-10,742600.00
4926,DRVR,24.46,24.48,434.00,ETF,ETF,34.00,41.00,,,0.19,0.09,2107.00,2600.00,26.83,23.84,0,NO,24.40,25.12,,25.11,,,66,0.00,434.00,NO,NO,2026-10-08,20000.00
4927,NBSD,50.01,49.99,638123.00,ETF,ETF,34.00,53.00,46.00,35.00,0.11,0.09,310873.00,552250.00,51.57,49.80,0,NO,50.05,50.35,50.76,50.31,50.57,,577,0.00,638123.00,NO,NO,2026-09-29,1209400.00
4928,OCCIM,24.75,24.90,18377.00,Financial Services,Asset Management,34.00,40.00,41.00,35.00,0.12,0.09,2967.00,1720.00,26.06,24.42,0,NO,24.95,25.08,25.13,25.06,25.11,,506,0.00,18377.00,NO,NO,2024-10-04,75900.00
4929,FMKT,21.82,21.61,2615.00,ETF,ETF,34.00,37.00,51.00,53.00,0.21,0.12,2393.00,2990.00,24.45,19.55,0,NO,22.00,22.35,21.98,22.41,21.98,,336,0.39,2615.00,NO,NO,2025-06-10,403900.00
4930,HECA,27.37,27.11,129814.00,ETF,ETF,34.00,52.00,56.00,35.00,0.19,0.17,56823.00,93560.00,30.90,26.66,0,NO,27.35,27.59,28.15,27.64,27.64,,322,0.00,129814.00,NO,NO,2026-03-02,1603200.00
4931,CHSCL,25.05,25.04,28495.00,Consumer Defensive,Farm Products,34.00,45.00,46.00,32.00,0.13,0.13,27803.00,44550.00,25.95,24.94,0,NO,25.14,25.29,25.51,25.27,25.44,,2951,0.00,28495.00,NO,NO,2015-01-15,2556400.00
4932,SBAR,25.34,25.26,76078.00,ETF,ETF,34.00,52.00,46.00,42.00,0.16,0.13,124023.00,161090.00,26.78,24.26,0,NO,25.45,25.59,25.58,25.59,25.43,,374,0.00,76078.00,NO,NO,2025-08-11,1240600.00
4933,NEAR,49.90,49.87,1862822.00,ETF,ETF,34.00,54.00,46.00,34.00,0.11,0.11,756028.00,1008620.00,51.37,49.68,0,NO,49.95,50.25,50.69,50.23,50.51,,3274,0.02,1862822.00,NO,NO,2020-06-04,14373900.00
4934,MPDY,24.75,24.34,39956.00,ETF,ETF,34.00,85.00,,,0.47,0.34,27029.00,8670.00,25.62,23.26,0,NO,24.11,,,,,,42,0.66,39956.00,NO,NO,2026-08-12,199800.00
4935,UYM,27.56,27.37,641.00,ETF,ETF,34.00,16.00,22.00,10.00,0.61,0.48,11320.00,5720.00,34.54,21.34,0,NO,27.94,29.89,29.85,29.91,29.96,,4954,0.00,641.00,NO,NO,2008-11-13,69206000.00
4936,MUNF,96.69,98.18,6.00,ETF,ETF,34.00,54.00,,,0.00,0.00,34.00,0.00,100.20,97.28,0,NO,98.26,,,,,,30,0.00,209.00,NO,NO,2026-09-11,408.00
4937,CRC,52.96,53.05,639406.00,Energy,Oil & Gas E&P,34.00,15.00,49.00,5.00,1.70,1.66,833207.00,771800.00,71.98,43.24,4703901696,NO,52.98,53.25,56.46,53.38,57.55,,1494,0.00,639406.00,NO,NO,2023-06-16,17635200.00
4938,GJS,23.14,23.01,12055.00,Finance,Finance/Rental/Leasing,34.00,47.00,39.00,29.00,0.20,0.14,1010.00,3170.00,24.68,22.70,0,NO,23.22,23.34,23.45,23.30,23.44,,5145,0.00,12055.00,NO,NO,2009-08-12,634700.00
4939,STOT,46.22,46.20,50878.00,ETF,ETF,34.00,51.00,45.00,34.00,0.08,0.08,68720.00,85550.00,47.55,46.07,0,NO,46.35,46.61,47.00,46.57,46.86,,2638,0.00,50878.00,NO,NO,2021-08-16,1641700.00
4940,SJCP,24.65,24.64,72.00,ETF,ETF,34.00,39.00,44.00,34.00,0.03,0.02,770.00,180.00,25.50,24.62,0,NO,24.73,24.96,25.10,24.96,25.02,,523,0.00,72.00,NO,NO,2026-05-27,184700.00
4941,AIRTP,18.81,18.84,3018.00,Industrials,Conglomerates,33.00,58.00,41.00,40.00,0.07,0.04,2929.00,1110.00,21.00,18.00,0,NO,18.87,18.87,19.36,18.84,19.10,,1842,0.00,3018.00,NO,NO,2021-06-23,159500.00
4942,NVS,143.75,143.11,1900903.00,Healthcare,Drug Manufacturers - General,33.00,83.00,21.00,17.00,2.11,1.79,1952354.00,1836620.00,170.46,121.57,273227759616,NO,142.03,148.99,150.90,148.76,150.46,,7527,0.00,1900903.00,NO,NO,2010-12-15,39478054.00
4943,PWS,32.51,32.27,10.00,ETF,ETF,33.00,47.00,47.00,44.00,0.21,0.16,7701.00,39420.00,33.83,31.18,0,NO,32.35,32.83,32.53,32.81,32.31,,2217,0.00,2800.00,NO,NO,2019-01-02,1062300.00
4944,CGW,63.99,63.65,19022.00,ETF,ETF,33.00,66.00,41.00,25.00,0.78,0.58,22289.00,22540.00,68.92,61.34,0,NO,63.10,64.35,64.68,64.34,64.25,,4884,0.27,19022.00,NO,NO,2008-09-05,1445000.00
4945,DCI,86.93,87.16,492616.00,Industrials,Specialty Industrial Machinery,33.00,44.00,37.00,34.00,1.64,1.55,673109.00,609100.00,112.84,79.42,10068279296,NO,87.28,91.05,91.11,90.94,88.28,,11737,0.00,492616.00,NO,NO,1987-09-01,15321600.00
4946,MOTG,39.39,38.82,2188.00,ETF,ETF,33.00,69.00,65.00,48.00,0.29,0.07,618.00,1070.00,45.88,35.86,0,NO,39.20,40.07,39.25,40.08,38.95,,1995,1.18,2188.00,NO,NO,2022-09-29,262300.00
4947,OSEA,29.60,29.14,27204.00,ETF,ETF,33.00,63.00,53.00,29.00,0.29,0.23,107171.00,58980.00,31.59,27.94,0,NO,29.39,30.11,30.21,30.13,30.05,,1026,1.26,27204.00,NO,NO,2026-01-08,2324800.00
4948,XTN,99.79,100.19,27309.00,ETF,ETF,33.00,36.00,10.00,32.00,1.43,1.28,65784.00,49780.00,120.90,79.18,0,NO,100.08,104.72,104.04,104.69,106.58,,3949,0.00,27309.00,NO,NO,2021-10-20,1619000.00
4949,TIPF,97.44,97.98,6.00,ETF,ETF,33.00,53.00,,,0.00,0.00,119.00,0.00,99.92,97.32,0,NO,98.14,,,,,,29,0.00,906.00,NO,NO,2026-09-11,2459.00
4950,SLV,54.78,53.45,13522476.00,ETF,ETF,33.00,18.00,77.00,5.00,1.53,1.01,15741771.00,15552790.00,109.83,41.70,0,NO,56.60,57.94,65.77,58.42,61.13,,5145,0.00,13522476.00,YES,NO,2026-01-30,510687700.00
4951,MYHC,24.57,24.53,7.00,ETF,ETF,33.00,46.00,42.00,35.00,0.05,0.01,393.00,160.00,25.22,24.47,0,NO,24.71,24.91,,24.89,24.98,,157,0.00,7.00,NO,NO,2026-06-09,15700.00
4952,ADAMK,24.41,24.30,28950.00,,,33.00,22.00,,,0.19,0.19,46955.00,33700.00,25.50,24.19,0,YES,24.91,,,,,,39,0.04,28950.00,NO,NO,2026-08-17,362400.00
4953,MOTI,35.19,34.58,2194.00,ETF,ETF,33.00,62.00,68.00,42.00,0.33,0.21,4421.00,3760.00,39.49,32.66,0,NO,34.86,35.99,35.75,36.00,35.01,,2828,1.33,2194.00,NO,NO,2026-04-29,2881500.00
4954,CIVG,24.53,24.53,8.00,ETF,ETF,33.00,62.00,50.00,,0.05,0.01,560.00,190.00,25.15,24.44,0,NO,24.59,24.79,,24.76,,,88,0.00,100.00,NO,NO,2026-06-15,54600.00
4955,ZSB,20.39,20.61,83.00,ETF,ETF,33.00,17.00,22.00,16.00,0.18,0.03,293.00,160.00,25.47,17.42,0,NO,21.16,21.62,22.39,21.55,22.27,,936,0.00,100.00,NO,NO,2025-03-11,146700.00
4956,INKM,33.25,33.18,1238.00,ETF,ETF,33.00,30.00,33.00,31.00,0.20,0.14,12935.00,18990.00,35.01,32.71,0,NO,33.56,34.21,34.21,34.16,34.25,,3635,0.02,1238.00,NO,NO,2013-07-16,2151400.00
4957,SKF,24.98,25.43,14648.00,ETF,ETF,33.00,89.00,76.00,9.00,0.59,0.54,24528.00,38710.00,33.07,22.00,0,NO,25.02,23.60,26.41,23.58,26.14,,4954,0.00,14648.00,NO,NO,2009-05-07,307125.00
4958,CDPI,19.74,19.69,20.00,ETF,ETF,33.00,35.00,,,0.09,0.05,4412.00,400.00,22.21,19.36,0,NO,19.87,20.12,,20.09,,,61,0.00,100.00,NO,NO,2026-07-14,250000.00
4959,SJLD,24.79,24.79,6.00,ETF,ETF,33.00,36.00,44.00,33.00,0.01,0.00,200.00,100.00,25.59,24.78,0,NO,24.84,25.11,25.28,25.10,25.23,,368,0.00,6.00,NO,NO,2025-11-18,35400.00
4960,LONZ,48.85,48.83,61971.00,ETF,ETF,33.00,53.00,49.00,37.00,0.13,0.12,66110.00,112070.00,50.93,48.77,0,NO,49.09,49.15,49.50,49.15,49.28,,1088,0.00,61971.00,NO,NO,2025-04-04,1253600.00
4961,DCRE,50.82,50.88,50851.00,ETF,ETF,33.00,52.00,44.00,33.00,0.14,0.13,49257.00,127880.00,52.56,50.63,0,NO,51.01,51.30,51.74,51.27,51.59,,883,0.00,50851.00,NO,NO,2024-09-12,775300.00
4962,TRI,103.21,101.55,965514.00,Industrials,Specialty Business Services,33.00,90.00,85.00,86.00,3.34,3.24,1874276.00,1270540.00,164.30,76.28,44715876352,NO,98.98,101.58,97.73,101.44,92.97,,6122,0.00,965514.00,NO,NO,2025-07-25,23377500.00
4963,BKMS,25.08,25.03,32823.00,ETF,ETF,33.00,52.00,44.00,34.00,0.11,0.10,67957.00,157480.00,25.81,24.89,0,NO,25.10,25.29,,25.28,25.43,,188,0.03,33060.00,NO,NO,2026-10-08,407900.00
4964,PRIZ,24.64,24.61,186.00,ETF,ETF,33.00,51.00,49.00,,0.08,0.04,6340.00,3740.00,25.30,24.55,0,NO,24.82,25.02,,25.00,,,89,0.00,8500.00,NO,NO,2026-07-14,61200.00
4965,SLQD,49.46,49.49,249807.00,ETF,ETF,33.00,54.00,46.00,34.00,0.10,0.09,260109.00,224500.00,50.99,49.23,0,NO,49.54,49.85,50.32,49.82,50.15,,3264,0.00,249807.00,NO,NO,2020-07-24,6586600.00
4966,ONEH,24.23,24.41,1923.00,ETF,ETF,33.00,49.00,44.00,38.00,0.19,0.18,13768.00,8710.00,26.03,24.11,0,NO,24.42,24.57,,24.54,24.54,,175,0.00,1923.00,NO,NO,2026-08-03,576800.00
4967,PSCI,161.92,161.69,8386.00,ETF,ETF,33.00,41.00,16.00,34.00,2.03,1.46,18610.00,8930.00,187.05,138.89,0,NO,163.18,171.35,168.93,171.19,171.01,,4154,0.00,8386.00,NO,NO,2026-09-15,790800.00
4968,PINC,49.15,49.15,143.00,ETF,ETF,33.00,48.00,43.00,,0.07,0.04,1156.00,500.00,50.29,49.04,0,NO,49.25,49.67,,49.65,,,84,0.00,143.00,NO,NO,2026-09-08,21200.00
4969,UCB,33.38,33.58,627022.00,Financial Services,Banks - Regional,33.00,17.00,22.00,34.00,0.66,0.63,865084.00,991580.00,37.18,28.65,4024810496,NO,34.09,35.00,33.84,35.04,34.15,,6179,0.00,627022.00,NO,NO,2021-12-31,4989200.00
4970,UFOD,23.80,23.51,777.00,ETF,ETF,33.00,73.00,57.00,27.00,0.31,0.12,1201.00,1190.00,27.84,21.77,0,NO,23.77,24.23,,24.35,24.77,,171,0.81,777.00,NO,NO,2026-07-15,15600.00
4971,ZDIS,62.63,61.26,637.00,ETF,ETF,33.00,91.00,,,1.00,0.50,2415.00,1130.00,64.00,57.25,0,NO,60.20,,,,,,39,1.19,637.00,NO,NO,2026-09-03,11200.00
4972,MUNG,95.64,98.02,7.00,ETF,ETF,33.00,56.00,,,0.00,0.00,48.00,0.00,100.20,96.25,0,NO,98.02,,,,,,30,0.00,208.00,NO,NO,2026-09-11,408.00
4973,FTSD,88.80,88.80,26065.00,ETF,ETF,33.00,51.00,44.00,33.00,0.24,0.22,31589.00,46400.00,91.51,88.49,0,NO,89.02,89.59,90.36,89.53,90.10,,3251,0.00,26065.00,NO,NO,2021-03-24,1256400.00
4974,DABS,49.67,49.66,254439.00,ETF,ETF,33.00,52.00,45.00,34.00,0.14,0.13,12657.00,10300.00,51.52,49.52,0,NO,49.76,50.09,50.57,50.05,50.38,,404,0.00,254439.00,NO,NO,2025-03-14,631800.00
4975,BMSI,24.71,24.71,11.00,ETF,ETF,33.00,53.00,,,0.08,0.01,159.00,130.00,25.34,24.52,0,NO,24.83,25.06,,25.03,,,51,0.00,100.00,NO,NO,2026-08-27,1200.00
4976,PSDM,50.18,50.17,182439.00,ETF,ETF,33.00,53.00,45.00,33.00,0.12,0.10,39331.00,41340.00,52.03,49.97,0,NO,50.24,50.59,51.07,50.57,50.89,,802,0.00,182439.00,NO,NO,2026-09-08,348300.00
4977,IPI,32.51,33.05,167141.00,Basic Materials,Agricultural Inputs,33.00,1.00,15.00,10.00,1.24,1.22,191989.00,184670.00,50.34,22.55,437476448,NO,35.03,36.59,36.38,36.50,37.08,,4647,0.00,167141.00,NO,NO,2008-04-22,4274930.00
4978,NFRA,62.62,62.88,82685.00,ETF,ETF,33.00,19.00,28.00,26.00,0.49,0.40,74121.00,119790.00,67.36,59.60,0,NO,63.59,64.89,64.50,64.83,64.98,,3270,0.00,82685.00,NO,NO,2019-06-20,2968300.00
4979,SPAQ,92.90,92.90,147.00,ETF,ETF,33.00,50.00,52.00,46.00,0.27,0.17,170.00,340.00,108.25,89.43,0,NO,93.28,93.60,92.41,93.53,92.86,,928,0.00,147.00,NO,NO,2023-03-01,63700.00
4980,CEF,41.67,40.90,171054.00,ETF,ETF,33.00,18.00,77.00,9.00,0.82,0.54,578306.00,482800.00,61.38,36.16,7307507712,NO,42.62,43.80,46.69,44.16,44.69,,10209,0.00,171054.00,NO,NO,2011-05-05,11600000.00
4981,EPR,54.74,54.41,583350.00,Real Estate,REIT - Specialty,33.00,10.00,16.00,48.00,1.03,1.00,784362.00,783490.00,64.97,48.11,4193572352,NO,56.53,58.87,57.05,58.73,57.69,,7267,0.18,583350.00,NO,NO,2016-01-15,10387300.00
4982,FXC,68.49,68.70,21987.00,ETF,ETF,33.00,27.00,48.00,30.00,0.22,0.17,31723.00,22420.00,72.47,68.41,0,NO,69.15,69.88,70.51,69.88,70.16,,5105,0.00,21987.00,NO,NO,2011-04-29,2752300.00
4983,AEMC,19.98,20.01,9.00,ETF,ETF,33.00,66.00,,,0.08,0.01,3526.00,150.00,20.32,19.54,0,NO,19.72,,,,,,29,0.00,100.00,NO,NO,2026-08-27,99900.00
4984,FINY,24.67,24.69,2933.00,ETF,ETF,33.00,23.00,39.00,,0.20,0.08,1046.00,760.00,25.79,24.06,0,NO,25.00,25.36,,25.36,,,110,0.00,2933.00,NO,NO,2026-05-07,26200.00
4985,LDRI,24.71,24.70,82610.00,ETF,ETF,33.00,47.00,48.00,30.00,0.12,0.10,14479.00,20570.00,25.77,24.63,0,NO,24.76,24.90,25.26,24.88,25.23,,480,0.00,82610.00,NO,YES,2026-10-09,82610.00
4986,EUDG,37.15,36.97,2776.00,ETF,ETF,33.00,21.00,30.00,29.00,0.34,0.23,4090.00,4680.00,40.59,34.77,0,NO,37.93,39.11,38.56,39.06,38.50,,3126,0.46,2776.00,NO,NO,2017-11-07,479500.00
4987,KBE,63.13,63.55,1841740.00,ETF,ETF,33.00,11.00,16.00,42.00,1.08,0.99,1458539.00,2164130.00,71.92,54.64,0,NO,64.97,67.62,64.87,67.57,65.71,,5257,0.00,1841740.00,NO,NO,2009-03-18,37097200.00
4988,AMKR,49.12,51.00,4242726.00,Technology,Semiconductor Equipment & Materials,33.00,51.00,2.00,8.00,2.49,2.26,4659381.00,3453930.00,96.68,28.19,12175497216,NO,51.67,51.68,57.58,52.10,61.65,,7155,0.00,4242726.00,NO,NO,2021-02-12,27265800.00
4989,BGFI,24.68,24.68,67653.00,ETF,ETF,33.00,54.00,,,0.15,0.13,497359.00,77870.00,25.23,24.45,0,NO,24.68,24.92,,24.91,,,53,0.00,67653.00,NO,NO,2026-09-14,21573300.00
4990,CVS,86.16,87.80,11650453.00,Healthcare,Healthcare Plans,33.00,7.00,5.00,63.00,2.13,2.06,7957851.00,9554750.00,110.68,69.51,110196088832,NO,88.16,92.90,87.91,92.09,91.75,,13523,0.00,11650453.00,YES,NO,2009-11-05,185123500.00
4991,CXT,50.45,48.18,427941.00,Industrials,Business Equipment & Supplies,33.00,61.00,53.00,77.00,1.79,1.62,548585.00,486250.00,68.74,35.71,2903967744,NO,47.86,49.66,47.30,49.99,46.62,,11737,0.91,427941.00,NO,NO,1984-02-28,23322815.00
4992,ADSK,235.35,233.60,1739883.00,Technology,Software - Application,33.00,93.00,86.00,61.00,7.27,6.65,2147914.00,2165010.00,320.00,185.50,49188151296,NO,219.36,233.48,237.32,231.92,227.58,,10400,0.00,1739883.00,NO,NO,1991-01-25,49794400.00
4993,ASEC,49.07,49.06,13.00,ETF,ETF,33.00,48.00,43.00,,0.05,0.00,2668.00,100.00,50.65,49.00,0,NO,49.27,49.64,,49.60,,,94,0.00,13.00,NO,NO,2026-05-28,376000.00
4994,PCS,49.12,49.20,352.00,ETF,ETF,33.00,63.00,53.00,35.00,0.09,0.05,17957.00,51540.00,50.64,48.94,0,NO,49.21,49.52,50.02,49.48,49.83,,299,0.00,50200.00,NO,NO,2026-02-19,2725000.00
4995,QRMI,15.31,15.29,151.00,ETF,ETF,33.00,67.00,51.00,39.00,0.04,0.04,7259.00,4970.00,16.25,14.85,0,NO,15.26,15.24,15.49,15.28,15.35,,1286,0.00,151.00,NO,NO,2024-05-31,87600.00
4996,RVT,16.98,16.81,199279.00,Financial Services,Asset Management,33.00,17.00,24.00,25.00,0.33,0.32,239375.00,224810.00,19.12,14.97,2109743232,NO,17.25,18.04,17.80,18.02,17.94,,10048,0.12,199279.00,NO,NO,2026-01-16,2061800.00
4997,SRV,44.49,44.07,28870.00,Financial Services,Asset Management,33.00,13.00,12.00,35.00,0.98,0.97,58234.00,45360.00,51.54,38.11,277367360,NO,43.47,45.33,45.21,45.28,46.60,,4806,0.00,28870.00,NO,NO,2025-11-07,291700.00
4998,CGSD,25.34,25.34,1482937.00,ETF,ETF,33.00,52.00,45.00,33.00,0.07,0.06,668653.00,595410.00,26.15,25.22,0,NO,25.38,25.55,25.81,25.54,25.71,,991,0.00,1482937.00,NO,NO,2026-09-22,3743300.00
4999,UDN,17.77,17.79,74540.00,ETF,ETF,33.00,28.00,50.00,31.00,0.08,0.05,76779.00,63510.00,18.85,17.73,0,NO,17.95,18.12,18.16,18.12,18.10,,4935,0.00,74540.00,NO,NO,2010-05-27,3443500.00
5000,FSCS,35.85,35.86,839.00,ETF,ETF,33.00,35.00,36.00,41.00,0.25,0.19,5517.00,2840.00,38.54,34.30,0,NO,36.05,37.12,36.55,37.08,36.44,,2338,0.00,839.00,NO,NO,2025-05-07,254700.00
5001,MSEX,53.43,53.08,96556.00,Utilities,Utilities - Regulated Water,33.00,13.00,32.00,25.00,1.08,1.06,136090.00,162100.00,62.18,44.17,1006832064,NO,54.04,56.48,53.91,56.44,54.52,,13523,0.34,96556.00,NO,NO,2021-07-14,3638300.00
5002,ADAMH,24.85,24.80,18674.00,Finance,Real estate investment trusts,33.00,27.00,42.00,34.00,0.14,0.13,27248.00,43440.00,25.99,24.49,0,NO,25.10,25.33,25.46,25.33,25.40,,317,0.00,18674.00,NO,NO,2025-12-31,440100.00
5003,ESE,257.83,254.06,154546.00,Technology,Scientific & Technical Instruments,33.00,25.00,5.00,7.00,7.78,7.46,221168.00,255960.00,362.15,193.68,6679748096,NO,264.29,280.35,284.19,278.69,299.52,,9072,1.24,154546.00,NO,NO,2007-06-21,6413200.00
5004,CHSCO,25.66,25.48,26574.00,Consumer Defensive,Farm Products,33.00,50.00,48.00,33.00,0.23,0.23,17554.00,24060.00,27.03,25.38,0,NO,25.69,25.79,26.04,25.79,25.97,,3282,0.55,26574.00,NO,NO,2013-10-18,905300.00
5005,VSHY,21.35,21.33,31232.00,ETF,ETF,33.00,47.00,43.00,35.00,0.09,0.07,1465.00,1730.00,22.07,21.11,0,NO,21.36,21.57,21.70,21.56,21.65,,2468,0.00,31232.00,NO,NO,2017-01-04,2428900.00
5006,LGLV,177.80,177.22,24382.00,ETF,ETF,33.00,37.00,29.00,34.00,1.26,1.20,26585.00,57200.00,192.29,170.05,0,NO,177.54,183.38,181.90,183.07,181.68,,3430,0.02,24382.00,NO,NO,2023-05-10,639500.00
5007,IPAV,30.09,29.78,480.00,ETF,ETF,33.00,16.00,32.00,16.00,0.35,0.12,1723.00,3680.00,35.40,27.96,0,NO,30.95,31.72,31.98,31.74,32.15,,531,0.53,480.00,NO,NO,2025-07-30,58700.00
5008,USMX,24.70,25.06,6.00,ETF,ETF,33.00,27.00,36.00,,0.29,0.01,100.00,100.00,27.50,23.62,0,NO,24.43,25.51,,25.51,,,88,0.00,100.00,NO,NO,2026-06-03,9800.00
5009,BXSL,23.86,24.11,1136999.00,Financial Services,Asset Management,33.00,41.00,65.00,49.00,0.44,0.41,1499368.00,1856230.00,28.59,22.47,5558665728,NO,24.35,24.41,24.37,24.48,23.99,,1242,0.00,1136999.00,NO,NO,2025-12-19,8077900.00
5010,EUIG,48.95,49.14,6.00,ETF,ETF,33.00,63.00,44.00,33.00,0.12,0.03,240.00,170.00,54.89,48.73,0,NO,48.93,49.43,49.84,49.33,49.69,,230,0.00,200.00,NO,NO,2026-04-08,15200.00
5011,ENRG,19.60,19.74,51.00,ETF,ETF,33.00,,,,,,140830.00,90690.00,19.82,18.98,0,NO,,,,,,,11,0.00,1300.00,NO,NO,2026-09-25,478700.00
5012,MTG,27.43,27.87,1780909.00,Financial Services,Insurance - Specialty,33.00,5.00,32.00,44.00,0.78,0.77,2018396.00,3017400.00,31.89,24.69,5626574336,NO,28.38,29.84,27.81,29.78,28.01,,8857,0.00,1780909.00,NO,NO,2013-03-07,191554800.00
5013,DWLD,45.43,44.81,29455.00,ETF,ETF,33.00,40.00,33.00,42.00,0.50,0.42,14656.00,16490.00,49.48,42.44,0,NO,45.38,46.82,46.59,46.71,46.50,,2449,0.21,29455.00,NO,NO,2018-12-28,1342400.00
5014,BUSEP,25.31,25.15,6187.00,Financial Services,Banks - Regional,33.00,28.00,40.00,35.00,0.28,0.27,10331.00,16290.00,26.65,25.03,0,NO,25.56,25.81,25.85,25.81,25.78,,354,0.36,6187.00,NO,NO,2025-05-14,1400500.00
5015,VSDB,74.65,74.68,42887.00,ETF,ETF,33.00,50.00,43.00,33.00,0.21,0.19,76046.00,79470.00,77.64,74.28,0,NO,74.81,75.42,76.11,75.37,75.88,,382,0.00,42887.00,NO,NO,2026-05-26,4581300.00
5016,EVSM,49.35,49.26,288964.00,ETF,ETF,32.00,52.00,42.00,33.00,0.15,0.14,217828.00,680310.00,50.88,49.03,0,NO,49.40,49.81,50.26,49.79,50.12,,638,0.00,288964.00,NO,NO,2026-10-07,1036100.00
5017,CCEF,28.62,28.39,1079.00,ETF,ETF,32.00,29.00,34.00,38.00,0.21,0.13,4017.00,6070.00,30.40,27.54,0,NO,28.82,29.43,29.30,29.43,29.26,,687,0.50,1079.00,NO,NO,2025-03-17,63000.00
5018,HBDC,24.36,24.31,290.00,ETF,ETF,32.00,51.00,44.00,37.00,0.12,0.09,7753.00,42250.00,27.56,23.16,0,NO,24.41,24.60,24.74,24.59,24.65,,335,0.08,290.00,NO,NO,2025-09-03,777900.00
5019,ARMS,24.53,24.53,749.00,ETF,ETF,32.00,42.00,,,0.07,0.04,51094.00,6660.00,25.22,24.42,0,NO,24.65,24.92,,24.90,,,51,0.00,749.00,NO,NO,2026-08-14,1195100.00
5020,SMB,16.97,16.92,263888.00,ETF,ETF,32.00,55.00,43.00,34.00,0.07,0.06,176589.00,670210.00,17.53,16.82,0,NO,16.97,17.11,17.29,17.10,17.23,,4684,0.12,263888.00,NO,NO,2022-10-04,2325000.00
5021,CBSH,54.39,54.61,773220.00,Financial Services,Banks - Regional,32.00,12.00,19.00,61.00,0.97,0.91,1014820.00,822400.00,60.92,46.99,7801275904,NO,55.89,57.63,54.27,57.56,54.94,,11737,0.00,773220.00,NO,NO,2008-06-05,14349251.00
5022,ABLS,21.38,21.01,26.00,ETF,ETF,32.00,55.00,19.00,69.00,0.16,0.08,1410.00,480.00,23.92,17.71,0,NO,20.91,22.00,20.85,21.90,21.27,,412,0.34,1900.00,NO,NO,2026-07-22,40500.00
5023,RSPN,58.87,58.61,77852.00,ETF,ETF,32.00,51.00,21.00,33.00,0.73,0.64,224237.00,291340.00,65.49,53.47,0,NO,58.86,61.26,60.99,61.21,61.12,,5011,0.12,77852.00,NO,NO,2020-08-13,3858500.00
5024,BITS,63.76,63.31,1764.00,ETF,ETF,32.00,52.00,89.00,68.00,1.05,0.51,1509.00,680.00,118.78,48.88,0,NO,66.94,63.17,62.19,63.89,61.70,,1229,0.00,1764.00,NO,NO,2024-01-11,96800.00
5025,PIO,44.49,44.11,6106.00,ETF,ETF,32.00,79.00,44.00,29.00,0.52,0.35,6834.00,7190.00,48.63,42.09,0,NO,43.44,44.34,45.04,44.29,44.53,,4863,0.68,6106.00,NO,NO,2010-03-17,1201500.00
5026,APO,118.65,115.30,3492797.00,Financial Services,Asset Management,32.00,11.00,52.00,75.00,3.71,3.63,3371135.00,3201850.00,153.29,99.56,70067945472,NO,120.69,128.07,125.86,127.88,124.70,,3906,0.23,3492797.00,NO,NO,2024-12-20,91314300.00
5027,IMOM,39.74,39.62,4205.00,ETF,ETF,32.00,38.00,29.00,15.00,0.51,0.32,13648.00,13700.00,46.17,35.33,0,NO,40.44,40.99,42.16,41.13,42.24,,2714,0.00,4205.00,NO,NO,2019-12-03,854100.00
5028,LYFT,16.22,16.13,7954309.00,Technology,Software - Application,32.00,90.00,71.00,85.00,0.45,0.45,10656332.00,8694710.00,25.54,12.46,6139922944,NO,15.38,16.27,15.32,16.38,14.93,,1894,0.00,7954309.00,NO,NO,2023-02-10,146014600.00
5029,RITA,19.94,19.75,512.00,ETF,ETF,32.00,22.00,18.00,36.00,0.20,0.15,3731.00,1720.00,23.86,18.89,0,NO,20.24,20.96,20.60,20.88,20.83,,1213,0.36,512.00,NO,NO,2021-12-21,419200.00
5030,RDOG,37.62,37.78,218.00,ETF,ETF,32.00,15.00,15.00,44.00,0.34,0.19,1045.00,1860.00,42.76,34.76,0,NO,38.54,39.98,39.10,39.66,39.76,,4623,0.00,1200.00,NO,NO,2014-10-07,231600.00
5031,DVOL,35.51,35.37,238.00,ETF,ETF,32.00,49.00,27.00,34.00,0.27,0.21,6492.00,10420.00,38.30,33.60,0,NO,35.48,36.54,36.30,36.49,36.39,,2004,0.00,238.00,NO,NO,2019-11-05,2045100.00
5032,AMBA,67.43,62.89,2020903.00,Technology,Semiconductor Equipment & Materials,32.00,53.00,21.00,87.00,3.71,3.60,1646723.00,1088180.00,96.69,48.30,2976425728,NO,67.40,71.77,67.99,71.88,69.18,,3519,1.76,2020903.00,NO,NO,2015-06-22,25072600.00
5033,FLBL,22.72,22.74,99114.00,ETF,ETF,32.00,44.00,48.00,37.00,0.06,0.05,306390.00,830630.00,23.89,22.57,0,NO,22.92,23.01,23.05,22.99,22.97,,2101,0.00,99114.00,NO,NO,2025-04-03,5794500.00
5034,ANTW,24.50,24.39,40590.00,ETF,ETF,32.00,63.00,,,0.57,0.49,62730.00,81060.00,26.34,23.39,0,NO,24.98,,,,,,41,0.00,40590.00,NO,NO,2026-09-23,265400.00
5035,CHYG,24.49,24.54,6.00,ETF,ETF,32.00,53.00,43.00,,0.13,0.09,84101.00,42920.00,25.35,24.13,0,NO,24.73,24.95,,24.92,,,87,0.00,100.00,NO,NO,2026-07-17,1142600.00
5036,VBCD,73.42,73.43,24931.00,ETF,ETF,32.00,50.00,42.00,30.00,0.25,0.22,13565.00,13660.00,76.09,72.94,0,NO,73.54,74.30,,74.22,,,137,0.00,24931.00,NO,NO,2026-04-27,139300.00
5037,YSWY,20.72,20.90,134612.00,Consumer Defensive,Grocery Stores,32.00,13.00,43.00,,0.75,0.75,324296.00,332650.00,29.08,18.92,646164800,NO,20.55,22.36,,22.62,,,119,0.00,134612.00,NO,NO,2026-04-22,8828800.00
5038,GJP,24.22,24.40,2900.00,Finance,Finance/Rental/Leasing,32.00,42.00,40.00,35.00,0.16,0.11,825.00,1100.00,25.05,23.63,0,NO,24.40,24.54,24.60,24.56,24.52,,4726,0.00,2900.00,NO,NO,2016-02-04,51000.00
5039,REAI,20.10,19.74,18.00,ETF,ETF,32.00,23.00,23.00,31.00,0.15,0.00,148.00,100.00,21.95,18.30,0,NO,20.30,21.03,20.82,21.01,21.10,,835,0.00,18.00,NO,NO,2025-07-29,140900.00
5040,IAGG,49.17,49.14,1237016.00,ETF,ETF,32.00,56.00,45.00,35.00,0.16,0.13,1715065.00,2945040.00,51.83,48.81,0,NO,49.26,49.58,50.00,49.55,49.87,,2742,0.00,1237016.00,NO,NO,2026-05-28,52220400.00
5041,LDRC,24.66,24.69,15072.00,ETF,ETF,32.00,54.00,45.00,32.00,0.09,0.08,30214.00,92480.00,26.61,24.46,0,NO,24.68,24.87,25.15,24.85,25.06,,476,0.00,15072.00,NO,NO,2025-12-19,1131800.00
5042,GOIB,25.00,24.81,13.00,ETF,ETF,32.00,87.00,,,0.38,0.28,813.00,650.00,27.88,23.58,0,NO,24.51,24.80,,24.68,,,51,0.00,300.00,NO,NO,2026-09-23,6800.00
5043,DYLD,22.05,22.05,204.00,ETF,ETF,32.00,63.00,53.00,35.00,0.10,0.09,7498.00,8460.00,22.90,21.88,0,NO,22.10,22.20,22.42,22.19,22.34,,1326,0.00,2900.00,NO,NO,2021-06-30,1590100.00
5044,QCLN,48.35,48.26,66020.00,ETF,ETF,32.00,56.00,14.00,30.00,1.30,0.92,163723.00,106530.00,69.20,39.83,0,NO,48.66,49.82,52.49,50.01,53.87,,4945,0.00,66020.00,NO,NO,2021-01-07,2309400.00
5045,MUNH,94.59,97.88,6.00,ETF,ETF,32.00,50.00,,,0.00,0.00,27.00,0.00,100.20,95.22,0,NO,97.86,,,,,,30,0.00,408.00,NO,NO,2026-09-11,408.00
5046,SCHW,96.70,96.87,6498186.00,Financial Services,Capital Markets,32.00,6.00,23.00,47.00,2.18,2.10,7955354.00,7160180.00,114.53,83.96,167226753024,NO,100.48,105.58,98.30,105.54,97.72,,9837,0.00,6498186.00,NO,NO,2023-03-13,148476900.00
5047,QSR,70.95,70.66,2876596.00,Consumer Cyclical,Restaurants,32.00,11.00,21.00,16.00,1.38,1.37,2752823.00,2662460.00,81.96,64.52,32502972416,NO,71.95,75.01,73.64,75.32,75.43,,2974,0.00,2876596.00,NO,NO,2025-06-27,28728200.00
5048,LOGI,98.27,101.50,820203.00,Technology,Computer Hardware,32.00,43.00,30.00,61.00,2.58,2.10,881075.00,552370.00,129.66,83.32,14071116800,NO,101.82,101.40,99.38,101.30,101.76,,7431,0.00,820203.00,NO,NO,2003-07-09,20095600.00
5049,PRI,275.29,275.39,172457.00,Financial Services,Insurance - Life,32.00,18.00,11.00,56.00,5.31,5.23,184962.00,174970.00,327.28,230.09,8472696832,NO,280.11,294.15,277.24,292.62,284.05,,4157,0.00,172457.00,NO,NO,2010-04-01,18080100.00
5050,UHAL,57.39,57.80,145393.00,Industrials,Rental & Leasing Services,32.00,7.00,7.00,71.00,1.32,1.23,153475.00,141220.00,76.45,41.95,11156242432,NO,61.40,66.76,58.16,66.52,60.57,,8035,0.00,145393.00,NO,NO,2003-09-12,34300000.00
5051,GHTA,29.72,29.68,914.00,ETF,ETF,32.00,21.00,41.00,37.00,0.21,0.09,3989.00,12940.00,37.18,27.26,0,NO,30.18,30.71,30.54,30.73,30.49,,1228,0.01,914.00,NO,NO,2022-12-20,269800.00
5052,RIZE,24.37,24.34,6.00,ETF,ETF,32.00,62.00,48.00,,0.03,0.01,276.00,710.00,25.11,24.28,0,NO,24.36,24.50,,24.47,,,96,0.00,1000.00,NO,NO,2026-05-21,399400.00
5053,CSSD,24.61,24.61,30286.00,ETF,ETF,32.00,48.00,40.00,32.00,0.09,0.06,9148.00,11060.00,25.84,24.45,0,NO,24.71,24.95,25.12,24.94,25.08,,207,0.00,30286.00,NO,NO,2026-03-03,608100.00
5054,HBANL,24.66,24.70,20703.00,Financial Services,Banks - Regional,32.00,46.00,46.00,31.00,0.22,0.21,24264.00,38600.00,25.98,24.31,0,NO,24.96,25.10,25.24,25.08,25.12,,908,0.00,20703.00,NO,NO,2023-03-31,3640300.00
5055,LDRT,24.58,24.59,78488.00,ETF,ETF,32.00,53.00,45.00,32.00,0.08,0.07,135864.00,226190.00,25.80,24.51,0,NO,24.61,24.80,25.09,24.78,24.99,,476,0.00,78488.00,NO,NO,2026-07-24,2762300.00
5056,POWWP,23.82,23.56,1938.00,Industrials,Aerospace & Defense,32.00,61.00,43.00,24.00,0.38,0.25,3781.00,3290.00,25.50,22.75,0,NO,24.09,24.11,24.29,24.01,24.30,,1353,1.06,1938.00,NO,NO,2021-06-10,259400.00
5057,SDFI,34.84,34.83,9413.00,ETF,ETF,32.00,53.00,44.00,32.00,0.07,0.05,26003.00,18480.00,36.15,34.61,0,NO,34.88,35.16,35.52,35.13,35.39,,585,0.00,9413.00,NO,NO,2024-07-23,442500.00
5058,CGSM,25.81,25.72,445322.00,ETF,ETF,32.00,50.00,41.00,33.00,0.10,0.08,353484.00,768080.00,26.68,25.59,0,NO,25.85,26.09,26.33,26.09,26.25,,761,0.00,445322.00,NO,NO,2026-06-22,7637400.00
5059,PWRZ,29.18,29.08,80211.00,ETF,ETF,32.00,24.00,22.00,10.00,0.30,0.12,323.00,310.00,33.54,26.20,0,NO,29.36,30.14,30.81,30.12,31.20,,961,0.03,80211.00,NO,NO,2026-05-05,86800.00
5060,BCV,23.21,23.03,20585.00,Financial Services,Asset Management,32.00,18.00,21.00,38.00,0.51,0.50,15323.00,14250.00,27.33,21.06,130615120,NO,23.56,24.25,23.99,24.23,24.33,,11737,0.13,20585.00,NO,NO,2016-07-22,453700.00
5061,PDX,20.83,20.76,128494.00,Financial Services,Asset Management,32.00,19.00,41.00,37.00,0.32,0.30,111632.00,104430.00,23.85,18.47,931245696,NO,20.58,21.25,20.87,21.30,21.21,,1935,0.00,128494.00,NO,NO,2025-01-13,3942800.00
5062,STIP,100.13,100.17,886032.00,ETF,ETF,32.00,54.00,46.00,29.00,0.17,0.16,1012759.00,1471410.00,104.16,99.56,0,NO,99.96,100.44,102.19,100.39,101.94,,3986,0.00,886032.00,NO,NO,2023-08-18,8583200.00
5063,BSCT,18.27,18.28,555407.00,ETF,ETF,32.00,53.00,45.00,32.00,0.05,0.04,685095.00,1051830.00,18.94,18.16,0,NO,18.26,18.41,18.62,18.40,18.54,,1778,0.00,557219.00,NO,NO,2026-10-06,4038800.00
5064,PFI,57.79,57.74,2876.00,ETF,ETF,32.00,14.00,21.00,51.00,0.66,0.48,7746.00,16570.00,64.46,51.57,0,NO,58.81,61.12,58.85,61.04,59.49,,5029,0.03,2876.00,NO,NO,2016-12-07,2142400.00
5065,MYCI,24.28,24.29,3610.00,ETF,ETF,32.00,53.00,45.00,32.00,0.05,0.04,9254.00,8810.00,25.22,24.16,0,NO,24.31,24.50,24.78,24.48,24.66,,513,0.00,3610.00,NO,NO,2025-01-13,332900.00
5066,EBND,20.65,20.58,157272.00,ETF,ETF,32.00,42.00,47.00,31.00,0.13,0.09,263987.00,452050.00,21.94,20.36,0,NO,20.68,20.94,21.08,20.94,20.91,,3930,0.00,157272.00,NO,NO,2023-03-29,26942100.00
5067,VZ,41.65,46.35,94888715.00,Communication Services,Telecom Services,32.00,2.00,39.00,13.00,1.14,0.90,21815339.00,19363790.00,51.68,38.39,173046398976,NO,47.00,48.13,46.53,47.86,47.07,,10805,0.00,94888715.00,YES,NO,2014-02-24,616620500.00
5068,PLD,129.49,129.29,3310448.00,Real Estate,REIT - Industrial,32.00,24.00,15.00,20.00,2.05,1.96,4077109.00,3951170.00,153.35,111.03,125876117504,NO,132.11,136.87,137.94,136.31,139.66,,7264,0.00,3310448.00,NO,NO,2011-06-02,47686200.00
5069,ZTRE,49.72,49.74,889.00,ETF,ETF,32.00,53.00,45.00,32.00,0.11,0.06,3065.00,1820.00,51.49,49.45,0,NO,49.76,50.16,50.71,50.13,50.50,,689,0.00,889.00,NO,NO,2025-08-06,2306200.00
5070,SYFI,34.94,34.90,104941.00,ETF,ETF,32.00,48.00,43.00,34.00,0.13,0.10,117776.00,157390.00,36.16,34.60,0,NO,35.07,35.39,35.66,35.37,35.54,,586,0.11,104941.00,NO,NO,2025-01-31,1369100.00
5071,SDCP,25.12,25.11,6.00,ETF,ETF,32.00,60.00,45.00,31.00,0.04,0.01,317.00,120.00,26.61,25.05,0,NO,25.18,25.37,25.60,25.34,25.51,,366,0.00,100.00,NO,NO,2025-09-04,43900.00
5072,TROT,24.28,24.26,23.00,ETF,ETF,32.00,63.00,48.00,31.00,0.03,0.00,131.00,100.00,25.06,24.17,0,NO,24.27,24.44,,24.42,24.60,,155,0.00,100.00,NO,NO,2026-09-09,1900.00
5073,FRMEP,25.31,25.31,22.00,Financial Services,Banks - Regional,32.00,74.00,45.00,28.00,0.04,0.02,1193.00,580.00,27.09,24.73,0,NO,25.21,25.20,25.56,25.22,25.45,,1542,0.00,1100.00,NO,NO,2020-11-19,71100.00
5074,PSOX,48.84,50.51,580.00,ETF,ETF,32.00,92.00,,,1.41,0.64,3386.00,1660.00,54.89,39.37,0,NO,47.33,,,,,,38,0.00,2600.00,NO,NO,2026-09-08,45200.00
5075,REGL,87.26,87.44,55749.00,ETF,ETF,32.00,23.00,24.00,30.00,1.00,0.89,61778.00,57320.00,95.97,80.52,0,NO,88.39,91.69,90.05,91.60,90.45,,2937,0.00,55749.00,NO,NO,2025-04-16,1985200.00
5076,OHI,44.41,44.14,1379540.00,Real Estate,REIT - Healthcare Facilities,32.00,16.00,16.00,29.00,0.79,0.77,1953670.00,2141470.00,52.39,39.26,14179992576,NO,46.02,46.66,46.51,46.40,46.89,,8603,0.00,1379540.00,NO,NO,2021-11-30,17025300.00
5077,EMBX,49.63,49.51,20808.00,ETF,ETF,32.00,40.00,38.00,28.00,0.30,0.22,35835.00,32420.00,54.61,48.92,0,NO,49.81,50.60,51.07,50.56,50.92,,3585,0.14,20808.00,NO,NO,2026-03-17,887500.00
5078,PGR,217.43,218.73,1466088.00,Financial Services,Insurance - Property & Casualty,32.00,64.00,18.00,71.00,4.62,4.50,2678003.00,2786830.00,243.81,189.20,126196367360,NO,212.13,214.21,208.87,214.61,208.64,,11737,0.00,1466088.00,NO,NO,1985-05-02,89618400.00
5079,TSEE,24.67,24.45,731.00,ETF,ETF,32.00,,,,0.27,0.18,1581.00,1210.00,26.15,24.27,0,NO,,,,,,,17,0.16,731.00,NO,NO,2026-09-23,5500.00
5080,PSH,49.01,48.92,132598.00,ETF,ETF,32.00,49.00,43.00,33.00,0.19,0.17,30282.00,20950.00,51.51,48.62,0,NO,49.15,49.54,49.98,49.52,49.80,,704,0.00,132598.00,NO,NO,2026-09-17,389000.00
5081,MPV,16.94,16.41,12857.00,Financial Services,Asset Management,32.00,75.00,82.00,29.00,0.55,0.54,21896.00,15790.00,20.58,15.05,182820832,NO,16.39,16.44,17.33,16.58,16.84,,9561,1.22,12857.00,NO,NO,2025-12-31,243500.00
5082,RELX,36.13,35.24,2186487.00,Industrials,Specialty Business Services,32.00,89.00,83.00,63.00,0.64,0.56,2340751.00,2134480.00,47.22,27.57,62780858368,NO,33.94,34.81,34.70,34.82,34.04,,8056,1.82,2186487.00,NO,NO,2026-02-26,11391900.00
5083,IAT,56.95,57.14,171573.00,ETF,ETF,32.00,9.00,13.00,38.00,0.96,0.91,158828.00,242450.00,66.16,47.37,0,NO,58.38,61.34,59.00,61.25,59.67,,5140,0.00,171573.00,NO,NO,2021-07-12,7885800.00
5084,BSTU,24.49,24.50,6049.00,ETF,ETF,32.00,50.00,40.00,,0.06,0.05,3301.00,7540.00,25.21,24.35,0,NO,24.49,24.76,,24.74,,,85,0.00,6049.00,NO,NO,2026-08-14,34200.00
5085,IBMR,24.84,24.77,364898.00,ETF,ETF,32.00,51.00,42.00,32.00,0.07,0.07,89196.00,168080.00,25.77,24.61,0,NO,24.84,25.08,25.34,25.06,25.24,,857,0.02,364898.00,NO,NO,2024-03-21,605700.00
5086,PPTY,31.55,31.36,2483.00,ETF,ETF,32.00,29.00,15.00,41.00,0.26,0.20,2876.00,2240.00,35.44,29.34,0,NO,31.80,32.93,32.36,32.82,32.92,,2147,0.00,2483.00,NO,NO,2024-10-01,1139200.00
5087,IBDU,22.69,22.70,3860713.00,ETF,ETF,32.00,53.00,45.00,32.00,0.07,0.06,796096.00,1395220.00,23.59,22.57,0,NO,22.71,22.89,23.17,22.88,23.06,,1774,0.00,3860713.00,NO,NO,2026-08-21,6946200.00
5088,DSCO,24.33,24.33,52688.00,ETF,ETF,32.00,46.00,42.00,33.00,0.13,0.12,63473.00,44900.00,25.34,24.13,0,NO,24.44,24.62,,24.61,24.76,,174,0.00,52688.00,NO,NO,2026-07-14,942900.00
5089,HYDW,45.78,45.60,3778.00,ETF,ETF,32.00,48.00,43.00,33.00,0.20,0.16,5590.00,10170.00,47.56,45.21,0,NO,45.88,46.34,46.73,46.31,46.55,,2189,0.33,3778.00,NO,NO,2021-03-17,5502400.00
5090,AVGB,49.85,49.85,1177.00,ETF,ETF,32.00,55.00,41.00,32.00,0.12,0.08,16126.00,8300.00,52.07,49.52,0,NO,49.83,50.46,50.86,50.42,50.79,,372,0.00,1177.00,NO,NO,2026-09-17,787700.00
5091,RACK,49.80,49.27,11797.00,ETF,ETF,32.00,81.00,73.00,,0.98,0.75,35206.00,68380.00,54.75,42.50,0,NO,48.99,48.68,,49.03,,,91,1.06,11797.00,NO,NO,2026-07-07,403800.00
5092,FWONA,86.67,87.57,152222.00,Communication Services,Entertainment,32.00,56.00,24.00,58.00,2.29,2.28,167089.00,204340.00,98.79,73.70,21728903168,NO,86.41,89.87,84.58,89.69,85.75,,3458,0.00,152222.00,NO,NO,2013-01-11,57032721.00
5093,BSV,76.38,76.41,2192407.00,ETF,ETF,32.00,53.00,45.00,32.00,0.19,0.18,2914153.00,5290640.00,79.32,76.02,0,NO,76.47,77.06,77.98,76.99,77.64,,4908,0.00,2192407.00,NO,NO,2019-01-16,41170700.00
5094,CDLR,21.80,21.51,101884.00,Industrials,Engineering & Construction,31.00,3.00,35.00,8.00,0.66,0.40,71315.00,81660.00,30.01,15.37,2103071744,NO,23.44,23.86,23.99,23.94,24.25,,704,0.00,101884.00,NO,NO,2025-12-02,1938200.00
5095,GOVM,24.38,24.39,9782.00,ETF,ETF,31.00,49.00,42.00,,0.24,0.22,1053.00,1850.00,25.14,21.50,0,NO,24.43,24.67,,24.64,,,104,0.00,9782.00,NO,NO,2026-08-12,19800.00
5096,SHAG,46.56,46.59,4161.00,ETF,ETF,31.00,54.00,45.00,32.00,0.13,0.10,27965.00,63070.00,48.32,46.29,0,NO,46.55,46.92,47.50,46.87,47.27,,2361,0.00,4161.00,NO,NO,2025-09-11,1346900.00
5097,AOMN,24.86,24.89,8640.00,Finance,Real estate investment trusts,31.00,43.00,39.00,33.00,0.24,0.22,5879.00,11860.00,25.85,24.24,0,NO,25.13,25.17,25.18,25.19,25.10,,550,0.00,8640.00,NO,NO,2026-04-28,260000.00
5098,PFLD,19.20,19.19,32743.00,ETF,ETF,31.00,50.00,41.00,32.00,0.09,0.08,64714.00,74570.00,19.87,19.06,0,NO,19.27,19.42,19.59,19.41,19.54,,1730,0.00,32743.00,NO,NO,2023-04-27,898400.00
5099,WMT,111.35,110.56,11823713.00,Consumer Defensive,Discount Stores,31.00,85.00,35.00,10.00,2.30,2.20,23677470.00,21972730.00,135.16,98.88,883422593024,NO,107.61,108.51,118.17,107.85,116.44,,13643,0.00,11823713.00,YES,NO,2026-01-16,415144600.00
5100,CXRN,17.58,19.04,53224.00,ETF,ETF,31.00,1.00,79.00,26.00,0.76,0.64,8481.00,8880.00,23.04,14.22,0,NO,20.51,19.91,18.77,19.89,18.60,,410,0.00,53224.00,NO,NO,2026-08-26,102600.00
5101,VCSH,77.30,77.34,12017349.00,ETF,ETF,31.00,53.00,44.00,32.00,0.20,0.18,4900609.00,7491460.00,80.26,76.89,0,NO,77.40,78.03,78.97,77.96,78.61,,4245,0.00,12017349.00,YES,NO,2019-01-16,41829100.00
5102,EWG,40.96,40.67,3530432.00,ETF,ETF,31.00,22.00,49.00,35.00,0.55,0.40,916178.00,875010.00,44.85,37.98,0,NO,41.82,43.01,42.36,43.04,42.06,,7691,0.64,3530432.00,NO,NO,2016-06-24,46597900.00
5103,SCMC,24.45,24.48,1275866.00,ETF,ETF,31.00,50.00,41.00,32.00,0.08,0.06,37887.00,32140.00,25.43,24.28,0,NO,24.53,24.75,24.99,24.73,24.92,,208,0.00,1275866.00,NO,NO,2026-01-12,5711400.00
5104,HYBL,27.49,27.51,265425.00,ETF,ETF,31.00,44.00,44.00,36.00,0.11,0.10,108850.00,104200.00,28.62,27.31,0,NO,27.66,27.85,28.02,27.84,27.91,,1165,0.00,265425.00,NO,NO,2023-06-06,1225300.00
5105,INDE,28.52,28.25,2661.00,ETF,ETF,31.00,29.00,39.00,50.00,0.24,0.12,2231.00,1430.00,31.44,24.98,0,NO,29.07,29.61,28.56,29.62,28.47,,765,0.50,2661.00,NO,NO,2024-12-20,291400.00
5106,PBUB,24.58,24.51,4.00,ETF,ETF,31.00,,,,,,343.00,343.00,25.22,24.45,0,NO,,,,,,,10,0.00,4.00,NO,NO,2026-10-02,2443.00
5107,BUCK,23.07,23.02,118027.00,ETF,ETF,31.00,48.00,43.00,33.00,0.11,0.10,210950.00,312310.00,24.04,22.98,0,NO,23.22,23.31,23.51,23.28,23.43,,990,0.13,118027.00,NO,NO,2025-01-31,4536300.00
5108,FOXF,18.05,18.50,258665.00,Consumer Cyclical,Auto Parts,31.00,9.00,74.00,60.00,0.83,0.79,544020.00,742250.00,25.43,13.08,758659520,NO,18.80,19.86,18.28,19.99,18.32,,3313,0.00,258665.00,NO,NO,2020-09-18,8461800.00
5109,GLL,24.53,25.27,1905909.00,ETF,ETF,31.00,88.00,14.00,87.00,0.74,0.49,2625110.00,2724170.00,31.62,15.60,0,NO,24.09,23.12,22.07,22.77,22.84,,4490,0.00,1905909.00,NO,NO,2026-01-29,71020300.00
5110,FORH,24.40,24.27,7.00,ETF,ETF,31.00,56.00,60.00,36.00,0.24,0.16,1040.00,2480.00,27.79,23.40,0,NO,24.10,24.52,24.74,24.60,24.62,,1367,0.00,6400.00,NO,NO,2021-05-07,291200.00
5111,BFIX,24.67,24.68,3138.00,ETF,ETF,31.00,55.00,44.00,31.00,0.08,0.07,2728.00,1070.00,25.75,24.59,0,NO,24.69,24.85,25.21,24.84,25.09,,1170,0.00,3138.00,NO,NO,2023-01-23,650100.00
5112,AVSF,45.61,45.62,25903.00,ETF,ETF,31.00,53.00,44.00,32.00,0.12,0.10,66895.00,122670.00,47.38,45.49,0,NO,45.70,46.06,46.61,46.01,46.40,,1503,0.00,25903.00,NO,NO,2026-04-06,2062800.00
5113,MNSBP,24.50,24.45,292.00,Financial Services,Banks - Regional,31.00,32.00,33.00,31.00,0.27,0.17,1010.00,1150.00,27.74,23.22,0,NO,24.83,25.27,25.04,25.27,25.13,,1524,0.00,292.00,NO,NO,2021-10-15,161400.00
5114,TRXS,24.53,24.61,1929.00,ETF,ETF,31.00,,,,0.20,0.13,1572.00,1940.00,25.64,24.47,0,NO,24.92,,,,,,23,0.00,1929.00,NO,NO,2026-09-25,4900.00
5115,BSY,34.97,34.82,1589328.00,Technology,Software - Application,31.00,94.00,86.00,71.00,1.27,1.17,2607307.00,2493470.00,52.85,28.08,10564189184,NO,32.68,34.33,34.43,34.17,33.30,,1519,0.00,1589328.00,NO,NO,2025-10-03,22864700.00
5116,SDVD,21.95,21.96,816529.00,ETF,ETF,31.00,34.00,26.00,30.00,0.28,0.26,292725.00,362200.00,24.06,20.55,0,NO,22.03,22.83,22.65,22.81,22.70,,795,0.00,816529.00,NO,NO,2026-04-23,3683500.00
5117,LMBS,48.68,48.65,652473.00,ETF,ETF,31.00,47.00,42.00,31.00,0.34,0.33,560581.00,1003130.00,51.98,47.60,0,NO,48.78,49.24,49.77,49.20,49.60,,2999,0.00,652473.00,NO,NO,2021-06-24,9630200.00
5118,SDIV,23.96,23.82,661246.00,ETF,ETF,31.00,25.00,40.00,16.00,0.24,0.21,377275.00,467880.00,26.44,22.90,0,NO,23.89,24.46,25.03,24.43,24.85,,3857,0.34,661246.00,NO,NO,2026-03-02,2045800.00
5119,FTXG,21.51,21.67,851.00,ETF,ETF,31.00,19.00,23.00,27.00,0.24,0.17,19495.00,35870.00,23.95,20.43,0,NO,21.74,22.50,22.40,22.46,22.41,,2514,0.00,851.00,NO,NO,2023-09-08,44804300.00
5120,LPRE,27.28,26.94,14406.00,ETF,ETF,31.00,29.00,14.00,40.00,0.32,0.27,26971.00,15830.00,30.85,25.25,0,NO,27.33,28.68,28.37,28.63,28.75,,381,0.74,14406.00,NO,NO,2026-08-26,328000.00
5121,TAFI,24.62,24.58,393461.00,ETF,ETF,31.00,50.00,40.00,32.00,0.09,0.08,629110.00,1424380.00,25.65,24.47,0,NO,24.68,24.89,25.15,24.88,25.07,,1022,0.04,393461.00,NO,NO,2026-10-06,2838700.00
5122,DLX,23.14,23.05,402940.00,Industrials,Conglomerates,31.00,35.00,16.00,7.00,0.66,0.65,434039.00,504660.00,32.07,17.76,1061114496,NO,23.38,23.91,25.37,23.76,25.25,,11737,0.00,402940.00,NO,NO,2020-07-31,9268600.00
5123,IBTJ,21.24,21.25,401350.00,ETF,ETF,31.00,54.00,45.00,31.00,0.05,0.05,368379.00,815110.00,22.13,21.16,0,NO,21.25,21.41,21.69,21.40,21.58,,1663,0.00,401350.00,NO,NO,2025-12-09,3297200.00
5124,NGVC,29.68,30.08,84000.00,Consumer Defensive,Grocery Stores,31.00,87.00,14.00,72.00,0.83,0.81,141034.00,113460.00,41.07,23.47,684000896,NO,30.02,29.07,28.20,28.91,29.18,,3573,0.00,84000.00,NO,NO,2012-07-25,6309400.00
5125,LAZR,45.02,44.50,87198.00,ETF,ETF,31.00,82.00,86.00,,1.64,1.21,163390.00,186850.00,50.82,32.55,0,NO,44.84,44.18,,44.83,,,72,0.00,87198.00,NO,NO,2026-08-12,656000.00
5126,EVSD,49.90,49.97,382445.00,ETF,ETF,31.00,48.00,43.00,32.00,0.15,0.14,204765.00,336410.00,51.72,49.73,0,NO,50.07,50.48,51.00,50.44,50.79,,581,0.00,382445.00,NO,NO,2026-08-18,1317600.00
5127,IBIF,25.39,25.40,17642.00,ETF,ETF,31.00,47.00,46.00,28.00,0.06,0.05,36807.00,49320.00,26.51,25.27,0,NO,25.43,25.61,26.04,25.59,25.98,,764,0.00,17642.00,NO,NO,2026-04-02,350200.00
5128,ISTB,47.23,47.25,439152.00,ETF,ETF,31.00,52.00,44.00,32.00,0.12,0.10,496889.00,970580.00,49.05,47.01,0,NO,47.30,47.69,48.26,47.65,48.04,,3509,0.00,439152.00,NO,NO,2019-11-18,7513600.00
5129,LQ,23.89,23.83,8503.00,ETF,ETF,31.00,29.00,56.00,,0.11,0.03,523.00,140.00,25.22,23.50,0,NO,24.03,24.11,,24.13,,,110,0.00,8503.00,NO,YES,2026-10-09,8503.00
5130,MMSD,24.77,24.72,26172.00,ETF,ETF,31.00,50.00,40.00,32.00,0.08,0.06,14034.00,16350.00,26.10,24.59,0,NO,24.82,25.06,25.32,25.06,25.24,,360,0.12,26172.00,NO,NO,2025-10-07,982900.00
5131,QSIG,47.46,47.45,8730.00,ETF,ETF,31.00,53.00,44.00,32.00,0.11,0.08,4981.00,8870.00,49.45,47.14,0,NO,47.45,47.87,48.46,47.83,48.23,,2629,0.00,8730.00,NO,NO,2023-12-18,153500.00
5132,SMMT,17.59,17.17,5748461.00,Healthcare,Biotechnology,31.00,80.00,89.00,12.00,1.18,1.11,5818696.00,8893260.00,29.23,12.07,14032415744,NO,17.03,15.46,16.36,15.72,16.28,,2918,1.11,5748461.00,NO,NO,2022-12-06,156896100.00
5133,FLTB,49.15,49.24,126570.00,ETF,ETF,31.00,52.00,43.00,32.00,0.19,0.18,72101.00,70110.00,51.16,48.89,0,NO,49.26,49.67,50.24,49.63,50.03,,3018,0.00,126570.00,NO,NO,2016-03-01,3502500.00
5134,SCHJ,24.11,24.12,311162.00,ETF,ETF,31.00,52.00,44.00,31.00,0.07,0.06,308735.00,385460.00,25.05,23.99,0,NO,24.15,24.34,24.64,24.33,24.53,,1758,0.00,311162.00,NO,NO,2022-01-27,4261200.00
5135,PRAM,25.12,24.93,40457.00,ETF,ETF,31.00,71.00,,,0.80,0.63,30760.00,14000.00,30.40,22.70,0,NO,25.39,,,,,,31,0.00,40457.00,NO,NO,2026-08-31,135300.00
5136,VTES,98.97,98.75,552192.00,ETF,ETF,31.00,51.00,41.00,32.00,0.35,0.32,555625.00,1212160.00,102.71,98.02,0,NO,98.96,99.96,101.09,99.92,100.68,,901,0.01,552192.00,NO,NO,2026-09-10,3680300.00
5137,NUSA,22.67,22.69,4469.00,ETF,ETF,31.00,53.00,44.00,31.00,0.06,0.05,8329.00,15690.00,23.54,22.53,0,NO,22.69,22.88,23.16,22.86,23.06,,2394,0.00,4469.00,NO,NO,2024-05-01,462100.00
5138,JFLX,48.93,48.91,85934.00,ETF,ETF,31.00,49.00,40.00,33.00,0.17,0.16,139298.00,152860.00,50.83,48.34,0,NO,49.07,49.53,50.02,49.47,49.83,,260,0.00,85934.00,NO,NO,2026-08-04,953600.00
5139,BBBS,49.88,49.90,6131.00,ETF,ETF,31.00,52.00,44.00,32.00,0.12,0.09,22728.00,18400.00,51.83,49.64,0,NO,49.96,50.38,50.99,50.34,50.76,,680,0.00,6131.00,NO,NO,2024-05-30,529600.00
5140,IGSB,51.23,51.26,4514805.00,ETF,ETF,31.00,52.00,44.00,32.00,0.13,0.12,3530262.00,5972030.00,53.25,50.98,0,NO,51.32,51.75,52.37,51.70,52.13,,4968,0.00,4514805.00,NO,NO,2020-04-09,43043200.00
5141,FCEF,22.92,22.73,9041.00,ETF,ETF,31.00,29.00,28.00,35.00,0.18,0.15,17554.00,17120.00,24.35,21.95,0,NO,22.95,23.60,23.48,23.59,23.53,,2521,0.42,9041.00,NO,NO,2020-02-06,479400.00
5142,PNC,219.21,219.68,1147129.00,Financial Services,Banks - Regional,31.00,6.00,9.00,37.00,4.10,4.02,1751404.00,2042790.00,258.96,176.88,87452450816,NO,226.04,239.00,228.31,238.38,231.81,,12830,0.00,1147129.00,NO,NO,2010-02-03,74680900.00
5143,SUSB,24.43,24.45,117247.00,ETF,ETF,31.00,53.00,44.00,32.00,0.06,0.05,173554.00,208000.00,25.39,24.30,0,NO,24.46,24.66,24.97,24.65,24.86,,2321,0.00,117247.00,NO,NO,2026-05-28,10314100.00
5144,RJF,158.38,158.60,1046786.00,Financial Services,Asset Management,31.00,8.00,25.00,63.00,3.60,3.48,1202073.00,1068760.00,182.73,138.82,30424799232,NO,161.28,171.00,160.80,170.49,159.97,,10904,0.00,1046786.00,NO,NO,2017-03-17,34567650.00
5145,TPRY,18.99,18.84,1234.00,ETF,ETF,31.00,73.00,39.00,41.00,0.21,0.10,4442.00,1420.00,20.89,17.32,0,NO,18.84,18.87,,18.96,19.31,,157,0.00,1234.00,NO,NO,2026-02-26,34100.00
5146,FDUS,19.06,19.09,197847.00,Financial Services,Asset Management,31.00,34.00,24.00,58.00,0.33,0.33,328542.00,342850.00,21.15,16.87,758027712,NO,19.21,19.56,19.01,19.54,19.04,,3849,0.00,197847.00,NO,NO,2026-07-06,3019700.00
5147,BDC,109.15,107.94,177367.00,Technology,Communication Equipment,31.00,17.00,81.00,8.00,3.80,3.27,446667.00,347420.00,159.99,98.00,4265384704,NO,110.99,119.09,119.01,119.59,116.28,,8274,0.48,177367.00,NO,NO,2014-06-30,5569800.00
5148,BG,102.73,107.82,1528281.00,Consumer Defensive,Farm Products,31.00,2.00,10.00,7.00,3.06,2.97,1582493.00,1683340.00,134.87,79.11,19736397824,NO,110.83,112.99,116.51,112.58,117.69,,6334,0.00,1528281.00,NO,NO,2023-03-14,39934100.00
5149,ONLN,57.29,55.97,3165.00,ETF,ETF,31.00,78.00,56.00,48.00,0.65,0.44,5585.00,2850.00,63.94,50.87,0,NO,55.26,57.50,57.12,57.46,56.72,,2004,0.50,3165.00,NO,NO,2022-09-27,3136900.00
5150,HNDL,21.94,21.84,126902.00,ETF,ETF,31.00,49.00,31.00,35.00,0.18,0.16,93346.00,108430.00,23.00,21.36,0,NO,21.83,22.28,22.43,22.28,22.46,,2189,0.39,126902.00,NO,NO,2022-01-18,2453900.00
5151,PCEF,19.57,19.29,123328.00,ETF,ETF,31.00,38.00,32.00,42.00,0.19,0.17,126285.00,192470.00,20.60,18.30,0,NO,19.52,19.99,19.91,20.02,19.90,,4186,0.36,123328.00,NO,NO,2026-04-08,1583900.00
5152,ESBG,20.62,20.86,10.00,ETF,ETF,31.00,25.00,48.00,19.00,0.21,0.05,532.00,950.00,27.03,19.86,0,NO,21.01,21.48,21.98,21.57,21.51,,221,0.00,100.00,NO,NO,2026-01-29,21600.00
5153,MLPI,52.08,52.29,365317.00,ETF,ETF,31.00,23.00,18.00,16.00,0.87,0.82,389728.00,472560.00,58.47,49.15,0,NO,51.91,53.34,54.42,53.19,54.96,,203,0.00,365317.00,NO,NO,2026-10-05,754500.00
5154,FHYS,22.58,22.56,311519.00,ETF,ETF,31.00,46.00,41.00,33.00,0.10,0.09,27068.00,34550.00,23.47,22.36,0,NO,22.69,22.87,23.09,22.87,23.00,,1207,0.00,311519.00,NO,NO,2021-12-17,990600.00
5155,FSMB,19.55,19.49,222264.00,ETF,ETF,31.00,50.00,40.00,32.00,0.07,0.06,200987.00,391670.00,20.25,19.36,0,NO,19.57,19.76,19.97,19.75,19.90,,1977,0.15,222264.00,NO,NO,2024-09-04,1984500.00
5156,SBND,18.34,18.31,68614.00,ETF,ETF,31.00,48.00,42.00,31.00,0.07,0.07,102028.00,75630.00,19.08,18.18,0,NO,18.36,18.54,18.76,18.52,18.68,,1266,0.00,68614.00,NO,NO,2026-07-10,1003500.00
5157,BSMS,22.89,22.84,160573.00,ETF,ETF,31.00,47.00,40.00,31.00,0.10,0.09,80879.00,144950.00,23.70,22.63,0,NO,22.93,23.18,23.41,23.18,23.34,,1769,0.13,160573.00,NO,NO,2022-11-22,393400.00
5158,FCSH,23.71,23.69,6.00,ETF,ETF,31.00,63.00,46.00,30.00,0.06,0.04,1851.00,2420.00,24.64,23.57,0,NO,23.73,23.91,24.22,23.88,24.10,,1205,0.00,300.00,NO,NO,2025-07-10,2065700.00
5159,MNGZ,27.74,30.04,44.00,ETF,ETF,31.00,,,,,,433.00,433.00,30.55,27.74,0,NO,,,,,,,2,0.00,500.00,NO,NO,2026-10-06,600.00
5160,IBHI,22.86,22.82,110392.00,ETF,ETF,31.00,46.00,43.00,33.00,0.16,0.15,114434.00,274320.00,23.86,22.41,0,NO,22.94,23.15,23.36,23.13,23.26,,1151,0.00,110392.00,NO,NO,2025-09-11,1214000.00
5161,ASND,229.23,222.69,815733.00,Healthcare,Biotechnology,31.00,4.00,9.00,26.00,7.44,7.28,662795.00,790250.00,282.15,186.05,15084168192,NO,232.91,246.09,236.12,245.86,241.16,,2943,1.07,815733.00,NO,NO,2023-04-03,7860200.00
5162,MMEDV,19.50,19.70,262.00,,,31.00,,,,,,2400.00,2400.00,20.00,18.50,0,YES,,,,,,,4,0.00,262.00,NO,NO,2026-10-07,6400.00
5163,DUKU,48.94,48.83,39639.00,Utilities,Utilities - Regulated Electric,31.00,45.00,,,0.90,0.75,835252.00,347350.00,51.32,47.47,0,YES,48.71,,,,,,43,0.00,39639.00,NO,NO,2026-08-11,14010100.00
5164,BSJT,20.78,20.75,74748.00,ETF,ETF,31.00,44.00,44.00,33.00,0.10,0.09,127359.00,121070.00,21.67,20.54,0,NO,20.82,21.01,21.20,21.01,21.11,,1273,0.00,74748.00,NO,NO,2026-05-27,722000.00
5165,GLIX,26.03,25.53,5816.00,ETF,ETF,31.00,52.00,20.00,19.00,0.29,0.22,16260.00,18320.00,29.23,24.74,0,NO,25.68,26.55,26.86,26.50,27.09,,255,1.06,5816.00,NO,NO,2026-07-10,497600.00
5166,TMSF,48.81,48.84,1374.00,ETF,ETF,31.00,37.00,38.00,33.00,0.16,0.10,1540.00,5410.00,50.80,48.48,0,NO,49.12,49.70,50.00,49.65,49.87,,221,0.00,1374.00,NO,NO,2026-01-13,24500.00
5167,NEWTG,24.71,24.63,7695.00,Finance,Finance/Rental/Leasing,31.00,41.00,34.00,33.00,0.21,0.18,3103.00,5640.00,25.82,24.46,0,NO,25.10,25.35,25.33,25.32,25.35,,592,0.00,7695.00,NO,NO,2024-05-31,166600.00
5168,HDMV,35.94,35.71,50.00,ETF,ETF,31.00,17.00,28.00,20.00,0.30,0.11,940.00,1160.00,39.53,34.12,0,NO,36.95,38.09,37.50,37.96,37.67,,2542,0.00,400.00,NO,NO,2016-11-09,668100.00
5169,DFSD,46.67,46.68,784000.00,ETF,ETF,30.00,53.00,42.00,30.00,0.13,0.12,599432.00,873870.00,48.51,46.39,0,NO,46.66,47.05,47.71,47.02,47.53,,1229,0.00,784000.00,NO,NO,2022-06-02,4721300.00
5170,FEMB,28.85,28.74,73718.00,ETF,ETF,30.00,34.00,41.00,29.00,0.31,0.27,89965.00,161490.00,31.55,28.13,0,NO,28.81,29.31,29.57,29.29,29.32,,2999,0.00,73718.00,NO,NO,2025-06-27,1423300.00
5171,ENZL,44.74,44.41,2909.00,ETF,ETF,30.00,30.00,37.00,43.00,0.50,0.35,81914.00,13360.00,49.04,41.69,0,NO,45.14,46.60,45.68,46.56,45.45,,4050,0.05,2909.00,NO,NO,2018-09-10,894800.00
5172,CAPE,31.48,31.39,7633.00,ETF,ETF,30.00,45.00,32.00,38.00,0.29,0.23,33056.00,63120.00,34.25,29.74,0,NO,31.39,32.37,32.36,32.35,32.23,,1134,0.21,7633.00,NO,NO,2022-06-16,2387100.00
5173,SHM,46.76,46.61,862840.00,ETF,ETF,30.00,47.00,40.00,32.00,0.22,0.21,386570.00,823110.00,48.48,46.33,0,NO,46.84,47.32,47.82,47.31,47.66,,4774,0.21,862840.00,NO,NO,2013-03-08,5801700.00
5174,DMX,48.97,48.95,5400.00,ETF,ETF,30.00,45.00,41.00,32.00,0.23,0.20,11764.00,16220.00,50.83,48.54,0,NO,49.23,49.68,50.13,49.65,49.96,,464,0.00,5400.00,NO,NO,2025-04-24,265700.00
5175,BUYZ,36.24,35.55,1062.00,ETF,ETF,30.00,85.00,71.00,65.00,0.29,0.04,365.00,220.00,43.69,30.81,0,NO,34.88,35.67,35.23,35.81,34.66,,1664,1.25,1062.00,NO,NO,2024-03-06,133100.00
5176,JSCP,46.00,46.00,413626.00,ETF,ETF,30.00,49.00,42.00,31.00,0.13,0.12,261389.00,288510.00,47.87,45.77,0,NO,46.10,46.53,47.10,46.49,46.89,,1410,0.00,413626.00,NO,NO,2025-11-18,1915500.00
5177,ARL,16.45,15.60,1346.00,Real Estate,Real Estate Services,30.00,83.00,7.00,80.00,0.96,0.71,8382.00,3100.00,24.44,12.42,265701120,NO,15.95,15.56,15.92,15.65,15.64,,11208,3.40,1346.00,NO,NO,2021-07-15,7985000.00
5178,PNFP,93.99,94.67,590736.00,Financial Services,Banks - Regional,30.00,17.00,21.00,46.00,2.34,2.19,1117982.00,1282590.00,110.33,81.08,14203076608,NO,95.38,100.03,96.71,99.81,97.38,,6572,0.00,590736.00,NO,NO,2025-12-31,8544800.00
5179,OVT,21.39,21.36,1511.00,ETF,ETF,30.00,57.00,42.00,30.00,0.14,0.12,14379.00,13520.00,22.62,20.71,0,NO,21.38,21.57,21.87,21.56,21.79,,1440,0.02,1511.00,NO,NO,2024-11-07,809600.00
5180,VSDM,74.56,74.36,487263.00,ETF,ETF,30.00,48.00,39.00,31.00,0.27,0.24,251350.00,600860.00,77.64,73.94,0,NO,74.69,75.50,76.31,75.46,76.05,,471,0.13,487263.00,NO,NO,2026-09-22,1121000.00
5181,BOTZ,35.48,34.83,489718.00,ETF,ETF,30.00,73.00,47.00,41.00,0.52,0.37,665609.00,516310.00,41.71,31.88,0,NO,35.37,35.92,36.87,36.04,36.60,,2533,1.64,489718.00,NO,NO,2018-02-05,7218100.00
5182,GECCG,24.16,24.42,124.00,Miscellaneous,Investment trusts,30.00,46.00,45.00,39.00,0.17,0.09,1728.00,1620.00,25.40,24.00,0,NO,24.65,24.79,24.82,24.76,24.83,,270,0.00,2600.00,NO,NO,2025-09-22,68700.00
5183,WTFCN,25.53,25.50,7919.00,Financial Services,Banks - Regional,30.00,33.00,40.00,34.00,0.20,0.20,26435.00,47880.00,26.71,25.40,0,NO,25.87,26.03,26.22,25.96,26.10,,357,0.00,7919.00,NO,NO,2025-05-30,2814100.00
5184,DUKZ,24.68,24.68,5710.00,ETF,ETF,30.00,49.00,38.00,35.00,0.05,0.04,9820.00,7090.00,25.94,24.58,0,NO,24.77,25.03,25.30,25.01,25.23,,565,0.00,5710.00,NO,NO,2026-05-12,348100.00
5185,UTRE,48.13,48.16,605.00,ETF,ETF,30.00,52.00,43.00,30.00,0.12,0.08,7387.00,15330.00,50.09,47.90,0,NO,48.16,48.58,49.25,48.54,49.01,,888,0.00,605.00,NO,NO,2024-01-11,187200.00
5186,SLVY,20.47,20.14,91.00,ETF,ETF,30.00,5.00,,,0.39,0.17,1360.00,2320.00,23.40,19.18,0,NO,21.26,21.72,,21.83,,,65,0.00,1100.00,NO,NO,2026-09-28,10700.00
5187,DBP,96.14,94.35,3983.00,ETF,ETF,30.00,25.00,76.00,9.00,1.49,0.78,16229.00,21250.00,140.76,90.01,0,NO,97.53,99.83,106.54,100.51,102.23,,4972,1.72,3983.00,NO,NO,2011-04-25,1971100.00
5188,PHOX,24.08,23.61,1313.00,ETF,ETF,30.00,78.00,,,0.73,0.40,4048.00,2850.00,29.61,21.91,0,NO,23.94,,,,,,44,0.00,1313.00,NO,NO,2026-08-21,20300.00
5189,MCHPP,64.68,64.70,5165.00,Technology,Semiconductors,30.00,83.00,14.00,50.00,1.89,1.47,219439.00,106380.00,88.00,47.08,0,NO,65.20,65.46,68.48,66.18,70.05,,391,0.00,5165.00,NO,NO,2025-03-21,25280700.00
5190,H,161.94,159.43,561477.00,Consumer Cyclical,Lodging,30.00,63.00,10.00,53.00,4.38,4.35,791231.00,758390.00,206.86,134.18,15260697600,NO,158.90,167.36,169.28,167.49,172.56,,4257,0.00,561477.00,NO,NO,2009-11-05,19384900.00
5191,WTM,2060.63,2059.77,20162.00,Financial Services,Insurance - Property & Casualty,30.00,52.00,24.00,12.00,30.97,30.97,19731.00,16160.00,2333.00,1830.13,4918148608,NO,2038.55,2083.00,2127.77,2086.10,2131.04,,10320,0.00,20162.00,NO,NO,1985-10-23,4668600.00
5192,FTS,53.31,53.38,800885.00,Utilities,Utilities - Regulated Electric,30.00,35.00,18.00,16.00,0.60,0.58,784775.00,993630.00,59.40,49.60,27236079616,NO,53.34,54.74,55.56,54.53,56.02,,4217,0.00,800885.00,NO,NO,2025-02-14,7646600.00
5193,XRT,84.09,83.91,2606458.00,ETF,ETF,30.00,64.00,30.00,46.00,1.23,1.18,3726054.00,2795630.00,93.52,77.24,0,NO,82.92,85.98,85.65,85.80,85.16,,5107,0.00,2606458.00,NO,NO,2010-05-06,77268600.00
5194,SECU,48.58,48.63,82576.00,ETF,ETF,30.00,46.00,41.00,32.00,0.23,0.23,204807.00,350890.00,50.87,48.20,0,NO,48.69,49.18,,49.11,49.52,,178,0.00,82576.00,NO,NO,2026-09-22,4654900.00
5195,XLRE,41.61,40.85,7006779.00,ETF,ETF,30.00,26.00,19.00,30.00,0.56,0.52,5511720.00,7857910.00,46.45,39.73,0,NO,41.72,43.43,43.21,43.37,43.74,,2767,0.81,7006779.00,NO,NO,2020-04-09,49899800.00
5196,FAN,22.23,22.01,22618.00,ETF,ETF,30.00,16.00,19.00,9.00,0.32,0.18,84253.00,26100.00,27.30,19.06,0,NO,22.84,23.46,24.02,23.47,24.53,,4600,0.77,22618.00,NO,NO,2014-10-15,2654400.00
5197,XRPZ,15.03,14.88,639709.00,ETF,ETF,30.00,75.00,94.00,45.00,0.78,0.63,580706.00,904740.00,26.09,10.77,0,NO,15.79,14.30,15.18,14.53,13.94,,220,0.00,639709.00,NO,NO,2026-09-15,2073900.00
5198,BOXA,102.30,102.22,1017.00,ETF,ETF,30.00,45.00,40.00,29.00,0.37,0.20,1515.00,390.00,107.90,101.44,0,NO,102.61,103.87,105.10,103.75,104.71,,453,0.01,1017.00,NO,NO,2025-03-10,39200.00
5199,ACGL,95.57,96.08,1685266.00,Financial Services,Insurance - Diversified,30.00,53.00,18.00,39.00,1.74,1.74,2740070.00,3274170.00,107.09,82.45,32589369344,NO,95.33,97.32,96.34,97.03,96.33,,7819,0.00,1685266.00,NO,NO,2022-10-31,93699400.00
5200,VTIP,48.46,48.49,2116277.00,ETF,ETF,30.00,33.00,39.00,29.00,0.15,0.09,2832196.00,3167620.00,50.48,48.28,0,NO,49.00,49.42,49.80,49.35,49.83,,3515,0.00,2116277.00,NO,NO,2022-02-07,27456100.00
5201,FELE,97.72,96.87,303341.00,Industrials,Specialty Industrial Machinery,30.00,64.00,24.00,30.00,2.01,1.86,285512.00,324690.00,115.82,89.54,4320344064,NO,96.85,100.74,100.17,100.64,100.49,,11737,0.15,303341.00,NO,NO,2011-10-19,5087600.00
5202,SBCF,31.74,31.87,503923.00,Financial Services,Banks - Regional,30.00,14.00,31.00,33.00,0.62,0.58,902962.00,919420.00,36.27,28.58,3073155584,NO,32.81,33.93,32.45,33.94,32.43,,10755,0.00,503923.00,NO,NO,2018-02-20,8156700.00
5203,EWM,26.66,26.38,217013.00,ETF,ETF,30.00,20.00,35.00,17.00,0.29,0.14,207259.00,140590.00,30.64,25.32,0,NO,27.33,27.89,28.42,27.80,28.23,,7691,0.64,217013.00,NO,NO,2018-05-09,4399800.00
5204,FSZ,78.54,77.91,39.00,ETF,ETF,30.00,48.00,29.00,27.00,0.64,0.16,950.00,470.00,86.44,75.27,0,NO,78.62,80.69,81.53,80.62,80.99,,3683,0.00,39.00,NO,NO,2014-09-02,3029900.00
5205,PRN,198.01,196.95,11478.00,ETF,ETF,30.00,67.00,11.00,14.00,3.01,2.70,40059.00,35760.00,262.73,156.00,0,NO,198.13,205.64,213.70,205.64,220.55,,5029,0.08,11478.00,NO,NO,2007-09-14,2106600.00
5206,IPAY,48.68,47.95,86912.00,ETF,ETF,30.00,54.00,56.00,72.00,0.81,0.76,66734.00,99870.00,58.69,41.26,0,NO,47.75,49.78,47.57,49.85,47.19,,2826,0.19,86912.00,NO,NO,2019-06-10,2517100.00
5207,JPIE,44.82,44.86,1049256.00,ETF,ETF,30.00,45.00,41.00,30.00,0.15,0.13,1671453.00,2329730.00,46.61,44.58,0,NO,45.03,45.47,45.96,45.43,45.79,,1239,0.00,1049256.00,NO,NO,2026-06-02,10116200.00
5208,RGCO,22.29,22.61,18101.00,Utilities,Utilities - Regulated Gas,30.00,78.00,14.00,27.00,0.61,0.61,15000.00,13490.00,27.99,20.55,232251920,NO,21.50,21.62,22.28,21.71,22.51,,8227,0.00,18101.00,NO,NO,2021-06-25,1213800.00
5209,JETS,27.45,27.48,2463369.00,ETF,ETF,30.00,44.00,10.00,57.00,0.67,0.61,3322976.00,3827200.00,34.06,23.53,0,NO,28.21,29.41,28.53,29.26,28.66,,2879,0.00,2463369.00,NO,NO,2021-12-06,33592800.00
5210,EFSC,58.59,59.33,118478.00,Financial Services,Banks - Regional,30.00,9.00,12.00,45.00,1.09,1.01,245031.00,215410.00,68.73,51.18,2120519808,NO,60.50,63.10,60.20,62.96,61.66,,5848,0.00,118478.00,NO,NO,2025-03-21,2939900.00
5211,SBRA,18.96,18.84,1393547.00,Real Estate,REIT - Healthcare Facilities,30.00,8.00,29.00,16.00,0.34,0.33,2627137.00,2596340.00,22.77,17.17,4843573760,NO,19.61,20.23,19.95,20.14,20.08,,6172,0.16,1393547.00,NO,NO,2017-08-16,19650300.00
5212,NXUS,24.26,24.25,8422.00,ETF,ETF,30.00,59.00,41.00,32.00,0.07,0.07,160948.00,94970.00,25.52,24.12,0,NO,24.28,24.48,24.84,24.47,24.72,,263,0.00,8422.00,NO,NO,2026-01-05,11789300.00
5213,BRSV,43.36,43.38,3277.00,ETF,ETF,30.00,55.00,,,0.42,0.35,23173.00,5140.00,45.88,42.47,0,NO,43.26,44.08,,44.15,,,54,0.00,3277.00,NO,NO,2026-07-30,284900.00
5214,KNG,48.86,48.87,257878.00,ETF,ETF,30.00,41.00,27.00,38.00,0.46,0.44,309518.00,381740.00,53.20,47.68,0,NO,48.92,50.43,50.18,50.35,49.83,,2147,0.00,257878.00,NO,NO,2026-04-23,1720700.00
5215,LDSF,18.50,18.47,5677.00,ETF,ETF,30.00,47.00,42.00,31.00,0.08,0.07,30039.00,32850.00,19.59,18.38,0,NO,18.53,18.72,18.94,18.70,18.85,,1950,0.00,5677.00,NO,NO,2024-05-06,1988900.00
5216,KBWY,16.38,16.42,260556.00,ETF,ETF,30.00,14.00,11.00,45.00,0.23,0.22,208834.00,311330.00,19.35,14.82,0,NO,16.83,17.55,17.02,17.49,17.42,,3987,0.00,260556.00,NO,NO,2024-03-05,920000.00
5217,BUSM,15.94,15.90,11999.00,ETF,ETF,30.00,29.00,,,0.18,0.14,6705.00,8320.00,17.53,15.77,0,NO,16.21,16.71,,16.74,,,54,0.00,11999.00,NO,NO,2026-07-29,23400.00
5218,DDT,25.68,26.10,56311.00,Finance,Finance/Rental/Leasing,30.00,42.00,33.00,31.00,0.20,0.20,8112.00,6930.00,26.80,25.11,0,NO,26.22,26.24,26.19,26.18,26.16,,7040,0.00,56311.00,NO,NO,2018-07-20,1151400.00
5219,BLST,24.42,24.43,8987.00,ETF,ETF,30.00,50.00,42.00,30.00,0.07,0.06,17826.00,23000.00,25.49,22.77,0,NO,24.46,24.68,25.03,24.66,24.91,,328,0.00,8987.00,NO,NO,2025-06-24,2599100.00
5220,WFG,64.25,64.21,100704.00,Basic Materials,Lumber & Wood Production,30.00,19.00,28.00,37.00,2.07,1.95,222937.00,182270.00,76.99,57.34,5031020544,NO,69.36,69.04,66.94,69.20,66.85,,4441,0.00,100704.00,NO,NO,2022-07-19,3990200.00
5221,CMBS,47.41,47.35,30886.00,ETF,ETF,30.00,49.00,41.00,30.00,0.22,0.22,52304.00,131710.00,49.89,47.09,0,NO,47.41,47.91,48.62,47.87,48.36,,3683,0.08,30886.00,NO,NO,2016-10-05,2024500.00
5222,PID,21.71,21.69,42757.00,ETF,ETF,30.00,29.00,27.00,26.00,0.18,0.16,61114.00,58850.00,23.76,21.03,0,NO,21.73,22.43,22.67,22.38,22.59,,5300,0.00,42757.00,NO,NO,2011-10-18,7049000.00
5223,ETR,102.80,102.49,2161256.00,Utilities,Utilities - Regulated Electric,30.00,30.00,13.00,11.00,1.81,1.75,2665595.00,3080250.00,118.45,90.87,49115525120,NO,101.17,104.67,106.51,104.23,109.56,,13703,0.00,2161256.00,NO,NO,1988-06-24,18572400.00
5224,STAX,24.79,24.71,4754.00,ETF,ETF,30.00,49.00,38.00,31.00,0.07,0.04,4596.00,7890.00,25.75,24.66,0,NO,24.86,25.10,25.39,25.09,25.31,,718,0.22,4754.00,NO,NO,2026-06-09,264600.00
5225,FDHY,47.80,47.73,34076.00,ETF,ETF,30.00,43.00,39.00,31.00,0.28,0.26,85257.00,113200.00,49.70,47.15,0,NO,48.07,48.62,49.04,48.58,48.89,,2092,0.00,34076.00,NO,NO,2026-03-30,543500.00
5226,GGG,78.21,78.37,1589263.00,Industrials,Specialty Industrial Machinery,30.00,78.00,79.00,12.00,1.36,1.32,1806685.00,1393090.00,95.69,72.51,12666407936,NO,77.54,79.09,81.71,79.03,78.87,,11737,0.00,1589263.00,NO,NO,1994-03-04,38486644.00
5227,GLTR,187.45,183.80,31077.00,ETF,ETF,30.00,22.00,75.00,8.00,3.46,2.23,59057.00,57710.00,295.44,167.52,0,NO,191.02,195.72,211.62,197.17,201.51,,4015,1.88,31077.00,NO,NO,2014-12-23,1647300.00
5228,KHYB,23.65,23.64,1610.00,ETF,ETF,30.00,44.00,43.00,32.00,0.07,0.04,2639.00,3280.00,24.88,23.51,0,NO,23.80,24.00,24.23,23.99,24.07,,2076,0.00,1610.00,NO,NO,2022-01-11,187500.00
5229,DNLI,19.45,18.67,1340962.00,Healthcare,Biotechnology,30.00,7.00,2.00,44.00,0.85,0.84,1620746.00,2010520.00,27.30,13.75,3109032192,NO,20.22,22.41,21.11,22.11,21.56,,2220,0.00,1340962.00,NO,NO,2026-06-26,6526900.00
5230,BEP,29.53,29.29,554283.00,Utilities,Utilities - Renewable,30.00,26.00,18.00,8.00,0.71,0.70,1022037.00,1066390.00,38.12,26.29,14395676672,NO,28.93,31.14,31.99,31.03,32.99,,5257,0.00,554283.00,NO,NO,2026-04-29,4162400.00
5231,PYZ,115.19,114.63,1021.00,ETF,ETF,30.00,18.00,32.00,15.00,1.31,0.58,2112.00,1690.00,134.10,97.09,0,NO,116.01,121.21,123.63,121.47,123.19,,5029,0.00,1021.00,NO,NO,2016-04-06,1166700.00
5232,WIP,38.27,38.15,40957.00,ETF,ETF,30.00,28.00,45.00,21.00,0.34,0.29,42378.00,60380.00,41.69,37.64,0,NO,38.55,39.16,39.79,39.18,39.57,,4670,0.31,40957.00,NO,NO,2009-12-16,2268800.00
5233,RPAR,21.31,21.24,6675.00,ETF,ETF,30.00,25.00,39.00,18.00,0.20,0.15,20710.00,29320.00,23.69,20.99,0,NO,21.57,22.03,22.40,22.02,22.30,,1714,0.15,6675.00,NO,NO,2022-12-15,17155900.00
5234,EVX,39.13,39.12,3783.00,ETF,ETF,30.00,46.00,24.00,31.00,0.35,0.28,6684.00,6830.00,42.44,36.44,0,NO,39.29,40.28,40.14,40.27,40.00,,5027,0.03,3783.00,NO,NO,2008-09-16,536000.00
5235,KBA,30.86,30.48,20319.00,ETF,ETF,30.00,19.00,21.00,34.00,0.30,0.14,30175.00,22770.00,35.46,28.43,0,NO,31.46,32.45,32.24,32.42,32.67,,3170,1.21,20319.00,NO,NO,2019-05-28,3719900.00
5236,CPAG,99.13,99.14,2317.00,ETF,ETF,30.00,46.00,39.00,28.00,0.39,0.27,6734.00,14090.00,103.94,98.41,0,NO,99.50,100.70,101.97,100.59,101.64,,293,0.00,2317.00,NO,NO,2026-01-28,842800.00
5237,AGZ,106.31,106.33,14512.00,ETF,ETF,30.00,47.00,41.00,29.00,0.35,0.31,28637.00,37740.00,111.00,105.97,0,NO,106.83,107.78,109.14,107.67,108.67,,4505,0.00,14512.00,NO,NO,2021-06-15,1690600.00
5238,VBCE,72.89,72.98,6844.00,ETF,ETF,30.00,47.00,38.00,27.00,0.29,0.24,12646.00,17010.00,76.29,72.40,0,NO,73.15,74.07,,73.96,,,137,0.00,6844.00,NO,NO,2026-04-27,152100.00
5239,ROBX,23.74,24.07,27.00,ETF,ETF,30.00,74.00,,,0.38,0.10,1986.00,1910.00,24.67,21.93,0,NO,23.20,,,,,,36,0.00,1900.00,NO,NO,2026-08-19,21700.00
5240,FSIG,18.47,18.47,606832.00,ETF,ETF,30.00,50.00,43.00,30.00,0.06,0.05,336126.00,757250.00,19.33,18.34,0,NO,18.48,18.66,18.92,18.65,18.82,,1227,0.00,606832.00,NO,NO,2022-12-29,8419600.00
5241,DIVH,24.45,24.49,3300.00,ETF,ETF,30.00,39.00,,,0.13,0.09,7865.00,5730.00,25.23,23.95,0,NO,24.44,,,,,,27,0.00,3300.00,NO,NO,2026-09-03,67100.00
5242,PCFI,22.48,22.50,6.00,ETF,ETF,30.00,69.00,54.00,34.00,0.05,0.03,7060.00,540.00,24.73,22.16,0,NO,22.55,22.47,22.89,22.50,22.64,,384,0.00,3100.00,NO,NO,2026-09-15,331700.00
5243,WSMD,23.98,23.88,408.00,ETF,ETF,30.00,63.00,,,0.21,0.15,11090.00,7050.00,26.68,23.60,0,NO,23.94,24.66,,24.69,,,52,0.17,408.00,NO,NO,2026-07-29,111800.00
5244,ARCP,24.32,24.24,7.00,ETF,ETF,30.00,49.00,,,0.10,0.05,53090.00,16890.00,25.18,24.16,0,NO,24.49,24.81,,24.77,,,50,0.00,20000.00,NO,NO,2026-08-14,1193700.00
5245,SPHD,48.82,48.81,1021717.00,ETF,ETF,29.00,19.00,20.00,35.00,0.46,0.45,852025.00,1365430.00,54.04,46.58,0,NO,49.24,51.26,50.60,51.17,50.75,,3507,0.00,1021717.00,NO,NO,2024-09-23,6977400.00
5246,LTM,50.25,50.44,785657.00,Industrials,Airlines,29.00,50.00,23.00,20.00,1.65,1.34,773384.00,821390.00,70.42,41.41,0,NO,51.00,51.96,53.44,51.66,51.79,,555,0.00,785657.00,NO,NO,2025-09-25,9220700.00
5247,XTRE,47.89,47.90,25046.00,ETF,ETF,29.00,52.00,43.00,29.00,0.12,0.10,67148.00,210970.00,50.15,47.71,0,NO,47.94,48.38,49.12,48.34,48.85,,1002,0.00,25046.00,NO,NO,2026-09-30,1112800.00
5248,PHO,68.59,68.15,41054.00,ETF,ETF,29.00,66.00,50.00,36.00,0.87,0.79,77665.00,66940.00,74.93,63.54,0,NO,68.41,70.22,69.58,70.19,68.55,,5243,0.37,41054.00,NO,NO,2012-04-30,3241400.00
5249,TMNS,48.72,48.64,9.00,ETF,ETF,29.00,46.00,37.00,30.00,0.12,0.02,745.00,260.00,50.70,48.32,0,NO,48.90,49.42,49.99,49.38,49.82,,221,0.00,9.00,NO,NO,2026-07-24,5400.00
5250,TDTT,23.32,23.34,638888.00,ETF,ETF,29.00,52.00,44.00,26.00,0.05,0.05,307690.00,755580.00,24.46,23.17,0,NO,23.29,23.45,23.94,23.43,23.86,,3783,0.00,638888.00,NO,NO,2013-03-14,7502500.00
5251,BNDX,46.98,46.93,4187308.00,ETF,ETF,29.00,60.00,42.00,33.00,0.17,0.16,4297682.00,5559700.00,49.93,46.63,0,NO,46.94,47.35,48.03,47.32,47.80,,3359,0.00,4187308.00,NO,NO,2024-02-13,24482300.00
5252,GXRP,26.75,26.57,18478.00,ETF,ETF,29.00,75.00,94.00,45.00,1.31,1.01,43823.00,54680.00,46.51,19.25,0,NO,28.15,25.50,27.08,25.91,24.87,,220,0.00,18478.00,NO,NO,2026-01-29,636800.00
5253,ELD,28.08,28.08,12601.00,ETF,ETF,29.00,32.00,40.00,28.00,0.21,0.17,15876.00,11900.00,30.29,27.12,0,NO,28.17,28.60,28.89,28.61,28.64,,4068,0.00,12601.00,NO,NO,2011-09-27,4352500.00
5254,PBWN,24.28,24.99,6.00,ETF,ETF,29.00,,,,,,22.00,22.00,25.03,24.28,0,NO,,,,,,,10,0.00,6.00,NO,NO,,
5255,FXR,82.69,82.69,41819.00,ETF,ETF,29.00,45.00,21.00,28.00,1.13,0.93,24317.00,32040.00,92.78,73.08,0,NO,83.07,86.52,86.56,86.53,86.59,,4886,0.00,41819.00,NO,NO,2016-11-28,28030500.00
5256,HYEM,19.40,19.38,72878.00,ETF,ETF,29.00,34.00,35.00,32.00,0.10,0.08,139604.00,221470.00,20.36,19.20,0,NO,19.57,19.83,19.99,19.82,19.94,,3623,0.00,72878.00,NO,NO,2022-07-11,15662300.00
5257,AESL,19.66,19.61,6.00,ETF,ETF,29.00,52.00,,,0.11,0.00,3466.00,160.00,20.06,19.32,0,NO,19.57,,,,,,29,0.00,200.00,NO,NO,2026-08-27,99600.00
5258,XEMD,43.13,43.05,113382.00,ETF,ETF,29.00,37.00,34.00,29.00,0.24,0.19,187148.00,258970.00,45.41,42.53,0,NO,43.34,43.98,44.53,43.93,44.38,,1074,0.12,113382.00,NO,NO,2022-06-30,4403600.00
5259,BLUI,24.84,24.80,3925.00,ETF,ETF,29.00,33.00,33.00,28.00,0.09,0.06,15539.00,9630.00,26.06,24.69,0,NO,25.01,25.42,25.62,25.38,25.59,,327,0.04,3925.00,NO,NO,2025-06-24,1565100.00
5260,STPZ,52.02,52.06,15641.00,ETF,ETF,29.00,50.00,43.00,26.00,0.11,0.10,80828.00,92350.00,54.58,51.75,0,NO,51.99,52.36,53.42,52.32,53.22,,4310,0.00,15641.00,NO,NO,2010-03-08,3226100.00
5261,ICLN,17.28,17.12,3883489.00,ETF,ETF,29.00,28.00,18.00,14.00,0.34,0.26,6535426.00,6392060.00,23.78,15.63,0,NO,17.31,17.65,18.85,17.65,19.14,,4602,0.76,3883489.00,NO,NO,2022-11-18,25135400.00
5262,FCBD,24.64,24.64,3253.00,ETF,ETF,29.00,44.00,41.00,30.00,0.09,0.06,2935.00,2500.00,25.90,24.11,0,NO,24.77,25.01,25.35,24.99,25.24,,451,0.00,3253.00,NO,NO,2024-12-23,1620900.00
5263,GINC,48.67,48.59,8.00,ETF,ETF,29.00,51.00,,,0.14,0.09,68830.00,4470.00,50.25,48.23,0,NO,48.90,,,,,,43,0.00,9900.00,NO,NO,2026-09-23,2039500.00
5264,MYHD,24.25,24.19,1459.00,ETF,ETF,29.00,38.00,37.00,31.00,0.09,0.03,1782.00,200.00,27.00,24.08,0,NO,24.46,24.77,,24.75,24.88,,157,0.17,1459.00,NO,NO,2026-08-04,15000.00
5265,VEMY,27.55,27.51,14877.00,ETF,ETF,29.00,30.00,27.00,29.00,0.21,0.18,36123.00,85320.00,29.11,27.00,0,NO,27.69,28.21,28.40,28.17,28.42,,959,0.00,14877.00,NO,NO,2026-10-01,658800.00
5266,FWONK,94.04,95.07,2291977.00,Communication Services,Entertainment,29.00,44.00,23.00,57.00,2.58,2.55,2104262.00,2314160.00,107.31,80.15,23576625152,NO,94.34,98.00,92.18,97.90,93.35,,3084,0.00,2291977.00,NO,NO,2018-05-03,14561031.00
5267,XLSI,22.94,22.96,12875.00,ETF,ETF,29.00,62.00,39.00,34.00,0.24,0.19,19618.00,11980.00,25.51,22.04,0,NO,22.76,23.20,23.69,23.16,23.36,,302,0.00,12875.00,NO,NO,2026-09-10,261800.00
5268,BSTV,24.33,24.34,8025.00,ETF,ETF,29.00,46.00,36.00,,0.07,0.06,4650.00,8740.00,25.27,24.20,0,NO,24.37,24.70,,24.68,,,85,0.00,8025.00,NO,NO,2026-08-14,36500.00
5269,EMLC,24.84,24.78,1919178.00,ETF,ETF,29.00,32.00,40.00,27.00,0.16,0.11,2077309.00,2629050.00,26.63,24.46,0,NO,24.95,25.35,25.60,25.35,25.40,,4079,0.12,1919178.00,NO,NO,2026-03-03,14559100.00
5270,BOKF,125.47,126.42,212097.00,Financial Services,Banks - Regional,29.00,11.00,14.00,18.00,2.31,2.09,252537.00,250530.00,146.84,102.72,7624418816,NO,130.11,136.28,132.57,135.86,134.29,,8837,0.00,212097.00,NO,NO,2025-11-07,2208800.00
5271,VNAM,23.56,23.56,1790.00,ETF,ETF,29.00,14.00,37.00,36.00,0.25,0.13,8150.00,4960.00,27.45,21.50,0,NO,24.22,24.26,24.55,24.26,24.49,,1212,0.00,1790.00,NO,NO,2025-04-04,158200.00
5272,KNRG,25.10,25.09,6628.00,ETF,ETF,29.00,42.00,37.00,31.00,0.12,0.10,14556.00,12950.00,26.31,24.79,0,NO,25.22,25.49,25.74,25.47,25.64,,345,0.00,6628.00,NO,NO,2025-05-28,299500.00
5273,COLM,57.04,56.76,595060.00,Consumer Cyclical,Apparel Manufacturing,29.00,68.00,13.00,39.00,1.53,1.48,679240.00,693160.00,69.06,47.47,2920059648,NO,57.29,57.58,59.43,57.65,60.18,,7179,0.05,595060.00,NO,NO,1998-03-27,21024900.00
5274,MSTI,19.82,19.82,1362.00,ETF,ETF,29.00,50.00,42.00,29.00,0.05,0.03,1353.00,1300.00,20.81,19.60,0,NO,19.85,20.02,20.31,20.01,20.21,,777,0.00,1362.00,NO,NO,2023-09-25,925000.00
5275,XMLV,63.43,63.44,11177.00,ETF,ETF,29.00,18.00,22.00,31.00,0.61,0.57,20228.00,26700.00,70.21,60.96,0,NO,64.30,66.46,65.55,66.34,65.87,,3433,0.00,11177.00,NO,NO,2019-06-12,2575800.00
5276,SPLV,72.14,71.97,1233875.00,ETF,ETF,29.00,36.00,23.00,30.00,0.65,0.63,2009178.00,1924700.00,78.82,69.63,0,NO,71.81,74.00,74.11,73.84,74.14,,3881,0.00,1233875.00,NO,NO,2022-01-24,23332300.00
5277,IPB,25.00,24.70,7398.00,ETF,ETF,29.00,51.00,40.00,31.00,0.17,0.10,1076.00,630.00,27.27,24.64,0,NO,25.15,25.19,25.66,25.17,25.52,,5718,0.00,7398.00,NO,NO,2004-03-05,130200.00
5278,CAAA,19.80,19.81,7202.00,ETF,ETF,29.00,49.00,40.00,30.00,0.07,0.06,5232.00,4350.00,20.85,19.65,0,NO,19.83,20.03,20.29,20.01,20.19,,656,0.00,7202.00,NO,NO,2025-05-01,339000.00
5279,CLIX,57.35,57.06,7.00,ETF,ETF,29.00,51.00,42.00,52.00,0.45,0.11,634.00,520.00,62.85,50.29,0,NO,57.06,58.55,57.48,58.43,57.42,,2233,0.00,100.00,NO,NO,2020-05-27,365200.00
5280,SATO,17.54,17.46,532.00,ETF,ETF,29.00,30.00,87.00,76.00,0.40,0.22,1495.00,1250.00,31.55,13.30,0,NO,18.88,17.77,17.34,18.02,17.21,,1257,0.00,532.00,NO,NO,2022-02-09,185600.00
5281,IIGD,23.90,23.90,5465.00,ETF,ETF,29.00,51.00,42.00,29.00,0.05,0.03,5507.00,15180.00,24.99,23.76,0,NO,23.90,24.15,24.52,24.13,24.39,,2004,0.00,5465.00,NO,NO,2019-07-05,2023200.00
5282,HYSD,19.60,19.59,1482.00,ETF,ETF,29.00,47.00,39.00,30.00,0.06,0.05,5664.00,3620.00,20.48,19.44,0,NO,19.68,19.87,20.12,19.84,20.04,,526,0.00,1482.00,NO,NO,2025-06-03,2974800.00
5283,ARCC,18.56,18.74,3991275.00,Financial Services,Asset Management,29.00,15.00,50.00,48.00,0.30,0.30,4460146.00,4956300.00,21.14,17.40,13326503936,NO,19.13,19.53,19.15,19.56,18.94,,5539,0.00,3991275.00,NO,NO,2014-06-27,28820900.00
5284,ABLG,30.58,30.33,628.00,ETF,ETF,29.00,41.00,46.00,28.00,0.31,0.10,1885.00,810.00,33.59,28.62,0,NO,30.77,31.27,31.66,31.37,31.43,,2327,0.69,628.00,NO,NO,2025-03-17,2276500.00
5285,VNQ,90.65,89.35,4083634.00,ETF,ETF,29.00,24.00,18.00,31.00,1.22,1.09,3457454.00,5325740.00,101.80,86.84,0,NO,91.34,95.03,94.38,94.79,95.42,,5543,0.76,4083634.00,NO,NO,2020-02-28,22471800.00
5286,TOLZ,56.14,55.70,7743.00,ETF,ETF,29.00,29.00,20.00,14.00,0.59,0.42,15729.00,10040.00,62.22,52.39,0,NO,55.90,57.80,58.94,57.65,59.43,,3154,0.68,7743.00,NO,NO,2021-06-08,1277500.00
5287,AVRE,44.63,43.92,37836.00,ETF,ETF,29.00,28.00,19.00,27.00,0.45,0.37,79957.00,145690.00,49.72,42.98,0,NO,44.84,46.66,46.49,46.53,46.97,,1262,0.91,37836.00,NO,NO,2022-11-01,693900.00
5288,DFGR,27.19,26.84,469010.00,ETF,ETF,29.00,22.00,18.00,30.00,0.31,0.27,520206.00,1019290.00,30.43,26.02,0,NO,27.43,28.53,28.28,28.44,28.61,,963,0.63,469010.00,NO,NO,2022-12-08,2309800.00
5289,NBFC,49.47,49.30,11485.00,ETF,ETF,29.00,45.00,41.00,31.00,0.20,0.13,12373.00,71120.00,55.64,49.01,0,NO,49.67,50.19,50.69,50.17,50.44,,576,0.20,11485.00,NO,NO,2024-06-25,995200.00
5290,L,106.69,107.60,576653.00,Financial Services,Insurance - Property & Casualty,29.00,34.00,16.00,31.00,1.53,1.52,845498.00,989000.00,121.01,97.38,21810393088,NO,106.47,109.60,109.00,109.15,109.69,,11737,0.00,576653.00,NO,NO,1982-09-24,115119000.00
5291,DAX,43.60,43.31,18603.00,ETF,ETF,29.00,21.00,45.00,35.00,0.58,0.44,31639.00,23240.00,47.92,40.35,0,NO,44.59,45.96,45.26,45.99,44.91,,3008,0.53,18603.00,NO,NO,2025-03-06,783300.00
5292,ENSG,171.80,171.49,205323.00,Healthcare,Medical Care Facilities,29.00,53.00,64.00,9.00,3.68,3.67,375953.00,368990.00,218.00,141.58,10012921856,NO,173.59,175.95,181.62,175.45,176.94,,4758,0.00,205323.00,NO,NO,2024-09-30,11223200.00
5293,LDRH,24.01,24.00,4222.00,ETF,ETF,29.00,46.00,41.00,31.00,0.10,0.08,5567.00,7930.00,25.16,23.90,0,NO,24.14,24.35,24.64,24.32,24.53,,477,0.00,4222.00,NO,NO,2026-06-18,511000.00
5294,SQM,63.91,64.52,558327.00,Basic Materials,Specialty Chemicals,29.00,4.00,12.00,4.00,1.65,1.46,963818.00,787060.00,98.00,40.58,18255114240,NO,66.99,71.89,76.68,71.62,76.99,,8320,0.00,558327.00,NO,NO,1996-04-26,30256447.00
5295,MYMI,23.93,23.88,49.00,ETF,ETF,29.00,49.00,36.00,29.00,0.08,0.03,898.00,1130.00,24.98,23.72,0,NO,23.93,24.27,24.59,24.25,24.51,,513,0.00,49.00,NO,NO,2025-01-13,213000.00
5296,VRP,23.73,23.76,440786.00,ETF,ETF,29.00,46.00,38.00,31.00,0.11,0.10,585573.00,688630.00,24.85,23.59,0,NO,23.84,24.03,24.26,24.03,24.19,,3130,0.00,440786.00,NO,NO,2018-11-29,5711000.00
5297,BZ,15.73,15.18,2470443.00,Communication Services,Internet Content & Information,29.00,21.00,86.00,84.00,0.44,0.42,6173671.00,5199860.00,23.49,12.57,6881964544,NO,14.81,15.85,15.56,15.86,14.56,,1339,2.87,2470443.00,NO,NO,2026-09-14,42113900.00
5298,CEE,18.17,18.57,30410.00,Financial Services,Asset Management,29.00,8.00,9.00,15.00,0.47,0.42,21601.00,10240.00,21.98,14.82,0,NO,19.01,19.94,19.76,19.81,20.11,,9221,0.00,30410.00,NO,NO,1990-02-28,8639800.00
5299,ODTE,25.06,24.93,1528.00,ETF,ETF,29.00,62.00,23.00,27.00,0.18,0.10,4225.00,1550.00,27.94,24.67,0,NO,25.05,25.47,,25.46,,,132,0.12,1528.00,NO,NO,2026-07-02,18700.00
5300,MDIV,15.85,15.89,48117.00,ETF,ETF,29.00,19.00,24.00,28.00,0.16,0.14,59310.00,68220.00,17.02,15.52,0,NO,16.09,16.51,16.46,16.48,16.52,,3559,0.00,48117.00,NO,NO,2020-08-10,3593700.00
5301,WMG,28.72,28.91,1721141.00,Communication Services,Entertainment,29.00,79.00,53.00,43.00,0.87,0.87,2074562.00,2403690.00,35.42,23.34,15023712256,NO,27.82,27.38,28.57,27.50,28.30,,1597,0.00,1721141.00,NO,NO,2020-06-03,34950900.00
5302,AESB,19.56,19.66,6.00,ETF,ETF,29.00,57.00,,,0.12,0.00,3436.00,150.00,20.11,19.38,0,NO,19.58,,,,,,29,0.00,100.00,NO,NO,2026-08-27,99400.00
5303,GVI,103.17,103.22,397775.00,ETF,ETF,29.00,50.00,41.00,29.00,0.33,0.30,127603.00,182220.00,108.34,102.57,0,NO,103.37,104.43,106.05,104.32,105.47,,4968,0.00,397775.00,NO,NO,2017-06-28,5490100.00
5304,GCPB,48.42,48.30,2522.00,ETF,ETF,29.00,35.00,,,0.19,0.13,8109.00,8140.00,50.50,48.07,0,NO,48.78,,,,,,44,0.19,2522.00,NO,NO,2026-08-19,50900.00
5305,XVMT,29.35,29.42,4871.00,ETF,ETF,29.00,,,,,,2816.00,3340.00,31.59,29.07,0,NO,,,,,,,13,0.00,4871.00,NO,NO,2026-10-02,9800.00
5306,IBHJ,25.65,25.60,67349.00,ETF,ETF,29.00,44.00,39.00,31.00,0.17,0.15,48668.00,75350.00,26.92,25.36,0,NO,25.80,26.10,26.35,26.08,26.24,,827,0.00,67349.00,NO,NO,2026-08-07,711000.00
5307,DYFI,22.24,22.23,1292.00,ETF,ETF,29.00,48.00,41.00,30.00,0.05,0.03,10712.00,18630.00,23.40,22.16,0,NO,22.32,22.50,22.80,22.48,22.67,,690,0.03,1292.00,NO,NO,2024-01-10,757900.00
5308,NCLD,21.71,21.58,645013.00,ETF,ETF,29.00,8.00,,,1.20,1.07,802584.00,559910.00,28.10,20.91,0,NO,23.55,,,23.75,,,46,0.00,645013.00,NO,NO,2026-08-12,2141800.00
5309,CWT,45.94,45.60,315437.00,Utilities,Utilities - Regulated Water,29.00,15.00,16.00,33.00,0.99,0.96,479460.00,456180.00,53.82,41.29,2840888064,NO,46.46,48.54,46.40,48.47,47.13,,13523,0.55,315437.00,NO,NO,2016-03-07,5972500.00
5310,GBHI,24.49,24.45,17.00,ETF,ETF,29.00,36.00,39.00,27.00,0.09,0.01,146.00,220.00,25.65,24.21,0,NO,24.81,25.08,25.28,25.05,25.19,,223,0.00,100.00,NO,NO,2025-12-12,26700.00
5311,AEMV,19.68,19.56,6.00,ETF,ETF,29.00,52.00,,,0.11,0.03,3500.00,130.00,20.13,19.13,0,NO,19.46,,,,,,29,0.00,100.00,NO,NO,2026-08-27,99300.00
5312,SIHY,44.19,44.07,4179.00,ETF,ETF,29.00,41.00,37.00,33.00,0.26,0.23,27234.00,64040.00,46.53,43.71,0,NO,44.48,44.96,45.30,44.93,45.15,,1272,0.00,4179.00,NO,NO,2025-09-11,374700.00
5313,CCOM,24.70,23.79,26.00,ETF,ETF,29.00,58.00,57.00,25.00,0.17,0.03,153.00,230.00,27.31,23.34,0,NO,24.01,23.92,,23.87,24.21,,175,0.00,100.00,NO,NO,2026-04-20,2300.00
5314,SYF,72.80,73.72,2909829.00,Financial Services,Credit Services,29.00,25.00,50.00,43.00,1.72,1.64,3254859.00,2655380.00,88.77,63.08,23686998016,NO,72.95,76.41,74.37,76.56,74.18,,3067,0.00,2909829.00,NO,NO,2015-11-17,128981900.00
5315,OAIW,24.20,23.99,11706.00,ETF,ETF,29.00,46.00,,,0.66,0.50,13620.00,21850.00,25.99,22.36,0,NO,24.58,,,,,,41,0.00,11706.00,NO,NO,2026-08-13,42500.00
5316,FXE,103.37,103.50,120547.00,ETF,ETF,29.00,25.00,44.00,25.00,0.48,0.32,80834.00,106810.00,111.54,103.16,0,NO,104.84,106.14,107.06,106.07,106.53,,5239,0.00,120547.00,NO,NO,2010-05-20,8212100.00
5317,AUB,37.80,37.92,856247.00,Financial Services,Banks - Regional,29.00,19.00,13.00,38.00,0.68,0.64,1115826.00,1235510.00,43.62,30.87,5398403072,NO,38.58,40.25,38.90,40.15,39.31,,8309,0.00,856247.00,NO,NO,2023-03-17,15982900.00
5318,MULT,24.39,24.30,7.00,ETF,ETF,29.00,49.00,39.00,29.00,0.10,0.04,285.00,290.00,25.61,24.09,0,NO,24.41,24.72,25.11,24.70,24.98,,281,0.00,7.00,NO,NO,2025-08-28,102400.00
5319,FSS,113.57,112.61,264575.00,Industrials,Farm & Heavy Construction Machinery,29.00,61.00,36.00,36.00,3.78,3.53,433032.00,476580.00,134.51,101.19,6932495872,NO,114.23,118.98,115.71,118.65,116.33,,11737,0.27,264575.00,NO,NO,2010-05-07,9806600.00
5320,STEW,17.58,17.42,85543.00,Financial Services,Asset Management,29.00,28.00,33.00,37.00,0.20,0.19,67028.00,69940.00,19.05,16.55,1695441664,NO,17.75,18.21,17.92,18.18,17.86,,11737,0.00,85543.00,NO,NO,2006-02-21,1950100.00
5321,RANK,19.68,19.48,1561.00,ETF,ETF,28.00,83.00,60.00,,0.18,0.15,18400.00,7160.00,20.91,17.92,0,NO,19.31,19.37,,19.42,,,72,0.51,1561.00,NO,NO,2026-07-14,161800.00
5322,CARY,20.17,20.18,329265.00,ETF,ETF,28.00,43.00,38.00,29.00,0.09,0.09,452965.00,636790.00,21.55,20.07,0,NO,20.28,20.51,20.77,20.49,20.69,,983,0.00,329265.00,NO,NO,2026-02-27,4399800.00
5323,IBMS,25.16,25.06,349126.00,ETF,ETF,28.00,50.00,38.00,30.00,0.10,0.09,93529.00,159210.00,26.41,24.85,0,NO,25.15,25.47,25.86,25.46,25.71,,596,0.12,349126.00,NO,NO,2025-12-05,859900.00
5324,SHYG,41.24,41.19,1749739.00,ETF,ETF,28.00,45.00,40.00,31.00,0.17,0.14,1492831.00,2075450.00,43.31,40.82,0,NO,41.45,41.86,42.35,41.83,42.15,,3264,0.07,1749739.00,NO,NO,2021-01-14,45752000.00
5325,BRIB,24.21,24.23,2535.00,ETF,ETF,28.00,48.00,38.00,27.00,0.09,0.07,29445.00,5450.00,25.78,23.93,0,NO,24.28,24.57,,24.53,24.84,,142,0.00,2535.00,NO,NO,2026-08-18,1378500.00
5326,UYG,87.92,86.32,54022.00,ETF,ETF,28.00,11.00,23.00,74.00,1.91,1.78,16901.00,11320.00,104.32,68.44,0,NO,88.06,94.01,86.24,94.04,86.47,,4954,0.57,54022.00,NO,NO,2008-10-10,202575180.00
5327,VCHY,72.75,72.69,32776.00,ETF,ETF,28.00,38.00,35.00,,0.32,0.27,33664.00,39570.00,75.52,71.98,0,NO,73.32,74.27,,74.19,,,89,0.06,32776.00,NO,NO,2026-09-01,99800.00
5328,AGGA,24.36,24.36,6561.00,ETF,ETF,28.00,46.00,39.00,29.00,0.10,0.09,15053.00,30500.00,25.73,24.12,0,NO,24.50,24.73,25.07,24.70,24.95,,362,0.00,6561.00,NO,NO,2025-05-05,597400.00
5329,PIFI,91.08,90.98,7.00,ETF,ETF,28.00,56.00,48.00,31.00,0.36,0.22,1942.00,5130.00,96.12,90.56,0,NO,91.53,92.43,93.93,92.34,93.41,,1511,0.00,4800.00,NO,NO,2022-01-05,356900.00
5330,IBD,23.17,23.05,425345.00,ETF,ETF,28.00,52.00,41.00,29.00,0.38,0.38,78295.00,75510.00,24.78,22.50,0,NO,23.16,23.42,23.81,23.39,23.65,,2326,0.00,425345.00,NO,NO,2025-02-11,1845300.00
5331,BTO,36.39,36.48,35769.00,Financial Services,Asset Management,28.00,10.00,19.00,27.00,0.77,0.76,41782.00,50820.00,42.00,32.01,721725056,NO,36.73,38.79,37.53,38.68,37.84,,8092,0.00,35769.00,NO,NO,2004-01-26,920300.00
5332,REET,25.69,25.51,2222127.00,ETF,ETF,28.00,20.00,17.00,30.00,0.27,0.25,2960246.00,3227630.00,29.06,24.64,0,NO,26.02,27.11,26.82,27.01,27.14,,3082,0.24,2222127.00,NO,NO,2025-06-20,19257000.00
5333,MSCI,565.12,561.67,323253.00,Financial Services,Financial Data & Stock Exchanges,28.00,79.00,15.00,55.00,11.08,10.60,621671.00,533440.00,644.77,501.08,41084223488,NO,550.21,559.15,572.64,559.95,572.80,,4754,0.45,323253.00,NO,NO,2018-04-03,22350100.00
5334,BFAP,16.13,16.19,7.00,ETF,ETF,28.00,83.00,89.00,64.00,0.10,0.03,878.00,1360.00,24.39,13.69,0,NO,16.02,15.34,15.55,15.49,14.93,,380,0.00,300.00,NO,NO,2025-07-25,1720300.00
5335,JSI,50.07,50.03,509841.00,ETF,ETF,28.00,52.00,40.00,29.00,0.22,0.19,156062.00,239180.00,52.58,49.85,0,NO,50.20,50.69,51.50,50.66,51.20,,731,0.00,509841.00,NO,NO,2025-03-31,1097900.00
5336,IBHM,24.33,24.25,13077.00,ETF,ETF,28.00,33.00,32.00,26.00,0.12,0.08,5781.00,7890.00,26.09,23.94,0,NO,24.51,24.93,,24.90,,,137,0.12,13077.00,NO,NO,2026-08-07,58500.00
5337,IYR,96.10,94.67,7318191.00,ETF,ETF,28.00,22.00,17.00,30.00,1.27,1.19,5430135.00,6610340.00,108.17,92.45,0,NO,96.71,100.88,100.14,100.63,101.29,,6617,0.81,7318191.00,NO,NO,2008-11-24,93279100.00
5338,CIEI,24.29,24.25,6.00,ETF,ETF,28.00,51.00,37.00,,0.05,0.00,270.00,100.00,25.17,24.18,0,NO,24.38,24.69,,24.63,,,87,0.00,100.00,NO,NO,2026-06-29,127800.00
5339,WDE,24.34,24.38,1718.00,ETF,ETF,28.00,34.00,34.00,,0.11,0.06,4334.00,24750.00,25.44,24.22,0,NO,24.47,24.80,,24.76,,,98,0.00,1718.00,NO,NO,2026-05-21,796800.00
5340,TIPT,17.25,17.35,253926.00,Financial Services,Asset Management,28.00,26.00,27.00,48.00,0.34,0.34,220753.00,257500.00,19.33,15.49,642384704,NO,17.33,17.81,17.46,17.83,17.54,,4020,0.00,253926.00,NO,NO,2021-04-21,5932400.00
5341,FREL,27.48,27.11,393352.00,ETF,ETF,28.00,23.00,17.00,31.00,0.34,0.31,332921.00,584140.00,30.92,26.37,0,NO,27.66,28.82,28.65,28.74,28.94,,2937,0.74,393352.00,NO,NO,2026-01-15,8690500.00
5342,CCOR,25.43,25.39,2105.00,ETF,ETF,28.00,45.00,37.00,32.00,0.13,0.09,3518.00,3420.00,27.70,24.98,0,NO,25.45,26.02,26.18,25.97,25.88,,2357,0.00,2105.00,NO,NO,2022-07-05,1723700.00
5343,AESG,19.47,19.73,16.00,ETF,ETF,28.00,62.00,,,0.15,0.01,3420.00,120.00,20.19,19.24,0,NO,19.55,,,,,,29,0.00,100.00,NO,NO,2026-08-27,99100.00
5344,BSCU,16.21,16.22,1064106.00,ETF,ETF,28.00,51.00,41.00,28.00,0.06,0.06,757176.00,920230.00,17.04,16.10,0,NO,16.22,16.40,16.67,16.38,16.57,,1522,0.00,1064106.00,NO,NO,2024-12-27,3376400.00
5345,JPHY,48.84,48.82,19721.00,ETF,ETF,28.00,42.00,38.00,29.00,0.21,0.18,35050.00,78920.00,51.05,48.28,0,NO,49.09,49.67,50.25,49.63,50.07,,326,0.00,19721.00,NO,NO,2026-03-09,683900.00
5346,AXSM,168.35,170.08,894482.00,Healthcare,Biotechnology,28.00,1.00,2.00,21.00,6.79,6.70,712304.00,998630.00,260.19,119.20,8818311168,NO,191.82,203.16,200.36,201.11,210.49,,2737,0.00,894482.00,NO,NO,2019-01-07,51674500.00
5347,BHYB,52.54,52.46,230.00,ETF,ETF,28.00,42.00,38.00,30.00,0.17,0.07,155437.00,49120.00,54.99,52.03,0,NO,52.84,53.48,54.07,53.43,53.84,,739,0.00,230.00,NO,NO,2025-12-04,7250200.00
5348,HWGV,24.21,23.83,6.00,ETF,ETF,28.00,26.00,,,0.12,0.01,3256.00,111.00,25.14,23.83,0,NO,24.55,,,,,,32,0.00,6.00,NO,NO,2026-09-01,34207.00
5349,FAZ,36.82,37.83,729999.00,ETF,ETF,28.00,93.00,82.00,5.00,1.43,1.38,892854.00,874960.00,56.37,30.33,0,NO,36.90,33.78,40.36,33.75,39.63,,4499,0.00,729999.00,NO,NO,2025-04-04,6679380.00
5350,CSPF,25.22,25.18,172022.00,ETF,ETF,28.00,41.00,35.00,30.00,0.17,0.15,73420.00,126190.00,26.81,24.96,0,NO,25.39,25.71,25.98,25.69,25.91,,422,0.00,172022.00,NO,NO,2026-05-07,3061000.00
5351,CVSM,24.75,24.84,2235.00,ETF,ETF,28.00,25.00,26.00,,0.21,0.13,3340.00,1610.00,26.96,24.40,0,NO,25.03,25.85,,25.83,,,101,0.00,2235.00,NO,NO,2026-08-26,45700.00
5352,PSA,289.86,285.52,988380.00,Real Estate,REIT - Industrial,28.00,42.00,13.00,34.00,5.35,5.35,986537.00,926450.00,335.55,256.54,54161002496,NO,288.77,305.55,300.20,304.68,305.95,,11566,0.34,988380.00,NO,NO,2005-08-18,15560100.00
5353,EMCB,64.31,64.08,5137.00,ETF,ETF,28.00,41.00,38.00,30.00,0.38,0.34,4246.00,7850.00,69.25,63.79,0,NO,64.58,65.33,66.22,65.25,65.85,,3669,0.19,5137.00,NO,NO,2012-09-11,230200.00
5354,IBDV,21.16,21.17,2874525.00,ETF,ETF,28.00,51.00,41.00,28.00,0.08,0.08,750751.00,1244840.00,22.29,21.02,0,NO,21.20,21.42,21.78,21.40,21.65,,1580,0.00,2874525.00,NO,NO,2025-12-19,5322700.00
5355,THNR,24.52,24.25,1571.00,ETF,ETF,28.00,19.00,27.00,38.00,0.40,0.23,1357.00,760.00,27.94,22.89,0,NO,25.18,26.03,25.40,25.98,25.23,,599,0.00,1571.00,NO,NO,2024-06-24,64500.00
5356,MYCJ,23.96,23.98,2982.00,ETF,ETF,28.00,51.00,40.00,28.00,0.06,0.05,8740.00,11040.00,25.32,23.81,0,NO,24.01,24.25,24.66,24.22,24.52,,513,0.00,2982.00,NO,NO,2025-01-13,338100.00
5357,XLC,110.38,112.07,5995002.00,ETF,ETF,28.00,49.00,47.00,29.00,1.47,1.39,5405229.00,6628520.00,120.41,105.03,0,NO,112.19,111.83,113.67,111.77,112.12,,2089,0.00,5995002.00,NO,NO,2025-04-09,23909100.00
5358,ALTL,44.05,43.43,9716.00,ETF,ETF,28.00,26.00,16.00,37.00,0.46,0.30,7798.00,6580.00,51.77,39.93,0,NO,44.41,45.78,45.84,45.67,46.26,,1581,0.81,9716.00,NO,NO,2023-11-17,1118500.00
5359,ZHOG,50.00,49.99,8.00,ETF,ETF,28.00,47.00,39.00,30.00,0.10,0.04,1262.00,1930.00,52.36,49.82,0,NO,50.17,50.66,51.37,50.63,51.14,,777,0.00,8.00,NO,NO,2023-09-06,477100.00
5360,DFGX,51.45,51.34,206821.00,ETF,ETF,28.00,62.00,35.00,32.00,0.19,0.16,195704.00,339280.00,54.73,51.01,0,NO,51.32,51.78,52.64,51.74,52.49,,732,0.00,206821.00,NO,NO,2024-04-19,818700.00
5361,XB,37.99,37.98,4271.00,ETF,ETF,28.00,37.00,38.00,30.00,0.17,0.11,7264.00,6320.00,39.84,37.68,0,NO,38.29,38.74,39.12,38.70,38.95,,1097,0.00,4271.00,NO,NO,2022-05-26,275900.00
5362,BGEG,23.50,23.21,23.00,ETF,ETF,28.00,58.00,66.00,,0.34,0.15,3821.00,13780.00,25.31,21.43,0,NO,23.50,23.47,,23.56,,,90,0.00,23.00,NO,NO,2026-10-07,68100.00
5363,KAMO,23.98,23.96,50779.00,ETF,ETF,28.00,33.00,40.00,30.00,0.11,0.08,24090.00,32130.00,25.24,23.80,0,NO,24.23,24.48,24.77,24.46,24.62,,204,0.00,50779.00,NO,NO,2025-12-18,3005500.00
5364,CGHY,24.52,24.48,633478.00,ETF,ETF,28.00,42.00,36.00,29.00,0.10,0.09,40404.00,39180.00,25.64,24.25,0,NO,24.64,24.97,25.25,24.96,25.17,,325,0.00,633478.00,NO,NO,2026-03-09,2246700.00
5365,IWMI,49.24,49.01,452751.00,ETF,ETF,28.00,25.00,20.00,38.00,0.55,0.49,438154.00,508450.00,53.86,45.64,0,NO,49.70,51.36,50.88,51.31,51.19,,576,0.27,452751.00,NO,NO,2025-01-08,991800.00
5366,MYMK,24.23,24.14,40.00,ETF,ETF,28.00,49.00,36.00,29.00,0.07,0.03,564.00,800.00,25.55,24.05,0,NO,24.27,24.57,24.95,24.55,24.82,,268,0.00,40.00,NO,NO,2026-01-12,246000.00
5367,RWO,46.28,46.04,232001.00,ETF,ETF,28.00,18.00,17.00,27.00,0.54,0.50,123098.00,171430.00,52.26,44.09,0,NO,47.11,48.92,48.54,48.74,49.03,,4625,0.28,232001.00,NO,NO,2018-06-15,10759300.00
5368,PSCU,59.42,60.08,884.00,ETF,ETF,28.00,12.00,17.00,18.00,0.53,0.35,1398.00,1260.00,66.85,55.93,0,NO,61.28,63.40,62.28,63.25,63.74,,4154,0.00,884.00,NO,NO,2015-08-20,665600.00
5369,CCSB,19.39,19.41,8713.00,ETF,ETF,28.00,47.00,38.00,29.00,0.09,0.07,2623.00,3780.00,21.98,19.26,0,NO,19.46,19.68,19.97,19.65,19.87,,624,0.00,8713.00,NO,NO,2024-04-16,332600.00
5370,EUDV,51.55,51.52,10.00,ETF,ETF,28.00,23.00,40.00,28.00,0.39,0.03,167.00,130.00,56.11,49.48,0,NO,52.32,53.88,53.29,53.74,53.22,,2784,0.00,100.00,NO,NO,2016-01-28,117600.00
5371,RIGS,22.04,22.04,5231.00,ETF,ETF,28.00,44.00,43.00,28.00,0.15,0.14,12140.00,17800.00,23.60,20.62,0,NO,22.11,22.39,22.78,22.37,22.61,,3270,0.00,5231.00,NO,NO,2016-03-15,3932100.00
5372,FVR,16.60,16.66,180499.00,Real Estate,REIT - Diversified,28.00,5.00,4.00,43.00,0.63,0.62,198071.00,293820.00,22.29,12.88,501698816,NO,17.28,18.65,17.83,18.49,18.51,,507,0.00,180499.00,NO,NO,2024-10-02,4954600.00
5373,FLGR,31.86,31.64,6503.00,ETF,ETF,28.00,22.00,48.00,30.00,0.34,0.20,3209.00,4580.00,35.18,29.96,0,NO,32.54,33.48,33.28,33.50,32.97,,2243,0.58,6503.00,NO,NO,2026-01-13,383000.00
5374,ECH,37.73,37.68,424251.00,ETF,ETF,28.00,18.00,28.00,11.00,0.74,0.59,440418.00,542260.00,47.85,31.48,0,NO,38.56,39.84,41.07,39.76,40.20,,4751,0.00,424251.00,NO,NO,2022-09-02,5211700.00
5375,SHYD,22.08,22.01,335637.00,ETF,ETF,28.00,48.00,34.00,31.00,0.16,0.15,175889.00,515070.00,24.03,21.75,0,NO,22.09,22.41,22.72,22.40,22.61,,3204,0.23,335637.00,NO,NO,2023-02-16,1160500.00
5376,BTRN,27.13,27.12,113.00,ETF,ETF,28.00,84.00,86.00,36.00,0.29,0.03,709.00,3090.00,38.06,24.48,0,NO,26.80,25.96,26.91,26.20,26.32,,639,0.00,100.00,NO,NO,2025-01-30,86600.00
5377,HYBI,48.28,48.26,28094.00,ETF,ETF,28.00,59.00,41.00,30.00,0.07,0.06,24050.00,21370.00,50.78,48.10,0,NO,48.21,48.65,49.43,48.62,49.11,,509,0.00,28094.00,NO,NO,2025-10-14,335500.00
5378,DALI,27.97,27.77,1608.00,ETF,ETF,28.00,20.00,46.00,20.00,0.31,0.16,3895.00,3560.00,31.46,26.65,0,NO,28.57,29.00,29.43,29.08,29.30,,2113,0.53,1608.00,NO,NO,2020-03-26,2144500.00
5379,TSEC,25.09,25.08,29295.00,ETF,ETF,28.00,45.00,40.00,30.00,0.12,0.10,34046.00,77970.00,26.47,24.89,0,NO,25.21,25.41,25.82,25.40,25.66,,811,0.00,29295.00,NO,NO,2024-01-19,583000.00
5380,XBB,39.62,39.54,7887.00,ETF,ETF,28.00,44.00,37.00,29.00,0.17,0.14,275821.00,115150.00,41.61,39.11,0,NO,39.82,40.32,40.81,40.28,40.62,,1097,0.00,7887.00,NO,NO,2025-03-26,2724100.00
5381,QQQY,22.56,22.52,89303.00,ETF,ETF,28.00,76.00,41.00,54.00,0.24,0.19,92693.00,112560.00,25.72,19.91,0,NO,22.55,22.55,22.84,22.56,22.77,,771,0.00,89303.00,NO,NO,2026-04-09,1135400.00
5382,LYTS,20.65,20.44,285109.00,Technology,Electronic Components,28.00,85.00,10.00,63.00,0.64,0.61,363295.00,318150.00,27.36,17.21,769446592,NO,20.65,21.53,21.93,21.37,22.41,,10476,0.54,285109.00,NO,NO,1985-03-12,4779000.00
5383,KIM,22.16,22.09,3444465.00,Real Estate,REIT - Retail,28.00,18.00,11.00,25.00,0.30,0.30,4803520.00,4801900.00,26.65,19.76,14864692224,NO,22.39,23.45,23.32,23.28,23.91,,8781,0.00,3444465.00,NO,NO,2009-04-03,97657300.00
5384,AIG,77.04,77.05,5031956.00,Financial Services,Insurance - Diversified,28.00,76.00,32.00,42.00,1.49,1.49,3893326.00,5618510.00,87.29,71.25,40283693056,NO,75.32,76.22,76.86,76.15,76.50,,13557,0.00,5031956.00,NO,NO,2012-09-11,322510400.00
5385,FRT,106.16,105.46,720281.00,Real Estate,REIT - Retail,28.00,10.00,10.00,31.00,1.59,1.58,861020.00,1062440.00,128.21,90.03,9227257856,NO,109.30,114.48,112.59,113.63,115.93,,13473,0.29,720281.00,NO,NO,2016-01-29,14539200.00
5386,SCAP,35.76,35.81,2473.00,ETF,ETF,28.00,16.00,22.00,36.00,0.41,0.21,2150.00,2300.00,40.24,33.53,0,NO,36.61,37.90,37.62,37.90,37.70,,709,0.00,2473.00,NO,NO,2024-06-18,44700.00
5387,FDIS,98.24,97.19,61621.00,ETF,ETF,28.00,64.00,32.00,44.00,1.13,0.91,97332.00,193280.00,107.45,89.95,0,NO,96.55,99.88,100.50,99.98,100.01,,3259,0.45,61621.00,NO,NO,2015-03-02,3266600.00
5388,IBTK,19.00,19.00,281449.00,ETF,ETF,28.00,50.00,41.00,27.00,0.06,0.06,424535.00,915440.00,20.07,18.91,0,NO,19.02,19.23,19.56,19.21,19.44,,1565,0.00,281449.00,NO,NO,2022-10-18,3922300.00
5389,SMIN,67.05,66.68,28930.00,ETF,ETF,28.00,16.00,27.00,50.00,0.81,0.58,93192.00,107330.00,75.94,57.78,0,NO,69.14,70.60,67.65,70.64,68.08,,3688,0.00,28930.00,NO,NO,2026-06-26,1488100.00
5390,SWX,84.14,83.51,599490.00,Utilities,Utilities - Regulated Gas,28.00,26.00,16.00,13.00,1.38,1.30,569225.00,688800.00,94.47,76.74,6095594496,NO,83.65,87.43,87.63,87.19,88.86,,13523,0.00,599490.00,NO,NO,2016-06-30,8465800.00
5391,BSJU,25.08,25.03,44384.00,ETF,ETF,28.00,42.00,37.00,29.00,0.13,0.12,77401.00,147090.00,26.29,24.75,0,NO,25.17,25.50,25.79,25.49,25.67,,1018,0.08,44384.00,NO,NO,2025-06-24,381400.00
5392,BSMT,22.36,22.28,85483.00,ETF,ETF,28.00,50.00,35.00,28.00,0.12,0.11,77337.00,173220.00,23.41,22.03,0,NO,22.38,22.70,23.02,22.69,22.92,,1770,0.15,85483.00,NO,NO,2026-09-29,488500.00
5393,QUSA,17.91,17.79,6335.00,ETF,ETF,28.00,69.00,37.00,39.00,0.18,0.15,15181.00,14720.00,19.61,16.67,0,NO,17.83,18.01,18.16,18.02,18.16,,360,0.38,6335.00,NO,NO,2025-11-07,197800.00
5394,NFLT,22.23,22.26,128825.00,ETF,ETF,28.00,43.00,37.00,28.00,0.12,0.11,133495.00,295770.00,23.35,21.96,0,NO,22.29,22.58,22.89,22.56,22.79,,2808,0.00,128825.00,NO,NO,2015-08-11,4862600.00
5395,THY,21.40,21.38,69523.00,ETF,ETF,28.00,57.00,42.00,30.00,0.10,0.10,8443.00,9510.00,25.17,19.22,0,NO,21.38,21.53,21.91,21.52,21.78,,1581,0.00,69523.00,NO,NO,2020-06-25,1664500.00
5396,BINC,50.69,50.65,1808865.00,ETF,ETF,27.00,46.00,38.00,30.00,0.15,0.12,2158940.00,3326960.00,53.51,50.43,0,NO,50.95,51.51,52.20,51.46,51.91,,849,0.06,1808865.00,NO,NO,2026-05-28,35063000.00
5397,UXI,52.04,51.55,609.00,ETF,ETF,27.00,41.00,9.00,19.00,0.97,0.66,3434.00,1760.00,64.95,41.72,0,NO,52.24,56.49,55.75,56.34,56.53,,4953,0.74,609.00,NO,NO,2009-03-11,5551200.00
5398,HIMS,30.92,28.06,15946607.00,Healthcare,Drug Manufacturers - Specialty & Generic,27.00,94.00,13.00,94.00,1.85,1.80,12048879.00,9113520.00,65.30,13.74,7214050816,NO,29.03,29.45,27.39,29.49,28.24,,1778,1.00,15946607.00,YES,NO,2025-06-23,176087900.00
5399,VBCF,72.46,72.48,3757.00,ETF,ETF,27.00,45.00,35.00,25.00,0.30,0.25,9621.00,15410.00,76.52,71.95,0,NO,72.75,73.84,,73.72,,,137,0.00,3757.00,NO,NO,2026-04-27,150300.00
5400,GAEM,25.77,25.84,6774.00,ETF,ETF,27.00,28.00,30.00,29.00,0.18,0.13,8978.00,12470.00,28.25,25.28,0,NO,26.07,26.51,26.64,26.46,26.62,,542,0.00,6774.00,NO,NO,2025-09-19,598100.00
5401,CPK,127.75,128.16,70402.00,Utilities,Utilities - Regulated Gas,27.00,44.00,26.00,30.00,2.91,2.79,188868.00,182530.00,140.83,118.88,3226286848,NO,128.67,131.60,128.60,131.36,128.47,,11737,0.00,70402.00,NO,NO,2020-09-30,3359600.00
5402,TBLD,20.46,20.24,34972.00,Financial Services,Asset Management,27.00,19.00,21.00,18.00,0.32,0.31,60965.00,67160.00,23.02,19.48,656395328,NO,20.47,21.49,21.58,21.46,21.73,,1307,0.30,34972.00,NO,NO,2021-07-28,2756500.00
5403,EUHY,51.94,51.87,17380.00,ETF,ETF,27.00,46.00,35.00,33.00,0.23,0.15,22231.00,28590.00,55.60,51.68,0,NO,52.30,52.89,53.23,52.84,53.11,,3651,0.10,17380.00,NO,NO,2026-01-15,1885700.00
5404,ECHO,94.84,93.36,5896532.00,Communication Services,Telecom Services,27.00,79.00,64.00,3.00,3.35,3.20,3976251.00,4049940.00,147.25,65.76,27580973056,NO,93.31,90.59,108.55,91.12,106.12,,4723,0.00,5896532.00,NO,NO,2026-06-12,50142900.00
5405,VGMS,49.56,49.50,104850.00,ETF,ETF,27.00,42.00,37.00,28.00,0.22,0.19,61901.00,95890.00,52.20,49.10,0,NO,49.82,50.43,51.11,50.38,50.87,,335,0.03,104850.00,NO,NO,2025-08-21,283300.00
5406,JPIB,46.77,46.74,494758.00,ETF,ETF,27.00,50.00,38.00,30.00,0.18,0.15,250815.00,462350.00,49.42,46.38,0,NO,46.85,47.42,48.13,47.36,47.79,,2386,0.00,494758.00,NO,NO,2026-03-19,1558700.00
5407,BLOK,59.56,58.76,93331.00,ETF,ETF,27.00,17.00,41.00,68.00,1.54,1.30,221262.00,326090.00,75.89,46.90,0,NO,62.58,62.16,60.03,62.52,60.89,,2189,1.23,93331.00,NO,NO,2021-02-16,3474500.00
5408,MAMB,23.12,23.07,32329.00,ETF,ETF,27.00,37.00,39.00,24.00,0.15,0.10,30834.00,20240.00,24.83,22.79,0,NO,23.25,23.62,24.07,23.61,23.93,,1391,0.00,32329.00,NO,NO,2024-12-12,426100.00
5409,IBUY,68.86,67.84,2974.00,ETF,ETF,27.00,72.00,39.00,61.00,0.92,0.82,13428.00,14060.00,77.24,58.08,0,NO,67.35,70.46,68.78,70.52,68.21,,2634,0.44,2974.00,NO,NO,2021-05-13,835000.00
5410,IBMU,24.34,24.19,24383.00,ETF,ETF,27.00,49.00,31.00,26.00,0.15,0.11,18076.00,30450.00,26.05,23.83,0,NO,24.30,24.72,,24.70,,,137,0.17,24383.00,NO,NO,2026-07-28,78400.00
5411,VCR,378.22,374.23,77424.00,ETF,ETF,27.00,64.00,31.00,44.00,4.50,3.71,53270.00,64260.00,414.28,346.48,0,NO,371.84,384.63,387.10,385.03,385.23,,5710,0.52,77424.00,NO,NO,2008-10-29,2399200.00
5412,IR,78.75,78.00,2697919.00,Industrials,Specialty Industrial Machinery,27.00,90.00,55.00,16.00,2.11,1.93,4319228.00,4847090.00,100.96,68.07,30554953728,NO,75.21,78.55,81.54,78.14,78.56,,2366,0.59,2697919.00,NO,NO,2020-03-02,38314900.00
5413,MYMJ,23.99,23.93,41.00,ETF,ETF,27.00,41.00,34.00,28.00,0.09,0.06,1126.00,2090.00,25.17,23.84,0,NO,24.13,24.42,24.75,24.40,24.65,,513,0.00,41.00,NO,NO,2025-01-13,212600.00
5414,TMB,24.66,24.67,108728.00,ETF,ETF,27.00,46.00,37.00,27.00,0.17,0.16,67526.00,97870.00,26.52,24.42,0,NO,24.76,25.03,25.42,24.99,25.29,,422,0.00,108728.00,NO,NO,2026-03-25,2076000.00
5415,SCIO,20.01,20.03,194292.00,ETF,ETF,27.00,39.00,36.00,28.00,0.09,0.08,260889.00,317330.00,21.69,19.89,0,NO,20.07,20.35,20.63,20.32,20.53,,656,0.00,194292.00,NO,NO,2026-09-16,4247800.00
5416,CAFX,23.97,24.00,20508.00,ETF,ETF,27.00,48.00,40.00,27.00,0.07,0.05,23956.00,21990.00,25.26,23.87,0,NO,24.04,24.29,24.70,24.26,24.56,,520,0.00,20508.00,NO,NO,2024-11-26,2408500.00
5417,QHY,44.57,44.48,13954.00,ETF,ETF,27.00,43.00,38.00,29.00,0.21,0.17,19556.00,29970.00,46.91,43.88,0,NO,44.75,45.32,45.90,45.28,45.66,,2629,0.02,13954.00,NO,NO,2026-03-31,618300.00
5418,RJVI,24.15,24.16,17771.00,ETF,ETF,27.00,42.00,35.00,27.00,0.11,0.08,6581.00,5680.00,25.68,23.93,0,NO,24.26,24.62,24.99,24.59,24.87,,257,0.00,17771.00,NO,NO,2026-07-30,120800.00
5419,MYY,15.75,15.83,1423.00,ETF,ETF,27.00,59.00,67.00,26.00,0.12,0.06,6740.00,3470.00,18.77,14.74,0,NO,15.84,15.45,16.00,15.42,15.71,,5108,0.00,1423.00,NO,NO,2014-09-23,1662075.00
5420,BLDG,24.94,24.84,429.00,ETF,ETF,27.00,15.00,18.00,37.00,0.22,0.17,14504.00,4360.00,29.32,23.44,0,NO,25.36,26.32,25.98,26.23,26.17,,1518,0.00,429.00,NO,NO,2026-06-08,1028900.00
5421,G,34.40,34.67,1288971.00,Technology,Information Technology Services,27.00,59.00,88.00,43.00,1.07,1.00,2166542.00,1831400.00,48.64,26.85,5752609280,NO,34.00,35.13,36.20,35.07,33.57,,4828,0.00,1288971.00,NO,NO,2021-04-30,30165700.00
5422,DOG,21.99,22.18,6495731.00,ETF,ETF,27.00,64.00,63.00,17.00,0.20,0.19,4187450.00,10592440.00,25.12,20.77,0,NO,22.06,21.62,22.58,21.61,22.35,,5108,0.00,6495731.00,NO,NO,2026-03-06,19316000.00
5423,PJSM,49.32,48.95,8.00,ETF,ETF,27.00,,,,0.32,0.12,1536.00,600.00,50.95,48.61,0,NO,49.34,,,,,,25,0.00,100.00,NO,NO,2026-09-24,4000.00
5424,AHYB,44.76,44.74,1577.00,ETF,ETF,27.00,43.00,38.00,29.00,0.18,0.14,3107.00,3440.00,47.06,44.54,0,NO,45.10,45.60,46.19,45.54,45.96,,1227,0.02,1577.00,NO,NO,2022-01-21,334800.00
5425,XAGG,48.45,48.42,678891.00,ETF,ETF,27.00,40.00,37.00,28.00,0.24,0.21,422157.00,765600.00,51.48,47.99,0,NO,48.68,49.32,50.09,49.32,49.77,,229,0.00,678891.00,NO,NO,2026-09-25,1797500.00
5426,FRBT,17.99,18.08,50595.00,Financial Services,Banks - Diversified,27.00,28.00,17.00,,0.78,0.76,135370.00,106900.00,22.00,16.81,913251200,NO,17.97,18.56,,18.42,,,84,0.00,50595.00,NO,NO,2026-06-11,2502100.00
5427,JIII,48.40,48.32,290793.00,ETF,ETF,27.00,54.00,38.00,29.00,0.28,0.26,50603.00,110180.00,51.64,47.99,0,NO,48.48,49.06,49.81,49.01,49.52,,458,0.02,290793.00,NO,NO,2025-04-17,1050800.00
5428,TAXI,49.43,49.22,63354.00,ETF,ETF,27.00,50.00,33.00,27.00,0.23,0.18,46981.00,136400.00,52.18,48.76,0,NO,49.42,50.09,51.03,50.05,50.76,,288,0.23,63354.00,NO,NO,2026-03-13,340400.00
5429,NJR,51.21,51.01,566093.00,Utilities,Utilities - Regulated Gas,27.00,22.00,9.00,12.00,0.97,0.93,664957.00,836750.00,60.86,43.46,5196173312,NO,51.82,53.50,54.01,53.10,55.33,,11737,0.00,566093.00,NO,NO,2016-03-07,11485200.00
5430,FLSA,31.23,32.00,34.00,ETF,ETF,27.00,28.00,52.00,17.00,0.21,0.04,475.00,260.00,35.38,30.88,0,NO,32.06,32.55,32.88,32.55,32.86,,2007,0.00,400.00,NO,NO,2023-02-15,563400.00
5431,OLP,21.96,22.01,45894.00,Real Estate,REIT - Diversified,27.00,16.00,11.00,28.00,0.40,0.38,81181.00,92450.00,25.88,19.62,480933952,NO,22.42,23.39,23.09,23.32,23.53,,10952,0.00,45894.00,NO,NO,2011-02-08,2086900.00
5432,SBB,23.84,23.84,1206.00,ETF,ETF,27.00,73.00,79.00,20.00,0.21,0.14,1557.00,3350.00,29.56,21.76,0,NO,23.69,22.94,24.25,22.95,23.61,,4959,0.00,1206.00,NO,NO,2013-06-10,585338.00
5433,IBIG,25.11,25.13,39562.00,ETF,ETF,27.00,43.00,42.00,25.00,0.07,0.07,38435.00,65150.00,26.59,25.00,0,NO,25.19,25.46,26.00,25.42,25.91,,755,0.00,39562.00,NO,NO,2025-04-16,1346200.00
5434,GALX,22.62,22.62,592.00,ETF,ETF,27.00,66.00,,,0.31,0.11,3583.00,2240.00,27.06,21.09,0,NO,23.13,23.79,,23.83,,,61,0.00,592.00,NO,NO,2026-07-17,50700.00
5435,TMFM,21.70,21.47,4586.00,ETF,ETF,27.00,69.00,50.00,59.00,0.32,0.27,6771.00,8740.00,25.07,19.66,0,NO,21.38,22.27,21.87,22.25,21.50,,1211,0.14,4586.00,NO,NO,2024-12-18,373800.00
5436,LVIG,95.46,95.48,710.00,ETF,ETF,27.00,43.00,39.00,27.00,0.30,0.15,5445.00,12320.00,100.59,94.96,0,NO,96.01,97.23,,97.13,98.06,,149,0.00,710.00,NO,NO,2026-03-18,124500.00
5437,EVHY,50.80,50.75,986.00,ETF,ETF,27.00,41.00,37.00,30.00,0.20,0.14,21553.00,19130.00,53.63,48.57,0,NO,51.07,51.69,52.33,51.65,52.06,,565,0.04,986.00,NO,NO,2026-08-18,882200.00
5438,FXF,106.07,105.87,27363.00,ETF,ETF,27.00,35.00,41.00,22.00,0.42,0.32,29923.00,25800.00,116.30,105.30,0,NO,106.41,107.93,110.77,107.88,109.93,,5105,0.00,27363.00,NO,NO,2011-08-11,2631600.00
5439,HYBB,45.16,45.09,22103.00,ETF,ETF,27.00,40.00,37.00,28.00,0.26,0.21,84006.00,107860.00,47.51,44.60,0,NO,45.40,46.02,46.62,45.98,46.39,,1508,0.06,22103.00,NO,NO,2025-04-16,6085100.00
5440,LEND,24.16,24.12,87809.00,ETF,ETF,27.00,36.00,35.00,,0.10,0.09,80517.00,47210.00,25.29,24.10,0,NO,24.39,24.68,,24.65,,,101,0.00,87809.00,NO,NO,2026-07-28,1094700.00
5441,FEMD,34.41,34.68,8.00,ETF,ETF,27.00,27.00,24.00,33.00,0.19,0.01,232.00,100.00,38.40,32.43,0,NO,34.51,35.81,,35.72,35.77,,175,0.00,100.00,NO,NO,2026-02-06,30200.00
5442,NJNK,19.40,19.36,28080.00,ETF,ETF,27.00,40.00,36.00,29.00,0.09,0.06,2214.00,2100.00,20.55,19.23,0,NO,19.52,19.79,20.04,19.77,19.94,,526,0.13,28080.00,NO,NO,2024-09-05,1245300.00
5443,LFMDP,22.38,22.36,359.00,Healthcare,Health Information Services,27.00,30.00,34.00,19.00,0.43,0.32,1706.00,2190.00,24.20,18.50,0,NO,23.01,23.21,23.17,23.11,23.38,,1259,0.00,359.00,NO,NO,2024-02-08,506600.00
5444,XRN,33.59,34.10,81465.00,Real Estate,REIT - Healthcare Facilities,27.00,9.00,15.00,19.00,0.70,0.67,92440.00,111620.00,38.65,29.05,486387104,NO,35.19,35.95,35.61,35.95,35.75,,2584,0.00,81465.00,NO,NO,2021-03-16,1086240.00
5445,LGI,17.10,16.96,30584.00,Financial Services,Asset Management,27.00,42.00,20.00,47.00,0.28,0.27,31809.00,27010.00,19.88,15.32,222761872,NO,17.13,17.83,17.93,17.78,17.72,,5649,0.29,30584.00,NO,NO,2004-05-25,468000.00
5446,QTPI,24.70,24.72,3296.00,ETF,ETF,27.00,37.00,35.00,29.00,0.18,0.16,6921.00,8690.00,26.30,24.59,0,NO,24.99,25.23,25.53,25.21,25.41,,452,0.00,3296.00,NO,NO,2025-12-18,728300.00
5447,FPXE,31.67,31.54,119.00,ETF,ETF,27.00,24.00,25.00,24.00,0.27,0.06,376.00,440.00,36.67,29.26,0,NO,32.38,33.11,33.21,33.15,33.57,,2004,0.00,119.00,NO,NO,2021-02-09,105500.00
5448,COLB,28.37,28.53,1598516.00,Financial Services,Banks - Regional,27.00,16.00,11.00,33.00,0.61,0.60,2905007.00,2726830.00,33.68,23.83,8025937920,NO,29.18,30.25,29.81,30.26,30.06,,8640,0.00,1598516.00,NO,NO,2023-02-28,37951300.00
5449,GTOH,24.73,24.74,38.00,ETF,ETF,27.00,49.00,43.00,31.00,0.08,0.04,1459.00,1740.00,25.94,24.57,0,NO,24.89,25.14,25.44,25.12,25.33,,958,0.00,600.00,NO,NO,2024-12-09,109000.00
5450,VGHY,72.27,72.16,53954.00,ETF,ETF,27.00,38.00,36.00,28.00,0.37,0.31,41754.00,53430.00,75.99,71.43,0,NO,72.70,73.72,74.64,73.63,74.30,,268,0.08,53954.00,NO,NO,2025-09-17,304100.00
5451,PBJ,45.82,46.02,53133.00,ETF,ETF,27.00,33.00,23.00,15.00,0.42,0.40,28017.00,57120.00,51.07,42.69,0,NO,45.84,47.04,47.97,47.02,48.00,,5358,0.00,53133.00,NO,NO,2014-02-26,3759700.00
5452,NEMD,50.51,50.41,1723.00,ETF,ETF,27.00,30.00,28.00,26.00,0.34,0.26,7315.00,17650.00,55.25,49.66,0,NO,50.96,51.91,52.53,51.83,52.39,,293,0.18,1723.00,NO,NO,2026-06-25,103200.00
5453,KDRN,22.41,22.39,6.00,ETF,ETF,27.00,43.00,38.00,26.00,0.06,0.00,103.00,100.00,23.72,22.34,0,NO,22.60,22.88,23.18,22.82,23.09,,1203,0.00,100.00,NO,NO,2022-06-08,81200.00
5454,NHYB,23.92,23.90,257.00,ETF,ETF,27.00,37.00,37.00,29.00,0.08,0.03,114585.00,222360.00,25.19,23.79,0,NO,24.09,24.41,24.72,24.38,24.59,,263,0.00,257.00,NO,NO,2025-11-06,6014700.00
5455,DICE,24.28,23.70,1368.00,ETF,ETF,27.00,,,,0.38,0.24,3045.00,3800.00,26.16,23.55,0,NO,24.75,,,,,,23,0.97,1368.00,NO,NO,2026-09-29,16700.00
5456,SW,41.29,41.45,2494489.00,Consumer Cyclical,Packaging & Containers,27.00,34.00,28.00,34.00,1.17,1.08,4625293.00,4227340.00,52.65,32.73,21657550848,NO,44.03,45.96,43.35,45.88,43.35,,4608,0.00,2494489.00,NO,NO,2024-07-08,67456700.00
5457,ATHM,20.67,20.37,388416.00,Communication Services,Internet Content & Information,27.00,19.00,62.00,78.00,0.57,0.57,674893.00,388600.00,28.12,15.57,2380582656,NO,21.07,21.85,20.21,21.77,19.63,,3226,0.64,388416.00,NO,NO,2026-02-27,9293300.00
5458,SPIB,32.32,32.33,4380120.00,ETF,ETF,27.00,48.00,39.00,27.00,0.13,0.13,6018914.00,6612950.00,34.14,32.08,0,NO,32.43,32.80,33.38,32.76,33.18,,4437,0.00,4380120.00,NO,NO,2022-10-31,37971400.00
5459,BREW,25.53,25.52,41.00,ETF,ETF,27.00,21.00,20.00,,0.18,0.06,698.00,370.00,28.36,24.95,0,NO,25.73,26.60,,26.44,,,107,0.00,100.00,NO,NO,2026-05-06,49100.00
5460,MXF,20.05,19.85,10095.00,Financial Services,Asset Management,27.00,12.00,23.00,13.00,0.48,0.45,33046.00,28420.00,23.00,18.30,289122304,NO,20.58,21.22,21.44,21.16,21.43,,11430,0.71,10095.00,NO,NO,2001-03-08,3152200.00
5461,PKE,26.38,29.66,956031.00,Industrials,Aerospace & Defense,27.00,3.00,4.00,8.00,1.20,1.14,268009.00,270990.00,39.86,18.25,573796928,NO,29.90,32.60,30.56,32.25,32.59,,11737,0.00,956031.00,NO,NO,2023-03-17,5547900.00
5462,SHYL,43.01,42.89,12764.00,ETF,ETF,27.00,42.00,39.00,28.00,0.20,0.17,38875.00,52530.00,45.41,42.54,0,NO,43.25,43.72,44.34,43.68,44.10,,2199,0.16,12764.00,NO,NO,2020-05-12,4716100.00
5463,CEMB,44.00,43.95,49037.00,ETF,ETF,27.00,40.00,36.00,29.00,0.16,0.13,62412.00,74880.00,46.50,43.61,0,NO,44.25,44.82,45.48,44.77,45.26,,3640,0.05,49037.00,NO,NO,2022-03-04,1624500.00
5464,GRNB,23.27,23.25,10613.00,ETF,ETF,27.00,46.00,38.00,29.00,0.10,0.10,34534.00,40460.00,24.67,23.10,0,NO,23.37,23.62,24.01,23.59,23.86,,2413,0.00,10613.00,NO,NO,2023-10-06,373200.00
5465,PAYX,103.98,104.46,1978798.00,Technology,Software - Application,27.00,6.00,21.00,84.00,3.10,2.77,2995671.00,3207170.00,129.24,85.45,37014851584,NO,106.54,115.54,103.50,115.15,104.17,,10865,0.00,1978798.00,NO,NO,1998-09-30,48216375.00
5466,CUT,27.55,27.42,5771.00,ETF,ETF,27.00,18.00,50.00,23.00,0.32,0.17,1760.00,1240.00,32.95,26.30,0,NO,28.41,29.36,29.04,29.31,28.50,,4758,0.15,5771.00,NO,NO,2010-04-09,1314900.00
5467,HIGH,21.25,21.15,20356.00,ETF,ETF,27.00,55.00,44.00,37.00,0.20,0.16,14768.00,13320.00,23.88,20.96,0,NO,21.30,21.53,21.67,21.52,21.53,,990,0.19,20356.00,NO,NO,2024-09-27,2393500.00
5468,KT,18.30,18.55,4920157.00,Communication Services,Telecom Services,27.00,13.00,78.00,6.00,0.38,0.36,1490871.00,1837560.00,24.58,17.13,8664159232,NO,19.23,19.14,19.98,19.22,19.48,,6886,0.00,4920157.00,NO,NO,2001-12-18,11629800.00
5469,WMSB,24.29,24.23,8.00,ETF,ETF,26.00,46.00,36.00,26.00,0.09,0.05,7832.00,3860.00,25.52,24.11,0,NO,24.43,24.73,25.06,24.67,24.93,,231,0.00,400.00,NO,NO,2026-07-13,437000.00
5470,ATLCP,23.00,23.18,11297.00,Financial Services,Credit Services,26.00,18.00,23.00,50.00,0.28,0.27,3715.00,3210.00,24.90,20.46,0,NO,23.78,24.03,23.99,23.97,23.80,,1338,0.00,11297.00,NO,NO,2021-06-14,274400.00
5471,FLHY,23.42,23.41,280338.00,ETF,ETF,26.00,40.00,35.00,28.00,0.12,0.09,255651.00,412950.00,24.63,23.14,0,NO,23.58,23.90,24.21,23.88,24.10,,2092,0.00,280338.00,NO,NO,2026-04-08,5518500.00
5472,HYFI,36.09,36.04,26658.00,ETF,ETF,26.00,43.00,36.00,29.00,0.17,0.15,46768.00,115030.00,38.27,35.70,0,NO,36.31,36.77,37.25,36.72,37.06,,855,0.05,26658.00,NO,NO,2025-07-29,816400.00
5473,SIFI,42.18,42.15,365.00,ETF,ETF,26.00,46.00,37.00,29.00,0.10,0.03,3917.00,580.00,44.75,41.94,0,NO,42.36,42.93,43.48,42.87,43.28,,1272,0.00,365.00,NO,NO,2026-09-10,233900.00
5474,NCV,15.67,15.15,137989.00,Financial Services,Asset Management,26.00,27.00,19.00,24.00,0.31,0.30,81290.00,117810.00,17.65,14.46,0,NO,15.47,16.27,16.34,16.31,16.56,,5921,0.00,137989.00,NO,NO,2019-04-02,1116600.00
5475,XLFI,23.21,22.98,19123.00,ETF,ETF,26.00,23.00,38.00,47.00,0.29,0.27,11215.00,17520.00,25.32,21.80,0,NO,23.28,23.96,23.56,23.98,23.35,,302,0.00,19123.00,NO,NO,2026-10-01,31900.00
5476,MBINL,23.15,23.41,16773.00,Financial Services,Banks - Regional,26.00,12.00,20.00,24.00,0.54,0.54,15589.00,39750.00,25.34,22.56,0,NO,23.73,24.46,24.41,24.38,24.47,,473,0.00,16773.00,NO,NO,2025-01-31,1280900.00
5477,MELI,1889.85,1856.66,313134.00,Consumer Cyclical,Internet Retail,26.00,50.00,60.00,58.00,57.14,50.08,508968.00,585120.00,2428.00,1495.00,95809347584,NO,1801.00,1862.36,1835.27,1855.64,1765.94,,4822,0.58,313134.00,NO,NO,2007-08-10,9800300.00
5478,VLYPN,24.88,24.86,18862.00,Financial Services,Banks - Regional,26.00,19.00,38.00,31.00,0.27,0.27,15171.00,40580.00,26.54,24.55,0,NO,25.34,25.63,25.85,25.60,25.74,,552,0.00,18862.00,NO,NO,2024-08-30,894500.00
5479,TIPG,95.55,95.52,,ETF,ETF,26.00,29.00,,,0.32,0.00,,,99.25,94.89,0,NO,96.26,,,,,,27,0.00,,NO,NO,,
5480,HYTR,20.80,20.79,46929.00,ETF,ETF,26.00,44.00,38.00,30.00,0.04,0.03,65482.00,78930.00,21.95,20.71,0,NO,20.88,21.12,21.42,21.09,21.27,,1689,0.00,46929.00,NO,NO,2024-12-19,1110200.00
5481,CUBE,37.97,37.51,1896376.00,Real Estate,REIT - Industrial,26.00,29.00,20.00,32.00,0.75,0.74,2401779.00,2772070.00,43.26,35.09,8608421888,NO,38.32,39.73,39.36,39.61,39.79,,5526,0.53,1896376.00,NO,NO,2022-12-16,36453200.00
5482,PFFV,21.53,21.50,95735.00,ETF,ETF,26.00,46.00,40.00,31.00,0.12,0.12,116945.00,230980.00,23.11,21.44,0,NO,21.75,21.89,22.17,21.88,22.04,,1581,0.09,95735.00,NO,NO,2022-06-21,3110200.00
5483,EMHY,38.69,38.64,145485.00,ETF,ETF,26.00,30.00,29.00,28.00,0.22,0.16,124865.00,172010.00,40.99,38.25,0,NO,39.10,39.76,40.20,39.71,40.05,,3651,0.00,145485.00,NO,NO,2018-12-10,2627900.00
5484,BCFN,22.26,21.92,3362.00,ETF,ETF,26.00,38.00,44.00,60.00,0.29,0.21,2340.00,4070.00,25.57,20.04,0,NO,21.95,22.76,22.32,22.79,21.93,,206,0.63,3362.00,NO,NO,2026-03-02,85800.00
5485,PTNT,24.66,24.62,957.00,ETF,ETF,26.00,73.00,33.00,,0.14,0.01,165.00,100.00,28.06,23.83,0,NO,24.37,24.54,,24.61,,,109,0.00,957.00,NO,NO,2026-05-06,49200.00
5486,SMN,21.21,21.36,1170.00,ETF,ETF,26.00,82.00,71.00,62.00,0.49,0.34,2043.00,2510.00,31.02,17.93,0,NO,21.04,19.86,20.68,19.83,20.26,,4953,0.00,1170.00,NO,NO,2026-04-01,75300.00
5487,THYF,50.02,50.08,36440.00,ETF,ETF,26.00,44.00,36.00,29.00,0.25,0.20,16075.00,21520.00,52.80,49.50,0,NO,50.26,50.88,51.58,50.81,51.30,,992,0.00,36440.00,NO,NO,2025-04-29,2952400.00
5488,PJIN,48.33,49.27,12.00,ETF,ETF,26.00,,,,0.36,0.00,112.00,100.00,50.67,48.33,0,NO,49.47,,,,,,23,0.00,100.00,NO,NO,2026-09-04,400.00
5489,BLLN,98.09,95.41,325029.00,Healthcare,Diagnostics & Research,26.00,55.00,4.00,84.00,8.03,8.02,689140.00,587720.00,150.44,61.96,4628576768,NO,108.19,104.35,95.29,100.61,99.27,,232,0.00,325029.00,NO,NO,2026-08-06,3751800.00
5490,BWBBP,19.19,19.21,418.00,Financial Services,Banks - Regional,26.00,29.00,25.00,26.00,0.17,0.13,2096.00,2210.00,21.18,18.75,0,NO,19.48,19.72,19.89,19.71,19.92,,1292,0.00,418.00,NO,NO,2021-08-18,66100.00
5491,HYG,77.23,77.14,37529775.00,ETF,ETF,26.00,40.00,36.00,28.00,0.37,0.32,41437920.00,78134540.00,81.33,76.39,0,NO,77.78,78.79,79.80,78.70,79.40,,4907,0.09,37529775.00,YES,NO,2025-04-07,193374800.00
5492,BNDD,95.11,93.76,8.00,ETF,ETF,26.00,51.00,37.00,30.00,0.62,0.20,14481.00,340.00,102.28,93.76,0,NO,96.33,96.17,97.52,96.03,97.59,,1268,0.30,1000.00,NO,NO,2026-07-20,328800.00
5493,NYM,24.12,24.03,60083.00,ETF,ETF,26.00,47.00,31.00,28.00,0.13,0.12,91925.00,173450.00,25.40,23.93,0,NO,24.19,24.53,24.93,24.51,24.83,,230,0.23,60083.00,NO,NO,2026-01-29,579400.00
5494,HYXF,45.10,45.02,7234.00,ETF,ETF,26.00,37.00,37.00,29.00,0.28,0.26,15840.00,26500.00,47.59,44.51,0,NO,45.39,45.99,46.58,45.94,46.32,,2593,0.00,7234.00,NO,NO,2025-03-12,539100.00
5495,IGF,62.75,62.29,652967.00,ETF,ETF,26.00,36.00,21.00,14.00,0.63,0.49,860293.00,1153640.00,69.60,60.58,0,NO,62.52,64.36,65.79,64.14,66.07,,4736,0.35,652967.00,NO,NO,2025-02-10,9116700.00
5496,CAM,24.13,24.03,295884.00,ETF,ETF,26.00,46.00,32.00,28.00,0.12,0.11,188479.00,467420.00,25.61,23.95,0,NO,24.22,24.56,24.97,24.54,24.85,,255,0.00,295884.00,NO,NO,2026-09-22,1112000.00
5497,NWN,47.73,47.80,192560.00,Utilities,Utilities - Regulated Gas,26.00,30.00,19.00,9.00,0.74,0.71,238134.00,251310.00,55.99,43.78,2009124480,NO,47.60,48.92,49.94,48.84,50.39,,13523,0.00,192560.00,NO,NO,2024-02-22,3217900.00
5498,BRHY,49.38,49.34,8085.00,ETF,ETF,26.00,36.00,35.00,30.00,0.20,0.16,23529.00,21680.00,53.16,48.86,0,NO,49.69,50.40,50.90,50.36,50.69,,580,0.00,8085.00,NO,NO,2026-05-28,650000.00
5499,BNDW,65.97,65.96,85169.00,ETF,ETF,26.00,51.00,38.00,28.00,0.27,0.24,117328.00,146780.00,70.36,65.47,0,NO,66.13,66.87,68.09,66.80,67.69,,2034,0.00,85169.00,NO,NO,2024-12-16,1319600.00
5500,AVNW,20.77,20.42,46456.00,Technology,Communication Equipment,26.00,84.00,44.00,20.00,0.54,0.50,146198.00,101390.00,27.02,13.92,267073776,NO,20.25,20.49,21.31,20.66,20.52,,9924,1.18,46456.00,NO,NO,2006-06-30,2573250.00
5501,SKOR,46.83,46.84,52970.00,ETF,ETF,26.00,48.00,38.00,27.00,0.17,0.15,154664.00,305400.00,49.53,46.52,0,NO,46.98,47.52,48.41,47.46,48.10,,2993,0.00,52970.00,NO,NO,2026-09-11,3363300.00
5502,SJNK,24.21,24.18,2527818.00,ETF,ETF,26.00,42.00,37.00,29.00,0.11,0.09,2830525.00,5824750.00,25.58,23.99,0,NO,24.39,24.64,24.99,24.62,24.86,,3648,0.08,2527818.00,NO,NO,2022-06-13,37987400.00
5503,EMXX,22.42,23.64,7.00,ETF,ETF,26.00,23.00,47.00,,0.36,0.04,170.00,100.00,24.89,21.22,0,NO,23.18,23.40,,23.54,,,87,0.00,100.00,NO,NO,2026-09-21,4600.00
5504,KWT,36.02,35.78,2134.00,ETF,ETF,26.00,20.00,50.00,28.00,0.27,0.16,4282.00,1510.00,41.08,35.54,0,NO,36.73,37.13,37.27,37.13,37.23,,1532,0.42,2134.00,NO,NO,2025-03-25,727700.00
5505,SIMS,42.69,42.36,250.00,ETF,ETF,26.00,57.00,25.00,31.00,0.49,0.18,464.00,710.00,48.58,40.00,0,NO,42.72,43.79,44.53,43.85,44.62,,2208,0.31,250.00,NO,NO,2021-04-28,113400.00
5506,RCL,282.26,281.41,1591749.00,Consumer Cyclical,Travel Services,26.00,92.00,40.00,47.00,11.90,10.53,2440267.00,3065590.00,356.39,222.22,75491024896,NO,258.89,278.95,286.72,277.03,280.83,,8421,0.21,1591749.00,NO,NO,2020-06-05,61286500.00
5507,JJSF,81.13,81.69,233394.00,Consumer Defensive,Packaged Foods,26.00,40.00,80.00,35.00,1.72,1.68,217340.00,218730.00,98.63,68.87,1515638784,NO,78.92,83.65,82.21,84.05,79.80,,10249,0.00,233394.00,NO,NO,1992-01-13,1860600.00
5508,XLY,112.85,111.71,6872601.00,ETF,ETF,26.00,66.00,37.00,40.00,1.35,1.16,6557656.00,6763720.00,125.01,105.19,0,NO,110.82,114.41,116.12,114.56,115.10,,6992,0.58,6872601.00,NO,NO,2014-02-03,64955400.00
5509,TIPB,95.97,96.07,692.00,ETF,ETF,26.00,47.00,40.00,24.00,0.17,0.08,918.00,1460.00,101.56,95.55,0,NO,96.03,96.96,99.36,96.84,98.89,,288,0.00,692.00,NO,NO,2025-11-06,14300.00
5510,ZTOP,50.06,50.01,13.00,ETF,ETF,26.00,38.00,36.00,27.00,0.16,0.08,857.00,1970.00,52.69,49.53,0,NO,50.37,51.01,51.69,50.98,51.43,,374,0.00,13.00,NO,NO,2025-06-17,239600.00
5511,NBIX,142.44,141.25,1019510.00,Healthcare,Drug Manufacturers - Specialty & Generic,26.00,7.00,6.00,68.00,3.66,3.63,1298203.00,1521930.00,186.12,122.14,14478910464,NO,143.96,151.97,147.23,150.49,151.83,,7644,0.06,1019510.00,NO,NO,2006-05-16,46749600.00
5512,FLXR,37.84,37.85,1762878.00,ETF,ETF,26.00,43.00,37.00,27.00,0.27,0.26,517939.00,896390.00,39.97,36.03,0,NO,38.04,38.52,39.12,38.47,38.91,,577,0.00,1762878.00,NO,NO,2025-12-18,1848900.00
5513,PFIG,23.16,23.17,12752.00,ETF,ETF,26.00,48.00,38.00,26.00,0.10,0.09,36085.00,44660.00,25.84,22.93,0,NO,23.20,23.48,23.92,23.46,23.77,,3789,0.00,12752.00,NO,NO,2019-07-05,3058600.00
5514,USFI,23.68,23.68,732.00,ETF,ETF,26.00,42.00,36.00,27.00,0.06,0.03,173.00,490.00,25.06,23.52,0,NO,23.82,24.10,24.47,24.08,24.37,,805,0.00,732.00,NO,NO,2023-07-28,400200.00
5515,BAMY,26.64,26.61,4891.00,ETF,ETF,26.00,46.00,36.00,28.00,0.09,0.06,6403.00,5900.00,28.26,26.40,0,NO,26.75,27.16,27.53,27.10,27.37,,758,0.02,4891.00,NO,NO,2023-11-10,221900.00
5516,FTHB,24.16,24.18,778.00,ETF,ETF,26.00,32.00,29.00,27.00,0.10,0.04,7406.00,7440.00,25.41,24.04,0,NO,24.42,24.87,,24.82,25.06,,142,0.00,778.00,NO,NO,2026-07-15,132400.00
5517,MUSE,48.10,47.97,508.00,ETF,ETF,26.00,28.00,34.00,30.00,0.26,0.17,998.00,1080.00,50.92,47.70,0,NO,48.60,49.14,49.65,49.12,49.47,,473,0.19,508.00,NO,NO,2025-11-07,259000.00
5518,GTOQ,21.65,21.64,9654.00,ETF,ETF,26.00,35.00,36.00,29.00,0.09,0.07,15265.00,58760.00,22.83,21.47,0,NO,21.79,22.10,22.34,22.08,22.23,,1467,0.00,9654.00,NO,NO,2026-05-04,1163700.00
5519,GII,71.31,70.71,11005.00,ETF,ETF,26.00,36.00,21.00,14.00,0.68,0.52,39642.00,50030.00,78.95,69.01,0,NO,71.05,73.20,74.74,72.98,75.06,,4955,0.40,11005.00,NO,NO,2014-09-11,941800.00
5520,FDIV,26.43,26.42,3034.00,ETF,ETF,26.00,23.00,25.00,29.00,0.27,0.20,19965.00,22450.00,28.79,25.63,0,NO,26.52,27.55,27.66,27.57,27.57,,767,0.00,3034.00,NO,NO,2023-09-20,1723700.00
5521,SPSK,17.45,17.47,114935.00,ETF,ETF,26.00,38.00,37.00,29.00,0.09,0.09,420318.00,284890.00,18.71,17.30,0,NO,17.52,17.74,18.00,17.73,17.90,,1703,0.00,114935.00,NO,NO,2026-09-21,12402400.00
5522,WTW,296.26,297.86,404669.00,Financial Services,Insurance Brokers,26.00,14.00,55.00,57.00,6.78,6.61,536842.00,554250.00,351.51,240.61,27514241024,NO,299.44,321.49,297.84,320.13,291.47,,6370,0.00,404669.00,NO,NO,2016-01-04,22046981.00
5523,BKGI,41.19,41.23,580061.00,ETF,ETF,26.00,13.00,16.00,13.00,0.49,0.38,501846.00,411700.00,46.84,38.33,0,NO,42.54,43.75,44.18,43.57,44.62,,985,0.00,580061.00,NO,NO,2026-09-17,6923100.00
5524,PREF,18.31,18.32,319582.00,ETF,ETF,26.00,40.00,33.00,27.00,0.08,0.07,294623.00,395020.00,19.32,18.16,0,NO,18.45,18.67,18.93,18.65,18.85,,2326,0.00,319582.00,NO,NO,2023-03-20,3207300.00
5525,YLD,18.29,18.32,227551.00,ETF,ETF,26.00,30.00,34.00,28.00,0.10,0.08,226545.00,391880.00,19.35,18.22,0,NO,18.56,18.78,18.96,18.76,18.89,,2829,0.00,227551.00,NO,NO,2022-12-21,3099900.00
5526,BEPI,15.42,15.49,6812.00,Finance,Real estate development,26.00,42.00,41.00,32.00,0.27,0.26,29128.00,46830.00,16.79,14.94,0,NO,15.85,15.97,15.80,15.99,15.73,,1210,0.00,6812.00,NO,NO,2021-12-31,2016800.00
5527,AMMO,23.52,23.28,1284.00,ETF,ETF,26.00,23.00,,,0.33,0.15,3103.00,720.00,28.66,23.26,0,NO,24.34,25.59,,25.57,,,61,0.00,1284.00,NO,NO,2026-09-01,15600.00
5528,WTFC,143.25,144.20,294747.00,Financial Services,Banks - Regional,26.00,18.00,11.00,34.00,3.09,2.90,569696.00,596580.00,167.22,119.61,9664499712,NO,145.55,151.78,149.98,151.50,151.33,,7166,0.00,294747.00,NO,NO,2017-03-31,9169400.00
5529,ZCBA,47.76,47.68,12.00,ETF,ETF,26.00,55.00,40.00,24.00,0.07,0.00,118.00,120.00,50.76,47.58,0,NO,47.88,48.45,,48.33,49.02,,188,0.00,100.00,NO,NO,2026-05-29,4100.00
5530,VNIE,24.46,24.98,7.00,ETF,ETF,26.00,54.00,27.00,28.00,0.20,0.04,267.00,800.00,27.19,23.62,0,NO,24.76,25.05,25.49,25.09,25.43,,351,0.00,100.00,NO,NO,2025-06-10,94800.00
5531,APMU,24.07,24.00,89191.00,ETF,ETF,26.00,46.00,34.00,27.00,0.13,0.11,29642.00,33880.00,25.99,23.76,0,NO,24.12,24.47,24.90,24.45,24.76,,863,0.19,89191.00,NO,NO,2023-05-05,1164100.00
5532,CI,282.43,281.03,885355.00,Healthcare,Healthcare Plans,26.00,64.00,18.00,52.00,7.70,7.67,1678228.00,1834360.00,311.34,239.51,74629439488,NO,275.49,277.40,280.03,278.50,280.20,,11222,0.05,885355.00,NO,NO,2002-10-25,110733900.00
5533,AINP,24.15,24.14,2900.00,ETF,ETF,26.00,44.00,36.00,27.00,0.10,0.06,6623.00,13980.00,25.60,23.95,0,NO,24.26,24.56,24.96,24.53,24.81,,460,0.00,2900.00,NO,NO,2025-01-27,4842100.00
5534,RMHY,24.19,24.17,3059.00,ETF,ETF,26.00,34.00,26.00,,0.13,0.09,7857.00,7340.00,25.87,23.63,0,NO,24.41,24.75,,24.73,,,76,0.00,3059.00,NO,NO,2026-06-24,1140500.00
5535,MUNB,97.14,97.34,9.00,ETF,ETF,26.00,47.00,35.00,26.00,0.26,0.08,857.00,150.00,102.82,96.52,0,NO,97.79,99.09,100.61,98.90,100.05,,286,0.00,100.00,NO,NO,2026-07-24,29400.00
5536,EPAM,113.24,113.86,502730.00,Technology,Information Technology Services,26.00,47.00,94.00,16.00,5.12,4.70,1342696.00,1016790.00,222.53,73.06,5841709568,NO,112.29,110.10,128.12,110.18,106.73,,3689,0.00,502730.00,NO,NO,2026-06-01,16724500.00
5537,IGOV,39.74,39.73,134711.00,ETF,ETF,26.00,29.00,41.00,25.00,0.31,0.28,322950.00,335370.00,43.12,39.48,0,NO,40.10,40.81,41.41,40.78,41.11,,4451,0.00,134711.00,NO,NO,2023-12-11,12919200.00
5538,MAIN,53.74,54.47,431391.00,Financial Services,Asset Management,26.00,23.00,66.00,45.00,1.01,0.95,532506.00,542510.00,65.23,48.95,5025144832,NO,55.43,56.82,56.02,56.86,54.17,,4781,0.00,431391.00,NO,NO,2014-06-27,4071200.00
5539,UPV,91.17,90.30,160.00,ETF,ETF,26.00,6.00,17.00,25.00,1.91,0.96,517.00,660.00,108.16,78.07,0,NO,95.55,101.27,96.86,100.75,97.06,,4131,0.00,1300.00,NO,NO,2015-02-24,200500.00
5540,AEP,122.81,122.32,2732959.00,Utilities,Utilities - Regulated Electric,26.00,54.00,14.00,13.00,1.86,1.81,3779317.00,3637830.00,140.58,112.54,66857439232,NO,120.19,122.84,127.22,122.31,128.70,,16302,0.00,2732959.00,NO,NO,1988-08-03,56677100.00
5541,IBHL,24.50,24.43,5680.00,ETF,ETF,26.00,36.00,35.00,28.00,0.15,0.12,9259.00,14750.00,25.91,24.27,0,NO,24.68,25.05,25.37,25.02,25.22,,382,0.00,5680.00,NO,NO,2026-09-18,59900.00
5542,HYLB,35.18,35.13,1037884.00,ETF,ETF,26.00,37.00,35.00,27.00,0.17,0.14,1208832.00,2584810.00,37.16,34.80,0,NO,35.46,35.94,36.44,35.90,36.24,,2469,0.00,1037884.00,NO,NO,2022-06-13,26649300.00
5543,TFIN,62.53,62.78,173894.00,Financial Services,Banks - Regional,26.00,13.00,5.00,44.00,1.57,1.52,232920.00,250540.00,83.52,46.43,1494125312,NO,62.18,68.97,67.48,68.59,69.07,,2997,0.00,173894.00,NO,NO,2018-08-03,4469000.00
5544,ESTA,61.67,60.61,299660.00,Healthcare,Medical Devices,26.00,3.00,1.00,48.00,2.88,2.76,427126.00,421840.00,97.59,38.38,1837882624,NO,66.45,72.39,72.99,70.64,73.71,,2068,0.00,299660.00,NO,NO,2023-11-08,10486500.00
5545,AWK,128.88,128.18,1128636.00,Utilities,Utilities - Regulated Water,26.00,10.00,41.00,19.00,2.50,2.45,2088243.00,1920350.00,145.64,120.57,25612193792,NO,131.94,134.97,131.85,134.95,132.23,,4646,0.00,1128636.00,NO,NO,2016-03-03,33567100.00
5546,IBMT,24.85,24.73,276810.00,ETF,ETF,26.00,48.00,34.00,27.00,0.12,0.10,71368.00,132170.00,26.44,24.48,0,NO,24.84,25.23,25.71,25.21,25.53,,387,0.18,276810.00,NO,NO,2026-06-18,368600.00
5547,IGGY,28.31,28.11,8.00,ETF,ETF,26.00,28.00,41.00,51.00,0.25,0.00,329.00,320.00,31.03,24.91,0,NO,28.40,29.16,28.46,29.16,28.28,,266,0.00,2300.00,NO,NO,2025-10-31,6200.00
5548,SKT,35.08,34.61,715719.00,Real Estate,REIT - Retail,26.00,23.00,11.00,27.00,0.63,0.61,914879.00,1020100.00,42.53,31.13,4193529856,NO,35.16,37.09,36.54,36.81,37.36,,8399,0.72,715719.00,NO,NO,2021-03-04,67358900.00
5549,IEI,113.49,113.57,1400051.00,ETF,ETF,25.00,48.00,38.00,26.00,0.43,0.39,2043626.00,4861100.00,120.78,112.88,0,NO,113.78,115.23,117.52,115.07,116.72,,4968,0.00,1400051.00,NO,NO,2014-03-04,42883800.00
5550,GS,895.32,882.59,1857084.00,Financial Services,Capital Markets,25.00,4.00,8.00,35.00,19.64,18.31,2016315.00,1973860.00,1153.99,740.01,260691574784,NO,924.42,989.93,959.89,989.54,980.17,,6902,0.58,1857084.00,NO,NO,2008-09-18,114590700.00
5551,JNK,92.83,92.73,2418641.00,ETF,ETF,25.00,38.00,35.00,27.00,0.45,0.39,3452298.00,7633170.00,98.08,91.71,0,NO,93.52,94.79,96.09,94.69,95.59,,4742,0.00,2418641.00,NO,NO,2023-10-04,46175000.00
5552,MBSD,19.85,19.86,45581.00,ETF,ETF,25.00,45.00,36.00,26.00,0.12,0.10,9562.00,11340.00,21.06,19.70,0,NO,19.94,20.20,20.57,20.18,20.46,,3043,0.00,45581.00,NO,NO,2023-10-20,707400.00
5553,KEMQ,24.47,25.08,8.00,ETF,ETF,25.00,39.00,26.00,56.00,0.25,0.06,2760.00,810.00,28.47,21.79,0,NO,25.13,25.57,25.16,25.56,24.92,,2258,0.00,1900.00,NO,NO,2020-06-19,2355200.00
5554,NRAM,23.14,23.19,1219.00,ETF,ETF,25.00,,,,0.58,0.43,8861.00,3640.00,26.39,21.70,0,NO,24.15,,,,,,22,0.00,1219.00,NO,NO,2026-09-14,36100.00
5555,IBIH,24.98,25.00,36525.00,ETF,ETF,25.00,38.00,38.00,24.00,0.09,0.08,33120.00,56040.00,26.55,24.84,0,NO,25.07,25.40,25.98,25.36,25.87,,765,0.00,36525.00,NO,NO,2026-06-30,195300.00
5556,USHY,35.70,35.66,9843864.00,ETF,ETF,25.00,40.00,35.00,28.00,0.18,0.15,12713107.00,21157770.00,37.82,35.30,0,NO,35.96,36.44,36.94,36.40,36.74,,2250,0.06,9843864.00,YES,NO,2025-04-04,88713300.00
5557,FIYY,23.80,23.79,10.00,ETF,ETF,25.00,32.00,41.00,,0.13,0.00,123.00,100.00,25.11,23.39,0,NO,24.08,24.36,,24.33,,,110,0.00,10.00,NO,NO,2026-05-05,900.00
5558,MYCK,23.89,23.91,3893.00,ETF,ETF,25.00,48.00,37.00,26.00,0.25,0.23,8359.00,5470.00,26.19,23.73,0,NO,23.97,24.27,24.75,24.24,24.59,,513,0.00,3893.00,NO,NO,2026-02-17,235900.00
5559,FIAX,17.08,17.09,12678.00,ETF,ETF,25.00,49.00,37.00,30.00,0.05,0.04,13495.00,19080.00,18.30,16.93,0,NO,17.06,17.24,17.57,17.22,17.45,,968,0.00,12678.00,NO,NO,2024-10-29,2012900.00
5560,SPCK,21.73,21.77,521.00,ETF,ETF,25.00,44.00,41.00,38.00,0.31,0.29,3414.00,2490.00,25.95,21.32,0,NO,21.91,22.07,22.03,22.02,22.07,,1460,0.00,521.00,NO,NO,2021-01-25,1480700.00
5561,EVPF,48.23,48.33,12711.00,ETF,ETF,25.00,41.00,30.00,27.00,0.30,0.27,15679.00,24940.00,51.10,47.96,0,NO,48.69,49.31,,49.29,49.81,,152,0.00,12711.00,NO,NO,2026-09-18,221400.00
5562,JHHY,24.75,24.75,12904.00,ETF,ETF,25.00,36.00,34.00,28.00,0.12,0.10,35137.00,146110.00,26.33,24.51,0,NO,24.96,25.30,25.60,25.27,25.48,,612,0.02,12904.00,NO,NO,2024-05-02,1104300.00
5563,OMC,76.48,76.45,1915968.00,Communication Services,Advertising Agencies,25.00,23.00,18.00,47.00,1.72,1.64,2860868.00,2342060.00,89.57,66.33,20981979136,NO,76.13,81.19,78.17,81.36,77.87,,11737,0.00,1915968.00,NO,NO,2002-06-12,62517600.00
5564,ADV,30.28,30.58,36486.00,Communication Services,Advertising Agencies,25.00,11.00,2.00,75.00,1.98,1.96,91800.00,69300.00,47.45,12.22,388257120,NO,30.92,32.13,29.65,31.81,33.85,,1702,0.00,36486.00,NO,NO,2021-06-25,520216.00
5565,TVE,23.08,23.22,637.00,Government,General government,25.00,46.00,39.00,23.00,0.18,0.16,8854.00,8460.00,24.73,22.83,0,NO,23.22,23.38,23.85,23.35,23.60,,6891,0.00,637.00,NO,NO,2000-05-24,2821300.00
5566,GEN,23.25,22.75,7432119.00,Technology,Software - Infrastructure,25.00,1.00,12.00,88.00,1.36,1.34,7624793.00,16033180.00,31.65,17.78,13917148160,NO,25.06,27.56,24.48,27.44,24.59,,9393,1.75,7432119.00,NO,NO,2003-02-28,180090000.00
5567,PRDO,33.71,33.43,450067.00,Consumer Defensive,Education & Training Services,25.00,76.00,17.00,24.00,1.06,1.04,720484.00,729750.00,38.50,26.66,2109472512,NO,31.97,32.44,33.20,32.73,33.61,,7219,0.18,450067.00,NO,NO,2003-12-04,50803900.00
5568,SHYM,21.40,21.31,538255.00,ETF,ETF,25.00,45.00,28.00,28.00,0.16,0.15,406956.00,1151420.00,22.53,21.14,0,NO,21.46,21.81,22.15,21.80,22.07,,1397,0.23,538255.00,NO,NO,2026-05-26,7832700.00
5569,FOXY,27.47,27.31,30090.00,ETF,ETF,25.00,52.00,19.00,18.00,0.24,0.18,81756.00,65290.00,32.20,26.68,0,NO,27.35,27.64,28.69,27.58,28.71,,422,0.00,30090.00,NO,NO,2026-06-25,1249000.00
5570,TIPX,18.26,18.27,686806.00,ETF,ETF,25.00,45.00,39.00,23.00,0.06,0.06,392232.00,665790.00,19.37,18.16,0,NO,18.28,18.48,18.94,18.45,18.84,,3362,0.00,686806.00,NO,NO,2025-03-10,10779600.00
5571,GHYB,43.22,43.12,7242.00,ETF,ETF,25.00,38.00,35.00,28.00,0.20,0.18,10926.00,15540.00,45.87,42.77,0,NO,43.55,44.12,44.74,44.08,44.48,,2273,0.15,7242.00,NO,NO,2023-05-02,765700.00
5572,PCSG,22.63,22.22,145.00,ETF,ETF,25.00,82.00,38.00,,0.25,0.04,646.00,2650.00,26.07,20.95,0,NO,22.46,22.53,,22.59,,,101,0.00,145.00,NO,NO,2026-09-28,24600.00
5573,WFC,83.55,82.03,22320147.00,Financial Services,Banks - Diversified,25.00,13.00,26.00,33.00,1.86,1.77,14311840.00,13609560.00,97.76,72.78,252655140864,NO,83.30,85.75,84.47,86.00,83.00,,13703,0.00,22320147.00,YES,NO,2009-05-08,478736600.00
5574,SHRD,23.99,23.96,3841.00,ETF,ETF,25.00,44.00,33.00,,0.08,0.03,2643.00,1490.00,25.17,23.83,0,NO,24.07,24.43,,24.40,,,83,0.04,3841.00,NO,NO,2026-06-12,318100.00
5575,FLXI,47.73,47.56,7.00,ETF,ETF,25.00,49.00,40.00,27.00,0.18,0.00,214.00,100.00,50.24,46.78,0,NO,47.44,48.23,,48.18,48.72,,155,0.00,100.00,NO,NO,2026-03-03,12500.00
5576,SNA,360.37,358.88,207330.00,Industrials,Tools & Accessories,25.00,23.00,13.00,22.00,5.75,5.59,314621.00,272830.00,423.02,320.80,18640904192,NO,368.47,385.39,379.77,383.42,383.24,,13523,0.00,207330.00,NO,NO,1995-05-01,3886650.00
5577,FIXP,19.12,19.13,6728.00,ETF,ETF,25.00,32.00,31.00,27.00,0.11,0.08,3384.00,1590.00,20.46,19.03,0,NO,19.30,19.61,19.82,19.58,19.76,,431,0.00,6728.00,NO,NO,2025-01-23,490900.00
5578,BSCV,15.85,15.87,727716.00,ETF,ETF,25.00,49.00,38.00,26.00,0.07,0.06,525992.00,886620.00,17.04,15.73,0,NO,15.87,16.08,16.41,16.06,16.29,,1272,0.00,727716.00,NO,NO,2024-12-27,2383200.00
5579,HYS,90.21,90.14,63785.00,ETF,ETF,25.00,40.00,36.00,28.00,0.45,0.40,110200.00,161910.00,95.88,89.45,0,NO,90.93,91.98,93.35,91.89,92.80,,3851,0.07,63785.00,NO,NO,2022-06-13,7611200.00
5580,VTOL,40.69,40.64,139890.00,Energy,Oil & Gas Equipment & Services,25.00,18.00,19.00,6.00,1.06,1.06,239978.00,191320.00,50.38,35.03,1206132992,NO,41.38,43.69,43.92,43.26,44.17,,3451,0.00,139890.00,NO,NO,2020-09-18,3705400.00
5581,LKFT,29.73,29.51,212541.00,Healthcare,Biotechnology,25.00,93.00,52.00,54.00,0.95,0.89,273298.00,321560.00,36.24,25.68,1946859264,NO,29.26,28.48,30.09,28.45,28.70,,3677,0.00,212541.00,NO,NO,2017-08-10,2828800.00
5582,BWX,21.17,21.21,563600.00,ETF,ETF,25.00,30.00,45.00,25.00,0.15,0.13,417545.00,638480.00,23.12,20.99,0,NO,21.32,21.64,22.05,21.64,21.81,,4779,0.00,563600.00,NO,NO,2026-01-27,13155200.00
5583,IQHI,25.14,25.20,117.00,ETF,ETF,25.00,47.00,38.00,27.00,0.11,0.06,6935.00,4680.00,27.40,25.00,0,NO,25.39,25.66,25.95,25.64,25.81,,991,0.00,8700.00,NO,NO,2023-05-17,2228800.00
5584,STXT,19.07,19.00,12714.00,ETF,ETF,25.00,43.00,42.00,25.00,0.11,0.10,16160.00,16420.00,20.67,18.91,0,NO,19.13,19.37,19.79,19.36,19.62,,795,0.18,12714.00,NO,NO,2023-08-10,1922000.00
5585,TCAL,22.42,22.30,38318.00,ETF,ETF,25.00,65.00,43.00,35.00,0.17,0.15,86767.00,59340.00,25.08,21.73,0,NO,22.19,22.66,22.85,22.66,22.51,,387,0.18,38318.00,NO,NO,2026-02-10,583200.00
5586,VBCG,71.92,71.97,2382.00,ETF,ETF,25.00,43.00,33.00,22.00,0.31,0.26,4437.00,7480.00,76.32,71.28,0,NO,72.31,73.41,,73.27,,,137,0.00,2382.00,NO,NO,2026-09-24,45200.00
5587,FSYD,46.65,46.64,8031.00,ETF,ETF,25.00,32.00,30.00,26.00,0.24,0.22,23453.00,30240.00,49.16,46.34,0,NO,47.16,47.86,48.46,47.80,48.32,,1165,0.02,8031.00,NO,NO,2025-04-04,91200.00
5588,AAAD,48.12,47.98,6.00,ETF,ETF,25.00,43.00,32.00,,0.13,0.03,203.00,140.00,50.42,47.91,0,NO,48.47,49.10,,48.98,,,88,0.00,100.00,NO,NO,2026-08-03,3300.00
5589,NPFI,25.10,25.07,34142.00,ETF,ETF,25.00,37.00,33.00,27.00,0.10,0.07,26507.00,56360.00,26.61,21.00,0,NO,25.30,25.63,25.97,25.61,25.85,,651,0.00,34142.00,NO,NO,2025-12-22,774400.00
5590,JEMB,51.10,50.78,101670.00,ETF,ETF,25.00,31.00,29.00,26.00,0.70,0.65,44425.00,6780.00,56.38,50.36,0,NO,51.55,52.49,53.31,52.45,53.05,,541,0.00,101670.00,NO,NO,2024-08-21,3097500.00
5591,DUKH,23.17,23.16,1037.00,ETF,ETF,25.00,43.00,36.00,28.00,0.06,0.04,6268.00,2390.00,24.74,23.05,0,NO,23.33,23.59,24.01,23.57,23.83,,565,0.00,1037.00,NO,NO,2026-05-12,337900.00
5592,BBHY,44.35,44.29,99535.00,ETF,ETF,25.00,37.00,35.00,27.00,0.22,0.17,100035.00,338780.00,47.04,43.88,0,NO,44.68,45.29,45.95,45.24,45.69,,2531,0.11,99535.00,NO,NO,2021-01-21,10128300.00
5593,TOGA,30.75,30.31,343.00,ETF,ETF,25.00,77.00,40.00,67.00,0.28,0.12,1293.00,1270.00,35.67,26.06,0,NO,29.67,30.52,30.42,30.64,29.88,,611,1.40,343.00,NO,NO,2024-05-06,309000.00
5594,BGRN,45.64,45.66,33306.00,ETF,ETF,25.00,44.00,35.00,26.00,0.19,0.17,37070.00,60370.00,48.52,45.38,0,NO,45.87,46.43,47.30,46.37,47.01,,1977,0.00,33306.00,NO,NO,2022-05-10,772900.00
5595,PGHY,19.05,18.97,48792.00,ETF,ETF,25.00,32.00,31.00,27.00,0.18,0.18,47614.00,52570.00,20.19,18.96,0,NO,19.23,19.49,19.73,19.48,19.65,,3346,0.00,48792.00,NO,NO,2018-04-02,2032300.00
5596,IBDW,20.07,20.10,2802812.00,ETF,ETF,25.00,47.00,37.00,25.00,0.10,0.09,638631.00,995700.00,21.44,19.93,0,NO,20.14,20.40,20.81,20.36,20.66,,1329,0.00,2802812.00,NO,NO,2025-07-22,3039200.00
5597,WTRE,22.43,21.95,615.00,ETF,ETF,25.00,20.00,22.00,20.00,0.31,0.12,2559.00,1480.00,28.95,20.57,0,NO,22.80,23.58,23.81,23.54,24.15,,4869,1.50,615.00,NO,NO,2012-03-14,548000.00
5598,NTGR,23.60,23.20,253370.00,Technology,Communication Equipment,25.00,94.00,70.00,45.00,0.65,0.61,346892.00,303610.00,36.60,19.00,641424896,NO,22.51,22.41,23.07,22.44,23.55,,5836,0.65,253370.00,NO,NO,2003-07-31,14755764.00
5599,SCYB,25.20,25.19,854541.00,ETF,ETF,25.00,37.00,35.00,27.00,0.13,0.12,1037337.00,1344000.00,26.72,24.91,0,NO,25.40,25.74,26.12,25.71,25.97,,817,0.00,854541.00,NO,NO,2025-09-03,7694100.00
5600,SPHY,22.56,22.54,3861855.00,ETF,ETF,25.00,37.00,35.00,27.00,0.11,0.10,6440018.00,10624440.00,23.95,22.32,0,NO,22.75,23.05,23.38,23.02,23.25,,3598,0.04,3861855.00,NO,NO,2026-07-30,42465900.00
5601,IBTL,19.48,19.49,306496.00,ETF,ETF,25.00,48.00,37.00,25.00,0.08,0.07,311321.00,589080.00,20.81,19.37,0,NO,19.52,19.78,20.19,19.75,20.05,,1284,0.00,306496.00,NO,NO,2025-03-11,2051800.00
5602,FPEI,18.54,18.53,591649.00,ETF,ETF,25.00,45.00,31.00,27.00,0.09,0.07,463578.00,782110.00,19.61,18.30,0,NO,18.62,18.89,19.19,18.87,19.08,,2295,0.00,591649.00,NO,NO,2025-04-03,4450300.00
5603,FIBK,34.52,34.94,750417.00,Financial Services,Banks - Regional,25.00,13.00,12.00,45.00,0.69,0.64,1172650.00,1297150.00,40.60,29.10,3289915136,NO,36.21,37.08,36.28,37.08,36.37,,4163,0.00,750417.00,NO,NO,2025-12-01,16609500.00
5604,ABXB,18.66,18.64,6.00,ETF,ETF,25.00,45.00,43.00,28.00,0.04,0.00,237.00,180.00,20.00,18.60,0,NO,18.83,19.02,19.41,19.00,19.27,,1465,0.00,200.00,NO,NO,2020-12-10,3013500.00
5605,CGMS,26.37,26.35,1220931.00,ETF,ETF,25.00,42.00,35.00,26.00,0.13,0.11,1221531.00,1659750.00,27.99,26.09,0,NO,26.53,26.87,27.35,26.85,27.20,,991,0.00,1220931.00,NO,NO,2026-08-20,6480700.00
5606,HWM,225.26,222.56,2670594.00,Industrials,Aerospace & Defense,25.00,47.00,6.00,12.00,5.68,5.42,2741032.00,2339540.00,310.00,183.83,89834004480,NO,227.76,252.55,249.16,251.51,256.38,,2498,0.00,2670594.00,NO,NO,2019-01-22,55218793.00
5607,VNO,33.63,33.81,783560.00,Real Estate,REIT - Office,25.00,35.00,10.00,86.00,0.92,0.92,1437393.00,1417150.00,41.60,24.57,6887155712,NO,34.27,36.56,33.35,36.36,34.41,,11737,0.00,783560.00,NO,NO,2023-01-04,60865700.00
5608,EVMO,48.31,48.29,180571.00,ETF,ETF,25.00,44.00,35.00,25.00,0.25,0.24,110162.00,259830.00,51.75,47.88,0,NO,48.46,49.17,50.14,49.12,49.83,,299,0.00,180571.00,NO,NO,2026-09-30,1135300.00
5609,XV,24.18,24.11,30450.00,ETF,ETF,25.00,45.00,40.00,39.00,0.15,0.12,61265.00,106070.00,27.47,23.40,0,NO,24.35,24.61,24.71,24.62,24.52,,374,0.00,30450.00,NO,NO,2026-09-29,667400.00
5610,CHSCN,24.04,24.02,30481.00,Consumer Defensive,Farm Products,25.00,19.00,31.00,25.00,0.34,0.33,20628.00,35200.00,25.58,23.93,0,NO,24.55,24.92,25.11,24.89,25.03,,3169,0.00,30481.00,NO,NO,2014-03-06,2229900.00
5611,DFGP,52.23,52.19,296808.00,ETF,ETF,25.00,52.00,34.00,27.00,0.26,0.24,349693.00,454760.00,56.17,51.77,0,NO,52.29,52.91,53.98,52.85,53.75,,732,0.02,296808.00,NO,NO,2026-07-06,5503700.00
5612,AGNCZ,24.28,24.21,86911.00,Real Estate,REIT - Mortgage,25.00,22.00,30.00,30.00,0.27,0.24,49556.00,123290.00,26.37,23.77,0,NO,24.92,25.27,25.43,25.23,25.26,,277,0.00,86911.00,NO,NO,2025-09-04,2343400.00
5613,TM,185.30,186.00,351936.00,Consumer Cyclical,Auto Manufacturers,25.00,23.00,80.00,11.00,2.85,2.07,357062.00,287940.00,248.90,166.10,219429191680,NO,188.48,190.56,200.59,191.70,189.82,,11737,0.00,351936.00,NO,NO,2010-02-03,18582700.00
5614,AGGM,99.65,99.67,1677.00,ETF,ETF,25.00,47.00,37.00,25.00,0.41,0.33,19689.00,40820.00,106.43,98.95,0,NO,99.92,101.15,103.39,101.04,102.66,,4968,0.00,1677.00,NO,NO,2021-05-19,2235000.00
5615,EDEN,109.08,108.17,4319.00,ETF,ETF,25.00,14.00,29.00,41.00,1.35,1.12,9621.00,10230.00,125.64,98.31,0,NO,110.81,114.01,112.29,114.40,111.47,,3698,0.64,4319.00,NO,NO,2016-03-09,864300.00
5616,DPRE,24.57,24.35,4.00,ETF,ETF,25.00,26.00,24.00,,0.13,0.04,814.00,230.00,27.12,24.31,0,NO,24.91,25.66,,25.52,,,123,0.00,300.00,NO,NO,2026-04-15,100500.00
5617,SASS,23.64,23.53,1137.00,ETF,ETF,25.00,49.00,33.00,35.00,0.15,0.03,1289.00,400.00,25.42,22.70,0,NO,23.71,24.25,,24.28,24.27,,153,0.38,1137.00,NO,NO,2026-05-01,82600.00
5618,TRUI,24.23,24.10,7.00,ETF,ETF,25.00,52.00,22.00,,0.17,0.01,309.00,110.00,26.74,24.01,0,NO,24.26,25.16,,25.14,,,90,0.00,7.00,NO,NO,2026-06-08,8400.00
5619,BILT,26.58,26.31,26709.00,ETF,ETF,25.00,35.00,19.00,13.00,0.26,0.22,37007.00,41950.00,29.80,23.96,0,NO,26.33,27.22,28.06,27.15,28.26,,301,0.27,26709.00,NO,NO,2026-06-30,1793100.00
5620,BTGD,26.71,26.20,7675.00,ETF,ETF,25.00,72.00,94.00,12.00,0.84,0.59,24270.00,20550.00,47.45,19.12,0,NO,27.23,25.95,28.37,26.44,25.98,,497,0.00,7675.00,NO,NO,2026-01-30,813100.00
5621,LEA,118.03,118.53,540075.00,Consumer Cyclical,Auto Parts,25.00,10.00,10.00,21.00,3.14,2.90,641490.00,575020.00,150.33,96.04,5821801984,NO,121.31,123.84,128.61,124.81,130.35,,4255,0.00,540075.00,NO,NO,2019-12-20,8951400.00
5622,POWI,49.12,49.89,365452.00,Technology,Semiconductors,25.00,47.00,1.00,13.00,2.32,2.07,737600.00,771060.00,91.18,30.86,2744496128,NO,50.89,54.28,58.26,54.29,63.81,,7250,0.00,365452.00,NO,NO,2000-03-24,19421400.00
5623,DGICA,18.23,18.54,89166.00,Financial Services,Insurance - Property & Casualty,25.00,16.00,26.00,56.00,0.39,0.38,118156.00,110250.00,21.06,16.11,675414272,NO,18.43,18.82,18.21,18.80,18.11,,5855,0.00,89166.00,NO,NO,2003-11-25,2379022.00
5624,TEMD,24.17,24.18,9.00,ETF,ETF,25.00,39.00,33.00,28.00,0.14,0.01,139.00,120.00,25.72,23.73,0,NO,24.37,24.62,,24.56,24.81,,179,0.00,100.00,NO,NO,2026-02-11,401000.00
5625,APCB,28.24,28.24,53500.00,ETF,ETF,24.00,47.00,36.00,25.00,0.15,0.13,64400.00,69510.00,30.18,27.98,0,NO,28.31,28.66,29.29,28.63,29.09,,863,0.00,53500.00,NO,NO,2024-04-08,10425500.00
5626,JCPI,46.17,46.28,29275.00,ETF,ETF,24.00,39.00,35.00,24.00,0.26,0.25,64931.00,85510.00,50.95,45.78,0,NO,46.33,46.95,47.95,46.87,47.73,,1129,0.00,29275.00,NO,NO,2024-02-27,4923900.00
5627,BDBT,24.21,24.22,26430.00,ETF,ETF,24.00,47.00,36.00,25.00,0.11,0.08,50740.00,64650.00,25.88,22.80,0,NO,24.28,24.59,25.13,24.56,24.95,,328,0.00,26430.00,NO,NO,2025-06-24,7405500.00
5628,FREI,23.85,23.76,10157.00,ETF,ETF,24.00,30.00,29.00,,0.12,0.09,29357.00,13760.00,27.81,23.65,0,NO,24.15,24.57,,24.52,,,79,0.17,10157.00,NO,NO,2026-07-17,441100.00
5629,WNDR,25.91,25.58,111.00,ETF,ETF,24.00,69.00,22.00,,0.20,0.03,382.00,400.00,28.70,24.55,0,NO,25.57,26.76,,26.66,,,108,0.00,1200.00,NO,NO,2026-05-06,47800.00
5630,SMP,36.67,37.09,87107.00,Consumer Cyclical,Auto Parts,24.00,19.00,38.00,33.00,0.83,0.80,156503.00,113270.00,46.00,34.27,816394432,NO,37.37,38.22,38.59,38.35,38.20,,11737,0.00,87107.00,NO,NO,2009-10-30,4256700.00
5631,IBHK,24.68,24.64,18199.00,ETF,ETF,24.00,38.00,32.00,27.00,0.18,0.16,27435.00,76110.00,26.15,24.40,0,NO,24.87,25.21,25.59,25.17,25.46,,596,0.14,18199.00,NO,NO,2026-10-05,295500.00
5632,HY,32.34,32.49,118748.00,Industrials,Farm & Heavy Construction Machinery,24.00,18.00,59.00,11.00,1.47,1.37,116440.00,184520.00,41.30,26.41,579868736,NO,32.32,33.73,34.52,33.76,34.69,,3526,0.00,118748.00,NO,NO,2023-06-23,596400.00
5633,GOVT,21.88,21.88,20034091.00,ETF,ETF,24.00,45.00,36.00,25.00,0.10,0.09,11659260.00,15462310.00,23.39,21.73,0,NO,21.98,22.25,22.71,22.22,22.56,,3678,0.00,20034091.00,YES,NO,2026-03-12,172976800.00
5634,HMN,45.56,45.90,182568.00,Financial Services,Insurance - Property & Casualty,24.00,9.00,9.00,49.00,0.93,0.91,287285.00,320670.00,55.56,41.29,1845228160,NO,46.59,49.43,46.82,49.09,48.01,,8786,0.00,182568.00,NO,NO,1991-11-15,6093400.00
5635,TABD,23.96,23.91,3312.00,ETF,ETF,24.00,43.00,34.00,24.00,0.11,0.08,5954.00,10050.00,25.57,23.75,0,NO,24.04,24.38,24.90,24.34,24.74,,205,0.06,3312.00,NO,NO,2026-03-30,1660700.00
5636,TPZ,20.74,20.67,18411.00,ETF,ETF,24.00,26.00,19.00,16.00,0.31,0.27,8648.00,9160.00,23.03,19.68,0,NO,20.55,21.11,21.64,21.06,21.72,,4327,0.00,18411.00,NO,NO,2024-12-26,1567900.00
5637,BKHY,45.78,45.72,6424.00,ETF,ETF,24.00,38.00,34.00,27.00,0.21,0.16,31078.00,67720.00,48.73,45.29,0,NO,46.14,46.78,47.48,46.73,47.19,,1624,0.00,6424.00,NO,NO,2023-02-01,5328100.00
5638,CVCO,532.43,548.72,105322.00,Consumer Cyclical,Residential Construction,24.00,71.00,29.00,49.00,19.92,18.45,110035.00,119600.00,713.01,443.34,4094068224,NO,551.36,564.09,556.92,564.99,545.34,,5857,0.00,105322.00,NO,NO,2008-03-20,2607900.00
5639,PYLD,25.39,25.39,6314936.00,ETF,ETF,24.00,43.00,34.00,26.00,0.13,0.12,4700353.00,8272830.00,27.04,25.14,0,NO,25.52,25.88,26.35,25.85,26.17,,829,0.00,6314936.00,NO,NO,2026-01-12,18850000.00
5640,DESK,37.27,37.34,952.00,ETF,ETF,24.00,23.00,13.00,69.00,0.36,0.20,24106.00,760.00,43.92,32.00,0,NO,37.88,39.74,37.92,39.56,38.63,,766,0.00,952.00,NO,NO,2026-08-11,225600.00
5641,FOPC,24.40,24.40,3511.00,ETF,ETF,24.00,33.00,34.00,25.00,0.09,0.05,2284.00,2150.00,26.20,24.25,0,NO,24.62,24.97,25.40,24.94,25.28,,451,0.00,3511.00,NO,NO,2024-12-23,1190800.00
5642,OBND,24.74,24.73,166.00,ETF,ETF,24.00,39.00,35.00,27.00,0.08,0.05,22815.00,4790.00,26.48,24.63,0,NO,24.94,25.23,25.69,25.19,25.52,,1264,0.00,166.00,NO,NO,2026-08-24,989800.00
5643,THQ,17.86,17.45,177647.00,Financial Services,Asset Management,24.00,16.00,26.00,42.00,0.36,0.36,154101.00,149370.00,20.39,16.28,740073344,NO,18.45,19.05,18.71,19.03,18.51,,3069,0.00,177647.00,NO,NO,2014-07-29,1307900.00
5644,HYGV,38.74,38.69,124564.00,ETF,ETF,24.00,35.00,34.00,27.00,0.20,0.16,111332.00,226280.00,41.17,38.35,0,NO,39.12,39.67,40.21,39.63,39.98,,2069,0.03,124564.00,NO,NO,2024-04-17,1933700.00
5645,SBUX,90.75,93.21,12757343.00,Consumer Cyclical,Restaurants,24.00,8.00,7.00,19.00,2.30,2.30,7281626.00,9368680.00,110.51,77.99,103454998528,NO,95.02,101.26,98.92,100.76,100.68,,8632,0.00,12757343.00,YES,NO,1999-07-01,585508800.00
5646,VTG,72.28,72.28,28388.00,ETF,ETF,24.00,45.00,36.00,25.00,0.33,0.30,49531.00,66220.00,77.84,71.81,0,NO,72.62,73.51,75.07,73.41,74.55,,316,0.00,28388.00,NO,NO,2026-05-27,169600.00
5647,UFIV,46.65,46.68,2761.00,ETF,ETF,24.00,47.00,37.00,25.00,0.18,0.13,13409.00,22490.00,49.74,46.40,0,NO,46.75,47.38,48.43,47.32,48.07,,888,0.00,2761.00,NO,NO,2025-08-14,439100.00
5648,TAXT,49.33,49.08,34458.00,ETF,ETF,24.00,49.00,29.00,25.00,0.28,0.18,30106.00,145450.00,52.37,48.52,0,NO,49.34,50.16,51.21,50.13,50.96,,288,0.38,34458.00,NO,NO,2026-10-05,533100.00
5649,CRSP,53.39,50.44,1465256.00,Healthcare,Biotechnology,24.00,73.00,78.00,52.00,3.28,3.27,1616017.00,1607160.00,78.00,44.12,5162420736,NO,54.89,54.99,53.23,55.14,52.62,,2507,0.75,1465256.00,NO,NO,2023-12-08,17230200.00
5650,SSD,171.12,171.95,208748.00,Basic Materials,Lumber & Wood Production,24.00,51.00,17.00,30.00,3.62,3.40,278942.00,293380.00,213.49,156.32,7013298176,NO,173.20,181.70,184.68,180.98,184.29,,8148,0.00,208748.00,NO,NO,2020-10-06,8811400.00
5651,ORCS,29.43,30.95,36383.00,ETF,ETF,24.00,85.00,9.00,6.00,1.26,1.00,54164.00,45050.00,38.55,18.70,0,NO,29.70,29.40,29.95,29.01,29.47,,223,0.00,36383.00,NO,NO,2026-06-10,1064000.00
5652,IYC,97.90,97.27,70517.00,ETF,ETF,24.00,64.00,36.00,33.00,0.95,0.86,99353.00,124650.00,107.36,93.99,0,NO,96.38,99.61,101.07,99.60,100.20,,6610,0.53,70517.00,NO,NO,2002-09-09,9072400.00
5653,TSLS,53.01,54.08,228871.00,ETF,ETF,24.00,15.00,44.00,7.00,1.57,1.40,314782.00,184030.00,69.83,46.20,0,NO,55.23,58.07,56.17,57.26,57.24,,1046,0.00,228871.00,NO,NO,2025-11-20,12671280.00
5654,BCC,73.57,74.22,205207.00,Basic Materials,Lumber & Wood Production,24.00,37.00,44.00,15.00,2.36,2.21,355796.00,352300.00,91.97,65.00,2566956800,NO,75.54,78.68,77.30,78.71,76.01,,3440,0.00,205207.00,NO,NO,2013-02-06,13195500.00
5655,FIW,105.09,104.56,35823.00,ETF,ETF,24.00,61.00,40.00,34.00,1.32,1.18,50742.00,45360.00,116.30,98.52,0,NO,105.05,108.21,108.14,108.13,106.53,,4885,0.37,35823.00,NO,NO,2016-11-22,868000.00
5656,CPU,23.83,23.81,1123.00,ETF,ETF,24.00,,,,,,15550.00,15550.00,24.87,23.77,0,NO,,,,,,,3,0.00,1123.00,NO,NO,2026-10-07,21900.00
5657,EUSB,41.62,41.62,33045.00,ETF,ETF,24.00,43.00,35.00,25.00,0.20,0.19,55050.00,102160.00,44.47,41.30,0,NO,41.83,42.39,43.29,42.34,42.99,,1576,0.00,33045.00,NO,NO,2023-01-11,5497900.00
5658,FNB,17.06,17.28,7428774.00,Financial Services,Banks - Regional,24.00,13.00,13.00,27.00,0.33,0.30,4785142.00,5123950.00,19.59,14.46,6022196224,NO,17.55,18.26,17.87,18.24,18.04,,10104,0.00,7428774.00,NO,NO,2025-10-16,40469500.00
5659,RSPR,33.77,33.17,30013.00,ETF,ETF,24.00,28.00,16.00,33.00,0.38,0.31,13490.00,22690.00,38.01,32.41,0,NO,33.89,35.38,35.37,35.30,35.68,,2805,0.95,30013.00,NO,NO,2016-09-16,1675000.00
5660,MYHE,23.89,23.84,1659.00,ETF,ETF,24.00,33.00,30.00,26.00,0.08,0.01,1662.00,260.00,26.36,23.78,0,NO,24.15,24.53,,24.49,24.75,,157,0.00,1659.00,NO,NO,2026-03-12,14600.00
5661,FRME,39.00,39.59,436041.00,Financial Services,Banks - Regional,24.00,17.00,13.00,22.00,0.72,0.68,462614.00,585560.00,45.33,34.66,2449255424,NO,40.31,41.49,40.57,41.42,41.13,,9396,0.00,436041.00,NO,NO,2026-06-26,1955000.00
5662,EFZ,23.13,23.29,581.00,ETF,ETF,24.00,70.00,54.00,28.00,0.23,0.12,7539.00,13070.00,27.28,21.94,0,NO,22.89,22.55,23.63,22.52,23.35,,4769,0.00,581.00,NO,NO,2014-02-14,1263800.00
5663,DFNM,46.21,46.10,885241.00,ETF,ETF,24.00,44.00,28.00,25.00,0.23,0.19,402200.00,1214490.00,48.87,45.70,0,NO,46.34,47.07,47.98,47.02,47.77,,1229,0.13,885241.00,NO,NO,2026-10-08,2125200.00
5664,HYLS,39.50,39.46,385742.00,ETF,ETF,24.00,39.00,36.00,28.00,0.41,0.40,209915.00,426220.00,42.40,39.01,0,NO,39.73,40.25,40.87,40.20,40.59,,3426,0.00,385742.00,NO,NO,2026-03-30,3136800.00
5665,IHY,20.81,20.80,1450.00,ETF,ETF,24.00,28.00,34.00,25.00,0.15,0.12,10251.00,13510.00,22.50,20.63,0,NO,21.07,21.41,21.73,21.38,21.57,,3651,0.00,1450.00,NO,NO,2013-10-22,5174000.00
5666,BREM,48.76,48.59,614.00,ETF,ETF,24.00,28.00,27.00,26.00,0.26,0.08,792.00,270.00,52.15,48.20,0,NO,49.27,50.15,50.93,50.09,50.71,,247,0.25,614.00,NO,NO,2026-03-23,27900.00
5667,HYBX,28.68,28.66,496.00,ETF,ETF,24.00,33.00,35.00,26.00,0.16,0.11,4704.00,3670.00,30.73,28.43,0,NO,28.97,29.32,29.74,29.28,29.60,,473,0.03,496.00,NO,NO,2025-04-11,121600.00
5668,JKHY,149.31,149.05,892425.00,Technology,Information Technology Services,24.00,11.00,47.00,45.00,3.50,3.47,996220.00,792420.00,193.39,121.04,10468422656,NO,149.52,156.52,156.68,156.64,149.38,,10300,0.00,892425.00,NO,NO,2018-11-12,19373600.00
5669,BTT,21.79,21.67,96383.00,Financial Services,Asset Management,24.00,34.00,27.00,21.00,0.26,0.25,92182.00,143250.00,23.24,21.30,1386397824,NO,21.89,22.28,22.63,22.28,22.57,,3547,0.00,96383.00,NO,NO,2014-07-02,1595600.00
5670,WCPB,24.29,24.31,21622.00,ETF,ETF,24.00,36.00,33.00,25.00,0.14,0.12,50593.00,87060.00,27.52,24.11,0,NO,24.48,24.84,25.29,24.80,25.13,,292,0.00,21622.00,NO,NO,2025-11-18,2105500.00
5671,VCOB,47.50,47.50,1242.00,ETF,ETF,24.00,44.00,33.00,25.00,0.15,0.08,2021.00,1160.00,52.70,47.31,0,NO,47.77,48.38,49.41,48.31,49.08,,223,0.00,1242.00,NO,NO,2026-03-23,713700.00
5672,FHIL,23.74,23.59,429.00,ETF,ETF,24.00,31.00,35.00,,0.35,0.13,576.00,1370.00,25.95,23.59,0,NO,24.07,24.68,,24.70,,,80,0.57,429.00,NO,NO,2026-06-18,90100.00
5673,PSCD,107.55,107.94,100.00,ETF,ETF,24.00,28.00,16.00,40.00,0.91,0.23,600.00,730.00,122.57,95.84,0,NO,108.37,114.39,111.51,114.31,111.76,,4154,0.00,100.00,NO,NO,2010-08-11,1014200.00
5674,VMSB,47.77,47.62,14.00,ETF,ETF,24.00,40.00,35.00,26.00,0.20,0.04,5923.00,2210.00,50.49,47.31,0,NO,48.02,48.85,49.50,48.71,49.26,,212,0.00,100.00,NO,NO,2026-03-25,342300.00
5675,DGCB,52.20,52.19,232655.00,ETF,ETF,24.00,54.00,32.00,26.00,0.24,0.21,113892.00,181890.00,56.03,51.73,0,NO,52.24,52.84,54.07,52.78,53.83,,731,0.00,232655.00,NO,NO,2023-11-14,872800.00
5676,DYNB,37.78,37.79,1526.00,ETF,ETF,24.00,43.00,34.00,25.00,0.15,0.12,13821.00,61950.00,40.39,37.62,0,NO,37.99,38.50,39.25,38.44,39.00,,263,0.00,1526.00,NO,NO,2025-09-24,970900.00
5677,TPFI,23.83,23.82,1306.00,ETF,ETF,24.00,39.00,32.00,,0.09,0.08,6990.00,14760.00,28.12,23.75,0,NO,24.02,24.37,,24.33,,,110,0.00,1306.00,NO,NO,2026-05-05,748700.00
5678,COPZ,15.57,14.36,6739.00,ETF,ETF,24.00,8.00,92.00,9.00,0.83,0.48,23007.00,8560.00,26.40,11.85,0,NO,15.75,16.92,,17.15,16.18,,163,6.69,6739.00,NO,NO,2026-06-26,209800.00
5679,VGIT,56.70,56.74,6292506.00,ETF,ETF,24.00,45.00,36.00,24.00,0.25,0.23,4932365.00,6239150.00,60.76,56.35,0,NO,56.89,57.69,58.96,57.60,58.52,,4245,0.00,6292506.00,NO,NO,2026-01-13,24697600.00
5680,SPTI,27.29,27.31,2323803.00,ETF,ETF,24.00,45.00,36.00,24.00,0.12,0.11,2448835.00,4047550.00,29.24,27.13,0,NO,27.39,27.77,28.38,27.73,28.17,,4873,0.00,2323803.00,NO,NO,2022-07-01,108356500.00
5681,RFCI,21.49,21.45,8564.00,ETF,ETF,24.00,45.00,36.00,25.00,0.11,0.10,6843.00,21500.00,23.04,21.24,0,NO,21.54,21.82,22.30,21.79,22.12,,2593,0.12,8564.00,NO,NO,2018-08-07,1990200.00
5682,VBCH,71.69,71.72,2662.00,ETF,ETF,24.00,41.00,30.00,20.00,0.34,0.28,3545.00,7530.00,76.55,71.03,0,NO,72.16,73.33,,73.20,,,137,0.00,2662.00,NO,NO,2026-03-30,43800.00
5683,EOS,21.58,21.43,166308.00,Financial Services,Asset Management,24.00,74.00,38.00,45.00,0.25,0.24,137162.00,184920.00,24.35,19.44,1150559616,NO,21.31,21.52,21.91,21.55,21.70,,5460,0.23,166308.00,NO,NO,2014-04-02,1191300.00
5684,INDS,37.51,37.30,4456.00,ETF,ETF,24.00,32.00,16.00,28.00,0.38,0.31,10332.00,8349.00,43.04,35.96,0,NO,37.95,39.65,39.53,39.46,39.77,,2113,0.00,4456.00,NO,NO,2022-02-22,740747.00
5685,GLAD,18.81,18.99,98389.00,Financial Services,Asset Management,24.00,28.00,25.00,59.00,0.31,0.31,166426.00,165530.00,21.73,16.54,424975584,NO,19.23,19.49,19.23,19.53,19.07,,6086,0.00,98389.00,NO,NO,2014-06-27,1740400.00
5686,PSUS,37.76,37.25,176821.00,Financial Services,Asset Management,24.00,58.00,59.00,,0.71,0.66,332471.00,281370.00,44.00,35.71,0,NO,37.86,38.54,,38.76,,,114,0.40,176821.00,NO,NO,2026-04-29,9103800.00
5687,HBRD,23.78,23.74,7.00,ETF,ETF,24.00,48.00,35.00,25.00,0.05,0.01,253.00,200.00,25.05,23.67,0,NO,23.95,24.21,,24.17,24.47,,155,0.00,200.00,NO,NO,2026-05-05,6100.00
5688,TSLA,382.70,375.00,38834397.00,Consumer Cyclical,Auto Manufacturers,24.00,85.00,35.00,66.00,11.03,9.99,37525834.00,36746770.00,498.83,297.38,1511491895296,NO,368.66,354.74,390.60,359.16,376.50,,4096,1.97,38834397.00,YES,NO,2020-02-04,914082000.00
5689,GMUB,48.97,48.72,402577.00,ETF,ETF,24.00,43.00,27.00,25.00,0.35,0.30,200821.00,646540.00,52.23,48.38,0,NO,49.17,50.03,50.99,49.98,50.75,,553,0.41,402577.00,NO,NO,2026-08-25,1678900.00
5690,JPRF,48.01,48.06,217567.00,ETF,ETF,24.00,34.00,,,0.20,0.15,163366.00,198680.00,50.34,47.83,0,NO,48.57,49.23,,49.16,,,64,0.00,217567.00,NO,NO,2026-08-24,447400.00
5691,PHYL,33.64,33.62,553815.00,ETF,ETF,24.00,38.00,33.00,26.00,0.17,0.15,190943.00,201830.00,35.76,33.27,0,NO,33.88,34.37,34.98,34.33,34.75,,2019,0.00,553815.00,NO,NO,2026-01-06,6399400.00
5692,HYDB,44.90,44.88,698398.00,ETF,ETF,24.00,34.00,34.00,26.00,0.22,0.18,161168.00,220970.00,47.81,44.42,0,NO,45.34,45.97,46.70,45.91,46.39,,2323,0.00,698398.00,NO,NO,2024-11-08,5660200.00
5693,PMIO,48.75,48.62,20813.00,ETF,ETF,24.00,44.00,28.00,26.00,0.32,0.27,6968.00,14740.00,52.12,47.76,0,NO,48.96,49.73,50.71,49.70,50.45,,453,0.00,20813.00,NO,NO,2026-09-18,36500.00
5694,AX,88.44,88.46,212193.00,Financial Services,Banks - Regional,24.00,15.00,15.00,25.00,2.11,2.04,347162.00,373970.00,105.74,74.89,5028521984,NO,89.24,94.74,92.32,94.46,92.23,,5427,0.00,212193.00,NO,NO,2015-10-14,23818000.00
5695,VGVT,72.12,72.08,3480.00,ETF,ETF,24.00,42.00,35.00,24.00,0.42,0.39,3851.00,5480.00,93.00,71.14,0,NO,72.48,73.43,75.03,73.34,74.48,,317,0.05,3480.00,NO,NO,2025-07-09,80900.00
5696,IUSB,44.14,44.14,4598779.00,ETF,ETF,24.00,43.00,34.00,24.00,0.24,0.22,6404004.00,8129240.00,47.23,43.75,0,NO,44.38,44.99,45.95,44.92,45.64,,3101,0.00,4598779.00,NO,NO,2026-05-28,136187500.00
5697,D,61.64,61.75,2583275.00,Utilities,Utilities - Regulated Electric,24.00,17.00,10.00,26.00,0.99,0.96,4198845.00,4556660.00,72.99,55.85,54213980160,NO,61.93,65.06,64.41,64.57,65.46,,11737,0.00,2583275.00,NO,NO,2026-05-18,40094600.00
5698,XWNG,22.62,24.00,113.00,ETF,ETF,24.00,82.00,,,0.39,0.05,1091.00,170.00,24.83,21.15,0,NO,22.79,,,,,,35,0.00,100.00,NO,NO,2026-08-19,21300.00
5699,BBIB,93.96,94.09,12820.00,ETF,ETF,24.00,45.00,35.00,24.00,0.27,0.16,6631.00,31340.00,100.71,93.60,0,NO,94.30,95.62,97.74,95.47,97.00,,872,0.00,12820.00,NO,NO,2026-10-07,266000.00
5700,XLII,24.22,24.06,10473.00,ETF,ETF,23.00,50.00,21.00,30.00,0.28,0.25,16706.00,15090.00,26.66,23.21,0,NO,24.28,25.16,25.28,25.12,25.21,,302,0.42,10473.00,NO,NO,2026-09-01,131000.00
5701,IBMV,24.11,23.98,7685.00,ETF,ETF,23.00,46.00,26.00,22.00,0.17,0.12,14490.00,33300.00,25.52,23.61,0,NO,24.11,24.58,,24.53,,,137,0.25,7685.00,NO,NO,2026-09-29,153600.00
5702,BNDP,71.08,71.03,14211.00,ETF,ETF,23.00,44.00,34.00,25.00,0.34,0.30,8462.00,19280.00,76.09,70.48,0,NO,71.42,72.40,73.97,72.30,73.45,,213,0.00,14211.00,NO,NO,2025-12-05,138600.00
5703,SPTB,28.83,28.84,72575.00,ETF,ETF,23.00,45.00,35.00,24.00,0.12,0.11,158673.00,144790.00,30.96,28.63,0,NO,28.97,29.34,29.99,29.30,29.77,,599,0.00,72575.00,NO,NO,2026-08-28,3434300.00
5704,SON,47.92,48.40,694442.00,Consumer Cyclical,Packaging & Containers,23.00,48.00,12.00,8.00,1.10,1.06,1109287.00,950310.00,60.67,38.65,4737787392,NO,48.96,53.07,52.09,52.76,52.77,,11737,0.00,694442.00,NO,NO,2026-04-22,7355100.00
5705,SCHR,23.71,23.74,3069662.00,ETF,ETF,23.00,45.00,35.00,24.00,0.11,0.10,3141920.00,4674200.00,25.42,23.57,0,NO,23.80,24.13,24.66,24.09,24.48,,4070,0.00,3069662.00,NO,NO,2022-04-29,56106800.00
5706,DFSB,49.82,49.84,71870.00,ETF,ETF,23.00,54.00,33.00,26.00,0.22,0.19,52862.00,75190.00,53.86,49.38,0,NO,49.86,50.40,51.57,50.35,51.33,,977,0.00,71870.00,NO,NO,2023-11-27,1362700.00
5707,BND,70.22,70.22,10062721.00,ETF,ETF,23.00,44.00,34.00,24.00,0.37,0.34,9137431.00,14613000.00,75.23,69.65,0,NO,70.59,71.54,73.12,71.44,72.61,,4908,0.00,10062721.00,YES,NO,2025-04-16,33963000.00
5708,FLXN,24.19,24.16,15180.00,ETF,ETF,23.00,42.00,36.00,21.00,0.14,0.10,31803.00,41140.00,26.09,23.87,0,NO,24.33,24.64,25.11,24.61,24.93,,318,0.00,15180.00,NO,NO,2025-07-31,1280900.00
5709,AMH,30.85,30.49,2322885.00,Real Estate,REIT - Residential,23.00,34.00,15.00,51.00,0.48,0.48,2511004.00,3246220.00,35.07,27.22,12647019520,NO,30.80,32.51,31.64,32.33,31.93,,3318,0.49,2322885.00,NO,NO,2024-02-29,53186700.00
5710,FLGV,19.44,19.45,1241696.00,ETF,ETF,23.00,44.00,35.00,24.00,0.08,0.08,239559.00,819880.00,20.89,19.33,0,NO,19.54,19.78,20.23,19.75,20.08,,1591,0.00,1241696.00,NO,NO,2024-02-02,10035200.00
5711,SIO,24.70,24.66,59939.00,ETF,ETF,23.00,42.00,35.00,25.00,0.16,0.14,43200.00,37330.00,27.38,24.46,0,NO,24.81,25.14,25.65,25.11,25.48,,1040,0.00,59939.00,NO,NO,2026-08-17,700700.00
5712,EMBD,22.72,22.72,211541.00,ETF,ETF,23.00,34.00,29.00,26.00,0.15,0.14,25164.00,54020.00,25.12,22.42,0,NO,22.89,23.28,23.70,23.25,23.56,,1597,0.00,211541.00,NO,NO,2026-03-03,1664400.00
5713,BSJW,24.40,24.37,7298.00,ETF,ETF,23.00,31.00,33.00,26.00,0.12,0.10,13940.00,10380.00,26.00,24.12,0,NO,24.54,24.96,25.34,24.94,25.18,,582,0.00,7298.00,NO,NO,2025-01-29,139400.00
5714,BBT,27.19,27.48,662488.00,Financial Services,Banks - Regional,23.00,3.00,13.00,8.00,0.54,0.52,911034.00,1199380.00,32.83,22.81,2278959360,NO,28.75,30.48,29.78,30.44,30.14,,6610,0.00,662488.00,NO,NO,2018-06-08,7068600.00
5715,ASHR,32.38,32.14,2919380.00,ETF,ETF,23.00,24.00,21.00,25.00,0.31,0.17,3496489.00,3612500.00,37.33,31.31,0,NO,33.04,33.84,34.25,33.82,34.39,,3250,0.00,2919380.00,NO,NO,2024-10-07,70912500.00
5716,PCOV,24.13,23.97,13.00,ETF,ETF,23.00,53.00,,,0.14,0.05,11397.00,730.00,25.23,23.78,0,NO,24.16,,,,,,36,0.00,1200.00,NO,NO,2026-08-19,396300.00
5717,CCSO,25.15,24.89,1232.00,ETF,ETF,23.00,46.00,23.00,16.00,0.27,0.13,2248.00,1680.00,31.00,23.44,0,NO,24.99,26.00,26.83,26.01,26.91,,1017,0.51,1232.00,NO,NO,2022-09-23,154100.00
5718,MRSH,175.76,176.67,1966386.00,Financial Services,Insurance Brokers,23.00,50.00,34.00,53.00,3.48,3.48,2506134.00,2766010.00,207.83,156.60,83874652160,NO,173.05,182.32,176.85,181.87,174.75,,13523,0.00,1966386.00,NO,NO,2004-10-15,96352500.00
5719,HYGM,23.75,23.78,68.00,ETF,ETF,23.00,43.00,33.00,,0.08,0.01,832.00,480.00,25.05,23.64,0,NO,24.03,24.33,,24.27,,,118,0.00,300.00,NO,NO,2026-08-03,16700.00
5720,PQDI,18.61,18.61,77514.00,ETF,ETF,23.00,35.00,30.00,26.00,0.09,0.07,16112.00,32030.00,20.07,18.48,0,NO,18.80,19.05,19.38,19.03,19.26,,1587,0.00,77514.00,NO,NO,2025-04-14,1082900.00
5721,MCO,464.23,458.69,588247.00,Financial Services,Financial Data & Stock Exchanges,23.00,52.00,21.00,63.00,9.92,9.23,792718.00,917160.00,546.88,402.28,80395812864,NO,460.90,478.29,470.10,479.24,463.62,,8039,0.38,588247.00,NO,NO,1996-01-10,43545600.00
5722,OVB,19.57,19.55,10957.00,ETF,ETF,23.00,49.00,33.00,22.00,0.15,0.11,11696.00,11660.00,21.11,19.36,0,NO,19.65,19.93,20.41,19.92,20.28,,1766,0.00,10957.00,NO,NO,2022-04-22,1916600.00
5723,AGG,94.59,94.63,10045311.00,ETF,ETF,23.00,43.00,34.00,24.00,0.49,0.45,9625368.00,15188770.00,101.46,93.84,0,NO,95.11,96.42,98.58,96.28,97.88,,5795,0.00,10045311.00,YES,NO,2025-11-04,29687500.00
5724,PPG,103.96,105.46,1124271.00,Basic Materials,Specialty Chemicals,23.00,48.00,15.00,20.00,2.23,2.00,1661982.00,1678930.00,133.43,93.39,23110307840,NO,105.61,110.10,112.03,110.09,111.37,,11737,0.00,1124271.00,NO,NO,2013-01-25,26017800.00
5725,IDA,135.42,134.08,520283.00,Utilities,Utilities - Regulated Electric,23.00,59.00,13.00,15.00,2.43,2.36,542867.00,755900.00,154.91,124.12,7832969728,NO,131.62,136.18,139.98,135.82,141.94,,13523,0.00,520283.00,NO,NO,1988-01-18,10214300.00
5726,MFSB,23.90,23.89,2107726.00,ETF,ETF,23.00,41.00,33.00,24.00,0.13,0.11,162695.00,261300.00,25.57,23.68,0,NO,24.05,24.38,24.89,24.35,24.73,,462,0.00,2107726.00,NO,YES,2026-10-09,2107726.00
5727,EZA,63.80,62.66,99671.00,ETF,ETF,23.00,9.00,62.00,11.00,1.31,0.87,154870.00,138360.00,81.76,60.27,0,NO,65.66,67.88,69.04,68.41,67.19,,5956,1.47,99671.00,NO,NO,2019-03-22,3625600.00
5728,UCON,23.85,23.86,919765.00,ETF,ETF,23.00,36.00,32.00,25.00,0.20,0.19,620635.00,1098540.00,25.62,23.56,0,NO,24.02,24.37,24.82,24.33,24.66,,2099,0.00,919765.00,NO,NO,2025-04-04,4905200.00
5729,CINF,163.39,165.25,444405.00,Financial Services,Insurance - Property & Casualty,23.00,24.00,12.00,45.00,2.57,2.55,659207.00,640030.00,194.81,150.00,25076779008,NO,164.77,169.44,167.36,168.81,168.92,,11737,0.00,444405.00,NO,NO,1997-12-17,18840182.00
5730,ABCB,79.02,79.66,334506.00,Financial Services,Banks - Regional,23.00,13.00,11.00,24.00,1.44,1.33,434637.00,444900.00,93.22,68.80,5302813696,NO,81.61,84.66,83.43,84.62,85.08,,8153,0.00,334506.00,NO,NO,2019-06-28,4545600.00
5731,CBT,74.91,75.61,285550.00,Basic Materials,Specialty Chemicals,23.00,18.00,8.00,42.00,1.79,1.68,414357.00,439940.00,94.53,58.33,3867678976,NO,77.63,81.58,79.15,81.36,82.27,,11575,0.00,285550.00,NO,NO,2021-06-25,6716400.00
5732,SCI,76.91,76.77,709540.00,Consumer Cyclical,Personal Services,23.00,24.00,33.00,20.00,1.36,1.35,1001532.00,1090190.00,90.99,68.41,10482186240,NO,77.83,81.11,79.84,81.00,79.67,,11737,0.00,709540.00,NO,NO,1999-01-26,36418700.00
5733,XLBI,22.90,22.81,7114.00,ETF,ETF,23.00,29.00,37.00,23.00,0.31,0.22,6404.00,7570.00,25.45,22.15,0,NO,23.13,23.81,24.01,23.80,23.83,,302,0.00,7114.00,NO,NO,2026-02-03,96600.00
5734,BSJX,24.19,24.14,3490.00,ETF,ETF,23.00,34.00,31.00,25.00,0.13,0.11,5809.00,7940.00,25.77,23.88,0,NO,24.33,24.78,25.14,24.75,25.00,,335,0.00,3490.00,NO,NO,2026-05-22,288300.00
5735,BUI,25.99,25.46,67410.00,Financial Services,Asset Management,23.00,35.00,18.00,26.00,0.46,0.43,74901.00,103980.00,30.80,24.14,690003904,NO,25.30,26.29,27.24,26.27,27.12,,3740,0.51,67410.00,NO,NO,2011-11-23,631000.00
5736,NUBD,21.16,21.17,161528.00,ETF,ETF,23.00,43.00,34.00,24.00,0.11,0.10,95945.00,135140.00,22.71,21.01,0,NO,21.27,21.56,22.05,21.53,21.89,,2267,0.00,161528.00,NO,NO,2026-04-17,1219800.00
5737,SPAB,24.38,24.38,3496088.00,ETF,ETF,23.00,43.00,34.00,23.00,0.15,0.14,3038195.00,5150900.00,26.17,24.17,0,NO,24.51,24.85,25.41,24.81,25.23,,4873,0.00,3496088.00,NO,NO,2024-08-09,21755500.00
5738,SCHZ,22.12,22.10,2196145.00,ETF,ETF,23.00,44.00,34.00,24.00,0.13,0.12,2333037.00,3645860.00,23.73,21.92,0,NO,22.23,22.54,23.05,22.51,22.89,,3833,0.00,2196145.00,NO,NO,2021-11-09,13345200.00
5739,VPLS,74.06,74.00,751263.00,ETF,ETF,23.00,41.00,33.00,24.00,0.36,0.33,281025.00,494290.00,79.41,73.44,0,NO,74.49,75.56,77.19,75.46,76.67,,712,0.00,751263.00,NO,NO,2026-10-01,1685800.00
5740,XFIV,46.69,46.74,231663.00,ETF,ETF,23.00,45.00,35.00,23.00,0.20,0.17,88845.00,149340.00,50.19,46.44,0,NO,46.87,47.55,48.65,47.48,48.27,,1021,0.00,231663.00,NO,NO,2025-04-14,12034700.00
5741,IBDX,24.09,24.11,414292.00,ETF,ETF,23.00,46.00,35.00,24.00,0.13,0.12,298823.00,513860.00,26.00,23.89,0,NO,24.19,24.54,25.11,24.50,24.92,,1074,0.00,414292.00,NO,NO,2025-12-16,2851400.00
5742,RCTR,32.67,32.24,27079.00,ETF,ETF,23.00,25.00,51.00,12.00,0.46,0.30,3173.00,3090.00,38.99,31.34,0,NO,32.56,33.44,34.99,33.45,34.51,,301,0.26,27079.00,NO,NO,2026-06-15,107900.00
5743,BNDI,45.11,45.06,17586.00,ETF,ETF,23.00,49.00,33.00,23.00,0.21,0.19,29200.00,29780.00,48.45,44.73,0,NO,45.21,45.86,46.88,45.79,46.57,,1032,0.00,17586.00,NO,NO,2024-09-25,493500.00
5744,BSMU,20.99,20.86,138633.00,ETF,ETF,23.00,44.00,28.00,25.00,0.14,0.12,80767.00,124760.00,22.31,20.56,0,NO,21.01,21.41,21.84,21.39,21.70,,1506,0.50,138633.00,NO,NO,2026-09-17,644700.00
5745,IBII,24.51,24.54,102397.00,ETF,ETF,23.00,35.00,35.00,20.00,0.10,0.09,33207.00,50730.00,26.28,24.37,0,NO,24.63,25.01,25.67,24.96,25.55,,765,0.00,102397.00,NO,NO,2026-09-09,357400.00
5746,HYGW,28.05,28.00,17719.00,ETF,ETF,23.00,42.00,36.00,27.00,0.13,0.11,22937.00,32180.00,30.39,27.86,0,NO,28.31,28.65,29.19,28.60,28.91,,1038,0.00,17719.00,NO,NO,2024-10-30,3033200.00
5747,BAMB,24.99,25.00,1112.00,ETF,ETF,23.00,47.00,34.00,23.00,0.07,0.04,7193.00,5720.00,26.88,24.87,0,NO,25.04,25.45,26.02,25.40,25.83,,761,0.00,1112.00,NO,NO,2023-11-09,387400.00
5748,REIX,28.21,28.44,6.00,ETF,ETF,23.00,17.00,19.00,16.00,0.17,0.02,11085.00,150.00,31.78,27.72,0,NO,28.75,29.75,29.86,29.52,30.01,,856,0.00,100.00,NO,NO,2026-09-24,699300.00
5749,EAGG,45.28,45.30,595536.00,ETF,ETF,23.00,42.00,34.00,23.00,0.23,0.21,418598.00,628410.00,48.60,44.93,0,NO,45.53,46.17,47.21,46.10,46.88,,2001,0.00,595536.00,NO,NO,2024-06-24,8839300.00
5750,DFCA,47.83,47.66,231866.00,ETF,ETF,23.00,39.00,28.00,24.00,0.28,0.25,267109.00,714570.00,50.78,47.30,0,NO,48.03,48.86,49.83,48.78,49.59,,826,0.23,231866.00,NO,NO,2023-08-07,2524200.00
5751,CRUX,28.58,28.58,182338.00,ETF,ETF,23.00,40.00,32.00,22.00,0.14,0.13,340503.00,391630.00,30.84,28.35,0,NO,28.75,29.16,,29.12,29.62,,145,0.00,182338.00,NO,NO,2026-03-23,12053100.00
5752,EGGS,36.84,36.32,2798.00,ETF,ETF,23.00,77.00,26.00,59.00,0.80,0.64,11534.00,9120.00,45.50,33.23,0,NO,36.70,36.97,37.89,37.10,37.99,,447,0.00,2798.00,NO,NO,2024-12-30,56800.00
5753,FISR,24.50,24.50,115326.00,ETF,ETF,23.00,44.00,34.00,23.00,0.12,0.12,203034.00,224650.00,26.38,24.26,0,NO,24.61,24.96,25.53,24.93,25.33,,1891,0.00,115326.00,NO,NO,2025-08-11,4989300.00
5754,MYCL,23.61,23.64,8.00,ETF,ETF,23.00,45.00,34.00,23.00,0.07,0.03,3512.00,2520.00,25.35,23.44,0,NO,23.71,24.06,24.62,24.01,24.43,,513,0.00,8.00,NO,NO,2025-03-20,166500.00
5755,GVA,112.50,113.83,451998.00,Industrials,Engineering & Construction,23.00,33.00,24.00,11.00,3.48,3.31,739385.00,699760.00,162.08,97.26,4998025216,NO,115.51,119.73,127.14,120.34,128.25,,9185,0.00,451998.00,NO,NO,2019-12-20,8582800.00
5756,AGGS,39.13,38.98,23.00,ETF,ETF,23.00,48.00,41.00,27.00,0.14,0.07,568.00,490.00,42.14,38.50,0,NO,39.33,39.89,40.68,39.81,40.38,,611,0.17,500.00,NO,NO,2024-05-02,312000.00
5757,EMB,91.17,90.96,8399198.00,ETF,ETF,23.00,32.00,27.00,24.00,0.65,0.54,6924651.00,11505470.00,97.80,89.69,0,NO,91.94,93.61,95.32,93.46,94.77,,4731,0.21,8399198.00,NO,NO,2026-03-12,39160000.00
5758,BSCW,19.69,19.72,312342.00,ETF,ETF,23.00,46.00,34.00,23.00,0.09,0.08,402689.00,525520.00,21.24,19.55,0,NO,19.74,20.04,20.51,20.01,20.35,,1025,0.00,312342.00,NO,NO,2026-09-21,2658800.00
5759,JBND,51.10,51.15,852084.00,ETF,ETF,23.00,42.00,33.00,23.00,0.32,0.29,1124548.00,2165150.00,55.78,50.70,0,NO,51.41,52.12,53.32,52.04,52.93,,751,0.00,852084.00,NO,NO,2025-12-17,7674700.00
5760,VTP,72.48,72.50,71985.00,ETF,ETF,23.00,27.00,30.00,22.00,0.43,0.36,57626.00,104920.00,79.36,71.97,0,NO,73.31,74.46,75.84,74.29,75.62,,316,0.00,71985.00,NO,NO,2026-10-05,443500.00
5761,HBMX,25.07,24.85,8556.00,ETF,ETF,23.00,90.00,41.00,,0.79,0.66,39417.00,21970.00,31.90,19.43,0,NO,24.37,23.87,,24.17,,,91,0.00,8556.00,NO,NO,2026-06-15,494400.00
5762,SHW,319.36,321.03,885430.00,Basic Materials,Specialty Chemicals,23.00,64.00,36.00,23.00,7.97,7.35,1791462.00,1607070.00,377.77,289.86,77527236608,NO,322.91,337.15,333.09,336.60,327.79,,11737,0.00,885430.00,NO,NO,2006-02-22,67457700.00
5763,FPAS,23.91,23.86,7.00,ETF,ETF,23.00,52.00,38.00,23.00,0.09,0.03,1381.00,3670.00,25.60,23.69,0,NO,23.93,24.26,24.79,24.20,24.58,,483,0.00,100.00,NO,NO,2026-06-11,174600.00
5764,IBTM,21.76,21.77,206742.00,ETF,ETF,23.00,45.00,35.00,23.00,0.10,0.09,162120.00,349620.00,23.46,21.62,0,NO,21.84,22.16,22.68,22.13,22.50,,1069,0.00,206742.00,NO,NO,2025-09-04,2313800.00
5765,PTBD,18.43,18.42,26307.00,ETF,ETF,23.00,36.00,33.00,26.00,0.10,0.08,18287.00,49100.00,19.83,18.32,0,NO,18.59,18.87,19.14,18.85,19.02,,1750,0.00,26307.00,NO,NO,2022-04-29,2457300.00
5766,ISWN,20.84,20.75,569.00,ETF,ETF,23.00,20.00,25.00,18.00,0.22,0.12,2048.00,3210.00,24.46,20.66,0,NO,21.28,21.99,22.10,21.98,22.03,,1434,0.05,569.00,NO,NO,2021-01-26,1069800.00
5767,BBAG,43.85,43.84,63066.00,ETF,ETF,23.00,44.00,33.00,23.00,0.22,0.20,133207.00,256160.00,47.18,43.48,0,NO,44.07,44.68,45.75,44.61,45.40,,1965,0.00,63066.00,NO,NO,2023-06-23,6984200.00
5768,TPG,45.26,45.24,3255858.00,Financial Services,Asset Management,23.00,24.00,81.00,82.00,1.45,1.40,2660320.00,2530130.00,70.38,36.95,17677078528,NO,45.24,48.69,47.28,48.95,44.31,,1189,0.00,3255858.00,NO,NO,2022-01-13,14928500.00
5769,VPFF,23.98,24.23,11.00,ETF,ETF,23.00,26.00,,,0.10,0.01,842.00,150.00,25.50,23.98,0,NO,24.53,24.92,,24.87,,,60,0.00,200.00,NO,NO,2026-07-15,28100.00
5770,FTRB,24.01,24.01,487988.00,ETF,ETF,23.00,37.00,33.00,23.00,0.13,0.12,250040.00,386320.00,25.79,23.86,0,NO,24.18,24.52,25.06,24.49,24.88,,694,0.00,487988.00,NO,NO,2026-01-06,2380900.00
5771,BEMB,50.89,50.82,373.00,ETF,ETF,23.00,33.00,30.00,25.00,0.23,0.13,1176.00,1820.00,54.79,50.36,0,NO,51.35,52.16,53.12,52.09,52.77,,910,0.06,373.00,NO,NO,2024-10-02,69200.00
5772,JNUG,149.20,140.49,267456.00,ETF,ETF,23.00,2.00,95.00,1.00,10.74,7.89,275815.00,239200.00,363.55,99.42,0,NO,159.63,170.73,196.35,176.26,167.57,,3274,3.72,267456.00,NO,NO,2020-03-19,10465210.00
5773,KWH,23.85,23.68,338.00,ETF,ETF,22.00,31.00,,,0.20,0.08,40583.00,1760.00,25.78,23.46,0,NO,23.84,24.55,,24.58,,,62,0.00,338.00,NO,NO,2026-07-15,1351200.00
5774,TDTF,22.77,22.81,465308.00,ETF,ETF,22.00,43.00,35.00,20.00,0.09,0.08,205851.00,453250.00,24.41,22.63,0,NO,22.81,23.11,23.78,23.07,23.64,,3784,0.00,465308.00,NO,NO,2019-03-06,4995500.00
5775,DB,33.68,33.63,1746152.00,Financial Services,Banks - Regional,22.00,2.00,27.00,51.00,0.84,0.58,1944962.00,2372950.00,41.62,28.12,63284723712,NO,36.32,37.94,35.18,37.98,34.50,,7520,0.00,1746152.00,NO,NO,2016-09-30,78597344.00
5776,TAGG,40.66,40.63,131739.00,ETF,ETF,22.00,42.00,33.00,23.00,0.23,0.21,235392.00,226440.00,43.72,40.30,0,NO,40.86,41.44,42.40,41.37,42.08,,1263,0.00,131739.00,NO,NO,2025-04-08,5320700.00
5777,VCRB,73.68,73.61,986155.00,ETF,ETF,22.00,42.00,33.00,23.00,0.35,0.33,716942.00,1091330.00,79.18,73.09,0,NO,74.09,75.15,76.88,75.04,76.32,,707,0.00,986155.00,NO,NO,2024-09-11,5911900.00
5778,JMTG,48.34,48.32,605148.00,ETF,ETF,22.00,38.00,31.00,22.00,0.27,0.25,650890.00,1160370.00,52.04,47.94,0,NO,48.62,49.42,50.51,49.35,50.17,,323,0.00,605148.00,NO,NO,2026-03-30,6274500.00
5779,BANX,19.64,19.73,22402.00,Financial Services,Asset Management,22.00,14.00,42.00,44.00,0.63,0.61,37548.00,47310.00,22.50,18.45,190291616,NO,20.36,20.56,20.14,20.49,19.90,,3249,0.00,22402.00,NO,NO,2014-11-04,390800.00
5780,IDEF,31.18,30.70,1017935.00,ETF,ETF,22.00,51.00,49.00,14.00,0.45,0.38,1081664.00,762500.00,36.88,28.54,0,NO,31.58,32.81,33.36,32.78,32.78,,349,0.78,1017935.00,NO,NO,2026-03-12,82433400.00
5781,DRD,24.87,24.10,155206.00,Basic Materials,Gold,22.00,9.00,91.00,4.00,0.74,0.57,292001.00,235070.00,39.37,19.47,2160597760,NO,24.99,25.84,28.13,26.34,25.82,,8156,2.24,155206.00,NO,NO,2020-06-19,6841700.00
5782,UCRD,20.50,20.50,1000.00,ETF,ETF,22.00,44.00,33.00,24.00,0.06,0.02,932.00,1730.00,22.04,20.45,0,NO,20.66,20.92,21.40,20.89,21.25,,1259,0.00,1000.00,NO,NO,2021-10-05,4030800.00
5783,LQDB,82.35,82.37,1568.00,ETF,ETF,22.00,43.00,34.00,24.00,0.31,0.23,2839.00,2310.00,88.86,81.76,0,NO,82.89,83.93,85.91,83.80,85.28,,1353,0.00,1568.00,NO,NO,2023-03-21,595000.00
5784,GARA,25.34,25.61,8.00,ETF,ETF,22.00,18.00,19.00,14.00,0.17,0.01,121.00,100.00,28.45,25.00,0,NO,26.01,26.94,,26.75,27.30,,199,0.00,100.00,NO,NO,2025-12-22,12200.00
5785,BYLD,21.57,21.57,62234.00,ETF,ETF,22.00,37.00,31.00,24.00,0.12,0.11,90670.00,207700.00,23.14,21.39,0,NO,21.73,22.06,22.51,22.02,22.36,,3135,0.00,62234.00,NO,NO,2026-03-25,2273100.00
5786,BD,23.86,23.87,638.00,ETF,ETF,22.00,41.00,28.00,,0.08,0.02,490.00,1050.00,25.19,23.74,0,NO,24.02,24.44,,24.39,,,77,0.00,638.00,NO,NO,2026-06-23,9500.00
5787,ZCBB,48.94,47.23,4.00,ETF,ETF,22.00,50.00,36.00,21.00,0.10,0.00,100.00,100.00,50.95,47.13,0,NO,47.49,48.18,,48.04,48.90,,188,0.00,100.00,NO,NO,2026-01-12,10000.00
5788,CGCB,25.06,25.07,1646255.00,ETF,ETF,22.00,42.00,33.00,23.00,0.15,0.13,1571864.00,1782410.00,26.91,24.85,0,NO,25.21,25.57,26.15,25.54,25.96,,761,0.00,1646255.00,NO,NO,2026-08-11,24371100.00
5789,XLCI,23.34,23.67,2458.00,ETF,ETF,22.00,49.00,43.00,24.00,0.22,0.13,3078.00,3390.00,25.71,22.61,0,NO,23.76,23.68,24.29,23.67,23.92,,302,0.00,2458.00,NO,NO,2025-07-30,40900.00
5790,BCPL,23.68,23.75,44565.00,ETF,ETF,22.00,38.00,31.00,23.00,0.20,0.18,72475.00,112650.00,26.56,23.02,0,NO,23.90,24.25,,24.20,24.59,,188,0.00,44565.00,NO,NO,2026-03-05,605800.00
5791,JCPB,44.74,44.77,3093270.00,ETF,ETF,22.00,40.00,33.00,23.00,0.23,0.22,2469956.00,5376570.00,48.17,44.40,0,NO,45.04,45.69,46.74,45.61,46.39,,1907,0.00,3093270.00,NO,NO,2026-09-29,9354500.00
5792,GBND,48.10,48.07,59128.00,ETF,ETF,22.00,37.00,31.00,23.00,0.25,0.23,51231.00,78490.00,53.84,47.64,0,NO,48.44,49.16,50.26,49.08,49.93,,325,0.00,59128.00,NO,NO,2026-04-16,7237000.00
5793,FTBD,47.01,46.95,5478.00,ETF,ETF,22.00,41.00,32.00,23.00,0.27,0.21,3570.00,2710.00,50.56,46.58,0,NO,47.32,47.99,49.06,47.91,48.73,,930,0.10,5478.00,NO,NO,2023-01-26,297900.00
5794,NUHY,20.46,20.45,13515.00,ETF,ETF,22.00,33.00,29.00,25.00,0.11,0.09,22035.00,50220.00,21.85,20.23,0,NO,20.64,20.99,21.31,20.96,21.20,,1769,0.02,13515.00,NO,NO,2019-12-16,967500.00
5795,PBD,16.75,16.51,80047.00,ETF,ETF,22.00,24.00,16.00,11.00,0.27,0.18,121329.00,58710.00,22.58,14.98,0,NO,16.95,17.55,18.54,17.60,18.90,,4863,0.00,80047.00,NO,NO,2026-08-31,3734100.00
5796,GCOR,39.25,39.25,377480.00,ETF,ETF,22.00,40.00,33.00,22.00,0.21,0.18,65401.00,75090.00,42.22,38.91,0,NO,39.51,40.08,40.99,40.02,40.70,,1523,0.00,377480.00,NO,NO,2025-04-23,4104700.00
5797,HFSI,33.61,33.62,390868.00,ETF,ETF,22.00,32.00,30.00,26.00,0.16,0.13,276104.00,333580.00,36.03,33.42,0,NO,33.93,34.49,35.10,34.42,34.87,,1268,0.00,390868.00,NO,NO,2026-01-08,1778200.00
5798,BTOT,47.30,47.28,599.00,ETF,ETF,22.00,42.00,32.00,23.00,0.13,0.07,1221.00,2770.00,50.98,46.97,0,NO,47.55,48.29,49.41,48.22,49.06,,207,0.00,599.00,NO,NO,2026-06-12,30300.00
5799,VMBS,44.53,44.43,2529151.00,ETF,ETF,22.00,38.00,31.00,22.00,0.33,0.31,1806015.00,3425140.00,47.90,43.95,0,NO,44.76,45.55,46.57,45.48,46.28,,4245,0.00,2529151.00,NO,NO,2025-04-22,109432000.00
5800,FXD,65.19,65.15,2707.00,ETF,ETF,22.00,55.00,25.00,33.00,0.70,0.61,11804.00,12480.00,72.50,61.86,0,NO,64.98,67.69,67.95,67.59,67.40,,4886,0.00,2707.00,NO,NO,2016-11-11,25408100.00
5801,GMNY,47.69,47.55,22175.00,ETF,ETF,22.00,42.00,26.00,24.00,0.24,0.19,11218.00,27480.00,50.86,47.38,0,NO,48.01,48.86,49.80,48.79,49.58,,520,0.00,22175.00,NO,NO,2025-07-17,266400.00
5802,DRSK,27.27,27.26,163258.00,ETF,ETF,22.00,35.00,27.00,34.00,0.21,0.17,173715.00,144790.00,30.15,26.95,0,NO,27.50,28.11,28.38,28.05,28.41,,2053,0.00,163258.00,NO,NO,2024-09-19,2933600.00
5803,PAB,40.35,40.36,7051.00,ETF,ETF,22.00,40.00,33.00,23.00,0.22,0.20,19096.00,25330.00,43.55,40.05,0,NO,40.57,41.14,42.12,41.09,41.79,,1379,0.00,7051.00,NO,NO,2026-05-19,1062000.00
5804,BSJY,23.86,23.90,162.00,ETF,ETF,22.00,27.00,26.00,,0.10,0.07,2084.00,6310.00,25.25,23.70,0,NO,24.09,24.61,,24.58,,,85,0.00,162.00,NO,NO,2026-09-25,21800.00
5805,BNDS,48.31,48.15,20006.00,ETF,ETF,22.00,26.00,27.00,23.00,0.26,0.22,28100.00,30950.00,52.01,48.15,0,NO,49.27,49.83,50.57,49.79,50.37,,436,0.10,20006.00,NO,NO,2026-06-11,120100.00
5806,GTOC,23.98,23.97,53306.00,ETF,ETF,22.00,41.00,33.00,23.00,0.08,0.05,44567.00,141400.00,25.74,23.83,0,NO,24.10,24.45,25.01,24.42,24.83,,307,0.00,53306.00,NO,NO,2026-06-23,6413100.00
5807,CGPT,19.13,19.18,315.00,ETF,ETF,22.00,84.00,,,0.34,0.03,997.00,400.00,20.86,17.39,0,NO,19.52,,,,,,41,0.00,315.00,NO,NO,2026-08-19,7100.00
5808,JHCR,24.09,24.11,64555.00,ETF,ETF,22.00,39.00,31.00,22.00,0.16,0.15,199068.00,167730.00,25.90,23.89,0,NO,24.25,24.63,25.17,24.59,25.01,,453,0.00,64555.00,NO,NO,2026-02-24,89193300.00
5809,TPLS,24.06,24.05,1340.00,ETF,ETF,22.00,41.00,33.00,23.00,0.11,0.08,11751.00,62440.00,26.00,23.85,0,NO,24.21,24.51,25.11,24.48,24.91,,422,0.00,1340.00,NO,NO,2025-02-05,397000.00
5810,JXI,79.57,79.02,28836.00,ETF,ETF,22.00,39.00,20.00,12.00,0.87,0.75,47239.00,38250.00,90.09,76.18,0,NO,78.39,80.74,83.62,80.55,83.79,,5043,0.01,28836.00,NO,NO,2019-01-29,4147400.00
5811,VBCI,71.35,71.38,1929.00,ETF,ETF,22.00,39.00,28.00,19.00,0.37,0.30,3179.00,3070.00,76.58,70.66,0,NO,71.81,73.06,,72.91,,,137,0.00,1929.00,NO,NO,2026-09-24,46400.00
5812,IBCB,23.68,23.69,114593.00,ETF,ETF,22.00,39.00,28.00,19.00,0.17,0.15,103775.00,148380.00,25.48,23.39,0,NO,23.84,24.25,,24.20,,,137,0.00,114593.00,NO,NO,2026-08-21,950700.00
5813,ERET,26.85,26.68,10.00,ETF,ETF,22.00,20.00,17.00,20.00,0.15,0.09,1729.00,1450.00,30.92,26.50,0,NO,27.28,28.35,28.45,28.25,28.60,,975,0.00,10.00,NO,NO,2025-09-11,77600.00
5814,BSJV,25.18,25.16,35107.00,ETF,ETF,22.00,38.00,30.00,25.00,0.21,0.20,40465.00,49730.00,26.91,24.95,0,NO,25.34,25.73,26.20,25.70,26.02,,767,0.00,35107.00,NO,NO,2024-02-05,335000.00
5815,AROC,30.28,30.34,991928.00,Energy,Oil & Gas Equipment & Services,22.00,13.00,4.00,8.00,0.85,0.85,1744726.00,1479610.00,42.23,22.88,5309240320,NO,30.56,31.99,33.84,31.89,35.08,,4815,0.00,991928.00,NO,NO,2018-04-27,19724500.00
5816,BMRN,54.79,54.89,2146354.00,Healthcare,Biotechnology,22.00,2.00,18.00,43.00,1.56,1.53,2044548.00,2333370.00,70.98,49.26,10606873600,NO,60.47,63.49,58.69,63.09,58.39,,6845,0.00,2146354.00,NO,NO,2020-08-19,34099100.00
5817,FSEC,41.86,41.76,917559.00,ETF,ETF,22.00,36.00,30.00,23.00,0.34,0.31,388235.00,631510.00,44.99,41.45,0,NO,42.13,42.84,43.75,42.78,43.48,,1406,0.00,917559.00,NO,NO,2025-03-21,7148400.00
5818,INVH,26.79,26.48,4510923.00,Real Estate,REIT - Residential,22.00,29.00,12.00,49.00,0.45,0.44,4590451.00,5574260.00,30.89,24.25,15822796800,NO,26.71,28.41,27.83,28.23,28.30,,2436,0.57,4510923.00,NO,NO,2022-09-16,97902400.00
5819,IONQ,39.89,39.45,13151483.00,Technology,Computer Hardware,22.00,91.00,67.00,91.00,2.66,2.53,21254593.00,21813380.00,84.64,25.89,16160861184,NO,41.61,41.33,43.27,41.93,44.15,,1449,0.00,13151483.00,YES,NO,2025-01-08,128343800.00
5820,TSIC,24.03,23.61,253.00,ETF,ETF,22.00,60.00,34.00,18.00,0.18,0.05,465.00,670.00,27.34,23.28,0,NO,23.96,24.81,,24.74,25.12,,195,1.83,700.00,NO,NO,2025-12-30,29500.00
5821,PRIV,24.00,23.98,10535.00,ETF,ETF,22.00,36.00,33.00,22.00,0.13,0.11,39923.00,17130.00,25.79,23.81,0,NO,24.17,24.52,25.08,24.49,24.91,,407,0.00,10535.00,NO,NO,2026-02-02,15758300.00
5822,RVII,21.87,21.94,77713.00,Financial Services,Asset Management,22.00,6.00,,,0.59,0.57,285967.00,132130.00,25.24,21.27,198281824,YES,22.31,,,,,,41,0.00,77713.00,NO,NO,2026-08-13,2347900.00
5823,FLCB,20.41,20.43,1051290.00,ETF,ETF,22.00,41.00,33.00,22.00,0.11,0.10,485521.00,776300.00,21.96,20.25,0,NO,20.54,20.83,21.32,20.80,21.16,,1774,0.00,1051290.00,NO,NO,2022-06-17,13667800.00
5824,ABND,41.67,41.66,78783.00,ETF,ETF,22.00,37.00,31.00,23.00,0.19,0.15,31121.00,72270.00,44.80,41.37,0,NO,41.98,42.65,43.57,42.57,43.25,,1325,0.00,78783.00,NO,NO,2023-10-25,450000.00
5825,NCPB,23.81,23.79,2230.00,ETF,ETF,22.00,38.00,32.00,23.00,0.08,0.04,10379.00,18550.00,25.74,23.64,0,NO,23.98,24.31,24.88,24.28,24.69,,652,0.00,2230.00,NO,NO,2024-03-06,400500.00
5826,BLDX,24.70,24.67,643.00,ETF,ETF,22.00,31.00,24.00,16.00,0.20,0.12,11796.00,3000.00,32.25,24.31,0,NO,24.83,25.60,,25.57,26.04,,173,0.00,643.00,NO,NO,2026-09-23,581400.00
5827,CPLB,20.04,20.07,174238.00,ETF,ETF,22.00,38.00,32.00,23.00,0.11,0.09,84053.00,55340.00,21.60,19.88,0,NO,20.20,20.48,20.93,20.45,20.77,,1327,0.00,174238.00,NO,NO,2024-10-03,5889200.00
5828,BNDC,21.09,21.09,12987.00,ETF,ETF,22.00,42.00,33.00,23.00,0.12,0.09,10357.00,13780.00,22.73,20.95,0,NO,21.23,21.53,22.04,21.49,21.87,,2469,0.00,12987.00,NO,NO,2020-05-11,1018500.00
5829,TIP,104.42,104.52,2579963.00,ETF,ETF,22.00,39.00,34.00,19.00,0.44,0.42,1878426.00,2196340.00,112.24,103.76,0,NO,104.74,106.11,109.19,105.93,108.57,,5747,0.00,2579963.00,NO,NO,2022-02-01,18785900.00
5830,SIM,28.70,28.70,185.00,Basic Materials,Steel,22.00,92.00,33.00,7.00,0.73,0.41,15976.00,15080.00,34.59,26.00,4403022336,NO,27.74,28.63,29.74,28.56,29.40,,8374,0.00,5300.00,NO,NO,2007-02-09,4092500.00
5831,HISF,42.53,42.49,17832.00,ETF,ETF,22.00,38.00,32.00,24.00,0.21,0.17,9931.00,21620.00,45.62,42.15,0,NO,42.74,43.40,44.36,43.34,44.00,,3057,0.00,17832.00,NO,NO,2022-03-01,380200.00
5832,UITB,44.65,44.66,154475.00,ETF,ETF,22.00,41.00,32.00,23.00,0.22,0.19,202251.00,374560.00,48.05,44.48,0,NO,44.98,45.63,46.68,45.54,46.32,,2249,0.00,154475.00,NO,NO,2026-01-27,2555200.00
5833,OACP,21.72,21.75,993850.00,ETF,ETF,22.00,40.00,32.00,24.00,0.12,0.10,55368.00,70250.00,23.77,21.58,0,NO,21.87,22.17,22.68,22.14,22.51,,1136,0.00,993850.00,NO,NO,2022-03-31,1589700.00
5834,GCAL,48.47,48.36,43669.00,ETF,ETF,22.00,40.00,26.00,24.00,0.33,0.27,44646.00,115010.00,52.09,48.00,0,NO,48.83,49.72,50.67,49.65,50.43,,551,0.00,43669.00,NO,NO,2025-07-17,1384300.00
5835,RTOO,23.90,23.51,3116.00,ETF,ETF,22.00,61.00,,,0.45,0.27,6960.00,3460.00,27.58,22.01,0,NO,24.03,24.54,,24.63,,,61,1.28,3116.00,NO,NO,2026-07-17,56900.00
5836,WOOD,66.69,66.11,8140.00,ETF,ETF,22.00,16.00,49.00,17.00,0.91,0.68,25076.00,23630.00,83.32,64.53,0,NO,68.60,70.65,71.10,70.60,69.18,,4602,0.00,8140.00,NO,NO,2025-01-08,662800.00
5837,BKAG,39.99,40.01,142314.00,ETF,ETF,22.00,39.00,32.00,22.00,0.21,0.19,669417.00,2497000.00,43.07,39.67,0,NO,40.27,40.86,41.81,40.80,41.50,,1624,0.00,142314.00,NO,NO,2023-12-18,26214700.00
5838,NUAG,20.00,20.00,206649.00,ETF,ETF,22.00,39.00,32.00,23.00,0.10,0.09,27904.00,65710.00,21.51,19.88,0,NO,20.14,20.42,20.90,20.40,20.76,,2531,0.00,206649.00,NO,NO,2021-01-12,8990500.00
5839,VBND,41.64,41.62,77688.00,ETF,ETF,22.00,38.00,30.00,24.00,0.21,0.17,23229.00,47660.00,45.25,41.34,0,NO,41.90,42.51,43.43,42.46,43.14,,3013,0.05,77688.00,NO,NO,2014-10-16,528900.00
5840,SIGI,84.22,85.13,253423.00,Financial Services,Insurance - Property & Casualty,22.00,12.00,9.00,56.00,1.64,1.59,477568.00,474570.00,100.40,72.78,5016911360,NO,86.09,90.17,86.96,89.97,88.54,,11737,0.00,253423.00,NO,NO,2019-09-20,10019000.00
5841,TCPB,48.46,48.44,25076.00,ETF,ETF,22.00,40.00,32.00,23.00,0.26,0.22,30776.00,57240.00,52.25,47.92,0,NO,48.75,49.47,50.60,49.39,50.23,,413,0.00,25076.00,NO,NO,2025-04-21,4332100.00
5842,LMT,509.59,507.89,801350.00,Industrials,Aerospace & Defense,22.00,22.00,40.00,7.00,10.15,10.08,1135729.00,1082940.00,692.00,437.25,117608660992,NO,519.06,549.08,563.66,544.15,548.38,,16301,0.00,801350.00,NO,NO,1991-03-18,40678280.00
5843,TR,37.48,37.59,109932.00,Consumer Defensive,Confectioners,22.00,33.00,45.00,8.00,0.66,0.65,160387.00,197480.00,45.06,33.44,2817111296,NO,37.73,39.13,39.43,39.16,39.88,,11737,0.00,109932.00,NO,NO,2021-01-27,8642431.00
5844,UNIY,46.26,46.25,3638.00,ETF,ETF,22.00,41.00,32.00,23.00,0.12,0.00,13256.00,26390.00,49.87,46.02,0,NO,46.51,47.17,48.29,47.10,47.93,,922,0.01,3638.00,NO,NO,2023-04-25,2066500.00
5845,FALN,25.92,25.88,909424.00,ETF,ETF,22.00,34.00,29.00,26.00,0.15,0.12,780117.00,1178070.00,27.77,25.61,0,NO,26.16,26.62,27.03,26.58,26.86,,2591,0.12,909424.00,NO,NO,2021-10-21,29882400.00
5846,MILK,23.41,23.44,7950.00,ETF,ETF,22.00,37.00,31.00,25.00,0.14,0.12,5985.00,8300.00,25.95,23.13,0,NO,23.59,23.93,24.38,23.89,24.24,,453,0.00,7950.00,NO,NO,2025-04-15,101000.00
5847,IFLN,17.52,17.50,30207.00,ETF,ETF,22.00,32.00,30.00,25.00,0.10,0.09,40156.00,80780.00,18.73,17.33,0,NO,17.66,17.98,18.25,17.96,18.13,,4754,0.06,30207.00,NO,NO,2021-10-27,10932500.00
5848,ALX,240.99,241.48,43434.00,Real Estate,REIT - Retail,22.00,18.00,10.00,31.00,4.60,4.48,37117.00,43230.00,289.43,201.28,1230805888,NO,245.90,258.87,250.16,257.26,254.99,,13523,0.00,43434.00,NO,NO,2026-02-09,395200.00
5849,NGHT,22.91,22.62,41354.00,ETF,ETF,22.00,83.00,83.00,,0.57,0.33,12337.00,6590.00,31.42,14.75,0,NO,21.91,21.82,,21.96,,,129,0.00,41354.00,NO,NO,2026-05-04,539800.00
5850,INMU,22.92,22.85,1196998.00,ETF,ETF,22.00,44.00,25.00,23.00,0.19,0.17,443787.00,1047760.00,24.58,22.65,0,NO,23.02,23.43,23.97,23.40,23.83,,1397,0.22,1196998.00,NO,NO,2026-09-22,3914500.00
5851,HCRB,33.43,33.47,23267.00,ETF,ETF,22.00,37.00,32.00,22.00,0.17,0.15,49226.00,150160.00,36.05,33.20,0,NO,33.64,34.15,34.95,34.10,34.68,,1669,0.00,23267.00,NO,NO,2021-07-14,2634300.00
5852,IGIC,24.59,24.86,55974.00,Financial Services,Insurance - Diversified,21.00,16.00,9.00,24.00,0.49,0.48,93875.00,111360.00,29.59,20.82,1044256128,NO,24.83,25.98,25.57,25.94,25.92,,2138,0.00,55974.00,NO,NO,2019-10-11,7038300.00
5853,DFCF,40.27,40.31,1857638.00,ETF,ETF,21.00,41.00,31.00,22.00,0.24,0.21,1760604.00,3437350.00,43.27,39.94,0,NO,40.47,41.11,42.07,41.04,41.78,,1229,0.00,1857638.00,NO,NO,2026-09-29,9342400.00
5854,IFV,24.35,24.21,13219.00,ETF,ETF,21.00,15.00,29.00,13.00,0.35,0.25,44785.00,17640.00,28.70,23.19,0,NO,25.11,25.70,26.35,25.74,26.32,,3073,0.00,13219.00,NO,NO,2015-08-21,2447500.00
5855,INVG,24.22,24.23,846.00,ETF,ETF,21.00,43.00,32.00,24.00,0.09,0.04,1593.00,680.00,26.24,23.98,0,NO,24.37,24.70,25.30,24.66,25.10,,340,0.00,846.00,NO,NO,2025-11-03,157400.00
5856,SPMB,21.19,21.16,2526789.00,ETF,ETF,21.00,37.00,30.00,21.00,0.16,0.15,1438523.00,2650250.00,22.87,20.92,0,NO,21.30,21.69,22.19,21.65,22.05,,4451,0.00,2526789.00,NO,NO,2020-02-12,15216600.00
5857,FIMU,19.07,19.03,8022.00,ETF,ETF,21.00,42.00,27.00,,0.19,0.16,11729.00,33030.00,20.27,18.90,0,NO,19.18,19.51,,19.48,,,79,0.00,8022.00,NO,NO,2026-06-18,95300.00
5858,GTO,44.74,44.72,218616.00,ETF,ETF,21.00,40.00,31.00,23.00,0.21,0.19,283175.00,522620.00,47.98,44.42,0,NO,44.98,45.67,46.73,45.61,46.39,,2680,0.00,218616.00,NO,NO,2026-02-27,2670400.00
5859,USIG,48.77,48.79,1665319.00,ETF,ETF,21.00,43.00,33.00,23.00,0.26,0.24,2227712.00,2791860.00,52.72,48.30,0,NO,49.08,49.75,50.98,49.67,50.58,,4968,0.00,1665319.00,NO,NO,2025-09-22,15239200.00
5860,PFGC,94.88,94.72,912420.00,Consumer Defensive,Food Distribution,21.00,64.00,7.00,59.00,1.87,1.83,1593487.00,1272920.00,117.47,80.82,14903034880,NO,92.17,99.73,96.89,99.28,98.75,,2773,0.00,912420.00,NO,NO,2021-09-02,24592100.00
5861,TAXE,48.64,48.52,149648.00,ETF,ETF,21.00,41.00,26.00,23.00,0.31,0.25,82082.00,277760.00,52.03,48.04,0,NO,48.87,49.74,50.86,49.68,50.58,,566,0.14,149648.00,NO,NO,2026-09-28,491500.00
5862,PRFD,48.76,48.73,13203.00,ETF,ETF,21.00,32.00,29.00,24.00,0.32,0.26,22935.00,32040.00,52.60,48.24,0,NO,49.31,50.03,50.99,49.93,50.64,,935,0.00,13203.00,NO,NO,2023-05-23,1353900.00
5863,AVIG,39.45,39.44,325902.00,ETF,ETF,21.00,42.00,32.00,22.00,0.20,0.19,454526.00,1059970.00,42.54,39.14,0,NO,39.65,40.28,41.28,40.21,40.96,,1503,0.00,325902.00,NO,NO,2026-10-05,3381800.00
5864,DADS,19.15,19.17,231.00,ETF,ETF,21.00,21.00,31.00,36.00,0.15,0.06,2868.00,2060.00,22.50,18.24,0,NO,19.79,19.90,19.99,19.90,20.11,,297,0.00,231.00,NO,NO,2026-07-07,81300.00
5865,IWMW,37.38,37.14,8155.00,ETF,ETF,21.00,28.00,26.00,36.00,0.34,0.27,14710.00,10500.00,41.81,36.21,0,NO,37.95,39.04,38.81,38.98,38.67,,645,0.40,8155.00,NO,NO,2026-01-20,104000.00
5866,GHYG,43.41,43.30,3226.00,ETF,ETF,21.00,29.00,30.00,24.00,0.26,0.22,14678.00,13080.00,46.87,43.07,0,NO,43.86,44.65,45.34,44.59,45.02,,3648,0.16,3226.00,NO,NO,2017-01-18,552600.00
5867,MBB,89.79,89.73,3817710.00,ETF,ETF,21.00,39.00,31.00,21.00,0.67,0.64,4227198.00,6976040.00,96.97,88.58,0,NO,90.27,91.88,94.11,91.75,93.45,,4924,0.00,3817710.00,NO,NO,2026-09-22,60949200.00
5868,MNBD,24.74,24.62,12322.00,ETF,ETF,21.00,40.00,26.00,23.00,0.18,0.11,5237.00,7400.00,26.46,24.43,0,NO,24.86,25.30,25.84,25.28,25.70,,1101,0.00,12322.00,NO,NO,2022-05-20,799400.00
5869,GIGB,43.59,43.60,695839.00,ETF,ETF,21.00,42.00,32.00,23.00,0.23,0.19,68746.00,87660.00,47.16,43.15,0,NO,43.86,44.47,45.59,44.39,45.24,,2348,0.00,695839.00,NO,NO,2025-04-09,2212300.00
5870,LSTB,23.92,23.86,6.00,ETF,ETF,21.00,40.00,29.00,,0.08,0.02,640.00,520.00,25.20,23.75,0,NO,24.15,24.49,,24.41,,,74,0.00,100.00,NO,NO,2026-06-26,2040600.00
5871,DEED,20.37,20.37,5532.00,ETF,ETF,21.00,34.00,28.00,23.00,0.12,0.10,28793.00,7220.00,22.03,20.21,0,NO,20.51,20.85,21.32,20.81,21.15,,1620,0.00,5532.00,NO,NO,2021-10-19,979900.00
5872,NBTR,47.72,47.73,514.00,ETF,ETF,21.00,39.00,32.00,23.00,0.17,0.09,1896.00,3970.00,51.62,47.38,0,NO,47.96,48.66,49.83,48.57,49.44,,453,0.00,514.00,NO,NO,2024-12-18,990100.00
5873,AFIX,23.68,23.68,5807.00,ETF,ETF,21.00,42.00,32.00,22.00,0.12,0.08,23151.00,13510.00,25.59,23.51,0,NO,23.80,24.16,24.75,24.12,24.56,,379,0.00,5807.00,NO,NO,2026-04-21,2053800.00
5874,FBND,43.45,43.45,4328221.00,ETF,ETF,21.00,39.00,31.00,22.00,0.26,0.24,3805967.00,5928570.00,46.86,43.11,0,NO,43.75,44.41,45.44,44.33,45.11,,3018,0.00,4328221.00,NO,NO,2024-10-28,47256600.00
5875,MTGP,42.11,42.05,4547.00,ETF,ETF,21.00,35.00,29.00,21.00,0.27,0.24,10006.00,12080.00,46.17,41.48,0,NO,42.42,43.11,44.02,43.03,43.73,,1719,0.00,4547.00,NO,NO,2026-03-16,214100.00
5876,ODFL,181.97,181.65,1463166.00,Industrials,Trucking,21.00,66.00,4.00,10.00,4.50,4.36,1741265.00,1874050.00,252.03,126.01,37843988480,NO,177.36,192.08,200.34,190.68,207.28,,8802,0.06,1463166.00,NO,NO,2019-12-06,46467600.00
5877,WTBN,24.02,24.02,7799.00,ETF,ETF,21.00,42.00,33.00,21.00,0.16,0.14,14354.00,30730.00,26.00,23.85,0,NO,24.14,24.49,25.10,24.45,24.92,,703,0.00,7799.00,NO,NO,2024-11-22,517200.00
5878,BRTR,47.81,47.83,143734.00,ETF,ETF,21.00,38.00,31.00,23.00,0.22,0.19,112028.00,194220.00,51.69,47.52,0,NO,48.15,48.90,50.05,48.82,49.66,,707,0.00,143734.00,NO,NO,2025-12-05,2983700.00
5879,EMHC,23.96,23.92,34006.00,ETF,ETF,21.00,32.00,27.00,23.00,0.17,0.13,56959.00,76180.00,25.86,23.57,0,NO,24.15,24.60,25.12,24.56,24.96,,1385,0.00,34006.00,NO,NO,2025-03-27,6481300.00
5880,JPMB,38.04,37.98,12208.00,ETF,ETF,21.00,31.00,28.00,24.00,0.24,0.18,24007.00,34780.00,40.90,37.53,0,NO,38.46,39.13,39.83,39.07,39.59,,2185,0.14,12208.00,NO,NO,2023-08-01,9750800.00
5881,MLDR,46.73,46.60,15.00,ETF,ETF,21.00,47.00,35.00,21.00,0.11,0.02,273.00,430.00,50.28,46.53,0,NO,46.94,47.62,48.72,47.47,48.28,,521,0.00,100.00,NO,NO,2025-12-29,17900.00
5882,JHCP,23.93,23.93,481019.00,ETF,ETF,21.00,40.00,31.00,21.00,0.14,0.12,253634.00,384280.00,26.14,23.71,0,NO,24.08,24.47,25.05,24.42,24.86,,453,0.00,481019.00,NO,NO,2026-07-13,2191700.00
5883,BSMV,20.01,19.91,59745.00,ETF,ETF,21.00,39.00,27.00,23.00,0.13,0.11,68146.00,131240.00,21.53,19.67,0,NO,20.06,20.46,20.92,20.44,20.77,,1247,0.35,59745.00,NO,NO,2023-10-30,396300.00
5884,EXR,134.65,133.12,1160991.00,Real Estate,REIT - Industrial,21.00,45.00,18.00,29.00,2.60,2.59,1287457.00,1453770.00,158.88,125.71,29717596160,NO,134.50,140.62,141.81,140.20,141.96,,5574,0.46,1160991.00,NO,NO,2016-01-15,22998400.00
5885,CGMU,26.04,25.96,3085491.00,ETF,ETF,21.00,41.00,25.00,23.00,0.17,0.14,2066082.00,4777410.00,27.93,25.73,0,NO,26.18,26.67,27.25,26.64,27.10,,991,0.19,3085491.00,NO,NO,2024-07-25,21003000.00
5886,GIGL,47.97,47.97,10641.00,ETF,ETF,21.00,38.00,30.00,23.00,0.25,0.22,52390.00,26250.00,51.97,47.32,0,NO,48.34,49.04,50.21,48.97,49.83,,325,0.00,10641.00,NO,NO,2026-04-16,2007500.00
5887,MYCM,23.47,23.49,156.00,ETF,ETF,21.00,42.00,31.00,22.00,0.07,0.03,1207.00,440.00,25.30,23.33,0,NO,23.60,23.96,24.56,23.92,24.37,,513,0.00,156.00,NO,NO,2025-03-20,131400.00
5888,CWCO,30.58,30.33,104783.00,Utilities,Utilities - Regulated Water,21.00,92.00,79.00,9.00,0.76,0.74,90040.00,105780.00,39.12,27.23,489673408,NO,28.82,29.39,32.15,29.52,30.41,,7980,0.33,104783.00,NO,NO,2023-06-23,2216500.00
5889,BSCA,19.01,19.04,42559.00,ETF,ETF,21.00,37.00,26.00,,0.12,0.10,35537.00,81310.00,20.33,18.81,0,NO,19.13,19.48,,19.45,,,85,0.00,42559.00,NO,NO,2026-09-15,256600.00
5890,VTEI,95.65,95.27,554118.00,ETF,ETF,21.00,45.00,26.00,23.00,0.62,0.53,241123.00,778730.00,102.66,94.39,0,NO,95.91,97.68,100.05,97.55,99.41,,677,0.25,554118.00,NO,NO,2026-10-01,1541800.00
5891,EURL,40.78,39.98,13855.00,ETF,ETF,21.00,4.00,15.00,15.00,1.45,1.00,15270.00,22880.00,52.77,32.90,0,NO,43.45,47.58,45.31,47.50,45.17,,3199,1.79,13855.00,NO,NO,2016-06-24,1294200.00
5892,LSCP,23.89,23.83,16.00,ETF,ETF,21.00,38.00,29.00,,0.07,0.02,740.00,110.00,25.20,23.78,0,NO,24.11,24.49,,24.41,,,74,0.00,100.00,NO,NO,2026-06-26,1987600.00
5893,MUNI,49.79,49.59,1669263.00,ETF,ETF,21.00,44.00,26.00,23.00,0.30,0.26,717350.00,2235860.00,53.37,49.29,0,NO,50.02,50.95,52.10,50.89,51.81,,4230,0.22,1669263.00,NO,NO,2026-10-02,3914100.00
5894,IG,19.62,19.56,67984.00,ETF,ETF,21.00,42.00,32.00,23.00,0.13,0.12,41726.00,79810.00,21.36,19.36,0,NO,19.73,20.00,20.53,19.97,20.35,,2131,0.00,67984.00,NO,NO,2018-05-16,4000000.00
5895,PFF,29.38,29.37,2541776.00,ETF,ETF,21.00,37.00,34.00,24.00,0.23,0.20,2802510.00,3712660.00,32.02,29.15,0,NO,29.71,30.19,30.88,30.17,30.64,,4914,0.00,2541776.00,NO,NO,2020-03-12,21992700.00
5896,REG,72.05,71.48,1192882.00,Real Estate,REIT - Retail,21.00,20.00,13.00,15.00,0.94,0.94,1310150.00,1221160.00,83.66,66.86,13470377984,NO,72.58,74.95,76.40,74.51,77.39,,8292,0.22,1192882.00,NO,NO,2017-03-01,27410600.00
5897,MILN,43.44,43.19,5302.00,ETF,ETF,21.00,52.00,36.00,49.00,0.41,0.33,8001.00,6920.00,49.80,39.23,0,NO,42.98,44.77,44.12,44.79,43.74,,2622,0.12,5302.00,NO,NO,2019-08-09,534800.00
5898,FIGB,40.88,40.93,52566.00,ETF,ETF,21.00,41.00,31.00,22.00,0.30,0.29,125081.00,160980.00,44.20,40.50,0,NO,41.20,41.80,42.79,41.73,42.48,,1408,0.00,52566.00,NO,NO,2026-07-31,2839400.00
5899,SSFI,20.34,20.27,187.00,ETF,ETF,21.00,39.00,37.00,24.00,0.09,0.04,6443.00,21750.00,21.84,20.22,0,NO,20.54,20.84,21.28,20.80,21.15,,1262,0.00,15000.00,NO,NO,2026-04-02,375700.00
5900,EVIM,50.40,50.19,164911.00,ETF,ETF,21.00,43.00,25.00,24.00,0.31,0.26,73087.00,216010.00,54.20,49.91,0,NO,50.65,51.61,52.77,51.54,52.45,,518,0.40,164911.00,NO,NO,2026-09-30,563400.00
5901,PTRB,39.56,39.56,302668.00,ETF,ETF,21.00,39.00,31.00,22.00,0.22,0.19,180582.00,281710.00,42.78,39.26,0,NO,39.83,40.44,41.42,40.38,41.10,,1214,0.00,302668.00,NO,NO,2026-01-13,2721800.00
5902,EMFI,47.88,47.94,7.00,ETF,ETF,21.00,29.00,24.00,,0.28,0.05,562.00,1180.00,51.12,47.41,0,NO,48.60,49.41,,49.26,,,116,0.00,100.00,NO,NO,2026-04-23,338200.00
5903,SUSC,21.99,22.00,136249.00,ETF,ETF,21.00,42.00,32.00,22.00,0.12,0.11,257904.00,369290.00,23.85,10.60,0,NO,22.13,22.44,23.01,22.40,22.82,,2319,0.00,136249.00,NO,NO,2023-01-11,19020100.00
5904,CSL,320.36,321.25,311288.00,Industrials,Building Products & Equipment,21.00,29.00,30.00,15.00,11.01,10.37,546564.00,441950.00,432.91,293.43,12722819072,NO,323.04,346.39,351.95,345.99,347.31,,13523,0.00,311288.00,NO,NO,2026-08-31,3662700.00
5905,IBDY,24.52,24.55,209290.00,ETF,ETF,21.00,43.00,32.00,21.00,0.15,0.13,289004.00,323820.00,26.52,24.28,0,NO,24.65,25.03,25.67,24.98,25.46,,828,0.00,209290.00,NO,NO,2025-02-10,3083700.00
5906,RSBA,19.95,19.95,8270.00,ETF,ETF,21.00,46.00,26.00,26.00,0.10,0.09,13990.00,17510.00,21.75,19.70,0,NO,20.01,20.33,20.75,20.29,20.65,,453,0.00,8270.00,NO,NO,2026-01-20,400700.00
5907,GQRE,59.23,58.75,16821.00,ETF,ETF,21.00,19.00,16.00,20.00,0.52,0.42,25035.00,15190.00,67.49,58.11,0,NO,60.09,62.43,62.87,62.17,63.22,,3250,0.39,16821.00,NO,NO,2026-09-15,709600.00
5908,SMTH,24.55,24.60,726673.00,ETF,ETF,21.00,36.00,30.00,22.00,0.13,0.12,943232.00,1237720.00,26.47,24.34,0,NO,24.74,25.09,25.67,25.05,25.47,,713,0.00,726673.00,NO,NO,2026-09-14,20226000.00
5909,GPRF,47.88,47.95,8289.00,ETF,ETF,21.00,36.00,31.00,24.00,0.20,0.12,15937.00,31880.00,52.41,47.60,0,NO,48.35,48.96,50.05,48.92,49.66,,550,0.00,8289.00,NO,NO,2026-01-08,1424000.00
5910,ASHS,39.42,39.21,6923.00,ETF,ETF,21.00,18.00,14.00,17.00,0.48,0.18,7826.00,3510.00,48.68,34.59,0,NO,41.04,41.99,43.04,41.97,43.07,,3116,0.00,6923.00,NO,NO,2015-07-10,791600.00
5911,CORB,28.10,28.11,54026.00,ETF,ETF,21.00,41.00,31.00,21.00,0.14,0.12,120107.00,128470.00,30.36,27.90,0,NO,28.26,28.71,29.41,28.66,29.19,,230,0.00,54026.00,NO,NO,2026-01-15,868000.00
5912,SCCR,24.31,24.33,199211.00,ETF,ETF,21.00,40.00,31.00,21.00,0.13,0.12,395614.00,315550.00,26.25,24.12,0,NO,24.48,24.84,25.46,24.80,25.26,,422,0.00,199211.00,NO,NO,2025-09-03,22099800.00
5913,EVTR,48.38,48.40,790257.00,ETF,ETF,21.00,37.00,31.00,22.00,0.28,0.25,740856.00,1486970.00,52.15,47.97,0,NO,48.72,49.51,50.70,49.44,50.29,,639,0.00,790257.00,NO,NO,2026-08-18,3055200.00
5914,BSCX,20.13,20.16,194309.00,ETF,ETF,21.00,43.00,32.00,21.00,0.11,0.11,254420.00,408940.00,21.69,19.92,0,NO,20.20,20.51,21.05,20.48,20.87,,766,0.00,194309.00,NO,NO,2025-02-10,3677400.00
5915,UPAR,15.06,14.93,2896.00,ETF,ETF,21.00,16.00,27.00,13.00,0.18,0.08,9335.00,5020.00,17.71,14.77,0,NO,15.36,15.88,16.32,15.88,16.21,,1196,0.74,2896.00,NO,NO,2023-01-05,3306900.00
5916,EPV,19.16,19.41,9734.00,ETF,ETF,21.00,88.00,70.00,31.00,0.42,0.33,15809.00,21610.00,25.88,16.55,0,NO,18.58,17.68,19.32,17.69,18.89,,4354,0.00,9734.00,NO,NO,2022-10-04,594780.00
5917,SCHP,25.18,25.20,4820438.00,ETF,ETF,21.00,36.00,30.00,20.00,0.11,0.11,5544395.00,6723030.00,27.15,25.01,0,NO,25.29,25.67,26.37,25.62,26.24,,4070,0.00,4820438.00,NO,NO,2023-03-29,64819400.00
5918,BBCB,43.04,43.03,33710.00,ETF,ETF,21.00,41.00,32.00,22.00,0.19,0.14,8564.00,12790.00,46.73,42.64,0,NO,43.34,43.92,45.07,43.86,44.70,,1964,0.00,33710.00,NO,NO,2018-12-19,494500.00
5919,HTRB,32.17,32.15,528120.00,ETF,ETF,21.00,38.00,30.00,22.00,0.18,0.15,259053.00,304900.00,34.82,31.93,0,NO,32.39,32.88,33.67,32.83,33.41,,2270,0.00,528120.00,NO,NO,2026-01-20,6868300.00
5920,BKFI,22.75,22.80,39569.00,ETF,ETF,21.00,36.00,31.00,21.00,0.13,0.10,26456.00,61330.00,24.57,22.57,0,NO,22.95,23.27,,23.23,23.64,,188,0.00,39569.00,NO,NO,2026-05-06,529800.00
5921,GRNI,21.29,21.16,32918.00,ETF,ETF,21.00,73.00,59.00,62.00,0.25,0.20,24896.00,21260.00,34.58,18.36,0,NO,21.17,21.11,20.63,21.19,20.80,,225,0.43,32918.00,NO,NO,2026-01-07,694700.00
5922,CBXO,21.67,21.61,784.00,ETF,ETF,21.00,34.00,42.00,33.00,0.08,0.04,2112.00,5070.00,24.99,21.55,0,NO,22.13,22.15,22.26,22.14,22.12,,254,0.00,784.00,NO,NO,2025-11-26,62400.00
5923,WFRD,77.92,76.90,611303.00,Energy,Oil & Gas Equipment & Services,21.00,3.00,29.00,4.00,2.85,2.83,1073926.00,877420.00,113.15,60.84,5572222976,NO,81.49,87.67,93.16,87.54,93.23,,1449,1.18,611303.00,NO,NO,2023-09-15,13812900.00
5924,IGEB,42.85,42.87,135562.00,ETF,ETF,21.00,43.00,32.00,22.00,0.23,0.20,266959.00,246580.00,46.46,42.40,0,NO,43.12,43.73,44.86,43.66,44.49,,2323,0.00,135562.00,NO,NO,2024-06-06,12454400.00
5925,MIG,20.28,20.29,1659.00,ETF,ETF,21.00,42.00,32.00,22.00,0.08,0.07,12251.00,5180.00,22.09,20.07,0,NO,20.38,20.67,21.22,20.64,21.04,,1470,0.00,1659.00,NO,NO,2025-05-07,353800.00
5926,TOTR,38.29,38.27,5491.00,ETF,ETF,21.00,40.00,31.00,22.00,0.20,0.17,17235.00,31250.00,41.29,38.00,0,NO,38.54,39.09,40.06,39.04,39.73,,1263,0.00,5491.00,NO,NO,2025-03-17,2453300.00
5927,FRNW,21.04,20.81,28058.00,ETF,ETF,20.00,17.00,18.00,11.00,0.39,0.27,28735.00,34550.00,27.97,19.24,0,NO,21.39,22.08,23.20,22.07,23.54,,1257,0.00,28058.00,NO,NO,2026-04-10,2447400.00
5928,FIXT,35.96,35.93,101701.00,ETF,ETF,20.00,37.00,31.00,22.00,0.19,0.17,34046.00,44220.00,39.35,35.65,0,NO,36.21,36.78,37.63,36.73,37.31,,332,0.00,101701.00,NO,NO,2025-06-18,1512000.00
5929,KORP,44.42,44.42,56942.00,ETF,ETF,20.00,39.00,31.00,23.00,0.22,0.21,109137.00,147940.00,48.16,44.08,0,NO,44.79,45.43,46.55,45.35,46.17,,2196,0.00,56942.00,NO,NO,2025-04-24,1002000.00
5930,THRV,23.33,23.26,6.00,ETF,ETF,20.00,36.00,30.00,23.00,0.12,0.09,2873.00,2140.00,26.64,23.00,0,NO,23.42,23.78,24.35,23.76,24.16,,259,0.00,6.00,NO,NO,2026-07-24,36800.00
5931,CGCP,21.28,21.27,3739497.00,ETF,ETF,20.00,39.00,31.00,22.00,0.12,0.11,1832889.00,3114090.00,23.00,21.08,0,NO,21.41,21.75,22.28,21.72,22.10,,1161,0.00,3739497.00,NO,NO,2026-09-14,5845200.00
5932,EBIZ,28.98,28.45,2566.00,ETF,ETF,20.00,79.00,55.00,58.00,0.36,0.28,3065.00,2390.00,35.05,25.85,0,NO,28.24,29.39,29.14,29.35,28.41,,1974,1.45,2566.00,NO,NO,2024-12-26,574800.00
5933,DOCK,25.23,24.93,10.00,ETF,ETF,20.00,30.00,18.00,,0.22,0.08,562.00,520.00,28.52,24.90,0,NO,25.46,26.42,,26.40,,,108,0.44,200.00,NO,NO,2026-05-06,48100.00
5934,SYSB,84.28,84.21,1177385.00,ETF,ETF,20.00,38.00,31.00,21.00,0.47,0.42,95529.00,147800.00,91.20,83.56,0,NO,84.89,86.21,88.35,86.07,87.62,,2923,0.00,1177385.00,NO,NO,2025-11-18,5826500.00
5935,PCHI,23.50,23.49,884.00,ETF,ETF,20.00,35.00,32.00,24.00,0.12,0.10,3707.00,5390.00,25.41,22.90,0,NO,23.74,24.02,24.52,24.00,24.28,,389,0.00,884.00,NO,NO,2025-04-03,261300.00
5936,VBCJ,71.02,71.08,4786.00,ETF,ETF,20.00,38.00,27.00,17.00,0.40,0.34,6698.00,6980.00,76.64,70.41,0,NO,71.59,72.84,,72.68,,,137,0.00,4786.00,NO,NO,2026-09-18,52700.00
5937,TRBF,47.03,47.04,1680.00,ETF,ETF,20.00,36.00,29.00,21.00,0.18,0.09,7082.00,2970.00,51.14,46.73,0,NO,47.35,48.13,49.30,48.06,48.92,,254,0.00,1680.00,NO,NO,2025-10-08,286700.00
5938,DIAL,17.26,17.25,367889.00,ETF,ETF,20.00,35.00,29.00,22.00,0.10,0.08,57648.00,66920.00,18.62,17.07,0,NO,17.38,17.69,18.10,17.66,17.96,,2259,0.03,367889.00,NO,NO,2021-05-03,3962700.00
5939,TDNA,24.20,23.57,2406.00,ETF,ETF,20.00,,,,0.49,0.31,1756.00,1310.00,25.68,23.01,0,NO,,,,,,,17,2.08,2406.00,NO,NO,2026-09-24,4000.00
5940,VWOB,63.34,63.26,818698.00,ETF,ETF,20.00,32.00,26.00,23.00,0.41,0.33,543093.00,827680.00,68.41,62.42,0,NO,63.89,65.07,66.49,64.98,66.03,,3359,0.08,818698.00,NO,NO,2025-07-17,6531400.00
5941,FLCO,20.33,20.35,418270.00,ETF,ETF,20.00,43.00,32.00,22.00,0.11,0.10,77484.00,125860.00,22.10,20.13,0,NO,20.47,20.75,21.29,20.72,21.12,,2517,0.00,418270.00,NO,NO,2024-02-22,13890600.00
5942,DBND,43.44,43.50,113850.00,ETF,ETF,20.00,36.00,32.00,22.00,0.20,0.18,90965.00,117640.00,47.05,43.18,0,NO,43.74,44.42,45.51,44.34,45.12,,1130,0.00,113850.00,NO,NO,2026-03-10,814800.00
5943,NVPS,24.17,24.07,65.00,ETF,ETF,20.00,89.00,74.00,,0.39,0.20,5465.00,2180.00,35.00,19.07,0,NO,23.66,23.12,,23.38,,,79,0.00,65.00,NO,NO,2026-06-22,141700.00
5944,INTM,49.17,49.20,8.00,ETF,ETF,20.00,40.00,27.00,25.00,0.37,0.34,1121.00,2840.00,52.66,48.67,0,NO,49.74,50.65,51.58,50.55,51.36,,306,0.00,2900.00,NO,NO,2025-09-18,141000.00
5945,VTC,72.91,72.90,129372.00,ETF,ETF,20.00,42.00,32.00,22.00,0.39,0.36,120171.00,390610.00,79.24,72.11,0,NO,73.37,74.39,76.37,74.27,75.74,,2240,0.00,129372.00,NO,NO,2023-09-27,4144800.00
5946,JHPI,21.75,21.71,163572.00,ETF,ETF,20.00,34.00,28.00,22.00,0.12,0.10,45478.00,73050.00,23.56,21.60,0,NO,21.96,22.28,22.76,22.26,22.63,,1209,0.00,163572.00,NO,NO,2025-08-04,623000.00
5947,IBIM,23.61,23.67,65398.00,ETF,ETF,20.00,27.00,28.00,17.00,0.15,0.13,27784.00,76410.00,27.60,23.43,0,NO,23.83,24.31,,24.25,,,137,0.00,65398.00,NO,NO,2026-10-07,227500.00
5948,CORP,91.91,91.92,88884.00,ETF,ETF,20.00,39.00,31.00,21.00,0.50,0.46,125225.00,173460.00,99.63,91.08,0,NO,92.56,93.93,96.35,93.77,95.57,,4038,0.00,88884.00,NO,NO,2026-03-13,1742400.00
5949,SFBS,38.41,38.60,347151.00,Financial Services,Banks - Regional,20.00,7.00,14.00,34.00,0.95,0.93,575043.00,640520.00,46.04,33.60,4199942400,NO,40.51,42.49,40.59,42.32,40.92,,3121,0.00,347151.00,NO,NO,2016-04-01,11364400.00
5950,SPBO,27.55,27.56,417439.00,ETF,ETF,20.00,42.00,32.00,22.00,0.16,0.14,557017.00,949140.00,29.93,27.25,0,NO,27.74,28.12,28.86,28.08,28.63,,3900,0.00,417439.00,NO,NO,2023-09-27,11599700.00
5951,UMBFO,25.28,25.20,6167.00,Financial Services,Banks - Regional,20.00,32.00,28.00,31.00,0.33,0.29,21021.00,78640.00,27.59,25.13,0,NO,25.71,26.17,26.53,26.10,26.30,,343,0.00,6167.00,NO,NO,2025-06-30,2330600.00
5952,SBAC,182.49,170.01,2355496.00,Real Estate,REIT - Specialty,20.00,64.00,39.00,6.00,5.74,5.14,963382.00,915840.00,224.46,156.60,19360020480,NO,170.91,179.26,190.77,180.34,191.95,,6872,4.90,2355496.00,NO,NO,2017-08-31,23507200.00
5953,WTMU,24.42,24.30,12.00,ETF,ETF,20.00,42.00,26.00,23.00,0.12,0.05,687.00,1780.00,28.39,24.03,0,NO,24.48,24.94,25.58,24.90,25.38,,382,0.00,12.00,NO,NO,2026-01-05,138800.00
5954,CPLS,33.42,33.42,2140.00,ETF,ETF,20.00,38.00,31.00,21.00,0.15,0.14,18428.00,43380.00,36.29,33.21,0,NO,33.67,34.17,35.02,34.13,34.75,,696,0.00,2140.00,NO,NO,2025-07-29,755300.00
5955,QLTA,45.09,45.11,95003.00,ETF,ETF,20.00,43.00,32.00,21.00,0.26,0.24,194256.00,299330.00,49.02,44.43,0,NO,45.37,45.99,47.25,45.91,46.85,,3683,0.00,95003.00,NO,NO,2015-10-07,5962100.00
5956,UBND,20.64,20.62,344381.00,ETF,ETF,20.00,35.00,30.00,22.00,0.10,0.09,390040.00,941330.00,22.41,20.53,0,NO,20.82,21.15,21.65,21.11,21.48,,1259,0.00,344381.00,NO,NO,2025-08-01,7518900.00
5957,JHMB,20.87,20.85,41063.00,ETF,ETF,20.00,37.00,29.00,20.00,0.15,0.14,55064.00,183860.00,22.60,20.59,0,NO,21.00,21.36,21.90,21.33,21.73,,1290,0.00,41063.00,NO,NO,2026-09-30,1134100.00
5958,OWNS,16.41,16.39,10826.00,ETF,ETF,20.00,31.00,29.00,20.00,0.14,0.12,13640.00,17470.00,18.04,16.21,0,NO,16.58,16.88,17.29,16.86,17.16,,1308,0.00,10826.00,NO,NO,2021-07-27,4045100.00
5959,IBTO,23.00,23.02,102304.00,ETF,ETF,20.00,43.00,32.00,20.00,0.12,0.11,183664.00,318190.00,25.00,22.83,0,NO,23.10,23.48,24.10,23.44,23.89,,823,0.00,102304.00,NO,NO,2024-11-06,2739500.00
5960,GTIP,46.42,46.48,13631.00,ETF,ETF,20.00,37.00,33.00,18.00,0.20,0.18,43535.00,51690.00,50.30,46.15,0,NO,46.63,47.23,48.72,47.15,48.39,,2004,0.00,13631.00,NO,NO,2024-01-30,374000.00
5961,GEMD,39.88,39.83,2114.00,ETF,ETF,20.00,32.00,26.00,22.00,0.26,0.19,3742.00,8330.00,43.26,39.33,0,NO,40.25,41.00,41.92,40.94,41.64,,1164,0.14,2114.00,NO,NO,2025-04-23,1220100.00
5962,USVN,45.48,45.51,99.00,ETF,ETF,20.00,42.00,32.00,20.00,0.15,0.08,871.00,1550.00,49.29,45.20,0,NO,45.68,46.44,47.68,46.36,47.26,,888,0.00,99.00,NO,NO,2024-01-04,69800.00
5963,TFJL,18.53,18.50,47178.00,ETF,ETF,20.00,55.00,37.00,21.00,0.07,0.05,8323.00,39930.00,20.79,18.35,0,NO,18.55,18.69,19.39,18.67,19.14,,1535,0.00,47178.00,NO,NO,2024-11-14,2048600.00
5964,IMTB,41.42,41.41,86724.00,ETF,ETF,20.00,39.00,29.00,20.00,0.26,0.23,59623.00,191380.00,44.83,41.01,0,NO,41.68,42.40,43.48,42.32,43.14,,2494,0.00,86724.00,NO,NO,2022-06-23,1021000.00
5965,VCEB,59.60,59.64,75466.00,ETF,ETF,20.00,42.00,32.00,21.00,0.31,0.28,108962.00,177650.00,64.90,59.05,0,NO,60.02,60.84,62.47,60.73,61.94,,1518,0.00,75466.00,NO,NO,2026-03-10,3704500.00
5966,GE,308.20,305.62,2947220.00,Industrials,Aerospace & Defense,20.00,18.00,10.00,40.00,7.67,7.31,3996612.00,4320800.00,388.84,268.91,319776784384,NO,313.68,336.70,323.94,334.93,325.94,,16302,0.22,2947220.00,NO,NO,2009-03-04,157102606.00
5967,NFRX,25.02,24.83,12.00,ETF,ETF,20.00,28.00,17.00,14.00,0.15,0.03,6075.00,140.00,27.81,24.38,0,NO,24.93,25.82,,25.75,26.47,,175,0.00,12.00,NO,NO,2026-02-12,1499200.00
5968,AGGY,41.35,41.33,179878.00,ETF,ETF,20.00,39.00,30.00,21.00,0.23,0.20,157100.00,261710.00,44.84,40.98,0,NO,41.62,42.25,43.34,42.17,43.00,,2831,0.00,179878.00,NO,NO,2020-11-19,2428200.00
5969,HSMV,35.44,35.50,506.00,ETF,ETF,20.00,14.00,16.00,20.00,0.29,0.10,20465.00,1170.00,39.82,35.00,0,NO,36.21,37.81,37.51,37.67,37.66,,1636,0.00,506.00,NO,NO,2026-08-26,778700.00
5970,BIV,72.92,72.97,2490451.00,ETF,ETF,20.00,41.00,31.00,21.00,0.40,0.36,1798970.00,2522840.00,79.09,72.31,0,NO,73.33,74.53,76.49,74.40,75.84,,4908,0.00,2490451.00,NO,NO,2019-01-16,19788900.00
5971,BEMD,23.59,23.81,19.00,ETF,ETF,20.00,25.00,,,0.10,0.00,24205.00,100.00,25.02,23.59,0,NO,24.26,,,,,,38,0.00,100.00,NO,NO,2026-08-14,940000.00
5972,NUIF,24.20,24.15,9.00,ETF,ETF,20.00,36.00,17.00,,0.13,0.00,5425.00,100.00,26.54,23.39,0,NO,23.90,24.62,,24.54,,,79,0.00,9.00,NO,NO,2026-06-24,204300.00
5973,XSHP,19.51,19.33,21926.00,ETF,ETF,20.00,90.00,89.00,,0.60,0.51,15520.00,18250.00,26.40,13.16,0,NO,18.85,17.70,,18.07,,,80,0.00,21926.00,NO,NO,2026-06-17,143900.00
5974,NRIM,24.24,24.65,84571.00,Financial Services,Banks - Regional,20.00,12.00,11.00,32.00,0.55,0.54,143917.00,129770.00,30.82,19.60,539213120,NO,24.89,25.72,25.38,25.71,25.38,,9039,0.00,84571.00,NO,NO,2015-06-26,3806400.00
5975,ALGM,35.57,36.27,2550674.00,Technology,Semiconductors,20.00,66.00,1.00,22.00,1.68,1.50,2338850.00,3026540.00,71.77,22.41,6630320640,NO,35.86,37.80,40.54,38.00,42.91,,1493,0.00,2550674.00,NO,NO,2024-09-20,19368900.00
5976,APLU,23.45,23.45,49107.00,ETF,ETF,20.00,37.00,31.00,21.00,0.16,0.13,83564.00,65140.00,25.63,23.15,0,NO,23.58,23.97,24.58,23.93,24.37,,462,0.00,49107.00,NO,NO,2025-01-13,6130000.00
5977,ATAT,33.07,31.61,775605.00,Consumer Cyclical,Lodging,20.00,65.00,78.00,15.00,0.82,0.80,922165.00,950590.00,43.17,30.77,4569809408,NO,32.34,33.69,35.65,33.62,34.52,,980,0.70,775605.00,NO,NO,2025-04-11,4603100.00
5978,VCIT,78.41,78.48,8500863.00,ETF,ETF,20.00,42.00,31.00,21.00,0.45,0.40,10087581.00,14762070.00,84.84,77.61,0,NO,78.87,80.14,82.27,79.99,81.57,,4245,0.00,8500863.00,NO,NO,2025-09-12,39431200.00
5979,PCI,47.50,47.55,107.00,ETF,ETF,20.00,41.00,30.00,21.00,0.18,0.09,19542.00,102710.00,51.42,47.06,0,NO,47.78,48.55,49.84,48.47,49.42,,300,0.00,107.00,NO,NO,2026-02-12,7233600.00
5980,ATR,120.38,121.81,542172.00,Healthcare,Medical Instruments & Supplies,20.00,35.00,31.00,15.00,2.21,2.14,456779.00,498870.00,146.91,103.23,7653896192,NO,122.91,128.34,126.74,127.62,124.90,,8424,0.00,542172.00,NO,NO,2008-02-12,5111700.00
5981,OVM,20.50,20.39,3526.00,ETF,ETF,20.00,48.00,23.00,21.00,0.25,0.19,12239.00,11920.00,22.19,20.15,0,NO,20.59,21.01,21.51,20.98,21.43,,1766,0.00,3526.00,NO,NO,2024-02-20,299000.00
5982,GNMA,41.85,41.65,27578.00,ETF,ETF,20.00,32.00,29.00,19.00,0.42,0.42,51818.00,35960.00,45.49,41.31,0,NO,42.16,42.96,44.01,42.89,43.71,,3681,0.38,27578.00,NO,NO,2023-12-19,1616800.00
5983,IBIJ,24.39,24.42,29697.00,ETF,ETF,20.00,32.00,33.00,18.00,0.11,0.10,20681.00,30400.00,26.45,24.23,0,NO,24.54,24.97,25.73,24.91,25.58,,765,0.00,29697.00,NO,NO,2025-09-23,192500.00
5984,TFII,114.13,115.14,285745.00,Industrials,Trucking,20.00,4.00,3.00,17.00,3.40,3.36,295968.00,416950.00,167.69,80.63,9380690944,NO,121.72,131.08,129.27,130.94,136.01,,5257,0.00,285745.00,NO,NO,2020-02-13,2600800.00
5985,FCOR,44.84,44.90,39125.00,ETF,ETF,20.00,40.00,30.00,21.00,0.28,0.26,47700.00,67300.00,48.79,44.39,0,NO,45.13,45.79,47.03,45.72,46.63,,3018,0.00,39125.00,NO,NO,2021-03-16,461600.00
5986,FAF,61.20,62.81,893977.00,Financial Services,Insurance - Specialty,20.00,3.00,10.00,28.00,1.95,1.86,809326.00,1083060.00,79.87,56.20,6248520192,NO,66.01,70.44,67.21,69.84,68.12,,4117,0.00,893977.00,NO,NO,2016-06-24,10069200.00
5987,IBTR,23.45,23.46,78014.00,ETF,ETF,20.00,36.00,27.00,18.00,0.15,0.14,59875.00,201680.00,25.26,23.23,0,NO,23.63,24.07,,24.03,,,137,0.00,78014.00,NO,NO,2026-10-08,609700.00
5988,FECM,23.76,23.71,6461.00,ETF,ETF,20.00,38.00,24.00,,0.12,0.06,803.00,1890.00,25.14,23.58,0,NO,23.95,24.40,,24.36,,,71,0.00,6461.00,NO,NO,2026-10-08,7200.00
5989,TCMD,22.44,22.12,136695.00,Healthcare,Medical Devices,20.00,64.00,3.00,25.00,0.62,0.61,298307.00,241570.00,37.77,14.00,508317312,NO,22.41,23.73,26.35,23.44,25.36,,2565,0.00,136695.00,NO,NO,2022-06-17,4963500.00
5990,FDIG,40.19,39.65,13027.00,ETF,ETF,20.00,9.00,41.00,72.00,1.22,1.11,25521.00,22600.00,60.29,30.64,0,NO,43.30,43.12,41.07,43.30,41.78,,1122,1.21,13027.00,NO,NO,2024-03-12,462000.00
5991,IRMD,87.45,85.88,68873.00,Healthcare,Medical Devices,20.00,89.00,13.00,18.00,2.32,2.32,125831.00,142000.00,107.90,71.34,1118222336,NO,84.94,86.51,93.41,86.08,90.86,,3078,0.00,68873.00,NO,NO,2014-07-16,902700.00
5992,SMBS,24.09,24.09,1534952.00,ETF,ETF,20.00,39.00,29.00,19.00,0.20,0.19,965301.00,1411150.00,26.12,23.80,0,NO,24.22,24.66,25.32,24.61,25.11,,473,0.00,1534952.00,NO,NO,2025-04-22,195497700.00
5993,IGIB,50.42,50.47,2382962.00,ETF,ETF,20.00,41.00,30.00,21.00,0.28,0.25,2922656.00,5012680.00,54.58,49.94,0,NO,50.74,51.56,52.92,51.46,52.47,,4968,0.00,2382962.00,NO,NO,2020-04-09,24143800.00
5994,SPIP,24.43,24.46,791885.00,ETF,ETF,20.00,37.00,33.00,18.00,0.12,0.11,472964.00,741820.00,26.55,24.28,0,NO,24.53,24.86,25.66,24.82,25.46,,4873,0.00,791885.00,NO,NO,2022-04-29,10123700.00
5995,JHMU,24.80,24.65,1663805.00,ETF,ETF,20.00,39.00,24.00,22.00,0.16,0.10,16415.00,64500.00,26.70,24.49,0,NO,24.93,25.44,26.05,25.41,25.90,,736,0.00,1663805.00,NO,YES,2026-10-09,1663805.00
5996,FIXD,41.48,41.46,273905.00,ETF,ETF,20.00,37.00,29.00,21.00,0.66,0.64,426965.00,927690.00,45.16,38.56,0,NO,41.74,42.41,43.51,42.34,43.13,,2425,0.02,273905.00,NO,NO,2024-12-09,9734200.00
5997,DTM,124.01,123.76,615780.00,Energy,Oil & Gas Midstream,20.00,21.00,8.00,14.00,2.70,2.65,919629.00,838280.00,152.88,104.99,12650916864,NO,123.66,128.59,134.50,127.62,136.97,,1325,0.00,615780.00,NO,NO,2021-07-01,23044100.00
5998,PICB,22.16,22.17,106531.00,ETF,ETF,20.00,28.00,33.00,19.00,0.15,0.12,65560.00,44340.00,24.56,22.06,0,NO,22.41,22.87,23.39,22.86,23.15,,4114,0.00,106531.00,NO,NO,2021-02-25,1496300.00
5999,FMUB,48.47,48.26,185111.00,ETF,ETF,20.00,38.00,24.00,22.00,0.34,0.28,74212.00,154700.00,53.88,47.75,0,NO,48.75,49.76,50.78,49.70,50.58,,380,0.33,185111.00,NO,NO,2025-06-03,820900.00
6000,RXI,189.26,187.31,9083.00,ETF,ETF,20.00,57.00,37.00,31.00,1.78,1.30,22868.00,20680.00,213.77,180.68,0,NO,187.49,194.82,197.71,194.82,194.87,,5044,0.40,9083.00,NO,NO,2016-01-25,2814000.00
6001,BBBI,48.74,48.82,10430.00,ETF,ETF,20.00,39.00,29.00,21.00,0.26,0.23,31470.00,74720.00,52.74,48.32,0,NO,49.08,49.90,51.19,49.81,50.78,,680,0.00,10430.00,NO,NO,2025-06-03,708100.00
6002,TXXI,47.87,47.64,3868.00,ETF,ETF,20.00,35.00,24.00,22.00,0.27,0.19,8581.00,9220.00,55.78,47.45,0,NO,48.28,49.22,50.27,49.14,50.01,,397,0.26,3868.00,NO,NO,2025-03-13,157900.00
6003,TOL,133.13,134.83,690394.00,Consumer Cyclical,Residential Construction,19.00,64.00,13.00,23.00,3.55,3.26,978081.00,1194740.00,168.36,123.15,12267530240,NO,135.27,141.58,144.26,141.35,142.69,,10143,0.00,690394.00,NO,NO,2009-11-11,24530600.00
6004,ANGL,27.68,27.64,581084.00,ETF,ETF,19.00,27.00,27.00,23.00,0.16,0.14,851687.00,1144430.00,29.78,27.45,0,NO,28.07,28.58,29.05,28.53,28.85,,3646,0.07,581084.00,NO,NO,2025-04-04,13342300.00
6005,HMOP,37.04,36.87,299878.00,ETF,ETF,19.00,38.00,24.00,22.00,0.29,0.26,181243.00,403950.00,39.91,36.57,0,NO,37.26,38.01,38.89,37.96,38.65,,2216,0.27,299878.00,NO,NO,2020-06-15,1185700.00
6006,LQDI,24.90,24.92,9414.00,ETF,ETF,19.00,33.00,30.00,21.00,0.15,0.12,9059.00,7590.00,27.19,24.64,0,NO,25.06,25.46,26.14,25.41,25.97,,2113,0.00,9414.00,NO,NO,2025-11-17,1425900.00
6007,QIG,42.26,42.17,207.00,ETF,ETF,19.00,49.00,37.00,24.00,0.16,0.07,1128.00,1270.00,45.87,42.00,0,NO,42.53,43.13,44.26,43.05,43.88,,2628,0.11,200.00,NO,NO,2022-08-22,589300.00
6008,SHAZ,37.93,39.05,2378534.00,Technology,Information Technology Services,19.00,0.00,0.00,85.00,4.05,3.70,1838242.00,1489820.00,97.48,16.55,1358026880,NO,52.03,56.13,,55.40,55.15,,163,0.00,2378534.00,NO,NO,2026-07-30,4489900.00
6009,IZRL,28.35,27.91,3735.00,ETF,ETF,19.00,64.00,19.00,45.00,0.53,0.47,8650.00,9300.00,32.76,25.96,0,NO,28.51,29.03,29.56,29.04,29.52,,2223,0.11,3735.00,NO,NO,2021-02-09,1359600.00
6010,MMIT,23.02,22.94,1169754.00,ETF,ETF,19.00,41.00,24.00,21.00,0.18,0.17,604606.00,1541090.00,24.77,22.77,0,NO,23.14,23.59,24.17,23.56,24.01,,2256,0.17,1169754.00,NO,NO,2026-05-26,7285700.00
6011,XFLT,18.94,18.99,142645.00,Financial Services,Asset Management,19.00,35.00,81.00,61.00,0.23,0.23,87439.00,117270.00,26.25,14.93,288472960,NO,19.23,19.20,19.00,19.27,18.34,,2263,0.00,142645.00,NO,NO,2024-12-03,726100.00
6012,INDZ,23.29,23.17,415.00,ETF,ETF,19.00,14.00,19.00,33.00,0.21,0.03,2329.00,1240.00,26.99,21.28,0,NO,24.10,24.93,,24.89,24.47,,162,0.46,415.00,NO,NO,2026-08-24,98500.00
6013,IBMW,23.84,23.73,16149.00,ETF,ETF,19.00,49.00,25.00,,0.19,0.15,11618.00,23260.00,25.47,23.26,0,NO,23.82,24.35,,24.31,,,129,0.38,16149.00,NO,NO,2026-09-29,78500.00
6014,PEX,22.11,22.10,2591.00,ETF,ETF,19.00,15.00,50.00,43.00,0.20,0.12,2142.00,1110.00,26.55,20.49,0,NO,22.80,23.48,22.97,23.50,22.58,,3425,0.00,2591.00,NO,NO,2022-03-09,269600.00
6015,SCEC,23.74,23.75,420906.00,ETF,ETF,19.00,38.00,29.00,21.00,0.11,0.10,85287.00,77500.00,25.75,23.57,0,NO,23.94,24.28,24.91,24.25,24.71,,396,0.00,420906.00,NO,NO,2025-04-07,13429600.00
6016,FIIG,19.74,19.72,216670.00,ETF,ETF,19.00,39.00,31.00,21.00,0.13,0.11,155789.00,235180.00,21.49,19.52,0,NO,19.84,20.17,20.70,20.12,20.50,,800,0.00,216670.00,NO,NO,2024-03-27,2858800.00
6017,GLIN,42.81,42.09,22616.00,ETF,ETF,19.00,22.00,24.00,27.00,0.46,0.26,7028.00,7440.00,47.94,38.71,0,NO,43.58,44.92,44.95,44.91,44.75,,4056,0.00,22616.00,NO,NO,2026-03-03,1862800.00
6018,CLIM,24.43,23.96,12.00,ETF,ETF,19.00,19.00,15.00,31.00,0.16,0.04,215.00,140.00,27.79,23.30,0,NO,24.73,25.74,,25.57,25.87,,146,0.00,100.00,NO,NO,2026-03-13,12300.00
6019,CATF,47.35,47.08,27007.00,ETF,ETF,19.00,38.00,24.00,21.00,0.42,0.34,28312.00,22060.00,51.09,46.75,0,NO,47.66,48.64,49.81,48.56,49.52,,560,0.47,27007.00,NO,NO,2026-09-17,618300.00
6020,MTBA,46.99,46.98,114723.00,ETF,ETF,19.00,39.00,31.00,21.00,0.28,0.26,309745.00,729290.00,50.80,46.53,0,NO,47.18,47.98,49.27,47.90,48.78,,733,0.00,114723.00,NO,NO,2024-07-09,3228700.00
6021,TIPZ,49.78,49.82,14638.00,ETF,ETF,19.00,38.00,33.00,17.00,0.21,0.16,10048.00,14390.00,54.16,49.40,0,NO,49.92,50.61,52.31,50.53,51.90,,4298,0.00,14638.00,NO,NO,2022-07-01,1761300.00
6022,OMAH,17.86,17.82,636629.00,ETF,ETF,19.00,43.00,22.00,33.00,0.17,0.15,1147195.00,1217820.00,19.36,17.39,0,NO,17.91,18.23,18.48,18.22,18.48,,403,0.00,636629.00,NO,NO,2025-07-21,3109100.00
6023,MBBA,46.98,47.04,141531.00,ETF,ETF,19.00,33.00,28.00,20.00,0.46,0.45,215885.00,133540.00,54.68,46.32,0,NO,47.30,48.21,,48.14,49.07,,178,0.00,141531.00,NO,NO,2026-09-22,10582300.00
6024,IBRN,31.75,31.39,2418.00,ETF,ETF,19.00,3.00,6.00,22.00,0.52,0.26,2762.00,1660.00,43.01,27.40,0,NO,33.90,36.93,34.85,36.62,35.78,,1033,0.00,2418.00,NO,NO,2023-12-05,50300.00
6025,SCHI,21.46,21.48,3385753.00,ETF,ETF,19.00,41.00,30.00,20.00,0.13,0.11,2517020.00,3978660.00,23.28,21.24,0,NO,21.60,21.95,22.54,21.91,22.35,,1758,0.00,3385753.00,NO,NO,2023-03-29,118639600.00
6026,IBDZ,24.66,24.69,180437.00,ETF,ETF,19.00,39.00,30.00,20.00,0.15,0.13,139118.00,209760.00,27.48,24.42,0,NO,24.83,25.23,25.91,25.19,25.69,,596,0.00,180437.00,NO,NO,2026-02-19,1856500.00
6027,MMCA,20.59,20.52,44660.00,ETF,ETF,19.00,39.00,25.00,21.00,0.13,0.12,58603.00,206690.00,22.26,20.37,0,NO,20.70,21.11,21.63,21.09,21.48,,1205,0.19,44660.00,NO,NO,2021-12-21,2000100.00
6028,MYCN,23.21,23.23,8.00,ETF,ETF,19.00,40.00,29.00,20.00,0.08,0.03,2056.00,610.00,25.20,23.04,0,NO,23.36,23.74,24.39,23.70,24.18,,513,0.00,8.00,NO,NO,2025-03-20,143700.00
6029,BSCY,19.65,19.66,153533.00,ETF,ETF,19.00,41.00,29.00,20.00,0.11,0.10,167921.00,374010.00,21.27,19.43,0,NO,19.73,20.06,20.62,20.03,20.44,,583,0.00,153533.00,NO,NO,2025-12-11,1932600.00
6030,NYT,66.32,66.60,1882385.00,Communication Services,Publishing,19.00,55.00,11.00,7.00,2.66,2.60,2493957.00,2704850.00,87.10,54.10,10696327168,NO,66.09,66.72,73.54,65.94,73.22,,13473,0.00,1882385.00,NO,NO,2010-12-17,21384000.00
6031,NTRSO,18.21,18.29,26767.00,Financial Services,Asset Management,19.00,50.00,38.00,25.00,0.34,0.34,43426.00,63850.00,20.48,17.63,0,NO,18.16,18.38,18.96,18.34,18.66,,1745,0.00,26767.00,NO,NO,2019-10-30,4336500.00
6032,CDE,17.13,16.87,26320248.00,Basic Materials,Gold,19.00,2.00,85.00,8.00,0.81,0.68,35110445.00,35928290.00,27.77,13.55,17608525824,NO,18.46,19.10,19.25,19.39,18.11,,11737,0.00,26320248.00,YES,NO,2026-06-18,182076200.00
6033,BKMI,24.93,24.80,452233.00,ETF,ETF,19.00,36.00,25.00,22.00,0.18,0.18,240600.00,714550.00,26.88,24.62,0,NO,25.06,25.56,,25.53,25.99,,188,0.30,452233.00,NO,NO,2026-10-08,1410600.00
6034,VTS,17.28,17.17,271920.00,Energy,Oil & Gas E&P,19.00,11.00,84.00,20.00,0.39,0.38,489278.00,426450.00,22.96,15.00,727562624,NO,17.17,17.00,18.09,17.13,17.24,,941,0.00,271920.00,NO,NO,2023-01-17,6021800.00
6035,BAH,73.94,72.87,1185890.00,Industrials,Consulting Services,19.00,33.00,89.00,21.00,2.66,2.52,1904793.00,1999820.00,109.10,59.50,8893871104,NO,73.45,74.39,77.40,74.58,74.34,,3996,0.36,1185890.00,NO,NO,2025-12-19,19506200.00
6036,AADR,81.02,80.61,1835.00,ETF,ETF,19.00,22.00,37.00,17.00,0.92,0.54,2718.00,1840.00,98.38,77.69,0,NO,82.58,83.55,85.81,83.60,83.56,,4081,0.33,1835.00,NO,NO,2020-03-12,323800.00
6037,VCRM,71.59,71.25,1391916.00,ETF,ETF,19.00,37.00,23.00,21.00,0.55,0.47,592489.00,1867980.00,77.05,70.85,0,NO,72.11,73.63,75.26,73.54,74.91,,471,0.39,1391916.00,NO,NO,2026-09-29,2457000.00
6038,CTRE,36.03,35.79,1302152.00,Real Estate,REIT - Healthcare Facilities,19.00,11.00,12.00,14.00,0.61,0.57,2356204.00,3108560.00,43.62,32.79,8513643520,NO,37.05,38.66,39.05,38.35,39.30,,3111,0.00,1302152.00,NO,NO,2026-03-20,43157400.00
6039,JLL,299.87,303.14,397091.00,Real Estate,Real Estate Services,19.00,4.00,19.00,20.00,9.55,9.09,371701.00,522630.00,393.84,259.83,13796329472,NO,319.75,348.40,326.75,347.71,325.03,,7354,0.00,397091.00,NO,NO,2009-06-11,7774800.00
6040,TRMB,60.09,59.85,1428818.00,Technology,Scientific & Technical Instruments,19.00,86.00,89.00,16.00,1.56,1.50,2925573.00,2379930.00,84.42,47.92,14011777024,NO,58.42,58.59,62.16,58.85,58.45,,9122,0.00,1428818.00,NO,NO,2021-01-20,53094000.00
6041,BEGS,17.65,17.21,11112.00,ETF,ETF,19.00,66.00,95.00,12.00,0.54,0.28,4342.00,5210.00,42.30,12.06,0,NO,18.28,17.28,18.76,17.64,17.06,,420,0.00,11112.00,NO,NO,2025-02-19,71500.00
6042,XW,22.45,23.42,8.00,ETF,ETF,19.00,12.00,36.00,,0.39,0.06,314.00,170.00,25.56,22.11,0,NO,23.54,24.05,,24.16,,,88,0.00,300.00,NO,NO,2026-06-03,10000.00
6043,RF,27.03,27.07,9794993.00,Financial Services,Banks - Regional,19.00,6.00,10.00,34.00,0.53,0.51,9021182.00,11035260.00,32.47,22.70,23027656704,NO,27.69,29.57,28.68,29.49,28.83,,11737,0.00,9794993.00,YES,NO,2009-05-21,570981700.00
6044,HYTI,18.33,18.29,567608.00,ETF,ETF,19.00,36.00,31.00,22.00,0.11,0.10,29096.00,22090.00,20.15,18.13,0,NO,18.47,18.75,19.19,18.73,19.03,,410,0.05,567608.00,NO,YES,2026-10-09,567608.00
6045,SEG,22.25,22.36,58214.00,Real Estate,Real Estate Services,19.00,3.00,9.00,35.00,0.68,0.68,71693.00,101840.00,29.61,17.74,285012160,NO,23.45,25.57,23.40,25.35,24.45,,552,0.00,58214.00,NO,NO,2025-06-27,1112200.00
6046,HYUP,39.59,39.56,3227.00,ETF,ETF,19.00,28.00,27.00,21.00,0.21,0.16,5750.00,3760.00,42.62,39.20,0,NO,40.11,40.83,41.60,40.76,41.33,,2198,0.00,3227.00,NO,NO,2020-08-11,2951400.00
6047,MBBB,20.28,20.25,10.00,ETF,ETF,19.00,47.00,37.00,24.00,0.07,0.02,1420.00,640.00,22.11,20.12,0,NO,20.44,20.73,21.28,20.68,21.10,,1469,0.05,800.00,NO,NO,2026-05-05,177400.00
6048,FEIG,38.70,38.62,26.00,ETF,ETF,19.00,46.00,37.00,23.00,0.14,0.06,3632.00,4940.00,42.13,38.49,0,NO,39.01,39.58,40.64,39.49,40.29,,1268,0.00,44900.00,NO,NO,2023-09-26,255400.00
6049,IGCB,43.48,43.32,14.00,ETF,ETF,19.00,46.00,37.00,23.00,0.14,0.03,1528.00,3340.00,47.37,43.20,0,NO,43.84,44.45,45.61,44.36,45.22,,472,0.09,600.00,NO,NO,2025-04-10,206200.00
6050,EYEG,33.42,33.45,5.00,ETF,ETF,19.00,40.00,30.00,21.00,0.09,0.04,540.00,610.00,36.63,33.24,0,NO,33.67,34.17,35.10,34.11,34.81,,708,0.00,5.00,NO,NO,2025-12-12,69200.00
6051,ZCBC,47.01,46.89,6.00,ETF,ETF,19.00,44.00,31.00,18.00,0.12,0.00,104.00,100.00,51.24,46.79,0,NO,47.26,48.05,,47.88,48.89,,188,0.00,100.00,NO,NO,2026-01-12,10000.00
6052,EGGY,34.24,33.75,69574.00,ETF,ETF,19.00,69.00,19.00,55.00,1.05,0.96,107303.00,107490.00,45.95,29.14,0,NO,34.61,34.27,35.68,34.44,36.04,,447,1.27,69574.00,NO,NO,2026-09-25,292000.00
6053,BR,165.45,165.21,751110.00,Technology,Information Technology Services,19.00,41.00,85.00,65.00,3.51,3.49,1095298.00,820300.00,236.02,133.83,18679310336,NO,163.41,169.15,169.47,169.32,157.52,,4920,0.00,751110.00,NO,NO,2018-06-15,25107800.00
6054,BTF,21.90,22.07,8628.00,ETF,ETF,19.00,75.00,94.00,57.00,0.91,0.82,5331.00,3810.00,92.25,15.00,0,NO,22.76,20.91,20.49,21.17,19.52,,1246,0.00,8628.00,NO,NO,2021-10-22,638460.00
6055,CNA,46.17,46.69,382098.00,Financial Services,Insurance - Property & Casualty,19.00,30.00,12.00,32.00,0.94,0.94,487760.00,500630.00,55.71,41.53,12493644800,NO,46.75,48.70,47.64,48.40,47.60,,13523,0.00,382098.00,NO,NO,1985-07-11,14657100.00
6056,SECR,24.16,24.16,2212.00,ETF,ETF,19.00,36.00,29.00,19.00,0.13,0.10,5296.00,5780.00,26.53,24.02,0,NO,24.35,24.75,25.42,24.71,25.20,,566,0.00,2212.00,NO,NO,2024-10-03,1293200.00
6057,IBTP,24.07,24.09,76789.00,ETF,ETF,19.00,39.00,29.00,19.00,0.13,0.12,78946.00,108970.00,26.32,23.89,0,NO,24.21,24.64,25.33,24.59,25.10,,584,0.00,76789.00,NO,NO,2025-10-21,1014000.00
6058,MUB,101.08,100.74,22972665.00,ETF,ETF,19.00,42.00,24.00,21.00,0.72,0.63,9080618.00,21649570.00,109.00,100.07,0,NO,101.70,103.75,106.28,103.56,105.66,,4802,0.29,22972665.00,YES,NO,2026-09-28,27207300.00
6059,STAG,36.01,35.88,1042915.00,Real Estate,REIT - Industrial,19.00,33.00,17.00,20.00,0.64,0.61,1683123.00,1963080.00,42.61,35.14,7086862336,NO,36.64,36.96,37.96,36.92,37.97,,3894,0.33,1042915.00,NO,NO,2023-05-03,37188800.00
6060,TECX,23.33,22.75,110701.00,Healthcare,Biotechnology,19.00,1.00,1.00,4.00,1.40,1.39,219634.00,321240.00,39.53,15.45,456086720,NO,24.79,29.53,28.07,29.55,30.16,,2087,0.00,110701.00,NO,NO,2023-05-22,7131450.00
6061,YUMC,42.92,41.78,2840344.00,Consumer Cyclical,Restaurants,19.00,70.00,40.00,9.00,0.80,0.58,1522154.00,1501720.00,58.39,39.72,14494315520,NO,41.19,44.34,47.09,44.03,45.25,,2509,0.00,2840344.00,NO,NO,2016-11-01,87709200.00
6062,BKF,39.75,38.99,1571.00,ETF,ETF,19.00,58.00,60.00,20.00,0.43,0.19,5850.00,2830.00,46.23,38.39,0,NO,39.41,40.18,41.56,40.12,40.44,,4751,1.18,1571.00,NO,NO,2013-04-04,6848100.00
6063,RTRE,23.62,23.57,52660.00,ETF,ETF,19.00,35.00,29.00,19.00,0.11,0.08,9246.00,7420.00,25.79,23.44,0,NO,23.78,24.20,24.86,24.16,24.64,,591,0.00,52660.00,NO,NO,2024-06-06,304400.00
6064,TBLU,49.41,49.13,882.00,ETF,ETF,19.00,58.00,31.00,17.00,0.48,0.29,1768.00,1720.00,56.90,48.11,0,NO,49.28,50.63,51.70,50.54,50.86,,2426,0.26,882.00,NO,NO,2020-02-27,383400.00
6065,WEPN,42.25,41.57,563.00,ETF,ETF,19.00,59.00,64.00,27.00,0.61,0.37,2150.00,1580.00,50.28,38.83,0,NO,42.48,43.73,,43.82,43.73,,154,0.95,563.00,NO,NO,2026-03-03,119800.00
6066,LAD,290.24,288.87,244364.00,Consumer Cyclical,Auto & Truck Dealerships,19.00,1.00,15.00,58.00,13.32,12.50,303753.00,326310.00,439.49,239.78,6380379136,NO,310.24,347.57,310.77,346.98,311.04,,7499,0.00,244364.00,NO,NO,2012-08-01,7119800.00
6067,FTCB,19.83,19.82,1455462.00,ETF,ETF,19.00,35.00,29.00,20.00,0.12,0.10,770175.00,1554830.00,21.60,19.65,0,NO,19.96,20.30,20.83,20.26,20.65,,732,0.00,1455462.00,NO,NO,2024-12-30,7705500.00
6068,YETI,39.79,39.60,974275.00,Consumer Cyclical,Leisure,19.00,66.00,6.00,63.00,1.33,1.32,1650109.00,1544890.00,53.99,31.66,2904224512,NO,41.27,43.45,44.30,42.83,43.94,,1999,0.40,974275.00,NO,NO,2021-01-20,18608800.00
6069,PFOE,22.65,22.42,6826.00,ETF,ETF,19.00,70.00,43.00,32.00,0.24,0.18,21631.00,12360.00,26.34,21.49,0,NO,22.28,22.83,,22.83,22.92,,195,0.66,6826.00,NO,NO,2026-05-21,1503200.00
6070,MAGG,19.27,19.18,9.00,ETF,ETF,19.00,45.00,35.00,21.00,0.07,0.04,4137.00,6640.00,20.87,19.06,0,NO,19.36,19.66,20.19,19.62,20.02,,781,0.00,40100.00,NO,NO,2023-09-21,625300.00
6071,CMF,54.15,54.00,3022089.00,ETF,ETF,19.00,41.00,23.00,21.00,0.37,0.33,1386614.00,3919160.00,58.44,53.62,0,NO,54.47,55.58,56.96,55.48,56.58,,4779,0.20,3022089.00,NO,NO,2026-09-28,6276900.00
6072,JMSI,47.37,47.06,206668.00,ETF,ETF,19.00,44.00,24.00,21.00,0.38,0.32,72389.00,158530.00,51.35,46.79,0,NO,47.59,48.58,49.85,48.51,49.50,,813,0.00,206668.00,NO,NO,2026-09-25,592100.00
6073,CHSCP,26.10,26.02,9810.00,Consumer Defensive,Farm Products,19.00,41.00,40.00,20.00,0.20,0.19,16443.00,19450.00,29.44,25.85,0,NO,26.13,26.45,27.37,26.44,27.08,,5926,0.00,9810.00,NO,NO,2016-01-20,368800.00
6074,GMED,74.65,73.33,1078349.00,Healthcare,Medical Devices,19.00,70.00,21.00,7.00,1.74,1.70,1511182.00,1641570.00,101.40,56.50,10022652928,NO,74.82,79.10,84.34,78.95,81.90,,3566,0.78,1078349.00,NO,NO,2023-08-31,20919900.00
6075,ITM,44.22,44.04,1267435.00,ETF,ETF,19.00,45.00,24.00,21.00,0.31,0.27,656585.00,1785800.00,48.02,43.58,0,NO,44.35,45.22,46.52,45.15,46.14,,4740,0.11,1267435.00,NO,NO,2024-10-09,3004100.00
6076,CRXP,18.80,18.80,106.00,ETF,ETF,19.00,36.00,27.00,19.00,0.06,0.02,5750.00,1240.00,20.39,18.61,0,NO,18.93,19.30,19.80,19.26,19.65,,208,0.00,106.00,NO,NO,2026-03-09,198800.00
6077,IBND,29.70,29.63,43252.00,ETF,ETF,19.00,26.00,32.00,18.00,0.24,0.21,72953.00,115760.00,33.20,29.50,0,NO,30.03,30.68,31.40,30.65,31.08,,4123,0.00,43252.00,NO,NO,2023-08-01,2132900.00
6078,MFSM,23.64,23.54,164453.00,ETF,ETF,19.00,36.00,23.00,20.00,0.17,0.16,77901.00,193990.00,25.55,23.11,0,NO,23.78,24.31,24.91,24.27,24.78,,462,0.00,164453.00,NO,NO,2024-12-05,1006800.00
6079,TOTL,37.48,37.41,647553.00,ETF,ETF,19.00,39.00,30.00,20.00,0.18,0.16,642240.00,961250.00,40.86,37.09,0,NO,37.65,38.28,39.39,38.22,39.02,,2925,0.00,647553.00,NO,NO,2022-10-17,4689400.00
6080,JCAL,47.30,47.17,78706.00,ETF,ETF,19.00,40.00,23.00,,0.30,0.26,48881.00,146670.00,50.47,46.98,0,NO,47.68,48.56,,48.49,,,82,0.00,78706.00,NO,NO,2026-09-25,265100.00
6081,KSA,36.06,36.09,376748.00,ETF,ETF,18.00,15.00,36.00,14.00,0.32,0.18,478164.00,489710.00,41.17,35.81,0,NO,36.86,37.71,38.12,37.65,38.08,,2782,0.00,376748.00,NO,NO,2019-05-28,11753300.00
6082,MGOV,19.13,19.11,56520.00,ETF,ETF,18.00,31.00,28.00,19.00,0.13,0.12,21843.00,36720.00,20.95,18.94,0,NO,19.28,19.63,20.15,19.60,19.97,,799,0.00,56520.00,NO,NO,2025-10-01,1160600.00
6083,TAXM,47.37,47.20,10756.00,ETF,ETF,18.00,37.00,24.00,21.00,0.29,0.22,7251.00,17510.00,51.26,46.89,0,NO,47.73,48.71,49.87,48.64,49.59,,397,0.21,10756.00,NO,NO,2026-02-04,124900.00
6084,ISHP,34.64,34.11,9.00,ETF,ETF,18.00,63.00,58.00,47.00,0.23,0.01,168.00,120.00,42.05,32.05,0,NO,34.10,35.48,35.52,35.51,34.62,,2513,0.00,9.00,NO,NO,2021-04-09,412700.00
6085,KMID,23.57,23.42,5436.00,ETF,ETF,18.00,62.00,20.00,25.00,0.21,0.16,17156.00,52210.00,26.03,23.14,0,NO,23.57,24.34,24.81,24.31,24.63,,497,0.17,5436.00,NO,NO,2026-09-30,461800.00
6086,JHCB,20.11,20.11,10721.00,ETF,ETF,18.00,39.00,29.00,20.00,0.12,0.10,32060.00,22650.00,22.04,19.83,0,NO,20.27,20.56,21.14,20.53,20.95,,1389,0.00,10721.00,NO,NO,2026-08-11,818700.00
6087,WABF,23.65,23.62,5411.00,ETF,ETF,18.00,35.00,29.00,18.00,0.11,0.07,4637.00,950.00,25.79,23.43,0,NO,23.82,24.21,24.92,24.17,24.69,,766,0.00,5411.00,NO,NO,2023-09-27,415700.00
6088,BNDY,23.99,24.01,81889.00,ETF,ETF,18.00,44.00,32.00,16.00,0.35,0.34,195903.00,401400.00,26.55,23.79,0,NO,24.13,24.47,25.30,24.42,25.03,,320,0.00,81889.00,NO,NO,2025-07-31,7008100.00
6089,RJMI,24.08,23.89,20215.00,ETF,ETF,18.00,40.00,22.00,20.00,0.15,0.11,12425.00,25240.00,26.09,23.77,0,NO,24.16,24.67,25.38,24.64,25.21,,257,0.48,20215.00,NO,NO,2025-12-11,106600.00
6090,GEEQ,47.20,47.44,529.00,ETF,ETF,18.00,23.00,,,0.23,0.04,36040.00,180.00,50.19,46.53,0,NO,47.62,,,,,,36,0.00,529.00,NO,NO,2026-08-25,505100.00
6091,NYF,50.56,50.35,1357477.00,ETF,ETF,18.00,41.00,23.00,21.00,0.35,0.30,391026.00,957800.00,54.52,50.04,0,NO,50.85,51.91,53.19,51.83,52.90,,4779,0.00,1357477.00,NO,NO,2026-09-11,2097800.00
6092,BSMW,23.70,23.59,88606.00,ETF,ETF,18.00,39.00,24.00,20.00,0.17,0.14,56904.00,129380.00,25.57,23.36,0,NO,23.80,24.31,24.91,24.30,24.76,,906,0.22,88606.00,NO,NO,2026-04-22,1041200.00
6093,BFOC,16.86,16.81,1971.00,ETF,ETF,18.00,54.00,52.00,34.00,0.09,0.05,9206.00,6670.00,20.32,16.78,0,NO,17.04,17.03,17.27,17.02,17.05,,257,0.00,1971.00,NO,NO,2026-08-26,326700.00
6094,BOND,86.95,86.92,1197090.00,ETF,ETF,18.00,34.00,28.00,19.00,0.55,0.51,750446.00,1276470.00,94.68,86.11,0,NO,87.66,89.30,91.70,89.12,90.92,,3674,0.00,1197090.00,NO,NO,2014-09-26,5042400.00
6095,TRUR,23.62,23.18,107.00,ETF,ETF,18.00,27.00,,,0.19,0.02,157.00,130.00,26.01,23.05,0,NO,23.76,24.63,,24.57,,,67,1.12,107.00,NO,NO,2026-08-14,1000.00
6096,ESLT,655.74,665.09,64389.00,Industrials,Aerospace & Defense,18.00,7.00,12.00,3.00,18.60,15.14,79129.00,86920.00,1016.06,453.00,30729674752,NO,713.57,742.42,777.03,735.44,792.42,,7513,0.00,64389.00,NO,NO,1997-09-25,2566300.00
6097,VETZ,18.67,18.65,7150.00,ETF,ETF,18.00,33.00,28.00,18.00,0.14,0.13,27654.00,14150.00,20.49,18.43,0,NO,18.88,19.17,19.70,19.16,19.55,,801,0.05,7150.00,NO,NO,2026-04-14,1101100.00
6098,NODE,37.37,37.00,5704.00,ETF,ETF,18.00,16.00,23.00,50.00,1.19,0.88,11221.00,10140.00,54.32,30.36,0,NO,40.11,39.24,39.25,39.42,40.14,,354,0.51,5704.00,NO,NO,2025-11-14,232900.00
6099,CNYA,33.26,33.12,114992.00,ETF,ETF,18.00,18.00,20.00,20.00,0.33,0.18,41920.00,36300.00,38.77,32.80,0,NO,34.23,35.12,35.78,35.08,35.80,,2594,0.00,114992.00,NO,NO,2022-12-08,5812800.00
6100,NVST,23.00,22.72,2357665.00,Healthcare,Medical Instruments & Supplies,18.00,5.00,10.00,10.00,0.61,0.58,2771290.00,2430030.00,30.42,18.77,3694207488,NO,23.72,25.96,25.69,25.71,25.62,,1775,0.00,2357665.00,NO,NO,2021-04-09,36578800.00
6101,JMUB,47.57,47.40,4591631.00,ETF,ETF,18.00,39.00,23.00,21.00,0.32,0.28,2027198.00,4686870.00,51.34,47.20,0,NO,47.95,48.90,50.08,48.82,49.77,,1992,0.34,4591631.00,NO,NO,2026-10-08,6625300.00
6102,MUND,97.08,96.97,1141.00,ETF,ETF,18.00,47.00,24.00,20.00,0.66,0.41,954.00,1520.00,107.17,95.25,0,NO,97.17,99.32,102.18,99.17,101.55,,288,0.06,1141.00,NO,NO,2026-05-13,22200.00
6103,XC,30.92,30.58,2986.00,ETF,ETF,18.00,22.00,38.00,18.00,0.36,0.19,12401.00,12520.00,35.86,30.04,0,NO,31.23,31.98,32.26,31.95,31.85,,1016,0.85,2986.00,NO,NO,2023-02-21,487000.00
6104,MMMA,23.82,23.73,1048643.00,ETF,ETF,18.00,33.00,21.00,20.00,0.16,0.11,4150.00,6770.00,25.74,23.63,0,NO,24.08,24.62,25.15,24.57,25.06,,204,0.00,1048643.00,NO,YES,2026-10-09,1048643.00
6105,GLCR,23.69,23.68,736.00,ETF,ETF,18.00,23.00,64.00,13.00,0.17,0.05,404.00,290.00,28.72,23.15,0,NO,24.02,24.57,25.51,24.57,24.77,,387,0.00,671.00,NO,NO,2026-02-17,13800.00
6106,FPFD,20.48,20.48,20268.00,ETF,ETF,18.00,33.00,28.00,19.00,0.09,0.08,15064.00,16990.00,22.23,20.35,0,NO,20.73,21.01,21.55,20.99,21.38,,1335,0.00,20268.00,NO,NO,2025-07-07,182500.00
6107,MUNY,97.39,96.89,134376.00,ETF,ETF,18.00,40.00,23.00,20.00,0.68,0.58,103573.00,286550.00,105.51,96.38,0,NO,97.91,100.00,102.51,99.81,101.91,,348,0.00,134376.00,NO,NO,2026-09-28,752700.00
6108,COF,199.26,199.40,2786020.00,Financial Services,Credit Services,18.00,23.00,42.00,50.00,4.28,4.14,3631701.00,3508470.00,259.64,174.24,122242990080,NO,199.01,209.98,204.51,210.32,199.18,,8027,0.00,2786020.00,NO,NO,2009-05-11,114574400.00
6109,UJB,74.18,74.41,64.00,ETF,ETF,18.00,20.00,24.00,20.00,0.42,0.06,17015.00,6170.00,80.09,73.20,0,NO,75.67,77.49,78.35,77.18,77.79,,3893,0.00,5200.00,NO,NO,2021-12-20,351600.00
6110,FPE,17.06,17.08,2589155.00,ETF,ETF,18.00,33.00,26.00,21.00,0.09,0.07,1229960.00,2325290.00,18.51,16.96,0,NO,17.25,17.53,17.94,17.50,17.79,,3436,0.00,2589155.00,NO,NO,2023-03-16,8490300.00
6111,XSVN,44.70,44.75,72549.00,ETF,ETF,18.00,37.00,28.00,19.00,0.27,0.24,131429.00,256830.00,48.98,44.34,0,NO,44.99,45.81,47.13,45.72,46.69,,1014,0.00,72549.00,NO,NO,2026-09-15,2295000.00
6112,BRX,27.30,27.08,1948070.00,Real Estate,REIT - Retail,18.00,17.00,10.00,15.00,0.45,0.44,2735060.00,3786500.00,32.86,24.66,8377614336,NO,27.73,28.91,29.42,28.75,30.01,,3255,0.41,1948070.00,NO,NO,2019-02-05,58450000.00
6113,AEE,102.19,101.84,1482423.00,Utilities,Utilities - Regulated Electric,18.00,31.00,13.00,13.00,1.41,1.37,1682342.00,2614690.00,118.32,96.57,28290613248,NO,101.17,105.04,107.91,104.60,108.87,,7237,0.00,1482423.00,NO,NO,2009-09-10,17604800.00
6114,IBIK,24.06,24.09,33533.00,ETF,ETF,18.00,28.00,29.00,17.00,0.12,0.10,20535.00,28420.00,26.24,23.91,0,NO,24.27,24.73,25.49,24.66,25.33,,596,0.00,33533.00,NO,NO,2025-01-16,709400.00
6115,CHTRP,21.75,21.92,19045.00,,,18.00,18.00,53.00,17.00,0.42,0.41,9932.00,9850.00,28.47,21.05,0,NO,22.46,22.50,22.87,22.51,22.36,,1456,0.00,19045.00,NO,NO,2025-01-27,229500.00
6116,IVT,29.78,29.59,388603.00,Real Estate,REIT - Retail,18.00,12.00,7.00,16.00,0.53,0.53,638384.00,753690.00,37.22,26.81,2322197760,NO,30.43,32.00,31.99,31.81,32.88,,3174,0.03,388603.00,NO,NO,2026-06-18,12086200.00
6117,DOV,188.83,188.96,708595.00,Industrials,Specialty Industrial Machinery,18.00,66.00,11.00,10.00,3.68,3.59,1187081.00,1113990.00,237.54,158.97,25431666688,NO,188.99,196.34,209.87,195.86,208.34,,11737,0.00,708595.00,NO,NO,2014-11-04,11181245.00
6118,VTEC,94.28,94.04,1328689.00,ETF,ETF,18.00,38.00,23.00,20.00,0.65,0.58,674757.00,1568720.00,101.90,93.46,0,NO,94.91,96.94,99.33,96.77,98.69,,677,0.15,1328689.00,NO,NO,2025-04-09,2608200.00
6119,BAB,25.38,25.41,170467.00,ETF,ETF,18.00,33.00,27.00,19.00,0.19,0.18,393979.00,505390.00,27.73,25.15,0,NO,25.58,26.03,26.74,25.98,26.51,,4249,0.00,170467.00,NO,NO,2024-03-14,9475800.00
6120,BPAY,25.44,24.99,1853.00,ETF,ETF,18.00,21.00,31.00,72.00,0.28,0.18,2921.00,1780.00,33.31,21.33,0,NO,25.33,26.46,25.29,26.48,25.17,,1037,0.54,1853.00,NO,NO,2025-12-18,30600.00
6121,FXU,45.62,45.35,155646.00,ETF,ETF,18.00,34.00,15.00,12.00,0.57,0.52,244517.00,284080.00,51.62,43.40,0,NO,44.87,46.61,48.06,46.45,48.22,,4886,0.07,155646.00,NO,NO,2016-02-05,48303600.00
6122,LOPE,159.80,160.30,208719.00,Consumer Defensive,Education & Training Services,18.00,86.00,74.00,26.00,4.59,4.49,329581.00,300210.00,223.04,134.27,4165192960,NO,152.61,150.15,158.37,151.34,154.30,,4498,0.00,208719.00,NO,NO,2019-12-20,8109100.00
6123,JTNY,47.17,46.93,126016.00,ETF,ETF,18.00,38.00,24.00,,0.32,0.28,37787.00,87660.00,50.37,46.67,0,NO,47.40,48.41,,48.34,,,82,0.13,126016.00,NO,NO,2026-09-21,148000.00
6124,NXPI,227.52,231.07,2383748.00,Technology,Semiconductors,18.00,64.00,5.00,70.00,7.49,6.39,3622309.00,2725160.00,339.95,183.00,57372393472,NO,233.62,230.60,245.95,232.53,253.61,,4069,0.00,2383748.00,NO,NO,2021-03-19,53102200.00
6125,DFIP,39.21,39.25,111291.00,ETF,ETF,18.00,38.00,27.00,17.00,0.17,0.16,166862.00,311900.00,42.56,38.96,0,NO,39.33,39.95,41.28,39.88,41.04,,1229,0.00,111291.00,NO,NO,2026-02-13,971800.00
6126,DMBS,46.31,46.30,115428.00,ETF,ETF,18.00,35.00,27.00,18.00,0.32,0.30,84976.00,122280.00,50.54,45.86,0,NO,46.69,47.55,48.89,47.46,48.47,,881,0.00,115428.00,NO,NO,2023-06-13,1534100.00
6127,IBCA,24.12,24.12,86302.00,ETF,ETF,18.00,38.00,28.00,19.00,0.16,0.15,129134.00,202070.00,26.38,23.86,0,NO,24.29,24.72,25.45,24.66,25.22,,505,0.00,86302.00,NO,NO,2025-12-23,1647100.00
6128,ORLY,86.45,86.01,3005480.00,Consumer Cyclical,Auto Parts,18.00,68.00,47.00,17.00,1.76,1.67,6309940.00,5420650.00,104.06,82.59,69934653440,NO,85.33,87.96,90.78,87.81,89.35,,8424,0.00,3005480.00,NO,NO,2009-03-26,417903000.00
6129,IEF,89.40,89.45,7197602.00,ETF,ETF,18.00,37.00,28.00,18.00,0.55,0.51,8342867.00,12883580.00,98.05,88.64,0,NO,89.97,91.63,94.29,91.44,93.41,,6089,0.00,7197602.00,NO,NO,2025-04-07,68670600.00
6130,CDX,20.40,20.32,52620.00,ETF,ETF,18.00,56.00,40.00,20.00,0.16,0.15,123576.00,146020.00,22.94,20.06,0,NO,20.36,20.55,21.31,20.55,20.99,,1165,0.25,52620.00,NO,NO,2024-04-03,2232400.00
6131,EPAC,34.93,34.91,253873.00,Industrials,Specialty Industrial Machinery,18.00,45.00,57.00,25.00,0.90,0.87,423221.00,446280.00,45.00,32.35,1800402816,NO,35.37,36.29,36.89,36.37,35.53,,6593,0.00,253873.00,NO,NO,2006-06-20,17054400.00
6132,FFTY,35.79,35.08,8842.00,ETF,ETF,18.00,71.00,15.00,42.00,0.45,0.36,16410.00,9050.00,44.08,31.61,0,NO,35.17,36.13,37.74,36.11,37.73,,2894,1.16,8842.00,NO,NO,2018-10-10,1019300.00
6133,PB,66.11,66.69,578341.00,Financial Services,Banks - Regional,18.00,10.00,14.00,26.00,1.29,1.21,995507.00,1051690.00,77.20,61.07,7944886272,NO,68.10,71.13,70.47,70.95,70.31,,7019,0.00,578341.00,NO,NO,2010-02-26,7257300.00
6134,BSCZ,19.34,19.37,115336.00,ETF,ETF,18.00,38.00,28.00,18.00,0.12,0.11,200328.00,153790.00,21.16,19.14,0,NO,19.45,19.80,20.40,19.76,20.22,,335,0.00,115336.00,NO,NO,2026-08-21,2337000.00
6135,IBN,27.89,27.90,3627420.00,Financial Services,Banks - Regional,18.00,26.00,26.00,43.00,0.38,0.33,5334623.00,4632560.00,33.03,25.08,100106870784,NO,27.93,29.12,28.60,29.08,28.07,,6674,0.00,3627420.00,NO,NO,2009-05-18,150552600.00
6136,OMF,56.07,56.42,745767.00,Financial Services,Credit Services,18.00,6.00,24.00,42.00,1.34,1.26,947493.00,861660.00,71.93,45.78,6450375168,NO,57.93,61.42,59.29,61.43,58.44,,3265,0.00,745767.00,NO,NO,2013-10-16,17412400.00
6137,AGI,32.90,32.22,1866662.00,Basic Materials,Gold,18.00,10.00,89.00,2.00,1.13,0.87,4129715.00,3230270.00,55.41,27.05,13772088320,NO,33.78,34.33,38.87,34.96,36.89,,5898,1.74,1866662.00,NO,NO,2017-03-17,23193400.00
6138,VMRK,61.16,59.98,3583410.00,Real Estate,REIT - Residential,18.00,15.00,10.00,41.00,1.20,1.18,5007521.00,5081520.00,71.50,57.57,47324332032,NO,61.55,64.13,64.02,63.99,64.64,,8347,0.60,3583410.00,NO,NO,2001-11-30,31955700.00
6139,USIN,47.03,47.06,349.00,ETF,ETF,18.00,37.00,28.00,18.00,0.21,0.13,1551.00,3840.00,51.47,46.66,0,NO,47.30,48.18,49.60,48.07,49.12,,646,0.00,349.00,NO,NO,2024-08-21,48600.00
6140,MYCO,23.07,23.10,152.00,ETF,ETF,18.00,38.00,28.00,18.00,0.09,0.03,1360.00,940.00,25.22,22.90,0,NO,23.24,23.65,24.35,23.60,24.13,,268,0.00,152.00,NO,NO,2026-09-08,22500.00
6141,IBOC,67.92,68.40,273627.00,Financial Services,Banks - Regional,18.00,20.00,13.00,22.00,1.03,0.98,333460.00,383180.00,78.46,63.20,4224047360,NO,69.60,71.26,71.49,71.01,72.33,,7829,0.00,273627.00,NO,NO,2009-01-29,7898600.00
6142,SETM,28.72,28.25,69036.00,ETF,ETF,18.00,4.00,40.00,6.00,0.83,0.65,153354.00,218680.00,40.55,23.71,0,NO,30.07,31.99,33.58,32.10,32.92,,925,1.20,69036.00,NO,NO,2026-05-07,1438400.00
6143,IBTQ,23.67,23.68,171846.00,ETF,ETF,18.00,37.00,28.00,18.00,0.14,0.13,82039.00,132060.00,25.99,23.45,0,NO,23.82,24.27,24.99,24.22,24.75,,387,0.00,171846.00,NO,NO,2026-04-28,2121300.00
6144,RDN,33.93,34.17,2100294.00,Financial Services,Insurance - Specialty,18.00,14.00,12.00,38.00,0.98,0.96,1413178.00,2707030.00,41.05,30.53,4488984064,NO,33.80,35.65,35.27,35.40,35.74,,8544,0.00,2100294.00,NO,NO,2010-05-06,70617100.00
6145,IBIL,23.78,23.80,32367.00,ETF,ETF,18.00,29.00,29.00,16.00,0.14,0.12,20706.00,28730.00,26.73,23.61,0,NO,23.99,24.45,25.24,24.40,25.08,,386,0.00,32367.00,NO,NO,2025-09-02,251200.00
6146,VNT,32.24,32.20,895825.00,Technology,Scientific & Technical Instruments,18.00,79.00,85.00,10.00,0.80,0.78,1420159.00,1344230.00,48.20,27.25,4358848000,NO,31.71,32.49,34.06,32.59,32.05,,1518,0.00,895825.00,NO,NO,2021-03-19,30134800.00
6147,ZBH,89.14,88.88,1604127.00,Healthcare,Medical Devices,18.00,24.00,24.00,25.00,2.32,2.23,2173054.00,2021220.00,106.88,79.12,17002357760,NO,91.86,95.61,91.32,95.45,91.00,,6340,0.06,1604127.00,NO,NO,2006-06-26,13186472.00
6148,XEML,23.98,24.17,12.00,ETF,ETF,18.00,19.00,23.00,18.00,0.19,0.01,117.00,130.00,27.38,23.66,0,NO,24.60,25.60,,25.45,25.43,,195,0.00,100.00,NO,NO,2026-02-03,10600.00
6149,NNI,125.26,125.96,84617.00,Financial Services,Credit Services,18.00,55.00,25.00,21.00,2.08,2.08,132798.00,128350.00,144.38,116.62,4481732608,NO,125.27,127.14,131.03,126.72,130.27,,5742,0.00,84617.00,NO,NO,2009-02-26,3768500.00
6150,BSSX,24.21,24.07,36540.00,ETF,ETF,18.00,42.00,22.00,21.00,0.25,0.23,40331.00,107110.00,26.61,23.66,0,NO,24.28,24.86,25.54,24.83,25.35,,766,0.33,36540.00,NO,NO,2026-10-06,325600.00
6151,VTEB,47.32,47.13,37375907.00,ETF,ETF,18.00,37.00,22.00,20.00,0.34,0.28,16958695.00,43284080.00,51.18,46.87,0,NO,47.67,48.70,49.92,48.61,49.64,,2798,0.38,37375907.00,YES,NO,2026-09-28,54955300.00
6152,MUNC,96.37,96.79,7.00,ETF,ETF,18.00,38.00,24.00,18.00,0.31,0.03,840.00,210.00,104.81,95.88,0,NO,97.44,99.29,101.86,98.95,101.03,,286,0.00,100.00,NO,NO,2026-08-12,40000.00
6153,MISL,42.24,41.76,36482.00,ETF,ETF,18.00,58.00,34.00,13.00,0.60,0.54,87320.00,105680.00,51.10,38.84,0,NO,42.27,44.04,45.82,44.08,44.86,,992,0.41,36482.00,NO,NO,2025-12-12,31632600.00
6154,CCRP,18.70,18.64,8.00,ETF,ETF,18.00,37.00,28.00,18.00,0.05,0.00,4000.00,25060.00,20.21,18.61,0,NO,18.89,19.17,19.67,19.10,19.50,,206,0.00,100.00,NO,NO,2026-05-04,2325500.00
6155,TAFM,23.96,23.87,707138.00,ETF,ETF,18.00,32.00,22.00,19.00,0.19,0.16,461334.00,1484010.00,25.93,23.72,0,NO,24.17,24.70,25.31,24.67,25.17,,566,0.00,707138.00,NO,NO,2026-10-08,7892600.00
6156,FE,45.00,44.85,2900225.00,Utilities,Utilities - Regulated Electric,18.00,30.00,19.00,10.00,0.69,0.66,4344564.00,5003120.00,52.34,42.67,26029402112,NO,44.32,45.86,47.43,45.65,47.22,,7273,0.00,2900225.00,NO,NO,2020-07-22,135941100.00
6157,IGI,15.33,15.32,7369.00,Financial Services,Asset Management,18.00,40.00,26.00,21.00,0.31,0.29,13512.00,6370.00,16.93,15.08,91882672,NO,15.62,15.76,16.10,15.75,15.95,,4346,0.00,7369.00,NO,NO,2024-02-28,778100.00
6158,GIND,23.41,23.21,7310.00,ETF,ETF,17.00,22.00,33.00,35.00,0.22,0.09,6160.00,7060.00,27.60,21.43,0,NO,23.86,24.52,24.33,24.52,24.01,,382,0.67,7310.00,NO,NO,2025-09-30,1561400.00
6159,SDHY,15.35,15.14,67897.00,Financial Services,Asset Management,17.00,38.00,30.00,24.00,0.25,0.24,63181.00,79690.00,17.02,14.67,378731424,NO,15.32,15.77,16.12,15.73,15.92,,1474,0.40,67897.00,NO,NO,2020-11-25,1852100.00
6160,VRDN,18.66,18.34,1334231.00,Healthcare,Biotechnology,17.00,2.00,43.00,86.00,0.90,0.89,1713679.00,1994070.00,34.29,13.18,2114033792,NO,20.44,21.84,22.49,21.77,19.27,,3097,0.00,1334231.00,NO,NO,2020-10-28,17798400.00
6161,BKV,24.24,23.94,1677147.00,Energy,Oil & Gas E&P,17.00,29.00,22.00,9.00,0.87,0.79,1514239.00,1714050.00,32.81,20.08,2652773120,NO,22.72,24.14,26.93,24.05,26.16,,511,0.00,1677147.00,NO,NO,2026-09-10,18909800.00
6162,LQD,102.41,102.47,28429878.00,ETF,ETF,17.00,38.00,28.00,18.00,0.69,0.64,30883684.00,41509120.00,112.93,101.20,0,NO,103.26,104.90,108.21,104.69,107.19,,6089,0.00,28429878.00,YES,NO,2026-03-03,78775000.00
6163,HYD,47.99,47.82,2598961.00,ETF,ETF,17.00,38.00,21.00,19.00,0.44,0.40,1493360.00,2762620.00,51.68,47.49,0,NO,48.29,49.34,50.61,49.27,50.38,,4447,0.15,2598961.00,NO,NO,2022-06-14,5720900.00
6164,JMBS,42.48,42.46,1688464.00,ETF,ETF,17.00,33.00,26.00,18.00,0.34,0.31,779345.00,1199060.00,46.39,41.93,0,NO,42.82,43.70,44.97,43.63,44.58,,2029,0.00,1688464.00,NO,NO,2023-11-28,15744800.00
6165,HDGE,15.32,15.25,54237.00,ETF,ETF,17.00,82.00,32.00,9.00,0.21,0.18,84287.00,105720.00,18.45,13.77,0,NO,15.20,14.66,16.21,14.62,16.06,,3949,0.00,54237.00,NO,NO,2022-09-22,955900.00
6166,ZTEN,47.59,47.65,9.00,ETF,ETF,17.00,38.00,27.00,18.00,0.23,0.12,2345.00,2040.00,52.15,47.15,0,NO,47.97,48.83,50.28,48.73,49.82,,689,0.00,9.00,NO,NO,2025-08-04,693100.00
6167,FXG,59.54,59.96,9772.00,ETF,ETF,17.00,21.00,18.00,15.00,0.72,0.61,12617.00,17250.00,69.50,57.29,0,NO,59.67,62.83,63.59,62.62,63.03,,4886,0.00,9772.00,NO,NO,2016-11-28,21516500.00
6168,MBSX,25.25,25.64,333.00,ETF,ETF,17.00,9.00,15.00,30.00,0.79,0.67,2554.00,3290.00,35.00,23.45,0,NO,26.23,26.72,26.81,26.49,27.00,,363,0.00,333.00,NO,NO,2025-05-01,194600.00
6169,IBMX,23.55,23.44,1282.00,ETF,ETF,17.00,50.00,23.00,,0.20,0.16,10512.00,30890.00,25.23,23.03,0,NO,23.51,24.06,,24.01,,,123,0.38,1282.00,NO,NO,2026-09-29,153900.00
6170,WTMY,23.90,23.82,712.00,ETF,ETF,17.00,31.00,22.00,20.00,0.12,0.04,542.00,1060.00,25.85,23.73,0,NO,24.13,24.65,25.24,24.60,25.07,,382,0.00,712.00,NO,NO,2025-04-15,45800.00
6171,TMNL,47.19,47.11,445.00,ETF,ETF,17.00,37.00,21.00,19.00,0.28,0.10,914.00,3410.00,50.84,46.85,0,NO,47.68,48.70,49.85,48.59,49.62,,221,0.12,445.00,NO,NO,2026-09-30,22200.00
6172,DAPP,17.82,17.54,337944.00,ETF,ETF,17.00,8.00,51.00,58.00,0.80,0.74,793121.00,1153330.00,27.49,13.68,0,NO,19.56,19.11,18.66,19.26,19.07,,1379,0.91,337944.00,NO,NO,2025-12-16,4667200.00
6173,MGY,24.10,24.48,4000471.00,Energy,Oil & Gas E&P,17.00,3.00,14.00,6.00,0.69,0.65,5118800.00,5593440.00,32.76,21.07,6620151296,NO,24.72,25.82,26.82,25.77,27.34,,2333,0.00,4000471.00,NO,NO,2024-03-15,40683700.00
6174,CGHM,24.07,23.98,1148370.00,ETF,ETF,17.00,31.00,20.00,19.00,0.21,0.19,758418.00,2182300.00,30.00,23.81,0,NO,24.34,24.92,25.46,24.88,25.37,,574,0.29,1148370.00,NO,NO,2025-08-15,44464400.00
6175,JLQD,39.06,38.98,325.00,ETF,ETF,17.00,42.00,28.00,18.00,0.13,0.06,748.00,510.00,42.71,38.72,0,NO,39.44,40.02,41.15,39.91,40.74,,1275,0.00,200.00,NO,NO,2022-07-14,100000.00
6176,BMOP,23.44,23.32,432703.00,ETF,ETF,17.00,33.00,20.00,20.00,0.19,0.18,208703.00,606400.00,25.28,23.25,0,NO,23.68,24.22,,24.18,24.64,,188,0.43,432703.00,NO,NO,2026-09-29,1352600.00
6177,GCAD,48.11,47.78,1498.00,ETF,ETF,17.00,25.00,12.00,14.00,0.60,0.46,6482.00,4380.00,59.11,44.00,0,NO,49.10,52.00,52.62,51.76,52.76,,945,0.00,1498.00,NO,NO,2026-06-17,39400.00
6178,FMUN,47.17,46.97,21981.00,ETF,ETF,17.00,36.00,21.00,19.00,0.41,0.33,14482.00,25840.00,51.25,46.32,0,NO,47.43,48.56,49.86,48.48,49.53,,379,0.00,21981.00,NO,NO,2026-09-30,63100.00
6179,FXI,34.24,33.45,31513500.00,ETF,ETF,17.00,56.00,66.00,20.00,0.49,0.29,17792151.00,17175810.00,41.24,31.19,0,NO,34.10,34.95,36.13,34.85,35.04,,5536,1.41,31513500.00,YES,NO,2024-10-08,322806900.00
6180,MINO,42.62,42.42,746254.00,ETF,ETF,17.00,34.00,22.00,19.00,0.35,0.32,239637.00,626240.00,46.19,42.15,0,NO,42.98,43.96,45.09,43.88,44.84,,1276,0.38,746254.00,NO,NO,2026-10-02,1291700.00
6181,ISRG,423.96,415.41,1761570.00,Healthcare,Medical Instruments & Supplies,17.00,95.00,74.00,19.00,10.87,10.70,2924618.00,1969560.00,603.88,328.57,149775761408,NO,400.65,386.10,443.41,387.50,412.17,,6618,0.24,1761570.00,NO,NO,2007-07-20,80133300.00
6182,UFO,41.98,42.01,168560.00,ETF,ETF,17.00,38.00,17.00,7.00,1.05,0.91,345828.00,315910.00,68.21,30.89,0,NO,43.10,44.57,47.50,44.54,48.73,,1885,0.00,168560.00,NO,NO,2026-05-29,4061500.00
6183,PMBS,46.28,46.24,336453.00,ETF,ETF,17.00,29.00,25.00,17.00,0.39,0.36,149346.00,397440.00,50.95,45.71,0,NO,46.71,47.77,49.14,47.67,48.74,,514,0.00,336453.00,NO,NO,2024-11-11,2806800.00
6184,ACV,24.87,24.28,54223.00,Financial Services,Asset Management,17.00,20.00,13.00,36.00,0.64,0.60,30026.00,42590.00,29.04,23.65,258549232,NO,24.87,25.99,26.68,25.95,26.48,,2864,1.32,54223.00,NO,NO,2015-05-22,1279800.00
6185,MBND,25.60,25.55,70862.00,ETF,ETF,17.00,28.00,22.00,19.00,0.51,0.46,11481.00,18280.00,28.09,25.27,0,NO,25.85,26.41,27.09,26.35,26.89,,1426,0.00,70862.00,NO,NO,2025-03-26,500200.00
6186,MHO,127.82,130.17,142413.00,Consumer Cyclical,Residential Construction,17.00,9.00,10.00,49.00,3.81,3.45,208171.00,187240.00,163.66,116.78,3231677184,NO,136.58,144.06,138.17,143.62,138.87,,8289,0.00,142413.00,NO,NO,2009-05-20,4944100.00
6187,FMB,48.01,47.85,315840.00,ETF,ETF,17.00,34.00,21.00,18.00,0.39,0.34,317559.00,724240.00,52.03,47.38,0,NO,48.36,49.43,50.77,49.35,50.46,,3120,0.29,315840.00,NO,NO,2026-10-08,1559700.00
6188,HTAB,17.97,17.91,113856.00,ETF,ETF,17.00,31.00,22.00,19.00,0.14,0.12,121853.00,233680.00,19.56,17.77,0,NO,18.13,18.53,19.01,18.50,18.89,,2131,0.00,113856.00,NO,NO,2026-08-31,2386100.00
6189,FSPC,18.07,17.96,319.00,ETF,ETF,17.00,36.00,,,0.18,0.03,1410.00,230.00,21.17,17.96,0,NO,18.61,19.26,,19.27,,,66,0.06,319.00,NO,NO,2026-09-09,11500.00
6190,NUMI,23.53,23.47,14384.00,ETF,ETF,17.00,34.00,21.00,18.00,0.30,0.29,29312.00,134300.00,25.66,22.51,0,NO,23.73,24.28,24.93,24.24,24.77,,431,0.00,14384.00,NO,NO,2026-10-02,613600.00
6191,XQBT,23.41,23.84,87.00,ETF,ETF,17.00,59.00,,,0.41,0.30,2100.00,1360.00,25.56,22.85,0,NO,24.04,,,,,,36,0.00,1100.00,NO,NO,2026-08-19,22500.00
6192,FESC,22.88,22.80,1161.00,ETF,ETF,17.00,45.00,29.00,,0.22,0.16,4259.00,15490.00,25.00,22.50,0,NO,22.97,23.58,,23.62,,,71,0.22,1161.00,NO,NO,2026-09-29,53900.00
6193,IROC,47.78,47.65,40204.00,ETF,ETF,17.00,30.00,20.00,20.00,0.45,0.41,29225.00,61110.00,51.93,47.35,0,NO,48.37,49.48,50.51,49.39,50.31,,960,0.23,40204.00,NO,NO,2026-08-06,298800.00
6194,LKFN,56.84,57.45,222450.00,Financial Services,Banks - Regional,17.00,14.00,21.00,17.00,1.09,1.02,172264.00,204560.00,64.55,54.36,1412919680,NO,58.80,60.09,59.84,60.04,60.22,,7334,0.00,222450.00,NO,NO,2021-08-03,5173700.00
6195,THYM,47.39,47.16,35154.00,ETF,ETF,17.00,30.00,19.00,19.00,0.28,0.14,3992.00,5250.00,51.74,47.07,0,NO,47.95,49.07,50.16,48.99,49.99,,221,0.37,35154.00,NO,YES,2026-10-09,35154.00
6196,GXIG,23.62,23.54,12.00,ETF,ETF,17.00,41.00,29.00,18.00,0.08,0.03,2078.00,1580.00,27.36,23.27,0,NO,23.80,24.14,24.83,24.06,24.57,,329,0.00,100.00,NO,NO,2025-07-23,880200.00
6197,FCAL,46.30,46.04,56385.00,ETF,ETF,17.00,34.00,20.00,18.00,0.35,0.31,27378.00,56340.00,50.13,45.78,0,NO,46.67,47.73,49.00,47.66,48.73,,2335,0.56,56385.00,NO,NO,2025-07-17,1804200.00
6198,SFBC,42.46,43.77,2065.00,Financial Services,Banks - Regional,17.00,4.00,17.00,23.00,1.82,1.55,10304.00,3160.00,49.21,40.68,109039104,NO,45.98,46.70,44.19,46.29,44.44,,4718,0.00,2065.00,NO,NO,2025-06-27,265100.00
6199,TAXF,47.31,47.13,66811.00,ETF,ETF,17.00,33.00,20.00,19.00,0.43,0.37,83076.00,189500.00,51.42,46.89,0,NO,47.83,48.93,50.14,48.84,49.86,,2030,0.36,66811.00,NO,NO,2022-11-08,559200.00
6200,JOUT,42.76,44.40,23620.00,Consumer Cyclical,Leisure,17.00,26.00,33.00,7.00,1.16,1.12,43704.00,36540.00,53.54,35.65,448110656,NO,44.25,45.71,46.45,45.72,46.49,,9824,0.00,23620.00,NO,NO,1987-10-09,1079800.00
6201,ZCBE,49.36,46.53,104.00,ETF,ETF,17.00,37.00,27.00,16.00,0.14,0.00,100.00,100.00,51.44,46.41,0,NO,47.00,47.89,,47.70,48.83,,188,0.00,100.00,NO,NO,2026-01-12,10000.00
6202,ADBU,21.19,21.01,8721.00,ETF,ETF,17.00,10.00,56.00,27.00,1.19,1.09,25131.00,12460.00,32.49,14.60,0,NO,21.55,25.00,,24.91,,,138,0.00,8721.00,NO,NO,2026-06-12,672800.00
6203,IBLC,43.58,43.00,4221.00,ETF,ETF,17.00,15.00,41.00,65.00,1.31,1.12,11537.00,7790.00,68.77,33.88,0,NO,46.86,45.82,45.19,46.12,46.21,,1118,0.23,4221.00,NO,NO,2025-11-14,149800.00
6204,TFI,42.77,42.55,1772329.00,ETF,ETF,17.00,36.00,22.00,18.00,0.32,0.28,991635.00,1761100.00,46.50,42.34,0,NO,43.07,44.05,45.25,43.97,44.94,,4799,0.21,1772329.00,NO,NO,2022-04-25,17423100.00
6205,IOPP,24.47,25.14,10.00,ETF,ETF,17.00,15.00,22.00,37.00,0.20,0.01,1870.00,270.00,28.40,22.70,0,NO,25.79,26.49,25.83,26.38,25.62,,651,0.00,100.00,NO,NO,2024-10-08,81600.00
6206,ABT,99.60,98.49,6961418.00,Healthcare,Medical Devices,17.00,24.00,83.00,38.00,2.23,2.21,9644404.00,9364100.00,134.50,81.97,173484589056,NO,100.74,106.17,103.34,105.94,98.39,,11737,0.00,6961418.00,NO,NO,2026-03-20,81271300.00
6207,CCI,79.64,68.89,14173417.00,Real Estate,REIT - Specialty,17.00,90.00,52.00,16.00,2.50,2.15,3578664.00,3468030.00,100.50,65.32,34802679808,NO,70.28,73.36,82.58,74.17,81.20,,7080,7.87,14173417.00,YES,NO,2012-03-13,49940000.00
6208,INDQ,24.11,24.06,10.00,ETF,ETF,17.00,16.00,22.00,13.00,0.18,0.01,567.00,630.00,27.81,23.99,0,NO,24.99,25.98,,25.89,,,132,0.00,10.00,NO,NO,2026-04-10,17100.00
6209,FAS,150.65,146.89,652896.00,ETF,ETF,17.00,4.00,13.00,81.00,5.61,5.44,396871.00,523650.00,187.25,106.91,0,NO,152.01,168.64,150.61,168.57,150.25,,4499,0.17,652896.00,NO,NO,2009-04-21,715300128.00
6210,SCNM,23.50,23.41,104461.00,ETF,ETF,17.00,31.00,21.00,19.00,0.18,0.12,27903.00,26320.00,25.50,23.29,0,NO,23.76,24.29,24.87,24.25,24.72,,208,0.38,104461.00,NO,NO,2026-01-12,6421800.00
6211,PEZ,95.18,94.87,70.00,ETF,ETF,17.00,68.00,26.00,25.00,0.59,0.23,734.00,310.00,110.43,90.81,0,NO,93.83,97.21,100.54,97.05,98.94,,5029,0.00,70.00,NO,NO,2008-11-21,1415100.00
6212,NGG,76.48,77.11,666678.00,Utilities,Utilities - Regulated Electric,17.00,61.00,16.00,8.00,1.18,0.93,834940.00,911850.00,94.64,73.28,76891602944,NO,75.99,78.22,83.15,78.09,81.98,,5325,0.00,666678.00,NO,NO,2026-05-15,7056000.00
6213,SCMB,24.08,23.98,4155844.00,ETF,ETF,17.00,36.00,21.00,19.00,0.22,0.20,3091592.00,5078550.00,26.20,23.81,0,NO,24.24,24.81,25.49,24.76,25.32,,1002,0.25,4155844.00,NO,NO,2025-04-22,81759400.00
6214,KEY,19.97,20.10,14401967.00,Financial Services,Banks - Regional,17.00,9.00,9.00,17.00,0.38,0.36,12088545.00,15133440.00,24.07,16.47,21310556160,NO,20.48,21.57,21.59,21.53,21.74,,9805,0.00,14401967.00,YES,NO,2023-03-13,111197500.00
6215,UTEN,40.68,40.70,81285.00,ETF,ETF,17.00,34.00,26.00,17.00,0.29,0.25,114140.00,279230.00,44.89,40.26,0,NO,40.97,41.78,43.13,41.69,42.69,,1047,0.00,81285.00,NO,NO,2023-11-01,992200.00
6216,OILT,32.10,31.41,1723.00,ETF,ETF,17.00,,,,,,3552.00,4619.00,34.32,21.45,0,NO,,,,,,,6,0.00,1723.00,NO,NO,2026-09-16,8580.00
6217,NASA,24.10,24.13,1150993.00,ETF,ETF,17.00,83.00,30.00,8.00,0.84,0.71,1554878.00,1911730.00,42.68,20.46,0,NO,24.26,24.25,,24.45,,,134,0.00,1150993.00,NO,NO,2026-06-12,35317100.00
6218,FOR,25.65,25.91,138190.00,Real Estate,Real Estate - Development,17.00,26.00,8.00,36.00,0.75,0.69,145978.00,186710.00,32.06,22.81,1308374016,NO,26.23,27.61,27.43,27.55,27.67,,4735,0.00,138190.00,NO,NO,2017-06-05,12937200.00
6219,NVII,24.90,25.02,71917.00,ETF,ETF,17.00,82.00,65.00,32.00,0.47,0.40,104403.00,91200.00,34.58,22.00,0,NO,24.67,24.59,25.75,24.76,25.15,,345,0.00,71917.00,NO,NO,2026-06-05,516100.00
6220,MBNKO,23.73,23.60,20600.00,Financial Services,Banks - Regional,17.00,9.00,19.00,17.00,0.35,0.31,13515.00,39600.00,26.20,23.34,0,NO,24.62,25.31,25.44,25.22,25.43,,349,0.25,20600.00,NO,NO,2026-09-24,247000.00
6221,TRC,16.35,16.40,50556.00,Industrials,Conglomerates,17.00,69.00,11.00,8.00,0.32,0.32,141942.00,94730.00,21.31,15.31,441800608,NO,16.25,16.33,17.71,16.37,18.08,,11737,0.00,50556.00,NO,NO,1997-08-26,1976570.00
6222,HIG,129.11,129.48,1324010.00,Financial Services,Insurance - Diversified,17.00,16.00,16.00,19.00,2.46,2.40,1618492.00,1917070.00,146.07,120.33,34972282880,NO,128.71,134.82,135.62,134.20,134.76,,7754,0.00,1324010.00,NO,NO,2008-12-05,119854300.00
6223,FHN,23.08,23.31,3361278.00,Financial Services,Banks - Regional,17.00,12.00,12.00,26.00,0.43,0.41,5329317.00,5475550.00,26.56,19.80,10934776832,NO,23.47,24.46,24.39,24.43,24.45,,11737,0.00,3361278.00,NO,NO,2023-05-04,112613100.00
6224,BILD,27.66,27.97,6.00,ETF,ETF,17.00,17.00,19.00,10.00,0.17,0.00,478.00,120.00,31.79,27.48,0,NO,28.16,29.12,29.84,28.91,29.87,,716,0.00,100.00,NO,NO,2026-02-13,52600.00
6225,FFIU,20.54,20.55,1801.00,ETF,ETF,17.00,25.00,25.00,18.00,0.12,0.05,3234.00,1680.00,23.11,20.34,0,NO,20.81,21.18,21.79,21.15,21.60,,2297,0.00,1801.00,NO,NO,2017-08-21,609400.00
6226,TMFS,32.90,32.80,9014.00,ETF,ETF,17.00,24.00,17.00,35.00,0.36,0.29,3801.00,6310.00,37.42,30.93,0,NO,33.20,34.98,34.79,34.95,34.57,,1992,0.00,9014.00,NO,NO,2018-11-05,468700.00
6227,UNB,22.90,23.00,1192.00,Financial Services,Banks - Regional,17.00,21.00,24.00,18.00,0.36,0.36,5667.00,3210.00,26.41,20.65,113260376,NO,23.33,23.64,24.02,23.68,23.98,,6835,0.00,1192.00,NO,NO,2020-06-26,422600.00
6228,SRVR,29.18,28.26,81570.00,ETF,ETF,17.00,29.00,23.00,10.00,0.49,0.39,106379.00,170550.00,35.81,27.94,0,NO,29.05,30.46,31.89,30.42,32.12,,2112,2.30,81570.00,NO,NO,2021-07-12,7720800.00
6229,WHLRD,35.30,36.39,490.00,Real Estate,REIT - Retail,17.00,51.00,20.00,29.00,0.78,0.73,356.00,160.00,42.00,32.79,0,NO,36.20,36.05,37.11,35.87,36.60,,2317,0.00,400.00,NO,NO,2018-12-21,491400.00
6230,SBSI,30.20,30.47,88409.00,Financial Services,Banks - Regional,17.00,15.00,10.00,15.00,0.59,0.58,136715.00,150890.00,36.20,26.32,900201024,NO,30.89,31.74,32.39,31.78,32.71,,7147,0.00,88409.00,NO,NO,2015-01-26,3583964.00
6231,WDTE,28.90,28.73,16412.00,ETF,ETF,17.00,64.00,35.00,33.00,0.25,0.22,20618.00,24110.00,34.00,27.41,0,NO,28.87,29.28,30.09,29.26,29.65,,768,0.38,16412.00,NO,NO,2024-06-20,236000.00
6232,MUST,19.26,19.20,87976.00,ETF,ETF,17.00,37.00,20.00,19.00,0.24,0.22,211492.00,379780.00,21.10,18.85,0,NO,19.31,19.83,20.44,19.79,20.27,,2010,0.26,87976.00,NO,NO,2026-09-15,1903600.00
6233,HON,207.73,206.60,1563149.00,Industrials,Conglomerates,17.00,77.00,20.00,8.00,3.90,3.75,3014560.00,2126640.00,260.28,195.87,65837944832,NO,209.53,218.14,230.49,216.62,228.44,,16302,0.00,1563149.00,NO,NO,2001-06-14,91487271.00
6234,CHSCM,23.04,23.22,41301.00,Consumer Defensive,Farm Products,16.00,15.00,25.00,16.00,0.28,0.28,27675.00,39980.00,25.40,23.02,0,NO,23.87,24.24,24.69,24.16,24.53,,3039,0.00,41301.00,NO,NO,2014-10-17,2805700.00
6235,KPRO,26.31,26.35,6.00,ETF,ETF,16.00,66.00,44.00,25.00,0.06,0.03,446.00,100.00,31.25,26.24,0,NO,26.39,26.69,27.43,26.61,26.92,,668,0.00,100.00,NO,NO,2026-06-08,103200.00
6236,MUSQ,25.13,24.76,9.00,ETF,ETF,16.00,62.00,40.00,36.00,0.17,0.04,1279.00,190.00,29.43,23.22,0,NO,25.06,25.33,25.97,25.32,25.34,,817,0.00,900.00,NO,NO,2026-07-30,60500.00
6237,GPOR,162.66,164.64,269185.00,Energy,Oil & Gas E&P,16.00,10.00,78.00,5.00,4.34,4.11,301353.00,294310.00,225.78,149.18,2922941696,NO,159.71,166.94,181.18,166.66,174.27,,1356,0.00,269185.00,NO,NO,2026-06-30,2845000.00
6238,GABF,42.74,42.50,2270.00,ETF,ETF,16.00,18.00,24.00,41.00,0.44,0.25,2945.00,1520.00,48.46,38.34,0,NO,43.01,44.99,44.52,44.93,44.22,,1109,0.55,2270.00,NO,NO,2026-01-15,108400.00
6239,PLTM,16.18,15.70,77104.00,ETF,ETF,16.00,16.00,78.00,6.00,0.44,0.27,134503.00,173420.00,27.69,14.51,0,NO,16.65,16.92,18.66,17.07,17.45,,2182,2.87,77104.00,NO,NO,2026-01-26,5253700.00
6240,IMTG,46.39,46.42,6.00,ETF,ETF,16.00,32.00,26.00,17.00,0.17,0.00,248.00,100.00,50.27,46.31,0,NO,46.98,47.84,,47.68,48.65,,155,0.00,100.00,NO,NO,2026-08-21,5300.00
6241,XKRE,23.99,24.38,508.00,ETF,ETF,16.00,4.00,6.00,,0.52,0.09,182.00,510.00,31.09,23.83,0,NO,25.46,27.50,,27.42,,,90,0.00,508.00,NO,NO,2026-06-03,10200.00
6242,RSPD,52.65,52.59,511171.00,ETF,ETF,16.00,45.00,25.00,25.00,0.67,0.61,134039.00,243810.00,60.34,50.97,0,NO,52.43,55.03,55.90,54.93,54.98,,5011,0.10,511171.00,NO,NO,2021-10-26,4005000.00
6243,UTES,76.43,75.03,148180.00,ETF,ETF,16.00,72.00,19.00,17.00,1.54,1.36,171854.00,248580.00,88.43,69.45,0,NO,72.14,74.40,79.10,74.33,78.68,,2777,0.35,148180.00,NO,NO,2026-05-19,2196300.00
6244,NTES,124.24,119.60,806695.00,Communication Services,Electronic Gaming & Multimedia,16.00,90.00,24.00,67.00,2.82,1.60,775476.00,653780.00,156.44,106.06,79554650112,NO,118.95,122.15,122.63,121.62,120.33,,6608,2.84,806695.00,NO,NO,2003-10-29,395796000.00
6245,RVNU,23.32,23.04,84112.00,ETF,ETF,16.00,35.00,18.00,18.00,0.22,0.21,37312.00,61670.00,25.40,22.92,0,NO,23.44,24.09,24.67,24.07,24.64,,3359,0.00,84112.00,NO,NO,2016-10-13,538800.00
6246,NFG,78.66,78.21,576019.00,Energy,Oil & Gas Integrated,16.00,20.00,37.00,7.00,1.52,1.48,711539.00,930930.00,97.06,75.03,7476247552,NO,78.64,80.89,83.40,80.72,82.46,,13473,0.00,576019.00,NO,NO,2023-07-31,5582700.00
6247,JMHI,46.86,46.57,104155.00,ETF,ETF,16.00,31.00,20.00,19.00,0.49,0.43,74923.00,185850.00,51.19,46.27,0,NO,47.36,48.54,49.82,48.47,49.50,,813,0.21,104155.00,NO,NO,2026-07-23,339000.00
6248,KRG,23.91,24.08,1916716.00,Real Estate,REIT - Retail,16.00,10.00,7.00,18.00,0.45,0.44,2385473.00,2241850.00,29.92,21.33,4906248704,NO,24.77,25.78,26.05,25.57,26.64,,5576,0.00,1916716.00,NO,NO,2021-10-21,38464300.00
6249,CE,45.02,44.81,1049141.00,Basic Materials,Chemicals,16.00,43.00,22.00,3.00,1.90,1.84,1806392.00,1639480.00,70.70,35.13,4940896768,NO,45.68,45.24,51.32,45.38,51.79,,5464,0.00,1049141.00,NO,NO,2025-03-21,27641400.00
6250,TIPC,92.96,93.03,208.00,ETF,ETF,16.00,32.00,28.00,16.00,0.30,0.10,951.00,1280.00,103.41,92.43,0,NO,93.56,95.08,98.94,94.88,97.99,,288,0.00,208.00,NO,NO,2026-08-21,19000.00
6251,MBINN,18.73,18.75,13755.00,Financial Services,Banks - Regional,16.00,14.00,20.00,16.00,0.33,0.32,8232.00,14120.00,21.23,18.27,0,NO,19.29,19.73,20.01,19.65,20.01,,1399,0.00,13755.00,NO,NO,2021-03-17,1851400.00
6252,FLMI,23.27,23.15,2484962.00,ETF,ETF,16.00,31.00,19.00,17.00,0.18,0.16,1122045.00,2574830.00,25.46,23.04,0,NO,23.51,24.11,24.77,24.07,24.63,,2280,0.00,2484962.00,NO,NO,2026-09-30,4082800.00
6253,PPL,34.25,34.10,6038268.00,Utilities,Utilities - Regulated Electric,16.00,61.00,25.00,9.00,0.53,0.50,7519914.00,8267610.00,40.11,31.56,25774659584,NO,33.08,34.23,36.09,34.17,35.87,,11737,0.00,6038268.00,NO,NO,2011-04-12,109141722.00
6254,URE,60.91,58.71,2785.00,ETF,ETF,16.00,15.00,9.00,17.00,1.00,0.50,3307.00,1080.00,75.65,57.38,0,NO,61.32,66.35,66.35,66.05,67.65,,4953,1.96,2785.00,NO,NO,2009-05-08,27360800.00
6255,PCEB,23.14,23.13,3715.00,ETF,ETF,16.00,18.00,24.00,,0.22,0.16,9625.00,8480.00,25.27,22.99,0,NO,23.62,24.21,,24.17,,,109,0.00,3715.00,NO,NO,2026-05-06,314600.00
6256,CLDX,29.89,29.30,992725.00,Healthcare,Biotechnology,16.00,1.00,3.00,16.00,1.94,1.92,1323032.00,2094970.00,45.14,22.10,2347247872,NO,33.57,37.70,32.45,37.06,34.55,,10179,0.00,992725.00,NO,NO,2020-06-11,61347800.00
6257,DIN,29.35,29.47,471444.00,Consumer Cyclical,Restaurants,16.00,81.00,5.00,75.00,1.40,1.39,377007.00,823370.00,39.68,23.23,371546048,NO,28.63,31.82,31.82,31.58,31.27,,8875,0.00,471444.00,NO,NO,1991-07-12,6450000.00
6258,AKRE,54.80,54.02,278056.00,ETF,ETF,16.00,29.00,42.00,58.00,0.83,0.73,420329.00,567190.00,68.18,51.01,0,NO,54.67,57.51,56.67,57.58,55.36,,240,0.37,278056.00,NO,NO,2026-05-28,5246400.00
6259,PHI,18.40,18.29,233006.00,Communication Services,Telecom Services,16.00,71.00,44.00,10.00,0.54,0.51,162340.00,324660.00,24.51,16.71,0,NO,17.82,18.52,20.17,18.44,19.12,,13473,0.11,233006.00,NO,NO,1986-02-26,9634608.00
6260,PCY,20.03,19.98,646573.00,ETF,ETF,16.00,25.00,22.00,17.00,0.18,0.15,368945.00,551520.00,22.18,19.68,0,NO,20.28,20.75,21.31,20.73,21.16,,4779,0.00,646573.00,NO,NO,2013-01-17,16599800.00
6261,TKO,178.01,181.63,807892.00,Communication Services,Entertainment,16.00,14.00,43.00,13.00,5.46,5.30,1105414.00,1009270.00,226.94,171.19,33691899904,NO,183.70,187.58,195.76,186.75,190.88,,6785,0.00,807892.00,NO,NO,2014-05-16,40965100.00
6262,IVOL,17.01,17.25,100849.00,ETF,ETF,16.00,69.00,45.00,15.00,0.21,0.15,197181.00,304960.00,19.62,15.99,0,NO,16.69,17.06,18.01,17.01,17.62,,1863,0.00,100849.00,NO,NO,2023-07-24,9529300.00
6263,TCBI,92.39,92.97,446283.00,Financial Services,Banks - Regional,16.00,14.00,11.00,12.00,1.68,1.63,494036.00,665910.00,108.92,75.41,3937908224,NO,94.91,97.33,98.65,97.01,98.89,,5825,0.00,863600.00,NO,NO,2021-03-29,9274800.00
6264,PPLT,15.25,14.82,2400516.00,ETF,ETF,16.00,16.00,77.00,6.00,0.43,0.28,2347001.00,2188680.00,26.16,13.70,0,NO,15.71,15.97,17.62,16.11,16.48,,4214,2.83,2400516.00,NO,NO,2025-12-26,38334000.00
6265,BLTD,23.52,23.51,8628.00,ETF,ETF,16.00,34.00,25.00,17.00,0.15,0.11,20290.00,25010.00,26.44,23.30,0,NO,23.73,24.13,25.01,24.08,24.74,,328,0.00,8628.00,NO,NO,2025-06-24,2551000.00
6266,RNTY,46.39,45.69,4348.00,ETF,ETF,16.00,42.00,18.00,18.00,0.45,0.30,2732.00,2930.00,52.50,45.34,0,NO,46.51,48.08,49.57,47.95,49.29,,372,1.27,4348.00,NO,NO,2026-02-27,704700.00
6267,CCL,26.35,26.13,14432718.00,Consumer Cyclical,Travel Services,16.00,95.00,47.00,19.00,0.97,0.79,21175021.00,30345350.00,34.03,21.45,35430477824,NO,23.74,25.14,27.39,25.01,26.40,,9878,0.08,14432718.00,YES,NO,2020-04-02,262061100.00
6268,GD,331.27,329.90,1123193.00,Industrials,Aerospace & Defense,16.00,13.00,12.00,36.00,6.32,6.32,1139812.00,1431490.00,400.00,306.77,89627475968,NO,340.50,363.88,354.99,361.79,355.05,,16302,0.00,1123193.00,NO,NO,2003-01-22,32532800.00
6269,ETX,17.48,17.63,37067.00,Financial Services,Asset Management,16.00,24.00,21.00,19.00,0.34,0.33,21598.00,33920.00,20.00,17.06,190574784,NO,17.56,17.94,18.56,17.90,18.45,,3407,0.00,37067.00,NO,NO,2013-12-30,296800.00
6270,JCHI,51.21,50.23,261.00,ETF,ETF,16.00,36.00,38.00,22.00,0.45,0.08,1232.00,910.00,59.80,50.13,0,NO,51.74,53.33,54.26,53.18,53.52,,895,1.10,261.00,NO,NO,2024-09-30,34900.00
6271,ACKY,17.59,17.42,2837.00,ETF,ETF,16.00,69.00,43.00,26.00,0.18,0.15,22490.00,20350.00,20.50,16.82,0,NO,17.41,17.76,18.39,17.79,18.01,,274,0.72,2837.00,NO,NO,2025-09-15,482500.00
6272,GOVI,25.38,25.37,113020.00,ETF,ETF,16.00,32.00,25.00,17.00,0.19,0.17,203160.00,408720.00,28.32,25.04,0,NO,25.60,26.08,26.98,26.04,26.69,,4779,0.00,113020.00,NO,NO,2021-04-06,9398200.00
6273,LBRT,19.00,18.85,2339825.00,Energy,Oil & Gas Equipment & Services,16.00,8.00,2.00,2.00,0.93,0.93,4380967.00,4510940.00,34.48,11.52,3100637184,NO,18.97,19.71,24.89,19.85,25.10,,2198,0.53,2339825.00,NO,NO,2023-09-15,39848500.00
6274,XYZG,15.74,14.90,2470.00,ETF,ETF,16.00,15.00,14.00,90.00,0.73,0.49,8129.00,6120.00,26.25,7.66,0,NO,15.34,16.92,14.83,16.96,15.61,,381,4.72,2470.00,NO,NO,2025-05-02,553500.00
6275,CSR,55.88,54.91,330664.00,Real Estate,REIT - Residential,16.00,27.00,55.00,10.00,1.07,1.04,232415.00,281330.00,69.61,52.00,988996864,NO,55.64,55.00,60.36,55.18,59.01,,7289,1.11,330664.00,NO,NO,2020-02-07,2561800.00
6276,AVMU,42.98,42.86,62866.00,ETF,ETF,16.00,44.00,19.00,17.00,0.42,0.36,28945.00,54240.00,47.14,42.21,0,NO,43.10,44.23,45.80,44.13,45.45,,1464,0.00,62866.00,NO,NO,2025-04-09,779200.00
6277,T,22.18,24.87,150217381.00,Communication Services,Telecom Services,16.00,3.00,69.00,7.00,0.62,0.48,48350221.00,33560090.00,29.44,19.89,151985913856,NO,24.96,24.96,25.15,24.90,24.71,,10805,0.00,150217381.00,YES,NO,2021-05-18,327097378.00
6278,KEN,59.84,59.53,9515.00,Utilities,Utilities - Independent Power Producers,16.00,9.00,16.00,2.00,1.64,1.15,17265.00,13730.00,95.93,47.62,0,NO,62.96,64.99,74.21,65.06,73.95,,2951,0.00,9515.00,NO,NO,2024-04-04,272600.00
6279,KRC,34.25,34.19,1027301.00,Real Estate,REIT - Office,16.00,40.00,10.00,84.00,0.71,0.68,1300745.00,1417760.00,43.58,27.36,4022407424,NO,34.09,35.73,34.74,35.55,34.97,,7471,0.00,1027301.00,NO,NO,2013-02-28,11855100.00
6280,MMIN,22.36,22.27,197473.00,ETF,ETF,16.00,30.00,18.00,17.00,0.22,0.20,157979.00,365980.00,24.44,22.11,0,NO,22.57,23.14,23.81,23.10,23.67,,2256,0.04,197473.00,NO,NO,2025-06-25,6398200.00
6281,REGCP,22.08,21.86,741.00,Real Estate,REIT - Retail,16.00,20.00,24.00,19.00,0.31,0.26,3357.00,7190.00,24.65,21.30,0,NO,22.30,22.84,23.16,22.78,23.06,,788,0.41,741.00,NO,NO,2024-07-10,230600.00
6282,AYI,298.34,300.43,273484.00,Industrials,Electrical Equipment & Parts,16.00,15.00,16.00,60.00,10.11,9.14,305106.00,533640.00,380.17,257.04,8930971648,NO,305.00,326.86,312.70,327.88,312.10,,6253,0.00,273484.00,NO,NO,2018-06-15,8973200.00
6283,MUNX,23.38,23.30,6.00,ETF,ETF,16.00,33.00,23.00,19.00,0.14,0.07,1973.00,6310.00,25.45,23.26,0,NO,23.67,24.24,24.85,24.16,24.70,,236,0.00,3200.00,NO,NO,2026-10-01,54200.00
6284,MARS,24.64,24.75,23228.00,ETF,ETF,16.00,50.00,17.00,6.00,0.82,0.75,29832.00,20870.00,45.92,22.29,0,NO,25.56,25.90,,26.04,29.25,,152,0.00,23228.00,NO,NO,2026-05-26,647400.00
6285,RMNY,22.90,22.82,10251.00,ETF,ETF,16.00,29.00,18.00,17.00,0.17,0.08,4407.00,3170.00,24.99,22.71,0,NO,23.23,23.81,24.37,23.76,24.28,,542,0.00,10251.00,NO,NO,2025-04-14,178000.00
6286,HYMB,23.37,23.28,5035953.00,ETF,ETF,16.00,28.00,18.00,17.00,0.24,0.22,3378257.00,8228890.00,25.49,23.05,0,NO,23.68,24.32,24.91,24.26,24.80,,3895,0.00,5035953.00,NO,NO,2026-10-02,16754300.00
6287,LQDW,22.49,22.51,87672.00,ETF,ETF,16.00,37.00,27.00,18.00,0.16,0.12,132859.00,154920.00,25.43,22.29,0,NO,22.77,23.10,23.89,23.04,23.60,,1036,0.00,87672.00,NO,NO,2026-07-24,1735700.00
6288,AGGH,18.98,18.95,68639.00,ETF,ETF,16.00,32.00,25.00,16.00,0.17,0.15,313054.00,547340.00,21.02,18.73,0,NO,19.16,19.55,20.22,19.49,19.98,,1165,0.05,68639.00,NO,NO,2026-09-04,3963300.00
6289,PAWZ,48.31,48.01,732.00,ETF,ETF,16.00,45.00,46.00,16.00,0.42,0.27,1809.00,1590.00,57.44,45.96,0,NO,47.81,50.18,51.33,50.03,49.69,,1988,0.58,732.00,NO,NO,2020-10-26,343800.00
6290,TFC,46.11,46.18,6790116.00,Financial Services,Banks - Regional,16.00,9.00,12.00,17.00,0.88,0.85,7310826.00,8265320.00,56.20,40.78,56329187328,NO,47.40,49.77,49.70,49.71,49.53,,11736,0.00,6790116.00,NO,NO,2009-05-13,85484000.00
6291,ZTAX,23.39,23.47,25.00,ETF,ETF,16.00,17.00,27.00,16.00,0.77,0.75,2954.00,1830.00,28.64,22.03,0,NO,24.41,24.95,25.38,24.81,25.19,,850,0.00,500.00,NO,NO,2026-07-10,84700.00
6292,MTX,63.60,64.70,135876.00,Basic Materials,Specialty Chemicals,16.00,9.00,11.00,10.00,1.30,1.23,204421.00,173120.00,84.34,53.94,1979789184,NO,66.50,70.02,71.47,69.60,72.98,,8549,0.00,135876.00,NO,NO,2022-09-16,6418900.00
6293,NRR,24.34,23.94,226870.00,ETF,ETF,16.00,,,,,,560250.00,560250.00,28.99,22.55,0,NO,,,,,,,9,0.00,226870.00,NO,NO,2026-10-01,901400.00
6294,FMHI,44.77,44.58,692015.00,ETF,ETF,16.00,28.00,18.00,17.00,0.48,0.44,195237.00,493520.00,48.73,44.34,0,NO,45.36,46.57,47.73,46.46,47.52,,2244,0.00,692015.00,NO,NO,2026-10-07,943300.00
6295,CMP,22.79,23.08,326893.00,Basic Materials,Other Industrial Metals & Mining,16.00,7.00,3.00,15.00,0.69,0.63,421970.00,373200.00,34.50,16.40,956744128,NO,22.99,24.82,25.87,24.59,26.85,,5742,0.00,326893.00,NO,NO,2024-09-20,9026400.00
6296,ZCBF,48.31,46.16,7.00,ETF,ETF,16.00,32.00,25.00,15.00,0.17,0.00,121.00,100.00,51.50,46.01,0,NO,46.74,47.70,,47.48,48.72,,188,0.00,100.00,NO,NO,2026-01-12,10000.00
6297,MINN,20.82,20.70,6137.00,ETF,ETF,16.00,33.00,20.00,17.00,0.19,0.15,19210.00,32970.00,23.14,20.50,0,NO,20.93,21.50,22.19,21.45,22.00,,1402,0.53,6137.00,NO,NO,2026-09-30,179800.00
6298,BKU,42.28,42.61,742675.00,Financial Services,Banks - Regional,16.00,13.00,11.00,13.00,0.85,0.81,894957.00,963070.00,52.11,35.10,3011699456,NO,43.44,45.28,46.50,45.28,46.34,,3948,0.00,742675.00,NO,NO,2011-01-28,25965400.00
6299,IOR,17.15,17.37,420.00,Financial Services,Mortgage Finance,16.00,11.00,13.00,19.00,0.33,0.12,581.00,220.00,21.55,16.11,69734952,NO,17.82,19.12,18.54,18.77,18.61,,10058,0.00,420.00,NO,NO,2000-06-16,405600.00
6300,LQDM,22.92,22.93,31960.00,ETF,ETF,16.00,34.00,25.00,,0.12,0.09,6243.00,9090.00,25.05,22.72,0,NO,23.15,23.55,,23.50,,,120,0.00,31960.00,NO,NO,2026-07-27,51500.00
6301,DGIN,34.38,34.10,725.00,ETF,ETF,16.00,15.00,30.00,53.00,0.41,0.11,1815.00,970.00,43.80,30.20,0,NO,35.44,36.52,35.68,36.45,34.91,,1165,0.50,725.00,NO,NO,2024-04-04,131200.00
6302,LNN,112.02,114.60,158955.00,Industrials,Farm & Heavy Construction Machinery,16.00,19.00,38.00,46.00,3.11,2.96,139845.00,135510.00,148.00,97.27,1139118464,NO,114.75,115.54,117.83,115.67,113.76,,9568,0.00,158955.00,NO,NO,2008-06-18,7437800.00
6303,TMH,48.89,48.99,125.00,ETF,ETF,16.00,48.00,70.00,8.00,0.52,0.17,356.00,250.00,65.81,44.94,0,NO,49.42,50.12,53.90,50.35,51.00,,396,0.00,125.00,NO,NO,2025-09-29,30700.00
6304,BCS,22.95,22.95,4411017.00,Financial Services,Banks - Diversified,16.00,4.00,7.00,28.00,0.49,0.38,4532443.00,5712430.00,28.69,19.29,76573523968,NO,24.39,26.11,25.11,25.98,25.07,,10099,0.00,4411017.00,NO,NO,2016-06-27,149635800.00
6305,ACFN,18.69,19.01,3798.00,Technology,Scientific & Technical Instruments,16.00,5.00,65.00,48.00,0.96,0.94,49310.00,38660.00,27.50,12.42,47373808,NO,20.09,19.66,18.46,19.85,18.46,,8727,0.00,3798.00,NO,NO,2026-08-05,334900.00
6306,DUK,116.65,116.84,2805504.00,Utilities,Utilities - Regulated Electric,16.00,34.00,16.00,11.00,1.44,1.40,4112489.00,4369670.00,134.49,112.40,90952261632,NO,115.62,119.56,123.99,119.02,124.20,,11737,0.00,2805504.00,NO,NO,1988-02-05,30369988.00
6307,YSPY,15.21,15.25,18851.00,ETF,ETF,16.00,69.00,66.00,46.00,0.05,0.04,7981.00,5080.00,20.21,14.36,0,NO,15.12,15.05,15.85,15.08,15.10,,382,0.00,18851.00,NO,NO,2025-09-24,114500.00
6308,CASY,646.27,642.28,412481.00,Consumer Cyclical,Specialty Retail,16.00,78.00,2.00,10.00,16.67,16.29,486182.00,597230.00,927.85,497.38,23886247936,NO,608.96,722.55,734.21,710.31,771.34,,10827,0.40,412481.00,NO,NO,2010-04-09,15517800.00
6309,BSMZ,23.64,23.44,29416.00,ETF,ETF,15.00,38.00,18.00,17.00,0.24,0.19,25807.00,52300.00,25.92,23.17,0,NO,23.78,24.40,25.19,24.36,25.02,,268,0.64,29416.00,NO,NO,2026-01-27,295200.00
6310,DGICB,18.30,18.00,519.00,Financial Services,Insurance - Property & Casualty,15.00,0.00,1.00,53.00,1.34,0.90,5079.00,4440.00,29.99,14.87,678007744,NO,18.85,21.90,19.41,21.99,20.65,,10063,0.00,519.00,NO,NO,1993-09-29,1247763.00
6311,IHI,51.74,51.10,1655567.00,ETF,ETF,15.00,71.00,58.00,30.00,0.82,0.80,2596337.00,2608830.00,64.71,47.37,0,NO,51.51,53.29,54.21,53.16,51.88,,5140,0.16,1655567.00,NO,NO,2020-04-09,23167800.00
6312,EVYM,46.71,46.48,11975.00,ETF,ETF,15.00,26.00,17.00,17.00,0.39,0.34,8067.00,18060.00,51.23,46.34,0,NO,47.45,48.79,49.97,48.71,49.82,,407,0.04,11975.00,NO,NO,2025-04-08,152100.00
6313,BPRO,20.27,19.97,2002.00,ETF,ETF,15.00,20.00,84.00,10.00,0.33,0.20,5618.00,6740.00,30.29,18.13,0,NO,20.65,20.99,,21.17,21.10,,181,0.00,2002.00,NO,NO,2026-01-26,586800.00
6314,MUX,17.88,17.32,647178.00,Basic Materials,Other Precious Metals & Mining,15.00,8.00,66.00,4.00,0.83,0.68,1101267.00,1609080.00,29.70,14.93,1068152704,NO,18.30,19.11,21.14,19.24,19.95,,11701,2.71,647178.00,NO,NO,2025-02-07,10327800.00
6315,XTEN,42.38,42.39,102641.00,ETF,ETF,15.00,31.00,24.00,16.00,0.34,0.30,309782.00,445010.00,47.50,41.84,0,NO,42.83,43.69,45.26,43.59,44.75,,1002,0.00,102641.00,NO,NO,2025-02-27,3862000.00
6316,MNDY,88.96,88.91,516259.00,Technology,Software - Application,15.00,83.00,66.00,93.00,4.28,3.93,1381168.00,1130440.00,210.49,57.50,3760705792,NO,85.48,88.75,87.04,88.65,79.32,,1340,0.00,516259.00,NO,NO,2026-02-09,12910400.00
6317,STE,214.40,210.76,596972.00,Healthcare,Medical Devices,15.00,67.00,46.00,27.00,3.84,3.82,681264.00,609790.00,269.44,195.14,20904024064,NO,209.72,222.49,227.12,221.47,217.97,,8651,0.00,596972.00,NO,NO,1997-01-22,20865800.00
6318,UNHG,18.11,17.33,723905.00,ETF,ETF,15.00,17.00,2.00,92.00,0.82,0.79,656332.00,546830.00,27.59,9.14,0,NO,17.87,19.39,17.62,19.15,19.03,,308,0.99,723905.00,NO,NO,2026-01-27,25585400.00
6319,BSMY,22.82,22.77,75474.00,ETF,ETF,15.00,34.00,19.00,17.00,0.22,0.19,38189.00,93790.00,25.02,22.40,0,NO,23.00,23.55,24.31,23.52,24.13,,522,0.00,75474.00,NO,NO,2026-04-21,852200.00
6320,RKLB,68.21,68.40,14852656.00,Industrials,Aerospace & Defense,15.00,92.00,12.00,42.00,3.91,3.61,19301765.00,21573220.00,151.00,37.57,43614224384,NO,69.72,70.53,81.61,70.79,83.56,,1475,0.00,14852656.00,YES,NO,2024-11-13,121001300.00
6321,AWI,161.87,163.10,258930.00,Industrials,Building Products & Equipment,15.00,54.00,73.00,16.00,3.50,3.39,430318.00,324110.00,206.08,150.28,6841082880,NO,162.18,171.02,171.68,170.60,165.53,,5025,0.00,258930.00,NO,NO,2023-12-15,8415400.00
6322,HTAX,22.79,22.73,26926.00,ETF,ETF,15.00,25.00,17.00,17.00,0.24,0.22,29912.00,90350.00,25.08,22.61,0,NO,23.21,23.83,24.38,23.78,24.31,,402,0.00,26926.00,NO,NO,2025-07-01,537100.00
6323,TAFL,23.27,23.18,5367.00,ETF,ETF,15.00,28.00,18.00,17.00,0.22,0.17,22507.00,50700.00,25.55,23.04,0,NO,23.58,24.21,24.84,24.17,24.71,,708,0.39,5367.00,NO,NO,2026-05-19,241300.00
6324,EVI,19.12,19.06,56278.00,Industrials,Industrial Distribution,15.00,97.00,91.00,7.00,1.05,1.05,79159.00,54820.00,29.88,12.75,246237536,NO,18.92,16.36,19.03,16.63,17.47,,9202,0.00,56278.00,NO,NO,2010-03-10,943600.00
6325,KSTR,21.08,20.87,520712.00,ETF,ETF,15.00,16.00,2.00,60.00,0.48,0.24,946912.00,707260.00,32.54,17.23,0,NO,22.83,23.52,22.82,23.46,23.65,,1430,0.00,520712.00,NO,NO,2026-02-05,4388000.00
6326,WH,74.06,73.36,983075.00,Consumer Cyclical,Lodging,15.00,90.00,29.00,9.00,2.00,1.96,1256970.00,1082000.00,90.35,66.87,5496075264,NO,70.38,72.26,78.12,72.31,78.11,,2109,0.12,983075.00,NO,NO,2023-10-17,5950100.00
6327,MWHS,19.95,19.96,2.00,ETF,ETF,15.00,92.00,55.00,,0.27,0.15,1614.00,10.00,38.00,16.55,0,NO,19.53,18.79,,18.94,,,71,0.00,100.00,NO,NO,2026-07-15,23500.00
6328,GSKH,66.29,67.10,81.00,ETF,ETF,15.00,52.00,16.00,6.00,0.85,0.45,331.00,260.00,85.03,61.00,0,NO,69.18,70.08,73.21,69.53,72.55,,440,0.00,500.00,NO,NO,2025-02-12,7500.00
6329,BCO,103.40,102.36,236255.00,Industrials,Security & Protection Services,15.00,16.00,30.00,33.00,3.23,3.19,480245.00,449820.00,136.37,91.05,4259008000,NO,104.79,108.85,111.49,108.79,106.93,,7743,0.09,236255.00,NO,NO,2014-06-20,7504200.00
6330,FMNY,24.82,24.75,11771.00,ETF,ETF,15.00,32.00,18.00,16.00,0.21,0.20,18267.00,75490.00,27.22,24.49,0,NO,25.09,25.73,26.50,25.67,26.32,,1359,0.20,11771.00,NO,NO,2026-10-06,470300.00
6331,AQWA,18.02,17.91,838.00,ETF,ETF,15.00,44.00,22.00,13.00,0.18,0.14,5704.00,5350.00,20.92,17.71,0,NO,18.14,18.76,19.22,18.73,18.97,,1382,0.14,838.00,NO,NO,2026-03-06,736700.00
6332,FERG,220.04,216.73,940140.00,Industrials,Industrial Distribution,15.00,55.00,23.00,9.00,5.62,5.23,2322331.00,1517430.00,271.64,212.13,42567335936,NO,219.93,230.95,237.61,230.39,234.40,,4217,0.27,940140.00,NO,NO,2026-08-04,46181600.00
6333,FFIN,30.77,31.43,1013070.00,Financial Services,Banks - Regional,15.00,12.00,11.00,36.00,0.64,0.60,754553.00,911220.00,36.52,28.12,4409951232,NO,32.22,33.35,32.55,33.22,32.84,,8291,0.00,1013070.00,NO,NO,2019-03-21,25666000.00
6334,DXD,17.66,17.96,2459494.00,ETF,ETF,15.00,68.00,70.00,9.00,0.33,0.31,1862273.00,3763870.00,23.29,15.75,0,NO,17.76,17.07,18.76,17.03,18.32,,5093,0.00,2459494.00,NO,NO,2026-06-09,9579500.00
6335,NPFD,17.76,17.56,69319.00,Financial Services,Asset Management,15.00,31.00,24.00,16.00,0.27,0.26,61575.00,65130.00,20.10,16.89,429155136,NO,17.56,18.17,18.80,18.19,18.56,,1208,0.11,69319.00,NO,NO,2021-12-16,2535700.00
6336,CRIB,23.43,23.28,225.00,ETF,ETF,15.00,23.00,17.00,,0.11,0.03,503.00,630.00,26.21,23.26,0,NO,23.76,24.69,,24.59,,,77,0.21,225.00,NO,NO,2026-06-26,26100.00
6337,ELS,59.01,58.50,2369432.00,Real Estate,REIT - Residential,15.00,35.00,14.00,15.00,0.95,0.94,1606890.00,1885380.00,69.00,57.46,11824651264,NO,59.46,62.21,63.58,61.94,63.17,,8464,0.17,2369432.00,NO,NO,2023-07-21,30453500.00
6338,CAF,17.20,17.36,10870.00,Financial Services,Asset Management,15.00,13.00,6.00,41.00,0.37,0.33,14889.00,7580.00,21.41,15.60,229687888,NO,18.04,18.65,18.70,18.61,18.93,,5039,0.00,10870.00,NO,NO,2015-12-29,1443700.00
6339,HIMU,45.44,45.19,2391020.00,ETF,ETF,15.00,30.00,17.00,18.00,0.45,0.40,660678.00,1590700.00,49.94,44.85,0,NO,45.97,47.26,48.44,47.16,48.23,,419,0.42,2391020.00,NO,NO,2026-03-12,14940900.00
6340,CBU,58.63,59.10,314862.00,Financial Services,Banks - Regional,15.00,13.00,9.00,19.00,1.06,1.01,260098.00,283740.00,71.11,53.46,3084870400,NO,60.78,62.72,62.77,62.67,63.28,,10296,0.00,314862.00,NO,NO,2023-07-31,5232800.00
6341,LRN,85.59,81.36,761374.00,Consumer Defensive,Education & Training Services,15.00,85.00,19.00,22.00,2.31,2.17,844962.00,620200.00,155.06,60.61,3557106944,NO,79.77,81.80,84.97,82.57,87.56,,4735,0.79,761374.00,NO,NO,2025-10-29,25125700.00
6342,LBO,24.00,23.86,451.00,ETF,ETF,15.00,13.00,40.00,47.00,0.28,0.13,948.00,1100.00,30.76,22.52,0,NO,24.63,25.99,25.72,25.99,25.21,,717,0.00,451.00,NO,NO,2025-11-10,91700.00
6343,XEL,73.78,73.36,5043147.00,Utilities,Utilities - Regulated Electric,15.00,35.00,16.00,12.00,1.22,1.16,5339035.00,5967930.00,84.23,68.72,46082396160,NO,71.78,75.09,78.05,74.85,78.19,,13523,0.00,5043147.00,NO,NO,1988-06-27,24849800.00
6344,CBOT,23.74,24.41,69.00,ETF,ETF,15.00,53.00,37.00,,0.21,0.03,498.00,190.00,27.74,22.78,0,NO,24.07,24.56,,24.67,,,107,0.00,100.00,NO,NO,2026-05-06,65800.00
6345,NGS,33.10,33.18,61009.00,Energy,Oil & Gas Equipment & Services,15.00,6.00,5.00,9.00,1.01,0.99,120575.00,104750.00,44.61,25.53,426933216,NO,33.83,35.31,37.67,35.38,38.38,,6030,0.00,61009.00,NO,NO,2005-10-06,3607100.00
6346,IIPR,51.83,51.92,207391.00,Real Estate,REIT - Industrial,15.00,12.00,5.00,46.00,1.34,1.24,362314.00,558090.00,65.38,44.58,1428997760,NO,53.99,55.89,54.84,55.51,56.76,,2477,0.00,207391.00,NO,NO,2026-06-10,3234300.00
6347,TWM,24.02,24.23,373082.00,ETF,ETF,15.00,86.00,86.00,9.00,0.60,0.55,714018.00,1021620.00,37.66,20.16,0,NO,23.50,22.13,25.13,22.15,23.68,,4959,0.00,373082.00,NO,NO,2024-08-05,2996640.00
6348,AV,25.10,24.95,1499.00,ETF,ETF,15.00,24.00,12.00,,0.21,0.13,973.00,820.00,29.72,24.74,0,NO,25.52,27.04,,26.92,,,109,0.12,1499.00,NO,NO,2026-05-06,47400.00
6349,INCO,56.76,56.05,9744.00,ETF,ETF,15.00,19.00,31.00,25.00,0.66,0.27,17806.00,13530.00,67.96,53.19,0,NO,58.55,60.55,60.16,60.37,59.19,,3814,1.07,9744.00,NO,NO,2017-09-20,402500.00
6350,BOTT,41.44,41.08,2856.00,ETF,ETF,15.00,65.00,19.00,9.00,0.70,0.43,18073.00,9260.00,70.07,34.52,0,NO,42.13,43.03,49.02,43.04,47.21,,620,0.00,2856.00,NO,NO,2026-06-30,128900.00
6351,PCAR,108.04,109.66,3248072.00,Industrials,Farm & Heavy Construction Machinery,15.00,4.00,10.00,8.00,2.47,2.41,3349179.00,3561780.00,139.24,92.25,56868470784,NO,112.79,122.11,120.67,121.28,120.20,,11737,0.00,3248072.00,NO,NO,1999-12-17,86796563.00
6352,CNP,38.60,38.42,4464211.00,Utilities,Utilities - Regulated Electric,15.00,45.00,10.00,12.00,0.60,0.58,6456928.00,7165130.00,45.26,36.37,25426599936,NO,37.78,39.16,41.39,38.98,41.66,,16302,0.00,4464211.00,NO,NO,1988-08-09,122716963.00
6353,MFLX,15.88,15.74,14625.00,ETF,ETF,15.00,27.00,16.00,17.00,0.21,0.15,5856.00,6830.00,17.95,15.57,0,NO,16.02,16.50,16.99,16.47,16.91,,2521,0.00,14625.00,NO,NO,2018-11-13,293900.00
6354,KYLD,20.31,20.17,31049.00,ETF,ETF,15.00,66.00,22.00,49.00,0.35,0.30,44617.00,45410.00,25.92,17.66,0,NO,20.34,20.56,20.98,20.61,20.93,,235,0.00,31049.00,NO,NO,2026-01-30,203700.00
6355,IRVH,18.48,18.43,16.00,ETF,ETF,15.00,43.00,32.00,16.00,0.05,0.02,315.00,150.00,21.15,18.37,0,NO,18.56,18.88,19.65,18.80,19.32,,1068,0.00,100.00,NO,NO,2024-04-23,95900.00
6356,FXED,16.37,16.59,12850.00,ETF,ETF,15.00,26.00,23.00,18.00,0.18,0.15,4565.00,3820.00,18.58,16.31,0,NO,16.73,17.07,17.51,17.04,17.34,,1449,0.00,12850.00,NO,NO,2026-05-18,156600.00
6357,BAM,45.88,45.17,3543261.00,Financial Services,Asset Management,15.00,29.00,43.00,47.00,1.05,1.01,2664614.00,3743280.00,59.33,42.20,73281904640,NO,45.24,49.03,48.32,49.05,47.53,,967,0.40,3543261.00,NO,NO,2025-06-27,23014800.00
6358,FCNCN,23.21,23.05,39257.00,Finance,Regional banks,15.00,18.00,16.00,16.00,0.58,0.57,29490.00,51020.00,25.64,22.52,0,NO,23.41,24.28,,24.28,24.76,,175,0.00,39257.00,NO,NO,2026-02-27,2959400.00
6359,XLYI,21.90,21.71,24255.00,ETF,ETF,15.00,61.00,33.00,25.00,0.20,0.14,34664.00,56070.00,25.78,21.09,0,NO,21.67,22.33,23.16,22.35,22.65,,302,0.47,24255.00,NO,NO,2026-09-03,671400.00
6360,HAIL,33.68,33.48,2355.00,ETF,ETF,15.00,24.00,15.00,30.00,0.39,0.20,2257.00,1420.00,44.80,30.61,0,NO,34.37,35.87,36.47,35.96,36.96,,2208,0.00,2355.00,NO,NO,2021-02-16,435900.00
6361,EMN,62.69,63.76,982073.00,Basic Materials,Specialty Chemicals,15.00,9.00,20.00,8.00,1.63,1.55,1151109.00,1426340.00,83.47,56.11,7167135744,NO,65.34,69.54,71.10,69.44,71.07,,8261,0.00,982073.00,NO,NO,2025-11-03,29976900.00
6362,LTAX,23.20,23.12,3055.00,ETF,ETF,15.00,28.00,17.00,17.00,0.18,0.09,1993.00,11260.00,25.47,23.06,0,NO,23.57,24.21,,24.15,24.73,,187,0.00,3055.00,NO,NO,2026-10-01,34700.00
6363,HUMN,28.73,28.07,16399.00,ETF,ETF,15.00,37.00,16.00,18.00,0.57,0.34,85679.00,49810.00,39.17,26.10,0,NO,29.30,30.47,32.10,30.57,32.21,,325,0.00,16399.00,NO,NO,2025-10-14,573400.00
6364,PFFR,16.61,16.63,53500.00,ETF,ETF,15.00,25.00,22.00,21.00,0.24,0.24,35246.00,51200.00,19.00,16.48,0,NO,16.92,17.28,17.67,17.24,17.50,,2431,0.00,53500.00,NO,NO,2025-03-14,702800.00
6365,IBGC,22.83,22.83,8948.00,ETF,ETF,15.00,26.00,21.00,14.00,0.28,0.24,31467.00,16090.00,25.32,21.82,0,NO,23.17,23.67,,23.61,,,137,0.00,8948.00,NO,NO,2026-08-04,780400.00
6366,CMPR,74.21,74.28,129229.00,Industrials,Specialty Business Services,15.00,4.00,2.00,29.00,2.65,2.65,187090.00,211130.00,106.58,60.59,1806974592,NO,78.19,86.18,84.13,84.81,88.04,,5289,0.00,129229.00,NO,NO,2010-07-29,20730500.00
6367,RMCA,22.58,22.47,7.00,ETF,ETF,15.00,30.00,20.00,17.00,0.15,0.07,5907.00,13340.00,24.61,22.35,0,NO,22.92,23.49,24.08,23.41,23.96,,541,0.04,5400.00,NO,NO,2024-08-30,326400.00
6368,HAUS,16.86,16.56,121.00,ETF,ETF,15.00,17.00,14.00,20.00,0.17,0.11,2315.00,3560.00,19.56,16.51,0,NO,17.20,17.97,18.22,17.86,18.29,,1157,0.00,10100.00,NO,NO,2024-08-27,83300.00
6369,USLM,108.58,109.05,93298.00,Basic Materials,Building Materials,15.00,14.00,77.00,5.00,3.15,2.95,147617.00,111610.00,141.44,96.27,3114982656,NO,112.13,115.38,116.41,115.53,115.10,,11737,0.00,93298.00,NO,NO,1988-12-14,6179000.00
6370,VTEL,95.80,95.38,197659.00,ETF,ETF,15.00,32.00,17.00,16.00,0.89,0.75,97173.00,308590.00,105.84,94.76,0,NO,96.87,99.53,102.65,99.31,102.01,,348,0.00,197659.00,NO,NO,2026-10-01,589100.00
6371,RAPP,30.65,29.85,247896.00,Healthcare,Biotechnology,15.00,0.00,3.00,12.00,2.44,2.42,358418.00,406090.00,52.93,23.75,1470534528,NO,35.66,42.43,35.80,41.65,38.62,,587,0.00,247896.00,NO,NO,2025-09-08,13877600.00
6372,YUM,144.82,143.00,3138484.00,Consumer Cyclical,Restaurants,15.00,65.00,13.00,12.00,2.56,2.56,2483023.00,2144870.00,170.14,134.26,39521538048,NO,139.23,145.65,153.66,145.49,152.05,,7311,0.70,3138484.00,NO,NO,2015-10-07,51106314.00
6373,AIR,100.43,101.58,328698.00,Industrials,Aerospace & Defense,15.00,1.00,3.00,7.00,5.36,5.21,505557.00,926180.00,154.00,76.10,4036704768,NO,110.09,126.35,117.81,124.02,122.35,,11737,0.00,328698.00,NO,NO,2008-02-06,4345300.00
6374,XLRI,21.95,21.56,6392.00,ETF,ETF,15.00,25.00,18.00,21.00,0.22,0.14,3232.00,2850.00,25.18,21.30,0,NO,22.15,22.98,23.51,22.94,23.33,,302,1.17,6392.00,NO,NO,2026-03-23,23100.00
6375,IDU,105.61,104.81,77465.00,ETF,ETF,15.00,32.00,15.00,12.00,1.36,1.26,167440.00,182620.00,120.82,100.00,0,NO,103.28,107.51,112.39,107.14,112.20,,6616,0.07,77465.00,NO,NO,2014-12-29,19570000.00
6376,STYL,24.37,23.99,14.00,ETF,ETF,15.00,73.00,18.00,,0.20,0.03,403.00,110.00,27.67,23.42,0,NO,23.97,25.16,,25.03,,,108,0.00,100.00,NO,NO,2026-05-06,48200.00
6377,WAFDP,15.14,15.18,13811.00,Financial Services,Banks - Regional,15.00,10.00,19.00,16.00,0.25,0.24,16262.00,24770.00,17.49,15.13,0,NO,15.96,16.28,16.46,16.24,16.37,,1429,0.00,13811.00,NO,NO,2021-02-02,1814300.00
6378,RWTN,23.01,22.73,10044.00,Finance,Real estate investment trusts,15.00,17.00,17.00,16.00,0.73,0.73,8964.00,25340.00,25.77,21.30,0,NO,23.64,24.30,24.78,24.27,24.64,,674,0.00,10044.00,NO,NO,2026-10-06,113200.00
6379,RMOP,23.31,23.23,202017.00,ETF,ETF,15.00,23.00,16.00,16.00,0.24,0.19,128596.00,225430.00,25.61,23.13,0,NO,23.76,24.46,25.01,24.40,24.95,,542,0.00,202017.00,NO,NO,2026-01-21,918600.00
6380,PFFD,17.48,17.48,848342.00,ETF,ETF,15.00,28.00,23.00,17.00,0.16,0.14,889996.00,1615150.00,19.65,17.36,0,NO,17.76,18.16,18.74,18.14,18.53,,2280,0.00,848342.00,NO,NO,2022-08-23,19465500.00
6381,ZCBG,46.08,45.88,6.00,ETF,ETF,15.00,28.00,22.00,14.00,0.16,0.04,123.00,130.00,51.66,45.71,0,NO,46.60,47.62,,47.37,48.71,,188,0.00,100.00,NO,NO,2026-01-12,10000.00
6382,ROP,364.09,364.23,437655.00,Technology,Software - Application,15.00,14.00,59.00,57.00,8.93,8.40,804693.00,754930.00,520.85,305.96,36008816640,NO,365.12,388.50,367.01,388.51,361.77,,8725,0.00,437655.00,NO,NO,1992-02-13,18506400.00
6383,FC,18.15,18.25,68062.00,Consumer Defensive,Education & Training Services,15.00,69.00,11.00,8.00,0.54,0.51,67181.00,46440.00,26.81,11.16,204983792,NO,17.53,19.07,19.59,18.98,20.70,,8649,0.00,68062.00,NO,NO,1995-06-26,3351800.00
6384,AIRR,104.19,104.14,729985.00,ETF,ETF,15.00,49.00,8.00,9.00,2.27,2.01,744514.00,761210.00,135.05,90.51,0,NO,105.21,111.30,117.27,111.14,119.17,,3166,0.00,729985.00,NO,NO,2025-08-12,2385200.00
6385,MCH,26.96,26.86,66.00,ETF,ETF,15.00,20.00,25.00,33.00,0.32,0.09,1903.00,2670.00,30.80,25.77,0,NO,27.39,27.97,28.33,27.92,28.00,,1064,0.00,500.00,NO,NO,2023-01-06,681800.00
6386,FORTY,118.14,118.15,10.00,Technology,Information Technology Services,14.00,11.00,81.00,21.00,1.45,0.71,600.00,1910.00,190.56,102.01,1811714176,NO,117.87,116.55,129.24,117.74,121.98,,7286,0.00,1400.00,NO,NO,1998-06-25,1135300.00
6387,FBDC,16.51,16.65,20951.00,ETF,ETF,14.00,22.00,37.00,28.00,0.21,0.17,12065.00,13460.00,20.17,16.27,0,NO,17.01,17.38,17.57,17.37,17.19,,323,0.00,20951.00,NO,NO,2025-07-07,469080.00
6388,NMB,22.99,22.80,2240.00,ETF,ETF,14.00,34.00,18.00,19.00,0.23,0.16,4562.00,4500.00,26.14,22.66,0,NO,23.27,23.89,24.49,23.83,24.33,,522,0.66,2240.00,NO,NO,2025-08-11,69900.00
6389,BABC,23.53,21.34,215.00,ETF,ETF,14.00,78.00,,,0.78,0.01,334.00,110.00,34.68,21.34,0,NO,23.07,26.46,,25.88,,,65,9.75,215.00,NO,NO,2026-07-10,9600.00
6390,XEUR,22.67,23.32,26.00,ETF,ETF,14.00,4.00,16.00,,0.37,0.01,453.00,170.00,27.30,22.67,0,NO,24.19,25.60,,25.42,,,88,0.00,100.00,NO,NO,2026-09-21,20900.00
6391,SR,78.42,77.99,331855.00,Utilities,Utilities - Regulated Gas,14.00,23.00,25.00,7.00,1.48,1.45,477154.00,443780.00,95.31,74.84,4635626496,NO,78.21,80.54,84.54,80.36,83.60,,13523,0.00,331855.00,NO,NO,2019-02-14,11259800.00
6392,IYRI,45.60,44.94,81195.00,ETF,ETF,14.00,22.00,16.00,17.00,0.51,0.47,82248.00,89330.00,51.17,44.48,0,NO,45.99,47.90,48.93,47.76,48.67,,436,1.13,81195.00,NO,NO,2026-09-16,227200.00
6393,LQTI,18.02,18.04,95005.00,ETF,ETF,14.00,35.00,25.00,16.00,0.16,0.15,128345.00,113730.00,22.17,17.80,0,NO,18.19,18.49,19.30,18.47,19.03,,410,0.00,95005.00,NO,NO,2026-09-24,1160600.00
6394,MDGL,471.75,476.91,312984.00,Healthcare,Biotechnology,14.00,5.00,12.00,14.00,16.30,16.30,289242.00,266520.00,615.00,393.61,10899371008,NO,509.90,518.29,508.55,516.29,513.46,,4951,0.00,312984.00,NO,NO,2022-12-19,8816700.00
6395,MLN,16.23,16.16,1205689.00,ETF,ETF,14.00,30.00,16.00,16.00,0.18,0.16,497640.00,1564740.00,17.82,16.04,0,NO,16.43,16.93,17.42,16.88,17.33,,4717,0.00,1205689.00,NO,NO,2025-06-18,3404800.00
6396,ISRL,23.27,23.12,27.00,ETF,ETF,14.00,15.00,,,0.26,0.05,1884.00,940.00,26.98,23.10,0,NO,24.34,,,,,,27,0.00,27.00,NO,NO,2026-09-21,16200.00
6397,WERN,32.70,33.00,689797.00,Industrials,Trucking,14.00,2.00,2.00,44.00,1.09,1.04,1026771.00,767260.00,47.49,23.06,1960368896,NO,34.47,36.69,36.18,36.76,37.58,,10154,0.00,689797.00,NO,NO,2024-06-21,12667900.00
6398,DORM,120.40,121.67,231537.00,Consumer Cyclical,Auto Parts,14.00,18.00,9.00,67.00,3.56,3.48,254539.00,268600.00,164.00,98.45,3572944384,NO,123.13,128.55,123.42,128.67,124.04,,8960,0.00,231537.00,NO,NO,2013-01-29,3202600.00
6399,RFIX,35.46,36.32,1358349.00,ETF,ETF,14.00,61.00,20.00,15.00,1.23,1.13,346100.00,515870.00,45.79,34.42,0,NO,36.26,36.05,38.13,35.87,37.86,,459,0.00,1358349.00,NO,NO,2026-03-19,1702100.00
6400,UE,19.36,19.29,669862.00,Real Estate,REIT - Retail,14.00,13.00,8.00,16.00,0.31,0.30,815312.00,974210.00,24.11,18.46,2665623040,NO,19.80,20.85,21.18,20.68,21.65,,2950,0.00,669862.00,NO,NO,2022-02-17,24270800.00
6401,QCML,16.52,16.58,369323.00,ETF,ETF,14.00,19.00,8.00,92.00,1.37,1.26,515589.00,507720.00,41.90,10.46,0,NO,18.76,16.54,18.50,16.86,19.55,,382,0.00,369323.00,NO,NO,2026-05-07,8316800.00
6402,TSN,53.43,52.34,3484846.00,Consumer Defensive,Farm Products,14.00,72.00,17.00,6.00,0.89,0.88,3303242.00,3111100.00,69.48,49.96,18796754944,NO,51.80,54.48,59.85,54.35,58.96,,11737,0.00,3484846.00,NO,NO,2008-09-10,35044800.00
6403,EWQ,41.52,41.32,240286.00,ETF,ETF,14.00,12.00,18.00,13.00,0.59,0.44,312382.00,415070.00,48.39,40.93,0,NO,43.11,45.21,45.29,45.05,45.08,,7691,0.15,240286.00,NO,NO,2013-06-11,11532400.00
6404,NHYM,22.93,22.86,19858.00,ETF,ETF,14.00,23.00,16.00,16.00,0.26,0.24,26310.00,80460.00,25.33,22.74,0,NO,23.39,24.08,24.71,24.05,24.60,,431,0.00,19858.00,NO,NO,2025-12-31,962600.00
6405,ACGLO,18.51,18.22,19066.00,Financial Services,Insurance - Diversified,14.00,48.00,35.00,15.00,0.34,0.33,35821.00,46290.00,21.85,17.91,0,NO,18.46,18.87,19.82,18.85,19.42,,2297,0.00,19066.00,NO,NO,2018-01-19,833300.00
6406,LIAE,193.18,192.34,6.00,ETF,ETF,14.00,23.00,22.00,15.00,0.91,0.09,112.00,140.00,219.34,191.58,0,NO,196.12,200.12,207.07,199.04,204.75,,366,0.00,400.00,NO,NO,2025-09-08,923.00
6407,FBK,52.65,52.91,338692.00,Financial Services,Banks - Regional,14.00,21.00,19.00,26.00,0.93,0.87,456742.00,490680.00,62.66,49.24,2631348992,NO,53.01,56.52,55.73,56.31,55.20,,2530,0.00,338692.00,NO,NO,2020-08-14,4814200.00
6408,AGX,392.61,398.66,187357.00,Industrials,Engineering & Construction,14.00,49.00,1.00,1.00,17.37,15.71,363143.00,334630.00,805.75,255.60,5508256256,NO,383.85,455.53,518.66,445.72,574.12,,7837,0.00,187357.00,NO,NO,2026-03-20,2581700.00
6409,RSPU,73.37,72.81,62325.00,ETF,ETF,14.00,32.00,13.00,11.00,0.97,0.91,54467.00,88190.00,84.52,69.29,0,NO,71.80,74.93,78.52,74.67,78.56,,5011,0.00,62325.00,NO,NO,2015-02-27,2145200.00
6410,WISE,35.18,34.49,470.00,ETF,ETF,14.00,76.00,39.00,50.00,0.52,0.35,4195.00,3170.00,48.91,30.00,0,NO,35.17,35.88,36.88,36.05,36.67,,711,1.27,470.00,NO,NO,2024-03-07,477000.00
6411,AXS,96.73,97.50,499802.00,Financial Services,Insurance - Specialty,14.00,34.00,7.00,35.00,1.77,1.77,681589.00,736780.00,119.99,88.07,7131248640,NO,96.68,99.05,102.29,98.76,101.79,,5857,0.00,499802.00,NO,NO,2003-07-01,11648400.00
6412,GLSI,16.53,15.14,119351.00,Healthcare,Biotechnology,14.00,92.00,12.00,1.00,1.43,1.42,138912.00,114580.00,34.10,7.78,242630784,NO,17.31,16.46,22.00,16.56,20.48,,1517,1.12,119351.00,NO,NO,2020-12-09,19193200.00
6413,PPLC,46.25,45.86,1661.00,Utilities,Utilities - Regulated Electric,14.00,63.00,25.00,11.00,0.54,0.53,192846.00,301130.00,52.57,43.74,0,NO,45.07,46.02,,45.94,48.12,,159,0.15,1661.00,NO,NO,2026-02-24,15163100.00
6414,OZEM,29.60,29.29,4723.00,ETF,ETF,14.00,15.00,14.00,19.00,0.58,0.44,16614.00,10870.00,37.15,27.34,0,NO,30.75,32.15,32.56,32.05,31.70,,599,0.00,4723.00,NO,NO,2024-10-07,600500.00
6415,RYTM,90.78,89.64,1405324.00,Healthcare,Biotechnology,14.00,5.00,7.00,61.00,3.61,3.61,655662.00,863190.00,122.20,74.50,6250391552,NO,95.75,103.88,98.34,103.57,96.62,,2263,0.03,1405324.00,NO,NO,2022-07-13,29957500.00
6416,TSRS,24.44,24.59,98.00,ETF,ETF,14.00,9.00,10.00,15.00,0.15,0.03,573.00,1090.00,29.00,24.23,0,NO,25.15,26.40,,26.11,26.73,,194,0.00,600.00,NO,NO,2025-12-30,29400.00
6417,WDFC,202.29,203.90,91935.00,Basic Materials,Specialty Chemicals,14.00,71.00,5.00,21.00,4.29,4.11,136734.00,113420.00,298.90,175.38,2714953472,NO,198.22,211.23,218.74,209.46,217.13,,13473,0.00,91935.00,NO,NO,2007-07-10,1834800.00
6418,GFI,36.82,35.86,4792153.00,Basic Materials,Gold,14.00,1.00,85.00,3.00,1.65,0.99,3740112.00,4497120.00,61.64,31.11,32802809856,NO,38.95,41.42,43.43,42.27,40.51,,11737,0.00,4792153.00,NO,NO,2022-11-04,67307400.00
6419,VNM,16.72,16.61,256990.00,ETF,ETF,14.00,11.00,26.00,15.00,0.17,0.13,596171.00,403090.00,19.85,16.22,0,NO,17.14,17.47,18.12,17.46,17.89,,4315,0.42,256990.00,NO,NO,2025-04-04,8387900.00
6420,TLH,92.19,92.11,1728542.00,ETF,ETF,14.00,28.00,22.00,15.00,0.85,0.78,1893325.00,4874570.00,105.47,90.72,0,NO,93.41,95.40,99.34,95.17,98.05,,4968,0.00,1728542.00,NO,NO,2025-02-27,27571600.00
6421,AB,34.90,35.30,301037.00,Financial Services,Asset Management,14.00,21.00,20.00,15.00,0.48,0.47,283003.00,314720.00,44.11,34.58,3248325120,NO,35.53,36.21,37.83,36.23,37.07,,9695,0.00,301037.00,NO,NO,2009-04-23,3258200.00
6422,AICH,23.72,23.45,7255.00,ETF,ETF,14.00,,,,0.56,0.15,6494.00,3530.00,28.32,23.43,0,NO,,,,,,,18,1.07,7255.00,NO,NO,2026-09-16,18200.00
6423,NUKZ,61.26,60.70,33136.00,ETF,ETF,14.00,16.00,28.00,10.00,1.22,0.98,102284.00,110490.00,77.34,59.80,0,NO,61.73,64.30,67.95,64.24,67.10,,681,0.38,33136.00,NO,NO,2025-01-27,750200.00
6424,IAUI,48.74,48.05,127341.00,ETF,ETF,14.00,25.00,57.00,7.00,0.67,0.44,240437.00,223570.00,64.57,47.56,0,NO,49.18,50.47,54.74,50.72,52.49,,339,1.25,127341.00,NO,NO,2026-09-23,645600.00
6425,HRI,123.46,123.86,471838.00,Industrials,Rental & Leasing Services,14.00,3.00,7.00,83.00,7.69,7.41,616187.00,601170.00,188.35,88.45,4127446016,NO,134.13,148.34,140.68,146.82,136.54,,5004,0.00,471838.00,NO,NO,2014-08-20,28676900.00
6426,IGLB,45.77,45.77,1569069.00,ETF,ETF,14.00,30.00,22.00,15.00,0.43,0.40,2137090.00,2497910.00,52.60,45.03,0,NO,46.42,47.31,49.32,47.20,48.72,,4234,0.00,1569069.00,NO,NO,2026-07-27,10607400.00
6427,PPA,155.02,153.39,185512.00,ETF,ETF,14.00,25.00,14.00,11.00,2.38,2.20,223792.00,405220.00,186.30,144.29,0,NO,157.49,167.60,171.35,166.93,170.01,,5271,0.25,185512.00,NO,NO,2011-12-21,5323300.00
6428,LGOV,19.78,19.75,162979.00,ETF,ETF,14.00,26.00,20.00,15.00,0.28,0.27,204879.00,297470.00,23.59,19.40,0,NO,19.97,20.51,21.34,20.45,21.07,,1940,0.00,162979.00,NO,NO,2025-06-27,3317000.00
6429,NETL,23.66,23.58,3396.00,ETF,ETF,14.00,10.00,9.00,14.00,0.24,0.22,17109.00,13170.00,28.43,23.28,0,NO,24.27,25.58,25.90,25.46,26.12,,1899,0.28,3396.00,NO,NO,2022-11-15,568500.00
6430,ADRX,17.78,17.68,688459.00,Healthcare,Biotechnology,14.00,,,,,,1248030.00,1248030.00,23.21,16.64,1898927744,YES,,,,,,,11,0.11,688459.00,NO,NO,2026-09-25,4213100.00
6431,HR,17.15,17.19,4719791.00,Real Estate,REIT - Healthcare Facilities,14.00,7.00,6.00,31.00,0.34,0.33,3879012.00,4869970.00,22.04,16.31,5951011840,NO,17.85,18.80,18.79,18.65,19.28,,8400,0.00,4719791.00,NO,NO,2022-07-15,43586000.00
6432,LNT,65.85,65.50,2268559.00,Utilities,Utilities - Regulated Electric,14.00,36.00,8.00,13.00,1.06,1.04,2552548.00,3441570.00,78.81,62.54,17073897472,NO,64.83,67.33,70.30,67.05,71.14,,13523,0.26,2268559.00,NO,NO,2016-06-30,51880800.00
6433,CRI,32.36,32.52,797017.00,Consumer Cyclical,Apparel Retail,14.00,89.00,7.00,14.00,1.09,1.07,1291843.00,1362690.00,44.44,27.15,1187973888,NO,31.06,33.99,36.36,33.69,36.48,,5774,0.00,797017.00,NO,NO,2009-10-27,14202000.00
6434,FLMB,21.88,21.73,9714.00,ETF,ETF,14.00,26.00,16.00,15.00,0.21,0.16,30134.00,44120.00,24.29,21.64,0,NO,22.19,22.85,23.60,22.80,23.45,,2287,0.00,9714.00,NO,NO,2025-04-23,608200.00
6435,XLU,41.41,41.07,16735225.00,ETF,ETF,14.00,31.00,14.00,11.00,0.62,0.58,24184437.00,45758140.00,47.80,39.03,0,NO,40.49,42.23,44.34,42.07,44.28,,6992,0.00,16735225.00,YES,NO,2020-02-28,180526200.00
6436,BBBL,43.85,43.88,3424.00,ETF,ETF,14.00,29.00,22.00,15.00,0.29,0.14,1426.00,1490.00,50.54,43.42,0,NO,44.53,45.35,47.29,45.24,46.71,,680,0.00,3424.00,NO,NO,2025-02-04,45100.00
6437,TSLX,17.35,17.57,649687.00,Financial Services,Asset Management,14.00,32.00,63.00,26.00,0.41,0.41,459896.00,510750.00,23.19,16.04,1654203392,NO,17.93,18.26,18.57,18.31,17.87,,3158,0.00,649687.00,NO,NO,2016-03-03,3962400.00
6438,SUI,114.00,111.80,1126176.00,Real Estate,REIT - Residential,14.00,51.00,23.00,11.00,1.83,1.80,1684428.00,1198860.00,137.85,109.77,14576132096,NO,112.91,117.62,124.06,117.30,122.39,,8264,0.41,1126176.00,NO,NO,2026-08-19,16868800.00
6439,FUTY,53.47,53.04,356802.00,ETF,ETF,14.00,31.00,14.00,11.00,0.77,0.72,523371.00,1068130.00,61.51,50.53,0,NO,52.33,54.55,57.26,54.32,57.12,,3259,0.00,356802.00,NO,NO,2022-05-11,6269100.00
6440,SPGI,407.82,402.73,1376542.00,Financial Services,Financial Data & Stock Exchanges,14.00,53.00,19.00,51.00,8.16,7.69,1905687.00,2159450.00,522.47,361.03,120225341440,NO,400.86,414.50,422.01,415.81,409.58,,13523,0.32,1376542.00,NO,NO,2013-02-05,35537503.00
6441,TDOG,16.96,16.85,1164.00,ETF,ETF,14.00,64.00,90.00,11.00,0.77,0.52,4710.00,2630.00,25.59,13.82,0,NO,18.24,16.74,,16.89,17.65,,181,0.00,1164.00,NO,NO,2026-04-09,60000.00
6442,PSP,56.50,55.90,26955.00,ETF,ETF,14.00,15.00,42.00,33.00,0.90,0.73,22457.00,29880.00,70.49,54.12,0,NO,57.36,60.64,60.83,60.62,59.31,,5021,0.34,26955.00,NO,NO,2014-01-31,1701520.00
6443,TNDM,16.11,15.68,1430143.00,Healthcare,Medical Devices,14.00,4.00,48.00,7.00,1.00,0.99,2011959.00,2282370.00,29.65,12.26,1120913024,NO,16.49,19.34,19.28,19.11,18.25,,3244,0.00,1430143.00,NO,NO,2018-06-22,17879100.00
6444,VCLT,68.69,68.71,4408398.00,ETF,ETF,14.00,30.00,22.00,15.00,0.69,0.63,5055042.00,10452610.00,79.28,67.56,0,NO,69.67,71.00,74.14,70.82,73.22,,4245,0.00,4408398.00,NO,NO,2026-09-30,23857800.00
6445,PWZ,22.26,22.19,1405549.00,ETF,ETF,14.00,25.00,15.00,15.00,0.25,0.22,809534.00,2213710.00,24.59,22.03,0,NO,22.55,23.30,24.00,23.25,23.88,,4774,0.00,1405549.00,NO,NO,2024-08-06,9914400.00
6446,REGCO,20.80,20.80,1.00,Real Estate,REIT - Retail,14.00,16.00,20.00,18.00,0.30,0.19,2884.00,3760.00,24.24,20.10,0,NO,21.22,21.66,22.14,21.75,21.97,,785,0.00,2000.00,NO,NO,2025-01-31,106700.00
6447,VPU,179.15,177.72,259926.00,ETF,ETF,14.00,31.00,14.00,11.00,2.63,2.36,324960.00,477230.00,206.10,169.37,0,NO,175.52,182.83,191.92,182.12,191.54,,5710,0.02,259926.00,NO,NO,2012-08-01,7174800.00
6448,RSPC,34.78,35.46,4247.00,ETF,ETF,14.00,18.00,28.00,16.00,0.39,0.35,7876.00,9150.00,40.14,34.50,0,NO,35.68,36.42,37.42,36.35,36.74,,1990,0.00,4247.00,NO,NO,2023-03-09,2633900.00
6449,SPLB,20.44,20.44,2801975.00,ETF,ETF,14.00,29.00,22.00,15.00,0.20,0.18,2901871.00,3843120.00,23.60,20.09,0,NO,20.73,21.12,22.07,21.07,21.79,,4424,0.00,2801975.00,NO,NO,2025-08-11,17332400.00
6450,LDDR,74.23,74.32,2022.00,ETF,ETF,14.00,38.00,26.00,15.00,0.26,0.11,1131.00,2000.00,86.72,73.91,0,NO,74.87,76.17,79.76,75.95,78.40,,437,0.00,2022.00,NO,NO,2025-04-14,63200.00
6451,FIZZ,30.52,30.84,314920.00,Consumer Defensive,Beverages - Non-Alcoholic,14.00,46.00,41.00,10.00,0.83,0.83,416207.00,401770.00,38.21,28.97,2857041408,NO,30.53,31.30,33.50,31.41,33.25,,8831,0.00,314920.00,NO,NO,2019-03-08,10830000.00
6452,UPS,94.57,94.13,3563954.00,Industrials,Integrated Freight & Logistics,14.00,16.00,7.00,17.00,1.75,1.70,4897412.00,4792460.00,122.41,82.00,80458416128,NO,95.55,100.43,104.80,99.95,103.60,,6769,0.39,3563954.00,NO,NO,2002-07-19,94752600.00
6453,GIB,70.09,69.68,279057.00,Technology,Information Technology Services,14.00,70.00,71.00,42.00,1.73,1.54,443426.00,491530.00,95.20,59.63,14513914880,NO,69.72,71.98,73.39,71.92,69.71,,7045,0.01,279057.00,NO,NO,2014-01-10,2241600.00
6454,ADBE,242.27,241.05,3881488.00,Technology,Software - Application,14.00,31.00,77.00,61.00,8.01,7.67,5064618.00,4314240.00,363.70,190.12,94291484672,NO,242.72,257.88,256.98,257.91,242.84,,10117,0.08,3881488.00,NO,NO,1996-01-05,175513600.00
6455,CMI,523.39,520.40,905652.00,Industrials,Specialty Industrial Machinery,14.00,18.00,4.00,8.00,12.42,11.04,1018225.00,1021220.00,737.76,400.72,72052211712,NO,525.77,568.99,603.75,565.45,616.11,,13523,0.00,905652.00,NO,NO,2007-04-27,31219200.00
6456,IBGA,22.37,22.35,52955.00,ETF,ETF,14.00,27.00,21.00,14.00,0.19,0.16,41529.00,36130.00,25.70,22.04,0,NO,22.69,23.17,24.16,23.12,23.84,,583,0.00,52955.00,NO,NO,2026-09-10,1311100.00
6457,RNRG,32.12,31.73,650.00,ETF,ETF,14.00,16.00,17.00,7.00,0.35,0.13,3804.00,860.00,39.70,31.59,0,NO,32.56,33.65,35.81,33.60,35.79,,2860,1.17,650.00,NO,NO,2022-02-28,621033.00
6458,LMUB,46.39,46.14,338702.00,ETF,ETF,14.00,29.00,15.00,15.00,0.47,0.42,606007.00,935140.00,53.52,45.81,0,NO,46.93,48.36,50.03,48.24,49.73,,392,0.00,338702.00,NO,NO,2026-03-12,29885100.00
6459,PFFA,19.52,19.55,762404.00,ETF,ETF,14.00,16.00,20.00,15.00,0.22,0.21,817718.00,1125800.00,22.06,19.35,0,NO,20.05,20.57,21.12,20.54,20.89,,2112,0.00,762404.00,NO,NO,2026-06-11,2140300.00
6460,MIRM,86.01,81.35,1139676.00,Healthcare,Biotechnology,14.00,3.00,2.00,13.00,3.75,3.75,695756.00,915630.00,130.00,63.23,5584819200,NO,88.35,95.18,98.47,94.47,100.52,,1818,0.00,1139676.00,NO,NO,2019-12-16,8442800.00
6461,FULTP,16.89,16.72,20159.00,Financial Services,Banks - Regional,14.00,19.00,26.00,14.00,0.32,0.32,11395.00,9740.00,20.15,16.71,0,NO,17.44,17.61,18.31,17.56,18.08,,1497,0.51,20159.00,NO,NO,2020-10-23,1180000.00
6462,RPM,97.73,99.43,1444375.00,Basic Materials,Specialty Chemicals,13.00,42.00,26.00,12.00,2.72,2.65,1270810.00,1458500.00,121.78,92.92,12463867904,NO,99.22,104.96,105.85,104.79,104.44,,11737,0.00,1444375.00,NO,NO,2026-08-31,11381600.00
6463,ILTB,44.93,44.88,52968.00,ETF,ETF,13.00,27.00,21.00,14.00,0.42,0.37,83225.00,177900.00,51.77,44.21,0,NO,45.59,46.55,48.57,46.44,47.96,,4234,0.00,52968.00,NO,NO,2017-05-01,4376600.00
6464,OFRM,16.94,16.33,189632.00,Consumer Defensive,Packaged Foods,13.00,88.00,16.00,74.00,0.63,0.63,422354.00,494910.00,27.00,14.00,711321664,NO,16.40,16.85,,16.95,16.87,,170,0.12,189632.00,NO,NO,2026-02-06,6771300.00
6465,WM,208.83,210.10,1622720.00,Industrials,Waste Management,13.00,30.00,11.00,14.00,3.07,3.02,2062543.00,2191540.00,248.13,194.11,83472523264,NO,208.87,217.10,224.59,215.96,222.53,,9647,0.00,1622720.00,NO,NO,1999-07-07,70408500.00
6466,FINX,24.99,24.55,33543.00,ETF,ETF,13.00,27.00,42.00,64.00,0.46,0.41,58829.00,35780.00,35.58,22.08,0,NO,25.15,26.07,25.72,26.15,25.27,,2533,0.65,33543.00,NO,NO,2022-07-21,1642400.00
6467,PINS,21.40,20.53,13204888.00,Communication Services,Internet Content & Information,13.00,94.00,24.00,84.00,0.72,0.70,12390667.00,11911230.00,35.42,13.84,12119098368,NO,19.24,21.23,21.09,21.19,20.71,,1880,0.58,13204888.00,YES,NO,2020-10-29,128101800.00
6468,BLV,62.87,62.85,642890.00,ETF,ETF,13.00,28.00,21.00,14.00,0.61,0.56,764042.00,1015490.00,72.63,61.78,0,NO,63.78,65.11,67.98,64.94,67.12,,4908,0.00,642890.00,NO,NO,2024-03-19,8983600.00
6469,CEGX,15.53,14.24,166718.00,ETF,ETF,13.00,83.00,93.00,19.00,1.37,1.13,127790.00,289250.00,40.65,9.81,0,NO,12.86,13.64,16.48,13.81,14.65,,315,2.49,166718.00,NO,NO,2026-10-06,1057600.00
6470,DOX,58.84,60.25,1201143.00,Technology,Software - Infrastructure,13.00,33.00,87.00,17.00,1.47,1.38,1124906.00,981840.00,85.63,49.74,6143778816,NO,59.12,59.57,64.16,59.87,59.63,,7121,0.00,1201143.00,NO,NO,2002-06-21,20656300.00
6471,IBGB,22.29,22.27,18063.00,ETF,ETF,13.00,27.00,21.00,14.00,0.14,0.08,1659.00,930.00,25.69,22.08,0,NO,22.61,23.10,24.11,23.05,23.78,,388,0.00,18063.00,NO,NO,2025-09-05,54200.00
6472,PRMB,19.27,19.34,4510247.00,Consumer Defensive,Beverages - Non-Alcoholic,13.00,14.00,5.00,34.00,0.68,0.67,4132757.00,4684180.00,26.21,14.36,6974655488,NO,19.82,21.73,21.21,21.59,22.08,,8640,0.00,4510247.00,NO,NO,2025-11-07,52402200.00
6473,UGL,46.45,45.08,2822504.00,ETF,ETF,13.00,13.00,82.00,3.00,1.44,0.96,2662239.00,2801220.00,90.40,42.42,0,NO,47.49,50.06,57.45,50.66,52.69,,4490,2.71,2822504.00,NO,NO,2026-01-29,36588700.00
6474,KMB,97.59,97.74,5120615.00,Consumer Defensive,Household & Personal Products,13.00,50.00,11.00,42.00,1.85,1.70,3915671.00,3951510.00,123.09,92.42,32456386560,NO,97.49,103.74,102.49,103.03,102.45,,11737,0.00,5120615.00,NO,NO,2025-11-03,36751500.00
6475,EPI,39.89,39.56,369669.00,ETF,ETF,13.00,17.00,23.00,17.00,0.39,0.22,367482.00,496190.00,47.20,39.36,0,NO,41.08,42.28,43.10,42.22,42.35,,4686,0.73,369669.00,NO,NO,2015-06-11,15801700.00
6476,UHT,37.57,37.54,126666.00,Real Estate,REIT - Healthcare Facilities,13.00,8.00,10.00,10.00,0.87,0.87,116810.00,211190.00,46.30,35.26,522173568,NO,38.54,40.28,41.24,40.06,41.19,,10023,0.00,126666.00,NO,NO,2026-06-18,2310300.00
6477,GSK,46.50,46.54,8431411.00,Healthcare,Drug Manufacturers - General,13.00,26.00,12.00,5.00,0.82,0.74,3852382.00,5280760.00,61.70,42.85,93163462656,NO,48.83,50.04,52.37,49.67,51.76,,11728,0.00,8431411.00,NO,NO,2022-08-11,35389900.00
6478,BNL,18.26,18.24,1573595.00,Real Estate,REIT - Diversified,13.00,5.00,6.00,15.00,0.32,0.30,2015920.00,1917650.00,23.10,17.16,3887492096,NO,18.90,20.18,19.87,20.07,20.33,,1523,0.00,1573595.00,NO,NO,2026-04-08,33401600.00
6479,EPRF,15.72,15.65,10802.00,ETF,ETF,13.00,31.00,25.00,18.00,0.15,0.12,8635.00,9190.00,18.28,15.50,0,NO,15.93,16.32,16.93,16.29,16.65,,2610,0.00,10802.00,NO,NO,2021-09-30,474400.00
6480,BTU,25.13,25.00,1347362.00,Energy,Thermal Coal,13.00,3.00,81.00,11.00,1.07,1.06,2344396.00,1801600.00,41.14,20.06,3063346944,NO,25.63,26.11,28.74,26.35,26.53,,2394,0.00,1347362.00,NO,NO,2021-07-07,45548100.00
6481,BANF,106.18,106.90,94277.00,Financial Services,Banks - Regional,13.00,21.00,17.00,17.00,2.15,2.09,133401.00,163440.00,126.14,101.48,3566202624,NO,107.85,110.64,111.62,110.72,111.73,,9203,0.00,94277.00,NO,NO,2020-07-31,3934500.00
6482,CBTO,19.30,19.22,10189.00,ETF,ETF,13.00,30.00,41.00,26.00,0.09,0.06,15606.00,32930.00,24.88,19.06,0,NO,19.74,19.79,20.19,19.76,19.88,,254,0.00,10189.00,NO,NO,2026-02-05,292200.00
6483,ALV,109.76,111.03,540144.00,Consumer Cyclical,Auto Parts,13.00,7.00,13.00,39.00,2.89,2.59,688853.00,807790.00,132.17,99.16,8038516736,NO,114.44,119.10,118.78,119.48,118.11,,7410,0.00,540144.00,NO,NO,2009-03-25,21777720.00
6484,EXE,88.22,88.86,2106977.00,Energy,Oil & Gas E&P,13.00,8.00,61.00,12.00,1.96,1.91,3240682.00,2945550.00,126.62,83.25,21104769024,NO,87.71,92.71,97.90,92.27,94.34,,1423,0.00,2106977.00,NO,NO,2025-03-21,53145100.00
6485,IBGM,22.54,22.52,4317.00,ETF,ETF,13.00,25.00,18.00,13.00,0.21,0.17,28060.00,6680.00,25.28,22.21,0,NO,22.93,23.43,,23.37,,,137,0.00,4317.00,NO,NO,2026-08-04,1538900.00
6486,RIOT,16.89,16.84,11615748.00,Financial Services,Capital Markets,13.00,1.00,7.00,46.00,1.32,1.26,18708678.00,16572090.00,30.32,11.50,6336247296,NO,21.00,20.61,19.45,20.50,20.90,,2648,0.00,11615748.00,YES,NO,2025-07-21,127903700.00
6487,PZA,21.31,21.26,3806831.00,ETF,ETF,13.00,25.00,15.00,15.00,0.25,0.23,2632439.00,5254780.00,23.63,21.07,0,NO,21.59,22.28,23.02,22.23,22.89,,4774,0.00,3806831.00,NO,NO,2020-10-15,15197800.00
6488,UTWY,39.18,39.17,3486.00,ETF,ETF,13.00,27.00,21.00,14.00,0.28,0.17,2703.00,7100.00,45.23,38.59,0,NO,39.71,40.57,42.38,40.48,41.79,,888,0.00,3486.00,NO,NO,2023-12-08,754800.00
6489,ETEC,24.42,24.12,443.00,ETF,ETF,13.00,32.00,12.00,9.00,0.27,0.05,528.00,680.00,32.40,23.00,0,NO,24.52,25.72,27.42,25.70,27.70,,885,0.00,443.00,NO,NO,2026-01-28,16300.00
6490,TUA,19.24,19.30,96377.00,ETF,ETF,13.00,34.00,26.00,14.00,0.17,0.15,375378.00,235650.00,22.30,18.90,0,NO,19.23,19.85,20.79,19.78,20.37,,977,0.00,96377.00,NO,NO,2023-06-07,6439100.00
6491,GXC,86.52,84.88,12928.00,ETF,ETF,13.00,44.00,46.00,15.00,1.03,0.54,23962.00,18400.00,105.00,84.45,0,NO,87.01,89.27,93.72,89.12,90.99,,4919,1.45,12928.00,NO,NO,2019-01-31,3540600.00
6492,PAYP,15.71,15.45,667956.00,Technology,Software - Infrastructure,13.00,3.00,69.00,5.00,0.57,0.57,796770.00,696540.00,24.89,12.07,10637918208,NO,16.44,16.02,,16.13,17.29,,147,0.00,667956.00,NO,NO,2026-03-13,14116800.00
6493,KHC,22.27,22.48,15087982.00,Consumer Defensive,Packaged Foods,13.00,8.00,11.00,28.00,0.54,0.53,17273059.00,15672980.00,28.09,21.04,26408294400,NO,23.38,24.54,23.88,24.41,23.87,,2834,0.00,15087982.00,YES,NO,2019-02-22,135204800.00
6494,LIAM,217.59,216.50,9.00,ETF,ETF,13.00,20.00,20.00,14.00,1.18,0.15,159.00,130.00,248.99,215.71,0,NO,221.42,226.32,234.77,224.99,232.00,,366,0.00,200.00,NO,NO,2026-05-20,10200.00
6495,LKOR,38.18,38.24,7018.00,ETF,ETF,13.00,26.00,21.00,14.00,0.30,0.17,3371.00,1380.00,44.34,37.61,0,NO,38.79,39.54,41.34,39.45,40.80,,2776,0.00,7018.00,NO,NO,2026-01-27,274900.00
6496,SPTL,23.88,23.85,11601821.00,ETF,ETF,13.00,26.00,20.00,14.00,0.24,0.22,8149215.00,19601060.00,27.70,23.46,0,NO,24.24,24.78,25.89,24.72,25.54,,4873,0.00,11601821.00,YES,NO,2025-11-13,62423000.00
6497,CCJ,88.06,87.12,1943096.00,Energy,Uranium,13.00,7.00,39.00,4.00,3.26,2.86,3267879.00,3366070.00,135.24,77.70,38353035264,NO,89.54,94.77,105.68,94.80,101.83,,7693,0.78,1943096.00,NO,NO,2022-10-12,47933300.00
6498,BXP,59.05,59.32,1450571.00,Real Estate,REIT - Office,13.00,11.00,11.00,70.00,1.38,1.36,1364060.00,1299460.00,74.96,49.72,10680811520,NO,61.94,65.67,62.61,65.36,62.71,,7374,0.00,1450571.00,NO,NO,2026-02-27,18749500.00
6499,TJX,138.76,138.75,4362822.00,Consumer Cyclical,Apparel Retail,13.00,92.00,17.00,9.00,2.73,2.60,7309739.00,8294930.00,170.00,122.78,153288769536,NO,131.63,138.91,152.11,137.60,150.58,,9897,0.00,4362822.00,NO,NO,1999-12-02,137053600.00
6500,WEC,103.74,103.61,1322749.00,Utilities,Utilities - Regulated Electric,13.00,43.00,13.00,11.00,1.55,1.52,2432348.00,2777210.00,119.91,99.80,33803614208,NO,102.65,105.64,111.23,105.16,111.21,,11737,0.00,1322749.00,NO,NO,2008-10-30,38428600.00
6501,RRX,165.03,160.01,1045792.00,Industrials,Specialty Industrial Machinery,13.00,86.00,4.00,5.00,5.48,4.84,1205442.00,1070960.00,247.80,127.96,10985976832,NO,155.77,165.21,189.19,163.13,191.62,,11737,0.52,1045792.00,NO,NO,2021-10-05,5195500.00
6502,SPRE,18.66,18.51,62193.00,ETF,ETF,13.00,11.00,10.00,13.00,0.27,0.26,70031.00,86830.00,21.91,18.29,0,NO,19.23,20.36,20.62,20.23,20.74,,1451,0.65,62193.00,NO,NO,2026-05-20,685500.00
6503,SPH,17.09,17.14,151922.00,Utilities,Utilities - Regulated Gas,13.00,40.00,17.00,9.00,0.33,0.32,199459.00,201670.00,20.80,16.25,1140114688,NO,16.78,17.32,18.81,17.25,18.38,,7703,0.00,151922.00,NO,NO,2023-12-15,14009700.00
6504,SOMN,46.04,46.04,127250.00,Utilities,Utilities - Regulated Electric,13.00,26.00,16.00,11.00,0.51,0.49,307356.00,1046560.00,53.99,44.35,0,NO,45.50,47.29,50.01,47.09,49.44,,234,0.00,127250.00,NO,NO,2025-11-04,20464500.00
6505,SH,31.80,31.97,7387604.00,ETF,ETF,13.00,26.00,32.00,10.00,0.26,0.23,7871042.00,9654750.00,39.20,31.64,0,NO,32.28,32.34,34.34,32.24,33.69,,5108,0.00,7387604.00,NO,NO,2026-03-09,34760900.00
6506,ARES,117.22,116.26,1824168.00,Financial Services,Asset Management,13.00,6.00,37.00,80.00,3.89,3.68,2169851.00,2106350.00,181.19,95.80,38890774528,NO,121.03,132.30,128.56,131.70,123.49,,3129,0.66,1824168.00,NO,NO,2025-12-10,47940600.00
6507,GLDN,15.59,15.26,9830.00,ETF,ETF,13.00,11.00,87.00,6.00,0.36,0.16,7840.00,8190.00,22.64,13.36,0,NO,16.02,16.44,,16.69,16.50,,163,2.06,9830.00,NO,NO,2026-07-17,27300.00
6508,LFAI,139.16,138.50,6.00,ETF,ETF,13.00,26.00,22.00,13.00,0.63,0.02,126.00,140.00,159.55,138.19,0,NO,141.20,143.93,149.95,143.18,147.65,,517,0.00,100.00,NO,NO,2025-10-27,7300.00
6509,AMHI,23.02,23.03,7.00,ETF,ETF,13.00,24.00,16.00,,0.11,0.00,101.00,100.00,25.19,22.90,0,NO,23.42,24.08,,23.94,,,73,0.00,100.00,NO,NO,2026-06-25,199100.00
6510,ES,65.73,65.69,2125878.00,Utilities,Utilities - Regulated Electric,13.00,19.00,10.00,19.00,1.06,1.03,2303520.00,2857460.00,76.57,62.72,24758833152,NO,65.63,69.03,70.09,68.69,69.81,,13523,0.00,2125878.00,NO,NO,1988-05-24,23814200.00
6511,HBANZ,18.73,19.00,3271.00,Financial Services,Banks - Regional,13.00,35.00,25.00,12.00,0.33,0.30,10860.00,14020.00,22.23,18.38,0,NO,18.93,19.19,,19.10,19.96,,174,0.00,3271.00,NO,NO,2026-02-24,250500.00
6512,WDGF,29.30,28.99,116.00,ETF,ETF,13.00,22.00,35.00,9.00,0.26,0.08,1371.00,3920.00,36.19,28.43,0,NO,30.15,31.69,32.71,31.62,31.98,,271,0.21,116.00,NO,NO,2026-06-09,205600.00
6513,PCL,45.55,45.28,32.00,ETF,ETF,13.00,29.00,24.00,15.00,0.38,0.17,3692.00,2200.00,52.71,45.01,0,NO,46.30,47.16,49.26,47.01,48.60,,297,0.00,11400.00,NO,NO,2026-05-28,600000.00
6514,MCHI,52.55,51.36,2714056.00,ETF,ETF,13.00,55.00,54.00,15.00,0.70,0.43,2051506.00,1956730.00,65.84,49.88,0,NO,52.57,54.04,56.60,53.94,54.72,,3905,1.36,2714056.00,NO,NO,2022-03-16,25402100.00
6515,VNQI,42.15,41.82,262873.00,ETF,ETF,13.00,20.00,20.00,13.00,0.37,0.30,291090.00,428670.00,50.88,41.53,0,NO,42.83,44.37,46.06,44.26,45.23,,4009,0.38,262873.00,NO,NO,2014-07-10,10854300.00
6516,UTG,36.39,36.19,157154.00,Financial Services,Asset Management,13.00,23.00,12.00,10.00,0.75,0.68,311842.00,408420.00,43.90,33.53,3351852288,NO,35.58,37.45,39.52,37.44,39.81,,5693,0.00,157154.00,NO,NO,2025-04-04,1306900.00
6517,ION,45.11,44.85,5603.00,ETF,ETF,13.00,5.00,30.00,3.00,0.71,0.39,1582.00,2210.00,69.55,38.63,0,NO,46.78,49.85,55.54,50.01,54.12,,967,0.00,5603.00,NO,NO,2026-04-14,48900.00
6518,TIPD,90.68,90.16,6.00,ETF,ETF,13.00,25.00,23.00,12.00,0.38,0.02,204.00,150.00,104.62,89.95,0,NO,91.78,93.43,98.39,92.98,96.97,,286,0.00,100.00,NO,NO,2026-03-03,6800.00
6519,VGLT,50.18,50.14,2380395.00,ETF,ETF,13.00,26.00,20.00,14.00,0.51,0.46,2892031.00,5274250.00,58.44,49.30,0,NO,50.96,52.08,54.49,51.96,53.74,,4218,0.00,2380395.00,NO,NO,2026-03-20,17568800.00
6520,SO,86.17,86.15,3130024.00,Utilities,Utilities - Regulated Electric,13.00,39.00,12.00,11.00,1.23,1.18,5703075.00,6770920.00,100.84,81.69,99126779904,NO,84.71,88.25,92.15,87.62,92.43,,11284,0.00,3130024.00,NO,NO,1988-07-25,242201342.00
6521,QLDY,41.20,41.18,40797.00,ETF,ETF,13.00,77.00,20.00,42.00,0.51,0.45,37057.00,40810.00,52.35,37.40,0,NO,41.07,41.28,43.64,41.28,43.04,,267,0.00,40797.00,NO,NO,2026-06-15,124400.00
6522,SCHQ,28.48,28.45,1181662.00,ETF,ETF,13.00,26.00,20.00,14.00,0.28,0.26,1135767.00,1802340.00,33.19,27.98,0,NO,28.92,29.55,30.93,29.48,30.50,,1758,0.00,1181662.00,NO,NO,2026-05-20,6323400.00
6523,FLIN,32.97,32.66,316195.00,ETF,ETF,13.00,19.00,22.00,18.00,0.34,0.18,383812.00,353440.00,39.85,32.20,0,NO,33.94,35.00,35.57,34.95,34.90,,2179,0.00,316195.00,NO,NO,2026-06-22,15456500.00
6524,EUAD,40.04,39.87,615484.00,ETF,ETF,13.00,15.00,30.00,16.00,0.66,0.57,141379.00,146030.00,48.44,37.62,0,NO,42.02,44.20,43.39,44.00,42.46,,493,0.00,615484.00,NO,NO,2026-01-20,2799100.00
6525,PZT,20.44,20.35,36927.00,ETF,ETF,13.00,30.00,14.00,14.00,0.23,0.20,55243.00,84480.00,22.75,20.21,0,NO,20.72,21.44,22.15,21.38,22.05,,4779,0.20,36927.00,NO,NO,2026-09-11,632200.00
6526,RWX,25.22,25.01,23058.00,ETF,ETF,13.00,15.00,18.00,12.00,0.25,0.22,35343.00,96730.00,30.47,24.89,0,NO,25.74,26.88,27.76,26.80,27.26,,4982,0.48,23058.00,NO,NO,2018-11-15,7309000.00
6527,GATX,164.78,162.78,140837.00,Industrials,Rental & Leasing Services,13.00,12.00,15.00,8.00,4.89,4.78,226506.00,274570.00,205.56,150.42,5817567232,NO,175.38,176.95,179.51,176.70,178.63,,13523,0.26,140837.00,NO,NO,2004-01-30,5578900.00
6528,HOV,105.80,110.00,97209.00,Consumer Cyclical,Residential Construction,13.00,13.00,7.00,44.00,4.63,4.13,129203.00,106480.00,148.48,91.52,630556352,NO,114.08,121.95,118.15,122.31,119.10,,10858,0.00,97209.00,NO,NO,2013-01-17,2201584.00
6529,TRUU,22.64,22.46,194.00,ETF,ETF,13.00,30.00,,,0.19,0.07,289.00,460.00,25.30,21.63,0,NO,22.21,23.12,,23.02,,,67,0.00,194.00,NO,NO,2026-10-07,1700.00
6530,BTCI,33.20,32.94,487197.00,ETF,ETF,13.00,81.00,90.00,21.00,0.70,0.59,562979.00,682550.00,62.71,26.52,0,NO,33.37,31.67,34.10,32.00,32.03,,496,0.00,487197.00,NO,NO,2026-02-05,1938000.00
6531,INDA,46.03,45.56,3240726.00,ETF,ETF,13.00,20.00,23.00,17.00,0.48,0.26,5021310.00,4744960.00,55.50,45.21,0,NO,47.22,48.70,49.67,48.63,48.66,,3692,0.86,3240726.00,NO,NO,2026-02-02,30890600.00
6532,FHB,24.69,24.96,1327173.00,Financial Services,Banks - Regional,13.00,23.00,7.00,19.00,0.44,0.42,2298807.00,2268360.00,30.58,22.64,3004312576,NO,25.18,26.07,26.64,26.00,26.90,,2559,0.00,1327173.00,NO,NO,2020-07-23,28095500.00
6533,SPTX,18.15,17.91,171205.00,Healthcare,Biotechnology,13.00,1.00,14.00,,1.60,1.57,182451.00,268600.00,28.38,14.85,971579520,NO,20.31,22.36,,22.39,,,112,0.45,171205.00,NO,NO,2026-05-01,4697700.00
6534,GLU,17.52,17.52,4878.00,Financial Services,Asset Management,13.00,10.00,13.00,12.00,0.35,0.34,7720.00,10430.00,21.69,17.33,104977304,NO,18.01,18.76,19.49,18.67,19.12,,5629,0.00,4878.00,NO,NO,2018-12-21,288600.00
6535,JLS,16.46,16.25,33694.00,Financial Services,Asset Management,13.00,36.00,23.00,11.00,0.24,0.24,26375.00,36470.00,18.98,16.01,90145272,NO,16.32,16.75,17.77,16.73,17.52,,4242,0.37,33694.00,NO,NO,2018-07-05,394000.00
6536,WAL,74.27,75.50,838074.00,Financial Services,Banks - Regional,13.00,14.00,17.00,31.00,2.07,1.90,1072562.00,1319340.00,97.23,65.82,8102920704,NO,76.78,78.97,80.79,78.89,78.67,,5352,0.00,838074.00,NO,NO,2023-03-13,60550200.00
6537,SZK,20.99,20.94,7869.00,ETF,ETF,13.00,17.00,45.00,16.00,0.46,0.29,5264.00,3460.00,27.72,18.40,0,NO,21.86,21.35,21.89,21.38,21.76,,4954,0.00,7869.00,NO,NO,2026-09-22,174300.00
6538,TTAN,72.59,72.93,1669392.00,Technology,Software - Application,12.00,97.00,14.00,89.00,3.73,3.72,2327945.00,2114750.00,111.36,53.00,7002604544,NO,63.25,77.71,74.23,76.63,70.72,,457,0.00,1669392.00,NO,NO,2026-09-09,22950500.00
6539,BLBD,56.29,56.19,303851.00,Industrials,Farm & Heavy Construction Machinery,12.00,7.00,2.00,12.00,1.83,1.72,535185.00,477420.00,83.39,46.14,1916631936,NO,58.01,61.81,62.57,61.15,66.16,,3159,0.00,303851.00,NO,NO,2023-12-12,3311600.00
6540,LFAW,160.69,159.37,6.00,ETF,ETF,12.00,29.00,23.00,14.00,0.85,0.10,115.00,120.00,186.75,159.28,0,NO,163.26,166.63,174.27,166.00,171.66,,518,0.04,300.00,NO,NO,2026-06-23,800.00
6541,NNN,40.24,40.27,2146862.00,Real Estate,REIT - Retail,12.00,9.00,8.00,14.00,0.68,0.68,1726314.00,2834270.00,50.00,38.90,7655586816,NO,41.25,43.97,44.21,43.69,44.78,,10582,0.00,2146862.00,NO,NO,2011-12-07,25007100.00
6542,INDH,36.76,36.48,15.00,ETF,ETF,12.00,26.00,23.00,17.00,0.23,0.05,779.00,570.00,45.00,36.28,0,NO,37.46,38.51,39.60,38.44,38.90,,607,0.00,15.00,NO,NO,2024-11-12,1020700.00
6543,PBDC,25.48,25.67,48693.00,ETF,ETF,12.00,12.00,29.00,24.00,0.44,0.38,89118.00,78790.00,32.25,25.10,0,NO,26.91,27.56,27.87,27.58,27.30,,1010,0.00,48693.00,NO,NO,2026-04-15,1125400.00
6544,NSSC,36.14,35.16,230106.00,Industrials,Security & Protection Services,12.00,71.00,60.00,8.00,0.88,0.85,374064.00,314760.00,51.77,33.91,1292671232,NO,35.86,36.92,39.45,37.05,38.39,,11286,0.63,230106.00,NO,NO,2023-08-21,16185500.00
6545,HEI,298.28,295.91,286750.00,Industrials,Aerospace & Defense,12.00,19.00,9.00,49.00,6.86,6.75,472690.00,473000.00,376.86,256.11,41686839296,NO,302.48,330.02,321.76,328.28,318.46,,11737,0.00,286750.00,NO,NO,1981-06-10,14352453.00
6546,FGM,57.10,56.75,2206.00,ETF,ETF,12.00,7.00,16.00,10.00,0.98,0.50,2881.00,3230.00,71.12,54.50,0,NO,60.03,62.18,63.86,62.11,63.03,,3682,0.55,2206.00,NO,NO,2022-03-18,1104800.00
6547,LLDR,40.94,40.57,21.00,ETF,ETF,12.00,28.00,23.00,14.00,0.27,0.14,253.00,390.00,47.45,40.30,0,NO,41.60,42.52,44.45,42.36,43.80,,522,0.20,100.00,NO,NO,2025-07-15,25100.00
6548,HAUZ,21.07,20.91,77544.00,ETF,ETF,12.00,20.00,20.00,12.00,0.21,0.17,116270.00,237580.00,25.73,20.71,0,NO,21.36,22.21,23.23,22.16,22.76,,3276,0.00,77544.00,NO,NO,2020-03-12,4786900.00
6549,MDU,18.74,18.81,1117694.00,Utilities,Utilities - Regulated Gas,12.00,31.00,10.00,7.00,0.33,0.32,1658578.00,1955640.00,22.98,18.24,3941948672,NO,18.65,19.51,20.65,19.44,20.73,,13523,0.00,1117694.00,NO,NO,2024-10-10,65418254.00
6550,CNBS,24.97,24.81,1886.00,ETF,ETF,12.00,5.00,14.00,64.00,0.94,0.78,5579.00,7660.00,43.94,18.43,0,NO,27.76,27.56,26.63,27.60,26.81,,1815,0.00,1886.00,NO,NO,2025-01-27,2730283.00
6551,KPHO,21.98,22.11,82.00,ETF,ETF,12.00,24.00,23.00,13.00,0.10,0.02,517.00,460.00,26.42,20.65,0,NO,22.64,22.68,23.78,22.77,23.20,,211,0.00,100.00,NO,NO,2026-02-03,27800.00
6552,FGBIP,16.94,16.89,1180.00,Financial Services,Banks - Regional,12.00,15.00,7.00,34.00,0.18,0.17,4760.00,9950.00,21.46,14.41,0,NO,17.44,18.43,18.46,18.28,18.89,,1373,0.11,1180.00,NO,NO,2021-04-23,59400.00
6553,TNUK,22.72,22.36,306.00,ETF,ETF,12.00,20.00,28.00,9.00,0.34,0.07,804.00,360.00,32.79,21.96,0,NO,22.61,23.53,25.62,23.50,24.85,,203,0.00,306.00,NO,NO,2026-01-27,22700.00
6554,COIN,179.39,172.00,12300102.00,Financial Services,Financial Data & Stock Exchanges,12.00,82.00,89.00,59.00,9.52,9.12,9016485.00,7761030.00,402.16,139.11,47329705984,NO,186.76,174.57,183.78,177.89,175.18,,1380,1.63,12300102.00,YES,NO,2021-04-14,81065700.00
6555,TUR,34.13,33.93,81685.00,ETF,ETF,12.00,2.00,12.00,6.00,0.64,0.33,149223.00,211790.00,43.98,31.72,0,NO,35.95,38.18,39.30,38.17,39.39,,4664,0.27,81685.00,NO,NO,2018-08-10,13295900.00
6556,NFTY,50.16,49.56,6391.00,ETF,ETF,12.00,18.00,21.00,17.00,0.57,0.34,23181.00,13360.00,60.70,49.25,0,NO,51.59,53.24,54.32,53.12,53.23,,3676,0.87,6391.00,NO,NO,2021-04-16,1470800.00
6557,LIAU,239.64,238.26,6.00,ETF,ETF,12.00,18.00,18.00,13.00,1.36,0.05,103.00,120.00,276.74,237.32,0,NO,244.30,249.79,259.69,248.23,256.38,,366,0.00,100.00,NO,NO,2026-05-20,5900.00
6558,NDIA,25.49,25.36,75494.00,ETF,ETF,12.00,21.00,23.00,16.00,0.21,0.08,3650.00,1950.00,30.68,25.04,0,NO,26.19,26.97,27.49,26.94,26.90,,789,0.00,75494.00,NO,NO,2025-04-11,431400.00
6559,LFAO,151.18,150.37,6.00,ETF,ETF,12.00,24.00,20.00,13.00,0.72,0.02,135.00,100.00,174.50,150.00,0,NO,153.64,156.65,163.44,155.80,160.90,,517,0.00,100.00,NO,NO,2026-06-16,2300.00
6560,RLI,55.71,56.30,699037.00,Financial Services,Insurance - Property & Casualty,12.00,10.00,14.00,26.00,1.27,1.27,752614.00,855590.00,67.12,47.26,5112671744,NO,57.43,60.98,58.59,60.73,57.63,,11737,0.00,699037.00,NO,NO,2019-12-04,14996000.00
6561,TGS,25.71,26.39,260061.00,Energy,Oil & Gas Integrated,12.00,2.00,7.00,4.00,0.86,0.81,219165.00,247920.00,36.35,21.11,3870697216,NO,27.11,28.23,30.13,27.75,29.90,,8026,0.00,260061.00,NO,NO,2019-05-28,10435700.00
6562,AERO,15.57,15.78,608817.00,Industrials,Airlines,12.00,75.00,63.00,40.00,0.77,0.73,305259.00,342290.00,23.05,12.26,2271716096,NO,15.62,15.38,16.69,15.30,15.63,,232,0.00,608817.00,NO,NO,2025-11-06,4944200.00
6563,TLTI,41.45,41.40,2781.00,ETF,ETF,12.00,28.00,18.00,13.00,0.41,0.34,10570.00,13580.00,48.70,40.69,0,NO,42.02,42.96,45.02,42.85,44.41,,458,0.00,2781.00,NO,NO,2026-05-12,30800.00
6564,ATO,161.66,160.66,869718.00,Utilities,Utilities - Regulated Gas,12.00,38.00,13.00,8.00,2.03,2.01,1032446.00,1147220.00,192.51,154.72,27318691840,NO,158.98,164.95,174.28,164.07,173.89,,10780,0.00,869718.00,NO,NO,2019-02-14,31583900.00
6565,MDA,28.15,27.33,1142589.00,Industrials,Aerospace & Defense,12.00,31.00,12.00,15.00,1.31,1.19,1386107.00,1273430.00,49.37,23.23,4563981824,NO,29.92,30.87,,30.77,33.20,,147,0.15,1142589.00,NO,NO,2026-07-09,8492900.00
6566,SF,70.34,70.11,754221.00,Financial Services,Capital Markets,12.00,4.00,20.00,14.00,1.80,1.80,1206106.00,1491130.00,89.83,67.81,10621461504,NO,72.22,78.18,77.59,77.90,75.92,,10893,0.01,754221.00,NO,NO,2021-06-25,20643600.00
6567,XLYX,22.13,21.69,257.00,ETF,ETF,12.00,68.00,17.00,,0.28,0.08,171.00,140.00,25.49,20.65,0,NO,21.43,22.98,,23.01,,,90,1.89,257.00,NO,NO,2026-06-03,9900.00
6568,GPZ,21.65,21.36,250840.00,ETF,ETF,12.00,14.00,39.00,44.00,0.43,0.38,206221.00,350650.00,28.87,20.16,0,NO,21.89,23.59,23.55,23.55,22.88,,339,0.66,250840.00,NO,NO,2026-04-13,1141900.00
6569,TXRH,161.50,162.76,1146604.00,Consumer Cyclical,Restaurants,12.00,5.00,7.00,36.00,4.01,3.98,983614.00,1474030.00,216.30,153.83,10601010176,NO,163.36,185.42,179.32,183.43,179.36,,5539,0.00,1146604.00,NO,NO,2004-10-05,13656000.00
6570,USSX,22.71,23.28,7.00,ETF,ETF,12.00,13.00,13.00,,0.27,0.00,139.00,180.00,26.70,22.37,0,NO,23.08,24.50,,24.42,,,88,0.00,100.00,NO,NO,2026-06-03,9900.00
6571,PKB,90.70,91.02,25225.00,ETF,ETF,12.00,32.00,12.00,10.00,1.83,1.52,35118.00,23000.00,115.81,88.88,0,NO,91.98,97.06,101.62,96.94,101.55,,5271,0.00,25225.00,NO,NO,2016-12-15,1054400.00
6572,GDT,34.08,33.64,758.00,ETF,ETF,12.00,24.00,64.00,8.00,0.37,0.08,2079.00,2090.00,46.14,33.07,0,NO,34.38,35.34,,35.53,36.57,,181,0.00,758.00,NO,NO,2026-03-18,100400.00
6573,USG,31.91,31.47,6789.00,ETF,ETF,12.00,24.00,56.00,8.00,0.36,0.16,4725.00,3780.00,44.18,31.15,0,NO,32.26,33.29,35.70,33.43,34.46,,1238,1.12,6789.00,NO,NO,2023-03-07,123300.00
6574,PUI,42.35,42.39,5109.00,ETF,ETF,12.00,25.00,13.00,10.00,0.39,0.32,4045.00,5160.00,49.30,40.76,0,NO,41.88,43.72,45.85,43.59,45.93,,5271,0.00,5109.00,NO,NO,2011-07-01,5555700.00
6575,EVER,19.80,20.74,447407.00,Communication Services,Internet Content & Information,12.00,2.00,4.00,89.00,1.26,1.25,749375.00,775270.00,28.73,13.88,700390912,NO,20.52,23.12,20.73,23.10,20.77,,2082,0.00,447407.00,NO,NO,2026-05-05,6856600.00
6576,PHM,112.12,113.53,1160645.00,Consumer Cyclical,Residential Construction,12.00,24.00,14.00,17.00,3.12,2.73,1645273.00,1801650.00,144.50,108.49,21357330432,NO,117.19,123.25,124.48,122.83,122.55,,11737,0.00,1160645.00,NO,NO,2009-04-08,39762800.00
6577,DHI,134.88,135.82,2192896.00,Consumer Cyclical,Residential Construction,12.00,54.00,14.00,21.00,3.93,3.49,2606106.00,3496280.00,170.79,131.75,37726109696,NO,138.16,142.87,148.14,142.57,146.07,,8647,0.00,2192896.00,NO,NO,2009-11-20,35885100.00
6578,NBHC,37.93,38.18,306107.00,Financial Services,Banks - Regional,12.00,8.00,8.00,14.00,0.73,0.69,441493.00,679150.00,47.28,35.06,1679753472,NO,39.62,41.19,41.43,41.02,41.94,,3533,0.00,306107.00,NO,NO,2016-12-05,4411200.00
6579,FLCH,20.76,20.29,56208.00,ETF,ETF,12.00,50.00,49.00,13.00,0.27,0.16,94478.00,63480.00,25.98,20.01,0,NO,20.79,21.39,22.54,21.34,21.79,,2243,1.48,56208.00,NO,NO,2025-12-05,2185300.00
6580,GEHC,65.74,64.22,2856400.00,Healthcare,Medical Devices,12.00,74.00,58.00,12.00,1.47,1.36,4105531.00,3779100.00,89.77,58.75,29904584704,NO,65.13,68.67,70.83,68.56,66.75,,957,0.19,2856400.00,NO,NO,2023-01-04,33338500.00
6581,ENB,46.60,46.54,3598516.00,Energy,Oil & Gas Midstream,12.00,26.00,7.00,9.00,0.69,0.67,4915517.00,4428780.00,58.45,45.03,103864107008,NO,47.22,49.41,52.13,48.87,52.94,,10726,0.00,3598516.00,NO,NO,2017-02-27,151262600.00
6582,FLC,15.58,15.45,69181.00,Financial Services,Asset Management,12.00,21.00,17.00,15.00,0.22,0.20,26946.00,44050.00,18.09,15.33,162917264,NO,15.78,16.30,16.94,16.28,16.66,,5817,0.00,69181.00,NO,NO,2010-05-06,320700.00
6583,IBGK,21.10,21.07,86.00,ETF,ETF,12.00,25.00,18.00,13.00,0.14,0.08,629.00,630.00,24.89,20.82,0,NO,21.45,21.93,23.02,21.88,22.69,,560,0.00,86.00,NO,NO,2024-12-02,28900.00
6584,GRBK,62.86,63.64,344443.00,Consumer Cyclical,Residential Construction,12.00,12.00,10.00,17.00,1.79,1.69,310871.00,362740.00,83.18,60.44,2703652352,NO,66.69,69.42,69.81,69.26,69.37,,4858,0.00,344443.00,NO,NO,2014-03-31,27712195.00
6585,ITA,206.65,204.88,471075.00,ETF,ETF,12.00,16.00,10.00,13.00,3.64,3.38,714220.00,840660.00,256.60,195.71,0,NO,210.82,227.36,230.34,226.08,228.45,,5140,0.27,471075.00,NO,NO,2025-09-16,11652500.00
6586,IBGL,21.68,21.65,138.00,ETF,ETF,12.00,25.00,18.00,13.00,0.16,0.08,1187.00,480.00,25.54,21.27,0,NO,22.04,22.54,23.67,22.48,23.34,,379,0.00,138.00,NO,NO,2026-04-01,48600.00
6587,JOUL,23.00,22.87,7691.00,ETF,ETF,12.00,84.00,27.00,,0.37,0.25,4393.00,3890.00,27.74,21.31,0,NO,22.55,22.97,,23.03,,,109,0.00,7691.00,NO,NO,2026-05-29,144300.00
6588,CYTK,62.91,62.01,1118458.00,Healthcare,Biotechnology,12.00,3.00,3.00,29.00,2.17,2.14,1970165.00,2535710.00,88.31,54.30,8745963520,NO,66.01,71.83,70.14,70.83,72.60,,5647,0.00,1118458.00,NO,NO,2021-07-19,40137500.00
6589,NEHI,31.35,31.07,113281.00,ETF,ETF,12.00,37.00,92.00,12.00,0.83,0.73,70831.00,84610.00,56.34,22.86,0,NO,33.03,30.96,33.58,31.38,30.50,,214,0.00,113281.00,NO,NO,2026-05-18,205600.00
6590,TLT,77.98,77.87,26415928.00,ETF,ETF,12.00,25.00,18.00,13.00,0.87,0.79,35937975.00,59001340.00,92.19,76.43,0,NO,79.28,81.08,85.17,80.88,83.94,,6089,0.00,26415928.00,YES,NO,2025-04-09,131353500.00
6591,QCMU,20.41,20.59,126604.00,ETF,ETF,12.00,17.00,7.00,92.00,1.67,1.51,128475.00,132610.00,52.18,13.10,0,NO,23.29,20.55,23.13,20.94,24.32,,326,0.00,126604.00,NO,NO,2026-04-27,1339700.00
6592,UDR,34.12,33.57,4290077.00,Real Estate,REIT - Residential,12.00,29.00,8.00,30.00,0.60,0.60,3511320.00,3806070.00,42.00,32.94,12641993728,NO,33.95,35.97,36.94,35.79,36.83,,11737,0.63,4290077.00,NO,NO,2016-03-04,53725900.00
6593,RDFI,21.48,21.32,57514.00,ETF,ETF,12.00,16.00,15.00,14.00,0.23,0.18,12564.00,9350.00,25.61,21.18,0,NO,21.84,22.69,23.45,22.64,23.15,,1499,0.42,57514.00,NO,NO,2021-08-31,303500.00
6594,UTHY,36.83,36.79,87838.00,ETF,ETF,12.00,25.00,18.00,13.00,0.40,0.35,119506.00,127350.00,43.44,36.13,0,NO,37.43,38.27,40.21,38.18,39.64,,888,0.00,87838.00,NO,NO,2026-06-09,777600.00
6595,FDRV,16.13,16.00,2211.00,ETF,ETF,12.00,27.00,10.00,16.00,0.20,0.11,4228.00,2420.00,21.63,15.03,0,NO,16.34,17.08,17.80,17.12,18.08,,1257,0.00,2211.00,NO,NO,2021-11-08,127300.00
6596,WLDN,75.12,74.71,270718.00,Industrials,Engineering & Construction,12.00,9.00,78.00,26.00,2.58,2.55,233296.00,186670.00,137.00,64.67,1144234752,NO,77.12,80.83,89.87,82.17,81.87,,5001,0.00,270718.00,NO,NO,2026-05-11,1746500.00
6597,IIIN,29.50,29.50,105858.00,Industrials,Metal Fabrication,12.00,27.00,67.00,6.00,0.68,0.61,192945.00,128470.00,38.53,24.35,571068288,NO,29.62,30.65,31.18,30.64,29.84,,8703,0.00,105858.00,NO,NO,2006-04-21,3905600.00
6598,AGCO,103.28,108.13,1483308.00,Industrials,Farm & Heavy Construction Machinery,12.00,2.00,14.00,8.00,4.32,4.14,1013126.00,868220.00,143.78,98.22,7232876544,NO,116.56,112.93,116.52,113.46,114.39,,8681,0.00,1483308.00,NO,NO,2004-02-05,13019500.00
6599,BBLB,73.61,73.54,4338.00,ETF,ETF,12.00,25.00,18.00,13.00,0.49,0.15,1471.00,2920.00,87.01,72.46,0,NO,74.85,76.57,80.47,76.38,79.32,,872,0.00,4338.00,NO,NO,2023-06-07,510200.00
6600,LIBD,253.58,252.01,6.00,ETF,ETF,12.00,17.00,17.00,13.00,1.47,0.02,218.00,400.00,295.65,250.96,0,NO,259.05,264.68,275.66,263.01,271.96,,440,0.00,100.00,NO,NO,2026-08-21,3100.00
6601,WDAF,28.57,28.39,555.00,ETF,ETF,12.00,16.00,28.00,5.00,0.54,0.19,8784.00,8550.00,38.62,26.67,0,NO,30.22,30.81,32.54,30.99,32.29,,271,0.39,555.00,NO,NO,2026-05-07,307700.00
6602,NXT,86.11,85.26,1322063.00,Technology,Solar,12.00,87.00,9.00,3.00,3.52,3.07,2460721.00,2029330.00,163.13,76.72,13229798400,NO,82.06,87.50,107.68,87.55,108.48,,920,0.00,1322063.00,NO,NO,2026-06-26,27197700.00
6603,WCN,152.83,154.69,1782364.00,Industrials,Waste Management,12.00,21.00,12.00,21.00,2.85,2.82,1251470.00,1656200.00,179.74,146.89,38447329280,NO,155.36,161.52,163.45,161.05,161.29,,7140,0.00,1782364.00,NO,NO,2016-05-31,46882200.00
6604,ORI,38.17,38.55,918546.00,Financial Services,Insurance - Property & Casualty,12.00,13.00,14.00,17.00,0.67,0.67,1292015.00,1621410.00,46.76,36.65,9215494144,NO,38.74,40.83,40.84,40.58,40.32,,11737,0.00,918546.00,NO,NO,2011-12-07,31345100.00
6605,ACGLN,15.15,15.01,60161.00,Financial Services,Insurance - Diversified,12.00,26.00,23.00,12.00,0.30,0.29,55770.00,62120.00,18.11,14.75,0,NO,15.20,15.72,16.60,15.68,16.27,,1345,0.00,60161.00,NO,NO,2021-06-03,3787900.00
6606,MAZE,27.11,25.88,670919.00,Healthcare,Biotechnology,12.00,92.00,19.00,46.00,1.99,1.84,565235.00,755040.00,53.65,21.95,1505937920,NO,25.81,26.86,32.63,26.56,27.71,,425,0.00,670919.00,NO,NO,2026-03-25,8232100.00
6607,POR,45.39,45.35,1118710.00,Utilities,Utilities - Regulated Electric,12.00,13.00,8.00,8.00,1.08,1.07,1244525.00,2135640.00,54.62,43.15,5338215424,NO,46.01,48.06,50.31,48.00,50.07,,5164,0.00,1118710.00,NO,NO,2022-06-28,16205900.00
6608,BBIO,65.35,65.04,1846398.00,Healthcare,Biotechnology,12.00,6.00,4.00,10.00,2.42,2.42,2483882.00,2897960.00,93.42,52.75,12775467008,NO,66.94,74.53,73.34,73.45,72.92,,1832,0.00,1846398.00,NO,NO,2023-07-17,47288900.00
6609,CCS,55.67,56.76,152244.00,Real Estate,Real Estate - Development,12.00,13.00,9.00,17.00,2.10,1.97,258696.00,223310.00,76.00,47.27,1582859520,NO,60.20,64.79,62.56,64.47,61.53,,3097,0.00,152244.00,NO,NO,2019-04-10,6423300.00
6610,PENN,15.48,15.76,2628259.00,Consumer Cyclical,Resorts & Casinos,12.00,7.00,3.00,46.00,0.65,0.62,2846923.00,3566760.00,22.36,11.65,2076882048,NO,15.89,17.35,16.77,17.22,17.89,,8148,0.00,2628259.00,NO,NO,2003-05-30,87965509.00
6611,BNGE,31.15,30.84,149.00,ETF,ETF,12.00,26.00,42.00,35.00,0.27,0.09,1103.00,470.00,40.09,29.39,0,NO,31.46,32.04,32.29,32.00,31.24,,1172,0.00,200.00,NO,NO,2022-02-11,111000.00
6612,XCCC,33.52,33.52,98029.00,ETF,ETF,12.00,21.00,18.00,15.00,0.25,0.20,355637.00,115310.00,39.04,33.38,0,NO,34.30,35.12,36.52,35.03,36.01,,1097,0.00,98029.00,NO,NO,2025-10-14,2466100.00
6613,WPC,63.37,63.13,1144199.00,Real Estate,REIT - Diversified,12.00,8.00,10.00,11.00,1.10,1.06,1402682.00,1760730.00,77.22,62.24,14436755456,NO,65.52,68.86,70.98,68.49,71.43,,7225,0.10,1144199.00,NO,NO,2023-11-29,34714900.00
6614,CEPI,30.78,30.62,43924.00,ETF,ETF,11.00,42.00,28.00,40.00,0.47,0.43,46659.00,54970.00,43.70,26.98,0,NO,31.43,31.41,32.43,31.47,32.17,,463,0.00,43924.00,NO,NO,2026-05-26,158100.00
6615,SLM,22.52,22.67,2509757.00,Financial Services,Credit Services,11.00,4.00,14.00,54.00,0.66,0.64,2287775.00,2424520.00,31.06,17.77,4233760000,NO,23.72,25.55,24.04,25.54,23.84,,10846,0.00,2509757.00,NO,NO,2007-12-28,290309288.00
6616,CVNA,63.73,63.20,6795458.00,Consumer Cyclical,Auto & Truck Dealerships,11.00,7.00,42.00,22.00,2.93,2.70,8609965.00,8317640.00,97.38,54.46,70642393088,NO,64.53,68.73,71.28,69.18,68.16,,2376,0.00,6795458.00,NO,NO,2023-06-08,878905000.00
6617,REYN,22.01,21.98,966231.00,Consumer Cyclical,Packaging & Containers,11.00,73.00,7.00,37.00,0.51,0.50,1359589.00,1387680.00,27.32,20.44,4639509504,NO,22.05,23.57,23.23,23.40,23.22,,1682,0.00,966231.00,NO,NO,2020-01-31,26201800.00
6618,IMCR,29.39,29.09,452838.00,Healthcare,Biotechnology,11.00,4.00,14.00,21.00,1.14,1.14,443476.00,469330.00,40.72,27.55,1513544320,NO,30.87,33.52,32.02,33.23,31.42,,1426,0.00,452838.00,NO,NO,2024-05-24,5140200.00
6619,XSPC,20.96,20.81,1441.00,ETF,ETF,11.00,75.00,57.00,,0.43,0.29,2639.00,2330.00,25.99,17.41,0,NO,21.10,21.44,,21.63,,,81,0.00,1441.00,NO,NO,2026-06-16,29700.00
6620,AJG,232.70,234.05,960819.00,Financial Services,Insurance Brokers,11.00,20.00,12.00,64.00,6.14,6.05,1396850.00,1565460.00,305.74,190.75,59650547712,NO,233.76,246.90,232.38,246.31,229.92,,10659,0.00,960819.00,NO,NO,2016-05-27,37176900.00
6621,LTL,23.57,24.26,1879.00,ETF,ETF,11.00,33.00,29.00,13.00,0.54,0.41,8848.00,8470.00,29.38,21.88,0,NO,24.40,24.34,25.77,24.31,24.86,,4625,0.00,1879.00,NO,NO,2010-04-21,1692800.00
6622,CNXT,43.76,43.06,32467.00,ETF,ETF,11.00,11.00,6.00,13.00,0.79,0.37,88384.00,58480.00,62.59,39.18,0,NO,46.26,48.24,49.79,48.23,51.22,,3072,1.49,32467.00,NO,NO,2024-10-07,1103200.00
6623,WSPC,25.94,25.96,10.00,ETF,ETF,11.00,40.00,,,0.47,0.17,946.00,500.00,31.33,24.28,0,NO,26.95,27.64,,27.74,,,66,0.00,10.00,NO,NO,2026-08-04,11800.00
6624,LOB,34.48,34.57,237006.00,Financial Services,Banks - Regional,11.00,4.00,6.00,28.00,0.94,0.91,220470.00,256050.00,44.53,29.36,1595859200,NO,37.00,39.51,38.16,39.27,38.42,,2821,0.00,237006.00,NO,NO,2015-07-23,2755700.00
6625,DUSL,76.69,75.83,7956.00,ETF,ETF,11.00,28.00,4.00,11.00,2.77,2.34,12056.00,14580.00,106.88,64.94,0,NO,77.25,87.23,87.07,86.83,88.21,,2373,0.00,7956.00,NO,NO,2021-08-11,841700.00
6626,CCPX,20.45,20.88,6.00,ETF,ETF,11.00,8.00,37.00,,0.40,0.01,101.00,100.00,25.04,19.00,0,NO,21.48,22.82,,22.40,,,88,0.00,100.00,NO,NO,2026-06-16,46500.00
6627,LDP,19.17,18.92,63523.00,Financial Services,Asset Management,11.00,21.00,14.00,15.00,0.29,0.28,76184.00,109370.00,22.05,18.83,0,NO,19.35,20.07,20.69,20.05,20.46,,3570,0.00,63523.00,NO,NO,2014-12-31,706800.00
6628,TTWO,213.44,209.37,1932392.00,Communication Services,Electronic Gaming & Multimedia,11.00,42.00,10.00,63.00,5.35,5.29,2349521.00,2200730.00,265.94,187.63,39909105664,NO,207.03,222.52,223.59,222.17,222.52,,7419,1.13,1932392.00,NO,NO,2009-12-04,52797400.00
6629,KBR,35.34,35.18,1176809.00,Industrials,Engineering & Construction,11.00,27.00,46.00,27.00,1.15,1.13,1479476.00,1782880.00,45.48,29.94,4455234560,NO,35.32,36.62,37.47,36.61,35.78,,5004,0.03,1176809.00,NO,NO,2007-04-03,36408800.00
6630,ITRI,85.58,84.23,438715.00,Technology,Scientific & Technical Instruments,11.00,8.00,67.00,14.00,2.62,2.54,745600.00,617100.00,142.00,77.77,3747270400,NO,89.15,95.22,91.56,94.57,89.00,,8287,0.02,438715.00,NO,NO,2026-07-28,6630900.00
6631,TPOR,31.90,31.70,5190.00,ETF,ETF,11.00,10.00,2.00,44.00,1.00,0.90,14328.00,14090.00,46.82,23.30,0,NO,31.88,36.64,36.10,36.64,37.07,,2373,0.00,5190.00,NO,NO,2020-05-01,962500.00
6632,PSF,18.19,18.02,30896.00,Financial Services,Asset Management,11.00,24.00,14.00,16.00,0.25,0.25,44528.00,82880.00,21.06,17.80,218792720,NO,18.35,18.96,19.70,18.95,19.43,,3991,0.00,30896.00,NO,NO,2013-11-15,389200.00
6633,JD,27.09,26.91,8845455.00,Consumer Cyclical,Internet Retail,11.00,62.00,21.00,18.00,0.50,0.40,7324471.00,6508460.00,35.06,24.51,36585046016,NO,26.77,28.54,28.83,28.18,28.88,,3115,0.04,8845455.00,NO,NO,2016-05-31,95370800.00
6634,TYL,329.55,331.15,472159.00,Technology,Software - Application,11.00,40.00,77.00,51.00,9.95,9.53,824070.00,585950.00,524.43,270.71,13495820288,NO,332.54,337.11,342.34,338.59,324.88,,11737,0.00,472159.00,NO,NO,1988-08-04,10625700.00
6635,TYG,39.52,38.96,104899.00,Financial Services,Asset Management,11.00,6.00,15.00,6.00,0.93,0.84,143440.00,203030.00,51.18,37.45,1003808000,NO,40.29,42.14,44.85,42.21,44.41,,5693,0.51,104899.00,NO,NO,2026-05-08,725300.00
6636,HTD,22.67,22.31,75588.00,Financial Services,Asset Management,11.00,7.00,10.00,11.00,0.48,0.47,69085.00,119040.00,26.35,21.90,803239424,NO,22.89,24.36,24.92,24.23,25.01,,5693,0.45,75588.00,NO,NO,2010-05-06,1009000.00
6637,FWRD,15.64,16.32,414401.00,Industrials,Integrated Freight & Logistics,11.00,18.00,92.00,6.00,0.85,0.82,598975.00,522150.00,31.18,7.86,528332736,NO,15.38,16.61,18.42,16.90,15.48,,8280,0.00,414401.00,NO,NO,2026-05-08,9890200.00
6638,DMC,29.48,29.60,434781.00,Consumer Defensive,Farm Products,11.00,10.00,75.00,2.00,0.72,0.71,387992.00,395320.00,43.58,26.47,1389870464,NO,30.45,30.87,34.85,30.81,33.07,,7284,0.00,434781.00,NO,NO,2008-06-16,9928200.00
6639,TLTW,20.10,20.10,1480057.00,ETF,ETF,11.00,24.00,18.00,12.00,0.21,0.19,1432689.00,2616190.00,24.08,19.73,0,NO,20.52,20.96,22.08,20.89,21.73,,1037,0.00,1480057.00,NO,NO,2026-03-20,4934600.00
6640,GTY,27.86,27.90,447319.00,Real Estate,REIT - Retail,11.00,3.00,5.00,7.00,0.52,0.50,590123.00,724420.00,36.83,25.39,1725445120,NO,28.93,31.37,32.15,31.17,32.72,,13473,0.00,447319.00,NO,NO,2017-07-11,4578600.00
6641,HBANP,15.30,15.18,53570.00,Financial Services,Banks - Regional,11.00,13.00,24.00,12.00,0.56,0.55,71335.00,94290.00,18.55,14.92,0,NO,15.95,16.15,16.80,16.11,16.45,,1429,0.00,53570.00,NO,NO,2021-02-02,5066400.00
6642,FLDZ,27.02,27.03,6.00,ETF,ETF,11.00,17.00,13.00,14.00,0.28,0.04,1778.00,340.00,34.15,26.91,0,NO,28.20,30.08,29.99,29.94,30.03,,1196,0.00,1300.00,NO,NO,2022-01-10,101700.00
6643,IND,21.24,21.07,65.00,ETF,ETF,11.00,16.00,19.00,17.00,0.19,0.07,600.00,670.00,27.40,20.52,0,NO,21.89,22.61,22.90,22.56,22.44,,219,0.00,65.00,NO,NO,2026-02-02,41400.00
6644,DFP,18.90,18.71,67477.00,Financial Services,Asset Management,11.00,20.00,14.00,14.00,0.28,0.26,67223.00,99750.00,22.05,18.59,388170752,NO,19.14,20.00,20.67,19.95,20.37,,3365,0.00,67477.00,NO,NO,2013-07-01,835400.00
6645,LFDR,176.65,167.54,13.00,ETF,ETF,11.00,20.00,17.00,12.00,0.92,0.00,103.00,100.00,197.48,167.09,0,NO,171.93,175.50,183.80,174.46,180.85,,366,0.00,100.00,NO,NO,2026-08-03,300.00
6646,NATO,36.14,35.89,18562.00,ETF,ETF,11.00,17.00,14.00,11.00,0.45,0.40,20734.00,12820.00,44.39,35.00,0,NO,37.28,39.75,40.37,39.54,39.70,,500,0.18,18562.00,NO,NO,2026-03-02,144500.00
6647,OTEX,23.69,23.24,1075601.00,Technology,Software - Application,11.00,84.00,57.00,75.00,0.66,0.65,1468942.00,1149640.00,39.90,19.78,5749884928,NO,22.92,23.85,24.35,23.73,23.12,,7728,0.39,1075601.00,NO,NO,1996-01-24,37326400.00
6648,EXC,41.76,41.73,4191631.00,Utilities,Utilities - Regulated Electric,11.00,23.00,11.00,9.00,0.66,0.63,7821392.00,9960390.00,50.65,39.73,43023405056,NO,41.36,43.34,45.58,43.09,45.42,,13474,0.00,4191631.00,NO,NO,1988-05-18,181181862.00
6649,RHLD,118.17,116.19,89568.00,Industrials,Specialty Business Services,11.00,10.00,14.00,3.00,5.15,5.02,146050.00,112150.00,236.19,70.06,924041536,NO,120.25,127.33,148.37,127.05,131.95,,410,0.01,89568.00,NO,NO,2026-03-03,533000.00
6650,SRRK,42.19,42.20,1258329.00,Healthcare,Biotechnology,11.00,0.00,3.00,8.00,2.27,2.24,1527832.00,1818230.00,61.76,27.07,5138120704,NO,47.20,51.47,48.37,51.48,49.66,,2105,0.00,1258329.00,NO,NO,2020-10-27,53359100.00
6651,NI,40.76,40.53,3209296.00,Utilities,Utilities - Regulated Gas,11.00,42.00,9.00,8.00,0.67,0.66,5535667.00,5334340.00,49.21,38.42,19546867712,NO,40.02,41.16,44.82,40.93,44.98,,13523,0.07,3209296.00,NO,NO,2010-09-09,43850096.00
6652,LFBE,168.47,167.39,6.00,ETF,ETF,11.00,20.00,17.00,12.00,0.93,0.00,110.00,100.00,197.44,166.94,0,NO,171.79,175.38,183.71,174.33,180.75,,427,0.00,100.00,NO,NO,2026-01-08,1100.00
6653,CPT,97.58,96.76,604801.00,Real Estate,REIT - Residential,11.00,18.00,8.00,25.00,1.80,1.76,1021201.00,1174850.00,119.81,95.30,11293185024,NO,98.53,104.08,106.65,103.57,106.11,,8362,0.78,604801.00,NO,NO,2022-04-01,22117100.00
6654,ERTH,42.32,41.98,956.00,ETF,ETF,11.00,17.00,17.00,9.00,0.45,0.27,3901.00,3800.00,51.45,41.62,0,NO,43.07,45.07,47.43,45.03,47.12,,5021,0.00,956.00,NO,NO,2020-06-16,1063100.00
6655,GOODO,18.05,17.95,3036.00,Finance,Real estate investment trusts,11.00,9.00,13.00,15.00,0.39,0.38,7651.00,14810.00,22.20,17.51,0,NO,19.34,20.19,20.20,20.13,20.10,,1332,0.00,3036.00,NO,NO,2021-06-22,893600.00
6656,XLUI,22.19,22.10,34325.00,ETF,ETF,11.00,27.00,13.00,10.00,0.34,0.30,59271.00,69640.00,26.34,21.02,0,NO,22.00,22.85,24.13,22.76,23.97,,302,0.05,34325.00,NO,NO,2026-09-10,572500.00
6657,MRAX,23.89,24.22,418.00,ETF,ETF,11.00,69.00,,,2.20,1.52,6221.00,3670.00,41.00,18.09,0,NO,26.28,,,,,,43,0.00,418.00,NO,NO,2026-08-25,30500.00
6658,RJET,17.20,17.31,57741.00,Industrials,Airlines,11.00,59.00,23.00,10.00,0.76,0.70,88278.00,61380.00,26.70,15.37,805295424,NO,17.92,18.72,18.98,18.56,18.99,,2052,0.00,57741.00,NO,NO,2024-01-19,4168380.00
6659,EPHE,22.79,22.27,489610.00,ETF,ETF,11.00,15.00,15.00,12.00,0.35,0.20,160454.00,90740.00,28.40,22.27,0,NO,23.11,24.25,25.09,24.11,24.60,,4032,0.00,489610.00,NO,NO,2014-07-07,2530000.00
6660,ANIP,73.89,71.98,537541.00,Healthcare,Drug Manufacturers - Specialty & Generic,11.00,80.00,15.00,20.00,2.17,2.16,374473.00,352660.00,97.00,69.58,1697279232,NO,73.70,74.57,78.28,74.06,77.76,,6647,0.00,537541.00,NO,NO,2021-11-01,4244200.00
6661,ODDS,24.00,23.59,175.00,ETF,ETF,11.00,20.00,25.00,46.00,0.27,0.06,412.00,290.00,32.56,22.61,0,NO,24.26,25.02,25.09,25.09,24.57,,1129,0.00,175.00,NO,NO,2025-07-02,51400.00
6662,LGIH,43.82,44.98,236503.00,Consumer Cyclical,Residential Construction,11.00,6.00,3.00,67.00,2.13,1.97,307004.00,328790.00,66.25,33.55,1018739264,NO,48.18,53.24,50.47,53.05,50.68,,3249,0.00,236503.00,NO,NO,2017-02-06,3565100.00
6663,UGLD,20.08,19.50,153290.00,ETF,ETF,11.00,11.00,77.00,,0.58,0.36,54067.00,70160.00,25.75,18.79,0,NO,20.63,21.85,,22.11,,,93,0.00,153290.00,NO,NO,2026-10-07,342600.00
6664,AXP,308.17,308.10,2577801.00,Financial Services,Credit Services,11.00,22.00,10.00,34.00,5.51,5.50,2922607.00,3455540.00,387.49,290.97,208110239744,NO,308.62,324.69,330.43,323.48,323.14,,13703,0.00,2577801.00,NO,NO,2009-04-24,90336900.00
6665,UBER,71.51,70.24,16530388.00,Technology,Software - Application,11.00,44.00,31.00,45.00,1.58,1.54,18027056.00,14996530.00,100.35,65.41,146063474688,NO,69.81,73.08,74.48,73.58,72.86,,1865,0.00,16530388.00,YES,NO,2023-12-15,364261200.00
6666,KGLD,25.66,25.14,110303.00,ETF,ETF,11.00,17.00,49.00,5.00,0.51,0.34,142207.00,145490.00,43.44,24.89,0,NO,26.27,27.31,30.37,27.44,28.76,,317,1.95,110303.00,NO,NO,2026-08-28,317500.00
6667,FCA,25.75,25.48,536.00,ETF,ETF,11.00,15.00,44.00,5.00,0.43,0.26,7157.00,4640.00,34.60,25.13,0,NO,26.24,27.00,30.02,26.94,29.12,,3890,0.08,536.00,NO,NO,2020-03-27,2381400.00
6668,PSK,28.09,28.13,214296.00,ETF,ETF,11.00,26.00,17.00,12.00,0.24,0.23,139193.00,210810.00,33.17,27.92,0,NO,28.65,29.28,30.84,29.19,30.32,,4292,0.00,214296.00,NO,NO,2023-04-26,2371700.00
6669,CNRG,84.93,84.29,11197.00,ETF,ETF,11.00,22.00,9.00,12.00,1.84,1.28,8093.00,10780.00,125.76,82.18,0,NO,85.56,89.08,97.66,88.94,98.12,,2001,0.00,11197.00,NO,NO,2021-04-07,307700.00
6670,PWP,15.67,15.20,1256237.00,Financial Services,Capital Markets,11.00,79.00,77.00,4.00,0.86,0.84,1496912.00,3042940.00,25.93,12.52,1525150848,NO,14.55,15.87,17.80,15.90,17.04,,1475,1.32,1256237.00,NO,NO,2026-09-29,12441200.00
6671,ELC,18.37,18.52,18621.00,Utilities,Electric utilities,11.00,17.00,16.00,12.00,0.35,0.35,21053.00,20260.00,21.79,18.36,0,NO,18.92,19.41,20.18,19.31,19.92,,1193,0.00,18621.00,NO,NO,2024-01-02,334100.00
6672,ZTO,20.15,19.90,1283686.00,Industrials,Integrated Freight & Logistics,11.00,26.00,7.00,6.00,0.29,0.25,2258710.00,2517900.00,26.20,18.11,15072832512,NO,19.90,21.26,22.98,21.10,22.90,,2501,0.65,1283686.00,NO,NO,2016-10-27,55321100.00
6673,PEG,72.28,71.84,2639431.00,Utilities,Utilities - Regulated Electric,11.00,57.00,12.00,10.00,1.30,1.25,3296720.00,5018810.00,87.63,66.15,36025798656,NO,69.29,72.39,78.65,72.07,77.33,,11789,0.07,2639431.00,NO,NO,1988-02-29,80302600.00
6674,CBRE,130.80,131.08,1758730.00,Real Estate,Real Estate Services,11.00,17.00,24.00,16.00,4.10,3.95,1766154.00,2208850.00,174.27,121.69,37876449280,NO,134.47,142.43,144.37,142.68,139.47,,5619,0.00,1758730.00,NO,NO,2004-06-10,35097600.00
6675,SMRF,22.44,22.35,2580.00,ETF,ETF,11.00,7.00,19.00,12.00,0.50,0.36,8267.00,6960.00,30.71,21.59,0,NO,23.17,24.38,,24.32,25.23,,162,0.09,2580.00,NO,NO,2026-02-19,121500.00
6676,ARMY,22.60,22.52,3272.00,ETF,ETF,11.00,26.00,33.00,9.00,0.39,0.35,3821.00,8620.00,28.96,21.14,0,NO,23.37,24.90,25.57,24.75,24.91,,262,0.20,3272.00,NO,NO,2026-04-30,40400.00
6677,AVLN,25.76,25.72,241837.00,Healthcare,Biotechnology,11.00,0.00,18.00,,1.91,1.89,245042.00,392300.00,40.17,24.14,1142020608,NO,29.41,33.08,,33.07,,,113,0.00,241837.00,NO,NO,2026-04-30,6512000.00
6678,BIPC,37.36,37.13,736869.00,Utilities,Utilities - Regulated Gas,11.00,72.00,25.00,11.00,0.88,0.83,1100935.00,1102960.00,51.72,34.18,4595863040,NO,36.07,37.85,41.58,37.78,39.49,,1641,0.03,736869.00,NO,NO,2020-06-26,6185550.00
6679,NEE,77.38,77.37,6613469.00,Utilities,Utilities - Regulated Electric,11.00,14.00,10.00,6.00,1.36,1.32,11303181.00,14312210.00,98.75,74.41,161412988928,NO,77.93,81.90,87.33,81.28,87.20,,13523,0.00,6613469.00,NO,NO,1993-11-18,149870400.00
6680,AMX,21.32,22.14,3699473.00,Communication Services,Telecom Services,11.00,13.00,6.00,5.00,0.55,0.53,2658815.00,2867760.00,28.46,19.71,63675056128,NO,22.13,22.99,24.20,22.71,24.92,,6453,0.00,3699473.00,NO,NO,2008-04-25,114249200.00
6681,KEQU,33.79,33.82,1663.00,Consumer Cyclical,"Furnishings, Fixtures & Appliances",11.00,35.00,14.00,29.00,0.52,0.40,4218.00,3730.00,46.57,32.00,97833776,NO,34.34,35.71,37.18,35.60,36.35,,11737,0.00,1663.00,NO,NO,2006-11-29,338600.00
6682,BEAM,25.70,24.60,1798758.00,Healthcare,Biotechnology,11.00,86.00,6.00,18.00,1.37,1.37,1914498.00,1815920.00,38.26,20.23,2654492928,NO,24.63,26.52,28.44,26.64,28.31,,1678,0.49,1798758.00,NO,NO,2025-03-10,8844200.00
6683,RNP,18.56,18.15,149971.00,Financial Services,Asset Management,11.00,16.00,13.00,12.00,0.29,0.28,113185.00,160140.00,21.88,18.01,890881472,NO,18.89,19.73,20.39,19.69,20.27,,5861,0.00,149971.00,NO,NO,2010-05-06,1427600.00
6684,PBLS,27.48,28.09,1086558.00,Healthcare,Biotechnology,11.00,0.00,18.00,,2.77,2.73,690906.00,863490.00,42.49,24.51,3394693376,NO,33.19,35.98,,35.85,,,85,0.00,1086558.00,NO,NO,2026-09-18,9086000.00
6685,DAKT,18.01,17.89,434640.00,Technology,Electronic Components,11.00,18.00,12.00,13.00,0.44,0.41,544960.00,393450.00,28.27,16.77,866148608,NO,17.62,18.99,20.50,18.80,19.49,,8220,0.45,434640.00,NO,NO,2006-08-16,13833500.00
6686,SHLD,59.87,59.19,680158.00,ETF,ETF,11.00,27.00,47.00,7.00,0.84,0.77,1155693.00,1088780.00,78.49,57.89,0,NO,61.20,64.32,67.90,64.21,65.33,,771,0.17,680158.00,NO,NO,2025-09-16,8561000.00
6687,OZK,44.41,44.86,1504875.00,Financial Services,Banks - Regional,11.00,8.00,10.00,16.00,1.06,1.04,1231379.00,1890350.00,53.39,42.37,4842360320,NO,46.61,48.85,48.42,48.81,48.82,,7354,0.00,1504875.00,NO,NO,2018-10-19,20330800.00
6688,MRCY,79.49,78.52,294169.00,Industrials,Aerospace & Defense,11.00,47.00,5.00,40.00,2.90,2.75,695803.00,550100.00,128.45,65.04,4838046208,NO,83.13,91.00,92.11,89.45,93.86,,7218,0.62,294169.00,NO,NO,2023-08-18,13314400.00
6689,AWAY,16.95,16.77,8860.00,ETF,ETF,11.00,21.00,19.00,48.00,0.21,0.16,37387.00,4770.00,22.00,15.50,0,NO,17.07,18.61,18.09,18.51,17.78,,1673,0.95,8860.00,NO,NO,2021-07-06,1589600.00
6690,CHKP,137.18,134.74,879632.00,Technology,Software - Infrastructure,10.00,85.00,65.00,45.00,4.40,4.30,1138270.00,847020.00,210.66,112.23,14006163456,NO,133.62,132.07,144.16,132.86,132.41,,7619,0.56,879632.00,NO,NO,2002-04-04,57361000.00
6691,XLBX,22.04,22.53,6.00,ETF,ETF,10.00,6.00,19.00,,0.50,0.28,612.00,1000.00,26.51,20.98,0,NO,22.67,24.25,,24.11,,,88,0.00,100.00,NO,NO,2026-06-03,9700.00
6692,KMEM,18.95,19.07,30141.00,ETF,ETF,10.00,25.00,53.00,,0.69,0.57,134526.00,46310.00,27.25,14.55,0,NO,19.92,18.97,,19.24,,,71,0.00,30141.00,NO,NO,2026-07-01,859000.00
6693,AXTQ,28.56,26.10,290586.00,ETF,ETF,10.00,0.00,,,3.93,3.62,322043.00,610530.00,67.92,17.90,0,NO,28.09,,,,,,38,0.00,290586.00,NO,NO,2026-09-29,1168700.00
6694,IFGL,20.47,20.32,7784.00,ETF,ETF,10.00,14.00,15.00,10.00,0.21,0.18,12842.00,13950.00,25.59,20.19,0,NO,20.91,21.95,23.02,21.87,22.56,,4752,0.37,7784.00,NO,NO,2013-06-12,34235700.00
6695,UST,38.04,38.19,16315.00,ETF,ETF,10.00,19.00,17.00,11.00,0.45,0.35,7635.00,8550.00,45.43,37.51,0,NO,38.59,40.07,42.25,39.91,41.51,,4198,0.00,16315.00,NO,NO,2014-02-03,73322000.00
6696,CARR,55.56,55.83,3575531.00,Industrials,Building Products & Equipment,10.00,38.00,5.00,10.00,1.29,1.20,6437267.00,5611800.00,76.76,50.24,45799501824,NO,55.31,58.60,61.69,58.40,62.84,,1649,0.00,3575531.00,NO,NO,2020-04-03,66934300.00
6697,SOCL,44.49,43.51,3098.00,ETF,ETF,10.00,73.00,32.00,43.00,0.60,0.45,9101.00,4550.00,60.05,41.35,0,NO,43.92,44.79,47.42,44.82,45.13,,3746,0.97,3098.00,NO,NO,2015-03-17,2558500.00
6698,MEXX,23.58,23.20,1743.00,ETF,ETF,10.00,3.00,10.00,2.00,1.15,0.98,12439.00,13270.00,39.27,19.66,0,NO,24.51,27.22,29.84,27.08,29.00,,2373,0.65,1743.00,NO,NO,2025-02-03,793100.00
6699,KARS,27.86,27.60,10908.00,ETF,ETF,10.00,18.00,20.00,7.00,0.51,0.34,14667.00,6920.00,38.12,27.25,0,NO,28.23,29.58,32.01,29.58,31.92,,2189,0.80,10908.00,NO,NO,2025-07-18,492900.00
6700,STLU,16.98,16.90,10294.00,ETF,ETF,10.00,87.00,17.00,33.00,2.23,1.93,62804.00,107480.00,43.84,12.67,0,NO,20.46,17.69,,17.65,,,133,0.00,10294.00,NO,NO,2026-09-16,640500.00
6701,AMAU,15.01,15.17,106108.00,ETF,ETF,10.00,96.00,1.00,,0.97,0.83,284485.00,255490.00,37.41,10.11,0,NO,13.91,14.59,,14.44,,,104,0.00,106108.00,NO,NO,2026-08-13,1579000.00
6702,PPTA,20.64,20.11,775153.00,Basic Materials,Other Precious Metals & Mining,10.00,4.00,86.00,2.00,1.04,0.89,1096818.00,1024860.00,37.37,16.43,2581977344,NO,22.05,23.40,26.21,23.72,24.51,,1418,0.00,775153.00,NO,NO,2025-06-12,11327900.00
6703,CCFE,24.08,24.13,730.00,ETF,ETF,10.00,24.00,14.00,12.00,0.24,0.02,2601.00,370.00,31.91,23.55,0,NO,24.17,25.77,27.21,25.71,26.70,,334,0.00,730.00,NO,NO,2026-09-21,127900.00
6704,DPST,107.20,109.93,156182.00,ETF,ETF,10.00,1.00,3.00,19.00,5.88,5.45,231876.00,298150.00,158.88,72.66,0,NO,117.31,131.76,121.59,131.19,124.62,,2801,0.00,156182.00,NO,NO,2023-05-04,6262040.00
6705,HOVNP,18.19,18.06,3612.00,Consumer durables,Homebuilding,10.00,15.00,11.00,14.00,0.36,0.33,5567.00,6100.00,21.90,17.76,0,NO,18.59,19.23,20.35,19.19,20.11,,5247,0.00,3612.00,NO,NO,2007-12-19,691600.00
6706,BURL,276.97,276.84,1443636.00,Consumer Cyclical,Apparel Retail,10.00,95.00,7.00,7.00,8.55,8.54,1249046.00,1430050.00,378.33,226.85,17397925888,NO,258.56,292.81,310.98,286.46,313.72,,3275,0.00,1443636.00,NO,NO,2013-10-02,15051500.00
6707,ISBA,37.29,38.46,17777.00,Financial Services,Banks - Regional,10.00,21.00,24.00,4.00,1.08,1.07,58468.00,30280.00,58.83,33.24,284480672,NO,38.14,39.19,43.56,39.25,41.13,,5207,0.00,17777.00,NO,NO,2026-06-26,962500.00
6708,BANC,17.30,17.35,1383300.00,Financial Services,Banks - Regional,10.00,15.00,7.00,18.00,0.41,0.38,2893826.00,2466200.00,21.93,15.33,2740801792,NO,17.81,18.49,19.11,18.45,18.95,,6071,0.00,1383300.00,NO,NO,2016-10-18,17249200.00
6709,BKE,44.16,43.31,330713.00,Consumer Cyclical,Apparel Retail,10.00,92.00,72.00,6.00,0.99,0.96,459946.00,442920.00,58.52,39.44,2274788864,NO,42.06,43.08,48.03,43.08,46.27,,8666,0.00,330713.00,NO,NO,2009-08-06,7450123.00
6710,OC,114.16,117.20,1001613.00,Industrials,Building Products & Equipment,10.00,6.00,5.00,40.00,4.61,4.11,993715.00,1184110.00,159.91,97.53,9024197632,NO,121.21,135.32,126.21,135.39,128.41,,5015,0.00,1001613.00,NO,NO,2019-09-20,15337800.00
6711,KNSL,336.98,339.65,343960.00,Financial Services,Insurance - Property & Casualty,10.00,11.00,39.00,29.00,9.76,9.33,243354.00,243500.00,478.71,287.20,7675873792,NO,342.10,361.23,353.77,360.43,340.05,,2565,0.00,343960.00,NO,NO,2016-07-28,4916500.00
6712,JEDI,23.50,23.80,95336.00,ETF,ETF,10.00,11.00,27.00,8.00,0.89,0.81,188587.00,110460.00,42.99,21.91,0,NO,25.38,26.68,27.86,26.79,28.14,,261,0.00,95336.00,NO,NO,2026-05-28,1082800.00
6713,GCPU,32.09,31.69,3720.00,ETF,ETF,10.00,11.00,13.00,61.00,1.25,0.82,6053.00,5700.00,56.46,23.24,0,NO,35.40,34.75,35.70,34.87,36.80,,426,0.70,3720.00,NO,NO,2025-01-31,115600.00
6714,CRAM,22.24,21.83,27251.00,ETF,ETF,10.00,,,,0.57,0.15,10804.00,18890.00,26.72,21.83,0,NO,24.31,,,,,,22,1.83,27251.00,NO,NO,2026-10-05,46300.00
6715,XHB,94.77,95.68,1268920.00,ETF,ETF,10.00,34.00,11.00,14.00,2.18,1.92,1915446.00,1980820.00,123.13,93.57,0,NO,96.88,102.02,105.91,101.88,103.84,,5202,0.00,1268920.00,NO,NO,2009-04-15,36006600.00
6716,MWH,26.21,25.69,1192917.00,Utilities,Utilities - Renewable,10.00,89.00,29.00,7.00,1.23,1.14,1758540.00,1389050.00,48.40,23.36,5304555520,NO,25.47,26.96,,27.01,31.33,,166,1.91,1192917.00,NO,NO,2026-05-29,9878000.00
6717,OGS,72.50,72.36,662903.00,Utilities,Utilities - Regulated Gas,10.00,11.00,13.00,6.00,1.19,1.14,541225.00,700950.00,90.78,70.37,4557079552,NO,73.43,77.22,80.99,76.88,80.57,,3202,0.00,662903.00,NO,NO,2014-01-31,9630700.00
6718,VRSK,177.63,175.49,1414405.00,Industrials,Consulting Services,10.00,67.00,16.00,62.00,4.38,4.33,1391225.00,1197620.00,248.22,155.94,23273410560,NO,171.92,180.45,188.81,180.09,181.47,,4278,0.50,1414405.00,NO,NO,2009-10-07,63739500.00
6719,BFS,30.00,29.72,268046.00,Real Estate,REIT - Retail,10.00,17.00,6.00,11.00,0.62,0.61,113223.00,135710.00,38.42,29.16,1041870144,NO,30.11,32.16,33.71,32.00,34.01,,8342,0.74,268046.00,NO,NO,1993-08-19,3397000.00
6720,EMA,45.66,45.85,735726.00,Utilities,Utilities - Regulated Electric,10.00,10.00,8.00,9.00,0.77,0.75,531064.00,859770.00,55.49,45.27,14024469504,NO,47.86,49.68,51.26,49.25,51.65,,4217,0.00,735726.00,NO,NO,2026-10-07,2678300.00
6721,AZN,159.20,158.78,2058882.00,Healthcare,Drug Manufacturers - General,10.00,57.00,22.00,4.00,2.98,2.90,3369364.00,2605790.00,212.71,153.41,246904193024,NO,162.57,162.08,181.53,161.82,177.22,,8411,0.00,2058882.00,NO,NO,2021-07-20,32770100.00
6722,BOH,66.81,67.71,267480.00,Financial Services,Banks - Regional,10.00,4.00,5.00,8.00,1.61,1.53,417225.00,563730.00,86.31,59.36,2635680768,NO,70.79,75.07,76.50,74.97,77.54,,11737,0.00,267480.00,NO,NO,2023-06-01,8430600.00
6723,LTTI,16.51,16.49,6104.00,ETF,ETF,10.00,23.00,17.00,11.00,0.15,0.12,4429.00,7180.00,20.93,16.02,0,NO,16.82,17.22,18.31,17.17,17.94,,409,0.00,6104.00,NO,NO,2026-03-11,331100.00
6724,GOODN,19.95,20.02,7628.00,Real Estate,REIT - Diversified,10.00,5.00,11.00,12.00,0.50,0.47,3264.00,6120.00,23.91,19.65,0,NO,21.38,22.54,22.61,22.41,22.47,,1769,0.00,7628.00,NO,NO,2019-09-26,938200.00
6725,LTPZ,45.15,45.09,520062.00,ETF,ETF,10.00,18.00,17.00,10.00,0.53,0.48,474840.00,939870.00,54.87,44.30,0,NO,45.95,47.14,50.25,46.99,49.39,,4299,0.00,520062.00,NO,NO,2012-10-03,3698900.00
6726,PEP,125.97,128.34,9853204.00,Consumer Defensive,Beverages - Non-Alcoholic,10.00,10.00,14.00,5.00,2.56,2.42,8314310.00,10323860.00,171.48,123.47,171664506880,NO,129.11,135.52,146.68,134.86,143.31,,13703,0.00,9853204.00,YES,NO,1982-12-14,46162800.00
6727,CWEN,30.19,29.95,821865.00,Utilities,Utilities - Renewable,10.00,20.00,14.00,3.00,0.72,0.66,1185803.00,1207940.00,41.74,28.57,7445940736,NO,29.98,31.51,35.76,31.42,35.37,,2868,0.43,821865.00,NO,NO,2023-11-29,19954500.00
6728,HBANM,19.26,19.20,26239.00,Financial Services,Banks - Regional,10.00,16.00,19.00,11.00,0.35,0.35,19564.00,35760.00,23.44,19.15,0,NO,19.81,20.32,21.53,20.25,21.02,,1340,0.00,26239.00,NO,NO,2023-06-30,228600.00
6729,WDEF,26.93,26.75,11168.00,ETF,ETF,10.00,13.00,44.00,8.00,0.45,0.34,30526.00,22750.00,34.74,26.25,0,NO,28.31,30.04,30.69,29.90,29.71,,311,0.02,11168.00,NO,NO,2026-09-03,342300.00
6730,KGC,23.74,23.34,5802247.00,Basic Materials,Gold,10.00,1.00,60.00,2.00,0.99,0.75,7952557.00,7923020.00,39.11,22.01,28161355776,NO,25.62,27.61,29.36,27.99,27.91,,11485,0.00,5802247.00,NO,NO,2018-12-21,137772000.00
6731,SDOW,25.04,25.69,3178197.00,ETF,ETF,10.00,71.00,75.00,5.00,0.71,0.66,3805398.00,4298620.00,38.37,21.13,0,NO,25.24,23.82,27.74,23.75,26.69,,4191,0.00,3178197.00,NO,NO,2025-04-07,19075600.00
6732,MKL,1760.74,1767.82,56997.00,Financial Services,Insurance - Property & Casualty,10.00,47.00,13.00,14.00,27.41,27.25,67723.00,85610.00,2207.59,1704.17,21815494656,NO,1753.02,1796.49,1918.62,1794.95,1857.97,,10032,0.00,56997.00,NO,NO,2001-11-16,703100.00
6733,XTWY,33.07,33.02,238396.00,ETF,ETF,10.00,20.00,15.00,11.00,0.42,0.35,46321.00,57120.00,40.52,32.23,0,NO,33.82,34.69,36.82,34.59,36.19,,1002,0.00,238396.00,NO,NO,2025-12-16,3282000.00
6734,BKCH,64.62,64.09,80762.00,ETF,ETF,10.00,8.00,34.00,43.00,2.85,2.58,56650.00,52760.00,123.69,50.99,0,NO,71.76,69.69,71.73,70.19,72.49,,1317,0.00,80762.00,NO,NO,2026-02-02,1019500.00
6735,EOT,15.23,15.13,91731.00,Financial Services,Asset Management,10.00,13.00,10.00,12.00,0.28,0.28,40203.00,78060.00,18.00,15.08,237967536,NO,15.54,16.55,17.07,16.48,16.94,,4371,0.07,91731.00,NO,NO,2022-06-21,333700.00
6736,CRWV,82.08,81.58,19896654.00,Technology,Software - Infrastructure,10.00,10.00,44.00,5.00,4.58,4.25,28085932.00,24807240.00,153.20,60.55,45270122496,NO,85.64,88.43,92.59,88.70,93.77,,386,0.00,19896654.00,YES,NO,2026-08-12,87308400.00
6737,CWST,83.78,84.05,556005.00,Industrials,Waste Management,10.00,12.00,8.00,27.00,2.75,2.73,572348.00,656920.00,107.96,74.05,5331763200,NO,84.64,88.95,90.85,88.71,87.60,,7281,0.00,556005.00,NO,NO,2025-12-19,11025800.00
6738,TZA,47.10,47.75,2962237.00,ETF,ETF,10.00,91.00,89.00,5.00,1.84,1.61,5048514.00,4474610.00,95.40,36.33,0,NO,45.58,41.77,51.64,41.82,46.81,,4499,0.00,2962237.00,NO,NO,2026-05-19,47314710.00
6739,TAJX,21.44,22.59,6.00,ETF,ETF,10.00,4.00,9.00,,0.29,0.00,101.00,110.00,27.01,21.44,0,NO,23.43,25.03,,24.75,,,88,0.00,100.00,NO,NO,2026-06-03,10000.00
6740,BKTI,73.52,73.35,46667.00,Technology,Communication Equipment,10.00,78.00,11.00,4.00,1.82,1.73,41690.00,44010.00,104.55,60.00,277125472,NO,74.14,75.15,81.24,74.59,81.37,,11736,0.00,46667.00,NO,NO,2000-01-20,1455100.00
6741,OMCL,35.82,34.83,303069.00,Healthcare,Health Information Services,10.00,93.00,3.00,52.00,1.04,0.99,672742.00,514380.00,55.00,29.06,1629054464,NO,33.70,34.68,39.88,34.52,38.13,,6329,1.21,303069.00,NO,NO,2004-04-06,10561000.00
6742,INDY,40.53,40.10,51740.00,ETF,ETF,10.00,23.00,22.00,15.00,0.37,0.21,93939.00,76470.00,54.39,39.90,0,NO,41.45,42.75,44.22,42.68,42.96,,4246,0.90,51740.00,NO,NO,2018-04-05,10789300.00
6743,ARE,45.51,45.60,1195499.00,Real Estate,REIT - Office,10.00,9.00,24.00,59.00,1.55,1.52,1931659.00,2080740.00,78.54,39.41,7832055808,NO,49.73,50.27,50.24,50.28,49.09,,7389,0.00,1195499.00,NO,NO,2017-03-17,16444300.00
6744,TXXS,37.70,36.80,3565.00,ETF,ETF,10.00,98.00,97.00,4.00,5.46,4.20,9640.00,14020.00,307.00,17.75,0,NO,37.30,27.80,59.66,28.31,34.13,,213,1.95,3565.00,NO,NO,2026-07-27,36100.00
6745,GXO,46.56,46.36,586393.00,Industrials,Integrated Freight & Logistics,10.00,75.00,25.00,7.00,1.28,1.23,1407431.00,1205420.00,66.85,43.61,5339714048,NO,45.79,46.79,52.29,46.85,50.09,,1311,0.28,586393.00,NO,NO,2024-10-10,7241500.00
6746,NTST,17.45,17.43,991631.00,Real Estate,REIT - Retail,10.00,5.00,5.00,9.00,0.36,0.35,1619237.00,2014510.00,22.47,17.00,1778681600,NO,18.04,19.53,19.85,19.33,20.12,,1547,0.00,991631.00,NO,NO,2026-06-26,21931900.00
6747,UBOT,21.91,21.22,7548.00,ETF,ETF,10.00,78.00,24.00,17.00,0.57,0.36,14595.00,9100.00,32.08,19.12,0,NO,21.90,22.75,25.16,22.86,24.36,,2131,2.50,7548.00,NO,NO,2020-03-25,340900.00
6748,VSEC,173.63,169.97,375835.00,Industrials,Aerospace & Defense,10.00,6.00,7.00,5.00,8.01,7.76,399065.00,443650.00,247.85,154.67,4872921088,NO,174.51,199.68,198.55,198.88,196.16,,11079,0.86,375835.00,NO,NO,2026-03-20,5698600.00
6749,TDS,33.53,34.13,2777539.00,Communication Services,Telecom Services,10.00,6.00,56.00,3.00,1.09,1.08,1331951.00,1840550.00,49.12,31.51,3859839232,NO,35.66,35.20,40.11,35.14,38.56,,11295,0.00,2777539.00,NO,NO,2023-01-31,19482900.00
6750,VFC,15.00,14.53,8599889.00,Consumer Cyclical,Apparel Manufacturing,10.00,96.00,12.00,7.00,0.53,0.51,7696076.00,10013970.00,22.27,12.46,5897018368,NO,13.83,13.98,17.09,14.08,16.27,,11737,0.00,8599889.00,NO,NO,2024-04-02,81235300.00
6751,TNL,62.62,62.61,571676.00,Consumer Cyclical,Travel Services,10.00,21.00,8.00,7.00,1.66,1.63,738700.00,679930.00,81.00,58.07,3837484032,NO,63.33,68.46,70.91,68.05,70.34,,5089,0.00,571676.00,NO,NO,2018-05-30,54592884.00
6752,TLTP,18.89,18.87,54805.00,ETF,ETF,10.00,24.00,17.00,11.00,0.22,0.19,29585.00,27710.00,23.36,18.56,0,NO,19.24,19.68,21.02,19.64,20.56,,488,0.00,54805.00,NO,NO,2026-05-15,408700.00
6753,STCE,60.15,59.92,72830.00,ETF,ETF,10.00,7.00,21.00,50.00,2.48,2.29,119065.00,272000.00,109.64,48.35,0,NO,67.28,65.62,65.59,66.01,66.56,,1050,0.00,72830.00,NO,NO,2026-09-25,761000.00
6754,ENPH,32.81,32.91,3583545.00,Technology,Solar,10.00,5.00,3.00,55.00,1.49,1.38,4403639.00,4716870.00,73.74,25.78,4324299776,NO,33.78,36.62,41.25,36.42,41.68,,3653,0.00,3583545.00,NO,NO,2020-06-17,55172900.00
6755,SRTY,26.55,26.92,652153.00,ETF,ETF,10.00,91.00,89.00,5.00,1.00,0.91,1538046.00,1716600.00,54.57,20.48,0,NO,25.71,23.55,29.15,23.57,26.41,,4191,0.00,652153.00,NO,NO,2026-06-12,11465600.00
6756,AGIO,31.81,31.92,722276.00,Healthcare,Biotechnology,10.00,16.00,4.00,28.00,1.24,1.23,1076343.00,1242140.00,46.00,22.24,1899116800,NO,32.85,33.07,31.18,32.82,32.34,,3324,0.00,722276.00,NO,NO,2025-11-19,17657900.00
6757,SEB,3976.00,4063.59,7030.00,Industrials,Conglomerates,10.00,11.00,7.00,2.00,128.66,127.83,12528.00,8800.00,5989.37,3140.01,3808193024,NO,4092.23,4188.67,4809.98,4163.93,4763.68,,13522,0.00,7030.00,NO,NO,1993-05-25,400000.00
6758,HBAN,15.32,15.37,20028174.00,Financial Services,Banks - Regional,10.00,8.00,8.00,18.00,0.32,0.30,26287378.00,27794620.00,19.46,14.82,30952755200,NO,15.60,16.56,16.86,16.55,16.62,,11737,0.00,20028174.00,YES,NO,2026-01-30,211994500.00
6759,ORCL,141.40,135.69,25467677.00,Technology,Software - Infrastructure,10.00,10.00,82.00,48.00,6.11,5.29,31740698.00,28470680.00,322.54,114.50,428654231552,NO,142.07,145.75,161.74,147.23,158.53,,10224,0.74,25467677.00,YES,NO,1997-12-09,1030963200.00
6760,ELMD,27.69,27.80,51013.00,Healthcare,Medical Devices,10.00,81.00,0.00,77.00,0.84,0.81,104856.00,90400.00,47.40,23.01,229469392,NO,27.56,32.67,31.37,31.79,33.23,,4064,0.00,51013.00,NO,NO,2016-02-10,6309600.00
6761,DTE,126.90,127.10,1176428.00,Utilities,Utilities - Regulated Electric,10.00,16.00,7.00,8.00,2.11,2.02,1512060.00,1972430.00,155.75,119.68,26406375424,NO,125.77,133.01,140.90,132.18,141.86,,16302,0.00,1176428.00,NO,NO,1987-12-09,44175065.00
6762,OND,33.27,32.82,386.00,ETF,ETF,10.00,54.00,31.00,36.00,0.20,0.03,285.00,230.00,47.27,32.32,0,NO,33.16,34.29,35.58,34.35,34.36,,1241,0.00,386.00,NO,NO,2025-07-31,43800.00
6763,GBLI,24.46,23.24,4962.00,Financial Services,Insurance - Property & Casualty,10.00,2.00,14.00,10.00,1.11,1.00,6054.00,7680.00,30.50,23.22,358109408,NO,25.57,27.20,27.50,27.15,27.07,,5740,0.00,4962.00,NO,NO,2003-12-16,2079000.00
6764,BMA,64.96,65.90,158487.00,Financial Services,Banks - Regional,10.00,2.00,2.00,6.00,2.91,2.61,293995.00,403590.00,106.15,49.75,4153479424,NO,70.28,76.26,82.80,74.00,80.12,,5168,0.00,158487.00,NO,NO,2019-05-28,7173700.00
6765,HOMZ,40.26,40.44,1176.00,ETF,ETF,10.00,15.00,10.00,15.00,0.51,0.32,2623.00,1990.00,50.01,39.92,0,NO,41.48,43.99,45.15,43.82,44.34,,1901,0.00,1176.00,NO,NO,2021-09-20,138500.00
6766,CHDN,79.96,76.16,1845656.00,Consumer Cyclical,Gambling,9.00,25.00,27.00,14.00,3.21,3.00,1066410.00,1324870.00,118.35,73.09,5573231104,NO,78.82,84.23,90.26,85.09,87.25,,8442,3.01,1845656.00,NO,NO,2016-06-23,12910200.00
6767,DIPR,22.06,22.76,137.00,ETF,ETF,9.00,64.00,23.00,,0.44,0.11,812.00,400.00,34.32,20.31,0,NO,22.72,23.04,,23.13,,,108,0.00,300.00,NO,NO,2026-05-06,67600.00
6768,GASZ,21.96,21.86,187.00,ETF,ETF,9.00,46.00,14.00,,0.25,0.18,1312.00,770.00,29.05,21.48,0,NO,21.92,22.64,,22.64,,,109,0.00,187.00,NO,NO,2026-05-06,108400.00
6769,IIF,20.99,20.87,19509.00,Financial Services,Asset Management,9.00,14.00,15.00,20.00,0.28,0.26,27948.00,18320.00,27.99,19.83,197026016,NO,21.70,22.54,22.68,22.47,22.17,,8214,0.43,19509.00,NO,NO,1994-02-18,1581700.00
6770,MBGL,18.22,18.08,2215332.00,Technology,Software - Infrastructure,9.00,6.00,13.00,,0.63,0.63,4362092.00,4732390.00,26.00,16.95,5830400000,NO,18.50,19.52,,19.37,,,74,0.00,2215332.00,NO,NO,2026-07-01,97846400.00
6771,IDRV,33.34,33.00,38958.00,ETF,ETF,9.00,13.00,16.00,6.00,0.48,0.32,141570.00,56500.00,45.64,32.41,0,NO,33.86,35.58,38.71,35.65,38.52,,1880,0.00,38958.00,NO,NO,2026-09-15,5176300.00
6772,AAUC,20.56,19.63,363421.00,Basic Materials,Gold,9.00,8.00,16.00,1.00,0.84,0.71,679328.00,436170.00,32.20,14.60,2864992512,NO,21.17,21.89,26.44,22.38,25.32,,540,1.63,363421.00,NO,NO,2026-01-26,4548400.00
6773,XZO,15.98,15.89,222832.00,Financial Services,Insurance - Diversified,9.00,69.00,17.00,60.00,0.81,0.81,264053.00,468440.00,24.60,12.36,1439572992,NO,15.62,15.98,16.43,15.91,15.32,,233,0.00,222832.00,NO,NO,2025-11-05,3496500.00
6774,DRGN,31.35,30.42,3553.00,ETF,ETF,9.00,18.00,8.00,26.00,0.53,0.29,9223.00,8270.00,40.93,30.06,0,NO,32.58,34.09,34.90,33.96,34.85,,313,2.95,3553.00,NO,NO,2026-02-11,126800.00
6775,HUBS,228.30,231.84,1460664.00,Technology,Software - Application,9.00,73.00,77.00,82.00,12.45,11.41,1766873.00,1415420.00,497.96,169.63,11686839296,NO,221.17,230.05,242.27,228.09,217.99,,3018,0.00,1460664.00,NO,NO,2026-09-18,8986600.00
6776,BCKT,39.24,38.38,32.00,ETF,ETF,9.00,45.00,22.00,11.00,0.10,0.00,137.00,100.00,48.11,38.34,0,NO,39.03,39.76,42.68,39.50,41.44,,261,0.00,100.00,NO,NO,2025-12-24,33800.00
6777,FDNI,26.64,25.89,4730.00,ETF,ETF,9.00,76.00,49.00,31.00,0.50,0.33,11815.00,20010.00,39.27,23.99,0,NO,26.12,27.33,28.64,27.29,27.18,,1988,0.00,4730.00,NO,NO,2025-04-07,3002200.00
6778,PRG,30.48,30.90,495174.00,Industrials,Rental & Leasing Services,9.00,1.00,1.00,51.00,1.26,1.21,588606.00,719930.00,47.73,25.80,1214068096,NO,32.88,37.54,35.63,36.92,36.79,,11070,0.00,495174.00,NO,NO,2014-02-07,15858729.00
6779,TCHI,21.47,21.10,4718.00,ETF,ETF,9.00,21.00,11.00,24.00,0.32,0.15,10439.00,11540.00,26.52,21.05,0,NO,22.16,22.98,23.75,22.96,23.57,,1177,0.94,4718.00,NO,NO,2025-03-18,319400.00
6780,ONON,35.09,34.04,11120917.00,Consumer Cyclical,Footwear & Accessories,9.00,97.00,18.00,54.00,1.30,1.14,8866476.00,10621300.00,51.08,26.36,11727593472,NO,30.04,30.76,37.64,30.72,34.70,,1273,0.00,11120917.00,YES,NO,2025-11-12,48483000.00
6781,HWKN,130.00,127.79,96569.00,Basic Materials,Specialty Chemicals,9.00,87.00,36.00,10.00,3.63,3.46,166271.00,164870.00,176.58,116.05,2713765120,NO,126.57,126.19,144.14,126.61,143.12,,11736,0.77,96569.00,NO,NO,2009-06-26,3755400.00
6782,XIWC,21.66,22.25,17.00,ETF,ETF,9.00,4.00,7.00,,0.32,0.01,196.00,100.00,27.70,21.66,0,NO,22.99,24.38,,24.32,,,88,0.00,100.00,NO,NO,2026-06-03,10100.00
6783,CTEV,24.66,24.33,126752.00,Healthcare,Health Information Services,9.00,0.00,6.00,93.00,2.11,2.03,138645.00,205800.00,73.68,11.50,417924448,NO,26.69,31.78,26.62,32.42,26.77,,1638,0.74,126752.00,NO,NO,2024-12-24,2112000.00
6784,JBSS,67.00,68.39,132510.00,Consumer Defensive,Packaged Foods,9.00,16.00,3.00,6.00,1.55,1.51,136181.00,121860.00,92.08,59.07,783463232,NO,67.64,74.07,77.51,73.11,77.87,,8774,0.00,132510.00,NO,NO,2004-10-25,2046800.00
6785,COAG,31.62,30.89,619069.00,Healthcare,Biotechnology,9.00,1.00,5.00,,2.50,2.48,458706.00,444900.00,55.42,23.00,1477037184,NO,34.81,42.75,,42.11,,,112,0.00,619069.00,NO,NO,2026-09-18,4149500.00
6786,ADC,65.95,65.82,1059687.00,Real Estate,REIT - Retail,9.00,10.00,7.00,8.00,0.98,0.97,1490117.00,1785730.00,82.08,64.43,8225866240,NO,67.16,71.31,74.92,70.87,74.72,,8176,0.17,1059687.00,NO,NO,2023-02-03,18277700.00
6787,CMS,65.49,65.34,2661875.00,Utilities,Utilities - Regulated Electric,9.00,26.00,9.00,7.00,0.95,0.93,3698323.00,4661200.00,80.36,62.29,20536166400,NO,64.48,67.53,72.71,67.17,72.43,,13523,0.00,2661875.00,NO,NO,2003-01-24,15149200.00
6788,CHAU,19.01,18.73,20481.00,ETF,ETF,9.00,8.00,9.00,10.00,0.38,0.21,89200.00,46010.00,26.10,18.64,0,NO,19.88,20.97,22.10,20.93,22.06,,2889,1.25,20481.00,NO,NO,2024-10-07,20150000.00
6789,AVA,35.49,35.48,378042.00,Utilities,Utilities - Diversified,9.00,20.00,7.00,8.00,0.59,0.58,663792.00,723960.00,43.50,34.46,2972388096,NO,35.62,37.15,39.88,36.96,39.76,,13523,0.00,378042.00,NO,NO,2023-01-31,12228600.00
6790,HESM,32.26,34.00,3702612.00,Energy,Oil & Gas Midstream,9.00,1.00,6.00,6.00,1.40,1.18,1464321.00,2830100.00,41.44,31.63,6651313664,NO,37.97,39.20,38.20,38.73,38.83,,2392,0.00,3702612.00,NO,NO,2026-10-07,11904100.00
6791,O,54.18,54.17,4964174.00,Real Estate,REIT - Retail,9.00,7.00,7.00,8.00,0.77,0.74,6552050.00,9442280.00,67.94,53.15,51266093056,NO,55.55,59.47,61.74,59.11,61.55,,8048,0.00,4964174.00,NO,NO,2024-01-22,45785700.00
6792,RDTY,34.64,34.45,8072.00,ETF,ETF,9.00,30.00,15.00,18.00,0.43,0.38,12828.00,11400.00,44.90,34.09,0,NO,35.08,36.43,37.97,36.34,37.19,,402,0.00,8072.00,NO,NO,2026-02-27,532800.00
6793,IGLD,20.32,19.96,321407.00,ETF,ETF,9.00,26.00,46.00,5.00,0.33,0.23,406150.00,696020.00,30.42,19.79,0,NO,20.59,21.25,23.91,21.32,22.59,,1408,1.30,321407.00,NO,NO,2026-10-01,1732600.00
6794,RTAI,18.74,18.52,2154.00,ETF,ETF,9.00,13.00,10.00,11.00,0.20,0.05,418.00,410.00,22.18,18.36,0,NO,19.13,20.15,21.03,20.09,20.83,,1499,1.17,2154.00,NO,NO,2022-02-14,160900.00
6795,AZO,2939.85,2910.54,142046.00,Consumer Cyclical,Auto Parts,9.00,72.00,27.00,9.00,92.81,88.87,268809.00,306120.00,4146.42,2730.65,47546195968,NO,2864.15,2945.71,3283.48,2939.16,3146.78,,8946,0.06,142046.00,NO,NO,2003-12-10,13666700.00
6796,LTGO,16.00,14.79,184215.00,Healthcare,Biotechnology,9.00,0.00,,,1.36,1.36,391263.00,437820.00,25.93,14.60,1060789568,YES,18.80,,,20.11,,,45,1.42,184215.00,NO,NO,2026-08-07,3301700.00
6797,WDRN,25.58,25.46,3755.00,ETF,ETF,9.00,38.00,22.00,,0.44,0.31,11237.00,7180.00,34.99,24.44,0,NO,26.16,26.82,,26.93,,,103,0.27,3755.00,NO,NO,2026-05-28,146200.00
6798,AAON,86.16,85.95,521762.00,Industrials,Building Products & Equipment,9.00,94.00,3.00,16.00,4.40,4.27,1159910.00,1098380.00,150.46,73.19,7104205824,NO,82.02,82.50,98.09,83.24,101.79,,8512,0.00,521762.00,NO,NO,2000-01-28,30539405.00
6799,AKR,18.24,18.18,839247.00,Real Estate,REIT - Retail,9.00,8.00,8.00,11.00,0.31,0.30,1374415.00,1294680.00,23.03,17.98,2659265792,NO,18.98,20.09,20.79,19.87,20.84,,8400,0.11,839247.00,NO,NO,2024-12-20,10368200.00
6800,VSECU,45.84,44.09,236.00,Industrials,Aerospace & Defense,9.00,10.00,10.00,6.00,1.12,0.56,32420.00,18860.00,68.10,38.45,0,NO,46.04,51.46,,51.33,51.33,,171,0.00,236.00,NO,NO,2026-02-10,867700.00
6801,PTCT,64.70,62.56,1167194.00,Healthcare,Biotechnology,9.00,22.00,4.00,20.00,2.13,2.10,1142093.00,1173090.00,90.87,61.23,5399913472,NO,64.64,68.34,71.84,67.65,71.30,,3347,0.00,1167194.00,NO,NO,2016-04-15,28675100.00
6802,TDG,1107.99,1089.30,278670.00,Industrials,Aerospace & Defense,9.00,41.00,13.00,15.00,23.51,23.10,395564.00,350290.00,1463.03,1071.25,61973852160,NO,1097.80,1162.06,1243.03,1157.15,1205.35,,5176,0.07,278670.00,NO,NO,2016-06-02,9761000.00
6803,GIII,27.07,26.77,478402.00,Consumer Cyclical,Apparel Manufacturing,9.00,35.00,4.00,15.00,0.70,0.67,620204.00,673510.00,37.54,24.61,1160667008,NO,27.35,30.59,30.92,30.14,31.40,,9272,0.84,478402.00,NO,NO,1998-12-29,36234000.00
6804,ALGT,76.43,76.42,307142.00,Industrials,Airlines,9.00,64.00,1.00,12.00,3.47,3.23,499795.00,468740.00,123.63,57.11,2089424640,NO,77.61,81.65,88.89,80.99,87.66,,4989,0.00,307142.00,NO,NO,2006-12-08,5542000.00
6805,VOYG,27.26,28.18,1329897.00,Industrials,Aerospace & Defense,9.00,2.00,16.00,15.00,2.38,2.06,1902907.00,2172890.00,52.40,17.41,1663652224,NO,32.23,34.78,31.98,35.06,33.04,,335,0.00,1329897.00,NO,NO,2025-06-11,23157100.00
6806,XMPT,19.24,19.03,192338.00,ETF,ETF,9.00,14.00,10.00,11.00,0.31,0.29,73214.00,184950.00,22.66,18.80,0,NO,19.57,20.67,21.63,20.64,21.41,,3834,0.21,192338.00,NO,NO,2021-08-23,1948400.00
6807,HSY,162.74,162.54,1091732.00,Consumer Defensive,Confectioners,9.00,12.00,18.00,5.00,2.93,2.84,1452351.00,1494450.00,239.48,156.16,32698644480,NO,165.07,174.39,190.28,173.76,183.09,,11737,0.00,1091732.00,NO,NO,2002-09-18,20006200.00
6808,PTA,17.13,17.05,220164.00,Financial Services,Asset Management,9.00,23.00,11.00,12.00,0.30,0.29,193770.00,318380.00,20.50,16.93,946834240,NO,17.49,18.14,19.04,18.10,18.81,,1494,0.00,220164.00,NO,NO,2020-10-28,2396100.00
6809,CRDT,20.34,20.40,1205.00,ETF,ETF,9.00,7.00,10.00,12.00,0.19,0.11,6176.00,6360.00,23.98,20.31,0,NO,21.35,22.53,23.02,22.41,22.87,,826,0.00,1205.00,NO,NO,2023-06-27,1451000.00
6810,RVLV,21.69,21.63,453199.00,Consumer Cyclical,Internet Retail,9.00,87.00,13.00,11.00,0.68,0.68,830285.00,638370.00,31.68,17.35,1541842944,NO,21.07,22.35,23.93,22.14,22.54,,1846,0.00,453199.00,NO,NO,2019-06-07,18882300.00
6811,PEGA,35.65,35.49,1170683.00,Technology,Software - Application,9.00,57.00,87.00,13.00,1.26,1.19,2552090.00,1564490.00,68.10,25.10,5861036544,NO,34.98,34.42,38.91,34.68,34.99,,7605,0.00,1170683.00,NO,NO,1998-10-30,26158400.00
6812,SRET,19.37,19.35,54472.00,ETF,ETF,9.00,7.00,8.00,10.00,0.27,0.25,39356.00,58620.00,23.48,19.04,0,NO,20.22,21.40,22.13,21.28,21.99,,2910,0.00,54472.00,NO,NO,2025-01-15,1059700.00
6813,EUM,15.72,15.86,9630.00,ETF,ETF,9.00,55.00,29.00,10.00,0.21,0.14,98293.00,38770.00,21.51,15.01,0,NO,15.64,15.78,17.13,15.68,16.51,,4764,0.00,9630.00,NO,NO,2015-08-27,2886300.00
6814,INGR,95.09,95.11,629044.00,Consumer Defensive,Packaged Foods,9.00,15.00,28.00,7.00,1.84,1.81,645456.00,757330.00,123.49,93.72,5996753408,NO,96.72,100.84,106.82,100.72,103.49,,7251,0.00,629044.00,NO,NO,2008-06-23,15828600.00
6815,RTXG,20.65,20.28,8792.00,ETF,ETF,9.00,4.00,9.00,5.00,0.65,0.59,13896.00,8600.00,31.27,18.00,0,NO,21.48,25.18,24.28,24.80,23.45,,338,0.59,8792.00,NO,NO,2026-05-18,152400.00
6816,ALH,21.27,21.24,1648624.00,Consumer Cyclical,"Furnishings, Fixtures & Appliances",9.00,64.00,6.00,12.00,0.67,0.66,1206937.00,1261540.00,28.23,18.64,4228243968,NO,21.42,23.20,23.51,23.03,24.06,,252,0.00,1648624.00,NO,NO,2025-10-09,14698300.00
6817,SUPN,42.67,42.14,579132.00,Healthcare,Drug Manufacturers - Specialty & Generic,9.00,74.00,13.00,8.00,1.42,1.42,756954.00,702920.00,59.68,40.51,2484424192,NO,42.73,44.33,48.03,44.04,46.63,,3632,0.09,579132.00,NO,NO,2013-08-19,11208700.00
6818,XSEM,20.24,20.46,1163.00,ETF,ETF,9.00,94.00,48.00,,0.69,0.46,2534.00,2720.00,27.23,15.00,0,NO,19.97,18.96,,19.25,,,90,0.00,1163.00,NO,NO,2026-06-08,11100.00
6819,FUTU,113.71,108.76,1278850.00,Financial Services,Capital Markets,9.00,61.00,91.00,3.00,4.66,4.20,1243545.00,1352330.00,202.53,80.50,15941516288,NO,110.60,112.62,130.63,113.64,117.62,,1909,2.42,1278850.00,NO,NO,2026-05-22,61357700.00
6820,AXR,20.72,20.72,6850.00,Real Estate,Real Estate - Development,9.00,6.00,6.00,4.00,0.77,0.72,10565.00,10720.00,29.01,17.61,110330864,NO,22.12,22.51,24.23,22.43,24.78,,13473,0.00,6850.00,NO,NO,2007-01-22,1615400.00
6821,ALG,152.42,155.39,131869.00,Industrials,Farm & Heavy Construction Machinery,9.00,8.00,22.00,9.00,5.06,4.96,160912.00,172260.00,219.88,145.76,1855098496,NO,161.65,164.38,171.10,164.55,163.21,,8448,0.00,131869.00,NO,NO,1993-03-19,1462900.00
6822,DWWN,22.34,22.09,7.00,ETF,ETF,9.00,9.00,10.00,,0.24,0.03,139.00,320.00,26.87,21.97,0,NO,23.18,23.83,,23.63,,,96,0.00,100.00,NO,NO,2026-05-21,398600.00
6823,CSEX,15.35,14.87,63039.00,ETF,ETF,9.00,96.00,19.00,3.00,1.57,1.42,125195.00,68960.00,33.66,9.21,0,NO,15.04,13.71,17.19,13.68,17.22,,227,0.00,63039.00,NO,NO,2026-01-29,1513000.00
6824,SAIA,336.75,341.26,217812.00,Industrials,Trucking,9.00,30.00,4.00,7.00,11.59,11.43,428967.00,364840.00,494.71,249.32,8959269888,NO,341.32,350.76,388.98,352.62,398.42,,6059,0.00,217812.00,NO,NO,2021-08-27,6159900.00
6825,GNTX,21.04,21.15,2061182.00,Consumer Cyclical,Auto Parts,9.00,11.00,11.00,25.00,0.44,0.42,2376421.00,2527170.00,26.99,20.48,4480506880,NO,22.01,22.82,23.33,22.81,23.30,,11290,0.00,2061182.00,NO,NO,2012-07-24,44871200.00
6826,CXSE,34.94,34.17,19223.00,ETF,ETF,9.00,27.00,17.00,12.00,0.49,0.24,26340.00,40330.00,43.94,34.13,0,NO,35.63,37.10,39.07,36.99,38.27,,3533,1.55,19223.00,NO,NO,2024-02-23,3406200.00
6827,ALLY,37.59,37.83,2738266.00,Financial Services,Credit Services,9.00,5.00,6.00,14.00,0.76,0.73,3371112.00,4089620.00,47.29,35.92,11434865664,NO,38.84,41.47,42.47,41.38,42.60,,3195,0.00,2738266.00,NO,NO,2023-09-15,43181700.00
6828,LINE,34.43,34.44,1165361.00,Real Estate,REIT - Industrial,9.00,10.00,4.00,42.00,0.95,0.93,961978.00,1310230.00,45.75,31.33,8633248768,NO,35.94,38.62,38.74,38.27,39.35,,555,0.00,1165361.00,NO,NO,2024-07-25,14243000.00
6829,NPB,15.84,15.69,256642.00,Financial Services,Banks - Regional,9.00,12.00,7.00,8.00,0.47,0.44,223298.00,238460.00,19.71,14.21,547776320,NO,15.74,16.59,17.48,16.64,17.44,,414,0.57,256642.00,NO,NO,2026-01-09,3268300.00
6830,RCI,29.78,31.04,3741726.00,Communication Services,Telecom Services,9.00,2.00,12.00,15.00,0.92,0.88,1301923.00,1599300.00,41.14,29.25,16087909376,NO,32.54,34.59,36.07,34.51,35.23,,7737,0.00,3741726.00,NO,NO,2013-06-26,5839300.00
6831,DYN,16.64,16.37,3565833.00,Healthcare,Biotechnology,9.00,6.00,1.00,12.00,0.79,0.78,2847770.00,3514030.00,27.30,13.72,3107460608,NO,16.57,21.58,19.52,21.06,20.21,,1523,0.24,3565833.00,NO,NO,2024-01-03,20936900.00
6832,EMQQ,32.01,31.19,22201.00,ETF,ETF,9.00,54.00,36.00,22.00,0.48,0.31,35214.00,38000.00,46.21,30.00,0,NO,31.49,33.00,34.54,32.86,32.85,,2991,1.25,22201.00,NO,NO,2021-07-27,1706300.00
6833,DPZ,309.36,308.65,612867.00,Consumer Cyclical,Restaurants,9.00,32.00,52.00,8.00,7.60,7.44,861028.00,729390.00,442.35,282.00,10234165248,NO,300.50,326.69,350.58,323.51,329.54,,5598,0.19,612867.00,NO,NO,2004-07-13,14964100.00
6834,TECY,21.05,21.07,137.00,ETF,ETF,9.00,55.00,17.00,,0.08,0.04,1725.00,340.00,25.38,20.90,0,NO,21.13,21.49,,21.39,,,110,0.00,137.00,NO,NO,2026-08-27,49700.00
6835,ZIONP,17.00,17.40,21087.00,Financial Services,Banks - Regional,9.00,17.00,18.00,12.00,0.55,0.49,4925.00,4208.00,22.27,16.72,0,NO,17.69,17.97,18.91,17.93,18.56,,4972,0.00,21087.00,NO,NO,2009-11-23,2278787.00
6836,MCFT,19.36,19.50,132724.00,Consumer Cyclical,Recreational Vehicles,9.00,15.00,5.00,13.00,0.66,0.64,206825.00,192000.00,28.44,17.19,471210272,NO,19.83,22.38,22.56,22.23,22.95,,2825,0.00,132724.00,NO,NO,2015-07-17,4330300.00
6837,XLIX,22.45,23.34,8.00,ETF,ETF,9.00,12.00,7.00,,0.39,0.13,248.00,580.00,28.18,22.25,0,NO,22.87,24.83,,24.61,,,88,0.00,600.00,NO,NO,2026-06-03,9700.00
6838,MAA,116.86,116.19,841483.00,Real Estate,REIT - Residential,9.00,14.00,9.00,16.00,2.14,2.14,1095071.00,1320200.00,144.41,113.95,13902108672,NO,118.52,125.92,130.57,125.19,128.97,,8229,0.00,841483.00,NO,NO,2016-12-01,24658200.00
6839,TPR,116.24,115.82,1813370.00,Consumer Cyclical,Luxury Goods,9.00,62.00,8.00,4.00,3.08,3.00,3029818.00,2798650.00,164.80,93.00,23066124288,NO,115.27,127.25,138.40,125.09,137.06,,6540,0.01,1813370.00,NO,NO,2013-01-23,50973600.00
6840,XAR,228.36,226.86,175035.00,ETF,ETF,9.00,12.00,9.00,8.00,4.74,4.42,250998.00,287140.00,297.79,215.02,0,NO,236.06,257.03,267.34,255.77,264.38,,3779,0.55,175035.00,NO,NO,2018-12-06,2454200.00
6841,MDLN,36.26,35.74,5331648.00,Healthcare,Medical Instruments & Supplies,9.00,94.00,12.00,5.00,1.14,1.11,7655078.00,9804630.00,50.88,31.49,48785408000,NO,34.28,34.95,40.20,34.78,38.51,,204,0.00,5331648.00,NO,NO,2025-12-17,78930900.00
6842,DIT,65.13,63.55,1625.00,Consumer Defensive,Food Distribution,8.00,64.00,17.00,3.00,1.18,0.65,1400.00,910.00,95.59,59.15,63570980,NO,66.56,67.21,75.05,67.53,75.46,,7847,0.00,1625.00,NO,NO,2007-01-29,247200.00
6843,PBH,48.23,47.87,323704.00,Healthcare,Drug Manufacturers - Specialty & Generic,8.00,72.00,46.00,8.00,1.23,1.19,547310.00,582060.00,71.07,42.62,2284872960,NO,46.53,49.54,55.17,49.43,51.00,,5450,0.00,323704.00,NO,NO,2005-07-28,14748300.00
6844,AOS,56.38,56.56,2264651.00,Industrials,Specialty Industrial Machinery,8.00,53.00,24.00,9.00,1.36,1.29,1526301.00,1434130.00,81.87,54.16,7662525440,NO,57.15,59.61,64.07,59.62,60.41,,10841,0.00,2264651.00,NO,NO,2017-07-25,32488300.00
6845,STEP,44.10,43.91,417138.00,Financial Services,Asset Management,8.00,5.00,69.00,26.00,1.73,1.64,1192604.00,1151450.00,77.80,38.85,5692601344,NO,45.63,47.84,51.39,47.70,47.41,,1524,0.00,417138.00,NO,NO,2024-06-21,10352500.00
6846,SRE,81.34,80.08,3370845.00,Utilities,Utilities - Diversified,8.00,26.00,9.00,7.00,1.32,1.25,3643643.00,3429710.00,101.04,76.21,53188251648,NO,79.75,82.95,89.85,82.38,89.50,,7115,0.18,3370845.00,NO,NO,2025-02-25,29513700.00
6847,HLNE,85.67,85.66,411574.00,Financial Services,Asset Management,8.00,6.00,79.00,16.00,3.22,3.15,662064.00,658240.00,155.66,71.88,5741780480,NO,87.60,96.35,101.98,96.24,90.94,,2417,0.00,411574.00,NO,NO,2017-03-01,7162700.00
6848,CNQQ,21.19,20.81,2028.00,ETF,ETF,8.00,21.00,8.00,17.00,0.30,0.12,10506.00,3970.00,26.79,20.75,0,NO,21.95,22.86,23.70,22.80,23.71,,261,1.57,2028.00,NO,NO,2025-11-04,290300.00
6849,KTB,65.62,66.34,475420.00,Consumer Cyclical,Apparel Manufacturing,8.00,51.00,3.00,14.00,1.91,1.86,716760.00,629950.00,88.96,56.19,3586370816,NO,65.59,72.95,71.63,72.32,74.36,,1854,0.00,475420.00,NO,NO,2020-05-29,15833400.00
6850,GGLS,56.93,57.46,117329.00,ETF,ETF,8.00,14.00,41.00,9.00,1.32,1.21,148656.00,100470.00,91.75,50.65,0,NO,57.95,58.12,61.33,58.18,59.25,,1020,0.00,117329.00,NO,NO,2026-04-30,4427790.00
6851,WAFD,29.43,29.74,794111.00,Financial Services,Banks - Regional,8.00,3.00,3.00,13.00,0.76,0.73,896773.00,1323480.00,39.49,26.31,2178159104,NO,31.08,34.33,34.23,34.17,35.00,,11067,0.00,794111.00,NO,NO,2009-09-16,13681100.00
6852,MC,57.08,56.27,890421.00,Financial Services,Capital Markets,8.00,5.00,13.00,13.00,1.86,1.84,875046.00,1006050.00,78.22,51.06,4228537600,NO,58.22,63.76,65.27,63.67,64.25,,3140,0.18,890421.00,NO,NO,2023-06-16,15139700.00
6853,FPF,15.87,15.72,207657.00,Financial Services,Asset Management,8.00,11.00,11.00,10.00,0.27,0.25,149951.00,268190.00,19.36,15.55,965655040,NO,16.23,17.07,18.02,17.02,17.68,,3365,0.19,207657.00,NO,NO,2013-05-24,1928900.00
6854,MJ,23.76,23.75,6336.00,ETF,ETF,8.00,10.00,42.00,33.00,0.79,0.70,34739.00,43130.00,46.75,21.05,0,NO,25.78,25.44,25.87,25.45,25.07,,2728,0.00,6336.00,NO,NO,2021-02-11,1735275.00
6855,AXTC,15.60,17.14,10794.00,ETF,ETF,8.00,66.00,71.00,,2.85,1.98,6918.00,5930.00,38.99,7.06,0,NO,19.43,19.94,,20.61,,,68,0.00,10794.00,NO,NO,2026-08-05,36400.00
6856,OCFC,16.08,16.42,1978298.00,Financial Services,Banks - Regional,8.00,3.00,7.00,8.00,0.39,0.38,997051.00,1182700.00,20.61,16.05,1554055040,NO,17.17,18.38,18.61,18.32,18.61,,7616,0.00,1978298.00,NO,NO,1996-07-03,8223300.00
6857,KBUF,25.57,25.43,6.00,ETF,ETF,8.00,57.00,29.00,13.00,0.11,0.04,778.00,1650.00,34.54,25.26,0,NO,25.56,26.27,28.10,26.10,26.94,,669,0.00,2000.00,NO,NO,2026-06-08,99800.00
6858,SNY,40.07,40.23,2101570.00,Healthcare,Drug Manufacturers - General,8.00,14.00,15.00,9.00,0.75,0.61,2872917.00,3467990.00,52.68,39.18,96013230080,NO,41.30,42.97,44.85,42.84,44.06,,6109,0.00,2101570.00,NO,NO,2022-08-11,21753500.00
6859,TCAN,20.59,19.77,16380.00,ETF,ETF,8.00,97.00,15.00,,1.32,0.95,12534.00,24670.00,29.64,15.05,0,NO,19.56,18.54,,18.47,,,108,0.00,16380.00,NO,NO,2026-05-14,72400.00
6860,CABZ,19.83,19.42,175.00,ETF,ETF,8.00,29.00,12.00,20.00,0.27,0.14,968.00,940.00,28.49,19.20,0,NO,20.10,21.15,,21.19,22.13,,186,1.71,175.00,NO,NO,2026-06-02,63100.00
6861,GBCI,42.73,42.98,893572.00,Financial Services,Banks - Regional,8.00,12.00,6.00,11.00,0.84,0.77,1075034.00,1097000.00,54.58,39.90,5563533824,NO,44.08,46.36,47.72,46.15,47.74,,10721,0.00,893572.00,NO,NO,2020-06-19,14170400.00
6862,YYYM,17.35,17.12,1893.00,ETF,ETF,8.00,12.00,9.00,10.00,0.23,0.10,2207.00,2490.00,20.99,16.95,0,NO,17.69,18.72,,18.68,19.44,,149,0.82,1893.00,NO,NO,2026-09-01,20100.00
6863,KDEF,39.91,39.25,36714.00,ETF,ETF,8.00,17.00,67.00,2.00,1.39,0.75,50628.00,59980.00,67.41,33.17,0,NO,42.19,42.41,50.01,42.73,47.64,,421,1.63,36714.00,NO,NO,2026-06-10,567400.00
6864,FCNCO,18.46,18.39,29350.00,Financial Services,Banks - Regional,8.00,14.00,13.00,9.00,0.33,0.31,17203.00,21710.00,23.43,18.22,0,NO,19.30,20.03,21.13,19.93,20.68,,1193,0.00,29350.00,NO,NO,2023-02-28,768400.00
6865,CAE,23.74,23.15,372860.00,Industrials,Aerospace & Defense,8.00,62.00,26.00,9.00,0.52,0.50,771131.00,740570.00,34.24,22.76,7640697344,NO,24.05,24.89,27.07,24.71,25.35,,6090,1.51,372860.00,NO,NO,2026-05-22,4668800.00
6866,BA,190.37,187.75,5081545.00,Industrials,Aerospace & Defense,8.00,11.00,11.00,10.00,6.11,5.53,6650312.00,10370170.00,254.35,176.77,150352789504,NO,195.19,209.76,220.24,209.30,215.29,,16302,0.13,5081545.00,NO,NO,2020-06-11,103212800.00
6867,LOAR,62.07,61.62,1012373.00,Industrials,Aerospace & Defense,8.00,21.00,9.00,28.00,2.41,2.38,660303.00,662880.00,83.43,53.15,5815243264,NO,63.25,68.45,67.11,68.26,66.29,,617,0.41,1012373.00,NO,NO,2024-04-25,6965100.00
6868,OSK,125.23,127.35,683532.00,Industrials,Farm & Heavy Construction Machinery,8.00,2.00,8.00,7.00,4.51,4.22,711646.00,643030.00,180.49,116.77,7731668992,NO,135.34,145.93,146.90,146.06,143.27,,10335,0.00,683532.00,NO,NO,2009-08-07,14636300.00
6869,KVYO,17.32,17.57,3746595.00,Technology,Software - Application,8.00,89.00,48.00,56.00,0.90,0.86,6056557.00,5706620.00,33.35,12.53,5183526400,NO,16.31,17.48,18.85,17.28,17.00,,767,0.00,3746595.00,NO,NO,2026-05-06,20093900.00
6870,ETD,20.34,20.86,430436.00,Consumer Cyclical,"Furnishings, Fixtures & Appliances",8.00,12.00,16.00,14.00,0.48,0.47,540865.00,458130.00,28.39,18.28,512657824,NO,21.18,22.31,22.29,22.19,21.78,,8451,0.00,430436.00,NO,NO,1993-03-16,10505700.00
6871,FMS,21.06,20.88,1010172.00,Healthcare,Medical Care Facilities,8.00,17.00,9.00,12.00,0.51,0.44,756940.00,1042350.00,27.54,20.02,11208539136,NO,22.25,22.98,22.97,22.78,22.89,,7564,0.00,1010172.00,NO,NO,1996-10-11,9079400.00
6872,ITB,84.76,85.87,1804969.00,ETF,ETF,8.00,22.00,11.00,13.00,2.18,1.93,2055753.00,2928970.00,115.26,83.69,0,NO,87.75,92.82,97.01,92.55,94.21,,5140,0.00,1804969.00,NO,NO,2013-08-15,22046900.00
6873,PPC,28.65,28.50,998253.00,Consumer Defensive,Packaged Foods,8.00,20.00,57.00,6.00,1.17,1.16,1557204.00,1623340.00,44.84,25.00,6821809152,NO,28.33,29.03,33.29,29.38,30.31,,9768,0.00,998253.00,NO,NO,2008-12-02,25870400.00
6874,LDOS,121.68,119.22,952077.00,Technology,Information Technology Services,8.00,14.00,89.00,5.00,3.85,3.74,1377409.00,1222460.00,205.77,98.86,15269892096,NO,123.54,130.85,145.61,131.61,130.43,,5026,0.00,952077.00,NO,NO,2019-08-08,34119300.00
6875,UCC,43.25,42.15,353.00,ETF,ETF,8.00,47.00,13.00,19.00,0.66,0.40,2785.00,1830.00,56.96,39.96,0,NO,41.87,44.90,47.74,44.88,46.25,,4952,0.00,300.00,NO,NO,2010-10-25,5158400.00
6876,PSQ,24.49,24.59,15881441.00,ETF,ETF,8.00,13.00,23.00,5.00,0.28,0.24,11241100.00,19799960.00,33.47,24.09,0,NO,24.99,25.49,27.82,25.36,26.81,,5108,0.00,15881441.00,YES,NO,2026-10-01,25983300.00
6877,ALGN,142.71,141.03,1079153.00,Healthcare,Medical Instruments & Supplies,8.00,17.00,4.00,7.00,4.00,3.74,900348.00,946090.00,200.44,124.91,10138098688,NO,145.88,157.00,169.83,156.54,168.40,,6462,0.00,1079153.00,NO,NO,2006-09-28,24482300.00
6878,MGEE,70.22,70.73,102824.00,Utilities,Utilities - Regulated Electric,8.00,9.00,8.00,10.00,1.59,1.56,180598.00,230420.00,87.94,68.01,2650560768,NO,71.57,76.21,78.03,75.91,77.49,,11737,0.00,102824.00,NO,NO,2024-03-15,7619400.00
6879,ALC,64.11,63.13,1276370.00,Healthcare,Medical Instruments & Supplies,8.00,24.00,19.00,6.00,0.95,0.89,1850162.00,1866310.00,87.64,61.84,30990774272,NO,64.89,69.00,72.86,68.56,69.58,,1887,1.17,1276370.00,NO,NO,2019-04-09,10608300.00
6880,EDV,55.25,55.02,3621293.00,ETF,ETF,8.00,14.00,13.00,9.00,0.99,0.87,1716137.00,2953440.00,71.31,53.40,0,NO,57.13,58.83,63.16,58.61,61.85,,4705,0.00,3621293.00,NO,NO,2026-09-30,7491300.00
6881,PHG,24.24,24.30,3330715.00,Healthcare,Medical Devices,8.00,44.00,11.00,9.00,0.43,0.35,1003795.00,1134320.00,33.44,23.62,23692840960,NO,24.53,25.75,27.37,25.64,26.50,,11737,0.00,3330715.00,NO,NO,1995-10-26,28376800.00
6882,FCPT,21.28,21.25,561666.00,Real Estate,REIT - Retail,8.00,4.00,7.00,8.00,0.38,0.38,917353.00,1324860.00,26.86,20.86,2335463168,NO,22.11,23.84,24.62,23.73,24.61,,2744,0.00,561666.00,NO,NO,2015-11-10,11957800.00
6883,FOTO,19.55,19.08,153827.00,ETF,ETF,8.00,93.00,28.00,,0.78,0.69,309525.00,299880.00,27.86,15.94,0,NO,18.38,18.78,,18.94,,,93,0.00,153827.00,NO,NO,2026-06-03,4566900.00
6884,NVMI,353.00,354.59,184343.00,Technology,Semiconductor Equipment & Materials,8.00,24.00,4.00,3.00,13.34,11.17,515537.00,265120.00,615.99,266.43,11227574272,NO,367.14,375.17,444.45,375.46,451.21,,6664,0.00,184343.00,NO,NO,2000-04-11,4895500.00
6885,BX,114.29,112.68,3959865.00,Financial Services,Asset Management,8.00,8.00,21.00,38.00,3.51,3.25,4421104.00,5540020.00,166.39,101.73,136610586624,NO,118.13,130.64,127.39,130.09,123.65,,4856,0.75,3959865.00,NO,NO,2023-09-15,117475900.00
6886,IDXX,518.00,513.14,466758.00,Healthcare,Diagnostics & Research,8.00,74.00,16.00,15.00,12.00,11.81,553954.00,498770.00,769.98,500.61,40808620032,NO,517.23,539.43,583.41,535.69,552.94,,8889,0.10,466758.00,NO,NO,1997-03-24,88592800.00
6887,VVV,30.27,30.84,3175083.00,Consumer Cyclical,Auto & Truck Dealerships,8.00,61.00,4.00,12.00,1.01,0.92,2407351.00,3039510.00,41.08,26.21,3862451968,NO,29.18,31.79,34.26,31.47,34.35,,2525,0.00,3175083.00,NO,NO,2016-09-23,35297100.00
6888,TRUP,26.06,25.82,269943.00,Financial Services,Insurance - Property & Casualty,8.00,82.00,26.00,58.00,1.00,1.00,473253.00,467540.00,46.98,21.16,1143320192,NO,24.46,26.86,27.20,26.89,25.46,,3076,0.08,269943.00,NO,NO,2023-05-05,7566700.00
6889,UPGR,21.59,21.60,365.00,ETF,ETF,8.00,13.00,8.00,11.00,0.28,0.11,726.00,2400.00,30.29,21.36,0,NO,22.09,23.31,25.31,23.22,25.10,,814,0.00,365.00,NO,NO,2026-05-07,18400.00
6890,APC,16.15,16.28,79901.00,Energy,Oil & Gas Refining & Marketing,8.00,3.00,5.00,9.00,0.79,0.77,150398.00,214470.00,21.72,14.50,768259072,NO,16.83,18.11,,18.02,18.82,,166,0.00,79901.00,NO,NO,2026-02-12,2587900.00
6891,BZZ,21.10,21.11,855.00,ETF,ETF,8.00,9.00,16.00,,0.37,0.27,2557.00,1690.00,29.94,20.99,0,NO,22.34,23.99,,23.95,,,109,0.00,855.00,NO,NO,2026-05-29,67900.00
6892,BBSI,31.72,32.18,157420.00,Industrials,Staffing & Employment Services,8.00,25.00,5.00,72.00,1.00,0.99,234665.00,275970.00,43.73,25.33,768739904,NO,32.02,33.21,33.32,32.68,32.94,,8390,0.00,157420.00,NO,NO,2014-10-29,17426400.00
6893,MIR,16.62,16.22,6986292.00,Industrials,Specialty Industrial Machinery,8.00,84.00,67.00,9.00,0.73,0.68,3937634.00,4290700.00,30.28,14.04,4139088896,NO,15.58,15.54,18.95,15.63,17.21,,1542,1.42,6986292.00,NO,NO,2025-09-08,36367300.00
6894,MIDD,105.95,105.40,417478.00,Industrials,Specialty Industrial Machinery,8.00,62.00,4.00,15.00,2.57,2.38,586590.00,542280.00,148.55,89.16,4791307776,NO,107.92,114.04,121.10,113.12,120.21,,9867,0.00,417478.00,NO,NO,1997-10-30,10934920.00
6895,NXST,161.45,162.11,301027.00,Communication Services,Broadcasting,8.00,18.00,16.00,10.00,4.84,4.84,350175.00,341120.00,254.30,153.17,4974000128,NO,161.96,174.94,195.47,173.42,183.60,,5754,0.00,301027.00,NO,NO,2022-11-30,7328100.00
6896,TAP,37.20,37.92,2281531.00,Consumer Defensive,Beverages - Brewers,8.00,26.00,20.00,7.00,0.97,0.95,3765592.00,3552800.00,54.82,35.52,6936086528,NO,37.28,39.72,42.99,39.75,40.99,,12940,0.00,2281531.00,NO,NO,2026-09-18,49898300.00
6897,KAI,260.43,260.55,142136.00,Industrials,Specialty Industrial Machinery,8.00,7.00,12.00,5.00,8.16,7.68,142537.00,152280.00,354.07,244.87,3075448320,NO,267.03,294.50,309.03,292.13,302.83,,8542,0.00,142136.00,NO,NO,2025-02-18,2393700.00
6898,ALK,39.36,39.52,3438012.00,Industrials,Airlines,8.00,38.00,7.00,39.00,1.48,1.41,2765401.00,3287120.00,60.63,33.03,4391276032,NO,40.01,42.59,45.11,42.22,43.19,,11737,0.00,3438012.00,NO,NO,2023-12-15,33770600.00
6899,BMN,22.01,21.70,40080.00,Financial Services,Asset Management,8.00,6.00,9.00,8.00,0.81,0.79,16656.00,55870.00,27.96,21.28,135309840,NO,22.93,24.43,25.66,24.26,25.27,,991,0.51,40080.00,NO,NO,2023-12-13,262000.00
6900,TRU,65.48,64.59,2199354.00,Financial Services,Financial Data & Stock Exchanges,8.00,3.00,8.00,28.00,2.77,2.68,2341939.00,3257170.00,89.12,60.96,12545969152,NO,68.22,76.11,74.89,75.89,73.14,,2840,0.43,2199354.00,NO,NO,2025-09-19,26552700.00
6901,EDN,20.22,20.15,296685.00,Utilities,Utilities - Regulated Electric,8.00,1.00,6.00,2.00,1.05,1.01,91162.00,186940.00,36.70,16.40,961949952,NO,21.81,23.14,26.14,22.71,24.94,,4896,0.00,296685.00,NO,NO,2007-04-26,9331300.00
6902,KKR,90.95,89.56,4338294.00,Financial Services,Asset Management,8.00,6.00,21.00,39.00,2.67,2.56,4297378.00,5011710.00,144.84,82.67,84000555008,NO,94.75,102.26,101.93,101.95,98.28,,4085,0.97,4338294.00,NO,NO,2024-06-21,145539500.00
6903,SHAK,66.90,67.31,850367.00,Consumer Cyclical,Restaurants,8.00,91.00,83.00,2.00,2.59,2.51,1600120.00,1628030.00,107.46,51.60,2862083840,NO,59.82,66.00,76.51,66.30,70.07,,2941,0.00,850367.00,NO,NO,2015-01-30,16264900.00
6904,QAT,15.99,16.03,9060.00,ETF,ETF,8.00,11.00,13.00,7.00,0.15,0.09,19839.00,15010.00,20.17,15.91,0,NO,16.60,17.10,18.43,17.05,18.00,,3130,0.00,9060.00,NO,NO,2026-06-08,1294600.00
6905,DBD,63.67,63.02,219988.00,Technology,Software - Application,8.00,32.00,2.00,3.00,1.87,1.82,264410.00,254920.00,92.08,54.48,2161379072,NO,63.45,67.42,75.18,67.34,76.20,,793,0.00,219988.00,NO,NO,2026-04-09,6485200.00
6906,WMS,125.79,126.21,739432.00,Industrials,Building Products & Equipment,8.00,48.00,8.00,9.00,3.88,3.50,705531.00,719260.00,179.31,122.90,9485238272,NO,127.91,135.47,145.14,135.15,140.07,,3071,0.00,739432.00,NO,NO,2023-03-17,10745300.00
6907,OFLX,26.32,26.25,41010.00,Industrials,Specialty Industrial Machinery,8.00,79.00,11.00,5.00,0.77,0.70,39995.00,36210.00,37.92,24.75,265682544,NO,25.93,27.17,30.48,27.02,29.40,,5332,0.00,41010.00,NO,NO,2006-06-30,370100.00
6908,TLTX,20.10,20.12,13389.00,ETF,ETF,8.00,19.00,14.00,9.00,0.20,0.18,11212.00,10960.00,26.42,19.77,0,NO,20.48,21.04,22.85,20.99,22.23,,312,0.00,13389.00,NO,NO,2026-09-22,166600.00
6909,WGS,67.33,67.73,404689.00,Healthcare,Diagnostics & Research,8.00,1.00,78.00,73.00,6.39,6.16,730206.00,771450.00,170.87,32.21,2007951616,NO,83.40,82.01,76.67,82.97,67.50,,1489,0.00,404689.00,NO,NO,2026-05-05,11259700.00
6910,ECNS,27.45,26.99,13345.00,ETF,ETF,8.00,35.00,42.00,6.00,0.34,0.27,8892.00,8010.00,38.03,26.84,0,NO,27.57,28.50,31.65,28.44,30.29,,4032,0.67,13345.00,NO,NO,2025-07-31,693700.00
6911,ZROZ,54.02,53.80,890543.00,ETF,ETF,8.00,14.00,12.00,8.00,1.06,0.93,1003723.00,1851730.00,71.22,51.97,0,NO,55.85,57.48,62.11,57.31,60.74,,4258,0.00,890543.00,NO,NO,2026-08-18,5186800.00
6912,SRPT,17.85,18.21,3014127.00,Healthcare,Biotechnology,8.00,3.00,25.00,8.00,0.87,0.86,2992101.00,2455880.00,24.68,14.68,1885442432,NO,18.91,19.06,19.03,19.16,18.65,,7384,0.00,3014127.00,NO,NO,2025-07-18,78437700.00
6913,ADAMZ,16.15,15.86,6389.00,Real Estate,REIT - Mortgage,8.00,7.00,8.00,11.00,0.38,0.33,10737.00,13070.00,20.24,15.65,0,NO,17.29,17.99,18.72,17.88,18.37,,1227,0.25,6389.00,NO,NO,2021-11-18,591200.00
6914,TMYY,21.05,21.53,4914.00,ETF,ETF,8.00,14.00,11.00,,0.17,0.13,2206.00,1700.00,25.39,21.05,0,NO,21.95,22.47,,22.34,,,125,0.00,4914.00,NO,NO,2026-06-09,23500.00
6915,HAPN,15.17,15.33,2363995.00,Financial Services,Banks - Regional,8.00,7.00,3.00,48.00,0.53,0.52,1468162.00,1994320.00,21.67,13.05,1750731264,NO,15.57,17.35,17.34,17.16,17.24,,2974,0.00,2363995.00,NO,NO,2021-07-29,41561900.00
6916,THRM,29.68,29.93,1967377.00,Consumer Cyclical,Auto Parts,8.00,1.00,6.00,45.00,1.90,1.79,833723.00,3137480.00,48.35,27.00,1616817408,NO,34.23,38.11,34.53,37.74,34.74,,8391,0.00,1967377.00,NO,NO,2026-10-06,10640200.00
6917,BKNG,160.34,159.97,4218321.00,Consumer Cyclical,Travel Services,7.00,9.00,15.00,16.00,5.52,5.34,6787273.00,7594500.00,220.81,150.14,120476344320,NO,163.35,186.27,181.21,186.01,177.54,,6925,0.07,4218321.00,NO,NO,2003-11-05,395902500.00
6918,NVR,5899.16,6002.55,25379.00,Consumer Cyclical,Residential Construction,7.00,27.00,16.00,10.00,147.00,137.92,36889.00,39060.00,8200.00,5501.01,15798853632,NO,6153.30,6243.48,6652.61,6225.35,6332.81,,10385,0.00,25379.00,NO,NO,1986-09-23,2610000.00
6919,CASH,71.87,72.09,128707.00,Financial Services,Banks - Regional,7.00,7.00,4.00,4.00,1.67,1.63,220942.00,238280.00,101.26,65.87,1492981632,NO,74.28,80.26,84.97,79.63,84.66,,8321,0.00,128707.00,NO,NO,2017-09-15,3960000.00
6920,APAM,33.46,33.65,853787.00,Financial Services,Asset Management,7.00,2.00,15.00,14.00,0.98,0.93,956287.00,1477980.00,46.53,33.02,2375540480,NO,35.69,39.45,38.97,39.11,37.72,,3420,0.00,853787.00,NO,NO,2023-06-16,14238500.00
6921,GOVZ,31.02,30.93,672734.00,ETF,ETF,7.00,16.00,11.00,8.00,0.59,0.52,486515.00,882810.00,41.02,29.88,0,NO,31.98,32.96,35.67,32.85,34.89,,1517,0.00,672734.00,NO,NO,2021-05-28,5557475.00
6922,XLUX,21.87,21.55,1292.00,ETF,ETF,7.00,16.00,5.00,,0.54,0.40,1001.00,3500.00,27.77,19.67,0,NO,21.01,22.90,,22.68,,,90,0.14,1292.00,NO,NO,2026-10-01,11900.00
6923,XHOA,22.52,21.47,6.00,ETF,ETF,7.00,6.00,7.00,,0.31,0.04,104.00,100.00,27.86,21.45,0,NO,22.79,24.71,,24.42,,,89,0.33,100.00,NO,NO,2026-06-03,9700.00
6924,GLPI,38.28,38.26,2201872.00,Real Estate,REIT - Specialty,7.00,13.00,9.00,6.00,0.65,0.63,3247670.00,3059130.00,49.95,37.33,11464878080,NO,38.92,41.27,44.96,41.03,44.36,,3267,0.00,2201872.00,NO,NO,2023-09-15,37749200.00
6925,TSCO,33.70,33.48,10217921.00,Consumer Cyclical,Specialty Retail,7.00,64.00,87.00,3.00,0.99,0.97,10433464.00,10967840.00,58.21,28.36,17559052288,NO,32.35,33.68,39.42,33.74,34.46,,8215,0.15,10217921.00,YES,NO,1994-02-18,199352000.00
6926,TAN,43.75,43.32,288775.00,ETF,ETF,7.00,12.00,6.00,5.00,1.14,0.85,917431.00,509430.00,75.60,42.46,0,NO,44.50,47.67,54.75,47.54,54.83,,4652,0.00,288775.00,NO,NO,2021-01-06,7216500.00
6927,RYM,21.10,19.52,22516.00,Consumer Defensive,Tobacco,7.00,8.00,21.00,16.00,1.29,1.25,13034.00,14200.00,53.65,14.00,45346600,NO,21.27,21.98,22.37,22.20,23.83,,1432,0.00,22516.00,NO,NO,2024-11-05,21302400.00
6928,PBW,28.33,28.29,332455.00,ETF,ETF,7.00,9.00,6.00,9.00,0.77,0.61,604907.00,433020.00,47.22,27.39,0,NO,29.74,31.68,34.68,31.64,35.10,,5436,0.00,332455.00,NO,NO,2025-05-28,4637200.00
6929,FCNCP,17.80,17.94,19030.00,Financial Services,Banks - Regional,7.00,9.00,10.00,7.00,0.29,0.27,15485.00,28910.00,22.55,17.80,0,NO,18.59,19.36,20.48,19.26,20.19,,1658,0.00,19030.00,NO,NO,2020-03-06,1834700.00
6930,STZ,122.64,123.63,2378260.00,Consumer Defensive,Beverages - Brewers,7.00,49.00,15.00,3.00,3.13,3.13,2187665.00,3029070.00,168.60,110.60,20753657856,NO,117.59,125.82,142.74,126.00,139.00,,8703,0.00,2378260.00,NO,NO,2013-02-14,50293100.00
6931,ROBN,30.04,29.05,309360.00,ETF,ETF,7.00,6.00,7.00,96.00,2.80,2.67,762829.00,632810.00,122.32,14.49,0,NO,33.64,30.75,29.77,31.92,26.91,,425,2.99,309360.00,NO,NO,2025-04-04,6933000.00
6932,FRPH,20.04,19.83,105029.00,Real Estate,Real Estate Services,7.00,6.00,6.00,12.00,0.39,0.38,96496.00,87630.00,25.74,19.60,384172352,NO,20.85,21.65,22.73,21.61,22.41,,10146,0.25,105029.00,NO,NO,1990-03-26,2481000.00
6933,PCR,17.84,17.90,315.00,ETF,ETF,7.00,20.00,17.00,12.00,0.14,0.07,623.00,540.00,24.89,17.68,0,NO,18.26,18.99,20.16,18.97,19.49,,264,0.00,315.00,NO,NO,2025-09-26,37500.00
6934,ASMB,23.53,22.82,170489.00,Healthcare,Biotechnology,7.00,0.00,10.00,7.00,0.97,0.97,279782.00,250070.00,39.71,21.80,479084832,NO,24.17,28.59,28.09,28.92,27.71,,3976,0.79,170489.00,NO,NO,2023-10-17,6323483.00
6935,ASGI,19.24,19.06,149960.00,Financial Services,Asset Management,7.00,4.00,6.00,5.00,0.38,0.37,242545.00,245680.00,25.95,18.90,811601344,NO,19.57,22.07,23.01,22.02,22.95,,1558,0.00,149960.00,NO,NO,2020-07-29,1742100.00
6936,CHRW,142.31,141.34,1888689.00,Industrials,Integrated Freight & Logistics,7.00,13.00,2.00,10.00,6.22,5.21,1919476.00,2490420.00,210.33,123.64,16600240128,NO,148.59,148.22,171.70,149.05,168.37,,7290,0.11,1888689.00,NO,NO,2007-03-01,24014000.00
6937,GLOB,36.32,37.05,496989.00,Technology,Information Technology Services,7.00,48.00,88.00,7.00,1.66,1.49,1415912.00,819040.00,72.10,27.56,1568281472,NO,36.08,37.58,44.04,37.33,38.16,,3076,0.00,496989.00,NO,NO,2025-05-16,11031600.00
6938,ADNT,17.42,17.62,684544.00,Consumer Cyclical,Auto Parts,7.00,10.00,14.00,8.00,0.74,0.70,963737.00,1035920.00,27.32,16.51,1343028480,NO,17.66,18.73,20.77,18.82,20.25,,2509,0.00,684544.00,NO,NO,2016-10-31,22653300.00
6939,XPAV,21.07,20.90,158.00,ETF,ETF,7.00,50.00,10.00,,0.36,0.04,267.00,1060.00,27.40,20.48,0,NO,21.05,22.81,,22.78,,,90,0.00,158.00,NO,NO,2026-10-08,9700.00
6940,ARQQ,17.23,18.43,738628.00,Technology,Software - Infrastructure,7.00,2.00,27.00,91.00,1.82,1.75,330518.00,258370.00,61.11,11.52,299843552,NO,21.84,21.54,18.86,21.64,18.13,,1388,0.00,738628.00,NO,NO,2026-06-18,5673000.00
6941,IRON,62.06,60.77,675132.00,Healthcare,Biotechnology,7.00,2.00,5.00,18.00,2.70,2.68,471184.00,710810.00,99.50,40.00,2382659840,NO,65.58,73.54,71.21,72.67,70.54,,1548,0.00,675132.00,NO,NO,2024-04-01,6219200.00
6942,BHDG,21.09,21.33,20196.00,ETF,ETF,7.00,10.00,9.00,9.00,0.16,0.04,5548.00,2420.00,26.67,20.51,0,NO,21.30,22.38,,22.24,23.69,,142,0.00,20196.00,NO,NO,2026-06-05,457500.00
6943,FSV,129.73,128.22,78890.00,Real Estate,Real Estate Services,7.00,19.00,14.00,12.00,2.85,2.73,207609.00,148530.00,189.05,119.41,5665278976,NO,129.90,136.99,143.43,136.92,138.77,,2857,0.77,78890.00,NO,NO,2025-10-31,777700.00
6944,CSQR,17.49,17.38,748749.00,Technology,Information Technology Services,7.00,77.00,,,0.88,0.86,1678063.00,1656490.00,23.50,15.52,2914428416,NO,17.42,19.03,,18.91,,,61,0.00,748749.00,NO,NO,2026-09-18,13366500.00
6945,SAM,170.51,171.17,149501.00,Consumer Defensive,Beverages - Brewers,7.00,64.00,46.00,1.00,4.88,4.82,250675.00,194870.00,264.46,158.68,1754834432,NO,168.35,175.62,200.00,175.61,191.99,,7771,0.00,149501.00,NO,NO,1995-11-21,3474200.00
6946,WARP,19.84,19.86,35964.00,ETF,ETF,7.00,49.00,21.00,,0.64,0.55,38985.00,31890.00,41.77,17.84,0,NO,20.52,20.76,,20.87,,,108,0.00,35964.00,NO,NO,2026-05-29,485200.00
6947,CMG,31.59,32.68,20054983.00,Consumer Cyclical,Restaurants,7.00,4.00,9.00,16.00,1.28,1.26,17346954.00,23290670.00,42.82,28.04,39974555648,NO,32.57,34.40,34.73,34.31,33.63,,5209,0.00,20054983.00,YES,NO,2006-01-26,660930000.00
6948,IWMY,16.92,16.86,39886.00,ETF,ETF,7.00,17.00,11.00,13.00,0.20,0.16,52600.00,72220.00,22.89,16.69,0,NO,17.33,18.21,19.17,18.11,18.81,,737,0.18,39886.00,NO,NO,2025-10-10,502700.00
6949,RYN,18.98,18.60,4444734.00,Real Estate,REIT - Specialty,7.00,13.00,11.00,12.00,0.47,0.47,3318789.00,4514010.00,26.45,17.71,5679756288,NO,19.13,20.30,21.20,20.17,20.75,,8215,0.70,4444734.00,NO,NO,2026-01-30,16024700.00
6950,XPP,19.31,18.42,849.00,ETF,ETF,7.00,33.00,64.00,8.00,0.43,0.09,2789.00,1820.00,30.32,16.57,0,NO,19.30,20.44,22.54,20.29,20.88,,4365,0.00,849.00,NO,NO,2024-10-07,331800.00
6951,URA,38.90,38.56,2685640.00,ETF,ETF,7.00,3.00,27.00,4.00,1.25,1.00,3266921.00,3615470.00,62.28,37.18,0,NO,40.95,43.30,48.04,43.23,46.11,,4005,0.00,2685640.00,NO,NO,2026-01-29,14166800.00
6952,MMS,59.39,58.77,734817.00,Industrials,Specialty Business Services,7.00,84.00,63.00,13.00,1.86,1.82,658332.00,831490.00,100.00,51.04,3109527552,NO,55.28,56.85,67.01,56.76,60.00,,7377,0.00,734817.00,NO,NO,2007-11-15,20118000.00
6953,EEFT,64.60,63.66,784061.00,Technology,Software - Infrastructure,7.00,8.00,6.00,20.00,1.92,1.84,646232.00,679250.00,89.44,61.62,2459651072,NO,65.40,69.01,71.27,69.10,70.25,,7445,0.00,784061.00,NO,NO,2022-01-31,8640700.00
6954,HOOG,29.92,28.84,216535.00,ETF,ETF,7.00,6.00,7.00,96.00,2.80,2.66,389778.00,347520.00,131.29,14.43,0,NO,33.55,30.69,29.83,31.86,26.82,,391,0.00,216535.00,NO,NO,2026-04-29,2566600.00
6955,XEY,19.30,19.48,284.00,ETF,ETF,7.00,23.00,28.00,,0.14,0.01,168.00,440.00,25.44,19.30,0,NO,20.07,19.91,,19.86,,,115,0.00,284.00,NO,NO,2026-10-02,2400.00
6956,BRO,62.88,63.75,1637368.00,Financial Services,Insurance Brokers,7.00,17.00,14.00,28.00,1.63,1.56,2330728.00,2435520.00,96.13,53.81,21040300032,NO,62.74,67.71,67.46,67.44,64.71,,11508,0.00,1637368.00,NO,NO,2021-09-17,48381800.00
6957,HLI,130.16,125.53,870370.00,Financial Services,Capital Markets,7.00,20.00,42.00,9.00,4.26,4.02,873228.00,770800.00,204.18,112.83,9096426496,NO,129.45,129.88,148.25,130.96,139.62,,2806,2.60,870370.00,NO,NO,2023-12-15,7795500.00
6958,PJT,137.28,135.80,338750.00,Financial Services,Capital Markets,7.00,1.00,10.00,14.00,4.72,4.50,438709.00,495500.00,195.62,127.73,5847744000,NO,146.36,163.51,159.08,162.86,157.19,,2779,0.16,338750.00,NO,NO,2023-12-15,4236200.00
6959,PHIN,57.83,58.46,277658.00,Consumer Cyclical,Auto Parts,7.00,4.00,2.00,5.00,1.72,1.64,374229.00,466920.00,86.94,50.80,2118780672,NO,60.41,67.19,71.93,66.72,72.79,,825,0.00,277658.00,NO,NO,2023-07-05,12492100.00
6960,BIOY,20.11,19.93,779.00,ETF,ETF,7.00,29.00,13.00,,0.27,0.22,2246.00,2850.00,25.28,19.76,0,NO,20.31,20.83,,20.65,,,110,0.00,779.00,NO,NO,2026-07-07,10300.00
6961,RYAN,37.01,37.79,1627250.00,Financial Services,Insurance Brokers,7.00,20.00,11.00,60.00,1.48,1.48,1965121.00,1950540.00,58.94,29.28,9484514304,NO,38.32,40.84,39.70,40.47,37.40,,1311,0.00,1627250.00,NO,NO,2021-07-22,15892000.00
6962,WDIG,38.81,41.38,1134.00,ETF,ETF,7.00,3.00,36.00,,0.78,0.28,1967.00,7030.00,56.81,37.77,0,NO,42.39,44.18,,44.51,,,106,0.00,300.00,NO,NO,2026-05-08,78700.00
6963,CARX,23.20,22.42,6.00,ETF,ETF,7.00,4.00,6.00,,0.50,0.02,192.00,100.00,29.92,20.11,0,NO,22.34,25.10,,25.28,,,74,0.00,100.00,NO,NO,2026-06-24,9400.00
6964,RYAAY,54.24,54.04,2569039.00,Industrials,Airlines,7.00,74.00,8.00,10.00,1.45,1.22,1427367.00,1425340.00,74.24,51.68,28092192768,NO,54.43,55.89,61.10,55.82,58.38,,7388,0.00,2569039.00,NO,NO,1997-05-29,169361878.00
6965,TYYY,38.62,39.31,22.00,ETF,ETF,7.00,73.00,12.00,,0.54,0.03,153.00,100.00,49.80,32.15,0,NO,38.19,37.07,,37.64,,,100,0.00,100.00,NO,NO,2026-05-18,1500.00
6966,BMI,131.38,127.66,522627.00,Technology,Scientific & Technical Instruments,7.00,85.00,21.00,8.00,4.30,4.11,416542.00,387640.00,204.00,112.09,3808292352,NO,128.10,131.22,141.36,131.61,133.28,,13523,0.74,522627.00,NO,NO,2026-04-17,4169200.00
6967,TESC,22.20,22.86,47.00,ETF,ETF,7.00,85.00,4.00,,0.65,0.09,548.00,110.00,31.92,14.80,0,NO,21.48,20.08,,20.76,,,72,0.00,100.00,NO,NO,2026-06-26,9700.00
6968,CAS,23.21,22.87,1670.00,ETF,ETF,7.00,11.00,11.00,13.00,0.41,0.14,3001.00,3050.00,36.90,22.84,0,NO,24.30,25.26,26.20,25.19,26.09,,437,0.90,1670.00,NO,NO,2026-05-21,75100.00
6969,CNXC,25.95,27.07,1022021.00,Technology,Information Technology Services,7.00,22.00,75.00,38.00,2.48,2.38,1592706.00,2562050.00,48.47,19.12,1585686272,NO,27.28,27.12,29.43,27.12,26.24,,1475,0.00,1022021.00,NO,NO,2026-06-18,9527900.00
6970,ULS,69.99,70.65,748418.00,Industrials,Specialty Business Services,7.00,43.00,5.00,7.00,2.05,2.05,915918.00,1281170.00,107.54,63.17,14107402240,NO,66.46,72.44,83.20,71.63,85.35,,626,0.00,748418.00,NO,NO,2024-04-12,14953800.00
6971,CTEX,30.62,31.17,28.00,ETF,ETF,7.00,12.00,5.00,10.00,0.62,0.23,762.00,520.00,51.50,30.10,0,NO,31.35,32.80,37.59,32.63,37.29,,1261,0.00,400.00,NO,NO,2024-10-11,91600.00
6972,LPX,65.69,65.06,881660.00,Industrials,Building Products & Equipment,7.00,59.00,15.00,10.00,2.38,2.22,1154898.00,1145240.00,100.34,62.18,4593268736,NO,65.79,69.56,76.23,69.51,72.54,,11737,0.12,881660.00,NO,NO,2009-09-24,22903400.00
6973,MWA,21.67,21.56,812941.00,Industrials,Specialty Industrial Machinery,7.00,8.00,11.00,3.00,0.42,0.40,1242339.00,1567240.00,31.00,20.90,3383243520,NO,21.85,23.78,26.06,23.63,25.48,,5125,0.32,812941.00,NO,NO,2009-09-18,31019800.00
6974,JEF,44.38,44.40,1517449.00,Financial Services,Capital Markets,7.00,1.00,7.00,29.00,1.52,1.46,2087535.00,2739020.00,66.60,35.53,9026537472,NO,46.63,51.14,52.21,51.03,50.97,,11737,0.00,1517449.00,NO,NO,2019-09-25,71883165.00
6975,TEST,38.19,37.71,582.00,ETF,ETF,7.00,71.00,10.00,16.00,0.44,0.20,1628.00,1300.00,57.74,33.40,0,NO,37.36,37.09,43.74,37.35,41.31,,224,0.67,582.00,NO,NO,2025-12-08,21500.00
6976,HOOX,33.78,32.64,6726.00,ETF,ETF,7.00,5.00,7.00,95.00,2.89,2.69,37998.00,20290.00,152.52,16.44,0,NO,37.83,34.63,33.84,35.94,30.34,,393,0.01,6726.00,NO,NO,2026-04-29,549600.00
6977,GOLY,24.53,24.23,8569.00,ETF,ETF,7.00,16.00,49.00,6.00,0.61,0.52,22565.00,23420.00,41.72,23.47,0,NO,24.93,26.06,30.02,26.14,27.15,,1356,0.00,8569.00,NO,NO,2022-04-13,547900.00
6978,BN,37.09,36.77,3755116.00,Financial Services,Asset Management,7.00,31.00,8.00,11.00,0.68,0.63,4531762.00,5867640.00,49.57,35.69,82797920256,NO,37.03,40.01,43.28,39.79,42.37,,10778,0.22,3755116.00,NO,NO,2008-11-21,57227626.00
6979,BABA,111.37,105.70,12312876.00,Consumer Cyclical,Internet Retail,7.00,76.00,48.00,10.00,3.22,2.36,10423117.00,7534700.00,182.50,91.99,277060157440,NO,109.62,116.28,129.93,115.32,119.22,,3032,3.04,12312876.00,YES,NO,2014-09-19,271879400.00
6980,MTH,58.81,60.63,928042.00,Consumer Cyclical,Residential Construction,7.00,17.00,4.00,11.00,2.17,1.93,822603.00,870060.00,85.38,58.03,3832888320,NO,63.56,67.77,69.51,67.29,68.53,,9624,0.00,928042.00,NO,NO,2007-04-26,10253000.00
6981,FOIL,20.54,18.67,32925.00,Industrials,Electrical Equipment & Parts,7.00,13.00,,,1.90,1.89,41702.00,40220.00,28.49,15.15,1618234624,YES,18.54,,,,,,42,1.55,32925.00,NO,NO,2026-08-12,397600.00
6982,DRS,36.24,35.87,1188609.00,Industrials,Aerospace & Defense,7.00,57.00,7.00,5.00,0.86,0.84,891839.00,831660.00,50.59,32.43,9672148992,NO,36.81,39.44,42.28,38.96,42.71,,10404,0.50,1188609.00,NO,NO,2014-09-08,19788200.00
6983,RM,33.51,33.92,100921.00,Financial Services,Credit Services,7.00,74.00,3.00,16.00,0.94,0.92,88598.00,86930.00,44.30,29.89,309156352,NO,31.79,32.52,35.68,32.71,35.58,,3655,0.00,100921.00,NO,NO,2014-10-31,2797700.00
6984,BETZ,16.81,16.80,4379.00,ETF,ETF,7.00,4.00,8.00,16.00,0.35,0.30,7789.00,7010.00,22.97,16.20,0,NO,17.46,18.57,18.87,18.53,18.74,,1596,0.00,4379.00,NO,NO,2020-06-05,2948700.00
6985,GDS,30.97,30.44,1973688.00,Technology,Information Technology Services,7.00,56.00,23.00,3.00,1.58,1.36,1624245.00,2168850.00,48.61,26.97,6205694464,NO,31.36,32.07,37.45,31.89,35.25,,2497,1.61,1973688.00,NO,NO,2018-07-31,31598300.00
6986,AVGC,21.76,21.60,2049.00,ETF,ETF,7.00,42.00,6.00,,1.03,0.70,2118.00,4100.00,31.79,19.34,0,NO,21.25,23.73,,23.46,,,72,0.00,2049.00,NO,NO,2026-09-03,19500.00
6987,CENX,36.76,36.38,900917.00,Basic Materials,Aluminum,7.00,2.00,5.00,0.00,1.26,1.16,1903271.00,2029580.00,70.43,25.40,3638993408,NO,37.96,43.04,50.56,42.91,50.87,,7682,0.00,900917.00,NO,NO,2009-01-28,16580200.00
6988,LMAT,80.69,79.64,126706.00,Healthcare,Medical Instruments & Supplies,7.00,75.00,5.00,2.00,2.12,2.09,330139.00,267650.00,118.01,78.22,1845320320,NO,80.47,82.11,94.49,80.74,95.37,,5024,0.00,126706.00,NO,NO,2017-05-02,2960300.00
6989,PRVA,20.85,20.19,1128403.00,Healthcare,Health Information Services,7.00,74.00,2.00,17.00,0.57,0.56,1238173.00,1341130.00,28.82,18.91,2663258368,NO,20.02,20.93,22.78,20.82,22.71,,1370,0.59,1128403.00,NO,NO,2023-06-13,21691600.00
6990,BITY,27.26,27.06,5453.00,ETF,ETF,7.00,53.00,85.00,8.00,0.58,0.41,4171.00,4500.00,57.17,23.75,0,NO,28.02,27.34,30.68,27.47,28.69,,363,0.00,5453.00,NO,NO,2026-04-16,53300.00
6991,LRCC,17.98,18.13,2165.00,ETF,ETF,7.00,93.00,6.00,,1.17,0.88,3500.00,3590.00,27.13,12.38,0,NO,17.30,17.68,,17.92,,,68,0.00,2165.00,NO,NO,2026-09-18,25400.00
6992,ASSX,23.57,24.31,72676.00,ETF,ETF,7.00,,,,2.64,2.52,90626.00,70990.00,31.94,22.91,0,NO,,,,,,,16,0.00,72676.00,NO,NO,2026-09-21,276700.00
6993,PAC,201.50,196.69,109238.00,Industrials,Airports & Air Services,7.00,43.00,9.00,6.00,7.03,6.49,149223.00,220610.00,300.41,193.11,11989616640,NO,205.22,208.58,240.45,208.22,230.10,,5188,0.98,109238.00,NO,NO,2006-02-27,3042200.00
6994,MINY,35.60,35.06,1450.00,ETF,ETF,6.00,11.00,42.00,5.00,0.66,0.38,5262.00,4550.00,51.40,34.30,0,NO,36.23,37.86,,38.00,40.23,,156,1.43,1450.00,NO,NO,2026-07-20,36400.00
6995,NBIC,17.71,17.54,15163.00,ETF,ETF,6.00,5.00,,,2.13,1.43,5527.00,5870.00,31.45,10.51,0,NO,19.66,20.00,,20.20,,,63,0.00,15163.00,NO,NO,2026-08-13,21200.00
6996,BNT,37.06,36.62,5701.00,Financial Services,Insurance - Diversified,6.00,31.00,8.00,10.00,0.60,0.46,18051.00,16660.00,49.86,35.73,10168301568,NO,36.99,40.11,43.59,39.82,42.62,,1328,0.41,5701.00,NO,NO,2022-03-31,618150.00
6997,HOOC,19.32,18.65,1373.00,ETF,ETF,6.00,6.00,,,0.96,0.54,632.00,770.00,26.12,13.64,0,NO,21.55,19.70,,20.44,,,65,2.68,1373.00,NO,NO,2026-07-10,10300.00
6998,STAA,21.67,22.38,591496.00,Healthcare,Medical Instruments & Supplies,6.00,11.00,4.00,6.00,1.00,0.88,999965.00,825010.00,35.87,15.59,1086620160,NO,21.61,22.92,23.61,22.72,25.16,,8719,0.00,591496.00,NO,NO,2025-08-05,40320100.00
6999,NHI,64.85,64.58,167538.00,Real Estate,REIT - Healthcare Facilities,6.00,10.00,8.00,3.00,1.13,1.09,377823.00,416010.00,91.38,63.51,3184811520,NO,66.77,70.39,77.22,70.01,75.11,,8813,0.00,167538.00,NO,NO,2026-06-29,7913500.00
7000,ORBX,41.01,41.38,15205.00,ETF,ETF,6.00,43.00,14.00,,1.29,1.07,23601.00,20610.00,79.72,37.88,0,NO,42.69,43.41,,43.58,,,124,0.00,15205.00,NO,NO,2026-05-27,587100.00
7001,RDDT,159.91,156.47,5058758.00,Communication Services,Internet Content & Information,6.00,78.00,4.00,76.00,6.54,6.25,5856200.00,4062110.00,263.50,119.27,30766127104,NO,152.45,154.04,166.65,156.68,159.30,,641,0.00,5058758.00,NO,NO,2024-03-21,48705500.00
7002,BCE,18.78,19.96,9300400.00,Communication Services,Telecom Services,6.00,1.00,10.00,5.00,0.47,0.45,3892135.00,4760350.00,26.52,18.68,17512835072,NO,20.97,22.31,23.70,22.20,23.11,,11063,0.00,9300400.00,YES,NO,2008-11-26,22231800.00
7003,VRTL,22.90,23.16,144005.00,ETF,ETF,6.00,11.00,0.00,0.00,1.72,1.52,189979.00,218140.00,73.00,14.00,0,NO,23.84,27.49,36.35,27.85,39.98,,389,0.00,144005.00,NO,NO,2025-10-22,1792500.00
7004,HD,290.74,295.47,4560131.00,Consumer Cyclical,Home Improvement Retail,6.00,18.00,9.00,9.00,6.59,6.10,4312917.00,5885240.00,397.63,277.15,290068267008,NO,293.68,317.68,337.47,315.68,324.66,,11354,0.00,4560131.00,NO,NO,1984-08-17,117113850.00
7005,KSLV,23.73,23.08,45569.00,ETF,ETF,6.00,8.00,36.00,2.00,0.71,0.45,94392.00,101840.00,59.97,22.85,0,NO,24.74,26.02,32.77,26.18,29.13,,259,0.00,45569.00,NO,NO,2026-01-30,751500.00
7006,AGO,70.03,70.72,342195.00,Financial Services,Insurance - Specialty,6.00,21.00,7.00,8.00,1.42,1.36,418882.00,482820.00,92.40,67.24,3079863808,NO,69.85,73.71,80.46,72.92,77.65,,5652,0.00,342195.00,NO,NO,2008-07-22,37464500.00
7007,OMAB,90.28,90.43,250102.00,Industrials,Airports & Air Services,6.00,9.00,8.00,4.00,2.95,2.86,103006.00,221260.00,134.99,88.22,4357921792,NO,97.12,101.02,108.85,100.08,105.60,,4996,0.00,250102.00,NO,NO,2006-11-29,12208800.00
7008,YGLD,30.92,30.18,26614.00,ETF,ETF,6.00,10.00,50.00,3.00,0.85,0.62,12203.00,12830.00,59.22,29.71,0,NO,31.79,34.07,39.44,34.34,35.89,,464,0.00,26614.00,NO,NO,2024-12-23,271100.00
7009,FUL,49.56,50.44,469580.00,Basic Materials,Specialty Chemicals,6.00,22.00,11.00,4.00,1.95,1.89,776112.00,1161700.00,68.63,46.70,2667771136,NO,50.17,54.55,59.12,54.36,57.94,,13523,0.00,469580.00,NO,NO,2006-09-27,3686400.00
7010,AVGG,23.10,22.90,172193.00,ETF,ETF,6.00,44.00,6.00,5.00,1.28,1.10,289931.00,337430.00,49.44,17.87,0,NO,22.54,25.17,27.43,24.85,28.27,,352,0.00,172193.00,NO,NO,2026-06-04,2452000.00
7011,AVGX,39.71,39.38,308007.00,ETF,ETF,6.00,48.00,7.00,5.00,2.21,1.89,690510.00,731890.00,84.80,30.84,0,NO,38.66,43.15,47.16,42.66,48.54,,535,0.00,308007.00,NO,NO,2026-06-04,9632200.00
7012,MAGC,18.05,17.21,16375.00,ETF,ETF,6.00,69.00,27.00,10.00,0.31,0.12,6509.00,5290.00,28.31,16.28,0,NO,17.84,18.90,20.38,18.77,19.32,,506,0.00,16375.00,NO,NO,2024-10-07,2711400.00
7013,AVGU,29.42,29.22,116571.00,ETF,ETF,6.00,40.00,6.00,5.00,1.61,1.38,150035.00,207030.00,63.45,22.99,0,NO,28.74,32.12,35.09,31.75,36.22,,313,0.00,116571.00,NO,NO,2026-06-04,1014600.00
7014,GGAL,36.81,36.76,805732.00,Financial Services,Banks - Regional,6.00,1.00,2.00,4.00,1.53,1.38,895900.00,1108760.00,62.52,31.14,6237581312,NO,39.17,42.45,46.98,41.47,45.51,,6592,0.00,805732.00,NO,NO,2019-08-12,30223700.00
7015,EIX,55.30,54.30,4837219.00,Utilities,Utilities - Regulated Electric,6.00,31.00,2.00,3.00,1.37,1.36,4846904.00,5681810.00,81.62,51.10,21280212992,NO,54.20,61.90,68.05,61.17,68.84,,13473,0.26,4837219.00,NO,NO,1988-06-27,197825400.00
7016,GOLF,79.18,79.14,409651.00,Consumer Cyclical,Leisure,6.00,11.00,2.00,6.00,2.25,2.21,358235.00,324910.00,119.65,75.16,4624511488,NO,82.35,87.01,94.47,85.75,94.72,,2500,0.00,409651.00,NO,NO,2016-10-28,6904800.00
7017,ACHX,23.07,20.49,308.00,ETF,ETF,6.00,0.00,8.00,,1.67,1.14,785.00,1000.00,48.57,19.97,0,NO,26.05,30.84,,30.75,,,71,0.00,1600.00,NO,NO,2026-06-30,9600.00
7018,TEX,50.67,52.35,1672551.00,Industrials,Farm & Heavy Construction Machinery,6.00,3.00,3.00,5.00,2.42,2.19,1226632.00,1688830.00,74.69,41.70,5791580672,NO,56.33,61.26,62.19,61.37,62.35,,11735,0.00,1672551.00,NO,NO,2009-05-29,23281700.00
7019,HII,264.80,265.02,393705.00,Industrials,Aerospace & Defense,6.00,15.00,19.00,2.00,7.42,7.08,499065.00,586600.00,460.00,256.79,10434337792,NO,269.09,291.20,342.39,288.04,315.54,,3912,0.00,393705.00,NO,NO,2018-01-02,9026900.00
7020,ODDZ,21.16,21.04,8.00,ETF,ETF,6.00,5.00,5.00,,0.29,0.09,350.00,410.00,27.57,20.75,0,NO,22.16,23.95,,23.77,,,108,0.52,500.00,NO,NO,2026-05-06,49400.00
7021,AA,42.20,42.83,4068751.00,Basic Materials,Aluminum,6.00,4.00,9.00,0.00,1.33,1.24,4583082.00,3746330.00,84.38,35.01,11136978944,NO,43.72,47.45,57.84,47.20,56.18,,16302,0.00,4068751.00,NO,NO,2009-03-19,100751769.00
7022,CCUP,21.91,20.10,89842.00,ETF,ETF,6.00,2.00,97.00,0.00,2.54,2.30,401786.00,96480.00,216.30,11.80,0,NO,23.42,23.06,36.20,23.90,33.21,,294,1.19,89842.00,NO,NO,2026-07-10,1796800.00
7023,TXT,74.16,73.22,1488480.00,Industrials,Aerospace & Defense,6.00,13.00,6.00,6.00,1.74,1.73,1737025.00,1890120.00,101.57,71.87,12895606784,NO,77.33,81.50,89.25,81.22,87.53,,13523,0.22,1488480.00,NO,NO,2009-04-30,43547500.00
7024,SDS,52.47,53.06,3747006.00,ETF,ETF,6.00,14.00,18.00,4.00,0.85,0.75,2793203.00,3857530.00,80.50,51.97,0,NO,54.02,54.21,61.70,53.88,59.21,,5093,0.00,3747006.00,NO,NO,2025-11-26,12628000.00
7025,LWAY,22.16,21.09,241787.00,Consumer Defensive,Packaged Foods,6.00,5.00,1.00,17.00,0.78,0.73,148545.00,143700.00,32.71,17.31,334765504,NO,22.32,25.06,24.60,24.82,25.59,,9515,0.00,241787.00,NO,NO,2019-06-20,2154800.00
7026,BLCK,22.01,22.52,20.00,ETF,ETF,6.00,5.00,19.00,,0.51,0.21,476.00,250.00,29.68,20.86,0,NO,24.09,23.55,,23.65,,,108,0.00,400.00,NO,NO,2026-05-06,45400.00
7027,APLD,23.68,23.85,23535071.00,Technology,Information Technology Services,6.00,9.00,6.00,13.00,1.53,1.43,18772009.00,25483800.00,50.73,19.00,7160527360,NO,25.47,27.02,32.09,26.92,31.98,,1127,0.00,23535071.00,YES,NO,2025-06-02,239746500.00
7028,BBUC,26.67,26.24,272472.00,Industrials,Conglomerates,6.00,68.00,13.00,5.00,0.69,0.65,328079.00,311320.00,38.25,24.80,5479138816,NO,25.73,27.36,31.91,27.32,30.63,,1154,0.00,272472.00,NO,NO,2026-06-26,6931400.00
7029,CPRT,27.32,27.48,7281888.00,Industrials,Specialty Business Services,6.00,5.00,50.00,7.00,0.67,0.67,10712218.00,9382810.00,45.89,26.39,25307346944,NO,28.34,30.23,33.20,30.31,31.06,,8196,0.00,7281888.00,NO,NO,2002-09-18,277684800.00
7030,HRL,19.19,19.42,6312126.00,Consumer Defensive,Packaged Foods,6.00,10.00,4.00,15.00,0.44,0.44,4701832.00,6129210.00,26.60,19.16,10561231872,NO,20.12,22.07,23.06,21.71,22.62,,11737,0.00,6312126.00,NO,NO,2009-03-03,48811200.00
7031,CARG,28.85,29.24,1672152.00,Communication Services,Internet Content & Information,6.00,3.00,8.00,8.00,1.34,1.33,1149693.00,1853430.00,41.22,26.39,2569769984,NO,31.37,34.14,33.39,34.14,33.44,,2260,0.00,1672152.00,NO,NO,2023-06-16,20623500.00
7032,DPC,38.73,38.84,826838.00,Industrials,Aerospace & Defense,6.00,8.00,6.00,,2.09,2.08,1104653.00,1207560.00,57.25,37.65,5785991680,NO,40.81,44.35,,44.11,,,75,0.00,826838.00,NO,NO,2026-06-25,18650400.00
7033,SARK,23.56,24.10,104427.00,ETF,ETF,6.00,10.00,8.00,3.00,0.60,0.53,137089.00,111110.00,35.67,22.27,0,NO,23.84,25.20,28.54,24.78,27.87,,1234,0.00,104427.00,NO,NO,2023-03-13,3684533.00
7034,PGJ,22.18,21.58,24703.00,ETF,ETF,6.00,50.00,21.00,8.00,0.34,0.22,20746.00,22730.00,32.97,21.25,0,NO,22.02,23.33,25.86,23.18,24.49,,5493,2.13,24703.00,NO,NO,2007-11-08,4354500.00
7035,IMVP,18.26,18.03,13960.00,ETF,ETF,6.00,16.00,14.00,7.00,0.20,0.12,37915.00,22240.00,26.75,17.95,0,NO,18.88,19.62,21.23,19.56,20.34,,4680,1.16,13960.00,NO,NO,2016-12-30,9166600.00
7036,ERIE,222.04,226.54,151387.00,Financial Services,Insurance Brokers,6.00,10.00,13.00,10.00,7.11,6.96,268412.00,157130.00,330.54,204.63,11610441728,NO,229.46,244.12,247.36,243.67,236.62,,7807,0.00,151387.00,NO,NO,2024-09-20,5408500.00
7037,BXDC,16.66,16.86,2279936.00,Real Estate,REIT - Specialty,6.00,2.00,5.00,,0.65,0.65,1558921.00,2713210.00,22.90,16.43,1676827392,NO,18.35,19.52,,19.40,,,103,0.00,2279936.00,NO,NO,2026-09-18,17411400.00
7038,LMTL,29.06,28.99,10294.00,ETF,ETF,6.00,7.00,15.00,1.00,1.04,0.99,20693.00,20210.00,59.71,25.71,0,NO,30.46,34.46,38.59,33.79,35.64,,297,0.00,10294.00,NO,NO,2026-07-23,221500.00
7039,TYD,20.05,20.13,26093.00,ETF,ETF,6.00,12.00,10.00,6.00,0.38,0.32,24754.00,47450.00,26.82,19.58,0,NO,20.49,21.74,23.83,21.59,23.10,,4399,0.00,26093.00,NO,NO,2011-07-01,1149800.00
7040,WGMI,40.24,40.23,329660.00,ETF,ETF,6.00,4.00,3.00,24.00,2.23,2.08,602839.00,600170.00,76.94,31.79,0,NO,45.93,46.64,48.94,46.33,51.10,,1172,0.00,329660.00,NO,NO,2025-03-04,2252000.00
7041,ACAD,19.78,19.58,1470141.00,Healthcare,Biotechnology,6.00,0.00,3.00,14.00,0.94,0.86,1846031.00,2643980.00,30.96,19.32,3387045632,NO,22.86,26.34,24.21,25.96,23.86,,5628,0.10,1470141.00,NO,NO,2012-11-27,60106100.00
7042,SNN,27.24,26.96,982895.00,Healthcare,Medical Devices,6.00,45.00,10.00,6.00,0.46,0.42,1654689.00,1252300.00,37.51,26.12,11400382464,NO,27.20,28.53,31.35,28.26,30.12,,6765,0.89,982895.00,NO,NO,2014-05-28,6735055.00
7043,VMC,244.58,246.26,1102611.00,Basic Materials,Building Materials,6.00,32.00,7.00,7.00,6.48,6.25,1083960.00,1348750.00,331.09,237.03,31692367872,NO,245.22,261.61,282.97,260.61,276.49,,13523,0.00,1102611.00,NO,NO,2009-06-12,13891000.00
7044,AKTS,18.15,17.74,361043.00,Healthcare,Biotechnology,6.00,0.00,1.00,61.00,0.97,0.94,366062.00,323000.00,34.19,14.72,1009493888,NO,20.06,22.86,,22.72,21.98,,189,0.00,361043.00,NO,NO,2026-03-20,3904300.00
7045,NFX,20.11,20.89,321.00,ETF,ETF,6.00,2.00,8.00,,0.69,0.22,753.00,220.00,28.57,18.28,0,NO,21.13,23.71,,23.43,,,68,0.00,321.00,NO,NO,2026-07-07,9600.00
7046,EPRT,25.37,25.05,1657026.00,Real Estate,REIT - Retail,6.00,4.00,5.00,4.00,0.47,0.45,1885276.00,2160460.00,34.73,24.62,5500691456,NO,26.37,28.81,30.73,28.59,30.38,,2087,0.00,1657026.00,NO,NO,2019-10-10,16078700.00
7047,CHIQ,16.17,15.70,26911.00,ETF,ETF,6.00,60.00,26.00,5.00,0.22,0.16,27139.00,21390.00,23.80,15.45,0,NO,16.00,16.99,18.92,16.86,17.99,,4240,1.59,26911.00,NO,NO,2021-05-19,6258400.00
7048,VC,85.43,86.15,281611.00,Consumer Cyclical,Auto Parts,6.00,2.00,6.00,14.00,2.53,2.39,468539.00,543000.00,126.95,83.49,2280470016,NO,91.00,98.67,101.25,98.31,103.21,,4028,0.00,281611.00,NO,NO,2018-07-10,5116700.00
7049,NLY,18.30,18.27,10380671.00,Real Estate,REIT - Mortgage,6.00,2.00,5.00,7.00,0.51,0.45,9209693.00,17888050.00,24.52,17.76,13792973824,NO,19.99,21.75,22.31,21.57,21.96,,7296,0.00,10380671.00,YES,NO,2022-09-16,75349775.00
7050,VKTX,28.51,27.73,4030535.00,Healthcare,Biotechnology,6.00,5.00,2.00,7.00,3.18,2.38,4133682.00,7785680.00,43.15,25.77,3625481216,NO,31.73,32.79,33.01,32.33,32.87,,2881,0.43,4030535.00,NO,NO,2022-12-19,96447900.00
7051,MP,46.14,46.14,4113787.00,Basic Materials,Other Industrial Metals & Mining,6.00,6.00,19.00,7.00,2.13,1.84,5883848.00,5292950.00,100.25,37.81,8217607168,NO,47.99,51.59,56.56,52.03,54.63,,1584,0.00,4113787.00,NO,NO,2025-07-10,86416200.00
7052,URAN,34.78,34.55,980.00,ETF,ETF,6.00,5.00,19.00,5.00,0.83,0.57,6043.00,4270.00,55.15,34.04,0,NO,35.75,37.86,42.57,37.67,40.38,,513,0.00,980.00,NO,NO,2026-07-07,97800.00
7053,AAP,42.30,42.40,1308312.00,Consumer Cyclical,Auto Parts,6.00,33.00,3.00,4.00,1.58,1.49,1933512.00,1778340.00,65.20,37.89,2554919936,NO,41.27,46.16,51.48,45.40,52.63,,6255,0.00,1308312.00,NO,NO,2025-05-22,27499800.00
7054,QCMD,16.50,16.43,19112.00,ETF,ETF,6.00,38.00,52.00,0.00,0.46,0.39,20706.00,12790.00,29.55,12.57,0,NO,15.71,17.21,20.49,16.99,18.76,,326,0.00,19112.00,NO,NO,2026-05-07,509200.00
7055,BFAM,69.45,68.89,581146.00,Consumer Cyclical,Personal Services,6.00,90.00,19.00,9.00,1.96,1.83,825303.00,723830.00,109.86,57.63,3377721600,NO,65.94,69.69,76.53,69.30,72.21,,3448,0.00,581146.00,NO,NO,2026-05-13,10150700.00
7056,UFPI,74.21,76.45,477391.00,Basic Materials,Lumber & Wood Production,6.00,11.00,10.00,4.00,2.33,2.17,440179.00,446490.00,118.00,74.02,4093534208,NO,79.05,84.19,90.71,83.37,85.86,,8284,0.00,477391.00,NO,NO,2023-02-22,17550900.00
7057,NLR,103.35,102.38,396934.00,ETF,ETF,6.00,4.00,23.00,4.00,3.03,2.49,385785.00,420700.00,168.12,101.12,0,NO,106.38,113.18,128.57,112.67,121.98,,4819,0.89,396934.00,NO,NO,2025-10-22,1763500.00
7058,BCAX,17.50,17.26,715973.00,Healthcare,Biotechnology,6.00,0.00,0.00,7.00,1.21,1.19,623171.00,819520.00,30.99,13.70,1158026368,NO,19.71,22.67,21.29,22.26,22.94,,520,0.00,715973.00,NO,NO,2025-05-23,7213700.00
7059,CNM,40.35,40.37,1284417.00,Industrials,Industrial Distribution,6.00,46.00,13.00,5.00,1.15,1.09,2233242.00,2106710.00,59.66,39.41,7442295296,NO,41.85,43.42,48.88,43.23,46.46,,1311,0.00,1284417.00,NO,NO,2023-11-10,23872700.00
7060,ACES,27.48,27.61,4523.00,ETF,ETF,6.00,10.00,7.00,6.00,0.52,0.41,49459.00,16250.00,43.00,27.25,0,NO,28.32,29.99,33.77,29.92,33.40,,2081,0.00,4523.00,NO,NO,2022-06-23,1543500.00
7061,EFSCP,16.50,16.46,3241.00,Financial Services,Banks - Regional,6.00,12.00,6.00,8.00,0.63,0.55,3628.00,9590.00,24.08,15.90,0,NO,16.90,18.40,19.73,18.30,19.50,,1232,0.00,3241.00,NO,NO,2024-03-22,368800.00
7062,AMSC,30.52,30.95,744020.00,Industrials,Specialty Industrial Machinery,6.00,88.00,12.00,6.00,1.42,1.36,721512.00,756820.00,70.49,24.87,1478454272,NO,29.86,30.23,35.65,30.30,37.38,,8768,0.00,744020.00,NO,NO,2023-08-01,48611100.00
7063,UPW,19.60,19.29,19043.00,ETF,ETF,6.00,16.00,5.00,4.00,0.56,0.46,21778.00,24590.00,26.80,17.57,0,NO,18.83,20.53,22.98,20.33,22.77,,4954,0.21,19043.00,NO,NO,2011-01-25,2851200.00
7064,VICI,22.88,22.79,8043030.00,Real Estate,REIT - Diversified,6.00,11.00,9.00,6.00,0.35,0.34,9628995.00,10407670.00,31.69,22.43,25192652800,NO,23.45,24.98,27.30,24.85,26.67,,2205,0.00,8043030.00,NO,NO,2022-06-07,198882200.00
7065,CQQQ,43.88,43.07,393814.00,ETF,ETF,6.00,19.00,6.00,16.00,0.79,0.47,889931.00,970260.00,58.92,42.91,0,NO,45.67,48.04,51.15,47.82,49.89,,4205,1.07,393814.00,NO,NO,2025-10-10,8899700.00
7066,ATMU,42.81,42.62,524187.00,Consumer Cyclical,Auto Parts,6.00,15.00,7.00,2.00,1.44,1.37,693898.00,759810.00,66.50,40.75,3493104640,NO,44.44,47.47,53.73,47.06,51.49,,846,0.00,524187.00,NO,NO,2024-03-20,14939200.00
7067,JMKE,17.70,17.30,2642614.00,Consumer Cyclical,Restaurants,6.00,1.00,,,0.83,0.81,4071064.00,3690400.00,24.99,15.96,5622209024,NO,17.99,20.55,,20.47,,,51,1.16,2642614.00,NO,NO,2026-07-30,36089100.00
7068,STRT,63.73,64.30,43131.00,Consumer Cyclical,Auto Parts,6.00,6.00,4.00,4.00,1.79,1.79,83912.00,57800.00,93.00,57.01,253964880,NO,66.65,74.06,78.12,73.78,76.39,,7960,0.00,43131.00,NO,NO,1996-08-02,892000.00
7069,SLGN,35.44,35.80,868467.00,Consumer Cyclical,Packaging & Containers,6.00,9.00,4.00,8.00,1.02,1.01,1317309.00,1348460.00,49.55,33.70,3745370624,NO,36.31,39.30,41.58,39.19,40.42,,7459,0.00,868467.00,NO,NO,1997-02-14,27013600.00
7070,SPCM,19.91,19.44,828167.00,ETF,ETF,5.00,95.00,91.00,,1.46,1.40,960734.00,1058450.00,46.71,9.04,0,NO,18.26,16.33,,16.87,,,82,0.00,828167.00,NO,NO,2026-08-10,4071400.00
7071,PUK,23.92,23.88,804658.00,Financial Services,Insurance - Life,5.00,5.00,7.00,5.00,0.44,0.32,1097831.00,1459460.00,34.03,23.31,29409794048,NO,25.24,26.87,29.11,26.62,28.12,,6609,0.00,804658.00,NO,NO,2010-05-20,6585409.00
7072,BL,29.77,29.25,881553.00,Technology,Software - Application,5.00,80.00,47.00,34.00,1.03,0.95,996943.00,911850.00,59.57,24.70,1730389376,NO,28.13,29.89,34.70,29.93,30.51,,2500,0.44,881553.00,NO,NO,2024-03-15,11261500.00
7073,BBWI,17.34,17.71,6897185.00,Consumer Cyclical,Specialty Retail,5.00,53.00,8.00,26.00,0.65,0.61,6220046.00,7374740.00,27.40,14.28,3496529664,NO,16.96,18.31,19.85,18.38,19.11,,11221,0.00,6897185.00,NO,NO,2020-04-22,61636370.00
7074,IBM,227.13,226.61,3347106.00,Technology,Information Technology Services,5.00,28.00,4.00,35.00,5.64,5.05,8093806.00,5744840.00,332.46,199.19,213986983936,NO,228.84,232.08,253.53,232.59,243.56,,16302,0.00,3347106.00,NO,NO,1999-10-21,72639156.00
7075,COHX,25.67,24.11,2479153.00,ETF,ETF,5.00,85.00,3.00,1.00,3.38,3.25,1164190.00,1341410.00,75.64,16.10,0,NO,25.24,26.69,,28.00,38.12,,162,0.00,2479153.00,NO,NO,2026-08-12,3901500.00
7076,KGRN,21.68,21.39,26454.00,ETF,ETF,5.00,31.00,21.00,3.00,0.29,0.25,13785.00,16350.00,31.32,21.01,0,NO,21.53,22.73,26.02,22.63,25.20,,2259,0.49,26454.00,NO,NO,2023-04-06,587900.00
7077,INT,18.56,19.64,95067.00,ETF,ETF,5.00,78.00,,,2.07,1.91,35035.00,50450.00,28.30,12.66,0,NO,22.48,19.12,,19.28,,,65,0.00,95067.00,NO,NO,2026-10-08,125400.00
7078,CTGO,16.73,16.28,245168.00,Basic Materials,Gold,5.00,5.00,69.00,3.00,0.83,0.70,376143.00,364300.00,34.38,14.50,559462784,NO,17.74,18.66,21.65,18.77,19.09,,3974,0.00,245168.00,NO,NO,2026-06-18,3880700.00
7079,SPXC,169.46,168.58,342179.00,Industrials,Building Products & Equipment,5.00,7.00,4.00,5.00,5.28,5.04,537787.00,692800.00,251.08,166.17,8487549952,NO,174.54,193.29,210.52,192.42,207.96,,11737,0.00,342179.00,NO,NO,2004-02-27,64421533.00
7080,PIPR,65.28,64.38,540118.00,Financial Services,Capital Markets,5.00,3.00,14.00,5.00,2.56,2.46,653459.00,1071270.00,95.06,62.69,4613356544,NO,69.21,73.04,78.88,73.07,76.65,,5729,0.78,540118.00,NO,NO,2005-04-20,15896000.00
7081,DRMP,21.53,21.57,9464.00,ETF,ETF,5.00,64.00,10.00,,0.57,0.41,11084.00,4620.00,34.00,17.26,0,NO,21.89,21.71,,21.87,,,84,0.00,9464.00,NO,NO,2026-06-24,104200.00
7082,OTIS,65.95,66.11,3692504.00,Industrials,Specialty Industrial Machinery,5.00,29.00,13.00,7.00,1.50,1.45,4075642.00,4859420.00,94.56,63.58,25105141760,NO,66.79,69.74,77.53,69.46,72.83,,1649,0.00,3692504.00,NO,NO,2020-04-03,22551600.00
7083,URNM,46.50,46.09,455868.00,ETF,ETF,5.00,3.00,18.00,3.00,1.64,1.40,581981.00,715580.00,84.95,45.45,0,NO,49.18,52.94,60.22,52.68,56.45,,1721,0.67,455868.00,NO,NO,2026-05-26,3967600.00
7084,CQTM,21.65,21.73,15602.00,ETF,ETF,5.00,20.00,9.00,,0.66,0.60,17982.00,16340.00,35.04,21.14,0,NO,23.15,24.11,,24.14,,,109,0.00,15602.00,NO,NO,2026-06-23,110000.00
7085,VRTS,131.22,131.59,86922.00,Financial Services,Asset Management,5.00,3.00,6.00,24.00,3.82,3.79,133662.00,134470.00,195.00,121.61,869029376,NO,131.71,150.86,148.34,149.72,146.25,,4470,0.00,86922.00,NO,NO,2017-01-27,1283800.00
7086,BC,61.48,62.35,537080.00,Consumer Cyclical,Recreational Vehicles,5.00,4.00,5.00,5.00,1.88,1.78,734117.00,744330.00,90.25,58.56,3983745792,NO,65.81,73.35,78.40,72.85,77.14,,11284,0.00,537080.00,NO,NO,1983-08-12,20013600.00
7087,VSNT,30.64,31.77,1233916.00,Communication Services,Entertainment,5.00,1.00,8.00,4.00,1.01,0.98,1732039.00,1833880.00,59.00,27.17,4264171264,NO,33.31,36.50,37.04,36.34,37.94,,206,0.00,1233916.00,NO,NO,2026-01-05,41362800.00
7088,IP,32.12,31.88,3689678.00,Consumer Cyclical,Packaging & Containers,5.00,14.00,9.00,11.00,0.93,0.90,5095712.00,5815770.00,50.25,29.26,17009783808,NO,33.70,37.18,37.85,36.84,36.04,,16302,0.22,3689678.00,NO,NO,2025-02-04,58185500.00
7089,FCN,136.16,140.50,274537.00,Industrials,Consulting Services,5.00,7.00,7.00,4.00,5.16,5.01,429540.00,567540.00,189.30,129.12,3759592192,NO,138.29,146.89,161.45,146.06,157.48,,7654,0.00,274537.00,NO,NO,2008-11-06,12389000.00
7090,CLX,83.80,83.44,1496915.00,Consumer Defensive,Household & Personal Products,5.00,16.00,11.00,5.00,2.21,2.00,2897342.00,2808700.00,128.90,79.12,10134620160,NO,83.55,94.13,100.97,93.20,95.67,,13523,0.00,1496915.00,NO,NO,2011-07-15,18113700.00
7091,FIG,22.50,22.63,7790297.00,Technology,Software - Application,5.00,71.00,25.00,86.00,1.02,1.00,17383028.00,9194450.00,70.40,16.60,11992721408,NO,22.03,24.23,24.17,23.94,21.98,,301,0.00,7790297.00,NO,NO,2026-05-15,77424700.00
7092,LOW,186.00,188.85,2645934.00,Consumer Cyclical,Home Improvement Retail,5.00,16.00,13.00,4.00,4.61,4.41,3169529.00,3330180.00,293.06,178.45,104356044800,NO,188.59,202.19,230.08,201.58,216.40,,11737,0.00,2645934.00,NO,NO,1992-08-14,63788800.00
7093,KOLD,24.75,25.68,3951267.00,ETF,ETF,5.00,2.00,11.00,35.00,2.08,1.71,2732100.00,4042280.00,49.47,13.44,0,NO,27.21,28.73,26.04,28.64,25.83,,3774,0.00,3951267.00,NO,NO,2022-11-23,97627200.00
7094,RRR,49.51,50.37,486062.00,Consumer Cyclical,Resorts & Casinos,5.00,7.00,3.00,11.00,2.07,2.04,906437.00,1077630.00,68.99,47.49,5049412096,NO,50.98,56.43,59.02,55.81,57.88,,2629,0.00,486062.00,NO,NO,2016-04-27,13630200.00
7095,IREN,35.19,35.71,37655795.00,Financial Services,Capital Markets,5.00,1.00,14.00,12.00,2.37,2.23,42779276.00,38357510.00,76.87,28.93,13866924032,NO,42.42,41.72,45.59,41.89,45.23,,1228,0.00,37655795.00,YES,NO,2026-05-11,112561500.00
7096,MCD,235.23,236.90,5946968.00,Consumer Cyclical,Restaurants,5.00,11.00,9.00,4.00,4.78,4.67,5107993.00,6232650.00,341.75,229.20,166458523648,NO,239.82,255.65,287.73,254.33,275.11,,15167,0.00,5946968.00,NO,NO,2006-10-05,86981300.00
7097,CTRI,20.90,20.81,1198146.00,Utilities,Utilities - Regulated Gas,5.00,79.00,5.00,1.00,0.71,0.68,1833776.00,1914090.00,42.98,19.03,2110127872,NO,20.19,21.38,27.83,21.15,27.50,,621,0.00,1198146.00,NO,NO,2025-09-04,13812700.00
7098,GIS,32.29,32.59,7584785.00,Consumer Defensive,Packaged Foods,5.00,6.00,11.00,13.00,1.01,1.00,9697076.00,12385060.00,49.71,31.18,17265047552,NO,34.09,36.71,38.41,36.60,35.78,,11737,0.00,7584785.00,NO,NO,2025-03-21,48561100.00
7099,AVL,37.60,37.28,796050.00,ETF,ETF,5.00,43.00,6.00,5.00,2.11,1.83,928826.00,1474480.00,80.21,28.95,0,NO,36.65,40.94,44.57,40.47,45.93,,501,0.00,796050.00,NO,NO,2026-09-03,5195000.00
7100,NOC,480.72,484.48,612884.00,Industrials,Aerospace & Defense,5.00,11.00,11.00,3.00,11.58,10.38,849728.00,1100220.00,774.00,470.06,68292538368,NO,503.15,531.90,596.09,528.46,562.53,,11284,0.00,612884.00,NO,NO,2002-10-17,28409961.00
7101,ROAD,86.81,88.33,494033.00,Industrials,Engineering & Construction,5.00,6.00,18.00,3.00,4.20,3.85,861584.00,688050.00,151.00,85.22,4926949888,NO,92.35,102.71,113.15,103.38,110.56,,2120,0.00,494033.00,NO,NO,2026-07-21,8955200.00
7102,TNC,65.93,65.94,98444.00,Industrials,Specialty Industrial Machinery,5.00,20.00,3.00,8.00,1.86,1.71,198817.00,149460.00,91.93,60.18,1124060672,NO,67.12,70.02,76.69,68.96,77.77,,13522,0.00,98444.00,NO,NO,2011-08-22,2527300.00
7103,KWEB,24.93,24.02,32944566.00,ETF,ETF,5.00,72.00,25.00,10.00,0.47,0.32,17027906.00,16457270.00,41.60,23.23,0,NO,24.57,25.91,28.87,25.75,26.83,,3318,2.11,32944566.00,YES,NO,2022-03-16,103268500.00
7104,LEN,76.69,77.60,3803868.00,Consumer Cyclical,Residential Construction,5.00,43.00,18.00,9.00,3.27,3.01,3712012.00,6705610.00,133.76,73.75,18244569088,NO,79.58,82.85,93.41,82.66,86.50,,11737,0.00,3803868.00,NO,NO,2009-01-09,61237411.00
7105,LIFT,20.98,20.97,587.00,ETF,ETF,5.00,24.00,13.00,6.00,0.07,0.01,707.00,720.00,30.50,20.93,0,NO,21.52,22.10,24.95,21.95,23.83,,263,0.00,587.00,NO,NO,2026-01-02,20000.00
7106,LAZ,36.75,35.82,933473.00,Financial Services,Capital Markets,5.00,4.00,12.00,5.00,1.30,1.26,1671256.00,1485130.00,58.75,34.76,3581308672,NO,36.49,40.71,45.24,40.80,43.07,,5392,0.98,933473.00,NO,NO,2005-05-05,34955500.00
7107,ORA,88.92,88.64,536417.00,Utilities,Utilities - Renewable,5.00,9.00,6.00,4.00,2.82,2.32,853307.00,707080.00,146.39,87.06,5468307968,NO,92.66,100.52,113.41,100.74,112.12,,5512,0.00,536417.00,NO,NO,2022-07-06,7526700.00
7108,SMG,49.86,50.43,957131.00,Basic Materials,Agricultural Inputs,5.00,5.00,4.00,6.00,1.80,1.72,1027123.00,1323100.00,75.34,47.90,2902862848,NO,51.42,57.23,62.13,56.34,61.20,,8734,0.00,957131.00,NO,NO,1992-01-31,19977200.00
7109,SPAL,19.58,19.08,1157338.00,ETF,ETF,5.00,95.00,91.00,,1.45,1.39,1364089.00,1099960.00,46.57,8.91,0,NO,17.95,16.06,,16.58,,,82,0.00,1157338.00,NO,NO,2026-08-07,5058300.00
7110,NEN,50.00,49.75,125.00,Real Estate,Real Estate Services,5.00,9.00,9.00,7.00,0.96,0.34,700.00,360.00,72.50,48.01,173390896,NO,51.24,53.84,59.27,53.80,57.25,,9795,0.00,125.00,NO,NO,2006-07-07,229800.00
7111,NBTX,23.68,22.90,93496.00,Healthcare,Biotechnology,5.00,0.00,0.00,5.00,2.05,1.80,150178.00,170680.00,57.14,14.78,1205771648,NO,30.82,36.35,33.45,35.29,36.39,,1463,2.66,93496.00,NO,NO,2023-05-05,39763000.00
7112,AXON,422.89,417.31,723295.00,Industrials,Aerospace & Defense,5.00,4.00,3.00,85.00,15.82,15.43,941825.00,1056500.00,764.02,339.01,34354491392,NO,435.90,518.68,493.03,512.14,471.94,,6365,0.56,723295.00,NO,NO,2004-04-21,134827600.00
7113,NVOH,21.79,21.58,65.00,ETF,ETF,5.00,7.00,5.00,56.00,0.53,0.36,1550.00,1560.00,34.36,19.00,0,NO,22.03,23.87,24.77,23.68,23.94,,440,0.00,6000.00,NO,NO,2025-12-23,36800.00
7114,SE,95.25,92.89,7565560.00,Consumer Cyclical,Internet Retail,5.00,5.00,9.00,69.00,2.70,2.37,4345993.00,4341750.00,189.78,77.05,58339151872,NO,99.47,109.26,102.21,108.24,96.69,,2254,1.25,7565560.00,NO,NO,2023-08-15,52278000.00
7115,IPGP,78.27,77.74,245714.00,Technology,Semiconductor Equipment & Materials,5.00,59.00,2.00,1.00,3.04,2.89,468751.00,436540.00,155.82,69.41,3329178368,NO,78.71,80.03,101.41,80.08,100.92,,4986,0.00,245714.00,NO,NO,2006-12-13,10771500.00
7116,CPB,19.21,19.37,7043784.00,Consumer Defensive,Packaged Foods,5.00,9.00,9.00,19.00,0.59,0.57,7044662.00,8808950.00,32.04,18.60,5729088000,NO,20.03,21.71,22.98,21.48,21.50,,13523,0.00,7043784.00,NO,NO,2026-06-18,62142100.00
7117,EVR,271.86,266.75,520205.00,Financial Services,Capital Markets,5.00,21.00,5.00,5.00,7.61,7.49,514962.00,537060.00,388.71,251.13,10455130112,NO,264.14,284.69,323.00,283.35,316.86,,5071,1.41,520205.00,NO,NO,2018-03-23,7295000.00
7118,DISK,36.03,35.93,112848.00,ETF,ETF,5.00,13.00,22.00,,1.37,1.10,268821.00,125110.00,50.46,28.35,0,NO,38.36,37.36,,37.83,,,72,0.00,112848.00,NO,NO,2026-07-29,1376500.00
7119,CIEX,17.14,15.28,33780.00,ETF,ETF,5.00,98.00,8.00,,1.37,1.26,22139.00,39280.00,23.96,8.72,0,NO,12.21,13.25,,13.37,,,71,10.60,33780.00,NO,NO,2026-09-03,277500.00
7120,SYM,42.63,42.06,1149848.00,Industrials,Specialty Industrial Machinery,5.00,81.00,57.00,5.00,1.57,1.51,1616198.00,1338010.00,87.88,37.68,25806702592,NO,43.06,42.26,50.04,42.09,46.32,,1405,0.00,1149848.00,NO,NO,2024-11-27,21916600.00
7121,RSI,18.90,20.32,2672505.00,Consumer Cyclical,Gambling,5.00,0.00,0.00,12.00,1.12,1.07,2921648.00,2819960.00,34.53,15.51,4616268800,NO,21.50,24.20,24.02,23.79,25.91,,1623,0.00,2672505.00,NO,NO,2026-06-18,18868400.00
7122,WANT,36.10,35.16,10250.00,ETF,ETF,5.00,66.00,10.00,13.00,1.13,0.90,24481.00,19630.00,57.27,31.87,0,NO,34.48,38.43,43.00,38.49,40.72,,1975,1.79,10250.00,NO,NO,2022-05-25,459300.00
7123,RBA,85.84,84.03,2144158.00,Industrials,Specialty Business Services,5.00,88.00,4.00,7.00,2.27,2.19,1724085.00,1719240.00,119.33,78.05,15897567232,NO,82.86,86.27,101.40,85.26,98.93,,7192,0.00,2144158.00,NO,NO,2024-06-21,27178500.00
7124,VSTL,26.69,24.90,362964.00,ETF,ETF,5.00,95.00,24.00,12.00,2.15,1.97,165270.00,547970.00,73.47,18.63,0,NO,21.86,22.08,29.31,22.03,26.36,,308,2.65,362964.00,NO,NO,2026-10-05,1216900.00
7125,PDD,81.35,78.26,6810145.00,Consumer Cyclical,Internet Retail,5.00,83.00,30.00,6.00,1.75,1.60,6346518.00,4982020.00,139.41,71.94,115793297408,NO,78.38,83.08,93.77,82.38,88.09,,2063,1.33,6810145.00,NO,NO,2024-08-26,103174600.00
7126,BYD,68.93,70.00,1018841.00,Consumer Cyclical,Resorts & Casinos,5.00,6.00,5.00,5.00,1.97,1.85,1004667.00,1293530.00,91.41,65.00,5008137728,NO,70.98,76.90,83.00,76.32,82.03,,8302,0.00,1018841.00,NO,NO,2013-08-02,22654900.00
7127,SAH,60.56,61.51,228185.00,Consumer Cyclical,Auto & Truck Dealerships,5.00,1.00,1.00,12.00,2.86,2.76,308107.00,381330.00,113.67,54.11,1914592512,NO,64.49,73.87,73.30,72.93,77.51,,7271,0.00,228185.00,NO,NO,2009-09-18,10268600.00
7128,TIMB,17.98,18.70,1075512.00,Communication Services,Telecom Services,5.00,14.00,6.00,1.00,0.65,0.49,564425.00,711350.00,28.22,17.14,8541453824,NO,18.52,18.33,22.29,18.15,21.59,,7017,0.00,1075512.00,NO,NO,2012-07-19,10590000.00
7129,LZB,29.22,29.55,486185.00,Consumer Cyclical,"Furnishings, Fixtures & Appliances",5.00,17.00,2.00,9.00,0.73,0.67,652437.00,686320.00,44.90,28.79,1170342016,NO,29.86,33.61,35.92,33.25,35.52,,13523,0.00,486185.00,NO,NO,2003-12-09,6321300.00
7130,FTAI,169.96,171.06,962946.00,Industrials,Aerospace & Defense,5.00,16.00,5.00,2.00,7.71,6.93,1467496.00,1397700.00,323.51,149.50,17456609280,NO,177.18,194.38,235.66,192.32,225.20,,2869,0.00,962946.00,NO,NO,2025-01-15,20029100.00
7131,SNDX,16.99,16.90,1459040.00,Healthcare,Biotechnology,5.00,6.00,2.00,2.00,0.81,0.81,1553606.00,1644090.00,25.59,12.99,1505484288,NO,17.80,19.00,20.79,18.86,20.53,,2668,0.06,1459040.00,NO,NO,2020-04-28,15078100.00
7132,BHF,48.53,48.99,853123.00,Financial Services,Insurance - Life,5.00,19.00,2.00,5.00,1.63,1.62,918820.00,693320.00,66.80,44.51,2791036160,NO,50.43,53.59,60.43,53.02,59.29,,2322,0.00,853123.00,NO,NO,2019-04-02,28621700.00
7133,DOO,52.96,54.39,266189.00,Consumer Cyclical,Recreational Vehicles,5.00,4.00,13.00,2.00,1.85,1.84,262914.00,283450.00,81.89,48.83,3768120064,NO,56.75,60.97,64.72,61.19,60.94,,3314,0.00,266189.00,NO,NO,2026-04-15,4952100.00
7134,CORZ,15.41,15.36,6922948.00,Technology,Software - Infrastructure,5.00,5.00,1.00,7.00,0.89,0.86,11908459.00,11625830.00,30.46,13.36,4951856128,NO,16.87,18.11,19.82,17.85,20.78,,681,0.00,6922948.00,NO,NO,2025-07-07,107713800.00
7135,ADIG,16.80,17.20,305220.00,Technology,Computer Hardware,5.00,1.00,,,1.09,1.08,971542.00,755330.00,30.99,16.77,1275509760,NO,19.25,21.22,,20.76,,,51,0.00,305220.00,NO,NO,2026-08-10,3017800.00
7136,CALX,37.24,36.08,1432296.00,Technology,Software - Infrastructure,5.00,88.00,21.00,4.00,1.23,1.18,1117307.00,1102230.00,71.22,32.35,2344779008,NO,34.84,36.80,43.81,36.68,39.99,,4163,0.00,1432296.00,NO,NO,2024-03-15,11724100.00
7137,NYAX,45.60,45.43,8577.00,Technology,Software - Infrastructure,5.00,23.00,2.00,4.00,1.66,1.20,24851.00,32890.00,76.86,39.17,1704256384,NO,45.54,50.83,58.93,49.96,60.44,,1017,0.13,8577.00,NO,NO,2022-09-22,398600.00
7138,HSAI,16.01,15.61,530104.00,Consumer Cyclical,Auto Parts,5.00,9.00,79.00,2.00,0.54,0.43,1406873.00,793840.00,29.35,14.29,20126775296,NO,16.26,17.31,20.70,17.43,18.61,,920,2.50,530104.00,NO,NO,2024-11-26,36501600.00
7139,STN,66.86,67.87,191205.00,Industrials,Engineering & Construction,5.00,19.00,37.00,4.00,1.52,1.49,382700.00,389190.00,114.52,65.35,7515044352,NO,68.75,71.40,81.67,71.16,75.87,,5328,0.00,191205.00,NO,NO,2021-09-17,1290300.00
7140,LOFF,19.30,18.86,2187376.00,ETF,ETF,5.00,95.00,90.00,,1.44,1.38,2247415.00,1829420.00,46.68,8.86,0,NO,17.74,15.91,,16.42,,,82,0.00,2187376.00,NO,NO,2026-08-07,9220100.00
7141,PALL,20.77,20.49,1143551.00,ETF,ETF,5.00,6.00,15.00,3.00,0.57,0.36,833545.00,804070.00,39.48,20.20,0,NO,22.30,23.55,26.62,23.68,24.45,,4214,1.27,1143551.00,NO,NO,2026-01-30,11070000.00
7142,ASMZ,20.50,21.08,39.00,ETF,ETF,5.00,82.00,16.00,,0.70,0.30,725.00,670.00,28.00,16.27,0,NO,19.78,19.98,,20.25,,,71,0.00,1600.00,NO,NO,2026-06-30,8900.00
7143,SYK,277.33,276.97,1476433.00,Healthcare,Medical Devices,5.00,77.00,7.00,6.00,6.61,6.51,2640020.00,2609450.00,392.55,267.00,106376306688,NO,276.96,304.80,328.32,301.73,314.03,,11737,0.01,1476433.00,NO,NO,2000-12-11,37376800.00
7144,BITI,17.91,18.00,1398077.00,ETF,ETF,5.00,12.00,1.00,3.00,0.43,0.37,1410787.00,1490520.00,30.93,16.86,0,NO,17.87,20.00,23.69,19.60,23.22,,1081,0.00,1398077.00,NO,NO,2026-02-05,11169600.00
7145,AS,28.14,27.45,4094589.00,Consumer Cyclical,Leisure,4.00,76.00,6.00,5.00,0.79,0.77,6322150.00,5521920.00,42.76,26.10,16372470784,NO,27.26,30.22,34.36,30.08,33.19,,675,0.58,4094589.00,NO,NO,2025-05-20,19816200.00
7146,TPLX,21.68,20.03,6.00,ETF,ETF,4.00,7.00,3.00,,1.02,0.12,640.00,630.00,34.48,17.91,0,NO,20.52,22.49,,21.83,,,75,5.34,5100.00,NO,NO,2026-06-24,9500.00
7147,AMTM,19.29,18.97,1270664.00,Industrials,Specialty Business Services,4.00,45.00,23.00,3.00,0.61,0.59,2036221.00,2040100.00,38.11,17.72,4716529152,NO,19.13,20.43,25.30,20.38,22.60,,513,0.47,1270664.00,NO,NO,2024-12-20,37788800.00
7148,PII,51.60,52.81,411238.00,Consumer Cyclical,Recreational Vehicles,4.00,5.00,3.00,18.00,1.59,1.52,819501.00,830390.00,77.98,47.14,2936221696,NO,53.72,60.91,63.54,60.27,63.29,,9841,0.00,411238.00,NO,NO,2010-11-10,11163800.00
7149,UVV,42.00,43.18,266393.00,Consumer Defensive,Tobacco,4.00,11.00,6.00,5.00,0.89,0.85,319645.00,367840.00,59.38,41.10,1045768768,NO,42.97,45.30,51.36,44.80,50.27,,13523,0.00,266393.00,NO,NO,2024-03-15,3903100.00
7150,LEVI,18.70,19.05,8694790.00,Consumer Cyclical,Apparel Manufacturing,4.00,11.00,3.00,6.00,0.59,0.56,2804823.00,5578710.00,25.70,17.72,7170884096,NO,19.77,21.14,21.72,20.91,22.01,,1900,0.00,8694790.00,NO,NO,2019-03-21,43433700.00
7151,BEPC,29.63,29.38,1420518.00,Utilities,Utilities - Renewable,4.00,22.00,9.00,2.00,0.74,0.70,1834362.00,2013520.00,45.18,27.57,5500599808,NO,29.08,31.51,37.08,31.39,35.60,,1561,0.44,1420518.00,NO,NO,2021-06-25,15446300.00
7152,FBIN,39.01,39.31,1284371.00,Industrials,Building Products & Equipment,4.00,39.00,3.00,28.00,1.40,1.32,2321415.00,2193630.00,64.84,32.34,4656681472,NO,39.12,43.35,45.98,42.88,42.72,,3788,0.00,1284371.00,NO,NO,2016-06-23,37212552.00
7153,WY,19.10,19.17,9929207.00,Real Estate,REIT - Specialty,4.00,3.00,5.00,4.00,0.55,0.53,6321221.00,10440200.00,27.75,18.26,13766057984,NO,20.12,22.53,24.04,22.21,23.52,,13473,0.00,9929207.00,YES,NO,2014-07-03,57594700.00
7154,SEDG,32.21,32.47,1220087.00,Technology,Solar,4.00,4.00,0.00,4.00,1.96,1.77,3093085.00,2485100.00,81.25,28.21,1981744256,NO,33.54,33.78,42.29,32.80,45.63,,2903,0.00,1220087.00,NO,NO,2025-06-17,33137600.00
7155,OSIS,194.91,193.36,134839.00,Technology,Electronic Components,4.00,27.00,15.00,2.00,5.30,5.22,232348.00,173210.00,311.72,186.50,3107249152,NO,197.85,209.51,243.28,207.29,229.81,,7300,0.33,134839.00,NO,NO,2000-03-17,22021400.00
7156,FSLR,177.82,178.85,1287834.00,Technology,Solar,4.00,3.00,5.00,10.00,6.92,6.55,2269379.00,2164000.00,320.95,168.60,19110279168,NO,185.23,205.04,222.07,203.39,218.37,,5003,0.00,1287834.00,NO,NO,2013-04-09,40171200.00
7157,TSLQ,16.52,17.23,7092045.00,ETF,ETF,4.00,5.00,15.00,1.00,1.05,0.95,5543932.00,4545110.00,29.76,14.78,0,NO,18.02,20.18,20.49,19.52,20.74,,1065,0.00,7092045.00,NO,NO,2025-09-15,35040967.00
7158,CAMC,16.41,17.25,72.00,ETF,ETF,4.00,84.00,26.00,,1.01,0.14,239.00,180.00,25.88,12.46,0,NO,16.30,16.79,,17.26,,,74,0.00,100.00,NO,NO,2026-06-24,10200.00
7159,TDCL,16.81,16.54,20.00,ETF,ETF,4.00,96.00,,,0.44,0.08,2359.00,420.00,24.89,12.46,0,NO,15.72,15.34,,15.03,,,63,0.00,20.00,NO,NO,2026-08-05,49500.00
7160,GLXY,20.33,20.09,3851476.00,Financial Services,Capital Markets,4.00,2.00,10.00,18.00,1.43,1.36,5778867.00,4886180.00,45.92,16.43,11980414976,NO,23.29,23.01,24.82,23.17,24.82,,352,0.00,3851476.00,NO,NO,2025-10-28,31326900.00
7161,NVDD,28.65,28.50,153656.00,ETF,ETF,4.00,14.00,8.00,4.00,0.64,0.53,193153.00,266400.00,42.78,27.01,0,NO,29.15,30.10,34.55,29.78,33.07,,772,0.00,153656.00,NO,NO,2025-09-25,3858720.00
7162,WATS,19.79,19.79,365.00,ETF,ETF,4.00,20.00,9.00,,0.40,0.13,1189.00,1500.00,32.27,18.42,0,NO,20.23,20.56,,20.63,,,109,0.00,365.00,NO,NO,2026-05-06,47200.00
7163,XRPT,32.07,31.62,145087.00,ETF,ETF,4.00,39.00,96.00,4.00,3.66,2.97,301115.00,320570.00,296.60,18.96,0,NO,36.26,31.67,46.31,32.33,33.50,,348,0.00,145087.00,NO,NO,2026-08-20,1296800.00
7164,TMDX,77.87,79.00,733651.00,Healthcare,Medical Devices,4.00,8.00,68.00,2.00,4.06,3.92,820415.00,770700.00,156.00,60.10,2691258368,NO,83.80,85.74,98.87,85.72,84.37,,1871,0.00,733651.00,NO,NO,2024-10-29,11704800.00
7165,WMTI,19.40,19.31,5763.00,ETF,ETF,4.00,80.00,11.00,3.00,0.35,0.32,26489.00,14150.00,30.34,18.22,0,NO,19.02,19.65,24.37,19.48,22.92,,234,0.00,5763.00,NO,NO,2026-08-20,219600.00
7166,INDL,38.37,37.63,25800.00,ETF,ETF,4.00,7.00,10.00,7.00,0.81,0.40,12892.00,20120.00,61.00,37.25,0,NO,40.52,43.37,46.47,43.21,43.97,,4172,1.86,25800.00,NO,NO,2020-05-18,1196600.00
7167,PTHS,20.50,20.50,45019.00,Healthcare,Biotechnology,4.00,8.00,4.00,14.00,1.23,1.23,60071.00,30640.00,37.50,18.19,78483616,NO,21.47,24.32,24.88,23.83,24.86,,664,0.00,45019.00,NO,NO,2025-04-17,3960440.00
7168,PXED,26.01,26.15,105269.00,Consumer Defensive,Education & Training Services,4.00,29.00,3.00,17.00,0.93,0.93,105457.00,89550.00,38.19,23.52,937592256,NO,25.94,27.35,29.47,27.30,29.20,,252,0.00,105269.00,NO,NO,2025-10-09,3557600.00
7169,AD,33.39,33.66,294081.00,Communication Services,Telecom Services,4.00,4.00,42.00,2.00,0.82,0.79,206573.00,244880.00,60.82,32.68,2887532032,NO,35.05,35.73,44.14,35.74,41.45,,9681,0.00,294081.00,NO,NO,2023-08-04,7528500.00
7170,PAR,15.51,15.43,596414.00,Technology,Software - Application,4.00,4.00,14.00,89.00,0.72,0.71,887718.00,869120.00,40.54,11.59,641535616,NO,14.99,17.09,18.79,17.24,15.71,,11050,0.00,596414.00,NO,NO,2026-03-13,15298300.00
7171,SFM,65.14,66.01,2749986.00,Consumer Defensive,Grocery Stores,4.00,6.00,6.00,8.00,2.39,2.34,1951584.00,2343020.00,114.34,61.88,6074150400,NO,67.06,75.97,77.50,74.80,78.94,,3318,0.00,2749986.00,NO,NO,2016-02-08,27242700.00
7172,STOK,24.74,23.95,704952.00,Healthcare,Biotechnology,4.00,2.00,7.00,3.00,1.30,1.29,855134.00,1126460.00,40.22,20.32,1596379136,NO,26.41,29.41,31.45,29.03,30.85,,1838,0.13,704952.00,NO,NO,2024-03-26,19469000.00
7173,ROCK,36.66,37.48,426755.00,Industrials,Building Products & Equipment,4.00,2.00,12.00,14.00,1.74,1.66,325807.00,339460.00,75.08,33.56,1087405952,NO,40.92,44.58,44.11,44.21,41.66,,8287,0.00,426755.00,NO,NO,2007-01-09,3592000.00
7174,CALM,64.35,64.83,1198164.00,Consumer Defensive,Farm Products,4.00,4.00,3.00,8.00,2.63,2.53,1110392.00,1870200.00,95.57,61.88,3005827840,NO,69.04,76.17,79.61,74.91,78.10,,7503,0.00,1198164.00,NO,NO,2004-03-29,11822400.00
7175,CRCA,18.22,16.73,564195.00,ETF,ETF,4.00,1.00,96.00,0.00,2.13,1.98,1013156.00,427210.00,204.45,10.07,0,NO,19.60,19.44,32.10,20.15,28.98,,296,3.41,564195.00,NO,NO,2026-02-25,7380560.00
7176,NFLX,70.30,71.57,29022504.00,Communication Services,Entertainment,4.00,10.00,26.00,2.00,1.54,1.47,37142832.00,36612300.00,124.86,65.08,292724965376,NO,71.66,75.33,83.45,74.96,81.43,,6135,0.00,29022504.00,YES,NO,2004-10-15,3234140000.00
7177,MNSX,20.59,19.91,8.00,ETF,ETF,4.00,80.00,4.00,,0.50,0.02,259.00,170.00,31.97,18.85,0,NO,20.50,22.44,,22.08,,,75,3.16,200.00,NO,NO,2026-06-24,9500.00
7178,ROOT,49.13,48.56,127058.00,Financial Services,Insurance - Property & Casualty,4.00,12.00,4.00,70.00,1.51,1.47,230467.00,190230.00,91.00,40.91,761183488,NO,48.63,52.12,55.92,51.79,53.24,,1494,0.00,127058.00,NO,NO,2024-10-31,13509200.00
7179,SPCF,19.07,18.63,1385668.00,ETF,ETF,4.00,95.00,89.00,,1.42,1.36,2429954.00,1695470.00,46.71,8.85,0,NO,17.57,15.82,,16.32,,,82,0.00,1385668.00,NO,NO,2026-08-07,12279300.00
7180,CROB,20.16,19.98,1384.00,ETF,ETF,4.00,9.00,,,0.26,0.13,6791.00,2370.00,33.01,19.98,0,NO,21.29,,,,,,38,0.55,1384.00,NO,NO,2026-08-26,34900.00
7181,MLM,478.35,481.57,457205.00,Basic Materials,Building Materials,4.00,18.00,7.00,4.00,12.73,12.33,691692.00,796520.00,710.97,470.19,33972123648,NO,488.40,513.54,585.82,512.28,560.16,,8215,0.00,457205.00,NO,NO,2014-07-01,18481700.00
7182,REM,17.49,17.56,1768109.00,ETF,ETF,4.00,2.00,5.00,5.00,0.42,0.40,828515.00,2230180.00,24.05,17.13,0,NO,18.78,20.57,21.83,20.42,21.44,,4890,0.00,1768109.00,NO,NO,2022-10-11,8511700.00
7183,ALB,101.27,102.10,2510005.00,Basic Materials,Specialty Chemicals,4.00,2.00,5.00,1.00,3.43,2.91,2310876.00,2144440.00,221.00,88.01,11950371840,NO,108.62,121.66,154.45,121.82,148.42,,8213,0.00,2510005.00,NO,NO,2016-06-30,24895500.00
7184,CSV,33.69,33.73,277375.00,Consumer Cyclical,Personal Services,4.00,84.00,8.00,2.00,1.09,1.05,174587.00,236100.00,52.10,30.11,535074528,NO,32.04,33.84,40.64,33.56,39.61,,7590,0.00,277375.00,NO,NO,2014-03-13,2073400.00
7185,TGLS,37.57,37.84,301959.00,Basic Materials,Building Materials,4.00,38.00,10.00,9.00,1.50,1.39,286162.00,422540.00,65.33,34.05,1666778624,NO,36.00,39.22,44.18,38.97,41.87,,3625,0.00,301959.00,NO,NO,2021-12-09,11093300.00
7186,SPCU,15.23,14.87,1418684.00,ETF,ETF,4.00,95.00,89.00,,1.13,1.09,2201687.00,1510610.00,37.35,7.07,0,NO,14.04,12.63,,13.04,,,82,0.00,1418684.00,NO,NO,2026-08-07,14240900.00
7187,SGI,62.19,62.34,1171123.00,Consumer Cyclical,"Furnishings, Fixtures & Appliances",4.00,15.00,9.00,5.00,1.94,1.81,3102659.00,2780410.00,98.56,60.08,14318574592,NO,63.30,64.85,75.74,64.85,70.20,,5738,0.00,1171123.00,NO,NO,2012-06-06,167095200.00
7188,POST,74.82,74.23,585062.00,Consumer Defensive,Packaged Foods,4.00,12.00,9.00,3.00,1.72,1.70,940017.00,737290.00,117.28,71.45,3288848128,NO,74.90,79.57,93.54,78.74,89.72,,3697,0.00,585062.00,NO,NO,2014-08-08,19394598.00
7189,MEMY,16.50,16.31,192.00,ETF,ETF,4.00,71.00,8.00,10.00,0.17,0.04,1625.00,1530.00,25.91,16.03,0,NO,16.36,16.74,,16.71,19.13,,183,0.86,192.00,NO,NO,2026-07-15,30400.00
7190,LASR,38.48,38.31,621744.00,Technology,Semiconductors,4.00,36.00,0.00,1.00,1.60,1.58,1164164.00,868790.00,86.95,28.05,2219918592,NO,39.54,46.02,57.91,43.87,60.62,,2126,0.00,621744.00,NO,NO,2026-06-26,5746600.00
7191,ISUL,17.68,16.98,23070.00,ETF,ETF,4.00,98.00,52.00,4.00,0.75,0.71,83295.00,29970.00,42.60,11.06,0,NO,15.89,14.92,22.09,15.00,18.28,,254,0.88,23070.00,NO,NO,2026-07-17,998200.00
7192,SETH,32.63,32.84,9929.00,ETF,ETF,4.00,41.00,1.00,3.00,0.76,0.58,29375.00,29940.00,62.82,29.19,0,NO,31.07,35.46,44.91,34.52,43.99,,736,0.00,9929.00,NO,NO,2025-10-10,510675.00
7193,QURE,22.59,22.54,1513347.00,Healthcare,Biotechnology,4.00,0.00,0.00,93.00,3.14,2.16,1965093.00,5487510.00,71.50,8.73,1566987392,NO,33.81,41.55,29.71,40.94,33.00,,3189,0.00,1513347.00,NO,NO,2025-09-24,70079700.00
7194,NVO,38.64,38.18,9381643.00,Healthcare,Drug Manufacturers - General,4.00,4.00,4.00,49.00,0.74,0.69,12639184.00,13323900.00,64.16,35.12,170570678272,NO,39.44,43.43,45.40,43.32,43.71,,11454,0.00,9381643.00,YES,NO,1984-10-16,258000000.00
7195,BIRK,33.65,33.12,884284.00,Consumer Cyclical,Footwear & Accessories,4.00,92.00,2.00,11.00,1.06,1.00,2288418.00,1900800.00,50.73,29.93,5556496896,NO,32.26,34.48,38.85,34.54,38.57,,752,0.21,884284.00,NO,NO,2023-10-11,15725600.00
7196,XYL,102.71,101.99,1894199.00,Industrials,Specialty Industrial Machinery,4.00,24.00,8.00,5.00,2.48,2.36,2211453.00,2501740.00,154.27,98.58,23981430784,NO,104.29,110.39,120.13,109.21,114.21,,3769,0.28,1894199.00,NO,NO,2023-05-25,20241700.00
7197,TRN,25.52,25.40,476649.00,Industrials,Railroads,4.00,6.00,1.00,3.00,0.84,0.81,702728.00,871620.00,38.31,24.76,2033165312,NO,27.06,28.50,31.55,28.29,32.04,,13473,0.00,476649.00,NO,NO,2016-02-19,32522741.00
7198,ASIX,16.24,16.70,242716.00,Basic Materials,Chemicals,4.00,24.00,3.00,2.00,0.53,0.52,273412.00,275270.00,26.73,14.10,438499264,NO,16.32,16.93,19.65,16.57,20.11,,2531,0.00,242716.00,NO,NO,2016-10-03,6622200.00
7199,CMCSA,20.66,21.21,32651519.00,Communication Services,Telecom Services,4.00,1.00,9.00,3.00,0.57,0.53,29073290.00,30171290.00,32.86,20.48,73314836480,NO,22.25,24.46,26.54,24.40,25.11,,11737,0.00,32651519.00,YES,NO,2007-10-25,276688892.00
7200,CELC,67.94,67.87,1277636.00,Healthcare,Biotechnology,4.00,1.00,1.00,0.00,4.92,4.87,1236432.00,1659110.00,151.02,45.03,3324433920,NO,77.58,85.83,103.66,84.61,101.14,,2276,0.00,1277636.00,NO,NO,2025-07-28,27636800.00
