Rank,Ticker,Price,Prev_Close,DVol,Sector,Industry,RS Percentile,1M_RS Percentile,3M_RS Percentile,6M_RS Percentile,ATR,ADR,AvgVol,AvgVol10,52WKH,52WKL,MCAP,IPO,SMA20,SMA50,SMA200,SMA10W,SMA30W,Earning_Date,History_Days,Gap (%),Latest Volume,9M+ Volume,HVE,HVE Date,HVE Volume
2401,CZWI,21.30,21.20,24938.00,Financial Services,Banks - Regional,67.00,60.00,20.00,50.00,0.48,0.46,52646.00,52400.00,24.43,14.61,205549920,NO,21.57,21.39,20.31,21.45,21.24,,5664,0.00,24938.00,NO,NO,2025-06-27,1136800.00
2402,XOVR,21.76,21.29,925106.00,ETF,ETF,67.00,86.00,70.00,85.00,0.36,0.32,1398433.00,666700.00,21.87,16.37,0,NO,21.11,20.41,19.30,20.64,19.49,,2236,0.14,925106.00,NO,NO,2026-06-12,32373500.00
2403,KOKU,131.85,132.57,26.00,ETF,ETF,67.00,63.00,74.00,69.00,0.75,0.00,157.00,100.00,135.94,112.19,0,NO,133.23,133.29,126.29,133.79,128.31,,1628,0.00,100.00,NO,NO,2020-09-15,2563000.00
2404,FLCE,31.84,31.58,2258.00,ETF,ETF,67.00,69.00,69.00,71.00,0.23,0.15,4174.00,5460.00,32.31,26.48,0,NO,31.69,31.72,30.03,31.83,30.50,,446,0.00,2258.00,NO,NO,2024-12-23,1456700.00
2405,COFS,33.11,32.87,84778.00,Financial Services,Banks - Regional,67.00,53.00,54.00,72.00,0.70,0.69,80200.00,83080.00,35.40,26.10,495177280,NO,33.30,33.61,31.15,33.69,31.90,,6358,0.00,84778.00,NO,NO,2025-06-27,1207400.00
2406,QDF,91.02,90.65,34108.00,ETF,ETF,67.00,59.00,66.00,69.00,0.73,0.59,25231.00,29090.00,93.89,76.95,0,NO,90.96,91.70,86.35,91.86,87.98,,3467,0.00,34108.00,NO,NO,2016-02-16,4766600.00
2407,RZV,141.29,140.28,4004.00,ETF,ETF,67.00,27.00,36.00,66.00,1.53,1.15,7922.00,4710.00,153.79,109.88,0,NO,143.31,147.54,136.98,147.59,140.83,,5177,0.00,4004.00,NO,NO,2017-11-02,828300.00
2408,HAPS,36.69,36.60,59.00,ETF,ETF,67.00,36.00,43.00,74.00,0.17,0.02,142.00,160.00,38.86,29.42,0,NO,37.30,37.80,34.64,37.81,35.58,,869,0.00,100.00,NO,NO,2023-04-20,450100.00
2409,FINT,36.26,35.90,1253.00,ETF,ETF,67.00,53.00,62.00,59.00,0.33,0.18,5063.00,4160.00,37.44,29.98,0,NO,36.62,36.59,34.92,36.75,35.53,,446,0.99,1253.00,NO,NO,2024-12-23,1515000.00
2410,EFNL,53.35,52.52,9513.00,ETF,ETF,67.00,51.00,65.00,50.00,0.86,0.57,44623.00,59790.00,58.30,42.34,0,NO,54.74,53.95,52.18,54.31,53.24,,3693,0.84,9513.00,NO,NO,2026-06-08,2183300.00
2411,ACVU,31.20,31.03,80352.00,ETF,ETF,67.00,43.00,55.00,67.00,0.24,0.18,8058.00,6750.00,32.58,25.66,0,NO,31.53,31.92,29.76,31.98,30.41,,744,0.13,80352.00,NO,NO,2025-12-29,585000.00
2412,IWLG,58.29,57.67,3805.00,ETF,ETF,67.00,85.00,76.00,79.00,0.59,0.35,19841.00,13730.00,58.43,45.70,0,NO,56.69,56.29,54.08,56.69,54.65,,1074,1.02,3805.00,NO,NO,2026-04-28,7581900.00
2413,CGUS,44.94,44.58,977322.00,ETF,ETF,67.00,67.00,66.00,72.00,0.45,0.38,1117809.00,897650.00,46.80,37.20,0,NO,44.61,44.99,42.55,45.15,43.30,,1156,0.76,977322.00,NO,NO,2025-08-15,10263500.00
2414,PRK,183.15,179.16,89379.00,Financial Services,Banks - Regional,67.00,26.00,53.00,62.00,3.65,3.54,104477.00,110890.00,215.00,149.06,3308450816,NO,183.97,194.84,175.80,195.00,180.66,,9087,0.92,89379.00,NO,NO,2020-07-31,2983600.00
2415,RWL,129.79,129.17,305557.00,ETF,ETF,67.00,36.00,60.00,65.00,1.08,0.98,272511.00,327600.00,135.88,108.43,0,NO,131.67,132.88,124.42,133.04,126.93,,4673,0.46,305557.00,NO,NO,2025-01-23,5144600.00
2416,FRTY,23.87,23.63,9345.00,ETF,ETF,67.00,89.00,64.00,79.00,0.40,0.34,20490.00,17450.00,24.82,18.46,0,NO,22.97,22.92,21.89,23.02,22.15,,1405,0.00,9345.00,NO,NO,2025-12-10,559800.00
2417,GGLL,99.06,96.11,1843956.00,ETF,ETF,67.00,78.00,7.00,78.00,5.30,4.93,1393209.00,1686000.00,153.00,59.18,0,NO,99.46,101.62,106.03,102.39,108.34,,1022,1.76,1843956.00,NO,NO,2025-05-07,11451700.00
2418,OPBK,15.48,15.23,43485.00,Financial Services,Banks - Regional,67.00,78.00,75.00,67.00,0.30,0.29,48225.00,53380.00,16.83,12.41,231156880,NO,15.28,15.41,14.45,15.42,14.63,,5322,0.13,43485.00,NO,NO,2018-03-28,1751400.00
2419,IWY,298.70,295.62,385200.00,ETF,ETF,67.00,84.00,77.00,76.00,3.74,3.09,334642.00,351000.00,303.12,238.75,0,NO,291.28,287.33,278.19,289.40,281.17,,4280,0.00,385200.00,NO,NO,2023-03-15,5490600.00
2420,TKNQ,25.60,25.97,1368.00,ETF,ETF,67.00,80.00,88.00,72.00,0.57,0.24,1450.00,1750.00,27.08,21.01,0,NO,25.69,24.56,,24.75,23.38,,195,0.00,1368.00,NO,NO,2026-01-28,12600.00
2421,RUSC,36.73,36.38,11019.00,ETF,ETF,67.00,43.00,32.00,67.00,0.37,0.27,7514.00,9640.00,39.30,28.87,0,NO,36.95,37.78,35.43,37.81,36.45,,349,0.00,11019.00,NO,NO,2025-06-10,533200.00
2422,TFFI,21.60,21.59,6769.00,ETF,ETF,67.00,81.00,85.00,58.00,0.33,0.30,10022.00,11900.00,22.22,19.00,0,NO,21.49,20.77,,20.85,20.22,,154,0.00,6769.00,NO,NO,2026-02-27,867800.00
2423,VMAX,62.52,62.43,597.00,ETF,ETF,67.00,33.00,58.00,61.00,0.33,0.15,752.00,540.00,65.74,51.19,0,NO,64.04,64.37,59.92,64.42,61.38,,708,0.07,597.00,NO,NO,2024-11-12,786300.00
2424,PRAA,18.87,18.86,462867.00,Financial Services,Credit Services,67.00,72.00,74.00,50.00,1.00,0.97,406746.00,568580.00,22.55,10.25,710417920,NO,19.71,19.16,17.32,19.50,18.30,,6012,0.00,462867.00,NO,NO,2005-11-01,7982700.00
2425,URTH,207.53,205.84,365042.00,ETF,ETF,67.00,65.00,68.00,68.00,2.01,1.59,449631.00,420570.00,211.94,174.24,0,NO,207.40,207.59,196.77,208.41,199.94,,3702,0.00,365042.00,NO,NO,2026-04-30,11521900.00
2426,JHML,90.01,89.44,11801.00,ETF,ETF,67.00,64.00,64.00,68.00,0.71,0.57,29928.00,26000.00,92.58,75.90,0,NO,89.82,90.33,85.49,90.60,87.07,,2768,0.00,11801.00,NO,NO,2016-07-27,7135600.00
2427,ESUM,30.61,30.46,110895.00,ETF,ETF,67.00,68.00,63.00,71.00,0.25,0.21,29150.00,38850.00,31.87,25.46,0,NO,30.39,30.66,28.81,30.75,29.36,,448,0.00,110895.00,NO,NO,2025-06-04,420200.00
2428,SURE,146.15,145.63,993.00,ETF,ETF,67.00,45.00,47.00,68.00,0.91,0.32,644.00,1540.00,153.29,119.18,0,NO,146.78,149.40,139.20,149.50,142.19,,3770,0.00,993.00,NO,NO,2013-10-30,427000.00
2429,CSM,87.51,86.93,3346.00,ETF,ETF,67.00,60.00,69.00,70.00,0.68,0.45,4600.00,4050.00,90.27,72.79,0,NO,87.58,87.93,82.96,88.29,84.36,,4333,0.63,3346.00,NO,NO,2020-04-09,3128600.00
2430,ELIL,26.99,27.37,44389.00,ETF,ETF,67.00,32.00,11.00,88.00,1.36,1.34,87058.00,47980.00,35.13,16.34,0,NO,27.51,29.09,25.95,28.62,25.83,,382,0.00,44389.00,NO,NO,2025-08-07,1728500.00
2431,DFAW,83.75,83.08,64430.00,ETF,ETF,67.00,56.00,62.00,66.00,0.82,0.70,83523.00,98280.00,86.36,69.71,0,NO,84.00,84.42,80.04,84.73,81.50,,757,0.69,64430.00,NO,NO,2026-07-01,651300.00
2432,DUKQ,31.56,31.33,672.00,ETF,ETF,67.00,63.00,59.00,70.00,0.20,0.10,1420.00,1800.00,32.49,26.36,0,NO,31.45,31.63,29.87,31.74,30.47,,560,0.00,672.00,NO,NO,2024-12-23,101600.00
2433,IQDF,34.63,34.26,84006.00,ETF,ETF,67.00,38.00,56.00,57.00,0.42,0.26,50014.00,53420.00,36.52,27.91,0,NO,35.28,35.36,33.67,35.47,34.22,,3388,0.55,84006.00,NO,NO,2020-02-14,6511100.00
2434,CRBN,257.79,255.64,5854.00,ETF,ETF,67.00,65.00,67.00,70.00,2.32,1.54,7258.00,8990.00,262.08,215.28,0,NO,257.33,257.17,244.56,258.24,248.29,,2969,0.73,5854.00,NO,NO,2019-01-09,1256800.00
2435,MNGZ,28.56,27.86,214.00,ETF,ETF,67.00,,,,,,343.00,343.00,31.50,25.00,0,NO,,,,,,,11,0.00,214.00,NO,NO,2026-09-18,1125.00
2436,EDGQ,28.29,28.07,22757.00,ETF,ETF,67.00,84.00,65.00,73.00,0.31,0.26,12346.00,13830.00,30.54,23.23,0,NO,27.66,27.43,,27.63,27.13,,158,0.71,22757.00,NO,NO,2026-09-18,44100.00
2437,TAK,17.86,17.86,2052946.00,Healthcare,Drug Manufacturers - Specialty & Generic,67.00,40.00,81.00,21.00,0.28,0.20,3013382.00,2370540.00,19.10,12.99,57055064064,NO,18.53,18.03,17.16,18.07,17.27,,4212,0.00,2052946.00,NO,NO,2019-01-10,20535900.00
2438,PZIV,29.11,29.11,128.00,ETF,ETF,67.00,29.00,62.00,,0.25,0.12,2533.00,440.00,30.86,25.38,0,NO,29.89,30.11,,30.18,,,128,0.00,128.00,NO,NO,2026-05-14,192800.00
2439,AGOX,33.51,33.47,83654.00,ETF,ETF,66.00,72.00,41.00,81.00,0.51,0.45,52987.00,44690.00,35.80,25.65,0,NO,33.36,33.67,31.72,33.71,32.68,,1357,0.00,83654.00,NO,NO,2021-11-09,836700.00
2440,GLNG,49.21,48.30,1360004.00,Energy,Oil & Gas Midstream,66.00,16.00,55.00,10.00,1.29,1.27,1292522.00,1641620.00,57.79,35.02,5024193024,NO,50.47,50.67,48.59,51.00,51.46,,5843,0.00,1360004.00,NO,NO,2018-05-31,16446500.00
2441,AAAA,30.69,30.46,3954.00,ETF,ETF,66.00,69.00,64.00,68.00,0.22,0.12,5992.00,3030.00,31.06,26.00,0,NO,30.63,30.59,29.14,30.69,29.70,,307,0.00,3954.00,NO,NO,2025-07-31,794300.00
2442,RLY,36.38,36.23,129512.00,ETF,ETF,66.00,33.00,79.00,36.00,0.33,0.28,210441.00,235210.00,38.38,30.58,0,NO,37.18,37.01,35.66,37.06,36.35,,3630,0.19,129512.00,NO,NO,2022-06-28,1752400.00
2443,FFLV,27.75,27.59,7950.00,ETF,ETF,66.00,31.00,54.00,61.00,0.20,0.13,4257.00,3160.00,29.32,22.64,0,NO,28.26,28.67,26.79,28.70,27.33,,654,0.00,7950.00,NO,NO,2025-10-29,261700.00
2444,AIMG,21.12,20.72,6645.00,ETF,ETF,66.00,,,,0.45,0.24,5981.00,5930.00,21.19,18.41,0,NO,,,,,,,17,0.00,6645.00,NO,NO,2026-09-22,13000.00
2445,GOOX,70.47,68.23,137164.00,ETF,ETF,66.00,80.00,7.00,77.00,3.59,3.28,102992.00,140620.00,107.50,41.70,0,NO,70.50,72.26,75.56,72.86,77.00,,684,2.48,137164.00,NO,NO,2025-07-29,677500.00
2446,WSGE,28.37,28.16,21.00,ETF,ETF,66.00,60.00,63.00,68.00,0.19,0.05,1352.00,2880.00,28.97,23.94,0,NO,28.44,28.49,26.91,28.60,27.42,,202,0.00,21.00,NO,NO,2026-03-25,360500.00
2447,HYNE,16.60,16.59,3544.00,Financial Services,Banks - Regional,66.00,74.00,53.00,62.00,0.13,0.12,8298.00,6200.00,16.86,13.35,123907320,NO,16.52,16.47,15.55,16.49,16.07,,208,0.00,3544.00,NO,NO,2025-12-04,1701400.00
2448,BETE,41.11,41.48,2054.00,ETF,ETF,66.00,90.00,96.00,82.00,0.86,0.37,1941.00,1550.00,85.60,26.53,0,NO,39.95,36.05,36.20,36.70,34.17,,754,0.00,2054.00,NO,NO,2025-11-11,37200.00
2449,EGLE,31.92,31.90,15.00,ETF,ETF,66.00,56.00,78.00,73.00,0.16,0.02,149.00,130.00,32.93,26.76,0,NO,32.17,32.09,30.03,32.29,30.49,,366,0.00,100.00,NO,NO,2025-07-28,8000.00
2450,PXH,29.09,28.92,381537.00,ETF,ETF,66.00,42.00,76.00,56.00,0.29,0.25,220695.00,253290.00,30.35,24.35,0,NO,29.53,29.30,28.18,29.44,28.52,,4783,0.45,381537.00,NO,NO,2022-10-25,9164900.00
2451,FLR,49.90,49.33,2065760.00,Industrials,Engineering & Construction,66.00,7.00,41.00,50.00,1.86,1.83,2430787.00,2681810.00,58.35,39.33,6673679360,NO,52.74,52.57,48.81,53.08,49.87,,6496,0.00,2065760.00,NO,NO,2019-06-03,36298000.00
2452,NOW,134.38,137.76,8760611.00,Technology,Software - Application,66.00,54.00,93.00,87.00,5.61,5.26,18356744.00,11317520.00,192.97,81.24,138930388992,NO,136.23,129.19,115.76,131.26,111.19,,3585,0.00,8760611.00,NO,NO,2019-11-20,189014500.00
2453,THD,71.62,70.69,52308.00,ETF,ETF,66.00,61.00,48.00,47.00,1.05,0.52,56447.00,61030.00,75.17,57.52,0,NO,72.96,72.98,69.66,73.15,71.58,,4657,1.20,52308.00,NO,NO,2020-07-31,1446000.00
2454,IVAL,35.92,35.73,173619.00,ETF,ETF,66.00,41.00,69.00,49.00,0.34,0.19,13761.00,15540.00,37.52,29.29,0,NO,36.75,36.71,34.96,36.83,35.43,,2965,0.00,173619.00,NO,NO,2019-11-05,813800.00
2455,IMCB,95.80,95.18,35799.00,ETF,ETF,66.00,48.00,50.00,67.00,0.89,0.74,34530.00,42160.00,101.37,78.89,0,NO,96.28,97.96,91.25,98.10,93.42,,5593,0.59,35799.00,NO,NO,2006-11-17,1572400.00
2456,AMZZ,32.38,31.60,65176.00,ETF,ETF,66.00,36.00,63.00,86.00,1.33,1.15,136131.00,156730.00,43.11,22.21,0,NO,32.63,34.31,32.36,35.21,33.55,,639,0.00,65176.00,NO,NO,2025-10-31,2138200.00
2457,PABU,79.14,78.45,27171.00,ETF,ETF,66.00,78.00,74.00,75.00,0.68,0.34,13041.00,27250.00,80.55,63.89,0,NO,78.48,77.99,74.03,78.44,75.17,,1118,0.00,27171.00,NO,NO,2023-05-23,3605100.00
2458,RMBI,15.44,14.96,61209.00,Financial Services,Banks - Regional,66.00,43.00,80.00,67.00,0.39,0.38,84769.00,173980.00,16.59,12.77,247621200,NO,15.55,15.71,14.72,15.75,15.01,,1824,0.77,61209.00,NO,NO,2019-07-02,2655000.00
2459,NWSA,28.69,28.64,3248490.00,Communication Services,Entertainment,66.00,20.00,84.00,74.00,0.71,0.70,3938663.00,5675000.00,31.66,22.20,15473970176,NO,29.37,29.34,26.56,29.34,27.02,,3343,0.00,3248490.00,NO,NO,2013-06-19,31981500.00
2460,WTIP,37.36,37.49,3204.00,ETF,ETF,66.00,73.00,83.00,31.00,0.30,0.25,7455.00,13930.00,44.26,31.65,0,NO,37.20,36.56,36.35,36.68,37.06,,325,0.00,3204.00,NO,NO,2026-01-05,114100.00
2461,WRBY,27.03,27.49,2864587.00,Healthcare,Medical Instruments & Supplies,66.00,93.00,21.00,88.00,1.76,1.68,2831111.00,4426210.00,31.00,14.96,3341125888,NO,25.00,25.64,25.21,25.68,25.24,,1258,0.00,2864587.00,NO,NO,2025-12-10,23628800.00
2462,VRTX,504.73,506.74,936622.00,Healthcare,Biotechnology,66.00,11.00,32.00,70.00,11.46,11.46,1218947.00,1148950.00,560.25,400.74,127929335808,NO,518.88,518.20,473.62,516.95,475.21,,8862,0.00,936622.00,NO,NO,2013-09-20,42258300.00
2463,TMFX,23.79,23.73,17006.00,ETF,ETF,66.00,47.00,69.00,75.00,0.27,0.22,8017.00,13410.00,26.26,19.32,0,NO,23.78,24.00,22.23,24.06,22.41,,1193,0.00,17006.00,NO,NO,2022-01-12,273800.00
2464,SUNB,77.10,75.61,3172364.00,Industrials,Rental & Leasing Services,66.00,93.00,81.00,80.00,2.64,2.55,4480420.00,4925100.00,86.68,61.03,31592871936,NO,73.34,75.12,,75.49,74.57,,150,1.27,3172364.00,NO,NO,2026-06-18,33730700.00
2465,PRXV,34.82,34.72,8682.00,ETF,ETF,66.00,34.00,54.00,63.00,0.25,0.21,11928.00,10980.00,36.65,29.01,0,NO,35.45,35.82,33.40,35.84,34.12,,374,0.17,8682.00,NO,NO,2025-05-01,1047600.00
2466,PSFM,35.74,35.72,11.00,ETF,ETF,66.00,77.00,73.00,60.00,0.07,0.01,220.00,230.00,35.80,31.03,0,NO,35.63,35.43,33.77,35.54,34.53,,1381,0.00,100.00,NO,NO,2023-07-05,108700.00
2467,FQAL,83.70,83.43,46892.00,ETF,ETF,66.00,61.00,73.00,69.00,0.65,0.56,37798.00,49390.00,85.56,70.44,0,NO,83.67,83.90,79.23,84.14,80.35,,2525,0.00,46892.00,NO,NO,2024-01-29,2264300.00
2468,LGDX,25.56,25.34,17.00,ETF,ETF,66.00,70.00,71.00,72.00,0.14,0.01,166.00,330.00,26.12,21.20,0,NO,25.43,25.48,24.08,25.60,24.53,,400,0.00,2100.00,NO,NO,2025-03-06,1014500.00
2469,BKR,56.00,55.62,3969823.00,Energy,Oil & Gas Equipment & Services,66.00,5.00,80.00,14.00,1.36,1.32,8237073.00,8812320.00,70.41,43.92,55589748736,NO,58.05,60.62,59.35,60.53,60.88,,9949,0.00,3969823.00,NO,NO,2018-11-14,79090500.00
2470,ACVF,55.14,54.73,8138.00,ETF,ETF,66.00,67.00,70.00,70.00,0.41,0.28,5144.00,7230.00,56.90,46.50,0,NO,54.70,55.08,52.11,55.30,52.98,,1488,0.00,8138.00,NO,NO,2021-08-24,142800.00
2471,XDSQ,45.00,44.73,5425.00,ETF,ETF,66.00,75.00,78.00,65.00,0.43,0.29,16949.00,17820.00,45.52,38.37,0,NO,44.70,44.33,42.59,44.56,42.82,,1383,0.00,5425.00,NO,NO,2023-08-17,648000.00
2472,FULT,22.81,22.59,1889623.00,Financial Services,Banks - Regional,66.00,35.00,24.00,62.00,0.44,0.43,1711547.00,2106470.00,25.23,16.60,4354761216,NO,23.25,23.78,22.07,23.77,22.64,,10350,0.00,1889623.00,NO,NO,2023-06-16,33876700.00
2473,CGGO,39.95,39.70,923760.00,ETF,ETF,66.00,65.00,36.00,75.00,0.49,0.40,1167176.00,1081240.00,42.88,31.94,0,NO,39.91,40.12,38.09,40.29,38.92,,1156,0.00,923760.00,NO,NO,2026-01-28,5495700.00
2474,SOBO,33.82,33.51,513983.00,Energy,Oil & Gas Midstream,66.00,10.00,46.00,41.00,0.71,0.66,668266.00,842320.00,39.02,25.02,7054450176,NO,35.16,36.28,33.72,36.14,35.61,,501,0.00,513983.00,NO,NO,2025-03-28,8839100.00
2475,JDVI,39.92,39.59,23692.00,ETF,ETF,66.00,42.00,64.00,57.00,0.49,0.34,71007.00,59820.00,42.61,33.28,0,NO,40.64,40.54,38.49,40.75,38.96,,698,0.00,23692.00,NO,NO,2026-08-06,647900.00
2476,SHC,18.22,18.12,1942390.00,Healthcare,Diagnostics & Research,66.00,34.00,71.00,80.00,0.45,0.44,2561080.00,2106200.00,19.85,13.09,5199528448,NO,18.57,18.63,16.99,18.70,16.79,,1472,0.00,1942390.00,NO,NO,2023-01-10,49454100.00
2477,XLV,166.18,166.20,7141427.00,ETF,ETF,66.00,33.00,73.00,66.00,2.23,2.22,8727614.00,8569430.00,176.60,141.05,0,NO,168.38,168.53,156.70,168.35,156.89,,6987,0.00,7141427.00,NO,NO,2015-09-28,66470200.00
2478,MSLC,60.44,60.12,97295.00,ETF,ETF,66.00,67.00,70.00,71.00,0.50,0.39,65696.00,83240.00,61.68,50.20,0,NO,60.23,60.31,57.03,60.55,57.94,,453,0.00,97295.00,NO,NO,2025-03-28,1990800.00
2479,AEM,183.69,180.59,1593835.00,Basic Materials,Gold,66.00,19.00,91.00,9.00,6.28,5.06,2680203.00,1781720.00,255.24,134.38,93014163456,NO,194.98,187.78,189.08,191.56,183.08,,13518,1.63,1593835.00,NO,NO,2009-10-30,15153000.00
2480,IBCP,36.37,35.57,232913.00,Financial Services,Banks - Regional,66.00,59.00,67.00,55.00,0.69,0.65,195182.00,227910.00,39.24,29.83,749314240,NO,36.26,37.10,35.13,37.14,35.37,,10349,1.63,232913.00,NO,NO,2014-06-27,3002400.00
2481,TWOX,30.39,30.20,3668.00,ETF,ETF,66.00,75.00,78.00,66.00,0.24,0.10,966.00,1000.00,30.68,26.01,0,NO,30.19,29.93,28.72,30.08,28.86,,430,0.00,3668.00,NO,NO,2026-07-01,295000.00
2482,SDMF,27.44,27.40,14629.00,ETF,ETF,66.00,84.00,84.00,57.00,0.32,0.26,20258.00,14950.00,28.47,24.44,0,NO,26.74,26.25,,26.39,25.76,,157,0.00,14629.00,NO,NO,2026-05-01,265500.00
2483,CSTM,24.40,24.66,2810615.00,Basic Materials,Aluminum,66.00,13.00,6.00,9.00,0.78,0.75,1566115.00,1810930.00,36.99,14.39,3306876416,NO,25.51,27.10,27.41,26.90,29.14,,3361,0.00,2810615.00,NO,NO,2021-06-25,17210000.00
2484,RING,76.69,75.93,228763.00,ETF,ETF,66.00,9.00,89.00,16.00,2.58,2.00,753752.00,371350.00,100.41,58.21,0,NO,82.16,79.89,78.79,81.36,76.45,,3688,0.00,228763.00,NO,NO,2016-12-14,5547100.00
2485,GGUS,69.20,68.43,19669.00,ETF,ETF,66.00,84.00,74.00,76.00,0.77,0.53,27746.00,47240.00,69.63,55.70,0,NO,67.46,66.79,64.48,67.27,65.20,,712,0.00,19669.00,NO,NO,2024-06-05,4188900.00
2486,HFXI,37.44,37.07,764114.00,ETF,ETF,66.00,57.00,48.00,60.00,0.48,0.35,375246.00,464240.00,38.75,30.80,0,NO,37.62,37.79,36.06,37.92,36.75,,2817,0.84,764114.00,NO,NO,2017-11-07,4457900.00
2487,DFAX,37.28,36.82,568585.00,ETF,ETF,66.00,50.00,61.00,57.00,0.51,0.46,706204.00,725990.00,38.74,30.65,0,NO,37.67,37.61,36.12,37.82,36.70,,1270,1.22,568585.00,NO,NO,2025-07-02,6244600.00
2488,XMAG,25.65,25.54,64913.00,ETF,ETF,66.00,61.00,52.00,69.00,0.27,0.24,75476.00,42560.00,26.92,21.57,0,NO,25.65,25.85,24.28,25.90,24.81,,488,0.00,64913.00,NO,NO,2026-06-25,865800.00
2489,BDGS,38.23,38.01,3741.00,ETF,ETF,66.00,82.00,79.00,62.00,0.22,0.11,3050.00,4190.00,38.36,33.54,0,NO,37.63,37.07,35.86,37.24,36.35,,852,0.00,3741.00,NO,NO,2023-05-11,440700.00
2490,ADX,25.79,25.69,188762.00,Financial Services,Asset Management,66.00,63.00,62.00,70.00,0.31,0.28,275525.00,225080.00,26.56,20.91,3221870848,NO,25.80,25.85,24.40,25.92,24.92,,11732,0.00,188762.00,NO,NO,2002-01-02,1910800.00
2491,ENR,22.11,21.21,903421.00,Industrials,Electrical Equipment & Parts,66.00,86.00,77.00,88.00,0.79,0.74,995365.00,951310.00,25.35,15.75,1513948800,NO,21.33,21.57,20.23,21.73,20.09,,2844,1.79,903421.00,NO,NO,2023-09-15,12386500.00
2492,ACT,45.26,44.15,427337.00,Financial Services,Insurance - Specialty,66.00,17.00,53.00,58.00,1.30,1.29,388412.00,470540.00,50.56,34.64,6222510592,NO,47.81,48.37,43.67,48.39,44.80,,1267,0.18,427337.00,NO,NO,2025-04-15,5363000.00
2493,FYT,67.62,67.44,43472.00,ETF,ETF,66.00,22.00,39.00,57.00,0.72,0.61,16052.00,22230.00,73.77,52.47,0,NO,69.24,71.13,65.85,71.08,67.84,,3886,0.00,43472.00,NO,NO,2014-06-02,897500.00
2494,DFMC,58.13,57.59,19419.00,ETF,ETF,66.00,44.00,36.00,66.00,0.60,0.44,25326.00,17220.00,62.37,49.08,0,NO,58.44,59.89,,59.94,,,136,0.00,19419.00,NO,NO,2026-03-20,1180100.00
2495,ACLC,86.28,85.61,3276.00,ETF,ETF,66.00,72.00,70.00,71.00,0.64,0.49,7498.00,4900.00,88.05,71.41,0,NO,85.48,85.72,81.52,86.16,82.65,,1561,0.00,3276.00,NO,NO,2024-06-14,870100.00
2496,KE,28.79,28.31,173070.00,Industrials,Electrical Equipment & Parts,66.00,95.00,88.00,76.00,0.92,0.91,201903.00,211600.00,32.00,21.01,690729600,NO,26.13,25.30,25.90,25.52,25.27,,2996,0.00,173070.00,NO,NO,2025-05-30,826500.00
2497,AVTM,55.29,54.83,3138.00,ETF,ETF,66.00,68.00,68.00,72.00,0.30,0.03,3228.00,700.00,57.11,45.61,0,NO,54.99,55.16,,55.39,52.94,,169,0.00,3138.00,NO,NO,2026-07-09,97300.00
2498,OVLY,34.09,33.92,8665.00,Financial Services,Banks - Regional,66.00,61.00,64.00,44.00,0.84,0.81,24653.00,19160.00,35.97,25.41,286789216,NO,34.30,34.02,33.08,34.22,33.65,,5778,0.41,8665.00,NO,NO,2021-06-25,898500.00
2499,XCHG,27.52,27.31,3071.00,ETF,ETF,66.00,68.00,72.00,70.00,0.15,0.05,1969.00,2790.00,27.98,23.02,0,NO,27.39,27.44,,27.55,26.42,,199,0.00,3071.00,NO,NO,2026-03-23,98700.00
2500,SGDM,73.80,73.06,20202.00,ETF,ETF,66.00,11.00,88.00,16.00,2.60,2.10,38098.00,34690.00,96.50,55.46,0,NO,78.52,76.29,75.16,77.62,73.13,,3074,0.00,20202.00,NO,NO,2015-01-20,2010500.00
2501,CR,208.20,206.32,416264.00,Industrials,Specialty Industrial Machinery,66.00,84.00,28.00,82.00,4.49,4.42,422912.00,412800.00,230.50,159.58,12034033664,NO,202.32,209.35,197.04,208.63,197.23,,882,0.00,416264.00,NO,NO,2026-01-27,1887900.00
2502,TIER,32.18,31.71,2680.00,ETF,ETF,66.00,53.00,51.00,65.00,0.44,0.28,16404.00,40820.00,34.49,26.74,0,NO,32.57,32.60,30.97,32.75,31.48,,320,1.12,2680.00,NO,NO,2026-10-01,366700.00
2503,VSGX,81.49,80.42,198653.00,ETF,ETF,66.00,52.00,51.00,66.00,1.11,0.80,166433.00,200420.00,85.16,67.88,0,NO,82.18,82.19,78.40,82.63,79.59,,2019,1.14,198653.00,NO,NO,2020-11-16,4306700.00
2504,BUL,61.04,61.16,2235.00,ETF,ETF,66.00,28.00,68.00,63.00,0.67,0.55,9633.00,12040.00,65.70,50.34,0,NO,62.08,62.97,58.57,63.14,59.37,,1864,0.00,2235.00,NO,NO,2022-03-07,730300.00
2505,ILF,34.98,34.27,1846119.00,ETF,ETF,66.00,37.00,73.00,30.00,0.62,0.57,2583874.00,2721060.00,38.50,27.16,0,NO,35.28,34.89,34.68,34.97,34.90,,6273,0.73,1846119.00,NO,NO,2016-11-10,13135600.00
2506,WQTM,32.50,32.20,230996.00,ETF,ETF,66.00,82.00,15.00,85.00,0.80,0.68,198187.00,156610.00,41.38,23.18,0,NO,32.02,32.49,30.92,32.80,32.45,,247,0.00,230996.00,NO,NO,2026-05-22,1458400.00
2507,GMF,157.11,155.74,30909.00,ETF,ETF,66.00,66.00,60.00,71.00,1.43,0.78,8804.00,13210.00,161.39,131.89,0,NO,156.96,155.71,149.36,156.59,151.41,,4914,0.55,30909.00,NO,NO,2015-09-10,1099800.00
2508,TGRW,49.06,48.56,12557.00,ETF,ETF,66.00,84.00,77.00,78.00,0.52,0.37,65934.00,320400.00,49.72,38.83,0,NO,47.82,47.35,45.75,47.68,46.20,,1548,0.00,12557.00,NO,NO,2025-07-25,11570100.00
2509,UIVM,73.55,73.40,16350.00,ETF,ETF,66.00,23.00,60.00,52.00,0.80,0.42,4492.00,5950.00,79.27,59.69,0,NO,76.14,76.56,71.92,76.83,73.20,,2244,0.00,16350.00,NO,NO,2018-03-27,714500.00
2510,FNV,239.30,235.79,604988.00,Basic Materials,Gold,66.00,14.00,89.00,14.00,9.66,8.69,799514.00,958170.00,285.67,181.50,46154702848,NO,257.69,247.94,237.85,251.30,236.25,,4734,1.29,604988.00,NO,NO,2013-09-20,9018600.00
2511,SPYA,30.77,30.56,413.00,ETF,ETF,66.00,71.00,70.00,72.00,0.15,0.01,100.00,100.00,31.17,25.79,0,NO,30.59,30.59,29.08,30.71,29.51,,336,0.00,413.00,NO,NO,2025-07-11,15900.00
2512,WES,44.76,44.38,757041.00,Energy,Oil & Gas Midstream,66.00,13.00,73.00,57.00,0.92,0.91,833195.00,1048270.00,50.07,36.90,18493693952,NO,46.74,47.44,43.62,47.50,44.68,,3474,0.00,757041.00,NO,NO,2020-03-20,12506000.00
2513,DBEF,55.02,54.59,412385.00,ETF,ETF,65.00,59.00,55.00,60.00,0.54,0.43,441450.00,546820.00,56.84,46.42,0,NO,55.09,55.46,52.40,55.56,53.31,,3852,0.46,412385.00,NO,NO,2017-07-07,60086100.00
2514,PWV,76.68,76.46,412826.00,ETF,ETF,65.00,16.00,52.00,59.00,0.81,0.75,160546.00,279340.00,83.41,63.54,0,NO,79.37,80.47,73.89,80.45,75.99,,5431,0.00,412826.00,NO,NO,2013-11-21,6204900.00
2515,VIAG,15.01,13.56,30732.00,ETF,ETF,65.00,98.00,,,1.03,0.93,17865.00,29610.00,16.25,7.68,0,NO,10.17,,,,,,36,7.08,30732.00,NO,NO,2026-09-21,59200.00
2516,FMDE,40.99,40.70,1046979.00,ETF,ETF,65.00,51.00,65.00,65.00,0.39,0.34,874309.00,951570.00,42.97,34.33,0,NO,41.03,41.61,38.99,41.71,39.67,,719,0.64,1046979.00,NO,NO,2026-03-06,11280300.00
2517,CPF,36.42,36.07,163275.00,Financial Services,Banks - Regional,65.00,41.00,28.00,67.00,0.83,0.82,160734.00,225660.00,40.99,27.38,937721408,NO,37.06,37.90,34.94,37.92,35.92,,9848,0.50,163275.00,NO,NO,2014-12-31,3986100.00
2518,GXUS,62.18,62.93,36.00,ETF,ETF,65.00,51.00,64.00,60.00,0.65,0.16,3295.00,550.00,65.52,49.89,0,NO,64.02,63.91,60.99,64.14,62.00,,828,0.00,1000.00,NO,NO,2026-09-08,36900.00
2519,MCRI,117.55,116.18,188512.00,Consumer Cyclical,Resorts & Casinos,65.00,60.00,21.00,80.00,2.73,2.66,160326.00,227750.00,135.93,88.13,2106792320,NO,119.40,121.43,110.86,122.00,117.50,,8346,1.16,188512.00,NO,NO,1993-08-06,2800000.00
2520,MCHPP,69.07,66.90,66537.00,Technology,Semiconductors,65.00,91.00,23.00,76.00,1.89,1.55,229384.00,137350.00,88.00,47.08,0,NO,64.25,65.29,68.29,66.14,69.74,,386,0.00,66537.00,NO,NO,2025-03-21,25280700.00
2521,TRMK,45.93,45.08,261769.00,Financial Services,Banks - Regional,65.00,69.00,51.00,54.00,0.91,0.89,388066.00,420240.00,49.00,36.33,2674305792,NO,46.22,46.72,44.29,46.82,45.26,,11732,1.00,261769.00,NO,NO,2021-08-27,13076900.00
2522,DFSV,38.17,37.88,1201521.00,ETF,ETF,65.00,28.00,50.00,56.00,0.46,0.44,908015.00,1399430.00,40.95,30.32,0,NO,38.88,39.62,37.22,39.67,38.05,,1156,0.00,1201521.00,NO,NO,2025-04-04,8422300.00
2523,JMEE,75.10,74.32,145372.00,ETF,ETF,65.00,56.00,43.00,62.00,0.82,0.71,110650.00,141260.00,79.93,60.74,0,NO,74.83,76.51,72.33,76.64,74.07,,1105,1.00,145372.00,NO,NO,2025-03-03,1358200.00
2524,REGN,735.20,734.81,612910.00,Healthcare,Biotechnology,65.00,5.00,89.00,24.00,21.42,20.53,748704.00,956230.00,859.34,541.00,75692515328,NO,782.81,784.86,736.04,789.60,721.18,,8941,0.00,612910.00,NO,NO,2003-03-31,28330500.00
2525,OKE,87.88,87.16,3572582.00,Energy,Oil & Gas Midstream,65.00,13.00,63.00,34.00,2.47,2.35,3619260.00,4209840.00,99.85,64.02,55400361984,NO,92.01,92.20,86.74,92.23,89.99,,11594,0.00,3572582.00,NO,NO,2023-09-25,59253300.00
2526,SCHF,27.58,27.25,8427535.00,ETF,ETF,65.00,51.00,53.00,60.00,0.36,0.26,7763863.00,9864210.00,28.69,22.96,0,NO,27.88,27.96,26.61,28.09,27.09,,4254,0.95,8427535.00,NO,NO,2025-08-18,73778900.00
2527,TINT,38.61,38.32,447.00,ETF,ETF,65.00,46.00,54.00,59.00,0.29,0.06,503.00,410.00,42.55,30.96,0,NO,38.47,39.43,38.34,39.56,39.17,,1238,0.34,447.00,NO,NO,2022-03-17,26200.00
2528,GINN,81.11,81.02,109.00,ETF,ETF,65.00,63.00,70.00,75.00,0.63,0.38,7492.00,4120.00,83.29,65.63,0,NO,81.45,81.20,76.34,81.59,77.35,,1480,0.00,1900.00,NO,NO,2024-09-26,1532200.00
2529,FLN,25.77,25.31,3859.00,ETF,ETF,65.00,49.00,75.00,33.00,0.49,0.44,12703.00,16850.00,28.50,19.87,0,NO,26.11,25.73,25.56,25.77,25.72,,3886,0.40,4099.00,NO,NO,2019-09-06,5884800.00
2530,BFJL,19.19,19.12,12.00,ETF,ETF,65.00,83.00,90.00,68.00,0.09,0.00,446.00,110.00,21.49,16.66,0,NO,18.79,18.11,17.43,18.29,17.35,,315,0.00,100.00,NO,NO,2025-08-25,121200.00
2531,AVNM,83.41,82.41,115496.00,ETF,ETF,65.00,49.00,62.00,56.00,0.96,0.69,69787.00,116640.00,86.73,69.16,0,NO,84.40,84.34,80.97,84.74,82.15,,819,0.81,115496.00,NO,NO,2025-04-25,1377400.00
2532,VONG,130.82,129.40,809821.00,ETF,ETF,65.00,84.00,76.00,75.00,1.62,1.33,1002825.00,756400.00,132.94,105.23,0,NO,127.65,126.37,122.43,127.23,123.62,,4032,0.00,809821.00,NO,NO,2026-02-23,11665100.00
2533,HWC,73.09,71.93,931583.00,Financial Services,Banks - Regional,65.00,49.00,43.00,67.00,1.46,1.40,823263.00,977840.00,80.13,54.05,5863502848,NO,74.00,75.59,70.20,75.78,71.24,,8897,0.92,931583.00,NO,NO,2011-06-03,8355300.00
2534,HIDV,89.46,88.91,930.00,ETF,ETF,65.00,38.00,67.00,68.00,0.70,0.38,6785.00,3560.00,93.53,75.31,0,NO,90.50,91.35,85.90,91.62,87.47,,883,0.59,930.00,NO,NO,2025-06-27,323100.00
2535,NATL,45.42,45.03,612431.00,Technology,Software - Application,65.00,60.00,66.00,45.00,0.56,0.55,675119.00,926720.00,48.50,33.31,3356398592,NO,45.86,46.30,43.74,46.31,45.10,,747,0.51,612431.00,NO,NO,2023-10-17,15487600.00
2536,VFQY,171.76,171.60,6683.00,ETF,ETF,65.00,50.00,61.00,68.00,1.39,1.19,6831.00,10710.00,179.69,144.43,0,NO,172.52,174.73,163.28,175.02,165.76,,2169,0.00,6683.00,NO,NO,2025-01-15,190600.00
2537,CLCG,29.39,29.20,4085.00,ETF,ETF,65.00,78.00,70.00,77.00,0.24,0.14,2206.00,2790.00,29.90,23.50,0,NO,28.97,28.81,27.54,28.97,28.00,,302,0.00,4085.00,NO,NO,2025-08-19,292600.00
2538,MBOX,40.32,40.23,2107.00,ETF,ETF,65.00,26.00,61.00,61.00,0.26,0.15,4217.00,2780.00,43.10,33.99,0,NO,41.14,41.92,39.03,41.92,39.92,,1360,0.00,2107.00,NO,NO,2021-05-06,115800.00
2539,PSFD,40.93,40.93,55.00,ETF,ETF,65.00,77.00,75.00,65.00,0.13,0.06,855.00,750.00,41.09,35.77,0,NO,40.83,40.59,38.85,40.74,39.41,,1448,0.00,600.00,NO,NO,2021-12-20,464200.00
2540,ARP,34.16,34.07,3904.00,ETF,ETF,65.00,65.00,79.00,54.00,0.20,0.13,8404.00,15260.00,34.68,30.20,0,NO,34.30,33.87,32.76,34.02,32.93,,947,0.00,3904.00,NO,NO,2022-12-27,463300.00
2541,IWF,127.07,125.73,3642589.00,ETF,ETF,65.00,84.00,76.00,75.00,1.60,1.34,3859493.00,3688180.00,129.14,102.23,0,NO,123.96,122.72,118.93,123.56,120.09,,6627,0.00,3642589.00,NO,NO,2011-09-22,68434400.00
2542,VDI,35.79,35.39,176.00,ETF,ETF,65.00,45.00,63.00,55.00,0.23,0.03,1080.00,310.00,37.42,30.45,0,NO,36.47,36.61,34.72,36.74,35.34,,209,0.94,176.00,NO,NO,2025-12-18,438200.00
2543,JIG,85.22,83.84,33086.00,ETF,ETF,65.00,75.00,51.00,67.00,1.08,0.77,31126.00,45490.00,89.04,70.97,0,NO,84.37,84.10,80.86,84.63,82.27,,1594,1.48,33086.00,NO,NO,2025-09-25,1602200.00
2544,ZYME,25.15,25.96,844443.00,Healthcare,Biotechnology,65.00,2.00,55.00,28.00,1.17,1.14,656376.00,938930.00,31.34,16.00,1804512512,NO,26.87,26.17,25.10,26.12,25.27,,2371,0.00,844443.00,NO,NO,2022-04-29,36641400.00
2545,LITL,33.47,33.15,2197.00,ETF,ETF,65.00,60.00,40.00,71.00,0.26,0.11,1722.00,2810.00,35.36,26.45,0,NO,33.51,33.99,31.74,34.03,32.36,,360,0.00,2197.00,NO,NO,2025-07-02,55300.00
2546,GWX,45.76,45.39,62090.00,ETF,ETF,65.00,60.00,77.00,54.00,0.59,0.45,47369.00,45050.00,47.28,38.17,0,NO,46.08,45.67,44.45,45.93,44.87,,4891,0.79,62090.00,NO,NO,2017-10-10,4672300.00
2547,XTJL,42.69,42.48,2097.00,ETF,ETF,65.00,73.00,77.00,61.00,0.17,0.06,3617.00,1000.00,42.77,36.81,0,NO,42.37,42.10,40.40,42.27,40.92,,1320,0.39,2097.00,NO,NO,2023-08-09,282500.00
2548,CTWO,19.00,18.98,15.00,ETF,ETF,65.00,79.00,87.00,77.00,0.17,0.01,1212.00,100.00,23.30,15.50,0,NO,19.15,18.76,18.19,18.79,17.53,,322,0.00,100.00,NO,NO,2026-07-20,33500.00
2549,QTR,35.17,34.88,55.00,ETF,ETF,65.00,85.00,68.00,81.00,0.33,0.18,1961.00,950.00,37.40,27.65,0,NO,34.28,33.99,32.57,34.18,33.14,,1281,0.00,55.00,NO,NO,2022-01-24,93900.00
2550,LSTR,173.48,170.14,292626.00,Industrials,Integrated Freight & Logistics,65.00,61.00,9.00,51.00,4.19,4.00,429352.00,356520.00,228.46,120.01,5887377408,NO,170.59,177.40,175.12,177.28,184.68,,8453,1.10,292626.00,NO,NO,1993-09-29,29786400.00
2551,NVIT,51.93,51.47,7615.00,ETF,ETF,65.00,79.00,86.00,61.00,0.69,0.49,9079.00,11060.00,56.26,44.20,0,NO,50.66,50.10,49.60,50.56,49.77,,219,0.00,7615.00,NO,NO,2026-09-21,32100.00
2552,PRFZ,53.20,52.73,43964.00,ETF,ETF,65.00,48.00,38.00,69.00,0.59,0.52,125771.00,314700.00,56.84,42.73,0,NO,53.20,54.41,50.85,54.53,52.00,,5040,0.00,43964.00,NO,NO,2020-03-09,7730500.00
2553,ROCQ,56.38,56.16,264363.00,ETF,ETF,65.00,81.00,61.00,68.00,0.56,0.43,268880.00,273670.00,58.27,47.19,0,NO,55.94,55.48,,55.78,,,136,0.00,264363.00,NO,NO,2026-09-04,684200.00
2554,LGH,66.51,65.85,18268.00,ETF,ETF,65.00,74.00,76.00,72.00,0.75,0.54,23568.00,28680.00,67.59,56.12,0,NO,65.91,65.74,62.77,66.14,63.04,,1754,0.00,18268.00,NO,NO,2021-08-02,789100.00
2555,RFV,145.15,143.62,4771.00,ETF,ETF,65.00,34.00,67.00,62.00,1.42,1.22,5585.00,3720.00,153.30,121.21,0,NO,146.45,148.71,139.74,149.10,142.10,,5177,0.72,4771.00,NO,NO,2017-05-26,584900.00
2556,DBB,24.89,25.00,131684.00,ETF,ETF,65.00,44.00,73.00,49.00,0.30,0.21,199733.00,195390.00,26.71,20.66,0,NO,25.59,25.44,24.61,25.49,24.92,,4967,0.00,131684.00,NO,NO,2014-02-13,5379600.00
2557,QSML,32.78,32.64,225.00,ETF,ETF,65.00,26.00,41.00,72.00,0.23,0.11,1582.00,1020.00,35.37,26.68,0,NO,33.14,34.03,31.22,34.05,31.87,,675,0.00,225.00,NO,NO,2025-04-02,25700.00
2558,AVNV,84.67,83.77,4740.00,ETF,ETF,65.00,43.00,64.00,53.00,0.84,0.41,9069.00,6180.00,88.48,70.05,0,NO,85.98,85.79,82.44,86.17,83.51,,819,1.04,4740.00,NO,NO,2025-04-17,301500.00
2559,AVBH,31.26,30.94,68571.00,Financial Services,Banks - Regional,65.00,60.00,32.00,56.00,0.54,0.52,89377.00,77790.00,34.18,24.03,343343584,NO,31.42,31.94,30.13,31.94,30.92,,5594,0.94,68571.00,NO,NO,2026-06-26,1146900.00
2560,MGV,161.71,161.33,227067.00,ETF,ETF,65.00,37.00,50.00,62.00,1.29,1.17,242947.00,237560.00,169.84,135.26,0,NO,164.42,165.84,155.57,165.93,158.70,,4721,0.00,227067.00,NO,NO,2022-08-02,4557200.00
2561,ACGR,71.61,70.90,23.00,ETF,ETF,65.00,80.00,74.00,77.00,0.55,0.07,285.00,150.00,72.28,57.37,0,NO,69.82,69.41,66.59,70.09,67.51,,1683,0.00,100.00,NO,NO,2026-03-23,79500.00
2562,RWJ,57.20,56.85,119892.00,ETF,ETF,65.00,23.00,35.00,66.00,0.76,0.69,91860.00,110670.00,62.86,44.70,0,NO,58.31,60.15,55.55,60.12,57.09,,4683,0.00,119892.00,NO,NO,2025-04-04,2289000.00
2563,SIXA,56.86,56.64,7696.00,ETF,ETF,65.00,52.00,66.00,57.00,0.34,0.24,15912.00,6300.00,58.52,48.28,0,NO,57.42,57.51,54.61,57.57,55.67,,1608,0.29,7696.00,NO,NO,2025-03-05,738300.00
2564,DUHP,42.31,42.14,788918.00,ETF,ETF,65.00,70.00,68.00,69.00,0.38,0.35,725331.00,882760.00,42.90,35.69,0,NO,42.00,42.09,40.01,42.20,40.55,,1156,0.00,788918.00,NO,NO,2024-07-31,6805400.00
2565,WTMF,42.67,42.43,26818.00,ETF,ETF,65.00,76.00,78.00,52.00,0.64,0.47,32269.00,41060.00,44.22,36.98,0,NO,42.28,41.85,40.41,41.90,40.97,,3959,0.33,26818.00,NO,NO,2012-06-22,1079700.00
2566,FFLC,59.27,59.06,93211.00,ETF,ETF,65.00,61.00,61.00,69.00,0.58,0.51,89679.00,116230.00,61.14,49.40,0,NO,59.48,59.63,56.65,59.82,57.60,,1590,0.00,93211.00,NO,NO,2024-09-05,778500.00
2567,VEA,71.13,70.21,18360284.00,ETF,ETF,65.00,51.00,52.00,60.00,0.93,0.66,9808565.00,9170700.00,74.04,58.88,0,NO,71.82,72.11,68.82,72.44,69.94,,4828,0.95,18360284.00,YES,NO,2020-03-12,67385000.00
2568,GGM,30.94,30.74,134.00,ETF,ETF,65.00,50.00,67.00,58.00,0.15,0.07,1461.00,1200.00,31.90,26.13,0,NO,31.07,31.27,29.36,31.33,29.78,,758,0.00,134.00,NO,NO,2023-12-06,213400.00
2569,ITDF,41.83,41.52,11272.00,ETF,ETF,65.00,61.00,62.00,66.00,0.36,0.26,11090.00,9880.00,42.95,35.54,0,NO,41.93,42.01,39.91,42.17,40.58,,740,0.00,11272.00,NO,NO,2026-09-04,150900.00
2570,EVT,27.78,27.83,150492.00,Financial Services,Asset Management,65.00,36.00,65.00,67.00,0.45,0.44,88374.00,75020.00,29.65,23.00,2070798592,NO,28.27,28.58,26.63,28.64,26.99,,5791,0.00,150492.00,NO,NO,2020-03-23,1444600.00
2571,SPDW,50.53,49.90,3190157.00,ETF,ETF,65.00,52.00,55.00,59.00,0.64,0.46,2691434.00,2845270.00,52.43,41.99,0,NO,51.01,51.16,48.90,51.39,49.70,,4891,0.96,3190157.00,NO,NO,2022-10-03,26986500.00
2572,BHRB,69.86,68.87,125807.00,Financial Services,Banks - Regional,65.00,39.00,62.00,64.00,1.44,1.40,124658.00,153970.00,75.09,57.42,1410266112,NO,70.19,71.62,66.91,71.66,67.49,,5784,1.19,125807.00,NO,NO,2023-06-23,851000.00
2573,AVUV,120.03,119.10,1577333.00,ETF,ETF,65.00,29.00,41.00,54.00,1.35,1.26,1243358.00,1472100.00,129.05,93.87,0,NO,121.96,124.60,117.35,124.67,120.57,,1764,0.64,1577333.00,NO,NO,2025-04-04,5412600.00
2574,XLSR,66.92,66.42,62240.00,ETF,ETF,65.00,77.00,74.00,69.00,0.63,0.50,45923.00,55330.00,67.43,55.70,0,NO,66.28,65.96,63.40,66.22,63.96,,1886,0.00,62240.00,NO,NO,2023-10-13,920800.00
2575,SYZ,29.51,29.19,3744.00,ETF,ETF,65.00,55.00,39.00,63.00,0.24,0.15,4755.00,9690.00,31.22,23.39,0,NO,29.49,30.10,28.44,30.16,29.20,,265,0.00,3744.00,NO,NO,2026-09-28,53600.00
2576,TPFC,27.24,27.28,1972.00,ETF,ETF,65.00,26.00,83.00,,0.21,0.09,2544.00,1070.00,29.06,24.58,0,NO,27.78,27.78,,27.90,,,105,0.00,1972.00,NO,NO,2026-05-05,202200.00
2577,PAY,30.83,30.81,1133018.00,Technology,Software - Infrastructure,65.00,4.00,86.00,80.00,1.49,1.47,1169487.00,1426110.00,45.31,20.11,3882719232,NO,33.54,36.07,28.63,35.91,28.80,,1345,0.00,1133018.00,NO,NO,2026-06-26,11410000.00
2578,GL,165.68,165.83,295783.00,Financial Services,Insurance - Life,65.00,30.00,24.00,72.00,3.08,3.07,543147.00,540160.00,191.55,127.85,12732416000,NO,169.81,174.57,157.39,174.25,163.60,,11594,0.00,295783.00,NO,NO,2024-04-11,36577500.00
2579,MFUS,65.13,64.87,7555.00,ETF,ETF,65.00,55.00,51.00,62.00,0.42,0.30,14031.00,9530.00,67.74,54.14,0,NO,65.56,66.02,62.59,66.13,64.01,,2280,0.00,7555.00,NO,NO,2020-04-22,1950000.00
2580,MSTB,44.09,43.84,12079.00,ETF,ETF,65.00,71.00,72.00,68.00,0.38,0.25,8169.00,8080.00,45.54,37.38,0,NO,43.92,43.83,41.75,44.02,42.40,,1509,0.00,12079.00,NO,NO,2022-01-24,3225800.00
2581,CSTK,32.69,32.52,1803.00,ETF,ETF,65.00,39.00,53.00,65.00,0.31,0.27,7612.00,19450.00,34.33,27.26,0,NO,33.13,33.45,31.52,33.51,32.11,,354,0.00,1803.00,NO,NO,2026-05-01,978400.00
2582,EWBC,126.21,125.02,824743.00,Financial Services,Banks - Regional,65.00,50.00,35.00,71.00,2.58,2.55,772187.00,983990.00,137.47,92.67,17292265472,NO,127.12,129.67,121.75,129.90,124.38,,6959,0.52,824743.00,NO,NO,2010-06-25,19006800.00
2583,EIG,49.13,48.65,145674.00,Financial Services,Insurance - Specialty,65.00,63.00,37.00,73.00,1.13,1.12,177742.00,224420.00,52.59,35.73,882399680,NO,48.78,49.11,45.17,49.08,46.13,,4950,0.80,145674.00,NO,NO,2007-01-31,15894800.00
2584,BLCV,41.50,41.35,17327.00,ETF,ETF,65.00,37.00,54.00,68.00,0.34,0.27,8988.00,10580.00,43.77,34.85,0,NO,42.15,42.66,39.79,42.75,40.42,,844,0.00,17327.00,NO,NO,2025-12-04,400100.00
2585,PSMO,33.73,33.58,41558.00,ETF,ETF,65.00,76.00,76.00,62.00,0.08,0.06,4374.00,21020.00,33.79,29.68,0,NO,33.43,33.21,31.87,33.30,32.26,,1255,0.00,41558.00,NO,NO,2024-10-01,833500.00
2586,VEGI,45.67,45.07,23514.00,ETF,ETF,65.00,15.00,69.00,34.00,0.69,0.60,50150.00,48060.00,49.64,38.00,0,NO,47.11,46.25,44.53,46.26,45.21,,3688,0.55,23514.00,NO,NO,2026-03-18,720500.00
2587,PSCQ,32.37,32.25,3021.00,ETF,ETF,65.00,75.00,76.00,63.00,0.05,0.02,606.00,970.00,32.38,28.45,0,NO,32.11,31.88,30.57,31.97,30.96,,1255,0.00,3021.00,NO,NO,2024-11-20,478700.00
2588,CTO,20.54,20.35,285167.00,Real Estate,REIT - Diversified,65.00,32.00,35.00,58.00,0.37,0.36,373114.00,517290.00,22.71,15.07,769951296,NO,20.68,21.36,20.04,21.28,20.62,,11732,0.84,285167.00,NO,NO,2024-09-10,5951900.00
2589,QVMT,65.54,65.43,3610.00,ETF,ETF,64.00,65.00,45.00,58.00,0.52,0.41,9341.00,3740.00,69.92,52.93,0,NO,65.43,65.68,63.24,65.86,64.84,,2761,0.11,3610.00,NO,NO,2021-08-19,2766300.00
2590,IWFG,56.28,55.99,379.00,ETF,ETF,64.00,84.00,79.00,78.00,0.49,0.15,534.00,570.00,56.28,44.81,0,NO,54.88,54.47,52.45,54.89,52.84,,1074,0.43,379.00,NO,NO,2025-09-30,660100.00
2591,SQS,28.25,28.05,7994.00,ETF,ETF,64.00,68.00,63.00,69.00,0.24,0.16,10184.00,6900.00,29.05,23.53,0,NO,28.09,28.14,,28.27,,,140,0.57,7994.00,NO,NO,2026-03-30,219700.00
2592,SRBK,18.50,18.75,15343.00,Financial Services,Banks - Regional,64.00,22.00,33.00,53.00,0.39,0.36,23434.00,26490.00,20.95,14.33,135121648,NO,19.36,19.59,18.20,19.52,18.76,,762,0.00,15343.00,NO,NO,2025-06-27,1089700.00
2593,PHVS,31.19,31.01,591379.00,Healthcare,Biotechnology,64.00,8.00,25.00,58.00,1.49,1.48,745382.00,673000.00,43.25,20.65,2189678592,NO,35.10,35.03,30.45,34.71,31.82,,1421,0.00,591379.00,NO,NO,2022-12-08,80834100.00
2594,GINX,35.31,35.21,7911.00,ETF,ETF,64.00,29.00,58.00,53.00,0.31,0.18,8744.00,10040.00,37.38,28.83,0,NO,36.28,36.50,34.40,36.55,34.97,,651,0.00,7911.00,NO,NO,2024-03-15,477200.00
2595,SROI,37.57,37.17,899.00,ETF,ETF,64.00,66.00,60.00,68.00,0.22,0.06,4087.00,22600.00,38.55,31.69,0,NO,37.25,37.56,35.78,37.72,36.35,,918,0.79,899.00,NO,NO,2023-03-16,153200.00
2596,CDZIP,22.20,22.21,10728.00,Industrials,Pollution & Treatment Controls,64.00,74.00,53.00,67.00,0.44,0.40,5482.00,7280.00,24.78,18.80,0,NO,22.05,22.20,20.83,22.20,21.42,,1321,0.00,10728.00,NO,NO,2021-07-09,265000.00
2597,ONOF,41.19,40.89,2145.00,ETF,ETF,64.00,74.00,73.00,67.00,0.32,0.22,6547.00,6250.00,41.62,35.68,0,NO,40.89,40.78,38.95,40.97,39.40,,1437,0.73,2145.00,NO,NO,2022-03-21,759200.00
2598,VALU,40.50,39.61,873.00,Financial Services,Financial Data & Stock Exchanges,64.00,87.00,83.00,69.00,1.28,0.95,3506.00,2820.00,41.18,32.00,379974976,NO,39.15,37.84,36.71,38.32,36.61,,10936,1.16,873.00,NO,NO,1983-05-10,702800.00
2599,ROKT,105.66,104.87,7186.00,ETF,ETF,64.00,49.00,14.00,33.00,1.64,1.52,20973.00,10700.00,137.63,72.64,0,NO,106.49,111.30,108.26,111.35,112.56,,1996,0.54,7186.00,NO,NO,2026-07-31,287800.00
2600,TOK,153.46,152.63,272.00,ETF,ETF,64.00,64.00,68.00,68.00,0.95,0.37,5023.00,2300.00,156.78,129.49,0,NO,153.62,153.68,145.76,154.22,148.16,,4730,0.00,200.00,NO,NO,2008-11-20,8845600.00
2601,QDEF,89.69,89.37,6941.00,ETF,ETF,64.00,54.00,73.00,63.00,0.61,0.47,5896.00,5630.00,91.97,77.97,0,NO,90.00,90.37,85.61,90.57,86.88,,3467,0.00,6941.00,NO,NO,2021-07-23,659500.00
2602,QNXT,31.03,30.96,2740.00,ETF,ETF,64.00,59.00,54.00,74.00,0.27,0.12,3236.00,3010.00,32.59,25.51,0,NO,30.74,31.26,29.38,31.36,29.96,,486,0.21,2740.00,NO,NO,2026-07-02,307000.00
2603,ANEW,53.58,54.31,16.00,ETF,ETF,64.00,69.00,79.00,76.00,0.34,0.07,200.00,200.00,55.23,44.25,0,NO,54.11,53.53,50.50,53.88,50.74,,1495,0.00,400.00,NO,NO,2021-01-25,99500.00
2604,IA,18.99,18.61,212440.00,Industrials,Aerospace & Defense,64.00,85.00,64.00,7.00,0.63,0.62,278525.00,243050.00,30.94,8.13,339905280,NO,18.56,19.63,20.41,19.74,20.11,,6579,1.24,212440.00,NO,NO,2000-08-04,5502150.00
2605,RSPE,33.63,33.47,7340.00,ETF,ETF,64.00,39.00,48.00,67.00,0.25,0.21,7344.00,5130.00,35.35,28.02,0,NO,33.99,34.47,32.30,34.52,32.90,,1223,0.43,7340.00,NO,NO,2026-02-04,249200.00
2606,SII,116.31,115.67,136582.00,Financial Services,Asset Management,64.00,12.00,48.00,6.00,4.48,4.11,170320.00,109610.00,169.63,78.79,2992967680,NO,125.42,121.93,125.95,123.39,125.93,,4180,0.00,136582.00,NO,NO,2025-04-16,841100.00
2607,ACSI,75.08,75.05,20.00,ETF,ETF,64.00,50.00,56.00,72.00,0.55,0.15,357.00,620.00,78.64,63.07,0,NO,76.81,76.96,71.26,77.03,72.96,,2488,0.00,300.00,NO,NO,2018-05-07,144900.00
2608,IWN,212.34,210.55,869704.00,ETF,ETF,64.00,28.00,34.00,61.00,2.67,2.26,520098.00,696680.00,227.86,168.75,0,NO,215.98,220.83,206.94,220.79,212.39,,6584,0.00,869704.00,NO,NO,2011-08-05,7512000.00
2609,TMGN,26.24,25.75,67684.00,ETF,ETF,64.00,89.00,,,0.45,0.34,43148.00,70500.00,26.85,21.97,0,NO,25.59,24.79,,25.09,,,57,1.40,67684.00,NO,NO,2026-07-15,149300.00
2610,MSA,181.23,179.03,229543.00,Industrials,Security & Protection Services,64.00,34.00,81.00,59.00,3.69,3.53,261296.00,280840.00,208.92,151.11,6991542784,NO,181.40,185.35,176.51,186.76,174.94,,13517,0.00,229543.00,NO,NO,2005-03-01,4022800.00
2611,CBAN,20.45,20.29,101583.00,Financial Services,Banks - Regional,64.00,33.00,61.00,40.00,0.50,0.50,190238.00,200960.00,22.46,15.80,433968736,NO,20.91,21.40,20.21,21.41,20.61,,7170,0.00,101583.00,NO,NO,2022-06-24,1991000.00
2612,EES,65.60,65.08,5052.00,ETF,ETF,64.00,38.00,41.00,64.00,0.70,0.57,15388.00,19000.00,69.98,52.66,0,NO,66.16,67.50,63.17,67.55,64.71,,4934,0.00,5052.00,NO,NO,2010-03-03,1810800.00
2613,BAFE,29.79,29.55,33003.00,ETF,ETF,64.00,68.00,66.00,73.00,0.25,0.19,48642.00,54460.00,30.58,24.47,0,NO,29.61,29.80,28.14,29.91,28.52,,468,0.00,33003.00,NO,NO,2026-03-25,857500.00
2614,CVMC,73.88,73.39,2771.00,ETF,ETF,64.00,40.00,39.00,68.00,0.58,0.40,5465.00,6860.00,78.97,60.95,0,NO,74.43,76.17,70.92,76.21,72.62,,921,0.00,2771.00,NO,NO,2023-12-14,187400.00
2615,IQQQ,49.19,48.71,86277.00,ETF,ETF,64.00,82.00,57.00,74.00,0.60,0.46,45100.00,45020.00,51.66,40.43,0,NO,48.43,48.16,46.66,48.48,47.53,,637,0.00,86277.00,NO,NO,2024-10-29,745600.00
2616,TFPN,29.99,29.63,2994.00,ETF,ETF,64.00,60.00,47.00,48.00,0.25,0.21,12857.00,12600.00,33.34,24.10,0,NO,30.18,30.01,29.54,30.07,30.26,,811,0.44,2994.00,NO,NO,2024-06-11,873500.00
2617,HERD,48.99,48.99,4659.00,ETF,ETF,64.00,20.00,71.00,52.00,0.51,0.43,4069.00,3580.00,53.00,41.12,0,NO,50.19,50.99,47.66,51.06,48.47,,1863,0.00,4659.00,NO,NO,2024-06-27,556600.00
2618,DWAW,49.88,49.88,1122.00,ETF,ETF,64.00,55.00,48.00,70.00,0.04,0.02,1425.00,1040.00,51.92,41.33,0,NO,50.02,50.46,47.78,50.56,48.75,,1700,0.01,1122.00,NO,NO,2019-12-27,1051100.00
2619,KDP,30.37,30.69,9928342.00,Consumer Defensive,Beverages - Non-Alcoholic,64.00,18.00,33.00,78.00,0.85,0.80,11546088.00,12073490.00,33.82,24.88,41328287744,NO,31.40,31.25,29.43,31.41,30.00,,4631,0.00,9928342.00,YES,NO,2022-06-17,143326600.00
2620,GLOW,34.58,34.32,2684.00,ETF,ETF,64.00,56.00,54.00,67.00,0.28,0.17,12941.00,9160.00,35.58,29.27,0,NO,34.73,34.88,32.99,34.98,33.56,,561,0.00,2684.00,NO,NO,2025-04-28,222600.00
2621,ACWX,76.01,75.16,2224660.00,ETF,ETF,64.00,54.00,56.00,60.00,0.93,0.69,3377687.00,10954010.00,78.78,63.92,0,NO,76.67,76.74,73.44,77.10,74.57,,4657,1.02,2224660.00,NO,NO,2026-09-22,80173900.00
2622,JAVA,80.20,79.70,970849.00,ETF,ETF,64.00,42.00,56.00,63.00,0.67,0.59,415717.00,559000.00,84.06,67.14,0,NO,81.12,82.05,77.23,82.23,78.29,,1254,0.60,970849.00,NO,NO,2024-11-12,5371800.00
2623,AMID,37.05,36.62,3099.00,ETF,ETF,64.00,81.00,72.00,68.00,0.33,0.27,10482.00,7820.00,37.82,31.22,0,NO,36.19,36.42,35.07,36.56,35.28,,1036,0.00,3099.00,NO,NO,2022-08-17,303000.00
2624,FCCO,32.67,32.47,30075.00,Financial Services,Banks - Regional,64.00,37.00,55.00,61.00,0.95,0.95,56431.00,101260.00,35.74,25.92,307089184,NO,33.34,33.75,31.15,33.81,31.82,,6936,0.00,30075.00,NO,NO,2024-06-28,948900.00
2625,YXI,23.28,22.76,843.00,ETF,ETF,64.00,87.00,47.00,51.00,0.22,0.05,1290.00,960.00,24.57,18.98,0,NO,22.53,22.05,21.56,22.09,22.20,,4162,2.06,843.00,NO,NO,2014-07-24,475450.00
2626,TARS,73.00,75.46,805650.00,Healthcare,Biotechnology,64.00,7.00,85.00,46.00,2.66,2.65,930046.00,824190.00,91.53,53.89,3415793152,NO,78.76,72.43,68.54,73.44,66.76,,1497,0.00,805650.00,NO,NO,2024-10-29,3175500.00
2627,SGDJ,87.63,87.35,16048.00,ETF,ETF,64.00,7.00,84.00,33.00,3.02,2.32,44633.00,34490.00,115.78,67.60,0,NO,94.11,91.86,90.52,93.29,87.67,,2895,0.00,16048.00,NO,NO,2018-09-25,1083500.00
2628,ADME,56.68,56.29,13558.00,ETF,ETF,64.00,74.00,68.00,68.00,0.45,0.32,10763.00,9300.00,57.35,48.24,0,NO,56.31,56.24,53.84,56.44,54.66,,2592,0.00,13558.00,NO,NO,2023-02-10,1049700.00
2629,GPIQ,58.02,57.61,1722451.00,ETF,ETF,64.00,83.00,62.00,73.00,0.60,0.46,1456980.00,1813800.00,59.83,47.72,0,NO,57.13,56.70,54.88,57.01,55.82,,735,0.00,1722451.00,NO,NO,2026-06-09,2597000.00
2630,VTV,217.23,216.70,3128982.00,ETF,ETF,64.00,35.00,53.00,60.00,1.81,1.64,2708125.00,3067350.00,228.57,182.81,0,NO,221.09,223.19,209.64,223.32,213.60,,5705,0.00,3128982.00,NO,NO,2008-11-25,11999000.00
2631,BAMV,36.28,36.14,9049.00,ETF,ETF,64.00,30.00,68.00,62.00,0.28,0.17,22092.00,28090.00,38.62,31.02,0,NO,36.98,37.44,34.84,37.52,35.52,,754,0.37,9049.00,NO,NO,2023-11-10,452700.00
2632,DSTL,64.27,64.54,380938.00,ETF,ETF,64.00,15.00,78.00,61.00,0.64,0.56,86063.00,64900.00,70.33,56.08,0,NO,66.13,67.21,61.73,67.29,62.20,,1995,0.00,380938.00,NO,NO,2025-02-25,1668200.00
2633,BLUX,31.69,31.44,37329.00,ETF,ETF,64.00,51.00,49.00,68.00,0.30,0.21,46882.00,63990.00,33.17,26.45,0,NO,31.87,32.24,30.43,32.31,31.05,,322,0.00,37329.00,NO,NO,2025-06-24,7095400.00
2634,SKWD,55.01,54.78,250796.00,Financial Services,Insurance - Property & Casualty,64.00,49.00,18.00,83.00,1.32,1.28,461807.00,392320.00,65.69,40.60,2442251008,NO,55.80,58.08,50.59,57.88,52.18,,933,0.00,250796.00,NO,NO,2023-01-13,4172700.00
2635,IYM,180.26,177.63,236906.00,ETF,ETF,64.00,21.00,53.00,38.00,2.93,2.43,192828.00,228460.00,197.36,139.08,0,NO,183.53,185.86,179.29,186.38,182.15,,6611,0.72,236906.00,NO,NO,2009-03-26,6265500.00
2636,KROP,35.81,35.33,639.00,ETF,ETF,64.00,13.00,63.00,44.00,0.57,0.47,8176.00,3730.00,39.99,29.05,0,NO,37.13,36.43,34.86,36.47,35.37,,1312,0.00,639.00,NO,NO,2025-01-30,150133.00
2637,DOL,74.41,73.61,7908.00,ETF,ETF,64.00,42.00,53.00,56.00,0.91,0.57,15711.00,23650.00,77.77,60.29,0,NO,75.86,76.12,72.48,76.36,73.65,,5106,0.62,7908.00,NO,NO,2022-09-28,1096600.00
2638,FLLA,27.66,27.06,28387.00,ETF,ETF,64.00,50.00,76.00,27.00,0.40,0.33,23857.00,25150.00,30.98,21.88,0,NO,27.87,27.43,27.48,27.48,27.64,,2004,0.70,28387.00,NO,NO,2022-06-28,1541800.00
2639,MDB,357.96,351.73,2682941.00,Technology,Software - Infrastructure,64.00,29.00,60.00,90.00,28.47,23.45,2084701.00,4451540.00,473.10,215.68,28791412736,NO,377.89,389.67,342.87,395.70,329.83,,2250,0.82,2682941.00,NO,NO,2025-08-27,20747000.00
2640,ACSV,47.50,47.10,3015.00,ETF,ETF,64.00,32.00,34.00,61.00,0.34,0.20,2965.00,2290.00,51.23,38.18,0,NO,47.98,49.31,46.11,49.34,47.38,,242,0.00,3015.00,NO,NO,2025-10-16,125700.00
2641,VTWV,187.04,185.60,31717.00,ETF,ETF,64.00,27.00,33.00,61.00,2.31,1.97,37895.00,66690.00,200.97,148.68,0,NO,190.70,194.91,182.56,194.86,187.33,,4032,0.73,31717.00,NO,NO,2022-02-08,1076000.00
2642,DVLU,39.37,38.94,16615.00,ETF,ETF,64.00,41.00,52.00,67.00,0.49,0.32,5452.00,6260.00,42.55,32.53,0,NO,39.84,40.74,38.06,40.79,38.70,,1999,0.98,17118.00,NO,NO,2021-05-27,556600.00
2643,HBTC,22.00,21.93,24.00,ETF,ETF,64.00,85.00,93.00,68.00,0.28,0.00,134.00,100.00,32.03,17.19,0,NO,21.39,19.82,20.25,20.19,19.52,,386,0.00,100.00,NO,NO,2026-03-27,19400.00
2644,NCLD,24.08,23.46,455720.00,ETF,ETF,64.00,91.00,,,1.23,1.16,823892.00,489610.00,28.10,20.91,0,NO,24.01,,,,,,41,2.43,455720.00,NO,NO,2026-08-12,2141800.00
2645,JHDG,28.36,28.09,5368.00,ETF,ETF,64.00,77.00,74.00,,0.18,0.10,21598.00,25290.00,28.81,25.62,0,NO,27.99,28.07,,28.21,,,124,0.89,5368.00,NO,NO,2026-05-13,1041300.00
2646,BVAL,31.32,31.16,21645.00,ETF,ETF,64.00,49.00,56.00,63.00,0.23,0.17,28638.00,41480.00,32.64,26.57,0,NO,31.66,31.89,30.13,31.95,30.68,,322,0.00,21645.00,NO,NO,2025-06-24,3561200.00
2647,ORR,37.88,37.25,52017.00,ETF,ETF,64.00,52.00,64.00,45.00,0.53,0.45,60395.00,58040.00,39.80,30.66,0,NO,38.33,38.48,36.90,38.68,37.15,,431,1.53,52017.00,NO,NO,2026-03-03,815900.00
2648,DRV,23.50,23.71,189446.00,ETF,ETF,64.00,95.00,93.00,34.00,0.81,0.75,142438.00,116660.00,27.75,16.26,0,NO,21.36,19.36,21.20,19.67,20.09,,4331,0.00,189446.00,NO,NO,2022-11-10,1617500.00
2649,DFSU,47.59,47.25,66888.00,ETF,ETF,64.00,59.00,64.00,70.00,0.44,0.36,97663.00,107570.00,49.21,39.73,0,NO,47.64,47.93,45.36,48.07,45.97,,982,0.00,66888.00,NO,NO,2023-03-02,5233800.00
2650,VUSV,69.26,68.74,26565.00,ETF,ETF,64.00,41.00,61.00,61.00,0.52,0.39,16195.00,19580.00,73.12,58.70,0,NO,69.83,70.90,66.87,71.12,67.81,,219,0.00,26565.00,NO,NO,2025-11-26,399000.00
2651,SNAV,39.04,38.83,3430.00,ETF,ETF,64.00,68.00,64.00,64.00,0.23,0.13,4015.00,5020.00,39.47,33.40,0,NO,38.83,38.84,37.10,38.94,37.70,,935,0.00,3430.00,NO,NO,2024-10-01,963500.00
2652,VEU,83.45,82.48,1538345.00,ETF,ETF,64.00,52.00,53.00,60.00,1.03,0.73,2614207.00,2922420.00,86.52,70.09,0,NO,84.29,84.43,80.72,84.82,81.97,,4925,0.93,1538345.00,NO,NO,2020-03-19,20323300.00
2653,JPEF,82.06,81.18,58918.00,ETF,ETF,64.00,78.00,69.00,68.00,0.74,0.62,77480.00,58450.00,83.20,69.68,0,NO,81.21,81.26,77.90,81.61,78.96,,798,1.05,58918.00,NO,NO,2026-02-17,2067500.00
2654,VNSE,42.33,42.10,17.00,ETF,ETF,64.00,80.00,70.00,71.00,0.28,0.01,138.00,100.00,43.17,35.19,0,NO,41.61,41.84,40.12,41.97,40.64,,1516,0.00,100.00,NO,NO,2024-09-04,248100.00
2655,LCLG,71.18,70.66,524.00,ETF,ETF,64.00,80.00,35.00,77.00,0.64,0.34,674.00,460.00,76.05,56.79,0,NO,70.07,71.04,67.78,71.21,69.41,,1043,0.00,524.00,NO,NO,2023-01-04,30600.00
2656,CWI,40.64,40.16,283295.00,ETF,ETF,64.00,57.00,55.00,61.00,0.51,0.36,254547.00,485320.00,41.97,34.19,0,NO,40.95,40.98,39.21,41.16,39.79,,4960,0.82,283295.00,NO,NO,2018-12-27,9871800.00
2657,MEMS,30.31,29.95,92.00,ETF,ETF,64.00,52.00,33.00,70.00,0.32,0.09,1122.00,630.00,32.56,24.64,0,NO,30.44,30.42,29.14,30.55,30.04,,684,0.00,92.00,NO,NO,2025-01-17,169100.00
2658,EQTY,29.07,29.00,18737.00,ETF,ETF,64.00,59.00,69.00,68.00,0.18,0.15,26020.00,38850.00,30.06,24.74,0,NO,29.11,29.39,27.82,29.47,27.99,,955,0.00,18737.00,NO,NO,2023-01-25,4493500.00
2659,QABA,65.59,64.76,1620.00,ETF,ETF,64.00,42.00,40.00,62.00,0.81,0.68,10820.00,15700.00,70.66,51.90,0,NO,66.45,67.80,63.09,67.87,64.48,,4341,1.28,1620.00,NO,NO,2016-11-15,928600.00
2660,ENVA,172.89,171.49,307987.00,Financial Services,Credit Services,64.00,1.00,3.00,84.00,9.44,5.65,354817.00,378710.00,267.45,103.02,4304679424,NO,187.84,223.98,182.26,222.30,193.23,,2988,0.00,307987.00,NO,NO,2015-12-18,2255200.00
2661,FTLS,77.34,76.90,202955.00,ETF,ETF,64.00,75.00,79.00,59.00,0.49,0.45,132060.00,188670.00,77.52,67.94,0,NO,76.69,76.21,73.32,76.41,74.19,,3035,0.29,202955.00,NO,NO,2025-07-16,821000.00
2662,DMXF,85.29,84.19,15076.00,ETF,ETF,64.00,58.00,61.00,65.00,1.12,0.85,91706.00,118990.00,88.06,72.41,0,NO,85.31,85.70,81.45,86.13,82.61,,1581,0.80,15076.00,NO,NO,2025-09-16,3053000.00
2663,MAYZ,36.85,36.70,221.00,ETF,ETF,64.00,70.00,69.00,70.00,0.26,0.12,1138.00,2510.00,37.23,31.04,0,NO,36.68,36.67,34.95,36.78,35.45,,1362,0.00,221.00,NO,NO,2021-05-03,260300.00
2664,EIS,122.54,121.20,32120.00,ETF,ETF,64.00,57.00,57.00,45.00,1.77,1.31,39828.00,35650.00,138.85,97.50,0,NO,123.72,122.63,122.58,123.40,124.33,,4659,0.97,32120.00,NO,NO,2008-06-11,1669600.00
2665,FCFY,29.09,28.87,14.00,ETF,ETF,64.00,36.00,81.00,70.00,0.26,0.10,1480.00,3020.00,31.01,24.92,0,NO,29.85,29.79,27.73,29.93,27.91,,777,0.53,700.00,NO,NO,2023-08-30,101800.00
2666,IWS,162.56,161.77,567916.00,ETF,ETF,63.00,32.00,46.00,60.00,1.54,1.35,411822.00,430900.00,173.52,133.74,0,NO,164.61,168.11,157.27,168.17,160.90,,6329,0.00,567916.00,NO,NO,2008-05-22,13505700.00
2667,IT,184.80,192.80,627746.00,Technology,Information Technology Services,63.00,59.00,95.00,73.00,8.16,7.58,1288557.00,1067340.00,261.84,124.25,11669931008,NO,184.01,182.25,173.09,183.65,160.84,,8305,0.00,627746.00,NO,NO,1993-10-05,25536800.00
2668,EDGU,31.71,31.51,14740.00,ETF,ETF,63.00,64.00,59.00,67.00,0.23,0.17,60222.00,22190.00,32.63,27.11,0,NO,31.70,31.80,30.28,31.91,30.81,,501,0.00,14740.00,NO,NO,2026-09-11,2051900.00
2669,EEMS,76.46,75.06,23281.00,ETF,ETF,63.00,68.00,65.00,61.00,0.86,0.54,50244.00,10060.00,79.44,65.04,0,NO,75.79,74.75,73.38,75.25,74.49,,3803,1.61,23281.00,NO,NO,2026-05-27,2019300.00
2670,EQQQ,41.59,41.18,2174.00,ETF,ETF,63.00,78.00,,,0.71,0.43,6382.00,2050.00,44.88,38.08,0,NO,40.37,41.19,,41.43,,,51,0.84,2174.00,NO,NO,2026-08-13,61300.00
2671,FGSM,34.43,34.13,703.00,ETF,ETF,63.00,40.00,49.00,58.00,0.26,0.13,4204.00,3910.00,36.25,28.15,0,NO,34.86,35.27,33.47,35.37,34.10,,446,0.00,703.00,NO,NO,2024-12-23,1826900.00
2672,GSSC,86.87,86.16,19827.00,ETF,ETF,63.00,39.00,33.00,70.00,1.05,0.89,38133.00,31330.00,92.84,70.21,0,NO,87.58,89.51,83.61,89.54,85.59,,2322,0.00,19827.00,NO,NO,2026-01-29,1521500.00
2673,MCOW,22.03,21.76,79.00,ETF,ETF,63.00,75.00,67.00,78.00,0.12,0.05,990.00,380.00,22.65,17.70,0,NO,21.57,21.72,20.41,21.82,20.67,,274,0.00,300.00,NO,NO,2025-09-03,30100.00
2674,NBJP,36.21,35.82,216.00,ETF,ETF,63.00,70.00,39.00,57.00,0.37,0.10,8107.00,580.00,38.95,28.72,0,NO,35.76,35.84,34.72,36.04,35.34,,515,0.00,500.00,NO,NO,2026-01-15,565800.00
2675,DVYA,49.48,49.54,5943.00,ETF,ETF,63.00,27.00,75.00,41.00,0.52,0.26,5388.00,8290.00,52.73,41.61,0,NO,50.70,51.19,49.33,51.22,49.84,,3673,0.00,5943.00,NO,NO,2016-10-14,602900.00
2676,VVX,70.79,70.71,456506.00,Industrials,Aerospace & Defense,63.00,23.00,20.00,40.00,2.76,2.75,671315.00,841190.00,93.98,50.89,2218937856,NO,73.89,78.43,72.42,78.35,75.31,,3030,0.00,456506.00,NO,NO,2026-09-18,3934700.00
2677,ONEO,150.32,148.28,122.00,ETF,ETF,63.00,45.00,46.00,64.00,0.80,0.30,452.00,600.00,159.17,123.07,0,NO,151.49,154.20,144.48,154.27,148.05,,2722,0.00,300.00,NO,NO,2015-12-03,5731400.00
2678,VXUS,85.43,84.46,4730796.00,ETF,ETF,63.00,51.00,54.00,60.00,1.06,0.75,5169060.00,5576400.00,88.62,72.08,0,NO,86.27,86.39,82.68,86.79,83.93,,3943,0.92,4730796.00,NO,NO,2025-04-07,20278100.00
2679,SEPQ,27.95,27.86,28550.00,ETF,ETF,63.00,80.00,59.00,78.00,0.34,0.29,26912.00,30210.00,29.08,22.12,0,NO,27.59,27.46,26.28,27.58,26.76,,1096,0.00,28550.00,NO,NO,2023-06-21,394600.00
2680,TALV,28.09,27.93,6183.00,ETF,ETF,63.00,37.00,62.00,62.00,0.18,0.11,8166.00,5220.00,29.55,24.57,0,NO,28.50,28.89,,28.92,27.56,,199,0.47,6183.00,NO,NO,2026-03-26,1781800.00
2681,TMED,33.22,33.34,2526.00,ETF,ETF,63.00,15.00,33.00,66.00,0.48,0.39,8717.00,6720.00,36.72,27.57,0,NO,34.13,34.81,31.71,34.62,32.35,,329,0.00,2526.00,NO,NO,2026-08-12,45100.00
2682,ADAMN,24.23,24.55,16057.00,Real Estate,REIT - Mortgage,63.00,39.00,68.00,63.00,0.27,0.25,7441.00,8150.00,25.16,21.01,0,NO,24.58,24.50,23.33,24.53,23.70,,2243,0.00,16057.00,NO,NO,2018-01-19,654200.00
2683,NBCR,34.36,34.13,13762.00,ETF,ETF,63.00,68.00,68.00,69.00,0.27,0.20,33563.00,65530.00,34.99,28.80,0,NO,34.23,34.29,32.67,34.43,33.09,,545,0.59,13762.00,NO,NO,2026-01-15,5542200.00
2684,QPX,48.77,48.52,410.00,ETF,ETF,63.00,75.00,61.00,68.00,0.34,0.12,3020.00,3260.00,49.85,41.16,0,NO,48.41,48.50,46.65,48.78,47.23,,1447,0.00,410.00,NO,NO,2023-03-22,735600.00
2685,SMOX,29.43,29.04,10533.00,ETF,ETF,63.00,58.00,42.00,57.00,0.44,0.41,52752.00,31740.00,31.72,25.05,0,NO,29.26,29.97,28.49,30.03,29.21,,208,1.24,10533.00,NO,NO,2025-12-09,2007200.00
2686,CGGR,47.81,47.45,2816609.00,ETF,ETF,63.00,79.00,68.00,76.00,0.61,0.50,2577158.00,2675360.00,48.47,38.55,0,NO,47.24,46.71,45.01,46.96,45.34,,1156,0.00,2816609.00,NO,NO,2025-10-17,13399300.00
2687,GMEC,28.84,29.02,18.00,ETF,ETF,63.00,98.00,,,1.48,0.19,212.00,350.00,30.03,15.80,0,NO,24.08,20.77,,20.94,,,66,0.00,100.00,NO,NO,2026-06-30,9900.00
2688,CGGE,35.10,34.74,389742.00,ETF,ETF,63.00,70.00,55.00,68.00,0.36,0.28,493539.00,455170.00,36.08,29.39,0,NO,34.90,35.12,33.45,35.26,33.89,,569,0.00,389742.00,NO,NO,2025-08-15,9037800.00
2689,AWR,82.82,81.19,345243.00,Utilities,Utilities - Regulated Water,63.00,21.00,57.00,52.00,1.52,1.41,252144.00,276680.00,91.72,69.45,3282622464,NO,85.00,86.76,79.08,86.67,81.50,,13518,1.88,345243.00,NO,NO,2018-01-31,3714000.00
2690,MRSK,39.79,39.47,12656.00,ETF,ETF,63.00,74.00,74.00,64.00,0.32,0.26,24553.00,17630.00,41.71,34.50,0,NO,39.46,39.45,37.83,39.58,38.15,,1576,0.09,12656.00,NO,NO,2025-04-04,1400700.00
2691,ESIM,28.90,28.58,10362.00,ETF,ETF,63.00,58.00,40.00,67.00,0.42,0.31,25255.00,50970.00,30.59,24.50,0,NO,29.02,29.17,,29.29,28.33,,199,0.00,10362.00,NO,NO,2026-03-05,242600.00
2692,RKNG,25.87,25.34,5355.00,ETF,ETF,63.00,94.00,58.00,88.00,0.53,0.29,3526.00,2760.00,30.71,16.55,0,NO,24.14,23.42,,23.79,24.11,,176,1.28,5355.00,NO,NO,2026-01-23,258700.00
2693,LVHI,41.63,41.44,712720.00,ETF,ETF,63.00,38.00,67.00,41.00,0.36,0.29,913988.00,988810.00,43.35,34.66,0,NO,42.24,42.60,40.65,42.57,41.38,,2560,0.14,712720.00,NO,NO,2025-03-18,5582000.00
2694,TEQI,50.70,50.53,5598.00,ETF,ETF,63.00,36.00,50.00,64.00,0.39,0.31,27536.00,23330.00,53.35,42.44,0,NO,51.71,52.17,48.85,52.21,49.78,,1548,0.00,5598.00,NO,NO,2024-06-25,679100.00
2695,PHEQ,35.61,35.36,8881.00,ETF,ETF,63.00,75.00,74.00,61.00,0.51,0.48,20598.00,22540.00,40.19,29.54,0,NO,35.36,35.10,33.73,35.23,34.19,,741,0.61,8881.00,NO,NO,2024-11-01,644300.00
2696,AVDS,78.05,77.39,13037.00,ETF,ETF,63.00,49.00,66.00,53.00,0.87,0.57,23269.00,21850.00,81.32,64.71,0,NO,79.09,79.04,76.18,79.43,76.93,,805,0.70,13037.00,NO,NO,2026-01-22,373300.00
2697,TXUG,27.75,27.30,12.00,ETF,ETF,63.00,78.00,58.00,71.00,0.21,0.00,701.00,100.00,28.41,22.77,0,NO,27.15,27.38,26.04,27.54,26.43,,426,0.00,12.00,NO,NO,2025-01-24,50900.00
2698,MIDU,62.72,61.03,42377.00,ETF,ETF,63.00,17.00,11.00,74.00,1.76,1.49,15574.00,17500.00,77.88,42.74,0,NO,62.97,68.34,63.55,68.47,65.55,,4461,0.00,42377.00,NO,NO,2010-05-04,3607200.00
2699,AAVM,33.73,33.42,580.00,ETF,ETF,63.00,53.00,56.00,51.00,0.20,0.07,1387.00,1690.00,35.01,27.98,0,NO,33.92,34.14,33.06,34.26,33.55,,2367,0.78,580.00,NO,NO,2018-11-26,430700.00
2700,XX,25.65,23.89,8467.00,ETF,ETF,63.00,,,,,,3300.00,3300.00,26.17,23.50,0,NO,,,,,,,2,5.67,8467.00,NO,YES,2026-10-02,8467.00
2701,NVIR,38.42,38.30,333.00,ETF,ETF,63.00,22.00,71.00,28.00,0.37,0.11,406.00,290.00,41.31,31.26,0,NO,39.40,39.67,38.39,39.71,39.33,,907,0.17,333.00,NO,NO,2023-09-19,69200.00
2702,XMVM,71.57,70.80,26793.00,ETF,ETF,63.00,30.00,61.00,57.00,0.86,0.76,30926.00,34120.00,76.01,58.18,0,NO,72.66,73.94,69.50,74.04,70.64,,5431,0.64,26793.00,NO,NO,2021-08-03,1389900.00
2703,JUNZ,35.94,35.76,991.00,ETF,ETF,63.00,70.00,68.00,69.00,0.27,0.16,2303.00,3790.00,36.27,30.54,0,NO,35.78,35.75,34.11,35.86,34.60,,1342,0.00,991.00,NO,NO,2023-05-01,359700.00
2704,SEPZ,46.44,46.19,6095.00,ETF,ETF,63.00,70.00,70.00,67.00,0.30,0.20,7325.00,5760.00,47.11,39.71,0,NO,46.21,46.17,44.08,46.32,44.71,,1529,0.00,6095.00,NO,NO,2025-05-06,2182200.00
2705,WAMA,27.00,26.80,7005.00,ETF,ETF,63.00,71.00,73.00,64.00,0.20,0.12,14387.00,51710.00,27.30,23.34,0,NO,26.88,26.81,,26.92,25.93,,142,0.75,7005.00,NO,NO,2026-03-31,3346000.00
2706,DEEP,41.45,41.20,4756.00,ETF,ETF,63.00,26.00,44.00,64.00,0.38,0.23,1144.00,1100.00,44.44,33.09,0,NO,42.18,42.96,40.02,43.00,40.96,,3025,0.56,4756.00,NO,NO,2020-03-03,2752800.00
2707,GSC,63.23,62.32,46174.00,ETF,ETF,63.00,54.00,24.00,68.00,0.73,0.55,16403.00,11730.00,69.87,50.70,0,NO,62.63,65.07,61.19,65.02,62.60,,750,0.00,46174.00,NO,NO,2026-04-16,827900.00
2708,IVLU,42.62,42.29,1383236.00,ETF,ETF,63.00,33.00,56.00,50.00,0.56,0.38,857896.00,1321260.00,45.09,34.70,0,NO,43.82,43.91,41.76,44.08,42.35,,2822,0.45,1383236.00,NO,NO,2021-06-07,12614300.00
2709,HDV,28.04,27.98,2102369.00,ETF,ETF,63.00,23.00,67.00,47.00,0.25,0.23,4623604.00,3910930.00,30.13,23.52,0,NO,28.67,29.02,27.38,28.97,27.90,,3900,0.00,2102369.00,NO,NO,2022-05-18,68162500.00
2710,FHEQ,33.78,33.63,59368.00,ETF,ETF,63.00,61.00,68.00,69.00,0.28,0.25,75609.00,84340.00,34.60,28.84,0,NO,33.80,33.89,32.19,34.01,32.69,,622,0.00,59368.00,NO,NO,2024-05-15,18776100.00
2711,RFDA,71.11,70.73,1297.00,ETF,ETF,63.00,38.00,60.00,65.00,0.41,0.28,4076.00,5000.00,74.21,61.13,0,NO,72.18,72.79,68.06,72.84,69.58,,2517,0.00,1297.00,NO,NO,2018-03-08,1290400.00
2712,DFIV,55.59,55.11,1499280.00,ETF,ETF,63.00,28.00,61.00,47.00,0.67,0.44,1233423.00,1535630.00,59.21,45.06,0,NO,57.36,57.56,54.76,57.73,55.56,,1270,0.36,1499280.00,NO,NO,2025-04-28,20695100.00
2713,JSTC,22.66,22.46,15831.00,ETF,ETF,63.00,66.00,54.00,70.00,0.28,0.25,22658.00,18760.00,23.63,18.90,0,NO,22.56,22.75,21.55,22.82,21.92,,1459,0.58,15831.00,NO,NO,2025-06-13,482300.00
2714,TDSC,28.25,28.15,2665.00,ETF,ETF,63.00,58.00,70.00,56.00,0.16,0.10,9192.00,7790.00,28.89,24.50,0,NO,28.35,28.33,27.16,28.40,27.57,,1518,0.20,2665.00,NO,NO,2020-09-17,20271700.00
2715,PSMR,32.99,32.94,518.00,ETF,ETF,63.00,72.00,72.00,56.00,0.06,0.03,1346.00,2360.00,33.02,28.86,0,NO,32.85,32.70,31.38,32.77,31.96,,1383,0.00,518.00,NO,NO,2025-03-20,491800.00
2716,CBTY,22.62,22.53,27.00,ETF,ETF,63.00,86.00,90.00,70.00,0.16,0.02,5376.00,240.00,27.08,19.15,0,NO,22.06,21.03,20.51,21.25,20.26,,312,0.00,1300.00,NO,NO,2026-06-30,324500.00
2717,VUSE,72.81,72.84,11542.00,ETF,ETF,63.00,68.00,64.00,70.00,0.63,0.47,10160.00,10970.00,74.84,61.10,0,NO,72.47,72.77,69.02,72.99,70.12,,3194,0.00,11542.00,NO,NO,2018-10-01,607900.00
2718,BETH,46.61,46.91,485.00,ETF,ETF,63.00,90.00,95.00,81.00,0.94,0.32,1315.00,1930.00,87.02,31.89,0,NO,45.17,41.16,41.73,41.80,39.77,,754,0.00,485.00,NO,NO,2025-06-20,42700.00
2719,PTLC,60.06,59.62,265615.00,ETF,ETF,63.00,73.00,73.00,68.00,0.53,0.43,97052.00,100240.00,60.75,51.58,0,NO,59.66,59.55,57.08,59.81,57.49,,2844,0.00,265615.00,NO,NO,2020-03-12,3548900.00
2720,IXUS,95.58,94.51,1339915.00,ETF,ETF,63.00,54.00,55.00,59.00,1.17,0.85,1913088.00,3068070.00,98.83,81.02,0,NO,96.41,96.50,92.61,96.98,94.01,,3504,0.85,1339915.00,NO,NO,2025-04-30,30256500.00
2721,HEFA,46.55,46.15,499638.00,ETF,ETF,63.00,58.00,56.00,55.00,0.42,0.31,638104.00,572230.00,48.00,39.59,0,NO,46.63,46.94,44.81,47.02,45.48,,3177,0.69,499638.00,NO,NO,2024-03-14,49529700.00
2722,RPV,115.74,115.21,352730.00,ETF,ETF,63.00,22.00,61.00,54.00,1.25,1.14,166496.00,261640.00,123.43,95.86,0,NO,118.88,120.29,112.88,120.34,114.72,,5177,0.13,352730.00,NO,NO,2024-03-14,5509900.00
2723,OPLN,35.53,34.87,1128529.00,Consumer Cyclical,Auto & Truck Dealerships,63.00,80.00,11.00,78.00,0.78,0.74,1170938.00,1305680.00,42.90,24.32,4337142272,NO,34.82,35.90,33.49,35.61,35.08,,4227,1.35,1128529.00,NO,NO,2013-11-07,40911634.00
2724,KONG,32.99,32.90,6229.00,ETF,ETF,63.00,73.00,78.00,63.00,0.25,0.11,641.00,480.00,33.68,28.66,0,NO,32.62,32.68,31.23,32.82,31.36,,1306,0.00,6229.00,NO,NO,2021-07-30,271400.00
2725,REFA,22.72,23.07,8.00,ETF,ETF,63.00,53.00,71.00,55.00,0.17,0.00,623.00,100.00,24.00,20.19,0,NO,23.35,23.43,22.21,23.52,22.50,,201,0.00,100.00,NO,NO,2025-12-11,50100.00
2726,GOEX,82.04,81.72,3168.00,ETF,ETF,63.00,8.00,86.00,21.00,2.59,1.64,8730.00,4850.00,110.19,62.30,0,NO,87.81,85.68,84.85,87.19,81.52,,4001,0.00,3168.00,NO,NO,2026-02-09,347600.00
2727,HOOD,112.74,111.15,29222290.00,Financial Services,Capital Markets,63.00,85.00,35.00,94.00,6.40,5.88,21019685.00,21312380.00,153.86,63.52,101362540544,NO,115.95,105.40,94.33,107.44,93.20,,1301,0.00,29222290.00,YES,NO,2025-09-19,202388400.00
2728,BBMC,122.39,121.31,78917.00,ETF,ETF,63.00,45.00,38.00,62.00,1.12,0.83,21985.00,68000.00,130.07,99.77,0,NO,122.97,125.46,118.69,125.66,121.24,,1626,0.78,78917.00,NO,NO,2021-01-29,2291600.00
2729,VYMI,100.49,99.82,835238.00,ETF,ETF,63.00,26.00,61.00,50.00,1.22,0.75,827769.00,964180.00,107.29,82.84,0,NO,103.63,104.10,98.71,104.28,100.13,,2663,0.22,835238.00,NO,NO,2026-03-03,4857900.00
2730,HTH,38.45,37.93,348435.00,Financial Services,Financial Conglomerates,63.00,65.00,57.00,52.00,0.68,0.64,273693.00,433640.00,40.41,30.78,2202662656,NO,38.48,38.80,37.51,38.88,37.90,,5692,0.92,348435.00,NO,NO,2021-01-20,15215100.00
2731,LSEQ,33.77,33.81,79.00,ETF,ETF,63.00,40.00,46.00,37.00,0.24,0.09,1831.00,2750.00,36.02,27.31,0,NO,34.00,34.14,33.06,34.11,34.09,,709,0.00,7400.00,NO,NO,2023-12-07,376400.00
2732,MICC,17.48,17.18,661442.00,Consumer Defensive,Packaged Foods,63.00,7.00,22.00,80.00,0.45,0.31,892680.00,752070.00,20.68,12.94,10555744256,NO,18.92,19.16,16.90,19.20,17.17,,206,0.41,661442.00,NO,NO,2025-12-11,11203400.00
2733,TCHP,52.11,51.44,89312.00,ETF,ETF,63.00,82.00,78.00,73.00,0.66,0.54,192069.00,162720.00,53.26,42.26,0,NO,50.85,50.46,49.23,50.83,49.51,,1548,0.86,89312.00,NO,NO,2026-03-16,2581200.00
2734,PSFF,35.29,35.19,47173.00,ETF,ETF,63.00,74.00,74.00,60.00,0.16,0.14,64377.00,119360.00,35.34,31.31,0,NO,35.08,34.91,33.56,35.00,34.01,,1446,0.03,47173.00,NO,NO,2024-11-20,883100.00
2735,JANZ,41.81,41.58,1360.00,ETF,ETF,63.00,71.00,69.00,66.00,0.22,0.09,2082.00,2060.00,42.27,35.96,0,NO,41.61,41.58,39.74,41.73,40.30,,1443,0.00,1360.00,NO,NO,2026-05-04,725500.00
2736,TSPX,30.44,30.44,16.00,ETF,ETF,63.00,74.00,72.00,68.00,0.15,0.02,17817.00,370.00,30.85,26.16,0,NO,30.45,30.36,28.94,30.48,29.39,,403,0.00,100.00,NO,NO,2025-04-07,4495600.00
2737,AVES,65.83,64.80,85781.00,ETF,ETF,63.00,56.00,56.00,59.00,0.85,0.55,94938.00,75520.00,69.06,55.31,0,NO,65.69,65.21,63.88,65.56,64.67,,1257,1.11,85781.00,NO,NO,2026-01-21,2365600.00
2738,FARX,29.97,29.95,771.00,ETF,ETF,63.00,71.00,76.00,48.00,0.09,0.05,3184.00,5480.00,30.33,26.40,0,NO,29.98,29.68,28.79,29.76,29.15,,446,0.00,771.00,NO,NO,2024-12-23,436300.00
2739,CMAG,27.17,26.83,7674.00,ETF,ETF,63.00,83.00,85.00,,0.33,0.19,10823.00,27660.00,27.88,23.06,0,NO,26.65,26.07,,26.33,,,104,1.08,7674.00,NO,NO,2026-09-28,256100.00
2740,IMKTA,86.65,84.72,81352.00,Consumer Defensive,Grocery Stores,62.00,87.00,34.00,20.00,1.66,1.62,115760.00,123220.00,95.62,67.11,1645862656,NO,83.48,85.13,84.83,85.15,87.92,,9832,1.02,81352.00,NO,NO,1987-09-22,864100.00
2741,IVOG,139.37,138.23,18208.00,ETF,ETF,62.00,65.00,40.00,60.00,1.58,1.34,35295.00,101060.00,148.72,113.78,0,NO,138.06,141.12,135.04,141.43,138.15,,4041,0.80,18208.00,NO,NO,2017-12-05,2216200.00
2742,IDUB,27.40,27.32,43150.00,ETF,ETF,62.00,45.00,53.00,60.00,0.36,0.24,32741.00,38600.00,28.63,23.10,0,NO,27.94,27.94,26.72,28.07,27.14,,1305,0.11,43150.00,NO,NO,2023-08-11,797500.00
2743,BVN,31.39,31.49,814715.00,Basic Materials,Other Precious Metals & Mining,62.00,13.00,80.00,8.00,1.30,1.21,1046184.00,1369200.00,44.67,21.00,7972647424,NO,33.31,33.43,33.88,33.56,33.24,,7645,0.00,814715.00,NO,NO,2018-12-21,21800600.00
2744,ROSC,54.10,53.52,50.00,ETF,ETF,62.00,57.00,38.00,63.00,0.37,0.25,5323.00,4730.00,57.52,43.46,0,NO,54.52,55.43,52.23,55.31,53.42,,2899,0.27,13800.00,NO,NO,2026-02-04,262200.00
2745,TMSL,41.43,41.06,925285.00,ETF,ETF,62.00,49.00,31.00,64.00,0.51,0.46,441506.00,651450.00,44.77,33.48,0,NO,41.46,42.66,40.30,42.71,41.25,,828,0.78,925285.00,NO,NO,2025-03-26,4210600.00
2746,REMC,22.74,22.66,111.00,ETF,ETF,62.00,52.00,64.00,65.00,0.11,0.01,1534.00,160.00,23.80,19.64,0,NO,22.94,23.17,21.59,23.21,22.02,,200,0.00,100.00,NO,NO,2026-03-09,123000.00
2747,UMDD,31.49,30.63,4720.00,ETF,ETF,62.00,18.00,11.00,74.00,0.74,0.55,5355.00,3960.00,39.16,21.52,0,NO,31.64,34.35,31.96,34.41,32.96,,4186,2.09,4720.00,NO,NO,2011-10-04,9932000.00
2748,RESM,23.29,23.11,678.00,ETF,ETF,62.00,37.00,34.00,66.00,0.13,0.04,1615.00,720.00,24.96,19.69,0,NO,23.44,24.01,22.43,24.01,23.04,,202,0.00,678.00,NO,NO,2026-03-09,122300.00
2749,CP,85.94,84.47,1487749.00,Industrials,Railroads,62.00,33.00,45.00,57.00,1.51,1.43,2437079.00,2834160.00,96.90,68.42,75548073984,NO,87.97,90.56,84.62,90.60,87.42,,10773,0.63,1487749.00,NO,NO,2001-02-13,80638000.00
2750,IDMO,61.52,60.60,330347.00,ETF,ETF,62.00,57.00,63.00,60.00,0.81,0.60,332468.00,406990.00,63.88,52.14,0,NO,61.92,61.98,59.21,62.36,59.83,,3673,1.04,330347.00,NO,NO,2020-10-01,10249100.00
2751,THMZ,34.72,34.30,879.00,ETF,ETF,62.00,75.00,68.00,74.00,0.32,0.17,1592.00,1820.00,36.13,28.18,0,NO,34.32,34.39,32.81,34.57,33.01,,375,0.00,879.00,NO,NO,2025-07-02,75100.00
2752,BLX,54.78,55.21,165013.00,Financial Services,Banks - Regional,62.00,58.00,25.00,47.00,1.15,1.14,168752.00,200770.00,63.20,38.41,2039470720,NO,54.96,55.72,53.11,55.30,55.54,,8565,0.00,165013.00,NO,NO,1992-09-24,2366000.00
2753,SMLV,152.13,150.96,2139.00,ETF,ETF,62.00,35.00,37.00,59.00,1.19,0.94,2649.00,2510.00,163.75,124.22,0,NO,153.69,157.47,147.45,157.38,151.13,,3425,0.76,2139.00,NO,NO,2018-02-20,325400.00
2754,COWS,36.73,36.72,6130.00,ETF,ETF,62.00,14.00,60.00,62.00,0.43,0.34,8247.00,6290.00,40.70,30.53,0,NO,37.71,38.91,35.67,38.93,36.38,,767,0.00,6130.00,NO,NO,2025-01-27,316800.00
2755,DRKY,22.17,22.07,3381.00,ETF,ETF,62.00,84.00,80.00,66.00,0.31,0.24,8871.00,11790.00,22.72,18.21,0,NO,21.92,21.30,20.69,21.51,20.45,,248,0.00,3381.00,NO,NO,2026-01-13,433000.00
2756,RJDI,28.85,28.57,16785.00,ETF,ETF,62.00,55.00,54.00,53.00,0.24,0.20,32219.00,21400.00,30.31,24.23,0,NO,28.95,29.33,28.11,29.37,28.70,,252,0.00,16785.00,NO,NO,2025-12-11,290100.00
2757,QDPL,46.23,45.91,125834.00,ETF,ETF,62.00,68.00,66.00,69.00,0.45,0.37,123107.00,133680.00,47.12,39.12,0,NO,46.13,46.15,44.14,46.31,44.72,,1303,0.00,125834.00,NO,NO,2025-02-10,1243000.00
2758,IVVM,37.97,37.78,8331.00,ETF,ETF,62.00,72.00,72.00,61.00,0.22,0.17,28823.00,49750.00,38.17,33.29,0,NO,37.80,37.67,36.14,37.79,36.61,,818,0.00,8331.00,NO,NO,2026-03-26,616800.00
2759,LEGR,64.94,64.91,527.00,ETF,ETF,62.00,44.00,61.00,63.00,0.59,0.32,1790.00,2030.00,67.79,55.42,0,NO,66.25,66.21,63.06,66.48,63.90,,2184,0.00,527.00,NO,NO,2023-05-26,325600.00
2760,DGRW,98.16,97.42,547185.00,ETF,ETF,62.00,59.00,71.00,63.00,0.81,0.71,492920.00,459850.00,100.59,85.37,0,NO,98.26,98.52,94.27,98.81,95.39,,3362,0.00,547185.00,NO,NO,2022-05-06,5389200.00
2761,VCYT,45.81,44.19,1043215.00,Healthcare,Diagnostics & Research,62.00,78.00,5.00,90.00,2.66,2.62,1339719.00,1764420.00,60.91,29.45,3682699264,NO,43.10,44.95,42.51,43.49,43.46,,3250,1.70,1043215.00,NO,NO,2025-07-28,15571600.00
2762,EDGI,31.55,31.16,14942.00,ETF,ETF,62.00,59.00,61.00,61.00,0.37,0.21,42688.00,18380.00,32.44,27.07,0,NO,31.74,31.63,30.41,31.83,30.67,,501,1.03,14942.00,NO,NO,2026-03-09,2110000.00
2763,QUS,191.51,190.82,14366.00,ETF,ETF,62.00,57.00,68.00,61.00,1.33,1.19,16685.00,11430.00,196.45,167.84,0,NO,191.74,192.72,183.13,193.10,185.47,,2884,0.00,14366.00,NO,NO,2020-03-30,1014100.00
2764,IPO,53.59,52.87,12137.00,ETF,ETF,62.00,79.00,18.00,84.00,0.86,0.65,17487.00,13500.00,60.33,39.31,0,NO,52.94,53.52,49.99,53.78,51.71,,3260,0.95,12137.00,NO,NO,2020-12-09,1199600.00
2765,CBOE,271.26,277.19,1150633.00,Financial Services,Financial Data & Stock Exchanges,62.00,14.00,87.00,15.00,10.83,10.03,1095942.00,1370370.00,371.18,227.15,28327958528,NO,274.42,287.69,287.10,288.57,293.18,,4101,0.00,1150633.00,NO,NO,2017-02-28,20233300.00
2766,AG,17.67,17.66,8796326.00,Basic Materials,Silver,62.00,3.00,71.00,5.00,0.89,0.74,10072460.00,9974250.00,32.04,10.19,8709655552,NO,19.16,18.95,20.17,19.16,19.22,,4992,0.00,8796326.00,NO,NO,2026-01-30,60807500.00
2767,IVSS,29.11,28.88,4869.00,ETF,ETF,62.00,34.00,38.00,63.00,0.28,0.19,3549.00,4700.00,31.38,25.05,0,NO,29.37,30.11,28.17,30.10,28.79,,208,0.00,4869.00,NO,NO,2026-03-31,236300.00
2768,PSFJ,36.13,35.98,918.00,ETF,ETF,62.00,73.00,73.00,60.00,0.15,0.08,13914.00,5890.00,36.23,32.07,0,NO,35.92,35.79,34.42,35.90,34.85,,1320,0.26,918.00,NO,NO,2026-07-07,188600.00
2769,TCBK,52.59,51.80,258666.00,Financial Services,Banks - Regional,62.00,49.00,42.00,58.00,1.04,1.02,361938.00,340180.00,61.71,40.44,1681125120,NO,52.88,54.93,51.59,54.78,52.43,,8422,0.75,258666.00,NO,NO,2026-07-13,3205900.00
2770,XLKI,27.34,27.20,27325.00,ETF,ETF,62.00,84.00,78.00,67.00,0.24,0.19,22366.00,42980.00,28.26,22.82,0,NO,26.95,26.53,26.01,26.75,26.28,,297,0.00,27325.00,NO,NO,2026-08-21,101900.00
2771,OPPE,57.49,56.84,6558.00,ETF,ETF,62.00,36.00,62.00,49.00,0.64,0.39,18566.00,34420.00,60.56,48.20,0,NO,59.10,59.48,56.23,59.58,57.21,,2914,0.85,6558.00,NO,NO,2016-01-15,2099100.00
2772,SMMD,86.63,85.88,300083.00,ETF,ETF,62.00,35.00,31.00,64.00,1.12,0.97,333665.00,675500.00,93.42,69.94,0,NO,87.45,89.68,84.46,89.70,86.59,,2322,0.00,300083.00,NO,NO,2024-02-07,4760500.00
2773,BBSC,86.35,85.44,30895.00,ETF,ETF,62.00,36.00,28.00,67.00,0.83,0.49,9166.00,25500.00,93.36,69.41,0,NO,87.01,89.43,83.58,89.47,85.80,,1465,1.01,30895.00,NO,NO,2024-02-26,2526300.00
2774,PBA,45.89,45.28,1019010.00,Energy,Oil & Gas Midstream,62.00,24.00,49.00,43.00,0.91,0.86,973344.00,1057370.00,51.58,36.20,26687559680,NO,46.68,47.97,45.27,47.68,47.05,,4022,0.00,1019010.00,NO,NO,2025-10-03,7363600.00
2775,EPSB,26.61,26.37,636.00,ETF,ETF,62.00,59.00,39.00,55.00,0.16,0.07,1923.00,3430.00,28.31,21.39,0,NO,26.55,27.13,26.00,27.18,26.58,,357,0.00,636.00,NO,NO,2025-05-02,197500.00
2776,GME,24.70,24.11,13125473.00,Consumer Cyclical,Specialty Retail,62.00,96.00,85.00,49.00,0.96,0.89,7126453.00,11379490.00,26.99,17.79,12461174784,NO,22.53,20.52,22.26,20.67,22.03,,6199,0.37,13125473.00,YES,NO,2021-01-22,788631600.00
2777,FPAG,40.80,40.54,17743.00,ETF,ETF,62.00,34.00,58.00,64.00,0.45,0.34,42160.00,29080.00,43.56,34.75,0,NO,41.48,41.99,39.56,42.09,39.94,,1202,0.00,17743.00,NO,NO,2026-03-19,911800.00
2778,XOEF,29.42,29.30,13824.00,ETF,ETF,62.00,57.00,48.00,60.00,0.19,0.11,3868.00,4890.00,30.89,24.49,0,NO,29.41,29.85,28.38,29.90,28.93,,312,0.12,13824.00,NO,NO,2025-07-11,60800.00
2779,SCHA,33.05,32.77,4006411.00,ETF,ETF,62.00,43.00,27.00,64.00,0.45,0.39,2892152.00,4428780.00,36.20,26.46,0,NO,33.39,34.04,32.25,34.11,33.13,,4254,0.00,4006411.00,NO,NO,2024-02-13,32822600.00
2780,PSMD,35.27,35.20,410.00,ETF,ETF,62.00,72.00,73.00,60.00,0.08,0.03,1442.00,2910.00,35.31,30.84,0,NO,35.11,34.94,33.62,35.01,34.02,,1450,0.00,410.00,NO,NO,2024-03-26,257700.00
2781,SPDF,28.23,28.01,1955.00,ETF,ETF,62.00,73.00,72.00,,0.31,0.26,13969.00,18170.00,28.98,25.46,0,NO,28.05,28.01,,28.13,,,119,0.75,1955.00,NO,NO,2026-05-27,377000.00
2782,ESML,52.85,52.37,136646.00,ETF,ETF,62.00,37.00,36.00,62.00,0.63,0.52,110468.00,158390.00,56.75,42.87,0,NO,53.20,54.36,51.42,54.44,52.54,,2108,0.00,136646.00,NO,NO,2026-06-09,6691600.00
2783,CTSH,58.51,60.88,6979143.00,Technology,Information Technology Services,62.00,15.00,96.00,15.00,2.33,2.09,8020047.00,8305340.00,87.03,37.08,27675230208,NO,59.59,58.88,60.97,59.57,54.61,,7116,0.00,6979143.00,NO,NO,2003-02-07,121130400.00
2784,BBHL,17.45,17.30,34025.00,ETF,ETF,62.00,78.00,60.00,71.00,0.13,0.09,35390.00,27880.00,17.80,14.63,0,NO,17.16,17.29,16.55,17.35,16.74,,220,0.00,34025.00,NO,NO,2026-01-12,318900.00
2785,SIXH,43.93,43.87,7483.00,ETF,ETF,62.00,55.00,72.00,46.00,0.18,0.17,15795.00,7920.00,44.80,37.48,0,NO,44.32,44.17,42.41,44.18,42.98,,1608,0.00,7483.00,NO,NO,2020-05-11,1164800.00
2786,FDCF,51.77,51.45,2812.00,ETF,ETF,62.00,82.00,70.00,76.00,0.58,0.40,6185.00,5820.00,52.66,41.23,0,NO,51.25,50.55,48.34,50.80,48.80,,831,0.61,2812.00,NO,NO,2024-06-25,59300.00
2787,HSCZ,43.43,43.13,9594.00,ETF,ETF,62.00,60.00,58.00,55.00,0.39,0.28,25450.00,14970.00,44.42,37.40,0,NO,43.45,43.58,41.99,43.67,42.53,,2818,0.51,9594.00,NO,NO,2018-08-20,351500.00
2788,MYRG,304.77,297.92,179503.00,Industrials,Engineering & Construction,62.00,89.00,1.00,52.00,10.95,10.56,278557.00,273320.00,503.57,190.14,4745040384,NO,287.08,308.68,329.26,306.48,361.20,,4563,1.74,179503.00,NO,NO,2009-06-26,3646200.00
2789,ROCY,55.11,54.74,357328.00,ETF,ETF,62.00,70.00,70.00,61.00,0.41,0.35,277625.00,151010.00,55.97,48.34,0,NO,54.90,54.96,,55.16,,,137,0.00,357328.00,NO,NO,2026-08-18,2613200.00
2790,BDYN,28.02,27.78,537240.00,ETF,ETF,62.00,68.00,62.00,69.00,0.30,0.23,373228.00,369500.00,29.31,23.51,0,NO,27.96,28.01,26.74,28.12,27.05,,265,0.76,537240.00,NO,NO,2025-11-19,4959700.00
2791,BALI,34.53,34.33,233270.00,ETF,ETF,62.00,68.00,71.00,65.00,0.31,0.27,226465.00,253240.00,35.39,29.94,0,NO,34.44,34.53,33.03,34.65,33.44,,756,0.00,233270.00,NO,NO,2026-04-22,4543400.00
2792,FTC,180.59,178.84,26172.00,ETF,ETF,62.00,83.00,40.00,70.00,2.21,1.78,14468.00,15590.00,194.18,147.94,0,NO,176.57,178.65,172.02,179.38,175.59,,4880,0.95,26172.00,NO,NO,2015-03-03,1200300.00
2793,MID,70.93,70.53,877.00,ETF,ETF,62.00,81.00,72.00,69.00,0.64,0.47,2634.00,2760.00,71.13,59.44,0,NO,69.45,69.04,66.58,69.37,66.72,,1555,0.44,877.00,NO,NO,2026-01-26,97300.00
2794,PIEL,29.73,28.73,9.00,ETF,ETF,62.00,48.00,43.00,73.00,0.24,0.00,142.00,100.00,30.20,23.64,0,NO,28.73,28.99,,29.10,27.86,,190,0.00,100.00,NO,NO,2025-12-31,10100.00
2795,FRPT,60.26,57.72,1210560.00,Consumer Defensive,Packaged Foods,62.00,4.00,88.00,40.00,2.03,1.99,1204047.00,1045870.00,86.00,46.45,2895979264,NO,61.60,65.93,63.61,65.76,60.81,,2992,1.37,1210560.00,NO,NO,2014-11-07,9931800.00
2796,AVIV,79.47,78.74,85839.00,ETF,ETF,62.00,33.00,62.00,48.00,0.93,0.62,99655.00,92500.00,83.94,66.33,0,NO,81.42,81.90,78.02,82.17,79.04,,1257,0.55,85839.00,NO,NO,2026-05-21,2271700.00
2797,AFDM,88.98,88.15,1873.00,ETF,ETF,62.00,39.00,64.00,53.00,1.03,0.57,7942.00,21720.00,93.73,75.28,0,NO,90.61,91.25,86.70,91.52,87.66,,2633,0.85,1873.00,NO,NO,2018-03-08,1051000.00
2798,MNST,42.94,42.14,7727341.00,Consumer Defensive,Beverages - Non-Alcoholic,62.00,38.00,13.00,76.00,0.98,0.89,10683704.00,11215510.00,50.17,32.94,84121681920,NO,43.36,45.48,42.40,45.28,43.55,,10283,0.50,7727341.00,NO,NO,2006-08-07,1083952800.00
2799,YOKE,31.15,30.99,5822.00,ETF,ETF,62.00,63.00,43.00,63.00,0.20,0.14,7395.00,10390.00,33.05,26.09,0,NO,31.08,31.53,30.15,31.59,30.86,,377,0.00,5822.00,NO,NO,2025-09-22,198700.00
2800,PSCX,33.51,33.50,17.00,ETF,ETF,62.00,77.00,74.00,60.00,0.09,0.04,998.00,270.00,34.00,29.94,0,NO,33.42,33.23,32.02,33.34,32.41,,1448,0.00,100.00,NO,NO,2026-01-02,415100.00
2801,PIPE,28.95,28.71,708.00,ETF,ETF,62.00,16.00,48.00,33.00,0.34,0.24,2557.00,2190.00,31.54,22.82,0,NO,29.82,30.26,28.80,30.23,29.92,,405,0.37,708.00,NO,NO,2025-04-04,101000.00
2802,MDYG,106.62,105.76,160203.00,ETF,ETF,62.00,63.00,39.00,59.00,1.15,1.00,84604.00,104560.00,113.93,87.09,0,NO,105.66,108.06,103.59,108.29,105.92,,5252,0.00,160203.00,NO,NO,2024-05-29,10224300.00
2803,WERN,35.35,34.30,638856.00,Industrials,Trucking,62.00,18.00,7.00,72.00,1.16,1.07,1036530.00,876030.00,47.49,23.06,2120192384,NO,35.95,37.28,36.12,37.23,37.41,,10149,1.28,638856.00,NO,NO,2024-06-21,12667900.00
2804,IJK,111.80,110.85,396061.00,ETF,ETF,62.00,64.00,38.00,59.00,1.29,1.12,272866.00,623530.00,119.39,91.30,0,NO,110.71,113.23,108.57,113.46,110.99,,6584,0.00,396061.00,NO,NO,2008-10-01,20147200.00
2805,SSNC,78.53,78.44,1261941.00,Technology,Software - Application,62.00,27.00,92.00,70.00,1.50,1.42,1689185.00,1592700.00,89.93,61.40,18427455488,NO,79.59,80.19,74.76,80.51,72.27,,4153,0.00,1261941.00,NO,NO,2018-04-04,18212400.00
2806,SIL,86.50,85.63,995522.00,ETF,ETF,62.00,6.00,85.00,15.00,3.35,2.73,1099363.00,883960.00,119.24,61.80,0,NO,92.79,90.68,91.31,91.94,88.28,,4140,0.00,995522.00,NO,NO,2026-01-30,15286500.00
2807,WLTG,38.29,38.02,12588.00,ETF,ETF,62.00,62.00,69.00,64.00,0.29,0.19,9222.00,14820.00,39.46,32.93,0,NO,38.25,38.40,36.74,38.56,37.12,,1210,0.66,12588.00,NO,NO,2024-12-05,141300.00
2808,BFOR,23.29,23.19,194600.00,ETF,ETF,62.00,47.00,45.00,62.00,0.18,0.17,37015.00,31590.00,24.65,19.31,0,NO,23.34,23.80,22.45,23.86,22.85,,3354,0.00,194600.00,NO,NO,2013-10-28,3772400.00
2809,DGT,186.06,185.27,87690.00,ETF,ETF,62.00,45.00,58.00,57.00,1.57,1.21,8750.00,9250.00,193.03,159.13,0,NO,188.72,189.70,180.70,190.20,183.70,,6539,0.00,87690.00,NO,NO,2009-09-09,311000.00
2810,TRTY,31.45,31.32,16501.00,ETF,ETF,62.00,54.00,76.00,47.00,0.19,0.15,79293.00,14860.00,32.53,27.38,0,NO,31.85,31.61,30.65,31.69,30.93,,2025,0.10,16501.00,NO,NO,2026-08-06,4167200.00
2811,GAIN,15.66,15.74,100134.00,Financial Services,Asset Management,62.00,29.00,62.00,57.00,0.29,0.28,188336.00,144550.00,17.14,13.11,0,NO,15.89,16.20,15.22,16.15,15.71,,5353,0.00,100134.00,NO,NO,2014-06-27,4546400.00
2812,PSCW,30.69,30.69,9.00,ETF,ETF,62.00,77.00,72.00,55.00,0.05,0.01,550.00,140.00,30.73,27.24,0,NO,30.60,30.46,29.28,30.53,29.82,,1381,0.00,500.00,NO,NO,2026-01-02,543500.00
2813,HEQQ,62.67,62.47,12.00,ETF,ETF,62.00,81.00,75.00,62.00,0.29,0.06,539.00,440.00,62.88,55.32,0,NO,61.84,61.17,59.72,61.47,60.19,,382,0.00,12.00,NO,NO,2025-09-23,101700.00
2814,PTRN,17.33,17.40,1115678.00,Consumer Cyclical,Internet Retail,62.00,4.00,0.00,89.00,0.97,0.96,1759925.00,2183300.00,29.80,8.92,3450430720,NO,18.90,20.69,17.03,20.27,18.75,,261,0.00,1115678.00,NO,NO,2025-09-19,16625500.00
2815,WAGN,15.11,15.07,55024.00,ETF,ETF,62.00,15.00,85.00,48.00,0.27,0.24,140671.00,153200.00,16.46,13.59,0,NO,15.34,15.25,,15.38,14.76,,164,0.00,55024.00,NO,NO,2026-06-24,582500.00
2816,BGUS,27.01,26.76,10.00,ETF,ETF,62.00,77.00,,,0.23,0.03,7710.00,150.00,27.43,24.65,0,NO,26.68,,,26.57,,,48,0.00,10.00,NO,NO,2026-07-28,41500.00
2817,IMCV,92.36,92.15,14394.00,ETF,ETF,62.00,25.00,55.00,56.00,0.79,0.70,24452.00,33300.00,99.01,77.65,0,NO,94.32,96.02,89.87,96.02,91.49,,5593,0.00,14394.00,NO,NO,2008-02-25,986700.00
2818,STVN,20.20,19.98,189920.00,Healthcare,Medical Instruments & Supplies,61.00,47.00,80.00,92.00,0.91,0.90,370633.00,255020.00,27.99,12.89,5517149184,NO,21.19,21.07,18.24,20.93,18.34,,1310,0.45,189920.00,NO,NO,2021-07-16,12538600.00
2819,NZAC,46.67,46.28,7592.00,ETF,ETF,61.00,66.00,66.00,67.00,0.42,0.26,6244.00,12820.00,47.56,39.32,0,NO,46.66,46.68,44.60,46.87,45.19,,2979,0.00,7592.00,NO,NO,2024-02-21,4945000.00
2820,QQA,57.60,57.27,188166.00,ETF,ETF,61.00,82.00,66.00,68.00,0.58,0.51,114852.00,110140.00,58.53,48.20,0,NO,56.62,56.09,54.58,56.45,55.28,,556,0.00,188166.00,NO,NO,2024-09-05,374200.00
2821,IJS,130.39,129.19,413153.00,ETF,ETF,61.00,29.00,38.00,59.00,1.59,1.41,231111.00,283130.00,141.18,104.63,0,NO,132.01,135.49,127.90,135.62,130.84,,6584,0.88,413153.00,NO,NO,2012-05-22,15473600.00
2822,CHT,46.16,45.55,193023.00,Communication Services,Telecom Services,61.00,87.00,79.00,57.00,0.64,0.60,209626.00,280820.00,46.48,39.28,35808370688,NO,45.42,43.86,43.22,44.10,43.60,,5840,0.40,193023.00,NO,NO,2005-08-10,16076617.00
2823,CAML,41.19,40.67,25645.00,ETF,ETF,61.00,82.00,70.00,71.00,0.44,0.30,24698.00,25870.00,42.05,33.89,0,NO,40.32,40.38,38.82,40.61,39.18,,782,1.01,25645.00,NO,NO,2025-02-11,619900.00
2824,VIOV,112.04,110.93,35436.00,ETF,ETF,61.00,30.00,38.00,59.00,1.36,1.18,49473.00,105240.00,121.01,90.04,0,NO,113.49,116.39,109.91,116.47,112.36,,4041,0.87,35436.00,NO,NO,2014-03-24,1040200.00
2825,WCME,19.22,19.03,7216.00,ETF,ETF,61.00,73.00,49.00,68.00,0.23,0.14,11061.00,18770.00,20.29,16.18,0,NO,19.16,18.94,18.56,19.07,18.70,,495,0.90,7216.00,NO,NO,2026-04-07,473600.00
2826,JPSV,66.49,65.99,2618.00,ETF,ETF,61.00,31.00,40.00,65.00,0.46,0.22,1184.00,4590.00,72.05,55.67,0,NO,67.35,69.27,64.30,69.24,65.82,,897,0.00,2618.00,NO,NO,2024-04-25,48700.00
2827,STXV,37.76,37.65,9569.00,ETF,ETF,61.00,27.00,51.00,53.00,0.26,0.19,10425.00,11840.00,40.05,31.64,0,NO,38.68,39.10,36.93,39.10,37.62,,975,0.21,9569.00,NO,NO,2025-03-04,255100.00
2828,DBEZ,61.83,61.19,1703.00,ETF,ETF,61.00,57.00,47.00,62.00,0.49,0.19,4114.00,1710.00,64.77,52.71,0,NO,62.20,62.88,59.43,62.98,60.40,,2967,0.88,1703.00,NO,NO,2016-06-06,486500.00
2829,ITDE,40.21,39.93,8011.00,ETF,ETF,61.00,59.00,59.00,63.00,0.34,0.26,13966.00,14200.00,41.23,34.81,0,NO,40.33,40.45,38.64,40.57,39.22,,740,0.00,8011.00,NO,NO,2026-09-04,203800.00
2830,OPPG,36.00,36.38,72.00,ETF,ETF,61.00,47.00,65.00,54.00,0.31,0.04,1173.00,110.00,38.21,30.82,0,NO,37.21,37.05,35.67,37.21,35.98,,311,0.00,100.00,NO,NO,2026-07-28,31800.00
2831,QGEN,44.75,42.04,4556125.00,Healthcare,Diagnostics & Research,61.00,75.00,90.00,57.00,1.43,1.22,2723511.00,2310470.00,57.82,32.53,9240651776,NO,43.44,43.07,42.45,43.21,39.98,,7614,0.96,4556125.00,NO,NO,2011-06-24,23883985.00
2832,PRCS,28.92,28.57,19957.00,ETF,ETF,61.00,62.00,66.00,68.00,0.25,0.19,29646.00,20890.00,29.96,24.22,0,NO,28.61,28.95,27.60,29.08,27.85,,452,0.00,19957.00,NO,NO,2026-07-08,784600.00
2833,HULL,27.51,26.95,23.00,ETF,ETF,61.00,73.00,86.00,,0.22,0.11,960.00,370.00,28.26,24.34,0,NO,27.38,26.82,,27.05,,,102,0.00,100.00,NO,NO,2026-05-06,106500.00
2834,FAD,184.40,182.47,6662.00,ETF,ETF,61.00,75.00,32.00,68.00,2.28,1.95,13290.00,13150.00,200.22,150.01,0,NO,182.13,185.42,177.40,185.89,181.39,,4880,0.39,6662.00,NO,NO,2011-08-01,419700.00
2835,NITE,38.78,38.23,2085.00,ETF,ETF,61.00,46.00,74.00,68.00,0.44,0.18,2379.00,1580.00,41.00,32.52,0,NO,39.10,38.87,37.11,39.25,37.30,,572,0.00,2085.00,NO,NO,2026-03-02,130900.00
2836,FLRG,41.66,41.44,32345.00,ETF,ETF,61.00,54.00,69.00,65.00,0.31,0.26,12896.00,14180.00,43.05,35.95,0,NO,41.71,42.07,39.88,42.19,40.50,,1517,0.00,32345.00,NO,NO,2024-09-23,1128900.00
2837,MGNR,49.58,49.15,145042.00,ETF,ETF,61.00,10.00,70.00,22.00,1.03,0.85,216004.00,215550.00,56.45,39.11,0,NO,52.37,52.42,51.09,52.68,51.80,,667,0.33,145042.00,NO,NO,2026-08-25,5803000.00
2838,FIVA,37.93,37.68,71580.00,ETF,ETF,61.00,28.00,44.00,55.00,0.48,0.34,89003.00,112920.00,40.50,30.90,0,NO,39.05,39.46,37.42,39.52,37.91,,2184,0.45,71580.00,NO,NO,2024-12-23,1200200.00
2839,WBIF,35.16,34.66,370.00,ETF,ETF,61.00,31.00,48.00,65.00,0.22,0.11,4725.00,1050.00,37.26,29.87,0,NO,35.67,36.24,33.69,36.26,34.41,,3042,0.11,1100.00,NO,NO,2014-08-27,3561300.00
2840,RAAX,40.32,40.22,330327.00,ETF,ETF,61.00,47.00,69.00,29.00,0.48,0.42,276712.00,198630.00,42.75,33.96,0,NO,40.87,40.84,40.14,40.99,40.82,,2133,0.22,330327.00,NO,NO,2026-02-09,1751800.00
2841,USVM,105.10,103.95,84850.00,ETF,ETF,61.00,39.00,38.00,59.00,1.09,0.94,40963.00,35260.00,112.66,86.52,0,NO,105.74,108.35,102.35,108.30,104.73,,2244,0.00,84850.00,NO,NO,2025-01-14,2903500.00
2842,PHDG,41.56,41.34,1954.00,ETF,ETF,61.00,72.00,65.00,59.00,0.34,0.27,8058.00,3200.00,43.41,34.73,0,NO,41.25,41.33,39.94,41.47,40.77,,3476,0.00,1954.00,NO,NO,2016-05-12,3008500.00
2843,AELV,26.09,26.10,44.00,ETF,ETF,61.00,44.00,44.00,60.00,0.14,0.03,1382.00,7450.00,27.30,22.17,0,NO,26.63,26.70,25.17,26.75,25.68,,516,0.00,100.00,NO,NO,2024-09-05,75400.00
2844,PVEX,31.00,30.46,9658.00,ETF,ETF,61.00,68.00,65.00,66.00,0.37,0.25,5376.00,5260.00,32.62,26.82,0,NO,30.83,30.96,29.62,31.11,30.09,,318,1.64,9658.00,NO,NO,2025-12-19,1496900.00
2845,ARWR,64.19,64.79,1489780.00,Healthcare,Biotechnology,61.00,0.00,3.00,48.00,3.74,3.66,1912844.00,2299980.00,95.49,34.61,9041612800,NO,71.84,80.81,72.49,79.67,74.70,,8254,0.00,1489780.00,NO,NO,2014-10-08,54778100.00
2846,DYTA,31.88,31.74,9377.00,ETF,ETF,61.00,75.00,65.00,65.00,0.20,0.14,9914.00,9430.00,32.26,26.96,0,NO,31.67,31.68,30.41,31.77,30.78,,881,0.00,9377.00,NO,NO,2023-05-19,646500.00
2847,ACSG,46.65,46.12,638.00,ETF,ETF,61.00,39.00,24.00,72.00,0.41,0.18,10923.00,3230.00,51.20,37.91,0,NO,46.86,48.27,45.13,48.28,46.24,,242,0.00,638.00,NO,NO,2026-08-27,367800.00
2848,LCO,27.79,27.71,13.00,ETF,ETF,61.00,54.00,79.00,52.00,0.26,0.00,120.00,100.00,29.09,24.80,0,NO,28.27,27.70,,27.93,27.24,,182,0.00,100.00,NO,NO,2026-03-09,7700.00
2849,CORN,18.85,18.98,244735.00,ETF,ETF,61.00,18.00,84.00,44.00,0.31,0.27,416592.00,520850.00,20.43,16.37,0,NO,19.73,19.06,18.14,19.08,18.30,,4105,0.00,244735.00,NO,NO,2026-03-19,3329200.00
2850,EWC,58.72,58.28,1192230.00,ETF,ETF,61.00,32.00,66.00,50.00,0.65,0.56,1682712.00,2015050.00,62.71,49.31,0,NO,60.00,60.69,57.72,60.82,58.57,,7686,0.39,1192230.00,NO,NO,2022-01-18,18747200.00
2851,WSBC,38.11,37.62,1030829.00,Financial Services,Banks - Regional,61.00,22.00,30.00,59.00,0.84,0.81,954430.00,1147760.00,43.02,29.57,3654973440,NO,39.16,40.50,36.75,40.47,37.45,,9926,0.82,1030829.00,NO,NO,2026-06-18,16538800.00
2852,TBN,33.65,33.18,103505.00,Energy,Oil & Gas E&P,61.00,6.00,83.00,4.00,1.51,1.49,132836.00,140790.00,52.21,22.34,1176404352,NO,36.76,36.18,33.30,36.44,35.57,,569,0.00,103505.00,NO,NO,2026-04-08,1742000.00
2853,DLN,97.78,97.26,206888.00,ETF,ETF,61.00,44.00,63.00,58.00,0.71,0.65,112244.00,145590.00,101.83,85.29,0,NO,98.84,99.70,94.62,99.80,96.10,,5106,0.48,206888.00,NO,NO,2014-10-17,8394000.00
2854,IMFL,33.57,33.18,46079.00,ETF,ETF,61.00,38.00,44.00,49.00,0.51,0.43,77839.00,110510.00,36.28,27.51,0,NO,34.11,34.42,33.22,34.51,33.71,,1407,1.02,46079.00,NO,NO,2024-03-14,6231100.00
2855,FCVT,49.81,48.98,6587.00,ETF,ETF,61.00,78.00,37.00,59.00,0.57,0.45,34944.00,31450.00,54.90,41.00,0,NO,49.24,49.66,48.47,49.82,49.74,,2743,0.00,6587.00,NO,NO,2021-06-28,1155600.00
2856,BAIV,27.24,27.26,10317.00,ETF,ETF,61.00,25.00,75.00,68.00,0.28,0.17,30026.00,39010.00,29.33,22.67,0,NO,28.23,28.45,,28.50,26.24,,152,0.00,10317.00,NO,NO,2026-03-02,482300.00
2857,SATO,18.79,18.73,1247.00,ETF,ETF,61.00,88.00,88.00,87.00,0.56,0.28,1625.00,3260.00,31.55,13.30,0,NO,18.98,17.51,17.37,17.80,17.15,,1252,0.00,1247.00,NO,NO,2022-02-09,185600.00
2858,MBCE,40.03,39.30,11466.00,ETF,ETF,61.00,89.00,63.00,72.00,0.59,0.42,18030.00,17530.00,41.84,33.38,0,NO,38.00,37.92,37.52,38.23,37.79,,1386,1.68,11466.00,NO,NO,2024-12-12,666700.00
2859,CGIC,36.08,35.70,432880.00,ETF,ETF,61.00,53.00,52.00,56.00,0.45,0.32,476182.00,468440.00,37.48,30.27,0,NO,36.56,36.58,35.30,36.73,35.70,,569,0.84,432880.00,NO,NO,2026-05-28,4333800.00
2860,BITS,66.96,66.92,446.00,ETF,ETF,61.00,87.00,90.00,86.00,1.53,0.69,1577.00,1450.00,118.78,48.88,0,NO,67.02,62.25,62.50,63.06,61.44,,1224,0.00,446.00,NO,NO,2024-01-11,96800.00
2861,SLYV,103.98,102.99,155897.00,ETF,ETF,61.00,29.00,38.00,58.00,1.25,1.12,181853.00,258630.00,112.40,83.89,0,NO,105.36,108.11,102.19,108.21,104.46,,6539,0.00,155897.00,NO,NO,2025-02-10,4138600.00
2862,CMDT,31.62,31.59,114757.00,ETF,ETF,61.00,10.00,71.00,29.00,0.55,0.28,56912.00,55350.00,36.86,26.98,0,NO,34.91,34.02,31.91,33.95,33.03,,852,0.00,114757.00,NO,NO,2025-07-17,5061600.00
2863,KURE,19.14,19.35,127957.00,ETF,ETF,61.00,80.00,88.00,50.00,0.43,0.30,65769.00,75400.00,21.50,14.38,0,NO,18.61,18.43,17.46,18.51,17.21,,2179,0.00,127957.00,NO,NO,2025-03-20,1821900.00
2864,WCMI,19.16,18.97,1639193.00,ETF,ETF,61.00,49.00,42.00,66.00,0.24,0.19,932276.00,1256920.00,20.24,15.70,0,NO,19.40,19.51,18.54,19.59,18.83,,499,0.63,1639193.00,NO,NO,2026-08-25,5552900.00
2865,VIOO,128.88,127.39,80313.00,ETF,ETF,61.00,35.00,29.00,62.00,1.51,1.32,81487.00,104400.00,139.70,104.26,0,NO,129.82,133.68,125.58,133.71,128.81,,4041,1.15,80313.00,NO,NO,2022-07-11,2159600.00
2866,AESR,20.15,19.97,31178.00,ETF,ETF,61.00,78.00,52.00,76.00,0.21,0.13,36784.00,40460.00,21.23,16.09,0,NO,19.93,19.93,18.83,20.03,19.38,,1707,0.00,31178.00,NO,NO,2026-06-23,4059600.00
2867,NWG,17.67,17.40,4651787.00,Financial Services,Banks - Regional,61.00,27.00,37.00,71.00,0.45,0.33,3378230.00,3498540.00,19.42,13.76,70077669376,NO,18.43,18.60,17.09,18.69,17.01,,4769,0.00,4651787.00,NO,NO,2025-02-28,57055500.00
2868,SCHM,34.57,34.30,2166966.00,ETF,ETF,61.00,49.00,34.00,60.00,0.41,0.35,1540525.00,2637210.00,36.92,28.25,0,NO,34.79,35.34,33.73,35.42,34.49,,3953,0.00,2166966.00,NO,NO,2024-10-16,15838400.00
2869,OCTZ,46.63,46.36,482.00,ETF,ETF,61.00,70.00,69.00,66.00,0.37,0.24,2047.00,2900.00,47.90,40.24,0,NO,46.39,46.39,44.40,46.54,44.99,,1508,0.42,482.00,NO,NO,2026-04-30,596800.00
2870,GM,78.27,79.31,9076899.00,Consumer Cyclical,Auto Manufacturers,61.00,14.00,63.00,55.00,2.79,2.62,6711850.00,8828320.00,91.85,54.33,70791413760,NO,83.24,85.42,80.68,85.39,80.18,,3991,0.00,9076899.00,YES,NO,2010-11-18,457044300.00
2871,RGS,29.05,29.43,2132.00,Consumer Cyclical,Personal Services,61.00,77.00,81.00,76.00,0.87,0.79,7273.00,8110.00,31.50,19.31,72629560,NO,28.03,27.71,26.26,27.73,27.09,,8884,0.00,2132.00,NO,NO,2024-06-25,44456800.00
2872,EQWL,129.68,129.22,180423.00,ETF,ETF,61.00,38.00,54.00,64.00,1.04,0.92,93900.00,144880.00,136.07,112.31,0,NO,131.24,132.61,125.10,132.79,126.93,,4989,0.00,180423.00,NO,NO,2026-01-29,1042400.00
2873,SHPP,33.65,33.09,19.00,ETF,ETF,61.00,31.00,43.00,59.00,0.24,0.07,253.00,520.00,36.12,27.44,0,NO,33.83,34.64,32.73,34.60,33.44,,1081,0.00,800.00,NO,NO,2025-11-03,176200.00
2874,PBPH,27.82,27.92,81232.00,ETF,ETF,61.00,28.00,65.00,56.00,0.34,0.31,88146.00,104090.00,29.90,24.18,0,NO,28.35,28.33,26.48,28.29,26.63,,211,0.00,81232.00,NO,NO,2026-02-17,16690000.00
2875,TEXX,28.77,28.56,616.00,ETF,ETF,61.00,20.00,70.00,44.00,0.26,0.03,731.00,120.00,31.13,25.35,0,NO,29.68,29.91,,29.93,28.92,,176,0.18,616.00,NO,NO,2026-03-05,40700.00
2876,JPFP,52.75,52.30,1009.00,ETF,ETF,61.00,79.00,83.00,,0.45,0.30,7887.00,8210.00,53.64,47.79,0,NO,52.30,51.34,,51.75,,,82,0.00,1009.00,NO,NO,2026-07-28,315200.00
2877,JMID,32.06,31.68,645.00,ETF,ETF,61.00,80.00,70.00,64.00,0.26,0.13,3968.00,5660.00,33.06,27.25,0,NO,31.33,31.58,30.48,31.78,30.80,,512,1.03,645.00,NO,NO,2026-05-06,111600.00
2878,RJCA,75.34,74.50,3502.00,ETF,ETF,61.00,85.00,,,0.78,0.52,17341.00,8780.00,75.47,70.47,0,NO,73.49,,,,,,44,0.74,3502.00,NO,NO,2026-08-04,129300.00
2879,FSBW,44.33,44.01,18606.00,Financial Services,Banks - Regional,61.00,81.00,63.00,65.00,0.86,0.85,23422.00,36830.00,45.85,36.66,348529024,NO,43.87,43.38,41.78,43.43,41.88,,3579,0.00,18606.00,NO,NO,2012-07-10,2104600.00
2880,SEIS,31.71,31.40,54020.00,ETF,ETF,61.00,49.00,35.00,67.00,0.39,0.31,50317.00,56100.00,33.76,25.86,0,NO,31.66,32.41,30.74,32.46,31.37,,496,0.76,54020.00,NO,NO,2024-10-28,7884500.00
2881,FLCA,52.49,52.06,22095.00,ETF,ETF,61.00,32.00,66.00,50.00,0.55,0.46,50401.00,73000.00,55.96,44.17,0,NO,53.57,54.17,51.59,54.28,52.33,,2238,0.40,22095.00,NO,NO,2022-07-13,2946200.00
2882,NBXG,15.98,15.85,101793.00,Financial Services,Asset Management,61.00,86.00,51.00,79.00,0.32,0.29,178076.00,116990.00,17.43,12.32,1258608640,NO,15.46,15.29,14.79,15.40,15.11,,1345,0.00,101793.00,NO,NO,2021-05-26,6996400.00
2883,QLV,78.77,78.35,2902.00,ETF,ETF,61.00,56.00,73.00,57.00,0.45,0.35,6958.00,8450.00,80.63,70.46,0,NO,79.02,79.24,75.45,79.34,76.24,,1815,0.45,2902.00,NO,NO,2020-07-20,835100.00
2884,FRBA,17.79,17.51,88875.00,Financial Services,Banks - Regional,61.00,61.00,68.00,60.00,0.38,0.37,96174.00,97500.00,19.33,14.41,440374240,NO,17.77,18.16,16.86,18.19,16.95,,4015,0.69,88875.00,NO,NO,2018-06-22,1581900.00
2885,SBIO,56.15,56.64,59406.00,ETF,ETF,61.00,3.00,11.00,47.00,1.75,1.61,43023.00,42700.00,70.85,39.40,0,NO,61.50,64.79,56.75,64.13,58.67,,2956,0.00,59406.00,NO,NO,2018-12-20,650300.00
2886,SUPP,80.80,79.27,26.00,ETF,ETF,61.00,84.00,28.00,67.00,0.62,0.06,247.00,380.00,88.63,67.34,0,NO,78.01,79.57,77.91,80.04,79.71,,911,0.00,26.00,NO,NO,2023-10-30,82900.00
2887,DFIS,36.20,35.82,666410.00,ETF,ETF,61.00,47.00,64.00,52.00,0.43,0.34,717004.00,552710.00,38.05,30.31,0,NO,36.78,36.87,35.57,37.03,35.86,,1136,0.39,666410.00,NO,NO,2025-10-22,6533100.00
2888,WTV,103.15,102.87,78275.00,ETF,ETF,61.00,26.00,58.00,57.00,0.97,0.89,173303.00,258320.00,109.74,87.88,0,NO,105.69,106.80,100.72,106.86,102.24,,4934,0.00,78275.00,NO,NO,2017-01-04,2421800.00
2889,URSP,46.99,46.65,13071.00,ETF,ETF,61.00,14.00,25.00,69.00,0.90,0.72,48684.00,25070.00,53.57,36.90,0,NO,48.32,50.38,46.22,50.32,47.16,,277,0.00,13071.00,NO,NO,2026-08-03,372800.00
2890,MVV,82.36,80.78,11446.00,ETF,ETF,61.00,30.00,18.00,66.00,1.49,1.14,8431.00,20130.00,94.88,62.12,0,NO,82.47,86.95,82.04,87.11,84.09,,5103,0.00,11446.00,NO,NO,2014-02-03,95802300.00
2891,SCHE,36.56,36.27,2824239.00,ETF,ETF,61.00,55.00,61.00,63.00,0.39,0.28,3018174.00,3390160.00,37.64,31.76,0,NO,36.86,36.70,35.32,36.89,35.74,,4205,0.72,2824239.00,NO,NO,2020-03-12,15765600.00
2892,PGNY,25.23,24.85,939641.00,Healthcare,Healthcare Plans,60.00,33.00,6.00,92.00,0.70,0.68,1154049.00,1383520.00,33.06,16.10,1935817088,NO,26.38,27.24,24.20,26.82,24.58,,1743,0.44,939641.00,NO,NO,2024-09-20,19314500.00
2893,EPMB,26.04,26.03,12.00,ETF,ETF,60.00,60.00,45.00,59.00,0.15,0.04,131.00,190.00,27.26,21.70,0,NO,26.10,26.41,25.30,26.41,25.74,,355,0.00,200.00,NO,NO,2025-05-02,174000.00
2894,YRAM,54.38,55.12,13085.00,ETF,ETF,60.00,86.00,,,1.53,1.18,10818.00,11530.00,56.65,49.51,0,NO,53.58,,,,,,28,0.00,13085.00,NO,NO,2026-09-09,27800.00
2895,FNDC,49.87,49.48,53866.00,ETF,ETF,60.00,51.00,65.00,52.00,0.55,0.39,86592.00,79680.00,51.83,42.95,0,NO,50.53,50.53,48.71,50.73,49.28,,3303,0.00,53866.00,NO,NO,2025-04-22,17490700.00
2896,HEQT,34.44,34.34,88508.00,ETF,ETF,60.00,69.00,72.00,60.00,0.22,0.19,57533.00,126130.00,34.70,30.72,0,NO,34.36,34.27,33.04,34.36,33.33,,1234,0.00,88508.00,NO,NO,2024-04-03,6781100.00
2897,BBCA,100.97,100.17,815571.00,ETF,ETF,60.00,30.00,64.00,51.00,1.10,0.97,251652.00,483210.00,108.06,84.87,0,NO,103.31,104.61,99.36,104.81,100.81,,2048,0.56,815571.00,NO,NO,2018-08-14,9491250.00
2898,TBX,29.88,29.77,13951.00,ETF,ETF,60.00,81.00,81.00,51.00,0.23,0.21,22547.00,41020.00,30.34,27.43,0,NO,29.52,29.09,28.37,29.15,28.61,,3897,0.00,13951.00,NO,NO,2022-05-20,1506900.00
2899,QQQX,30.68,30.86,79515.00,Financial Services,Asset Management,60.00,68.00,66.00,62.00,0.52,0.45,100771.00,113170.00,31.87,25.35,1498005760,NO,30.40,30.37,29.30,30.45,29.76,,4949,0.00,79515.00,NO,NO,2018-02-05,924700.00
2900,PSTR,31.31,31.16,5589.00,ETF,ETF,60.00,51.00,69.00,61.00,0.26,0.18,3726.00,3900.00,32.35,27.18,0,NO,31.60,31.70,30.23,31.77,30.61,,609,0.46,5589.00,NO,NO,2025-10-28,523600.00
2901,SEIE,35.61,35.35,115328.00,ETF,ETF,60.00,36.00,55.00,55.00,0.43,0.31,128685.00,82520.00,38.30,29.83,0,NO,36.34,36.62,34.84,36.73,35.23,,496,0.18,115328.00,NO,NO,2024-10-28,18554900.00
2902,FEX,134.24,133.55,24733.00,ETF,ETF,60.00,51.00,44.00,58.00,1.15,0.93,20879.00,18350.00,142.60,111.75,0,NO,134.88,137.28,130.51,137.45,133.24,,4881,0.00,24733.00,NO,NO,2015-08-24,2866400.00
2903,RFG,60.20,59.68,4835.00,ETF,ETF,60.00,69.00,34.00,56.00,0.65,0.50,7622.00,10030.00,64.81,49.50,0,NO,59.56,60.77,59.10,60.96,60.36,,5177,0.00,4835.00,NO,NO,2011-08-05,9756000.00
2904,WDAI,27.89,28.17,33.00,ETF,ETF,60.00,47.00,72.00,,0.17,0.01,357.00,490.00,29.32,25.50,0,NO,28.73,28.56,,28.73,,,101,0.00,100.00,NO,NO,2026-06-01,13400.00
2905,HFWA,28.14,27.89,370259.00,Financial Services,Banks - Regional,60.00,35.00,27.00,54.00,0.59,0.57,397849.00,436230.00,31.25,21.32,1151363840,NO,28.27,28.96,27.45,28.93,28.04,,7146,0.00,370259.00,NO,NO,2018-06-29,5464900.00
2906,RAA,30.12,30.01,81697.00,ETF,ETF,60.00,59.00,70.00,56.00,0.26,0.23,40523.00,38840.00,30.74,26.68,0,NO,30.22,30.12,29.15,30.21,29.51,,403,0.00,81697.00,NO,NO,2025-02-28,3998700.00
2907,DFAT,67.76,67.13,195800.00,ETF,ETF,60.00,27.00,42.00,55.00,0.78,0.73,306741.00,324160.00,72.81,55.12,0,NO,68.90,70.47,66.61,70.51,67.91,,1333,0.67,195800.00,NO,NO,2023-05-04,3011900.00
2908,FID,22.24,22.12,11447.00,ETF,ETF,60.00,38.00,73.00,50.00,0.35,0.30,11566.00,13280.00,24.47,19.16,0,NO,22.72,22.82,21.88,22.88,22.08,,3297,0.00,11447.00,NO,NO,2023-08-21,541800.00
2909,SCHV,33.54,33.38,3189039.00,ETF,ETF,60.00,44.00,42.00,58.00,0.29,0.26,3129331.00,3239870.00,35.49,28.29,0,NO,33.99,34.43,32.69,34.45,33.34,,4225,0.00,3189039.00,NO,NO,2026-04-10,20911700.00
2910,DECZ,44.15,43.87,38.00,ETF,ETF,60.00,71.00,69.00,66.00,0.24,0.09,1641.00,950.00,44.64,37.98,0,NO,43.94,43.88,41.99,44.04,42.56,,1465,0.00,5400.00,NO,NO,2025-05-06,1336500.00
2911,SPHQ,84.86,84.92,1586013.00,ETF,ETF,60.00,68.00,35.00,64.00,0.85,0.80,1354738.00,1028810.00,90.36,71.57,0,NO,84.35,85.21,81.88,85.35,83.48,,5238,0.00,1586013.00,NO,NO,2023-01-23,13295300.00
2912,GDX,87.78,86.74,20058256.00,ETF,ETF,60.00,9.00,88.00,14.00,2.93,2.31,21736434.00,21390210.00,117.18,68.13,0,NO,93.65,91.44,91.09,92.89,87.97,,5124,0.00,20058256.00,YES,NO,2016-10-04,232153600.00
2913,FFGX,34.14,33.70,3458.00,ETF,ETF,60.00,59.00,45.00,61.00,0.37,0.15,10858.00,2130.00,35.59,28.95,0,NO,34.32,34.40,33.11,34.58,33.55,,466,1.02,3458.00,NO,NO,2025-04-23,476900.00
2914,FSMD,50.17,49.63,153281.00,ETF,ETF,60.00,54.00,40.00,61.00,0.54,0.48,124625.00,190000.00,53.48,41.86,0,NO,50.13,51.09,48.65,51.18,49.70,,1910,1.07,153281.00,NO,NO,2025-04-09,3040400.00
2915,FEOE,53.81,53.31,134820.00,ETF,ETF,60.00,35.00,54.00,50.00,0.61,0.45,279185.00,217580.00,57.70,45.50,0,NO,54.73,55.41,53.11,55.52,53.67,,446,0.68,134820.00,NO,NO,2026-08-19,1128100.00
2916,WEED,20.60,21.09,18893.00,ETF,ETF,60.00,13.00,78.00,82.00,0.79,0.59,13968.00,13520.00,31.05,12.71,0,NO,22.53,21.22,19.76,21.33,20.09,,1118,0.00,18893.00,NO,NO,2025-12-18,394400.00
2917,LIME,27.22,28.79,573920.00,Industrials,Rental & Leasing Services,60.00,0.00,,,1.79,1.78,352893.00,542690.00,44.38,23.87,1742785920,NO,30.49,34.22,,34.41,,,66,0.00,573920.00,NO,NO,2026-07-01,3688300.00
2918,MCDS,66.04,65.56,862.00,ETF,ETF,60.00,51.00,45.00,59.00,0.36,0.05,769.00,160.00,70.42,55.63,0,NO,66.13,67.64,64.01,67.70,65.29,,448,0.00,862.00,NO,NO,2025-04-04,48700.00
2919,SPEM,51.91,51.50,3426878.00,ETF,ETF,60.00,54.00,58.00,62.00,0.56,0.40,1615368.00,1516850.00,53.54,45.28,0,NO,52.37,52.09,50.40,52.34,50.96,,4914,0.64,3426878.00,NO,NO,2025-04-22,15483800.00
2920,ACIO,47.24,46.96,97889.00,ETF,ETF,60.00,74.00,69.00,64.00,0.37,0.30,135801.00,108510.00,47.75,41.13,0,NO,46.95,46.86,45.15,47.01,45.71,,1819,0.00,97889.00,NO,NO,2024-04-16,1388600.00
2921,BLLN,105.90,105.76,417069.00,Healthcare,Diagnostics & Research,60.00,91.00,10.00,88.00,7.47,7.36,697644.00,773920.00,150.44,61.96,4997107712,NO,108.03,107.58,95.19,104.67,98.30,,227,0.00,417069.00,NO,NO,2026-08-06,3751800.00
2922,NDAA,24.05,23.91,2263.00,ETF,ETF,60.00,59.00,63.00,60.00,0.12,0.06,16322.00,13400.00,24.65,21.20,0,NO,24.10,24.18,23.22,24.25,23.55,,490,0.00,2263.00,NO,NO,2026-08-27,406300.00
2923,HXL,86.41,86.74,998677.00,Industrials,Aerospace & Defense,60.00,22.00,10.00,58.00,2.41,2.40,937117.00,997100.00,111.74,60.82,6534623232,NO,88.09,95.20,89.86,94.43,92.27,,11732,0.00,998677.00,NO,NO,2020-06-19,12921200.00
2924,ENDW,34.16,33.99,19843.00,ETF,ETF,60.00,40.00,65.00,52.00,0.32,0.27,18793.00,21690.00,35.87,29.69,0,NO,34.78,34.84,33.38,34.92,33.82,,372,0.01,19843.00,NO,NO,2026-07-15,131100.00
2925,EDU,55.44,55.63,311932.00,Consumer Defensive,Education & Training Services,60.00,20.00,90.00,30.00,1.21,1.05,791931.00,677810.00,64.97,44.25,8594839552,NO,55.95,55.96,54.12,56.54,52.71,,5043,0.00,311932.00,NO,NO,2021-07-23,80673160.00
2926,FLSP,28.70,28.81,174968.00,ETF,ETF,60.00,70.00,81.00,47.00,0.26,0.25,111726.00,140460.00,30.00,26.02,0,NO,28.71,28.44,27.54,28.50,27.76,,1703,0.00,174968.00,NO,NO,2020-02-11,1778100.00
2927,QOWZ,36.69,36.47,493.00,ETF,ETF,60.00,51.00,82.00,71.00,0.18,0.07,1895.00,490.00,38.27,30.58,0,NO,36.30,36.62,34.65,36.82,34.52,,708,0.00,493.00,NO,NO,2024-05-17,100000.00
2928,MVFD,30.63,30.33,12137.00,ETF,ETF,60.00,33.00,74.00,46.00,0.31,0.21,10565.00,4680.00,32.06,26.00,0,NO,31.00,31.12,30.29,31.18,30.35,,646,0.79,12137.00,NO,NO,2024-03-07,1193700.00
2929,ADUS,111.27,111.70,207436.00,Healthcare,Medical Care Facilities,60.00,22.00,81.00,80.00,2.75,2.73,220950.00,242610.00,124.44,87.95,2076829568,NO,115.50,116.81,105.64,116.50,104.27,,4258,0.00,207436.00,NO,NO,2009-10-28,2471500.00
2930,UNH,371.90,365.20,3292808.00,Healthcare,Healthcare Plans,60.00,17.00,14.00,88.00,7.34,7.22,4927314.00,4809210.00,461.62,255.97,333815513088,NO,378.78,393.74,356.35,390.79,374.36,,10571,0.00,3292808.00,NO,NO,1998-08-06,161821600.00
2931,ISMF,28.91,29.07,14494.00,ETF,ETF,60.00,77.00,77.00,48.00,0.24,0.22,29361.00,131190.00,30.72,25.72,0,NO,28.84,28.45,27.81,28.51,28.06,,392,0.00,14494.00,NO,NO,2026-03-12,950600.00
2932,SPIT,31.02,30.59,2860.00,ETF,ETF,60.00,60.00,15.00,69.00,0.40,0.27,5392.00,2550.00,35.78,23.69,0,NO,31.19,32.24,30.33,32.28,31.41,,250,1.16,3376.00,NO,NO,2026-01-12,55100.00
2933,HIW,29.67,29.09,957881.00,Real Estate,REIT - Office,60.00,34.00,21.00,90.00,0.74,0.72,1256458.00,1298300.00,35.44,20.45,3332636928,NO,30.21,31.22,27.14,31.09,27.97,,8135,0.96,957881.00,NO,NO,2023-09-15,19474600.00
2934,VCEL,40.15,39.44,480320.00,Healthcare,Biotechnology,60.00,53.00,11.00,74.00,1.23,1.22,497639.00,547370.00,49.32,28.95,2055945728,NO,39.61,42.14,38.27,41.73,38.85,,7462,1.45,480320.00,NO,NO,2016-12-14,53758900.00
2935,IVVB,35.59,35.40,8047.00,ETF,ETF,60.00,72.00,72.00,61.00,0.21,0.14,17996.00,20400.00,36.92,31.67,0,NO,35.41,35.30,34.06,35.42,34.36,,818,0.00,8047.00,NO,NO,2025-03-12,3881400.00
2936,EXPE,265.00,262.67,1426276.00,Consumer Cyclical,Travel Services,60.00,5.00,55.00,74.00,11.04,10.75,1826185.00,2914640.00,342.00,185.34,31805126656,NO,275.15,298.02,260.08,297.66,260.08,,5334,0.00,1426276.00,NO,NO,2019-11-07,30819900.00
2937,AUGZ,46.24,45.98,35.00,ETF,ETF,60.00,72.00,69.00,67.00,0.22,0.09,1558.00,1710.00,46.95,39.83,0,NO,46.03,45.93,44.02,46.10,44.59,,1549,0.00,9100.00,NO,NO,2025-05-01,1131700.00
2938,XDQQ,41.46,41.13,8775.00,ETF,ETF,60.00,86.00,76.00,61.00,0.62,0.40,18182.00,28560.00,42.05,35.61,0,NO,40.42,39.86,39.66,40.14,39.64,,1383,0.00,8775.00,NO,NO,2023-01-03,328500.00
2939,VBK,343.72,340.36,153963.00,ETF,ETF,60.00,62.00,32.00,64.00,4.45,3.78,199277.00,220520.00,367.04,280.27,0,NO,340.64,348.16,333.41,349.10,340.26,,5705,0.00,153963.00,NO,NO,2009-10-14,4486700.00
2940,KSPY,30.20,30.13,27275.00,ETF,ETF,60.00,73.00,73.00,59.00,0.16,0.12,51315.00,54790.00,30.22,26.82,0,NO,30.02,29.89,28.70,29.98,29.01,,557,0.10,27275.00,NO,NO,2025-10-17,543600.00
2941,EBC,21.47,21.08,2696480.00,Financial Services,Banks - Regional,60.00,48.00,27.00,55.00,0.41,0.40,2390988.00,2890320.00,23.77,16.61,4905000448,NO,21.48,22.32,20.79,22.28,21.13,,1498,0.85,2696480.00,NO,NO,2020-10-15,39485500.00
2942,XSVM,66.22,65.77,23362.00,ETF,ETF,60.00,27.00,29.00,56.00,0.87,0.77,37323.00,41410.00,72.97,52.86,0,NO,67.58,69.44,65.20,69.36,67.02,,5431,0.00,23362.00,NO,NO,2021-07-01,722400.00
2943,NOVZ,47.87,47.62,320.00,ETF,ETF,60.00,70.00,68.00,64.00,0.39,0.24,1895.00,1560.00,48.41,41.57,0,NO,47.67,47.68,45.74,47.82,46.33,,1486,0.00,320.00,NO,NO,2025-07-14,302700.00
2944,WCEO,37.52,37.04,874.00,ETF,ETF,60.00,48.00,39.00,64.00,0.28,0.16,2795.00,1690.00,40.83,30.86,0,NO,37.88,38.61,36.11,38.60,36.90,,936,0.00,2100.00,NO,NO,2026-08-07,38400.00
2945,RSSL,110.56,109.53,9113.00,ETF,ETF,60.00,33.00,27.00,65.00,1.02,0.46,14011.00,2670.00,119.41,89.95,0,NO,111.84,114.66,108.28,114.67,110.82,,584,0.83,9113.00,NO,NO,2024-06-14,4924400.00
2946,DVYE,34.05,33.68,88068.00,ETF,ETF,60.00,24.00,78.00,33.00,0.42,0.29,147988.00,176560.00,36.44,28.63,0,NO,34.92,34.73,33.99,34.81,34.23,,3673,0.36,88068.00,NO,NO,2020-10-01,4427200.00
2947,ABFL,80.99,80.48,12925.00,ETF,ETF,60.00,62.00,38.00,65.00,0.62,0.51,12649.00,11450.00,86.01,67.94,0,NO,80.77,81.94,77.99,82.00,80.04,,2517,0.42,12925.00,NO,NO,2026-03-30,2979400.00
2948,AIVI,57.41,57.01,303.00,ETF,ETF,60.00,31.00,60.00,48.00,0.54,0.27,2576.00,4990.00,60.89,48.77,0,NO,58.99,59.47,56.56,59.60,57.32,,5106,0.60,303.00,NO,NO,2011-09-20,826200.00
2949,CNNE,15.54,15.46,398346.00,Consumer Cyclical,Restaurants,60.00,55.00,84.00,86.00,0.39,0.38,491188.00,618390.00,19.01,10.46,674035520,NO,15.48,15.26,14.18,15.26,14.07,,2228,0.00,398346.00,NO,NO,2021-02-17,6168300.00
2950,BME,43.34,43.61,42515.00,Financial Services,Asset Management,60.00,25.00,56.00,63.00,0.55,0.52,41857.00,32240.00,46.43,37.37,560130624,NO,44.48,44.61,41.74,44.65,41.72,,5414,0.00,42515.00,NO,NO,2005-03-29,807900.00
2951,SDOG,68.65,68.53,14839.00,ETF,ETF,60.00,19.00,54.00,49.00,0.55,0.51,31904.00,31860.00,74.73,57.70,0,NO,70.54,72.03,67.52,71.94,68.90,,3575,0.00,14839.00,NO,NO,2015-08-24,1147600.00
2952,SFGV,35.33,35.09,3832.00,ETF,ETF,60.00,37.00,56.00,53.00,0.25,0.17,14131.00,10130.00,36.89,30.24,0,NO,35.86,36.19,34.57,36.23,35.02,,680,0.62,3832.00,NO,NO,2025-09-11,1633100.00
2953,JCE,16.83,16.85,30541.00,Financial Services,Asset Management,60.00,56.00,73.00,66.00,0.29,0.25,33477.00,29600.00,17.45,13.99,0,NO,16.86,16.89,16.15,16.91,16.22,,4911,0.00,30541.00,NO,NO,2022-10-04,1166600.00
2954,IWM,281.52,279.02,29615280.00,ETF,ETF,60.00,31.00,26.00,64.00,3.83,3.35,20714114.00,25152050.00,305.18,228.90,0,NO,285.01,292.58,276.32,292.61,282.95,,6627,0.00,29615280.00,YES,NO,2008-09-18,355117000.00
2955,AIEQ,49.43,48.86,3521.00,ETF,ETF,60.00,48.00,53.00,67.00,0.41,0.31,5190.00,13030.00,51.56,41.90,0,NO,49.61,50.12,47.68,50.23,48.50,,2251,0.89,3521.00,NO,NO,2017-10-23,1762100.00
2956,XJR,49.12,48.50,9985.00,ETF,ETF,60.00,38.00,26.00,63.00,0.59,0.50,7420.00,9060.00,53.57,39.83,0,NO,49.39,50.94,47.91,50.96,49.14,,1512,1.00,9985.00,NO,NO,2021-01-27,122700.00
2957,BWQG,26.91,26.85,497.00,ETF,ETF,60.00,83.00,,,0.20,0.07,12630.00,2480.00,26.93,23.42,0,NO,26.40,25.83,,26.04,,,61,0.00,497.00,NO,NO,2026-07-17,288400.00
2958,SPXD,28.69,28.53,170.00,ETF,ETF,60.00,36.00,56.00,58.00,0.17,0.07,817.00,2050.00,30.15,24.76,0,NO,29.05,29.38,27.87,29.40,28.26,,300,0.00,170.00,NO,NO,2025-08-28,39100.00
2959,SPYC,46.02,45.55,1463.00,ETF,ETF,60.00,61.00,61.00,71.00,0.51,0.33,19295.00,3600.00,48.96,38.50,0,NO,46.02,46.33,44.05,46.51,44.60,,1526,0.91,1463.00,NO,NO,2022-10-25,977100.00
2960,ZSC,30.22,30.22,865.00,ETF,ETF,60.00,28.00,62.00,44.00,0.22,0.11,1677.00,8910.00,32.05,25.97,0,NO,31.03,30.76,29.79,30.77,30.19,,790,0.00,865.00,NO,NO,2026-10-01,79800.00
2961,DTD,94.00,93.49,11797.00,ETF,ETF,60.00,41.00,59.00,56.00,0.70,0.60,29225.00,32490.00,98.26,82.16,0,NO,95.11,96.14,91.37,96.22,92.79,,5106,0.43,11797.00,NO,NO,2015-04-09,1427400.00
2962,SMLF,85.00,84.21,138640.00,ETF,ETF,60.00,45.00,34.00,63.00,1.04,0.90,162487.00,171430.00,90.73,70.00,0,NO,85.22,87.17,82.48,87.32,84.22,,2874,0.90,138640.00,NO,NO,2026-01-29,2504900.00
2963,ENFR,37.41,37.15,72502.00,ETF,ETF,60.00,17.00,51.00,31.00,0.57,0.55,98195.00,122920.00,40.95,29.83,0,NO,38.52,39.12,37.21,39.01,38.60,,3248,0.00,72502.00,NO,NO,2026-07-28,533400.00
2964,MCY,102.27,100.27,187852.00,Financial Services,Insurance - Property & Casualty,60.00,62.00,20.00,71.00,2.13,2.06,291895.00,339030.00,113.06,74.29,0,NO,100.82,103.86,97.58,104.02,100.47,,10295,1.03,187852.00,NO,NO,1985-11-20,9597600.00
2965,QVMS,32.59,32.23,1452.00,ETF,ETF,60.00,35.00,26.00,61.00,0.19,0.07,1388.00,1430.00,35.42,26.45,0,NO,32.85,33.86,31.90,33.88,32.72,,1321,0.00,1452.00,NO,NO,2022-06-29,2368900.00
2966,TOUS,38.34,37.95,194884.00,ETF,ETF,60.00,43.00,49.00,59.00,0.48,0.33,129660.00,184820.00,40.28,32.71,0,NO,38.92,39.29,37.25,39.41,37.67,,828,0.61,194884.00,NO,NO,2025-03-25,4686800.00
2967,TRND,37.01,36.87,5218.00,ETF,ETF,60.00,66.00,59.00,62.00,0.40,0.29,3841.00,6280.00,39.09,30.59,0,NO,36.91,37.02,35.62,37.14,36.04,,1864,0.33,5218.00,NO,NO,2021-03-18,220500.00
2968,IJR,138.52,136.97,3772551.00,ETF,ETF,60.00,33.00,27.00,61.00,1.71,1.51,3017425.00,3589050.00,150.69,112.00,0,NO,139.70,144.08,135.70,144.10,139.11,,6627,1.09,3772551.00,NO,NO,2005-10-13,25430200.00
2969,DXIV,71.62,71.27,7927.00,ETF,ETF,60.00,29.00,57.00,48.00,0.84,0.56,19679.00,29670.00,75.52,60.15,0,NO,73.39,73.65,70.66,73.93,71.51,,516,0.00,7927.00,NO,NO,2024-09-12,580700.00
2970,ADAML,24.71,24.68,9775.00,Real Estate,REIT - Mortgage,60.00,59.00,69.00,52.00,0.17,0.14,13150.00,16390.00,25.20,21.96,0,NO,24.97,24.84,23.99,24.85,24.33,,1321,0.00,9775.00,NO,NO,2021-06-30,1062200.00
2971,BGDV,30.51,30.33,8058.00,ETF,ETF,59.00,59.00,48.00,60.00,0.20,0.16,40763.00,190380.00,31.97,26.31,0,NO,30.50,30.99,29.66,31.00,30.16,,452,0.51,8058.00,NO,NO,2026-09-25,1687000.00
2972,IWR,108.28,107.59,1362605.00,ETF,ETF,59.00,48.00,46.00,60.00,1.09,0.93,1642465.00,1478890.00,114.97,91.64,0,NO,108.72,110.84,104.90,110.98,106.78,,6312,0.58,1362605.00,NO,NO,2008-11-13,60872400.00
2973,TMVE,17.04,16.95,2043.00,ETF,ETF,59.00,31.00,31.00,55.00,0.13,0.10,6185.00,3790.00,18.26,14.18,0,NO,17.34,17.72,16.85,17.71,17.22,,220,0.47,2043.00,NO,NO,2026-06-18,1632100.00
2974,SDEM,32.88,32.54,1174.00,ETF,ETF,59.00,37.00,67.00,40.00,0.27,0.16,3107.00,2030.00,34.53,27.08,0,NO,33.52,33.35,32.52,33.37,32.71,,2905,0.44,1174.00,NO,NO,2021-12-02,1443400.00
2975,MARZ,37.42,37.20,29.00,ETF,ETF,59.00,72.00,68.00,66.00,0.28,0.15,1550.00,1790.00,37.87,32.27,0,NO,37.26,37.23,35.67,37.35,36.14,,1404,0.00,15500.00,NO,NO,2024-04-01,591400.00
2976,VTWO,113.70,112.67,1856194.00,ETF,ETF,59.00,30.00,26.00,64.00,1.52,1.31,1371146.00,1512970.00,123.37,92.55,0,NO,115.27,118.29,111.69,118.28,114.33,,4032,0.00,1856194.00,NO,NO,2025-01-27,10705800.00
2977,C,128.50,127.00,7610602.00,Financial Services,Banks - Diversified,59.00,31.00,14.00,63.00,3.49,3.36,10387361.00,10760730.00,147.96,93.66,215550623744,NO,133.61,133.93,125.87,134.24,129.72,,12541,1.06,7610602.00,NO,NO,2009-12-17,377263850.00
2978,ISCG,62.26,61.63,19930.00,ETF,ETF,59.00,56.00,36.00,63.00,0.78,0.65,22276.00,24000.00,66.50,51.65,0,NO,62.01,63.43,60.54,63.54,61.54,,5593,0.00,19930.00,NO,NO,2021-05-07,1891200.00
2979,MSSS,34.57,34.37,7807.00,ETF,ETF,59.00,37.00,29.00,68.00,0.28,0.20,11847.00,10340.00,37.18,29.00,0,NO,34.94,35.76,33.31,35.76,34.12,,646,0.00,7807.00,NO,NO,2024-12-12,1698800.00
2980,HEZU,48.53,47.96,71048.00,ETF,ETF,59.00,57.00,47.00,60.00,0.48,0.36,64496.00,133780.00,51.68,41.68,0,NO,48.73,49.29,46.99,49.36,47.65,,3025,0.19,71048.00,NO,NO,2015-12-22,9106600.00
2981,APHG,16.49,16.05,1099.00,ETF,ETF,59.00,94.00,66.00,,0.60,0.48,5284.00,2280.00,18.76,11.42,0,NO,14.75,14.75,,15.04,,,76,1.99,1099.00,NO,NO,2026-08-13,49000.00
2982,TSEL,29.87,29.84,1962.00,ETF,ETF,59.00,85.00,75.00,77.00,0.36,0.18,7353.00,4540.00,31.06,23.55,0,NO,29.28,28.82,27.82,29.06,28.07,,438,0.00,1962.00,NO,NO,2025-01-15,702900.00
2983,WOMN,44.11,43.88,18860.00,ETF,ETF,59.00,42.00,72.00,62.00,0.26,0.17,1223.00,1510.00,45.87,38.63,0,NO,44.42,44.80,42.51,44.94,42.88,,2033,0.25,18860.00,NO,NO,2021-04-23,206500.00
2984,MGMT,49.55,48.97,8787.00,ETF,ETF,59.00,47.00,50.00,56.00,0.43,0.34,6688.00,4910.00,52.30,40.77,0,NO,49.58,50.63,48.51,50.71,48.97,,1462,0.90,8787.00,NO,NO,2025-08-04,346800.00
2985,GQI,60.61,60.40,38330.00,ETF,ETF,59.00,73.00,73.00,61.00,0.45,0.41,21568.00,24810.00,61.29,53.47,0,NO,60.37,60.16,58.26,60.33,58.55,,703,0.00,38330.00,NO,NO,2026-01-06,845300.00
2986,CTA,29.15,29.24,917629.00,ETF,ETF,59.00,72.00,88.00,19.00,0.76,0.58,590785.00,677110.00,32.76,25.39,0,NO,29.56,28.22,28.76,28.29,28.80,,1148,0.00,917629.00,NO,NO,2025-04-04,3125000.00
2987,PRAY,35.19,34.89,6744.00,ETF,ETF,59.00,64.00,52.00,55.00,0.33,0.21,11319.00,8650.00,36.51,30.49,0,NO,34.96,35.32,34.21,35.43,34.77,,1167,0.79,6744.00,NO,NO,2026-07-15,131700.00
2988,EFO,71.42,69.91,3538.00,ETF,ETF,59.00,18.00,30.00,61.00,1.50,0.72,4119.00,4690.00,80.05,56.39,0,NO,74.01,75.80,71.14,76.20,71.85,,4360,1.59,3538.00,NO,NO,2016-08-09,3152100.00
2989,DFAS,78.73,77.98,435403.00,ETF,ETF,59.00,37.00,38.00,59.00,0.90,0.80,482819.00,606570.00,84.52,65.03,0,NO,79.35,81.25,77.09,81.33,78.47,,1333,0.00,435403.00,NO,NO,2025-04-04,2317600.00
2990,VOE,197.99,197.30,583478.00,ETF,ETF,59.00,29.00,53.00,52.00,1.86,1.68,306914.00,440640.00,211.07,168.76,0,NO,201.66,205.28,194.20,205.31,197.41,,5057,0.27,583478.00,NO,NO,2009-10-14,5517700.00
2991,CMT,23.02,22.95,63486.00,Basic Materials,Specialty Chemicals,59.00,28.00,47.00,45.00,0.85,0.84,29001.00,50200.00,28.69,16.60,197127152,NO,23.38,24.32,22.76,24.48,24.12,,9582,0.00,63486.00,NO,NO,2020-05-11,1741500.00
2992,IQSM,38.95,38.44,148.00,ETF,ETF,59.00,47.00,45.00,62.00,0.25,0.07,15512.00,370.00,40.88,32.77,0,NO,39.22,39.77,37.58,39.81,38.21,,987,0.00,100.00,NO,NO,2023-06-16,2044300.00
2993,FEBZ,41.09,40.86,16.00,ETF,ETF,59.00,72.00,68.00,66.00,0.33,0.19,2476.00,1600.00,41.58,35.59,0,NO,40.92,40.88,39.21,41.01,39.73,,1424,0.00,3700.00,NO,NO,2025-08-01,102600.00
2994,OVLH,42.41,42.00,60603.00,ETF,ETF,59.00,70.00,66.00,63.00,0.32,0.23,17611.00,12440.00,43.18,37.33,0,NO,42.22,42.27,40.74,42.40,41.23,,1435,0.86,60603.00,NO,NO,2022-12-16,1377600.00
2995,ADP,257.68,263.96,2133230.00,Technology,Software - Application,59.00,13.00,84.00,84.00,5.58,5.31,2254680.00,2471300.00,293.51,188.16,102106095616,NO,267.48,271.35,237.98,271.75,236.81,,11732,0.00,2133230.00,NO,NO,2003-03-13,31330885.00
2996,ICVT,113.70,112.85,254920.00,ETF,ETF,59.00,73.00,37.00,58.00,1.17,1.00,581938.00,662960.00,126.56,94.41,0,NO,113.79,114.57,110.90,114.82,113.99,,2850,0.62,254920.00,NO,NO,2022-05-18,9873600.00
2997,VMI,478.74,468.28,160153.00,Industrials,Conglomerates,59.00,81.00,9.00,76.00,10.62,10.24,191690.00,228790.00,585.71,378.02,9242007552,NO,473.00,479.74,474.38,481.78,488.41,,13518,1.45,160153.00,NO,NO,2008-06-18,2167900.00
2998,GURU,67.89,67.53,463.00,ETF,ETF,59.00,48.00,43.00,66.00,0.56,0.33,1285.00,940.00,71.08,56.96,0,NO,68.40,68.99,65.14,69.18,66.27,,3603,0.00,463.00,NO,NO,2016-04-21,1711600.00
2999,ADIV,19.42,19.41,9865.00,ETF,ETF,59.00,35.00,74.00,60.00,0.21,0.15,4833.00,3190.00,20.36,17.23,0,NO,19.67,19.72,18.89,19.74,19.01,,1386,0.00,9865.00,NO,NO,2026-03-03,496400.00
3000,BESF,37.81,37.42,3802.00,ETF,ETF,59.00,11.00,56.00,17.00,0.45,0.34,2287.00,3500.00,43.41,31.02,0,NO,39.41,39.70,38.67,39.77,39.66,,335,0.30,3802.00,NO,NO,2025-06-06,107600.00
3001,INTF,41.55,41.17,297967.00,ETF,ETF,59.00,42.00,58.00,49.00,0.49,0.34,280760.00,572410.00,43.49,35.39,0,NO,42.23,42.50,40.78,42.64,41.25,,2872,0.61,297967.00,NO,NO,2025-04-28,15267700.00
3002,VXF,235.35,233.11,578655.00,ETF,ETF,59.00,53.00,37.00,66.00,2.98,2.45,354419.00,397280.00,250.75,195.90,0,NO,236.06,240.30,227.28,240.80,231.68,,6226,0.00,578655.00,NO,NO,2020-12-18,7784000.00
3003,ABCS,33.55,33.41,1011.00,ETF,ETF,59.00,21.00,49.00,64.00,0.26,0.15,2131.00,1890.00,36.56,28.47,0,NO,34.40,35.31,32.60,35.33,33.18,,698,0.00,1011.00,NO,NO,2023-12-20,101200.00
3004,SEMG,27.98,27.77,2579.00,ETF,ETF,59.00,75.00,78.00,70.00,0.20,0.13,6398.00,5360.00,28.35,23.28,0,NO,27.52,27.57,26.50,27.71,26.53,,349,0.00,2579.00,NO,NO,2025-07-23,1616000.00
3005,SPSM,53.84,53.24,3181987.00,ETF,ETF,59.00,32.00,27.00,60.00,0.64,0.57,1693761.00,1734100.00,58.60,43.66,0,NO,54.36,56.04,52.82,56.05,54.12,,3330,1.05,3181987.00,NO,NO,2024-02-13,15358900.00
3006,WR,26.49,26.11,22.00,ETF,ETF,59.00,34.00,85.00,,0.21,0.05,1001.00,200.00,28.11,23.85,0,NO,26.89,26.82,,26.89,,,102,0.00,100.00,NO,NO,2026-05-06,110200.00
3007,DTEC,51.25,50.96,14665.00,ETF,ETF,59.00,57.00,75.00,75.00,0.54,0.39,4903.00,2600.00,53.89,41.99,0,NO,51.24,51.58,48.14,51.81,48.33,,2201,0.00,14665.00,NO,NO,2023-12-13,134500.00
3008,EAGL,34.04,33.85,559361.00,ETF,ETF,59.00,28.00,74.00,63.00,0.36,0.32,250757.00,421520.00,36.43,29.23,0,NO,34.63,34.81,32.92,34.97,33.06,,634,0.50,559361.00,NO,NO,2025-05-20,4451900.00
3009,FLJJ,34.54,34.40,50.00,ETF,ETF,59.00,71.00,69.00,59.00,0.10,0.03,669.00,670.00,34.60,31.07,0,NO,34.39,34.29,33.07,34.37,33.46,,669,0.00,1000.00,NO,NO,2025-05-01,806300.00
3010,FTCE,27.16,27.32,3099.00,ETF,ETF,59.00,56.00,50.00,68.00,0.27,0.17,6014.00,6790.00,28.55,23.03,0,NO,27.31,27.50,26.12,27.56,26.51,,501,0.00,3099.00,NO,NO,2024-10-23,1814600.00
3011,CNS,73.00,73.12,172671.00,Financial Services,Asset Management,59.00,24.00,19.00,72.00,2.04,2.04,273522.00,344600.00,86.56,58.39,3753771776,NO,74.57,79.27,71.45,79.06,73.92,,5569,0.00,172671.00,NO,NO,2024-04-22,6195500.00
3012,DGRS,57.02,56.45,18191.00,ETF,ETF,59.00,36.00,40.00,53.00,0.60,0.52,29125.00,21700.00,61.89,46.21,0,NO,57.44,59.16,56.16,59.17,57.28,,3318,0.00,18191.00,NO,NO,2025-03-14,520100.00
3013,APRZ,40.65,40.40,16.00,ETF,ETF,59.00,71.00,68.00,67.00,0.31,0.16,790.00,1070.00,41.29,34.75,0,NO,40.47,40.45,38.79,40.59,39.23,,1382,0.00,4700.00,NO,NO,2024-07-01,663400.00
3014,EFV,78.49,77.88,2509329.00,ETF,ETF,59.00,30.00,60.00,47.00,1.04,0.74,3058061.00,3180750.00,83.23,66.62,0,NO,80.90,81.24,77.41,81.45,78.36,,5323,0.00,2509329.00,NO,NO,2026-05-28,81665600.00
3015,IMTM,53.05,52.36,873750.00,ETF,ETF,59.00,60.00,58.00,57.00,0.62,0.47,321269.00,317800.00,54.79,45.98,0,NO,53.21,53.21,51.59,53.47,52.07,,2939,0.86,873750.00,NO,NO,2024-03-26,2832700.00
3016,IPOS,21.21,21.11,1663.00,ETF,ETF,59.00,17.00,8.00,69.00,0.32,0.16,2176.00,1250.00,26.25,15.65,0,NO,22.10,22.73,21.18,22.74,22.08,,3015,0.00,1663.00,NO,NO,2020-09-30,319400.00
3017,BAMA,36.81,36.60,3151.00,ETF,ETF,59.00,69.00,62.00,61.00,0.22,0.12,4571.00,6990.00,37.36,32.28,0,NO,36.70,36.72,35.44,36.84,35.89,,753,0.00,3151.00,NO,NO,2023-11-10,222400.00
3018,AOA,97.63,97.21,135624.00,ETF,ETF,59.00,59.00,60.00,60.00,0.83,0.65,119782.00,156120.00,100.03,85.90,0,NO,98.09,98.29,94.62,98.57,95.80,,4500,0.00,135624.00,NO,NO,2022-12-12,1157400.00
3019,EDGH,33.60,33.69,42711.00,ETF,ETF,59.00,41.00,73.00,29.00,0.33,0.23,57207.00,31400.00,36.03,28.21,0,NO,34.36,34.35,33.62,34.44,33.99,,501,0.00,42711.00,NO,NO,2024-10-08,1946900.00
3020,MMSC,27.13,26.86,2013.00,ETF,ETF,59.00,57.00,25.00,65.00,0.28,0.15,4142.00,3480.00,29.62,22.18,0,NO,27.02,27.73,26.58,27.76,27.12,,1247,0.00,2013.00,NO,NO,2025-11-18,368300.00
3021,AIVL,128.66,127.99,3092.00,ETF,ETF,59.00,38.00,45.00,59.00,0.73,0.53,4347.00,7550.00,136.29,110.34,0,NO,130.16,132.58,124.91,132.60,127.21,,5106,0.33,3092.00,NO,NO,2012-12-11,2404300.00
3022,SRS,46.40,46.61,22801.00,ETF,ETF,59.00,93.00,91.00,39.00,0.95,0.85,13223.00,18560.00,50.80,36.36,0,NO,43.49,40.69,42.83,41.13,41.46,,4949,0.00,22801.00,NO,NO,2022-05-04,253000.00
3023,JGLO,72.90,72.23,42618.00,ETF,ETF,59.00,62.00,67.00,63.00,0.67,0.53,239319.00,247670.00,74.89,63.17,0,NO,72.58,73.00,70.12,73.32,70.66,,766,0.00,42618.00,NO,NO,2024-11-12,19127900.00
3024,SMIZ,41.93,41.39,9203.00,ETF,ETF,59.00,73.00,35.00,63.00,0.48,0.40,31328.00,74080.00,44.77,35.14,0,NO,41.36,42.13,40.75,42.24,41.53,,753,1.11,9203.00,NO,NO,2024-04-18,439900.00
3025,CWB,102.05,101.06,252023.00,ETF,ETF,59.00,72.00,41.00,58.00,1.38,1.30,598909.00,538630.00,112.02,85.37,0,NO,102.02,102.73,99.54,103.01,102.02,,4394,0.95,252023.00,NO,NO,2023-03-14,18483100.00
3026,IVSI,28.77,28.45,7.00,ETF,ETF,59.00,35.00,49.00,55.00,0.26,0.07,974.00,530.00,30.42,25.19,0,NO,29.25,29.60,27.98,29.66,28.42,,203,0.00,7.00,NO,NO,2025-12-11,87300.00
3027,BAGX,101.83,100.94,2334.00,ETF,ETF,59.00,80.00,,,0.69,0.38,2158.00,2010.00,102.86,94.36,0,NO,99.90,,,100.53,,,49,0.00,2334.00,NO,NO,2026-08-14,9400.00
3028,RINT,32.02,31.70,18825.00,ETF,ETF,59.00,45.00,52.00,57.00,0.38,0.29,16187.00,17990.00,35.93,27.35,0,NO,32.49,32.74,31.22,32.83,31.54,,349,0.53,18825.00,NO,NO,2025-06-10,1579100.00
3029,GSEW,94.20,93.72,105555.00,ETF,ETF,59.00,47.00,51.00,60.00,0.90,0.75,88682.00,113300.00,99.42,80.92,0,NO,94.89,96.30,91.22,96.43,92.58,,2274,0.00,105555.00,NO,NO,2025-09-24,3673600.00
3030,PSMJ,34.51,34.51,17.00,ETF,ETF,59.00,76.00,72.00,56.00,0.15,0.07,7960.00,8010.00,34.72,31.27,0,NO,34.46,34.32,33.20,34.44,33.58,,1317,0.00,1100.00,NO,NO,2022-06-30,480000.00
3031,DDXX,27.96,27.82,84.00,ETF,ETF,59.00,49.00,56.00,58.00,0.20,0.05,2763.00,560.00,28.93,24.02,0,NO,28.31,28.39,27.13,28.47,27.52,,221,0.00,400.00,NO,NO,2026-02-02,165300.00
3032,ULTA,543.69,537.73,340670.00,Consumer Cyclical,Specialty Retail,59.00,56.00,92.00,39.00,14.87,13.84,591600.00,472960.00,714.97,443.60,23246809088,NO,546.00,534.56,555.67,536.85,515.02,,4764,0.00,340670.00,NO,NO,2019-08-30,16029100.00
3033,SFLR,39.37,39.04,131202.00,ETF,ETF,59.00,75.00,68.00,60.00,0.37,0.32,217046.00,283070.00,40.12,34.69,0,NO,39.02,38.88,37.66,39.02,37.95,,977,0.00,131202.00,NO,NO,2026-05-20,5981500.00
3034,AVEE,69.54,68.52,5237.00,ETF,ETF,59.00,64.00,61.00,59.00,0.75,0.49,14100.00,10100.00,72.93,60.89,0,NO,68.77,67.95,67.30,68.37,68.16,,726,0.00,5237.00,NO,NO,2026-01-21,168900.00
3035,LSAT,44.49,44.28,1316.00,ETF,ETF,59.00,24.00,45.00,63.00,0.42,0.36,4550.00,6660.00,47.69,38.49,0,NO,45.43,46.18,42.53,46.17,43.68,,1490,0.00,1316.00,NO,NO,2020-10-29,1873400.00
3036,VWO,59.56,59.03,5536970.00,ETF,ETF,59.00,51.00,54.00,61.00,0.64,0.47,7041565.00,7465260.00,61.54,52.20,0,NO,60.07,59.93,57.95,60.21,58.61,,5426,0.00,5536970.00,NO,NO,2011-08-08,84218900.00
3037,XOEX,39.82,39.67,1074.00,ETF,ETF,59.00,33.00,45.00,64.00,0.26,0.17,95926.00,113130.00,42.07,34.40,0,NO,40.37,40.95,38.63,40.98,39.27,,976,0.00,1074.00,NO,NO,2026-07-31,2216300.00
3038,UDOW,63.78,62.92,1950034.00,ETF,ETF,59.00,8.00,12.00,83.00,1.98,1.84,1615568.00,1926140.00,79.26,46.25,0,NO,66.80,70.56,63.57,70.70,64.64,,4186,0.00,1950034.00,NO,NO,2020-03-25,67061200.00
3039,DURA,37.89,37.76,1094.00,ETF,ETF,59.00,26.00,65.00,43.00,0.22,0.13,2268.00,1750.00,40.35,31.35,0,NO,38.88,39.17,37.49,39.14,38.08,,1990,0.29,1094.00,NO,NO,2023-10-04,418400.00
3040,NWE,69.27,68.53,472842.00,Utilities,Utilities - Regulated Electric,59.00,57.00,55.00,42.00,1.60,1.51,399712.00,567700.00,75.18,56.97,4261341184,NO,69.18,70.04,69.43,69.90,70.32,,4720,0.28,472842.00,NO,NO,2016-09-22,7326600.00
3041,MNVT,27.86,27.74,25806.00,ETF,ETF,59.00,28.00,25.00,71.00,0.71,0.61,20623.00,17990.00,35.35,22.05,0,NO,28.83,28.97,,29.07,,,138,0.00,25806.00,NO,NO,2026-06-05,155000.00
3042,BRUN,16.51,15.89,1409823.00,Technology,Software - Infrastructure,59.00,64.00,0.00,93.00,1.25,1.21,2063558.00,1951300.00,42.00,10.59,1312337664,NO,16.51,18.14,18.28,18.26,21.00,,441,3.34,1409823.00,NO,NO,2026-08-14,6371200.00
3043,DES,38.65,38.24,134752.00,ETF,ETF,59.00,34.00,36.00,51.00,0.42,0.37,112884.00,81180.00,41.85,31.75,0,NO,39.00,40.12,38.08,40.11,39.00,,5106,0.89,134752.00,NO,NO,2017-01-27,2079900.00
3044,THEQ,30.26,30.10,1092.00,ETF,ETF,59.00,68.00,66.00,60.00,0.19,0.11,4895.00,7710.00,31.59,26.77,0,NO,30.16,30.18,29.08,30.26,29.41,,382,0.00,1092.00,NO,NO,2025-07-09,172200.00
3045,SSPY,96.76,96.44,801.00,ETF,ETF,59.00,36.00,51.00,57.00,0.68,0.35,1488.00,1340.00,101.70,83.66,0,NO,97.85,99.25,94.12,99.26,95.56,,2956,0.00,801.00,NO,NO,2020-01-08,1476100.00
3046,PSCJ,32.23,32.23,13.00,ETF,ETF,58.00,75.00,71.00,57.00,0.10,0.01,561.00,160.00,33.00,29.16,0,NO,32.21,32.11,31.05,32.21,31.41,,1318,0.00,100.00,NO,NO,2025-05-13,407100.00
3047,GGRW,37.75,37.76,21.00,ETF,ETF,58.00,78.00,60.00,71.00,0.31,0.12,363.00,320.00,38.72,31.45,0,NO,37.19,37.35,35.98,37.51,36.40,,1410,0.00,100.00,NO,NO,2024-01-10,104400.00
3048,JHID,42.25,42.34,85.00,ETF,ETF,58.00,31.00,57.00,43.00,0.33,0.06,1415.00,5730.00,44.77,35.05,0,NO,43.57,43.84,41.98,43.92,42.66,,947,0.00,1700.00,NO,NO,2022-12-22,140000.00
3049,GRPZ,30.64,30.47,483.00,ETF,ETF,58.00,19.00,25.00,62.00,0.23,0.08,530.00,520.00,33.86,25.13,0,NO,31.35,32.38,29.95,32.35,30.63,,631,0.38,483.00,NO,NO,2024-08-28,40700.00
3050,SPDV,38.95,39.04,3004.00,ETF,ETF,58.00,17.00,61.00,47.00,0.39,0.37,10238.00,9660.00,42.24,33.10,0,NO,40.25,40.84,38.45,40.80,39.15,,2222,0.00,3004.00,NO,NO,2019-01-07,292700.00
3051,VZ,45.92,45.98,19585521.00,Communication Services,Telecom Services,58.00,13.00,85.00,14.00,0.99,0.95,22788685.00,23199400.00,51.68,38.39,190787272704,NO,48.26,48.32,46.41,48.37,47.39,,10800,0.00,19585521.00,YES,NO,2014-02-24,616620500.00
3052,FEGE,50.18,49.96,261082.00,ETF,ETF,58.00,26.00,60.00,51.00,0.52,0.42,338992.00,352240.00,53.52,43.38,0,NO,51.49,51.89,49.63,52.03,49.92,,446,0.39,261082.00,NO,NO,2026-01-16,1083300.00
3053,ACFN,19.02,19.35,4774.00,Technology,Scientific & Technical Instruments,58.00,46.00,88.00,61.00,1.09,1.05,48377.00,61540.00,29.93,12.42,48210260,NO,20.42,19.75,18.37,19.87,18.47,,8722,0.00,4774.00,NO,NO,2026-08-05,334900.00
3054,USEW,55.49,55.52,18.00,ETF,ETF,58.00,57.00,56.00,67.00,0.39,0.21,860.00,600.00,57.73,47.70,0,NO,56.03,56.32,,56.43,54.25,,195,0.00,100.00,NO,NO,2026-01-08,63200.00
3055,UTHR,541.70,571.38,945685.00,Healthcare,Drug Manufacturers - Specialty & Generic,58.00,91.00,53.00,22.00,20.58,18.94,617396.00,1086050.00,609.35,409.07,23233888256,NO,501.83,511.11,525.34,508.14,537.60,,6866,0.00,945685.00,NO,NO,2007-11-01,29067800.00
3056,CEFA,40.30,39.85,4883.00,ETF,ETF,58.00,46.00,61.00,55.00,0.77,0.66,9701.00,19310.00,43.27,35.25,0,NO,40.76,41.01,39.36,41.15,39.65,,1577,1.00,4883.00,NO,NO,2024-05-09,293200.00
3057,HL,17.20,17.00,33405390.00,Basic Materials,Other Precious Metals & Mining,58.00,3.00,79.00,10.00,0.85,0.72,37774601.00,40940400.00,34.17,11.58,11554417664,NO,18.62,18.25,19.18,18.52,17.64,,11732,0.00,33405390.00,YES,NO,2025-09-19,145814100.00
3058,DBEU,53.24,52.80,28872.00,ETF,ETF,58.00,48.00,45.00,55.00,0.52,0.38,33766.00,44590.00,55.64,46.09,0,NO,53.83,54.41,51.60,54.42,52.37,,3271,0.00,28872.00,NO,NO,2015-12-23,10117500.00
3059,WSML,34.22,33.96,12130.00,ETF,ETF,58.00,40.00,42.00,57.00,0.33,0.22,14649.00,4990.00,36.35,28.94,0,NO,34.60,35.08,33.57,35.16,34.09,,377,0.00,12130.00,NO,NO,2026-03-05,6858900.00
3060,TOAO,27.23,27.30,9.00,ETF,ETF,58.00,76.00,74.00,,0.13,0.00,114.00,100.00,27.66,25.06,0,NO,27.24,27.13,,27.28,,,110,0.00,100.00,NO,NO,2026-05-14,1500.00
3061,SEIQ,41.12,40.94,29321.00,ETF,ETF,58.00,49.00,71.00,65.00,0.33,0.29,58539.00,42610.00,42.72,35.53,0,NO,41.21,41.60,39.50,41.67,39.77,,1097,0.00,29321.00,NO,NO,2024-02-13,6038800.00
3062,HLT,319.36,315.44,1109055.00,Consumer Cyclical,Lodging,58.00,80.00,26.00,47.00,6.29,6.19,1887090.00,1780940.00,358.00,253.54,71876730880,NO,310.64,317.61,316.10,317.02,321.48,,3220,1.13,1109055.00,NO,NO,2018-04-11,52096400.00
3063,ZHDG,24.03,23.91,424.00,ETF,ETF,58.00,71.00,70.00,66.00,0.17,0.11,7260.00,3900.00,24.49,20.85,0,NO,23.89,23.89,23.02,23.97,23.19,,1317,0.46,424.00,NO,NO,2022-08-26,443800.00
3064,V,360.66,359.85,3987848.00,Financial Services,Credit Services,58.00,28.00,65.00,78.00,5.65,5.53,6827265.00,7411940.00,385.57,293.89,677086953472,NO,367.56,368.67,337.47,368.73,339.53,,4665,0.10,3987848.00,NO,NO,2008-03-19,708486000.00
3065,PFS,22.58,22.35,945149.00,Financial Services,Banks - Regional,58.00,37.00,33.00,50.00,0.42,0.41,899773.00,962820.00,25.49,17.69,2944942592,NO,22.91,23.67,22.41,23.65,22.81,,5966,0.72,945149.00,NO,NO,2003-01-16,23419300.00
3066,KFY,71.92,72.37,597680.00,Industrials,Staffing & Employment Services,58.00,5.00,66.00,67.00,1.68,1.62,463055.00,761160.00,87.51,58.95,4024560640,NO,76.06,80.66,70.49,80.52,72.35,,6953,0.00,597680.00,NO,NO,1999-02-11,7954500.00
3067,TACN,28.35,28.08,3628.00,ETF,ETF,58.00,43.00,51.00,55.00,0.25,0.10,2234.00,1790.00,29.69,25.18,0,NO,28.81,29.05,27.66,29.14,28.01,,202,0.57,3628.00,NO,NO,2026-02-04,18400.00
3068,MSI,447.41,448.03,614206.00,Technology,Communication Equipment,58.00,19.00,82.00,41.00,7.68,7.64,924869.00,849990.00,494.85,359.36,74043580416,NO,458.65,461.23,430.98,463.35,435.60,,16297,0.00,614206.00,NO,NO,2007-03-22,47171626.00
3069,XYZ,74.33,74.04,3812461.00,Technology,Software - Infrastructure,58.00,10.00,26.00,82.00,2.15,2.02,4490923.00,4510860.00,86.92,48.21,44657094656,NO,77.01,79.66,70.14,79.78,73.41,,2732,0.00,3812461.00,NO,NO,2023-03-23,140313900.00
3070,SPIN,33.62,33.44,263.00,ETF,ETF,58.00,76.00,78.00,60.00,0.27,0.19,4139.00,5540.00,33.85,29.64,0,NO,33.30,33.21,32.30,33.37,32.26,,521,0.00,263.00,NO,NO,2025-10-22,650500.00
3071,LOWV,82.96,82.34,3626.00,ETF,ETF,58.00,60.00,74.00,63.00,0.50,0.29,7341.00,5600.00,84.85,71.99,0,NO,82.75,83.21,79.72,83.44,80.30,,883,0.63,3626.00,NO,NO,2024-04-08,122900.00
3072,FEDM,63.79,63.11,255.00,ETF,ETF,58.00,40.00,64.00,56.00,0.57,0.10,1785.00,2090.00,66.95,53.55,0,NO,64.86,65.32,62.29,65.56,62.67,,1264,0.58,255.00,NO,NO,2022-05-19,192600.00
3073,TXUE,34.66,34.34,93005.00,ETF,ETF,58.00,37.00,52.00,51.00,0.41,0.30,45546.00,96670.00,38.40,29.79,0,NO,35.37,35.88,34.08,35.97,34.54,,427,0.42,93005.00,NO,NO,2025-01-22,1567400.00
3074,RKLB,73.92,70.46,26690942.00,Industrials,Aerospace & Defense,58.00,94.00,5.00,58.00,4.11,3.85,19087663.00,22414210.00,151.00,37.57,47265259520,NO,67.80,69.76,81.41,70.46,83.57,,1470,2.38,26690942.00,YES,NO,2024-11-13,121001300.00
3075,TLTD,100.61,99.74,5876.00,ETF,ETF,58.00,40.00,62.00,50.00,1.13,0.62,5530.00,6070.00,105.60,86.59,0,NO,102.59,103.04,99.15,103.44,99.86,,3520,0.80,5876.00,NO,NO,2019-03-21,1418700.00
3076,DUKX,28.58,28.27,631.00,ETF,ETF,58.00,54.00,59.00,52.00,0.24,0.07,487.00,730.00,29.47,24.94,0,NO,28.81,28.73,27.94,28.86,28.12,,560,1.09,631.00,NO,NO,2026-02-02,35000.00
3077,BKLG,26.16,25.92,124.00,ETF,ETF,58.00,80.00,77.00,,0.19,0.04,250.00,160.00,26.25,23.93,0,NO,25.77,25.56,,25.73,,,72,0.00,124.00,NO,NO,2026-06-29,1200.00
3078,JPSE,57.21,56.62,11037.00,ETF,ETF,58.00,35.00,33.00,55.00,0.57,0.50,17896.00,15650.00,61.27,47.44,0,NO,57.77,59.11,56.38,59.14,57.65,,2478,1.01,11037.00,NO,NO,2019-08-08,1768100.00
3079,QMOM,73.95,72.86,64384.00,ETF,ETF,58.00,76.00,40.00,51.00,0.93,0.85,18095.00,20970.00,81.95,60.24,0,NO,72.92,74.18,73.32,74.32,74.74,,2724,0.63,64384.00,NO,NO,2022-11-01,413700.00
3080,AVDE,90.33,89.35,1047317.00,ETF,ETF,58.00,39.00,55.00,49.00,1.04,0.75,1088930.00,1854290.00,94.82,77.20,0,NO,91.85,92.54,89.13,92.88,90.03,,1764,0.78,1047317.00,NO,NO,2025-09-15,5173600.00
3081,JANX,16.93,16.96,805265.00,Healthcare,Biotechnology,58.00,5.00,86.00,68.00,0.70,0.68,848355.00,964180.00,35.34,12.12,1035045568,NO,17.33,17.08,14.99,16.97,15.41,,1334,0.00,805265.00,NO,NO,2025-12-02,15978000.00
3082,PBL,33.50,33.38,1956.00,ETF,ETF,58.00,66.00,62.00,62.00,0.23,0.17,6017.00,27510.00,34.37,29.56,0,NO,33.46,33.58,32.22,33.66,32.65,,947,0.00,1956.00,NO,NO,2024-06-25,298900.00
3083,RWK,141.73,140.22,22921.00,ETF,ETF,58.00,32.00,39.00,59.00,1.51,1.35,18714.00,17710.00,152.74,118.54,0,NO,143.04,147.01,139.09,147.17,141.66,,4673,0.96,22921.00,NO,NO,2025-08-18,574400.00
3084,BG,106.72,106.61,2002769.00,Consumer Defensive,Farm Products,58.00,6.00,48.00,6.00,3.55,3.55,1590485.00,2272750.00,134.87,79.11,20502951936,NO,114.94,113.77,116.15,112.93,118.42,,6329,0.00,2002769.00,NO,NO,2023-03-14,39934100.00
3085,SPDG,45.37,44.96,2119.00,ETF,ETF,58.00,49.00,44.00,56.00,0.30,0.17,926.00,990.00,47.67,38.78,0,NO,45.70,46.36,44.56,46.44,45.28,,768,0.86,2119.00,NO,NO,2023-12-11,120500.00
3086,SPD,41.93,41.68,6401.00,ETF,ETF,58.00,62.00,62.00,69.00,0.38,0.25,7990.00,7630.00,43.93,35.72,0,NO,41.91,42.12,40.27,42.26,40.69,,1526,0.00,6401.00,NO,NO,2022-11-10,1405400.00
3087,SPFI,43.02,42.28,118957.00,Financial Services,Banks - Regional,58.00,36.00,67.00,42.00,0.95,0.91,129552.00,130750.00,46.94,35.34,810458240,NO,43.68,44.26,42.25,44.32,42.86,,1861,0.97,118957.00,NO,NO,2019-05-09,1449800.00
3088,NWS,31.65,31.45,834707.00,Communication Services,Entertainment,58.00,14.00,81.00,65.00,0.73,0.69,1170328.00,1424480.00,35.76,25.49,17070447616,NO,32.56,32.98,30.18,32.90,30.67,,3343,0.25,834707.00,NO,NO,2015-09-18,18792600.00
3089,QWLD,155.06,153.91,1982.00,ETF,ETF,58.00,54.00,65.00,54.00,0.96,0.46,1652.00,1470.00,159.78,138.27,0,NO,155.88,157.01,150.63,157.32,152.07,,3101,0.62,1982.00,NO,NO,2019-03-18,226700.00
3090,MIDE,36.84,36.49,849.00,ETF,ETF,58.00,49.00,40.00,57.00,0.23,0.06,495.00,620.00,39.31,30.97,0,NO,36.92,37.80,36.19,37.84,36.80,,1407,0.00,849.00,NO,NO,2024-02-15,205700.00
3091,DWUS,59.28,59.09,178.00,ETF,ETF,58.00,68.00,42.00,70.00,0.19,0.09,1142.00,1230.00,63.93,49.38,0,NO,59.00,59.15,57.13,59.38,58.09,,1700,0.00,178.00,NO,NO,2019-12-27,1049000.00
3092,FLV,82.70,82.39,3642.00,ETF,ETF,58.00,27.00,54.00,55.00,0.67,0.59,7655.00,7290.00,88.25,72.39,0,NO,84.26,85.87,81.04,85.91,81.98,,1634,0.00,3642.00,NO,NO,2020-06-04,1370200.00
3093,AIO,25.48,25.16,65201.00,Financial Services,Asset Management,58.00,56.00,26.00,73.00,0.61,0.59,70349.00,77520.00,28.60,20.91,877506752,NO,25.06,25.59,24.53,25.63,25.27,,1741,0.00,65201.00,NO,NO,2019-10-29,1904000.00
3094,EMO,50.31,49.94,50385.00,Financial Services,Asset Management,58.00,11.00,71.00,31.00,1.49,1.49,39577.00,36540.00,56.33,41.54,1006935936,NO,53.00,53.05,50.53,53.06,51.56,,3849,0.00,50385.00,NO,NO,2020-03-10,739140.00
3095,EML,24.61,24.04,8922.00,Industrials,Tools & Accessories,58.00,7.00,13.00,77.00,1.08,1.01,13307.00,8770.00,29.91,17.61,148092112,NO,25.06,25.19,22.05,25.22,23.41,,11732,0.00,8922.00,NO,NO,2013-06-28,840500.00
3096,MDEV,20.45,20.89,17.00,ETF,ETF,58.00,56.00,84.00,58.00,0.16,0.05,1815.00,720.00,21.82,17.85,0,NO,20.62,20.76,20.00,20.85,19.62,,1323,0.00,100.00,NO,NO,2021-10-28,1025300.00
3097,SCHC,49.80,49.41,296697.00,ETF,ETF,58.00,52.00,68.00,50.00,0.60,0.46,331580.00,461440.00,52.12,43.45,0,NO,50.37,50.33,49.06,50.58,49.33,,4205,0.57,296697.00,NO,NO,2020-03-12,5394800.00
3098,GFGF,36.59,36.34,851.00,ETF,ETF,58.00,67.00,64.00,70.00,0.18,0.04,2625.00,290.00,37.01,30.65,0,NO,36.28,36.38,35.01,36.54,35.12,,1203,0.51,851.00,NO,NO,2021-12-16,257200.00
3099,SPXX,18.74,18.64,241390.00,Financial Services,Asset Management,58.00,54.00,65.00,71.00,0.28,0.23,247666.00,277940.00,19.39,15.78,336880416,NO,18.71,18.86,18.02,18.90,18.07,,5246,0.38,241390.00,NO,NO,2026-07-17,1164200.00
3100,LRGG,29.98,29.81,6038.00,ETF,ETF,58.00,69.00,81.00,72.00,0.25,0.20,26153.00,34660.00,30.74,24.75,0,NO,29.75,29.59,28.23,29.79,28.19,,598,0.00,6038.00,NO,NO,2026-03-23,1423600.00
3101,CSQ,20.47,20.32,207250.00,Financial Services,Asset Management,58.00,51.00,52.00,74.00,0.36,0.33,184238.00,209210.00,21.17,16.41,3282766336,NO,20.62,20.64,19.69,20.73,19.90,,5662,0.00,207250.00,NO,NO,2010-05-06,2178900.00
3102,FDD,18.84,18.80,213816.00,ETF,ETF,58.00,14.00,56.00,47.00,0.29,0.19,148074.00,212010.00,20.80,15.77,0,NO,19.98,20.16,18.97,20.19,19.29,,4803,0.00,213816.00,NO,NO,2025-04-29,3745000.00
3103,CMRE,15.44,15.23,268921.00,Industrials,Marine Shipping,58.00,67.00,82.00,10.00,0.40,0.40,364211.00,354430.00,18.06,10.84,1866581760,NO,15.04,15.10,15.97,15.22,15.83,,4001,0.07,268921.00,NO,NO,2017-05-25,9000600.00
3104,AMLP,52.64,52.26,2088369.00,ETF,ETF,58.00,23.00,68.00,37.00,0.76,0.74,1193144.00,1312600.00,56.43,44.64,0,NO,54.25,54.70,52.34,54.69,53.36,,4051,0.00,2088369.00,NO,NO,2018-03-15,24690960.00
3105,ITDD,38.52,38.28,6466.00,ETF,ETF,58.00,58.00,56.00,59.00,0.30,0.22,20320.00,22860.00,39.47,34.08,0,NO,38.66,38.80,37.31,38.91,37.80,,741,0.00,6466.00,NO,NO,2026-09-04,203100.00
3106,ONB,24.96,24.98,6400730.00,Financial Services,Banks - Regional,58.00,45.00,27.00,65.00,0.52,0.51,4234047.00,5392140.00,27.36,19.39,9548946432,NO,25.31,25.94,24.43,25.94,24.72,,10654,0.00,6400730.00,NO,NO,2022-02-17,68430300.00
3107,MXI,107.80,106.12,6901.00,ETF,ETF,58.00,20.00,55.00,37.00,1.68,1.14,32322.00,11820.00,118.51,87.82,0,NO,110.29,111.36,108.54,111.71,109.38,,5038,1.54,6901.00,NO,NO,2010-11-04,8102000.00
3108,VSMV,60.04,59.75,5182.00,ETF,ETF,58.00,50.00,65.00,49.00,0.36,0.28,4168.00,3900.00,61.94,52.75,0,NO,60.31,60.60,58.76,60.60,59.45,,2331,0.24,5182.00,NO,NO,2019-07-18,3182200.00
3109,CLFD,33.48,32.17,132058.00,Technology,Communication Equipment,58.00,94.00,34.00,83.00,1.12,1.01,183733.00,135830.00,52.73,23.76,454790816,NO,30.31,29.81,32.35,29.70,32.89,,10117,2.24,132058.00,NO,NO,2022-08-09,3035700.00
3110,PY,55.96,55.77,10939.00,ETF,ETF,58.00,36.00,70.00,57.00,0.38,0.29,13241.00,14260.00,58.50,50.08,0,NO,56.83,57.24,54.22,57.30,54.75,,2649,0.11,10939.00,NO,NO,2025-02-18,2624600.00
3111,AMAA,28.67,27.96,269.00,ETF,ETF,58.00,33.00,57.00,,0.74,0.25,1461.00,770.00,38.54,23.51,0,NO,28.93,30.48,,31.30,,,69,0.00,269.00,NO,NO,2026-08-04,22700.00
3112,EXUS,28.15,27.82,4178.00,ETF,ETF,58.00,55.00,44.00,71.00,0.45,0.38,7696.00,6530.00,30.00,23.32,0,NO,28.41,28.50,27.20,28.63,27.40,,325,1.13,4178.00,NO,NO,2025-11-19,915900.00
3113,VIOG,140.47,138.51,13451.00,ETF,ETF,58.00,38.00,20.00,63.00,1.69,1.45,31592.00,33440.00,154.43,114.18,0,NO,141.19,146.22,137.42,146.13,141.13,,4041,1.05,13451.00,NO,NO,2020-10-13,1332200.00
3114,BEEX,27.42,27.12,476.00,ETF,ETF,58.00,59.00,67.00,64.00,0.19,0.11,11817.00,41010.00,28.47,23.60,0,NO,27.46,27.68,26.44,27.82,26.70,,450,0.00,476.00,NO,NO,2026-09-29,215400.00
3115,IJT,163.44,161.07,342933.00,ETF,ETF,58.00,37.00,20.00,62.00,2.00,1.72,209660.00,204010.00,179.68,132.98,0,NO,164.04,170.01,159.84,169.90,164.17,,6584,1.06,342933.00,NO,NO,2008-10-01,7823200.00
3116,OVL,56.94,56.41,187268.00,ETF,ETF,58.00,69.00,59.00,65.00,0.72,0.59,177409.00,248360.00,58.91,48.42,0,NO,56.89,57.08,55.16,57.31,55.76,,1761,0.00,187268.00,NO,NO,2023-01-23,2547600.00
3117,IQLT,49.80,49.20,2149321.00,ETF,ETF,58.00,47.00,57.00,52.00,0.53,0.40,1455392.00,1837010.00,52.36,43.18,0,NO,50.21,50.81,48.73,50.95,49.27,,2943,0.87,2149321.00,NO,NO,2026-01-28,34717200.00
3118,TT,463.91,458.94,1231350.00,Industrials,Building Products & Equipment,58.00,86.00,31.00,56.00,11.03,10.71,1116387.00,1296580.00,505.87,348.06,102070960128,NO,441.35,454.42,447.70,455.77,458.76,,11732,0.00,1231350.00,NO,NO,2009-06-30,125796279.00
3119,VFMV,142.72,141.95,6484.00,ETF,ETF,58.00,54.00,66.00,51.00,0.92,0.83,13617.00,13170.00,147.18,127.32,0,NO,143.09,144.53,139.05,144.60,140.78,,2169,0.00,6484.00,NO,NO,2025-04-08,253800.00
3120,PKW,144.57,144.69,79315.00,ETF,ETF,58.00,25.00,63.00,58.00,1.47,1.38,31869.00,42270.00,154.72,125.47,0,NO,147.78,149.15,140.20,149.55,141.47,,4976,0.00,79315.00,NO,NO,2021-07-20,8111000.00
3121,DHR,214.06,211.76,3894323.00,Healthcare,Diagnostics & Research,57.00,78.00,87.00,64.00,6.06,6.04,4710042.00,5173750.00,242.80,160.93,150481190912,NO,213.56,208.79,201.60,209.53,193.31,,12038,0.77,3894323.00,NO,NO,2019-12-16,103834430.00
3122,AGQI,18.19,18.11,2123.00,ETF,ETF,57.00,43.00,50.00,52.00,0.14,0.09,4000.00,3300.00,18.96,15.79,0,NO,18.42,18.56,17.83,18.61,18.01,,718,0.00,2123.00,NO,NO,2023-11-22,2415600.00
3123,EPMV,25.62,25.42,330.00,ETF,ETF,57.00,39.00,32.00,58.00,0.16,0.05,230.00,710.00,27.49,21.27,0,NO,25.71,26.47,25.27,26.47,25.80,,357,0.00,330.00,NO,NO,2025-05-02,174200.00
3124,DNL,45.24,44.57,8957.00,ETF,ETF,57.00,58.00,46.00,63.00,0.46,0.33,18211.00,14650.00,47.46,38.87,0,NO,44.94,45.64,44.00,45.84,44.45,,5106,1.07,8957.00,NO,NO,2007-06-14,3932400.00
3125,FDM,88.67,87.80,2854.00,ETF,ETF,57.00,29.00,35.00,51.00,0.90,0.79,9836.00,9000.00,95.71,72.19,0,NO,90.23,92.03,87.39,92.10,88.96,,5284,0.75,2854.00,NO,NO,2013-10-31,1994800.00
3126,FDLO,71.20,70.84,130088.00,ETF,ETF,57.00,53.00,68.00,58.00,0.54,0.48,52803.00,87680.00,73.64,63.36,0,NO,71.45,72.09,69.03,72.22,69.59,,2526,0.00,130088.00,NO,NO,2024-03-11,1686700.00
3127,EDGX,26.93,26.67,9030.00,ETF,ETF,57.00,71.00,64.00,64.00,0.24,0.18,6580.00,8700.00,27.78,23.26,0,NO,26.78,26.81,,26.92,26.22,,158,0.00,9030.00,NO,NO,2026-09-21,26100.00
3128,ULVM,103.25,102.90,752.00,ETF,ETF,57.00,29.00,38.00,52.00,0.71,0.51,2371.00,1510.00,111.41,88.01,0,NO,105.21,107.75,101.64,107.64,103.93,,2244,0.10,752.00,NO,NO,2018-04-23,1037400.00
3129,STRK,76.25,75.02,76325.00,Technology,Software - Application,57.00,80.00,92.00,53.00,2.71,2.40,93157.00,137130.00,100.25,49.80,0,NO,74.64,70.65,73.63,71.95,70.53,,419,0.72,76325.00,NO,NO,2025-02-28,1281600.00
3130,DFIC,37.67,37.28,1584959.00,ETF,ETF,57.00,37.00,54.00,48.00,0.43,0.32,1896693.00,2053070.00,39.63,32.13,0,NO,38.40,38.67,37.27,38.81,37.65,,1136,0.86,1584959.00,NO,NO,2022-10-13,7634900.00
3131,EQBK,47.73,47.48,112651.00,Financial Services,Banks - Regional,57.00,35.00,44.00,52.00,1.05,1.04,114639.00,115810.00,52.27,38.60,982879552,NO,48.89,49.88,47.13,49.89,47.62,,2738,0.06,112651.00,NO,NO,2015-11-11,805500.00
3132,VRAI,27.16,27.03,487.00,ETF,ETF,57.00,21.00,51.00,36.00,0.24,0.17,1423.00,3280.00,29.31,23.00,0,NO,27.94,28.35,27.03,28.30,27.86,,1923,0.00,487.00,NO,NO,2020-03-26,5221200.00
3133,CENTA,34.28,33.79,282348.00,Consumer Defensive,Packaged Foods,57.00,20.00,18.00,57.00,0.69,0.67,299419.00,315730.00,40.80,25.97,2145674240,NO,34.49,36.70,34.38,36.48,35.59,,4946,0.00,282348.00,NO,NO,2018-08-09,5682250.00
3134,SLYG,109.02,107.47,137127.00,ETF,ETF,57.00,37.00,20.00,62.00,1.33,1.19,115930.00,126090.00,119.84,88.67,0,NO,109.55,113.49,106.72,113.41,109.60,,6539,1.25,137127.00,NO,NO,2018-10-05,4742100.00
3135,LAMR,144.12,143.34,727710.00,Real Estate,REIT - Specialty,57.00,27.00,17.00,66.00,2.60,2.57,571895.00,616350.00,166.33,114.45,14635339776,NO,146.54,151.75,142.47,151.23,147.35,,7590,0.40,727710.00,NO,NO,2007-10-05,10761600.00
3136,CBXY,24.13,24.05,39.00,ETF,ETF,57.00,82.00,86.00,61.00,0.11,0.02,2595.00,790.00,26.45,21.71,0,NO,23.74,23.04,22.50,23.19,22.42,,312,0.23,1000.00,NO,NO,2025-08-13,164800.00
3137,XHE,88.86,89.28,13439.00,ETF,ETF,57.00,21.00,59.00,67.00,1.26,1.19,26615.00,21950.00,97.65,76.00,0,NO,91.13,92.54,86.13,92.48,85.43,,3944,0.00,13439.00,NO,NO,2023-08-16,958400.00
3138,DIVN,29.47,29.41,149945.00,ETF,ETF,57.00,35.00,59.00,46.00,0.21,0.19,97733.00,31890.00,31.08,25.28,0,NO,29.98,30.20,28.97,30.19,29.32,,320,0.05,149945.00,NO,NO,2025-07-31,4611700.00
3139,TINS,28.22,28.62,1910.00,ETF,ETF,57.00,54.00,51.00,53.00,0.22,0.00,131.00,100.00,29.87,24.25,0,NO,28.98,29.22,28.23,29.25,28.62,,235,0.00,100.00,NO,NO,2026-01-06,175000.00
3140,FGCPP,24.23,24.99,213.00,Financial Services,Asset Management,57.00,50.00,38.00,28.00,0.55,0.26,565.00,1760.00,26.00,17.11,0,NO,24.39,24.72,24.42,24.61,24.95,,2144,0.00,500.00,NO,NO,2021-05-19,94600.00
3141,XVNV,31.37,31.03,10086.00,ETF,ETF,57.00,79.00,,,0.51,0.17,467.00,620.00,31.82,28.55,0,NO,30.40,,,,,,32,0.00,10086.00,NO,YES,2026-10-02,10086.00
3142,ASB,29.00,28.72,1691846.00,Financial Services,Banks - Regional,57.00,26.00,28.00,63.00,0.58,0.56,1917058.00,2432180.00,32.46,23.86,5472821760,NO,29.56,30.51,28.38,30.54,28.97,,11732,0.70,1691846.00,NO,NO,2010-01-12,32066200.00
3143,DIVY,29.29,29.21,1739.00,ETF,ETF,57.00,22.00,52.00,50.00,0.27,0.20,2541.00,3820.00,31.40,24.94,0,NO,29.96,30.52,28.68,30.49,29.09,,1444,0.00,1739.00,NO,NO,2024-02-14,44000.00
3144,TIIV,29.84,29.98,28.00,ETF,ETF,57.00,52.00,64.00,50.00,0.24,0.06,492.00,370.00,31.03,25.57,0,NO,30.44,30.51,29.22,30.59,29.53,,299,0.00,800.00,NO,NO,2026-05-27,116100.00
3145,UMI,57.72,57.25,38405.00,ETF,ETF,57.00,19.00,50.00,34.00,1.08,1.05,24200.00,52920.00,64.77,47.74,0,NO,59.29,60.22,57.46,60.10,59.36,,2221,0.00,38405.00,NO,NO,2021-03-31,1223600.00
3146,DEW,68.73,68.47,3877.00,ETF,ETF,57.00,25.00,53.00,43.00,0.53,0.37,7884.00,6040.00,73.51,58.66,0,NO,70.89,71.81,68.24,71.70,69.45,,5106,0.07,3877.00,NO,NO,2015-09-28,516200.00
3147,JOET,45.66,45.39,9659.00,ETF,ETF,57.00,72.00,54.00,66.00,0.39,0.33,19931.00,16420.00,47.46,38.80,0,NO,45.27,45.80,43.74,45.88,44.19,,1473,0.46,9659.00,NO,NO,2020-11-19,734700.00
3148,TMFE,30.65,30.57,9717.00,ETF,ETF,57.00,66.00,71.00,64.00,0.27,0.23,10206.00,17220.00,31.36,26.36,0,NO,30.47,30.60,29.43,30.67,29.56,,1193,0.00,9717.00,NO,NO,2025-08-12,332500.00
3149,LOGI,104.32,103.32,751922.00,Technology,Computer Hardware,57.00,85.00,83.00,67.00,2.92,2.40,931703.00,751910.00,129.66,83.32,14937407488,NO,101.62,101.88,99.51,101.72,101.58,,7426,0.00,751922.00,NO,NO,2003-07-09,20095600.00
3150,QFLR,36.43,36.25,55983.00,ETF,ETF,57.00,84.00,66.00,56.00,0.54,0.49,62614.00,48380.00,37.39,32.38,0,NO,35.69,35.37,35.06,35.57,35.25,,675,0.30,55983.00,NO,NO,2025-04-08,684000.00
3151,FTQI,22.29,22.20,270716.00,ETF,ETF,57.00,77.00,63.00,60.00,0.15,0.12,367263.00,355710.00,22.55,19.23,0,NO,22.18,22.07,21.35,22.12,21.59,,3204,0.36,270716.00,NO,NO,2026-04-23,3739700.00
3152,RODM,40.80,40.53,75641.00,ETF,ETF,57.00,40.00,58.00,42.00,0.44,0.34,73846.00,76310.00,42.75,34.60,0,NO,41.61,41.82,40.37,41.89,40.99,,2917,0.32,75641.00,NO,NO,2020-06-04,5140500.00
3153,RFLR,31.66,31.45,1749.00,ETF,ETF,57.00,43.00,40.00,55.00,0.44,0.37,12161.00,12190.00,35.16,26.70,0,NO,31.83,32.45,30.73,32.46,31.27,,513,0.00,1749.00,NO,NO,2026-04-06,348200.00
3154,GDIV,18.22,18.11,11791.00,ETF,ETF,57.00,34.00,48.00,55.00,0.15,0.11,11311.00,9740.00,19.23,15.74,0,NO,18.50,18.79,17.99,18.79,18.25,,1095,0.00,11791.00,NO,NO,2025-03-17,1831100.00
3155,SATA,100.01,100.01,536853.00,Financial Services,Asset Management,57.00,67.00,73.00,43.00,0.09,0.09,323782.00,606290.00,101.35,79.01,0,NO,99.99,99.29,97.17,99.52,98.30,,227,0.00,536853.00,NO,NO,2026-05-29,1644600.00
3156,EINC,114.33,113.47,2325.00,ETF,ETF,57.00,19.00,42.00,28.00,1.29,1.12,11480.00,4870.00,126.58,91.21,0,NO,117.34,119.26,114.55,118.97,118.95,,3660,0.23,2325.00,NO,NO,2026-07-15,169800.00
3157,DAPP,19.11,19.10,1213894.00,ETF,ETF,57.00,76.00,50.00,85.00,0.93,0.81,721722.00,1312340.00,27.49,13.68,0,NO,20.00,19.05,18.63,19.24,19.02,,1374,0.00,1213894.00,NO,NO,2025-12-16,4667200.00
3158,INTL,30.70,30.36,20324.00,ETF,ETF,57.00,54.00,57.00,54.00,0.41,0.29,27496.00,15370.00,32.34,27.03,0,NO,30.95,30.95,30.02,31.11,30.31,,961,0.25,20324.00,NO,NO,2022-12-02,1383500.00
3159,IVE,229.62,228.61,576983.00,ETF,ETF,57.00,41.00,56.00,56.00,1.87,1.56,596477.00,736900.00,239.93,202.45,0,NO,232.36,234.42,224.01,234.58,226.67,,6627,0.00,576983.00,NO,NO,2025-11-18,21719200.00
3160,DIVI,42.63,42.15,184267.00,ETF,ETF,57.00,39.00,51.00,50.00,0.53,0.38,184461.00,285650.00,44.89,36.75,0,NO,43.42,43.86,42.13,43.99,42.64,,2598,0.95,184267.00,NO,NO,2026-08-18,1659700.00
3161,NTSX,58.88,58.70,43387.00,ETF,ETF,57.00,55.00,54.00,64.00,0.60,0.51,43296.00,91470.00,61.13,50.49,0,NO,59.24,59.52,57.07,59.70,57.78,,2053,0.00,43387.00,NO,NO,2020-05-21,2659900.00
3162,WBIG,25.75,25.70,1333.00,ETF,ETF,57.00,30.00,53.00,56.00,0.17,0.11,9653.00,1680.00,27.46,22.79,0,NO,26.11,26.50,24.96,26.50,25.36,,3043,0.18,1333.00,NO,NO,2014-08-27,4408500.00
3163,TAX,30.74,30.50,850.00,ETF,ETF,57.00,64.00,45.00,64.00,0.24,0.11,790.00,600.00,32.20,26.30,0,NO,30.56,31.05,29.75,31.12,30.06,,448,0.79,850.00,NO,NO,2026-01-22,243200.00
3164,PLAB,31.49,30.83,736296.00,Technology,Semiconductor Equipment & Materials,57.00,93.00,84.00,4.00,0.90,0.82,1150417.00,880400.00,56.00,20.05,1857820800,NO,29.49,30.17,35.89,30.36,36.01,,9968,0.00,736296.00,NO,NO,2025-12-10,15484800.00
3165,XIDV,37.11,37.03,2060.00,ETF,ETF,57.00,22.00,64.00,40.00,0.38,0.19,4298.00,3770.00,39.98,31.53,0,NO,38.80,38.97,37.18,39.02,37.77,,426,0.02,2060.00,NO,NO,2025-10-24,850100.00
3166,FSCC,33.96,33.64,18688.00,ETF,ETF,57.00,31.00,22.00,65.00,0.60,0.55,92861.00,69610.00,37.52,27.84,0,NO,34.39,35.21,33.32,35.21,34.13,,546,0.92,18688.00,NO,NO,2026-05-20,837800.00
3167,GPIX,55.88,55.52,926621.00,ETF,ETF,57.00,69.00,64.00,63.00,0.46,0.37,1121674.00,1264520.00,56.73,48.46,0,NO,55.79,55.86,54.00,56.04,54.48,,735,0.00,926621.00,NO,NO,2026-05-20,2249100.00
3168,VB,288.99,286.56,408627.00,ETF,ETF,57.00,43.00,34.00,58.00,3.44,2.99,460422.00,546020.00,309.51,241.17,0,NO,290.68,297.46,283.91,297.78,288.83,,5705,0.00,408627.00,NO,NO,2008-11-25,9288100.00
3169,SPYV,61.48,61.24,2633521.00,ETF,ETF,57.00,41.00,55.00,56.00,0.48,0.42,1759036.00,1710590.00,64.26,54.25,0,NO,62.28,62.80,60.02,62.85,60.73,,6539,0.00,2633521.00,NO,NO,2023-03-21,28136800.00
3170,LSGR,45.31,44.85,53565.00,ETF,ETF,57.00,65.00,79.00,68.00,0.50,0.40,52019.00,48020.00,46.52,37.72,0,NO,45.09,44.60,43.45,44.93,43.41,,819,0.00,53565.00,NO,NO,2024-02-28,1079900.00
3171,FGD,32.85,32.79,129433.00,ETF,ETF,57.00,14.00,63.00,42.00,0.39,0.25,151780.00,157550.00,36.08,28.09,0,NO,34.57,34.90,33.13,34.92,33.58,,4742,0.00,129433.00,NO,NO,2023-01-06,3095900.00
3172,JGRO,97.69,96.67,573249.00,ETF,ETF,57.00,84.00,67.00,69.00,1.11,0.94,554774.00,557570.00,99.73,81.16,0,NO,95.44,94.59,92.88,95.13,93.54,,1042,0.00,573249.00,NO,NO,2024-11-12,4463000.00
3173,BLES,47.66,47.14,15261.00,ETF,ETF,57.00,34.00,51.00,52.00,0.42,0.30,10880.00,18460.00,50.46,41.22,0,NO,48.44,49.10,46.95,49.15,47.60,,2413,0.78,15261.00,NO,NO,2024-04-02,1622000.00
3174,APPF,202.97,204.24,340675.00,Technology,Software - Application,57.00,10.00,90.00,86.00,7.31,7.17,364569.00,278390.00,265.02,142.56,7188587008,NO,208.99,206.46,185.74,208.66,178.37,,2834,0.00,340675.00,NO,NO,2015-06-26,3529100.00
3175,KMPB,24.77,24.63,6469.00,Finance,Property/Casualty insurance,57.00,75.00,77.00,55.00,0.12,0.12,13320.00,22670.00,24.88,22.03,0,NO,24.62,24.64,23.89,24.65,23.99,,1142,0.30,6469.00,NO,NO,2022-03-31,778400.00
3176,BANR,67.88,67.31,336818.00,Financial Services,Banks - Regional,57.00,41.00,62.00,60.00,1.36,1.33,344979.00,263270.00,74.84,57.05,2306895360,NO,69.63,70.51,65.79,70.68,66.83,,7780,0.00,336818.00,NO,NO,2010-06-25,3555429.00
3177,VOOV,221.62,220.77,98101.00,ETF,ETF,57.00,41.00,55.00,56.00,1.74,1.49,66407.00,69310.00,231.66,195.54,0,NO,224.62,226.44,216.44,226.58,218.93,,4041,0.00,98101.00,NO,NO,2022-03-28,887900.00
3178,PSET,79.00,78.47,883.00,ETF,ETF,57.00,64.00,74.00,66.00,0.45,0.31,1884.00,3440.00,81.85,67.62,0,NO,78.32,79.29,75.84,79.55,75.93,,2649,0.62,883.00,NO,NO,2021-04-06,547200.00
3179,TDAQ,27.64,27.40,760728.00,ETF,ETF,57.00,83.00,55.00,71.00,0.40,0.34,361949.00,521000.00,29.51,22.70,0,NO,27.03,26.89,26.43,27.09,26.75,,272,0.00,760728.00,NO,NO,2026-09-21,814200.00
3180,BUD,73.43,73.02,1936808.00,Consumer Defensive,Beverages - Brewers,57.00,17.00,21.00,43.00,1.41,1.07,2065938.00,2252030.00,86.60,58.44,144593125376,NO,77.48,79.60,76.26,79.68,78.33,,4341,0.00,1936808.00,NO,NO,2013-01-31,13492400.00
3181,STRC,99.41,99.50,1819963.00,Technology,Software - Application,57.00,79.00,88.00,33.00,0.69,0.59,1418476.00,1621160.00,100.42,71.25,0,NO,98.53,95.89,96.64,96.56,95.33,,297,0.00,1819963.00,NO,NO,2026-04-14,15823400.00
3182,ENHI,26.76,26.41,10150.00,ETF,ETF,57.00,48.00,55.00,57.00,0.22,0.02,5957.00,170.00,27.93,23.54,0,NO,27.09,27.32,,27.41,26.38,,142,1.12,10150.00,NO,NO,2026-07-09,337100.00
3183,MSSM,57.66,57.16,22819.00,ETF,ETF,57.00,41.00,27.00,60.00,0.69,0.53,11826.00,12470.00,62.08,48.51,0,NO,57.94,59.43,56.68,59.45,57.93,,453,0.00,22819.00,NO,NO,2025-04-16,591700.00
3184,DFAI,41.52,41.06,1922113.00,ETF,ETF,57.00,39.00,52.00,49.00,0.48,0.34,1802496.00,2038300.00,43.59,35.67,0,NO,42.22,42.59,41.01,42.73,41.41,,1473,0.75,1922113.00,NO,NO,2026-02-25,17106300.00
3185,RVI,27.44,27.19,100143.00,Financial Services,Asset Management,57.00,82.00,6.00,38.00,0.88,0.85,222760.00,134190.00,77.39,21.00,747663616,NO,27.96,27.40,,27.45,31.78,,146,0.18,100143.00,NO,NO,2026-03-06,4787800.00
3186,RSIT,21.80,21.49,46842.00,ETF,ETF,57.00,79.00,80.00,,0.30,0.27,31676.00,40310.00,22.32,19.49,0,NO,21.73,21.28,,21.42,,,104,0.05,46842.00,NO,NO,2026-05-06,650900.00
3187,DIVE,26.80,26.73,2522.00,ETF,ETF,57.00,28.00,68.00,62.00,0.20,0.13,2077.00,2750.00,28.43,23.62,0,NO,27.39,27.51,26.08,27.57,26.15,,264,0.00,2522.00,NO,NO,2025-10-29,61900.00
3188,WDIV,81.31,80.78,3722.00,ETF,ETF,57.00,31.00,64.00,48.00,0.71,0.48,7479.00,6930.00,85.88,71.44,0,NO,83.28,84.03,80.65,84.16,81.49,,3357,0.33,3722.00,NO,NO,2022-02-22,378200.00
3189,TAOZ,88.12,87.80,312.00,ETF,ETF,57.00,39.00,58.00,,0.60,0.02,1188.00,120.00,92.83,80.83,0,NO,89.00,90.19,,90.55,,,128,0.11,312.00,NO,NO,2026-05-19,26800.00
3190,BCH,38.49,38.97,673042.00,Financial Services,Banks - Regional,57.00,11.00,36.00,49.00,0.98,0.90,287539.00,299810.00,46.77,29.80,19440738304,NO,41.25,41.38,39.99,41.27,39.40,,6081,0.00,673042.00,NO,NO,2014-01-29,3064023.00
3191,AUMI,91.42,90.99,1675.00,ETF,ETF,57.00,9.00,87.00,13.00,2.44,1.14,2439.00,1940.00,124.28,72.54,0,NO,97.19,95.21,95.10,96.78,91.53,,703,0.00,1675.00,NO,NO,2025-09-19,122500.00
3192,ELCV,30.64,30.45,66407.00,ETF,ETF,57.00,41.00,32.00,48.00,0.24,0.21,54804.00,34270.00,33.19,25.96,0,NO,30.97,31.42,30.25,31.41,31.08,,503,0.36,66407.00,NO,NO,2024-12-30,923100.00
3193,MCVT,27.62,27.41,63373.00,ETF,ETF,57.00,59.00,44.00,60.00,0.21,0.15,12868.00,30640.00,28.96,24.41,0,NO,27.55,28.06,,28.04,,,133,0.73,63373.00,NO,NO,2026-09-24,114500.00
3194,BLKB,41.76,42.55,285550.00,Technology,Software - Application,57.00,7.00,96.00,59.00,1.36,1.32,541525.00,509440.00,70.71,25.58,1895490304,NO,43.61,44.31,42.46,45.04,37.61,,5584,0.00,285550.00,NO,NO,2017-06-28,8084100.00
3195,DRAI,32.84,32.81,1579.00,ETF,ETF,57.00,61.00,41.00,64.00,0.17,0.07,1382.00,3260.00,36.03,27.45,0,NO,33.01,33.27,32.28,33.30,33.05,,560,0.00,1579.00,NO,NO,2024-07-17,61900.00
3196,QDIV,38.28,38.46,1923.00,ETF,ETF,57.00,20.00,65.00,47.00,0.23,0.15,1744.00,1080.00,41.30,33.56,0,NO,39.24,39.94,37.69,39.90,38.06,,2065,0.00,1923.00,NO,NO,2023-07-25,240400.00
3197,FTDS,62.24,62.14,1323.00,ETF,ETF,57.00,20.00,62.00,43.00,0.44,0.26,1819.00,2140.00,67.24,53.43,0,NO,64.01,65.06,61.62,65.06,62.23,,2950,0.14,1323.00,NO,NO,2016-10-07,317600.00
3198,IUSV,111.03,110.49,621166.00,ETF,ETF,57.00,40.00,54.00,56.00,0.92,0.78,554568.00,635650.00,116.19,97.95,0,NO,112.35,113.48,108.49,113.56,109.78,,6579,0.41,621166.00,NO,NO,2015-09-25,5310900.00
3199,KQQQ,29.74,29.45,40933.00,ETF,ETF,57.00,85.00,53.00,78.00,0.45,0.35,49658.00,89380.00,31.84,23.13,0,NO,29.11,28.90,28.28,29.05,28.70,,552,0.83,40933.00,NO,NO,2025-10-29,520000.00
3200,HOLD,32.99,32.79,102.00,ETF,ETF,56.00,80.00,75.00,55.00,0.16,0.04,339.00,310.00,34.74,29.57,0,NO,32.62,32.30,32.14,32.47,32.43,,285,0.00,300.00,NO,NO,2025-08-14,100300.00
3201,PINK,38.13,38.17,32835.00,ETF,ETF,56.00,33.00,32.00,66.00,0.50,0.47,79863.00,73870.00,40.63,32.03,0,NO,38.80,39.32,37.14,39.26,37.37,,1251,0.00,32835.00,NO,NO,2022-04-27,1380800.00
3202,FYEE,29.92,29.79,113170.00,ETF,ETF,56.00,58.00,73.00,59.00,0.29,0.25,105339.00,112380.00,30.52,26.29,0,NO,29.97,29.98,29.10,30.06,29.13,,622,0.32,113170.00,NO,NO,2026-08-28,392300.00
3203,ARKX,32.68,31.97,803630.00,ETF,ETF,56.00,80.00,35.00,54.00,0.61,0.51,561111.00,418020.00,37.89,25.17,0,NO,32.19,32.47,32.46,32.69,32.65,,1385,1.19,803630.00,NO,NO,2021-03-30,14594100.00
3204,EFFI,26.01,25.83,312.00,ETF,ETF,56.00,29.00,62.00,57.00,0.23,0.01,1265.00,270.00,28.07,22.75,0,NO,26.78,26.95,25.34,27.04,25.58,,449,0.00,312.00,NO,NO,2026-03-20,76700.00
3205,HEGD,27.00,26.90,43591.00,ETF,ETF,56.00,69.00,64.00,57.00,0.20,0.15,71076.00,75280.00,27.47,24.39,0,NO,26.91,26.97,26.11,27.03,26.39,,1450,0.00,43591.00,NO,NO,2023-08-30,2733600.00
3206,BKSE,42.09,41.68,792.00,ETF,ETF,56.00,30.00,27.00,59.00,0.42,0.27,5042.00,2720.00,46.02,35.00,0,NO,42.64,43.92,41.52,43.91,42.34,,1628,0.00,792.00,NO,NO,2023-02-01,2017800.00
3207,EDOW,44.42,44.32,3266.00,ETF,ETF,56.00,33.00,51.00,59.00,0.35,0.32,14609.00,14800.00,46.90,39.13,0,NO,45.15,45.69,43.41,45.73,43.84,,2300,0.15,3266.00,NO,NO,2020-04-21,1448600.00
3208,PDN,45.95,45.54,19260.00,ETF,ETF,56.00,47.00,61.00,47.00,0.47,0.28,9044.00,11760.00,47.94,39.65,0,NO,46.62,46.73,45.49,46.93,45.82,,4783,0.00,19260.00,NO,NO,2025-04-22,4202000.00
3209,GDXJ,113.65,112.46,2858397.00,ETF,ETF,56.00,8.00,86.00,14.00,4.25,3.36,4576484.00,3891420.00,157.49,87.35,0,NO,121.27,118.74,119.68,120.61,114.87,,4248,0.00,2858397.00,NO,NO,2020-03-12,84076500.00
3210,GTR,27.45,27.24,2315.00,ETF,ETF,56.00,59.00,64.00,58.00,0.19,0.12,4888.00,2620.00,27.96,24.55,0,NO,27.56,27.57,26.56,27.64,26.86,,1252,0.00,2315.00,NO,NO,2025-01-24,684800.00
3211,DDM,61.83,61.30,198096.00,ETF,ETF,56.00,15.00,19.00,75.00,1.24,1.13,192415.00,166330.00,71.25,49.26,0,NO,63.73,66.01,61.06,66.13,61.92,,5103,0.00,198096.00,NO,NO,2008-11-21,779758800.00
3212,RSBT,19.49,19.48,22026.00,ETF,ETF,56.00,78.00,70.00,42.00,0.14,0.12,51950.00,38400.00,20.67,17.36,0,NO,19.43,19.12,19.07,19.14,19.11,,916,0.00,22026.00,NO,NO,2024-12-09,695100.00
3213,EWP,58.31,57.86,494820.00,ETF,ETF,56.00,22.00,40.00,51.00,0.95,0.68,354093.00,387390.00,63.44,48.28,0,NO,60.83,61.58,57.59,61.72,58.50,,7686,0.00,494820.00,NO,NO,2017-10-05,13154500.00
3214,SCOW,22.04,21.87,95.00,ETF,ETF,56.00,26.00,58.00,69.00,0.13,0.02,692.00,680.00,23.82,18.70,0,NO,22.54,22.89,21.01,22.94,21.38,,274,0.00,100.00,NO,NO,2025-09-03,25200.00
3215,FNDA,35.66,35.30,2025705.00,ETF,ETF,56.00,38.00,28.00,57.00,0.43,0.38,1120244.00,2106870.00,38.59,29.31,0,NO,35.89,36.95,35.26,36.96,35.96,,3303,0.93,2025705.00,NO,NO,2026-05-12,39922700.00
3216,XJH,49.74,49.24,27899.00,ETF,ETF,56.00,53.00,35.00,57.00,0.53,0.44,17803.00,22020.00,53.24,41.85,0,NO,49.63,50.95,48.94,51.00,49.72,,1512,0.98,27899.00,NO,NO,2024-02-29,546900.00
3217,PDBA,37.67,37.53,121875.00,ETF,ETF,56.00,36.00,73.00,45.00,0.35,0.29,207871.00,183280.00,39.41,33.69,0,NO,38.21,37.83,36.20,37.81,36.81,,1031,0.16,121875.00,NO,NO,2026-09-11,3895500.00
3218,PTL,275.84,273.40,25186.00,ETF,ETF,56.00,57.00,42.00,58.00,2.47,2.00,17679.00,24890.00,293.22,237.41,0,NO,275.55,280.60,270.53,280.95,275.65,,633,0.70,25186.00,NO,NO,2024-04-02,212200.00
3219,CDNS,351.35,350.73,2093620.00,Technology,Software - Application,56.00,93.00,23.00,84.00,11.79,10.77,2395865.00,2901750.00,416.69,262.75,96907952128,NO,303.53,318.59,325.69,320.59,332.53,,9904,0.00,2093620.00,NO,NO,2017-09-15,57218100.00
3220,QTAC,25.91,25.52,1939.00,ETF,ETF,56.00,89.00,79.00,61.00,0.42,0.20,13474.00,3760.00,27.00,21.54,0,NO,24.83,24.30,24.37,24.58,24.06,,200,0.00,1939.00,NO,NO,2026-01-05,296200.00
3221,ISCB,72.10,71.50,1416.00,ETF,ETF,56.00,35.00,34.00,59.00,0.72,0.54,4793.00,7350.00,77.55,60.51,0,NO,72.81,74.61,70.87,74.66,72.01,,5593,0.00,1416.00,NO,NO,2010-06-02,1352800.00
3222,MLPA,53.94,53.67,213583.00,ETF,ETF,56.00,21.00,67.00,37.00,0.77,0.75,200274.00,277260.00,58.00,46.39,0,NO,55.71,56.14,53.75,56.19,54.81,,3635,0.00,213583.00,NO,NO,2020-06-18,4973100.00
3223,JHMM,72.64,72.05,290020.00,ETF,ETF,56.00,49.00,43.00,53.00,0.73,0.64,199149.00,221050.00,77.45,61.95,0,NO,72.89,74.46,71.51,74.55,72.56,,2769,0.76,290020.00,NO,NO,2019-09-20,4213000.00
3224,HWSM,29.97,29.83,9.00,ETF,ETF,56.00,25.00,41.00,58.00,0.20,0.02,158.00,150.00,32.36,25.49,0,NO,30.63,31.36,29.47,31.37,29.94,,380,0.00,9.00,NO,NO,2025-04-01,44800.00
3225,FMF,52.06,52.20,15353.00,ETF,ETF,56.00,79.00,76.00,39.00,0.50,0.44,32065.00,34300.00,52.85,46.42,0,NO,52.07,51.08,50.30,51.26,50.97,,3312,0.00,15353.00,NO,NO,2026-06-29,1349600.00
3226,PCLC,25.95,25.50,1747.00,ETF,ETF,56.00,87.00,74.00,,0.26,0.04,434.00,1670.00,26.18,22.17,0,NO,25.25,24.74,,24.98,,,96,0.00,1747.00,NO,NO,2026-09-28,15700.00
3227,XRLX,49.37,49.16,472.00,ETF,ETF,56.00,75.00,65.00,59.00,0.23,0.09,1768.00,3310.00,49.91,43.84,0,NO,49.02,48.87,47.60,49.05,48.05,,748,0.42,472.00,NO,NO,2023-11-01,104000.00
3228,PEN,317.55,318.00,239677.00,Healthcare,Medical Devices,56.00,54.00,58.00,23.00,1.51,1.49,344565.00,431240.00,362.41,221.26,12508110848,NO,318.89,321.62,326.83,321.37,323.55,,2776,0.00,239677.00,NO,NO,2026-01-15,9675200.00
3229,MMTM,310.27,306.55,9270.00,ETF,ETF,56.00,80.00,63.00,58.00,2.71,1.60,2934.00,13410.00,323.52,270.46,0,NO,305.98,305.07,302.59,306.36,305.37,,3503,1.01,9270.00,NO,NO,2014-04-04,115300.00
3230,UBS,47.71,47.57,3304738.00,Financial Services,Banks - Diversified,56.00,6.00,18.00,79.00,1.15,0.81,1894117.00,2725600.00,55.98,36.30,146075713536,NO,50.85,52.50,47.01,52.64,47.82,,6635,0.12,3304738.00,NO,NO,2023-03-20,40634500.00
3231,DFVE,35.18,35.06,2019.00,ETF,ETF,56.00,27.00,44.00,55.00,0.40,0.35,8412.00,13460.00,39.71,30.10,0,NO,35.91,36.64,34.69,36.64,35.23,,670,0.00,2019.00,NO,NO,2026-09-10,172800.00
3232,FTA,95.85,95.89,45172.00,ETF,ETF,56.00,17.00,45.00,45.00,0.83,0.74,28425.00,32600.00,104.95,81.12,0,NO,98.83,101.19,95.23,101.07,97.06,,4871,0.00,45172.00,NO,NO,2020-05-14,1078800.00
3233,HIS,26.34,26.08,87782.00,ETF,ETF,56.00,74.00,76.00,,0.27,0.23,68031.00,233430.00,26.74,24.40,0,NO,26.15,26.11,,26.23,,,95,0.00,87782.00,NO,NO,2026-09-17,571800.00
3234,ZECP,37.40,37.12,34703.00,ETF,ETF,56.00,59.00,50.00,58.00,0.31,0.27,44071.00,41210.00,38.84,32.98,0,NO,37.36,37.84,36.40,37.89,36.80,,1281,0.00,34703.00,NO,NO,2025-08-08,380500.00
3235,JULZ,46.35,46.10,101.00,ETF,ETF,56.00,71.00,68.00,69.00,0.21,0.06,3326.00,1070.00,47.61,39.26,0,NO,46.12,46.04,44.09,46.19,44.57,,1570,0.00,8300.00,NO,NO,2024-07-01,545200.00
3236,FENI,40.00,39.56,1982177.00,ETF,ETF,56.00,44.00,48.00,51.00,0.49,0.34,1299611.00,1572270.00,42.09,34.36,0,NO,40.52,40.96,39.46,41.09,39.81,,719,0.68,1982177.00,NO,NO,2026-01-29,5451300.00
3237,XMHQ,113.35,113.11,214418.00,ETF,ETF,56.00,40.00,52.00,57.00,1.24,1.11,161284.00,178510.00,119.99,97.49,0,NO,114.03,116.23,109.93,116.40,111.15,,4989,0.00,214418.00,NO,NO,2024-05-29,5716100.00
3238,WRLD,174.44,171.63,42511.00,Financial Services,Credit Services,56.00,13.00,11.00,83.00,5.34,5.07,94860.00,65770.00,227.68,110.00,812962432,NO,179.97,185.38,160.82,184.82,171.55,,8774,0.27,42511.00,NO,NO,1993-05-26,4631400.00
3239,FMAG,36.43,36.25,26922.00,ETF,ETF,56.00,80.00,62.00,68.00,0.40,0.32,18461.00,19100.00,37.58,30.49,0,NO,35.85,36.05,35.03,36.23,35.40,,1422,0.00,26922.00,NO,NO,2024-10-17,405000.00
3240,GKAT,43.99,43.73,1491.00,ETF,ETF,56.00,33.00,63.00,53.00,0.30,0.07,1742.00,1930.00,46.37,38.31,0,NO,44.75,45.05,43.26,45.21,43.69,,279,0.15,1491.00,NO,NO,2026-02-12,196800.00
3241,TMLP,28.16,27.68,81.00,ETF,ETF,56.00,11.00,64.00,40.00,0.29,0.17,2012.00,3450.00,31.08,24.88,0,NO,29.68,29.82,,29.78,28.91,,191,0.00,500.00,NO,NO,2026-01-02,78500.00
3242,IQSI,38.22,37.72,8782.00,ETF,ETF,56.00,53.00,51.00,53.00,0.42,0.19,6911.00,1360.00,39.62,33.18,0,NO,38.42,38.75,37.49,38.87,37.77,,1707,0.99,8782.00,NO,NO,2020-05-12,2045500.00
3243,CTAS,193.02,195.60,1858015.00,Industrials,Specialty Business Services,56.00,47.00,84.00,61.00,4.01,3.96,2162623.00,2436500.00,219.17,161.16,77114769408,NO,198.15,201.68,188.08,200.77,185.69,,10865,0.00,1858015.00,NO,NO,2001-02-28,176890800.00
3244,AFK,27.26,26.91,278514.00,ETF,ETF,56.00,18.00,74.00,48.00,0.59,0.51,62492.00,34010.00,30.85,23.00,0,NO,28.66,28.27,27.47,28.51,27.18,,4585,0.74,278514.00,NO,NO,2026-03-11,543500.00
3245,VO,79.59,79.14,3405812.00,ETF,ETF,56.00,48.00,49.00,59.00,0.78,0.69,2796368.00,2510700.00,84.59,69.44,0,NO,80.14,81.52,77.54,81.65,78.65,,5705,0.48,3405812.00,NO,NO,2008-11-25,48133200.00
3246,UGI,37.20,36.36,2316209.00,Utilities,Utilities - Regulated Gas,56.00,53.00,82.00,39.00,0.73,0.71,1909749.00,2073810.00,41.34,31.62,7979212800,NO,37.27,36.97,36.66,36.86,36.08,,13518,0.41,2316209.00,NO,NO,2023-08-31,22973600.00
3247,GVIP,171.44,170.50,5840.00,ETF,ETF,56.00,73.00,24.00,71.00,2.23,1.74,10017.00,9240.00,192.13,138.73,0,NO,170.81,171.73,166.12,172.33,169.64,,2485,0.00,5840.00,NO,NO,2019-01-15,369700.00
3248,JIRE,82.23,81.31,338173.00,ETF,ETF,56.00,48.00,49.00,53.00,1.00,0.69,412998.00,575580.00,86.07,71.85,0,NO,83.12,83.99,80.39,84.27,81.20,,1079,0.82,338173.00,NO,NO,2025-12-31,7928400.00
3249,MADE,35.64,35.18,7162.00,ETF,ETF,56.00,75.00,19.00,49.00,0.46,0.36,15361.00,8810.00,39.68,28.40,0,NO,35.26,36.31,35.82,36.39,36.47,,555,0.74,7162.00,NO,NO,2026-02-17,160700.00
3250,FAB,99.54,99.51,4947.00,ETF,ETF,56.00,17.00,42.00,48.00,0.84,0.67,21568.00,14480.00,108.60,83.76,0,NO,102.58,105.12,98.86,105.01,100.73,,4880,0.00,4947.00,NO,NO,2023-02-03,382600.00
3251,TFII,118.90,120.55,321255.00,Industrials,Trucking,56.00,14.00,9.00,52.00,3.55,3.31,288993.00,285260.00,167.69,80.63,9772751872,NO,126.49,134.06,129.06,133.03,135.61,,5252,0.00,321255.00,NO,NO,2020-02-13,2600800.00
3252,PSCM,96.06,94.26,174.00,ETF,ETF,56.00,28.00,31.00,25.00,1.20,0.68,1439.00,660.00,110.02,72.75,0,NO,95.95,98.41,98.53,98.71,100.48,,4149,0.00,174.00,NO,NO,2014-11-11,342300.00
3253,DBA,28.21,28.13,658038.00,ETF,ETF,56.00,35.00,73.00,45.00,0.26,0.23,1167277.00,991670.00,29.52,25.40,0,NO,28.62,28.34,27.14,28.31,27.59,,4967,0.00,658038.00,NO,NO,2022-03-04,11291500.00
3254,JEPQ,61.04,60.81,7309131.00,ETF,ETF,56.00,81.00,68.00,59.00,0.45,0.34,6178539.00,6082480.00,61.72,53.51,0,NO,60.37,59.73,58.96,60.07,59.12,,1108,0.00,7309131.00,NO,NO,2025-04-04,22360000.00
3255,BWTG,42.15,41.64,17.00,ETF,ETF,56.00,71.00,53.00,64.00,0.26,0.13,785.00,460.00,43.30,36.18,0,NO,41.76,42.08,40.51,42.13,40.91,,725,0.00,400.00,NO,NO,2025-01-10,126700.00
3256,KOLD,27.75,29.38,4291034.00,ETF,ETF,56.00,73.00,92.00,78.00,1.92,1.61,2596304.00,4105170.00,49.47,13.44,0,NO,28.18,29.09,26.27,29.10,25.64,,3769,0.00,4291034.00,NO,NO,2022-11-23,97627200.00
3257,QNDX,25.39,25.14,399707.00,ETF,ETF,56.00,86.00,77.00,,0.32,0.26,533855.00,475200.00,25.55,22.40,0,NO,24.66,24.28,,24.46,,,71,0.00,399707.00,NO,NO,2026-08-21,2220700.00
3258,BAMO,34.77,34.61,3635.00,ETF,ETF,56.00,64.00,62.00,57.00,0.17,0.11,5176.00,5180.00,35.38,31.24,0,NO,34.75,34.87,33.68,34.95,34.03,,753,0.00,3635.00,NO,NO,2023-11-10,221900.00
3259,ESE,274.95,269.92,167092.00,Technology,Scientific & Technical Instruments,56.00,81.00,5.00,16.00,7.41,7.31,214549.00,299330.00,362.15,193.68,7123286016,NO,266.58,285.76,282.62,284.43,299.72,,9067,1.41,167092.00,NO,NO,2007-06-21,6413200.00
3260,KOMP,67.39,66.68,38842.00,ETF,ETF,56.00,74.00,34.00,66.00,0.96,0.76,69682.00,69710.00,75.61,55.69,0,NO,66.98,67.77,65.80,68.08,66.87,,1996,0.00,38842.00,NO,NO,2020-02-13,5144200.00
3261,MGRC,117.56,114.99,153231.00,Industrials,Rental & Leasing Services,56.00,88.00,66.00,58.00,2.44,2.34,149852.00,165680.00,125.83,94.99,2871481088,NO,112.42,115.36,113.21,114.98,113.87,,10552,1.34,153231.00,NO,NO,2002-01-22,3898800.00
3262,MFSI,32.70,32.42,537666.00,ETF,ETF,56.00,48.00,53.00,57.00,0.38,0.28,203520.00,219810.00,33.97,28.62,0,NO,33.05,33.32,31.87,33.43,32.13,,457,0.40,537666.00,NO,NO,2026-01-08,3007200.00
3263,BASV,30.06,29.91,4260.00,ETF,ETF,56.00,27.00,42.00,62.00,0.26,0.17,17852.00,20730.00,32.30,26.15,0,NO,30.68,31.32,29.36,31.36,29.81,,327,0.00,4260.00,NO,NO,2025-06-26,506300.00
3264,SCZ,84.32,83.51,1171542.00,ETF,ETF,56.00,50.00,56.00,52.00,1.01,0.72,1221439.00,933030.00,87.85,73.46,0,NO,85.37,85.63,83.06,85.99,83.68,,4731,0.72,1171542.00,NO,NO,2021-06-15,7679000.00
3265,FAAR,32.15,32.37,56853.00,ETF,ETF,56.00,80.00,72.00,17.00,0.37,0.26,38063.00,55480.00,35.80,26.73,0,NO,32.17,31.51,31.56,31.55,32.58,,2606,0.00,56853.00,NO,NO,2025-10-30,1069800.00
3266,FTGS,38.13,38.19,124159.00,ETF,ETF,56.00,59.00,59.00,62.00,0.37,0.34,112750.00,164350.00,40.12,33.00,0,NO,38.08,38.72,36.75,38.81,37.09,,987,0.00,124159.00,NO,NO,2024-09-27,1978700.00
3267,NUMV,42.84,42.58,26515.00,ETF,ETF,56.00,33.00,42.00,58.00,0.40,0.35,17004.00,27580.00,45.89,37.40,0,NO,43.47,44.44,41.99,44.40,42.61,,2459,0.00,26515.00,NO,NO,2023-05-19,497400.00
3268,SFBC,46.21,44.65,4238.00,Financial Services,Banks - Regional,56.00,52.00,76.00,61.00,1.59,1.40,10503.00,3330.00,49.21,40.68,118669264,NO,47.18,46.87,44.22,46.77,44.40,,4713,0.34,4238.00,NO,NO,2025-06-27,265100.00
3269,IDYN,30.38,29.99,9757.00,ETF,ETF,56.00,55.00,59.00,45.00,0.33,0.13,18052.00,37250.00,31.89,26.30,0,NO,30.69,30.72,30.12,30.85,30.23,,291,1.10,9757.00,NO,NO,2025-11-12,3118200.00
3270,INFL,50.41,50.19,373292.00,ETF,ETF,56.00,13.00,66.00,23.00,0.64,0.59,125646.00,107840.00,56.28,42.22,0,NO,52.85,53.10,51.28,53.25,52.13,,1438,0.00,373292.00,NO,NO,2022-02-28,3708300.00
3271,QINT,69.60,68.95,15814.00,ETF,ETF,56.00,36.00,50.00,49.00,0.81,0.54,59114.00,27910.00,73.71,60.15,0,NO,70.75,71.65,68.93,71.87,69.61,,2021,0.70,15814.00,NO,NO,2019-10-24,1900900.00
3272,DUSA,55.15,54.60,34321.00,ETF,ETF,56.00,34.00,40.00,55.00,0.51,0.49,43131.00,33050.00,58.53,46.50,0,NO,56.02,56.76,54.46,56.75,55.36,,2444,0.62,34321.00,NO,NO,2020-04-27,1664100.00
3273,GVLU,27.13,27.06,21774.00,ETF,ETF,56.00,18.00,64.00,52.00,0.22,0.17,4646.00,7190.00,29.47,24.48,0,NO,27.84,28.37,26.58,28.42,26.91,,1084,0.00,21774.00,NO,NO,2023-01-09,1544000.00
3274,TBFG,32.42,32.47,37.00,ETF,ETF,55.00,61.00,58.00,57.00,0.20,0.03,1384.00,440.00,33.37,29.12,0,NO,32.81,32.83,31.72,32.91,32.10,,680,0.00,100.00,NO,NO,2026-01-09,547900.00
3275,AVMA,72.16,71.85,8002.00,ETF,ETF,55.00,51.00,52.00,52.00,0.51,0.42,10598.00,10230.00,74.53,63.92,0,NO,72.63,73.19,70.83,73.30,71.74,,819,0.00,8002.00,NO,NO,2025-11-24,69000.00
3276,PIEQ,35.88,35.78,36185.00,ETF,ETF,55.00,42.00,54.00,47.00,0.44,0.36,42646.00,48660.00,37.58,31.18,0,NO,36.56,36.67,35.33,36.73,35.61,,477,0.00,36185.00,NO,NO,2026-04-10,6541100.00
3277,WWW,19.20,19.25,933622.00,Consumer Cyclical,Footwear & Accessories,55.00,63.00,89.00,78.00,0.62,0.60,768358.00,690640.00,27.73,13.47,1575673728,NO,19.43,19.63,17.95,19.88,17.95,,11732,0.00,933622.00,NO,NO,2012-05-02,9592200.00
3278,BJ,94.96,94.36,2439080.00,Consumer Defensive,Discount Stores,55.00,79.00,85.00,25.00,2.64,2.50,1766193.00,2136080.00,105.78,83.21,11994843136,NO,92.70,93.82,93.57,94.02,92.81,,2077,0.48,2439080.00,NO,NO,2020-05-21,25025200.00
3279,DGRO,75.77,75.44,1434971.00,ETF,ETF,55.00,31.00,47.00,54.00,0.63,0.57,1361722.00,1634290.00,80.58,66.92,0,NO,77.02,78.34,74.31,78.29,75.33,,3096,0.00,1434971.00,NO,NO,2020-05-26,31166500.00
3280,MFVL,21.21,21.25,753.00,ETF,ETF,55.00,15.00,75.00,53.00,0.17,0.11,2614.00,5350.00,23.68,19.50,0,NO,21.74,22.09,20.82,22.12,20.89,,205,0.00,753.00,NO,NO,2025-12-09,37100.00
3281,IDEV,89.58,88.67,12128412.00,ETF,ETF,55.00,42.00,53.00,50.00,1.06,0.77,1628376.00,1803100.00,93.86,78.10,0,NO,90.92,91.70,88.30,91.99,89.11,,2394,0.79,12128412.00,YES,NO,2026-01-28,22335300.00
3282,GCPU,35.61,34.67,6508.00,ETF,ETF,55.00,90.00,19.00,89.00,1.35,0.78,5895.00,7160.00,56.46,23.24,0,NO,36.00,34.80,35.64,35.12,36.69,,421,0.00,6508.00,NO,NO,2025-01-31,115600.00
3283,PFX,44.88,44.89,1059.00,Financial Services,Asset Management,55.00,40.00,81.00,73.00,1.24,0.73,11682.00,5170.00,56.48,38.30,86665872,NO,45.55,46.37,43.63,46.59,43.60,,3949,0.00,1059.00,NO,NO,2013-09-04,484970.00
3284,CXRN,18.84,19.21,1761.00,ETF,ETF,55.00,3.00,89.00,27.00,0.69,0.56,8760.00,9960.00,23.04,14.22,0,NO,21.22,19.78,18.79,19.79,18.71,,405,0.00,1761.00,NO,NO,2026-08-26,102600.00
3285,FTWO,44.61,44.31,4574.00,ETF,ETF,55.00,18.00,71.00,26.00,0.43,0.30,6357.00,6430.00,49.66,37.72,0,NO,46.06,46.09,45.12,46.21,45.22,,775,0.64,4574.00,NO,NO,2024-10-29,166000.00
3286,DIVD,42.51,42.37,2569.00,ETF,ETF,55.00,23.00,48.00,43.00,0.28,0.18,5620.00,3590.00,45.72,36.11,0,NO,43.74,44.47,42.35,44.43,43.01,,1005,0.00,2569.00,NO,NO,2025-04-16,76700.00
3287,FDVV,60.92,60.57,660046.00,ETF,ETF,55.00,37.00,53.00,59.00,0.62,0.53,739865.00,755320.00,64.53,53.77,0,NO,62.05,62.82,59.76,62.86,60.49,,2526,0.00,660046.00,NO,NO,2021-10-06,5264000.00
3288,ARWG,26.18,25.89,4449.00,ETF,ETF,55.00,77.00,59.00,63.00,0.24,0.12,2142.00,2320.00,27.36,22.09,0,NO,25.81,26.10,,26.22,25.21,,191,0.00,4449.00,NO,NO,2025-12-30,100900.00
3289,IPKW,58.92,58.50,14242.00,ETF,ETF,55.00,36.00,66.00,46.00,0.68,0.47,43685.00,51190.00,62.17,50.96,0,NO,60.42,60.70,58.36,60.90,58.65,,3169,0.09,14242.00,NO,NO,2023-12-11,672900.00
3290,EPD,36.18,35.67,2404511.00,Energy,Oil & Gas Midstream,55.00,14.00,54.00,24.00,0.68,0.68,3046793.00,3879170.00,40.17,30.01,78129889280,NO,37.82,38.19,36.82,38.14,37.83,,7090,0.00,2404511.00,NO,NO,2020-03-12,36622200.00
3291,PTMC,39.88,39.46,13991.00,ETF,ETF,55.00,53.00,38.00,55.00,0.37,0.28,17314.00,18180.00,42.61,34.11,0,NO,39.84,40.82,39.27,40.88,39.91,,2844,0.84,13991.00,NO,NO,2022-10-17,2284500.00
3292,LALT,24.71,24.75,122005.00,ETF,ETF,55.00,73.00,74.00,39.00,0.17,0.16,129703.00,156820.00,25.18,22.56,0,NO,24.75,24.48,24.23,24.52,24.47,,920,0.00,122005.00,NO,NO,2026-06-29,5674200.00
3293,CSEN,25.34,25.02,20681.00,ETF,ETF,55.00,47.00,84.00,,0.33,0.26,50525.00,120460.00,26.74,23.24,0,NO,25.69,25.45,,25.54,,,77,0.00,20681.00,NO,NO,2026-09-22,952400.00
3294,RSMC,27.90,27.57,661.00,ETF,ETF,55.00,58.00,47.00,60.00,0.27,0.19,7674.00,7230.00,29.63,24.17,0,NO,27.82,28.38,27.25,28.46,27.66,,495,0.00,661.00,NO,NO,2024-11-06,997700.00
3295,BUSA,39.49,39.38,19540.00,ETF,ETF,55.00,18.00,49.00,50.00,0.34,0.29,20463.00,22550.00,42.74,34.00,0,NO,40.64,41.37,39.19,41.37,39.64,,751,0.00,19540.00,NO,NO,2025-02-11,830000.00
3296,MDPL,27.48,27.77,2467.00,ETF,ETF,55.00,10.00,81.00,51.00,0.33,0.19,10292.00,6010.00,31.17,24.46,0,NO,28.58,29.21,27.11,29.28,27.07,,646,0.00,2467.00,NO,NO,2024-03-07,1270500.00
3297,NSC,317.44,310.26,1074775.00,Industrials,Railroads,55.00,34.00,50.00,60.00,5.14,5.01,1124506.00,984770.00,358.60,277.80,71299678208,NO,317.08,331.25,311.42,329.80,316.76,,11174,0.59,1074775.00,NO,NO,2009-04-22,22727600.00
3298,DDIV,44.60,44.14,14960.00,ETF,ETF,55.00,50.00,47.00,57.00,0.43,0.30,10957.00,14880.00,47.84,38.69,0,NO,45.01,46.18,44.14,46.15,44.72,,3161,0.78,14960.00,NO,NO,2023-02-08,436300.00
3299,GQGU,26.78,26.47,1253814.00,ETF,ETF,55.00,83.00,78.00,36.00,0.34,0.28,297844.00,990390.00,27.51,23.73,0,NO,26.24,26.26,26.08,26.38,26.28,,309,0.00,1253814.00,NO,NO,2026-10-01,4428200.00
3300,TDC,30.14,29.92,1409150.00,Technology,Software - Infrastructure,55.00,87.00,7.00,75.00,0.89,0.86,2462003.00,1399120.00,41.78,20.33,2803020032,NO,28.87,28.68,29.77,28.64,29.58,,4782,0.00,1409150.00,NO,NO,2021-04-22,26249400.00
3301,RSP,209.73,209.00,9360563.00,ETF,ETF,55.00,32.00,44.00,56.00,1.87,1.73,7116573.00,7357370.00,223.44,182.11,0,NO,212.47,216.67,205.74,216.72,208.48,,5894,0.00,9360563.00,YES,NO,2025-11-21,57508500.00
3302,MTAW,26.46,26.02,475.00,ETF,ETF,55.00,89.00,,,0.41,0.07,1742.00,410.00,26.84,23.44,0,NO,25.71,,,,,,36,1.58,475.00,NO,NO,2026-08-13,39100.00
3303,VALQ,70.02,69.88,2435.00,ETF,ETF,55.00,38.00,64.00,55.00,0.43,0.34,5700.00,4600.00,73.17,62.30,0,NO,70.73,71.34,68.57,71.48,68.78,,2191,0.00,2435.00,NO,NO,2019-10-24,2276400.00
3304,VEGA,52.66,52.42,21101.00,ETF,ETF,55.00,62.00,59.00,56.00,0.37,0.21,6398.00,6360.00,53.65,47.16,0,NO,52.74,52.84,51.21,52.97,51.68,,3530,0.00,21101.00,NO,NO,2023-01-12,263100.00
3305,DLS,86.68,85.83,17064.00,ETF,ETF,55.00,50.00,66.00,48.00,0.91,0.59,15531.00,15150.00,90.19,75.64,0,NO,88.16,87.98,85.72,88.35,86.09,,5106,0.96,17064.00,NO,NO,2007-03-23,1216300.00
3306,HELO,69.42,69.19,273443.00,ETF,ETF,55.00,66.00,71.00,56.00,0.47,0.40,381742.00,377290.00,70.23,63.24,0,NO,69.24,69.24,67.42,69.46,67.69,,755,0.00,273443.00,NO,NO,2026-07-16,5359700.00
3307,RMR,17.73,18.06,93650.00,Real Estate,Real Estate Services,55.00,12.00,13.00,67.00,0.42,0.41,130073.00,108240.00,21.45,14.27,302832384,NO,18.81,19.29,18.09,19.18,18.92,,2716,0.00,93650.00,NO,NO,2019-06-27,2283100.00
3308,DLR,178.55,176.49,1685985.00,Real Estate,REIT - Specialty,55.00,44.00,74.00,30.00,4.10,3.74,2371414.00,1926960.00,208.14,146.23,67431858176,NO,182.21,188.16,181.06,187.48,187.42,,5516,1.14,1685985.00,NO,NO,2020-03-11,34673400.00
3309,GEW,55.09,54.77,347.00,ETF,ETF,55.00,47.00,55.00,56.00,0.34,0.03,271.00,370.00,58.87,49.20,0,NO,55.78,56.26,53.93,56.37,54.44,,258,0.00,347.00,NO,NO,2026-01-30,209600.00
3310,IVOO,124.25,123.07,87402.00,ETF,ETF,55.00,50.00,37.00,54.00,1.32,1.15,77115.00,98780.00,133.14,105.29,0,NO,124.39,127.49,122.68,127.64,124.67,,4041,0.90,87402.00,NO,NO,2020-10-30,1776400.00
3311,RYZ,25.57,24.51,373441.00,Industrials,Metal Fabrication,55.00,45.00,52.00,70.00,0.86,0.79,469698.00,564940.00,32.00,19.34,1327048576,NO,24.56,26.13,26.28,26.06,26.01,,3056,2.00,373441.00,NO,NO,2016-07-20,7576400.00
3312,ESMV,30.96,30.89,21.00,ETF,ETF,55.00,47.00,62.00,57.00,0.12,0.00,388.00,170.00,32.19,27.68,0,NO,31.04,31.33,29.88,31.39,30.15,,1227,0.00,21.00,NO,NO,2024-02-08,647500.00
3313,MLPX,71.07,70.43,440534.00,ETF,ETF,55.00,18.00,44.00,26.00,1.16,1.12,395752.00,345040.00,78.36,57.66,0,NO,73.09,74.15,71.43,74.00,73.93,,3309,0.00,440534.00,NO,NO,2024-04-19,5659700.00
3314,ICFI,81.86,84.97,115786.00,Industrials,Consulting Services,55.00,16.00,86.00,80.00,2.39,2.31,210785.00,200160.00,98.03,58.83,1468067712,NO,85.18,86.43,78.70,86.81,75.80,,5034,0.00,115786.00,NO,NO,2007-03-21,2738400.00
3315,EXEQ,26.76,26.79,32.00,ETF,ETF,55.00,45.00,50.00,66.00,0.20,0.03,238.00,140.00,28.77,23.09,0,NO,27.16,27.59,,27.62,26.42,,158,0.00,100.00,NO,NO,2026-02-20,11400.00
3316,XQQI,51.51,50.90,296318.00,ETF,ETF,55.00,88.00,56.00,70.00,0.77,0.61,278090.00,281400.00,54.70,41.68,0,NO,49.63,49.05,,49.46,49.38,,168,0.00,296318.00,NO,NO,2026-06-02,748200.00
3317,VTWG,263.55,261.05,15331.00,ETF,ETF,55.00,34.00,21.00,67.00,3.64,3.01,21042.00,20230.00,289.14,218.84,0,NO,265.72,273.81,260.64,273.87,266.21,,4032,0.00,15331.00,NO,NO,2014-04-08,421800.00
3318,GXPC,30.67,30.38,60985.00,ETF,ETF,55.00,82.00,57.00,59.00,0.60,0.53,158876.00,52200.00,33.52,26.21,0,NO,30.60,30.03,30.20,30.14,30.29,,302,0.00,60985.00,NO,NO,2026-07-07,3264200.00
3319,XTR,29.04,28.80,3241.00,ETF,ETF,55.00,71.00,69.00,70.00,0.16,0.06,1360.00,840.00,31.42,24.63,0,NO,28.87,28.86,27.75,28.97,27.92,,1274,0.00,3241.00,NO,NO,2024-04-16,44800.00
3320,TPAY,53.86,53.48,3102.00,ETF,ETF,55.00,64.00,58.00,63.00,0.32,0.08,880.00,830.00,55.19,46.50,0,NO,53.57,53.88,,54.06,52.65,,158,0.45,3102.00,NO,NO,2026-07-14,7500.00
3321,KOID,36.74,35.96,182536.00,ETF,ETF,55.00,82.00,13.00,73.00,0.61,0.46,161879.00,125330.00,43.32,27.74,0,NO,35.82,36.67,36.28,36.91,37.24,,334,1.72,182536.00,NO,NO,2026-08-19,521200.00
3322,FMCE,28.59,28.42,12.00,ETF,ETF,55.00,66.00,48.00,69.00,0.14,0.02,192.00,150.00,29.41,24.39,0,NO,28.52,28.64,27.37,28.76,27.74,,469,0.02,300.00,NO,NO,2025-02-14,120100.00
3323,BMRC,27.71,27.26,103280.00,Financial Services,Banks - Regional,55.00,79.00,42.00,53.00,0.65,0.63,157387.00,188890.00,30.92,22.50,448742592,NO,27.72,27.89,26.73,27.87,26.88,,6734,0.84,103280.00,NO,NO,2009-06-26,1549000.00
3324,DIVS,33.33,33.04,409.00,ETF,ETF,55.00,45.00,59.00,58.00,0.20,0.09,1347.00,1040.00,35.09,29.68,0,NO,33.60,34.19,32.64,34.23,32.89,,1383,0.00,409.00,NO,NO,2024-11-19,145400.00
3325,LGN,53.61,51.67,1189295.00,Industrials,Engineering & Construction,55.00,84.00,1.00,12.00,2.31,2.26,1149282.00,954020.00,107.24,29.32,8807315456,NO,53.92,58.27,63.38,57.94,69.13,,266,1.99,1189295.00,NO,NO,2025-09-12,9811600.00
3326,GAA,34.97,34.84,82010.00,ETF,ETF,55.00,42.00,66.00,44.00,0.39,0.33,6525.00,9990.00,36.53,31.20,0,NO,35.61,35.58,34.62,35.67,34.94,,2970,0.00,82010.00,NO,NO,2020-01-14,199900.00
3327,PLOW,40.51,39.70,161229.00,Consumer Cyclical,Auto Parts,55.00,45.00,11.00,25.00,0.92,0.88,260258.00,229020.00,55.00,28.52,934851072,NO,40.09,41.66,42.51,41.75,44.15,,4129,1.28,161229.00,NO,NO,2011-05-17,3421000.00
3328,QDVO,30.21,29.99,140967.00,ETF,ETF,55.00,79.00,68.00,64.00,0.33,0.27,213522.00,192530.00,30.97,25.75,0,NO,29.91,29.72,29.19,29.83,29.38,,530,0.00,140967.00,NO,NO,2025-11-20,1311600.00
3329,MRBK,18.97,18.81,106870.00,Financial Services,Banks - Regional,55.00,46.00,39.00,33.00,0.47,0.47,92926.00,66760.00,21.67,13.81,226294032,NO,19.33,19.57,19.13,19.53,19.24,,2237,0.00,106870.00,NO,NO,2021-06-25,1436200.00
3330,TDVG,48.58,48.28,27788.00,ETF,ETF,55.00,48.00,47.00,56.00,0.36,0.34,100642.00,328870.00,50.90,43.16,0,NO,48.90,49.65,47.51,49.65,48.08,,1548,0.00,27788.00,NO,NO,2025-08-04,3278400.00
3331,AMZU,34.59,33.73,1479824.00,ETF,ETF,55.00,29.00,54.00,84.00,1.48,1.30,2482153.00,2224590.00,47.14,24.54,0,NO,34.96,36.88,35.30,37.81,36.34,,1022,2.42,1479824.00,NO,NO,2026-02-06,15917400.00
3332,QQWZ,27.91,27.64,16092.00,ETF,ETF,55.00,22.00,40.00,50.00,0.25,0.21,16468.00,18070.00,30.00,24.12,0,NO,28.37,28.53,27.50,28.68,27.98,,353,0.00,16092.00,NO,NO,2025-12-19,246200.00
3333,HEDG,30.84,30.73,15148.00,ETF,ETF,55.00,69.00,73.00,50.00,0.14,0.12,36993.00,38960.00,30.99,28.15,0,NO,30.79,30.61,29.89,30.68,30.03,,245,0.00,15148.00,NO,NO,2026-01-13,524000.00
3334,AHR,50.75,50.69,2444244.00,Real Estate,REIT - Healthcare Facilities,55.00,10.00,26.00,49.00,0.94,0.90,2904011.00,3718300.00,58.70,40.00,11063437312,NO,52.62,54.42,51.02,54.13,51.70,,666,0.00,2444244.00,NO,NO,2026-06-26,27921000.00
3335,IJH,73.39,72.70,9227598.00,ETF,ETF,55.00,49.00,36.00,54.00,0.83,0.74,6366369.00,9054470.00,78.71,62.22,0,NO,73.42,75.30,72.45,75.39,73.64,,6627,0.89,9227598.00,YES,NO,2014-02-03,162593500.00
3336,PQNT,22.85,23.03,17.00,ETF,ETF,55.00,44.00,53.00,50.00,0.23,0.07,625.00,670.00,23.84,19.55,0,NO,23.21,23.33,22.33,23.40,22.53,,241,0.00,800.00,NO,NO,2026-04-01,286000.00
3337,IWO,360.84,357.64,316056.00,ETF,ETF,55.00,34.00,21.00,67.00,5.46,4.77,433690.00,552030.00,396.69,299.64,0,NO,363.88,375.00,356.95,375.10,364.57,,6584,0.00,316056.00,NO,NO,2007-10-24,12894800.00
3338,GSID,74.91,74.21,10184.00,ETF,ETF,55.00,39.00,49.00,51.00,0.92,0.58,63961.00,138540.00,78.82,65.01,0,NO,76.32,77.03,74.16,77.23,74.78,,1602,0.86,10184.00,NO,NO,2026-03-10,1729400.00
3339,XAIW,26.30,25.37,9829.00,ETF,ETF,55.00,92.00,,,0.51,0.32,2908.00,2710.00,26.44,23.26,0,NO,24.77,,,,,,36,1.93,9829.00,NO,NO,2026-08-13,41100.00
3340,MDY,669.66,663.38,1075394.00,ETF,ETF,55.00,50.00,36.00,54.00,7.48,6.73,581084.00,720830.00,717.35,568.21,0,NO,670.02,686.77,661.33,687.49,671.81,,7906,0.00,1075394.00,NO,NO,2008-10-10,27593700.00
3341,ESGD,103.15,102.05,300464.00,ETF,ETF,55.00,45.00,51.00,52.00,1.28,0.90,318200.00,623920.00,108.00,90.48,0,NO,104.59,105.54,101.50,105.90,102.35,,2540,0.73,300464.00,NO,NO,2022-04-25,4132500.00
3342,SPMD,64.30,63.68,1735772.00,ETF,ETF,55.00,49.00,36.00,54.00,0.71,0.64,1432677.00,1894560.00,68.97,54.53,0,NO,64.37,66.00,63.54,66.08,64.56,,3330,0.90,1735772.00,NO,NO,2024-02-13,14064900.00
3343,GDOC,36.49,36.52,129.00,ETF,ETF,55.00,40.00,54.00,62.00,0.27,0.06,466.00,510.00,38.66,31.32,0,NO,37.00,37.07,34.84,37.01,34.69,,1227,0.00,129.00,NO,NO,2022-12-29,310800.00
3344,BKIE,33.29,32.95,114334.00,ETF,ETF,55.00,37.00,50.00,51.00,0.41,0.30,143347.00,152170.00,35.18,28.96,0,NO,33.93,34.27,32.92,34.38,33.18,,1619,0.70,114334.00,NO,NO,2023-02-01,11704500.00
3345,EG,368.27,368.72,390652.00,Financial Services,Insurance - Reinsurance,55.00,46.00,51.00,65.00,6.56,6.56,360022.00,495550.00,401.07,302.44,14120478720,NO,372.45,374.02,348.29,373.30,354.91,,7801,0.00,390652.00,NO,NO,1995-10-03,10364800.00
3346,ATTR,96.21,95.94,942.00,ETF,ETF,55.00,74.00,70.00,49.00,0.22,0.10,4749.00,5750.00,96.23,88.71,0,NO,95.71,95.29,93.11,95.46,93.97,,234,0.28,942.00,NO,NO,2025-11-25,313800.00
3347,BUIL,25.99,25.48,29334.00,ETF,ETF,55.00,,,,,,157541.00,111090.00,26.12,24.67,0,NO,,,,,,,13,0.00,29334.00,NO,NO,2026-09-16,527000.00
3348,CBTA,24.72,24.59,18.00,ETF,ETF,55.00,87.00,92.00,72.00,0.22,0.01,1141.00,430.00,33.57,19.96,0,NO,24.01,22.66,23.20,22.95,22.17,,374,0.00,100.00,NO,NO,2026-03-11,48900.00
3349,CPRO,28.70,28.70,5467.00,ETF,ETF,55.00,72.00,69.00,49.00,0.04,0.04,4915.00,13020.00,28.78,26.54,0,NO,28.56,28.46,27.79,28.49,28.02,,503,0.00,5467.00,NO,NO,2024-10-01,455100.00
3350,EUSA,112.51,112.04,418913.00,ETF,ETF,55.00,39.00,44.00,59.00,1.01,0.87,72507.00,72670.00,119.75,98.54,0,NO,113.65,115.80,109.98,115.91,111.48,,4127,0.00,418913.00,NO,NO,2011-11-30,4233800.00
3351,NBSM,27.67,27.44,13011.00,ETF,ETF,55.00,32.00,43.00,57.00,0.25,0.21,13063.00,9690.00,29.61,24.31,0,NO,27.93,28.60,27.14,28.63,27.41,,636,0.00,13011.00,NO,NO,2025-04-11,2177300.00
3352,DUTY,26.87,26.83,2281.00,ETF,ETF,54.00,82.00,57.00,,0.36,0.25,2212.00,2690.00,29.37,23.20,0,NO,26.67,27.03,,27.02,,,124,0.00,2281.00,NO,NO,2026-06-18,10000.00
3353,ISCV,75.49,75.05,6131.00,ETF,ETF,54.00,23.00,34.00,55.00,0.96,0.88,10996.00,13410.00,82.03,63.71,0,NO,77.25,79.26,74.80,79.23,76.01,,5593,0.00,6131.00,NO,NO,2013-02-13,1264800.00
3354,SXQG,33.70,33.69,5148.00,ETF,ETF,54.00,73.00,77.00,63.00,0.24,0.16,5115.00,5010.00,33.92,29.10,0,NO,33.26,33.23,32.12,33.33,32.04,,1355,0.00,5148.00,NO,NO,2022-12-07,76900.00
3355,OAKM,29.42,29.53,237814.00,ETF,ETF,54.00,16.00,64.00,52.00,0.32,0.29,173960.00,235900.00,32.14,25.72,0,NO,30.37,30.73,28.87,30.80,29.02,,459,0.00,237814.00,NO,NO,2025-04-15,9590700.00
3356,SSB,101.91,100.61,604093.00,Financial Services,Banks - Regional,54.00,32.00,66.00,56.00,1.93,1.88,772126.00,743770.00,112.20,84.48,9882675200,NO,103.50,105.86,99.63,105.94,99.74,,7467,0.66,604093.00,NO,NO,2025-06-27,16156800.00
3357,EFAS,21.42,21.37,10485.00,ETF,ETF,54.00,16.00,57.00,34.00,0.27,0.20,20071.00,12820.00,23.50,18.27,0,NO,22.52,22.83,21.52,22.79,22.01,,2462,0.00,10485.00,NO,NO,2019-08-08,924500.00
3358,XVTS,32.69,31.29,9442.00,ETF,ETF,54.00,81.00,,,0.73,0.27,2461.00,1720.00,35.38,30.28,0,NO,32.40,,,,,,32,1.79,9442.00,NO,NO,2026-09-25,14000.00
3359,PKG,228.54,229.71,529658.00,Consumer Cyclical,Packaging & Containers,54.00,50.00,40.00,64.00,4.87,4.36,620536.00,622140.00,259.98,191.50,20362524672,NO,233.79,242.96,226.47,242.07,228.43,,6710,0.00,529658.00,NO,NO,2017-07-25,22606500.00
3360,MATR,28.06,27.85,16.00,ETF,ETF,54.00,65.00,60.00,48.00,0.16,0.04,920.00,940.00,28.37,25.40,0,NO,28.00,27.86,27.32,28.02,27.52,,762,0.00,1400.00,NO,NO,2023-09-14,149000.00
3361,JHAC,15.38,15.42,109.00,ETF,ETF,54.00,50.00,77.00,67.00,0.09,0.00,211.00,360.00,16.02,13.26,0,NO,15.59,15.59,14.98,15.68,14.99,,729,0.00,100.00,NO,NO,2023-11-06,184900.00
3362,THMR,26.40,26.33,276.00,ETF,ETF,54.00,80.00,78.00,,0.17,0.11,13039.00,4260.00,27.76,24.47,0,NO,25.91,25.58,,25.69,,,123,0.25,276.00,NO,NO,2026-05-28,734200.00
3363,IEFA,97.01,95.95,18553900.00,ETF,ETF,54.00,43.00,51.00,50.00,1.20,0.86,8643579.00,12017590.00,101.44,85.03,0,NO,98.42,99.26,95.70,99.59,96.54,,3504,0.92,18553900.00,YES,NO,2018-01-30,95742200.00
3364,NMBL,21.06,20.98,335.00,ETF,ETF,54.00,63.00,68.00,53.00,0.13,0.04,1966.00,500.00,22.09,19.05,0,NO,21.14,21.06,20.51,21.13,20.60,,230,0.00,335.00,NO,NO,2026-01-21,120100.00
3365,SHDG,33.65,33.43,21.00,ETF,ETF,54.00,73.00,72.00,58.00,0.23,0.15,7196.00,3200.00,33.90,30.62,0,NO,33.45,33.33,32.56,33.47,32.59,,987,0.00,600.00,NO,NO,2026-08-26,182700.00
3366,SPUT,28.72,28.61,3545.00,ETF,ETF,54.00,72.00,68.00,55.00,0.12,0.06,1744.00,770.00,29.93,26.08,0,NO,28.63,28.58,27.85,28.66,28.07,,391,0.00,3545.00,NO,NO,2025-04-04,192500.00
3367,PJUS,52.92,52.48,134.00,ETF,ETF,54.00,74.00,73.00,,0.29,0.02,204.00,100.00,53.52,49.61,0,NO,52.55,52.50,,52.74,,,93,0.82,134.00,NO,NO,2026-05-21,17200.00
3368,BBAX,61.34,61.24,248273.00,ETF,ETF,54.00,23.00,67.00,42.00,0.79,0.47,197280.00,182980.00,65.80,53.84,0,NO,62.94,63.87,61.47,63.88,61.99,,2048,0.13,248273.00,NO,NO,2021-01-25,9010700.00
3369,TSME,46.70,45.97,58260.00,ETF,ETF,54.00,63.00,21.00,63.00,0.65,0.56,80863.00,69880.00,52.37,38.38,0,NO,46.27,47.86,46.33,47.96,47.06,,1002,1.48,58260.00,NO,NO,2025-09-22,3145200.00
3370,CDP,33.57,33.27,823745.00,Real Estate,REIT - Office,54.00,25.00,15.00,53.00,0.65,0.61,873682.00,1152450.00,38.90,27.06,3888898304,NO,34.40,36.03,33.11,35.83,34.18,,8751,0.00,823745.00,NO,NO,2021-06-25,13551500.00
3371,BGIG,35.44,35.24,299835.00,ETF,ETF,54.00,42.00,48.00,51.00,0.26,0.24,142430.00,244400.00,37.73,31.52,0,NO,35.88,36.50,34.84,36.49,35.39,,765,0.34,299835.00,NO,NO,2026-04-02,695400.00
3372,TSCV,29.82,29.52,6691.00,ETF,ETF,54.00,34.00,21.00,50.00,0.27,0.21,3196.00,6460.00,32.95,24.98,0,NO,30.17,31.30,30.06,31.24,30.73,,220,0.00,6691.00,NO,NO,2026-04-23,52800.00
3373,VSS,155.65,154.10,120915.00,ETF,ETF,54.00,50.00,54.00,50.00,1.80,1.29,228355.00,311270.00,162.91,136.63,0,NO,157.32,157.23,154.16,158.02,155.30,,4401,0.86,120915.00,NO,NO,2025-04-07,3314200.00
3374,SELV,34.00,33.91,3641.00,ETF,ETF,54.00,33.00,74.00,46.00,0.21,0.17,13315.00,6850.00,35.62,30.92,0,NO,34.43,34.67,33.28,34.69,33.40,,1098,0.18,3641.00,NO,NO,2024-02-13,3083100.00
3375,DJD,62.57,62.69,65525.00,ETF,ETF,54.00,24.00,42.00,49.00,0.52,0.47,44523.00,51940.00,66.83,54.01,0,NO,64.20,65.10,62.01,65.04,62.86,,2712,0.00,65525.00,NO,NO,2019-01-03,2286900.00
3376,MCB,89.25,87.60,105061.00,Financial Services,Banks - Regional,54.00,48.00,14.00,52.00,2.01,1.95,130976.00,130710.00,102.04,64.66,1106501632,NO,89.48,91.15,89.23,91.51,90.64,,2236,0.94,105061.00,NO,NO,2023-03-30,6584500.00
3377,EFA,103.96,102.82,11425070.00,ETF,ETF,54.00,43.00,50.00,50.00,1.30,0.93,11126614.00,17722090.00,108.89,91.21,0,NO,105.50,106.48,102.59,106.83,103.48,,6312,0.87,11425070.00,YES,NO,2020-02-28,122342000.00
3378,ESSC,29.01,28.76,3479.00,ETF,ETF,54.00,34.00,20.00,59.00,0.32,0.20,3990.00,4510.00,31.95,20.63,0,NO,29.29,30.21,28.74,30.17,29.41,,254,0.00,3479.00,NO,NO,2026-07-01,391100.00
3379,CCEP,101.06,100.79,2198818.00,Consumer Defensive,Beverages - Non-Alcoholic,54.00,20.00,27.00,58.00,2.03,1.86,1800080.00,1925390.00,113.67,84.66,44439240704,NO,102.29,105.80,98.79,105.36,100.08,,10040,0.00,2198818.00,NO,NO,2016-05-27,62250400.00
3380,HFMF,22.52,22.55,3376.00,ETF,ETF,54.00,82.00,80.00,26.00,0.23,0.16,11200.00,9650.00,24.92,20.20,0,NO,22.23,21.81,22.39,21.83,22.27,,308,0.00,3376.00,NO,NO,2026-08-26,195100.00
3381,TEL,220.36,217.76,1271492.00,Technology,Electronic Components,54.00,90.00,86.00,49.00,5.71,5.59,2214377.00,1858530.00,252.56,190.27,63797133312,NO,210.03,209.27,214.36,210.94,209.46,,4857,0.00,1271492.00,NO,NO,2009-06-25,147437100.00
3382,ISCF,44.53,44.16,15302.00,ETF,ETF,54.00,51.00,63.00,48.00,0.47,0.33,33633.00,26720.00,46.44,38.99,0,NO,45.15,45.27,44.06,45.45,44.24,,2873,0.52,15302.00,NO,NO,2022-08-05,1703700.00
3383,NBOS,28.64,28.48,76849.00,ETF,ETF,54.00,72.00,70.00,51.00,0.24,0.21,106796.00,97540.00,29.00,26.07,0,NO,28.50,28.45,27.80,28.50,27.93,,673,0.53,76849.00,NO,NO,2026-08-03,1102200.00
3384,XBCI,41.32,41.51,375598.00,ETF,ETF,54.00,92.00,93.00,44.00,1.49,1.17,153112.00,202020.00,50.45,29.12,0,NO,39.36,36.32,,36.83,38.49,,168,0.00,375598.00,NO,NO,2026-06-02,419000.00
3385,SHPU,17.32,16.78,55487.00,ETF,ETF,54.00,90.00,96.00,84.00,1.33,1.16,136565.00,172190.00,46.43,7.96,0,NO,14.74,15.70,16.07,15.95,13.56,,292,2.50,55487.00,NO,NO,2026-05-05,1723100.00
3386,GMOD,27.45,27.36,3526.00,ETF,ETF,54.00,51.00,56.00,48.00,0.17,0.12,10533.00,13960.00,28.25,24.79,0,NO,27.71,27.83,27.03,27.88,27.26,,244,0.05,3526.00,NO,NO,2026-01-26,107300.00
3387,OMFS,49.92,49.46,4597.00,ETF,ETF,54.00,28.00,23.00,57.00,0.53,0.43,8485.00,9200.00,54.19,40.69,0,NO,50.66,52.08,49.52,52.05,50.57,,2234,0.00,4597.00,NO,NO,2021-02-16,991100.00
3388,XRP,16.44,16.77,3161556.00,ETF,ETF,54.00,90.00,94.00,65.00,0.96,0.79,1424776.00,2202380.00,26.88,11.08,0,NO,16.11,14.31,15.75,14.59,14.35,,217,0.00,3161556.00,NO,NO,2026-08-20,5970400.00
3389,DEUS,64.11,63.86,8451.00,ETF,ETF,54.00,30.00,45.00,50.00,0.48,0.42,8574.00,6700.00,68.50,56.17,0,NO,65.04,66.54,63.41,66.48,64.38,,2712,0.30,8451.00,NO,NO,2022-09-29,776500.00
3390,DVND,38.30,38.16,61.00,ETF,ETF,54.00,39.00,50.00,56.00,0.23,0.11,593.00,1290.00,40.12,33.88,0,NO,38.97,39.26,37.59,39.29,38.05,,1043,0.00,2500.00,NO,NO,2026-05-08,234800.00
3391,ASCI,36.75,36.13,1091.00,ETF,ETF,54.00,73.00,52.00,61.00,0.37,0.17,2203.00,1470.00,38.19,32.10,0,NO,36.57,36.58,35.88,36.77,36.17,,240,1.30,1091.00,NO,NO,2026-01-08,243900.00
3392,YCS,54.11,54.31,12356.00,ETF,ETF,54.00,59.00,35.00,38.00,0.58,0.36,24415.00,10970.00,57.92,44.16,0,NO,53.04,54.19,53.30,53.80,54.18,,4490,0.00,12356.00,NO,NO,2011-03-18,16318800.00
3393,PRU,112.60,113.13,1873294.00,Financial Services,Insurance - Life,54.00,21.00,50.00,70.00,2.38,2.27,1704638.00,1587660.00,127.72,91.89,38847000576,NO,117.57,120.10,108.71,120.11,109.04,,6240,0.00,1873294.00,NO,NO,2002-07-19,57058900.00
3394,IXJ,100.86,100.93,93700.00,ETF,ETF,54.00,29.00,62.00,53.00,1.16,1.10,176571.00,97890.00,107.69,90.24,0,NO,102.51,103.09,98.11,102.95,97.73,,6253,0.00,93700.00,NO,NO,2016-01-25,4959600.00
3395,PAMC,52.45,51.54,425.00,ETF,ETF,54.00,43.00,36.00,55.00,0.42,0.32,2319.00,2280.00,55.95,42.78,0,NO,52.89,53.83,51.77,53.81,52.79,,1575,0.00,2800.00,NO,NO,2022-01-18,268600.00
3396,VBR,233.98,232.48,226759.00,ETF,ETF,54.00,28.00,36.00,52.00,2.62,2.35,262693.00,300010.00,251.85,198.76,0,NO,238.24,244.05,232.51,243.96,235.92,,5705,0.00,226759.00,NO,NO,2024-02-13,7756100.00
3397,AVOS,26.79,26.58,136.00,ETF,ETF,54.00,34.00,49.00,56.00,0.21,0.07,7095.00,34000.00,28.15,23.90,0,NO,27.26,27.50,,27.57,26.66,,146,0.68,136.00,NO,NO,2026-09-29,334200.00
3398,CQP,61.31,61.00,94357.00,Energy,Oil & Gas Midstream,54.00,5.00,53.00,16.00,1.72,1.67,117028.00,139430.00,71.25,49.53,29677578240,NO,65.11,66.38,62.33,66.30,64.14,,4916,0.00,94357.00,NO,NO,2012-09-20,6475500.00
3399,QVMM,34.15,33.81,1574.00,ETF,ETF,54.00,48.00,34.00,52.00,0.25,0.15,3068.00,5390.00,36.71,29.00,0,NO,34.21,35.16,33.88,35.19,34.46,,1321,0.00,1574.00,NO,NO,2021-06-30,8019200.00
3400,APIE,38.59,38.23,33592.00,ETF,ETF,54.00,53.00,51.00,56.00,0.46,0.37,82823.00,52380.00,40.20,34.00,0,NO,38.96,39.21,37.84,39.33,38.06,,858,0.00,33592.00,NO,NO,2024-04-08,10454500.00
3401,DGS,63.31,62.41,56979.00,ETF,ETF,54.00,54.00,41.00,50.00,0.80,0.57,37855.00,42680.00,66.90,54.97,0,NO,63.79,63.40,62.60,63.61,63.33,,4761,0.00,56979.00,NO,NO,2017-09-28,2757900.00
3402,ISPY,47.99,47.62,97547.00,ETF,ETF,54.00,64.00,57.00,61.00,0.42,0.34,91439.00,76470.00,49.25,42.10,0,NO,48.01,48.22,46.81,48.40,47.17,,698,0.00,97547.00,NO,NO,2026-09-14,1116400.00
3403,UDI,35.25,35.12,149.00,ETF,ETF,54.00,23.00,46.00,45.00,0.21,0.14,1107.00,1330.00,37.74,30.26,0,NO,36.19,36.81,34.92,36.76,35.51,,1084,0.00,149.00,NO,NO,2022-06-08,201200.00
3404,WBIY,34.97,35.08,2031.00,ETF,ETF,54.00,10.00,53.00,43.00,0.31,0.20,7976.00,3660.00,39.23,29.73,0,NO,36.55,37.54,35.07,37.48,35.67,,2457,0.00,2031.00,NO,NO,2018-09-05,1113900.00
3405,CVAR,30.02,29.98,63.00,ETF,ETF,54.00,26.00,70.00,52.00,0.16,0.03,1928.00,500.00,31.99,26.91,0,NO,30.76,30.87,29.44,30.95,29.45,,1197,0.00,400.00,NO,NO,2022-01-07,441900.00
3406,DTH,55.32,55.08,19028.00,ETF,ETF,54.00,26.00,63.00,39.00,0.61,0.41,25857.00,30210.00,59.18,46.43,0,NO,57.46,57.82,55.58,57.89,56.13,,5106,0.16,19028.00,NO,NO,2020-03-19,702000.00
3407,EUFN,38.98,38.67,1590428.00,ETF,ETF,54.00,15.00,37.00,61.00,0.71,0.51,1595207.00,2078120.00,43.07,32.91,0,NO,41.13,41.68,38.53,41.76,38.99,,4192,0.00,1590428.00,NO,NO,2021-03-08,22888800.00
3408,DEEF,38.95,38.54,315.00,ETF,ETF,54.00,38.00,52.00,42.00,0.37,0.10,488.00,530.00,41.12,33.79,0,NO,39.75,39.99,38.94,40.09,39.29,,2712,0.72,315.00,NO,NO,2016-09-30,1238100.00
3409,SIZE,175.51,174.95,4171.00,ETF,ETF,54.00,38.00,42.00,58.00,1.45,1.02,5323.00,8090.00,187.16,154.04,0,NO,177.32,180.77,171.92,180.87,174.13,,3386,0.00,4171.00,NO,NO,2019-11-14,7964300.00
3410,SHUS,50.10,49.93,472.00,ETF,ETF,54.00,35.00,48.00,54.00,0.24,0.01,100.00,100.00,52.65,44.55,0,NO,50.71,51.49,49.21,51.50,49.80,,1327,0.16,472.00,NO,NO,2022-10-17,54900.00
3411,XTAI,26.70,25.23,65.00,ETF,ETF,54.00,83.00,85.00,,0.75,0.12,1980.00,550.00,27.31,16.51,0,NO,24.91,22.94,,23.57,,,84,0.00,3700.00,NO,NO,2026-07-15,31300.00
3412,FFSM,34.49,34.24,715409.00,ETF,ETF,54.00,33.00,21.00,51.00,0.52,0.48,375833.00,675920.00,38.48,28.23,0,NO,34.84,36.26,34.78,36.27,35.60,,1422,0.35,715409.00,NO,NO,2025-01-06,6187500.00
3413,NRP,109.50,106.42,24921.00,Energy,Thermal Coal,54.00,46.00,88.00,10.00,2.48,2.32,39533.00,30980.00,128.60,95.51,0,NO,109.77,106.74,110.36,108.01,108.78,,6032,1.48,24921.00,NO,NO,2017-11-17,743600.00
3414,ELM,29.31,29.20,80390.00,ETF,ETF,54.00,59.00,58.00,54.00,0.22,0.17,23520.00,24230.00,29.90,26.57,0,NO,29.43,29.50,28.63,29.57,28.87,,412,0.00,80390.00,NO,NO,2025-03-26,213200.00
3415,FFND,32.22,31.98,17140.00,ETF,ETF,54.00,56.00,45.00,62.00,0.25,0.14,8095.00,7290.00,34.07,27.87,0,NO,32.39,32.84,31.45,32.94,31.76,,1282,0.00,17140.00,NO,NO,2025-01-23,2023900.00
3416,DHS,112.58,112.03,18344.00,ETF,ETF,54.00,25.00,46.00,44.00,0.90,0.84,34057.00,39240.00,120.71,97.15,0,NO,115.17,117.00,111.78,116.81,113.46,,5106,0.28,18344.00,NO,NO,2015-03-10,1981600.00
3417,NUSC,49.31,48.78,51769.00,ETF,ETF,54.00,37.00,33.00,56.00,0.54,0.43,51407.00,64550.00,53.30,42.11,0,NO,49.65,51.00,48.83,51.00,49.55,,2461,0.96,51769.00,NO,NO,2026-01-14,2290400.00
3418,EQL,50.43,50.11,52436.00,ETF,ETF,54.00,44.00,52.00,49.00,0.38,0.33,42460.00,43680.00,52.66,44.76,0,NO,50.97,51.51,49.70,51.55,50.31,,4338,0.56,52436.00,NO,NO,2022-12-19,2136900.00
3419,COCO,55.97,57.01,715804.00,Consumer Defensive,Beverages - Non-Alcoholic,54.00,42.00,8.00,72.00,2.34,2.31,1186057.00,1213640.00,85.83,38.07,3238656768,NO,55.96,60.67,61.36,59.60,63.65,,1242,0.00,715804.00,NO,NO,2021-10-21,9664500.00
3420,AIMS,27.41,27.17,1854.00,ETF,ETF,54.00,57.00,29.00,68.00,0.19,0.09,4819.00,13170.00,29.62,23.01,0,NO,27.40,27.98,,28.00,27.07,,163,0.00,1854.00,NO,NO,2026-02-10,2166500.00
3421,OGIG,50.26,50.13,653.00,ETF,ETF,54.00,77.00,84.00,81.00,0.60,0.43,7660.00,4650.00,58.76,39.07,0,NO,49.87,49.52,46.69,49.85,46.06,,2094,0.00,653.00,NO,NO,2020-03-05,922900.00
3422,LGDS,51.17,50.61,114609.00,ETF,ETF,54.00,84.00,,,0.57,0.44,49982.00,96350.00,51.37,46.05,0,NO,49.89,49.40,,49.74,,,59,1.09,114609.00,NO,NO,2026-09-29,626800.00
3423,CPNQ,27.92,27.88,1243.00,ETF,ETF,54.00,73.00,70.00,49.00,0.04,0.03,5271.00,4380.00,27.92,26.09,0,NO,27.79,27.64,27.07,27.69,27.27,,460,0.00,1243.00,NO,NO,2025-06-16,678100.00
3424,DSTX,33.75,33.59,1274.00,ETF,ETF,54.00,22.00,62.00,45.00,0.34,0.20,14884.00,3990.00,36.71,29.76,0,NO,34.87,35.40,33.83,35.44,34.02,,1456,0.19,1274.00,NO,NO,2022-10-06,413300.00
3425,PCPP,26.62,26.51,16457.00,ETF,ETF,54.00,54.00,61.00,,0.33,0.31,22720.00,23410.00,29.38,24.73,0,NO,26.89,26.81,,26.85,,,83,0.00,16457.00,NO,NO,2026-06-08,218600.00
3426,OBOR,27.06,27.28,29.00,ETF,ETF,54.00,48.00,81.00,34.00,0.20,0.06,639.00,340.00,30.07,24.95,0,NO,27.98,27.60,27.59,27.79,27.36,,2273,0.00,100.00,NO,NO,2019-12-03,279400.00
3427,GSIE,45.91,45.44,1489903.00,ETF,ETF,53.00,35.00,52.00,48.00,0.57,0.41,377176.00,385390.00,48.49,40.05,0,NO,46.89,47.36,45.50,47.49,45.84,,2739,0.70,1489903.00,NO,NO,2025-09-15,6624400.00
3428,HF,22.44,22.44,15.00,ETF,ETF,53.00,69.00,66.00,51.00,0.04,0.01,428.00,200.00,22.86,20.89,0,NO,22.62,22.59,21.85,22.62,22.07,,793,0.00,100.00,NO,NO,2024-12-26,92300.00
3429,LCR,40.22,40.13,2690.00,ETF,ETF,53.00,58.00,66.00,54.00,0.18,0.13,5323.00,4290.00,42.03,36.63,0,NO,40.34,40.37,39.11,40.45,39.34,,1695,0.00,2690.00,NO,NO,2022-10-17,453600.00
3430,BSMC,38.14,38.08,8755.00,ETF,ETF,53.00,22.00,38.00,47.00,0.54,0.51,11141.00,11620.00,41.46,32.40,0,NO,38.81,39.88,38.05,39.81,38.54,,750,0.00,8755.00,NO,NO,2025-02-11,363400.00
3431,RNGR,15.66,15.41,105525.00,Energy,Oil & Gas Equipment & Services,53.00,13.00,71.00,14.00,0.50,0.49,201347.00,179800.00,18.82,11.88,366475680,NO,16.12,16.33,16.13,16.48,16.37,,2298,0.00,105525.00,NO,NO,2023-06-23,2283500.00
3432,CBLS,31.84,31.16,247.00,ETF,ETF,53.00,81.00,30.00,58.00,0.21,0.07,2519.00,460.00,34.52,27.02,0,NO,31.03,30.87,30.80,30.89,31.34,,1476,0.41,1100.00,NO,NO,2024-05-16,334900.00
3433,YSAU,41.53,41.81,5018.00,ETF,ETF,53.00,24.00,,,0.88,0.69,3825.00,5270.00,46.99,39.79,0,NO,42.98,43.29,,43.53,,,56,0.00,5018.00,NO,NO,2026-08-14,33800.00
3434,VYM,156.46,155.35,1229990.00,ETF,ETF,53.00,28.00,45.00,49.00,1.37,1.22,1153311.00,1312300.00,167.61,137.42,0,NO,159.43,162.49,155.69,162.39,157.90,,4999,0.45,1229990.00,NO,NO,2022-06-24,10206900.00
3435,BDIV,24.39,24.25,4492.00,ETF,ETF,53.00,52.00,55.00,53.00,0.14,0.10,3044.00,3360.00,25.35,22.15,0,NO,24.46,24.80,23.96,24.81,24.22,,545,0.37,4492.00,NO,NO,2025-05-15,46900.00
3436,JPUS,137.24,136.33,3753.00,ETF,ETF,53.00,30.00,45.00,46.00,1.03,0.92,7492.00,9870.00,146.35,120.16,0,NO,139.23,142.02,136.00,141.96,138.25,,2768,0.65,3753.00,NO,NO,2017-05-02,1209400.00
3437,FKU,53.83,53.35,1354.00,ETF,ETF,53.00,37.00,56.00,49.00,0.61,0.30,1549.00,650.00,57.88,45.82,0,NO,54.86,55.68,53.64,55.76,53.80,,3672,0.90,1354.00,NO,NO,2016-07-01,3603200.00
3438,HCSG,20.87,20.58,597936.00,Healthcare,Medical Care Facilities,53.00,32.00,9.00,67.00,0.48,0.47,714179.00,855590.00,25.75,15.13,1432354048,NO,21.40,22.01,21.09,21.95,21.65,,10795,1.12,597936.00,NO,NO,2021-09-17,15342300.00
3439,TGLR,39.25,38.93,861.00,ETF,ETF,53.00,51.00,42.00,54.00,0.32,0.20,3914.00,4620.00,42.07,34.60,0,NO,39.34,40.12,38.84,40.16,39.37,,792,0.81,861.00,NO,NO,2023-08-08,97600.00
3440,JPIN,73.69,73.01,6772.00,ETF,ETF,53.00,34.00,58.00,43.00,0.83,0.50,12014.00,37580.00,77.94,64.92,0,NO,75.52,75.94,73.49,76.15,74.09,,2991,0.55,6772.00,NO,NO,2019-03-08,3121600.00
3441,VIG,235.05,233.53,1302866.00,ETF,ETF,53.00,45.00,49.00,57.00,1.96,1.79,980058.00,1096370.00,247.45,210.01,0,NO,237.17,240.73,230.53,240.78,232.90,,5138,0.63,1302866.00,NO,NO,2014-02-06,9916200.00
3442,GOAU,42.97,42.64,8322.00,ETF,ETF,53.00,7.00,87.00,15.00,1.29,0.99,25196.00,20660.00,57.09,34.34,0,NO,46.19,45.05,44.57,45.70,42.89,,2328,0.00,8322.00,NO,NO,2020-06-25,510700.00
3443,PFM,55.26,54.93,11042.00,ETF,ETF,53.00,41.00,51.00,54.00,0.40,0.36,18096.00,17520.00,58.18,49.98,0,NO,55.85,56.70,54.34,56.71,54.94,,5295,0.00,11042.00,NO,NO,2010-05-26,3345500.00
3444,JOUT,44.91,44.51,21901.00,Consumer Cyclical,Leisure,53.00,53.00,79.00,24.00,1.16,1.13,45663.00,42550.00,53.54,35.65,470641984,NO,44.50,46.01,46.45,46.13,46.54,,9819,0.00,21901.00,NO,NO,1987-10-09,1079800.00
3445,MKAM,32.33,32.20,12.00,ETF,ETF,53.00,68.00,67.00,53.00,0.10,0.01,284.00,160.00,32.56,29.78,0,NO,32.30,32.26,31.45,32.34,31.67,,873,0.00,12.00,NO,NO,2023-04-12,70700.00
3446,CUBI,75.47,74.03,421890.00,Financial Services,Banks - Regional,53.00,32.00,40.00,53.00,1.73,1.63,276920.00,333480.00,84.38,59.34,2549663488,NO,77.39,79.03,75.69,79.28,76.09,,3660,1.35,421890.00,NO,NO,2023-03-13,8396700.00
3447,NBIE,26.58,26.32,22154.00,ETF,ETF,53.00,46.00,58.00,54.00,0.30,0.18,34428.00,41870.00,27.81,23.51,0,NO,26.94,27.19,,27.27,26.18,,145,0.00,22154.00,NO,NO,2026-03-12,8494900.00
3448,ESLV,27.86,27.75,7749.00,ETF,ETF,53.00,33.00,41.00,49.00,0.17,0.13,5836.00,6790.00,29.71,24.30,0,NO,28.29,28.81,27.49,28.79,27.92,,254,0.00,7749.00,NO,NO,2026-04-14,104100.00
3449,FDND,22.58,22.42,2309.00,ETF,ETF,53.00,70.00,81.00,69.00,0.24,0.10,1284.00,1260.00,24.35,18.76,0,NO,22.62,22.44,21.48,22.58,21.50,,636,0.62,2309.00,NO,NO,2025-04-04,65100.00
3450,IDOG,41.55,41.57,19330.00,ETF,ETF,53.00,20.00,55.00,31.00,0.49,0.36,34080.00,39350.00,45.06,35.13,0,NO,43.39,43.80,42.15,43.79,42.78,,3336,0.00,19330.00,NO,NO,2018-01-18,748200.00
3451,XSMO,83.55,82.07,190628.00,ETF,ETF,53.00,65.00,19.00,54.00,1.18,1.06,275634.00,297290.00,93.68,68.59,0,NO,82.82,85.28,82.74,85.25,85.05,,5431,1.16,190628.00,NO,NO,2024-09-10,6460300.00
3452,ZOCT,28.23,28.19,536270.00,ETF,ETF,53.00,74.00,71.00,48.00,0.07,0.07,40795.00,215810.00,28.29,26.54,0,NO,28.05,27.94,27.36,27.98,27.54,,503,0.00,536270.00,NO,NO,2026-10-01,1658200.00
3453,NRAM,25.05,25.08,5333.00,ETF,ETF,53.00,,,,0.68,0.49,10456.00,4380.00,26.39,21.70,0,NO,,,,,,,17,0.00,5333.00,NO,NO,2026-09-14,36100.00
3454,ITDC,36.52,36.36,35116.00,ETF,ETF,53.00,57.00,54.00,54.00,0.27,0.20,19079.00,22710.00,37.56,33.03,0,NO,36.72,36.87,35.69,36.95,36.07,,740,0.41,35116.00,NO,NO,2025-04-10,93200.00
3455,BBIN,78.04,77.20,226917.00,ETF,ETF,53.00,42.00,48.00,49.00,0.96,0.62,166847.00,171620.00,81.80,68.71,0,NO,79.25,79.98,77.34,80.23,77.87,,1713,0.67,226917.00,NO,NO,2020-06-11,35556700.00
3456,SCLZ,57.13,56.71,171.00,ETF,ETF,53.00,78.00,70.00,58.00,0.31,0.14,869.00,1100.00,57.55,50.41,0,NO,56.72,56.38,55.09,56.58,55.38,,652,0.00,900.00,NO,NO,2025-02-26,33100.00
3457,BLCO,17.11,16.94,354089.00,Healthcare,Medical Instruments & Supplies,53.00,27.00,60.00,45.00,0.41,0.41,392311.00,321880.00,18.91,13.77,6111097856,NO,17.19,17.09,16.64,17.12,16.40,,1106,0.00,354089.00,NO,NO,2022-05-06,15225300.00
3458,AAUB,51.52,51.24,59.00,ETF,ETF,53.00,78.00,,,0.33,0.15,4180.00,2010.00,52.04,48.12,0,NO,51.22,50.90,,51.14,,,51,0.00,59.00,NO,NO,2026-08-13,48900.00
3459,SURI,17.06,17.55,271.00,ETF,ETF,53.00,5.00,39.00,63.00,0.47,0.37,3561.00,4910.00,21.31,14.90,0,NO,18.91,18.98,17.57,18.94,17.78,,913,0.00,2200.00,NO,NO,2024-04-05,330900.00
3460,BCEM,26.91,26.69,717.00,ETF,ETF,53.00,72.00,52.00,,0.35,0.17,8904.00,6320.00,28.80,24.75,0,NO,26.91,26.57,,26.76,,,123,0.79,717.00,NO,NO,2026-04-10,1142000.00
3461,MMM,161.89,163.02,3019691.00,Industrials,Conglomerates,53.00,32.00,69.00,64.00,3.53,3.47,3141479.00,3177520.00,184.90,139.34,83490308096,NO,165.85,173.37,160.63,172.60,159.37,,16297,0.00,3019691.00,NO,NO,2022-08-29,60436750.00
3462,BIDD,30.44,30.08,16128.00,ETF,ETF,53.00,57.00,61.00,52.00,0.37,0.25,38393.00,27370.00,32.48,27.30,0,NO,30.61,30.56,30.21,30.73,30.29,,469,0.90,16128.00,NO,NO,2025-10-08,5098100.00
3463,FLQS,47.41,46.97,23644.00,ETF,ETF,53.00,35.00,37.00,59.00,0.42,0.30,4238.00,10500.00,50.85,40.76,0,NO,47.78,49.06,46.36,49.03,47.01,,2371,0.00,23644.00,NO,NO,2025-08-22,249000.00
3464,EQAL,58.00,57.54,29936.00,ETF,ETF,53.00,27.00,44.00,46.00,0.49,0.41,31931.00,41070.00,62.03,49.86,0,NO,58.90,60.06,57.56,60.11,58.49,,2960,0.71,29936.00,NO,NO,2019-01-02,4775100.00
3465,PYPL,52.80,53.06,9001061.00,Financial Services,Credit Services,53.00,37.00,91.00,72.00,1.39,1.34,14224328.00,14357150.00,79.22,38.46,45168332800,NO,53.27,56.51,50.25,56.21,49.66,,2829,0.00,9001061.00,YES,NO,2026-02-03,141690600.00
3466,EZM,72.83,72.17,26588.00,ETF,ETF,53.00,35.00,40.00,54.00,0.76,0.63,16212.00,17920.00,77.87,63.01,0,NO,73.70,75.38,72.13,75.43,73.16,,4934,0.65,26588.00,NO,NO,2015-03-02,956100.00
3467,CGGG,29.06,28.87,13832.00,ETF,ETF,53.00,78.00,67.00,68.00,0.36,0.27,49217.00,30690.00,29.82,24.29,0,NO,28.71,28.58,28.13,28.75,28.10,,320,0.00,13832.00,NO,NO,2025-06-26,1012500.00
3468,PEY,22.89,22.85,487434.00,ETF,ETF,53.00,15.00,41.00,50.00,0.24,0.23,289861.00,381990.00,25.49,19.59,0,NO,23.56,24.34,22.58,24.30,23.07,,5488,0.00,487434.00,NO,NO,2011-10-27,5337700.00
3469,AVSD,79.55,78.77,32794.00,ETF,ETF,53.00,40.00,46.00,52.00,0.95,0.63,61734.00,21560.00,83.91,69.31,0,NO,80.87,81.81,78.83,82.06,79.40,,1141,0.52,32794.00,NO,NO,2026-08-19,848000.00
3470,CVCO,585.13,577.20,91659.00,Consumer Cyclical,Residential Construction,53.00,83.00,58.00,80.00,18.15,17.09,106750.00,117170.00,713.01,443.34,4499299840,NO,548.12,565.99,558.14,566.45,544.15,,5852,0.00,91659.00,NO,NO,2008-03-20,2607900.00
3471,AVMC,77.32,76.85,22814.00,ETF,ETF,53.00,43.00,40.00,51.00,0.86,0.76,24228.00,25380.00,82.60,66.64,0,NO,77.70,79.47,76.69,79.54,77.75,,726,0.00,22814.00,NO,NO,2024-05-06,654600.00
3472,CPSN,28.25,28.21,1126.00,ETF,ETF,53.00,72.00,70.00,48.00,0.04,0.02,2352.00,1360.00,28.28,26.58,0,NO,28.16,28.04,27.43,28.08,27.62,,480,0.00,1126.00,NO,NO,2024-11-01,572400.00
3473,TJAN,28.67,28.64,20.00,ETF,ETF,53.00,74.00,69.00,51.00,0.04,0.03,2655.00,2280.00,28.69,26.51,0,NO,28.60,28.49,27.85,28.52,28.05,,438,0.00,2200.00,NO,NO,2025-06-16,658000.00
3474,QEFA,97.46,96.63,44312.00,ETF,ETF,53.00,37.00,57.00,44.00,1.05,0.71,25622.00,24190.00,102.40,86.44,0,NO,99.20,100.08,96.55,100.29,97.26,,3101,0.59,44312.00,NO,NO,2025-02-07,1277400.00
3475,VOYG,30.93,29.91,1552321.00,Industrials,Aerospace & Defense,53.00,17.00,17.00,70.00,2.64,2.30,1872882.00,4084600.00,52.40,17.41,1887628800,NO,33.46,34.35,31.89,34.79,33.03,,330,1.47,1552321.00,NO,NO,2025-06-11,23157100.00
3476,CBON,24.15,24.11,2930.00,ETF,ETF,53.00,70.00,68.00,44.00,0.08,0.08,5649.00,3220.00,24.25,22.26,0,NO,24.16,24.06,23.58,24.09,23.81,,2990,0.00,2930.00,NO,NO,2022-02-07,723000.00
3477,QAI,36.24,36.10,71583.00,ETF,ETF,53.00,63.00,55.00,49.00,0.20,0.17,52384.00,51180.00,36.90,33.00,0,NO,36.26,36.34,35.45,36.41,35.87,,4409,0.36,71583.00,NO,NO,2019-02-05,6007800.00
3478,SMDX,25.65,25.49,15.00,ETF,ETF,53.00,47.00,29.00,55.00,0.12,0.01,211.00,330.00,27.71,21.42,0,NO,25.95,26.55,25.32,26.51,25.84,,399,0.00,100.00,NO,NO,2025-03-03,2450700.00
3479,MHIP,20.53,20.81,11.00,ETF,ETF,53.00,65.00,77.00,,0.23,0.14,107.00,100.00,22.57,19.45,0,NO,20.77,20.75,,20.81,,,113,0.00,100.00,NO,NO,2026-04-21,43100.00
3480,DOC,19.49,19.44,4858731.00,Real Estate,REIT - Healthcare Facilities,53.00,16.00,15.00,75.00,0.37,0.36,5382241.00,6251270.00,22.95,15.70,13817381888,NO,20.27,20.92,18.88,20.75,19.65,,10420,0.00,4858731.00,NO,NO,2024-02-29,66006500.00
3481,HTB,46.59,46.09,138940.00,Financial Services,Banks - Regional,53.00,59.00,26.00,56.00,1.01,1.00,192871.00,223840.00,52.50,38.30,770305344,NO,46.86,48.07,45.86,48.12,46.83,,3578,0.89,138940.00,NO,NO,2012-07-11,6851700.00
3482,SLVR,54.47,54.35,71283.00,ETF,ETF,53.00,5.00,79.00,12.00,2.20,1.77,124639.00,118430.00,85.90,38.37,0,NO,58.84,58.22,60.35,58.89,57.51,,431,0.00,71283.00,NO,NO,2026-01-26,2568500.00
3483,STRD,73.38,73.16,171371.00,Technology,Software - Application,53.00,68.00,91.00,29.00,1.57,1.31,105400.00,103560.00,84.88,49.00,0,NO,73.61,69.86,71.94,70.91,70.25,,333,0.21,171371.00,NO,NO,2025-06-30,1872200.00
3484,UPGD,80.65,80.04,1137.00,ETF,ETF,53.00,51.00,41.00,59.00,0.59,0.34,1788.00,1640.00,84.73,70.85,0,NO,80.92,82.43,78.98,82.42,79.75,,5125,0.00,1137.00,NO,NO,2008-10-07,788400.00
3485,CEFS,24.80,24.62,132913.00,ETF,ETF,53.00,52.00,42.00,57.00,0.33,0.31,81444.00,82670.00,25.98,22.05,0,NO,24.84,25.08,24.24,25.11,24.68,,2398,0.00,132913.00,NO,NO,2019-03-29,403000.00
3486,WMB,70.54,69.22,8279976.00,Energy,Oil & Gas Midstream,53.00,21.00,41.00,29.00,1.60,1.58,7011547.00,7522010.00,80.08,56.19,86282231808,NO,71.40,72.11,71.17,72.02,73.11,,11279,0.00,8279976.00,NO,NO,2018-08-10,121608100.00
3487,DFAL,51.84,51.48,64116.00,ETF,ETF,53.00,72.00,73.00,,0.40,0.28,207761.00,148620.00,54.11,48.63,0,NO,51.52,51.46,,51.68,,,72,0.51,64116.00,NO,NO,2026-07-22,7681900.00
3488,HGRO,30.31,30.27,33463.00,ETF,ETF,53.00,74.00,45.00,54.00,0.33,0.28,38612.00,36300.00,31.85,26.86,0,NO,30.06,30.35,29.81,30.38,30.12,,330,0.00,33463.00,NO,NO,2026-05-05,278600.00
3489,JPM,332.38,333.18,6539384.00,Financial Services,Banks - Diversified,53.00,18.00,49.00,66.00,7.04,6.93,7677139.00,9668770.00,366.50,279.10,883527974912,NO,345.32,352.24,321.77,352.13,325.60,,11732,0.00,6539384.00,NO,NO,2012-05-11,217294200.00
3490,RHTX,19.79,19.79,12.00,ETF,ETF,53.00,54.00,58.00,51.00,0.13,0.02,680.00,380.00,20.60,17.46,0,NO,20.04,20.13,19.71,20.18,19.79,,1227,0.00,100.00,NO,NO,2022-03-29,603300.00
3491,FEMG,26.61,26.32,1929.00,ETF,ETF,53.00,82.00,64.00,,0.26,0.16,1741.00,1760.00,27.51,24.84,0,NO,25.98,26.21,,26.35,,,108,0.00,1929.00,NO,NO,2026-04-30,199700.00
3492,CLST,16.30,17.25,989.00,Financial Services,Banks - Regional,53.00,17.00,51.00,23.00,0.40,0.30,2841.00,2920.00,20.50,13.20,65750792,NO,17.85,17.48,16.46,17.47,16.70,,1248,0.00,989.00,NO,NO,2021-10-13,1345800.00
3493,ZNOV,28.00,27.95,11963.00,ETF,ETF,53.00,72.00,69.00,48.00,0.06,0.06,15888.00,18290.00,28.10,26.35,0,NO,27.90,27.79,27.21,27.83,27.39,,480,0.00,11963.00,NO,NO,2024-11-01,1079700.00
3494,DD,129.98,129.20,644991.00,Basic Materials,Specialty Chemicals,53.00,50.00,20.00,21.00,2.29,2.21,1343134.00,1006180.00,157.98,92.49,17549821952,NO,129.35,135.48,137.64,135.03,138.21,,13698,0.00,644991.00,NO,NO,2009-05-07,70021676.00
3495,SPVM,73.25,73.00,2712.00,ETF,ETF,53.00,23.00,41.00,49.00,0.67,0.60,10379.00,7840.00,78.97,63.28,0,NO,75.10,76.63,72.66,76.54,73.67,,3847,0.25,2712.00,NO,NO,2016-02-18,1098200.00
3496,EMOT,25.83,25.75,2706.00,ETF,ETF,53.00,37.00,40.00,60.00,0.15,0.06,553.00,1300.00,27.47,22.96,0,NO,26.07,26.64,25.41,26.62,25.74,,555,0.23,2706.00,NO,NO,2026-01-16,65400.00
3497,DVVY,26.58,26.39,670.00,ETF,ETF,53.00,38.00,50.00,53.00,0.12,0.00,134.00,100.00,27.80,24.23,0,NO,26.97,27.28,,27.30,,,137,0.64,670.00,NO,NO,2026-08-28,1500.00
3498,PPH,108.06,108.14,272501.00,ETF,ETF,53.00,19.00,48.00,45.00,1.55,1.50,261703.00,385950.00,118.00,90.60,0,NO,110.67,112.03,106.99,111.69,107.12,,6708,0.00,272501.00,NO,NO,2006-11-09,12173000.00
3499,MFDX,41.34,40.80,18526.00,ETF,ETF,53.00,45.00,52.00,43.00,0.46,0.27,13885.00,14210.00,43.40,36.33,0,NO,42.11,42.24,41.29,42.40,41.57,,2280,0.93,18526.00,NO,NO,2023-11-02,1014000.00
3500,UMBF,130.94,129.79,654652.00,Financial Services,Banks - Regional,53.00,15.00,17.00,67.00,2.94,2.87,607120.00,788000.00,153.32,103.38,9944897536,NO,135.78,141.68,130.01,141.76,133.12,,11732,0.88,654652.00,NO,NO,2016-12-06,6362900.00
3501,UUP,28.89,28.96,3049501.00,ETF,ETF,53.00,80.00,71.00,45.00,0.12,0.10,1718569.00,1926070.00,29.00,26.40,0,NO,28.43,28.26,27.76,28.25,28.01,,4930,0.00,3049501.00,NO,NO,2010-05-05,22279700.00
3502,CSEX,17.59,16.39,86872.00,ETF,ETF,52.00,98.00,72.00,78.00,1.45,1.31,126547.00,73690.00,33.66,9.21,0,NO,14.25,13.54,17.19,13.59,17.12,,222,5.74,86872.00,NO,NO,2026-01-29,1513000.00
3503,USB,57.51,57.36,7520114.00,Financial Services,Banks - Regional,52.00,13.00,18.00,56.00,1.27,1.25,7480207.00,8732430.00,66.08,45.02,89603538944,NO,60.19,62.13,57.67,62.00,58.46,,13468,0.02,7520114.00,NO,NO,2009-05-12,151560700.00
3504,FDL,49.18,49.25,786748.00,ETF,ETF,52.00,15.00,55.00,28.00,0.47,0.42,736852.00,711130.00,53.76,42.10,0,NO,50.97,51.90,49.80,51.78,50.65,,5171,0.00,786748.00,NO,NO,2022-04-21,5267000.00
3505,ICOW,42.08,41.78,223539.00,ETF,ETF,52.00,20.00,53.00,30.00,0.52,0.36,141938.00,112370.00,46.08,35.77,0,NO,43.33,44.13,42.95,44.20,43.58,,2336,0.38,223539.00,NO,NO,2025-04-08,1921300.00
3506,AIX,25.50,25.11,191.00,ETF,ETF,52.00,91.00,77.00,,0.34,0.17,603.00,830.00,25.50,21.13,0,NO,24.42,23.63,,23.89,,,70,0.00,191.00,NO,NO,2026-07-01,6400.00
3507,CPNS,28.61,28.59,435.00,ETF,ETF,52.00,74.00,69.00,48.00,0.07,0.05,7768.00,13190.00,28.89,26.92,0,NO,28.44,28.36,27.80,28.39,28.01,,523,0.00,435.00,NO,NO,2025-01-13,640600.00
3508,CPSO,28.42,28.40,28495.00,ETF,ETF,52.00,72.00,70.00,48.00,0.05,0.04,2392.00,8150.00,28.55,26.73,0,NO,28.30,28.18,27.60,28.22,27.79,,503,0.00,28495.00,NO,NO,2024-10-01,465600.00
3509,NXPI,243.66,239.19,2672402.00,Technology,Semiconductors,52.00,87.00,11.00,83.00,7.22,6.63,3705768.00,3525230.00,339.95,183.00,61442322432,NO,231.52,232.64,245.70,232.69,252.39,,4064,0.00,2672402.00,NO,NO,2021-03-19,53102200.00
3510,MMID,26.58,25.85,5953.00,ETF,ETF,52.00,52.00,59.00,54.00,0.21,0.10,614.00,1530.00,28.01,23.95,0,NO,26.34,26.97,25.96,27.04,26.06,,258,0.46,5953.00,NO,NO,2025-09-24,803600.00
3511,B,40.23,40.10,7790654.00,Basic Materials,Gold,52.00,12.00,81.00,25.00,1.19,0.98,9596519.00,8781170.00,54.69,30.35,66213928960,NO,42.64,42.39,42.76,43.01,40.93,,10489,0.00,7790654.00,NO,NO,2013-11-01,74458200.00
3512,PRTO,27.35,27.13,44.00,ETF,ETF,52.00,55.00,50.00,54.00,0.16,0.03,958.00,370.00,28.58,24.68,0,NO,27.62,27.81,,27.89,,,132,0.26,500.00,NO,NO,2026-06-05,18500.00
3513,WIMA,42.16,41.71,1397.00,ETF,ETF,52.00,37.00,50.00,52.00,0.35,0.10,5034.00,21710.00,44.26,37.53,0,NO,42.98,43.38,,43.50,41.95,,142,1.05,1397.00,NO,NO,2026-03-25,1342800.00
3514,SAX,25.60,25.70,2879.00,,,52.00,81.00,,,0.23,0.21,68140.00,110210.00,25.75,24.40,0,YES,25.11,,,,,,26,0.00,2879.00,NO,NO,2026-09-30,564700.00
3515,ROMO,34.34,34.05,791.00,ETF,ETF,52.00,60.00,64.00,56.00,0.26,0.09,1480.00,3520.00,35.13,30.46,0,NO,34.41,34.49,33.41,34.63,33.48,,1737,0.77,791.00,NO,NO,2020-05-04,473700.00
3516,IHDG,51.97,51.54,117356.00,ETF,ETF,52.00,53.00,43.00,51.00,0.48,0.35,106565.00,75260.00,54.14,45.87,0,NO,52.23,52.86,51.04,52.90,51.36,,3121,0.60,117356.00,NO,NO,2016-04-21,8881400.00
3517,BCPC,166.56,163.69,193491.00,Basic Materials,Specialty Chemicals,52.00,26.00,58.00,29.00,3.15,3.03,202525.00,239460.00,183.90,139.17,5309602816,NO,167.24,171.94,168.02,172.27,167.89,,10162,0.88,193491.00,NO,NO,2008-07-02,2330250.00
3518,EQIN,51.36,51.21,13223.00,ETF,ETF,52.00,23.00,47.00,47.00,0.44,0.40,14314.00,15390.00,56.20,45.33,0,NO,52.88,53.56,51.03,53.50,51.61,,2566,0.08,13223.00,NO,NO,2021-12-01,454100.00
3519,USAI,44.26,43.91,31787.00,ETF,ETF,52.00,14.00,47.00,22.00,0.55,0.49,20342.00,10960.00,49.14,36.49,0,NO,45.75,46.44,44.88,46.37,46.27,,2212,0.54,31787.00,NO,NO,2019-03-04,458900.00
3520,IGRO,88.50,87.91,65232.00,ETF,ETF,52.00,31.00,50.00,47.00,0.98,0.68,41479.00,65200.00,93.96,78.65,0,NO,90.49,91.53,87.87,91.68,88.63,,2608,0.59,65232.00,NO,NO,2025-10-08,1572900.00
3521,QCML,18.38,17.83,513629.00,ETF,ETF,52.00,94.00,19.00,94.00,1.86,1.71,563792.00,613060.00,41.90,10.46,0,NO,18.79,16.32,18.63,16.44,19.39,,377,0.00,513629.00,NO,NO,2026-05-07,8316800.00
3522,HRB,41.68,42.32,1712408.00,Consumer Cyclical,Personal Services,52.00,2.00,82.00,86.00,1.41,1.37,2138092.00,2423120.00,58.67,28.16,5105510912,NO,43.82,47.05,38.81,47.26,39.40,,13518,0.00,1712408.00,NO,NO,2020-09-18,47106300.00
3523,BINV,42.74,42.59,51683.00,ETF,ETF,52.00,25.00,55.00,44.00,0.55,0.44,31266.00,39210.00,46.05,36.93,0,NO,43.92,44.70,42.89,44.76,43.16,,751,0.00,51683.00,NO,NO,2026-03-09,945800.00
3524,DIA,511.10,508.62,3710080.00,ETF,ETF,52.00,35.00,38.00,60.00,5.24,4.86,3453098.00,3096660.00,546.75,450.44,0,NO,518.27,526.70,502.71,527.24,507.65,,7221,0.00,3710080.00,NO,NO,2008-11-21,91695200.00
3525,SUPL,44.81,43.97,109.00,ETF,ETF,52.00,30.00,27.00,44.00,0.37,0.09,812.00,330.00,50.16,36.69,0,NO,45.41,46.57,44.82,46.40,45.75,,1125,0.00,2200.00,NO,NO,2022-04-29,16100.00
3526,JPME,120.47,119.54,11892.00,ETF,ETF,52.00,27.00,40.00,46.00,1.03,0.88,12174.00,23560.00,129.90,104.47,0,NO,122.56,125.43,119.94,125.36,122.18,,2586,0.63,11892.00,NO,NO,2025-04-10,603400.00
3527,BALT,34.99,34.92,606254.00,ETF,ETF,52.00,72.00,70.00,46.00,0.15,0.14,506263.00,816980.00,35.09,32.69,0,NO,34.84,34.72,34.07,34.77,34.26,,1320,0.00,606254.00,NO,NO,2025-11-18,8283400.00
3528,BEKE,16.43,16.64,3930153.00,Real Estate,Real Estate Services,52.00,13.00,86.00,62.00,0.44,0.34,4345649.00,6529510.00,19.88,13.81,18071369728,NO,16.64,17.00,16.76,17.10,16.51,,1542,0.00,3930153.00,NO,NO,2022-03-16,118619000.00
3529,DIHP,33.95,33.48,493987.00,ETF,ETF,52.00,43.00,49.00,46.00,0.37,0.28,625022.00,841280.00,35.88,30.04,0,NO,34.27,34.80,33.79,34.91,34.01,,1136,1.11,493987.00,NO,NO,2024-03-26,5107500.00
3530,FCNCA,2073.46,2073.50,59038.00,Financial Services,Banks - Regional,52.00,28.00,47.00,57.00,51.86,51.86,67665.00,71830.00,2296.30,1623.76,23415832576,NO,2112.36,2164.99,2060.99,2173.13,2055.21,,10063,0.00,59038.00,NO,NO,2023-03-27,1721400.00
3531,UNTY,55.34,54.65,42880.00,Financial Services,Banks - Regional,52.00,22.00,39.00,47.00,1.36,1.28,60536.00,66610.00,62.50,44.34,555756288,NO,57.63,58.68,55.18,58.83,56.04,,7477,0.93,42880.00,NO,NO,2021-06-25,1132400.00
3532,EHLS,25.97,25.68,431.00,ETF,ETF,52.00,79.00,44.00,42.00,0.13,0.06,2184.00,2000.00,27.56,22.30,0,NO,25.67,25.73,25.79,25.79,26.08,,629,1.03,431.00,NO,NO,2024-04-03,1727500.00
3533,EPP,54.71,54.65,242781.00,ETF,ETF,52.00,25.00,68.00,41.00,0.66,0.42,255441.00,226560.00,58.56,48.93,0,NO,55.95,56.77,54.74,56.79,55.22,,6273,0.00,242781.00,NO,NO,2018-03-06,13661900.00
3534,ZDEK,26.90,26.84,16522.00,ETF,ETF,52.00,71.00,69.00,47.00,0.04,0.03,5804.00,9050.00,26.90,25.15,0,NO,26.81,26.72,26.20,26.76,26.36,,460,0.17,16522.00,NO,NO,2025-04-04,995500.00
3535,BCHP,37.73,37.47,10522.00,ETF,ETF,52.00,58.00,70.00,68.00,0.41,0.31,28258.00,33000.00,40.00,31.55,0,NO,37.50,37.94,36.62,38.18,36.69,,810,0.00,10522.00,NO,NO,2025-01-31,758900.00
3536,JLCO,25.79,25.50,3318.00,ETF,ETF,52.00,78.00,,,0.18,0.08,776.00,270.00,26.41,24.34,0,NO,25.44,25.56,,25.69,,,56,0.00,3318.00,NO,NO,2026-07-16,7100.00
3537,RDVI,28.16,28.15,2427619.00,ETF,ETF,52.00,44.00,39.00,58.00,0.30,0.28,1066436.00,1903460.00,30.09,24.77,0,NO,28.39,29.01,27.74,29.02,28.02,,991,0.00,2427619.00,NO,NO,2026-09-30,3736800.00
3538,ASLV,29.91,29.74,3071.00,ETF,ETF,52.00,43.00,48.00,53.00,0.21,0.12,9279.00,42480.00,31.52,26.76,0,NO,30.24,30.69,29.52,30.73,29.72,,382,0.47,3071.00,NO,NO,2025-04-14,7147900.00
3539,FOXF,18.65,18.37,691935.00,Consumer Cyclical,Auto Parts,52.00,12.00,88.00,62.00,0.75,0.72,527277.00,640400.00,26.02,13.08,783878144,NO,19.15,19.84,18.25,19.99,18.23,,3308,0.00,691935.00,NO,NO,2020-09-18,8461800.00
3540,QQQI,56.08,55.67,3742989.00,ETF,ETF,52.00,82.00,60.00,63.00,0.57,0.45,4783358.00,3874000.00,57.84,47.87,0,NO,54.95,54.52,54.14,54.84,54.36,,672,0.00,3742989.00,NO,NO,2026-06-09,14287500.00
3541,IXG,126.43,126.04,25411.00,ETF,ETF,52.00,21.00,44.00,60.00,1.62,1.40,60503.00,32430.00,137.00,109.99,0,NO,131.11,132.78,124.11,132.92,125.30,,6253,0.30,25411.00,NO,NO,2021-05-26,18058100.00
3542,AMGR,26.08,25.65,8452.00,ETF,ETF,52.00,83.00,74.00,,0.43,0.34,6155.00,1560.00,27.91,24.25,0,NO,25.33,25.34,,25.47,,,71,1.54,8452.00,NO,NO,2026-08-05,66900.00
3543,AUAU,37.64,37.37,694.00,ETF,ETF,52.00,9.00,87.00,13.00,0.87,0.30,1682.00,1620.00,50.38,30.32,0,NO,40.30,39.37,39.22,40.02,37.95,,203,0.00,694.00,NO,NO,2026-01-30,86000.00
3544,MNGB,25.42,25.60,8.00,ETF,ETF,52.00,,,,,,150.00,150.00,26.17,24.50,0,NO,,,,,,,7,0.00,400.00,NO,NO,2026-09-30,400.00
3545,IDVO,41.62,41.12,207903.00,ETF,ETF,52.00,43.00,51.00,41.00,0.55,0.46,249514.00,316770.00,43.82,36.10,0,NO,42.44,42.69,41.89,42.76,42.11,,1021,0.61,207903.00,NO,NO,2026-05-28,1468900.00
3546,RSBY,17.93,18.04,25478.00,ETF,ETF,52.00,56.00,51.00,22.00,0.14,0.11,17747.00,18900.00,19.00,15.17,0,NO,18.09,18.02,17.63,17.96,18.27,,531,0.00,25478.00,NO,NO,2024-08-21,5018100.00
3547,NUDM,39.66,39.25,142307.00,ETF,ETF,52.00,42.00,46.00,57.00,0.55,0.42,104695.00,407670.00,41.79,34.70,0,NO,40.21,40.68,38.81,40.80,39.18,,2341,0.97,142307.00,NO,NO,2026-10-01,1904900.00
3548,PSAI,27.39,27.09,18.00,ETF,ETF,52.00,49.00,55.00,,0.19,0.09,1376.00,560.00,28.98,25.26,0,NO,27.82,28.00,,28.11,,,102,0.15,200.00,NO,NO,2026-06-01,52900.00
3549,ACVT,28.25,28.18,6061.00,ETF,ETF,52.00,60.00,59.00,55.00,0.10,0.05,6365.00,1230.00,28.88,25.77,0,NO,28.39,28.46,27.48,28.51,27.72,,359,0.20,6061.00,NO,NO,2025-04-30,221000.00
3550,AOCT,27.83,27.90,86539.00,ETF,ETF,52.00,72.00,68.00,47.00,0.08,0.08,8320.00,38380.00,27.93,26.16,0,NO,27.68,27.60,27.06,27.62,27.24,,503,0.00,86539.00,NO,NO,2024-10-07,513300.00
3551,CPSD,27.18,27.16,2563.00,ETF,ETF,52.00,70.00,69.00,47.00,0.03,0.02,1734.00,2420.00,27.19,25.44,0,NO,27.10,27.02,26.49,27.05,26.65,,460,0.00,2563.00,NO,NO,2024-12-02,660000.00
3552,HWO,26.01,25.90,13.00,ETF,ETF,52.00,31.00,,,0.15,0.01,307.00,250.00,27.92,24.64,0,NO,26.49,26.60,,26.74,,,52,0.00,13.00,NO,NO,2026-07-22,2100.00
3553,INDB,80.06,78.93,561696.00,Financial Services,Banks - Regional,52.00,52.00,27.00,46.00,1.60,1.51,349152.00,426940.00,87.50,63.33,3792369920,NO,81.28,82.92,80.16,82.94,80.70,,10175,1.08,561696.00,NO,NO,2021-11-12,4261700.00
3554,MOO,81.34,80.69,225800.00,ETF,ETF,52.00,13.00,59.00,22.00,1.15,1.01,311230.00,343690.00,89.30,69.32,0,NO,84.68,83.87,81.58,83.79,82.22,,4800,0.12,225800.00,NO,NO,2011-05-09,5819100.00
3555,BRES,26.64,26.44,4043.00,ETF,ETF,52.00,60.00,42.00,60.00,0.26,0.17,14052.00,8880.00,28.02,23.22,0,NO,26.60,27.00,,27.07,26.36,,166,0.00,4043.00,NO,NO,2026-06-16,251100.00
3556,DWAS,109.11,108.20,3248.00,ETF,ETF,52.00,71.00,15.00,54.00,1.46,1.12,18009.00,7340.00,127.77,88.62,0,NO,109.23,112.25,108.66,112.30,111.76,,3572,0.00,3248.00,NO,NO,2026-01-21,1701700.00
3557,JHSC,46.20,45.73,17180.00,ETF,ETF,52.00,33.00,33.00,52.00,0.50,0.43,40539.00,31050.00,50.00,39.61,0,NO,46.74,48.03,46.14,48.02,46.76,,2235,0.96,17180.00,NO,NO,2019-09-20,3208800.00
3558,JSMD,91.10,89.73,25639.00,ETF,ETF,52.00,57.00,20.00,66.00,1.28,1.09,65984.00,80320.00,101.70,75.30,0,NO,90.89,93.21,89.63,93.24,91.41,,2667,1.31,25639.00,NO,NO,2026-04-29,454900.00
3559,FDV,31.47,31.47,110848.00,ETF,ETF,52.00,19.00,50.00,42.00,0.27,0.26,150173.00,199740.00,35.11,27.76,0,NO,32.43,33.06,31.46,32.99,31.92,,972,0.00,110848.00,NO,NO,2026-04-22,1858500.00
3560,MOAT,106.22,105.96,310194.00,ETF,ETF,52.00,23.00,61.00,60.00,1.07,0.99,548488.00,442050.00,115.58,94.07,0,NO,108.12,110.37,104.76,110.51,104.43,,3631,0.00,310194.00,NO,NO,2025-04-04,2901300.00
3561,TPYP,40.63,40.24,42397.00,ETF,ETF,52.00,18.00,44.00,23.00,0.54,0.50,43353.00,46160.00,44.65,33.94,0,NO,41.78,42.47,41.15,42.33,42.43,,2832,0.00,42397.00,NO,NO,2024-04-19,2275600.00
3562,UCOP,40.89,40.92,493.00,ETF,ETF,52.00,50.00,75.00,,1.06,0.27,2058.00,550.00,47.68,36.49,0,NO,42.06,42.44,,42.48,,,115,0.00,493.00,NO,NO,2026-07-09,79000.00
3563,FSUN,39.52,38.80,335419.00,Financial Services,Banks - Regional,52.00,54.00,70.00,54.00,0.89,0.84,317536.00,506160.00,42.34,29.95,1736918528,NO,39.55,39.61,37.84,39.92,37.56,,1046,1.31,335419.00,NO,NO,2025-06-27,1939800.00
3564,KDVD,27.75,27.39,16.00,ETF,ETF,52.00,34.00,39.00,53.00,0.18,0.07,315.00,210.00,29.50,24.89,0,NO,28.29,28.74,27.43,28.74,27.77,,205,0.02,300.00,NO,NO,2025-12-08,55200.00
3565,BEDY,28.56,28.39,58281.00,ETF,ETF,52.00,31.00,47.00,50.00,0.31,0.28,90842.00,87290.00,30.65,26.01,0,NO,29.17,29.64,28.36,29.65,28.66,,205,0.56,58281.00,NO,NO,2026-08-11,506500.00
3566,HOG,24.55,24.83,1709339.00,Consumer Cyclical,Recreational Vehicles,52.00,7.00,41.00,74.00,0.87,0.86,2110669.00,2006160.00,28.88,17.09,2554979840,NO,26.19,26.50,23.29,26.67,24.59,,10138,0.00,1709339.00,NO,NO,1991-10-24,67547200.00
3567,KEAT,32.55,32.46,840.00,ETF,ETF,52.00,21.00,76.00,19.00,0.23,0.05,2725.00,860.00,35.32,28.76,0,NO,33.81,33.97,33.26,34.02,33.48,,632,0.28,840.00,NO,NO,2024-04-15,236400.00
3568,FTXR,41.69,41.17,27356.00,ETF,ETF,52.00,41.00,18.00,58.00,0.65,0.54,165138.00,388270.00,46.17,33.62,0,NO,42.24,43.63,42.08,43.57,42.65,,2521,1.22,27356.00,NO,NO,2026-02-27,30818500.00
3569,AXTA,32.20,31.85,2682819.00,Basic Materials,Specialty Chemicals,52.00,9.00,19.00,78.00,0.80,0.67,1717392.00,2208240.00,38.61,24.94,6891444224,NO,33.15,35.02,32.16,35.18,31.93,,2989,1.00,2682819.00,NO,NO,2023-03-17,34854700.00
3570,ZAUG,27.98,27.94,7851.00,ETF,ETF,52.00,71.00,68.00,47.00,0.10,0.09,68006.00,45410.00,28.01,25.81,0,NO,27.88,27.85,27.26,27.88,27.45,,545,0.00,7851.00,NO,NO,2024-08-01,1258600.00
3571,GDE,64.10,63.84,49019.00,ETF,ETF,52.00,30.00,65.00,40.00,1.36,1.06,111293.00,102580.00,78.89,56.01,0,NO,65.69,66.12,66.23,66.71,65.49,,1141,0.00,49019.00,NO,NO,2025-06-12,789300.00
3572,AVMV,77.47,77.06,57095.00,ETF,ETF,52.00,28.00,37.00,46.00,0.74,0.72,58858.00,68120.00,84.26,66.13,0,NO,78.57,80.84,77.81,80.80,78.92,,726,0.40,57095.00,NO,NO,2024-08-30,674400.00
3573,SHRY,44.77,44.95,15.00,ETF,ETF,52.00,19.00,71.00,43.00,0.35,0.09,417.00,410.00,48.25,40.12,0,NO,46.02,46.70,44.39,46.77,44.75,,2333,0.00,15.00,NO,NO,2018-04-18,313500.00
3574,RDNT,69.93,67.70,574188.00,Healthcare,Diagnostics & Research,52.00,15.00,68.00,85.00,2.72,2.69,735314.00,736860.00,85.84,50.82,5503334400,NO,72.97,72.44,65.48,72.99,63.29,,7484,1.21,574188.00,NO,NO,2019-11-19,8417900.00
3575,GPN,78.38,80.29,2513906.00,Industrials,Specialty Business Services,52.00,4.00,67.00,80.00,2.39,2.31,2855679.00,2669890.00,95.88,61.16,20740788224,NO,85.81,88.03,76.48,87.93,76.47,,6467,0.00,2513906.00,NO,NO,2016-04-22,36730000.00
3576,IQQ,25.36,25.10,797066.00,ETF,ETF,52.00,86.00,,,0.33,0.26,991690.00,1451930.00,25.53,22.36,0,NO,24.62,24.25,,24.43,,,61,0.00,797066.00,NO,NO,2026-07-10,5503500.00
3577,NYYY,46.30,45.67,2417.00,ETF,ETF,52.00,81.00,90.00,,0.71,0.35,1168.00,960.00,49.07,38.69,0,NO,44.59,43.94,,44.48,,,97,0.00,2417.00,NO,NO,2026-08-12,11500.00
3578,CPRY,28.27,28.21,19.00,ETF,ETF,52.00,69.00,64.00,46.00,0.05,0.04,3090.00,3470.00,28.31,25.70,0,NO,28.23,28.19,27.64,28.22,27.85,,438,0.00,2400.00,NO,NO,2025-01-13,631500.00
3579,TOWN,36.03,35.87,551929.00,Financial Services,Banks - Regional,52.00,38.00,54.00,51.00,0.62,0.62,587901.00,559760.00,39.03,31.91,3330514688,NO,36.66,37.27,35.52,37.24,35.73,,6896,0.00,551929.00,NO,NO,2026-03-20,3382300.00
3580,JHMD,44.45,43.91,575016.00,ETF,ETF,51.00,37.00,48.00,46.00,0.58,0.41,92720.00,110740.00,46.80,39.12,0,NO,45.30,45.75,44.35,45.88,44.68,,2457,0.89,575016.00,NO,NO,2018-12-11,4789200.00
3581,BLOK,61.82,61.36,212876.00,ETF,ETF,51.00,71.00,43.00,81.00,1.87,1.51,208663.00,360050.00,75.89,46.90,0,NO,63.54,62.04,59.98,62.49,60.65,,2184,0.00,212876.00,NO,NO,2021-02-16,3474500.00
3582,JDIV,56.14,56.55,432.00,ETF,ETF,51.00,53.00,64.00,52.00,0.41,0.17,1314.00,1850.00,58.83,51.34,0,NO,57.01,57.50,55.77,57.65,56.09,,504,0.00,1300.00,NO,NO,2026-05-28,22400.00
3583,FEMV,26.59,26.42,741.00,ETF,ETF,51.00,35.00,59.00,,0.17,0.09,1585.00,1460.00,28.19,24.84,0,NO,26.85,27.33,,27.36,,,108,0.00,741.00,NO,NO,2026-04-30,199600.00
3584,XVMS,31.19,30.93,9326.00,ETF,ETF,51.00,,,,,,271.00,271.00,31.29,29.83,0,NO,,,,,,,8,0.00,9326.00,NO,YES,2026-10-02,9326.00
3585,DMXU,37.90,37.45,15275.00,ETF,ETF,51.00,46.00,45.00,52.00,0.78,0.59,5512.00,18120.00,41.59,32.92,0,NO,38.36,38.72,37.42,38.84,37.71,,1987,1.01,15275.00,NO,NO,2023-05-30,151000.00
3586,DWM,73.48,72.83,6336.00,ETF,ETF,51.00,40.00,48.00,46.00,0.75,0.47,11196.00,9610.00,84.37,64.58,0,NO,74.61,75.41,73.16,75.59,73.66,,5106,0.48,6336.00,NO,NO,2012-09-27,1398300.00
3587,MPLX,56.38,56.35,1105486.00,Energy,Oil & Gas Midstream,51.00,30.00,53.00,38.00,1.17,1.15,1424920.00,1665080.00,60.95,47.80,57161330688,NO,58.40,58.76,56.80,58.66,57.25,,3502,0.00,1105486.00,NO,NO,2019-07-29,16465500.00
3588,PRAM,26.65,26.28,23109.00,ETF,ETF,51.00,91.00,,,0.79,0.60,34276.00,16960.00,30.40,22.70,0,NO,25.19,,,,,,26,0.57,23109.00,NO,NO,2026-08-31,135300.00
3589,ARKQ,124.48,121.43,219023.00,ETF,ETF,51.00,82.00,33.00,56.00,2.33,1.87,107195.00,87590.00,144.42,98.35,0,NO,122.45,122.49,124.58,123.59,124.79,,3020,1.31,219023.00,NO,NO,2021-02-23,4436100.00
3590,CPSY,26.16,26.14,2346.00,ETF,ETF,51.00,72.00,69.00,46.00,0.04,0.02,1217.00,1230.00,26.16,24.62,0,NO,26.07,25.98,25.51,26.01,25.66,,439,0.04,2346.00,NO,NO,2025-01-02,614800.00
3591,BTA,25.54,25.62,215.00,ETF,ETF,51.00,76.00,,,0.14,0.02,31911.00,310.00,25.79,24.61,0,NO,25.48,,,,,,27,0.00,215.00,NO,NO,2026-08-28,210700.00
3592,HCI,184.25,181.39,122565.00,Financial Services,Insurance - Property & Casualty,51.00,54.00,68.00,78.00,4.30,4.29,162363.00,187550.00,210.50,144.75,2291861248,NO,182.58,183.06,169.41,183.71,169.32,,4541,0.35,122565.00,NO,NO,2013-06-04,1536300.00
3593,USFE,35.78,35.69,146.00,ETF,ETF,51.00,23.00,75.00,54.00,0.23,0.13,1503.00,2770.00,38.29,32.62,0,NO,36.88,36.90,,37.04,35.16,,172,0.00,146.00,NO,NO,2026-02-06,20600.00
3594,BWMX,16.50,16.40,27170.00,Consumer Cyclical,Specialty Retail,51.00,87.00,14.00,28.00,0.62,0.58,78182.00,54290.00,19.79,12.34,614524672,NO,16.25,16.34,17.09,16.38,17.07,,1948,0.00,27170.00,NO,NO,2022-02-11,1138400.00
3595,EMTY,24.79,24.76,2170.00,ETF,ETF,51.00,77.00,72.00,47.00,0.21,0.16,888.00,860.00,26.02,21.78,0,NO,24.68,24.00,23.71,24.03,23.97,,2230,0.00,2170.00,NO,NO,2022-11-28,173600.00
3596,TTEK,33.12,33.72,1912259.00,Industrials,Engineering & Construction,51.00,14.00,82.00,51.00,0.98,0.98,2569819.00,2390890.00,43.14,25.81,8480191488,NO,35.11,35.20,33.03,35.38,31.69,,8760,0.00,1912259.00,NO,NO,2019-07-31,61289500.00
3597,MNVR,33.40,33.40,13.00,ETF,ETF,51.00,77.00,73.00,,0.06,0.01,107.00,140.00,33.50,31.98,0,NO,33.32,33.15,,33.24,,,105,0.00,100.00,NO,NO,2026-06-25,4100.00
3598,ELE,18.17,18.37,491156.00,Basic Materials,Gold,51.00,4.00,83.00,18.00,1.08,0.95,341822.00,577010.00,26.96,12.58,1393649920,NO,20.51,19.93,18.81,20.25,18.34,,1549,0.00,491156.00,NO,NO,2026-06-26,5214700.00
3599,RZG,63.32,62.54,2099.00,ETF,ETF,51.00,30.00,12.00,58.00,0.73,0.54,11136.00,2920.00,73.24,50.95,0,NO,64.25,67.01,62.99,66.84,65.09,,5177,1.23,2099.00,NO,NO,2011-07-07,4709700.00
3600,BCDF,31.99,32.05,634.00,ETF,ETF,51.00,30.00,77.00,43.00,0.27,0.13,853.00,940.00,36.27,29.01,0,NO,32.75,32.97,31.80,33.06,32.02,,1047,0.00,634.00,NO,NO,2023-11-09,40300.00
3601,XLKX,23.80,23.47,4339.00,ETF,ETF,51.00,94.00,89.00,,0.51,0.25,971.00,1630.00,24.55,17.11,0,NO,21.99,21.05,,21.46,,,85,0.00,4339.00,NO,NO,2026-07-10,10900.00
3602,NECK,25.92,25.34,4217.00,ETF,ETF,51.00,,,,,,5614.00,5614.00,25.96,24.11,0,NO,,,,,,,8,2.13,4217.00,NO,NO,2026-09-25,9000.00
3603,NICE,113.90,116.48,406824.00,Technology,Software - Application,51.00,87.00,91.00,38.00,5.84,5.42,560596.00,760820.00,141.10,83.10,6674220032,NO,108.15,104.21,104.85,104.73,101.17,,7722,0.00,406824.00,NO,NO,1998-09-25,17649600.00
3604,KVLE,27.84,27.71,194.00,ETF,ETF,51.00,32.00,49.00,63.00,0.21,0.10,2187.00,2740.00,29.59,24.34,0,NO,28.31,28.75,27.29,28.81,27.65,,1470,0.00,194.00,NO,NO,2025-04-08,754300.00
3605,RCLY,103.59,103.66,6.00,ETF,ETF,51.00,77.00,73.00,49.00,0.03,0.00,114.00,100.00,103.66,96.37,0,NO,103.50,102.77,,103.00,101.14,,159,0.00,100.00,NO,NO,2026-02-19,3900.00
3606,HASI,36.27,36.03,935670.00,Financial Services,Asset Management,51.00,12.00,29.00,29.00,0.81,0.78,994646.00,1239110.00,44.13,27.28,4660542464,NO,36.88,38.66,37.75,38.53,38.86,,3386,0.11,935670.00,NO,NO,2023-09-15,21762200.00
3607,ZAPR,27.06,27.04,1766.00,ETF,ETF,51.00,70.00,68.00,44.00,0.06,0.05,5385.00,4640.00,27.07,25.41,0,NO,26.99,26.91,26.40,26.94,26.62,,379,0.00,1766.00,NO,NO,2026-04-06,603000.00
3608,CART,44.25,44.11,2306980.00,Consumer Cyclical,Internet Retail,51.00,5.00,23.00,68.00,1.56,1.49,4076266.00,4476650.00,52.68,32.73,10502003712,NO,45.67,47.35,42.59,47.66,43.64,,763,0.00,2306980.00,NO,NO,2023-09-19,39495900.00
3609,MAUG,33.39,33.37,9.00,ETF,ETF,51.00,76.00,74.00,,0.20,0.13,179.00,100.00,34.75,31.99,0,NO,33.33,33.20,,33.30,,,105,0.00,100.00,NO,NO,2026-06-25,4100.00
3610,EZMO,27.07,26.81,2632.00,ETF,ETF,51.00,79.00,74.00,38.00,0.21,0.07,5442.00,920.00,29.21,24.57,0,NO,26.71,26.41,26.73,26.58,26.44,,242,0.91,2632.00,NO,NO,2026-03-06,138800.00
3611,XVAD,30.65,29.82,10002.00,ETF,ETF,51.00,,,,,,371.00,371.00,31.01,28.96,0,NO,,,,,,,8,0.00,10002.00,NO,YES,2026-10-02,10002.00
3612,GAL,52.65,52.43,17410.00,ETF,ETF,51.00,52.00,54.00,50.00,0.36,0.27,11233.00,12030.00,55.25,48.37,0,NO,53.21,53.37,52.03,53.46,52.48,,3630,0.00,17410.00,NO,NO,2015-12-18,690500.00
3613,MFEB,33.42,33.42,9.00,ETF,ETF,51.00,77.00,73.00,,0.07,0.00,100.00,100.00,33.52,31.97,0,NO,33.35,33.19,,33.29,,,105,0.00,100.00,NO,NO,2026-06-25,4100.00
3614,CSWC,23.52,23.30,468095.00,Financial Services,Asset Management,51.00,27.00,52.00,48.00,0.42,0.38,630922.00,586700.00,25.75,19.37,1499020544,NO,23.64,24.25,23.32,24.29,23.53,,11732,0.00,468095.00,NO,NO,2006-12-07,7146686.00
3615,SIRI,25.72,25.64,5273794.00,Communication Services,Entertainment,51.00,5.00,8.00,55.00,0.72,0.71,4024301.00,4967130.00,32.66,19.77,8669360128,NO,27.43,28.59,25.61,28.22,27.31,,8068,0.00,5273794.00,NO,NO,2010-04-07,60983450.00
3616,CPNM,27.18,27.16,127.00,ETF,ETF,51.00,72.00,68.00,45.00,0.02,0.01,790.00,1810.00,27.18,25.54,0,NO,27.09,26.99,26.54,27.01,26.71,,400,0.00,127.00,NO,NO,2025-03-03,137400.00
3617,CSMD,34.60,33.99,24495.00,ETF,ETF,51.00,80.00,35.00,65.00,0.43,0.37,37242.00,31320.00,37.04,29.53,0,NO,33.79,34.46,33.66,34.57,33.79,,782,1.21,24495.00,NO,NO,2026-03-12,1366200.00
3618,DIM,85.84,84.97,2573.00,ETF,ETF,51.00,35.00,52.00,42.00,0.89,0.54,3525.00,9000.00,90.63,75.63,0,NO,88.08,88.44,86.05,88.64,86.61,,5106,0.65,2573.00,NO,NO,2007-03-23,1204000.00
3619,CPSA,28.17,28.13,1006.00,ETF,ETF,51.00,69.00,67.00,46.00,0.06,0.04,8346.00,3700.00,28.18,26.48,0,NO,28.08,28.06,27.49,28.09,27.69,,545,0.15,1006.00,NO,NO,2024-08-01,1027700.00
3620,CGIE,36.72,36.29,336160.00,ETF,ETF,51.00,53.00,49.00,54.00,0.44,0.32,384973.00,406160.00,38.63,32.52,0,NO,37.08,37.40,36.17,37.55,36.27,,756,0.83,336160.00,NO,NO,2026-03-03,1470200.00
3621,MVPA,34.61,34.59,237.00,ETF,ETF,51.00,16.00,69.00,60.00,0.31,0.17,960.00,750.00,38.05,30.40,0,NO,35.79,36.41,33.98,36.45,34.14,,671,0.00,237.00,NO,NO,2025-04-01,116400.00
3622,HXC,25.99,25.68,6.00,ETF,ETF,51.00,79.00,,,0.23,0.01,41534.00,210.00,26.71,25.00,0,NO,26.15,,,,,,28,0.00,100.00,NO,NO,2026-08-21,1200100.00
3623,CRDD,18.21,18.85,4130.00,ETF,ETF,51.00,95.00,93.00,,0.98,0.59,3720.00,5090.00,23.09,10.58,0,NO,17.33,15.71,,16.09,,,128,0.00,4130.00,NO,NO,2026-07-21,27000.00
3624,DIVG,36.00,35.76,83.00,ETF,ETF,51.00,27.00,42.00,47.00,0.21,0.10,1412.00,990.00,38.74,31.47,0,NO,37.00,37.69,35.73,37.64,36.41,,706,0.00,700.00,NO,NO,2025-04-10,100800.00
3625,BMVP,52.03,51.89,594.00,ETF,ETF,51.00,32.00,62.00,44.00,0.26,0.11,947.00,1190.00,55.18,47.46,0,NO,52.99,53.79,51.83,53.78,52.13,,5894,0.08,594.00,NO,NO,2014-07-16,6082200.00
3626,JAJL,30.36,30.30,6606.00,ETF,ETF,51.00,70.00,67.00,46.00,0.08,0.07,49598.00,24330.00,30.38,28.63,0,NO,30.27,30.20,29.63,30.24,29.82,,567,0.12,6606.00,NO,NO,2024-07-01,2467600.00
3627,MMAY,33.40,33.40,9.00,ETF,ETF,51.00,76.00,72.00,,0.09,0.00,139.00,140.00,33.58,32.04,0,NO,33.35,33.20,,33.30,,,105,0.00,100.00,NO,NO,2026-06-04,14200.00
3628,PAVE,53.88,53.04,1360598.00,ETF,ETF,51.00,61.00,22.00,48.00,0.78,0.75,1702152.00,1515160.00,60.43,45.44,0,NO,53.40,55.48,54.37,55.49,55.36,,2407,1.11,1360598.00,NO,NO,2021-07-12,12042000.00
3629,ZMAR,28.70,28.65,13534.00,ETF,ETF,51.00,71.00,68.00,45.00,0.04,0.03,4895.00,5110.00,28.70,27.02,0,NO,28.62,28.53,28.03,28.56,28.19,,400,0.17,13534.00,NO,NO,2025-03-03,1518800.00
3630,NODE,39.51,39.00,4306.00,ETF,ETF,51.00,85.00,26.00,78.00,1.40,0.93,11206.00,13460.00,54.32,30.36,0,NO,40.69,39.14,39.18,39.42,40.04,,349,0.00,4306.00,NO,NO,2025-11-14,232900.00
3631,CPSF,26.66,26.61,1243.00,ETF,ETF,51.00,71.00,68.00,45.00,0.05,0.02,1673.00,2200.00,26.68,25.09,0,NO,26.58,26.50,26.04,26.53,26.18,,419,0.08,1243.00,NO,NO,2025-02-03,417800.00
3632,STNC,35.92,35.82,1172.00,ETF,ETF,51.00,58.00,41.00,46.00,0.20,0.08,1439.00,2080.00,38.53,31.60,0,NO,36.01,36.53,35.70,36.60,36.15,,1395,0.25,1172.00,NO,NO,2024-01-11,142700.00
3633,GCOW,44.48,44.46,223716.00,ETF,ETF,51.00,19.00,66.00,23.00,0.43,0.33,262422.00,277670.00,48.06,39.02,0,NO,45.86,46.51,45.28,46.50,45.72,,2669,0.00,223716.00,NO,NO,2026-02-06,2548300.00
3634,FITZ,25.94,25.73,26387.00,ETF,ETF,51.00,82.00,80.00,,0.23,0.19,37641.00,31090.00,36.30,23.43,0,NO,25.56,25.31,,25.42,,,89,0.70,26387.00,NO,NO,2026-05-28,1025300.00
3635,BETA,22.17,21.73,2189259.00,Industrials,Aerospace & Defense,51.00,89.00,91.00,91.00,1.57,1.52,2423728.00,4954850.00,39.50,13.43,5304338944,NO,21.84,21.95,19.97,22.25,18.55,,229,0.00,2189259.00,NO,NO,2026-09-18,25855300.00
3636,TSLS,54.72,57.40,261838.00,ETF,ETF,51.00,26.00,84.00,9.00,1.68,1.43,330682.00,193270.00,69.83,46.20,0,NO,55.92,59.49,56.03,58.63,57.40,,1041,0.00,261838.00,NO,NO,2025-11-20,12671280.00
3637,LYV,168.77,166.85,2068689.00,Communication Services,Entertainment,51.00,22.00,20.00,56.00,3.73,3.68,1941849.00,2155650.00,189.25,125.34,39316578304,NO,170.02,177.24,163.80,175.71,168.89,,5227,0.63,2068689.00,NO,NO,2019-12-20,27143600.00
3638,ZJAN,28.46,28.43,1481.00,ETF,ETF,51.00,70.00,68.00,46.00,0.05,0.04,14606.00,11900.00,28.47,26.82,0,NO,28.38,28.30,27.80,28.33,27.96,,439,0.02,1481.00,NO,NO,2026-01-02,591300.00
3639,QGRO,117.85,117.92,47508.00,ETF,ETF,51.00,71.00,62.00,62.00,1.15,1.00,71965.00,57470.00,121.01,101.05,0,NO,117.12,117.32,113.94,117.76,114.28,,2025,0.00,47508.00,NO,NO,2019-10-24,2803900.00
3640,UCB,34.11,33.77,943819.00,Financial Services,Banks - Regional,51.00,48.00,34.00,51.00,0.72,0.71,845546.00,940060.00,37.18,28.65,4085144064,NO,34.53,35.18,33.81,35.24,34.03,,6174,0.71,943819.00,NO,NO,2021-12-31,4989200.00
3641,PBP,23.41,23.32,63068.00,ETF,ETF,51.00,71.00,69.00,50.00,0.16,0.13,67631.00,115410.00,23.57,21.46,0,NO,23.30,23.27,22.85,23.34,22.85,,4721,0.28,63068.00,NO,NO,2016-01-29,3276700.00
3642,VOT,297.59,294.94,311767.00,ETF,ETF,51.00,70.00,45.00,67.00,3.71,3.09,186944.00,205140.00,315.15,248.23,0,NO,294.88,299.60,287.47,300.66,290.39,,5057,0.00,311767.00,NO,NO,2008-03-12,2841300.00
3643,LOEV,15.90,15.77,12902.00,ETF,ETF,51.00,55.00,,,0.16,0.10,19018.00,7480.00,16.55,14.25,0,NO,16.01,16.07,,16.13,,,54,0.00,12902.00,NO,NO,2026-07-24,252000.00
3644,HAL,31.85,31.88,8092378.00,Energy,Oil & Gas Equipment & Services,51.00,4.00,39.00,6.00,0.79,0.76,11187542.00,10720990.00,43.59,21.46,26535202816,NO,34.00,33.98,35.43,34.12,36.42,,13698,0.00,8092378.00,NO,NO,2001-12-07,153932600.00
3645,TBG,36.27,36.24,16704.00,ETF,ETF,51.00,17.00,43.00,46.00,0.30,0.26,42146.00,45830.00,39.68,32.33,0,NO,37.33,38.22,36.42,38.15,36.93,,728,0.00,16704.00,NO,NO,2023-11-07,1003700.00
3646,THIR,33.85,33.60,17760.00,ETF,ETF,51.00,60.00,48.00,55.00,0.29,0.20,35631.00,22420.00,35.00,30.15,0,NO,33.80,34.02,33.14,34.09,33.31,,508,0.00,17760.00,NO,NO,2025-04-01,1925300.00
3647,QQQT,18.19,18.01,40433.00,ETF,ETF,51.00,82.00,53.00,70.00,0.23,0.17,31723.00,31130.00,19.45,15.24,0,NO,17.96,17.91,17.66,18.00,17.81,,573,1.01,40433.00,NO,NO,2026-05-06,140200.00
3648,OTTR,88.87,88.46,216356.00,Industrials,Conglomerates,51.00,67.00,48.00,37.00,1.81,1.77,235187.00,283190.00,95.09,74.15,3731258624,NO,88.72,90.48,88.22,90.03,89.13,,13518,0.00,216356.00,NO,NO,2023-02-22,9929000.00
3649,ROBX,24.48,23.56,1277.00,ETF,ETF,51.00,91.00,,,0.37,0.10,2122.00,1730.00,24.48,21.93,0,NO,22.94,,,,,,32,3.82,1277.00,NO,NO,2026-08-19,21700.00
3650,CGCV,32.31,32.10,364861.00,ETF,ETF,51.00,50.00,46.00,56.00,0.26,0.23,294085.00,314000.00,33.97,29.27,0,NO,32.52,33.05,31.84,33.04,32.10,,569,0.00,364861.00,NO,NO,2025-08-15,11329500.00
3651,REK,16.85,16.89,43070.00,ETF,ETF,51.00,87.00,84.00,39.00,0.18,0.16,15865.00,39740.00,17.64,14.89,0,NO,16.33,15.78,16.12,15.86,15.88,,4162,0.00,43070.00,NO,NO,2015-09-08,1555250.00
3652,AAPR,29.83,29.81,6145.00,ETF,ETF,51.00,68.00,65.00,44.00,0.07,0.06,4498.00,8690.00,29.89,27.83,0,NO,29.76,29.73,29.17,29.76,29.43,,630,0.00,6145.00,NO,NO,2024-04-01,401700.00
3653,AQEC,25.65,25.46,12211.00,ETF,ETF,51.00,55.00,76.00,55.00,0.18,0.12,24484.00,12130.00,26.57,23.01,0,NO,25.74,25.85,25.07,25.89,24.78,,219,0.00,12211.00,NO,NO,2025-12-12,422300.00
3654,WWJD,38.63,38.19,60386.00,ETF,ETF,51.00,25.00,56.00,43.00,0.61,0.49,57601.00,39320.00,44.01,34.65,0,NO,39.83,40.18,38.85,40.27,39.13,,1760,0.89,60386.00,NO,NO,2024-04-02,1005800.00
3655,JGRW,27.57,27.45,5888.00,ETF,ETF,51.00,53.00,64.00,65.00,0.16,0.11,11947.00,45080.00,28.96,23.59,0,NO,27.48,27.94,26.81,28.02,26.88,,537,0.19,5888.00,NO,NO,2025-05-09,1431100.00
3656,MSST,32.05,32.21,1304.00,ETF,ETF,51.00,95.00,95.00,41.00,1.12,0.61,1953.00,1160.00,54.29,19.41,0,NO,30.53,26.94,33.10,27.59,30.85,,219,0.00,1304.00,NO,NO,2026-03-17,84800.00
3657,DDLS,45.13,44.72,16708.00,ETF,ETF,50.00,53.00,61.00,44.00,0.50,0.33,13996.00,15360.00,47.03,40.57,0,NO,45.83,45.77,44.98,45.88,45.02,,2625,0.85,16708.00,NO,NO,2025-03-04,431800.00
3658,RDIV,57.12,57.09,66117.00,ETF,ETF,50.00,11.00,42.00,44.00,0.59,0.53,63365.00,57960.00,64.42,49.98,0,NO,59.53,61.68,57.60,61.52,58.84,,3271,0.00,66117.00,NO,NO,2018-12-28,1343300.00
3659,NUDV,32.15,32.06,1551.00,ETF,ETF,50.00,24.00,42.00,45.00,0.23,0.18,8460.00,8650.00,34.50,28.46,0,NO,32.98,33.61,32.22,33.58,32.61,,1259,0.00,1551.00,NO,NO,2025-04-22,209000.00
3660,J,138.06,139.79,769091.00,Industrials,Engineering & Construction,50.00,21.00,83.00,54.00,3.69,3.61,857592.00,973060.00,168.44,105.68,16158350336,NO,141.22,143.22,133.11,143.46,131.07,,11732,0.00,769091.00,NO,NO,2007-10-25,17160846.00
3661,FIDI,27.59,27.47,48885.00,ETF,ETF,50.00,22.00,56.00,32.00,0.30,0.19,65873.00,53930.00,29.73,24.20,0,NO,28.68,29.04,27.97,29.03,28.25,,2184,0.35,48885.00,NO,NO,2026-08-17,665500.00
3662,ZFEB,26.41,26.36,14390.00,ETF,ETF,50.00,70.00,68.00,45.00,0.04,0.03,10241.00,25380.00,26.42,24.88,0,NO,26.33,26.26,25.82,26.29,25.96,,419,0.15,14390.00,NO,NO,2025-02-03,1300400.00
3663,FTRI,16.73,16.62,9126.00,ETF,ETF,50.00,12.00,74.00,14.00,0.24,0.17,29931.00,12370.00,19.13,14.45,0,NO,17.72,17.69,17.34,17.77,17.33,,4153,0.54,9126.00,NO,NO,2011-06-15,4894000.00
3664,STXK,36.46,36.16,8053.00,ETF,ETF,50.00,32.00,27.00,56.00,0.35,0.22,7579.00,5270.00,39.56,31.23,0,NO,36.89,37.96,36.28,37.95,36.81,,975,0.00,8053.00,NO,NO,2023-06-02,236000.00
3665,STXD,38.98,38.71,3940.00,ETF,ETF,50.00,53.00,48.00,57.00,0.31,0.25,5457.00,9500.00,41.47,34.56,0,NO,38.94,39.82,38.35,39.89,38.62,,975,0.00,3940.00,NO,NO,2026-01-02,222000.00
3666,BOUT,43.04,42.63,833.00,ETF,ETF,50.00,35.00,16.00,52.00,0.45,0.21,2280.00,1480.00,49.41,35.05,0,NO,43.39,44.58,42.98,44.37,44.52,,2024,0.00,833.00,NO,NO,2026-03-10,149200.00
3667,BDVL,26.26,26.18,637911.00,ETF,ETF,50.00,55.00,61.00,48.00,0.19,0.16,223438.00,225740.00,27.02,24.04,0,NO,26.36,26.51,25.75,26.58,25.96,,265,0.00,637911.00,NO,NO,2026-02-18,4421300.00
3668,CGMM,31.39,31.13,1012384.00,ETF,ETF,50.00,41.00,33.00,49.00,0.37,0.31,749461.00,969260.00,33.84,26.80,0,NO,31.63,32.34,31.29,32.38,31.61,,430,0.00,1012384.00,NO,NO,2026-03-23,9330800.00
3669,RNST,39.92,39.28,856386.00,Financial Services,Banks - Regional,50.00,53.00,21.00,54.00,0.78,0.73,646468.00,912950.00,44.54,33.04,3648866048,NO,40.26,41.62,39.84,41.55,40.65,,8671,0.92,856386.00,NO,NO,2020-10-06,10914400.00
3670,LNC,40.30,39.73,1935299.00,Financial Services,Insurance - Life,50.00,12.00,80.00,71.00,1.11,1.10,1996223.00,2012060.00,47.67,32.18,7715326976,NO,42.15,43.34,39.42,43.60,38.83,,11732,0.08,1935299.00,NO,NO,2023-09-15,44250100.00
3671,RICK,26.62,26.98,37878.00,Consumer Cyclical,Restaurants,50.00,10.00,48.00,80.00,0.89,0.85,49053.00,44270.00,32.02,20.76,203496592,NO,28.08,28.28,25.53,28.58,26.27,,7793,0.00,37878.00,NO,NO,2010-03-01,2237000.00
3672,BKH,70.96,70.14,814089.00,Utilities,Utilities - Regulated Gas,50.00,50.00,49.00,36.00,1.64,1.49,857398.00,1261120.00,78.69,59.77,5410923008,NO,71.12,72.29,72.62,72.10,72.98,,13517,0.67,814089.00,NO,NO,2015-11-18,6544800.00
3673,ZSEP,27.94,27.90,7777.00,ETF,ETF,50.00,69.00,67.00,46.00,0.09,0.08,110488.00,122190.00,28.00,26.40,0,NO,27.86,27.81,27.29,27.83,27.46,,523,0.00,7777.00,NO,NO,2024-09-03,2004100.00
3674,FDIG,42.06,42.02,21246.00,ETF,ETF,50.00,49.00,45.00,84.00,1.47,1.27,25887.00,25260.00,60.29,30.64,0,NO,44.25,43.10,41.05,43.37,41.63,,1117,0.00,21246.00,NO,NO,2024-03-12,462000.00
3675,TPSC,45.55,45.12,345238.00,ETF,ETF,50.00,32.00,32.00,51.00,0.49,0.44,23242.00,23240.00,49.36,39.04,0,NO,45.94,47.35,45.34,47.36,46.00,,1717,0.86,345238.00,NO,NO,2023-08-08,829000.00
3676,DFSI,45.14,44.68,97355.00,ETF,ETF,50.00,37.00,48.00,48.00,0.56,0.41,54434.00,66690.00,47.96,39.90,0,NO,46.02,46.51,45.05,46.63,45.22,,982,0.98,97355.00,NO,NO,2022-11-03,806800.00
3677,HIDE,24.40,24.43,15622.00,ETF,ETF,50.00,56.00,68.00,39.00,0.10,0.08,43096.00,16570.00,24.89,22.69,0,NO,24.67,24.61,24.07,24.61,24.35,,971,0.00,15622.00,NO,NO,2026-06-04,504000.00
3678,DRIV,33.53,33.05,27623.00,ETF,ETF,50.00,54.00,14.00,56.00,0.57,0.43,45134.00,50030.00,42.76,27.05,0,NO,33.73,34.21,34.45,34.45,35.48,,2128,0.00,27623.00,NO,NO,2021-01-19,4130100.00
3679,BCGS,26.96,26.93,18.00,ETF,ETF,50.00,55.00,43.00,62.00,0.26,0.01,784.00,360.00,28.83,23.50,0,NO,27.13,27.50,,27.58,26.78,,141,0.00,100.00,NO,NO,2026-03-13,683600.00
3680,TXXS,44.16,49.67,11433.00,ETF,ETF,50.00,98.00,98.00,57.00,5.38,3.57,9353.00,18930.00,307.00,17.75,0,NO,32.29,25.56,62.99,26.49,34.78,,208,0.00,11433.00,NO,NO,2026-07-27,36100.00
3681,GPC,127.24,125.12,776168.00,Consumer Cyclical,Auto Parts,50.00,16.00,52.00,81.00,2.99,2.83,1324855.00,977970.00,151.57,90.78,17541275648,NO,130.29,132.00,119.92,132.32,116.56,,11732,0.96,776168.00,NO,NO,2024-10-22,6715600.00
3682,QALT,26.52,26.42,7866.00,ETF,ETF,50.00,68.00,63.00,47.00,0.13,0.10,18952.00,27170.00,27.04,24.89,0,NO,26.21,26.38,25.93,26.42,26.06,,279,0.26,7866.00,NO,NO,2026-09-23,149200.00
3683,SNTH,29.71,29.48,31105.00,ETF,ETF,50.00,65.00,56.00,65.00,0.30,0.25,64711.00,52320.00,34.95,25.75,0,NO,29.72,29.92,28.88,29.99,29.20,,394,0.00,31105.00,NO,NO,2026-06-25,822700.00
3684,TPIF,37.19,36.81,35170.00,ETF,ETF,50.00,37.00,46.00,42.00,0.44,0.32,24838.00,22700.00,39.15,32.78,0,NO,37.85,38.24,37.21,38.34,37.50,,1717,0.81,35170.00,NO,NO,2019-12-03,829300.00
3685,AUBN,26.98,26.30,1797.00,Financial Services,Banks - Regional,50.00,78.00,67.00,72.00,0.64,0.50,1776.00,3290.00,28.88,21.01,94002712,NO,26.71,26.48,25.35,26.68,25.43,,7843,0.00,1797.00,NO,NO,2021-06-25,308600.00
3686,CPSP,27.28,27.27,520.00,ETF,ETF,50.00,69.00,67.00,43.00,0.02,0.01,1966.00,220.00,27.31,25.71,0,NO,27.22,27.15,26.68,27.17,26.89,,379,0.00,520.00,NO,NO,2025-04-01,321900.00
3687,ILOW,45.54,45.05,26400.00,ETF,ETF,50.00,41.00,50.00,49.00,0.51,0.31,49301.00,50210.00,47.90,40.74,0,NO,46.37,46.76,44.87,46.88,45.28,,558,0.82,26400.00,NO,NO,2025-08-13,1113500.00
3688,RCLR,51.74,51.73,683.00,ETF,ETF,50.00,69.00,72.00,48.00,0.03,0.01,485.00,640.00,51.85,48.14,0,NO,51.74,51.41,,51.48,50.57,,162,0.00,683.00,NO,NO,2026-02-24,13100.00
3689,EFAX,53.65,53.09,17965.00,ETF,ETF,50.00,43.00,45.00,52.00,0.59,0.34,17107.00,13320.00,56.51,47.86,0,NO,54.41,55.05,53.15,55.22,53.45,,2491,0.85,17965.00,NO,NO,2022-03-25,529600.00
3690,FRIZ,26.34,26.60,221.00,ETF,ETF,50.00,49.00,65.00,53.00,0.13,0.04,273.00,430.00,27.90,24.15,0,NO,26.80,27.15,26.18,27.14,26.29,,272,0.00,100.00,NO,NO,2025-12-19,150300.00
3691,KRE,70.78,69.95,18646256.00,ETF,ETF,50.00,29.00,24.00,53.00,1.31,1.26,13095217.00,16384730.00,78.35,57.55,0,NO,72.19,74.34,70.59,74.36,71.53,,5102,0.86,18646256.00,YES,NO,2023-05-04,117644200.00
3692,CACC,527.50,511.95,122044.00,Financial Services,Credit Services,50.00,6.00,5.00,84.00,20.52,19.89,125776.00,153940.00,668.86,401.90,5517687296,NO,571.16,578.48,529.87,580.81,551.09,,8642,1.61,122044.00,NO,NO,1997-04-25,5324000.00
3693,TDAX,24.37,24.15,152038.00,ETF,ETF,50.00,85.00,44.00,75.00,0.42,0.37,58623.00,48580.00,27.02,19.45,0,NO,23.80,23.75,,23.92,23.83,,186,0.00,152038.00,NO,NO,2026-06-22,177600.00
3694,JAPN,25.57,25.10,2235.00,ETF,ETF,50.00,74.00,83.00,64.00,0.27,0.10,4303.00,1490.00,28.69,21.98,0,NO,25.52,25.39,24.16,25.57,23.88,,350,0.00,2235.00,NO,NO,2025-05-20,71900.00
3695,AQLG,26.16,25.95,9.00,ETF,ETF,50.00,60.00,66.00,,0.13,0.01,109.00,160.00,26.98,24.79,0,NO,26.25,26.35,,26.42,,,82,0.00,9.00,NO,NO,2026-06-09,1300.00
3696,BROL,26.17,25.93,25565.00,ETF,ETF,50.00,73.00,65.00,,0.16,0.09,185739.00,1160160.00,26.50,24.26,0,NO,25.90,25.90,,26.02,,,90,0.00,25565.00,NO,NO,2026-10-01,11595700.00
3697,EWUS,43.10,42.93,4730.00,ETF,ETF,50.00,40.00,61.00,56.00,0.39,0.15,3236.00,2700.00,46.45,38.02,0,NO,43.80,44.64,42.97,44.74,42.88,,3693,0.07,4730.00,NO,NO,2020-04-20,531400.00
3698,AOR,68.57,68.53,502879.00,ETF,ETF,50.00,55.00,53.00,51.00,0.50,0.41,376673.00,505350.00,70.49,62.96,0,NO,69.12,69.38,67.65,69.51,68.20,,4494,0.00,502879.00,NO,NO,2023-01-23,3553200.00
3699,SSCP,26.21,25.88,3420.00,ETF,ETF,50.00,62.00,63.00,,0.24,0.13,5039.00,4430.00,27.11,23.82,0,NO,26.21,26.22,,26.41,,,99,1.00,3420.00,NO,NO,2026-08-05,118500.00
3700,CFG,64.33,63.70,4973771.00,Financial Services,Banks - Regional,50.00,14.00,14.00,49.00,1.50,1.47,3955798.00,4531420.00,75.33,47.95,27094304768,NO,67.03,69.82,65.15,69.68,66.32,,3024,0.55,4973771.00,NO,NO,2016-01-29,94875300.00
3701,BCGD,26.36,26.09,940.00,ETF,ETF,50.00,63.00,48.00,63.00,0.22,0.13,2277.00,2680.00,27.16,22.64,0,NO,26.18,26.44,25.78,26.55,25.85,,201,0.00,940.00,NO,NO,2025-12-15,54300.00
3702,CPST,28.17,28.14,2062.00,ETF,ETF,50.00,69.00,66.00,46.00,0.08,0.06,7566.00,15970.00,28.26,26.68,0,NO,28.09,28.05,27.54,28.08,27.72,,523,0.00,2062.00,NO,NO,2024-09-03,437800.00
3703,QUIZ,28.79,28.35,14879.00,ETF,ETF,50.00,49.00,42.00,37.00,0.38,0.28,22376.00,18080.00,32.83,24.90,0,NO,29.17,29.39,28.54,29.49,28.83,,283,0.60,14879.00,NO,NO,2025-09-30,835300.00
3704,OEI,26.18,26.11,4155.00,ETF,ETF,50.00,55.00,66.00,51.00,0.16,0.05,6214.00,4050.00,26.80,23.88,0,NO,26.30,26.19,25.67,26.28,25.67,,238,0.00,4155.00,NO,NO,2025-10-24,499400.00
3705,IDV,41.76,41.49,605249.00,ETF,ETF,50.00,18.00,54.00,28.00,0.53,0.34,664955.00,688160.00,45.49,35.90,0,NO,43.70,44.18,42.99,44.23,43.50,,4852,0.19,605249.00,NO,NO,2017-01-19,7268500.00
3706,DGLO,22.82,22.63,190.00,ETF,ETF,50.00,34.00,33.00,41.00,0.15,0.06,1001.00,1980.00,24.99,19.28,0,NO,23.06,23.78,22.97,23.77,23.34,,291,0.00,190.00,NO,NO,2026-02-17,23200.00
3707,GAP,22.51,22.73,4369474.00,Consumer Cyclical,Apparel Retail,50.00,78.00,90.00,12.00,0.80,0.78,7179103.00,6551710.00,29.36,18.11,7907090944,NO,21.68,21.08,23.51,21.32,22.15,,11732,0.00,4369474.00,NO,NO,2020-06-26,135533300.00
3708,DTAN,32.34,32.25,678.00,ETF,ETF,50.00,28.00,59.00,49.00,0.27,0.08,1026.00,2100.00,34.40,29.02,0,NO,33.16,33.49,32.26,33.60,32.30,,518,0.00,678.00,NO,NO,2024-12-31,195900.00
3709,STBQ,23.32,23.68,1774.00,ETF,ETF,50.00,75.00,83.00,74.00,0.59,0.37,2492.00,2010.00,27.65,18.46,0,NO,23.50,22.52,,22.72,21.57,,195,0.00,1774.00,NO,NO,2026-07-06,17200.00
3710,CPRA,27.84,27.80,125.00,ETF,ETF,50.00,65.00,63.00,44.00,0.04,0.02,936.00,1300.00,27.96,26.03,0,NO,27.85,27.85,27.29,27.87,27.54,,379,0.00,125.00,NO,NO,2026-04-01,146800.00
3711,EBIT,37.82,37.73,49.00,ETF,ETF,50.00,29.00,26.00,52.00,0.23,0.07,584.00,400.00,40.99,31.92,0,NO,38.90,39.69,37.50,39.56,38.33,,558,0.00,1400.00,NO,NO,2026-02-13,34200.00
3712,MVFG,33.97,33.75,11509.00,ETF,ETF,50.00,37.00,41.00,47.00,0.37,0.28,13776.00,10260.00,35.98,27.30,0,NO,34.43,34.98,34.02,35.00,34.28,,646,0.00,11509.00,NO,NO,2024-03-07,1434800.00
3713,FOX,55.89,54.92,831732.00,Communication Services,Entertainment,50.00,16.00,88.00,49.00,1.35,1.30,1179876.00,1519440.00,68.17,44.08,23567339520,NO,57.62,57.43,56.72,57.98,55.26,,1901,0.02,831732.00,NO,NO,2021-12-17,13993200.00
3714,FNY,100.53,99.22,5578.00,ETF,ETF,50.00,58.00,23.00,58.00,1.15,0.85,17276.00,14830.00,111.06,85.09,0,NO,100.08,102.72,99.74,102.86,101.30,,3886,0.00,5578.00,NO,NO,2020-10-28,462700.00
3715,ASA,56.69,55.58,40897.00,Financial Services,Asset Management,50.00,8.00,77.00,10.00,1.96,1.78,55690.00,51120.00,83.20,43.20,1040647872,NO,58.27,58.14,61.95,58.80,59.57,,12289,1.12,40897.00,NO,NO,2008-06-16,2898300.00
3716,GAM,63.76,63.48,13838.00,Financial Services,Asset Management,50.00,30.00,49.00,54.00,0.89,0.84,19157.00,24270.00,68.57,56.24,1519535360,NO,64.85,65.91,62.91,66.02,63.82,,11732,0.41,13838.00,NO,NO,1999-11-11,601200.00
3717,CPSL,28.34,28.35,9697.00,ETF,ETF,50.00,69.00,67.00,45.00,0.07,0.06,42134.00,31570.00,28.40,26.81,0,NO,28.29,28.24,27.74,28.26,27.90,,519,0.00,9697.00,NO,NO,2025-06-03,658600.00
3718,TDY,617.17,612.70,181325.00,Technology,Scientific & Technical Instruments,50.00,77.00,26.00,32.00,9.66,9.62,326930.00,314930.00,697.67,483.02,28609329152,NO,606.78,633.82,623.49,633.39,630.13,,6755,0.00,181325.00,NO,NO,2020-06-19,6953100.00
3719,GTND,26.03,25.82,812.00,ETF,ETF,50.00,80.00,74.00,,0.18,0.05,1419.00,1540.00,26.18,23.99,0,NO,25.64,25.46,,25.60,,,98,0.00,812.00,NO,NO,2026-05-19,248800.00
3720,BSR,30.79,30.60,1540.00,ETF,ETF,50.00,71.00,69.00,45.00,0.14,0.01,1161.00,1540.00,31.76,28.94,0,NO,30.59,30.58,30.24,30.69,30.20,,869,0.00,1540.00,NO,NO,2025-11-05,177600.00
3721,ABLD,30.87,30.62,8483.00,ETF,ETF,50.00,23.00,72.00,28.00,0.34,0.22,12066.00,9370.00,34.09,27.86,0,NO,31.83,32.02,31.44,32.13,31.42,,1204,0.57,8483.00,NO,NO,2021-12-17,2211200.00
3722,HOLA,55.35,54.91,12865.00,ETF,ETF,50.00,53.00,53.00,47.00,0.57,0.37,14531.00,17620.00,60.26,50.01,0,NO,55.95,56.29,54.53,56.44,54.82,,309,0.60,12865.00,NO,NO,2025-11-11,221700.00
3723,CPSJ,28.02,28.01,3434.00,ETF,ETF,50.00,69.00,66.00,45.00,0.06,0.05,5701.00,2430.00,28.05,26.52,0,NO,27.96,27.92,27.42,27.95,27.59,,567,0.00,3434.00,NO,NO,2024-07-01,526400.00
3724,XVAP,31.60,31.32,9610.00,ETF,ETF,50.00,75.00,,,0.37,0.08,258.00,290.00,32.59,29.92,0,NO,31.74,,,,,,32,0.57,9610.00,NO,YES,2026-10-02,9610.00
3725,BEEZ,34.36,34.26,917.00,ETF,ETF,50.00,62.00,67.00,50.00,0.10,0.02,225.00,140.00,35.74,31.45,0,NO,34.20,34.75,33.63,34.83,33.57,,727,0.00,917.00,NO,NO,2026-02-10,72500.00
3726,ZJUL,30.29,30.32,14379.00,ETF,ETF,50.00,69.00,65.00,45.00,0.09,0.09,42679.00,12420.00,30.38,28.69,0,NO,30.25,30.21,29.65,30.24,29.84,,567,0.00,14379.00,NO,NO,2024-07-01,1627100.00
3727,SBCF,32.68,32.16,878794.00,Financial Services,Banks - Regional,50.00,31.00,50.00,53.00,0.69,0.67,906049.00,922550.00,36.27,28.58,3164169216,NO,33.33,34.11,32.46,34.24,32.36,,10750,0.93,878794.00,NO,NO,2018-02-20,8156700.00
3728,TJUL,30.71,30.68,3856.00,ETF,ETF,50.00,70.00,68.00,46.00,0.08,0.08,14641.00,5040.00,30.75,29.16,0,NO,30.62,30.54,30.03,30.57,30.17,,807,0.00,3856.00,NO,NO,2024-07-12,1819700.00
3729,ETG,23.05,22.81,59998.00,Financial Services,Asset Management,50.00,34.00,44.00,65.00,0.39,0.37,86758.00,85420.00,24.71,19.34,1759219840,NO,23.24,23.67,22.81,23.76,22.74,,5706,0.00,59998.00,NO,NO,2008-10-10,1498400.00
3730,DIVO,46.74,46.47,858262.00,ETF,ETF,50.00,39.00,64.00,45.00,0.38,0.33,779809.00,797020.00,49.03,43.55,0,NO,47.30,47.72,46.29,47.79,46.42,,2462,0.56,858262.00,NO,NO,2023-09-27,2769400.00
3731,TAPR,26.86,26.86,275.00,ETF,ETF,50.00,69.00,67.00,46.00,0.02,0.01,469.00,250.00,26.86,25.40,0,NO,26.81,26.73,26.27,26.76,26.41,,379,0.00,275.00,NO,NO,2025-05-01,95800.00
3732,CPSR,26.20,26.20,1033.00,ETF,ETF,50.00,69.00,67.00,44.00,0.03,0.02,1498.00,4940.00,26.24,24.75,0,NO,26.16,26.09,25.67,26.12,25.82,,400,0.00,1033.00,NO,NO,2025-03-03,422200.00
3733,EXPO,67.30,69.90,582169.00,Industrials,Engineering & Construction,49.00,34.00,86.00,39.00,2.11,2.01,505033.00,678530.00,81.95,51.91,3199851520,NO,66.91,67.56,66.49,67.78,64.02,,9097,0.00,582169.00,NO,NO,1990-08-17,17904800.00
3734,SMDV,72.97,72.14,151125.00,ETF,ETF,49.00,32.00,30.00,48.00,0.85,0.71,104626.00,88900.00,79.56,63.86,0,NO,73.98,76.16,72.93,76.03,74.03,,2932,0.73,151125.00,NO,NO,2022-07-12,1543100.00
3735,AJUL,30.30,30.28,9427.00,ETF,ETF,49.00,67.00,63.00,46.00,0.10,0.08,32395.00,15910.00,30.48,28.48,0,NO,30.24,30.26,29.69,30.30,29.90,,567,0.00,9427.00,NO,NO,2024-07-25,981700.00
3736,ITWO,43.35,42.98,15142.00,ETF,ETF,49.00,31.00,23.00,58.00,0.54,0.45,27253.00,24570.00,47.19,37.09,0,NO,44.03,45.26,43.42,45.25,44.12,,521,0.84,15142.00,NO,NO,2025-12-10,316000.00
3737,ALIL,30.85,30.42,2408.00,ETF,ETF,49.00,74.00,38.00,59.00,0.30,0.21,2144.00,1240.00,33.36,27.25,0,NO,30.44,31.13,30.48,31.26,30.67,,373,0.00,2408.00,NO,NO,2025-12-08,74000.00
3738,NDAQ,90.33,91.67,3361275.00,Financial Services,Financial Data & Stock Exchanges,49.00,23.00,83.00,46.00,2.17,2.13,3331646.00,3591670.00,101.79,76.55,50492424192,NO,92.75,94.92,90.66,94.88,89.96,,6104,0.00,3361275.00,NO,NO,2008-10-21,88611600.00
3739,LCLN,23.58,23.41,812743.00,Financial Services,Capital Markets,49.00,11.00,63.00,,1.13,1.11,558676.00,1196280.00,27.55,20.05,2480742656,NO,24.99,24.22,,24.65,,,94,0.00,812743.00,NO,NO,2026-05-20,8740300.00
3740,EBMT,21.25,21.28,23676.00,Financial Services,Banks - Regional,49.00,23.00,17.00,40.00,0.56,0.54,37858.00,30550.00,24.66,15.80,169265408,NO,21.86,22.68,22.09,22.64,22.44,,6662,0.00,23676.00,NO,NO,2025-06-27,969500.00
3741,JDOC,59.56,59.47,40.00,ETF,ETF,49.00,22.00,42.00,53.00,0.36,0.07,379.00,340.00,64.69,53.64,0,NO,61.12,61.89,58.61,61.71,58.61,,731,0.00,40.00,NO,NO,2024-06-25,23200.00
3742,FOXA,62.28,61.28,4693577.00,Communication Services,Entertainment,49.00,15.00,88.00,51.00,1.50,1.44,5061749.00,5230240.00,76.39,48.34,26261833728,NO,64.45,64.32,63.15,64.94,61.63,,1902,0.00,4693577.00,NO,NO,2026-06-15,33618700.00
3743,OUSA,59.64,59.45,7978.00,ETF,ETF,49.00,37.00,57.00,52.00,0.45,0.40,20422.00,21530.00,62.79,54.59,0,NO,60.34,61.19,58.86,61.21,58.97,,2823,0.00,7978.00,NO,NO,2018-12-20,6152900.00
3744,IFLR,52.77,52.34,5313.00,ETF,ETF,49.00,50.00,50.00,46.00,0.50,0.30,12395.00,7820.00,55.87,48.22,0,NO,53.37,53.84,52.48,53.99,52.60,,217,0.00,5313.00,NO,NO,2026-06-25,228200.00
3745,SBUX,94.71,94.88,5946911.00,Consumer Cyclical,Restaurants,49.00,8.00,21.00,47.00,1.94,1.92,6855779.00,7656270.00,110.51,77.99,107969396736,NO,96.84,102.30,98.75,102.21,100.96,,8627,0.00,5946911.00,NO,NO,1999-07-01,585508800.00
3746,INCE,65.88,65.68,38971.00,ETF,ETF,49.00,33.00,43.00,41.00,0.52,0.44,61033.00,66350.00,70.08,58.26,0,NO,67.32,68.27,66.28,68.25,67.08,,2521,0.00,38971.00,NO,NO,2026-08-03,2010000.00
3747,QLVD,32.81,33.25,13.00,ETF,ETF,49.00,39.00,71.00,38.00,0.24,0.05,1119.00,380.00,35.04,30.51,0,NO,33.95,34.24,33.28,34.25,33.43,,1813,0.00,100.00,NO,NO,2020-02-25,732800.00
3748,EXI,192.47,189.92,112917.00,ETF,ETF,49.00,59.00,29.00,46.00,2.35,1.87,44093.00,60180.00,207.79,165.70,0,NO,192.81,197.79,192.64,198.17,194.50,,5035,0.00,112917.00,NO,NO,2021-03-08,3583900.00
3749,AIN,60.88,59.05,214084.00,Consumer Cyclical,Textile Manufacturing,49.00,82.00,7.00,72.00,1.57,1.53,265930.00,228310.00,77.00,41.15,1726250240,NO,60.36,62.54,60.87,62.47,63.05,,9826,1.90,214084.00,NO,NO,2006-03-08,3370700.00
3750,FSGS,32.08,32.09,255.00,ETF,ETF,49.00,31.00,51.00,56.00,0.25,0.13,1082.00,1130.00,34.16,28.35,0,NO,32.42,33.04,31.38,33.12,31.53,,2331,0.00,255.00,NO,NO,2024-04-26,328200.00
3751,QQQH,55.85,55.59,18364.00,ETF,ETF,49.00,81.00,64.00,55.00,0.50,0.40,33763.00,73140.00,56.76,50.08,0,NO,55.06,54.69,54.37,54.89,54.46,,1704,0.22,18364.00,NO,NO,2021-12-15,679600.00
3752,CHD,94.31,94.11,2169213.00,Consumer Defensive,Household & Personal Products,49.00,26.00,40.00,40.00,1.40,1.35,1807852.00,1791890.00,106.04,81.33,22370699264,NO,95.27,98.44,96.00,98.16,96.81,,11732,0.00,2169213.00,NO,NO,2015-12-28,51369000.00
3753,FNK,59.93,59.69,2314.00,ETF,ETF,49.00,16.00,42.00,47.00,0.55,0.41,4547.00,3740.00,65.14,51.98,0,NO,61.79,63.28,60.12,63.21,60.75,,3886,0.00,2314.00,NO,NO,2021-11-18,1457000.00
3754,EFAV,90.96,90.50,706089.00,ETF,ETF,49.00,36.00,70.00,32.00,0.88,0.56,510655.00,620350.00,95.34,83.51,0,NO,92.99,93.31,90.94,93.48,91.44,,3759,0.00,706089.00,NO,NO,2022-09-27,44718600.00
3755,IVSX,25.57,25.33,134.00,ETF,ETF,49.00,57.00,69.00,58.00,0.28,0.12,409.00,590.00,26.56,22.42,0,NO,25.80,25.71,,25.82,24.75,,156,0.00,134.00,NO,NO,2026-02-20,102800.00
3756,MAYS,39.54,40.00,162.00,Real Estate,Real Estate Services,49.00,28.00,75.00,39.00,0.31,0.18,1349.00,1100.00,61.99,37.55,79703944,NO,40.69,40.50,41.05,40.40,40.84,,10529,0.00,200.00,NO,NO,1993-08-27,254600.00
3757,BFJA,19.25,19.34,3929.00,ETF,ETF,49.00,84.00,86.00,49.00,0.21,0.03,544.00,120.00,20.61,17.16,0,NO,18.93,18.26,,18.36,18.27,,182,0.00,3929.00,NO,NO,2026-08-27,12000.00
3758,ASBH,17.50,17.83,171387.00,Financial Services,Banks - Regional,49.00,,,,,,338050.00,186830.00,19.26,16.54,1137464704,YES,,,,,,,13,0.00,171387.00,NO,NO,2026-09-16,1655800.00
3759,ZMAY,26.38,26.36,6594.00,ETF,ETF,49.00,70.00,68.00,43.00,0.06,0.05,18650.00,4780.00,26.42,25.08,0,NO,26.30,26.23,25.83,26.27,25.97,,358,0.00,6594.00,NO,NO,2026-05-04,2219200.00
3760,XSHQ,45.89,45.52,14855.00,ETF,ETF,49.00,33.00,30.00,56.00,0.52,0.46,41493.00,12000.00,50.36,40.02,0,NO,46.16,47.62,45.46,47.69,46.09,,2383,0.00,14855.00,NO,NO,2025-04-16,2793300.00
3761,MS,190.31,188.01,6252383.00,Financial Services,Capital Markets,49.00,9.00,10.00,69.00,4.65,4.45,5132061.00,5883480.00,232.25,151.84,298894458880,NO,202.39,209.44,193.88,209.44,200.05,,8461,0.49,6252383.00,NO,NO,2008-09-17,329786100.00
3762,CBFV,36.85,37.27,3552.00,Financial Services,Banks - Regional,49.00,58.00,40.00,47.00,0.64,0.50,4938.00,4950.00,38.86,30.97,187256368,NO,37.23,37.29,35.98,37.30,36.19,,5784,0.00,3552.00,NO,NO,2020-06-26,606300.00
3763,VGRO,25.72,25.47,109.00,ETF,ETF,49.00,79.00,61.00,66.00,0.20,0.04,652.00,880.00,27.12,21.46,0,NO,25.29,25.38,,25.50,25.08,,194,0.00,200.00,NO,NO,2025-12-23,101600.00
3764,PLGI,25.37,25.41,45.00,ETF,ETF,49.00,71.00,79.00,48.00,0.14,0.09,7114.00,5510.00,26.03,23.77,0,NO,25.54,25.37,24.97,25.48,24.86,,201,0.00,500.00,NO,NO,2025-12-18,696900.00
3765,CAAP,24.30,24.28,280026.00,Industrials,Airports & Air Services,49.00,71.00,28.00,18.00,0.80,0.78,238025.00,402600.00,30.50,17.36,3969925376,NO,24.36,24.58,25.81,24.37,25.02,,2179,0.00,280026.00,NO,NO,2020-12-01,18554400.00
3766,HEMI,41.57,41.33,1820.00,ETF,ETF,49.00,73.00,54.00,55.00,0.27,0.09,1684.00,3030.00,42.63,36.00,0,NO,41.46,41.63,,41.76,41.12,,199,0.00,1820.00,NO,NO,2026-02-17,500500.00
3767,LUV,42.47,41.84,6171820.00,Industrials,Airlines,49.00,91.00,8.00,66.00,1.31,1.23,5352280.00,6681980.00,55.11,29.26,20776673280,NO,40.68,42.22,43.52,42.13,42.57,,11784,0.00,6171820.00,NO,NO,2020-04-29,101007800.00
3768,MFSV,28.26,28.12,61648.00,ETF,ETF,49.00,31.00,42.00,49.00,0.24,0.20,100490.00,72750.00,30.15,25.32,0,NO,28.73,29.33,28.07,29.33,28.33,,457,0.00,61648.00,NO,NO,2026-03-04,2075500.00
3769,TRNO,64.54,63.98,791835.00,Real Estate,REIT - Industrial,49.00,53.00,27.00,45.00,1.02,0.93,762865.00,922140.00,78.94,55.92,7032944128,NO,65.62,67.64,65.30,67.07,66.28,,4187,0.53,791835.00,NO,NO,2024-12-20,19700100.00
3770,FMCX,36.36,36.23,16.00,ETF,ETF,49.00,63.00,44.00,65.00,0.22,0.06,219.00,140.00,37.73,31.29,0,NO,36.37,36.58,35.40,36.76,35.82,,1114,0.00,200.00,NO,NO,2022-06-01,39600.00
3771,GMMA,21.87,21.87,13.00,ETF,ETF,49.00,73.00,70.00,51.00,0.11,0.02,182.00,190.00,22.16,19.89,0,NO,21.92,21.86,21.44,21.93,21.48,,511,0.00,300.00,NO,NO,2024-09-18,49300.00
3772,TRUF,27.91,27.90,146.00,ETF,ETF,49.00,16.00,32.00,,0.20,0.05,361.00,230.00,30.52,25.58,0,NO,29.02,29.64,,29.62,,,127,0.00,146.00,NO,NO,2026-04-02,3600.00
3773,HEDJ,55.64,54.95,43175.00,ETF,ETF,49.00,50.00,41.00,49.00,0.62,0.42,49552.00,28750.00,58.50,49.82,0,NO,56.08,56.87,55.35,56.88,55.71,,4204,0.76,43175.00,NO,NO,2015-08-24,36568400.00
3774,TWOD,26.33,26.32,203222.00,Finance,Real estate investment trusts,49.00,74.00,75.00,45.00,0.02,0.02,51425.00,35940.00,26.34,25.05,0,NO,26.25,25.86,25.64,25.86,25.60,,347,0.00,203222.00,NO,NO,2026-08-25,867900.00
3775,MEGX,24.38,24.18,159.00,ETF,ETF,49.00,87.00,84.00,,0.36,0.06,322.00,320.00,24.84,20.05,0,NO,23.58,22.99,,23.39,,,83,0.00,100.00,NO,NO,2026-06-03,10000.00
3776,RBLD,83.99,83.19,1694.00,ETF,ETF,49.00,60.00,27.00,42.00,0.61,0.30,4214.00,2040.00,91.07,73.15,0,NO,84.07,86.19,84.63,86.10,86.49,,4517,0.90,1694.00,NO,NO,2012-08-13,385500.00
3777,GXRP,28.49,29.09,203255.00,ETF,ETF,49.00,90.00,94.00,65.00,1.56,1.23,41360.00,43170.00,46.51,19.25,0,NO,27.92,24.81,27.30,25.29,24.89,,215,0.00,203255.00,NO,NO,2026-01-29,636800.00
3778,LCTD,57.81,57.39,7492.00,ETF,ETF,49.00,41.00,51.00,44.00,0.68,0.45,15173.00,37310.00,60.77,51.92,0,NO,58.83,59.39,57.76,59.54,58.04,,1379,0.42,7492.00,NO,NO,2021-04-08,13095300.00
3779,DIV,19.00,18.84,257839.00,ETF,ETF,49.00,28.00,53.00,33.00,0.18,0.17,199079.00,216850.00,20.21,16.84,0,NO,19.34,19.60,19.09,19.57,19.33,,3412,0.00,257839.00,NO,NO,2023-10-25,2474200.00
3780,RSMV,28.64,28.54,4021.00,ETF,ETF,49.00,61.00,43.00,54.00,0.16,0.08,5253.00,3800.00,30.14,25.92,0,NO,28.69,28.83,28.21,28.82,28.44,,432,0.08,4021.00,NO,NO,2025-01-15,4370500.00
3781,FNX,137.23,135.89,11951.00,ETF,ETF,49.00,29.00,30.00,50.00,1.69,1.46,10965.00,13950.00,147.98,117.48,0,NO,139.28,142.88,137.59,142.88,139.38,,4881,0.00,11951.00,NO,NO,2011-09-08,1549400.00
3782,KAT,56.90,56.60,6838.00,ETF,ETF,49.00,45.00,72.00,48.00,0.40,0.31,11955.00,20380.00,59.34,52.27,0,NO,57.39,57.78,56.01,57.95,55.96,,279,0.12,6838.00,NO,NO,2025-10-21,109600.00
3783,ITDB,34.76,34.63,34111.00,ETF,ETF,49.00,56.00,52.00,49.00,0.23,0.16,16909.00,21230.00,35.65,32.14,0,NO,34.96,35.13,34.25,35.18,34.54,,740,0.00,34111.00,NO,NO,2026-05-06,179500.00
3784,FMX,115.68,115.19,503907.00,Consumer Defensive,Beverages - Brewers,49.00,28.00,14.00,38.00,2.68,2.62,450906.00,472720.00,141.47,90.87,39410032640,NO,119.12,120.82,116.33,120.09,120.08,,7144,0.00,503907.00,NO,NO,2009-10-02,12850500.00
3785,ROPE,29.02,28.90,1751.00,ETF,ETF,49.00,31.00,40.00,43.00,0.18,0.13,9388.00,3140.00,31.01,25.58,0,NO,29.53,30.06,29.11,29.99,29.44,,448,0.38,1751.00,NO,NO,2026-08-20,303100.00
3786,VIK,80.56,78.20,3432809.00,Consumer Cyclical,Travel Services,49.00,21.00,5.00,54.00,2.66,2.59,3431052.00,5878920.00,110.09,56.37,35981164544,NO,82.81,91.82,83.96,90.52,87.80,,608,0.50,3432809.00,NO,NO,2024-05-01,35017400.00
3787,HFGM,31.75,31.51,16769.00,ETF,ETF,49.00,67.00,75.00,31.00,0.31,0.25,39403.00,32470.00,37.06,28.79,0,NO,31.81,31.47,32.16,31.60,32.01,,369,0.00,16769.00,NO,NO,2026-05-07,375600.00
3788,IVOV,109.04,108.00,11716.00,ETF,ETF,49.00,33.00,35.00,51.00,1.14,1.02,24771.00,33750.00,117.42,96.11,0,NO,110.18,113.14,108.90,113.16,110.12,,4041,0.63,11716.00,NO,NO,2016-05-02,1986200.00
3789,LADM,33.01,32.92,16024.00,ETF,ETF,49.00,72.00,72.00,,0.09,0.03,755.00,670.00,33.10,32.02,0,NO,32.86,32.73,,32.80,,,69,0.00,16024.00,NO,YES,2026-10-02,16024.00
3790,FLAO,28.84,28.77,1762.00,ETF,ETF,49.00,73.00,70.00,49.00,0.03,0.02,490.00,1140.00,28.87,26.58,0,NO,28.70,28.60,28.29,28.64,28.17,,630,0.00,1762.00,NO,NO,2024-08-01,2117900.00
3791,CGV,15.69,15.56,16305.00,ETF,ETF,49.00,37.00,61.00,37.00,0.13,0.08,19017.00,15460.00,17.05,14.15,0,NO,15.97,15.98,15.89,16.04,15.93,,1048,0.58,16305.00,NO,NO,2022-11-16,482700.00
3792,ISTM,29.54,29.69,9548.00,ETF,ETF,49.00,30.00,65.00,30.00,0.61,0.45,10309.00,30930.00,37.54,26.11,0,NO,30.64,30.57,30.72,30.69,30.59,,579,0.00,9548.00,NO,NO,2026-03-12,399800.00
3793,ZJUN,27.80,27.76,9546.00,ETF,ETF,49.00,71.00,67.00,43.00,0.08,0.06,37566.00,28800.00,27.80,26.48,0,NO,27.69,27.65,27.26,27.69,27.40,,337,0.00,9546.00,NO,NO,2026-06-03,1147400.00
3794,JIDE,51.31,50.82,4812.00,ETF,ETF,49.00,56.00,62.00,54.00,0.40,0.10,968.00,2960.00,53.15,45.48,0,NO,51.63,51.91,,52.12,50.14,,171,0.51,4812.00,NO,NO,2026-03-03,37400.00
3795,SPYH,56.46,56.25,8807.00,ETF,ETF,49.00,66.00,64.00,52.00,0.37,0.27,16788.00,31540.00,57.38,51.56,0,NO,56.46,56.47,55.52,56.60,55.58,,377,0.00,8807.00,NO,NO,2026-08-20,204900.00
3796,SONY,23.82,23.49,4166276.00,Technology,Consumer Electronics,49.00,38.00,89.00,65.00,0.45,0.34,4406142.00,3159510.00,30.34,19.32,139235835904,NO,23.63,23.58,22.36,23.91,21.90,,13518,0.00,4166276.00,NO,NO,2013-05-14,176662500.00
3797,NBIC,21.83,20.03,2062.00,ETF,ETF,49.00,97.00,,,1.80,1.28,5359.00,3730.00,31.45,10.51,0,NO,19.93,19.57,,20.13,,,58,8.49,2062.00,NO,NO,2026-08-13,21200.00
3798,FOWF,33.86,33.56,59.00,ETF,ETF,49.00,40.00,47.00,43.00,0.23,0.16,1257.00,1610.00,37.41,29.48,0,NO,34.25,35.26,33.81,35.24,34.03,,447,0.32,5300.00,NO,NO,2026-02-12,70800.00
3799,CZA,118.79,118.31,3839.00,ETF,ETF,49.00,28.00,35.00,51.00,0.69,0.48,2452.00,2080.00,127.85,106.81,0,NO,120.86,124.19,118.14,124.07,119.50,,4907,0.36,3839.00,NO,NO,2014-01-31,172900.00
3800,FPX,180.62,180.09,36467.00,ETF,ETF,49.00,70.00,19.00,61.00,2.24,1.88,37261.00,19140.00,206.18,146.02,0,NO,179.78,181.29,177.35,181.85,181.86,,5122,0.00,36467.00,NO,NO,2015-08-24,1013000.00
3801,FTAG,28.78,28.54,566.00,ETF,ETF,49.00,11.00,43.00,27.00,0.28,0.12,2993.00,1910.00,32.19,24.98,0,NO,30.10,29.91,29.16,29.89,29.46,,4153,0.74,566.00,NO,NO,2022-04-28,243800.00
3802,XOVL,21.88,21.04,6329.00,ETF,ETF,49.00,87.00,21.00,,0.57,0.37,25217.00,3970.00,25.17,16.91,0,NO,20.96,20.15,,20.50,,,105,2.33,6329.00,NO,NO,2026-06-12,1457500.00
3803,XRPZ,15.98,16.28,1825338.00,ETF,ETF,49.00,90.00,94.00,65.00,0.92,0.76,497973.00,705140.00,26.09,10.77,0,NO,15.66,13.91,15.30,14.18,13.94,,215,0.00,1825338.00,NO,NO,2026-09-15,2073900.00
3804,CBTL,19.93,19.96,1395.00,ETF,ETF,49.00,84.00,89.00,62.00,0.15,0.02,2231.00,370.00,25.27,17.27,0,NO,19.53,18.75,18.83,18.87,18.38,,244,0.00,1395.00,NO,NO,2025-12-19,42600.00
3805,LYTE,26.03,25.25,1042289.00,ETF,ETF,49.00,91.00,,,1.01,0.75,2111000.00,1310690.00,28.91,22.57,0,NO,25.09,,,,,,41,0.83,1042289.00,NO,NO,2026-08-17,5090200.00
3806,CNOBP,25.25,25.25,2806.00,Financial Services,Banks - Regional,49.00,62.00,66.00,42.00,0.07,0.06,5017.00,1900.00,25.51,23.81,0,NO,25.31,25.26,24.84,25.26,24.97,,1290,0.00,2806.00,NO,NO,2021-09-30,434100.00
3807,IDVY,25.97,25.69,618.00,ETF,ETF,49.00,37.00,47.00,60.00,0.28,0.06,823.00,1850.00,27.46,22.42,0,NO,26.55,26.77,,26.86,25.61,,161,0.00,618.00,NO,NO,2026-09-01,7400.00
3808,EWX,71.34,70.66,25040.00,ETF,ETF,49.00,41.00,33.00,54.00,0.75,0.46,25187.00,19240.00,76.61,64.18,0,NO,72.09,71.54,70.44,71.88,71.53,,4620,0.92,25040.00,NO,NO,2011-02-01,6493500.00
3809,USMV,98.21,98.04,1921811.00,ETF,ETF,49.00,45.00,62.00,48.00,0.70,0.61,1902931.00,1904650.00,102.21,91.02,0,NO,98.82,99.69,96.28,99.80,96.65,,3759,0.00,1921811.00,NO,NO,2016-02-19,19258800.00
3810,VDG,79.84,78.82,6297.00,ETF,ETF,48.00,55.00,46.00,,1.08,0.71,6849.00,6780.00,88.87,73.50,0,NO,80.22,80.75,,81.13,,,118,0.81,6297.00,NO,NO,2026-04-23,26200.00
3811,RSSB,29.91,29.71,66933.00,ETF,ETF,48.00,42.00,39.00,56.00,0.41,0.32,68657.00,82320.00,32.29,26.30,0,NO,30.29,30.66,29.69,30.72,29.95,,709,0.00,66933.00,NO,NO,2024-06-24,2087000.00
3812,EZRO,25.68,25.40,5617.00,ETF,ETF,48.00,84.00,74.00,34.00,0.25,0.12,8360.00,4640.00,27.56,22.29,0,NO,25.03,24.69,25.39,24.88,25.28,,242,0.00,5617.00,NO,NO,2026-03-06,460500.00
3813,ARQT,25.16,25.29,1780741.00,Healthcare,Biotechnology,48.00,86.00,39.00,51.00,1.51,1.50,2204223.00,4064380.00,31.77,19.30,3162409728,NO,25.47,25.69,25.21,25.24,24.35,,1677,0.00,1780741.00,NO,NO,2023-12-18,45222900.00
3814,GLP,46.90,46.53,24165.00,Energy,Oil & Gas Midstream,48.00,8.00,56.00,46.00,1.24,1.23,71576.00,66080.00,54.29,39.58,1587517184,NO,49.75,49.96,47.43,50.02,48.07,,5285,0.00,24165.00,NO,NO,2023-12-15,5939400.00
3815,HRTS,35.80,35.85,1271.00,ETF,ETF,48.00,25.00,40.00,51.00,0.33,0.23,3887.00,1930.00,38.87,31.87,0,NO,36.36,37.05,35.40,36.89,35.27,,718,0.00,1271.00,NO,NO,2023-11-28,389500.00
3816,ALLE,154.21,154.28,876460.00,Industrials,Security & Protection Services,48.00,62.00,86.00,58.00,2.92,2.81,1300787.00,1153830.00,183.11,125.00,13113523200,NO,153.88,158.29,150.28,158.23,145.07,,3237,0.00,876460.00,NO,NO,2026-08-31,7471000.00
3817,WULF,15.49,14.91,27867281.00,Financial Services,Capital Markets,48.00,84.00,2.00,46.00,0.96,0.90,32394188.00,25818450.00,29.84,10.47,7729024512,NO,16.09,16.43,18.07,16.46,19.46,,8179,3.82,27867281.00,YES,NO,2025-08-14,289277500.00
3818,MNPR,77.97,77.97,107621.00,Healthcare,Biotechnology,48.00,0.00,5.00,90.00,4.63,4.46,217674.00,184370.00,124.82,50.07,523348064,NO,96.65,107.09,76.46,104.77,81.40,,1705,0.00,107621.00,NO,NO,2024-09-12,40971400.00
3819,OCIO,37.81,37.79,71.00,ETF,ETF,48.00,73.00,66.00,61.00,0.23,0.05,3011.00,1590.00,38.52,33.37,0,NO,37.89,37.72,36.55,37.87,36.86,,2326,0.00,13700.00,NO,NO,2017-08-01,800200.00
3820,HDG,54.09,53.97,542.00,ETF,ETF,48.00,57.00,52.00,47.00,0.17,0.06,847.00,640.00,55.40,50.72,0,NO,54.41,54.61,53.47,54.66,53.90,,3828,0.00,542.00,NO,NO,2013-06-06,778600.00
3821,FDIQ,67.27,67.96,270.00,ETF,ETF,48.00,12.00,48.00,26.00,0.67,0.39,3095.00,1490.00,76.69,55.60,0,NO,70.47,72.24,69.38,72.22,70.05,,3751,0.00,270.00,NO,NO,2017-03-28,1189800.00
3822,HESM,37.75,38.05,1243502.00,Energy,Oil & Gas Midstream,48.00,23.00,52.00,27.00,0.82,0.80,1211314.00,1555240.00,41.44,31.63,7783233536,NO,39.24,39.70,38.17,39.59,39.06,,2387,0.00,1243502.00,NO,NO,2017-04-05,9768400.00
3823,ARTNA,33.62,32.96,32044.00,Utilities,Utilities - Regulated Water,48.00,22.00,49.00,46.00,0.69,0.65,30904.00,36950.00,36.98,30.50,347197792,NO,34.58,34.89,33.24,34.93,33.42,,8163,0.61,32044.00,NO,NO,2024-06-28,1792100.00
3824,PWRD,107.59,105.95,80134.00,ETF,ETF,48.00,82.00,18.00,58.00,1.71,1.50,79553.00,81340.00,123.23,90.58,0,NO,105.79,107.81,107.02,108.20,109.07,,1170,0.00,80134.00,NO,NO,2026-05-20,1339900.00
3825,HFEQ,23.24,23.01,2104.00,ETF,ETF,48.00,42.00,29.00,58.00,0.29,0.15,12069.00,34050.00,25.11,20.40,0,NO,23.43,23.99,23.00,24.01,23.26,,308,0.76,2104.00,NO,NO,2025-08-12,443500.00
3826,COOK,53.10,52.30,13688.00,Consumer Cyclical,"Furnishings, Fixtures & Appliances",48.00,82.00,4.00,95.00,2.86,2.72,55642.00,81520.00,86.59,20.91,148585696,NO,48.86,54.78,51.15,54.31,53.04,,1301,1.35,13688.00,NO,NO,2023-08-03,300422.00
3827,UAL,112.51,111.78,4017208.00,Industrials,Airlines,48.00,83.00,9.00,80.00,4.07,3.75,3796985.00,4119860.00,138.77,84.64,36517339136,NO,110.32,115.86,109.12,115.64,109.11,,5197,0.00,4017208.00,NO,NO,2020-06-04,142812800.00
3828,AKAF,31.19,30.96,208.00,ETF,ETF,48.00,23.00,48.00,36.00,0.21,0.01,109.00,110.00,33.78,27.56,0,NO,31.87,32.56,31.82,32.61,32.02,,320,0.54,208.00,NO,NO,2025-08-15,8000.00
3829,EAFG,25.28,24.89,17.00,ETF,ETF,48.00,53.00,38.00,48.00,0.19,0.05,323.00,280.00,27.02,22.00,0,NO,25.32,25.54,25.11,25.61,25.31,,634,0.00,200.00,NO,NO,2025-05-22,86400.00
3830,DOW,27.97,27.59,7340562.00,Basic Materials,Chemicals,48.00,9.00,72.00,1.00,0.84,0.79,9314411.00,9430070.00,42.74,20.65,20203870208,NO,28.72,29.82,32.00,29.68,33.21,,1896,0.00,7340562.00,NO,NO,2025-07-24,66003500.00
3831,INT,24.47,24.59,60647.00,ETF,ETF,48.00,98.00,,,2.39,1.99,32591.00,52540.00,28.30,12.66,0,NO,21.90,18.52,,18.96,,,60,0.00,60647.00,NO,NO,2026-07-29,122100.00
3832,KMI,31.07,30.53,11618742.00,Energy,Oil & Gas Midstream,48.00,44.00,47.00,17.00,0.68,0.68,10904877.00,13390690.00,34.81,25.60,69186740224,NO,31.07,31.47,31.46,31.43,32.14,,3933,0.00,11618742.00,YES,NO,2014-11-26,251528800.00
3833,EWA,28.32,27.99,5281058.00,ETF,ETF,48.00,23.00,59.00,38.00,0.41,0.26,2317892.00,2600020.00,30.48,24.94,0,NO,28.86,29.44,28.63,29.45,28.92,,7686,1.07,5281058.00,NO,NO,2019-12-17,20564600.00
3834,KCE,154.01,154.89,18894.00,ETF,ETF,48.00,15.00,47.00,64.00,2.54,2.30,25266.00,20790.00,173.07,132.31,0,NO,159.39,163.33,153.28,163.70,153.85,,5252,0.00,18894.00,NO,NO,2009-06-25,4310600.00
3835,LDEM,60.68,60.37,582.00,ETF,ETF,48.00,57.00,64.00,47.00,0.57,0.20,969.00,1430.00,64.73,55.94,0,NO,61.31,60.86,60.73,61.20,60.51,,1669,0.30,582.00,NO,NO,2020-11-09,1448700.00
3836,PABD,68.03,67.32,268.00,ETF,ETF,48.00,41.00,43.00,50.00,0.59,0.10,1507.00,550.00,71.88,57.00,0,NO,68.99,69.96,67.91,70.12,68.25,,678,0.86,268.00,NO,NO,2024-02-29,1230400.00
3837,SQLT,27.76,27.69,18.00,ETF,ETF,48.00,43.00,38.00,,0.14,0.02,307.00,220.00,29.68,25.82,0,NO,28.13,28.67,,28.66,,,126,0.00,100.00,NO,NO,2026-06-17,6700.00
3838,XSPI,50.10,49.66,63397.00,ETF,ETF,48.00,76.00,60.00,61.00,0.55,0.46,72395.00,73310.00,51.17,42.70,0,NO,49.58,49.72,,49.94,48.79,,168,0.00,63397.00,NO,NO,2026-09-03,353600.00
3839,IBLC,45.91,45.69,5788.00,ETF,ETF,48.00,81.00,39.00,83.00,1.67,1.36,12136.00,8590.00,68.77,33.88,0,NO,47.59,45.69,45.14,46.09,46.11,,1113,0.00,5788.00,NO,NO,2025-11-14,149800.00
3840,CPNJ,27.90,27.83,594.00,ETF,ETF,48.00,75.00,66.00,42.00,0.06,0.03,7322.00,3780.00,29.91,26.49,0,NO,27.71,27.63,27.39,27.67,27.52,,586,0.22,594.00,NO,NO,2024-06-03,1720400.00
3841,AGCO,114.61,111.81,886122.00,Industrials,Farm & Heavy Construction Machinery,48.00,10.00,40.00,36.00,3.82,3.71,1006596.00,1017390.00,143.78,98.22,8026336256,NO,120.44,113.64,116.41,113.34,114.90,,8676,0.82,886122.00,NO,NO,2004-02-05,13019500.00
3842,DG,118.94,118.93,1601129.00,Consumer Defensive,Discount Stores,48.00,11.00,72.00,33.00,3.48,3.26,2414858.00,2504360.00,158.23,95.11,26240161792,NO,123.72,124.28,126.85,124.72,119.38,,4246,0.00,1601129.00,NO,NO,2012-11-30,66137200.00
3843,BITC,38.82,38.93,40526.00,ETF,ETF,48.00,44.00,83.00,52.00,0.45,0.37,3709.00,4630.00,47.14,35.09,0,NO,39.50,38.33,37.82,38.55,38.24,,888,0.00,40526.00,NO,NO,2024-01-11,78700.00
3844,PGRI,26.42,26.02,135.00,ETF,ETF,48.00,68.00,36.00,55.00,0.20,0.01,257.00,840.00,27.86,23.54,0,NO,26.27,26.55,26.14,26.67,26.30,,237,1.55,135.00,NO,NO,2026-01-06,170200.00
3845,USDU,27.06,27.12,484440.00,ETF,ETF,48.00,80.00,67.00,42.00,0.11,0.09,388134.00,436570.00,27.25,25.14,0,NO,26.61,26.50,26.21,26.48,26.37,,3216,0.00,484440.00,NO,NO,2022-04-05,9843500.00
3846,ARB,30.02,29.35,28036.00,ETF,ETF,48.00,72.00,70.00,42.00,0.19,0.13,17401.00,31970.00,32.48,28.30,0,NO,29.84,29.76,29.45,29.79,29.60,,1608,2.25,28036.00,NO,NO,2022-02-03,1331800.00
3847,CPSM,29.63,29.60,153.00,ETF,ETF,48.00,72.00,66.00,43.00,0.04,0.04,2144.00,3060.00,29.65,27.75,0,NO,29.56,29.50,29.09,29.53,29.25,,607,0.00,1000.00,NO,NO,2024-05-07,1485600.00
3848,BKMC,39.09,38.73,9948.00,ETF,ETF,48.00,37.00,33.00,50.00,0.37,0.29,28222.00,63160.00,42.06,34.30,0,NO,39.47,40.42,39.21,40.45,39.55,,1627,0.00,9948.00,NO,NO,2023-05-26,12303000.00
3849,ARKF,45.53,45.55,117842.00,ETF,ETF,48.00,70.00,84.00,77.00,1.09,0.90,118912.00,95150.00,59.20,35.82,0,NO,45.94,44.44,42.53,44.84,41.83,,1927,0.00,117842.00,NO,NO,2021-02-23,10620100.00
3850,UAE,19.55,19.81,700914.00,ETF,ETF,48.00,77.00,62.00,52.00,0.24,0.19,221049.00,372830.00,22.29,17.29,0,NO,19.96,19.64,19.57,19.64,19.24,,3125,0.00,700914.00,NO,NO,2026-03-03,4255100.00
3851,TRS,39.12,38.57,179686.00,Consumer Cyclical,Packaging & Containers,48.00,65.00,28.00,59.00,0.94,0.93,382660.00,337000.00,45.43,30.43,1403385856,NO,38.75,39.22,38.30,39.22,39.32,,4875,0.99,179686.00,NO,NO,2007-05-18,7380279.00
3852,SPYI,53.60,53.28,2592968.00,ETF,ETF,48.00,67.00,62.00,54.00,0.42,0.34,2673115.00,2745480.00,54.47,47.77,0,NO,53.37,53.48,52.65,53.64,52.66,,1027,0.00,2592968.00,NO,NO,2026-03-03,10743800.00
3853,HBIT,25.81,25.85,4097.00,ETF,ETF,48.00,81.00,,,0.55,0.52,13748.00,10160.00,28.22,24.25,0,NO,25.36,,,,,,26,0.00,4097.00,NO,NO,2026-08-27,43100.00
3854,CUZ,28.01,27.63,1326415.00,Real Estate,REIT - Office,48.00,43.00,18.00,83.00,0.62,0.60,1502114.00,1747340.00,32.95,21.03,4611204096,NO,28.21,29.35,26.75,29.22,27.48,,11732,1.27,1326415.00,NO,NO,2016-10-05,19245056.00
3855,OGC,27.11,27.00,438131.00,Basic Materials,Gold,48.00,18.00,80.00,7.00,1.11,0.97,549744.00,806810.00,43.33,20.18,6030552576,NO,28.67,28.29,30.56,28.64,28.90,,4597,0.00,438131.00,NO,NO,2016-03-18,11516567.00
3856,FFDI,32.08,31.50,1677.00,ETF,ETF,48.00,58.00,40.00,51.00,0.32,0.12,2426.00,1420.00,33.78,28.34,0,NO,32.22,32.57,31.69,32.70,31.86,,466,1.38,1677.00,NO,NO,2024-11-22,201300.00
3857,HXE,26.15,25.71,11.00,ETF,ETF,48.00,81.00,,,0.18,0.03,7588.00,180.00,26.15,24.78,0,NO,25.41,,,,,,26,0.00,500.00,NO,NO,2026-09-09,54400.00
3858,BSAC,31.99,32.59,646687.00,Financial Services,Banks - Regional,48.00,9.00,37.00,24.00,0.81,0.73,291471.00,264950.00,37.72,26.03,15070979072,NO,34.31,34.67,33.36,34.57,33.07,,8034,0.00,646687.00,NO,NO,2002-04-23,11063780.00
3859,EIPI,21.61,21.44,66167.00,ETF,ETF,48.00,24.00,55.00,24.00,0.23,0.21,90825.00,95140.00,23.08,19.37,0,NO,22.14,22.38,21.90,22.36,22.28,,605,0.19,66167.00,NO,NO,2024-05-08,4047000.00
3860,MMAR,32.86,32.98,6.00,ETF,ETF,48.00,76.00,72.00,,0.08,0.00,100.00,100.00,33.11,31.97,0,NO,32.92,32.79,,32.88,,,76,0.00,100.00,NO,NO,2026-06-25,4100.00
3861,PTEU,32.38,32.11,1622.00,ETF,ETF,48.00,31.00,35.00,55.00,0.32,0.14,1831.00,840.00,34.91,28.85,0,NO,33.28,33.79,32.37,33.83,32.57,,2713,0.62,1622.00,NO,NO,2019-05-09,732700.00
3862,NSIG,25.94,25.68,655.00,ETF,ETF,48.00,84.00,,,0.20,0.04,41566.00,3220.00,25.94,23.31,0,NO,25.31,25.01,,25.18,,,61,0.00,655.00,NO,NO,2026-07-09,2225000.00
3863,EFG,121.08,119.23,1422870.00,ETF,ETF,48.00,56.00,40.00,53.00,1.50,1.13,1013711.00,2748260.00,127.44,107.17,0,NO,120.97,122.88,119.95,123.36,120.51,,5323,0.00,1422870.00,NO,NO,2026-03-12,72455500.00
3864,HXF,25.71,25.64,3242.00,ETF,ETF,48.00,,,,0.17,0.13,7190.00,11010.00,25.71,24.87,0,NO,25.46,,,,,,21,0.23,3242.00,NO,NO,2026-09-22,40600.00
3865,MJUN,32.90,32.98,16.00,ETF,ETF,48.00,76.00,72.00,,0.09,0.00,134.00,100.00,33.14,31.96,0,NO,32.94,32.81,,32.91,,,76,0.00,100.00,NO,NO,2026-06-15,15500.00
3866,MDCR,32.82,32.96,6.00,ETF,ETF,48.00,76.00,72.00,,0.07,0.00,100.00,100.00,33.07,31.98,0,NO,32.90,32.76,,32.85,,,76,0.00,100.00,NO,NO,2026-06-25,4100.00
3867,FDS,266.00,277.61,564931.00,Financial Services,Financial Data & Stock Exchanges,48.00,6.00,81.00,73.00,11.59,10.94,884825.00,905870.00,320.48,185.00,9460434944,NO,275.57,282.61,249.09,282.57,247.86,,7614,0.00,564931.00,NO,NO,1996-06-28,7850250.00
3868,GLAM,27.62,27.77,48.00,ETF,ETF,48.00,34.00,37.00,,0.26,0.08,1604.00,220.00,29.89,24.06,0,NO,28.14,28.37,,28.37,,,103,0.00,500.00,NO,NO,2026-09-04,49800.00
3869,FLAU,33.80,33.45,6685.00,ETF,ETF,48.00,22.00,57.00,39.00,0.49,0.31,66231.00,26180.00,39.87,30.00,0,NO,34.53,35.20,34.21,35.23,34.53,,2238,0.00,6685.00,NO,NO,2026-07-08,1931500.00
3870,FDEV,36.05,35.79,39468.00,ETF,ETF,48.00,28.00,57.00,36.00,0.44,0.34,30480.00,49890.00,38.47,32.56,0,NO,37.15,37.43,36.43,37.49,36.52,,1909,0.06,39468.00,NO,NO,2026-06-17,384100.00
3871,DRI,200.33,197.41,1095673.00,Consumer Cyclical,Restaurants,48.00,12.00,50.00,41.00,5.33,5.01,1242395.00,1606470.00,229.76,169.00,22745821184,NO,206.85,211.80,204.05,211.60,204.64,,7903,0.25,1095673.00,NO,NO,2009-03-18,19930305.00
3872,TOCT,27.34,27.31,203.00,ETF,ETF,48.00,68.00,65.00,45.00,0.07,0.05,10087.00,3420.00,29.02,26.09,0,NO,27.29,27.26,26.86,27.29,26.98,,253,0.00,203.00,NO,NO,2026-07-08,407700.00
3873,RBC,515.56,508.49,206155.00,Industrials,Tools & Accessories,48.00,85.00,9.00,16.00,11.34,11.03,264477.00,321100.00,667.69,364.50,16322239488,NO,495.85,521.45,549.13,519.13,561.77,,5320,1.33,206155.00,NO,NO,2005-08-10,4659200.00
3874,DDWM,45.76,45.21,104757.00,ETF,ETF,48.00,42.00,44.00,43.00,0.50,0.35,93973.00,123450.00,47.87,40.56,0,NO,46.48,46.97,45.90,47.04,46.12,,2681,0.71,104757.00,NO,NO,2016-04-21,8958400.00
3875,MEDI,32.43,32.46,3732.00,ETF,ETF,48.00,20.00,26.00,58.00,0.41,0.34,4269.00,4280.00,35.60,27.50,0,NO,33.15,33.63,31.75,33.50,31.79,,971,0.00,3732.00,NO,NO,2026-05-19,229900.00
3876,MA,552.26,550.00,2452978.00,Financial Services,Credit Services,48.00,21.00,77.00,64.00,8.92,8.74,2889136.00,3329200.00,601.23,464.52,483785244672,NO,565.07,570.70,532.17,571.48,526.93,,5121,0.24,2452978.00,NO,NO,2006-05-25,395343000.00
3877,VIGI,94.56,93.85,263698.00,ETF,ETF,48.00,35.00,52.00,50.00,1.05,0.74,256476.00,312350.00,99.99,85.23,0,NO,96.19,97.41,93.85,97.64,94.02,,2663,0.00,263698.00,NO,NO,2025-09-15,3264000.00
3878,EGP,195.78,194.84,508971.00,Real Estate,REIT - Industrial,48.00,60.00,20.00,45.00,3.18,3.06,479880.00,695690.00,226.71,166.11,10527739904,NO,199.77,202.04,196.66,201.22,200.92,,13518,0.00,508971.00,NO,NO,2019-05-06,7631500.00
3879,FPXI,68.21,67.61,1049388.00,ETF,ETF,48.00,54.00,12.00,57.00,1.09,0.72,32153.00,51150.00,86.63,55.75,0,NO,68.49,69.92,69.15,70.29,71.15,,2990,0.00,1049388.00,NO,YES,2026-10-02,1049388.00
3880,AVGO,355.14,343.64,24509128.00,Technology,Semiconductors,48.00,38.00,30.00,66.00,9.96,8.30,22483517.00,23663890.00,495.00,289.96,1695307005952,NO,354.10,373.22,367.50,373.27,379.21,,4316,1.84,24509128.00,YES,NO,2014-05-07,560280000.00
3881,CVY,28.59,28.47,3724.00,ETF,ETF,48.00,17.00,41.00,47.00,0.25,0.20,4088.00,3720.00,30.86,25.81,0,NO,29.53,30.04,28.68,30.04,29.01,,5039,0.00,3724.00,NO,NO,2011-07-14,3108400.00
3882,TORK,25.55,25.02,998.00,ETF,ETF,48.00,,,,,,2950.00,2950.00,25.64,24.91,0,NO,,,,,,,7,0.00,998.00,NO,NO,2026-09-28,10500.00
3883,RAAR,51.62,51.56,137.00,ETF,ETF,47.00,72.00,67.00,43.00,0.19,0.11,2055.00,4070.00,53.44,49.74,0,NO,51.59,51.35,,51.39,50.85,,161,0.00,137.00,NO,NO,2026-03-31,50000.00
3884,RAAY,103.16,103.15,25000.00,ETF,ETF,47.00,77.00,67.00,43.00,0.06,0.01,128.00,280.00,103.36,99.56,0,NO,103.03,102.64,,102.75,101.72,,160,0.00,1500.00,NO,NO,2026-03-06,25000.00
3885,QVOL,101.85,100.67,5569.00,ETF,ETF,47.00,85.00,67.00,,1.75,1.44,10236.00,9030.00,107.59,91.40,0,NO,99.63,99.14,,99.92,,,100,0.00,5569.00,NO,NO,2026-06-08,93000.00
3886,FLGB,35.57,35.28,81114.00,ETF,ETF,47.00,32.00,48.00,39.00,0.42,0.28,117357.00,40280.00,38.03,31.71,0,NO,36.47,36.93,35.79,36.95,36.00,,2238,0.26,81114.00,NO,NO,2021-10-26,11001600.00
3887,JPEM,63.31,62.91,13159.00,ETF,ETF,47.00,27.00,56.00,40.00,0.60,0.35,14309.00,16610.00,67.53,57.58,0,NO,65.29,65.39,64.22,65.55,64.33,,2950,0.44,13159.00,NO,NO,2021-04-01,969300.00
3888,AUB,38.82,38.47,1053941.00,Financial Services,Banks - Regional,47.00,30.00,19.00,54.00,0.74,0.73,1106103.00,1481930.00,43.62,30.87,5544074240,NO,39.09,40.70,38.86,40.62,39.19,,8304,0.75,1053941.00,NO,NO,2023-03-17,15982900.00
3889,SLG,48.81,48.77,635653.00,Real Estate,REIT - Office,47.00,8.00,29.00,89.00,1.65,1.61,924893.00,988470.00,60.82,34.77,3745104640,NO,51.38,54.11,46.61,54.09,48.02,,7328,0.00,635653.00,NO,NO,2023-03-17,18745600.00
3890,CBOY,25.27,25.26,822.00,ETF,ETF,47.00,75.00,75.00,45.00,0.05,0.01,1452.00,260.00,25.66,24.26,0,NO,25.11,24.87,24.55,24.91,24.58,,313,0.00,822.00,NO,NO,2025-07-22,31500.00
3891,CBTJ,20.87,20.93,1270.00,ETF,ETF,47.00,87.00,91.00,62.00,0.34,0.17,6320.00,2830.00,30.52,17.22,0,NO,20.29,19.19,19.55,19.36,19.03,,418,0.00,1270.00,NO,NO,2025-02-04,693200.00
3892,SAMT,42.21,41.81,139371.00,ETF,ETF,47.00,63.00,20.00,49.00,0.44,0.37,136547.00,151090.00,47.86,35.66,0,NO,42.06,42.82,42.27,42.79,43.23,,1177,0.86,139371.00,NO,NO,2026-06-15,765900.00
3893,ASD,26.37,26.40,324.00,ETF,ETF,47.00,24.00,31.00,,0.16,0.06,449.00,440.00,28.52,24.59,0,NO,27.09,27.41,,27.35,,,86,0.00,324.00,NO,NO,2026-07-08,4100.00
3894,OEFA,34.46,34.12,921.00,ETF,ETF,47.00,35.00,49.00,56.00,0.28,0.11,1803.00,2390.00,36.86,30.52,0,NO,34.88,35.63,34.18,35.71,34.15,,2797,0.81,921.00,NO,NO,2016-03-07,759600.00
3895,AVRY,24.98,25.01,6924.00,ETF,ETF,47.00,31.00,63.00,72.00,0.28,0.13,7412.00,12270.00,26.72,20.39,0,NO,25.14,25.38,,25.43,23.99,,176,0.00,6924.00,NO,NO,2026-01-22,1023700.00
3896,ONEY,123.89,124.11,12530.00,ETF,ETF,47.00,14.00,31.00,43.00,1.19,0.95,21553.00,13570.00,136.89,108.75,0,NO,128.21,131.88,125.79,131.62,127.84,,2723,0.00,12530.00,NO,NO,2015-12-03,5718300.00
3897,CGBL,36.93,36.78,1557842.00,ETF,ETF,47.00,45.00,42.00,52.00,0.31,0.25,1436207.00,1499400.00,38.68,33.67,0,NO,37.40,37.76,36.77,37.80,37.03,,756,0.00,1557842.00,NO,NO,2026-05-22,9023600.00
3898,THTA,15.76,15.74,79909.00,ETF,ETF,47.00,70.00,65.00,41.00,0.08,0.08,54461.00,57840.00,16.07,14.60,0,NO,15.69,15.66,15.46,15.69,15.55,,722,0.00,79909.00,NO,NO,2024-06-26,383900.00
3899,SIXS,55.06,54.85,4688.00,ETF,ETF,47.00,23.00,24.00,48.00,0.49,0.36,5661.00,5680.00,60.43,47.90,0,NO,56.24,57.90,55.06,57.74,55.97,,1608,0.00,4688.00,NO,NO,2020-05-12,149200.00
3900,SOVF,30.11,30.01,64399.00,ETF,ETF,47.00,24.00,51.00,63.00,0.30,0.23,11928.00,10940.00,32.51,26.51,0,NO,30.76,31.34,29.45,31.44,29.52,,753,0.00,64399.00,NO,NO,2024-07-23,341400.00
3901,ACWV,123.35,122.93,64714.00,ETF,ETF,47.00,39.00,65.00,43.00,0.75,0.60,80596.00,76070.00,128.45,116.96,0,NO,124.90,125.66,122.11,125.85,122.41,,3759,0.00,64714.00,NO,NO,2015-05-28,5104500.00
3902,AJAN,28.62,28.62,9164.00,ETF,ETF,47.00,67.00,64.00,44.00,0.05,0.03,2393.00,2840.00,28.67,27.42,0,NO,28.57,28.56,28.20,28.58,28.30,,691,0.00,9164.00,NO,NO,2024-01-02,642100.00
3903,SITX,23.92,21.88,11915.00,ETF,ETF,47.00,97.00,,,1.69,1.15,10532.00,8490.00,29.64,14.21,0,NO,18.78,,,,,,38,0.00,11915.00,NO,NO,2026-08-17,34300.00
3904,XTN,100.91,99.15,38059.00,ETF,ETF,47.00,48.00,12.00,49.00,1.57,1.40,66033.00,52300.00,120.90,79.18,0,NO,100.89,105.91,103.88,105.61,106.18,,3944,1.08,38059.00,NO,NO,2021-10-20,1619000.00
3905,SAWS,23.24,22.91,5151.00,ETF,ETF,47.00,65.00,18.00,56.00,0.17,0.08,5628.00,2010.00,26.05,19.77,0,NO,23.08,23.75,23.14,23.72,23.54,,546,0.00,5151.00,NO,NO,2026-01-14,152600.00
3906,COAL,24.20,23.96,14958.00,ETF,ETF,47.00,5.00,81.00,9.00,0.59,0.52,37831.00,30630.00,29.10,20.53,0,NO,25.66,25.35,25.36,25.43,25.32,,676,0.00,14958.00,NO,NO,2026-04-01,953300.00
3907,CPSU,27.98,27.90,51.00,ETF,ETF,47.00,70.00,64.00,43.00,0.04,0.02,1569.00,650.00,29.01,26.68,0,NO,27.87,27.85,27.50,27.88,27.63,,336,0.00,300.00,NO,NO,2025-07-01,484600.00
3908,AGNCL,25.21,25.34,18864.00,Real Estate,REIT - Mortgage,47.00,65.00,69.00,47.00,0.17,0.15,12568.00,19020.00,25.64,23.61,0,NO,25.33,25.21,24.98,25.24,24.98,,1020,0.00,18864.00,NO,NO,2022-09-30,684100.00
3909,EE,32.54,32.11,339705.00,Energy,Oil & Gas Midstream,47.00,2.00,8.00,33.00,1.35,1.33,367723.00,474640.00,43.17,24.89,3690104576,NO,35.53,37.05,35.49,36.88,35.70,,1122,0.00,339705.00,NO,NO,2022-04-13,11900700.00
3910,OUSM,46.54,46.33,22142.00,ETF,ETF,47.00,29.00,45.00,49.00,0.46,0.43,62246.00,59110.00,50.36,42.08,0,NO,47.27,48.60,46.60,48.61,47.00,,2452,0.00,22142.00,NO,NO,2025-03-11,919800.00
3911,XRPC,15.59,15.91,902959.00,ETF,ETF,47.00,90.00,94.00,64.00,0.90,0.73,259579.00,347550.00,26.89,10.52,0,NO,15.30,13.59,14.96,13.85,13.64,,222,0.00,902959.00,NO,NO,2025-11-13,2285200.00
3912,RWIN,26.78,26.47,12.00,ETF,ETF,47.00,42.00,63.00,,0.21,0.03,441.00,330.00,28.14,25.47,0,NO,27.32,27.43,,27.54,,,124,0.00,12.00,NO,NO,2026-09-16,6500.00
3913,MNA,36.89,36.83,418136.00,ETF,ETF,47.00,71.00,71.00,40.00,0.16,0.14,33449.00,21390.00,37.19,35.56,0,NO,36.79,36.73,36.39,36.74,36.50,,4244,0.00,418136.00,NO,NO,2019-02-20,1416600.00
3914,SPGP,119.36,119.28,36078.00,ETF,ETF,47.00,29.00,34.00,61.00,1.12,1.08,91871.00,113990.00,129.64,103.86,0,NO,121.11,124.54,118.39,124.46,119.44,,3847,0.00,36078.00,NO,NO,2013-01-31,2934200.00
3915,RISR,36.99,36.99,274448.00,ETF,ETF,47.00,73.00,70.00,41.00,0.25,0.23,108549.00,166150.00,37.36,35.25,0,NO,36.74,36.71,36.31,36.74,36.48,,1256,0.00,274448.00,NO,NO,2022-05-09,579600.00
3916,CEW,19.53,19.47,1080.00,ETF,ETF,47.00,51.00,65.00,42.00,0.09,0.05,5712.00,3370.00,20.56,17.80,0,NO,19.77,19.79,19.42,19.83,19.48,,4362,0.00,1080.00,NO,NO,2010-06-02,6404800.00
3917,VDIG,62.27,61.90,4572.00,ETF,ETF,47.00,53.00,46.00,57.00,0.41,0.33,8725.00,7940.00,65.31,55.63,0,NO,62.37,63.41,61.50,63.43,61.56,,219,0.00,4572.00,NO,NO,2025-12-30,52900.00
3918,PNQI,50.72,50.57,24331.00,ETF,ETF,47.00,40.00,82.00,65.00,0.69,0.58,45338.00,54490.00,57.22,42.80,0,NO,51.10,51.10,49.15,51.37,48.48,,4605,0.00,24331.00,NO,NO,2015-01-26,2246000.00
3919,TPLC,48.96,48.74,9984.00,ETF,ETF,47.00,45.00,39.00,47.00,0.38,0.33,19155.00,17520.00,51.91,44.00,0,NO,49.16,50.27,48.69,50.25,49.18,,1867,0.00,9984.00,NO,NO,2019-05-01,1675200.00
3920,IJJ,140.52,139.06,242036.00,ETF,ETF,47.00,31.00,33.00,49.00,1.58,1.41,168150.00,232400.00,151.81,123.89,0,NO,142.13,146.20,141.24,146.22,142.65,,6584,0.88,242036.00,NO,NO,2008-10-01,8870600.00
3921,APOC,26.70,26.66,15555.00,ETF,ETF,47.00,72.00,68.00,44.00,0.08,0.08,13928.00,43500.00,26.89,25.53,0,NO,26.59,26.51,26.27,26.53,26.26,,503,0.00,15555.00,NO,NO,2026-02-17,1600600.00
3922,BAMD,32.50,32.40,16441.00,ETF,ETF,47.00,22.00,45.00,44.00,0.24,0.15,12007.00,12370.00,35.31,29.43,0,NO,33.33,34.14,32.44,34.11,32.90,,755,0.00,16441.00,NO,NO,2023-11-10,460200.00
3923,GEMQ,24.60,23.77,9.00,ETF,ETF,47.00,,,,0.09,0.02,46.00,0.00,24.60,23.77,0,NO,,,,,,,15,0.00,9.00,NO,NO,2026-09-16,507.00
3924,VTR,84.01,83.73,2823797.00,Real Estate,REIT - Healthcare Facilities,47.00,12.00,17.00,39.00,1.48,1.46,3350411.00,4374580.00,101.60,66.93,43092627456,NO,87.54,90.71,85.91,90.08,88.04,,7400,0.00,2823797.00,NO,NO,2009-03-03,28828394.00
3925,ETO,30.07,29.98,25295.00,Financial Services,Asset Management,47.00,29.00,40.00,61.00,0.57,0.57,24055.00,17160.00,32.35,25.68,492791296,NO,30.58,31.08,30.00,31.16,30.03,,5624,0.00,25295.00,NO,NO,2022-08-17,495500.00
3926,BLK,1059.63,1064.36,538424.00,Financial Services,Asset Management,47.00,31.00,80.00,59.00,24.05,23.07,633569.00,551970.00,1219.94,917.39,172164644864,NO,1070.80,1109.65,1060.86,1113.92,1052.28,,6792,0.00,538424.00,NO,NO,2012-05-23,22888000.00
3927,BIP,36.52,35.79,1136119.00,Utilities,Utilities - Diversified,47.00,72.00,46.00,36.00,0.80,0.77,912877.00,881300.00,44.04,33.21,28917448704,NO,35.84,37.94,37.23,37.90,37.65,,4712,0.67,1136119.00,NO,NO,2017-09-12,11552184.00
3928,EPR,56.45,55.49,814368.00,Real Estate,REIT - Specialty,47.00,25.00,32.00,60.00,1.11,1.07,777073.00,851360.00,64.97,48.11,4324573696,NO,57.73,59.77,56.92,59.46,57.74,,7262,0.52,814368.00,NO,NO,2016-01-15,10387300.00
3929,BOXX,118.45,118.40,4789921.00,ETF,ETF,47.00,69.00,66.00,41.00,0.04,0.04,3178484.00,4251520.00,118.48,113.91,0,NO,118.25,118.00,116.67,118.07,117.20,,944,0.02,4789921.00,NO,NO,2026-09-09,7517400.00
3930,TWSC,26.10,25.89,34.00,ETF,ETF,47.00,95.00,,,0.63,0.16,357.00,570.00,29.94,17.90,0,NO,23.69,22.51,,23.05,,,67,0.00,500.00,NO,NO,2026-06-26,10100.00
3931,EUDA,17.24,15.91,15524.00,Real Estate,Real Estate Services,47.00,96.00,93.00,96.00,1.44,1.40,13603.00,18900.00,86.00,5.26,51611084,NO,15.88,15.70,18.48,15.69,13.67,,1205,0.44,15524.00,NO,NO,2026-04-23,4734000.00
3932,TREX,43.56,43.50,1563087.00,Industrials,Building Products & Equipment,47.00,63.00,16.00,81.00,1.42,1.38,1839133.00,1663280.00,54.30,29.77,4437248000,NO,43.99,45.50,42.09,45.64,42.93,,6915,0.00,1563087.00,NO,NO,2005-06-23,27536000.00
3933,MSBIP,25.48,25.94,443.00,Financial Services,Banks - Regional,47.00,73.00,67.00,45.00,0.24,0.19,4876.00,3540.00,27.07,23.22,0,NO,25.45,25.35,25.24,25.37,25.26,,1027,0.00,1900.00,NO,NO,2022-09-30,535000.00
3934,SPUC,49.07,48.53,37572.00,ETF,ETF,47.00,63.00,54.00,59.00,0.52,0.39,99788.00,50200.00,52.08,42.89,0,NO,49.13,49.48,48.13,49.61,48.46,,1526,0.72,37572.00,NO,NO,2026-07-23,3129600.00
3935,HEFT,26.47,26.40,1402.00,ETF,ETF,47.00,60.00,64.00,32.00,0.14,0.12,19047.00,11290.00,28.84,24.92,0,NO,26.46,26.48,26.54,26.49,26.45,,216,0.00,1402.00,NO,NO,2026-03-30,722800.00
3936,MPIA,25.76,25.69,8889.00,ETF,ETF,47.00,82.00,,,0.46,0.44,24222.00,28450.00,27.33,24.13,0,NO,25.42,,,,,,37,0.00,8889.00,NO,NO,2026-09-16,115400.00
3937,SDVY,41.28,40.97,1331421.00,ETF,ETF,47.00,31.00,31.00,45.00,0.49,0.47,872842.00,902090.00,45.11,36.41,0,NO,41.81,43.13,41.69,43.12,42.09,,2239,0.56,1331421.00,NO,NO,2025-04-07,8663000.00
3938,MDYV,90.22,89.40,112949.00,ETF,ETF,47.00,30.00,33.00,48.00,0.97,0.87,83498.00,102990.00,97.58,79.64,0,NO,91.40,93.96,90.85,93.98,91.72,,5252,0.82,112949.00,NO,NO,2021-03-23,12911100.00
3939,TNDM,16.50,16.50,2191018.00,Healthcare,Medical Devices,47.00,2.00,83.00,10.00,1.06,1.05,1967071.00,2471560.00,29.65,12.26,1148048640,NO,17.19,19.52,19.44,19.44,18.43,,3239,0.00,2191018.00,NO,NO,2018-06-22,17879100.00
3940,CFO,78.25,77.93,4429.00,ETF,ETF,47.00,35.00,40.00,47.00,0.52,0.43,5080.00,8410.00,83.51,70.78,0,NO,79.13,80.93,77.99,80.90,78.68,,3082,0.00,4429.00,NO,NO,2021-04-12,678400.00
3941,CFA,96.53,96.14,3839.00,ETF,ETF,47.00,34.00,40.00,47.00,0.64,0.55,5566.00,5920.00,103.11,87.20,0,NO,97.61,99.84,96.21,99.79,97.07,,3082,0.00,3839.00,NO,NO,2019-06-03,622400.00
3942,BPI,25.84,25.84,549.00,ETF,ETF,47.00,87.00,93.00,70.00,0.37,0.14,1538.00,1930.00,44.01,18.55,0,NO,25.14,23.30,24.47,23.60,23.22,,378,0.00,549.00,NO,NO,2025-10-17,28000.00
3943,FEZ,67.00,66.08,1522296.00,ETF,ETF,47.00,29.00,38.00,53.00,0.94,0.70,787763.00,1103970.00,72.36,59.57,0,NO,68.61,69.93,67.16,70.10,67.45,,6026,0.94,1522296.00,NO,NO,2003-07-11,22068500.00
3944,SMIG,31.32,31.08,228271.00,ETF,ETF,47.00,46.00,27.00,52.00,0.33,0.31,234065.00,267160.00,33.70,27.66,0,NO,31.54,32.44,31.29,32.44,31.74,,1281,0.00,228271.00,NO,NO,2025-04-07,1153100.00
3945,WCMG,20.97,20.84,315.00,ETF,ETF,47.00,50.00,37.00,,0.15,0.07,2539.00,860.00,22.30,19.47,0,NO,21.25,21.48,,21.52,,,114,0.19,315.00,NO,NO,2026-07-24,57300.00
3946,STRF,103.40,103.28,23527.00,Technology,Software - Application,47.00,70.00,82.00,50.00,1.25,1.15,72615.00,59940.00,117.05,82.50,0,NO,103.66,100.42,99.32,100.75,98.20,,383,0.06,23527.00,NO,NO,2025-03-31,1843500.00
3947,INEQ,39.40,38.96,13169.00,ETF,ETF,47.00,21.00,58.00,37.00,0.49,0.29,12655.00,18330.00,42.65,35.72,0,NO,40.98,41.31,39.83,41.42,40.13,,2565,0.00,13169.00,NO,NO,2024-06-11,584500.00
3948,CLDX,31.65,32.18,2369993.00,Healthcare,Biotechnology,47.00,2.00,8.00,41.00,2.11,2.09,1237276.00,3187500.00,45.14,22.10,2485459712,NO,35.53,38.29,32.34,37.88,34.54,,10174,0.00,2369993.00,NO,NO,2020-06-11,61347800.00
3949,BENJ,53.31,53.30,11630.00,ETF,ETF,47.00,69.00,65.00,41.00,0.03,0.03,47601.00,21590.00,53.33,51.38,0,NO,53.23,53.12,52.54,53.15,52.76,,426,0.00,11630.00,NO,NO,2026-07-31,1191400.00
3950,NYNY,26.19,26.39,21.00,ETF,ETF,47.00,27.00,61.00,,0.17,0.01,639.00,150.00,28.24,25.11,0,NO,27.06,27.39,,27.38,,,102,0.00,100.00,NO,NO,2026-05-06,49800.00
3951,KEO,25.14,24.64,8839.00,ETF,ETF,47.00,44.00,,,0.42,0.30,4670.00,4510.00,26.54,24.59,0,NO,25.26,,,,,,42,1.83,8839.00,NO,NO,2026-08-25,21200.00
3952,TWFG,24.61,24.75,85963.00,Financial Services,Insurance Brokers,47.00,2.00,47.00,89.00,0.99,0.96,159795.00,195770.00,31.30,16.56,316984992,NO,25.97,27.28,23.32,27.27,22.93,,555,0.00,85963.00,NO,NO,2024-07-18,4998200.00
3953,IYT,80.20,79.04,688700.00,ETF,ETF,47.00,34.00,19.00,51.00,1.14,1.03,689874.00,1051080.00,90.06,68.10,0,NO,80.65,84.07,81.27,83.91,82.54,,5724,0.61,688700.00,NO,NO,2008-04-21,17956000.00
3954,FXA,68.86,68.61,4440.00,ETF,ETF,47.00,42.00,60.00,38.00,0.33,0.23,9379.00,10430.00,72.02,63.66,0,NO,70.18,70.18,69.51,70.33,69.97,,5100,0.00,4440.00,NO,NO,2011-09-23,2744800.00
3955,SEUS,25.86,25.65,24002.00,ETF,ETF,47.00,59.00,,,0.23,0.16,654284.00,33150.00,27.19,24.73,0,NO,25.86,25.93,,26.06,,,58,0.00,24002.00,NO,NO,2026-07-14,34477300.00
3956,BFLX,25.88,25.77,597874.00,ETF,ETF,47.00,70.00,68.00,,0.24,0.21,1081534.00,454950.00,26.67,24.77,0,NO,25.77,25.84,,25.95,,,94,0.00,597874.00,NO,NO,2026-07-15,32774300.00
3957,NEWZ,29.37,29.20,1764.00,ETF,ETF,46.00,44.00,40.00,47.00,0.19,0.11,1925.00,1590.00,30.89,26.02,0,NO,29.51,29.85,28.79,29.89,29.19,,621,0.12,1764.00,NO,NO,2025-08-13,172800.00
3958,SCHY,31.32,31.12,670580.00,ETF,ETF,46.00,24.00,45.00,30.00,0.33,0.21,652757.00,584590.00,34.04,27.74,0,NO,32.34,32.92,32.12,32.88,32.34,,1364,0.42,670580.00,NO,NO,2025-01-22,2641400.00
3959,SPXT,107.41,107.01,6369.00,ETF,ETF,46.00,37.00,43.00,49.00,0.89,0.76,15480.00,20530.00,113.74,98.59,0,NO,109.18,110.58,107.46,110.64,107.97,,2772,0.00,6369.00,NO,NO,2026-04-30,239100.00
3960,QCMU,22.71,22.10,133299.00,ETF,ETF,46.00,93.00,17.00,94.00,2.29,2.08,128719.00,159170.00,52.18,13.10,0,NO,23.34,20.27,23.31,20.42,24.14,,321,0.00,133299.00,NO,NO,2026-04-27,1339700.00
3961,DVY,153.05,152.71,307282.00,ETF,ETF,46.00,18.00,39.00,39.00,1.64,1.48,353728.00,313880.00,167.06,137.16,0,NO,157.77,161.21,154.70,160.91,156.73,,5761,0.03,307282.00,NO,NO,2011-11-21,8384700.00
3962,TSPY,25.54,25.38,532652.00,ETF,ETF,46.00,74.00,62.00,60.00,0.24,0.21,234542.00,331020.00,26.67,22.66,0,NO,25.36,25.48,25.18,25.57,25.14,,535,0.00,532652.00,NO,NO,2026-03-20,783800.00
3963,LLYVA,95.72,93.61,104434.00,Communication Services,Entertainment,46.00,41.00,23.00,39.00,2.60,2.49,151636.00,128450.00,106.06,74.38,8806754304,NO,95.04,98.23,93.19,97.47,95.63,,794,0.92,104434.00,NO,NO,2026-05-14,2066700.00
3964,DSGX,80.08,81.19,349204.00,Technology,Software - Application,46.00,78.00,86.00,64.00,2.53,2.53,589842.00,593870.00,98.35,62.56,6850728448,NO,78.44,77.81,74.74,78.30,73.74,,6964,0.00,349204.00,NO,NO,1999-01-27,5972200.00
3965,BUYB,41.35,41.26,425.00,ETF,ETF,46.00,41.00,49.00,,0.25,0.15,3228.00,2140.00,44.19,38.97,0,NO,41.82,42.81,,42.74,,,103,0.00,425.00,NO,NO,2026-05-11,28800.00
3966,MOH,189.54,180.85,625022.00,Healthcare,Healthcare Plans,46.00,19.00,7.00,89.00,6.86,6.78,926300.00,668420.00,244.89,121.06,9893987328,NO,196.30,198.23,181.70,199.10,188.25,,5851,0.37,625022.00,NO,NO,2026-03-20,14407900.00
3967,HOMB,28.67,28.56,1764403.00,Financial Services,Banks - Regional,46.00,37.00,58.00,49.00,0.51,0.50,1601230.00,1696510.00,31.70,25.50,5735422976,NO,29.37,30.12,28.46,30.09,28.41,,5101,0.00,1764403.00,NO,NO,2017-06-01,21175800.00
3968,CB,330.89,331.30,1964566.00,Financial Services,Insurance - Property & Casualty,46.00,47.00,21.00,38.00,4.58,4.49,1765274.00,1792220.00,365.91,265.30,127657328640,NO,336.39,342.80,329.94,341.03,334.80,,8439,0.00,1964566.00,NO,NO,2008-07-17,74437100.00
3969,FINA,25.75,25.58,467.00,ETF,ETF,46.00,71.00,,,0.14,0.06,1397000.00,3400.00,26.09,24.44,0,NO,25.65,25.59,,25.70,,,60,0.00,500.00,NO,NO,2026-07-13,34105100.00
3970,AER,144.34,143.93,935440.00,Industrials,Rental & Leasing Services,46.00,63.00,26.00,45.00,2.96,2.69,1070566.00,1192670.00,158.81,118.96,22687946752,NO,143.34,147.21,144.27,147.09,143.82,,4996,0.00,935440.00,NO,NO,2015-06-04,40781000.00
3971,CTIF,52.00,51.33,19.00,ETF,ETF,46.00,48.00,61.00,52.00,0.38,0.09,4830.00,9910.00,56.17,47.46,0,NO,52.69,53.86,52.09,53.95,52.17,,320,0.84,2500.00,NO,NO,2026-01-13,209700.00
3972,STCE,66.09,66.10,224170.00,ETF,ETF,46.00,83.00,36.00,83.00,2.86,2.56,117542.00,278030.00,109.64,48.35,0,NO,68.68,65.64,65.60,66.24,66.42,,1045,0.00,224170.00,NO,NO,2026-09-25,761000.00
3973,SSXU,35.70,35.37,40987.00,ETF,ETF,46.00,53.00,54.00,43.00,0.35,0.12,4544.00,17440.00,37.41,33.28,0,NO,36.04,36.10,35.76,36.27,35.73,,1068,0.69,40987.00,NO,NO,2023-05-26,225700.00
3974,USLX,25.02,24.69,4479.00,ETF,ETF,46.00,73.00,74.00,,0.26,0.04,2039.00,1130.00,25.85,22.80,0,NO,24.77,24.81,,25.00,,,85,1.17,4479.00,NO,NO,2026-07-13,26600.00
3975,SFYI,25.14,24.94,1708.00,ETF,ETF,46.00,79.00,,,0.28,0.14,2408.00,1270.00,25.76,23.01,0,NO,24.90,24.73,,24.87,,,63,0.68,1708.00,NO,NO,2026-07-09,22400.00
3976,SCDV,26.22,25.87,5914.00,ETF,ETF,46.00,55.00,26.00,47.00,0.25,0.18,9687.00,12330.00,28.52,23.31,0,NO,26.19,27.08,26.39,27.10,26.64,,452,1.24,5914.00,NO,NO,2025-01-28,93600.00
3977,DIVL,24.30,24.50,26.00,ETF,ETF,46.00,35.00,61.00,34.00,0.10,0.03,1528.00,570.00,25.95,22.12,0,NO,24.98,25.31,24.69,25.25,24.83,,785,0.00,100.00,NO,NO,2023-08-17,750900.00
3978,TOAK,29.12,29.11,245.00,ETF,ETF,46.00,69.00,65.00,40.00,0.01,0.01,12368.00,1820.00,29.36,28.12,0,NO,29.07,29.02,28.73,29.03,28.84,,532,0.02,245.00,NO,NO,2025-02-12,704000.00
3979,CNR,88.96,87.60,436516.00,Energy,Thermal Coal,46.00,6.00,86.00,7.00,3.07,2.97,523814.00,567630.00,114.80,74.75,4415641088,NO,92.81,92.10,90.98,92.76,90.66,,2232,0.23,436516.00,NO,NO,2025-01-13,6592700.00
3980,TY,34.30,34.20,22053.00,Financial Services,Asset Management,46.00,38.00,48.00,53.00,0.49,0.47,31701.00,38710.00,36.55,30.53,1832392576,NO,34.66,35.15,33.99,35.17,34.37,,11732,0.00,22053.00,NO,NO,2006-01-06,2062100.00
3981,EZU,67.03,66.15,1220427.00,ETF,ETF,46.00,32.00,35.00,50.00,0.94,0.82,904163.00,1166850.00,72.20,59.92,0,NO,68.57,69.78,67.32,69.94,67.73,,6583,0.76,1220427.00,NO,NO,2025-04-28,36625400.00
3982,BGCG,27.03,26.91,7540.00,ETF,ETF,46.00,29.00,63.00,,0.30,0.17,16101.00,29820.00,28.95,24.94,0,NO,27.29,27.48,,27.60,,,87,0.17,7540.00,NO,NO,2026-06-12,232600.00
3983,IREN,41.76,40.65,41009657.00,Financial Services,Capital Markets,46.00,86.00,31.00,78.00,2.52,2.48,42677679.00,34762420.00,76.87,28.93,16455888896,NO,44.07,41.40,45.57,42.05,45.45,,1223,0.00,41009657.00,YES,NO,2026-05-11,112561500.00
3984,QBF,18.76,18.83,17431.00,ETF,ETF,46.00,86.00,92.00,62.00,0.30,0.13,4692.00,8330.00,29.11,14.58,0,NO,18.36,17.18,18.04,17.35,17.18,,416,0.00,17431.00,NO,NO,2026-05-26,154400.00
3985,GRPN,19.31,19.53,844799.00,Communication Services,Internet Content & Information,46.00,80.00,2.00,94.00,1.18,1.12,1340580.00,1400830.00,29.90,9.17,785246848,NO,19.61,21.44,17.61,21.05,18.70,,3748,0.00,844799.00,NO,NO,2020-08-07,38209900.00
3986,USGX,24.15,24.01,34.00,ETF,ETF,46.00,85.00,82.00,,0.33,0.01,114.00,100.00,24.65,20.37,0,NO,23.54,23.14,,23.50,,,83,0.00,100.00,NO,NO,2026-06-03,10000.00
3987,PSOX,50.76,48.62,788.00,ETF,ETF,46.00,94.00,,,1.14,0.46,3696.00,1520.00,50.95,39.37,0,NO,46.29,,,,,,34,0.00,788.00,NO,NO,2026-09-08,45200.00
3988,DRES,28.68,28.14,32.00,ETF,ETF,46.00,30.00,20.00,40.00,0.25,0.18,26052.00,150040.00,32.00,23.89,0,NO,29.08,30.30,29.35,30.15,29.91,,252,0.00,900.00,NO,NO,2026-09-30,1478300.00
3989,CPA,132.48,132.52,225381.00,Industrials,Airlines,46.00,81.00,10.00,71.00,4.18,3.83,299736.00,396960.00,160.47,107.44,5407757312,NO,130.99,133.62,132.11,133.81,131.95,,5231,0.00,225381.00,NO,NO,2005-12-15,11589800.00
3990,XVGL,29.31,28.85,10151.00,ETF,ETF,46.00,,,,,,557.00,557.00,29.78,28.68,0,NO,,,,,,,8,0.00,10151.00,NO,YES,2026-10-02,10151.00
3991,KWIN,25.86,25.85,20537.00,ETF,ETF,46.00,68.00,65.00,40.00,0.12,0.12,12204.00,10430.00,27.11,24.41,0,NO,25.83,25.78,25.54,25.79,25.64,,228,0.00,20537.00,NO,NO,2025-11-24,630300.00
3992,JFLI,53.09,52.83,10035.00,ETF,ETF,46.00,55.00,47.00,47.00,0.34,0.21,4296.00,3850.00,54.99,49.03,0,NO,53.26,53.62,52.65,53.70,52.98,,410,0.00,10035.00,NO,NO,2026-01-07,167200.00
3993,DFE,73.83,73.30,3921.00,ETF,ETF,46.00,33.00,58.00,42.00,0.67,0.37,6407.00,9520.00,78.34,66.05,0,NO,75.80,76.31,74.86,76.49,75.01,,5106,0.49,3921.00,NO,NO,2016-06-15,2645100.00
3994,BNTX,96.90,96.85,681350.00,Healthcare,Biotechnology,46.00,18.00,75.00,51.00,2.92,2.70,1148900.00,870060.00,124.00,79.52,24341702656,NO,98.23,98.52,97.70,98.80,94.97,,1754,0.00,681350.00,NO,NO,2020-07-23,15899700.00
3995,LAZR,48.28,45.63,228041.00,ETF,ETF,46.00,94.00,,,1.58,1.13,152884.00,97850.00,50.82,32.55,0,NO,44.09,43.08,,44.07,,,67,3.57,228041.00,NO,NO,2026-08-12,656000.00
3996,DEO,84.75,84.42,1139700.00,Consumer Defensive,Beverages - Wineries & Distilleries,46.00,17.00,77.00,71.00,1.42,1.08,1062025.00,800110.00,102.74,72.45,47133294592,NO,86.54,89.64,85.44,90.11,83.67,,8953,0.00,1139700.00,NO,NO,2026-02-25,9490700.00
3997,EWU,46.18,45.89,2038270.00,ETF,ETF,46.00,31.00,46.00,35.00,0.54,0.39,1224107.00,1165480.00,49.39,41.33,0,NO,47.41,47.99,46.67,48.01,46.95,,7686,0.31,2038270.00,NO,NO,2018-03-06,21639600.00
3998,LAD,307.77,306.07,456137.00,Consumer Cyclical,Auto & Truck Dealerships,46.00,3.00,57.00,80.00,14.34,14.11,294987.00,381430.00,439.49,239.78,6765743616,NO,329.51,355.88,312.02,356.50,309.86,,7494,0.00,456137.00,NO,NO,2012-08-01,7119800.00
3999,DDDD,31.76,31.76,8226.00,ETF,ETF,46.00,16.00,59.00,43.00,0.27,0.22,5930.00,4680.00,34.45,30.33,0,NO,32.99,33.39,,33.34,32.27,,142,0.00,8226.00,NO,NO,2026-06-29,33900.00
4000,XCLR,28.01,27.86,133.00,ETF,ETF,46.00,69.00,68.00,58.00,0.16,0.08,1701.00,2290.00,30.70,25.15,0,NO,27.89,27.91,27.40,28.00,27.31,,1388,0.00,133.00,NO,NO,2025-03-10,200300.00
4001,OXLCZ,24.94,24.92,670.00,Finance,Financial conglomerates,46.00,65.00,66.00,40.00,0.07,0.04,4373.00,3100.00,25.15,24.14,0,NO,24.97,24.96,24.70,24.98,24.79,,1183,0.00,670.00,NO,NO,2022-04-28,137900.00
4002,CAMX,33.19,33.34,18.00,ETF,ETF,46.00,23.00,37.00,53.00,0.21,0.03,323.00,170.00,36.30,29.89,0,NO,34.34,35.13,33.69,35.11,33.99,,911,0.00,100.00,NO,NO,2024-08-08,37600.00
4003,USMF,52.86,52.40,5344.00,ETF,ETF,46.00,70.00,53.00,50.00,0.39,0.29,18450.00,12550.00,54.67,48.41,0,NO,52.49,53.00,52.05,53.09,52.26,,2328,0.84,5344.00,NO,NO,2018-10-01,2216800.00
4004,NDOW,28.73,28.54,3133.00,ETF,ETF,46.00,56.00,44.00,46.00,0.12,0.07,10666.00,2620.00,30.05,26.69,0,NO,28.77,29.03,28.71,29.05,28.86,,599,0.00,3133.00,NO,NO,2024-05-23,509000.00
4005,PJFM,66.00,64.56,13.00,ETF,ETF,46.00,69.00,35.00,49.00,0.38,0.05,550.00,500.00,69.99,58.27,0,NO,65.48,66.46,65.56,66.50,66.01,,698,0.55,4000.00,NO,NO,2026-06-18,27800.00
4006,BCML,31.19,30.90,90544.00,Financial Services,Banks - Regional,46.00,80.00,23.00,47.00,0.72,0.68,53109.00,69210.00,34.98,26.78,340598464,NO,30.34,30.45,30.47,30.51,30.75,,5255,0.00,90544.00,NO,NO,2022-06-24,1786400.00
4007,METL,25.59,25.13,9595.00,ETF,ETF,46.00,9.00,56.00,15.00,0.67,0.48,15044.00,11020.00,34.46,20.45,0,NO,26.84,27.13,27.90,27.27,27.32,,268,0.00,9595.00,NO,NO,2026-01-29,423300.00
4008,HIAI,25.91,25.73,13870.00,ETF,ETF,46.00,83.00,,,0.32,0.25,46841.00,7640.00,26.58,24.81,0,NO,25.35,,,,,,30,0.62,13870.00,NO,NO,2026-09-17,613600.00
4009,EFSC,60.08,59.50,159746.00,Financial Services,Banks - Regional,46.00,24.00,18.00,59.00,1.24,1.20,246249.00,385870.00,68.73,51.18,2174446592,NO,61.70,63.79,60.12,63.73,61.48,,5843,0.86,159746.00,NO,NO,2025-03-21,2939900.00
4010,UI,620.52,609.64,117113.00,Technology,Communication Equipment,46.00,83.00,90.00,3.00,20.28,19.34,132796.00,117520.00,1099.99,500.23,37559070720,NO,571.42,570.18,657.47,576.84,668.58,,3763,1.70,117113.00,NO,NO,2017-09-18,11737400.00
4011,BIGY,52.85,52.17,6018.00,ETF,ETF,46.00,76.00,58.00,55.00,0.41,0.31,8611.00,11390.00,54.64,47.33,0,NO,52.29,52.29,51.79,52.42,51.76,,466,0.94,6018.00,NO,NO,2025-12-30,51500.00
4012,SILJ,27.23,27.11,4026026.00,ETF,ETF,46.00,5.00,72.00,10.00,1.13,0.92,3743361.00,3289830.00,41.10,20.46,0,NO,29.45,29.23,30.19,29.55,28.88,,3481,0.00,4026026.00,NO,NO,2026-01-30,34495200.00
4013,APG,40.48,40.01,2904002.00,Industrials,Engineering & Construction,46.00,81.00,27.00,24.00,0.95,0.92,3016988.00,3539200.00,49.99,33.52,17493848064,NO,38.21,39.94,41.87,40.04,41.61,,1616,0.00,2904002.00,NO,NO,2025-06-23,56418600.00
4014,OWN,25.19,24.95,30.00,ETF,ETF,46.00,75.00,74.00,,0.20,0.08,1606.00,510.00,25.96,23.40,0,NO,25.04,24.86,,25.03,,,84,0.00,600.00,NO,NO,2026-07-16,39400.00
4015,KHPI,25.95,25.86,127336.00,ETF,ETF,46.00,70.00,59.00,51.00,0.20,0.18,82701.00,109840.00,26.55,23.95,0,NO,25.92,26.02,25.73,26.05,25.72,,521,0.00,127336.00,NO,NO,2024-12-30,680300.00
4016,XBOX,101.15,101.11,41633.00,ETF,ETF,46.00,69.00,66.00,41.00,0.10,0.07,74012.00,121850.00,101.18,98.51,0,NO,101.00,100.75,,100.79,,,137,0.00,41633.00,NO,NO,2026-03-23,3200800.00
4017,TRIL,25.55,25.11,2058.00,ETF,ETF,46.00,,,,,,,,25.59,25.54,0,NO,,,,,,,2,1.71,2058.00,NO,NO,2026-10-01,5600.00
4018,BCIL,29.27,28.86,4524.00,ETF,ETF,46.00,63.00,39.00,60.00,0.35,0.21,3530.00,3890.00,31.44,25.50,0,NO,29.09,29.43,28.77,29.57,29.08,,636,1.38,4524.00,NO,NO,2025-10-31,885100.00
4019,OVF,30.92,30.49,23751.00,ETF,ETF,46.00,43.00,37.00,47.00,0.51,0.37,26755.00,30040.00,32.76,28.00,0,NO,31.49,31.75,31.16,31.87,31.29,,1761,0.95,23751.00,NO,NO,2024-12-11,106100.00
4020,RSPM,37.21,37.06,9002.00,ETF,ETF,46.00,12.00,28.00,22.00,0.49,0.41,30871.00,26010.00,41.71,30.98,0,NO,38.56,39.62,38.68,39.54,39.11,,5006,0.00,9002.00,NO,NO,2020-11-12,4264000.00
4021,BBT,28.34,28.10,736776.00,Financial Services,Banks - Regional,46.00,11.00,24.00,15.00,0.69,0.66,898844.00,1558340.00,32.83,22.81,2375347968,NO,29.70,30.73,29.78,30.87,30.19,,6605,0.71,736776.00,NO,NO,2018-06-08,7068600.00
4022,PIZ,52.19,51.92,40381.00,ETF,ETF,46.00,54.00,29.00,45.00,0.80,0.65,73250.00,29020.00,59.47,45.74,0,NO,53.36,53.25,53.36,53.47,53.87,,4715,0.08,40381.00,NO,NO,2013-06-21,1818600.00
4023,FHI,56.07,56.16,552931.00,Financial Services,Asset Management,46.00,15.00,40.00,26.00,1.46,1.44,604019.00,765080.00,67.20,46.66,4186201856,NO,58.23,61.00,57.05,60.83,58.07,,7141,0.00,552931.00,NO,NO,2003-04-15,15420000.00
4024,EWI,57.40,57.24,338643.00,ETF,ETF,46.00,19.00,25.00,49.00,0.91,0.61,374349.00,354450.00,63.76,50.05,0,NO,60.31,61.53,58.00,61.50,58.95,,7686,0.00,338643.00,NO,NO,2014-08-07,15287400.00
4025,PRXI,24.59,25.02,15.00,ETF,ETF,46.00,48.00,67.00,,0.20,0.03,2160.00,3530.00,26.28,24.28,0,NO,25.43,25.53,,25.60,,,69,0.00,1000.00,NO,NO,2026-09-18,32500.00
4026,CAPL,21.78,21.52,38975.00,Energy,Oil & Gas Refining & Marketing,46.00,24.00,41.00,46.00,0.53,0.53,37457.00,29810.00,24.63,19.67,831413568,NO,22.14,22.49,21.92,22.50,22.10,,3503,0.00,38975.00,NO,NO,2015-06-16,5346200.00
4027,ADDS,25.91,25.89,4412.00,ETF,ETF,46.00,88.00,55.00,,0.30,0.20,7519.00,2930.00,27.58,23.36,0,NO,25.13,24.91,,25.03,,,89,0.00,4412.00,NO,NO,2026-07-17,59300.00
4028,ENHE,24.55,24.14,29.00,ETF,ETF,46.00,,,,,,258.00,258.00,24.55,24.14,0,NO,,,,,,,3,0.00,29.00,NO,NO,2026-09-30,258.00
4029,OAKG,25.94,25.85,1589.00,ETF,ETF,46.00,22.00,60.00,52.00,0.21,0.07,1980.00,2240.00,28.66,23.66,0,NO,26.71,26.98,25.84,27.07,25.71,,203,0.00,1589.00,NO,NO,2025-12-11,605400.00
4030,KBWB,87.58,87.05,2865802.00,ETF,ETF,46.00,12.00,17.00,58.00,1.67,1.63,1789284.00,2634480.00,100.61,73.32,0,NO,91.95,94.99,88.74,94.94,89.94,,3751,0.31,2865802.00,NO,NO,2021-07-19,19929800.00
4031,AT,20.64,20.13,10206.00,ETF,ETF,46.00,,,,,,7272.00,6940.00,21.23,20.07,0,NO,,,,,,,12,2.09,10206.00,NO,NO,2026-09-21,17700.00
4032,CVS,86.46,85.20,10446777.00,Healthcare,Healthcare Plans,46.00,8.00,9.00,74.00,2.17,2.13,7673511.00,10118010.00,110.68,69.51,110579777536,NO,90.30,94.90,87.69,93.92,91.41,,13518,0.06,10446777.00,YES,NO,2009-11-05,185123500.00
4033,ESLT,696.23,695.68,39521.00,Industrials,Aerospace & Defense,46.00,53.00,10.00,4.00,15.77,13.24,78511.00,84860.00,1016.06,453.00,32627140608,NO,722.95,754.74,773.74,750.73,799.60,,7508,0.00,39521.00,NO,NO,1997-09-25,2566300.00
4034,USAC,25.42,25.27,119913.00,Energy,Oil & Gas Equipment & Services,46.00,15.00,57.00,13.00,0.64,0.63,336663.00,649500.00,30.55,21.85,3684459776,NO,26.23,26.35,26.61,26.48,27.07,,3450,0.32,119913.00,NO,NO,2023-12-15,11526500.00
4035,HDEF,32.18,32.04,265950.00,ETF,ETF,46.00,24.00,51.00,31.00,0.34,0.23,130596.00,194660.00,34.56,29.17,0,NO,33.20,33.65,32.72,33.63,32.93,,2798,0.12,265950.00,NO,NO,2018-06-06,7562800.00
4036,FFA,22.21,22.20,48010.00,Financial Services,Asset Management,46.00,31.00,50.00,55.00,0.32,0.28,25065.00,31960.00,23.82,19.50,443935360,NO,22.66,22.94,22.20,22.95,22.29,,5560,0.00,48010.00,NO,NO,2014-10-15,479100.00
4037,MO,67.35,66.95,6348286.00,Consumer Defensive,Tobacco,46.00,40.00,24.00,42.00,1.24,1.21,8416098.00,7614590.00,77.06,54.70,112457244672,NO,68.79,68.43,67.36,68.07,69.39,,16297,0.00,6348286.00,NO,NO,1993-04-02,103014600.00
4038,RECI,20.46,20.40,1268.00,ETF,ETF,45.00,65.00,,,0.06,0.02,4615.00,170.00,20.63,19.88,0,NO,20.49,20.40,,20.43,,,58,0.10,1268.00,NO,NO,2026-07-14,250000.00
4039,WMK,74.04,72.62,149628.00,Consumer Defensive,Grocery Stores,45.00,85.00,20.00,48.00,1.56,1.52,178603.00,292050.00,83.74,59.99,0,NO,72.33,72.66,71.69,72.79,73.22,,11732,0.22,149628.00,NO,NO,2025-09-19,1306600.00
4040,DVGR,25.75,25.61,2655.00,ETF,ETF,45.00,32.00,47.00,49.00,0.18,0.11,3895.00,1170.00,27.79,23.74,0,NO,26.04,26.74,25.98,26.75,26.19,,207,0.43,2655.00,NO,NO,2025-12-12,197300.00
4041,GSEU,47.46,46.84,37835.00,ETF,ETF,45.00,29.00,38.00,45.00,0.56,0.35,24514.00,12130.00,50.82,42.38,0,NO,48.72,49.50,47.96,49.57,48.24,,2661,0.79,37835.00,NO,NO,2026-08-14,442300.00
4042,DEA,23.40,23.23,516404.00,Real Estate,REIT - Office,45.00,30.00,23.00,55.00,0.45,0.44,398006.00,676550.00,25.96,20.56,1146735872,NO,23.44,24.22,23.48,24.12,23.77,,2931,0.00,516404.00,NO,NO,2018-06-19,3703960.00
4043,FLEU,34.56,34.10,19318.00,ETF,ETF,45.00,27.00,34.00,50.00,0.52,0.38,5549.00,6450.00,37.45,30.96,0,NO,35.47,36.08,34.84,36.14,35.02,,2238,0.00,19318.00,NO,NO,2017-12-11,775000.00
4044,OVS,38.90,38.23,16855.00,ETF,ETF,45.00,31.00,20.00,50.00,0.73,0.59,14512.00,14520.00,43.03,33.14,0,NO,39.45,40.86,39.42,40.85,40.08,,1761,0.00,16855.00,NO,NO,2026-05-12,150800.00
4045,CGDG,37.09,36.79,995932.00,ETF,ETF,45.00,34.00,44.00,43.00,0.31,0.24,592423.00,791570.00,39.15,34.04,0,NO,37.81,38.33,37.28,38.34,37.49,,756,0.43,995932.00,NO,NO,2024-07-25,7850800.00
4046,FR,59.46,58.87,1143701.00,Real Estate,REIT - Industrial,45.00,36.00,27.00,40.00,0.96,0.92,1043150.00,1341440.00,69.88,50.24,8147148288,NO,61.14,62.63,61.43,62.29,62.21,,8123,0.00,1143701.00,NO,NO,2016-03-29,18223600.00
4047,ADAMM,25.05,25.04,31999.00,Real Estate,REIT - Mortgage,45.00,49.00,64.00,44.00,0.21,0.17,13149.00,18310.00,25.80,23.78,0,NO,25.56,25.44,25.25,25.46,25.23,,1748,0.00,31999.00,NO,NO,2020-03-24,1014400.00
4048,AFRM,70.77,70.43,2508513.00,Financial Services,Credit Services,45.00,30.00,7.00,93.00,3.21,3.05,4259484.00,4185210.00,90.44,42.09,23879301120,NO,70.57,73.30,66.78,73.72,67.57,,1437,0.00,2508513.00,NO,NO,2022-02-10,86940400.00
4049,T,24.30,24.30,24466804.00,Communication Services,Telecom Services,45.00,20.00,91.00,8.00,0.54,0.54,50903068.00,38570690.00,29.44,19.89,166512967680,NO,25.35,24.97,25.15,25.00,24.89,,10800,0.00,24466804.00,YES,NO,2021-05-18,327097378.00
4050,MTB,219.14,217.35,916979.00,Financial Services,Banks - Regional,45.00,17.00,18.00,46.00,4.47,4.44,1057917.00,1034360.00,255.95,174.76,31647377408,NO,227.49,238.64,223.91,237.58,226.48,,11732,0.24,916979.00,NO,NO,2010-10-07,16449400.00
4051,DPST,115.81,112.06,549697.00,ETF,ETF,45.00,6.00,5.00,71.00,6.27,6.09,228788.00,227170.00,158.88,72.66,0,NO,123.04,135.35,121.64,135.07,123.96,,2796,1.63,549697.00,NO,NO,2023-05-04,6262040.00
4052,KBE,64.36,63.64,3956532.00,ETF,ETF,45.00,22.00,22.00,52.00,1.13,1.09,1418573.00,1766740.00,71.92,54.64,0,NO,66.16,68.23,64.85,68.22,65.53,,5252,0.71,3956532.00,NO,NO,2009-03-18,37097200.00
4053,CBOX,101.91,101.82,74109.00,ETF,ETF,45.00,69.00,66.00,,0.10,0.09,89228.00,73540.00,103.54,100.01,0,NO,101.70,101.48,,101.54,,,117,0.00,74109.00,NO,NO,2026-04-17,7945400.00
4054,XME,105.74,104.29,1833348.00,ETF,ETF,45.00,8.00,57.00,21.00,3.00,2.54,1895760.00,1522180.00,135.68,85.63,0,NO,110.21,111.99,114.00,112.66,112.45,,5102,1.31,1833348.00,NO,NO,2016-05-09,24548500.00
4055,KRBN,33.42,33.84,9749.00,ETF,ETF,45.00,28.00,51.00,67.00,0.47,0.37,25207.00,15680.00,36.50,27.00,0,NO,34.30,34.29,32.77,34.36,32.57,,1551,0.00,9749.00,NO,NO,2022-03-01,4304000.00
4056,SJB,15.48,15.49,192418.00,ETF,ETF,45.00,78.00,73.00,37.00,0.07,0.07,129000.00,242590.00,15.71,15.05,0,NO,15.34,15.24,15.30,15.25,15.31,,3907,0.00,192418.00,NO,NO,2022-06-14,4826500.00
4057,FIBK,36.00,35.77,1238282.00,Financial Services,Banks - Regional,45.00,40.00,18.00,54.00,0.73,0.69,1144876.00,1490750.00,40.60,29.10,3430965760,NO,36.73,37.37,36.30,37.43,36.33,,4158,0.00,1238282.00,NO,NO,2025-12-01,16609500.00
4058,DBAR,25.27,25.10,308.00,ETF,ETF,45.00,,,,,,58150.00,58150.00,25.49,25.10,0,NO,,,,,,,2,0.52,1300.00,NO,NO,2026-09-30,115000.00
4059,IWP,141.22,139.64,551267.00,ETF,ETF,45.00,80.00,47.00,58.00,1.83,1.53,780220.00,946890.00,148.29,122.94,0,NO,138.26,140.23,137.95,140.84,138.00,,6329,0.81,551267.00,NO,NO,2008-03-13,17928800.00
4060,UEVM,58.13,57.90,2213.00,ETF,ETF,45.00,30.00,50.00,39.00,0.45,0.22,3184.00,2060.00,61.77,52.98,0,NO,59.39,59.79,59.10,59.83,59.21,,2244,0.29,2213.00,NO,NO,2020-10-15,681100.00
4061,GDMA,40.94,40.79,5477.00,ETF,ETF,45.00,47.00,46.00,37.00,0.22,0.16,15146.00,6450.00,44.04,37.48,0,NO,41.49,42.08,41.59,42.16,41.75,,1979,0.00,5477.00,NO,NO,2025-04-01,1202200.00
4062,TXNM,58.41,58.53,2375930.00,Utilities,Utilities - Regulated Electric,45.00,71.00,75.00,33.00,0.43,0.43,1248866.00,2133830.00,59.53,55.64,6432445440,NO,58.26,57.88,58.44,57.88,58.21,,13518,0.00,2375930.00,NO,NO,1988-07-29,34379850.00
4063,AMP,490.91,494.82,461460.00,Financial Services,Asset Management,45.00,8.00,40.00,66.00,15.54,15.21,555814.00,817930.00,572.56,422.37,43396444160,NO,526.48,543.47,493.12,542.87,491.17,,5295,0.00,461460.00,NO,NO,2009-06-12,34678200.00
4064,CDC,71.86,71.68,5429.00,ETF,ETF,45.00,19.00,30.00,38.00,0.59,0.52,12726.00,18990.00,78.48,64.30,0,NO,73.83,75.72,72.74,75.51,73.94,,3082,0.22,5429.00,NO,NO,2023-09-27,1994600.00
4065,NTSI,45.91,45.52,31104.00,ETF,ETF,45.00,32.00,40.00,45.00,0.59,0.34,14434.00,22500.00,48.92,42.20,0,NO,46.92,47.62,46.37,47.70,46.52,,1348,0.00,31104.00,NO,NO,2021-12-28,1491300.00
4066,OCCIN,24.97,24.98,787.00,Financial Services,Asset Management,45.00,68.00,65.00,40.00,0.14,0.14,2701.00,4550.00,26.00,24.27,0,NO,24.96,24.93,24.74,24.94,24.80,,1211,0.00,787.00,NO,NO,2024-01-23,121600.00
4067,DNLI,20.00,20.53,1633765.00,Healthcare,Biotechnology,45.00,6.00,4.00,25.00,0.86,0.85,1566123.00,2127600.00,27.30,13.75,3196948224,NO,20.82,22.86,21.06,22.46,21.60,,2215,0.00,1633765.00,NO,NO,2026-06-26,6526900.00
4068,LEA,120.85,121.37,449401.00,Consumer Cyclical,Auto Parts,45.00,18.00,16.00,41.00,3.74,3.57,638831.00,729060.00,150.33,96.04,8045560320,NO,123.79,126.47,128.54,126.07,130.22,,4250,0.00,449401.00,NO,NO,2019-12-20,8951400.00
4069,XMMO,151.41,149.34,345885.00,ETF,ETF,45.00,66.00,19.00,42.00,2.10,1.91,357530.00,293320.00,173.94,129.31,0,NO,149.02,154.23,153.80,154.51,157.79,,5431,0.94,345885.00,NO,NO,2024-09-03,5858300.00
4070,CBXL,21.51,21.43,49.00,ETF,ETF,45.00,82.00,85.00,53.00,0.10,0.01,320.00,140.00,25.00,19.67,0,NO,21.19,20.64,20.72,20.75,20.39,,243,0.00,300.00,NO,NO,2025-11-06,13200.00
4071,CDL,74.98,74.79,6042.00,ETF,ETF,45.00,19.00,30.00,38.00,0.58,0.51,9539.00,16650.00,81.88,67.30,0,NO,77.04,79.01,75.90,78.78,77.14,,2827,0.00,6042.00,NO,NO,2020-03-12,1942200.00
4072,PPI,20.34,20.10,22142.00,ETF,ETF,45.00,33.00,34.00,26.00,0.18,0.14,26915.00,29360.00,22.44,17.71,0,NO,20.63,21.08,20.97,21.10,21.26,,1194,0.00,22142.00,NO,NO,2022-01-10,882200.00
4073,OPRA,17.70,17.63,167311.00,Communication Services,Internet Content & Information,45.00,32.00,11.00,78.00,0.45,0.44,348614.00,352370.00,20.78,11.71,1573837824,NO,17.99,18.77,16.74,18.83,17.88,,2057,0.00,167311.00,NO,NO,2024-06-10,10945500.00
4074,REXR,36.69,36.02,3316926.00,Real Estate,REIT - Industrial,45.00,68.00,83.00,61.00,0.82,0.81,2690787.00,2897600.00,44.38,32.14,8388598272,NO,37.66,37.41,36.67,37.25,35.75,,3322,0.50,3316926.00,NO,NO,2020-07-31,20288500.00
4075,ACGO,39.38,39.02,659.00,ETF,ETF,45.00,83.00,76.00,,0.34,0.11,434.00,490.00,39.57,35.24,0,NO,38.55,38.12,,38.40,,,85,0.00,659.00,NO,NO,2026-06-03,745000.00
4076,ZION,63.17,62.65,1292505.00,Financial Services,Banks - Regional,45.00,17.00,14.00,57.00,1.48,1.46,1533139.00,1667640.00,73.34,46.19,9219873792,NO,65.43,67.87,63.39,67.85,64.72,,11732,0.08,1292505.00,NO,NO,2024-03-15,37419600.00
4077,PSCF,61.50,60.93,29141.00,ETF,ETF,45.00,18.00,21.00,53.00,0.60,0.43,3755.00,2140.00,68.60,54.30,0,NO,63.20,65.40,61.98,65.31,62.99,,4149,0.00,29141.00,NO,NO,2010-08-11,1922500.00
4078,LANDP,20.09,20.13,15330.00,Real Estate,REIT - Specialty,45.00,55.00,50.00,38.00,0.30,0.29,22830.00,21170.00,21.50,18.42,0,NO,20.05,20.61,20.16,20.57,20.44,,833,0.00,15330.00,NO,NO,2023-06-13,187300.00
4079,AUSF,48.84,48.75,48173.00,ETF,ETF,45.00,21.00,48.00,36.00,0.38,0.36,52501.00,44020.00,52.79,44.40,0,NO,50.26,51.28,49.45,51.21,49.85,,2035,0.00,48173.00,NO,NO,2025-02-07,1429100.00
4080,UMH,15.41,15.33,543453.00,Real Estate,REIT - Residential,45.00,32.00,60.00,49.00,0.26,0.25,633088.00,692540.00,16.77,13.93,1312411008,NO,15.59,15.85,15.54,15.84,15.43,,10485,0.00,543453.00,NO,NO,2024-09-20,3986000.00
4081,PYT,23.74,23.77,20.00,Finance,Finance/Rental/Leasing,45.00,69.00,71.00,38.00,0.00,0.00,795.00,50.00,24.93,22.75,0,NO,23.74,23.67,23.52,23.67,23.53,,5582,0.00,500.00,NO,NO,2014-05-29,164100.00
4082,TRUC,25.50,25.34,1344514.00,ETF,ETF,45.00,69.00,59.00,46.00,0.39,0.28,38228.00,19790.00,27.56,23.11,0,NO,25.75,25.44,,25.49,25.59,,157,0.00,1344514.00,NO,NO,2026-03-26,1705400.00
4083,FITB,50.87,50.41,5574531.00,Financial Services,Banks - Regional,45.00,19.00,12.00,55.00,1.16,1.14,5816377.00,7596220.00,59.50,40.05,46133620736,NO,52.80,54.85,51.68,54.65,52.23,,11732,0.77,5574531.00,NO,NO,2009-05-08,198530200.00
4084,NSIV,25.45,25.30,6773.00,ETF,ETF,45.00,43.00,,,0.14,0.03,53226.00,12400.00,26.45,25.09,0,NO,25.76,25.97,,26.02,,,61,0.32,6773.00,NO,NO,2026-07-09,2823600.00
4085,ITEQ,62.89,62.49,2299.00,ETF,ETF,45.00,78.00,21.00,49.00,0.69,0.40,2457.00,1780.00,71.00,52.16,0,NO,61.82,62.97,62.10,63.00,63.07,,2744,0.00,2299.00,NO,NO,2021-10-26,484600.00
4086,FEP,56.04,55.58,93822.00,ETF,ETF,45.00,22.00,38.00,40.00,0.85,0.66,23736.00,70160.00,61.07,49.11,0,NO,58.42,59.17,57.46,59.24,57.83,,3883,0.70,93822.00,NO,NO,2014-11-03,6055700.00
4087,GHC,1149.61,1151.29,24616.00,Industrials,Conglomerates,45.00,82.00,42.00,56.00,24.30,24.27,29750.00,36380.00,1262.35,929.76,4868515328,NO,1142.14,1161.80,1129.33,1163.09,1135.67,,13518,0.00,24616.00,NO,NO,2010-08-16,1452097.00
4088,XLI,169.95,168.64,6115616.00,ETF,ETF,45.00,54.00,18.00,45.00,2.30,2.23,6841503.00,7951590.00,188.19,147.14,0,NO,170.19,176.84,172.34,176.67,174.54,,6987,0.00,6115616.00,NO,NO,2020-02-28,79118200.00
4089,JELH,25.50,25.48,11336.00,ETF,ETF,45.00,64.00,67.00,,0.14,0.12,8069.00,5650.00,28.20,24.89,0,NO,25.70,25.62,,25.63,,,114,0.00,11336.00,NO,NO,2026-06-26,80400.00
4090,HEAL,28.88,28.96,2497.00,ETF,ETF,45.00,49.00,47.00,80.00,0.38,0.33,8428.00,7510.00,33.59,23.00,0,NO,29.12,28.88,27.26,29.07,26.78,,1552,0.00,2497.00,NO,NO,2021-08-09,1622533.00
4091,VAMO,35.39,35.25,855.00,ETF,ETF,45.00,30.00,51.00,35.00,0.32,0.28,17379.00,5340.00,37.54,30.04,0,NO,35.96,36.44,35.63,36.44,35.79,,2783,0.23,855.00,NO,NO,2026-06-08,1441700.00
4092,XPEL,44.97,44.56,152348.00,Consumer Cyclical,Auto Parts,45.00,11.00,15.00,41.00,1.42,1.34,212412.00,218920.00,55.91,31.88,1239856512,NO,45.88,47.32,46.97,47.74,45.52,,1825,0.00,152348.00,NO,NO,2022-02-14,4433700.00
4093,RINF,32.68,32.63,2823.00,ETF,ETF,45.00,60.00,66.00,41.00,0.16,0.12,3560.00,3930.00,33.09,31.74,0,NO,32.74,32.71,32.41,32.72,32.50,,3702,0.06,2823.00,NO,NO,2019-07-08,1648000.00
4094,CRWV,89.62,88.57,22743288.00,Technology,Software - Infrastructure,45.00,91.00,77.00,57.00,4.42,4.30,27867065.00,31036550.00,153.20,60.55,49428709376,NO,87.19,86.70,92.28,87.67,93.73,,381,0.00,22743288.00,YES,NO,2026-08-12,87308400.00
4095,XVSP,33.88,31.79,10297.00,ETF,ETF,45.00,,,,,,627.00,590.00,33.94,31.20,0,NO,,,,,,,12,5.03,10297.00,NO,YES,2026-10-02,10297.00
4096,HFND,24.03,23.90,21761.00,ETF,ETF,45.00,58.00,45.00,44.00,0.17,0.15,9017.00,8390.00,24.81,22.33,0,NO,24.14,24.34,23.94,24.35,24.12,,998,0.38,21761.00,NO,NO,2022-11-15,1280800.00
4097,BOKF,128.36,126.44,201256.00,Financial Services,Banks - Regional,45.00,23.00,18.00,35.00,2.45,2.35,254479.00,306550.00,146.84,102.72,7799152640,NO,132.32,137.77,132.39,137.44,134.28,,8832,0.62,201256.00,NO,NO,2025-11-07,2208800.00
4098,ACSM,39.98,39.58,307.00,ETF,ETF,45.00,,,,,,199200.00,199200.00,40.02,39.11,0,NO,,,,,,,3,0.00,307.00,NO,NO,2026-09-30,397500.00
4099,PHOX,25.05,24.15,2150.00,ETF,ETF,45.00,91.00,,,0.66,0.31,4042.00,2670.00,29.61,21.91,0,NO,23.68,,,,,,39,1.66,2150.00,NO,NO,2026-08-21,20300.00
4100,FLQM,57.88,57.82,132829.00,ETF,ETF,45.00,28.00,47.00,48.00,0.50,0.43,92214.00,115620.00,62.13,53.87,0,NO,58.89,60.21,57.88,60.13,57.97,,2371,0.00,132829.00,NO,NO,2026-04-21,1885400.00
4101,AAT,21.55,21.39,386490.00,Real Estate,REIT - Diversified,45.00,34.00,10.00,70.00,0.37,0.36,439425.00,525610.00,25.97,17.72,1671686656,NO,21.66,22.46,21.18,22.31,22.15,,3953,0.00,386490.00,NO,NO,2011-01-13,15536900.00
4102,BCSM,24.51,24.26,2778.00,ETF,ETF,45.00,65.00,37.00,64.00,0.23,0.16,5695.00,4810.00,26.16,20.79,0,NO,24.34,24.85,23.89,24.90,23.81,,201,0.00,2778.00,NO,NO,2025-12-29,468600.00
4103,FAZ,39.42,39.44,895799.00,ETF,ETF,45.00,96.00,90.00,4.00,1.44,1.41,863361.00,910210.00,56.37,30.33,0,NO,35.49,33.27,40.37,33.36,40.18,,4494,0.00,895799.00,NO,NO,2025-04-04,6679380.00
4104,JELM,25.50,25.47,70949.00,ETF,ETF,45.00,66.00,65.00,,0.21,0.20,28509.00,21500.00,29.25,24.92,0,NO,25.66,25.57,,25.59,,,114,0.00,70949.00,NO,NO,2026-06-30,552400.00
4105,QCLN,50.07,48.55,74255.00,ETF,ETF,45.00,81.00,9.00,54.00,1.29,0.93,176785.00,77490.00,69.20,39.83,0,NO,48.68,49.74,52.39,50.10,53.80,,4940,2.49,74255.00,NO,NO,2021-01-07,2309400.00
4106,FFOX,28.79,28.43,16288.00,ETF,ETF,45.00,62.00,26.00,54.00,0.28,0.19,16926.00,21260.00,31.30,25.44,0,NO,28.47,29.34,28.60,29.40,28.65,,331,1.08,16288.00,NO,NO,2025-06-13,1990800.00
4107,OTAX,50.45,49.95,4200.00,ETF,ETF,45.00,,,,0.34,0.16,29271.00,4920.00,51.21,49.39,0,NO,50.05,,,,,,22,0.90,4200.00,NO,NO,2026-09-04,158200.00
4108,WGMI,45.34,44.44,554375.00,ETF,ETF,45.00,87.00,5.00,84.00,2.37,2.23,606125.00,547170.00,76.94,31.79,0,NO,47.18,47.39,48.86,47.45,51.03,,1167,0.00,554375.00,NO,NO,2025-03-04,2252000.00
4109,LLYVK,97.87,96.11,372865.00,Communication Services,Entertainment,45.00,29.00,20.00,39.00,2.53,2.49,296174.00,314390.00,109.75,76.94,9004566528,NO,98.12,101.70,95.99,100.91,98.72,,794,0.91,372865.00,NO,NO,2023-08-07,3280100.00
4110,VSDA,56.29,56.10,84283.00,ETF,ETF,45.00,24.00,32.00,44.00,0.41,0.34,16304.00,10270.00,61.22,51.14,0,NO,57.37,59.03,56.70,58.89,57.03,,2379,0.00,84283.00,NO,NO,2019-07-18,2986200.00
4111,CII,24.13,23.99,29942.00,Financial Services,Asset Management,45.00,52.00,25.00,62.00,0.34,0.33,78819.00,61020.00,26.17,20.43,1054580096,NO,24.11,24.32,23.77,24.35,24.04,,5624,0.00,29942.00,NO,NO,2018-02-05,809800.00
4112,DEPW,25.27,24.74,2104.00,ETF,ETF,45.00,87.00,,,0.51,0.29,3120.00,1390.00,27.08,22.67,0,NO,24.68,,,,,,36,1.50,2104.00,NO,NO,2026-08-13,40100.00
4113,VOX,190.18,188.93,262895.00,ETF,ETF,44.00,74.00,63.00,46.00,3.38,3.03,291660.00,276020.00,200.77,172.37,0,NO,191.82,188.44,190.25,188.68,188.86,,5538,0.52,262895.00,NO,NO,2021-11-19,2838300.00
4114,VGK,86.38,85.49,1800621.00,ETF,ETF,44.00,26.00,36.00,45.00,1.11,0.81,2124239.00,3300540.00,93.29,77.87,0,NO,88.76,90.42,87.63,90.52,87.93,,5426,0.78,1800621.00,NO,NO,2025-04-07,31607500.00
4115,SMOT,37.64,37.45,10152.00,ETF,ETF,44.00,17.00,33.00,52.00,0.37,0.34,20601.00,15520.00,41.37,34.25,0,NO,38.59,39.79,37.87,39.76,38.20,,1001,0.00,10152.00,NO,NO,2023-07-13,1524900.00
4116,CMCL,24.01,23.77,160285.00,Basic Materials,Gold,44.00,20.00,93.00,40.00,0.95,0.88,212163.00,221010.00,38.75,15.85,464235264,NO,24.54,23.33,24.26,23.70,22.56,,10548,0.00,160285.00,NO,NO,2026-01-15,3801500.00
4117,ETB,15.38,15.34,43321.00,Financial Services,Asset Management,44.00,54.00,52.00,48.00,0.18,0.17,48476.00,50110.00,15.82,13.86,451783136,NO,15.46,15.52,15.32,15.54,15.28,,5393,0.00,43321.00,NO,NO,2010-09-17,864100.00
4118,DCI,88.65,87.76,704954.00,Industrials,Specialty Industrial Machinery,44.00,56.00,41.00,45.00,1.64,1.60,677671.00,759400.00,112.84,79.42,10275433472,NO,87.71,91.57,91.20,91.67,88.25,,11732,0.00,704954.00,NO,NO,1987-09-01,15321600.00
4119,XSLV,49.61,49.21,2629.00,ETF,ETF,44.00,25.00,25.00,46.00,0.55,0.47,11657.00,22270.00,54.55,44.32,0,NO,50.77,52.32,50.12,52.23,50.87,,3428,0.51,2629.00,NO,NO,2020-08-05,8822000.00
4120,CBOL,24.09,24.07,14.00,ETF,ETF,44.00,76.00,74.00,44.00,0.04,0.00,585.00,100.00,25.01,23.33,0,NO,23.96,23.75,23.64,23.80,23.59,,243,0.05,100.00,NO,NO,2025-10-14,41700.00
4121,RISN,30.29,30.12,6457.00,ETF,ETF,44.00,51.00,43.00,48.00,0.23,0.17,4950.00,2240.00,32.25,28.16,0,NO,30.41,30.97,30.19,30.93,30.29,,1561,0.00,6457.00,NO,NO,2020-07-17,2471500.00
4122,CPRJ,27.44,27.38,6510.00,ETF,ETF,44.00,60.00,53.00,40.00,0.08,0.06,11825.00,2990.00,27.89,26.19,0,NO,27.48,27.63,27.34,27.64,27.48,,567,0.14,6510.00,NO,NO,2024-07-10,1194500.00
4123,USAF,27.69,27.72,2182.00,ETF,ETF,44.00,53.00,61.00,39.00,0.09,0.07,2325.00,1710.00,30.40,26.74,0,NO,27.99,28.06,27.68,28.07,27.67,,467,0.00,2182.00,NO,NO,2024-11-21,65000.00
4124,SEF,31.52,31.50,15739.00,ETF,ETF,44.00,88.00,81.00,14.00,0.33,0.28,12379.00,24930.00,35.26,28.87,0,NO,30.46,29.79,31.53,29.82,31.54,,4606,0.00,15739.00,NO,NO,2023-03-15,354575.00
4125,MCHS,39.27,39.34,3412.00,ETF,ETF,44.00,39.00,7.00,56.00,0.36,0.16,6153.00,1160.00,53.25,31.36,0,NO,40.02,41.07,40.70,41.08,42.45,,560,0.00,3412.00,NO,NO,2026-07-02,155500.00
4126,CME,263.14,265.10,1493713.00,Financial Services,Financial Data & Stock Exchanges,44.00,25.00,88.00,8.00,5.91,5.61,2130277.00,1845730.00,329.16,218.31,94619688960,NO,271.13,270.51,278.42,272.25,273.80,,5993,0.00,1493713.00,NO,NO,2008-02-06,43380500.00
4127,MDLV,30.06,29.94,7052.00,ETF,ETF,44.00,23.00,38.00,33.00,0.19,0.13,8961.00,11560.00,32.16,27.37,0,NO,30.94,31.45,30.63,31.39,30.97,,863,0.36,7052.00,NO,NO,2023-05-23,545300.00
4128,DON,54.58,54.29,305424.00,ETF,ETF,44.00,26.00,36.00,44.00,0.56,0.53,147606.00,265170.00,58.97,49.57,0,NO,55.68,57.11,55.23,57.04,55.67,,5106,0.00,305424.00,NO,NO,2017-08-02,3178200.00
4129,AZTD,30.52,30.48,15.00,ETF,ETF,44.00,30.00,21.00,51.00,0.20,0.03,1911.00,740.00,34.31,26.22,0,NO,31.16,31.98,31.06,31.92,31.58,,1031,0.00,5400.00,NO,NO,2022-12-29,652600.00
4130,DWX,45.62,45.45,6831.00,ETF,ETF,44.00,29.00,48.00,33.00,0.43,0.29,19774.00,18800.00,48.84,41.98,0,NO,46.95,47.51,46.46,47.54,46.76,,4685,0.29,6831.00,NO,NO,2018-06-06,4840000.00
4131,MAT,15.27,15.04,19029067.00,Consumer Cyclical,Leisure,44.00,84.00,91.00,51.00,0.75,0.74,4910942.00,8694680.00,22.48,12.40,4362639360,NO,13.64,14.35,15.89,14.49,14.55,,12678,0.63,19029067.00,YES,NO,2019-06-06,89227400.00
4132,QFHD,26.45,26.37,21.00,ETF,ETF,44.00,28.00,46.00,40.00,0.15,0.04,547.00,150.00,28.34,25.06,0,NO,27.13,27.61,,27.55,26.80,,180,0.00,600.00,NO,NO,2026-05-18,19400.00
4133,MANI,25.63,25.67,11680.00,ETF,ETF,44.00,55.00,59.00,40.00,0.08,0.04,4482.00,1430.00,26.29,24.85,0,NO,25.98,25.94,25.55,25.94,25.70,,262,0.00,11680.00,NO,NO,2025-09-18,783500.00
4134,EFAD,42.97,42.75,1666.00,ETF,ETF,44.00,38.00,50.00,46.00,0.39,0.19,3230.00,1980.00,45.59,39.53,0,NO,43.67,44.22,42.84,44.27,42.93,,3047,0.47,1666.00,NO,NO,2022-06-16,191000.00
4135,HVAC,35.09,34.31,2697.00,ETF,ETF,44.00,88.00,14.00,38.00,0.62,0.44,7687.00,6900.00,43.41,29.62,0,NO,33.87,34.57,36.33,34.72,37.03,,418,1.54,2697.00,NO,NO,2026-02-24,32700.00
4136,HUBB,475.52,466.98,460536.00,Industrials,Electrical Equipment & Parts,44.00,86.00,35.00,23.00,11.94,11.92,511027.00,496151.00,565.50,403.82,25122945024,NO,456.84,472.49,487.79,473.78,488.59,,13575,1.50,460536.00,NO,NO,2023-10-17,11191392.00
4137,AGNCM,24.86,24.71,41644.00,Real Estate,REIT - Mortgage,44.00,55.00,58.00,45.00,0.19,0.16,14312.00,19020.00,25.54,23.63,0,NO,25.25,25.19,24.94,25.21,24.93,,1906,0.32,41644.00,NO,NO,2019-04-25,850300.00
4138,FTG,24.64,24.22,14869.00,ETF,ETF,44.00,88.00,,,0.31,0.19,8165.00,7790.00,25.02,22.88,0,NO,23.73,,,,,,33,0.00,14869.00,NO,NO,2026-09-28,22400.00
4139,IMOM,40.69,39.81,11666.00,ETF,ETF,44.00,64.00,24.00,37.00,0.52,0.31,14085.00,14470.00,46.17,35.33,0,NO,40.69,40.97,42.13,41.20,42.25,,2709,1.25,11666.00,NO,NO,2019-12-03,854100.00
4140,DVAL,15.23,15.20,8616.00,ETF,ETF,44.00,13.00,35.00,42.00,0.15,0.07,6461.00,7730.00,16.83,14.05,0,NO,16.05,16.35,15.44,16.33,15.65,,984,0.09,8616.00,NO,NO,2024-07-31,2649600.00
4141,ECCC,24.75,25.29,1208.00,Financial Services,Asset Management,44.00,57.00,54.00,42.00,0.27,0.22,2641.00,1600.00,25.50,23.02,0,NO,25.00,24.98,24.66,24.95,24.73,,1333,0.00,1208.00,NO,NO,2021-07-27,235400.00
4142,QMID,28.90,28.79,13.00,ETF,ETF,44.00,30.00,45.00,50.00,0.19,0.08,471.00,530.00,31.05,26.33,0,NO,29.27,29.98,28.94,30.01,28.97,,675,0.00,13.00,NO,NO,2024-05-28,96300.00
4143,BRC,84.78,84.14,357548.00,Industrials,Security & Protection Services,44.00,22.00,19.00,48.00,1.99,1.93,213011.00,300590.00,99.29,70.57,3976115456,NO,85.19,90.58,86.71,90.00,86.61,,10056,0.00,357548.00,NO,NO,2023-06-23,7212200.00
4144,IEUR,73.40,72.65,801349.00,ETF,ETF,44.00,29.00,36.00,44.00,0.91,0.65,971904.00,1728490.00,78.90,66.45,0,NO,75.24,76.58,74.40,76.69,74.74,,3096,0.67,801349.00,NO,NO,2026-03-05,15914100.00
4145,KCAI,32.44,32.62,43.00,ETF,ETF,44.00,51.00,78.00,44.00,0.18,0.03,566.00,450.00,40.84,30.00,0,NO,33.06,32.87,32.21,32.91,32.39,,525,0.00,400.00,NO,NO,2026-06-25,260300.00
4146,WFG,66.50,66.99,117252.00,Basic Materials,Lumber & Wood Production,44.00,62.00,48.00,41.00,2.16,2.00,220365.00,194550.00,76.99,57.34,5207204352,NO,70.41,69.22,66.85,69.26,66.85,,4436,0.00,117252.00,NO,NO,2022-07-19,3990200.00
4147,CMC,63.58,62.72,899767.00,Industrials,Metal Fabrication,44.00,14.00,68.00,43.00,1.74,1.59,1112904.00,1278520.00,84.87,53.08,7033495552,NO,65.50,68.08,69.86,68.07,67.84,,11732,0.99,899767.00,NO,NO,2011-11-28,12000200.00
4148,BCUS,34.30,34.07,4511.00,ETF,ETF,44.00,58.00,25.00,51.00,0.40,0.32,7517.00,6470.00,37.56,30.80,0,NO,34.34,35.07,34.41,35.15,34.94,,697,0.44,4511.00,NO,NO,2025-04-04,1317600.00
4149,UTL,51.20,50.60,395914.00,Utilities,Utilities - Diversified,44.00,30.00,47.00,21.00,1.17,1.14,122284.00,153810.00,57.26,46.40,933717696,NO,52.00,53.20,51.98,52.94,52.65,,10474,0.95,395914.00,NO,NO,2021-04-30,3033400.00
4150,SPCT,26.66,26.50,4009.00,ETF,ETF,44.00,35.00,40.00,40.00,0.17,0.11,6911.00,7390.00,28.47,24.83,0,NO,27.03,27.60,27.05,27.54,27.25,,253,0.40,4009.00,NO,NO,2026-03-23,445100.00
4151,PCRX,25.21,25.01,469793.00,Healthcare,Drug Manufacturers - Specialty & Generic,44.00,26.00,50.00,62.00,0.82,0.82,578755.00,531840.00,27.66,18.80,1004918144,NO,25.09,25.26,23.90,25.16,24.27,,3939,0.12,469793.00,NO,NO,2019-09-27,9517400.00
4152,FCOM,71.79,71.33,104046.00,ETF,ETF,44.00,74.00,63.00,46.00,1.26,1.13,231901.00,296650.00,75.94,65.26,0,NO,72.43,71.15,71.91,71.23,71.34,,3254,0.50,104046.00,NO,NO,2022-04-27,3476300.00
4153,ECOW,26.12,25.99,9266.00,ETF,ETF,44.00,23.00,38.00,30.00,0.26,0.21,35960.00,76250.00,29.53,23.48,0,NO,26.83,27.24,26.92,27.21,27.14,,1864,0.43,9266.00,NO,NO,2026-05-28,365800.00
4154,IQDG,42.45,42.02,42027.00,ETF,ETF,44.00,35.00,39.00,46.00,0.50,0.35,32771.00,46320.00,44.98,38.64,0,NO,43.23,43.85,42.82,43.96,42.79,,2638,0.84,42027.00,NO,NO,2024-01-31,2042900.00
4155,MTRA,26.52,26.22,126.00,ETF,ETF,44.00,62.00,39.00,58.00,0.20,0.05,10265.00,13670.00,27.70,23.33,0,NO,26.48,26.76,26.28,26.88,26.15,,330,0.87,126.00,NO,NO,2025-09-23,251000.00
4156,LPSV,24.29,24.03,210.00,ETF,ETF,44.00,,,,,,872.00,820.00,24.29,23.71,0,NO,,,,,,,12,1.00,210.00,NO,NO,2026-09-24,3300.00
4157,QLTI,26.67,26.32,2103.00,ETF,ETF,44.00,45.00,45.00,51.00,0.26,0.14,20358.00,4720.00,28.20,24.22,0,NO,26.78,27.29,26.71,27.33,26.53,,483,0.00,2103.00,NO,NO,2025-12-09,2363600.00
4158,BKCH,70.00,69.78,84764.00,ETF,ETF,44.00,82.00,38.00,82.00,3.43,2.97,56539.00,50410.00,123.69,50.99,0,NO,73.32,69.54,71.76,70.27,72.40,,1312,0.00,84764.00,NO,NO,2026-02-02,1019500.00
4159,GIEQ,41.47,41.07,126.00,ETF,ETF,44.00,42.00,53.00,,0.38,0.17,15455.00,9700.00,43.49,39.92,0,NO,42.03,42.43,,42.57,,,93,0.00,126.00,NO,NO,2026-08-24,298300.00
4160,OXLCM,25.01,25.03,11260.00,Finance,Financial conglomerates,44.00,65.00,59.00,39.00,0.09,0.07,8657.00,3790.00,25.48,24.40,0,NO,25.04,25.05,,25.04,24.99,,138,0.00,11260.00,NO,NO,2026-03-13,1312800.00
4161,PNFP,96.09,94.63,1700339.00,Financial Services,Banks - Regional,44.00,33.00,34.00,59.00,2.42,2.39,1083165.00,1238890.00,110.33,81.08,14520413184,NO,96.65,100.96,96.85,100.94,97.01,,6567,1.03,1700339.00,NO,NO,2025-12-31,8544800.00
4162,IPAV,30.76,30.56,974.00,ETF,ETF,44.00,36.00,34.00,39.00,0.37,0.18,1747.00,4460.00,35.40,27.96,0,NO,31.44,31.80,31.95,31.86,32.14,,526,0.00,974.00,NO,NO,2025-07-30,58700.00
4163,RL,363.37,362.66,558776.00,Consumer Cyclical,Apparel Manufacturing,44.00,89.00,19.00,46.00,9.73,9.57,633036.00,695340.00,421.60,306.55,21650399232,NO,345.97,363.01,365.24,363.73,368.09,,7373,0.02,558776.00,NO,NO,1997-06-12,19963800.00
4164,VIS,326.50,323.84,115974.00,ETF,ETF,44.00,56.00,17.00,43.00,4.32,4.12,110455.00,141880.00,362.21,282.03,0,NO,326.87,339.50,333.44,339.22,337.60,,5538,0.00,115974.00,NO,NO,2022-05-10,1796300.00
4165,ABEQ,37.33,37.14,16071.00,ETF,ETF,44.00,34.00,53.00,31.00,0.21,0.15,11641.00,8320.00,40.08,34.31,0,NO,38.23,38.57,37.86,38.55,37.91,,1684,0.23,16071.00,NO,NO,2023-10-30,495800.00
4166,HAWG,30.56,30.39,8986.00,ETF,ETF,44.00,77.00,,,0.22,0.18,103394.00,12790.00,30.84,29.80,0,NO,30.25,,,,,,35,0.00,8986.00,NO,NO,2026-08-14,3041000.00
4167,ONEV,139.67,139.54,4353.00,ETF,ETF,44.00,20.00,35.00,44.00,0.89,0.70,11328.00,3320.00,151.87,129.05,0,NO,143.24,147.31,141.30,147.03,142.41,,2723,0.00,4353.00,NO,NO,2015-12-03,5716600.00
4168,MBINM,25.43,25.50,5690.00,Financial Services,Banks - Regional,44.00,59.00,62.00,41.00,0.20,0.19,6084.00,10660.00,25.96,24.00,0,NO,25.49,25.54,25.43,25.53,25.37,,1009,0.00,5690.00,NO,NO,2025-09-12,718000.00
4169,FIDU,90.28,89.49,113157.00,ETF,ETF,44.00,56.00,17.00,43.00,1.14,1.06,141761.00,184970.00,100.00,78.27,0,NO,90.36,93.85,92.27,93.78,93.40,,3254,0.00,113157.00,NO,NO,2026-09-15,2341300.00
4170,VTMX,32.47,31.94,92902.00,Real Estate,Real Estate - Diversified,44.00,22.00,21.00,21.00,0.73,0.71,67573.00,60340.00,37.41,25.59,3012829696,NO,33.13,33.87,33.68,34.00,34.15,,818,1.10,92902.00,NO,NO,2023-06-30,3471100.00
4171,BPYPO,15.06,15.18,11958.00,Real Estate,Real Estate Services,44.00,65.00,59.00,33.00,0.24,0.24,30061.00,25040.00,16.26,14.08,0,NO,14.96,15.15,15.10,15.15,15.15,,1789,0.00,11958.00,NO,NO,2026-09-16,801500.00
4172,IEV,70.80,70.06,36384.00,ETF,ETF,44.00,27.00,34.00,43.00,0.85,0.61,96747.00,90780.00,76.32,64.17,0,NO,72.64,74.04,71.89,74.14,72.20,,6584,0.76,36384.00,NO,NO,2008-02-12,10492800.00
4173,SKF,26.15,26.10,40973.00,ETF,ETF,44.00,93.00,86.00,7.00,0.60,0.57,24406.00,36620.00,33.07,22.00,0,NO,24.39,23.36,26.42,23.40,26.37,,4949,0.00,40973.00,NO,NO,2009-05-07,307125.00
4174,CVSA,125.48,123.32,296492.00,Consumer Defensive,Education & Training Services,44.00,19.00,40.00,51.00,3.55,3.45,361887.00,439000.00,156.26,86.97,4271191296,NO,124.24,127.94,117.49,129.08,122.74,,8884,1.50,296492.00,NO,NO,2012-09-28,18701200.00
4175,ZINN,42.29,41.46,2487.00,ETF,ETF,44.00,89.00,,,0.51,0.17,8539.00,1610.00,42.36,38.55,0,NO,40.42,,,,,,34,0.00,2487.00,NO,NO,2026-09-02,187600.00
4176,EMLP,41.54,41.27,406249.00,ETF,ETF,44.00,21.00,34.00,19.00,0.45,0.43,277546.00,463330.00,45.23,37.18,0,NO,42.71,43.53,42.70,43.38,43.61,,3591,0.00,406249.00,NO,NO,2014-05-05,5683100.00
4177,SCEP,24.85,24.61,69299.00,ETF,ETF,44.00,72.00,59.00,49.00,0.22,0.15,29247.00,35800.00,25.93,23.12,0,NO,24.70,24.94,24.73,25.02,24.70,,203,0.00,69299.00,NO,NO,2026-01-12,7806700.00
4178,PPLI,41.28,40.95,1147713.00,Communication Services,Internet Content & Information,44.00,87.00,12.00,45.00,1.53,1.35,1085295.00,1847660.00,48.32,29.56,3073870848,NO,38.40,39.64,40.54,39.51,41.51,,8485,0.00,1147713.00,NO,NO,2003-06-09,4346044742.00
4179,XVAZ,29.50,29.14,10064.00,ETF,ETF,44.00,,,,,,285.00,285.00,29.75,28.91,0,NO,,,,,,,8,0.00,10064.00,NO,YES,2026-10-02,10064.00
4180,MRGR,45.13,45.04,719.00,ETF,ETF,44.00,59.00,55.00,37.00,0.12,0.06,1211.00,1560.00,46.22,43.06,0,NO,45.14,45.34,45.13,45.35,45.24,,3471,0.00,719.00,NO,NO,2022-07-12,1195400.00
4181,QNCX,29.20,30.68,68371.00,Healthcare,Biotechnology,44.00,11.00,98.00,92.00,2.55,2.49,27969.00,20930.00,910.00,15.10,29698240,NO,29.76,29.56,116.20,30.59,24.36,,1861,0.00,68371.00,NO,NO,2026-02-10,7967477.00
4182,KPO,25.12,24.91,10202.00,ETF,ETF,44.00,,,,0.17,0.09,23120.00,6920.00,25.19,24.42,0,NO,24.75,,,,,,25,0.00,10202.00,NO,NO,2026-08-31,342900.00
4183,AGNCP,24.89,24.85,91478.00,Real Estate,REIT - Mortgage,44.00,49.00,58.00,46.00,0.16,0.13,48812.00,63310.00,25.54,23.62,0,NO,25.30,25.29,25.00,25.28,24.98,,1674,0.04,91478.00,NO,NO,2020-02-05,7403400.00
4184,ICLR,162.05,161.85,676140.00,Healthcare,Diagnostics & Research,44.00,76.00,29.00,90.00,6.29,6.28,807477.00,1117340.00,203.91,66.57,12502839296,NO,167.67,167.31,146.44,166.61,143.46,,7140,0.00,676140.00,NO,NO,2026-02-12,23558100.00
4185,SGVA,101.06,101.06,12963.00,ETF,ETF,44.00,69.00,64.00,,0.04,0.03,37679.00,43310.00,101.45,100.01,0,NO,100.93,100.75,,100.79,,,79,0.00,12963.00,NO,NO,2026-07-30,1436000.00
4186,FLOC,18.46,18.28,717208.00,Energy,Oil & Gas Equipment & Services,44.00,4.00,43.00,10.00,0.74,0.74,560098.00,568120.00,28.26,14.03,2008369024,NO,19.73,20.78,21.83,20.94,22.25,,430,0.49,717208.00,NO,NO,2025-01-16,6442400.00
4187,BTF,22.92,23.52,3028.00,ETF,ETF,44.00,88.00,95.00,79.00,0.94,0.84,5347.00,5230.00,97.10,15.00,0,NO,22.49,20.39,20.76,20.70,19.45,,1241,0.00,3028.00,NO,NO,2021-10-22,638460.00
4188,KSTR,22.07,22.19,767205.00,ETF,ETF,44.00,22.00,4.00,79.00,0.51,0.25,950241.00,707790.00,32.54,17.23,0,NO,23.09,23.81,22.73,23.71,23.59,,1425,0.00,767205.00,NO,NO,2026-02-05,4388000.00
4189,IQGR,25.20,24.85,19735.00,ETF,ETF,43.00,,,,,,54050.00,60480.00,26.13,24.76,0,NO,,,,,,,13,1.25,19735.00,NO,NO,2026-09-23,446400.00
4190,VEEM,24.85,24.52,6.00,ETF,ETF,43.00,,,,0.26,0.03,1412.00,1070.00,25.55,24.13,0,NO,,,,,,,17,0.00,6.00,NO,NO,2026-09-21,9800.00
4191,CBOA,25.15,25.11,15.00,ETF,ETF,43.00,77.00,79.00,46.00,0.05,0.01,758.00,180.00,26.83,23.91,0,NO,24.96,24.64,24.68,24.71,24.45,,374,0.00,200.00,NO,NO,2025-04-07,93000.00
4192,GALX,23.64,23.08,2209.00,ETF,ETF,43.00,85.00,,,0.44,0.25,3567.00,520.00,27.06,21.09,0,NO,23.06,23.79,,23.86,,,56,0.00,2209.00,NO,NO,2026-07-17,50700.00
4193,BBEU,75.38,74.62,108105.00,ETF,ETF,43.00,27.00,34.00,44.00,0.93,0.65,266350.00,222250.00,81.31,68.24,0,NO,77.44,78.92,76.74,79.02,77.02,,2085,0.63,108105.00,NO,NO,2022-05-31,26249500.00
4194,ANTW,25.25,24.85,94646.00,ETF,ETF,43.00,87.00,,,0.59,0.49,59951.00,92190.00,26.34,23.39,0,NO,24.97,,,,,,36,0.00,94646.00,NO,NO,2026-09-23,265400.00
4195,SFBS,40.15,39.75,567115.00,Financial Services,Banks - Regional,43.00,26.00,18.00,59.00,1.00,0.99,567739.00,834710.00,46.04,33.60,4390202880,NO,41.45,43.07,40.55,42.96,40.86,,3116,0.50,567115.00,NO,NO,2016-04-01,11364400.00
4196,TFNS,27.48,27.43,1863.00,ETF,ETF,43.00,16.00,33.00,57.00,0.27,0.21,5752.00,4890.00,30.11,24.30,0,NO,28.51,29.17,27.37,29.17,27.50,,329,0.00,1863.00,NO,NO,2026-07-29,75800.00
4197,MEDX,34.66,34.76,184.00,ETF,ETF,43.00,18.00,22.00,46.00,0.31,0.13,2204.00,520.00,37.90,30.79,0,NO,35.37,35.87,34.39,35.75,34.54,,922,0.00,184.00,NO,NO,2025-05-01,24400.00
4198,ACIG,40.51,39.90,300019.00,ETF,ETF,43.00,,,,,,48800.00,48800.00,40.56,39.90,0,NO,,,,,,,3,0.00,300019.00,NO,YES,2026-10-02,300019.00
4199,FLEE,37.67,37.27,2565.00,ETF,ETF,43.00,29.00,35.00,42.00,0.40,0.24,10439.00,21370.00,40.53,34.16,0,NO,38.66,39.35,38.38,39.36,38.48,,2209,0.71,2565.00,NO,NO,2017-12-18,3257600.00
4200,SW,42.54,43.04,3272477.00,Consumer Cyclical,Packaging & Containers,43.00,20.00,22.00,56.00,1.37,1.19,4792604.00,4785090.00,52.65,32.73,22313205760,NO,44.47,46.69,43.26,46.35,43.30,,4603,0.00,3272477.00,NO,NO,2024-07-08,67456700.00
4201,ARIA,25.61,25.58,40.00,ETF,ETF,43.00,77.00,,,0.33,0.06,213.00,320.00,26.76,24.54,0,NO,25.96,,,,,,37,0.00,200.00,NO,NO,2026-09-28,1900.00
4202,ABCB,81.44,80.24,435185.00,Financial Services,Banks - Regional,43.00,32.00,15.00,45.00,1.53,1.49,429925.00,600770.00,93.22,68.80,5465213952,NO,82.94,85.45,83.38,85.44,84.95,,8148,1.08,435185.00,NO,NO,2019-06-28,4545600.00
4203,SNPD,28.74,28.60,29.00,ETF,ETF,43.00,22.00,29.00,43.00,0.19,0.09,907.00,1280.00,31.39,26.12,0,NO,29.46,30.34,29.14,30.20,29.38,,971,0.00,600.00,NO,NO,2026-04-08,101400.00
4204,FIZY,26.11,25.86,15364.00,ETF,ETF,43.00,79.00,,,0.25,0.21,19735.00,15290.00,26.67,25.15,0,NO,25.82,,,,,,43,0.00,15364.00,NO,NO,2026-09-23,45700.00
4205,CBOJ,24.44,24.47,3125.00,ETF,ETF,43.00,75.00,76.00,43.00,0.07,0.03,3241.00,1570.00,26.55,23.52,0,NO,24.30,24.04,23.91,24.07,23.90,,427,0.00,3125.00,NO,NO,2025-01-22,1024100.00
4206,TDSB,24.44,24.45,8161.00,ETF,ETF,43.00,51.00,53.00,36.00,0.12,0.06,6485.00,5320.00,25.30,23.52,0,NO,24.70,24.77,24.65,24.77,24.69,,1518,0.00,8161.00,NO,NO,2020-09-17,12118300.00
4207,CLUB,25.62,25.65,39.00,ETF,ETF,43.00,62.00,75.00,,0.23,0.00,2309.00,100.00,27.24,22.36,0,NO,25.99,25.80,,25.97,,,102,0.00,100.00,NO,NO,2026-05-06,98200.00
4208,PSQA,20.60,20.59,99354.00,ETF,ETF,43.00,64.00,63.00,39.00,0.11,0.09,102966.00,89800.00,21.09,19.90,0,NO,20.69,20.66,20.56,20.66,20.58,,516,0.00,99354.00,NO,NO,2026-07-28,1426700.00
4209,MTN,141.16,138.99,845573.00,Consumer Cyclical,Resorts & Casinos,43.00,82.00,55.00,54.00,4.55,4.54,765730.00,1296400.00,163.34,118.51,5030278656,NO,137.90,143.60,137.47,143.34,136.80,,7462,0.73,845573.00,NO,NO,1997-02-04,6573500.00
4210,ZWS,47.67,47.20,822661.00,Industrials,Pollution & Treatment Controls,43.00,77.00,41.00,50.00,0.88,0.84,894249.00,975670.00,55.00,43.06,7906741248,NO,46.56,48.51,48.29,48.41,48.19,,3649,0.00,822661.00,NO,NO,2012-03-29,34322093.00
4211,NQLT,25.30,25.14,13.00,ETF,ETF,43.00,63.00,,,0.15,0.04,1818.00,590.00,26.01,24.52,0,NO,25.22,25.41,,25.51,,,58,0.00,300.00,NO,NO,2026-08-19,23600.00
4212,AAAP,25.35,25.34,7387.00,ETF,ETF,43.00,66.00,63.00,,0.06,0.05,34138.00,11950.00,25.53,25.05,0,NO,25.42,25.38,,25.39,,,72,0.00,7387.00,NO,NO,2026-06-23,1025100.00
4213,IEUS,69.68,69.12,1851.00,ETF,ETF,43.00,31.00,47.00,45.00,0.71,0.37,6414.00,11830.00,74.87,63.55,0,NO,71.43,72.45,70.99,72.63,71.06,,4747,0.67,1851.00,NO,NO,2019-05-28,2356300.00
4214,PFRX,33.29,33.05,33066.00,ETF,ETF,43.00,,,,,,33188.00,33188.00,33.38,32.80,0,NO,,,,,,,5,0.70,33066.00,NO,NO,2026-09-29,54889.00
4215,DDT,26.38,26.30,3830.00,Finance,Finance/Rental/Leasing,43.00,74.00,63.00,40.00,0.14,0.13,8296.00,7730.00,26.80,25.11,0,NO,26.20,26.24,26.19,26.25,26.17,,7035,0.00,3830.00,NO,NO,2018-07-20,1151400.00
4216,CBXJ,22.16,22.22,701.00,ETF,ETF,43.00,84.00,86.00,52.00,0.22,0.08,4709.00,4220.00,28.96,19.72,0,NO,21.76,21.01,21.19,21.13,20.89,,418,0.00,701.00,NO,NO,2025-02-04,466600.00
4217,DLB,58.89,59.06,649744.00,Industrials,Specialty Business Services,43.00,28.00,91.00,21.00,1.51,1.49,956520.00,1029410.00,72.96,48.26,5516154880,NO,59.60,60.12,59.72,61.13,57.79,,5440,0.00,649744.00,NO,NO,2005-02-17,21616200.00
4218,SRRK,46.81,46.16,1238510.00,Healthcare,Biotechnology,43.00,3.00,9.00,15.00,2.50,2.39,1434174.00,2128500.00,61.76,27.07,5700769280,NO,50.50,52.10,48.40,51.99,49.59,,2100,1.26,1238510.00,NO,NO,2020-10-27,53359100.00
4219,AMEM,24.99,24.60,1211.00,ETF,ETF,43.00,68.00,63.00,,0.34,0.14,2936.00,2900.00,53.00,22.94,0,NO,24.85,25.32,,24.90,,,71,0.00,1211.00,NO,NO,2026-06-24,41300.00
4220,GPTY,43.22,42.79,82163.00,ETF,ETF,43.00,84.00,38.00,74.00,0.77,0.61,49674.00,58790.00,50.64,34.25,0,NO,42.91,42.30,42.09,42.58,42.57,,426,0.00,82163.00,NO,NO,2026-04-21,163200.00
4221,FTXO,38.94,38.68,104893.00,ETF,ETF,43.00,16.00,19.00,51.00,0.68,0.64,93776.00,182620.00,44.12,32.90,0,NO,40.51,41.73,39.52,41.70,39.87,,2510,0.23,104893.00,NO,NO,2026-02-27,35386300.00
4222,BRF,16.79,16.30,160.00,ETF,ETF,43.00,66.00,72.00,12.00,0.28,0.16,5166.00,2470.00,20.44,14.72,0,NO,16.42,16.03,17.30,16.07,17.04,,4374,1.99,160.00,NO,NO,2009-10-28,1596200.00
4223,AMEI,26.03,25.71,24007.00,ETF,ETF,43.00,69.00,52.00,,0.22,0.16,3487.00,1760.00,27.50,24.61,0,NO,25.73,26.09,,26.14,,,71,1.11,24007.00,NO,NO,2026-06-24,42100.00
4224,LPLA,316.44,312.15,982503.00,Financial Services,Capital Markets,43.00,8.00,77.00,54.00,11.94,11.48,702655.00,1047400.00,400.16,260.15,24917209088,NO,327.66,346.43,327.37,349.10,316.94,,3991,0.00,982503.00,NO,NO,2016-02-12,11417700.00
4225,CPK,127.38,124.33,210097.00,Utilities,Utilities - Regulated Gas,43.00,46.00,79.00,30.00,3.00,2.92,192217.00,224790.00,140.83,118.88,3216942592,NO,129.55,132.43,128.58,131.86,128.56,,11732,0.70,210097.00,NO,NO,2020-09-30,3359600.00
4226,RVT,17.27,17.09,177900.00,Financial Services,Asset Management,43.00,23.00,25.00,41.00,0.35,0.34,250715.00,217970.00,19.12,14.97,2145775488,NO,17.53,18.15,17.78,18.13,17.92,,10043,0.64,177900.00,NO,NO,2026-01-16,2061800.00
4227,KCCA,16.73,16.66,13566.00,ETF,ETF,43.00,36.00,44.00,65.00,0.24,0.22,20149.00,23470.00,18.05,14.57,0,NO,16.67,16.94,16.11,16.94,16.20,,1254,0.06,13566.00,NO,NO,2024-12-04,4972600.00
4228,EWD,50.05,49.41,258524.00,ETF,ETF,43.00,28.00,47.00,39.00,0.80,0.57,304046.00,232290.00,54.93,45.34,0,NO,51.37,52.25,51.39,52.38,51.21,,7686,0.85,258524.00,NO,NO,2011-02-03,5970300.00
4229,AGNCO,25.27,25.23,63903.00,Real Estate,REIT - Mortgage,43.00,54.00,59.00,42.00,0.12,0.10,25006.00,43630.00,25.74,24.39,0,NO,25.60,25.60,25.43,25.61,25.43,,1763,0.00,63903.00,NO,NO,2019-09-27,6105500.00
4230,XUSM,24.68,24.38,2844.00,ETF,ETF,43.00,,,,,,18938.00,20100.00,26.59,24.33,0,NO,,,,,,,14,1.03,2844.00,NO,NO,2026-09-21,77700.00
4231,WTRG,39.38,38.67,2418086.00,Utilities,Utilities - Regulated Water,43.00,25.00,70.00,22.00,0.73,0.68,2181773.00,2607150.00,42.51,36.11,11169467392,NO,40.57,40.45,39.19,40.43,39.36,,11732,0.44,2418086.00,NO,NO,2026-02-27,28658800.00
4232,VDV,76.44,75.61,6695.00,ETF,ETF,43.00,36.00,55.00,,0.87,0.52,7730.00,7710.00,88.94,73.50,0,NO,78.14,78.32,,78.60,,,118,0.00,6695.00,NO,NO,2026-06-22,53200.00
4233,DDX,24.77,24.73,4867.00,ETF,ETF,43.00,50.00,48.00,41.00,0.12,0.06,5600.00,7460.00,25.52,23.96,0,NO,25.07,25.21,24.91,25.23,25.00,,1265,0.00,4867.00,NO,NO,2022-11-07,83500.00
4234,FDAT,22.31,22.23,2323.00,ETF,ETF,43.00,61.00,53.00,44.00,0.10,0.07,785.00,1030.00,24.85,21.49,0,NO,22.34,22.51,22.22,22.53,22.17,,867,0.00,2323.00,NO,NO,2023-08-17,55300.00
4235,EICA,24.97,24.99,5607.00,Financial Services,Asset Management,43.00,68.00,61.00,37.00,0.03,0.02,3019.00,3180.00,25.92,24.51,0,NO,24.96,24.96,24.89,24.96,24.94,,1244,0.00,5607.00,NO,NO,2021-10-19,447900.00
4236,TMDV,49.49,49.95,18.00,ETF,ETF,43.00,26.00,37.00,42.00,0.29,0.06,169.00,310.00,54.02,45.54,0,NO,51.24,52.53,50.47,52.29,50.75,,1732,0.00,100.00,NO,NO,2022-03-29,40700.00
4237,ADPV,44.17,43.45,5703.00,ETF,ETF,43.00,53.00,35.00,47.00,0.45,0.31,9438.00,15160.00,49.71,38.57,0,NO,44.22,44.78,44.70,44.80,44.75,,980,0.00,5703.00,NO,NO,2023-02-13,210600.00
4238,STLU,21.27,23.13,18224.00,ETF,ETF,43.00,97.00,28.00,,2.51,2.23,52060.00,42020.00,43.84,12.67,0,NO,19.92,17.44,,17.53,,,128,0.00,18224.00,NO,NO,2026-09-16,640500.00
4239,AXSM,179.25,182.07,981321.00,Healthcare,Biotechnology,43.00,4.00,3.00,51.00,8.20,8.01,693768.00,782900.00,260.19,117.30,9389260800,NO,201.53,209.41,199.79,206.07,210.08,,2732,0.00,981321.00,NO,NO,2019-01-07,51674500.00
4240,LLMA,25.39,25.21,4641.00,ETF,ETF,43.00,,,,,,1600.00,1600.00,25.47,25.21,0,NO,,,,,,,2,0.00,4641.00,NO,YES,2026-10-02,4641.00
4241,DLTR,112.16,114.43,1620651.00,Consumer Defensive,Discount Stores,43.00,4.00,20.00,44.00,3.59,3.46,2594366.00,2771130.00,142.40,84.71,21044615168,NO,115.97,124.06,117.28,123.50,113.89,,7947,0.00,1620651.00,NO,NO,2000-12-19,96293700.00
4242,SPEU,53.42,52.88,20682.00,ETF,ETF,43.00,26.00,34.00,44.00,0.60,0.42,23076.00,24340.00,57.64,48.00,0,NO,54.92,55.96,54.45,56.03,54.62,,6026,0.70,20682.00,NO,NO,2025-03-11,5071900.00
4243,JANH,24.79,24.77,1527.00,ETF,ETF,43.00,58.00,59.00,43.00,0.05,0.01,2428.00,1240.00,25.15,23.83,0,NO,25.06,25.01,24.81,25.02,24.83,,691,0.00,1527.00,NO,NO,2026-01-09,142900.00
4244,CSIO,27.10,26.74,9093.00,ETF,ETF,43.00,28.00,31.00,26.00,0.22,0.13,13001.00,19030.00,30.57,24.81,0,NO,27.76,28.23,27.83,28.16,28.34,,203,0.75,9093.00,NO,NO,2026-02-20,192500.00
4245,ATHM,20.56,20.86,476362.00,Communication Services,Internet Content & Information,43.00,20.00,87.00,76.00,0.57,0.55,697341.00,466270.00,29.07,15.57,2367913984,NO,21.35,22.01,20.28,22.02,19.57,,3221,0.00,476362.00,NO,NO,2026-02-27,9293300.00
4246,ELFY,39.48,38.90,11554.00,ETF,ETF,43.00,55.00,17.00,33.00,0.49,0.41,34149.00,21860.00,45.92,34.31,0,NO,39.38,40.56,40.87,40.61,41.86,,372,1.04,11554.00,NO,NO,2025-11-24,429100.00
4247,FXO,61.17,61.03,62990.00,ETF,ETF,43.00,16.00,29.00,55.00,0.72,0.69,48722.00,72160.00,67.38,54.40,0,NO,63.31,65.04,61.33,64.96,61.58,,4881,0.00,62990.00,NO,NO,2023-03-24,31170100.00
4248,EFAA,54.90,54.40,164816.00,ETF,ETF,43.00,45.00,43.00,44.00,0.59,0.45,88960.00,98330.00,57.39,51.10,0,NO,55.72,56.30,55.24,56.45,55.20,,556,0.46,164816.00,NO,NO,2026-07-07,672900.00
4249,IYJ,155.97,155.03,54037.00,ETF,ETF,43.00,50.00,22.00,47.00,1.78,1.66,114961.00,73370.00,171.25,138.90,0,NO,156.46,161.85,157.75,161.77,158.64,,6594,0.00,54037.00,NO,NO,2014-02-10,17215800.00
4250,JQTY,25.38,25.36,1377.00,ETF,ETF,43.00,,,,,,47450.00,47450.00,25.55,25.19,0,NO,,,,,,,3,0.00,1377.00,NO,NO,2026-09-30,62500.00
4251,YCLO,25.14,25.24,240.00,ETF,ETF,43.00,75.00,64.00,,0.01,0.00,3347.00,20120.00,25.26,25.07,0,NO,25.20,25.21,,25.22,,,82,0.00,100.00,NO,NO,2026-09-21,200000.00
4252,BANFP,26.40,26.31,504.00,Finance,Finance/Rental/Leasing,43.00,33.00,63.00,36.00,0.40,0.10,804.00,420.00,29.75,25.50,0,NO,27.56,27.33,26.55,27.45,26.71,,5674,0.00,504.00,NO,NO,2006-11-14,255300.00
4253,DFNL,48.33,48.07,20766.00,ETF,ETF,43.00,18.00,28.00,52.00,0.61,0.56,35693.00,47470.00,53.09,43.13,0,NO,49.98,51.17,48.50,51.13,48.56,,2444,0.50,20766.00,NO,NO,2022-01-05,1087700.00
4254,BCLO,49.83,49.80,16377.00,ETF,ETF,43.00,70.00,63.00,40.00,0.09,0.08,15925.00,34940.00,50.09,48.42,0,NO,49.80,49.70,49.55,49.73,49.53,,421,0.03,16377.00,NO,NO,2025-04-07,111400.00
4255,LANDO,20.06,19.96,11850.00,Real Estate,REIT - Specialty,43.00,34.00,44.00,27.00,0.30,0.30,15422.00,20650.00,22.08,18.50,0,NO,20.12,20.90,20.42,20.84,20.74,,1496,0.45,11850.00,NO,NO,2020-10-30,702200.00
4256,CCK,106.05,106.19,748974.00,Consumer Cyclical,Packaging & Containers,43.00,11.00,24.00,43.00,2.35,2.34,982268.00,1233530.00,122.91,89.21,11534052352,NO,109.78,115.21,107.42,114.66,107.38,,11732,0.00,748974.00,NO,NO,2023-06-16,20479800.00
4257,BPOPM,25.34,25.30,353.00,Finance,Finance/Rental/Leasing,43.00,73.00,63.00,41.00,0.08,0.07,2492.00,1310.00,25.65,24.75,0,NO,25.17,25.19,25.27,25.20,25.25,,4493,0.12,1500.00,NO,NO,2009-02-24,217300.00
4258,GEQ,50.93,50.62,12.00,ETF,ETF,43.00,53.00,52.00,,0.63,0.38,1233.00,300.00,52.81,45.90,0,NO,51.24,51.65,,51.77,,,81,0.00,12.00,NO,NO,2026-06-16,59800.00
4259,PSCI,163.95,161.36,7673.00,ETF,ETF,43.00,45.00,15.00,47.00,2.02,1.69,18528.00,10050.00,187.05,138.89,0,NO,164.47,172.77,168.71,172.68,170.69,,4149,0.89,7673.00,NO,NO,2026-09-15,790800.00
4260,CBXA,23.85,23.72,16.00,ETF,ETF,43.00,83.00,89.00,55.00,0.14,0.02,1276.00,220.00,30.24,20.77,0,NO,23.33,22.47,23.18,22.69,22.23,,373,0.00,100.00,NO,NO,2025-04-08,46300.00
4261,GRW,31.20,30.98,1498.00,ETF,ETF,43.00,73.00,37.00,65.00,0.25,0.15,4930.00,7980.00,33.03,26.63,0,NO,30.74,31.42,30.67,31.47,30.66,,605,0.00,1498.00,NO,NO,2026-01-28,317800.00
4262,HMY,17.38,17.52,3050868.00,Basic Materials,Gold,43.00,9.00,83.00,55.00,0.70,0.53,3552655.00,4474670.00,26.06,13.03,10881830912,NO,19.19,19.20,18.34,19.58,17.22,,8150,0.00,3050868.00,NO,NO,2015-09-18,73594000.00
4263,SDY,147.57,147.49,167250.00,ETF,ETF,43.00,24.00,31.00,39.00,1.26,1.17,194738.00,221450.00,160.29,135.30,0,NO,150.68,154.68,150.35,154.31,151.33,,5252,0.00,167250.00,NO,NO,2011-02-01,8134600.00
4264,TBFC,28.82,28.75,183.00,ETF,ETF,43.00,51.00,46.00,42.00,0.13,0.05,2853.00,1490.00,29.79,27.64,0,NO,29.11,29.29,29.02,29.30,29.09,,682,0.25,183.00,NO,NO,2025-02-19,568000.00
4265,XLB,48.86,48.54,13929013.00,ETF,ETF,42.00,15.00,25.00,26.00,0.73,0.67,11323880.00,12470780.00,54.19,42.03,0,NO,50.22,51.56,50.65,51.46,51.05,,6987,0.60,13929013.00,YES,NO,2011-08-04,78015800.00
4266,FAN,22.81,22.49,22126.00,ETF,ETF,42.00,50.00,18.00,13.00,0.30,0.19,93317.00,47250.00,27.30,19.06,0,NO,23.20,23.59,23.97,23.62,24.57,,4595,0.71,22126.00,NO,NO,2014-10-15,2654400.00
4267,XCSH,100.63,100.45,7527.00,ETF,ETF,42.00,70.00,,,0.35,0.34,4065.00,1720.00,104.14,100.05,0,NO,100.38,,,,,,33,0.10,7527.00,NO,NO,2026-08-25,26900.00
4268,LEMB,42.04,42.03,262324.00,ETF,ETF,42.00,48.00,51.00,42.00,0.23,0.15,152834.00,185030.00,43.46,40.35,0,NO,42.66,42.83,42.20,42.86,42.20,,3759,0.00,262324.00,NO,NO,2016-02-29,5566600.00
4269,AOM,48.63,48.77,822411.00,ETF,ETF,42.00,52.00,47.00,43.00,0.30,0.25,237790.00,549750.00,50.16,46.60,0,NO,49.20,49.45,48.88,49.48,49.04,,4500,0.00,822411.00,NO,NO,2026-09-15,2526200.00
4270,BH,363.76,357.19,44656.00,Consumer Cyclical,Restaurants,42.00,15.00,10.00,58.00,13.08,13.02,155692.00,80700.00,483.60,234.92,1158385792,NO,354.27,373.75,354.87,374.52,343.19,,11732,1.35,44656.00,NO,NO,2026-09-02,443800.00
4271,TPHD,41.08,40.88,42653.00,ETF,ETF,42.00,27.00,36.00,33.00,0.32,0.27,21788.00,16260.00,44.26,37.54,0,NO,41.79,42.81,41.77,42.72,42.17,,1867,0.00,42653.00,NO,NO,2019-05-01,1745700.00
4272,FTHI,23.77,23.60,411274.00,ETF,ETF,42.00,63.00,57.00,43.00,0.20,0.17,718622.00,619250.00,24.39,22.37,0,NO,23.78,23.85,23.71,23.89,23.67,,3204,0.00,411274.00,NO,NO,2026-04-23,3943400.00
4273,FCLO,50.40,50.39,13788.00,ETF,ETF,42.00,69.00,62.00,39.00,0.06,0.04,22468.00,20420.00,50.65,49.72,0,NO,50.47,50.38,,50.38,50.26,,161,0.00,13788.00,NO,NO,2026-08-20,349500.00
4274,FVR,16.68,16.35,418884.00,Real Estate,REIT - Diversified,42.00,6.00,5.00,53.00,0.57,0.56,195680.00,275110.00,22.29,12.88,504116640,NO,17.86,19.10,17.80,18.86,18.49,,502,0.86,418884.00,NO,NO,2024-10-02,4954600.00
4275,PCPI,50.25,50.27,23140.00,ETF,ETF,42.00,71.00,64.00,,0.12,0.11,21349.00,21090.00,55.58,49.61,0,NO,50.10,49.94,,49.97,,,126,0.00,23140.00,NO,NO,2026-05-19,616400.00
4276,CAOS,90.64,90.51,29456.00,ETF,ETF,42.00,68.00,62.00,35.00,0.16,0.16,42803.00,34810.00,90.97,89.51,0,NO,90.52,90.47,90.44,90.48,90.54,,899,0.08,29456.00,NO,NO,2025-08-26,895200.00
4277,ODFL,180.48,178.10,1949365.00,Industrials,Trucking,42.00,34.00,8.00,12.00,4.75,4.56,1715547.00,1963940.00,252.03,126.01,37534113792,NO,178.29,196.58,199.80,193.70,207.24,,8797,0.00,1949365.00,NO,NO,2019-12-06,46467600.00
4278,CBOO,24.69,24.66,3164.00,ETF,ETF,42.00,68.00,65.00,40.00,0.04,0.03,1753.00,3800.00,25.04,24.29,0,NO,24.66,24.62,24.49,24.63,24.51,,249,0.00,3164.00,NO,NO,2025-10-07,87100.00
4279,LBOX,25.14,25.14,132.00,ETF,ETF,42.00,72.00,,,0.02,0.02,3424.00,6410.00,25.14,25.00,0,NO,25.09,,,,,,28,0.00,291.00,NO,NO,2026-09-21,34114.00
4280,PSCC,33.43,32.89,2900.00,ETF,ETF,42.00,10.00,23.00,52.00,0.34,0.24,12590.00,8560.00,38.22,30.60,0,NO,34.24,36.06,34.06,35.87,34.45,,4149,0.40,2900.00,NO,NO,2016-09-27,1262700.00
4281,AVNC,50.01,49.46,1267.00,ETF,ETF,42.00,,,,,,650.00,650.00,50.26,49.46,0,NO,,,,,,,3,1.03,1267.00,NO,YES,2026-10-02,1267.00
4282,BGIA,25.12,24.82,45.00,ETF,ETF,42.00,55.00,62.00,,0.23,0.04,165219.00,360.00,25.97,23.97,0,NO,25.25,25.30,,25.42,,,85,0.00,45.00,NO,NO,2026-07-23,4945100.00
4283,CRS,388.47,383.69,824666.00,Industrials,Metal Fabrication,42.00,3.00,1.00,33.00,13.55,13.15,723846.00,800520.00,625.99,233.78,19252017152,NO,413.99,479.08,441.42,471.57,474.87,,13518,1.17,824666.00,NO,NO,2020-07-31,10557100.00
4284,PRN,201.99,200.58,49518.00,ETF,ETF,42.00,83.00,9.00,39.00,3.36,3.04,39604.00,18140.00,262.73,156.00,0,NO,198.36,207.08,213.08,207.39,220.30,,5024,0.00,49518.00,NO,NO,2007-09-14,2106600.00
4285,EWK,25.36,25.23,11959.00,ETF,ETF,42.00,14.00,27.00,41.00,0.31,0.23,36917.00,91960.00,27.96,23.22,0,NO,26.66,26.97,26.14,26.97,26.34,,7686,0.48,11959.00,NO,NO,2016-05-11,11977500.00
4286,CBSH,55.28,54.83,813913.00,Financial Services,Banks - Regional,42.00,29.00,26.00,61.00,0.96,0.95,1043857.00,1134530.00,60.92,46.99,7928930304,NO,56.82,58.13,54.23,58.05,54.71,,11732,0.47,813913.00,NO,NO,2008-06-05,14349251.00
4287,LIT,69.28,68.22,129484.00,ETF,ETF,42.00,18.00,17.00,15.00,1.11,0.89,217444.00,132000.00,91.98,53.88,0,NO,70.43,72.21,74.85,72.56,76.44,,4074,0.78,129484.00,NO,NO,2021-01-05,5146000.00
4288,FSEV,25.84,25.63,130.00,ETF,ETF,42.00,35.00,43.00,,0.19,0.10,2163.00,1660.00,27.97,24.41,0,NO,26.11,26.66,,26.68,,,108,0.00,130.00,NO,NO,2026-04-30,199600.00
4289,ANGU,25.50,25.32,15992.00,ETF,ETF,42.00,73.00,,,0.20,0.16,468010.00,17000.00,25.73,24.87,0,NO,25.32,,,,,,41,0.55,15992.00,NO,NO,2026-08-06,17467800.00
4290,PJIO,64.28,62.72,446.00,ETF,ETF,42.00,78.00,34.00,63.00,0.75,0.29,14525.00,3100.00,70.89,53.03,0,NO,62.03,62.79,62.40,63.16,62.43,,698,0.00,1100.00,NO,NO,2026-08-21,391400.00
4291,IYK,70.91,70.68,339023.00,ETF,ETF,42.00,21.00,33.00,40.00,0.77,0.67,242969.00,583590.00,78.33,65.21,0,NO,72.58,74.02,72.22,73.77,72.63,,6613,0.25,339023.00,NO,NO,2006-01-20,8697300.00
4292,OSCV,39.85,39.48,48859.00,ETF,ETF,42.00,32.00,29.00,38.00,0.39,0.36,78339.00,55590.00,43.29,35.93,0,NO,40.40,41.65,40.59,41.60,41.08,,2064,0.76,48859.00,NO,NO,2024-10-21,1390900.00
4293,MDST,27.94,27.70,35458.00,ETF,ETF,42.00,21.00,42.00,28.00,0.41,0.40,65039.00,77790.00,30.43,24.93,0,NO,28.80,29.19,28.57,29.10,29.08,,623,0.00,35458.00,NO,NO,2025-07-15,570200.00
4294,ECL,273.70,271.26,1219031.00,Basic Materials,Specialty Chemicals,42.00,50.00,38.00,44.00,5.04,4.89,1278790.00,1287300.00,309.27,243.15,76725944320,NO,274.91,278.90,273.83,278.54,270.18,,13518,0.76,1219031.00,NO,NO,2020-06-02,38401500.00
4295,ICPI,50.45,50.45,13144.00,ETF,ETF,42.00,71.00,63.00,34.00,0.07,0.06,9412.00,9810.00,51.02,49.88,0,NO,50.29,50.19,50.37,50.21,50.48,,216,0.00,13144.00,NO,NO,2026-08-28,68100.00
4296,RCLO,24.99,24.99,187.00,ETF,ETF,42.00,64.00,64.00,41.00,0.04,0.03,18722.00,2530.00,25.36,24.14,0,NO,25.12,25.04,24.95,25.06,24.92,,238,0.00,187.00,NO,NO,2026-08-12,290000.00
4297,MVAL,36.30,36.32,663.00,ETF,ETF,42.00,17.00,45.00,41.00,0.21,0.02,298.00,430.00,40.20,34.18,0,NO,37.29,38.36,37.22,38.32,36.93,,631,0.00,663.00,NO,NO,2024-11-11,10100.00
4298,DCAP,25.18,25.18,14831.00,ETF,ETF,42.00,,,,,,14933.00,14933.00,25.58,24.96,0,NO,,,,,,,7,0.00,14831.00,NO,NO,2026-09-24,43300.00
4299,PCLG,22.93,22.77,92.00,ETF,ETF,42.00,68.00,78.00,64.00,0.17,0.08,11406.00,4310.00,25.89,19.73,0,NO,22.69,22.77,22.53,22.96,22.18,,253,0.00,4200.00,NO,NO,2026-02-06,630600.00
4300,GCLO,50.29,50.27,48980.00,ETF,ETF,42.00,70.00,,,0.04,0.02,34193.00,30160.00,50.40,50.01,0,NO,50.21,,,,,,31,0.00,48980.00,NO,NO,2026-09-09,325000.00
4301,GXPS,25.72,25.67,24859.00,ETF,ETF,42.00,34.00,41.00,28.00,0.23,0.20,32223.00,88370.00,29.63,23.28,0,NO,26.18,26.57,26.52,26.47,26.61,,302,0.00,24859.00,NO,NO,2025-11-03,995400.00
4302,NXG,55.45,54.44,44325.00,Financial Services,Asset Management,42.00,76.00,12.00,45.00,1.10,1.00,96504.00,48250.00,65.78,47.10,406568672,NO,55.30,56.93,55.73,57.01,57.36,,3524,1.47,44325.00,NO,NO,2026-07-17,453100.00
4303,WLKP,21.27,21.26,20747.00,Basic Materials,Chemicals,42.00,34.00,37.00,23.00,0.31,0.31,30520.00,22330.00,23.88,17.75,749679872,NO,21.45,21.59,21.82,21.57,22.21,,3063,0.00,20747.00,NO,NO,2014-07-30,11547700.00
4304,JCAP,19.25,19.14,373794.00,Financial Services,Credit Services,42.00,12.00,77.00,32.00,0.63,0.61,321280.00,284140.00,24.44,15.50,1105441536,NO,20.26,20.92,20.22,21.07,19.62,,320,0.00,373794.00,NO,NO,2025-06-26,3417000.00
4305,JANJ,24.75,24.73,665.00,ETF,ETF,42.00,60.00,59.00,40.00,0.04,0.02,1661.00,1950.00,25.06,24.13,0,NO,24.96,24.92,24.78,24.93,24.79,,691,0.00,665.00,NO,NO,2024-01-03,217700.00
4306,FTV,57.47,55.84,2581623.00,Technology,Scientific & Technical Instruments,42.00,77.00,16.00,42.00,1.11,1.07,2416719.00,2140560.00,64.56,47.71,17356920832,NO,55.68,58.41,58.28,58.25,59.02,,2577,0.91,2581623.00,NO,NO,2018-09-21,62910152.00
4307,ZSB,20.50,20.76,15.00,ETF,ETF,42.00,23.00,28.00,12.00,0.23,0.04,296.00,410.00,25.47,16.86,0,NO,21.44,21.71,22.36,21.66,22.34,,932,0.00,700.00,NO,NO,2025-03-11,146700.00
4308,THOR,25.14,24.92,5864.00,ETF,ETF,42.00,27.00,60.00,,0.35,0.30,23217.00,26740.00,28.99,24.52,0,NO,25.83,26.11,,26.12,,,72,0.64,5864.00,NO,NO,2026-06-23,113800.00
4309,TPFG,26.08,26.09,1826.00,ETF,ETF,42.00,79.00,38.00,,0.19,0.07,3058.00,1090.00,28.01,24.21,0,NO,25.79,25.88,,26.00,,,105,0.00,1826.00,NO,NO,2026-05-05,207700.00
4310,LRCC,21.42,20.57,3767.00,ETF,ETF,42.00,97.00,,,1.04,0.73,3546.00,6290.00,27.13,12.38,0,NO,16.81,17.32,,17.77,,,63,0.00,3767.00,NO,NO,2026-09-18,25400.00
4311,GAIQ,65.13,65.28,90.00,ETF,ETF,42.00,77.00,,,0.44,0.00,466.00,100.00,65.50,62.87,0,NO,64.46,,,,,,35,0.00,100.00,NO,NO,2026-08-12,10500.00
4312,EUV,26.92,26.10,732654.00,ETF,ETF,42.00,95.00,50.00,,0.74,0.59,704228.00,416470.00,32.00,20.61,0,NO,24.19,24.36,,24.74,,,104,1.95,732654.00,NO,NO,2026-07-01,4451600.00
4313,UNHG,17.54,16.90,302343.00,ETF,ETF,42.00,5.00,3.00,94.00,0.67,0.66,663541.00,546200.00,27.59,9.14,0,NO,18.28,19.92,17.64,19.57,18.79,,303,0.59,302343.00,NO,NO,2026-01-27,25585400.00
4314,ALL,223.74,224.41,1692798.00,Financial Services,Insurance - Property & Casualty,42.00,5.00,15.00,55.00,5.50,5.29,1892326.00,3286680.00,277.22,188.08,56574439424,NO,241.02,253.66,224.74,252.14,232.26,,8391,0.00,1692798.00,NO,NO,1993-06-03,56603000.00
4315,CPII,19.11,19.11,234.00,ETF,ETF,42.00,69.00,65.00,35.00,0.05,0.02,1106.00,800.00,19.60,18.76,0,NO,19.06,19.00,19.09,19.01,19.14,,1070,0.00,234.00,NO,NO,2022-06-29,338900.00
4316,NOBL,54.30,54.23,1702787.00,ETF,ETF,42.00,21.00,29.00,42.00,0.53,0.50,1062601.00,1110610.00,59.30,50.12,0,NO,55.61,57.13,55.21,57.00,55.35,,3264,0.00,1702787.00,NO,NO,2020-03-03,15439800.00
4317,SPG,200.95,200.81,1224346.00,Real Estate,REIT - Retail,42.00,30.00,14.00,51.00,2.67,2.64,1346442.00,1269300.00,238.50,172.19,76285337600,NO,204.65,214.98,203.85,213.01,208.77,,8256,0.00,1224346.00,NO,NO,2009-05-07,29396654.00
4318,NUDG,62.48,63.08,8.00,ETF,ETF,42.00,57.00,66.00,,0.33,0.01,100.00,100.00,65.61,61.26,0,NO,63.26,63.98,,64.05,,,83,0.00,100.00,NO,NO,2026-06-05,80300.00
4319,TYLD,25.33,25.34,11752.00,ETF,ETF,42.00,64.00,61.00,38.00,0.04,0.03,14858.00,16960.00,25.53,25.05,0,NO,25.39,25.38,25.28,25.38,25.29,,689,0.00,11752.00,NO,NO,2025-05-20,679800.00
4320,SMMV,44.82,44.59,12982.00,ETF,ETF,42.00,26.00,38.00,39.00,0.32,0.28,8277.00,16730.00,47.98,41.67,0,NO,45.65,46.68,45.24,46.61,45.47,,2530,0.40,12982.00,NO,NO,2020-06-08,8552000.00
4321,UUPP,25.06,25.20,35.00,ETF,ETF,42.00,75.00,63.00,,0.06,0.04,276.00,760.00,25.33,24.91,0,NO,25.14,25.14,,25.15,,,91,0.00,100.00,NO,NO,2026-05-21,598000.00
4322,HBIL,20.00,20.08,8.00,ETF,ETF,42.00,76.00,,,0.00,0.00,6637.00,380.00,20.08,20.00,0,NO,20.05,,,,,,34,0.00,100.00,NO,NO,2026-08-26,151100.00
4323,FLGT,21.48,21.30,297602.00,Healthcare,Diagnostics & Research,42.00,88.00,63.00,85.00,0.65,0.65,294176.00,317230.00,31.04,13.46,591028480,NO,21.25,20.02,20.01,19.93,18.24,,2516,0.00,297602.00,NO,NO,2021-03-05,7432100.00
4324,EMDV,45.90,45.72,16.00,ETF,ETF,42.00,39.00,69.00,35.00,0.32,0.09,200.00,170.00,48.73,44.31,0,NO,46.81,47.09,46.83,47.10,46.63,,2685,0.00,300.00,NO,NO,2018-08-20,96400.00
4325,CDLR,22.18,21.42,43485.00,Industrials,Engineering & Construction,42.00,8.00,25.00,14.00,0.71,0.40,75714.00,87250.00,30.01,15.37,2139730944,NO,24.36,23.88,23.90,24.03,24.35,,699,2.36,43485.00,NO,NO,2025-12-02,1938200.00
4326,GXDW,25.20,24.83,390.00,ETF,ETF,42.00,87.00,42.00,61.00,0.28,0.09,2419.00,3550.00,30.73,21.50,0,NO,24.60,24.22,25.14,24.35,25.32,,1737,0.00,390.00,NO,NO,2023-01-26,297200.00
4327,IAT,57.59,57.17,232771.00,ETF,ETF,42.00,15.00,17.00,48.00,1.06,1.03,154444.00,188770.00,66.16,47.37,0,NO,59.68,62.01,58.98,61.91,59.50,,5135,0.40,232771.00,NO,NO,2021-07-12,7885800.00
4328,AVY,169.87,171.62,630692.00,Consumer Cyclical,Packaging & Containers,42.00,46.00,72.00,32.00,3.58,3.52,910222.00,875220.00,199.54,152.42,12993421312,NO,170.77,173.82,172.77,173.97,166.98,,13518,0.00,630692.00,NO,NO,2026-08-31,7318000.00
4329,JULH,24.97,24.93,1571.00,ETF,ETF,42.00,57.00,62.00,39.00,0.06,0.02,2669.00,1950.00,25.48,24.68,0,NO,25.24,25.17,25.05,25.20,25.04,,817,0.06,1571.00,NO,NO,2023-07-03,128400.00
4330,DUOL,144.27,146.57,776441.00,Technology,Software - Application,42.00,12.00,88.00,92.00,6.54,6.06,1175926.00,1079390.00,353.00,87.89,6749855232,NO,145.78,142.46,127.38,141.95,121.21,,1302,0.00,776441.00,NO,NO,2026-02-27,20124200.00
4331,CRC,52.43,51.66,672344.00,Energy,Oil & Gas E&P,42.00,51.00,78.00,4.00,1.67,1.55,835649.00,946730.00,71.98,43.24,4656827392,NO,53.78,53.08,56.25,53.35,57.83,,1489,0.00,672344.00,NO,NO,2023-06-16,17635200.00
4332,FAAA,50.26,50.24,47771.00,ETF,ETF,42.00,67.00,61.00,37.00,0.07,0.05,45168.00,68870.00,50.49,49.67,0,NO,50.34,50.32,,50.32,50.22,,161,0.04,47771.00,NO,NO,2026-04-29,466000.00
4333,NISM,25.14,25.12,9.00,ETF,ETF,42.00,65.00,67.00,,0.16,0.00,122.00,120.00,25.67,23.94,0,NO,25.16,25.18,,25.28,,,98,0.00,100.00,NO,NO,2026-07-01,11600.00
4334,RCGE,28.95,28.79,11.00,ETF,ETF,42.00,17.00,34.00,45.00,0.20,0.01,352.00,100.00,31.84,26.89,0,NO,29.90,30.75,29.42,30.72,29.58,,402,0.00,11.00,NO,NO,2025-02-27,2764500.00
4335,SIOO,19.67,19.59,20182.00,ETF,ETF,42.00,65.00,57.00,48.00,0.14,0.10,9531.00,4780.00,20.34,17.94,0,NO,19.73,19.73,19.62,19.81,19.60,,203,0.06,20182.00,NO,NO,2026-05-14,91600.00
4336,ITW,262.92,260.84,1134018.00,Industrials,Specialty Industrial Machinery,42.00,49.00,35.00,41.00,4.96,4.88,1296582.00,1613410.00,303.16,238.82,74879623168,NO,267.89,278.76,268.69,278.18,267.86,,13504,0.00,1134018.00,NO,NO,2010-09-17,21470600.00
4337,NATH,101.49,101.40,31975.00,Consumer Cyclical,Restaurants,42.00,83.00,62.00,38.00,1.66,1.09,27711.00,43660.00,113.86,88.67,415871616,NO,98.72,98.26,99.35,98.88,100.14,,8458,0.00,31975.00,NO,NO,1993-02-26,797100.00
4338,FCTR,37.68,37.69,405.00,ETF,ETF,42.00,18.00,20.00,48.00,0.27,0.20,1976.00,1860.00,41.36,32.11,0,NO,38.82,39.45,38.20,39.50,38.64,,2053,0.00,405.00,NO,NO,2022-01-21,1422900.00
4339,AGNCN,25.41,25.28,38952.00,Real Estate,REIT - Mortgage,42.00,52.00,58.00,41.00,0.18,0.15,19614.00,25960.00,25.99,24.65,0,NO,25.74,25.80,25.65,25.80,25.65,,2295,0.00,38952.00,NO,NO,2017-08-16,4632800.00
4340,FSEG,26.41,26.12,1861.00,ETF,ETF,42.00,53.00,24.00,,0.30,0.19,2398.00,3420.00,29.09,25.05,0,NO,26.36,27.03,,27.05,,,108,0.00,1861.00,NO,NO,2026-04-30,199700.00
4341,OCTH,23.95,23.90,8738.00,ETF,ETF,42.00,59.00,58.00,40.00,0.08,0.05,2906.00,7630.00,24.40,23.41,0,NO,24.18,24.16,24.08,24.16,24.08,,754,0.00,8738.00,NO,NO,2023-10-03,136600.00
4342,PEJ,62.51,61.82,22037.00,ETF,ETF,41.00,32.00,26.00,52.00,0.95,0.85,69744.00,34800.00,69.43,55.66,0,NO,62.59,65.38,62.60,65.26,63.23,,5353,0.94,22037.00,NO,NO,2021-06-03,8380400.00
4343,PRGS,36.90,36.58,1008715.00,Technology,Software - Infrastructure,41.00,4.00,31.00,91.00,1.86,1.81,549579.00,733950.00,47.37,23.82,1508257792,NO,40.55,41.95,36.79,41.66,35.00,,8858,0.82,1008715.00,NO,NO,1996-03-26,13521150.00
4344,GIAX,16.30,16.12,56550.00,ETF,ETF,41.00,82.00,45.00,68.00,0.29,0.25,86495.00,72760.00,18.77,13.26,0,NO,16.11,15.94,16.16,16.04,16.10,,547,0.00,56550.00,NO,NO,2026-07-07,424400.00
4345,HIFS,287.78,283.85,33258.00,Financial Services,Banks - Regional,41.00,47.00,31.00,38.00,9.71,9.28,43736.00,45700.00,338.00,248.53,632324608,NO,300.81,298.69,292.48,300.06,291.67,,9520,1.32,33258.00,NO,NO,2025-10-10,253500.00
4346,CMBO,101.83,101.79,10.00,ETF,ETF,41.00,55.00,54.00,36.00,0.16,0.01,434.00,530.00,103.57,100.01,0,NO,102.34,102.87,102.02,102.84,102.42,,229,0.00,10.00,NO,NO,2026-02-18,5400.00
4347,EELV,27.75,27.70,87185.00,ETF,ETF,41.00,30.00,50.00,31.00,0.23,0.17,55134.00,151260.00,29.97,26.04,0,NO,28.58,28.66,28.53,28.71,28.50,,3701,0.00,87185.00,NO,NO,2018-09-04,16843300.00
4348,WTPI,32.93,32.78,111868.00,ETF,ETF,41.00,66.00,58.00,43.00,0.28,0.24,106306.00,134910.00,33.92,31.04,0,NO,32.97,33.07,33.05,33.12,32.88,,2667,0.37,111868.00,NO,NO,2018-02-06,3402400.00
4349,ACLO,50.40,50.36,12574.00,ETF,ETF,41.00,67.00,61.00,37.00,0.06,0.04,44439.00,63680.00,50.95,50.15,0,NO,50.46,50.44,50.39,50.46,50.40,,469,0.00,12574.00,NO,NO,2025-02-06,745100.00
4350,FTAIM,27.16,27.08,1530.00,Industrials,Aerospace & Defense,41.00,68.00,60.00,35.00,0.13,0.08,2231.00,1520.00,27.81,26.30,0,NO,27.16,27.34,27.12,27.32,27.15,,896,0.07,1530.00,NO,NO,2023-03-09,945800.00
4351,IRTR,31.29,31.32,2761.00,ETF,ETF,41.00,53.00,45.00,42.00,0.18,0.15,13815.00,15740.00,32.28,30.14,0,NO,31.58,31.80,31.51,31.81,31.62,,741,0.00,2761.00,NO,NO,2026-01-09,132700.00
4352,EFTY,15.02,15.02,0.00,Industrials,Consulting Services,41.00,75.00,61.00,36.00,0.00,0.00,0.00,0.00,15.68,13.90,302052224,NO,15.02,15.02,15.02,15.02,15.02,,288,0.00,2586800.00,NO,NO,2025-08-08,2953000.00
4353,VMSD,25.06,25.05,12106.00,ETF,ETF,41.00,,,,,,135714.00,135714.00,25.12,24.89,0,NO,,,,,,,8,0.00,12106.00,NO,NO,2026-09-23,895000.00
4354,VEGX,25.12,24.51,21.00,ETF,ETF,41.00,,,,0.24,0.09,4856.00,3190.00,25.12,24.27,0,NO,,,,,,,16,0.00,400.00,NO,NO,2026-09-15,19300.00
4355,USX,24.84,24.46,60.00,ETF,ETF,41.00,68.00,67.00,,0.25,0.02,177.00,110.00,25.92,22.89,0,NO,24.68,24.78,,24.94,,,84,0.00,100.00,NO,NO,2026-06-03,10500.00
4356,ORCS,29.43,30.37,59158.00,ETF,ETF,41.00,65.00,24.00,7.00,1.26,1.05,58211.00,46370.00,38.55,18.70,0,NO,29.10,30.12,29.93,29.44,29.58,,218,0.00,59158.00,NO,NO,2026-06-10,1064000.00
4357,QQQB,25.05,25.01,9.00,ETF,ETF,41.00,,,,,,400.00,400.00,25.09,25.00,0,NO,,,,,,,9,0.00,9.00,NO,NO,2026-09-22,1000.00
4358,XLFX,26.33,26.13,2090.00,ETF,ETF,41.00,5.00,14.00,,0.39,0.11,993.00,740.00,32.04,24.40,0,NO,28.35,29.80,,29.73,,,85,0.00,2090.00,NO,NO,2026-06-03,10100.00
4359,TISC,23.57,23.33,182.00,ETF,ETF,41.00,52.00,59.00,,0.22,0.09,48517.00,63330.00,25.42,22.75,0,NO,23.92,23.85,,23.96,,,77,0.00,182.00,NO,NO,2026-06-15,847100.00
4360,CLOC,25.04,25.02,2045.00,ETF,ETF,41.00,70.00,62.00,38.00,0.05,0.03,3985.00,3870.00,25.26,24.81,0,NO,25.02,25.02,25.04,25.01,25.00,,237,0.00,2045.00,NO,NO,2025-10-23,2000200.00
4361,CSHP,99.43,99.39,3769.00,ETF,ETF,41.00,66.00,61.00,36.00,0.26,0.12,54512.00,2810.00,100.39,98.89,0,NO,99.57,99.46,99.34,99.54,99.45,,545,0.00,3769.00,NO,NO,2026-09-02,1820300.00
4362,OCTJ,23.94,23.86,7896.00,ETF,ETF,41.00,60.00,58.00,38.00,0.09,0.06,3173.00,7040.00,24.32,23.49,0,NO,24.11,24.09,24.06,24.10,24.05,,754,0.10,7896.00,NO,NO,2025-04-04,248500.00
4363,NEWTP,24.07,24.09,1874.00,Financial Services,Banks - Regional,41.00,35.00,46.00,39.00,0.33,0.31,3287.00,5500.00,27.98,22.51,0,NO,24.72,24.86,24.32,24.86,24.57,,285,0.00,1874.00,NO,NO,2025-08-18,404400.00
4364,AAAC,20.03,20.12,40.00,ETF,ETF,41.00,68.00,60.00,39.00,0.01,0.00,82907.00,40240.00,20.18,19.92,0,NO,20.10,20.09,20.06,20.09,20.06,,202,0.00,600.00,NO,NO,2026-07-15,3780300.00
4365,ACIW,50.15,49.69,576680.00,Technology,Software - Infrastructure,41.00,30.00,15.00,79.00,1.24,1.18,936814.00,780580.00,61.08,38.05,5062905344,NO,50.57,52.85,46.64,52.51,47.92,,7954,0.00,576680.00,NO,NO,2000-04-26,34236000.00
4366,NIHI,50.93,50.47,58231.00,ETF,ETF,41.00,39.00,44.00,44.00,0.59,0.42,46722.00,54180.00,53.50,46.85,0,NO,51.75,52.25,51.42,52.37,51.19,,263,0.85,58231.00,NO,NO,2026-03-03,303800.00
4367,VOOB,25.04,25.02,9013.00,ETF,ETF,41.00,,,,,,362.00,362.00,25.12,25.00,0,NO,,,,,,,9,0.00,9013.00,NO,YES,2026-10-02,9013.00
4368,MHY,25.24,25.26,13185.00,ETF,ETF,41.00,41.00,53.00,39.00,0.13,0.06,14965.00,3810.00,26.38,24.68,0,NO,25.85,25.86,25.33,25.83,25.46,,262,0.00,13185.00,NO,NO,2025-09-18,753700.00
4369,RAAA,25.03,25.00,15430.00,ETF,ETF,41.00,68.00,60.00,37.00,0.04,0.03,6034.00,15600.00,25.21,24.78,0,NO,25.08,25.06,25.05,25.06,25.05,,312,0.00,15430.00,NO,NO,2025-08-26,570300.00
4370,TAYD,54.97,61.11,152739.00,Industrials,Specialty Industrial Machinery,41.00,16.00,38.00,22.00,3.04,2.62,41471.00,52050.00,90.37,40.50,177279072,NO,61.00,57.96,62.48,57.99,57.62,,11570,0.00,152739.00,NO,NO,2004-12-28,27979000.00
4371,SDG,86.67,86.44,1269.00,ETF,ETF,41.00,21.00,37.00,42.00,0.68,0.33,3244.00,2100.00,94.34,79.77,0,NO,89.03,90.59,87.97,90.73,88.93,,2627,0.00,1269.00,NO,NO,2021-08-09,227700.00
4372,FLTR,25.51,25.51,1443756.00,ETF,ETF,41.00,66.00,59.00,37.00,0.03,0.02,1377739.00,1735540.00,25.61,25.34,0,NO,25.57,25.56,25.53,25.57,25.53,,3883,0.00,1443756.00,NO,NO,2024-07-31,6225100.00
4373,ICLO,25.60,25.61,117290.00,ETF,ETF,41.00,66.00,60.00,37.00,0.04,0.03,129890.00,182500.00,25.72,25.23,0,NO,25.61,25.61,25.58,25.62,25.59,,956,0.00,117290.00,NO,NO,2025-04-04,2148200.00
4374,NBCE,36.79,37.15,94.00,ETF,ETF,41.00,25.00,11.00,52.00,0.28,0.03,803.00,220.00,45.93,31.49,0,NO,38.36,39.14,38.11,39.10,39.19,,743,0.00,300.00,NO,NO,2026-01-27,118700.00
4375,RBIL,49.99,50.01,10190.00,ETF,ETF,41.00,66.00,61.00,35.00,0.09,0.07,36974.00,58980.00,50.35,49.58,0,NO,49.95,49.96,49.93,49.96,50.01,,404,0.00,10190.00,NO,NO,2026-03-09,932100.00
4376,VMHY,25.07,25.02,16537.00,ETF,ETF,41.00,,,,,,137428.00,137428.00,25.18,24.88,0,NO,,,,,,,8,0.00,20737.00,NO,NO,2026-09-23,895200.00
4377,USFR,50.40,50.39,7886876.00,ETF,ETF,41.00,67.00,60.00,36.00,0.03,0.01,5835441.00,8286320.00,50.51,50.23,0,NO,50.44,50.43,50.40,50.42,50.41,,3185,0.00,7886876.00,NO,NO,2023-12-14,24328900.00
4378,AGZD,22.56,22.51,270890.00,ETF,ETF,41.00,66.00,58.00,36.00,0.14,0.14,65384.00,103310.00,22.88,22.09,0,NO,22.58,22.58,22.58,22.58,22.59,,3216,0.00,270890.00,NO,NO,2015-08-21,2452800.00
4379,NCLO,25.00,25.01,43778.00,ETF,ETF,41.00,65.00,60.00,38.00,0.09,0.08,45988.00,112800.00,25.36,24.22,0,NO,25.08,25.06,25.00,25.07,25.00,,453,0.00,43778.00,NO,NO,2025-09-26,1706000.00
4380,TFLO,50.53,50.51,1784536.00,ETF,ETF,41.00,67.00,60.00,36.00,0.03,0.01,1606895.00,2365550.00,50.67,50.39,0,NO,50.59,50.59,50.56,50.59,50.58,,3185,0.02,1784536.00,NO,NO,2023-07-20,74721700.00
4381,BCC,74.99,74.70,285950.00,Basic Materials,Lumber & Wood Production,41.00,54.00,57.00,42.00,2.26,2.18,360655.00,419300.00,91.97,65.00,2616502528,NO,76.11,79.05,77.33,78.99,75.89,,3435,0.00,285950.00,NO,NO,2013-02-06,13195500.00
4382,ATLCZ,25.23,25.14,19586.00,Finance,Finance/Rental/Leasing,41.00,61.00,59.00,39.00,0.21,0.18,15333.00,26430.00,25.89,24.72,0,NO,25.51,25.47,25.46,25.46,25.39,,671,0.00,19586.00,NO,NO,2024-08-30,601200.00
4383,JA,50.12,50.05,6528.00,ETF,ETF,41.00,66.00,60.00,36.00,0.05,0.04,22876.00,25040.00,50.38,49.85,0,NO,50.22,50.20,,50.21,50.16,,157,0.04,6528.00,NO,NO,2026-05-21,168000.00
4384,VBIL,75.54,75.51,3215855.00,ETF,ETF,41.00,67.00,60.00,36.00,0.04,0.02,2832695.00,3839650.00,75.73,75.31,0,NO,75.62,75.62,75.56,75.62,75.59,,412,0.03,3215855.00,NO,NO,2026-03-16,9352500.00
4385,CLOI,52.78,52.78,323238.00,ETF,ETF,41.00,67.00,60.00,37.00,0.06,0.04,301301.00,604910.00,53.10,52.36,0,NO,52.90,52.89,52.82,52.90,52.81,,1074,0.00,323238.00,NO,NO,2026-09-22,2440200.00
4386,MNSBP,24.92,24.93,255.00,Financial Services,Banks - Regional,41.00,36.00,61.00,34.00,0.29,0.20,1015.00,1220.00,27.74,23.22,0,NO,25.01,25.31,25.05,25.32,25.13,,1519,0.00,255.00,NO,NO,2021-10-15,161400.00
4387,PFRL,49.51,49.44,12313.00,ETF,ETF,41.00,63.00,60.00,40.00,0.16,0.14,17688.00,23200.00,50.20,48.60,0,NO,49.78,49.73,49.49,49.74,49.47,,1090,0.04,12313.00,NO,NO,2025-04-04,752400.00
4388,JMMF,100.24,100.31,38257.00,ETF,ETF,41.00,67.00,61.00,36.00,0.07,0.06,9087.00,6400.00,100.68,99.79,0,NO,100.17,100.17,100.15,100.16,100.15,,202,0.00,38257.00,NO,NO,2026-09-16,45800.00
4389,OAIW,24.97,24.64,12406.00,ETF,ETF,41.00,90.00,,,0.61,0.45,12588.00,17910.00,25.99,22.36,0,NO,24.60,,,,,,36,1.14,12406.00,NO,NO,2026-08-13,42500.00
4390,ENZL,44.98,44.89,18205.00,ETF,ETF,41.00,21.00,54.00,50.00,0.54,0.33,87885.00,13600.00,49.04,41.69,0,NO,45.66,46.83,45.69,46.77,45.42,,4045,0.00,18205.00,NO,NO,2018-09-10,894800.00
4391,SLMBP,73.75,73.81,1662.00,Financial Services,Credit Services,41.00,53.00,64.00,33.00,0.36,0.30,2549.00,830.00,76.27,70.58,0,NO,74.05,74.56,74.56,74.46,74.58,,5342,0.00,1662.00,NO,NO,2012-01-23,2272200.00
4392,PAAA,51.32,51.28,3514895.00,ETF,ETF,41.00,66.00,60.00,36.00,0.04,0.02,2427685.00,3147290.00,51.54,51.16,0,NO,51.43,51.41,51.37,51.41,51.38,,801,0.00,3514895.00,NO,NO,2026-02-20,12459200.00
4393,CLOA,51.78,51.73,642669.00,ETF,ETF,41.00,66.00,60.00,36.00,0.05,0.05,451063.00,678710.00,52.05,51.53,0,NO,51.90,51.89,51.85,51.90,51.86,,934,0.10,642669.00,NO,NO,2026-03-24,7416800.00
4394,MFUL,22.10,22.05,1904.00,ETF,ETF,41.00,53.00,50.00,41.00,0.06,0.02,755.00,1670.00,22.65,20.89,0,NO,22.26,22.42,22.16,22.42,22.23,,1232,0.00,1904.00,NO,NO,2022-05-18,698200.00
4395,CLOO,25.09,25.20,9.00,ETF,ETF,41.00,74.00,60.00,,0.01,0.00,3690.00,110.00,25.25,25.04,0,NO,25.19,25.19,,25.19,,,102,0.00,100.00,NO,NO,2026-06-18,212600.00
4396,PCMM,49.83,49.87,23390.00,ETF,ETF,41.00,68.00,61.00,40.00,0.45,0.45,47501.00,96560.00,51.14,48.86,0,NO,49.86,49.82,49.82,49.82,49.67,,459,0.00,23390.00,NO,NO,2025-03-14,521800.00
4397,BFAP,16.24,16.16,11.00,ETF,ETF,41.00,85.00,90.00,66.00,0.12,0.02,917.00,1580.00,24.84,13.69,0,NO,15.86,15.15,15.68,15.29,14.90,,375,0.06,300.00,NO,NO,2025-07-25,1720300.00
4398,TRPA,38.89,38.93,31648.00,ETF,ETF,41.00,66.00,60.00,37.00,0.12,0.12,32196.00,62090.00,39.27,38.44,0,NO,38.97,38.95,38.93,38.96,38.92,,2097,0.00,31648.00,NO,NO,2022-01-06,1099500.00
4399,TRSY,30.11,30.11,5714.00,ETF,ETF,41.00,66.00,59.00,36.00,0.02,0.01,38258.00,18200.00,30.44,30.04,0,NO,30.16,30.17,30.14,30.17,30.15,,497,0.00,5714.00,NO,NO,2026-03-31,724100.00
4400,ICMO,24.59,24.28,811.00,ETF,ETF,41.00,,,,,,20893.00,20893.00,24.83,24.55,0,NO,,,,,,,3,1.11,811.00,NO,NO,2026-09-30,41725.00
4401,SGVT,100.53,100.49,360862.00,ETF,ETF,41.00,67.00,60.00,36.00,0.04,0.01,275953.00,314290.00,100.79,100.37,0,NO,100.64,100.65,100.61,100.65,100.64,,329,0.03,360862.00,NO,NO,2026-03-18,751200.00
4402,CSB,62.17,61.85,9962.00,ETF,ETF,41.00,20.00,27.00,35.00,0.58,0.52,9680.00,4010.00,68.26,56.14,0,NO,63.52,65.69,63.69,65.58,64.50,,2812,0.00,9962.00,NO,NO,2019-07-18,350300.00
4403,REIT,28.33,28.18,6954.00,ETF,ETF,41.00,24.00,21.00,41.00,0.46,0.42,10963.00,10280.00,32.16,25.90,0,NO,29.11,30.12,29.07,29.93,29.73,,1407,0.52,6954.00,NO,NO,2021-06-25,193400.00
4404,JULJ,24.86,24.83,706.00,ETF,ETF,41.00,59.00,62.00,37.00,0.06,0.03,2428.00,2900.00,25.35,24.67,0,NO,25.08,25.01,24.99,25.03,24.97,,817,0.00,706.00,NO,NO,2023-07-03,185200.00
4405,VBCA,75.27,75.25,21867.00,ETF,ETF,41.00,65.00,58.00,36.00,0.10,0.08,13473.00,19490.00,76.00,75.00,0,NO,75.42,75.51,,75.51,,,132,0.00,21867.00,NO,NO,2026-04-27,139400.00
4406,RMME,100.06,100.31,10.00,ETF,ETF,41.00,75.00,61.00,36.00,0.01,0.00,1358.00,510.00,100.63,100.00,0,NO,100.20,100.22,100.21,100.22,100.23,,207,0.00,100.00,NO,NO,2025-12-04,76600.00
4407,IGGY,28.08,28.52,12.00,ETF,ETF,41.00,32.00,52.00,63.00,0.23,0.01,298.00,100.00,31.03,24.91,0,NO,28.69,29.13,28.48,29.26,28.23,,260,0.00,100.00,NO,NO,2025-10-31,6200.00
4408,OAKI,25.62,25.40,2372.00,ETF,ETF,41.00,26.00,41.00,51.00,0.28,0.14,8463.00,22180.00,28.44,23.29,0,NO,26.36,26.86,25.93,26.87,25.79,,203,0.80,2372.00,NO,NO,2025-12-11,1203700.00
4409,VOOY,25.44,25.26,690.00,ETF,ETF,41.00,,,,0.19,0.15,6442.00,2510.00,25.60,24.80,0,NO,25.24,,,,,,21,0.00,3000.00,NO,NO,2026-09-04,20200.00
4410,GMMF,100.29,100.25,21484.00,ETF,ETF,41.00,67.00,60.00,36.00,0.03,0.01,20342.00,20930.00,100.55,100.10,0,NO,100.28,100.29,100.31,100.29,100.30,,410,0.03,21484.00,NO,NO,2026-05-22,161400.00
4411,TPUT,25.12,25.13,13696.00,ETF,ETF,41.00,66.00,57.00,,0.08,0.08,6311.00,6420.00,25.39,24.94,0,NO,25.19,25.20,,25.20,,,79,0.00,13696.00,NO,NO,2026-08-06,61400.00
4412,GDV,28.37,28.12,62708.00,Financial Services,Asset Management,41.00,26.00,31.00,44.00,0.38,0.37,91976.00,81740.00,31.00,26.14,2459566848,NO,29.04,29.76,28.90,29.74,29.04,,5749,0.00,62708.00,NO,NO,2020-03-20,1870600.00
4413,FRME,40.15,39.58,815291.00,Financial Services,Banks - Regional,41.00,35.00,21.00,41.00,0.73,0.70,446598.00,625330.00,45.33,34.66,2521477376,NO,40.75,41.86,40.55,41.83,41.05,,9391,0.73,815291.00,NO,NO,2026-06-26,1955000.00
4414,OPER,100.12,100.09,6280.00,ETF,ETF,41.00,67.00,60.00,35.00,0.07,0.04,7180.00,6900.00,100.44,99.88,0,NO,100.22,100.19,100.19,100.18,100.20,,2069,0.03,6280.00,NO,NO,2023-11-30,306600.00
4415,SGOV,100.44,100.41,25204065.00,ETF,ETF,41.00,67.00,60.00,36.00,0.04,0.01,20623038.00,23713000.00,100.73,100.27,0,NO,100.56,100.57,100.53,100.58,100.56,,1594,0.00,25204065.00,YES,NO,2026-09-01,43943700.00
4416,IQMM,100.11,100.09,239887.00,ETF,ETF,41.00,67.00,60.00,36.00,0.04,0.02,1826261.00,1205500.00,100.25,100.00,0,NO,100.09,100.09,,100.11,100.12,,157,0.00,239887.00,NO,NO,2026-02-19,175577300.00
4417,SBIL,100.12,100.08,293760.00,ETF,ETF,41.00,67.00,60.00,36.00,0.04,0.02,438841.00,967340.00,100.71,100.00,0,NO,100.17,100.16,100.17,100.15,100.17,,308,0.00,293760.00,NO,NO,2025-07-21,7849900.00
4418,FLRN,30.74,30.72,875114.00,ETF,ETF,40.00,66.00,59.00,37.00,0.03,0.02,1397382.00,1560330.00,30.87,30.63,0,NO,30.79,30.79,30.78,30.80,30.78,,3730,0.00,875114.00,NO,NO,2020-02-28,8380100.00
4419,ECCU,25.02,24.82,7686.00,Miscellaneous,Investment trusts,40.00,51.00,59.00,38.00,0.21,0.19,4438.00,6740.00,26.74,24.59,0,NO,25.14,25.25,25.20,25.25,25.20,,447,0.28,7686.00,NO,NO,2025-02-04,146300.00
4420,GMOC,50.08,50.02,22.00,ETF,ETF,40.00,69.00,58.00,38.00,0.03,0.01,3655.00,14530.00,50.27,49.68,0,NO,50.12,50.15,50.12,50.14,50.12,,233,0.00,40200.00,NO,NO,2026-06-11,153000.00
4421,BAMU,25.24,25.23,9024.00,ETF,ETF,40.00,68.00,60.00,35.00,0.03,0.03,8319.00,10220.00,25.42,25.09,0,NO,25.21,25.26,25.24,25.25,25.25,,756,0.00,9024.00,NO,NO,2023-11-09,448100.00
4422,FLOT,50.89,50.86,1853528.00,ETF,ETF,40.00,67.00,59.00,37.00,0.04,0.03,2098695.00,2590460.00,51.08,50.67,0,NO,50.97,50.97,50.94,50.98,50.94,,3846,0.02,1853528.00,NO,NO,2020-03-31,17336400.00
4423,AGYS,99.26,100.31,245989.00,Technology,Software - Application,40.00,6.00,14.00,90.00,3.82,3.69,262401.00,240540.00,145.25,61.50,2799706624,NO,102.41,107.80,92.61,107.43,90.66,,11732,0.00,245989.00,NO,NO,2003-01-14,4470300.00
4424,VAW,219.85,217.68,70884.00,ETF,ETF,40.00,16.00,29.00,24.00,3.40,2.85,57096.00,71650.00,245.26,190.29,0,NO,225.08,230.48,228.89,230.38,229.50,,5705,0.82,70884.00,NO,NO,2008-07-08,6294000.00
4425,PVI,24.88,24.92,1125.00,ETF,ETF,40.00,67.00,60.00,35.00,0.10,0.09,7896.00,12760.00,25.09,24.65,0,NO,24.86,24.85,24.83,24.86,24.84,,4749,0.00,1125.00,NO,NO,2010-08-13,2739200.00
4426,IBIC,25.64,25.62,6874.00,ETF,ETF,40.00,65.00,62.00,32.00,0.03,0.02,17634.00,3310.00,26.13,25.50,0,NO,25.71,25.66,25.77,25.66,25.83,,581,0.04,6874.00,NO,NO,2026-04-02,386600.00
4427,TUSB,50.37,50.37,14988.00,ETF,ETF,40.00,66.00,60.00,36.00,0.14,0.12,28238.00,45050.00,55.23,50.05,0,NO,50.45,50.47,50.45,50.45,50.44,,408,0.00,14988.00,NO,NO,2025-04-14,1731700.00
4428,CPHC,15.75,15.60,662.00,Consumer Cyclical,Resorts & Casinos,40.00,59.00,51.00,43.00,0.24,0.22,1715.00,1730.00,17.40,14.39,81638456,NO,15.76,15.68,15.64,15.74,15.77,,4546,0.00,662.00,NO,NO,2015-04-27,268400.00
4429,BIL,91.43,91.41,11758460.00,ETF,ETF,40.00,67.00,60.00,36.00,0.03,0.01,10050096.00,14565890.00,91.77,91.26,0,NO,91.53,91.54,91.51,91.55,91.54,,4868,0.00,11758460.00,YES,NO,2022-06-13,37231500.00
4430,PMMF,100.27,100.25,207247.00,ETF,ETF,40.00,67.00,59.00,36.00,0.03,0.01,147414.00,182060.00,100.57,100.10,0,NO,100.28,100.29,100.32,100.29,100.30,,416,0.00,207247.00,NO,NO,2025-06-27,426400.00
4431,TBLL,105.62,105.58,315385.00,ETF,ETF,40.00,66.00,60.00,36.00,0.05,0.02,315106.00,485810.00,105.90,105.46,0,NO,105.63,105.65,105.64,105.69,105.67,,2438,0.00,315385.00,NO,NO,2026-03-13,4064900.00
4432,TBIL,49.88,49.86,3591080.00,ETF,ETF,40.00,67.00,60.00,36.00,0.02,0.01,1790498.00,2432940.00,50.02,49.82,0,NO,49.92,49.92,49.92,49.92,49.93,,1042,0.02,3591080.00,NO,NO,2025-04-04,6557200.00
4433,FEMS,44.78,43.97,7891.00,ETF,ETF,40.00,27.00,41.00,31.00,0.81,0.70,44703.00,20900.00,49.49,40.94,0,NO,45.34,45.44,45.71,45.60,45.96,,3677,1.76,7891.00,NO,NO,2023-10-31,764500.00
4434,TLDR,25.01,25.01,40111.00,ETF,ETF,40.00,67.00,59.00,35.00,0.01,0.01,70571.00,23250.00,25.10,24.74,0,NO,25.01,25.02,,25.02,25.02,,177,0.00,40111.00,NO,NO,2026-09-10,1644900.00
4435,FEUZ,63.66,62.88,36940.00,ETF,ETF,40.00,22.00,25.00,38.00,0.99,0.64,4217.00,9500.00,73.02,57.01,0,NO,66.44,67.47,65.89,67.54,66.47,,3001,0.80,36940.00,NO,NO,2014-12-01,9742900.00
4436,CLIP,100.08,100.05,214203.00,ETF,ETF,40.00,67.00,60.00,35.00,0.04,0.01,291825.00,241960.00,100.45,100.04,0,NO,100.21,100.22,100.22,100.23,100.23,,824,0.02,214203.00,NO,NO,2026-06-08,3214600.00
4437,FRI,29.51,29.40,29226.00,ETF,ETF,40.00,23.00,21.00,41.00,0.29,0.26,42831.00,50000.00,33.44,27.11,0,NO,30.35,31.41,30.26,31.22,30.94,,4881,0.00,29226.00,NO,NO,2011-07-20,13665100.00
4438,FELE,98.65,96.47,290827.00,Industrials,Specialty Industrial Machinery,40.00,74.00,24.00,50.00,1.83,1.76,275760.00,367310.00,115.82,89.54,4361460736,NO,96.93,101.52,100.16,101.34,100.26,,11732,1.57,290827.00,NO,NO,2011-10-19,5087600.00
4439,SPTU,25.01,25.00,6076.00,ETF,ETF,40.00,67.00,59.00,35.00,0.01,0.01,3314.00,7230.00,25.09,24.97,0,NO,25.04,25.05,25.04,25.05,25.05,,248,0.00,6076.00,NO,NO,2026-01-16,50500.00
4440,MMK,100.02,100.00,1763.00,ETF,ETF,40.00,66.00,59.00,36.00,0.04,0.01,1741.00,1630.00,100.34,99.99,0,NO,100.17,100.18,,100.18,100.17,,161,0.00,1763.00,NO,NO,2026-06-11,15100.00
4441,EVMT,17.23,17.33,864.00,ETF,ETF,40.00,36.00,49.00,24.00,0.16,0.09,3998.00,2310.00,20.50,16.12,0,NO,17.75,17.78,17.97,17.79,18.10,,1114,0.00,864.00,NO,NO,2026-03-04,279200.00
4442,WEEK,100.04,100.02,36404.00,ETF,ETF,40.00,67.00,59.00,36.00,0.04,0.04,38658.00,37820.00,100.21,99.93,0,NO,100.02,100.03,100.04,100.05,100.05,,397,0.00,36404.00,NO,NO,2025-05-01,869300.00
4443,FGSI,20.35,20.37,35.00,ETF,ETF,40.00,56.00,47.00,48.00,0.09,0.03,455.00,410.00,21.52,18.68,0,NO,20.38,20.78,20.29,20.80,20.27,,320,0.00,35.00,NO,NO,2025-07-09,19700.00
4444,OSW,23.62,22.73,736061.00,Consumer Cyclical,Leisure,40.00,89.00,10.00,38.00,0.68,0.63,926455.00,949340.00,29.25,19.06,2397399552,NO,22.37,24.50,23.58,24.34,24.61,,2229,1.94,736061.00,NO,NO,2026-02-09,18336900.00
4445,VGUS,75.44,75.42,271707.00,ETF,ETF,40.00,66.00,59.00,35.00,0.04,0.02,165474.00,204970.00,75.70,75.36,0,NO,75.54,75.56,75.56,75.57,75.57,,412,0.00,271707.00,NO,NO,2026-02-20,658500.00
4446,HTGC,16.74,16.94,1227358.00,Financial Services,Asset Management,40.00,24.00,79.00,65.00,0.33,0.31,1508079.00,1274150.00,19.13,13.70,3133125376,NO,17.27,17.06,16.37,17.11,15.97,,5363,0.00,1227358.00,NO,NO,2019-03-12,10309100.00
4447,AFG,139.10,138.08,343120.00,Financial Services,Insurance - Property & Casualty,40.00,48.00,47.00,53.00,2.03,2.01,385568.00,426200.00,150.02,123.09,11534375936,NO,140.60,142.64,135.27,142.52,136.59,,11732,0.32,343120.00,NO,NO,1986-10-29,6660000.00
4448,HQH,19.80,20.38,418485.00,Financial Services,Asset Management,40.00,6.00,15.00,57.00,0.56,0.53,206888.00,136100.00,24.85,17.14,0,NO,21.48,22.36,20.22,22.21,20.56,,9937,0.00,418485.00,NO,NO,2026-07-17,1078300.00
4449,GBIL,99.88,99.83,583371.00,ETF,ETF,40.00,67.00,59.00,35.00,0.04,0.02,622366.00,667830.00,100.26,99.82,0,NO,99.99,100.02,100.05,100.03,100.04,,2527,0.04,583371.00,NO,NO,2022-12-29,6447000.00
4450,FUSI,50.51,50.50,166573.00,ETF,ETF,40.00,64.00,57.00,37.00,0.09,0.09,17747.00,36470.00,50.87,50.10,0,NO,50.46,50.53,50.45,50.51,50.48,,887,0.00,166573.00,NO,NO,2024-06-04,740300.00
4451,MMKT,100.17,100.19,10271.00,ETF,ETF,40.00,66.00,60.00,35.00,0.03,0.01,5104.00,5840.00,100.32,99.84,0,NO,100.19,100.21,100.23,100.18,100.20,,507,0.00,10271.00,NO,NO,2024-10-04,132100.00
4452,CGOV,25.02,25.04,72409.00,ETF,ETF,40.00,68.00,58.00,,0.09,0.08,18933.00,40640.00,25.24,24.18,0,NO,25.03,25.05,,25.05,,,84,0.00,72409.00,NO,NO,2026-09-29,404100.00
4453,CLOX,25.52,25.61,328696.00,ETF,ETF,40.00,66.00,60.00,36.00,0.04,0.03,169782.00,179000.00,25.66,25.35,0,NO,25.57,25.56,25.55,25.55,25.55,,806,0.00,328696.00,NO,NO,2024-11-08,3111800.00
4454,ICE,150.15,151.47,1948302.00,Financial Services,Financial Data & Stock Exchanges,40.00,27.00,88.00,13.00,3.30,3.26,3588771.00,2801960.00,176.05,121.79,84293378048,NO,155.04,155.31,155.01,155.97,151.08,,5251,0.00,1948302.00,NO,NO,2005-11-16,97759000.00
4455,SHV,110.07,110.05,4612948.00,ETF,ETF,40.00,67.00,59.00,35.00,0.06,0.03,3032517.00,5204140.00,110.50,109.86,0,NO,110.19,110.22,110.23,110.23,110.23,,4963,0.00,4612948.00,NO,NO,2014-12-29,39315800.00
4456,NUMG,46.42,45.98,5568.00,ETF,ETF,40.00,68.00,46.00,63.00,0.54,0.41,12992.00,16420.00,49.70,39.59,0,NO,45.81,46.89,45.58,47.05,45.36,,2459,0.00,5568.00,NO,NO,2022-01-25,594600.00
4457,HWIV,25.43,25.23,12.00,ETF,ETF,40.00,40.00,,,0.18,0.01,1011.00,210.00,26.85,24.93,0,NO,26.03,26.26,,26.32,,,52,0.00,12.00,NO,NO,2026-07-28,13600.00
4458,SNTQ,25.03,24.83,18916.00,ETF,ETF,40.00,85.00,,,0.27,0.16,30027.00,18860.00,26.34,23.34,0,NO,24.46,24.41,,24.50,,,62,0.00,18916.00,NO,NO,2026-07-08,396400.00
4459,BILZ,100.66,100.62,338969.00,ETF,ETF,40.00,67.00,59.00,35.00,0.05,0.01,193657.00,157580.00,101.17,100.60,0,NO,100.78,100.80,100.83,100.81,100.82,,824,0.03,338969.00,NO,NO,2024-08-14,1223600.00
4460,USDX,25.58,25.63,69741.00,ETF,ETF,40.00,69.00,63.00,34.00,0.14,0.13,56541.00,102900.00,26.25,24.81,0,NO,25.58,25.54,25.63,25.56,25.64,,651,0.00,69741.00,NO,NO,2025-03-31,2249200.00
4461,KTN,25.64,25.64,1464.00,Finance,Finance/Rental/Leasing,40.00,72.00,66.00,33.00,0.06,0.04,2517.00,1540.00,26.89,25.21,0,NO,25.58,25.50,25.82,25.50,25.78,,5743,0.00,1464.00,NO,NO,2009-04-13,156300.00
4462,SOFR,100.11,100.09,3371.00,ETF,ETF,40.00,66.00,59.00,35.00,0.06,0.03,5606.00,4460.00,100.89,100.05,0,NO,100.27,100.26,100.27,100.22,100.27,,722,0.00,3371.00,NO,NO,2025-04-09,1004900.00
4463,DLCU,49.93,49.55,767.00,ETF,ETF,40.00,72.00,,,0.29,0.09,1873.00,510.00,50.53,48.88,0,NO,49.63,,,,,,42,0.00,767.00,NO,NO,2026-08-13,16600.00
4464,AGNG,35.94,36.12,14060.00,ETF,ETF,40.00,19.00,42.00,35.00,0.33,0.28,10638.00,6300.00,39.48,33.59,0,NO,36.89,37.59,36.50,37.49,36.26,,2615,0.00,14060.00,NO,NO,2021-06-24,674600.00
4465,TDEM,49.90,49.94,8.00,ETF,ETF,40.00,,,,,,1400.00,1400.00,49.94,49.85,0,NO,,,,,,,2,0.00,8.00,NO,NO,2026-10-01,1400.00
4466,IBDR,24.17,24.16,505615.00,ETF,ETF,40.00,67.00,60.00,36.00,0.02,0.01,606934.00,698200.00,24.31,24.13,0,NO,24.20,24.21,24.22,24.21,24.21,,2521,0.00,505615.00,NO,NO,2022-05-11,7621300.00
4467,NVMI,396.12,386.60,226763.00,Technology,Semiconductor Equipment & Materials,40.00,93.00,9.00,10.00,11.96,10.59,539119.00,546290.00,615.99,266.43,12599056384,NO,366.55,378.32,443.03,379.24,453.73,,6659,0.00,226763.00,NO,NO,2000-04-11,4895500.00
4468,ELLO,20.81,22.41,908.00,Utilities,Utilities - Renewable,40.00,63.00,88.00,5.00,0.69,0.34,3482.00,1830.00,30.34,17.00,286829024,NO,21.26,20.57,23.18,20.84,21.96,,7798,0.00,908.00,NO,NO,2019-02-04,532800.00
4469,CSHI,49.73,49.71,916552.00,ETF,ETF,40.00,66.00,58.00,35.00,0.03,0.03,675122.00,691050.00,49.93,49.55,0,NO,49.67,49.72,49.74,49.73,49.75,,1027,0.00,916552.00,NO,NO,2026-09-09,1430500.00
4470,APRH,24.81,24.79,2275.00,ETF,ETF,40.00,53.00,54.00,38.00,0.10,0.06,4834.00,3730.00,25.57,24.48,0,NO,25.19,25.18,25.05,25.18,25.14,,879,0.00,2275.00,NO,NO,2023-05-02,245300.00
4471,JAAA,50.48,50.46,8427162.00,ETF,ETF,40.00,66.00,59.00,36.00,0.04,0.02,6390673.00,9492890.00,50.82,50.32,0,NO,50.62,50.61,50.60,50.61,50.58,,1496,0.02,8427162.00,NO,NO,2025-04-04,22488900.00
4472,BILS,99.09,99.07,561765.00,ETF,ETF,40.00,66.00,59.00,35.00,0.04,0.02,315573.00,382140.00,99.52,99.04,0,NO,99.22,99.27,99.28,99.27,99.29,,1504,0.00,561765.00,NO,NO,2024-10-01,2128600.00
4473,XBIL,50.00,50.00,133414.00,ETF,ETF,40.00,66.00,59.00,35.00,0.03,0.02,101971.00,137770.00,50.22,49.93,0,NO,50.05,50.07,50.09,50.07,50.09,,898,0.00,133414.00,NO,NO,2023-12-08,1750400.00
4474,MINT,100.32,100.26,2966586.00,ETF,ETF,40.00,65.00,58.00,35.00,0.07,0.04,1803939.00,3377690.00,100.82,100.23,0,NO,100.57,100.62,100.57,100.63,100.59,,4244,0.00,2966586.00,NO,NO,2022-10-28,12439000.00
4475,EART,27.87,27.53,10402.00,ETF,ETF,40.00,12.00,37.00,14.00,0.61,0.44,15660.00,12490.00,36.92,22.62,0,NO,28.96,29.38,30.65,29.61,30.11,,1175,0.00,10402.00,NO,NO,2023-08-31,261500.00
4476,PCLO,24.92,24.94,5075.00,ETF,ETF,40.00,67.00,59.00,35.00,0.02,0.01,3717.00,880.00,25.80,24.84,0,NO,24.93,24.92,24.94,24.92,24.93,,459,0.00,5075.00,NO,NO,2024-12-03,401600.00
4477,QQI,25.27,25.06,3821.00,ETF,ETF,40.00,,,,,,13314.00,13314.00,26.38,24.75,0,NO,,,,,,,8,0.00,3821.00,NO,NO,2026-09-23,28500.00
4478,IBMO,25.58,25.59,37206.00,ETF,ETF,40.00,66.00,59.00,35.00,0.08,0.08,78655.00,83830.00,25.81,25.48,0,NO,25.62,25.62,25.64,25.62,25.63,,1885,0.00,37206.00,NO,NO,2025-11-19,1467600.00
4479,IGBH,24.47,24.54,128161.00,ETF,ETF,40.00,66.00,58.00,40.00,0.07,0.06,132149.00,83430.00,25.05,23.75,0,NO,24.58,24.48,24.50,24.49,24.44,,2781,0.00,128161.00,NO,NO,2020-10-14,16856700.00
4480,WTM,2020.92,2013.04,16325.00,Financial Services,Insurance - Property & Casualty,40.00,33.00,23.00,14.00,33.79,33.79,19704.00,16420.00,2333.00,1784.78,4823372288,NO,2044.91,2096.30,2128.01,2089.81,2135.51,,10315,0.00,16325.00,NO,NO,1985-10-23,4668600.00
4481,ALX,243.86,243.83,30552.00,Real Estate,REIT - Retail,40.00,14.00,15.00,49.00,4.70,4.51,35646.00,38990.00,289.43,201.28,1245463680,NO,249.40,261.38,249.52,258.66,255.04,,13518,0.00,30552.00,NO,NO,2026-02-09,395200.00
4482,MYCF,24.99,24.98,51484.00,ETF,ETF,40.00,67.00,59.00,35.00,0.04,0.03,12414.00,20260.00,26.21,24.53,0,NO,25.02,25.03,25.04,25.03,25.03,,508,0.03,51484.00,NO,NO,2025-12-02,434100.00
4483,TMID,25.22,25.03,8.00,ETF,ETF,40.00,,,,,,1190.00,1100.00,25.56,24.86,0,NO,,,,,,,12,0.00,8.00,NO,NO,2026-09-28,3500.00
4484,GLDB,22.35,22.55,7322.00,ETF,ETF,40.00,59.00,87.00,22.00,0.41,0.20,13263.00,11530.00,30.73,18.67,0,NO,22.71,21.95,23.23,22.19,22.33,,236,0.00,7322.00,NO,NO,2025-12-19,467200.00
4485,OHI,45.72,45.23,2282086.00,Real Estate,REIT - Healthcare Facilities,40.00,45.00,23.00,40.00,0.76,0.74,1865220.00,2021620.00,52.39,39.26,14598272000,NO,46.63,47.34,46.50,47.03,47.01,,8598,0.04,2282086.00,NO,NO,2021-11-30,17025300.00
4486,FFLS,23.43,23.36,1101.00,ETF,ETF,40.00,80.00,58.00,51.00,0.14,0.08,6001.00,6560.00,25.36,21.43,0,NO,23.16,23.27,22.99,23.37,22.89,,825,0.00,1101.00,NO,NO,2024-05-30,911500.00
4487,FMAT,56.17,55.56,58969.00,ETF,ETF,40.00,16.00,28.00,24.00,0.85,0.69,48015.00,86660.00,62.84,48.76,0,NO,57.50,58.91,58.56,58.88,58.68,,3254,0.85,58969.00,NO,NO,2014-10-27,1764800.00
4488,MYML,24.86,24.89,6.00,ETF,ETF,40.00,,,,,,914.00,914.00,24.98,24.54,0,NO,,,,,,,8,0.00,6.00,NO,NO,2026-09-28,2400.00
4489,USLN,50.36,50.24,5670.00,ETF,ETF,40.00,65.00,59.00,34.00,0.09,0.05,2838.00,12050.00,54.47,50.17,0,NO,50.55,50.57,,50.57,50.61,,148,0.00,5670.00,NO,NO,2026-09-29,105300.00
4490,GJT,23.10,23.22,2182.00,Finance,Finance/Rental/Leasing,40.00,61.00,56.00,36.00,0.08,0.06,796.00,250.00,23.75,22.05,0,NO,23.20,23.32,23.23,23.30,23.28,,4824,0.00,2182.00,NO,NO,2012-07-25,136700.00
4491,IBTG,22.82,22.82,828848.00,ETF,ETF,40.00,66.00,59.00,35.00,0.01,0.01,506973.00,483940.00,22.95,22.81,0,NO,22.86,22.86,22.87,22.86,22.87,,1658,0.00,828848.00,NO,NO,2025-12-17,3996900.00
4492,IVVW,44.75,45.55,7121.00,ETF,ETF,40.00,58.00,64.00,45.00,0.28,0.20,44306.00,37450.00,47.25,42.50,0,NO,45.30,45.18,44.83,45.28,44.53,,640,0.00,7121.00,NO,NO,2026-06-26,195900.00
4493,BSCQ,19.52,19.52,850065.00,ETF,ETF,39.00,66.00,59.00,35.00,0.02,0.02,962204.00,894150.00,19.62,19.50,0,NO,19.53,19.53,19.55,19.54,19.54,,2521,0.00,850065.00,NO,NO,2022-05-11,7116200.00
4494,CGFS,25.40,25.14,11.00,ETF,ETF,39.00,,,,,,490.00,500.00,25.51,25.10,0,NO,,,,,,,11,0.00,2900.00,NO,NO,2026-10-01,2900.00
4495,LUNC,24.88,24.88,,ETF,ETF,39.00,,,,,,2100.00,2100.00,25.02,24.84,0,NO,,,,,,,2,0.00,3000.00,NO,NO,2026-09-29,3200.00
4496,VLYPP,25.01,24.95,8847.00,Financial Services,Banks - Regional,39.00,60.00,65.00,37.00,0.15,0.11,4742.00,4120.00,25.75,24.42,0,NO,25.07,25.09,25.10,25.11,25.04,,2004,0.12,8847.00,NO,NO,2025-02-05,538100.00
4497,TLIE,25.00,24.81,309.00,ETF,ETF,39.00,,,,,,217501.00,217501.00,25.05,24.78,0,NO,,,,,,,6,0.73,309.00,NO,NO,2026-09-29,1050010.00
4498,CRAI,170.38,175.77,165233.00,Industrials,Consulting Services,39.00,64.00,89.00,43.00,6.10,5.99,136773.00,139980.00,227.29,132.17,1069451456,NO,165.29,170.47,168.58,169.92,158.55,,7155,0.00,165233.00,NO,NO,1998-04-24,3292600.00
4499,KCSH,25.02,25.00,89.00,ETF,ETF,39.00,68.00,57.00,37.00,0.02,0.01,6966.00,470.00,25.27,24.99,0,NO,25.07,25.07,25.08,25.07,25.08,,548,0.00,200.00,NO,NO,2024-07-26,3992400.00
4500,VRIG,25.04,25.02,503686.00,ETF,ETF,39.00,65.00,58.00,35.00,0.02,0.02,601074.00,702890.00,25.18,25.00,0,NO,25.06,25.07,25.09,25.08,25.08,,2521,0.00,503686.00,NO,NO,2025-04-07,7633800.00
4501,CLOB,50.26,50.21,8635.00,ETF,ETF,39.00,66.00,59.00,39.00,0.14,0.12,16009.00,30570.00,51.17,49.28,0,NO,50.31,50.33,50.39,50.34,50.28,,507,0.03,8635.00,NO,NO,2024-11-07,510100.00
4502,JBBB,47.34,47.27,233651.00,ETF,ETF,39.00,65.00,60.00,39.00,0.16,0.16,389376.00,510050.00,48.30,46.42,0,NO,47.47,47.45,47.42,47.45,47.30,,1185,0.00,233651.00,NO,NO,2024-06-12,4788300.00
4503,TUSI,25.28,25.24,395790.00,ETF,ETF,39.00,66.00,59.00,35.00,0.04,0.03,294568.00,302480.00,25.55,25.19,0,NO,25.29,25.31,25.35,25.31,25.33,,1041,0.00,395790.00,NO,NO,2026-04-24,978800.00
4504,XHLF,50.12,50.11,171209.00,ETF,ETF,39.00,66.00,59.00,35.00,0.03,0.02,313415.00,323020.00,50.42,50.09,0,NO,50.19,50.22,50.26,50.23,50.24,,1015,0.00,171209.00,NO,NO,2023-06-06,10070000.00
4505,RSPA,51.87,51.69,120145.00,ETF,ETF,39.00,34.00,38.00,43.00,0.52,0.48,242934.00,211330.00,55.16,49.03,0,NO,52.59,53.66,52.51,53.69,52.68,,556,0.00,120145.00,NO,NO,2025-07-16,1008600.00
4506,SCHL,36.20,35.85,500829.00,Communication Services,Publishing,39.00,23.00,4.00,13.00,1.30,1.16,389701.00,689530.00,48.07,26.38,666421888,NO,35.06,38.49,38.18,37.71,40.17,,8713,0.33,500829.00,NO,NO,2003-02-11,13424600.00
4507,IMPPP,25.80,25.82,231.00,Energy,Oil & Gas Midstream,39.00,63.00,52.00,31.00,0.20,0.14,1039.00,890.00,27.78,24.90,0,NO,25.91,25.84,25.97,25.73,25.95,,1211,0.00,231.00,NO,NO,2025-04-14,41900.00
4508,WRTH,25.05,25.05,113786.00,ETF,ETF,39.00,40.00,55.00,,0.18,0.12,56873.00,120430.00,26.76,24.89,0,NO,25.74,25.74,,25.75,,,110,0.00,113786.00,NO,NO,2026-04-29,721600.00
4509,IXP,117.83,117.33,12355.00,ETF,ETF,39.00,70.00,69.00,42.00,1.65,1.41,49350.00,21610.00,126.77,110.89,0,NO,119.59,117.74,119.42,117.98,118.40,,6253,0.39,12355.00,NO,NO,2022-03-07,1936000.00
4510,BSGR,24.99,24.98,6943.00,ETF,ETF,39.00,66.00,57.00,,0.01,0.01,4306.00,3360.00,25.16,24.94,0,NO,24.99,25.02,,25.02,,,80,0.00,6943.00,NO,NO,2026-08-31,62200.00
4511,AOMN,25.28,25.14,12188.00,Finance,Real estate investment trusts,39.00,64.00,56.00,37.00,0.18,0.16,5179.00,6720.00,25.85,24.24,0,NO,25.22,25.17,25.19,25.19,25.11,,545,0.24,12188.00,NO,NO,2026-04-28,260000.00
4512,ACTS,26.08,25.59,2686.00,ETF,ETF,39.00,73.00,19.00,47.00,0.25,0.05,7622.00,580.00,29.38,23.48,0,NO,25.72,26.24,,26.34,,,137,1.41,2686.00,NO,NO,2026-07-15,157600.00
4513,CCEC,20.99,21.70,4929.00,Industrials,Marine Shipping,39.00,16.00,33.00,64.00,0.85,0.67,8500.00,9340.00,24.00,16.77,1263851904,NO,21.77,22.32,21.46,22.20,21.34,,4909,0.00,4929.00,NO,NO,2014-09-03,1897771.00
4514,MITN,25.35,25.30,3376.00,Finance,Real estate investment trusts,39.00,62.00,54.00,38.00,0.06,0.05,2369.00,3320.00,26.00,24.55,0,NO,25.39,25.40,25.38,25.36,25.34,,667,0.00,3376.00,NO,NO,2024-02-06,71100.00
4515,HRSK,25.40,25.20,31067.00,ETF,ETF,39.00,67.00,58.00,,0.23,0.18,2852.00,1940.00,27.31,24.06,0,NO,25.30,25.46,,25.47,,,77,0.75,31067.00,NO,NO,2026-06-15,384700.00
4516,UCBG,50.55,50.20,1031.00,ETF,ETF,39.00,,,,0.31,0.19,3160.00,3820.00,52.05,49.55,0,NO,50.24,,,,,,21,0.56,1031.00,NO,NO,2026-09-29,11500.00
4517,TLCI,26.32,26.10,5582.00,ETF,ETF,39.00,33.00,38.00,51.00,0.21,0.13,2463.00,3760.00,28.23,23.48,0,NO,26.76,27.35,26.43,27.32,26.37,,398,0.69,5582.00,NO,NO,2025-09-10,1502600.00
4518,COLM,57.27,57.69,486400.00,Consumer Cyclical,Apparel Manufacturing,39.00,72.00,16.00,48.00,1.51,1.49,663830.00,750410.00,69.06,47.47,2931834112,NO,57.29,58.22,59.41,57.88,60.12,,7174,0.00,486400.00,NO,NO,1998-03-27,21024900.00
4519,PULS,49.47,49.47,4158157.00,ETF,ETF,39.00,65.00,58.00,35.00,0.03,0.02,2983815.00,4100820.00,49.83,49.45,0,NO,49.58,49.60,49.64,49.60,49.62,,2133,0.00,4158157.00,NO,NO,2026-06-05,15129900.00
4520,CCD,22.82,22.48,48282.00,Financial Services,Asset Management,39.00,24.00,14.00,42.00,0.56,0.52,64665.00,73800.00,26.99,19.98,653098368,NO,23.42,24.49,23.71,24.50,24.27,,2897,0.98,48282.00,NO,NO,2015-03-27,1922100.00
4521,BEPI,15.80,15.87,7988.00,Finance,Real estate development,39.00,63.00,69.00,43.00,0.24,0.24,29695.00,46020.00,16.84,14.94,0,NO,15.90,16.01,15.82,16.05,15.74,,1205,0.00,7988.00,NO,NO,2021-12-31,2016800.00
4522,EMNT,98.39,98.32,14177.00,ETF,ETF,39.00,63.00,57.00,34.00,0.12,0.10,17315.00,49860.00,99.40,98.29,0,NO,98.64,98.82,98.80,98.81,98.81,,1710,0.00,14177.00,NO,NO,2022-12-08,256100.00
4523,TXNY,49.69,49.68,8.00,ETF,ETF,39.00,,,,,,1900.00,1900.00,49.94,48.94,0,NO,,,,,,,8,0.00,8.00,NO,NO,2026-09-28,7100.00
4524,PRI,275.42,274.72,153796.00,Financial Services,Insurance - Life,39.00,21.00,20.00,56.00,5.31,5.31,184582.00,228920.00,327.28,230.09,8476698112,NO,283.82,298.48,276.81,297.09,283.18,,4152,0.00,153796.00,NO,NO,2010-04-01,18080100.00
4525,IBID,25.77,25.79,135203.00,ETF,ETF,39.00,65.00,62.00,32.00,0.04,0.03,48365.00,50690.00,26.39,25.63,0,NO,25.85,25.79,25.96,25.79,25.99,,764,0.00,135203.00,NO,NO,2026-04-02,342400.00
4526,PSR,96.24,95.80,3892.00,ETF,ETF,39.00,23.00,23.00,41.00,0.58,0.34,1380.00,1520.00,108.78,89.41,0,NO,99.16,102.64,99.19,102.11,101.28,,4492,0.00,3892.00,NO,NO,2016-02-18,428500.00
4527,TIZE,33.87,33.98,11.00,ETF,ETF,39.00,,,,,,7435.00,9170.00,34.14,33.87,0,NO,,,,,,,13,0.00,100.00,NO,NO,2026-09-22,90000.00
4528,IYG,90.17,89.99,81447.00,ETF,ETF,39.00,17.00,32.00,56.00,1.24,1.19,101687.00,117410.00,98.66,79.87,0,NO,93.62,95.61,90.48,95.62,90.48,,6610,0.00,81447.00,NO,NO,2009-04-24,19030200.00
4529,OXLCO,23.50,23.63,1556.00,Financial Services,Asset Management,39.00,52.00,48.00,39.00,0.11,0.09,2892.00,3910.00,24.98,23.07,0,NO,23.70,23.88,23.76,23.84,23.80,,1292,0.00,1556.00,NO,NO,2021-08-11,379900.00
4530,MYMF,24.83,24.82,11.00,ETF,ETF,39.00,66.00,59.00,34.00,0.01,0.00,395.00,380.00,25.05,24.80,0,NO,24.87,24.85,24.90,24.86,24.88,,508,0.00,11.00,NO,NO,2025-08-26,271500.00
4531,COLB,28.92,28.73,2376564.00,Financial Services,Banks - Regional,39.00,34.00,15.00,46.00,0.62,0.60,2886787.00,2999660.00,33.68,23.83,8179067392,NO,29.59,30.50,29.82,30.55,29.99,,8635,0.00,2376564.00,NO,NO,2023-02-28,37951300.00
4532,BCV,23.04,22.78,17656.00,Financial Services,Asset Management,39.00,29.00,18.00,51.00,0.50,0.46,14766.00,10170.00,27.33,21.06,129657880,NO,23.86,24.29,23.95,24.28,24.31,,11732,0.22,17656.00,NO,NO,2016-07-22,453700.00
4533,NUSB,25.14,25.14,4405.00,ETF,ETF,39.00,65.00,58.00,35.00,0.01,0.01,2193.00,1090.00,25.66,25.12,0,NO,25.19,25.21,25.23,25.21,25.22,,646,0.00,4405.00,NO,NO,2024-10-01,1603200.00
4534,KT,18.94,18.71,2030815.00,Communication Services,Telecom Services,39.00,36.00,83.00,9.00,0.37,0.34,1428380.00,1362390.00,24.58,17.13,9020433408,NO,19.48,19.13,19.98,19.20,19.58,,6881,1.07,2030815.00,NO,NO,2001-12-18,11629800.00
4535,GSST,50.30,50.30,161916.00,ETF,ETF,39.00,65.00,58.00,35.00,0.04,0.03,230760.00,298320.00,50.83,50.27,0,NO,50.42,50.47,50.51,50.47,50.49,,1876,0.00,161916.00,NO,NO,2026-01-08,1895000.00
4536,USRT,61.52,61.27,2860556.00,ETF,ETF,39.00,22.00,19.00,41.00,0.74,0.65,624301.00,1318640.00,70.09,56.44,0,NO,63.19,65.63,63.25,65.24,64.71,,4885,0.00,2860556.00,NO,NO,2023-02-06,4702500.00
4537,AAA,24.92,24.96,2771.00,ETF,ETF,39.00,61.00,56.00,35.00,0.13,0.11,22533.00,6060.00,25.18,24.67,0,NO,24.96,24.97,24.98,24.94,24.95,,1524,0.00,2771.00,NO,NO,2026-08-11,803900.00
4538,PINE,17.68,17.36,124402.00,Real Estate,REIT - Retail,39.00,11.00,11.00,23.00,0.43,0.42,144319.00,210980.00,21.99,13.10,338735712,NO,17.86,19.05,19.02,18.94,19.36,,1723,0.81,124402.00,NO,NO,2023-06-23,1786300.00
4539,BLSH,34.23,34.79,784275.00,Technology,Software - Infrastructure,39.00,85.00,94.00,16.00,2.69,2.51,1500222.00,1344330.00,70.50,20.55,5190923264,NO,36.35,30.78,33.44,31.44,32.20,,287,0.00,784275.00,NO,NO,2025-08-13,58207600.00
4540,TSYX,23.08,22.89,18632.00,ETF,ETF,39.00,62.00,46.00,57.00,0.30,0.25,18119.00,9010.00,24.99,20.20,0,NO,23.04,23.26,,23.32,23.03,,186,0.70,18632.00,NO,NO,2026-02-04,131800.00
4541,SEIX,23.18,23.13,306972.00,ETF,ETF,39.00,62.00,60.00,38.00,0.07,0.06,124696.00,209850.00,23.65,22.91,0,NO,23.29,23.26,23.23,23.26,23.22,,1871,0.00,306972.00,NO,NO,2026-09-16,1293700.00
4542,MHIG,19.88,20.01,68.00,ETF,ETF,39.00,63.00,65.00,,0.07,0.03,125.00,140.00,20.59,19.64,0,NO,20.09,20.12,,20.14,,,113,0.00,100.00,NO,NO,2026-04-21,8600.00
4543,FDFF,34.37,34.20,1534.00,ETF,ETF,39.00,13.00,51.00,58.00,0.40,0.27,4314.00,3280.00,38.40,30.16,0,NO,35.67,36.42,34.34,36.50,34.17,,831,0.00,1534.00,NO,NO,2026-08-31,44800.00
4544,TXCA,49.73,49.71,6.00,ETF,ETF,39.00,,,,,,514.00,514.00,49.98,49.08,0,NO,,,,,,,8,0.00,6.00,NO,NO,2026-09-23,2200.00
4545,PFXF,17.75,17.54,1628824.00,ETF,ETF,39.00,67.00,52.00,38.00,0.19,0.17,704241.00,676230.00,19.07,17.03,0,NO,17.72,17.82,18.07,17.88,18.02,,3572,0.46,1628824.00,NO,NO,2026-05-12,3802000.00
4546,HQDG,24.91,24.69,2429.00,ETF,ETF,39.00,,,,0.16,0.08,847.00,620.00,25.02,23.96,0,NO,24.56,,,,,,20,0.81,3529.00,NO,NO,2026-09-08,5600.00
4547,FPAA,24.72,24.70,141.00,ETF,ETF,39.00,35.00,49.00,,0.30,0.24,13657.00,25780.00,27.82,24.43,0,NO,25.16,25.48,,25.49,,,82,0.00,141.00,NO,NO,2026-06-11,247600.00
4548,GCSH,49.94,49.96,11810.00,ETF,ETF,39.00,64.00,56.00,,0.14,0.12,51971.00,61420.00,50.67,49.85,0,NO,49.97,50.07,,50.07,,,77,0.00,11810.00,NO,NO,2026-09-01,1763800.00
4549,WEEL,19.90,19.90,17168.00,ETF,ETF,39.00,42.00,52.00,41.00,0.19,0.16,19139.00,27430.00,23.94,18.98,0,NO,20.40,20.44,20.25,20.47,20.20,,597,0.00,17168.00,NO,NO,2025-09-15,146700.00
4550,NGVC,30.61,30.48,107924.00,Consumer Defensive,Grocery Stores,39.00,93.00,20.00,73.00,1.03,0.99,142965.00,162740.00,41.07,23.47,705433536,NO,29.48,29.26,28.08,29.15,29.04,,3568,0.00,107924.00,NO,NO,2012-07-25,6309400.00
4551,ARCM,99.92,100.14,21.00,ETF,ETF,39.00,74.00,59.00,35.00,0.06,0.02,431.00,1120.00,101.26,99.34,0,NO,100.10,100.17,100.22,100.14,100.20,,2388,0.00,400.00,NO,NO,2017-04-20,200000.00
4552,VNOM,40.64,40.69,1906402.00,Energy,Oil & Gas Midstream,39.00,10.00,62.00,9.00,1.13,1.03,1680122.00,2460290.00,51.13,35.10,14597680128,NO,42.55,43.12,43.73,43.01,44.69,,3092,0.00,1906402.00,NO,NO,2026-03-03,14804700.00
4553,INCM,28.51,28.50,614615.00,ETF,ETF,39.00,40.00,44.00,32.00,0.20,0.18,410504.00,448760.00,29.95,27.40,0,NO,29.00,29.27,29.07,29.24,29.14,,833,0.00,614615.00,NO,NO,2024-04-24,2053100.00
4554,APRJ,24.61,24.64,791.00,ETF,ETF,39.00,55.00,55.00,36.00,0.07,0.04,3782.00,5170.00,25.20,24.47,0,NO,24.95,24.93,24.87,24.92,24.91,,879,0.00,791.00,NO,NO,2023-04-03,389800.00
4555,CGUI,25.21,25.20,121376.00,ETF,ETF,39.00,64.00,57.00,34.00,0.07,0.06,151055.00,149440.00,25.68,25.14,0,NO,25.26,25.30,25.33,25.30,25.32,,569,0.00,121376.00,NO,NO,2025-05-02,1703100.00
4556,GOLS,25.39,25.33,1965.00,ETF,ETF,39.00,25.00,37.00,44.00,0.26,0.21,4874.00,5590.00,27.98,23.65,0,NO,26.11,26.66,,26.62,25.91,,189,0.00,1965.00,NO,NO,2026-02-17,212600.00
4557,PENU,25.73,21.20,20304.00,ETF,ETF,39.00,98.00,,,1.80,1.16,8507.00,7210.00,33.90,15.97,0,NO,20.15,,,,,,41,10.14,20304.00,NO,NO,2026-08-19,40300.00
4558,CIFR,15.71,15.46,30155741.00,Technology,Information Technology Services,39.00,82.00,2.00,81.00,1.28,1.22,32783761.00,32011650.00,30.14,11.72,6520132608,NO,17.05,17.58,18.32,17.47,19.06,,1495,0.00,30155741.00,YES,NO,2025-09-25,155920100.00
4559,RMRC,24.95,24.82,2718.00,ETF,ETF,39.00,36.00,46.00,45.00,0.13,0.03,1760.00,230.00,26.27,23.53,0,NO,25.31,25.65,,25.64,25.16,,154,0.00,2718.00,NO,NO,2026-05-14,200300.00
4560,PECO,37.76,37.49,1516790.00,Real Estate,REIT - Retail,39.00,35.00,16.00,38.00,0.61,0.59,911733.00,1439770.00,44.38,32.98,5341021184,NO,37.79,39.45,38.96,39.18,39.83,,1408,0.00,1516790.00,NO,NO,2023-06-16,23954100.00
4561,REGL,87.72,86.89,39038.00,ETF,ETF,39.00,24.00,31.00,38.00,0.98,0.85,59419.00,42450.00,95.97,80.52,0,NO,89.47,92.41,90.01,92.25,90.44,,2932,0.79,39038.00,NO,NO,2025-04-16,1985200.00
4562,RAVI,74.97,74.96,59361.00,ETF,ETF,39.00,65.00,57.00,35.00,0.08,0.06,96344.00,106670.00,75.98,74.36,0,NO,75.17,75.24,75.33,75.23,75.28,,3513,0.00,59361.00,NO,NO,2018-12-18,808400.00
4563,ZIG,37.98,37.96,592.00,ETF,ETF,39.00,15.00,47.00,28.00,0.23,0.13,950.00,1320.00,41.55,34.66,0,NO,39.02,40.02,39.19,39.93,39.43,,1857,0.00,592.00,NO,NO,2021-09-07,194000.00
4564,NSLRL,24.99,24.97,20054.00,,,39.00,59.00,54.00,34.00,0.07,0.03,1577.00,2790.00,25.55,24.71,0,NO,25.05,25.14,25.08,25.15,25.10,,1202,0.04,20054.00,NO,NO,2024-08-12,630000.00
4565,GDDY,97.21,96.98,1718777.00,Technology,Software - Infrastructure,39.00,29.00,89.00,77.00,4.98,4.85,2162741.00,3568140.00,139.44,71.59,12311422976,NO,97.93,96.66,93.42,95.47,88.73,,2895,0.00,1718777.00,NO,NO,2024-06-21,32950700.00
4566,FXY,58.07,57.97,77852.00,ETF,ETF,39.00,71.00,73.00,39.00,0.34,0.23,285198.00,243630.00,62.52,55.96,0,NO,58.63,57.96,57.96,58.16,57.65,,4941,0.00,77852.00,NO,NO,2013-06-06,5126200.00
4567,MDLZ,58.19,57.76,7771758.00,Consumer Defensive,Confectioners,39.00,18.00,49.00,39.00,1.09,0.99,8274352.00,9147930.00,66.65,51.20,74268368896,NO,60.85,61.92,59.60,61.83,60.42,,6364,0.03,7771758.00,NO,NO,2008-08-01,101679900.00
4568,NMFCZ,25.37,25.36,9958.00,Miscellaneous,Investment trusts,39.00,72.00,55.00,35.00,0.09,0.08,9023.00,6460.00,25.68,25.00,0,NO,25.32,25.27,25.34,25.25,25.33,,715,0.00,9958.00,NO,NO,2023-11-30,609600.00
4569,HQL,17.68,18.17,245630.00,Financial Services,Asset Management,39.00,3.00,12.00,47.00,0.55,0.53,146985.00,108490.00,22.67,15.60,0,NO,19.40,20.19,18.16,20.06,18.59,,8666,0.00,245630.00,NO,NO,2024-07-19,982700.00
4570,GUMI,50.10,50.07,16915.00,ETF,ETF,38.00,64.00,56.00,34.00,0.09,0.07,21012.00,25050.00,51.00,50.04,0,NO,50.19,50.28,50.33,50.26,50.32,,550,0.04,16915.00,NO,NO,2026-07-13,198000.00
4571,BMRN,57.18,58.44,2194469.00,Healthcare,Biotechnology,38.00,4.00,43.00,43.00,1.57,1.49,1956104.00,2189710.00,70.98,49.26,11068548096,NO,62.88,63.98,58.67,63.61,58.52,,6840,0.00,2194469.00,NO,NO,2020-08-19,34099100.00
4572,MFAO,25.22,25.18,17768.00,Finance,Real estate investment trusts,38.00,63.00,56.00,36.00,0.11,0.10,9068.00,12230.00,25.75,24.18,0,NO,25.24,25.23,25.29,25.20,25.23,,613,0.00,17768.00,NO,NO,2026-04-28,341100.00
4573,IAK,137.33,137.28,69284.00,ETF,ETF,38.00,26.00,24.00,52.00,1.81,1.70,131474.00,75310.00,152.38,124.62,0,NO,141.01,144.26,136.86,143.78,137.80,,5135,0.00,69284.00,NO,NO,2024-04-11,1034600.00
4574,TIH,24.75,24.51,1145.00,ETF,ETF,38.00,59.00,,,0.23,0.13,11160.00,16520.00,25.34,24.38,0,NO,24.76,,,,,,41,0.00,1145.00,NO,NO,2026-09-25,76400.00
4575,PAPI,26.53,26.48,143401.00,ETF,ETF,38.00,26.00,48.00,24.00,0.27,0.26,84317.00,95060.00,28.54,25.00,0,NO,27.07,27.59,27.16,27.55,27.13,,741,0.00,143401.00,NO,NO,2024-04-22,310000.00
4576,BKUI,49.47,49.52,17858.00,ETF,ETF,38.00,65.00,57.00,34.00,0.04,0.03,113006.00,485180.00,49.96,49.47,0,NO,49.56,49.62,49.72,49.61,49.67,,1292,0.00,17858.00,NO,NO,2026-09-28,4617200.00
4577,TBUX,49.62,49.64,299431.00,ETF,ETF,38.00,64.00,56.00,34.00,0.06,0.04,358328.00,464820.00,50.14,49.55,0,NO,49.73,49.80,49.84,49.78,49.82,,1258,0.00,299431.00,NO,NO,2026-09-08,1695200.00
4578,CLOZ,26.18,26.30,468284.00,ETF,ETF,38.00,70.00,56.00,42.00,0.07,0.06,449846.00,603980.00,26.81,25.23,0,NO,26.22,26.27,26.26,26.25,26.19,,927,0.00,468284.00,NO,NO,2026-02-25,4144300.00
4579,XLVI,25.71,25.70,13228.00,ETF,ETF,38.00,32.00,46.00,44.00,0.27,0.24,44176.00,68970.00,27.35,24.20,0,NO,26.15,26.58,26.00,26.50,25.73,,297,0.00,13228.00,NO,NO,2026-09-11,266900.00
4580,DUSB,50.53,50.54,9088794.00,ETF,ETF,38.00,63.00,56.00,34.00,0.05,0.04,275393.00,326490.00,50.91,50.44,0,NO,50.61,50.71,50.75,50.71,50.76,,757,0.00,9088794.00,YES,YES,2026-10-02,9088794.00
4581,FMKT,21.89,21.73,2718.00,ETF,ETF,38.00,48.00,49.00,50.00,0.22,0.11,2749.00,2220.00,24.88,19.55,0,NO,22.19,22.33,21.99,22.41,21.95,,331,0.00,2718.00,NO,NO,2025-06-10,403900.00
4582,BUXX,20.14,20.17,287343.00,ETF,ETF,38.00,65.00,58.00,34.00,0.03,0.03,276312.00,306110.00,20.40,20.12,0,NO,20.19,20.21,20.25,20.20,20.23,,790,0.00,287343.00,NO,NO,2026-01-06,1989600.00
4583,CVSB,50.45,50.44,7337.00,ETF,ETF,38.00,64.00,57.00,34.00,0.09,0.07,42560.00,33230.00,50.96,50.40,0,NO,50.60,50.67,50.72,50.65,50.68,,921,0.00,7337.00,NO,NO,2024-10-30,1998200.00
4584,ALLW,28.58,28.61,441955.00,ETF,ETF,38.00,28.00,40.00,30.00,0.33,0.26,592247.00,713320.00,30.50,27.46,0,NO,29.33,29.62,29.34,29.62,29.47,,397,0.00,441955.00,NO,NO,2026-03-20,3077400.00
4585,FLUD,24.87,24.86,71491.00,ETF,ETF,38.00,64.00,57.00,34.00,0.06,0.06,165239.00,123760.00,25.50,24.85,0,NO,24.94,24.97,24.99,24.97,24.98,,1560,0.00,71491.00,NO,NO,2026-05-14,4493700.00
4586,GSY,49.98,49.97,1095698.00,ETF,ETF,38.00,64.00,57.00,34.00,0.04,0.03,913649.00,1585600.00,50.39,49.90,0,NO,50.03,50.11,50.18,50.12,50.16,,4690,0.00,1095698.00,NO,NO,2026-01-06,4516200.00
4587,YLDW,25.03,24.92,2637.00,ETF,ETF,38.00,42.00,46.00,39.00,0.18,0.10,7161.00,2870.00,26.20,24.02,0,NO,25.43,25.61,25.40,25.63,25.42,,202,0.41,2637.00,NO,NO,2025-12-12,171600.00
4588,RRC,38.23,37.60,2552379.00,Energy,Oil & Gas E&P,38.00,9.00,73.00,9.00,1.18,1.06,2722311.00,3027370.00,48.31,32.68,8933567488,NO,39.41,39.92,39.36,39.97,40.40,,11666,0.00,2552379.00,NO,NO,2022-03-01,65167500.00
4589,SCUS,25.03,25.04,104625.00,ETF,ETF,38.00,64.00,57.00,34.00,0.04,0.03,125592.00,147380.00,25.33,25.01,0,NO,25.09,25.13,25.17,25.12,25.15,,537,0.00,104625.00,NO,NO,2024-08-13,1025800.00
4590,SPMA,24.98,24.95,2293.00,Financial Services,Asset Management,38.00,64.00,57.00,35.00,0.12,0.11,4934.00,7200.00,25.44,24.70,0,NO,25.02,25.03,25.09,25.04,25.05,,474,0.00,2293.00,NO,NO,2025-04-08,74000.00
4591,KTH,28.67,28.55,162.00,Finance,Finance/Rental/Leasing,38.00,73.00,61.00,31.00,0.11,0.07,663.00,230.00,30.00,27.93,0,NO,28.55,28.58,28.62,28.59,28.55,,6447,0.00,400.00,NO,NO,2016-06-21,47500.00
4592,GLRY,38.65,38.30,19116.00,ETF,ETF,38.00,64.00,18.00,43.00,0.44,0.38,16212.00,13100.00,43.79,34.38,0,NO,38.16,39.55,39.57,39.52,40.19,,1460,0.00,19116.00,NO,NO,2022-11-10,742600.00
4593,EVSB,50.61,50.57,61028.00,ETF,ETF,38.00,64.00,56.00,34.00,0.09,0.07,53911.00,101580.00,51.20,50.57,0,NO,50.77,50.82,50.87,50.81,50.83,,741,0.00,61028.00,NO,NO,2026-02-12,1399400.00
4594,VCLN,27.57,26.90,498.00,ETF,ETF,38.00,73.00,14.00,30.00,0.38,0.16,503.00,410.00,37.55,23.23,0,NO,27.72,27.77,29.12,27.88,29.66,,1297,0.19,498.00,NO,NO,2023-08-22,244000.00
4595,MYCG,24.85,24.83,56980.00,ETF,ETF,38.00,65.00,57.00,34.00,0.03,0.02,10180.00,6180.00,25.14,24.82,0,NO,24.90,24.93,24.98,24.93,24.95,,508,0.08,56980.00,NO,NO,2025-05-01,107600.00
4596,OBIL,49.87,49.87,44890.00,ETF,ETF,38.00,65.00,57.00,34.00,0.04,0.03,46003.00,75540.00,50.33,49.74,0,NO,49.92,49.99,50.11,49.99,50.07,,973,0.00,44890.00,NO,NO,2025-05-19,614400.00
4597,ICSH,50.26,50.26,2037052.00,ETF,ETF,38.00,64.00,57.00,34.00,0.04,0.02,1664385.00,1842170.00,50.77,50.23,0,NO,50.38,50.45,50.54,50.44,50.50,,3218,0.00,2037052.00,NO,NO,2026-02-05,16142300.00
4598,SAY,25.20,25.17,19105.00,Miscellaneous,Investment trusts,38.00,69.00,58.00,32.00,0.07,0.06,6409.00,5480.00,25.76,25.00,0,NO,25.12,25.20,25.29,25.17,25.25,,951,0.00,19105.00,NO,NO,2022-12-16,97600.00
4599,OXLCN,24.38,24.38,7007.00,Financial Services,Asset Management,38.00,57.00,49.00,37.00,0.10,0.07,2307.00,1210.00,25.10,23.93,0,NO,24.51,24.64,24.59,24.62,24.63,,1082,0.00,7007.00,NO,NO,2022-06-17,74000.00
4600,RNEM,54.80,54.72,544.00,ETF,ETF,38.00,27.00,49.00,37.00,0.59,0.30,1831.00,9110.00,59.01,46.90,0,NO,56.26,56.55,56.05,56.55,55.72,,2322,0.07,544.00,NO,NO,2024-03-06,367700.00
4601,IBTH,22.28,22.27,800460.00,ETF,ETF,38.00,66.00,58.00,34.00,0.02,0.01,529590.00,719940.00,22.55,22.24,0,NO,22.30,22.33,22.39,22.33,22.36,,1658,0.00,800460.00,NO,NO,2025-10-22,6882600.00
4602,SAGP,35.01,34.97,9842.00,ETF,ETF,38.00,23.00,37.00,38.00,0.36,0.28,3282.00,3340.00,38.32,32.74,0,NO,35.82,36.77,35.67,36.73,35.63,,1177,0.00,9842.00,NO,NO,2023-11-08,161000.00
4603,BBRE,99.46,99.08,18157.00,ETF,ETF,38.00,22.00,19.00,42.00,0.96,0.74,41620.00,66920.00,113.40,91.82,0,NO,102.41,106.19,102.37,105.55,104.63,,2085,0.00,18157.00,NO,NO,2019-11-11,4935600.00
4604,FTKI,19.39,19.27,1743.00,ETF,ETF,38.00,36.00,36.00,32.00,0.15,0.08,6849.00,4450.00,21.63,18.07,0,NO,19.59,19.92,19.71,19.92,19.77,,401,0.00,1743.00,NO,NO,2026-02-13,1092300.00
4605,YORW,30.76,29.96,133447.00,Utilities,Utilities - Regulated Water,38.00,10.00,59.00,30.00,0.70,0.66,149263.00,189910.00,34.81,28.26,499191168,NO,32.11,32.50,31.56,32.58,31.11,,6898,0.73,133447.00,NO,NO,2009-06-26,1911400.00
4606,SCUB,24.89,24.89,128.00,ETF,ETF,38.00,63.00,56.00,,0.02,0.01,2590.00,5730.00,25.18,24.87,0,NO,24.96,25.01,,25.02,,,130,0.00,128.00,NO,NO,2026-04-17,119100.00
4607,UPV,92.10,90.28,529.00,ETF,ETF,38.00,9.00,16.00,48.00,1.91,0.88,480.00,570.00,108.16,78.07,0,NO,97.74,101.90,96.80,102.03,96.91,,4127,1.89,529.00,NO,NO,2015-02-24,200500.00
4608,AIPI,37.76,37.58,196492.00,ETF,ETF,38.00,82.00,70.00,60.00,0.36,0.31,173580.00,271770.00,45.08,32.21,0,NO,37.20,36.71,36.98,37.00,36.43,,585,0.00,196492.00,NO,NO,2025-02-24,462300.00
4609,TROW,104.62,105.83,1617637.00,Financial Services,Asset Management,38.00,30.00,12.00,72.00,2.12,2.03,1701184.00,1640950.00,122.00,85.22,22317105152,NO,105.31,110.09,103.88,108.94,105.12,,10205,0.00,1617637.00,NO,NO,1986-04-02,40921600.00
4610,ADAMK,24.74,24.84,72344.00,,,38.00,53.00,,,0.14,0.12,46454.00,20540.00,25.50,24.73,0,YES,25.11,,,,,,34,0.00,72344.00,NO,NO,2026-08-17,362400.00
4611,FTSM,59.54,59.56,1061742.00,ETF,ETF,38.00,64.00,56.00,34.00,0.05,0.04,691501.00,983280.00,60.91,59.49,0,NO,59.68,59.76,59.87,59.75,59.82,,3058,0.00,1061742.00,NO,NO,2014-11-03,18074800.00
4612,EWH,21.57,22.16,3225753.00,ETF,ETF,38.00,23.00,69.00,14.00,0.30,0.17,2801363.00,2990060.00,24.66,20.60,0,NO,22.47,22.68,22.75,22.65,22.66,,7686,0.00,3225753.00,NO,NO,2013-06-07,64668600.00
4613,PFI,58.25,57.80,4660.00,ETF,ETF,38.00,24.00,22.00,55.00,0.71,0.48,13046.00,8320.00,64.46,51.57,0,NO,59.83,61.55,58.86,61.52,59.31,,5024,0.00,4660.00,NO,NO,2016-12-07,2142400.00
4614,JPST,50.23,50.22,8116004.00,ETF,ETF,38.00,64.00,56.00,34.00,0.04,0.03,6773120.00,9074780.00,50.79,50.20,0,NO,50.35,50.43,50.54,50.43,50.48,,2356,0.00,8116004.00,NO,NO,2025-04-07,41231900.00
4615,FLDB,50.10,50.12,15010.00,ETF,ETF,38.00,64.00,57.00,34.00,0.12,0.12,11576.00,22920.00,50.93,50.06,0,NO,50.25,50.30,50.37,50.29,50.33,,654,0.00,15010.00,NO,NO,2024-04-11,3650000.00
4616,HWM,231.27,228.38,2240731.00,Industrials,Aerospace & Defense,38.00,13.00,7.00,33.00,5.74,5.69,2714931.00,2591950.00,310.00,183.83,92230803456,NO,230.22,258.18,248.48,257.21,256.76,,2493,0.92,2240731.00,NO,NO,2019-01-22,55218793.00
4617,VUSI,49.85,49.83,9152.00,ETF,ETF,38.00,63.00,55.00,34.00,0.07,0.05,2834.00,16290.00,50.48,49.77,0,NO,50.06,50.15,50.20,50.14,50.16,,218,0.00,9152.00,NO,NO,2026-06-04,622800.00
4618,GGZ,15.38,15.39,2421.00,Financial Services,Asset Management,38.00,23.00,23.00,39.00,0.25,0.22,6520.00,6350.00,17.08,13.35,0,NO,15.71,16.17,15.84,16.11,15.88,,3096,0.00,2421.00,NO,NO,2015-11-16,1667075.00
4619,TRNZ,25.06,25.08,11526.00,,,38.00,57.00,55.00,34.00,0.10,0.07,9939.00,12190.00,25.66,24.47,0,NO,25.17,25.27,25.28,25.28,25.28,,632,0.00,11526.00,NO,NO,2024-04-30,563300.00
4620,IYLD,21.62,21.63,11881.00,ETF,ETF,38.00,48.00,45.00,34.00,0.11,0.10,16163.00,20590.00,22.55,20.90,0,NO,21.95,22.12,22.05,22.12,22.06,,3643,0.00,11881.00,NO,NO,2020-04-02,1743200.00
4621,KEMQ,24.79,24.77,2443.00,ETF,ETF,38.00,35.00,37.00,63.00,0.23,0.05,3253.00,350.00,28.47,21.79,0,NO,25.22,25.55,25.16,25.61,24.86,,2255,0.00,2443.00,NO,NO,2020-06-19,2355200.00
4622,RTH,251.56,251.18,4165.00,ETF,ETF,38.00,34.00,47.00,34.00,2.21,1.81,4649.00,2610.00,275.19,242.88,0,NO,254.82,261.64,260.04,261.65,260.02,,6382,0.08,4165.00,NO,NO,2008-01-23,67092000.00
4623,SMIN,68.35,67.77,89178.00,ETF,ETF,38.00,26.00,37.00,66.00,0.95,0.67,94698.00,57980.00,75.94,57.78,0,NO,70.12,70.75,67.67,70.94,67.89,,3683,0.00,89178.00,NO,NO,2026-06-26,1488100.00
4624,SMP,37.52,37.29,104612.00,Consumer Cyclical,Auto Parts,38.00,47.00,53.00,49.00,0.98,0.94,157220.00,170990.00,46.00,34.27,838207744,NO,37.92,38.45,38.62,38.51,38.19,,11732,0.00,104612.00,NO,NO,2009-10-30,4256700.00
4625,AMUN,25.92,25.93,104497.00,ETF,ETF,38.00,63.00,57.00,34.00,0.06,0.05,3333.00,5900.00,26.30,25.85,0,NO,26.02,26.04,26.06,26.04,26.05,,239,0.00,104497.00,NO,NO,2026-04-09,890100.00
4626,GAINI,25.47,25.43,18595.00,Miscellaneous,Investment trusts,38.00,68.00,55.00,35.00,0.10,0.10,7022.00,8240.00,25.87,25.06,0,NO,25.41,25.44,25.51,25.47,25.48,,448,0.00,18595.00,NO,NO,2024-12-31,862900.00
4627,RSPF,77.54,77.67,24848.00,ETF,ETF,38.00,14.00,29.00,55.00,0.92,0.79,48788.00,27530.00,86.03,69.04,0,NO,80.70,82.98,78.11,82.93,78.33,,5006,0.00,24848.00,NO,NO,2016-11-30,3262100.00
4628,PWRZ,28.83,29.07,32.00,ETF,ETF,38.00,41.00,25.00,12.00,0.29,0.06,338.00,170.00,33.54,26.20,0,NO,29.82,30.42,30.75,30.27,31.27,,954,0.00,300.00,NO,NO,2026-05-05,86800.00
4629,INDE,28.65,28.75,1207.00,ETF,ETF,38.00,29.00,39.00,63.00,0.29,0.10,2446.00,1560.00,31.44,24.98,0,NO,29.44,29.69,28.60,29.73,28.38,,759,0.00,3400.00,NO,NO,2024-12-20,291400.00
4630,PSQO,20.51,20.54,41083.00,ETF,ETF,38.00,55.00,54.00,34.00,0.10,0.08,71312.00,104100.00,21.53,19.76,0,NO,20.76,20.77,20.72,20.76,20.72,,516,0.00,41083.00,NO,NO,2026-03-19,3001300.00
4631,EXPN,25.31,24.83,3644.00,ETF,ETF,38.00,76.00,,,0.31,0.21,98037.00,6070.00,25.92,24.44,0,NO,25.09,,,,,,36,0.00,3644.00,NO,NO,2026-08-26,3265600.00
4632,MYMG,24.52,24.54,23.00,ETF,ETF,38.00,59.00,56.00,33.00,0.03,0.00,584.00,240.00,24.85,24.52,0,NO,24.66,24.64,24.70,24.64,24.68,,508,0.00,23.00,NO,NO,2025-03-20,85000.00
4633,NEWTG,25.10,25.25,5240.00,Finance,Finance/Rental/Leasing,38.00,63.00,47.00,37.00,0.15,0.12,2566.00,1550.00,25.82,24.50,0,NO,25.19,25.42,25.34,25.42,25.36,,587,0.00,5240.00,NO,NO,2024-05-31,166600.00
4634,CVGD,25.13,25.16,1400.00,ETF,ETF,38.00,17.00,51.00,,0.19,0.09,4503.00,3080.00,27.32,24.77,0,NO,26.05,26.47,,26.47,,,96,0.00,1400.00,NO,NO,2026-08-26,73300.00
4635,SCHW,96.70,98.37,7581335.00,Financial Services,Capital Markets,38.00,9.00,36.00,43.00,2.43,2.38,8131968.00,9892650.00,114.53,83.96,167226753024,NO,103.14,106.32,98.34,106.39,97.59,,9832,0.00,7581335.00,NO,NO,2023-03-13,148476900.00
4636,VUSB,49.42,49.41,2067823.00,ETF,ETF,38.00,64.00,56.00,34.00,0.05,0.03,2059503.00,2437260.00,50.03,49.37,0,NO,49.54,49.63,49.74,49.63,49.68,,1380,0.00,2067823.00,NO,NO,2026-08-04,16916400.00
4637,IBDS,24.05,24.05,809546.00,ETF,ETF,38.00,64.00,57.00,34.00,0.03,0.02,634044.00,877150.00,24.38,24.03,0,NO,24.12,24.15,24.21,24.15,24.18,,2273,0.00,809546.00,NO,NO,2023-12-07,5033200.00
4638,BSCR,19.56,19.55,708875.00,ETF,ETF,38.00,64.00,57.00,34.00,0.02,0.01,654360.00,975400.00,19.80,19.53,0,NO,19.58,19.61,19.66,19.61,19.63,,2266,0.00,708875.00,NO,NO,2026-03-11,4341400.00
4639,FEPI,43.21,42.85,208880.00,ETF,ETF,38.00,82.00,69.00,52.00,0.45,0.37,185814.00,210520.00,49.68,37.90,0,NO,42.71,41.85,42.90,42.19,42.48,,747,0.72,208880.00,NO,NO,2024-08-02,553400.00
4640,XONE,49.08,49.07,62485.00,ETF,ETF,38.00,65.00,57.00,33.00,0.04,0.03,135841.00,144080.00,49.70,49.02,0,NO,49.16,49.25,49.40,49.25,49.34,,1015,0.00,62485.00,NO,NO,2023-06-06,13921000.00
4641,DWMF,33.16,32.84,696.00,ETF,ETF,38.00,47.00,40.00,27.00,0.25,0.10,1207.00,1230.00,35.87,31.37,0,NO,33.69,33.93,33.82,33.97,33.77,,2047,0.00,696.00,NO,NO,2024-01-25,328000.00
4642,AMAU,17.11,16.41,201390.00,ETF,ETF,38.00,97.00,2.00,,0.98,0.83,294476.00,362710.00,37.41,10.11,0,NO,13.13,14.57,,14.55,,,99,0.00,201390.00,NO,NO,2026-08-13,1579000.00
4643,MAGA,54.06,53.62,164.00,ETF,ETF,38.00,29.00,29.00,39.00,0.28,0.13,1007.00,650.00,58.96,50.21,0,NO,55.29,56.61,55.00,56.43,55.36,,2274,0.00,200.00,NO,NO,2017-09-28,600600.00
4644,EROK,21.37,21.23,295998.00,Energy,Oil & Gas Equipment & Services,38.00,3.00,69.00,,0.96,0.96,166293.00,219270.00,27.42,19.75,2810573312,NO,23.27,23.77,,23.93,,,98,0.00,295998.00,NO,NO,2026-05-14,4882400.00
4645,JPRE,49.35,49.13,35597.00,ETF,ETF,38.00,25.00,24.00,38.00,0.49,0.38,17479.00,24480.00,55.23,46.24,0,NO,50.78,52.31,50.81,52.06,51.74,,1095,0.04,35597.00,NO,NO,2023-02-07,2231800.00
4646,UXI,52.61,51.84,1629.00,ETF,ETF,37.00,38.00,7.00,45.00,0.82,0.56,3495.00,1680.00,64.95,41.72,0,NO,52.80,57.28,55.60,57.09,56.49,,4948,1.35,1629.00,NO,NO,2009-03-11,5551200.00
4647,RACE,388.33,387.30,514978.00,Consumer Cyclical,Auto Manufacturers,37.00,22.00,53.00,68.00,8.53,7.07,428214.00,495930.00,503.78,312.51,68141625344,NO,406.19,407.81,367.12,410.81,370.34,,2753,0.00,514978.00,NO,NO,2015-10-21,22498800.00
4648,MPRO,31.45,31.39,11648.00,ETF,ETF,37.00,42.00,34.00,36.00,0.20,0.14,24025.00,24520.00,32.99,30.17,0,NO,31.91,32.33,32.07,32.26,32.24,,1386,0.18,11648.00,NO,NO,2025-08-14,1829900.00
4649,TRNI,25.01,25.09,16259.00,,,37.00,56.00,55.00,35.00,0.09,0.07,11385.00,15640.00,25.74,24.88,0,NO,25.14,25.24,25.29,25.25,25.25,,553,0.00,16259.00,NO,NO,2025-03-18,694400.00
4650,SECA,25.27,24.98,4105.00,ETF,ETF,37.00,,,,,,12066.00,12066.00,25.94,24.88,0,NO,,,,,,,10,0.00,4105.00,NO,NO,2026-09-22,16000.00
4651,IPI,32.76,32.60,150249.00,Basic Materials,Agricultural Inputs,37.00,1.00,35.00,3.00,1.43,1.40,194163.00,223580.00,50.34,22.55,440840608,NO,36.92,36.77,36.22,36.65,37.51,,4642,0.00,150249.00,NO,NO,2008-04-22,4274930.00
4652,EIIA,25.06,25.10,4363.00,Miscellaneous,Investment trusts,37.00,62.00,50.00,37.00,0.11,0.10,5401.00,7050.00,25.52,24.90,0,NO,25.14,25.20,25.20,25.19,25.20,,496,0.00,4363.00,NO,NO,2025-09-11,139600.00
4653,JETS,28.14,28.09,3576978.00,ETF,ETF,37.00,61.00,9.00,66.00,0.74,0.67,3299173.00,4484000.00,34.06,23.53,0,NO,28.33,29.75,28.55,29.64,28.54,,2874,0.00,3576978.00,NO,NO,2021-12-06,33592800.00
4654,UYLD,50.75,50.75,141262.00,ETF,ETF,37.00,63.00,55.00,33.00,0.08,0.06,365044.00,191200.00,51.40,50.70,0,NO,50.93,51.02,51.13,51.00,51.08,,988,0.00,141262.00,NO,NO,2026-09-14,10317100.00
4655,BOTZ,36.03,35.43,570182.00,ETF,ETF,37.00,79.00,26.00,55.00,0.49,0.39,694046.00,547240.00,41.71,31.88,0,NO,35.30,35.77,36.88,36.01,36.58,,2528,1.61,570182.00,NO,NO,2018-02-05,7218100.00
4656,DLUX,49.82,49.77,4295.00,ETF,ETF,37.00,62.00,53.00,,0.13,0.11,3409.00,6410.00,51.32,49.73,0,NO,50.08,50.21,,50.20,,,128,0.00,4295.00,NO,NO,2026-06-03,2001700.00
4657,XRMI,17.32,17.26,5679.00,ETF,ETF,37.00,68.00,60.00,41.00,0.11,0.09,24657.00,19820.00,18.08,16.73,0,NO,17.29,17.32,17.42,17.36,17.25,,1281,0.00,5679.00,NO,NO,2026-09-09,373400.00
4658,LOB,36.68,36.39,182245.00,Financial Services,Banks - Regional,37.00,16.00,12.00,59.00,0.84,0.83,216382.00,236730.00,44.53,29.36,1697683200,NO,37.99,40.23,38.18,40.10,38.34,,2816,0.00,182245.00,NO,NO,2015-07-23,2755700.00
4659,VLTO,94.68,94.60,1620749.00,Industrials,Pollution & Treatment Controls,37.00,46.00,72.00,54.00,1.50,1.48,1659873.00,2173440.00,107.90,80.03,23082354688,NO,95.40,96.56,92.99,96.42,90.93,,752,0.00,1620749.00,NO,NO,2023-10-05,15351900.00
4660,GGOV,49.49,49.49,601448.00,ETF,ETF,37.00,57.00,50.00,34.00,0.70,0.67,1025644.00,2650550.00,51.93,48.05,0,NO,50.12,50.13,49.64,50.11,49.94,,320,0.00,601448.00,NO,NO,2026-05-28,41918100.00
4661,AOK,40.32,40.38,241659.00,ETF,ETF,37.00,52.00,44.00,39.00,0.23,0.18,162509.00,299220.00,41.63,39.32,0,NO,40.74,41.03,40.86,41.03,40.90,,4494,0.00,241659.00,NO,NO,2022-07-28,4799100.00
4662,SLVY,20.41,20.54,2037.00,ETF,ETF,37.00,16.00,,,0.44,0.19,1380.00,2690.00,23.40,19.18,0,NO,21.62,21.69,,21.83,,,61,0.00,2037.00,NO,NO,2026-09-28,10700.00
4663,FUSD,24.87,24.89,630.00,ETF,ETF,37.00,61.00,54.00,,0.24,0.16,2330.00,2940.00,25.83,23.74,0,NO,25.02,25.05,,25.02,,,71,0.00,630.00,NO,NO,2026-06-24,995200.00
4664,IDVZ,32.81,32.56,12899.00,ETF,ETF,37.00,28.00,30.00,26.00,0.33,0.22,25530.00,16750.00,37.98,27.33,0,NO,33.78,34.34,34.10,34.26,34.30,,442,0.28,12899.00,NO,NO,2025-01-16,975800.00
4665,MMHI,24.98,25.16,31511.00,ETF,ETF,37.00,,,,,,2300.00,2300.00,25.23,24.98,0,NO,,,,,,,2,0.00,31511.00,NO,YES,2026-10-02,31511.00
4666,BPYPP,15.16,15.85,25557.00,Real Estate,Real Estate Services,37.00,22.00,52.00,18.00,0.45,0.44,13809.00,23510.00,16.73,14.25,0,NO,15.67,15.98,15.71,15.92,15.76,,1900,0.00,25557.00,NO,NO,2019-03-15,2741900.00
4667,VLYPO,24.83,24.80,1600.00,Financial Services,Banks - Regional,37.00,63.00,58.00,37.00,0.15,0.12,6765.00,4180.00,25.64,24.10,0,NO,24.89,24.90,24.96,24.90,24.87,,2004,0.00,1600.00,NO,NO,2019-02-01,594600.00
4668,OLLI,88.06,87.91,1683069.00,Consumer Defensive,Discount Stores,37.00,95.00,94.00,13.00,2.97,2.76,1852957.00,1915300.00,133.28,60.29,5230678528,NO,79.72,76.80,89.39,77.84,81.22,,2821,0.00,1683069.00,NO,NO,2019-08-29,15778900.00
4669,MSEX,53.56,52.43,132364.00,Utilities,Utilities - Regulated Water,37.00,15.00,28.00,34.00,1.12,1.10,150106.00,141700.00,62.18,44.17,1009281792,NO,55.17,56.83,53.91,56.83,54.49,,13518,0.76,132364.00,NO,NO,2021-07-14,3638300.00
4670,JMST,50.56,50.51,1606597.00,ETF,ETF,37.00,62.00,54.00,33.00,0.06,0.05,1197796.00,2047360.00,51.13,50.46,0,NO,50.70,50.82,50.93,50.81,50.89,,1997,0.04,1606597.00,NO,NO,2026-01-16,21343200.00
4671,VBCB,74.70,74.74,25604.00,ETF,ETF,37.00,61.00,53.00,32.00,0.11,0.09,26634.00,18530.00,75.80,74.59,0,NO,75.00,75.27,,75.25,,,132,0.00,25604.00,NO,NO,2026-08-25,353100.00
4672,XLF,53.49,53.46,30268795.00,ETF,ETF,37.00,16.00,32.00,55.00,0.75,0.73,32964663.00,42712970.00,58.60,47.67,0,NO,55.56,56.81,53.71,56.78,53.74,,6987,0.00,30268795.00,YES,NO,2008-09-18,1050592272.00
4673,XLP,80.53,80.33,9316706.00,ETF,ETF,37.00,22.00,34.00,30.00,0.91,0.78,10383823.00,11251440.00,90.14,75.16,0,NO,82.62,84.38,83.73,84.10,83.84,,6987,0.17,9316706.00,YES,NO,2015-08-24,68723800.00
4674,LOPP,35.75,35.47,23.00,ETF,ETF,37.00,36.00,15.00,40.00,0.24,0.04,204.00,180.00,40.00,31.72,0,NO,36.28,37.21,36.57,37.06,37.08,,1420,0.00,400.00,NO,NO,2021-02-08,176500.00
4675,BSMQ,23.43,23.43,89104.00,ETF,ETF,37.00,65.00,55.00,33.00,0.06,0.05,49995.00,61240.00,23.75,23.33,0,NO,23.45,23.50,23.58,23.51,23.56,,1764,0.00,89104.00,NO,NO,2026-04-09,545300.00
4676,ULST,40.14,40.14,75056.00,ETF,ETF,37.00,64.00,56.00,33.00,0.04,0.03,70385.00,69500.00,40.72,40.11,0,NO,40.25,40.31,40.42,40.31,40.37,,3264,0.00,75056.00,NO,NO,2016-03-01,4356900.00
4677,BKLN,20.48,20.46,9656799.00,ETF,ETF,37.00,63.00,63.00,36.00,0.05,0.05,7937726.00,12596780.00,21.07,20.11,0,NO,20.56,20.53,20.58,20.55,20.50,,3920,0.00,9656799.00,YES,NO,2025-04-03,86836100.00
4678,FNB,17.45,17.24,3825848.00,Financial Services,Banks - Regional,37.00,29.00,17.00,44.00,0.34,0.32,4799342.00,5416590.00,19.59,14.46,6211571200,NO,17.84,18.44,17.88,18.43,17.99,,10099,0.93,3825848.00,NO,NO,2025-10-16,40469500.00
4679,CIMN,25.15,25.09,8760.00,Finance,Real estate investment trusts,37.00,63.00,51.00,36.00,0.10,0.10,10077.00,8910.00,25.76,24.37,0,NO,25.12,25.14,25.23,25.11,25.19,,590,0.00,8760.00,NO,NO,2024-05-28,374100.00
4680,DDV,24.96,24.93,17.00,ETF,ETF,37.00,55.00,49.00,37.00,0.09,0.05,3268.00,1080.00,25.97,24.48,0,NO,25.23,25.35,25.29,25.34,25.30,,221,0.02,600.00,NO,NO,2026-02-02,81700.00
4681,PBWN,24.80,24.99,6.00,ETF,ETF,37.00,,,,,,51.00,51.00,25.03,24.80,0,NO,,,,,,,5,0.00,6.00,NO,NO,,
4682,TMFG,30.02,29.85,12791.00,ETF,ETF,37.00,39.00,35.00,48.00,0.44,0.37,9806.00,8300.00,32.34,27.40,0,NO,30.50,31.15,30.42,31.17,30.52,,1206,0.13,12791.00,NO,NO,2024-12-18,624400.00
4683,EWM,27.06,26.89,130732.00,ETF,ETF,37.00,35.00,55.00,21.00,0.28,0.15,210374.00,158110.00,30.64,25.32,0,NO,27.63,28.00,28.42,27.94,28.30,,7686,0.00,130732.00,NO,NO,2018-05-09,4399800.00
4684,CHDG,25.14,25.11,20.00,ETF,ETF,37.00,74.00,,,0.10,0.03,2750.00,220.00,25.51,24.89,0,NO,25.13,,,,,,41,0.00,100.00,NO,NO,2026-08-18,29500.00
4685,PNC,221.03,220.75,1854358.00,Financial Services,Banks - Regional,37.00,12.00,12.00,46.00,4.91,4.86,1736768.00,2059190.00,258.96,176.88,88178524160,NO,232.01,242.05,228.09,241.44,231.21,,12825,0.00,1854358.00,NO,NO,2010-02-03,74680900.00
4686,TFLR,50.48,50.42,145885.00,ETF,ETF,37.00,63.00,59.00,36.00,0.15,0.13,126204.00,156080.00,51.71,49.77,0,NO,50.74,50.69,50.82,50.69,50.68,,970,0.02,145885.00,NO,NO,2026-02-26,1335400.00
4687,SBRA,19.16,19.20,3008372.00,Real Estate,REIT - Healthcare Facilities,37.00,14.00,42.00,24.00,0.37,0.35,2612947.00,2705840.00,22.77,17.17,4894666240,NO,20.06,20.54,19.95,20.36,20.13,,6167,0.00,3008372.00,NO,NO,2017-08-16,19650300.00
4688,HYZD,22.33,22.25,138390.00,ETF,ETF,37.00,56.00,53.00,36.00,0.14,0.13,99392.00,159700.00,22.81,21.94,0,NO,22.54,22.58,22.54,22.58,22.52,,3216,0.00,138390.00,NO,NO,2018-12-19,1468900.00
4689,EDIV,39.91,39.83,107553.00,ETF,ETF,37.00,29.00,30.00,39.00,0.36,0.27,99411.00,98130.00,43.49,37.81,0,NO,41.15,41.53,41.05,41.53,41.10,,3925,0.00,107553.00,NO,NO,2019-01-22,2568700.00
4690,OCCIM,24.92,24.82,1797.00,Financial Services,Asset Management,37.00,59.00,52.00,34.00,0.13,0.10,3022.00,3810.00,26.06,24.42,0,NO,25.03,25.10,25.13,25.09,25.11,,501,0.00,1797.00,NO,NO,2024-10-04,75900.00
4691,FUMB,19.92,19.92,72095.00,ETF,ETF,37.00,62.00,54.00,33.00,0.04,0.04,85225.00,220460.00,20.72,19.88,0,NO,19.99,20.03,20.07,20.03,20.06,,1985,0.00,72095.00,NO,NO,2022-05-10,2292700.00
4692,MBSF,25.43,25.36,96009.00,ETF,ETF,37.00,59.00,53.00,33.00,0.09,0.08,53634.00,58410.00,28.56,24.90,0,NO,25.58,25.64,25.66,25.62,25.65,,652,0.00,96009.00,NO,NO,2026-05-05,411700.00
4693,PDPA,24.96,24.80,6462.00,Financial Services,Asset Management,37.00,60.00,54.00,36.00,0.20,0.16,4733.00,3010.00,26.63,24.47,0,NO,25.01,25.08,25.15,25.08,25.11,,450,0.00,6462.00,NO,NO,2024-12-16,120600.00
4694,DIVP,25.99,25.91,1164.00,ETF,ETF,37.00,22.00,32.00,36.00,0.21,0.17,7742.00,10980.00,28.12,24.11,0,NO,26.87,27.35,26.71,27.28,26.86,,646,0.00,1164.00,NO,NO,2025-07-21,106600.00
4695,BRLN,50.58,50.41,2736.00,ETF,ETF,37.00,62.00,62.00,35.00,0.26,0.23,5976.00,7030.00,51.99,50.10,0,NO,50.79,50.75,50.95,50.74,50.78,,1001,0.00,2736.00,NO,NO,2024-02-12,165500.00
4696,FLRT,46.50,46.48,277928.00,ETF,ETF,37.00,63.00,56.00,37.00,0.10,0.08,198755.00,562530.00,47.53,46.00,0,NO,46.70,46.73,46.78,46.72,46.67,,2923,0.00,277928.00,NO,NO,2026-09-25,2561600.00
4697,VTOL,40.26,40.30,152488.00,Energy,Oil & Gas Equipment & Services,37.00,8.00,33.00,7.00,1.04,1.04,244011.00,349500.00,50.38,35.03,1193386880,NO,42.06,44.19,43.82,43.73,44.24,,3446,0.00,152488.00,NO,NO,2020-09-18,3705400.00
4698,LATR,25.62,25.57,172.00,ETF,ETF,37.00,13.00,18.00,,0.22,0.07,900.00,250.00,29.26,23.85,0,NO,26.45,27.54,,27.47,,,104,0.08,172.00,NO,NO,2026-05-06,51200.00
4699,LVLN,24.59,24.59,1884.00,ETF,ETF,37.00,62.00,60.00,37.00,0.07,0.06,2822.00,7510.00,25.36,24.35,0,NO,24.80,24.77,24.79,24.78,24.71,,219,0.00,1884.00,NO,NO,2026-02-24,478200.00
4700,WX,24.34,23.95,201.00,ETF,ETF,37.00,55.00,56.00,,0.31,0.07,301.00,1070.00,25.58,20.48,0,NO,24.44,24.57,,24.77,,,85,0.00,201.00,NO,NO,2026-06-03,10000.00
4701,MFSD,24.64,24.66,8601.00,ETF,ETF,37.00,,,,0.06,0.05,70600.00,8820.00,24.96,24.59,0,NO,,,,,,,17,0.00,8601.00,NO,NO,2026-09-10,1000100.00
4702,PVH,75.53,75.85,710925.00,Consumer Cyclical,Apparel Manufacturing,37.00,84.00,48.00,29.00,2.26,2.14,943111.00,845530.00,100.75,59.60,3484790272,NO,73.53,78.09,76.12,78.08,79.81,,11732,0.00,710925.00,NO,NO,2013-02-13,17444200.00
4703,CBIL,24.82,24.80,781.00,ETF,ETF,37.00,71.00,53.00,,0.02,0.02,21569.00,31440.00,25.15,24.69,0,NO,24.80,24.94,,24.93,,,83,0.00,4100.00,NO,NO,2026-08-21,601400.00
4704,FLDR,49.76,49.76,126934.00,ETF,ETF,37.00,63.00,54.00,33.00,0.06,0.05,308955.00,336980.00,50.62,49.02,0,NO,49.92,50.02,50.15,49.99,50.09,,2085,0.00,126934.00,NO,NO,2026-06-23,3607100.00
4705,WTFC,145.02,143.55,412683.00,Financial Services,Banks - Regional,37.00,28.00,14.00,45.00,2.95,2.88,560261.00,487160.00,167.22,119.61,9782384640,NO,147.55,153.33,149.93,153.13,150.90,,7161,0.63,412683.00,NO,NO,2017-03-31,9169400.00
4706,YEAR,49.96,49.98,190501.00,ETF,ETF,37.00,64.00,55.00,33.00,0.06,0.05,154238.00,179120.00,50.73,49.94,0,NO,50.08,50.19,50.36,50.18,50.28,,1017,0.00,190501.00,NO,NO,2022-09-14,3008000.00
4707,VNLA,48.60,48.60,326168.00,ETF,ETF,37.00,64.00,55.00,33.00,0.05,0.04,417923.00,454690.00,49.44,48.55,0,NO,48.74,48.84,49.00,48.83,48.92,,2478,0.00,326168.00,NO,NO,2019-01-11,4063500.00
4708,BKCI,51.94,51.46,9607.00,ETF,ETF,37.00,40.00,34.00,47.00,0.42,0.27,5131.00,4320.00,55.31,47.83,0,NO,52.38,53.50,52.56,53.47,52.51,,1208,0.72,9607.00,NO,NO,2024-10-01,1543400.00
4709,DIS,102.19,101.33,6526004.00,Communication Services,Entertainment,37.00,25.00,80.00,49.00,2.09,1.96,9559144.00,9713930.00,117.09,92.19,176450125824,NO,104.98,104.30,103.85,104.67,101.71,,16297,0.17,6526004.00,NO,NO,1984-10-04,205867207.00
4710,IBMP,25.19,25.19,112925.00,ETF,ETF,37.00,62.00,54.00,33.00,0.04,0.04,90344.00,121410.00,25.55,25.18,0,NO,25.27,25.33,25.39,25.32,25.37,,1880,0.00,112925.00,NO,NO,2022-12-09,526300.00
4711,QBER,23.83,23.89,15999.00,ETF,ETF,37.00,67.00,62.00,33.00,0.16,0.15,15560.00,33790.00,24.89,19.75,0,NO,23.84,23.85,23.89,23.83,23.87,,566,0.00,15999.00,NO,NO,2025-07-14,2264600.00
4712,SPYD,45.39,45.48,1868037.00,ETF,ETF,37.00,12.00,27.00,34.00,0.50,0.45,935836.00,1128820.00,50.90,41.87,0,NO,47.26,48.92,47.10,48.75,47.69,,2752,0.00,1868037.00,NO,NO,2022-05-09,33884000.00
4713,DVOL,35.52,35.23,14280.00,ETF,ETF,37.00,51.00,35.00,40.00,0.28,0.25,6442.00,13260.00,38.30,33.60,0,NO,35.67,36.78,36.29,36.71,36.36,,1999,0.00,14280.00,NO,NO,2019-11-05,2045100.00
4714,FTCS,93.69,93.87,530949.00,ETF,ETF,37.00,20.00,40.00,38.00,0.81,0.79,402250.00,384640.00,102.93,89.76,0,NO,96.19,98.71,95.75,98.49,95.54,,5090,0.00,530949.00,NO,NO,2026-06-05,2268300.00
4715,PALC,53.94,54.08,1678.00,ETF,ETF,37.00,17.00,20.00,44.00,0.44,0.35,6633.00,6190.00,59.77,49.56,0,NO,55.45,56.62,55.34,56.59,55.68,,1576,0.00,1678.00,NO,NO,2022-02-01,920700.00
4716,CTEC,57.10,55.89,2838.00,ETF,ETF,37.00,76.00,17.00,33.00,1.00,0.47,2168.00,1870.00,83.01,50.50,0,NO,57.09,56.95,60.87,57.34,61.71,,1488,0.00,2838.00,NO,NO,2025-04-01,209720.00
4717,PWS,32.16,32.01,179287.00,ETF,ETF,37.00,36.00,47.00,37.00,0.21,0.15,4690.00,22170.00,33.83,31.18,0,NO,32.48,32.84,32.54,32.81,32.31,,2213,0.00,179287.00,NO,NO,2019-01-02,1062300.00
4718,FNCL,75.94,75.87,179387.00,ETF,ETF,37.00,15.00,30.00,54.00,1.02,0.99,122998.00,209040.00,83.35,67.76,0,NO,78.90,80.81,76.50,80.76,76.51,,3254,0.00,179387.00,NO,NO,2014-12-08,4920200.00
4719,RWR,104.65,104.24,168908.00,ETF,ETF,37.00,20.00,18.00,41.00,1.13,1.04,274660.00,234130.00,119.65,96.66,0,NO,107.85,111.93,108.04,111.27,110.26,,6312,0.00,168908.00,NO,NO,2009-11-04,6993200.00
4720,NJR,51.59,51.15,775582.00,Utilities,Utilities - Regulated Gas,37.00,34.00,19.00,13.00,0.99,0.97,648685.00,924790.00,60.86,43.46,5234731008,NO,52.41,54.34,53.91,53.77,55.46,,11732,0.23,775582.00,NO,NO,2016-03-07,11485200.00
4721,VFH,130.52,130.38,542355.00,ETF,ETF,37.00,16.00,30.00,54.00,1.79,1.74,586260.00,1052510.00,143.20,116.67,0,NO,135.60,138.84,131.50,138.77,131.62,,5705,0.00,542355.00,NO,NO,2016-09-23,9941900.00
4722,FVD,47.08,46.98,1160942.00,ETF,ETF,37.00,21.00,35.00,33.00,0.40,0.37,508665.00,658070.00,51.41,44.63,0,NO,48.34,49.67,48.31,49.54,48.46,,5812,0.00,1160942.00,NO,NO,2020-03-12,8251000.00
4723,ADAMH,25.10,25.09,28184.00,Finance,Real estate investment trusts,37.00,51.00,54.00,36.00,0.13,0.09,26239.00,35030.00,25.99,24.49,0,NO,25.28,25.38,25.47,25.38,25.41,,312,0.00,28184.00,NO,NO,2025-12-31,440100.00
4724,AMMO,24.63,24.10,325.00,ETF,ETF,36.00,44.00,,,0.30,0.18,3338.00,1110.00,28.66,24.03,0,NO,24.59,25.75,,25.70,,,55,0.00,2100.00,NO,NO,2026-09-01,15600.00
4725,ONBPP,24.81,24.82,8027.00,Financial Services,Banks - Regional,36.00,63.00,55.00,34.00,0.19,0.17,7034.00,8970.00,25.50,24.41,0,NO,24.86,24.91,24.99,24.90,24.91,,1603,0.00,8027.00,NO,NO,2020-09-30,263500.00
4726,GJP,24.40,24.36,4801.00,Finance,Finance/Rental/Leasing,36.00,63.00,58.00,33.00,0.20,0.11,847.00,1220.00,25.05,23.63,0,NO,24.45,24.54,24.61,24.56,24.55,,4721,0.00,4801.00,NO,NO,2016-02-04,51000.00
4727,FFIN,32.15,31.75,849471.00,Financial Services,Banks - Regional,36.00,39.00,21.00,53.00,0.66,0.64,745888.00,961580.00,36.52,28.12,4607979520,NO,32.62,33.69,32.54,33.66,32.80,,8286,0.88,849471.00,NO,NO,2019-03-21,25666000.00
4728,LQDH,92.16,92.66,55487.00,ETF,ETF,36.00,64.00,54.00,35.00,0.24,0.19,41209.00,57180.00,94.38,91.15,0,NO,92.66,92.56,92.87,92.55,92.65,,3093,0.00,55487.00,NO,NO,2022-07-11,3405000.00
4729,DB,34.97,35.13,2674806.00,Financial Services,Banks - Regional,36.00,5.00,27.00,74.00,0.90,0.62,1911276.00,2270370.00,41.62,28.12,65708634112,NO,37.97,38.08,35.27,38.28,34.34,,7515,0.00,2674806.00,NO,NO,2016-09-30,78597344.00
4730,IONQ,43.77,43.99,19000312.00,Technology,Computer Hardware,36.00,94.00,15.00,92.00,2.73,2.53,21046896.00,29518640.00,84.64,25.89,17732788224,NO,40.85,40.60,43.46,41.58,43.92,,1444,0.00,19000312.00,YES,NO,2025-01-08,128343800.00
4731,EW,85.15,85.19,2401080.00,Healthcare,Medical Devices,36.00,20.00,14.00,48.00,2.04,1.99,3872934.00,3681740.00,96.29,72.30,49029369856,NO,86.93,88.48,85.13,88.14,85.69,,6670,0.00,2401080.00,NO,NO,2011-03-31,139237800.00
4732,FXR,83.17,82.74,17389.00,ETF,ETF,36.00,40.00,19.00,40.00,1.03,0.88,23547.00,26700.00,92.78,73.08,0,NO,83.66,87.12,86.49,87.09,86.55,,4881,0.00,17389.00,NO,NO,2016-11-28,28030500.00
4733,FLAG,27.39,27.30,88.00,ETF,ETF,36.00,33.00,45.00,48.00,0.16,0.01,204.00,130.00,29.02,25.57,0,NO,27.86,28.30,27.65,28.29,27.59,,367,0.00,200.00,NO,NO,2025-05-29,5300.00
4734,PRAB,24.68,24.76,12.00,ETF,ETF,36.00,72.00,57.00,32.00,0.02,0.01,400.00,450.00,25.14,24.68,0,NO,24.81,24.87,,24.85,24.96,,141,0.00,100.00,NO,NO,2026-06-25,213400.00
4735,CBT,76.95,76.35,376701.00,Basic Materials,Specialty Chemicals,36.00,17.00,12.00,40.00,1.91,1.79,424171.00,465360.00,94.53,58.33,3972267776,NO,78.59,82.98,78.93,82.67,82.09,,11570,0.00,376701.00,NO,NO,2021-06-25,6716400.00
4736,NFRA,62.70,62.21,101798.00,ETF,ETF,36.00,34.00,42.00,28.00,0.58,0.43,70582.00,114670.00,67.36,59.60,0,NO,64.34,65.15,64.46,65.08,65.03,,3265,0.31,101798.00,NO,NO,2019-06-20,2968300.00
4737,GJO,24.62,24.62,1.00,Finance,Finance/Rental/Leasing,36.00,74.00,54.00,30.00,0.25,0.24,642.00,280.00,25.29,24.02,0,NO,24.68,24.67,24.78,24.68,24.74,,5246,0.00,300.00,NO,NO,2006-03-20,200100.00
4738,FXB,127.25,126.83,4394.00,ETF,ETF,36.00,53.00,55.00,36.00,0.56,0.44,26015.00,29940.00,133.11,125.02,0,NO,128.55,129.31,129.28,129.44,128.93,,5100,0.20,4394.00,NO,NO,2016-06-24,1764500.00
4739,RJF,158.21,159.76,905543.00,Financial Services,Asset Management,36.00,9.00,30.00,62.00,3.79,3.72,1194588.00,1501700.00,182.73,138.82,30392141824,NO,165.42,172.50,160.89,172.25,159.56,,10899,0.00,905543.00,NO,NO,2017-03-17,34567650.00
4740,LQID,24.80,24.79,3980.00,ETF,ETF,36.00,62.00,53.00,,0.04,0.03,16157.00,11300.00,25.12,24.75,0,NO,24.84,24.92,,24.92,,,99,0.00,3980.00,NO,NO,2026-07-17,64200.00
4741,ARLP,24.53,24.34,238703.00,Energy,Thermal Coal,36.00,15.00,75.00,8.00,0.50,0.50,289563.00,293380.00,29.45,23.00,3156000512,NO,25.67,25.74,25.45,25.70,25.58,,6824,0.00,238703.00,NO,NO,1999-08-17,13010400.00
4742,SRLN,40.23,40.19,1749603.00,ETF,ETF,36.00,62.00,59.00,37.00,0.12,0.10,1900190.00,3852130.00,41.57,39.39,0,NO,40.53,40.51,40.52,40.53,40.37,,3396,0.07,1749603.00,NO,NO,2022-01-24,37316800.00
4743,CFIT,25.22,25.20,123929.00,ETF,ETF,36.00,51.00,41.00,39.00,0.10,0.05,10031.00,13290.00,26.45,24.42,0,NO,25.48,25.70,25.67,25.69,25.68,,381,0.00,123929.00,NO,NO,2026-06-12,601500.00
4744,AIBF,24.85,24.71,34861.00,ETF,ETF,36.00,,,,,,15785.00,15785.00,25.17,24.65,0,NO,,,,,,,8,0.34,34861.00,NO,NO,2026-10-01,37800.00
4745,ONBPO,24.81,24.88,2597.00,Financial Services,Banks - Regional,36.00,61.00,56.00,34.00,0.26,0.24,5692.00,8780.00,25.45,24.50,0,NO,24.86,24.91,25.00,24.89,24.93,,1580,0.00,2597.00,NO,NO,2020-09-30,263500.00
4746,PAYR,51.99,51.92,13501.00,ETF,ETF,36.00,18.00,37.00,21.00,0.61,0.58,18309.00,18420.00,57.87,47.89,0,NO,53.94,55.13,54.05,54.94,54.37,,248,0.00,13501.00,NO,NO,2026-07-08,152200.00
4747,HXA,24.72,24.77,8.00,ETF,ETF,36.00,71.00,,,0.01,0.00,102.00,31.00,25.02,24.75,0,NO,24.83,,,,,,27,0.00,314.00,NO,NO,2026-09-16,2008.00
4748,SPME,24.81,24.87,4182.00,Financial Services,Asset Management,36.00,62.00,52.00,38.00,0.14,0.12,3152.00,5250.00,26.00,24.37,0,NO,24.89,24.99,25.08,24.97,25.03,,308,0.00,4182.00,NO,NO,2025-07-15,218200.00
4749,ZINC,25.17,25.17,5569.00,ETF,ETF,36.00,23.00,46.00,,0.21,0.17,9161.00,5540.00,27.11,24.85,0,NO,25.99,26.33,,26.27,,,86,0.00,5569.00,NO,NO,2026-07-14,165000.00
4750,SQM,64.52,64.12,534932.00,Basic Materials,Specialty Chemicals,36.00,1.00,12.00,4.00,2.15,1.75,972782.00,1062070.00,98.00,40.58,18429351936,NO,69.24,72.19,76.74,71.94,77.34,,8315,0.53,534932.00,NO,NO,1996-04-26,30256447.00
4751,ILS,20.19,20.08,42648.00,ETF,ETF,36.00,,,,,,48001.00,90282.00,20.53,19.64,0,NO,,,,,,,7,0.50,42648.00,NO,NO,2026-09-16,42842.00
4752,KYC,24.72,24.82,55.00,ETF,ETF,36.00,11.00,49.00,,0.28,0.09,352.00,460.00,28.21,22.75,0,NO,26.20,26.51,,26.48,,,102,0.00,200.00,NO,NO,2026-05-06,50700.00
4753,BPYPM,15.88,16.12,25233.00,Finance,Real estate development,36.00,17.00,57.00,16.00,0.45,0.42,19101.00,23520.00,17.90,15.00,0,NO,16.47,16.39,16.26,16.41,16.42,,1303,0.00,25233.00,NO,NO,2021-07-30,2846900.00
4754,OXLCL,23.82,23.82,2827.00,Finance,Financial conglomerates,36.00,41.00,46.00,37.00,0.16,0.11,1900.00,1820.00,24.99,23.42,0,NO,24.10,24.33,24.24,24.29,24.27,,1393,0.00,2827.00,NO,NO,2021-03-18,183600.00
4755,AMCR,41.86,41.81,2376642.00,Consumer Cyclical,Packaging & Containers,36.00,9.00,24.00,47.00,0.86,0.80,3536153.00,3309210.00,50.94,36.25,19337048064,NO,42.62,44.98,42.81,44.78,41.94,,3617,0.00,2376642.00,NO,NO,2026-03-20,46524100.00
4756,TXS,41.85,42.15,7731.00,ETF,ETF,36.00,,,,,,3298.00,2294.00,42.79,34.46,0,NO,,,,,,,6,0.00,7731.00,NO,YES,2026-10-02,7731.00
4757,TVC,23.82,23.99,7821.00,Government,General government,36.00,63.00,56.00,28.00,0.15,0.15,10695.00,12340.00,24.57,23.62,0,NO,23.85,23.96,24.12,23.94,24.04,,7035,0.00,7821.00,NO,NO,2008-03-11,3159300.00
4758,KBWY,16.54,16.49,255793.00,ETF,ETF,36.00,15.00,13.00,54.00,0.23,0.22,197523.00,276110.00,19.35,14.82,0,NO,17.14,17.78,17.00,17.70,17.39,,3982,0.00,255793.00,NO,NO,2024-03-05,920000.00
4759,WIX,72.62,73.35,734854.00,Technology,Software - Infrastructure,36.00,3.00,96.00,10.00,4.72,4.59,1466376.00,1158040.00,155.47,40.16,3039111680,NO,76.52,73.90,72.94,73.67,66.78,,3245,0.00,734854.00,NO,NO,2026-05-13,11117900.00
4760,GLL,25.06,24.70,2962537.00,ETF,ETF,36.00,92.00,58.00,82.00,0.80,0.57,2570765.00,2764820.00,33.20,15.60,0,NO,23.45,23.24,22.09,22.96,22.62,,4485,0.00,2962537.00,NO,NO,2026-01-29,71020300.00
4761,FN,463.69,451.44,659426.00,Technology,Electronic Components,36.00,94.00,21.00,6.00,19.56,17.89,866906.00,796180.00,748.89,358.28,16616267776,NO,408.78,447.97,531.84,451.06,545.50,,4093,1.90,659426.00,NO,NO,2024-09-20,7225100.00
4762,PMTU,25.21,25.17,1816.00,Finance,Real estate investment trusts,36.00,44.00,51.00,31.00,0.15,0.12,2544.00,3510.00,26.26,25.02,0,NO,25.45,25.61,25.56,25.58,25.55,,756,0.00,1816.00,NO,NO,2025-05-16,471500.00
4763,SLWS,100.14,99.95,17.00,ETF,ETF,36.00,65.00,52.00,36.00,0.14,0.06,3430.00,3320.00,102.29,99.82,0,NO,100.51,100.85,101.17,100.76,100.97,,226,0.00,19200.00,NO,NO,2026-09-01,50300.00
4764,LCIV,24.66,24.83,16.00,ETF,ETF,36.00,,,,,,550.00,550.00,25.05,24.54,0,NO,,,,,,,2,0.00,400.00,NO,NO,2026-09-30,700.00
4765,CUST,24.78,24.77,1016.00,ETF,ETF,36.00,62.00,52.00,,0.03,0.02,7479.00,20670.00,25.11,24.73,0,NO,24.83,24.95,,24.93,,,84,0.00,1016.00,NO,NO,2026-09-17,234200.00
4766,PBLS,30.28,30.44,881230.00,Healthcare,Biotechnology,36.00,1.00,77.00,,3.41,3.35,650636.00,1775230.00,42.49,24.51,3740586496,NO,35.65,36.31,,36.50,,,80,0.00,881230.00,NO,NO,2026-09-18,9086000.00
4767,BRSM,25.10,24.90,248.00,ETF,ETF,36.00,38.00,42.00,,0.21,0.13,3150.00,500.00,26.65,24.06,0,NO,25.23,25.70,,25.75,,,84,0.00,248.00,NO,NO,2026-06-04,802600.00
4768,AUSM,24.83,24.80,496.00,ETF,ETF,36.00,61.00,53.00,32.00,0.03,0.01,3734.00,6340.00,25.53,24.76,0,NO,24.93,25.00,25.08,25.00,25.05,,313,0.00,496.00,NO,NO,2025-09-11,565000.00
4769,SDUR,24.76,24.76,11.00,ETF,ETF,36.00,61.00,,,0.03,0.01,15706.00,18730.00,25.25,24.74,0,NO,24.90,,,25.01,,,45,0.00,20100.00,NO,NO,2026-08-07,465400.00
4770,NERD,22.38,22.27,747.00,ETF,ETF,36.00,68.00,83.00,54.00,0.24,0.10,1387.00,990.00,27.99,19.01,0,NO,22.37,22.20,21.72,22.37,21.13,,1844,0.00,747.00,NO,NO,2021-02-23,238500.00
4771,SBAR,25.39,25.32,180207.00,ETF,ETF,36.00,59.00,51.00,43.00,0.19,0.16,122971.00,194340.00,26.78,24.26,0,NO,25.52,25.58,25.61,25.59,25.42,,369,0.16,180207.00,NO,NO,2025-08-11,1240600.00
4772,EUDG,37.35,37.10,3969.00,ETF,ETF,36.00,22.00,27.00,40.00,0.40,0.26,4093.00,4760.00,40.59,34.77,0,NO,38.45,39.31,38.56,39.30,38.48,,3121,0.00,3969.00,NO,NO,2017-11-07,479500.00
4773,IGHG,77.44,77.50,12176.00,ETF,ETF,36.00,65.00,52.00,34.00,0.30,0.28,24174.00,21530.00,79.56,76.76,0,NO,77.75,77.80,78.13,77.81,78.00,,3240,0.00,12176.00,NO,NO,2020-10-15,3220000.00
4774,NRIM,24.76,24.54,159205.00,Financial Services,Banks - Regional,36.00,33.00,17.00,46.00,0.59,0.59,146279.00,161720.00,30.82,19.60,550780416,NO,25.30,25.94,25.45,25.94,25.33,,9034,0.00,159205.00,NO,NO,2015-06-26,3806400.00
4775,DANA,24.92,24.94,1278.00,ETF,ETF,36.00,63.00,55.00,31.00,0.07,0.04,5003.00,2850.00,25.60,24.85,0,NO,24.97,25.01,25.17,25.01,25.11,,209,0.00,1278.00,NO,NO,2026-08-14,90300.00
4776,SLNZ,45.36,45.34,154.00,ETF,ETF,36.00,62.00,57.00,37.00,0.11,0.10,4165.00,8590.00,47.10,44.58,0,NO,45.60,45.67,45.68,45.64,45.56,,468,0.00,154.00,NO,NO,2025-10-24,1031900.00
4777,HYHG,63.75,63.57,56473.00,ETF,ETF,36.00,56.00,50.00,35.00,0.41,0.38,47688.00,50670.00,66.22,63.00,0,NO,64.55,64.64,64.56,64.65,64.54,,3361,0.08,56473.00,NO,NO,2026-09-01,684600.00
4778,NURE,29.49,29.52,4611.00,ETF,ETF,36.00,26.00,16.00,51.00,0.29,0.25,3292.00,6110.00,33.43,26.85,0,NO,30.08,31.29,30.10,31.13,30.62,,2459,0.00,4611.00,NO,NO,2020-10-05,1019800.00
4779,ESTA,64.06,63.04,308283.00,Healthcare,Medical Devices,36.00,5.00,2.00,59.00,2.61,2.53,438868.00,354210.00,97.59,38.38,1909109120,NO,68.87,75.27,73.25,73.73,73.76,,2063,1.51,308283.00,NO,NO,2023-11-08,10486500.00
4780,ICAP,27.46,27.30,9157.00,ETF,ETF,36.00,43.00,37.00,45.00,0.43,0.39,23580.00,25830.00,29.86,25.56,0,NO,27.97,28.53,28.26,28.53,28.16,,1195,0.00,9157.00,NO,NO,2023-02-09,188600.00
4781,NSCI,24.85,24.88,171397.00,ETF,ETF,36.00,59.00,51.00,32.00,0.07,0.07,73619.00,80770.00,25.46,24.82,0,NO,24.99,25.11,25.17,25.09,25.14,,258,0.00,171397.00,NO,NO,2025-09-26,401200.00
4782,IDLV,33.98,33.90,15563.00,ETF,ETF,36.00,24.00,44.00,29.00,0.32,0.21,28149.00,13550.00,36.97,32.50,0,NO,35.16,35.70,35.18,35.69,35.21,,3700,0.21,15563.00,NO,NO,2022-04-12,4163100.00
4783,VDC,218.48,217.71,138005.00,ETF,ETF,36.00,25.00,34.00,26.00,2.28,1.96,163633.00,251150.00,244.33,205.45,0,NO,223.46,228.28,227.55,227.48,227.83,,5705,0.00,138005.00,NO,NO,2020-05-12,2471000.00
4784,XAGI,22.32,21.70,780.00,ETF,ETF,36.00,95.00,84.00,,0.51,0.11,169.00,210.00,25.47,15.76,0,NO,20.80,19.77,,20.21,,,85,2.12,780.00,NO,NO,2026-06-03,10300.00
4785,YETI,40.87,41.37,1105603.00,Consumer Cyclical,Leisure,36.00,56.00,9.00,65.00,1.69,1.63,1603520.00,1941310.00,53.99,31.66,2983052288,NO,41.38,44.54,44.40,43.75,43.83,,1994,0.00,1105603.00,NO,NO,2021-01-20,18608800.00
4786,CDIG,25.12,25.11,4286.00,ETF,ETF,36.00,15.00,39.00,37.00,0.24,0.15,7930.00,9130.00,27.21,22.78,0,NO,25.84,26.08,25.82,26.17,25.77,,263,0.00,4286.00,NO,NO,2025-10-08,377800.00
4787,GECCG,24.64,24.68,129.00,Miscellaneous,Investment trusts,36.00,65.00,49.00,40.00,0.13,0.05,1671.00,1090.00,25.40,24.00,0,NO,24.74,24.82,24.83,24.81,24.82,,265,0.00,500.00,NO,NO,2025-09-22,68700.00
4788,MAIN,55.11,55.66,528944.00,Financial Services,Asset Management,36.00,28.00,81.00,47.00,1.01,0.93,545014.00,495360.00,65.23,48.95,5153251328,NO,55.96,56.81,56.16,56.93,54.21,,4776,0.00,528944.00,NO,NO,2014-06-27,4071200.00
4789,SPCX,158.96,148.07,119274773.00,Industrials,Aerospace & Defense,36.00,93.00,53.00,,6.20,5.89,92368395.00,97717750.00,225.64,104.83,2095375843328,NO,150.13,138.96,,141.95,,,78,1.00,119274773.00,YES,NO,2026-06-12,519234800.00
4790,YLDE,54.47,54.15,16263.00,ETF,ETF,36.00,29.00,38.00,39.00,0.54,0.48,13255.00,13000.00,58.77,49.40,0,NO,55.58,56.72,55.81,56.66,55.83,,2351,0.30,16263.00,NO,NO,2025-03-11,1004300.00
4791,LOHA,25.03,24.80,4295.00,ETF,ETF,36.00,26.00,43.00,,0.26,0.23,28922.00,17170.00,27.25,24.35,0,NO,25.36,26.11,,26.11,,,98,0.59,4295.00,NO,NO,2026-05-21,547500.00
4792,QBUL,24.08,24.03,1504.00,ETF,ETF,36.00,66.00,57.00,41.00,0.05,0.03,17412.00,18550.00,26.40,23.51,0,NO,24.07,24.12,24.01,24.13,24.05,,566,0.00,1504.00,NO,NO,2025-07-14,1929400.00
4793,JHLN,24.47,24.44,71082.00,ETF,ETF,36.00,63.00,55.00,36.00,0.04,0.03,25531.00,19210.00,25.72,24.28,0,NO,24.56,24.59,24.66,24.58,24.60,,282,0.00,71082.00,NO,NO,2026-03-05,10215900.00
4794,CWT,45.96,45.05,427364.00,Utilities,Utilities - Regulated Water,35.00,13.00,22.00,33.00,0.87,0.82,473568.00,457380.00,53.82,41.29,2842125056,NO,47.37,49.09,46.35,48.88,47.10,,13518,0.82,427364.00,NO,NO,2016-03-07,5972500.00
4795,PBSC,24.85,24.82,307.00,ETF,ETF,35.00,56.00,50.00,,0.05,0.01,38233.00,500.00,25.37,24.82,0,NO,25.11,25.20,,25.19,,,72,0.00,307.00,NO,NO,2026-06-23,1025000.00
4796,REZ,87.70,87.68,255854.00,ETF,ETF,35.00,18.00,17.00,43.00,1.00,0.94,56066.00,77410.00,100.43,80.87,0,NO,90.41,93.63,89.76,93.08,91.41,,4885,0.00,255854.00,NO,NO,2021-09-16,3070100.00
4797,SDVD,21.99,21.77,234312.00,ETF,ETF,35.00,34.00,28.00,38.00,0.26,0.23,280961.00,239290.00,24.06,20.55,0,NO,22.23,22.98,22.65,22.95,22.70,,790,0.87,234312.00,NO,NO,2026-04-23,3683500.00
4798,BSTS,24.78,24.81,4855.00,ETF,ETF,35.00,61.00,51.00,,0.06,0.05,7982.00,14590.00,25.15,24.73,0,NO,24.85,24.95,,24.95,,,80,0.00,4855.00,NO,NO,2026-09-15,103600.00
4799,FSTA,50.90,50.72,331418.00,ETF,ETF,35.00,25.00,34.00,26.00,0.54,0.46,157649.00,308890.00,56.93,47.88,0,NO,52.03,53.17,53.01,52.98,53.05,,3254,0.00,331418.00,NO,NO,2018-11-13,3316400.00
4800,ARCC,18.86,19.16,5089842.00,Financial Services,Asset Management,35.00,23.00,69.00,46.00,0.31,0.28,4452852.00,5053580.00,21.14,17.40,13541911552,NO,19.42,19.55,19.19,19.58,18.91,,5534,0.00,5089842.00,NO,NO,2014-06-27,28820900.00
