Rank,Ticker,Price,Prev_Close,DVol,Sector,Industry,RS Percentile,1M_RS Percentile,3M_RS Percentile,6M_RS Percentile,ATR,ADR,AvgVol,AvgVol10,52WKH,52WKL,MCAP,IPO,SMA20,SMA50,SMA200,SMA10W,SMA30W,Earning_Date,History_Days,Gap (%),Latest Volume,9M+ Volume,HVE,HVE Date,HVE Volume
1,SBTU,47.71,50.32,11638.00,ETF,ETF,98.00,96.00,98.00,98.00,5.55,3.96,88076.00,9020.00,59.17,1.30,0,NO,47.07,27.46,10.22,28.62,11.47,,239,0.00,11638.00,NO,NO,2026-08-19,636600.00
2,TJGC,33.28,32.58,25100.00,Communication Services,Advertising Agencies,98.00,98.00,98.00,98.00,4.80,4.80,1128049.00,421580.00,36.76,1.46,336128768,NO,19.32,11.15,5.53,12.54,7.05,,427,0.00,25100.00,NO,NO,2025-06-03,14731900.00
3,BWET,873.00,826.13,92943.00,ETF,ETF,98.00,98.00,98.00,98.00,91.05,75.54,225422.00,184580.00,876.61,13.85,0,NO,726.24,503.31,212.12,546.45,291.91,,858,0.00,92943.00,NO,NO,2024-01-30,657200.00
4,DHY,16.07,16.05,82498.00,Financial Services,Asset Management,98.00,99.00,98.00,98.00,1.06,0.05,93679.00,153015.00,21.20,0.10,222000896,NO,3.10,2.28,1.97,3.14,2.24,,7087,0.00,82498.00,NO,NO,2021-03-02,7011300.00
5,MGRT,103.01,105.32,4762.00,Technology,Information Technology Services,98.00,52.00,93.00,98.00,4.53,3.88,16926.00,6700.00,170.00,4.04,1416387584,NO,116.49,105.28,64.89,106.63,87.52,,307,0.00,4762.00,NO,NO,2025-12-17,3760600.00
6,NFEGP,405.00,400.00,1105.00,,,98.00,,,,51.37,17.12,21857.00,18170.00,519.84,38.40,0,YES,,,,,,,15,0.00,1105.00,NO,NO,2026-09-15,106600.00
7,DLLL,35.42,32.95,1646621.00,ETF,ETF,98.00,96.00,97.00,98.00,3.35,3.07,1869179.00,1898700.00,40.21,2.17,0,NO,34.24,28.56,14.24,30.04,19.27,,410,4.58,1646621.00,NO,NO,2026-05-28,15772800.00
8,MUU,37.10,38.80,31731861.00,ETF,ETF,98.00,95.00,45.00,98.00,2.81,2.60,35276753.00,26667260.00,62.64,2.34,0,NO,34.40,30.90,22.24,31.78,27.78,,496,0.00,31731861.00,YES,NO,2026-06-09,109858000.00
9,MULL,25.88,27.05,6099782.00,ETF,ETF,98.00,95.00,50.00,98.00,1.96,1.82,6879993.00,5826760.00,43.53,1.63,0,NO,23.96,21.52,15.55,22.15,19.37,,473,0.00,6099782.00,NO,NO,2026-04-01,23787500.00
10,AXTI,85.87,81.81,7315566.00,Technology,Semiconductor Equipment & Materials,98.00,98.00,95.00,94.00,6.71,6.10,9995646.00,8994510.00,143.16,4.00,5630771712,NO,71.45,68.23,60.33,72.13,76.29,,7136,1.45,7315566.00,NO,NO,2024-02-23,103105600.00
11,ZCSH,34.04,35.12,1718726.00,ETF,ETF,98.00,98.00,98.00,98.00,3.43,2.96,954885.00,2210640.00,43.91,3.34,0,NO,35.76,23.48,12.69,24.90,14.81,,1245,0.00,1718726.00,NO,NO,2026-09-17,4527600.00
12,SNDK,1719.99,1787.69,8141704.00,Technology,Computer Hardware,98.00,91.00,50.00,97.00,93.26,86.90,13182233.00,9233190.00,2354.39,115.68,251839234048,NO,1713.45,1539.67,1145.85,1581.22,1428.71,,411,0.00,8141704.00,NO,NO,2025-11-26,43000900.00
13,ANL,15.09,15.76,76473.00,Healthcare,Biotechnology,98.00,90.00,95.00,96.00,0.99,0.98,180839.00,109680.00,17.25,0.88,971764864,NO,15.51,14.28,10.35,14.36,12.18,,755,0.00,76473.00,NO,NO,2025-12-29,23639500.00
14,MRNX,135.75,134.53,168229.00,ETF,ETF,98.00,98.00,98.00,98.00,17.63,15.99,278266.00,278710.00,165.00,14.95,0,NO,110.43,75.86,,79.26,45.37,,167,0.75,168229.00,NO,NO,2026-08-19,2943500.00
15,TXG,93.50,88.76,3141738.00,Healthcare,Medical Devices,98.00,98.00,98.00,98.00,5.91,5.72,3032377.00,3398980.00,95.16,11.16,12182223872,NO,77.88,64.80,34.75,66.91,41.33,,1774,0.78,3141738.00,NO,NO,2025-06-27,17909500.00
16,MRNA,190.01,188.94,10252553.00,Healthcare,Biotechnology,98.00,96.00,98.00,98.00,13.73,12.62,17231512.00,17626460.00,208.90,22.28,75858812928,NO,167.69,123.63,68.39,129.29,79.54,,1965,0.00,10252553.00,YES,NO,2026-08-19,199252300.00
17,AMDL,84.54,80.03,2302061.00,ETF,ETF,98.00,98.00,90.00,98.00,6.18,5.21,2758334.00,2268780.00,87.68,10.46,0,NO,69.15,58.46,39.98,60.32,50.59,,639,0.00,2302061.00,NO,NO,2025-10-06,106498200.00
18,AMUU,300.63,284.10,37060.00,ETF,ETF,98.00,98.00,90.00,98.00,20.96,17.00,79069.00,48190.00,310.00,37.95,0,NO,244.92,206.82,140.74,213.47,178.24,,377,0.00,37060.00,NO,NO,2025-10-06,1327100.00
19,QMCO,34.50,31.89,3573848.00,Technology,Computer Hardware,98.00,98.00,98.00,98.00,2.90,2.85,1639974.00,2399900.00,35.14,4.19,1359645056,NO,27.06,21.79,11.50,23.29,13.80,,6835,0.00,3573848.00,NO,NO,2024-11-22,39483900.00
20,RFAIU,39.99,42.31,52.00,Financial Services,Shell Companies,98.00,54.00,98.00,98.00,4.28,4.13,750.00,4260.00,53.70,10.44,0,NO,46.20,31.18,16.00,36.52,19.52,,594,0.00,7800.00,NO,NO,2024-05-17,9572400.00
21,AMDG,143.76,136.18,40145.00,ETF,ETF,98.00,98.00,90.00,98.00,9.82,7.62,50622.00,31120.00,148.20,18.31,0,NO,117.38,99.24,67.91,102.40,85.77,,425,0.00,40145.00,NO,NO,2025-10-06,1776500.00
22,MXL,105.93,92.12,4760558.00,Technology,Semiconductors,98.00,98.00,87.00,98.00,7.12,6.49,3063339.00,3389870.00,128.30,12.77,9607130112,NO,80.51,72.65,53.61,77.32,69.63,,4158,2.53,4760558.00,NO,NO,2026-04-24,29044000.00
23,TWST,188.67,188.05,2076272.00,Healthcare,Biotechnology,98.00,97.00,98.00,98.00,12.64,12.03,1799207.00,2823730.00,200.31,23.30,12509042688,NO,158.12,135.71,77.06,140.32,91.75,,1990,0.00,2076272.00,NO,NO,2022-11-15,7568500.00
24,MRVU,155.89,150.69,105407.00,ETF,ETF,98.00,98.00,52.00,98.00,11.94,9.93,177036.00,99620.00,308.77,20.80,0,NO,129.42,114.55,,118.81,112.82,,161,0.00,105407.00,NO,NO,2026-06-03,1251400.00
25,XRPN,39.42,23.43,9211779.00,Financial Services,Shell Companies,98.00,98.00,98.00,98.00,3.70,3.32,240185.00,1191690.00,52.82,10.10,1245277696,NO,13.05,11.52,10.63,13.41,11.39,,322,23.77,9211779.00,YES,YES,2026-10-02,9211779.00
26,AGL,84.14,82.28,205143.00,Healthcare,Medical Care Facilities,98.00,35.00,4.00,98.00,5.58,5.41,295671.00,279930.00,133.04,7.48,1412812416,NO,86.40,90.71,58.19,90.54,75.59,,1374,1.85,205143.00,NO,NO,2025-08-05,7008856.00
27,RFAI,38.33,37.95,2202.00,Financial Services,Shell Companies,98.00,8.00,98.00,98.00,6.49,6.36,84360.00,10330.00,73.00,8.94,319816512,NO,36.22,28.55,15.32,32.65,18.20,,564,0.00,2202.00,NO,NO,2026-08-21,3150800.00
28,XRPNU,37.91,22.75,17125.00,Financial Services,Shell Companies,98.00,98.00,98.00,98.00,2.70,1.92,1087.00,1520.00,46.98,10.10,0,NO,13.33,11.91,11.08,13.69,11.78,,344,26.90,17125.00,NO,NO,2025-05-21,10914000.00
29,LINT,157.91,160.00,78635.00,ETF,ETF,98.00,98.00,6.00,98.00,16.11,13.49,127003.00,105640.00,266.71,23.87,0,NO,141.98,119.97,103.76,122.78,131.26,,218,0.00,78635.00,NO,NO,2026-01-23,456000.00
30,KOD,94.45,98.46,2672738.00,Healthcare,Biotechnology,98.00,98.00,98.00,97.00,8.71,6.67,1481184.00,6124440.00,104.00,10.94,5936131072,NO,48.32,43.65,35.63,43.21,39.47,,2009,0.00,2672738.00,NO,NO,2026-09-28,38552000.00
31,BUUU,39.20,38.75,108869.00,Industrials,Specialty Business Services,98.00,97.00,98.00,97.00,4.45,4.39,78563.00,99600.00,52.91,5.70,738822016,NO,42.17,33.24,19.42,34.17,23.11,,286,0.00,108869.00,NO,NO,2025-08-14,1682200.00
32,EDRY,55.88,55.73,114421.00,Industrials,Marine Shipping,98.00,65.00,98.00,98.00,5.67,5.66,141519.00,185880.00,73.07,11.95,177677664,NO,59.43,46.94,26.02,49.24,30.71,,2096,0.00,114421.00,NO,NO,2020-11-12,15683900.00
33,INTW,30.81,31.17,4072215.00,ETF,ETF,98.00,98.00,5.00,98.00,3.28,2.80,4733926.00,5353260.00,52.62,4.47,0,NO,27.75,23.48,20.42,24.02,25.80,,411,0.00,4072215.00,NO,NO,2025-09-18,79455200.00
34,OKTG,58.77,59.42,44915.00,ETF,ETF,98.00,98.00,98.00,98.00,4.89,4.72,31911.00,61370.00,61.36,7.00,0,NO,48.89,38.44,22.02,38.91,24.85,,220,0.00,44915.00,NO,NO,2026-05-29,411900.00
35,SVRN,36.16,38.87,179231.00,Financial Services,Asset Management,98.00,98.00,98.00,98.00,10.74,9.83,100447.00,364990.00,74.74,3.12,67829504,NO,27.67,15.50,12.86,16.11,11.05,,1215,0.00,179231.00,NO,NO,2026-03-03,5494625.00
36,CDNA,67.15,66.23,1589403.00,Healthcare,Diagnostics & Research,98.00,97.00,98.00,98.00,3.11,3.10,1231752.00,1643000.00,69.80,13.95,3473953280,NO,56.77,50.25,28.76,51.99,33.01,,3072,0.15,1589403.00,NO,NO,2025-07-17,16111000.00
37,MVLL,37.95,36.74,2123292.00,ETF,ETF,98.00,98.00,41.00,98.00,3.02,2.57,3437900.00,2135240.00,77.67,4.83,0,NO,31.60,28.07,22.14,29.11,28.14,,396,0.00,2123292.00,NO,NO,2025-08-29,36696300.00
38,CRWL,108.37,105.58,56346.00,ETF,ETF,98.00,98.00,97.00,98.00,7.84,7.73,151465.00,105500.00,110.45,15.25,0,NO,89.35,77.18,45.77,77.59,53.19,,473,0.00,56346.00,NO,NO,2026-02-23,1426500.00
39,MU,1074.89,1097.39,26523742.00,Technology,Semiconductors,98.00,92.00,85.00,98.00,42.24,38.96,33908822.00,27637450.00,1255.00,179.61,1213973397504,NO,1025.00,956.05,681.61,973.67,808.47,,10667,0.00,26523742.00,YES,NO,2013-10-11,153906100.00
40,SNXX,16.33,17.68,59480426.00,ETF,ETF,98.00,94.00,1.00,98.00,1.79,1.67,86481977.00,54080160.00,49.34,3.14,0,NO,16.55,14.12,,14.70,17.35,,173,0.00,59480426.00,YES,NO,2026-07-29,221465500.00
41,DELL,562.52,541.74,5366986.00,Technology,Computer Hardware,98.00,93.00,95.00,98.00,27.03,24.77,7710131.00,7838680.00,595.51,110.22,357657378816,NO,548.15,488.96,293.15,503.32,365.66,,2546,2.31,5366986.00,NO,NO,2016-09-07,147907159.00
42,OESX,30.44,30.73,35371.00,Industrials,Electrical Equipment & Parts,98.00,97.00,98.00,98.00,2.04,1.96,83095.00,60650.00,31.65,7.84,124477872,NO,28.55,22.28,14.26,23.63,14.41,,4726,0.00,35371.00,NO,NO,2026-08-05,678000.00
43,PUL,70.37,64.53,5999.00,ETF,ETF,98.00,98.00,,,4.69,2.73,2296.00,6200.00,70.37,18.75,0,NO,46.08,40.18,,42.72,,,63,6.57,5999.00,NO,NO,2026-09-24,26200.00
44,AEHR,107.21,101.60,2191192.00,Technology,Semiconductor Equipment & Materials,98.00,97.00,96.00,97.00,7.42,6.95,2819773.00,2092660.00,147.40,18.70,3501430016,NO,94.94,96.19,69.62,98.57,85.80,,7328,3.35,2191192.00,NO,NO,2021-07-19,139700300.00
45,BAND,63.74,62.44,895345.00,Technology,Software - Infrastructure,98.00,97.00,80.00,98.00,4.28,4.28,1042804.00,1028870.00,79.08,12.50,2051203456,NO,54.95,51.32,37.55,51.60,47.82,,2235,1.70,895345.00,NO,NO,2022-11-02,11116300.00
46,LITE,1085.42,1045.78,4663824.00,Technology,Communication Equipment,98.00,96.00,97.00,87.00,62.16,58.82,4646644.00,5113310.00,1091.61,147.81,97362173952,NO,941.73,879.03,745.43,905.82,856.48,,2816,0.52,4663824.00,NO,NO,2026-03-20,22868800.00
47,PALU,64.38,62.28,110115.00,ETF,ETF,98.00,97.00,89.00,98.00,4.64,4.45,122320.00,108980.00,67.86,9.85,0,NO,55.38,54.56,31.12,54.21,37.16,,382,0.00,110115.00,NO,NO,2026-06-02,1848600.00
48,VICR,308.90,308.59,976286.00,Technology,Electronic Components,98.00,98.00,84.00,96.00,19.66,16.31,864593.00,1135520.00,382.65,48.53,14242369536,NO,237.45,219.61,216.43,225.16,240.42,,9192,0.00,976286.00,NO,NO,2023-07-26,4839800.00
49,PANG,39.58,38.32,20307.00,ETF,ETF,98.00,97.00,89.00,98.00,2.88,2.62,45711.00,45190.00,41.59,6.05,0,NO,34.04,33.53,19.21,33.28,22.86,,386,2.35,20307.00,NO,NO,2026-02-18,646000.00
50,SOXL,163.71,153.69,61952497.00,ETF,ETF,98.00,98.00,8.00,98.00,11.48,9.25,63779074.00,60461590.00,302.00,28.12,0,NO,132.12,126.98,117.52,130.98,141.83,,4167,0.00,61952497.00,YES,NO,2025-04-09,787748800.00
51,MSTC,70.02,70.74,3409.00,ETF,ETF,98.00,98.00,98.00,,4.85,1.75,1453.00,700.00,78.69,23.40,0,NO,61.94,46.86,,49.55,,,69,0.00,3409.00,NO,NO,2026-08-21,17900.00
52,SILC,60.03,53.63,256706.00,Technology,Communication Equipment,98.00,98.00,95.00,98.00,3.31,3.21,174963.00,130210.00,60.73,13.34,345029088,NO,47.37,44.55,32.78,45.95,39.50,,8209,2.54,256706.00,NO,NO,1999-12-08,2163100.00
53,BNMC,68.62,69.04,17.00,ETF,ETF,98.00,78.00,,,5.50,1.58,518.00,910.00,80.06,24.42,0,NO,65.64,51.90,,55.24,,,58,0.00,100.00,NO,NO,2026-07-10,9100.00
54,LITX,42.00,38.97,2290845.00,ETF,ETF,98.00,97.00,98.00,48.00,4.15,3.95,2965944.00,2746270.00,62.79,9.23,0,NO,32.46,29.89,,31.41,34.95,,173,1.85,2290845.00,NO,NO,2026-05-06,15119800.00
55,SYRE,93.19,89.93,1235013.00,Healthcare,Biotechnology,98.00,88.00,80.00,96.00,4.52,4.12,1142380.00,1509490.00,110.17,15.86,8216912896,NO,89.47,95.98,67.63,95.24,80.23,,2638,1.37,1235013.00,NO,NO,2023-06-22,10228380.00
56,TOP,15.37,14.93,84501.00,Financial Services,Capital Markets,98.00,75.00,97.00,98.00,0.76,0.75,111093.00,93270.00,17.42,3.06,1901353728,NO,15.07,13.62,7.57,13.92,8.65,,1089,2.31,84501.00,NO,NO,2024-02-09,14525880.00
57,SAIH,24.71,28.49,50789.00,Technology,Information Technology Services,98.00,45.00,98.00,98.00,2.24,2.06,13784.00,11340.00,33.00,5.90,45399484,NO,26.88,23.49,13.19,23.72,15.19,,1323,0.00,50789.00,NO,NO,2023-04-26,3801647.00
58,BDSX,27.72,27.33,124289.00,Healthcare,Diagnostics & Research,98.00,78.00,93.00,96.00,2.05,2.04,98741.00,125560.00,31.97,5.26,292476992,NO,28.17,25.84,16.92,26.13,19.61,,1489,0.80,124289.00,NO,NO,2026-01-12,75528700.00
59,AMD,633.91,615.73,19323673.00,Technology,Semiconductors,98.00,97.00,90.00,98.00,25.24,21.16,23752384.00,23640490.00,645.46,163.14,1034842210304,NO,566.49,513.53,374.72,523.08,442.33,,11732,0.00,19323673.00,YES,NO,2018-08-27,325058400.00
60,UMC,26.27,25.21,10080617.00,Technology,Semiconductors,98.00,96.00,69.00,98.00,0.95,0.74,13073415.00,10650080.00,28.96,6.97,65882759168,NO,23.70,20.93,15.81,21.36,18.33,,6548,1.82,10080617.00,YES,NO,2025-03-31,50395100.00
61,HPE,69.33,64.58,28994373.00,Technology,Communication Equipment,98.00,97.00,97.00,98.00,3.59,3.29,20239296.00,19229800.00,70.29,19.84,92033138688,NO,60.38,55.73,36.90,57.27,42.98,,2755,3.56,28994373.00,YES,NO,2026-06-02,153197800.00
62,IMOS,83.30,72.68,258069.00,Technology,Semiconductors,98.00,98.00,90.00,97.00,3.79,2.06,104066.00,105910.00,83.84,19.24,2896416512,NO,63.55,57.77,49.33,59.71,55.59,,5850,9.91,258069.00,NO,NO,2013-04-19,2513512.00
63,NVCT,21.92,20.72,207347.00,Healthcare,Biotechnology,98.00,13.00,88.00,98.00,1.52,1.47,230458.00,249620.00,29.27,5.55,715557952,NO,22.06,21.75,13.47,21.93,15.55,,1169,1.88,207347.00,NO,NO,2022-02-07,43338700.00
64,RNG,78.28,78.31,1266581.00,Technology,Software - Application,98.00,89.00,98.00,97.00,3.50,3.38,1870253.00,1798960.00,81.90,24.14,6536862208,NO,74.51,67.93,44.18,68.81,49.82,,3273,0.00,1266581.00,NO,NO,2026-02-11,15343500.00
65,COHU,73.48,70.34,1349513.00,Technology,Semiconductor Equipment & Materials,98.00,98.00,93.00,97.00,3.36,2.92,1037126.00,966510.00,74.69,18.67,3478428160,NO,60.02,54.59,43.81,56.86,50.55,,11732,4.04,1349513.00,NO,NO,2025-09-25,6205800.00
66,ASX,47.45,44.73,8066598.00,Technology,Semiconductors,98.00,96.00,86.00,97.00,1.79,1.50,7786309.00,7327050.00,47.93,11.03,123543928832,NO,41.90,38.98,30.67,39.68,35.14,,6539,2.54,8066598.00,NO,NO,2025-04-09,36777100.00
67,BEG,54.43,50.33,361931.00,ETF,ETF,98.00,98.00,2.00,97.00,7.27,6.44,372438.00,353480.00,121.25,10.89,0,NO,50.15,40.04,48.26,42.24,54.22,,200,4.83,361931.00,NO,NO,2026-07-29,1629300.00
68,PLSE,47.90,49.83,519092.00,Healthcare,Medical Instruments & Supplies,98.00,11.00,97.00,97.00,3.32,3.25,497015.00,544960.00,58.90,12.56,3416353024,NO,51.92,46.89,27.73,47.98,32.19,,2609,0.00,519092.00,NO,NO,2022-09-26,4339700.00
69,ATEX,84.33,82.48,235799.00,Communication Services,Telecom Services,98.00,46.00,5.00,97.00,4.19,3.94,335880.00,306610.00,113.00,17.58,1653693312,NO,81.32,88.13,59.35,88.06,72.09,,2934,0.00,235799.00,NO,NO,2020-12-21,3077900.00
70,RLYB,17.08,16.76,7853.00,Healthcare,Biotechnology,98.00,73.00,85.00,97.00,0.43,0.41,22992.00,9660.00,17.57,3.67,90738936,NO,16.93,16.70,11.86,16.74,14.14,,1301,0.18,7853.00,NO,NO,2025-07-08,18984488.00
71,RVMD,206.64,205.89,1570190.00,Healthcare,Biotechnology,98.00,57.00,85.00,97.00,7.40,7.40,1919231.00,2590040.00,224.31,45.72,44290478080,NO,201.56,202.39,145.93,203.01,164.28,,1668,0.00,1570190.00,NO,NO,2025-06-27,26439100.00
72,MRVL,272.29,268.08,14725646.00,Technology,Semiconductors,98.00,96.00,86.00,98.00,11.77,10.01,22371112.00,16954510.00,329.88,70.69,244708294656,NO,246.18,226.73,166.91,232.01,200.94,,6603,0.00,14725646.00,YES,NO,2026-06-18,250989400.00
73,PLTL,67.02,66.24,167.00,ETF,ETF,98.00,90.00,98.00,,1.97,0.70,995.00,1240.00,70.26,27.78,0,NO,61.52,55.91,,58.63,,,68,0.06,9200.00,NO,NO,2026-08-10,9400.00
74,ETON,55.36,51.98,673106.00,Healthcare,Drug Manufacturers - Specialty & Generic,98.00,9.00,96.00,97.00,3.62,3.60,595838.00,762470.00,66.37,14.27,1582362368,NO,56.77,54.61,32.11,55.72,38.70,,1981,0.85,673106.00,NO,NO,2023-08-11,15757000.00
75,SIF,23.62,22.55,44277.00,Industrials,Aerospace & Defense,98.00,92.00,22.00,94.00,0.98,0.97,117625.00,44400.00,29.00,4.88,0,NO,21.65,22.63,16.62,22.63,20.07,,13518,1.33,44277.00,NO,NO,2020-12-24,23826800.00
76,ORKA,84.52,83.42,581494.00,Healthcare,Biotechnology,98.00,15.00,69.00,93.00,4.49,4.38,926977.00,1271360.00,115.52,19.04,5596043776,NO,90.10,95.76,63.92,95.43,76.22,,7333,0.00,581494.00,NO,NO,2026-04-29,7921000.00
77,PBRG,48.94,46.29,7180.00,ETF,ETF,98.00,86.00,98.00,56.00,1.84,1.11,2669.00,5390.00,52.49,14.83,0,NO,46.21,40.36,,40.89,39.67,,198,0.00,7180.00,NO,NO,2026-03-30,38900.00
78,SNDU,25.17,27.15,3917795.00,ETF,ETF,97.00,94.00,1.00,98.00,2.74,2.56,8996457.00,3996360.00,79.00,5.72,0,NO,25.58,21.92,,22.76,27.50,,142,0.00,3917795.00,NO,NO,2026-07-29,36061600.00
79,OMER,18.61,18.47,956328.00,Healthcare,Biotechnology,97.00,57.00,98.00,95.00,0.92,0.84,1777258.00,1483340.00,21.24,4.06,1347146624,NO,18.90,16.94,12.99,17.40,13.19,,4272,0.70,956328.00,NO,NO,2025-10-15,125221000.00
80,INTC,119.33,120.00,94956744.00,Technology,Semiconductors,97.00,97.00,45.00,97.00,6.61,5.62,107988306.00,117709480.00,142.35,32.89,630790946816,NO,111.64,100.87,81.18,102.36,96.39,,11732,0.00,94956744.00,YES,NO,1993-04-19,567708800.00
81,GRAL,143.26,132.56,873560.00,Healthcare,Diagnostics & Research,97.00,98.00,98.00,98.00,10.45,9.50,887717.00,1955560.00,151.46,41.50,6398884352,NO,102.01,84.83,73.68,87.29,68.78,,579,2.23,873560.00,NO,NO,2026-02-20,15444900.00
82,PBF,80.78,82.34,3947656.00,Energy,Oil & Gas Refining & Marketing,97.00,88.00,97.00,95.00,4.89,4.82,3342611.00,4084980.00,83.36,25.62,9575406592,NO,75.40,71.68,48.25,73.49,54.67,,3471,0.00,3947656.00,NO,NO,2022-11-30,33081200.00
83,TXXH,67.79,69.68,13823.00,ETF,ETF,97.00,86.00,90.00,,6.94,4.87,15695.00,14840.00,86.40,23.05,0,NO,70.01,55.22,,56.77,,,108,0.00,13823.00,NO,NO,2026-06-05,72200.00
84,BE,289.15,277.58,12841695.00,Industrials,Electrical Equipment & Parts,97.00,97.00,47.00,97.00,20.71,18.55,15686084.00,20826770.00,351.28,75.70,85162582016,NO,272.21,236.16,207.42,243.94,235.12,,2059,2.31,12841695.00,YES,NO,2026-09-18,73471700.00
85,SMTC,194.88,186.59,4908624.00,Technology,Semiconductors,97.00,97.00,96.00,97.00,11.62,10.45,2934023.00,3466430.00,201.97,60.28,18187298816,NO,171.10,145.96,116.89,153.02,132.36,,11732,2.86,4908624.00,NO,NO,2023-10-19,23292100.00
86,ANRO,24.80,25.31,660688.00,Healthcare,Biotechnology,97.00,0.00,28.00,69.00,1.76,1.72,550090.00,751650.00,37.48,4.71,973204160,NO,29.69,30.90,23.72,30.64,25.86,,669,0.00,660688.00,NO,NO,2025-10-03,61880600.00
87,CHNU,37.17,42.19,23541.00,ETF,ETF,97.00,97.00,98.00,,4.22,3.06,10249.00,18900.00,48.23,11.63,0,NO,33.90,26.23,,27.30,,,128,0.00,23541.00,NO,NO,2026-08-21,53600.00
88,HBB,37.99,37.12,88756.00,Consumer Cyclical,"Furnishings, Fixtures & Appliances",97.00,95.00,98.00,97.00,1.76,1.72,74842.00,97420.00,39.99,13.75,510674208,NO,33.70,31.25,22.23,32.00,24.02,,2267,2.21,88756.00,NO,NO,2022-06-24,1353100.00
89,DOCN,140.07,139.80,1930131.00,Technology,Software - Infrastructure,97.00,97.00,82.00,93.00,9.10,8.68,2933665.00,2962310.00,187.50,37.09,16375317504,NO,132.50,124.74,105.41,124.38,123.83,,1389,0.00,1930131.00,NO,NO,2026-04-08,16602000.00
90,ECO,87.28,85.74,898271.00,Industrials,Marine Shipping,97.00,96.00,97.00,94.00,3.80,3.49,599896.00,838950.00,87.71,27.74,3407817472,NO,79.41,69.45,53.18,71.18,58.25,,788,0.00,898271.00,NO,NO,2026-09-22,1797000.00
91,FORM,149.15,148.44,2004452.00,Technology,Semiconductor Equipment & Materials,97.00,98.00,93.00,91.00,6.85,5.80,1297009.00,1379580.00,160.27,37.14,11651705856,NO,122.19,115.28,108.54,118.71,121.28,,5865,0.00,2004452.00,NO,NO,2018-03-09,14323200.00
92,BEX,39.45,36.47,3588483.00,ETF,ETF,97.00,98.00,2.00,97.00,5.43,4.86,2609863.00,2798710.00,86.12,7.20,0,NO,36.13,28.75,34.10,30.33,38.45,,222,4.61,3588483.00,NO,NO,2026-07-29,10914200.00
93,LIFE,34.12,32.57,1347645.00,Financial Services,Insurance Brokers,97.00,16.00,98.00,98.00,2.85,2.85,1365211.00,1793820.00,42.55,9.45,3270008064,NO,36.79,33.38,,34.34,22.86,,171,0.21,1347645.00,NO,NO,2026-08-04,5332100.00
94,ORAC,21.03,19.74,3204.00,ETF,ETF,97.00,16.00,15.00,,1.58,1.06,5412.00,6980.00,29.07,7.16,0,NO,22.42,22.18,,22.82,,,68,5.82,3204.00,NO,NO,2026-06-29,522900.00
95,OCC,18.24,17.35,227425.00,Technology,Communication Equipment,97.00,97.00,91.00,96.00,0.99,0.92,237261.00,138310.00,27.98,4.02,161278512,NO,14.71,14.70,11.36,15.24,13.88,,7675,0.98,227425.00,NO,NO,2024-12-23,36950700.00
96,AAOI,115.59,107.32,11004649.00,Technology,Communication Equipment,97.00,92.00,24.00,62.00,7.06,6.98,9295133.00,7580280.00,233.67,18.50,9814317056,NO,103.17,111.15,108.79,114.43,131.76,,3274,2.93,11004649.00,YES,NO,2022-09-16,77414200.00
97,CLMT,55.28,53.72,1518132.00,Basic Materials,Specialty Chemicals,97.00,83.00,97.00,93.00,2.54,2.54,1319866.00,1806140.00,59.87,17.42,4859014144,NO,55.49,49.89,35.09,50.60,39.69,,5204,0.00,1518132.00,NO,NO,2016-04-18,11492600.00
98,FET,83.14,82.30,142859.00,Energy,Oil & Gas Equipment & Services,97.00,75.00,98.00,90.00,2.79,2.78,189709.00,190020.00,87.42,25.24,953840192,NO,81.69,77.42,58.22,79.17,63.00,,3640,0.00,142859.00,NO,NO,2020-04-23,2488920.00
99,STX,848.99,945.57,13521412.00,Technology,Computer Hardware,97.00,85.00,46.00,96.00,52.76,45.32,4408461.00,3708890.00,1145.00,209.00,193054392320,NO,872.51,854.72,650.71,862.62,766.12,,5990,0.00,13521412.00,YES,NO,2012-06-29,89629700.00
100,TERG,54.45,47.08,61209.00,ETF,ETF,97.00,98.00,91.00,87.00,3.44,2.94,42173.00,27830.00,80.05,12.19,0,NO,40.19,40.49,42.58,42.42,46.59,,220,6.20,61209.00,NO,NO,2026-04-29,432200.00
101,ASST,30.03,30.11,11308889.00,Financial Services,Asset Management,97.00,96.00,98.00,98.00,1.91,1.77,6312166.00,8075950.00,54.80,7.02,2932481280,NO,28.69,20.99,15.52,22.02,16.35,,919,0.00,11308889.00,YES,NO,2025-10-27,54170565.00
102,CUE,25.57,25.25,156834.00,Healthcare,Biotechnology,97.00,26.00,5.00,98.00,4.88,4.88,266377.00,730990.00,45.50,4.98,185751056,NO,30.04,28.74,20.11,29.02,24.61,,2200,0.00,156834.00,NO,NO,2026-05-01,18924600.00
103,OKTA,211.49,212.63,2068431.00,Technology,Software - Infrastructure,97.00,96.00,96.00,98.00,9.47,9.35,3502974.00,4235000.00,216.59,62.66,36972879872,NO,191.07,164.75,112.14,166.52,123.01,,2385,0.00,2068431.00,NO,NO,2022-09-01,45872000.00
104,PENG,61.36,54.98,3339481.00,Technology,Information Technology Services,97.00,96.00,16.00,98.00,3.08,2.65,2609642.00,1519870.00,89.86,16.04,3144252160,NO,52.93,53.27,39.73,55.08,48.10,,2353,4.07,3339481.00,NO,NO,2019-01-09,15604200.00
105,SIMO,280.50,275.24,640568.00,Technology,Semiconductors,97.00,94.00,13.00,97.00,12.98,12.23,940365.00,651690.00,355.00,79.76,9511260160,NO,268.42,256.28,201.47,265.23,239.09,,5348,1.08,640568.00,NO,NO,2023-07-26,17771600.00
106,CHRN,19.21,19.37,155366.00,Technology,Information Technology Services,97.00,74.00,81.00,97.00,1.53,1.51,201403.00,114070.00,30.00,3.50,2789576704,NO,19.77,20.60,15.06,20.52,17.48,,3196,0.00,155366.00,NO,NO,2025-12-30,111143000.00
107,TWLO,294.58,301.27,3672137.00,Technology,Software - Infrastructure,97.00,96.00,96.00,97.00,16.01,15.63,2279180.00,3523880.00,305.95,99.22,45240184832,NO,261.52,237.18,176.11,241.45,196.91,,2584,0.00,3672137.00,NO,NO,2022-11-04,44840800.00
108,SKHA,40.72,40.00,8636.00,ETF,ETF,97.00,97.00,,,2.56,1.84,8187.00,6970.00,43.62,19.25,0,NO,37.70,,,32.99,,,48,0.15,8636.00,NO,NO,2026-07-29,28600.00
109,ARMG,23.52,21.40,2884088.00,ETF,ETF,97.00,98.00,2.00,98.00,3.01,2.40,996739.00,2064250.00,65.95,4.63,0,NO,20.75,19.27,17.98,19.64,23.02,,432,0.00,2884088.00,NO,NO,2026-05-06,10883000.00
110,CORT,116.23,114.03,930248.00,Healthcare,Biotechnology,97.00,85.00,94.00,98.00,5.38,5.38,1319511.00,2588730.00,126.38,28.66,12564277248,NO,114.16,113.00,69.92,114.29,80.15,,5654,0.31,930248.00,NO,NO,2020-09-02,88404100.00
111,LIND,34.78,33.63,1003225.00,Consumer Cyclical,Travel Services,97.00,97.00,95.00,97.00,1.47,1.37,850241.00,1056500.00,35.49,11.37,2282252544,NO,28.16,29.84,22.36,30.01,24.51,,3333,2.59,1003225.00,NO,NO,2026-06-26,4872900.00
112,LRCU,61.40,58.89,82782.00,ETF,ETF,97.00,97.00,11.00,96.00,3.82,3.30,92971.00,86810.00,113.66,14.19,0,NO,48.05,49.47,48.57,50.75,54.27,,283,0.00,82782.00,NO,NO,2026-07-30,400400.00
113,UCO,54.43,54.64,2770508.00,ETF,ETF,97.00,93.00,97.00,89.00,2.01,1.64,2945077.00,2659640.00,54.87,18.12,0,NO,52.08,45.91,37.35,46.52,43.02,,4490,0.00,2770508.00,NO,NO,2020-04-21,207308000.00
114,MANE,116.76,117.22,598069.00,Healthcare,Biotechnology,97.00,94.00,33.00,95.00,6.36,6.30,721949.00,900220.00,131.24,32.00,4878248960,NO,109.48,107.40,,107.04,97.09,,167,0.00,598069.00,NO,NO,2026-06-26,4047300.00
115,CRWD,270.04,266.09,5830129.00,Technology,Software - Infrastructure,97.00,97.00,95.00,98.00,11.14,11.03,9714880.00,10282680.00,273.54,85.68,276503363584,NO,242.28,219.80,153.54,221.22,170.84,,1838,1.34,5830129.00,NO,NO,2024-06-21,209024000.00
116,MXLL,30.10,23.10,74917.00,ETF,ETF,97.00,98.00,,,3.14,2.61,22748.00,37940.00,30.10,9.48,0,NO,18.44,,,,,,38,6.06,74917.00,NO,YES,2026-10-02,74917.00
117,SNOU,68.07,67.75,34313.00,ETF,ETF,97.00,95.00,97.00,98.00,4.87,4.58,76093.00,45890.00,86.00,10.51,0,NO,65.53,63.30,38.19,64.95,40.23,,363,0.00,34313.00,NO,NO,2026-05-28,1302300.00
118,VIAV,47.10,44.78,10059066.00,Technology,Communication Equipment,97.00,97.00,87.00,85.00,2.38,2.28,4978553.00,6660480.00,60.43,12.23,11621916672,NO,38.23,38.30,36.79,39.18,42.42,,8274,2.52,10059066.00,YES,NO,2013-12-20,87404420.00
119,MTW,23.22,22.40,369453.00,Industrials,Farm & Heavy Construction Machinery,97.00,93.00,98.00,96.00,0.99,0.92,383747.00,605580.00,23.56,9.93,837358848,NO,21.67,19.36,14.60,20.25,15.19,,9198,2.05,369453.00,NO,NO,2009-08-31,39005667.00
120,KRT,54.57,53.37,250457.00,Consumer Cyclical,Packaging & Containers,97.00,93.00,97.00,96.00,1.62,1.61,151192.00,207240.00,54.91,20.61,1087673984,NO,50.76,47.79,32.69,48.53,36.26,,1374,0.92,250457.00,NO,NO,2021-04-15,1963200.00
121,ILMN,273.04,265.72,2618634.00,Healthcare,Diagnostics & Research,97.00,96.00,96.00,97.00,13.33,12.94,2594571.00,5932430.00,280.17,88.00,41229041664,NO,241.41,218.89,162.70,222.63,174.90,,6584,0.07,2618634.00,NO,NO,2024-06-21,36257766.00
122,KORU,22.95,21.09,21457081.00,ETF,ETF,97.00,93.00,2.00,94.00,1.90,1.31,28665679.00,18283490.00,63.98,5.32,0,NO,21.35,19.77,24.02,20.62,26.68,,3392,7.82,21457081.00,YES,NO,2024-12-03,107838800.00
123,HPEL,26.35,23.01,410941.00,ETF,ETF,97.00,98.00,98.00,,2.35,2.08,208449.00,307950.00,26.91,10.45,0,NO,20.39,18.06,,19.00,,,72,5.30,410941.00,NO,NO,2026-09-02,1895900.00
124,MPC,422.33,420.15,2163484.00,Energy,Oil & Gas Refining & Marketing,97.00,90.00,97.00,95.00,17.31,17.17,2533912.00,3554800.00,431.08,161.93,118600720384,NO,401.34,365.45,261.72,372.52,292.73,,3841,0.00,2163484.00,NO,NO,2018-09-28,39153800.00
125,NCEW,17.63,17.62,76.00,Industrials,Integrated Freight & Logistics,97.00,21.00,80.00,91.00,0.30,0.10,2696.00,610.00,20.83,2.80,56415996,NO,17.40,17.22,13.54,17.08,16.13,,447,0.00,200.00,NO,NO,2025-05-07,5841313.00
126,VLO,406.30,408.46,2572839.00,Energy,Oil & Gas Refining & Marketing,97.00,91.00,97.00,94.00,18.03,18.02,3041320.00,4667610.00,419.04,155.29,116984922112,NO,391.17,355.08,260.29,362.20,289.68,,11278,0.00,2572839.00,NO,NO,2004-04-28,84719360.00
127,P,140.14,134.13,4867493.00,Technology,Computer Hardware,97.00,98.00,98.00,97.00,7.15,6.32,4436117.00,12522160.00,140.83,56.78,46698467328,NO,111.65,102.05,78.61,105.53,82.74,,2764,0.46,4867493.00,NO,NO,2026-09-18,73094300.00
128,ANDG,57.14,57.36,685390.00,Consumer Cyclical,Personal Services,97.00,78.00,97.00,96.00,2.26,2.23,483241.00,717460.00,58.18,18.12,1059399040,NO,54.61,51.81,,52.68,40.95,,199,0.00,685390.00,NO,NO,2025-12-17,7670200.00
129,TEAM,187.89,189.91,1701477.00,Technology,Software - Application,97.00,73.00,98.00,98.00,8.72,7.93,4167957.00,3442740.00,200.00,56.01,47562252288,NO,186.59,163.62,112.36,171.15,111.76,,2719,0.00,1701477.00,NO,NO,2026-05-01,27384500.00
130,DINO,113.36,112.70,2343276.00,Energy,Oil & Gas Refining & Marketing,97.00,88.00,97.00,96.00,5.26,5.25,2780626.00,3212850.00,118.39,45.71,20153577472,NO,109.15,99.37,71.12,101.29,79.42,,11732,0.00,2343276.00,NO,NO,2021-06-03,44093600.00
131,MTRN,312.16,285.14,404221.00,Basic Materials,Other Industrial Metals & Mining,97.00,96.00,92.00,97.00,11.04,10.34,309838.00,246670.00,314.24,109.61,6503455232,NO,258.67,251.65,199.43,258.41,224.69,,11732,2.49,404221.00,NO,NO,2007-06-20,4251800.00
132,PS,52.76,53.21,207072.00,Financial Services,Asset Management,97.00,97.00,97.00,,4.27,4.21,355439.00,869580.00,59.94,22.01,21103998976,NO,46.89,41.69,,42.97,,,109,0.00,207072.00,NO,NO,2026-04-29,3286100.00
133,NBIS,242.81,232.28,12225785.00,Communication Services,Internet Content & Information,97.00,95.00,89.00,97.00,15.08,14.44,20119823.00,15351800.00,299.86,73.52,66009169920,NO,229.51,218.85,167.74,223.90,197.12,,489,1.50,12225785.00,YES,NO,2025-09-09,88378300.00
134,ALNT,118.30,115.95,202952.00,Technology,Electronic Components,97.00,97.00,95.00,96.00,5.51,5.01,250969.00,234380.00,121.42,41.75,2011397248,NO,104.36,100.14,78.26,102.85,85.48,,11581,1.36,202952.00,NO,NO,2000-01-31,1607100.00
135,PRAX,295.51,286.91,455892.00,Healthcare,Biotechnology,97.00,3.00,26.00,20.00,14.75,14.68,405176.00,582520.00,392.70,50.31,8250635776,NO,308.46,333.06,316.68,331.77,320.60,,1497,1.12,455892.00,NO,NO,2025-10-16,13741900.00
136,RLAY,18.96,18.49,2770991.00,Healthcare,Biotechnology,97.00,79.00,62.00,92.00,0.92,0.89,2838139.00,3914140.00,21.27,5.26,4154925056,NO,18.59,19.09,14.01,18.99,16.14,,1562,1.19,2770991.00,NO,NO,2024-09-09,19068500.00
137,DFTX,37.40,37.60,1596914.00,Healthcare,Biotechnology,97.00,34.00,9.00,95.00,1.93,1.90,2152793.00,2417140.00,49.70,10.46,5025324032,NO,38.16,41.13,27.41,40.75,31.90,,2483,0.00,1596914.00,NO,NO,2024-03-07,38010300.00
138,TER,449.04,415.79,3357703.00,Technology,Semiconductor Equipment & Materials,97.00,96.00,91.00,91.00,18.09,16.00,2959995.00,2277320.00,487.91,131.75,70203252736,NO,380.80,374.93,335.06,385.21,367.13,,13518,3.05,3357703.00,NO,NO,2020-09-18,30212400.00
139,SDGR,30.31,30.46,3045106.00,Healthcare,Health Information Services,97.00,97.00,98.00,98.00,2.37,2.36,1541196.00,3018260.00,32.45,10.95,2267358720,NO,26.22,21.31,15.96,21.76,16.38,,1673,0.00,3045106.00,NO,NO,2023-06-16,13271100.00
140,TSXU,65.02,63.05,139992.00,ETF,ETF,97.00,95.00,83.00,97.00,2.70,2.29,160198.00,178190.00,72.42,23.29,0,NO,59.19,56.28,45.49,57.59,50.84,,253,3.09,139992.00,NO,NO,2026-08-05,712000.00
141,PUBM,18.42,19.18,874277.00,Technology,Software - Application,97.00,86.00,95.00,97.00,0.77,0.73,665561.00,872240.00,19.48,6.15,839032128,NO,17.53,16.40,11.22,16.88,12.70,,1460,0.00,874277.00,NO,NO,2021-11-10,11276500.00
142,AMLX,27.79,28.08,912369.00,Healthcare,Drug Manufacturers - Specialty & Generic,97.00,2.00,97.00,96.00,1.44,1.41,2340023.00,1383670.00,41.14,10.83,3546741760,NO,31.48,29.33,18.52,29.36,20.24,,1188,0.00,912369.00,NO,NO,2024-03-08,61466800.00
143,DK,74.19,74.34,1720829.00,Energy,Oil & Gas Refining & Marketing,97.00,83.00,96.00,94.00,4.23,4.02,1870498.00,3655560.00,82.27,25.85,4542815232,NO,73.80,69.59,48.44,70.36,54.86,,5136,0.00,1720829.00,NO,NO,2026-09-18,11554200.00
144,ICHR,62.92,62.48,752051.00,Technology,Semiconductor Equipment & Materials,97.00,95.00,1.00,86.00,2.77,2.58,836182.00,781500.00,113.58,14.06,2356620032,NO,57.00,61.90,58.15,61.97,68.61,,2466,0.00,752051.00,NO,NO,2018-08-24,8215700.00
145,NTRA,410.35,408.47,1871888.00,Healthcare,Diagnostics & Research,97.00,96.00,96.00,96.00,14.54,14.33,1383331.00,1992730.00,427.47,160.59,59149561856,NO,372.17,331.07,249.05,340.75,260.14,,2831,0.23,1871888.00,NO,NO,2022-03-09,41733200.00
146,MEI,15.74,14.29,550619.00,Technology,Electronic Components,97.00,6.00,74.00,98.00,0.89,0.80,665034.00,629680.00,20.38,4.88,561053120,NO,14.09,15.23,10.89,15.41,12.26,,11076,2.94,550619.00,NO,NO,2000-06-27,15771245.00
147,CVI,54.83,54.36,780614.00,Energy,Oil & Gas Refining & Marketing,97.00,96.00,98.00,95.00,2.80,2.77,1041298.00,1180870.00,56.00,19.62,5512093184,NO,50.98,42.31,32.32,43.75,35.69,,4766,0.00,780614.00,NO,NO,2012-04-19,26037700.00
148,VSXY,91.73,88.51,1677318.00,Consumer Cyclical,Apparel Retail,97.00,89.00,91.00,96.00,3.69,3.46,1732990.00,1640800.00,102.46,28.04,7316755456,NO,80.85,85.37,66.43,85.33,69.57,,1307,0.72,1677318.00,NO,NO,2024-03-07,25901500.00
149,WTIB,37.36,38.27,945.00,ETF,ETF,97.00,93.00,98.00,90.00,1.00,0.25,1326.00,1650.00,39.15,14.70,0,NO,36.78,30.62,25.19,31.38,27.82,,203,0.00,945.00,NO,NO,2026-01-02,21000.00
150,INSW,115.81,114.60,765478.00,Energy,Oil & Gas Midstream,97.00,93.00,95.00,93.00,4.66,4.40,603034.00,819530.00,116.13,42.26,5736221184,NO,107.40,100.54,79.38,102.47,87.80,,2482,0.00,765478.00,NO,NO,2024-12-27,7364100.00
151,PSNL,16.28,16.17,1139076.00,Healthcare,Diagnostics & Research,97.00,45.00,89.00,98.00,0.38,0.38,3647865.00,1555800.00,18.89,4.96,1738701952,NO,16.36,15.39,10.53,15.89,11.38,,1832,0.00,1139076.00,NO,NO,2024-07-19,22803000.00
152,FSLY,25.81,26.39,3629205.00,Technology,Software - Application,97.00,96.00,96.00,4.00,2.71,2.60,6448647.00,10907020.00,34.82,7.74,4111532800,NO,24.74,24.29,19.96,24.19,22.47,,1855,0.00,3629205.00,NO,NO,2026-02-12,116491700.00
153,UMCU,46.24,42.72,904.00,ETF,ETF,97.00,98.00,,,2.36,0.46,1356.00,560.00,46.24,22.62,0,NO,38.37,,,,,,38,8.15,904.00,NO,NO,2026-08-17,10400.00
154,TECL,246.31,239.33,567216.00,ETF,ETF,96.00,96.00,92.00,98.00,10.24,8.41,598514.00,446230.00,275.40,75.16,0,NO,217.83,204.32,161.96,210.20,182.05,,4467,0.00,567216.00,NO,NO,2010-05-04,332400000.00
155,HZO,52.35,52.33,458524.00,Consumer Cyclical,Specialty Retail,96.00,70.00,96.00,96.00,0.15,0.14,696174.00,735110.00,52.56,21.42,1156240640,NO,52.33,48.54,34.66,48.83,37.49,,7128,0.00,458524.00,NO,NO,2026-08-10,7672600.00
156,NETG,24.09,24.56,63993.00,ETF,ETF,96.00,98.00,98.00,96.00,1.95,1.95,79898.00,74810.00,26.84,7.40,0,NO,22.31,19.77,14.00,19.87,14.88,,220,0.00,63993.00,NO,NO,2026-05-08,4616300.00
157,FRO,52.74,51.54,3590467.00,Energy,Oil & Gas Midstream,96.00,94.00,96.00,91.00,2.14,1.81,2711417.00,4004570.00,54.91,20.47,11741131776,NO,49.52,44.63,36.06,45.54,39.38,,6327,0.00,3590467.00,NO,NO,2023-01-10,33598700.00
158,CAKE,109.65,107.95,733252.00,Consumer Cyclical,Restaurants,96.00,74.00,96.00,96.00,3.62,3.50,1647449.00,1406680.00,118.46,43.07,5456253440,NO,103.27,105.35,73.94,106.82,80.52,,8569,0.35,733252.00,NO,NO,1992-09-18,24816375.00
159,PKOH,47.37,46.54,81967.00,Industrials,Specialty Industrial Machinery,96.00,86.00,94.00,96.00,1.54,1.43,84661.00,74560.00,53.30,18.06,686391744,NO,46.47,45.43,32.52,46.77,36.31,,13518,1.38,81967.00,NO,NO,2009-06-26,1219900.00
160,LPG,57.21,56.59,789602.00,Energy,Oil & Gas Midstream,96.00,90.00,97.00,94.00,2.29,2.14,606073.00,668670.00,59.97,23.76,2447597056,NO,55.34,50.62,39.12,52.06,43.03,,3120,0.00,789602.00,NO,NO,2020-01-14,9706000.00
161,XNCR,24.84,24.77,1099475.00,Healthcare,Biotechnology,96.00,15.00,97.00,96.00,1.14,1.12,1280241.00,1688930.00,30.61,10.38,1846938496,NO,24.71,24.18,15.88,24.26,16.96,,3227,0.00,1099475.00,NO,NO,2019-07-01,9135200.00
162,UGA,149.27,152.88,55538.00,ETF,ETF,96.00,94.00,96.00,90.00,5.21,3.88,49482.00,66140.00,153.46,60.40,0,NO,143.07,129.63,101.91,131.17,115.73,,4679,0.00,55538.00,NO,NO,2020-04-23,2350100.00
163,TISI,28.90,28.42,15048.00,Industrials,Specialty Business Services,96.00,90.00,97.00,95.00,0.97,0.93,26679.00,43160.00,29.57,12.34,132454736,NO,27.83,23.72,17.61,24.37,19.14,,11590,0.07,15048.00,NO,NO,2022-08-15,5043030.00
164,NTAP,226.27,215.05,4741673.00,Technology,Software - Infrastructure,96.00,96.00,96.00,97.00,7.72,7.54,2555728.00,2556760.00,231.90,93.69,44443729920,NO,197.88,192.33,138.76,196.45,154.61,,7766,0.64,4741673.00,NO,NO,2012-05-24,54215800.00
165,DMRA,20.65,20.23,692887.00,Healthcare,Biotechnology,96.00,0.00,1.00,6.00,1.68,1.64,533831.00,947330.00,38.33,3.64,1274838528,NO,23.68,27.39,26.13,27.18,25.85,,1488,1.58,692887.00,NO,NO,2025-10-07,77432200.00
166,IRDM,48.96,47.87,1328737.00,Communication Services,Telecom Services,96.00,84.00,22.00,92.00,0.98,0.96,1250725.00,1361390.00,57.18,15.65,5188856832,NO,47.75,47.86,36.99,48.20,43.68,,4664,1.23,1328737.00,NO,NO,2021-02-11,24324300.00
167,MBX,58.51,56.55,637305.00,Healthcare,Biotechnology,96.00,33.00,68.00,95.00,3.59,3.47,561947.00,557850.00,72.64,12.94,2817847040,NO,59.77,63.18,43.50,62.74,47.13,,515,0.00,637305.00,NO,NO,2025-09-22,28303500.00
168,PANW,403.24,396.25,4829505.00,Technology,Software - Infrastructure,96.00,95.00,89.00,98.00,16.33,15.89,6370603.00,6493150.00,409.50,139.57,329850322944,NO,370.97,361.86,250.34,361.49,281.05,,3571,0.00,4829505.00,NO,NO,2017-03-01,130718400.00
169,PARR,84.00,86.21,821260.00,Energy,Oil & Gas Refining & Marketing,96.00,85.00,96.00,86.00,4.44,4.37,999549.00,1091920.00,87.72,33.21,4208368640,NO,81.81,79.56,59.61,80.23,67.68,,3539,0.00,821260.00,NO,NO,2023-12-15,8762400.00
170,RCMT,42.01,42.02,57066.00,Industrials,Conglomerates,96.00,75.00,97.00,97.00,1.25,1.18,70895.00,72630.00,43.09,17.26,298722976,NO,40.42,36.96,26.83,37.84,29.54,,10850,0.00,57066.00,NO,NO,2021-02-11,63555000.00
171,ARM,307.49,292.34,5880656.00,Technology,Semiconductors,96.00,96.00,32.00,97.00,20.40,16.18,5340512.00,7347940.00,452.70,100.02,328398864384,NO,281.70,265.79,215.79,269.44,258.10,,766,4.94,5880656.00,NO,NO,2023-09-14,130534500.00
172,FTNT,180.95,178.72,3403414.00,Technology,Software - Infrastructure,96.00,94.00,88.00,97.00,6.08,5.93,4699577.00,4110190.00,183.09,73.55,132765483008,NO,170.69,163.65,118.57,163.77,133.87,,4243,0.00,3403414.00,NO,NO,2018-10-10,166853000.00
173,VSH,38.18,34.27,8869484.00,Technology,Semiconductors,96.00,96.00,7.00,97.00,1.64,1.45,4443952.00,3105370.00,69.47,11.77,5856016896,NO,32.49,32.80,30.61,33.51,36.20,,11732,4.26,8869484.00,NO,NO,2010-11-04,49052300.00
174,HNGE,97.67,97.94,973850.00,Healthcare,Health Information Services,96.00,87.00,87.00,98.00,3.70,3.60,1787093.00,1846780.00,99.73,30.08,7881423360,NO,93.63,88.51,61.16,89.74,68.74,,343,0.00,973850.00,NO,NO,2025-05-22,9172800.00
175,THYP,50.10,50.64,52048.00,ETF,ETF,96.00,87.00,92.00,,2.64,1.94,83342.00,69540.00,56.28,22.54,0,NO,50.19,42.83,,43.67,,,100,0.00,52048.00,NO,NO,2026-05-21,1422400.00
176,FTH,28.35,28.27,187920.00,Healthcare,Biotechnology,96.00,0.00,90.00,12.00,2.49,2.44,343603.00,565320.00,42.14,7.45,732576000,NO,33.38,31.85,24.01,31.81,27.47,,1422,0.18,187920.00,NO,NO,2026-02-18,12540600.00
177,MSFC,50.46,49.64,357.00,ETF,ETF,96.00,88.00,98.00,,1.28,0.41,1657.00,3840.00,50.56,27.16,0,NO,47.78,45.74,,47.45,,,69,0.99,357.00,NO,NO,2026-08-03,35100.00
178,SITM,709.44,678.87,418262.00,Technology,Semiconductors,96.00,96.00,90.00,97.00,35.93,32.18,451749.00,510950.00,901.81,243.68,21251643392,NO,622.21,610.35,528.87,637.88,596.67,,1725,3.27,418262.00,NO,NO,2026-03-20,4028500.00
179,FRD,41.08,39.63,27467.00,Basic Materials,Steel,96.00,12.00,93.00,97.00,1.70,1.55,77414.00,57710.00,48.77,16.55,296301472,NO,41.22,41.22,27.27,41.89,30.74,,11732,2.04,27467.00,NO,NO,2005-02-22,876000.00
180,AMBQ,68.18,69.15,418850.00,Technology,Semiconductors,96.00,95.00,6.00,97.00,3.93,3.77,511269.00,733750.00,91.61,22.12,1648901632,NO,65.09,63.29,51.32,63.64,59.82,,297,0.00,418850.00,NO,NO,2025-07-30,5479500.00
181,HTFL,49.32,48.91,1635349.00,Healthcare,Health Information Services,96.00,56.00,98.00,96.00,2.23,2.20,1754763.00,1984900.00,52.22,20.13,4288552704,NO,48.93,42.07,31.84,44.17,33.59,,289,0.18,1635349.00,NO,NO,2026-06-26,12523600.00
182,TSEM,240.86,241.30,1997683.00,Technology,Semiconductors,96.00,94.00,86.00,80.00,12.80,10.77,1865987.00,2459560.00,319.94,70.90,27224705024,NO,221.42,224.35,196.69,229.70,225.72,,8037,0.00,1997683.00,NO,NO,2022-02-15,19691500.00
183,HQI,18.81,19.59,15772.00,Industrials,Staffing & Employment Services,96.00,92.00,97.00,96.00,1.02,1.02,22800.00,39240.00,20.84,7.38,261278752,NO,17.61,16.29,12.62,16.49,13.38,,5784,0.00,15772.00,NO,NO,2019-04-09,2379200.00
184,FCEL,18.47,16.57,7659156.00,Industrials,Electrical Equipment & Parts,96.00,96.00,0.00,98.00,1.19,1.00,8493198.00,4982580.00,37.88,5.71,1476753920,NO,16.65,18.55,14.32,18.56,16.78,,8628,3.80,7659156.00,NO,NO,2026-06-26,27123800.00
185,NSIT,160.66,161.33,261295.00,Technology,Electronics & Computer Distribution,96.00,86.00,96.00,97.00,6.30,6.23,371803.00,419260.00,168.50,63.62,4715186176,NO,158.64,150.45,104.57,153.65,113.50,,7976,0.00,261295.00,NO,NO,2002-07-18,12058000.00
186,BNO,63.10,62.95,2137510.00,ETF,ETF,96.00,93.00,97.00,72.00,2.23,1.69,2019666.00,2616740.00,63.98,27.14,0,NO,60.52,54.69,45.99,55.40,51.60,,4110,0.00,2137510.00,NO,NO,2026-03-19,20930000.00
187,JILL,24.84,24.40,266997.00,Consumer Cyclical,Apparel Retail,96.00,96.00,97.00,97.00,0.87,0.86,128479.00,214790.00,25.14,10.40,369196352,NO,23.57,20.87,16.21,21.35,16.50,,2406,0.29,266997.00,NO,NO,2020-09-01,19615700.00
188,AVT,106.93,102.24,2155918.00,Technology,Electronics & Computer Distribution,96.00,95.00,94.00,95.00,3.95,3.77,1214706.00,1491690.00,108.63,44.25,8776473600,NO,97.39,93.70,76.48,95.62,84.49,,13468,1.64,2155918.00,NO,NO,2008-04-15,8983800.00
189,DRAM,61.78,62.03,26740584.00,ETF,ETF,96.00,91.00,32.00,,2.15,1.76,50628147.00,28003510.00,81.34,26.14,0,NO,59.87,56.39,,57.39,,,127,0.00,26740584.00,YES,NO,2026-07-17,136040800.00
190,FLXS,88.82,86.46,65247.00,Consumer Cyclical,"Furnishings, Fixtures & Appliances",96.00,90.00,93.00,96.00,3.24,3.09,75428.00,85380.00,90.65,34.00,363428448,NO,84.02,80.13,59.59,80.86,65.41,,11732,1.01,65247.00,NO,NO,2020-06-26,949200.00
191,GH,177.80,174.75,1650710.00,Healthcare,Diagnostics & Research,96.00,90.00,81.00,96.00,7.26,7.22,2032166.00,2002670.00,183.51,61.00,23860078592,NO,172.47,165.33,123.93,167.31,132.55,,2009,0.00,1650710.00,NO,NO,2026-06-26,18771300.00
192,TRAX,33.28,33.92,1168476.00,Healthcare,Biotechnology,96.00,0.00,97.00,,2.76,2.72,780903.00,879890.00,49.91,14.72,1189122432,NO,37.56,41.42,,40.16,,,126,0.00,1168476.00,NO,NO,2026-07-09,4512600.00
193,SMCC,46.67,41.73,169.00,ETF,ETF,96.00,95.00,,,2.91,0.79,1571.00,2210.00,46.84,17.39,0,NO,40.26,35.27,,37.68,,,66,3.14,9000.00,NO,NO,2026-06-30,12700.00
194,NBIL,27.85,25.65,2909556.00,ETF,ETF,96.00,97.00,11.00,97.00,3.24,3.10,3911122.00,3480500.00,68.49,6.37,0,NO,25.38,24.72,23.17,25.46,27.91,,249,3.00,2909556.00,NO,NO,2026-08-12,11337100.00
195,FEIM,86.03,85.97,184168.00,Technology,Communication Equipment,96.00,97.00,95.00,95.00,4.19,4.13,355465.00,374490.00,89.76,26.05,969840896,NO,80.95,72.56,60.72,74.23,64.90,,11667,0.00,184168.00,NO,NO,2026-07-29,2025300.00
196,ALAB,350.33,356.42,4094231.00,Technology,Semiconductors,96.00,96.00,6.00,98.00,21.10,19.91,4166753.00,4250790.00,499.48,97.89,60777033728,NO,320.64,308.66,241.08,316.13,278.52,,637,0.00,4094231.00,NO,NO,2024-11-05,24756900.00
197,AYA,27.12,26.91,857641.00,Basic Materials,Silver,96.00,31.00,95.00,95.00,1.40,1.21,992449.00,1386620.00,30.67,9.25,3906260736,NO,28.01,26.42,19.76,26.83,20.89,,4136,0.00,857641.00,NO,NO,2026-09-18,4577900.00
198,ELVN,46.97,46.21,1123205.00,Healthcare,Biotechnology,96.00,1.00,25.00,79.00,2.10,2.08,1107203.00,1705040.00,62.32,14.79,3441527808,NO,50.39,55.10,40.42,54.66,46.89,,1649,0.00,1123205.00,NO,NO,2022-09-07,25749275.00
199,URGN,41.40,40.55,597576.00,Healthcare,Biotechnology,96.00,18.00,87.00,97.00,1.66,1.63,829985.00,768260.00,50.81,15.86,2023655424,NO,42.33,43.83,29.92,43.63,33.24,,2367,0.94,597576.00,NO,NO,2025-06-12,21079900.00
200,PSX,264.58,264.23,1987536.00,Energy,Oil & Gas Refining & Marketing,96.00,82.00,97.00,92.00,9.72,9.43,2901057.00,3899290.00,277.12,126.74,106079379456,NO,260.18,240.64,184.02,244.41,199.72,,3640,0.00,1987536.00,NO,NO,2022-03-08,16579800.00
201,KRSA,30.49,31.20,51664.00,Healthcare,Biotechnology,96.00,35.00,93.00,2.00,4.08,4.03,26044.00,87860.00,59.36,7.19,1388557952,NO,31.34,28.61,19.80,28.75,24.19,,1898,0.00,51664.00,NO,NO,2026-04-01,37810614.00
202,CHEF,116.42,112.56,632305.00,Consumer Defensive,Food Distribution,96.00,80.00,93.00,97.00,3.88,3.69,657801.00,600390.00,118.51,53.24,4749479936,NO,110.79,110.08,82.26,112.26,89.94,,3818,1.34,632305.00,NO,NO,2011-07-28,6574100.00
203,NEBX,28.58,26.32,1950397.00,ETF,ETF,96.00,97.00,10.00,97.00,3.30,3.17,2673866.00,2016980.00,70.77,6.62,0,NO,26.03,25.39,23.93,26.13,28.77,,269,2.01,1950397.00,NO,NO,2025-11-11,10629300.00
204,WDC,415.29,462.56,24651005.00,Technology,Computer Hardware,96.00,15.00,2.00,90.00,26.03,22.89,7218012.00,7442750.00,799.87,112.52,149729050624,NO,449.44,466.16,400.02,463.49,460.85,,12079,0.00,24651005.00,YES,NO,2009-06-30,65696343.00
205,NEO,18.47,17.78,2302420.00,Healthcare,Diagnostics & Research,96.00,87.00,92.00,97.00,0.86,0.84,2338282.00,2665170.00,20.05,7.07,2372941312,NO,18.59,17.20,12.32,17.52,12.74,,5674,1.18,2302420.00,NO,NO,2022-03-29,20137400.00
206,PUR,30.49,31.34,106349.00,ETF,ETF,96.00,61.00,,,5.77,5.07,106914.00,227790.00,48.44,9.66,0,NO,34.96,26.01,,27.46,,,62,0.00,106349.00,NO,NO,2026-08-20,500100.00
207,FTK,30.94,29.79,406222.00,Energy,Oil & Gas Equipment & Services,96.00,97.00,95.00,96.00,1.80,1.75,538092.00,532950.00,39.67,13.19,1120660096,NO,28.57,28.10,21.20,28.61,22.89,,5330,1.11,406222.00,NO,NO,2021-12-29,6681450.00
208,TEN,50.05,48.98,431479.00,Energy,Oil & Gas Midstream,96.00,94.00,94.00,82.00,2.21,2.16,324931.00,541680.00,53.84,20.50,1507886592,NO,48.05,43.68,36.93,44.60,40.84,,6186,0.00,431479.00,NO,NO,2023-03-16,1751600.00
209,OSCR,30.94,29.90,3900318.00,Healthcare,Healthcare Plans,96.00,78.00,49.00,98.00,1.67,1.66,5224111.00,5952310.00,34.48,10.69,9549475840,NO,31.36,30.76,21.93,31.21,24.90,,1404,0.00,3900318.00,NO,NO,2025-07-22,82717500.00
210,UCYB,99.04,97.46,19756.00,ETF,ETF,96.00,96.00,92.00,97.00,3.94,3.30,7828.00,7900.00,100.50,36.03,0,NO,91.26,87.41,63.04,87.78,68.65,,1432,0.00,19756.00,NO,NO,2026-08-10,28200.00
211,CMBT,19.85,19.61,729637.00,Energy,Oil & Gas Midstream,96.00,86.00,94.00,93.00,0.53,0.46,989817.00,1013580.00,20.82,8.88,5759869952,NO,19.44,18.01,14.54,18.42,15.59,,2940,0.00,729637.00,NO,NO,2025-08-21,19766600.00
212,DDOG,277.22,276.46,2068099.00,Technology,Software - Application,96.00,97.00,85.00,97.00,11.55,11.17,4255290.00,3480640.00,292.72,98.01,99542777856,NO,244.11,244.66,184.83,243.94,208.46,,1769,0.00,2068099.00,NO,NO,2025-07-08,86386000.00
213,EVMU,35.10,36.01,1753.00,ETF,ETF,96.00,95.00,98.00,,1.84,1.23,4788.00,3290.00,38.32,13.19,0,NO,33.69,27.51,,28.62,,,90,0.00,1753.00,NO,NO,2026-06-05,43400.00
214,FIVN,34.36,35.75,2069261.00,Technology,Software - Infrastructure,96.00,79.00,96.00,97.00,2.29,2.23,2598620.00,2958740.00,40.00,13.29,2567500544,NO,34.01,32.36,22.60,32.78,24.35,,3143,0.00,2069261.00,NO,NO,2026-07-31,16109600.00
215,ATRC,55.14,53.59,1615383.00,Healthcare,Medical Instruments & Supplies,96.00,85.00,98.00,96.00,2.49,2.48,1075988.00,1980410.00,61.70,25.36,2804767488,NO,56.49,49.11,36.34,49.86,36.44,,5323,0.00,1615383.00,NO,NO,2026-09-18,8670300.00
216,ARW,242.01,231.63,1130273.00,Technology,Electronics & Computer Distribution,96.00,94.00,93.00,94.00,7.57,7.02,554628.00,496580.00,247.25,101.79,12319621120,NO,222.58,215.47,180.19,218.71,200.21,,11732,1.45,1130273.00,NO,NO,2000-02-24,10397800.00
217,ZETA,32.63,32.40,5941801.00,Technology,Software - Infrastructure,96.00,88.00,97.00,97.00,1.44,1.41,7797090.00,6095400.00,32.81,14.37,8133276160,NO,30.57,28.44,21.27,29.07,22.12,,1335,0.00,5941801.00,NO,NO,2025-08-06,47365300.00
218,VREX,18.46,18.49,373732.00,Healthcare,Medical Devices,96.00,66.00,98.00,95.00,0.04,0.04,837914.00,536680.00,18.63,9.09,783875200,NO,18.48,16.97,13.00,17.15,12.88,,2438,0.00,373732.00,NO,NO,2017-01-30,13325800.00
219,TNK,103.10,101.01,656007.00,Energy,Oil & Gas Midstream,96.00,93.00,97.00,88.00,3.82,3.64,430422.00,455440.00,103.98,47.18,3575519488,NO,97.67,89.20,74.71,91.38,79.44,,4730,0.00,656007.00,NO,NO,2020-06-26,3984300.00
220,XMTR,102.53,104.23,676412.00,Industrials,Industrial Distribution,96.00,92.00,85.00,97.00,5.55,5.45,751376.00,1022110.00,107.93,35.86,5877385728,NO,96.22,91.90,72.40,93.17,78.59,,1321,0.00,676412.00,NO,NO,2026-02-24,6999500.00
221,BHYP,48.76,49.42,408944.00,ETF,ETF,96.00,88.00,92.00,,2.64,2.00,388226.00,430200.00,54.57,24.18,0,NO,48.72,41.56,,42.37,,,97,0.00,408944.00,NO,NO,2026-06-12,1405900.00
222,ADPT,28.35,27.37,1575427.00,Healthcare,Diagnostics & Research,96.00,93.00,94.00,96.00,1.40,1.36,2415730.00,2749250.00,29.96,12.00,4524541952,NO,27.12,25.59,18.66,25.83,19.47,,1827,0.80,1575427.00,NO,NO,2025-05-02,15572000.00
223,AMN,36.63,35.86,887173.00,Healthcare,Medical Care Facilities,96.00,90.00,72.00,96.00,1.04,1.02,704480.00,640750.00,37.22,14.97,1418679680,NO,34.49,34.23,25.91,34.58,29.16,,6261,1.39,887173.00,NO,NO,2015-10-22,5523800.00
224,NBIG,19.19,17.67,2264051.00,ETF,ETF,96.00,97.00,10.00,97.00,2.23,2.13,2573253.00,2503980.00,47.81,4.51,0,NO,17.50,17.06,16.17,17.56,19.40,,235,3.17,2264051.00,NO,NO,2026-08-12,6853400.00
225,ASMG,52.73,49.67,32575.00,ETF,ETF,96.00,95.00,43.00,94.00,2.24,1.84,57111.00,35480.00,65.82,20.17,0,NO,45.38,46.15,41.66,46.87,44.89,,432,4.44,32575.00,NO,NO,2025-07-16,3736900.00
226,MCTA,29.36,29.36,0.00,Healthcare,Medical Care Facilities,96.00,75.00,61.00,36.00,0.00,0.00,0.00,0.00,31.70,4.30,504260192,NO,29.35,29.35,29.35,29.35,29.35,,237,0.00,4251400.00,NO,NO,2025-11-11,4251400.00
227,PRLB,98.21,94.37,221072.00,Industrials,Metal Fabrication,96.00,96.00,94.00,95.00,3.64,3.41,210998.00,286080.00,99.42,45.10,2349369344,NO,87.75,84.48,69.65,86.08,74.96,,3673,1.86,221072.00,NO,NO,2016-03-04,4045400.00
228,UNX,24.68,24.64,19868.00,ETF,ETF,96.00,92.00,98.00,98.00,1.85,1.54,19615.00,16260.00,68.25,4.59,0,NO,23.58,23.07,18.84,24.07,14.82,,264,0.00,19868.00,NO,NO,2026-02-11,5605840.00
229,ARKG,54.00,53.17,3018657.00,ETF,ETF,96.00,93.00,93.00,96.00,1.98,1.89,3549200.00,4266700.00,55.30,24.60,0,NO,50.40,46.57,35.35,47.38,37.57,,2997,1.35,3018657.00,NO,NO,2020-12-29,15040000.00
230,RDIB,16.08,16.11,14637.00,Communication Services,Entertainment,95.00,89.00,98.00,94.00,1.75,1.70,170352.00,41547.00,24.00,8.00,368073248,NO,16.01,12.68,10.86,13.41,10.61,,6726,0.00,14637.00,NO,NO,2026-08-26,8541505.00
231,TWIN,28.50,26.86,127951.00,Industrials,Specialty Industrial Machinery,95.00,96.00,94.00,96.00,1.03,1.01,95698.00,97080.00,28.73,13.42,414431776,NO,25.41,24.28,19.61,24.59,20.74,,11732,0.89,127951.00,NO,NO,2012-01-23,1728000.00
232,TH,18.84,20.48,8980490.00,Industrials,Specialty Business Services,95.00,79.00,82.00,89.00,1.03,0.91,1542723.00,2119500.00,21.76,5.97,1844997888,NO,19.93,18.07,13.97,18.49,16.60,,2153,0.00,8980490.00,NO,NO,2021-04-06,27016300.00
233,DBE,37.17,37.59,21818.00,ETF,ETF,95.00,88.00,96.00,80.00,1.16,0.83,42500.00,49330.00,39.00,17.02,0,NO,36.92,33.76,27.81,34.02,31.14,,4967,0.00,21818.00,NO,NO,2009-06-25,5046800.00
234,TNGX,23.24,24.45,5253545.00,Healthcare,Biotechnology,95.00,83.00,4.00,54.00,1.60,1.60,2559747.00,3824560.00,34.39,6.69,3918504960,NO,23.83,24.93,20.95,24.33,24.21,,1527,0.00,5253545.00,NO,NO,2023-08-09,74897800.00
235,TEMC,31.35,36.63,48.00,ETF,ETF,95.00,98.00,,,2.21,0.87,693.00,860.00,39.36,10.77,0,NO,29.01,22.58,,25.14,,,58,0.00,100.00,NO,NO,2026-09-18,6600.00
236,USD,100.98,97.76,628151.00,ETF,ETF,95.00,95.00,88.00,96.00,4.17,3.38,651017.00,475580.00,116.50,42.56,0,NO,90.57,87.49,75.52,89.34,83.69,,4949,0.00,628151.00,NO,NO,2008-12-09,144076800.00
237,ELOL,25.25,22.59,18876.00,ETF,ETF,95.00,93.00,,,1.32,1.10,16208.00,10380.00,25.55,14.84,0,NO,23.68,,,21.89,,,46,3.19,18876.00,NO,NO,2026-08-04,64300.00
238,TRMD,40.00,38.80,1877208.00,Energy,Oil & Gas Midstream,95.00,94.00,96.00,89.00,1.70,1.30,1045984.00,1981340.00,40.00,19.30,4106031104,NO,36.01,32.80,28.74,33.71,30.75,,2164,1.29,1877208.00,NO,NO,2026-09-15,8378300.00
239,ONTO,327.77,314.88,1007378.00,Technology,Semiconductor Equipment & Materials,95.00,96.00,84.00,92.00,13.78,11.33,1023498.00,764690.00,386.46,118.97,20034428928,NO,279.12,282.65,253.61,289.08,278.07,,1742,0.00,1007378.00,NO,NO,2023-10-17,9552200.00
240,AOUT,16.35,16.04,160872.00,Consumer Cyclical,Leisure,95.00,98.00,90.00,95.00,0.73,0.73,170150.00,137880.00,17.69,6.26,206357040,NO,16.02,13.50,10.64,13.99,11.55,,1536,0.00,160872.00,NO,NO,2026-09-04,4431500.00
241,WT,24.38,24.03,2747143.00,Financial Services,Asset Management,95.00,80.00,94.00,95.00,0.87,0.87,2660163.00,2648520.00,25.91,10.69,3693865216,NO,23.72,22.88,18.15,23.20,19.34,,8454,0.00,2747143.00,NO,NO,2014-10-31,20031700.00
242,AAMI,94.17,94.06,415284.00,Financial Services,Asset Management,95.00,84.00,91.00,95.00,3.37,3.19,425122.00,474260.00,98.52,41.47,3342105344,NO,91.96,91.02,69.44,92.03,76.35,,3013,0.00,415284.00,NO,NO,2020-06-19,12096900.00
243,MRX,72.75,70.96,447350.00,Financial Services,Capital Markets,95.00,76.00,86.00,94.00,3.21,3.17,737798.00,768140.00,79.11,27.91,0,NO,72.89,70.06,53.98,71.23,59.84,,612,0.75,447350.00,NO,NO,2024-04-25,7269100.00
244,FTXL,263.25,256.83,169970.00,ETF,ETF,95.00,95.00,75.00,95.00,6.77,5.26,232284.00,152780.00,297.36,110.24,0,NO,241.58,232.23,202.43,235.68,225.14,,2522,0.00,169970.00,NO,NO,2023-03-24,17226700.00
245,HAE,104.68,104.37,328573.00,Healthcare,Medical Devices,95.00,77.00,96.00,96.00,2.46,2.37,682346.00,557480.00,110.45,48.17,4762631168,NO,105.44,98.88,75.02,100.09,77.40,,8913,0.20,328573.00,NO,NO,1991-05-10,11925600.00
246,COHR,337.04,319.19,7497949.00,Technology,Scientific & Technical Instruments,95.00,96.00,62.00,86.00,19.48,18.10,6247520.00,6989990.00,440.00,108.19,66003300352,NO,298.22,297.03,289.02,307.40,319.90,,9824,0.00,7497949.00,NO,NO,2026-03-20,51484800.00
247,SPRB,45.71,44.77,77210.00,Healthcare,Biotechnology,95.00,1.00,13.00,1.00,3.06,2.99,76831.00,90220.00,240.00,7.88,131371128,NO,51.93,51.32,59.53,51.38,54.10,,1502,0.00,77210.00,NO,NO,2025-10-06,24947100.00
248,USO,147.37,150.02,7736897.00,ETF,ETF,95.00,84.00,96.00,52.00,5.98,4.57,6161774.00,6675970.00,163.35,65.99,0,NO,150.70,137.37,115.17,138.45,130.26,,5153,0.00,7736897.00,NO,NO,2026-03-09,143771900.00
249,LRCX,347.49,340.10,7429457.00,Technology,Semiconductor Equipment & Materials,95.00,95.00,54.00,93.00,12.94,11.60,9668396.00,9948590.00,438.50,131.02,434857443328,NO,305.42,306.05,275.07,310.93,299.87,,10686,0.00,7429457.00,NO,NO,2012-06-04,298766000.00
250,CHNL,31.37,33.27,184.00,ETF,ETF,95.00,95.00,98.00,,1.53,0.59,925.00,890.00,35.31,16.35,0,NO,29.44,25.13,,25.76,,,128,0.00,184.00,NO,NO,2026-07-27,11400.00
251,AIS,77.61,76.14,3269268.00,ETF,ETF,95.00,94.00,64.00,95.00,2.14,1.66,497490.00,633110.00,88.80,33.35,0,NO,72.73,69.75,59.12,70.99,66.11,,459,0.00,3269268.00,NO,YES,2026-10-02,3269268.00
252,CHPS,93.92,91.55,69967.00,ETF,ETF,95.00,94.00,58.00,95.00,2.24,1.69,30031.00,39180.00,107.97,40.29,0,NO,86.72,84.16,72.83,85.39,80.69,,808,2.13,69967.00,NO,NO,2026-06-23,145100.00
253,RBRK,118.58,115.40,3087901.00,Technology,Software - Infrastructure,95.00,97.00,95.00,97.00,4.99,4.96,3188503.00,2919750.00,118.82,42.25,24407150592,NO,105.65,96.18,71.86,97.30,75.07,,612,1.39,3087901.00,NO,NO,2025-09-10,18684000.00
254,HUT,89.63,86.36,4614061.00,Financial Services,Capital Markets,95.00,91.00,11.00,96.00,6.90,6.56,4582303.00,4332030.00,140.80,31.67,11047746560,NO,94.72,91.90,80.25,91.93,90.55,,2155,3.76,4614061.00,NO,NO,2025-12-17,22652500.00
255,TTXU,37.08,36.50,5117.00,ETF,ETF,95.00,88.00,93.00,97.00,0.92,0.62,8368.00,5380.00,38.60,13.22,0,NO,35.35,34.07,25.80,34.76,28.54,,252,0.00,5117.00,NO,NO,2026-06-09,70500.00
256,BWLP,25.64,25.77,479418.00,Energy,Oil & Gas Midstream,95.00,85.00,95.00,91.00,0.78,0.71,383314.00,322950.00,26.47,11.72,3892526336,NO,25.00,23.70,19.11,24.11,20.69,,3190,0.00,479418.00,NO,NO,2025-12-02,1569700.00
257,MSOL,32.05,32.12,42887.00,ETF,ETF,95.00,95.00,,,1.31,0.97,49363.00,34500.00,34.09,19.59,0,NO,29.94,,,26.45,,,48,0.00,42887.00,NO,NO,2026-07-28,951300.00
258,DHT,23.68,23.56,3317413.00,Energy,Oil & Gas Midstream,95.00,94.00,95.00,84.00,0.89,0.85,3425611.00,4196600.00,23.72,10.83,3818058240,NO,22.12,20.25,17.55,20.79,18.78,,5275,0.00,3317413.00,NO,NO,2020-03-30,14381700.00
259,PSI,160.94,155.90,905362.00,ETF,ETF,95.00,96.00,65.00,94.00,4.83,3.71,367411.00,258720.00,189.24,66.93,0,NO,143.04,140.97,125.47,143.51,139.57,,5353,3.11,905362.00,NO,NO,2007-10-25,9293700.00
260,AMAT,540.04,529.30,5699753.00,Technology,Semiconductor Equipment & Materials,95.00,95.00,17.00,93.00,17.96,15.45,7312404.00,6914750.00,739.67,203.40,428574343168,NO,468.97,487.10,427.65,488.88,472.18,,11732,0.00,5699753.00,NO,NO,1997-10-24,245229200.00
261,HSHP,18.17,18.05,446464.00,Industrials,Marine Shipping,95.00,81.00,93.00,86.00,0.65,0.57,385904.00,588570.00,19.55,7.37,857078912,NO,18.15,16.88,13.95,17.24,15.23,,880,0.00,446464.00,NO,NO,2023-06-23,3095400.00
262,CYRX,17.43,17.36,707037.00,Industrials,Integrated Freight & Logistics,95.00,91.00,90.00,96.00,0.55,0.55,603768.00,747920.00,18.06,7.61,882813824,NO,16.71,16.04,12.54,16.19,13.89,,5312,0.00,707037.00,NO,NO,2025-08-06,9690900.00
263,BHE,87.39,84.62,295103.00,Technology,Electronic Components,95.00,96.00,71.00,93.00,2.99,2.81,393620.00,523770.00,100.41,35.91,3139042816,NO,78.49,77.73,69.68,78.36,77.13,,9133,1.94,295103.00,NO,NO,2003-04-22,6885225.00
264,KLIC,100.77,96.03,560453.00,Technology,Semiconductor Equipment & Materials,95.00,96.00,8.00,93.00,3.71,3.30,863623.00,929310.00,135.80,35.02,5273204736,NO,87.05,88.09,83.06,88.92,92.74,,13518,2.31,560453.00,NO,NO,2000-08-03,23567800.00
265,NTAL,44.51,40.32,12524.00,ETF,ETF,95.00,98.00,,,2.36,1.99,4633.00,6470.00,46.27,23.08,0,NO,34.44,33.08,,34.40,,,58,4.79,12524.00,NO,NO,2026-09-03,41100.00
266,MAN,54.16,56.28,1139024.00,Industrials,Staffing & Employment Services,95.00,9.00,96.00,96.00,2.23,2.21,1106657.00,942720.00,63.88,25.15,2518741504,NO,57.23,57.61,38.07,57.88,41.37,,9569,0.00,1139024.00,NO,NO,2025-09-19,9102700.00
267,EWY,191.88,186.11,15828394.00,ETF,ETF,95.00,88.00,66.00,93.00,5.72,3.93,18266847.00,12650830.00,220.89,80.63,0,NO,185.08,176.65,156.24,179.94,171.20,,6637,2.70,15828394.00,YES,NO,2026-03-03,65699600.00
268,VCTR,113.23,111.74,636360.00,Financial Services,Asset Management,95.00,77.00,93.00,95.00,3.91,3.76,621926.00,692570.00,123.55,57.03,6964728832,NO,108.94,109.97,84.71,111.19,90.95,,2174,0.00,636360.00,NO,NO,2025-07-17,8797500.00
269,SNOW,341.04,341.99,3301495.00,Technology,Software - Application,95.00,92.00,94.00,97.00,13.70,13.26,4847144.00,4236510.00,384.56,118.30,120318918656,NO,334.09,323.70,227.99,328.90,241.18,,1519,0.00,3301495.00,NO,NO,2024-11-21,55121600.00
270,UCTT,72.69,78.64,1913139.00,Technology,Semiconductor Equipment & Materials,95.00,91.00,1.00,70.00,4.00,3.78,1151828.00,947410.00,144.22,21.49,3291187200,NO,73.85,77.09,71.76,76.89,82.94,,5667,0.00,1913139.00,NO,NO,2018-01-02,7165600.00
271,NOWX,32.88,33.07,190.00,ETF,ETF,95.00,12.00,,,1.91,1.03,2240.00,1620.00,41.46,17.00,0,NO,34.64,31.43,,32.76,,,57,3.66,500.00,NO,NO,2026-07-14,10800.00
272,MATX,231.11,225.50,211257.00,Industrials,Marine Shipping,95.00,86.00,89.00,90.00,7.58,7.33,295753.00,335440.00,240.87,86.97,6910988288,NO,228.57,219.82,182.56,221.82,196.10,,13468,0.87,211257.00,NO,NO,2014-03-21,7525600.00
273,FLKR,63.05,61.03,831603.00,ETF,ETF,95.00,88.00,66.00,93.00,1.82,1.20,794988.00,1010050.00,72.49,27.05,0,NO,60.79,58.15,51.00,59.19,55.84,,2209,2.70,831603.00,NO,NO,2024-07-25,4655000.00
274,NET,349.07,351.00,2834127.00,Technology,Software - Infrastructure,95.00,96.00,96.00,94.00,16.12,16.12,3400001.00,3133610.00,367.43,158.83,124296749056,NO,332.67,307.73,235.21,309.52,252.42,,1773,0.00,2834127.00,NO,NO,2019-09-13,35993700.00
275,SOXX,588.90,576.33,6626852.00,ETF,ETF,95.00,94.00,67.00,95.00,15.81,12.65,8308044.00,6326300.00,655.95,260.44,0,NO,543.70,529.76,455.15,536.88,504.08,,6343,0.00,6626852.00,NO,NO,2025-10-10,26691200.00
276,KEYS,384.64,373.88,1248141.00,Technology,Scientific & Technical Instruments,95.00,95.00,92.00,87.00,10.49,9.40,1238485.00,1083270.00,387.93,158.79,65482944512,NO,343.90,334.11,302.53,340.16,330.82,,3006,1.83,1248141.00,NO,NO,2018-11-05,47677800.00
277,ROM,165.59,162.42,58107.00,ETF,ETF,95.00,94.00,90.00,96.00,4.49,3.37,44569.00,48500.00,171.82,71.36,0,NO,152.28,145.35,119.82,148.23,131.04,,4949,0.00,58107.00,NO,NO,2008-10-13,38278400.00
278,SKYU,54.54,53.73,1272.00,ETF,ETF,95.00,91.00,96.00,97.00,1.47,0.72,5755.00,2250.00,55.90,22.55,0,NO,51.66,49.32,36.52,50.32,38.49,,1432,0.00,1272.00,NO,NO,2022-11-09,126700.00
279,MRAM,18.83,18.65,1013233.00,Technology,Semiconductors,95.00,94.00,35.00,96.00,1.04,0.95,1105333.00,971860.00,51.50,7.35,458510656,NO,16.83,16.56,16.32,16.89,18.39,,2510,0.00,1013233.00,NO,NO,2021-11-12,92870200.00
280,CHPX,104.15,102.16,40237.00,ETF,ETF,95.00,93.00,80.00,95.00,2.31,1.87,55060.00,36430.00,112.00,49.00,0,NO,98.05,94.39,79.61,95.72,88.02,,253,1.76,40237.00,NO,NO,2026-05-05,1171400.00
281,SHIP,17.82,17.33,1054953.00,Industrials,Marine Shipping,95.00,31.00,93.00,84.00,0.68,0.62,335187.00,483870.00,19.22,7.66,386127296,NO,17.84,17.42,14.29,17.68,15.60,,4699,2.60,1054953.00,NO,NO,2021-02-12,14385650.00
282,NGL,16.29,15.60,227755.00,Energy,Oil & Gas Midstream,95.00,6.00,85.00,86.00,0.64,0.63,215007.00,235210.00,19.06,5.88,0,NO,16.34,16.74,14.25,16.88,15.55,,3869,0.00,227755.00,NO,NO,2021-03-19,22666400.00
283,PLPC,419.45,407.03,72459.00,Industrials,Electrical Equipment & Parts,95.00,88.00,89.00,90.00,17.26,15.91,88773.00,71230.00,504.69,184.02,2050565632,NO,413.10,410.55,328.34,419.89,363.71,,6901,2.40,72459.00,NO,NO,2025-07-14,470600.00
284,CIX,37.40,36.41,19153.00,Industrials,Security & Protection Services,95.00,86.00,97.00,94.00,2.27,2.18,17658.00,48880.00,40.29,20.29,460882336,NO,37.06,33.25,26.35,33.67,27.56,,7189,0.00,19153.00,NO,NO,1998-03-06,3453400.00
285,DBO,24.00,24.50,593020.00,ETF,ETF,95.00,84.00,96.00,82.00,0.95,0.71,468788.00,561740.00,26.62,11.89,0,NO,24.57,22.56,19.05,22.72,21.18,,4967,0.00,593020.00,NO,NO,2018-06-27,18928200.00
286,NUTX,216.50,212.31,297113.00,Healthcare,Medical Care Facilities,95.00,93.00,88.00,97.00,10.18,10.07,147676.00,155820.00,224.28,83.99,1482586112,NO,207.50,187.69,147.15,191.09,151.07,,1129,0.00,297113.00,NO,NO,2025-07-22,1422400.00
287,ACMR,83.38,83.58,1232355.00,Technology,Semiconductor Equipment & Materials,95.00,95.00,9.00,97.00,4.68,4.23,1041922.00,1421070.00,127.19,28.46,5807350272,NO,74.18,76.54,67.03,77.22,72.89,,2240,0.00,1232355.00,NO,NO,2024-02-28,12244400.00
288,KNSA,75.79,75.22,376306.00,Healthcare,Drug Manufacturers - Specialty & Generic,95.00,26.00,92.00,93.00,2.43,2.38,605893.00,614880.00,82.94,35.20,5913440256,NO,76.61,77.00,56.21,76.65,60.97,,2100,0.48,376306.00,NO,NO,2025-06-27,8685900.00
289,DIOD,103.84,97.49,656467.00,Technology,Semiconductors,95.00,93.00,82.00,92.00,4.08,3.72,561434.00,518610.00,125.99,42.28,4782008832,NO,93.85,92.76,84.17,95.19,94.15,,13518,3.58,656467.00,NO,NO,2008-12-22,4679400.00
290,S,25.06,24.67,11316282.00,Technology,Software - Infrastructure,95.00,96.00,95.00,96.00,1.13,1.11,7988371.00,8400850.00,25.75,11.81,8722110464,NO,22.55,21.51,16.68,21.59,17.64,,1321,1.01,11316282.00,YES,NO,2023-06-02,61486700.00
291,MTSI,321.60,301.63,1351025.00,Technology,Semiconductors,95.00,96.00,48.00,88.00,13.55,11.75,1389114.00,1292840.00,418.90,121.97,24560891904,NO,276.18,275.47,273.27,283.75,299.40,,3659,3.27,1351025.00,NO,NO,2018-02-07,14046200.00
292,OUST,44.39,40.87,3033378.00,Technology,Electronic Components,95.00,96.00,14.00,97.00,2.59,2.42,2919109.00,2559260.00,63.79,16.40,3201066496,NO,38.02,38.92,31.42,39.91,35.09,,1502,4.53,3033378.00,NO,NO,2025-06-11,17407500.00
293,CVE,32.40,31.65,5182164.00,Energy,Oil & Gas Integrated,95.00,57.00,95.00,80.00,0.97,0.89,7073836.00,7432530.00,34.16,15.63,59753541632,NO,32.20,31.27,25.96,31.54,28.49,,4244,0.00,5182164.00,NO,NO,2017-03-30,45049000.00
294,ANIK,19.10,19.36,92257.00,Healthcare,Drug Manufacturers - Specialty & Generic,95.00,8.00,92.00,85.00,0.63,0.61,97644.00,93330.00,22.88,8.67,255614656,NO,20.53,20.31,14.98,20.70,16.80,,8413,0.00,92257.00,NO,NO,2014-02-26,6447400.00
295,HIBL,118.95,114.56,24364.00,ETF,ETF,95.00,95.00,63.00,96.00,5.76,4.35,46909.00,36920.00,138.11,46.94,0,NO,107.24,105.19,91.62,107.72,99.52,,1734,3.19,24364.00,NO,NO,2024-12-04,2894000.00
296,GCT,53.75,53.19,441865.00,Technology,Software - Infrastructure,95.00,87.00,97.00,78.00,2.55,2.51,642369.00,759330.00,56.27,25.39,1919425152,NO,52.54,50.09,42.20,51.57,43.18,,1035,0.00,441865.00,NO,NO,2022-08-19,36268800.00
297,ANEL,28.38,27.59,18518.00,ETF,ETF,95.00,95.00,94.00,97.00,1.48,1.35,88901.00,28560.00,31.74,11.38,0,NO,26.63,25.53,20.00,26.06,21.38,,272,2.83,18518.00,NO,NO,2026-05-06,2116100.00
298,KELYB,22.40,22.40,178.00,Industrials,Staffing & Employment Services,95.00,20.00,35.00,95.00,0.70,0.63,4517.00,12300.00,125.00,8.38,777995520,NO,22.72,22.93,17.57,22.85,19.48,,10621,0.00,500.00,NO,NO,2026-02-05,2035600.00
299,GTLB,49.78,49.95,2984378.00,Technology,Software - Infrastructure,95.00,70.00,97.00,97.00,1.86,1.83,4751333.00,4273400.00,55.55,18.73,8294094848,NO,48.36,43.45,32.32,44.53,32.33,,1247,0.00,2984378.00,NO,NO,2026-09-02,28993600.00
300,HIMX,15.24,14.45,1408693.00,Technology,Semiconductors,95.00,93.00,82.00,96.00,0.58,0.51,1312730.00,959100.00,25.09,6.85,2658251008,NO,14.09,13.86,12.35,14.19,14.12,,5159,3.65,1408693.00,NO,NO,2013-07-22,38570000.00
301,RELL,18.99,18.56,153288.00,Technology,Electronic Components,95.00,92.00,88.00,95.00,0.68,0.65,218285.00,105200.00,23.15,9.37,282271488,NO,17.20,18.08,14.92,18.16,16.25,,10816,1.40,153288.00,NO,NO,2015-08-13,3154200.00
302,DAC,165.15,161.74,212458.00,Industrials,Marine Shipping,95.00,89.00,94.00,91.00,3.97,3.87,120525.00,134960.00,165.15,83.56,3006319104,NO,157.38,149.80,124.16,151.98,132.72,,5022,0.00,212458.00,NO,NO,2019-11-22,2851600.00
303,LBRX,36.99,37.28,388884.00,Healthcare,Biotechnology,95.00,0.00,87.00,91.00,1.89,1.88,334673.00,434440.00,50.16,14.32,1193266944,NO,42.01,43.87,30.90,44.20,34.24,,267,0.00,388884.00,NO,NO,2025-12-19,4085700.00
304,TSMX,96.82,91.48,527453.00,ETF,ETF,95.00,96.00,78.00,95.00,3.74,3.29,589615.00,372090.00,106.32,40.92,0,NO,84.85,79.61,72.52,81.57,77.57,,501,2.46,527453.00,NO,NO,2025-01-27,3911500.00
305,EWTX,41.40,40.48,1425124.00,Healthcare,Biotechnology,95.00,56.00,76.00,82.00,2.27,2.24,1338660.00,1960350.00,48.51,14.25,4496210944,NO,42.78,42.88,34.80,42.66,37.61,,1387,1.31,1425124.00,NO,NO,2025-04-02,16114400.00
306,SN,182.57,179.78,925023.00,Consumer Cyclical,"Furnishings, Fixtures & Appliances",94.00,83.00,93.00,95.00,6.04,5.98,1791061.00,2021020.00,194.54,83.12,25837377536,NO,172.35,175.37,134.94,176.46,141.08,,798,0.00,925023.00,NO,NO,2026-05-15,11957600.00
307,TBBB,52.65,52.20,368464.00,Consumer Defensive,Discount Stores,94.00,87.00,93.00,91.00,1.52,1.46,674950.00,812530.00,54.00,23.81,6347630592,NO,51.73,47.98,39.64,48.74,41.79,,664,0.73,368464.00,NO,NO,2024-02-09,15493600.00
308,TWN,104.29,101.74,17552.00,Financial Services,Asset Management,94.00,65.00,83.00,94.00,3.54,3.16,30861.00,18990.00,108.83,51.37,598837248,NO,101.41,96.81,80.88,98.44,89.90,,10025,0.00,17552.00,NO,NO,2010-04-21,1037900.00
309,TVTX,56.93,56.85,1118923.00,Healthcare,Biotechnology,94.00,4.00,53.00,96.00,2.42,2.33,1510571.00,1837060.00,68.73,22.59,5366283264,NO,62.39,62.25,45.00,62.13,50.14,,3495,0.00,1118923.00,NO,NO,2021-08-16,31010800.00
310,TSMU,84.07,79.14,48282.00,ETF,ETF,94.00,96.00,74.00,94.00,3.09,2.67,57193.00,27970.00,93.29,34.51,0,NO,73.53,69.13,63.56,70.81,67.78,,473,2.41,48282.00,NO,NO,2025-10-16,435900.00
311,ECPG,95.92,94.30,186710.00,Financial Services,Credit Services,94.00,61.00,83.00,88.00,3.19,2.95,357261.00,296850.00,104.98,39.95,2034402304,NO,97.63,97.70,78.63,98.79,87.09,,6851,1.65,186710.00,NO,NO,2005-01-20,6711200.00
312,FTRE,20.00,19.40,1048295.00,Healthcare,Biotechnology,94.00,90.00,88.00,97.00,1.12,1.09,1412198.00,1488920.00,21.39,8.55,1902000000,NO,19.11,18.81,15.18,18.69,15.37,,827,0.93,1048295.00,NO,NO,2023-07-05,23950900.00
313,PDFS,55.50,53.39,336040.00,Technology,Software - Application,94.00,96.00,46.00,94.00,2.30,1.97,582226.00,629450.00,71.69,23.55,2343610368,NO,47.51,47.06,43.03,47.97,47.94,,6331,3.47,336040.00,NO,NO,2026-05-14,5406700.00
314,CBRL,55.76,51.72,1054361.00,Consumer Cyclical,Restaurants,94.00,77.00,87.00,96.00,2.93,2.83,943887.00,1407560.00,60.26,24.85,1246371456,NO,49.65,53.80,39.06,54.22,43.08,,11317,0.00,1054361.00,NO,NO,2026-06-10,11347700.00
315,TSMG,46.96,44.22,26782.00,ETF,ETF,94.00,96.00,77.00,95.00,1.75,1.48,70131.00,33880.00,51.24,20.73,0,NO,41.02,38.49,35.12,39.43,37.47,,432,3.29,26782.00,NO,NO,2026-01-15,391400.00
316,NMM,92.53,91.65,150311.00,Industrials,Marine Shipping,94.00,75.00,93.00,88.00,2.47,2.34,148839.00,175530.00,95.00,43.02,2676504576,NO,91.27,86.41,71.52,87.94,76.46,,4751,0.00,150311.00,NO,NO,2021-04-05,2107700.00
317,MLAB,132.55,129.30,75729.00,Technology,Scientific & Technical Instruments,94.00,76.00,94.00,91.00,4.71,4.61,157120.00,126140.00,138.66,66.56,741732480,NO,128.58,119.09,99.49,120.51,105.06,,10732,0.90,75729.00,NO,NO,2025-09-19,1121900.00
318,CSCL,53.86,50.30,69785.00,ETF,ETF,94.00,82.00,19.00,95.00,2.24,1.91,45452.00,26850.00,77.90,23.70,0,NO,50.81,54.86,45.44,54.54,51.58,,321,3.42,69785.00,NO,NO,2026-08-13,495100.00
319,INBX,96.99,97.93,201446.00,Healthcare,Biotechnology,94.00,1.00,58.00,93.00,6.08,5.79,307446.00,287940.00,155.29,28.16,1427465856,NO,106.28,101.98,91.07,102.25,95.68,,589,0.00,201446.00,NO,NO,2025-10-24,6079600.00
320,VSAT,72.00,70.35,1885582.00,Technology,Communication Equipment,94.00,81.00,10.00,88.00,3.70,3.62,1891971.00,1723740.00,93.03,29.13,9918417920,NO,73.09,75.10,60.85,75.33,68.34,,7505,1.51,1885582.00,NO,NO,2024-06-28,18455500.00
321,RVTY,151.53,149.06,1235180.00,Healthcare,Diagnostics & Research,94.00,94.00,95.00,95.00,5.62,5.60,1744815.00,2502000.00,158.28,81.22,16908687360,NO,140.95,127.82,106.26,129.82,108.46,,13518,0.59,1235180.00,NO,NO,2002-03-01,16194000.00
322,LITG,23.31,21.76,22264.00,ETF,ETF,94.00,97.00,,,2.04,1.80,12829.00,20410.00,23.54,13.60,0,NO,18.08,,,,,,38,0.69,22264.00,NO,NO,2026-10-01,58700.00
323,MKOR,65.44,63.88,1845.00,ETF,ETF,94.00,89.00,75.00,92.00,1.61,0.81,8952.00,3770.00,72.96,30.30,0,NO,62.84,60.25,53.53,61.16,58.39,,808,1.77,1845.00,NO,NO,2025-08-21,302200.00
324,KF,68.82,66.66,8224.00,Financial Services,Asset Management,94.00,87.00,36.00,93.00,2.24,1.75,26842.00,24380.00,81.94,30.99,286177504,NO,66.22,63.19,57.20,64.33,62.29,,10610,0.00,8224.00,NO,NO,2011-12-27,557400.00
325,AMRX,20.30,20.07,2249557.00,Healthcare,Drug Manufacturers - Specialty & Generic,94.00,92.00,92.00,94.00,1.01,0.99,2144155.00,3704450.00,21.18,9.56,7070409216,NO,18.72,18.32,15.01,18.33,15.57,,2114,0.60,2249557.00,NO,NO,2019-12-12,48231900.00
326,PD,15.34,15.58,1194460.00,Technology,Software - Application,94.00,92.00,97.00,97.00,0.58,0.56,1563165.00,1942640.00,16.77,5.70,1206489088,NO,14.46,12.90,9.74,13.17,9.71,,1880,0.00,1194460.00,NO,NO,2025-11-26,18750700.00
327,SOXQ,103.41,100.97,1273690.00,ETF,ETF,94.00,94.00,70.00,94.00,2.61,2.04,1702866.00,989010.00,115.33,48.51,0,NO,95.47,93.64,81.34,94.91,89.56,,1334,2.31,1273690.00,NO,NO,2026-06-05,6881000.00
328,PBT,31.57,31.31,86781.00,Energy,Oil & Gas Midstream,94.00,14.00,93.00,92.00,1.21,1.16,115046.00,94760.00,37.00,16.25,1471439616,NO,33.90,33.05,25.16,33.24,27.67,,11577,0.00,86781.00,NO,NO,2025-06-03,3721800.00
329,FBX,40.80,40.73,15.00,ETF,ETF,94.00,98.00,96.00,,2.22,0.54,609.00,330.00,46.98,22.55,0,NO,37.48,31.20,,31.54,,,68,0.00,500.00,NO,NO,2026-06-26,9400.00
330,BLFS,37.30,36.78,2847256.00,Healthcare,Medical Instruments & Supplies,94.00,83.00,95.00,96.00,1.07,1.05,1043930.00,921950.00,39.76,17.86,1824840192,NO,36.91,35.52,26.55,35.72,27.70,,9282,0.65,2847256.00,NO,NO,2016-07-11,17866600.00
331,ERX,104.58,103.93,221175.00,ETF,ETF,94.00,18.00,95.00,56.00,3.96,3.41,280528.00,291060.00,115.81,50.50,0,NO,106.72,102.58,87.34,103.26,93.80,,4494,0.00,221175.00,NO,NO,2020-04-09,17675600.00
332,FLTW,112.37,109.15,794572.00,ETF,ETF,94.00,88.00,84.00,94.00,2.09,1.36,614842.00,1484290.00,112.77,56.57,0,NO,108.10,102.78,85.79,104.43,93.72,,2209,2.60,794572.00,NO,NO,2026-09-22,12337600.00
333,DIG,67.49,67.19,39544.00,ETF,ETF,94.00,18.00,95.00,56.00,2.48,2.15,46298.00,83300.00,74.54,32.70,0,NO,68.83,66.19,56.41,66.62,60.56,,4949,0.00,39544.00,NO,NO,2009-01-06,36635600.00
334,PRCH,17.31,16.75,1083151.00,Financial Services,Insurance - Property & Casualty,94.00,48.00,91.00,97.00,0.92,0.89,1580166.00,1849010.00,18.37,6.36,1965028352,NO,16.58,16.25,11.17,16.63,12.35,,1690,2.21,1083151.00,NO,NO,2025-02-26,31966500.00
335,QLYS,193.00,187.43,477403.00,Technology,Software - Infrastructure,94.00,93.00,92.00,97.00,8.77,8.54,735733.00,661890.00,201.54,74.51,6676834816,NO,177.13,174.34,127.75,174.56,129.91,,3522,0.77,477403.00,NO,NO,2015-05-05,9904700.00
336,WEYS,50.89,50.21,29484.00,Consumer Cyclical,Footwear & Accessories,94.00,93.00,94.00,93.00,1.57,1.50,25795.00,42820.00,51.50,27.25,486049504,NO,46.15,44.68,36.56,45.36,38.67,,11732,0.00,29484.00,NO,NO,1994-10-05,1683900.00
337,TITN,25.42,23.38,263379.00,Industrials,Industrial Distribution,94.00,90.00,96.00,92.00,1.01,0.97,226615.00,172670.00,26.90,13.21,598206208,NO,23.99,21.05,19.27,21.46,20.17,,4730,2.05,263379.00,NO,NO,2012-09-10,7990000.00
338,HALO,109.86,106.94,2587888.00,Healthcare,Biotechnology,94.00,68.00,95.00,95.00,3.32,3.32,2181687.00,3600300.00,116.85,61.23,12468890624,NO,110.23,102.93,78.33,105.14,81.24,,5674,0.02,2587888.00,NO,NO,2025-06-27,21399500.00
339,VPG,79.07,75.09,380300.00,Technology,Scientific & Technical Instruments,94.00,96.00,1.00,95.00,3.53,3.20,497987.00,342450.00,151.78,29.08,1051710080,NO,66.96,71.01,71.42,70.42,82.29,,4095,3.00,380300.00,NO,NO,2026-08-05,2048900.00
340,VECO,57.38,53.19,1451287.00,Technology,Semiconductor Equipment & Materials,94.00,97.00,81.00,94.00,2.66,2.31,772896.00,802870.00,86.63,26.00,3502101504,NO,46.16,47.66,45.41,48.66,51.45,,8014,4.34,1451287.00,NO,NO,2000-10-06,15022300.00
341,STM,57.26,53.50,15927595.00,Technology,Semiconductors,94.00,93.00,5.00,94.00,1.63,1.28,9510465.00,9207860.00,81.42,21.11,51071803392,NO,51.58,51.81,47.90,52.58,55.14,,8007,3.46,15927595.00,YES,NO,1994-12-08,41167800.00
342,ROG,160.00,155.80,219294.00,Technology,Electronic Components,94.00,96.00,89.00,92.00,7.21,6.91,242414.00,361000.00,169.00,75.14,2858933760,NO,136.67,132.18,123.17,134.50,132.68,,11732,2.23,219294.00,NO,NO,2022-11-02,4498800.00
343,ENTG,166.47,158.48,2228765.00,Technology,Semiconductor Equipment & Materials,94.00,96.00,90.00,91.00,6.37,5.49,2409107.00,2089670.00,186.94,67.97,25353381888,NO,144.80,141.53,132.13,145.12,140.54,,6597,4.11,2228765.00,NO,NO,2025-03-05,22198800.00
344,ZBRA,375.86,375.45,331801.00,Technology,Communication Equipment,94.00,88.00,96.00,96.00,10.09,10.04,675411.00,611810.00,386.23,199.05,17782183936,NO,358.79,350.88,267.18,357.69,276.66,,8846,0.00,331801.00,NO,NO,1994-04-22,17863200.00
345,CON,35.65,34.97,1379787.00,Healthcare,Medical Care Facilities,94.00,84.00,88.00,95.00,0.98,0.98,907068.00,1166000.00,36.71,18.55,4546007552,NO,35.02,34.14,26.63,34.60,28.71,,550,1.00,1379787.00,NO,NO,2024-11-26,8703500.00
346,GUSH,42.89,42.72,525616.00,ETF,ETF,94.00,12.00,96.00,40.00,2.17,1.89,750128.00,631980.00,50.77,20.80,0,NO,44.58,42.51,35.45,43.02,38.96,,2854,0.00,525616.00,NO,NO,2020-04-02,39570400.00
347,MG,20.65,20.63,344296.00,Industrials,Security & Protection Services,94.00,87.00,93.00,88.00,0.59,0.51,298188.00,711060.00,21.77,9.37,657916288,NO,20.39,18.63,16.58,18.87,17.56,,4272,0.00,344296.00,NO,NO,2009-10-08,6392700.00
348,EWT,116.33,112.78,5858854.00,ETF,ETF,94.00,87.00,85.00,94.00,2.18,1.44,4933307.00,4769490.00,116.70,59.96,0,NO,112.06,106.78,88.74,108.48,97.00,,6608,2.51,5858854.00,NO,NO,2009-04-29,37344000.00
349,XA,44.63,44.30,6012.00,ETF,ETF,94.00,94.00,91.00,,1.38,1.28,5103.00,7250.00,45.36,26.03,0,NO,42.16,40.27,,40.41,,,104,0.68,6012.00,NO,NO,2026-05-06,47800.00
350,TXNU,48.02,44.36,9879.00,ETF,ETF,94.00,96.00,13.00,96.00,1.62,1.15,16033.00,6080.00,70.29,22.90,0,NO,41.11,41.87,,42.59,,,133,0.00,9879.00,NO,NO,2026-04-23,220800.00
351,MCS,27.06,27.11,254116.00,Communication Services,Entertainment,94.00,36.00,92.00,92.00,0.75,0.74,264111.00,247630.00,32.42,12.85,834318208,NO,27.65,28.45,20.75,28.56,22.75,,11732,0.00,254116.00,NO,NO,2024-06-21,8186900.00
352,IGPT,103.11,102.77,132030.00,ETF,ETF,94.00,93.00,80.00,95.00,2.17,1.75,172252.00,168880.00,109.32,53.27,0,NO,98.92,94.10,80.04,95.31,87.18,,5353,0.00,132030.00,NO,NO,2006-12-20,3724500.00
353,NVEC,111.42,110.80,61720.00,Technology,Semiconductors,94.00,93.00,88.00,94.00,3.63,3.45,178606.00,101290.00,135.00,57.21,538957120,NO,104.13,109.92,87.31,109.63,96.02,,7893,0.00,61720.00,NO,NO,2004-08-17,7825100.00
354,PAYC,220.99,227.47,475390.00,Technology,Software - Application,94.00,19.00,97.00,95.00,7.42,7.08,810707.00,768270.00,244.98,104.90,9960377344,NO,222.50,213.24,154.86,218.29,160.62,,3136,0.00,475390.00,NO,NO,2026-03-20,14557300.00
355,AIVC,119.12,117.32,25019.00,ETF,ETF,94.00,91.00,85.00,94.00,1.98,1.36,8877.00,3700.00,124.23,61.11,0,NO,113.31,110.67,92.33,112.21,101.06,,2658,1.30,25019.00,NO,NO,2026-06-02,218800.00
356,RDVT,79.27,80.25,141125.00,Technology,Software - Application,94.00,91.00,90.00,97.00,2.62,2.60,231182.00,203690.00,81.80,33.40,1272043648,NO,76.78,72.38,54.54,73.40,57.36,,2142,0.00,141125.00,NO,NO,2018-05-15,2401400.00
357,SMCI,43.69,41.92,42778087.00,Technology,Computer Hardware,94.00,94.00,97.00,96.00,2.24,2.04,44626300.00,36477980.00,58.78,19.48,28702816256,NO,40.17,36.52,32.00,37.94,32.57,,4910,2.04,42778087.00,YES,NO,2024-08-28,369735000.00
358,BJRI,61.93,59.25,484946.00,Consumer Cyclical,Restaurants,94.00,78.00,79.00,95.00,2.33,2.14,459577.00,385690.00,74.60,28.46,1317484160,NO,60.43,64.18,49.07,63.93,52.41,,7543,0.51,484946.00,NO,NO,2012-10-26,5316700.00
359,CRAK,64.24,63.61,302067.00,ETF,ETF,94.00,81.00,95.00,87.00,1.36,1.22,478604.00,763420.00,66.59,35.50,0,NO,64.63,60.56,49.75,61.33,52.94,,2796,0.46,302067.00,NO,NO,2026-09-22,1465100.00
360,SMTI,34.85,34.88,341850.00,Healthcare,Medical Instruments & Supplies,94.00,68.00,96.00,96.00,0.21,0.21,271658.00,177190.00,35.34,16.05,320203008,NO,35.04,34.04,24.51,34.58,25.60,,8177,0.00,341850.00,NO,NO,2026-07-30,3249200.00
361,PACS,42.85,41.03,789238.00,Healthcare,Medical Care Facilities,94.00,62.00,31.00,88.00,1.59,1.54,812290.00,823510.00,49.49,10.31,6784680960,NO,42.60,44.02,38.97,43.94,39.52,,622,1.36,789238.00,NO,NO,2024-11-04,13886700.00
362,DGII,75.61,73.39,301447.00,Technology,Communication Equipment,94.00,89.00,76.00,92.00,2.76,2.60,377287.00,411470.00,86.84,34.41,2869257728,NO,72.70,74.30,59.93,75.17,65.82,,9315,1.92,301447.00,NO,NO,1996-07-03,3106100.00
363,ERO,37.91,35.75,1023328.00,Basic Materials,Copper,94.00,90.00,96.00,88.00,1.83,1.62,1317703.00,1327760.00,40.83,19.09,3954112768,NO,35.79,34.37,30.06,35.36,29.85,,2249,3.13,1023328.00,NO,NO,2026-01-29,4622800.00
364,FROG,95.50,97.59,1154443.00,Technology,Software - Application,94.00,83.00,43.00,96.00,4.85,4.85,2059065.00,1726490.00,105.76,34.05,11775275008,NO,91.58,89.74,68.40,90.86,74.83,,1519,0.00,1154443.00,NO,NO,2026-06-26,26093700.00
365,ESTC,93.94,92.31,1769258.00,Technology,Software - Application,94.00,85.00,97.00,96.00,3.51,3.48,2259831.00,1760480.00,108.00,42.05,9862881280,NO,88.46,82.65,65.06,85.77,64.86,,2008,0.29,1769258.00,NO,NO,2023-12-01,12243800.00
366,WCBR,46.64,46.16,83817.00,ETF,ETF,94.00,95.00,92.00,95.00,1.42,1.40,71222.00,101400.00,47.09,22.49,0,NO,43.69,41.34,32.10,41.50,34.23,,1427,0.00,83817.00,NO,NO,2026-01-27,908500.00
367,PMTS,24.86,24.64,129327.00,Financial Services,Credit Services,94.00,5.00,92.00,94.00,0.75,0.74,137679.00,163060.00,31.25,10.81,288176672,NO,25.11,25.80,18.38,25.86,20.25,,2762,0.00,129327.00,NO,NO,2026-09-11,1546700.00
368,SNX,278.37,271.76,854329.00,Technology,Electronics & Computer Distribution,94.00,91.00,91.00,92.00,13.16,10.75,823011.00,1674430.00,298.77,142.22,22007654400,NO,265.70,258.69,215.56,261.04,239.34,,5749,1.27,854329.00,NO,NO,2019-06-28,10486600.00
369,ALMR,34.36,32.46,339899.00,Healthcare,Medical Devices,94.00,93.00,95.00,,2.30,2.28,357933.00,671060.00,38.54,18.85,2384335616,NO,31.55,30.75,,31.26,,,117,1.57,339899.00,NO,NO,2026-04-17,4895500.00
370,AVTR,15.34,15.03,6149097.00,Healthcare,Medical Instruments & Supplies,94.00,84.00,96.00,96.00,0.45,0.44,9419693.00,9429630.00,16.05,7.26,10375345152,NO,15.19,14.37,10.74,14.60,10.79,,1855,0.53,6149097.00,NO,NO,2024-07-25,117919700.00
371,SANM,229.04,221.96,654780.00,Technology,Electronic Components,94.00,95.00,81.00,95.00,10.25,9.87,695219.00,693690.00,288.68,113.71,12275938304,NO,210.54,201.99,188.47,204.99,203.52,,8426,2.34,654780.00,NO,NO,2009-06-26,15827533.00
372,IDT,78.98,79.98,413300.00,Communication Services,Telecom Services,94.00,93.00,94.00,94.00,3.13,3.06,234650.00,519850.00,81.79,45.72,1961759488,NO,71.02,68.61,56.42,69.00,59.05,,6383,0.00,413300.00,NO,NO,2020-10-02,11877600.00
373,XOMX,48.38,48.33,13374.00,ETF,ETF,94.00,51.00,96.00,27.00,1.86,1.36,20952.00,11190.00,60.28,24.92,0,NO,48.06,47.10,42.51,46.92,44.27,,364,0.00,13374.00,NO,NO,2026-03-02,262900.00
374,SMH,630.60,617.81,7296894.00,ETF,ETF,94.00,93.00,79.00,94.00,14.55,11.82,8699084.00,6025600.00,671.83,315.05,0,NO,584.15,569.85,499.50,577.03,543.55,,6622,0.00,7296894.00,NO,NO,2004-12-09,106899600.00
375,CRL,290.19,286.83,442942.00,Healthcare,Diagnostics & Research,94.00,62.00,93.00,94.00,9.93,9.86,919573.00,1077300.00,303.31,146.20,13853343744,NO,283.47,276.07,209.97,279.46,216.20,,6608,0.38,442942.00,NO,NO,2025-04-11,11604900.00
376,KFRC,52.86,54.05,139791.00,Industrials,Staffing & Employment Services,94.00,50.00,80.00,95.00,1.66,1.62,264598.00,246930.00,61.68,24.49,946669760,NO,52.03,55.37,41.89,55.25,46.05,,7835,0.00,139791.00,NO,NO,2000-01-26,6210400.00
377,FLEX,116.61,112.78,1948511.00,Technology,Electronic Components,94.00,91.00,8.00,95.00,4.88,4.56,3745473.00,3517790.00,166.86,53.07,43076079616,NO,111.69,114.10,99.61,114.73,113.90,,8190,2.31,1948511.00,NO,NO,2005-10-26,102901552.00
378,DNTH,88.21,88.32,749472.00,Healthcare,Biotechnology,94.00,3.00,27.00,42.00,4.76,4.72,821123.00,1080800.00,117.88,32.22,4822108160,NO,97.69,104.69,81.14,103.66,93.71,,2082,0.00,749472.00,NO,NO,2025-09-08,5974200.00
379,XBNB,33.42,33.42,194.00,ETF,ETF,94.00,96.00,97.00,,1.17,0.54,741.00,2000.00,35.19,17.69,0,NO,31.46,26.19,,26.99,,,110,0.00,194.00,NO,NO,2026-10-01,6600.00
380,CRWC,45.36,43.92,1522.00,ETF,ETF,94.00,98.00,,,2.34,2.08,6898.00,7810.00,45.81,22.30,0,NO,37.13,31.94,,32.15,,,58,0.18,1522.00,NO,NO,2026-09-14,63900.00
381,ATI,192.42,191.14,1380455.00,Industrials,Metal Fabrication,94.00,29.00,61.00,87.00,7.64,7.51,1661676.00,1697990.00,243.57,79.29,26201905152,NO,191.81,202.40,167.05,204.05,181.05,,6752,0.00,1380455.00,NO,NO,2025-03-21,25961500.00
382,VEON,75.64,73.92,191692.00,Communication Services,Telecom Services,93.00,93.00,96.00,93.00,3.06,2.82,122477.00,202970.00,78.83,42.60,5208660480,NO,69.85,62.25,54.86,63.66,55.71,,7516,0.00,191692.00,NO,NO,2022-03-04,12290340.00
383,FRNM,16.32,15.64,813564.00,Healthcare,Diagnostics & Research,93.00,79.00,97.00,92.00,0.95,0.94,779263.00,1057720.00,17.50,9.95,1753532032,NO,15.78,13.88,12.46,14.26,12.18,,579,0.70,813564.00,NO,NO,2026-09-18,6047300.00
384,ARTY,80.24,79.12,723570.00,ETF,ETF,93.00,90.00,87.00,94.00,1.63,1.30,465931.00,431060.00,81.85,43.26,0,NO,76.81,74.03,62.58,75.25,67.55,,2077,0.00,723570.00,NO,NO,2026-03-12,3072000.00
385,LITC,37.36,34.74,1146.00,ETF,ETF,93.00,97.00,,,2.10,1.10,2483.00,2330.00,37.63,13.85,0,NO,28.93,26.66,,27.98,,,60,4.81,1146.00,NO,NO,2026-08-17,13000.00
386,KN,40.05,38.23,751341.00,Technology,Electronic Components,93.00,94.00,85.00,93.00,1.11,1.08,823317.00,692510.00,42.93,20.57,3420683520,NO,36.43,36.39,31.71,36.73,34.59,,3177,2.54,751341.00,NO,NO,2014-02-28,18716400.00
387,PTGX,140.06,139.19,646499.00,Healthcare,Biotechnology,93.00,32.00,82.00,88.00,4.82,4.76,632342.00,888460.00,160.81,62.24,9063042048,NO,143.12,144.98,111.23,145.51,121.15,,2550,0.00,646499.00,NO,NO,2021-10-11,45683600.00
388,TTMI,131.87,126.50,1609184.00,Technology,Electronic Components,93.00,93.00,13.00,88.00,6.95,6.76,2474769.00,2078130.00,223.83,53.36,13892354048,NO,123.10,123.06,125.23,125.29,140.25,,6544,1.98,1609184.00,NO,NO,2016-11-17,20793200.00
389,APA,43.68,43.34,3957574.00,Energy,Oil & Gas E&P,93.00,49.00,95.00,45.00,1.60,1.44,5661828.00,6849020.00,47.44,21.63,15303354368,NO,43.86,41.58,35.34,42.01,38.63,,11944,0.00,3957574.00,NO,NO,2020-04-09,92502300.00
390,PBR,21.65,20.98,21063953.00,Energy,Oil & Gas Integrated,93.00,83.00,95.00,48.00,0.60,0.51,18779557.00,19776990.00,22.24,11.43,139520524288,NO,20.93,19.56,17.87,19.71,19.29,,6575,0.00,21063953.00,YES,NO,2021-02-22,207564100.00
391,WOLF,35.28,31.17,7337058.00,Technology,Semiconductors,93.00,97.00,14.00,96.00,2.16,2.01,3543242.00,2554890.00,80.82,13.48,1867390336,NO,27.18,27.12,29.50,28.26,34.43,,255,3.79,7337058.00,NO,NO,2025-09-30,47733800.00
392,WTTR,19.95,20.03,2241470.00,Energy,Oil & Gas Equipment & Services,93.00,73.00,87.00,87.00,0.88,0.84,1683863.00,2222380.00,22.55,9.29,2847538688,NO,20.17,19.95,16.56,19.99,18.24,,2331,0.00,2241470.00,NO,NO,2025-03-21,15588100.00
393,HUM,388.36,379.68,757751.00,Healthcare,Healthcare Plans,93.00,40.00,52.00,97.00,12.77,12.18,1214512.00,1268510.00,428.88,163.11,46634385408,NO,390.20,385.37,293.25,388.62,322.00,,11279,0.00,757751.00,NO,NO,2008-03-12,64314100.00
394,BOAT,52.43,51.69,70064.00,ETF,ETF,93.00,87.00,94.00,85.00,1.07,0.93,50369.00,82900.00,53.99,29.12,0,NO,51.69,48.48,41.40,49.29,43.67,,1297,0.33,70064.00,NO,NO,2026-09-22,262800.00
395,ACU,63.50,63.15,34982.00,Consumer Defensive,Household & Personal Products,93.00,62.00,95.00,90.00,1.72,1.67,36157.00,42580.00,64.87,35.50,243447760,NO,62.34,60.77,48.12,60.89,50.22,,11732,0.49,34982.00,NO,NO,2025-06-27,408400.00
396,GNOM,69.62,68.78,16745.00,ETF,ETF,93.00,86.00,91.00,93.00,1.75,1.59,29706.00,34890.00,71.10,40.17,0,NO,66.67,62.87,51.68,63.49,53.52,,1881,1.05,16745.00,NO,NO,2023-10-26,2182525.00
397,EFXT,24.59,25.44,712699.00,Energy,Oil & Gas Equipment & Services,93.00,93.00,85.00,80.00,1.03,0.84,628657.00,677150.00,29.15,10.57,3002509824,NO,22.95,21.88,21.76,22.11,23.34,,3850,0.00,712699.00,NO,NO,2024-04-10,4719300.00
398,AIBU,74.41,72.37,5407.00,ETF,ETF,93.00,95.00,91.00,96.00,2.22,1.40,5866.00,3830.00,78.96,32.91,0,NO,68.59,65.14,55.08,66.71,58.70,,598,0.00,5407.00,NO,NO,2025-11-04,106000.00
399,GEO,31.36,30.79,2052708.00,Industrials,Security & Protection Services,93.00,80.00,81.00,95.00,1.41,1.40,2059079.00,2795550.00,33.15,12.51,4127590144,NO,31.17,31.21,22.99,31.54,26.02,,8101,0.78,2052708.00,NO,NO,2021-06-09,188207500.00
400,EQNR,42.56,42.17,2934167.00,Energy,Oil & Gas Integrated,93.00,49.00,95.00,41.00,1.12,0.99,3486207.00,4199000.00,45.84,22.26,100860616704,NO,43.30,41.96,35.37,42.08,38.81,,6361,0.00,2934167.00,NO,NO,2026-03-19,22092000.00
401,CXW,33.43,32.49,1663123.00,Industrials,Security & Protection Services,93.00,80.00,86.00,94.00,1.90,1.85,1665979.00,2467650.00,36.55,15.74,3306009344,NO,33.70,32.88,24.55,33.32,27.03,,7351,0.62,1663123.00,NO,NO,2016-08-18,39922800.00
402,KELYA,15.72,16.43,206462.00,Industrials,Staffing & Employment Services,93.00,29.00,92.00,95.00,0.41,0.40,322114.00,309130.00,17.75,7.98,545986176,NO,16.28,16.17,11.80,16.15,12.68,,11732,0.00,206462.00,NO,NO,2024-12-20,10892100.00
403,LABU,248.72,249.65,342944.00,ETF,ETF,93.00,1.00,6.00,91.00,21.05,19.92,394231.00,413740.00,341.93,100.18,0,NO,265.66,275.68,209.96,272.34,224.39,,2855,0.00,342944.00,NO,NO,2025-04-09,7938800.00
404,ATKR,94.62,94.77,1289409.00,Industrials,Electrical Equipment & Parts,93.00,75.00,95.00,93.00,0.19,0.16,867087.00,803740.00,94.88,53.75,3195607296,NO,94.41,91.61,75.38,91.91,78.85,,2593,0.00,1289409.00,NO,NO,2026-08-03,8858500.00
405,AUGO,81.95,78.85,831769.00,Basic Materials,Gold,93.00,40.00,92.00,15.00,4.41,3.72,968941.00,1041430.00,110.32,29.11,6870428672,NO,84.70,78.32,72.77,80.23,75.62,,307,2.38,831769.00,NO,NO,2026-05-29,5244300.00
406,ROIV,35.72,35.50,4373911.00,Healthcare,Biotechnology,93.00,84.00,65.00,84.00,1.26,1.25,7043300.00,8837850.00,42.50,15.25,25801377792,NO,38.35,36.59,30.18,36.45,32.36,,1461,0.31,4373911.00,NO,NO,2024-03-28,65648400.00
407,MGNI,24.73,25.44,1543399.00,Communication Services,Advertising Agencies,93.00,62.00,91.00,97.00,1.20,1.05,2503655.00,2373250.00,26.84,10.82,3546879488,NO,24.38,23.38,16.87,23.77,17.94,,3145,0.00,1543399.00,NO,NO,2021-01-07,26363200.00
408,ASC,19.30,19.25,525912.00,Industrials,Marine Shipping,93.00,88.00,93.00,81.00,0.62,0.60,598549.00,667670.00,20.03,10.31,787490432,NO,18.48,17.79,15.75,18.05,16.94,,3313,0.00,525912.00,NO,NO,2016-06-08,5524200.00
409,ZIM,29.63,29.75,1213946.00,Industrials,Marine Shipping,93.00,86.00,93.00,65.00,0.95,0.92,1630993.00,1971290.00,30.96,12.33,3570997504,NO,29.58,27.85,25.65,28.30,26.50,,1427,0.00,1213946.00,NO,NO,2026-02-17,39624500.00
410,TX,56.61,55.30,398003.00,Basic Materials,Steel,93.00,63.00,95.00,91.00,1.38,1.27,593131.00,400450.00,58.73,33.01,0,NO,56.48,54.51,45.86,55.23,47.61,,5200,0.96,398003.00,NO,NO,2006-02-01,13285000.00
411,CGAU,21.43,21.54,886967.00,Basic Materials,Gold,93.00,35.00,94.00,73.00,0.80,0.68,1458709.00,1175520.00,24.52,10.46,4255892224,NO,22.44,21.52,18.31,21.97,18.73,,4598,0.00,886967.00,NO,NO,2026-03-20,11932500.00
412,IMAX,52.72,52.52,746927.00,Communication Services,Entertainment,93.00,78.00,96.00,87.00,1.92,1.92,1266398.00,1190500.00,57.73,30.74,2891276288,NO,53.34,51.78,41.34,51.76,43.00,,8133,0.00,746927.00,NO,NO,2010-12-31,25361100.00
413,ANF,135.91,136.36,1053740.00,Consumer Cyclical,Apparel Retail,93.00,62.00,97.00,92.00,5.01,4.99,1506955.00,1190780.00,155.22,65.45,5767256064,NO,139.07,125.05,101.41,128.00,100.59,,7552,0.00,1053740.00,NO,NO,2012-11-14,35280600.00
414,CNXN,92.38,92.57,124192.00,Technology,Electronics & Computer Distribution,93.00,93.00,93.00,93.00,2.30,2.24,145819.00,161860.00,93.89,54.97,2331495680,NO,87.21,83.70,69.28,84.50,73.24,,7192,0.00,124192.00,NO,NO,1998-12-24,7898850.00
415,MSBI,33.14,32.74,113415.00,Financial Services,Banks - Regional,93.00,64.00,85.00,91.00,0.80,0.80,175646.00,232240.00,35.10,14.24,687724992,NO,33.16,33.21,27.10,33.35,29.10,,2605,0.92,113415.00,NO,NO,2016-05-24,1775300.00
416,CBZ,54.69,54.71,551204.00,Industrials,Specialty Business Services,93.00,70.00,97.00,96.00,0.09,0.08,1315049.00,770250.00,56.93,24.29,3004694784,NO,54.66,54.09,39.92,54.66,39.61,,7911,0.00,551204.00,NO,NO,2026-07-29,16958900.00
417,WCC,381.73,371.28,461586.00,Industrials,Industrial Distribution,93.00,93.00,92.00,89.00,11.44,10.94,597007.00,464710.00,385.37,207.39,18602792960,NO,355.59,351.57,318.60,355.54,335.03,,6891,1.74,461586.00,NO,NO,2023-06-16,7823100.00
418,HPQ,32.12,32.15,10286954.00,Technology,Computer Hardware,93.00,70.00,96.00,94.00,1.33,1.32,15346734.00,16020670.00,36.23,17.56,28965525504,NO,32.56,30.58,23.63,31.36,25.27,,16297,0.00,10286954.00,YES,NO,2010-08-09,442012304.00
419,SHOC,115.46,113.73,6410.00,ETF,ETF,93.00,93.00,77.00,93.00,2.36,1.64,10774.00,7850.00,124.68,60.62,0,NO,107.56,105.57,93.42,106.88,101.34,,1001,0.00,6410.00,NO,NO,2024-07-17,277200.00
420,OII,44.32,44.36,598592.00,Energy,Oil & Gas Equipment & Services,93.00,5.00,89.00,83.00,1.44,1.42,988306.00,1009290.00,54.25,22.02,4411153920,NO,46.96,49.19,38.55,49.19,41.99,,12836,0.00,598592.00,NO,NO,2019-11-04,20401800.00
421,IDNA,41.65,41.64,230069.00,ETF,ETF,93.00,82.00,92.00,91.00,0.96,0.88,106722.00,235710.00,42.97,23.90,0,NO,40.30,37.93,31.76,38.28,33.02,,1836,0.00,230069.00,NO,NO,2026-09-30,577100.00
422,AZTA,38.75,34.48,3357872.00,Healthcare,Medical Instruments & Supplies,93.00,95.00,97.00,95.00,1.51,1.49,751228.00,916440.00,41.99,15.93,1697575168,NO,33.27,32.52,28.17,33.21,26.39,,7969,1.65,3357872.00,NO,NO,2021-01-06,14554600.00
423,HFBL,25.39,24.77,1096.00,Financial Services,Banks - Regional,93.00,76.00,92.00,91.00,0.79,0.47,2128.00,1380.00,28.00,13.90,76931632,NO,25.08,24.59,20.37,25.08,21.35,,4853,0.93,1096.00,NO,NO,2010-12-22,597600.00
424,SMCIP,72.57,69.90,1167542.00,Technology,Computer Hardware,93.00,94.00,97.00,,3.31,2.78,726904.00,947730.00,73.98,42.92,0,NO,67.40,62.09,,64.20,,,79,2.43,1167542.00,NO,NO,2026-06-11,50814100.00
425,TGT,156.00,156.70,4088123.00,Consumer Defensive,Discount Stores,93.00,29.00,93.00,86.00,3.55,3.42,4009879.00,3689120.00,170.75,83.44,70870294528,NO,157.64,155.68,128.81,156.92,137.27,,13518,0.00,4088123.00,NO,NO,1987-10-20,80400000.00
426,IBTA,41.61,39.92,193309.00,Technology,Software - Application,93.00,91.00,93.00,86.00,1.66,1.64,230771.00,225340.00,43.43,19.10,966434944,NO,40.63,37.01,30.46,37.98,33.83,,616,1.18,193309.00,NO,NO,2025-08-14,4331900.00
427,MYE,31.63,31.29,254943.00,Consumer Cyclical,Packaging & Containers,93.00,80.00,76.00,92.00,0.93,0.84,378031.00,333080.00,37.45,15.54,1189859584,NO,31.07,32.35,25.34,32.36,27.25,,11732,0.00,254943.00,NO,NO,2024-11-26,6520700.00
428,USL,57.69,57.89,10532.00,ETF,ETF,93.00,89.00,94.00,77.00,1.07,0.77,9930.00,7180.00,57.91,32.25,0,NO,56.40,53.05,46.90,53.37,51.11,,4735,0.00,10532.00,NO,NO,2020-04-21,5075300.00
429,SM,35.24,35.06,2019996.00,Energy,Oil & Gas E&P,93.00,14.00,95.00,70.00,1.62,1.46,3853755.00,4101090.00,41.56,17.45,8381977600,NO,36.18,34.78,28.36,34.96,31.53,,8507,0.00,2019996.00,NO,NO,2020-04-29,43350900.00
430,SEPN,37.71,38.05,395446.00,Healthcare,Biotechnology,93.00,71.00,89.00,92.00,1.86,1.77,401446.00,391710.00,51.10,17.55,1760187648,NO,38.52,39.08,30.88,38.61,32.28,,485,0.00,395446.00,NO,NO,2025-05-14,37815800.00
431,SCSC,61.73,62.22,224605.00,Technology,Electronics & Computer Distribution,93.00,90.00,92.00,95.00,1.69,1.61,263346.00,292590.00,66.78,33.76,1243415808,NO,58.13,56.49,45.85,56.92,48.69,,8190,0.00,224605.00,NO,NO,2002-12-19,8674400.00
432,DXPE,193.98,182.31,125151.00,Industrials,Industrial Distribution,93.00,88.00,92.00,89.00,5.89,5.51,132504.00,163170.00,208.00,84.04,3010016256,NO,186.44,183.96,155.19,186.88,165.74,,7146,2.04,125151.00,NO,NO,2005-09-06,5090000.00
433,PFIX,65.10,64.27,280520.00,ETF,ETF,93.00,96.00,96.00,91.00,1.85,1.72,179541.00,258380.00,65.10,41.37,0,NO,55.80,53.00,47.92,53.92,48.97,,1356,0.00,280520.00,NO,NO,2026-04-08,2379700.00
434,DAVE,346.57,339.59,339166.00,Technology,Software - Application,93.00,17.00,12.00,96.00,18.38,17.45,402060.00,331990.00,458.25,152.21,4420676096,NO,348.51,357.24,273.82,349.91,303.15,,1367,0.00,339166.00,NO,NO,2022-07-27,3887050.00
435,BZH,33.40,33.39,644101.00,Consumer Cyclical,Residential Construction,93.00,71.00,92.00,94.00,0.07,0.06,706457.00,796170.00,34.54,17.83,891099456,NO,33.32,33.21,26.31,33.13,27.43,,8207,0.00,644101.00,NO,NO,2012-07-11,9466180.00
436,GKOS,163.75,163.17,704736.00,Healthcare,Medical Devices,93.00,12.00,86.00,91.00,6.63,6.63,791438.00,985870.00,191.62,73.16,9658619904,NO,165.19,171.99,135.03,172.27,142.64,,2835,0.00,704736.00,NO,NO,2018-08-29,11054300.00
437,BESO,36.62,36.83,43.00,ETF,ETF,93.00,93.00,96.00,,0.78,0.16,330.00,480.00,37.28,21.50,0,NO,35.01,30.97,,31.68,,,114,0.00,43.00,NO,NO,2026-04-22,185600.00
438,TQQQ,81.01,78.73,60603770.00,ETF,ETF,93.00,94.00,82.00,96.00,3.02,2.45,55314947.00,52775460.00,88.09,37.32,0,NO,74.71,72.13,63.56,73.55,68.11,,4186,0.00,60603770.00,YES,NO,2011-10-17,1094342400.00
439,ASML,1867.31,1808.49,1335151.00,Technology,Semiconductor Equipment & Materials,93.00,91.00,72.00,90.00,45.86,39.12,1499357.00,1398100.00,1999.96,935.41,717233782784,NO,1721.85,1721.58,1542.78,1737.83,1637.47,,7941,2.28,1335151.00,NO,NO,1995-03-15,71337728.00
440,DAO,15.15,15.15,2455.00,Consumer Defensive,Education & Training Services,93.00,77.00,92.00,94.00,0.62,0.62,64026.00,40010.00,18.94,8.38,1827614592,NO,14.68,15.94,12.30,16.16,13.16,,1743,0.00,2455.00,NO,NO,2021-07-26,4580900.00
441,FIX,1728.01,1685.29,276007.00,Industrials,Engineering & Construction,93.00,91.00,38.00,80.00,62.13,60.12,412034.00,335600.00,2073.99,770.47,60816150528,NO,1635.23,1656.88,1555.93,1671.21,1703.48,,7362,1.71,276007.00,NO,NO,2025-12-19,8010000.00
442,SMHX,63.22,61.75,141562.00,ETF,ETF,93.00,93.00,80.00,94.00,1.56,1.18,67344.00,56300.00,68.36,34.53,0,NO,58.21,56.97,49.87,57.88,54.42,,526,2.17,141562.00,NO,NO,2025-08-12,845600.00
443,ACLS,147.77,136.71,450055.00,Technology,Semiconductor Equipment & Materials,93.00,97.00,81.00,93.00,5.81,5.20,387907.00,376990.00,193.78,73.60,4563357696,NO,117.97,123.98,119.90,126.22,133.55,,6597,4.00,450055.00,NO,NO,2017-10-18,5688300.00
444,SKM,36.79,35.59,1124662.00,Communication Services,Telecom Services,93.00,61.00,90.00,82.00,0.99,0.86,1951630.00,1057050.00,47.18,19.66,14123315200,NO,36.34,36.30,32.63,36.96,35.38,,7615,2.25,1124662.00,NO,NO,2026-06-01,7801500.00
445,LFUS,456.53,435.55,171048.00,Technology,Electronic Components,93.00,92.00,84.00,87.00,13.16,11.85,283131.00,195270.00,500.57,233.36,11595290624,NO,419.12,425.79,386.73,431.89,418.68,,8567,2.93,171048.00,NO,NO,2016-11-28,3396900.00
446,VAC,104.20,103.12,274814.00,Consumer Cyclical,Resorts & Casinos,93.00,83.00,82.00,93.00,3.76,3.63,473530.00,424500.00,131.34,44.58,3583992320,NO,102.64,106.52,81.41,108.49,90.75,,3746,0.00,274814.00,NO,NO,2018-08-31,7085300.00
447,XSD,555.21,535.99,130792.00,ETF,ETF,93.00,94.00,42.00,94.00,15.17,12.11,102174.00,114590.00,658.14,280.83,0,NO,512.62,506.51,455.52,515.61,501.50,,5197,2.72,130792.00,NO,NO,2008-01-14,3099800.00
448,NRIX,22.99,23.34,815508.00,Healthcare,Biotechnology,93.00,8.00,33.00,92.00,0.94,0.92,1269801.00,1842190.00,28.23,8.99,2385940736,NO,24.74,25.29,19.59,25.14,20.38,,1556,0.00,815508.00,NO,NO,2026-06-08,21065100.00
449,OOMA,20.80,20.76,347250.00,Technology,Software - Application,93.00,15.00,80.00,90.00,0.82,0.82,439036.00,549550.00,26.19,9.79,574080000,NO,22.14,21.71,16.82,22.08,18.85,,2819,0.00,347250.00,NO,NO,2017-06-23,2080900.00
450,ARX,19.73,19.73,1432609.00,Financial Services,Insurance Brokers,93.00,68.00,97.00,92.00,0.09,0.09,3705934.00,2565180.00,19.90,9.18,4285129984,NO,19.78,17.77,14.61,18.21,15.20,,301,0.00,1432609.00,NO,NO,2026-08-13,70095100.00
451,STRZ,23.25,22.85,186716.00,Communication Services,Entertainment,93.00,5.00,4.00,96.00,2.07,2.05,244093.00,573840.00,32.58,8.40,398136992,NO,24.67,25.71,19.45,25.53,22.89,,354,0.00,186716.00,NO,NO,2025-05-07,1817800.00
452,PLXS,273.13,270.27,210801.00,Technology,Electronic Components,93.00,93.00,54.00,87.00,7.71,6.95,262580.00,244750.00,307.06,132.03,7279488000,NO,254.95,254.12,231.74,255.44,252.78,,10243,0.00,210801.00,NO,NO,1997-12-18,7320200.00
453,VOGX,18.23,20.06,55485.00,Healthcare,Biotechnology,93.00,0.00,,,3.65,3.54,199172.00,156140.00,38.41,12.95,270808224,YES,27.90,,,,,,37,0.00,55485.00,NO,NO,2026-08-18,776200.00
454,BUG,46.92,46.48,1001715.00,ETF,ETF,93.00,94.00,90.00,95.00,1.46,1.43,1370242.00,1358100.00,47.54,23.14,0,NO,44.45,42.30,33.41,42.38,35.27,,1738,0.00,1001715.00,NO,NO,2026-02-24,4956600.00
455,ITGR,126.45,126.42,471805.00,Healthcare,Medical Devices,93.00,73.00,95.00,91.00,0.20,0.18,996625.00,832930.00,126.80,62.00,4298929152,NO,126.26,123.01,96.11,125.38,101.47,,6540,0.00,471805.00,NO,NO,2025-10-23,14161400.00
456,LSCC,134.00,128.86,2876935.00,Technology,Semiconductors,93.00,94.00,45.00,90.00,5.20,4.59,1710931.00,2028180.00,157.01,60.50,19032055808,NO,118.56,120.96,112.42,122.55,123.00,,9291,3.31,2876935.00,NO,NO,2016-11-03,33890700.00
457,SYNA,121.10,106.15,7666638.00,Technology,Semiconductors,93.00,96.00,44.00,94.00,5.39,4.28,707061.00,549480.00,149.11,58.28,4806751232,NO,98.42,101.23,98.80,103.18,106.50,,6210,0.00,7666638.00,NO,NO,2005-02-09,38096250.00
458,ANET,207.35,204.49,4113045.00,Technology,Computer Hardware,92.00,92.00,92.00,94.00,6.34,5.83,6478226.00,4922960.00,214.89,114.52,261514952704,NO,199.84,193.42,158.92,195.85,168.78,,3100,0.00,4113045.00,NO,NO,2018-08-27,178592000.00
459,SLGL,72.00,73.00,44372.00,Healthcare,Biotechnology,92.00,79.00,42.00,11.00,3.94,3.87,55192.00,47970.00,97.97,28.50,235727936,NO,66.34,74.20,71.90,73.58,75.24,,2179,0.00,44372.00,NO,NO,2024-12-23,1837620.00
460,CNC,62.99,60.99,3573311.00,Healthcare,Healthcare Plans,92.00,19.00,32.00,95.00,2.12,2.05,4578344.00,5396620.00,69.63,31.63,31116746752,NO,64.39,64.71,52.79,64.86,56.92,,6240,0.02,3573311.00,NO,NO,2025-07-02,93566700.00
461,FCLD,45.06,45.54,32760.00,ETF,ETF,92.00,81.00,90.00,94.00,0.77,0.66,29031.00,22900.00,45.80,26.01,0,NO,44.53,43.25,34.88,43.76,37.21,,1252,0.00,32760.00,NO,NO,2023-06-15,227600.00
462,U,43.61,43.61,8268465.00,Technology,Software - Application,92.00,88.00,96.00,96.00,2.12,2.06,10194673.00,12853350.00,52.15,16.78,19192279040,NO,42.30,41.33,31.92,42.34,31.51,,1517,0.00,8268465.00,NO,NO,2026-02-11,104917400.00
463,NHC,227.66,223.35,87686.00,Healthcare,Medical Care Facilities,92.00,84.00,79.00,90.00,5.62,5.51,110096.00,140820.00,239.29,116.42,3565473280,NO,224.18,224.09,184.80,224.15,200.52,,10014,0.77,87686.00,NO,NO,2023-12-15,2662000.00
464,SRZN,29.32,30.00,645977.00,Healthcare,Biotechnology,92.00,96.00,93.00,48.00,3.44,2.49,455911.00,1704290.00,37.83,11.39,344614304,NO,22.73,22.74,24.55,23.54,25.23,,1439,0.00,645977.00,NO,NO,2026-09-24,11527000.00
465,UMAC,22.37,21.78,3194705.00,Technology,Computer Hardware,92.00,27.00,76.00,94.00,1.72,1.64,3617423.00,2562480.00,34.93,7.25,1117527040,NO,23.59,24.36,18.65,24.91,20.56,,661,2.07,3194705.00,NO,NO,2024-11-29,62631500.00
466,SEI,74.93,71.38,2869636.00,Energy,Oil & Gas Equipment & Services,92.00,97.00,87.00,88.00,3.84,3.45,3048544.00,2477900.00,86.19,38.50,7539933184,NO,67.13,59.81,61.32,61.38,65.52,,2361,1.13,2869636.00,NO,NO,2025-10-07,12906400.00
467,EMEQ,67.20,66.11,101217.00,ETF,ETF,92.00,83.00,39.00,92.00,1.36,0.93,111519.00,108680.00,78.71,35.48,0,NO,66.16,64.57,56.97,65.29,61.48,,521,1.29,101217.00,NO,NO,2026-03-30,853300.00
468,NVT,169.56,165.77,1615677.00,Industrials,Electrical Equipment & Parts,92.00,93.00,84.00,91.00,5.57,5.25,2200966.00,1832950.00,184.64,93.22,27444631552,NO,158.76,157.43,140.50,160.06,152.90,,2123,0.00,1615677.00,NO,NO,2018-05-01,40727700.00
469,RAL,73.20,70.80,1802419.00,Technology,Electronic Components,92.00,95.00,81.00,95.00,2.00,1.86,1482550.00,1173910.00,75.41,37.27,8098848256,NO,68.08,67.07,56.73,67.23,59.81,,321,1.24,1802419.00,NO,NO,2025-06-30,27065700.00
470,REPX,42.19,41.06,215654.00,Energy,Oil & Gas E&P,92.00,79.00,95.00,70.00,1.57,1.47,258736.00,406490.00,45.31,24.08,915352000,NO,42.00,38.65,33.95,39.29,36.47,,6984,0.00,215654.00,NO,NO,2020-10-21,5758100.00
471,BRKR,63.24,61.94,2227594.00,Healthcare,Medical Devices,92.00,88.00,75.00,95.00,3.26,3.12,2206161.00,2255510.00,66.98,32.37,9635203072,NO,60.01,58.90,49.30,59.13,51.38,,6579,0.50,2227594.00,NO,NO,2025-09-03,18329700.00
472,MSSE,28.70,29.01,9135.00,ETF,ETF,92.00,92.00,,,0.82,0.62,35665.00,11090.00,29.77,19.82,0,NO,27.87,,,25.29,,,48,0.00,9135.00,NO,NO,2026-07-28,933600.00
473,MSFL,26.78,26.29,233318.00,ETF,ETF,92.00,88.00,98.00,95.00,1.16,1.07,882300.00,290690.00,36.10,12.96,0,NO,25.30,24.20,20.48,25.09,19.84,,639,0.00,233318.00,NO,NO,2026-07-30,7450400.00
474,CIEN,391.34,379.14,2516605.00,Technology,Communication Equipment,92.00,91.00,16.00,9.00,21.11,20.36,2260265.00,2431920.00,637.51,147.36,55495348224,NO,349.95,373.96,391.32,376.00,438.24,,7459,1.55,2516605.00,NO,NO,2011-06-08,36581000.00
475,NIQ,16.64,17.24,1287807.00,Technology services,Packaged software,92.00,11.00,98.00,91.00,0.59,0.59,1510196.00,1217870.00,19.69,7.93,4908065280,NO,17.87,16.46,12.98,16.72,12.25,,302,0.00,1287807.00,NO,NO,2025-07-23,21974900.00
476,SAFT,103.92,103.81,124791.00,Financial Services,Insurance - Property & Casualty,92.00,73.00,95.00,91.00,0.22,0.21,208200.00,143580.00,104.01,67.04,1525595648,NO,103.52,103.45,82.02,103.50,84.40,,6002,0.06,124791.00,NO,NO,2026-07-27,1966100.00
477,FBIOP,16.86,16.06,25006.00,Healthcare,Biotechnology,92.00,10.00,8.00,82.00,0.58,0.55,12546.00,20310.00,21.43,6.27,0,NO,17.55,18.30,15.56,18.28,17.14,,2232,0.87,25006.00,NO,NO,2023-08-17,343200.00
478,AGCC,15.00,15.10,1080.00,Consumer Defensive,Beverages - Wineries & Distilleries,92.00,78.00,41.00,25.00,1.00,0.91,38825.00,12850.00,25.73,3.66,341797504,NO,14.04,14.50,14.46,14.58,15.77,,238,0.00,1080.00,NO,NO,2025-10-22,2125600.00
479,PEB,19.07,18.81,1893917.00,Real Estate,REIT - Hotel & Motel,92.00,85.00,72.00,92.00,0.48,0.47,2139160.00,2410240.00,19.93,9.99,2151910656,NO,18.26,18.40,15.25,18.39,16.51,,4229,0.00,1893917.00,NO,NO,2023-03-17,29801700.00
480,LRNZ,70.24,69.56,2052.00,ETF,ETF,92.00,94.00,87.00,95.00,1.07,0.68,2442.00,3020.00,70.47,37.89,0,NO,65.96,63.40,52.69,64.13,55.79,,1657,0.00,2052.00,NO,NO,2022-03-15,170500.00
481,DCO,175.39,171.94,156657.00,Industrials,Aerospace & Defense,92.00,86.00,21.00,89.00,6.53,6.36,256303.00,247920.00,210.39,84.76,2648350208,NO,169.54,179.99,146.69,180.59,159.65,,13468,0.92,156657.00,NO,NO,2012-06-22,1459500.00
482,VGNT,46.43,46.26,579840.00,Consumer Cyclical,Auto Parts,92.00,60.00,85.00,94.00,1.67,1.58,861809.00,829320.00,50.89,26.34,3288881408,NO,46.39,45.85,,46.52,,,131,0.00,579840.00,NO,NO,2026-04-01,27163800.00
483,ELOX,15.51,15.71,17669.00,Healthcare,Biotechnology,92.00,51.00,95.00,,1.46,1.43,47460.00,22920.00,23.40,8.20,53297232,NO,16.21,16.62,,16.86,,,81,0.00,17669.00,NO,NO,2026-06-09,284500.00
484,IESC,339.34,330.16,197146.00,Industrials,Engineering & Construction,92.00,92.00,66.00,90.00,13.24,12.44,334050.00,226840.00,408.25,170.06,13522262016,NO,324.74,334.43,290.28,343.79,319.02,,7215,2.64,197146.00,NO,NO,2007-09-06,3893000.00
485,CMTV,41.80,42.31,28262.00,Financial Services,Banks - Regional,92.00,77.00,86.00,75.00,1.22,1.17,38076.00,42390.00,43.76,22.40,234117696,NO,40.92,40.74,36.25,40.92,39.43,,6960,0.00,28262.00,NO,NO,2026-06-26,657900.00
486,DAR,62.94,61.64,2128388.00,Consumer Defensive,Packaged Foods,92.00,17.00,85.00,27.00,2.34,2.34,2368855.00,2515700.00,69.98,29.15,9932114944,NO,63.78,63.47,56.21,63.70,60.76,,8070,0.00,2128388.00,NO,NO,2013-12-13,34955800.00
487,CGEM,15.51,14.53,1162067.00,Healthcare,Biotechnology,92.00,0.00,11.00,54.00,1.24,1.22,837844.00,1621590.00,23.19,5.68,998141376,NO,18.82,19.43,15.35,19.20,16.45,,1440,1.58,1162067.00,NO,NO,2022-05-12,14668600.00
488,THNQ,98.75,97.52,71397.00,ETF,ETF,92.00,92.00,86.00,94.00,1.95,1.53,28269.00,56930.00,99.70,55.58,0,NO,93.65,90.74,76.63,91.93,81.76,,1603,0.00,71397.00,NO,NO,2024-05-30,1048800.00
489,ARCB,132.61,129.61,331608.00,Industrials,Trucking,92.00,59.00,22.00,87.00,4.48,4.14,300266.00,234210.00,176.69,59.43,2964013056,NO,131.70,136.80,119.77,136.43,131.00,,8658,2.17,331608.00,NO,NO,1992-05-13,9338300.00
490,SOXY,100.04,97.84,19867.00,ETF,ETF,92.00,94.00,37.00,93.00,2.40,1.72,16288.00,12130.00,115.36,54.28,0,NO,92.74,91.13,81.89,92.11,88.89,,459,2.05,19867.00,NO,NO,2026-02-27,106400.00
491,TEXU,40.57,40.56,21279.00,ETF,ETF,92.00,7.00,94.00,29.00,1.58,1.14,3149.00,7380.00,47.18,22.49,0,NO,41.45,41.04,36.69,41.33,39.49,,252,0.00,21279.00,NO,NO,2026-03-04,60600.00
492,TGTX,54.29,53.62,1652911.00,Healthcare,Biotechnology,92.00,29.00,46.00,94.00,2.34,2.32,2036103.00,2104010.00,59.30,26.76,8310907904,NO,55.71,53.71,41.32,53.72,45.98,,4131,1.03,1652911.00,NO,NO,2023-11-01,50843300.00
493,SMCL,21.62,19.99,536979.00,ETF,ETF,92.00,96.00,98.00,96.00,2.02,1.82,826800.00,635110.00,143.67,7.52,0,NO,18.71,16.26,21.64,17.40,17.36,,451,4.05,536979.00,NO,NO,2026-03-20,8845065.00
494,CLNK,24.64,26.35,65728.00,ETF,ETF,92.00,95.00,98.00,93.00,1.53,1.21,40365.00,74920.00,28.07,12.79,0,NO,23.18,19.79,,20.31,17.35,,181,0.00,65728.00,NO,NO,2026-09-28,127100.00
495,TSUI,22.39,23.81,18940.00,ETF,ETF,92.00,98.00,97.00,86.00,1.56,1.00,20412.00,51440.00,26.58,13.00,0,NO,18.46,15.93,,16.28,17.05,,154,0.00,18940.00,NO,NO,2026-03-27,356900.00
496,PDEX,64.07,65.36,35317.00,Healthcare,Medical Instruments & Supplies,92.00,79.00,77.00,82.00,3.18,3.16,83171.00,64530.00,77.00,23.47,205237616,NO,68.61,65.59,54.48,66.40,60.05,,10116,0.00,35317.00,NO,NO,2014-09-19,5321400.00
497,NTNX,72.29,71.52,1960144.00,Technology,Software - Infrastructure,92.00,89.00,95.00,95.00,1.92,1.87,2740620.00,2559800.00,77.90,34.01,19559518208,NO,68.83,65.96,50.51,66.92,53.05,,2515,0.00,1960144.00,NO,NO,2020-08-28,68037500.00
498,TALO,16.78,16.64,1333851.00,Energy,Oil & Gas E&P,92.00,46.00,94.00,53.00,0.64,0.57,1969960.00,2242050.00,18.73,8.96,2801680640,NO,16.96,16.27,14.34,16.43,15.33,,2111,0.00,1333851.00,NO,NO,2023-06-16,16103200.00
499,SBLK,30.75,30.43,1416340.00,Industrials,Marine Shipping,92.00,38.00,91.00,84.00,0.92,0.88,1577047.00,2094780.00,32.88,16.72,3569195008,NO,30.76,29.93,25.57,30.40,26.97,,4738,0.00,1416340.00,NO,NO,2022-02-17,9415600.00
500,EC,16.60,16.27,1106741.00,Energy,Oil & Gas Integrated,92.00,26.00,90.00,59.00,0.55,0.52,1908738.00,1640510.00,18.38,8.57,34126858240,NO,17.15,17.01,14.38,17.05,15.48,,4538,0.00,1106741.00,NO,NO,2022-11-30,11628800.00
501,UFCS,54.62,53.94,120570.00,Financial Services,Insurance - Property & Casualty,92.00,63.00,76.00,91.00,1.59,1.59,151206.00,145430.00,56.74,29.85,1404031104,NO,54.20,53.76,44.61,54.08,47.94,,11731,0.98,120570.00,NO,NO,2001-10-11,4057200.00
502,SU,69.56,69.10,2735539.00,Energy,Oil & Gas Integrated,92.00,77.00,93.00,49.00,1.88,1.62,4318993.00,3703150.00,72.06,37.77,82132631552,NO,68.61,66.85,60.38,67.04,64.03,,11732,0.00,2735539.00,NO,NO,1989-05-25,40988800.00
503,VBNK,22.40,22.11,99221.00,Financial Services,Banks - Regional,92.00,94.00,53.00,93.00,0.77,0.74,123692.00,153510.00,25.05,11.25,726187392,NO,22.62,20.81,18.02,21.22,19.04,,1280,0.00,99221.00,NO,NO,2024-12-17,2102600.00
504,RIBBU,15.05,16.89,16661.00,Financial Services,Shell Companies,92.00,83.00,95.00,85.00,1.74,1.32,925.00,2830.00,16.89,9.21,0,NO,12.37,11.68,11.30,11.76,11.59,,431,0.00,16661.00,NO,NO,2025-01-15,2113100.00
505,ETHB,34.32,34.76,519193.00,ETF,ETF,92.00,92.00,97.00,86.00,1.18,0.95,471549.00,488290.00,35.71,19.65,0,NO,33.35,29.59,,30.26,27.22,,142,0.00,519193.00,NO,NO,2026-03-13,2861800.00
506,CRDO,218.64,210.17,10556496.00,Technology,Semiconductors,92.00,96.00,7.00,97.00,12.32,11.34,6817673.00,8968360.00,308.67,86.48,41093808128,NO,181.24,208.06,177.37,211.91,196.49,,1175,2.30,10556496.00,YES,NO,2026-06-26,38637200.00
507,BNR,16.25,15.99,14958.00,Healthcare,Diagnostics & Research,92.00,98.00,97.00,37.00,1.81,1.74,29730.00,45190.00,41.72,6.79,171378080,NO,14.57,11.52,17.21,11.99,13.09,,1585,0.00,14958.00,NO,NO,2025-07-23,588700.00
508,RIGL,47.15,46.97,185918.00,Healthcare,Biotechnology,92.00,29.00,91.00,95.00,1.66,1.59,303136.00,269770.00,52.24,24.95,880755648,NO,47.25,44.48,36.54,44.98,36.13,,6498,0.00,185918.00,NO,NO,2020-07-14,25850860.00
509,NVC,33.51,32.70,296.00,ETF,ETF,92.00,89.00,95.00,,0.79,0.30,407.00,190.00,33.51,23.08,0,NO,30.84,29.78,,30.52,,,69,0.00,296.00,NO,NO,2026-06-26,10100.00
510,MSFX,26.58,26.12,134740.00,ETF,ETF,92.00,88.00,97.00,95.00,1.12,0.98,170431.00,62870.00,39.37,12.90,0,NO,25.15,24.05,20.50,24.94,19.75,,684,0.00,134740.00,NO,NO,2026-07-30,1288400.00
511,FFIV,454.04,443.68,628305.00,Technology,Software - Infrastructure,92.00,94.00,84.00,92.00,14.40,14.04,582801.00,590760.00,462.00,223.76,25711007744,NO,429.65,411.41,345.07,411.62,373.51,,6875,0.55,628305.00,NO,NO,2005-07-21,26240600.00
512,CSTL,35.56,35.26,167717.00,Healthcare,Diagnostics & Research,92.00,87.00,96.00,91.00,1.57,1.54,397231.00,428700.00,44.28,17.72,1086340608,NO,34.60,32.33,29.09,32.93,26.32,,1808,0.00,167717.00,NO,NO,2023-07-07,12789100.00
513,AVAZ,17.10,18.48,13182.00,ETF,ETF,92.00,98.00,98.00,,1.99,1.10,5400.00,15410.00,21.03,6.55,0,NO,13.72,10.32,,10.41,,,97,0.00,13182.00,NO,NO,2026-09-29,35400.00
514,NESR,24.67,24.93,3192190.00,Energy,Oil & Gas Equipment & Services,92.00,0.00,14.00,57.00,1.62,1.54,2027355.00,2599710.00,36.94,9.95,2488012800,NO,31.35,31.71,25.03,31.74,27.06,,562,0.00,3192190.00,NO,NO,2025-06-27,8949700.00
515,GHRS,22.94,22.86,230005.00,Healthcare,Biotechnology,92.00,2.00,12.00,93.00,1.38,1.36,289287.00,352390.00,31.44,12.04,1574654080,NO,26.28,27.73,20.96,27.46,23.26,,1324,0.00,230005.00,NO,NO,2025-02-03,10308500.00
516,WHD,63.44,62.19,493450.00,Energy,Oil & Gas Equipment & Services,92.00,7.00,93.00,87.00,1.99,1.88,784877.00,925310.00,74.07,33.20,4423872000,NO,66.53,66.99,56.79,67.94,58.46,,2174,0.03,493450.00,NO,NO,2024-06-21,15098500.00
517,MSFU,40.00,39.34,2046053.00,ETF,ETF,92.00,87.00,97.00,95.00,1.77,1.65,4784550.00,3101840.00,58.89,19.47,0,NO,37.94,36.35,30.97,37.67,29.88,,1022,0.00,2046053.00,NO,NO,2026-07-30,23941600.00
518,TRFK,103.39,102.09,125922.00,ETF,ETF,92.00,92.00,76.00,94.00,2.21,1.70,158455.00,178880.00,115.58,58.82,0,NO,98.81,95.43,82.31,96.65,89.58,,1082,0.00,125922.00,NO,NO,2025-11-20,640500.00
519,CBLL,23.69,23.61,305315.00,Healthcare,Medical Devices,92.00,29.00,92.00,85.00,0.88,0.88,374531.00,360100.00,25.63,10.85,909177216,NO,24.22,22.62,20.37,22.79,20.18,,495,0.00,305315.00,NO,NO,2024-10-11,3571200.00
520,FCX,72.04,69.28,11926686.00,Basic Materials,Copper,92.00,47.00,91.00,74.00,2.42,2.21,13613438.00,10675120.00,80.24,38.54,103450705920,NO,71.79,70.54,63.61,71.15,65.07,,7861,0.40,11926686.00,YES,NO,2012-12-05,153828000.00
521,TEVA,39.53,39.31,4752351.00,Healthcare,Drug Manufacturers - Specialty & Generic,92.00,86.00,88.00,87.00,1.25,1.23,5345057.00,5647410.00,40.79,18.83,46103543808,NO,38.66,36.93,33.68,37.21,34.01,,11248,0.00,4752351.00,NO,NO,2017-11-02,117607600.00
522,NUE,240.39,235.98,1049971.00,Basic Materials,Steel,92.00,12.00,83.00,90.00,7.57,6.64,1362836.00,1545580.00,280.11,131.32,54538645504,NO,249.95,255.81,214.66,254.95,230.10,,11732,1.23,1049971.00,NO,NO,2001-06-26,358280000.00
523,SCCO,205.54,199.22,882590.00,Basic Materials,Copper,92.00,72.00,92.00,75.00,6.79,6.04,1115166.00,1001050.00,220.78,115.74,173546389504,NO,199.39,197.02,181.83,198.51,182.96,,7736,1.23,882590.00,NO,NO,2005-06-10,45748654.00
524,JAKK,27.15,25.50,143075.00,Consumer Cyclical,Leisure,92.00,91.00,92.00,88.00,0.78,0.76,93353.00,77090.00,27.22,14.87,310732064,NO,24.69,25.20,21.87,25.38,23.25,,7654,0.20,143075.00,NO,NO,2020-11-03,22241500.00
525,TMV,50.13,49.63,2697327.00,ETF,ETF,92.00,94.00,94.00,89.00,1.49,1.21,1010596.00,1408400.00,51.40,31.82,0,NO,45.58,43.52,38.92,44.09,40.27,,4394,0.00,2697327.00,NO,NO,2024-01-16,13853500.00
526,USE,36.58,35.22,55.00,ETF,ETF,92.00,89.00,96.00,72.00,0.69,0.24,3857.00,710.00,37.72,21.56,0,NO,36.06,33.88,29.37,34.16,31.97,,855,1.79,200.00,NO,NO,2026-07-23,165700.00
527,PR,22.12,21.93,8787445.00,Energy,Oil & Gas E&P,92.00,17.00,92.00,46.00,0.73,0.64,9459809.00,11051640.00,24.64,11.92,18526763008,NO,22.55,22.19,19.38,22.28,20.76,,2632,0.00,8787445.00,NO,NO,2024-06-28,79792400.00
528,NVDL,38.50,37.52,16592875.00,ETF,ETF,92.00,88.00,95.00,93.00,1.61,1.36,13190088.00,9422820.00,43.27,21.54,0,NO,35.42,34.20,31.20,35.02,32.18,,954,0.00,16592875.00,YES,NO,2025-01-27,275820900.00
529,DT,59.32,59.26,3855075.00,Technology,Software - Application,92.00,94.00,94.00,93.00,1.71,1.64,6178753.00,7876970.00,60.24,31.64,17143605248,NO,55.52,51.49,42.56,52.08,43.89,,1803,0.00,3855075.00,NO,NO,2026-02-27,31805900.00
530,HACK,123.08,121.77,429168.00,ETF,ETF,92.00,92.00,88.00,94.00,3.23,3.13,286155.00,312940.00,124.42,69.66,0,NO,118.25,114.75,92.75,114.83,98.34,,2989,0.00,429168.00,NO,NO,2015-08-24,3235000.00
531,TXN,293.80,281.31,4934069.00,Technology,Semiconductors,92.00,93.00,40.00,92.00,7.67,6.89,6535479.00,6572970.00,334.03,152.73,268312150016,NO,269.88,270.54,248.81,273.00,268.80,,13698,3.09,4934069.00,NO,NO,1987-09-16,136944000.00
532,CIB,91.91,91.08,196190.00,Financial Services,Banks - Regional,92.00,19.00,89.00,85.00,2.68,2.60,304142.00,275880.00,105.60,51.14,21705971712,NO,97.12,95.96,78.83,96.27,81.00,,7849,0.54,196190.00,NO,NO,2007-07-17,5932400.00
533,WTAI,45.35,44.49,597445.00,ETF,ETF,92.00,93.00,76.00,93.00,0.98,0.74,320876.00,164480.00,48.89,26.55,0,NO,42.74,41.40,36.64,41.97,39.35,,1208,0.00,597445.00,NO,NO,2025-12-17,2709400.00
534,CHMG,81.93,80.61,43130.00,Financial Services,Banks - Regional,92.00,49.00,86.00,93.00,1.92,1.87,67906.00,82950.00,86.00,49.82,395023200,NO,82.93,82.47,67.82,82.78,72.13,,6980,0.72,43130.00,NO,NO,2019-10-11,726200.00
535,SWKS,85.03,83.16,8731391.00,Technology,Semiconductors,91.00,95.00,95.00,93.00,4.78,4.72,6169574.00,6238600.00,92.80,51.93,12794700800,NO,85.49,74.23,65.79,76.09,68.45,,10599,0.77,8731391.00,NO,NO,2015-03-11,40723100.00
536,GIC,43.61,43.07,121416.00,Industrials,Industrial Distribution,91.00,92.00,94.00,90.00,1.03,1.01,130128.00,180060.00,43.90,26.40,1661904768,NO,40.84,39.34,33.61,39.72,34.65,,7869,0.33,121416.00,NO,NO,2006-10-12,6703400.00
537,CMDB,22.37,23.00,57165.00,Industrials,Marine Shipping,91.00,83.00,92.00,85.00,0.94,0.91,70860.00,54810.00,24.76,12.29,543624320,NO,23.20,20.87,18.10,21.30,18.65,,358,0.00,57165.00,NO,NO,2025-05-14,471700.00
538,APPN,36.68,37.77,520801.00,Technology,Software - Infrastructure,91.00,14.00,97.00,92.00,1.96,1.83,848944.00,822390.00,46.06,18.63,2627300352,NO,36.63,35.41,28.01,36.12,27.46,,2352,0.00,520801.00,NO,NO,2020-11-30,7563900.00
539,GNMX,37.73,37.35,1027.00,ETF,ETF,91.00,86.00,91.00,,0.64,0.42,1579.00,4110.00,38.70,23.88,0,NO,36.37,34.27,,34.58,,,104,0.24,1027.00,NO,NO,2026-05-06,48900.00
540,ADI,417.15,404.60,2623345.00,Technology,Semiconductors,91.00,94.00,83.00,87.00,10.84,10.02,3606236.00,3398430.00,445.91,223.47,202136485888,NO,380.01,375.48,359.53,380.91,379.16,,11732,2.72,2623345.00,NO,NO,2006-08-11,27748000.00
541,CHAT,95.23,93.39,319219.00,ETF,ETF,91.00,92.00,79.00,92.00,2.15,1.66,417442.00,252930.00,105.20,55.52,0,NO,90.63,88.38,78.03,89.63,84.43,,847,1.82,319219.00,NO,NO,2026-06-05,1714000.00
542,YPF,49.67,49.27,795692.00,Energy,Oil & Gas Integrated,91.00,14.00,84.00,59.00,1.74,1.64,1232757.00,1194500.00,57.87,23.37,19474368512,NO,53.34,51.78,44.88,51.80,48.12,,8373,0.00,795692.00,NO,NO,1993-06-29,34346800.00
543,BTSG,60.25,57.26,3195620.00,Healthcare,Health Information Services,91.00,67.00,10.00,90.00,1.83,1.77,3219333.00,2904950.00,73.75,27.11,11921320960,NO,58.03,60.50,52.29,59.49,57.54,,674,1.69,3195620.00,NO,NO,2026-07-16,32760800.00
544,LILAP,20.36,20.49,16724.00,Communication Services,Telecom Services,91.00,49.00,68.00,,0.23,0.22,119620.00,50580.00,29.40,11.19,0,NO,20.56,20.56,,20.61,,,87,0.00,16724.00,NO,NO,2026-06-30,2000600.00
545,KNCT,209.69,207.25,2237.00,ETF,ETF,91.00,89.00,75.00,92.00,2.77,1.49,2930.00,3090.00,219.83,126.32,0,NO,203.02,197.62,173.08,199.47,186.06,,5353,0.00,2237.00,NO,NO,2010-07-26,574400.00
546,FDTX,60.13,59.70,68170.00,ETF,ETF,91.00,93.00,86.00,94.00,0.96,0.81,41214.00,46700.00,62.47,34.84,0,NO,56.68,54.78,47.47,55.55,50.47,,831,0.00,68170.00,NO,NO,2024-02-22,136600.00
547,SPAM,47.77,47.47,1506.00,ETF,ETF,91.00,92.00,87.00,94.00,0.77,0.44,2260.00,1390.00,48.15,27.43,0,NO,45.83,44.51,36.35,44.65,38.63,,706,0.00,1506.00,NO,NO,2025-01-03,28600.00
548,HBM,27.20,26.18,3370928.00,Basic Materials,Copper,91.00,63.00,91.00,83.00,1.18,1.03,4539776.00,4863770.00,32.15,14.34,12080738304,NO,26.81,26.70,24.47,27.11,24.77,,4436,1.72,3370928.00,NO,NO,2025-08-13,30836400.00
549,TENB,36.85,36.11,2044382.00,Technology,Software - Infrastructure,91.00,89.00,14.00,97.00,2.07,2.07,4158531.00,3150060.00,43.67,15.73,4058658304,NO,35.07,35.14,26.90,34.95,28.66,,2058,1.05,2044382.00,NO,NO,2026-08-28,24005100.00
550,DCTH,15.13,15.41,436634.00,Healthcare,Medical Devices,91.00,12.00,88.00,93.00,0.47,0.46,483073.00,359220.00,17.42,8.12,524992800,NO,15.99,15.59,11.87,15.68,12.63,,2116,0.00,436634.00,NO,NO,2023-08-15,105160200.00
551,OPY,120.13,119.47,184988.00,Financial Services,Capital Markets,91.00,79.00,78.00,87.00,5.19,5.15,122819.00,127040.00,125.88,63.81,1286352640,NO,118.98,116.50,99.34,117.09,105.89,,11086,0.00,184988.00,NO,NO,2009-05-11,1261500.00
552,CIBR,104.70,103.78,2508101.00,ETF,ETF,91.00,92.00,89.00,94.00,2.42,2.36,1619911.00,1754120.00,105.67,60.07,0,NO,100.18,97.41,79.93,97.72,84.25,,2828,0.00,2508101.00,NO,NO,2025-08-12,8503900.00
553,SVIX,28.98,28.33,1592841.00,ETF,ETF,91.00,80.00,91.00,95.00,0.78,0.67,1968833.00,1706680.00,29.50,14.13,0,NO,28.43,26.94,22.57,27.42,22.60,,1132,1.94,1592841.00,NO,NO,2025-04-07,63788800.00
554,ELF,104.68,104.09,1021855.00,Consumer Defensive,Household & Personal Products,91.00,47.00,96.00,95.00,4.01,3.89,2026833.00,1341360.00,147.75,48.82,6176956928,NO,99.81,96.92,78.28,98.61,76.19,,2521,0.09,1021855.00,NO,NO,2025-02-07,23546500.00
555,EAT,202.00,194.33,927826.00,Consumer Cyclical,Restaurants,91.00,6.00,90.00,90.00,9.71,9.22,1204031.00,1920160.00,254.99,100.30,8460014592,NO,207.15,219.30,169.89,220.09,176.60,,10769,0.00,927826.00,NO,NO,1997-01-29,23815350.00
556,AIP,24.66,24.01,613815.00,Technology,Semiconductors,91.00,94.00,2.00,89.00,1.15,1.01,701180.00,774780.00,50.26,10.80,1212090880,NO,22.92,25.04,24.59,24.88,28.07,,1238,0.00,613815.00,NO,NO,2025-08-05,21920200.00
557,NTSK,17.75,17.85,4823807.00,Technology,Software - Infrastructure,91.00,96.00,96.00,96.00,0.86,0.86,5554728.00,7237070.00,24.98,7.67,7252432384,NO,16.95,15.24,12.79,15.44,12.10,,262,0.00,4823807.00,NO,NO,2025-09-18,33905500.00
558,RCKY,46.74,46.00,48872.00,Consumer Cyclical,Footwear & Accessories,91.00,86.00,91.00,79.00,1.28,1.23,57249.00,62090.00,53.01,26.29,350171936,NO,44.33,45.69,39.54,46.21,41.84,,8474,0.80,48872.00,NO,NO,1997-10-07,1498800.00
559,MSGS,406.95,399.19,392340.00,Communication Services,Entertainment,91.00,85.00,81.00,83.00,11.24,11.24,237777.00,327950.00,438.93,207.90,9799331840,NO,398.83,397.81,345.26,397.81,369.62,,2777,0.20,392340.00,NO,NO,2023-07-31,4346300.00
560,TKNZ,33.06,33.38,7872.00,ETF,ETF,91.00,91.00,,,0.99,0.70,7083.00,9780.00,34.70,23.60,0,NO,32.23,28.81,,29.34,,,56,0.00,7872.00,NO,NO,2026-09-15,18800.00
561,SUIS,29.09,30.81,4441.00,ETF,ETF,91.00,98.00,97.00,86.00,1.90,1.16,3306.00,9760.00,34.31,17.01,0,NO,23.88,20.64,,21.10,22.09,,158,0.00,4441.00,NO,NO,2026-05-28,23400.00
562,HECO,64.39,63.29,109.00,ETF,ETF,91.00,87.00,40.00,94.00,1.35,0.49,498.00,630.00,74.28,37.57,0,NO,65.47,64.15,54.62,64.51,59.07,,518,0.00,109.00,NO,NO,2025-11-04,430900.00
563,LGND,302.96,302.74,179226.00,Healthcare,Biotechnology,91.00,86.00,28.00,92.00,9.63,9.60,270938.00,322660.00,326.63,175.89,6039691776,NO,293.36,291.74,241.75,290.01,260.17,,8526,0.00,179226.00,NO,NO,2019-01-16,13747168.00
564,RXO,23.38,21.36,3673984.00,Industrials,Trucking,91.00,94.00,13.00,93.00,1.14,1.12,1779933.00,1921310.00,29.90,10.43,3855972608,NO,20.17,21.20,19.56,21.35,21.58,,986,2.01,3673984.00,NO,NO,2023-01-04,23780600.00
565,ASYS,18.01,17.25,285773.00,Technology,Semiconductor Equipment & Materials,91.00,95.00,34.00,92.00,0.67,0.62,377476.00,282040.00,25.71,6.75,315320896,NO,15.32,15.29,15.94,15.45,16.96,,10873,3.30,285773.00,NO,NO,2000-08-17,11404400.00
566,LNTH,99.96,99.65,705952.00,Healthcare,Drug Manufacturers - Specialty & Generic,91.00,60.00,42.00,87.00,0.43,0.42,1348352.00,1100980.00,111.86,49.67,6527375360,NO,100.19,100.78,88.07,100.37,96.03,,2835,0.13,705952.00,NO,NO,2022-10-11,15528900.00
567,STNG,86.23,85.79,692767.00,Energy,Oil & Gas Midstream,91.00,86.00,91.00,66.00,3.02,2.87,856469.00,1318910.00,90.06,48.93,4318515200,NO,84.16,80.38,73.73,81.16,78.23,,4153,0.00,692767.00,NO,NO,2020-04-21,7668500.00
568,QRVO,114.17,112.21,7395693.00,Technology,Semiconductors,91.00,93.00,94.00,91.00,4.50,4.49,1330142.00,2062740.00,121.09,74.92,10072263680,NO,114.07,102.65,90.54,104.69,94.32,,2955,0.15,7395693.00,NO,NO,2024-12-20,30048600.00
569,CBL,54.70,54.37,159435.00,Real Estate,REIT - Retail,91.00,70.00,76.00,89.00,1.37,1.28,260636.00,311150.00,60.40,28.04,1692568832,NO,53.84,55.49,45.89,55.44,49.56,,1234,0.44,159435.00,NO,NO,2022-06-24,3600200.00
570,TSM,472.78,459.20,9722477.00,Technology,Semiconductors,91.00,93.00,79.00,90.00,9.86,8.84,11533707.00,9475400.00,479.00,266.82,2452061159424,NO,441.12,424.90,387.17,430.73,407.48,,7290,1.40,9722477.00,YES,NO,2025-01-27,68667500.00
571,DECO,73.96,72.64,566.00,ETF,ETF,91.00,88.00,29.00,94.00,1.66,0.48,853.00,610.00,84.75,41.69,0,NO,75.19,73.58,62.93,74.01,68.13,,518,0.00,566.00,NO,NO,2024-12-10,19000.00
572,KLAC,206.89,200.33,7334998.00,Technology,Semiconductor Equipment & Materials,91.00,95.00,13.00,89.00,6.83,6.15,10456420.00,9484540.00,307.37,98.10,269992787968,NO,184.44,187.22,177.81,188.22,192.78,,11589,0.00,7334998.00,NO,NO,2002-10-23,329584000.00
573,BTCU,27.61,27.93,50876.00,ETF,ETF,91.00,94.00,97.00,,1.50,1.12,30461.00,47450.00,29.58,14.11,0,NO,26.02,22.22,,22.81,,,90,0.00,50876.00,NO,NO,2026-08-21,95700.00
574,UNHU,42.87,41.37,2612.00,ETF,ETF,91.00,5.00,4.00,94.00,1.18,0.86,3231.00,2310.00,67.11,22.15,0,NO,44.68,48.65,,47.83,,,133,0.31,2612.00,NO,NO,2026-07-16,57000.00
575,NVDU,152.61,149.04,350115.00,ETF,ETF,91.00,88.00,95.00,93.00,6.21,5.21,331117.00,234160.00,172.89,86.02,0,NO,140.79,136.07,124.63,139.29,128.36,,767,0.00,350115.00,NO,NO,2025-01-27,5833400.00
576,PLIB,33.28,33.58,288.00,ETF,ETF,91.00,82.00,,,0.71,0.28,367.00,410.00,36.80,24.38,0,NO,33.88,,,32.95,,,47,0.00,288.00,NO,NO,2026-08-07,2300.00
577,LB,83.79,80.77,205154.00,Energy,Oil & Gas E&P,91.00,51.00,88.00,79.00,3.04,3.00,279634.00,246750.00,91.69,43.75,6563723776,NO,84.53,82.49,70.29,83.28,74.86,,568,0.00,205154.00,NO,NO,2024-06-28,3203400.00
578,OSPN,18.12,18.04,318518.00,Technology,Software - Infrastructure,91.00,92.00,92.00,95.00,0.56,0.56,453071.00,700110.00,18.48,10.07,667761408,NO,17.46,16.58,13.44,16.79,14.10,,7136,0.00,318518.00,NO,NO,2015-02-17,17302400.00
579,RSPT,68.12,67.42,1239391.00,ETF,ETF,91.00,88.00,85.00,92.00,1.05,0.80,598101.00,622820.00,68.44,41.45,0,NO,65.24,64.14,55.48,64.82,59.04,,5006,0.00,1239391.00,NO,NO,2023-05-09,18775000.00
580,BOTJ,27.30,27.20,67878.00,Financial Services,Banks - Regional,91.00,75.00,83.00,86.00,0.93,0.93,36169.00,49670.00,29.79,14.44,124033152,NO,27.24,27.23,23.13,27.25,24.67,,6575,0.00,67878.00,NO,NO,2022-08-19,200500.00
581,TSAT,48.00,46.43,50063.00,Technology,Communication Equipment,91.00,91.00,76.00,77.00,2.84,2.63,201868.00,116860.00,61.54,23.01,2466113536,NO,47.99,46.84,41.39,47.36,45.62,,5330,1.98,50063.00,NO,NO,2023-08-11,23276300.00
582,SMCX,15.43,14.25,4827741.00,ETF,ETF,91.00,96.00,98.00,95.00,1.46,1.32,6285801.00,4424730.00,114.44,5.46,0,NO,13.39,11.67,16.13,12.48,12.71,,531,4.00,4827741.00,NO,NO,2026-03-20,25564600.00
583,GSG,35.73,36.04,1206689.00,ETF,ETF,91.00,79.00,93.00,52.00,0.67,0.53,996530.00,1814680.00,37.30,22.37,0,NO,36.04,34.01,30.27,34.21,32.41,,5082,0.00,1206689.00,NO,NO,2022-03-07,11178900.00
584,AINT,35.64,35.92,3116.00,ETF,ETF,91.00,95.00,92.00,91.00,0.65,0.41,2761.00,2970.00,35.92,23.43,0,NO,32.71,31.21,,31.68,29.05,,165,0.00,3116.00,NO,NO,2026-08-24,65600.00
585,HP,38.56,38.20,1042480.00,Energy,Oil & Gas Drilling,91.00,2.00,93.00,61.00,1.36,1.32,1223149.00,1169050.00,48.17,21.73,3853645824,NO,40.85,40.51,36.33,40.84,37.78,,11584,0.00,1042480.00,NO,NO,2020-05-21,33181400.00
586,GLW,164.19,160.42,7470307.00,Technology,Electronic Components,91.00,93.00,8.00,62.00,7.20,6.42,10535282.00,7619550.00,271.78,77.39,141431357440,NO,156.01,152.95,150.51,156.05,166.14,,11279,2.23,7470307.00,NO,NO,2002-07-31,244754000.00
587,LQDT,43.23,43.64,373370.00,Consumer Cyclical,Internet Retail,91.00,90.00,89.00,90.00,1.11,1.10,219404.00,259380.00,45.00,21.67,1354465792,NO,42.83,41.75,35.72,42.36,37.50,,5183,0.00,373370.00,NO,NO,2014-04-02,8518000.00
588,FNGG,277.72,274.79,2380.00,ETF,ETF,91.00,86.00,92.00,95.00,6.16,3.98,4203.00,3390.00,285.16,139.12,0,NO,270.52,259.63,217.72,264.29,229.04,,1257,0.00,2380.00,NO,NO,2024-10-11,183800.00
589,TEKX,64.10,62.83,2588.00,ETF,ETF,91.00,90.00,28.00,93.00,1.76,1.09,4120.00,4030.00,77.28,38.32,0,NO,64.90,63.91,55.28,64.29,59.92,,518,0.00,2588.00,NO,NO,2025-02-27,193300.00
590,GSUI,16.29,17.18,131604.00,ETF,ETF,91.00,98.00,97.00,86.00,1.14,0.73,57368.00,157390.00,19.25,9.44,0,NO,13.36,11.55,,11.80,12.34,,162,0.00,131604.00,NO,NO,2026-05-26,838300.00
591,UFPT,300.70,294.99,117147.00,Healthcare,Medical Devices,91.00,81.00,87.00,93.00,7.50,7.39,163098.00,117090.00,338.71,173.86,2329159168,NO,286.30,292.85,243.75,293.95,245.12,,8253,1.69,117147.00,NO,NO,2006-05-09,2402500.00
592,CFFI,98.30,96.85,55880.00,Financial Services,Banks - Regional,91.00,88.00,92.00,89.00,2.67,2.59,46515.00,84010.00,100.10,64.71,319641248,NO,94.83,90.21,78.82,91.10,81.17,,7146,1.08,55880.00,NO,NO,2014-06-27,463700.00
593,GSAT,83.22,82.88,534948.00,Communication Services,Telecom Services,91.00,78.00,77.00,53.00,0.59,0.53,789625.00,633860.00,84.85,39.80,10782265344,NO,82.45,82.21,73.91,82.70,79.21,,5009,0.37,534948.00,NO,NO,2021-08-30,37190507.00
594,SENEB,174.22,179.84,100.00,Consumer Defensive,Packaged Foods,91.00,10.00,86.00,76.00,1.00,0.03,152.00,110.00,208.53,108.68,1179553024,NO,189.09,184.76,150.14,186.29,163.44,,11731,0.00,400.00,NO,NO,1989-11-27,790000.00
595,CEVA,37.10,35.52,576769.00,Technology,Semiconductors,91.00,97.00,7.00,96.00,1.77,1.61,775246.00,744030.00,51.60,17.02,1044516032,NO,31.54,31.11,29.68,31.92,33.13,,6017,3.60,576769.00,NO,NO,2025-11-19,4236800.00
596,QQXL,61.08,59.65,1142.00,ETF,ETF,91.00,93.00,84.00,94.00,1.21,0.67,2126.00,2190.00,62.06,34.07,0,NO,57.16,54.79,49.59,55.69,52.44,,285,0.00,1142.00,NO,NO,2026-01-07,39400.00
597,CAI,28.30,28.35,3204060.00,Healthcare,Biotechnology,91.00,93.00,97.00,91.00,1.65,1.58,4858638.00,5507240.00,33.66,14.19,7997444096,NO,28.73,24.45,21.21,25.18,20.14,,325,0.00,3204060.00,NO,NO,2025-06-18,15347900.00
598,VIRT,58.79,55.62,2386302.00,Financial Services,Capital Markets,91.00,20.00,23.00,84.00,2.24,2.24,1276452.00,1442500.00,68.76,31.55,5191197184,NO,57.48,59.43,49.79,60.42,55.15,,2884,0.00,2386302.00,NO,NO,2024-06-21,16222000.00
599,GTX,27.07,26.25,2947228.00,Consumer Cyclical,Auto Parts,91.00,68.00,6.00,92.00,0.80,0.76,2461907.00,2489200.00,36.25,12.26,5048376320,NO,26.45,27.78,24.78,27.79,27.44,,2022,1.10,2947228.00,NO,NO,2020-09-24,34688500.00
600,BWMN,42.60,42.59,188887.00,Industrials,Engineering & Construction,91.00,67.00,96.00,91.00,0.08,0.07,350349.00,443720.00,45.83,25.07,738417792,NO,42.52,39.02,33.54,39.40,33.18,,1358,0.00,188887.00,NO,NO,2026-08-10,3061000.00
601,AMTB,29.56,29.36,282671.00,Financial Services,Banks - Regional,91.00,76.00,89.00,86.00,0.87,0.86,376557.00,383880.00,30.60,15.62,1158452096,NO,29.34,29.19,24.23,29.31,25.48,,1999,0.00,282671.00,NO,NO,2019-06-28,2472300.00
602,NVDG,21.92,21.34,230526.00,ETF,ETF,91.00,89.00,95.00,93.00,0.87,0.72,218279.00,150120.00,25.34,12.34,0,NO,20.17,19.48,17.90,19.94,18.35,,451,0.00,230526.00,NO,NO,2026-08-27,1294700.00
603,BWFG,66.65,65.62,91615.00,Financial Services,Banks - Regional,91.00,75.00,89.00,88.00,1.34,1.33,73707.00,84380.00,69.59,40.45,531331936,NO,66.56,66.61,55.01,67.19,58.06,,4151,0.58,91615.00,NO,NO,2021-06-25,928300.00
604,NVDB,35.69,34.77,23133.00,ETF,ETF,91.00,87.00,95.00,92.00,1.31,0.98,22514.00,17500.00,40.80,20.47,0,NO,33.01,31.95,29.48,32.68,30.27,,268,0.00,23133.00,NO,NO,2026-09-10,181600.00
605,KLAG,30.69,28.70,78128.00,ETF,ETF,91.00,97.00,2.00,90.00,1.73,1.50,89258.00,111920.00,77.55,15.95,0,NO,24.66,26.01,,26.15,31.63,,198,6.20,78128.00,NO,NO,2026-07-02,422200.00
606,PI,189.61,183.87,479061.00,Technology,Semiconductors,91.00,89.00,94.00,96.00,6.23,5.75,406309.00,418700.00,247.06,87.36,5793421824,NO,177.38,169.06,144.01,174.15,142.48,,2565,0.00,479061.00,NO,NO,2018-02-02,11711900.00
607,PIT,82.13,82.97,61685.00,ETF,ETF,91.00,79.00,92.00,61.00,1.51,1.37,60739.00,94640.00,84.67,52.62,0,NO,82.62,78.60,69.62,79.05,74.17,,947,0.00,61685.00,NO,NO,2026-06-15,435900.00
608,MOV,33.66,33.95,201815.00,Consumer Cyclical,Luxury Goods,91.00,66.00,14.00,90.00,0.85,0.81,193357.00,222990.00,40.50,17.24,751030144,NO,33.27,35.05,29.86,34.90,32.71,,8308,0.00,201815.00,NO,NO,1993-09-30,6273375.00
609,AMAL,48.19,47.84,297123.00,Financial Services,Banks - Regional,91.00,68.00,78.00,80.00,1.12,1.10,206557.00,328060.00,51.59,25.13,1440888064,NO,47.60,48.67,42.36,48.79,44.68,,2048,0.00,297123.00,NO,NO,2018-08-09,3584100.00
610,TTT,89.08,88.20,19599.00,ETF,ETF,91.00,94.00,94.00,88.00,2.57,1.88,9831.00,21770.00,91.23,59.23,0,NO,81.00,77.43,69.81,78.48,71.98,,3649,0.00,19599.00,NO,NO,2021-10-14,1096000.00
611,ANAB,48.53,48.63,441710.00,Healthcare,Biotechnology,90.00,6.00,4.00,84.00,2.26,2.25,576106.00,681660.00,72.36,19.65,1450816128,NO,53.12,54.98,48.80,54.79,54.79,,2435,0.00,441710.00,NO,NO,2019-11-08,26495100.00
612,ATRO,68.19,68.38,385557.00,Industrials,Aerospace & Defense,90.00,16.00,30.00,80.00,3.00,2.94,627417.00,663090.00,94.46,33.12,2932788224,NO,69.74,73.96,64.62,74.78,67.93,,11732,0.00,385557.00,NO,NO,2025-09-10,7185830.00
613,WKC,35.85,35.68,1301210.00,Energy,Oil & Gas Refining & Marketing,90.00,78.00,84.00,93.00,0.90,0.90,1176679.00,1295250.00,41.20,22.21,1833785472,NO,35.58,36.47,29.60,36.19,31.25,,10101,0.00,1301210.00,NO,NO,2021-08-03,14343300.00
614,PSWD,48.59,48.32,271.00,ETF,ETF,90.00,92.00,88.00,93.00,0.82,0.49,2046.00,1000.00,49.33,28.72,0,NO,46.83,45.46,37.32,45.63,39.16,,808,0.00,271.00,NO,NO,2026-06-01,32600.00
615,ATLC,91.89,89.29,136379.00,Financial Services,Credit Services,90.00,51.00,35.00,95.00,3.23,2.96,143379.00,103020.00,114.34,47.50,1393974784,NO,91.89,96.25,77.87,96.02,85.82,,6904,2.89,136379.00,NO,NO,2001-01-31,14195200.00
616,MEOH,58.43,58.55,490540.00,Basic Materials,Chemicals,90.00,36.00,95.00,28.00,1.83,1.69,878473.00,707900.00,66.75,32.00,4520393728,NO,60.34,57.90,54.36,58.26,57.30,,8654,0.00,490540.00,NO,NO,1995-02-24,5850500.00
617,IEO,136.60,136.40,139254.00,ETF,ETF,90.00,46.00,93.00,64.00,3.35,3.04,117271.00,175080.00,145.52,85.93,0,NO,137.54,132.82,115.75,133.87,122.64,,5135,0.00,139254.00,NO,NO,2008-08-04,4540400.00
618,MSGE,79.87,80.05,516793.00,Communication Services,Entertainment,90.00,82.00,81.00,87.00,2.99,2.92,415825.00,609850.00,90.41,41.65,3778268928,NO,79.19,79.26,67.98,79.20,71.72,,870,0.00,516793.00,NO,NO,2023-06-23,5614100.00
619,MPWR,1439.73,1360.97,690356.00,Technology,Semiconductors,90.00,94.00,83.00,85.00,54.31,49.93,761841.00,785440.00,1714.09,833.18,70752649216,NO,1272.96,1304.53,1283.31,1328.54,1371.50,,5501,2.36,690356.00,NO,NO,2021-02-11,10003300.00
620,FAI,57.86,57.03,67781.00,ETF,ETF,90.00,89.00,86.00,93.00,0.85,0.64,51068.00,112480.00,58.27,35.54,0,NO,55.60,54.03,47.24,54.76,49.90,,466,0.00,67781.00,NO,NO,2026-06-29,1161800.00
621,MKSI,279.15,271.24,1346469.00,Technology,Scientific & Technical Instruments,90.00,91.00,3.00,76.00,10.08,8.57,1353169.00,1278810.00,447.62,120.91,18875441152,NO,258.02,275.90,272.05,276.77,295.85,,6921,0.00,1346469.00,NO,NO,2017-11-21,9564400.00
622,IXN,151.94,149.81,455115.00,ETF,ETF,90.00,90.00,85.00,92.00,2.40,1.88,388104.00,253840.00,152.95,95.11,0,NO,145.13,141.03,124.17,142.71,131.45,,6253,0.00,455115.00,NO,NO,2018-07-10,19988400.00
623,ROKU,152.39,151.26,1420321.00,Communication Services,Entertainment,90.00,38.00,83.00,93.00,1.67,1.63,2356309.00,1705910.00,159.89,78.53,22631536640,NO,153.93,153.18,123.25,154.02,132.85,,2265,0.00,1420321.00,NO,NO,2022-02-18,66585200.00
624,PBI,16.76,16.61,1317711.00,Industrials,Integrated Freight & Logistics,90.00,35.00,58.00,92.00,0.46,0.45,1722300.00,1956680.00,19.07,8.95,2297632000,NO,16.81,17.04,14.21,16.95,15.71,,13698,0.66,1317711.00,NO,NO,2017-02-28,55136600.00
625,IOND,82.72,83.06,299797.00,Financial Services,Capital Markets,90.00,93.00,,,3.66,3.63,851170.00,913620.00,89.36,50.00,3722083840,YES,82.36,,,74.73,,,48,0.00,299797.00,NO,NO,2026-09-18,3880100.00
626,VEEV,273.33,281.93,1077706.00,Healthcare,Health Information Services,90.00,46.00,96.00,93.00,8.61,8.38,1721212.00,1874880.00,310.50,148.05,44254543872,NO,269.65,250.73,201.23,255.43,199.90,,3260,0.00,1077706.00,NO,NO,2026-05-06,35354600.00
627,PBAM,86.90,85.69,113672.00,Financial Services,Banks - Regional,90.00,48.00,90.00,84.00,1.89,1.82,67382.00,149880.00,92.09,54.45,497562976,NO,88.45,87.12,73.16,87.61,77.90,,3675,0.86,113672.00,NO,NO,2026-09-18,447700.00
628,SPTE,51.40,50.42,40185.00,ETF,ETF,90.00,90.00,84.00,92.00,0.79,0.62,47244.00,41190.00,51.64,32.74,0,NO,48.83,47.56,42.27,48.13,44.63,,711,1.59,40185.00,NO,NO,2026-06-24,444700.00
629,AAPB,43.45,42.69,12228.00,ETF,ETF,90.00,84.00,86.00,93.00,1.58,1.42,59080.00,28400.00,47.63,25.30,0,NO,43.26,41.13,34.76,40.95,36.71,,1041,1.14,12228.00,NO,NO,2025-08-08,1340300.00
630,GTEK,61.05,59.39,10024.00,ETF,ETF,90.00,91.00,66.00,91.00,1.04,0.69,17274.00,15080.00,63.22,36.15,0,NO,57.74,57.06,50.61,57.72,54.23,,1267,2.29,10024.00,NO,NO,2021-09-16,1013200.00
631,BRKRP,465.78,452.69,1837.00,Healthcare,Medical Devices,90.00,88.00,74.00,94.00,17.51,12.83,7679.00,11130.00,484.90,264.30,0,NO,442.57,435.69,374.75,436.70,386.54,,272,0.00,1837.00,NO,NO,2025-09-04,1666700.00
632,NVDX,21.65,21.15,5259403.00,ETF,ETF,90.00,88.00,95.00,92.00,0.90,0.76,5855461.00,4475600.00,24.72,12.41,0,NO,19.97,19.31,17.87,19.76,18.31,,741,0.00,5259403.00,NO,NO,2025-01-27,56650200.00
633,MITK,17.75,17.95,626131.00,Technology,Software - Application,90.00,58.00,14.00,85.00,0.78,0.77,685976.00,666060.00,21.05,8.53,800922176,NO,17.51,17.80,15.12,18.00,16.59,,9508,0.00,626131.00,NO,NO,2014-09-04,11746900.00
634,AII,26.06,25.84,109435.00,Financial Services,Insurance - Property & Casualty,90.00,65.00,96.00,89.00,0.90,0.89,164817.00,203770.00,27.00,16.19,510604736,NO,25.80,24.25,20.12,24.66,20.49,,353,0.31,109435.00,NO,NO,2025-05-08,3693300.00
635,VTRS,17.60,17.46,7511219.00,Healthcare,Drug Manufacturers - Specialty & Generic,90.00,81.00,80.00,86.00,0.45,0.44,9351904.00,10566020.00,18.43,9.69,20215199744,NO,17.16,16.94,15.32,16.86,15.93,,11732,0.52,7511219.00,NO,NO,2007-11-14,89639200.00
636,MSM,130.12,128.50,819907.00,Industrials,Industrial Distribution,90.00,92.00,83.00,91.00,3.13,2.97,684433.00,878500.00,132.32,78.80,0,NO,122.16,121.90,105.33,122.46,112.19,,7749,0.79,819907.00,NO,NO,1995-12-15,7272800.00
637,BDL,46.51,47.23,88392.00,Consumer Cyclical,Restaurants,90.00,81.00,68.00,91.00,1.99,1.95,33942.00,22930.00,52.12,27.55,86445672,NO,44.98,45.02,36.70,45.67,38.85,,13518,0.00,88392.00,NO,NO,2021-05-25,1544400.00
638,SEA,20.72,20.51,10040.00,ETF,ETF,90.00,86.00,93.00,78.00,0.32,0.27,20474.00,23060.00,20.88,13.37,0,NO,20.22,19.52,17.30,19.72,18.00,,1180,0.20,10040.00,NO,NO,2026-03-06,418800.00
639,PK,15.53,15.42,3291414.00,Real Estate,REIT - Hotel & Motel,90.00,65.00,85.00,92.00,0.37,0.37,3800231.00,3444390.00,16.20,9.84,3126784256,NO,15.27,15.25,12.72,15.31,13.38,,2450,0.00,3291414.00,NO,NO,2019-09-17,42330600.00
640,SBFG,29.40,29.40,17370.00,Financial Services,Banks - Regional,90.00,84.00,89.00,91.00,1.58,1.58,18700.00,15020.00,32.93,18.16,183837968,NO,29.54,28.05,23.71,28.26,24.55,,6980,0.00,17370.00,NO,NO,2021-06-25,930615.00
641,GCBC,34.26,33.90,43382.00,Financial Services,Banks - Regional,90.00,56.00,55.00,92.00,0.82,0.79,36895.00,44880.00,36.33,21.25,583293056,NO,34.91,34.65,27.49,34.84,29.52,,6857,0.68,43382.00,NO,NO,2021-06-25,806600.00
642,STK,55.05,54.06,40804.00,Financial Services,Asset Management,90.00,86.00,81.00,90.00,1.27,1.14,57433.00,60220.00,58.46,32.50,974113600,NO,52.82,51.77,46.44,52.32,49.32,,4237,1.26,40804.00,NO,NO,2018-01-12,384000.00
643,BTSGU,197.35,187.83,2450.00,Healthcare,Health Information Services,90.00,61.00,9.00,89.00,3.83,1.48,19546.00,2310.00,255.51,96.57,0,NO,191.96,200.10,173.49,197.03,190.14,,674,3.65,2450.00,NO,NO,2024-12-13,2341300.00
644,SUNC,75.87,75.70,290237.00,Energy,Oil & Gas Midstream,90.00,45.00,88.00,83.00,2.16,2.12,492369.00,516830.00,83.50,47.00,3908610048,NO,78.42,76.89,65.30,77.12,69.73,,227,0.00,290237.00,NO,NO,2025-11-06,4044700.00
645,FTHF,49.70,49.02,6895.00,ETF,ETF,90.00,80.00,71.00,88.00,1.04,0.79,17869.00,11850.00,53.33,29.32,0,NO,49.79,47.61,43.13,48.19,45.45,,731,0.00,6895.00,NO,NO,2024-01-23,503300.00
646,QTEC,336.34,333.66,121597.00,ETF,ETF,90.00,91.00,80.00,93.00,5.66,4.71,217747.00,429460.00,340.23,205.57,0,NO,319.38,314.43,274.89,317.28,292.28,,5138,0.00,121597.00,NO,NO,2016-11-11,18972200.00
647,KOP,46.04,45.19,158974.00,Basic Materials,Specialty Chemicals,90.00,56.00,46.00,82.00,1.20,1.15,176187.00,167230.00,53.00,25.00,870688640,NO,46.15,47.16,40.04,47.09,43.61,,5200,1.37,158974.00,NO,NO,2006-02-01,5037200.00
648,VIA,29.33,30.22,555285.00,Technology,Software - Application,90.00,87.00,97.00,96.00,1.42,1.40,811182.00,1224480.00,55.20,12.95,2497216512,NO,28.03,25.88,20.59,26.49,19.57,,266,0.00,555285.00,NO,NO,2026-06-26,7251700.00
649,BIB,109.80,110.47,9847.00,ETF,ETF,90.00,10.00,76.00,88.00,3.65,2.95,10350.00,6240.00,126.40,62.72,0,NO,112.99,111.57,91.89,111.34,94.66,,4147,0.00,9847.00,NO,NO,2015-09-28,3660800.00
650,AIFD,55.66,54.86,10267.00,ETF,ETF,90.00,91.00,80.00,90.00,0.85,0.56,12271.00,10220.00,57.80,33.69,0,NO,53.07,51.96,46.34,52.48,49.43,,605,0.00,10267.00,NO,NO,2026-06-22,119600.00
651,LTH,40.99,40.36,4076742.00,Consumer Cyclical,Leisure,90.00,23.00,57.00,92.00,1.49,1.47,2966377.00,4431410.00,47.23,24.14,9159705600,NO,40.71,42.82,33.78,42.92,36.25,,1252,1.21,4076742.00,NO,NO,2026-03-20,25367600.00
652,CIR,30.00,30.38,70.00,ETF,ETF,90.00,0.00,,,3.25,1.38,1596.00,890.00,48.77,18.46,0,NO,37.20,31.30,,32.70,,,61,0.00,100.00,NO,NO,2026-07-07,11500.00
653,TDW,82.42,82.18,467250.00,Energy,Oil & Gas Equipment & Services,90.00,2.00,92.00,28.00,2.67,2.53,630350.00,547140.00,101.58,46.65,4100908544,NO,87.38,87.51,76.36,88.11,81.28,,11732,0.00,467250.00,NO,NO,2024-06-21,9859200.00
654,CLMB,32.80,33.06,130249.00,Technology,Electronics & Computer Distribution,90.00,95.00,95.00,93.00,1.43,1.42,152893.00,214510.00,36.26,15.25,612068992,NO,29.78,28.56,25.17,28.87,24.26,,7855,0.00,130249.00,NO,NO,1999-01-08,8341200.00
655,MUIB,32.63,33.23,1418.00,ETF,ETF,90.00,92.00,,,0.99,0.64,1773.00,1270.00,33.52,23.47,0,NO,31.27,,,29.81,,,47,0.00,1418.00,NO,NO,2026-07-31,8900.00
656,GAVA,25.84,26.78,7123.00,ETF,ETF,90.00,97.00,97.00,81.00,1.58,0.80,3574.00,9160.00,28.56,14.50,0,NO,22.39,18.85,,19.05,19.59,,142,0.00,7123.00,NO,NO,2026-09-21,21700.00
657,HURN,162.15,168.42,269904.00,Industrials,Consulting Services,90.00,82.00,97.00,82.00,5.29,4.92,280661.00,301170.00,186.78,84.88,2579817984,NO,156.31,153.84,138.26,156.08,128.52,,5528,0.00,269904.00,NO,NO,2009-08-03,32441200.00
658,SLAB,222.76,222.51,247972.00,Technology,Semiconductors,90.00,75.00,72.00,51.00,0.96,0.94,283738.00,305990.00,223.50,115.51,7432779264,NO,220.74,219.35,202.61,219.71,216.51,,6671,0.00,247972.00,NO,NO,2004-07-27,14643300.00
659,EXPD,192.47,187.74,1542298.00,Industrials,Integrated Freight & Logistics,90.00,82.00,90.00,87.00,4.15,3.94,1076687.00,1221910.00,194.59,112.95,25019295744,NO,189.10,184.88,162.72,186.38,166.68,,10586,1.45,1542298.00,NO,NO,2007-10-09,36802800.00
660,NFXS,22.47,22.20,11310.00,ETF,ETF,90.00,95.00,87.00,90.00,0.47,0.33,24344.00,17770.00,23.28,13.29,0,NO,20.64,20.20,18.83,20.32,19.03,,501,0.59,11310.00,NO,NO,2025-05-05,1847500.00
661,TECK,68.56,65.22,3865440.00,Basic Materials,Copper,90.00,79.00,88.00,86.00,2.23,1.73,3170490.00,3036260.00,72.56,38.00,33635534848,NO,66.71,65.93,58.89,66.44,61.13,,6092,2.39,3865440.00,NO,NO,2025-09-09,41720700.00
662,NVGS,23.84,23.80,498216.00,Energy,Oil & Gas Midstream,90.00,86.00,92.00,77.00,0.80,0.77,431565.00,493870.00,25.48,14.08,1465996160,NO,23.54,22.37,20.71,22.62,21.48,,4965,0.00,498216.00,NO,NO,2013-11-21,8669300.00
663,PHOE,18.90,18.02,2587.00,Industrials,Engineering & Construction,90.00,14.00,41.00,86.00,1.70,1.52,35414.00,5790.00,133.12,9.76,408240000,NO,19.59,20.51,18.35,20.73,18.57,,362,0.00,2587.00,NO,NO,2026-05-08,1692300.00
664,MAXI,15.25,15.45,28674.00,ETF,ETF,90.00,94.00,97.00,94.00,0.98,0.81,23438.00,37410.00,32.28,8.22,0,NO,14.56,12.25,11.43,12.60,10.86,,1005,0.00,28674.00,NO,NO,2024-01-24,1261400.00
665,NWPX,105.99,104.77,124015.00,Basic Materials,Steel,90.00,36.00,3.00,87.00,2.90,2.81,167901.00,141580.00,152.03,49.25,1021447040,NO,103.49,111.53,98.22,110.35,109.49,,7760,1.14,124015.00,NO,NO,2008-12-30,1481600.00
666,FMAO,35.49,34.91,40951.00,Financial Services,Banks - Regional,90.00,80.00,90.00,89.00,0.87,0.86,66322.00,56800.00,36.12,22.77,488809536,NO,35.23,34.56,29.04,34.84,30.18,,5202,0.86,40951.00,NO,NO,2022-06-24,1476600.00
667,BNAV,32.41,32.53,1418.00,ETF,ETF,90.00,90.00,,,0.58,0.33,5630.00,5160.00,33.28,24.43,0,NO,31.74,,,29.29,,,47,0.00,1418.00,NO,NO,2026-07-29,24800.00
668,TRGP,281.74,279.31,1243073.00,Energy,Oil & Gas Midstream,90.00,33.00,83.00,70.00,7.52,7.48,1181049.00,1390140.00,307.94,144.14,60413796352,NO,284.53,281.26,248.21,282.20,266.13,,3979,0.00,1243073.00,NO,NO,2022-10-11,49033200.00
669,IMVT,33.62,33.65,962188.00,Healthcare,Biotechnology,90.00,4.00,11.00,89.00,1.37,1.33,1236660.00,1935890.00,45.42,15.95,6944301056,NO,36.13,39.17,31.74,38.64,33.76,,1831,0.00,962188.00,NO,NO,2023-09-26,35084900.00
670,SKYY,168.14,166.96,96670.00,ETF,ETF,90.00,86.00,92.00,92.00,3.45,3.14,260577.00,197240.00,169.89,103.76,0,NO,163.34,158.77,132.76,160.57,137.53,,3834,0.00,96670.00,NO,NO,2018-03-06,9755100.00
671,PXJ,44.42,44.20,19056.00,ETF,ETF,90.00,15.00,90.00,52.00,0.77,0.69,51558.00,34800.00,48.28,25.56,0,NO,45.69,45.01,40.93,45.39,43.14,,5266,0.00,19056.00,NO,NO,2021-03-15,1641540.00
672,VLUE,200.20,200.36,823649.00,ETF,ETF,90.00,59.00,75.00,89.00,2.58,2.25,640668.00,564640.00,206.57,122.27,0,NO,200.83,199.60,173.14,200.71,184.42,,3386,0.00,823649.00,NO,NO,2022-01-27,17944500.00
673,QLD,98.13,96.24,4356001.00,ETF,ETF,90.00,91.00,81.00,93.00,2.50,2.02,3976758.00,3791800.00,101.19,56.60,0,NO,92.76,90.36,81.19,91.60,85.63,,5103,0.00,4356001.00,NO,NO,2008-11-20,5974124800.00
674,ON,84.89,80.08,22883034.00,Technology,Semiconductors,90.00,94.00,15.00,89.00,3.71,3.39,9821839.00,11311410.00,134.92,44.56,33049257984,NO,73.78,76.65,80.45,77.48,87.57,,6645,5.83,22883034.00,YES,NO,2022-06-17,93180900.00
675,WPP,24.67,25.22,399903.00,Communication Services,Advertising Agencies,90.00,80.00,96.00,93.00,0.71,0.62,417700.00,337740.00,27.78,14.81,5321444352,NO,25.33,24.83,20.13,25.32,20.12,,9764,0.00,399903.00,NO,NO,2026-08-06,2750000.00
676,CNK,36.05,36.18,1657533.00,Communication Services,Entertainment,90.00,79.00,92.00,81.00,1.23,1.22,2442139.00,2525890.00,39.07,21.60,4178622208,NO,35.90,36.27,29.78,36.27,31.74,,4893,0.00,1657533.00,NO,NO,2020-11-09,50927700.00
677,RUSHB,56.71,54.33,110199.00,Consumer Cyclical,Auto & Truck Dealerships,90.00,93.00,85.00,86.00,1.93,1.83,160450.00,274880.00,57.38,31.81,6619781632,NO,53.60,52.64,46.24,53.11,48.65,,7629,1.53,110199.00,NO,NO,1996-06-07,3476419.00
678,CSCO,112.20,108.76,16422153.00,Technology,Communication Equipment,90.00,80.00,49.00,90.00,2.65,2.43,19614977.00,22654490.00,130.37,66.81,442358235136,NO,108.76,112.10,97.72,111.98,105.86,,9223,1.14,16422153.00,YES,NO,1990-02-16,940636800.00
679,RCBC,54.17,52.34,46816.00,Financial Services,Banks - Regional,90.00,83.00,93.00,86.00,1.45,1.42,54630.00,133840.00,54.88,38.20,758102336,NO,52.22,50.12,44.56,50.55,45.17,,4699,0.85,46816.00,NO,NO,2026-08-06,543200.00
680,KYMR,107.39,110.12,871671.00,Healthcare,Biotechnology,90.00,11.00,24.00,83.00,5.01,4.84,685953.00,907190.00,130.05,55.26,8833641472,NO,114.82,114.47,93.03,113.57,98.04,,1536,0.00,871671.00,NO,NO,2025-12-08,7495500.00
681,SHG,78.03,76.60,360087.00,Financial Services,Banks - Regional,90.00,32.00,87.00,83.00,2.37,1.44,193617.00,193440.00,85.57,47.05,36741545984,NO,81.22,77.33,66.96,78.03,69.96,,5798,0.00,360087.00,NO,NO,2026-03-05,893900.00
682,THC,258.62,253.97,549383.00,Healthcare,Medical Care Facilities,90.00,67.00,93.00,89.00,7.38,7.24,994460.00,858530.00,283.05,157.58,20823824384,NO,260.39,261.73,213.48,264.14,215.86,,11732,0.56,549383.00,NO,NO,2010-12-10,59996300.00
683,VRNS,47.57,47.45,1012311.00,Technology,Software - Infrastructure,90.00,77.00,78.00,97.00,1.80,1.80,1823869.00,1589920.00,63.90,19.70,5463913472,NO,47.06,44.65,34.00,44.62,35.87,,3168,0.00,1012311.00,NO,NO,2025-10-29,29366700.00
684,RGEN,181.70,177.23,1460369.00,Healthcare,Medical Instruments & Supplies,90.00,85.00,94.00,93.00,7.60,7.50,1101511.00,1279910.00,198.87,100.99,10254352384,NO,178.69,169.67,143.51,171.02,140.51,,10186,1.18,1460369.00,NO,NO,2004-01-05,12843800.00
685,A,167.78,166.68,2093032.00,Healthcare,Diagnostics & Research,90.00,91.00,94.00,91.00,5.18,5.10,2269939.00,2984190.00,177.05,108.35,47302025216,NO,159.66,152.53,132.83,154.05,133.24,,6758,0.00,2093032.00,NO,NO,1999-11-18,62546380.00
686,WCCB,60.66,60.46,26458.00,Financial Services,Banks - Regional,90.00,86.00,91.00,85.00,0.91,0.86,7830.00,28110.00,61.95,40.20,638390848,NO,59.77,56.51,50.15,56.82,51.99,,5440,0.00,26458.00,NO,NO,2021-01-12,152240.00
687,BAVA,28.84,29.89,2975.00,ETF,ETF,89.00,98.00,97.00,,1.70,0.83,2758.00,4030.00,31.99,16.01,0,NO,24.98,21.02,,21.24,,,119,0.00,2975.00,NO,NO,2026-04-15,102500.00
688,NBR,79.64,79.83,141574.00,Energy,Oil & Gas Drilling,89.00,3.00,79.00,34.00,2.98,2.89,238707.00,219590.00,112.90,36.66,1209857664,NO,84.88,86.72,82.06,87.32,88.17,,13518,0.00,141574.00,NO,NO,2020-05-21,4234500.00
689,IBEX,43.58,44.28,60853.00,Technology,Information Technology Services,89.00,92.00,95.00,93.00,1.50,1.49,122142.00,139280.00,45.28,25.94,578682880,NO,41.21,38.38,33.50,39.04,33.22,,1546,0.00,60853.00,NO,NO,2020-08-07,2677900.00
690,NXTG,157.52,154.57,6014.00,ETF,ETF,89.00,82.00,80.00,89.00,2.11,1.22,7720.00,4270.00,167.58,101.01,0,NO,155.06,152.33,134.80,153.57,143.48,,3928,1.48,6014.00,NO,NO,2019-06-06,2258300.00
691,BELFB,257.94,252.09,144467.00,Technology,Electronic Components,89.00,88.00,22.00,84.00,8.68,8.20,208415.00,155500.00,335.29,129.94,3668605184,NO,245.32,259.04,243.65,260.45,260.34,,7102,0.00,144467.00,NO,NO,2021-08-02,2749000.00
692,AAPX,39.96,39.25,26655.00,ETF,ETF,89.00,83.00,85.00,93.00,1.44,1.27,63877.00,53210.00,44.00,23.80,0,NO,39.87,38.03,32.46,37.83,34.13,,684,0.64,26655.00,NO,NO,2025-12-22,896600.00
693,MRK,144.30,143.81,9159620.00,Healthcare,Drug Manufacturers - General,89.00,28.00,89.00,77.00,3.24,3.16,9830417.00,11260940.00,156.92,82.01,356012851200,NO,146.96,142.29,122.86,142.97,127.42,,16297,0.00,9159620.00,YES,NO,2004-09-30,151976244.00
694,PDBC,19.44,19.56,7071835.00,ETF,ETF,89.00,78.00,92.00,62.00,0.32,0.25,6749544.00,6446010.00,20.16,13.11,0,NO,19.56,18.61,16.79,18.72,17.78,,2992,0.00,7071835.00,NO,NO,2026-07-17,64685800.00
695,ODC,89.66,91.41,119883.00,Basic Materials,Specialty Chemicals,89.00,58.00,15.00,87.00,2.65,2.53,121306.00,121570.00,107.00,45.61,0,NO,88.65,91.40,76.99,90.56,84.49,,11730,0.00,119883.00,NO,NO,1991-07-24,2174000.00
696,XLK,199.81,197.81,8927877.00,ETF,ETF,89.00,90.00,85.00,92.00,3.04,2.53,7603260.00,7613760.00,201.39,126.68,0,NO,191.27,186.30,164.94,188.30,173.96,,6987,0.00,8927877.00,NO,NO,2018-10-11,136539000.00
697,CNQ,48.44,47.79,4325098.00,Energy,Oil & Gas E&P,89.00,19.00,93.00,41.00,1.18,1.08,6917074.00,5421130.00,52.31,29.68,99859062784,NO,49.14,48.60,43.99,48.76,46.43,,6583,0.00,4325098.00,NO,NO,2020-03-31,48592657.00
698,AIA,144.67,143.06,94867.00,ETF,ETF,89.00,84.00,77.00,89.00,2.47,1.72,375900.00,151140.00,150.83,90.70,0,NO,142.29,138.51,124.71,140.00,131.62,,4746,0.91,94867.00,NO,NO,2021-03-08,4956000.00
699,MUG,18.72,19.59,54924.00,ETF,ETF,89.00,95.00,,,1.24,1.03,31987.00,64680.00,19.79,13.50,0,NO,17.29,,,,,,32,0.00,54924.00,NO,NO,2026-10-01,256500.00
700,CLOU,28.81,29.00,350973.00,ETF,ETF,89.00,85.00,93.00,91.00,0.70,0.69,383987.00,245710.00,29.36,17.52,0,NO,28.21,27.53,22.90,27.77,23.69,,1877,0.00,350973.00,NO,NO,2026-08-10,4165900.00
701,WDNA,23.68,23.63,2457.00,ETF,ETF,89.00,73.00,88.00,88.00,0.46,0.38,2761.00,1590.00,24.29,15.67,0,NO,23.19,22.28,19.20,22.42,19.72,,1340,0.00,2457.00,NO,NO,2022-07-25,45300.00
702,PWR,676.56,662.60,866465.00,Industrials,Engineering & Construction,89.00,91.00,62.00,79.00,19.24,18.76,1020777.00,874080.00,788.75,404.51,101716328448,NO,637.91,643.04,605.65,650.44,653.60,,7204,1.06,866465.00,NO,NO,2009-06-30,41581400.00
703,DBC,32.54,32.75,1062722.00,ETF,ETF,89.00,78.00,92.00,62.00,0.53,0.41,930538.00,950180.00,33.78,21.98,0,NO,32.79,31.19,28.17,31.36,29.79,,5197,0.00,1062722.00,NO,NO,2018-01-31,35764200.00
704,IHAK,68.70,68.31,84855.00,ETF,ETF,89.00,91.00,83.00,93.00,1.64,1.62,167341.00,172010.00,69.48,40.97,0,NO,66.03,64.66,53.85,64.67,56.56,,1836,0.00,84855.00,NO,NO,2023-04-11,1858800.00
705,TIGO,88.32,85.61,993567.00,Communication Services,Telecom Services,89.00,16.00,22.00,62.00,2.99,2.89,1134060.00,968320.00,107.13,44.88,14812146688,NO,93.09,93.82,80.20,94.02,87.89,,1944,0.00,993567.00,NO,NO,2026-05-29,15237500.00
706,AAPU,44.33,43.48,929676.00,ETF,ETF,89.00,83.00,85.00,93.00,1.72,1.63,1700211.00,916310.00,48.89,26.20,0,NO,44.18,42.16,35.90,41.93,37.78,,1042,1.88,929676.00,NO,NO,2025-08-08,17954100.00
707,TCAI,48.18,47.71,45189.00,ETF,ETF,89.00,88.00,24.00,88.00,1.20,1.01,78480.00,47030.00,58.63,27.46,0,NO,47.06,46.92,42.89,47.37,46.73,,293,0.52,45189.00,NO,NO,2025-09-23,788700.00
708,ALRS,32.67,31.73,201553.00,Financial Services,Banks - Regional,89.00,52.00,80.00,89.00,0.79,0.75,188649.00,234680.00,34.40,20.31,814382208,NO,32.59,33.00,27.92,33.07,29.52,,5923,2.55,201553.00,NO,NO,2020-06-26,1362100.00
709,HBT,36.34,35.80,107050.00,Financial Services,Banks - Regional,89.00,70.00,88.00,87.00,0.73,0.71,133626.00,158940.00,37.51,22.36,1321526400,NO,36.04,35.98,30.26,36.26,31.55,,1753,0.84,107050.00,NO,NO,2019-10-11,3754600.00
710,CGNX,64.97,62.22,1713101.00,Technology,Scientific & Technical Instruments,89.00,89.00,23.00,87.00,2.08,1.93,1899974.00,1665670.00,72.88,34.60,10929503232,NO,60.78,62.01,55.76,63.04,60.77,,9370,1.94,1713101.00,NO,NO,1989-07-20,33836800.00
711,GNK,27.67,27.22,290395.00,Industrials,Marine Shipping,89.00,79.00,87.00,69.00,0.86,0.81,500519.00,494240.00,28.42,15.55,1206041344,NO,27.01,26.39,23.63,26.58,24.81,,3074,0.00,290395.00,NO,NO,2016-10-06,6988800.00
712,TTEQ,45.62,44.88,132224.00,ETF,ETF,89.00,92.00,82.00,92.00,0.84,0.63,106698.00,125000.00,46.00,28.69,0,NO,43.27,41.94,37.70,42.45,39.78,,486,1.34,132224.00,NO,NO,2026-05-28,946200.00
713,IQV,258.21,260.72,1364582.00,Healthcare,Diagnostics & Research,89.00,51.00,93.00,92.00,6.84,6.84,1435958.00,1838700.00,277.40,154.50,42501365760,NO,266.20,253.80,205.83,255.65,204.64,,3371,0.00,1364582.00,NO,NO,2017-08-28,34428200.00
714,METG,20.23,20.12,12718.00,ETF,ETF,89.00,97.00,,,1.48,1.28,28572.00,62730.00,23.38,11.15,0,NO,18.86,15.56,,15.65,,,63,0.00,12718.00,NO,NO,2026-09-25,95800.00
715,VOD,16.82,16.38,4179512.00,Communication Services,Telecom Services,89.00,84.00,94.00,61.00,0.33,0.22,3950865.00,3631330.00,17.71,11.12,38967324672,NO,16.93,16.37,15.12,16.51,15.48,,9549,2.20,4179512.00,NO,NO,1994-06-28,221207100.00
716,XAIX,59.56,59.17,10048.00,ETF,ETF,89.00,87.00,82.00,91.00,0.76,0.56,21795.00,37270.00,61.09,38.33,0,NO,58.26,56.47,49.74,57.03,52.45,,544,0.00,10048.00,NO,NO,2026-02-13,307400.00
717,CHYM,27.25,26.84,3918253.00,Technology,Software - Application,89.00,2.00,94.00,90.00,1.24,1.20,7515355.00,7296930.00,35.55,15.88,10316444672,NO,29.95,29.69,23.50,30.12,23.17,,329,0.61,3918253.00,NO,NO,2025-06-12,36148200.00
718,XNTK,389.22,385.41,63536.00,ETF,ETF,89.00,91.00,80.00,92.00,6.85,5.33,54376.00,46590.00,392.92,242.73,0,NO,371.23,360.45,320.90,364.24,338.77,,6539,0.00,63536.00,NO,NO,2001-12-05,5182000.00
719,PSCT,83.94,82.06,43206.00,ETF,ETF,89.00,91.00,53.00,89.00,1.48,1.11,41171.00,31810.00,92.45,51.14,0,NO,79.49,79.60,72.45,80.27,77.35,,4149,2.00,43206.00,NO,NO,2015-08-20,5811600.00
720,ATLO,32.36,31.73,20124.00,Financial Services,Banks - Regional,89.00,78.00,88.00,68.00,0.73,0.73,34134.00,21930.00,32.86,19.56,286619648,NO,32.04,31.60,28.49,31.78,29.82,,6698,0.03,20124.00,NO,NO,2021-06-25,1234400.00
721,NDSN,333.54,329.02,315132.00,Industrials,Specialty Industrial Machinery,89.00,85.00,89.00,84.00,5.68,5.37,367933.00,381050.00,339.12,223.29,18577967104,NO,318.83,315.42,287.16,317.71,293.97,,11731,0.84,315132.00,NO,NO,2022-02-14,12875500.00
722,CAMT,165.19,153.79,559634.00,Technology,Semiconductor Equipment & Materials,89.00,96.00,91.00,47.00,6.86,5.66,447330.00,323740.00,215.99,91.91,7709115904,NO,147.20,147.56,155.70,149.06,162.00,,6584,2.87,559634.00,NO,NO,2013-11-26,24046700.00
723,QQQP,237.49,233.06,461.00,ETF,ETF,89.00,92.00,82.00,93.00,3.88,1.52,1961.00,390.00,239.80,139.75,0,NO,224.40,218.36,198.16,221.62,207.59,,503,1.70,461.00,NO,NO,2025-06-05,365300.00
724,DOCU,69.01,69.74,1847237.00,Technology,Software - Application,89.00,86.00,96.00,91.00,2.65,2.59,3232411.00,3265920.00,75.00,40.16,12898138112,NO,68.11,63.16,53.66,64.28,53.02,,2120,0.00,1847237.00,NO,NO,2021-12-03,76138900.00
725,AMG,371.43,371.95,206869.00,Financial Services,Asset Management,89.00,84.00,78.00,90.00,10.90,10.50,272911.00,321320.00,392.92,230.26,9605154816,NO,361.42,364.16,323.46,366.46,331.17,,7259,0.00,206869.00,NO,NO,2019-12-20,8956800.00
726,PESI,15.56,15.41,240040.00,Industrials,Waste Management,89.00,5.00,87.00,89.00,0.84,0.82,434431.00,423990.00,21.32,8.58,330157568,NO,17.10,17.32,13.90,17.36,13.84,,8513,0.00,240040.00,NO,NO,2026-07-17,2544200.00
727,PBOT,35.30,34.81,17.00,ETF,ETF,89.00,86.00,81.00,92.00,0.31,0.11,1928.00,9110.00,35.85,22.52,0,NO,33.59,32.93,28.84,33.34,30.37,,240,0.00,100.00,NO,NO,2026-04-01,256300.00
728,FTEC,306.30,303.26,306573.00,ETF,ETF,89.00,89.00,87.00,91.00,4.47,3.66,260292.00,267520.00,308.68,198.17,0,NO,294.10,286.91,254.24,289.93,267.10,,3254,0.00,306573.00,NO,NO,2024-07-25,4556800.00
729,CLS,387.32,373.09,2231673.00,Technology,Electronic Components,89.00,97.00,87.00,87.00,18.67,17.28,2516142.00,2410030.00,474.03,230.24,48845361152,NO,345.66,330.20,330.70,332.39,342.41,,7109,2.99,2231673.00,NO,NO,2025-01-27,17004700.00
730,HRTG,33.99,33.83,200459.00,Financial Services,Insurance - Property & Casualty,89.00,59.00,93.00,86.00,0.81,0.79,296506.00,332070.00,36.50,20.48,1010604864,NO,34.06,33.13,27.85,33.40,28.18,,3109,0.21,200459.00,NO,NO,2017-08-11,5637900.00
731,MANH,204.15,204.15,370037.00,Technology,Software - Application,89.00,22.00,95.00,92.00,6.13,5.64,788184.00,596220.00,227.03,119.06,11902668800,NO,207.08,202.76,161.21,205.90,162.66,,7156,0.00,370037.00,NO,NO,2002-07-09,41219600.00
732,UVE,43.95,43.13,123946.00,Financial Services,Insurance - Property & Casualty,89.00,67.00,73.00,87.00,0.94,0.92,194287.00,182290.00,45.15,26.61,1223144192,NO,43.46,43.45,37.47,43.55,39.78,,5869,1.04,123946.00,NO,NO,2015-11-17,9240400.00
733,VGT,128.32,127.01,4287178.00,ETF,ETF,89.00,89.00,87.00,91.00,1.90,1.58,4027920.00,4835110.00,129.34,83.09,0,NO,123.22,120.22,106.52,121.48,111.89,,5705,0.00,4287178.00,NO,NO,2018-03-06,52516000.00
734,ATNI,27.91,28.04,71509.00,Communication Services,Telecom Services,89.00,10.00,89.00,41.00,0.98,0.96,82176.00,88040.00,33.41,13.86,429907680,NO,29.31,29.08,26.62,29.50,27.45,,8782,0.00,71509.00,NO,NO,1991-11-14,8504750.00
735,SHAZ,50.81,49.85,1199820.00,Technology,Information Technology Services,89.00,20.00,1.00,96.00,4.22,3.99,1886592.00,1422770.00,97.48,16.55,1819176064,NO,55.45,56.92,,56.44,54.64,,158,0.00,1199820.00,NO,NO,2026-07-30,4489900.00
736,DRLL,40.95,40.96,8407.00,ETF,ETF,89.00,45.00,92.00,53.00,0.83,0.66,14280.00,17600.00,43.54,27.31,0,NO,41.32,40.20,36.09,40.38,37.77,,1042,0.00,8407.00,NO,NO,2022-08-17,2150300.00
737,SLDE,23.61,23.63,1110775.00,Financial Services,Insurance - Property & Casualty,89.00,49.00,89.00,87.00,0.83,0.83,1179523.00,1466670.00,26.75,14.20,2757924864,NO,24.20,22.86,19.37,23.04,20.03,,325,0.00,1110775.00,NO,NO,2025-06-18,11950500.00
738,MUFG,22.82,22.62,2991937.00,Financial Services,Banks - Diversified,89.00,47.00,84.00,86.00,0.51,0.35,3059830.00,2804790.00,24.26,14.62,256856555520,NO,23.29,22.84,19.58,23.03,20.38,,6414,0.00,2991937.00,NO,NO,2025-03-21,54976700.00
739,DSGR,34.98,34.94,136224.00,Industrials,Industrial Distribution,89.00,74.00,94.00,87.00,0.07,0.07,243084.00,228460.00,35.06,19.02,1618014720,NO,34.86,34.79,29.66,34.82,29.98,,11732,0.00,136224.00,NO,NO,2026-07-16,2358100.00
740,OBK,53.62,52.62,194638.00,Financial Services,Banks - Regional,89.00,64.00,78.00,85.00,1.04,1.01,169542.00,183900.00,55.57,32.12,1654159744,NO,53.56,53.73,46.97,53.92,49.40,,2113,0.84,194638.00,NO,NO,2018-06-22,2217800.00
741,POWL,196.10,190.60,546885.00,Industrials,Electrical Equipment & Parts,89.00,93.00,5.00,53.00,7.82,7.35,641241.00,486580.00,328.00,92.59,7144425984,NO,184.19,193.99,207.65,194.74,230.49,,11732,1.97,546885.00,NO,NO,2024-07-31,5279700.00
742,VSOL,15.90,15.90,7664.00,ETF,ETF,89.00,95.00,96.00,93.00,0.65,0.49,37342.00,83550.00,19.34,8.19,0,NO,14.81,12.68,12.27,13.09,11.50,,220,0.00,7664.00,NO,NO,2026-02-05,243000.00
743,MQQQ,247.28,242.66,3970.00,ETF,ETF,89.00,92.00,80.00,93.00,5.47,3.54,53047.00,55840.00,253.87,145.39,0,NO,233.97,228.03,206.59,231.30,217.04,,523,0.00,3970.00,NO,NO,2025-09-26,585700.00
744,IYW,269.69,266.83,494149.00,ETF,ETF,89.00,89.00,85.00,91.00,3.87,3.16,523179.00,587710.00,271.94,172.54,0,NO,259.01,251.91,223.70,254.53,234.71,,6632,0.00,494149.00,NO,NO,2015-02-02,52116000.00
745,CBNK,40.45,39.80,451138.00,Financial Services,Banks - Regional,89.00,91.00,89.00,88.00,0.95,0.75,67642.00,154050.00,40.70,26.40,659171136,NO,36.71,36.91,32.72,37.14,33.94,,2015,0.38,451138.00,NO,NO,2018-09-26,987500.00
746,DE,687.00,667.26,1063572.00,Industrials,Farm & Heavy Construction Machinery,89.00,54.00,84.00,77.00,16.48,15.81,1214979.00,1414250.00,721.22,433.00,185232654336,NO,684.42,649.02,587.88,653.09,605.02,,13698,0.63,1063572.00,NO,NO,2008-05-14,32298200.00
747,COMT,37.02,37.32,171072.00,ETF,ETF,89.00,81.00,92.00,52.00,0.63,0.48,286661.00,366910.00,38.33,24.24,0,NO,37.17,35.13,31.90,35.31,33.90,,3008,0.00,171072.00,NO,NO,2021-05-26,30132900.00
748,PRSU,52.38,50.95,270965.00,Consumer Cyclical,Travel Services,89.00,90.00,39.00,90.00,1.45,1.41,229900.00,255600.00,56.52,32.03,1437792512,NO,49.05,49.08,43.02,48.98,46.15,,5607,0.96,270965.00,NO,NO,2004-07-01,1585832.00
749,BFH,98.05,96.94,445559.00,Financial Services,Credit Services,89.00,14.00,29.00,88.00,3.54,3.48,569858.00,705330.00,114.53,53.83,3767009280,NO,104.48,106.70,89.18,106.82,95.14,,6362,0.93,445559.00,NO,NO,2008-01-28,42684447.00
750,APLM,23.27,24.95,391.00,Healthcare,Biotechnology,89.00,5.00,91.00,94.00,1.84,1.44,22049.00,9360.00,42.12,10.01,67819576,NO,24.01,22.29,18.69,22.82,18.54,,1216,0.00,1200.00,NO,NO,2024-11-18,16778222.00
751,SLON,41.70,41.73,156380.00,ETF,ETF,89.00,97.00,98.00,95.00,3.47,2.73,105607.00,253950.00,325.00,13.00,0,NO,36.96,28.52,33.76,30.21,25.52,,308,0.00,156380.00,NO,NO,2026-09-25,505700.00
752,STLD,231.99,226.17,572890.00,Basic Materials,Steel,89.00,20.00,71.00,85.00,7.33,6.83,1129152.00,1108200.00,288.74,140.87,33250684928,NO,234.59,242.88,216.87,241.56,229.70,,7511,0.87,572890.00,NO,NO,2022-12-21,38999600.00
753,KB,123.88,122.08,260486.00,Financial Services,Banks - Regional,89.00,52.00,85.00,82.00,3.19,2.18,214090.00,141190.00,133.29,77.44,43495022592,NO,127.55,123.08,108.25,124.27,113.06,,6261,0.00,260486.00,NO,NO,2002-06-19,2766500.00
754,GSL,45.79,45.44,329886.00,Industrials,Marine Shipping,89.00,76.00,91.00,77.00,1.03,1.03,317612.00,332540.00,46.57,27.28,0,NO,45.14,44.18,39.75,44.55,40.84,,4561,0.00,329886.00,NO,NO,2022-03-02,3415800.00
755,CBNA,47.27,46.98,9730.00,Financial Services,Banks - Regional,89.00,74.00,85.00,89.00,2.00,1.95,21414.00,19350.00,49.71,28.10,310177088,NO,47.05,46.60,39.08,46.66,40.72,,500,0.47,9730.00,NO,NO,2024-10-04,345100.00
756,ANGO,15.11,15.12,1127730.00,Healthcare,Medical Instruments & Supplies,89.00,39.00,91.00,91.00,0.50,0.50,486080.00,611940.00,16.29,9.39,635442688,NO,15.39,15.40,12.48,15.44,12.92,,5621,0.00,1127730.00,NO,NO,2023-09-15,9137700.00
757,PGC,44.58,44.03,144175.00,Financial Services,Banks - Regional,89.00,52.00,22.00,81.00,0.97,0.96,178961.00,155390.00,49.14,24.71,790312128,NO,45.06,45.54,39.72,45.62,43.12,,6902,1.07,144175.00,NO,NO,2014-10-29,1283800.00
758,ACA,146.50,146.50,355825.00,Industrials,Engineering & Construction,89.00,72.00,64.00,89.00,0.45,0.42,678734.00,828340.00,146.92,89.03,7194147328,NO,145.88,145.47,127.18,145.50,131.87,,1987,0.00,355825.00,NO,NO,2019-06-28,5586000.00
759,DCMT,37.54,37.83,14322.00,ETF,ETF,89.00,80.00,92.00,62.00,0.61,0.44,7576.00,13580.00,38.81,26.02,0,NO,37.73,35.77,32.42,35.96,34.23,,670,0.00,14322.00,NO,NO,2024-02-05,717100.00
760,BMNU,20.53,21.31,7406421.00,ETF,ETF,89.00,95.00,98.00,79.00,2.67,2.26,4717463.00,5410270.00,425.60,6.10,0,NO,20.46,16.54,22.70,17.11,15.55,,256,0.00,7406421.00,NO,NO,2026-03-16,20832860.00
761,BAI,48.80,47.80,3293665.00,ETF,ETF,89.00,93.00,67.00,91.00,1.06,0.83,3683212.00,7295300.00,54.46,30.82,0,NO,45.77,44.58,41.20,45.17,43.96,,488,0.00,3293665.00,NO,NO,2025-09-16,79352700.00
762,SOLT,75.08,75.26,661716.00,ETF,ETF,89.00,97.00,98.00,95.00,6.36,5.09,484280.00,687690.00,589.22,23.28,0,NO,66.72,51.44,61.10,54.45,46.04,,387,0.00,661716.00,NO,NO,2026-02-06,1912135.00
763,WTBA,30.08,28.88,126279.00,Financial Services,Banks - Regional,88.00,85.00,88.00,83.00,0.69,0.65,59842.00,56340.00,30.50,19.03,512675808,NO,29.17,28.78,25.43,29.05,26.16,,6898,0.00,126279.00,NO,NO,2008-06-27,1673400.00
764,ZD,55.20,54.42,493696.00,Communication Services,Advertising Agencies,88.00,46.00,73.00,85.00,1.81,1.75,621184.00,786600.00,60.48,22.45,1892653952,NO,56.70,55.40,45.26,55.54,49.16,,6841,1.08,493696.00,NO,NO,2003-10-21,29652750.00
765,CARE,30.75,30.36,125797.00,Financial Services,Banks - Regional,88.00,45.00,21.00,87.00,0.75,0.74,340033.00,331760.00,36.06,16.78,712290880,NO,30.69,31.88,26.45,31.80,28.87,,4920,1.12,125797.00,NO,NO,2019-06-28,2743100.00
766,PVLA,132.47,132.73,336725.00,Healthcare,Biotechnology,88.00,5.00,27.00,53.00,6.86,6.71,208152.00,260880.00,161.38,61.73,1908681728,NO,147.39,148.71,123.76,147.35,132.83,,2955,0.00,336725.00,NO,NO,2024-07-24,5845900.00
767,EKG,23.34,23.24,7745.00,ETF,ETF,88.00,87.00,90.00,91.00,0.35,0.28,4592.00,20220.00,23.99,15.71,0,NO,22.67,21.64,18.79,21.88,18.84,,1137,0.00,7745.00,NO,NO,2023-11-29,332700.00
768,BULD,37.55,36.64,2001.00,ETF,ETF,88.00,89.00,79.00,89.00,0.51,0.32,5976.00,1140.00,38.50,24.29,0,NO,34.91,35.32,31.99,35.66,33.32,,1106,1.44,2001.00,NO,NO,2026-07-09,151900.00
769,OILK,55.88,56.04,46959.00,ETF,ETF,88.00,80.00,91.00,46.00,1.20,0.84,117347.00,79080.00,61.33,36.13,0,NO,56.91,54.25,50.33,54.40,54.07,,2517,0.00,46959.00,NO,NO,2026-03-09,2583100.00
770,E,54.73,54.39,365458.00,Energy,Oil & Gas Integrated,88.00,60.00,91.00,22.00,1.01,0.80,366879.00,331510.00,58.00,34.03,78483210240,NO,55.00,54.68,49.91,54.74,53.31,,7762,0.00,365458.00,NO,NO,1995-11-28,20880250.00
771,NHPBP,25.43,25.38,45809.00,Real Estate,REIT - Healthcare Facilities,88.00,71.00,87.00,88.00,0.05,0.04,16330.00,10480.00,25.45,17.00,0,NO,25.36,24.81,21.35,25.04,22.41,,1255,0.00,45809.00,NO,NO,2021-10-04,722400.00
772,GRC,77.26,75.13,280605.00,Industrials,Specialty Industrial Machinery,88.00,84.00,16.00,82.00,2.13,2.06,188568.00,239490.00,92.78,42.31,2040455552,NO,74.20,77.52,70.13,77.46,75.56,,11732,1.48,280605.00,NO,NO,2006-12-28,1430664.00
773,GRDN,42.38,40.84,542338.00,Healthcare,Medical Care Facilities,88.00,89.00,72.00,63.00,1.73,1.71,471696.00,797660.00,48.33,23.14,2684446976,NO,43.28,40.89,37.13,40.98,39.46,,506,0.64,542338.00,NO,NO,2026-09-18,3205600.00
774,OVV,60.34,59.98,2293995.00,Energy,Oil & Gas E&P,88.00,10.00,89.00,41.00,1.87,1.70,3320120.00,3262780.00,67.51,35.47,16690043904,NO,61.86,62.76,54.72,62.75,58.95,,6163,0.00,2293995.00,NO,NO,2020-06-26,46194000.00
775,RRBI,103.41,101.42,109296.00,Financial Services,Banks - Regional,88.00,71.00,82.00,66.00,1.86,1.80,72003.00,73290.00,104.87,61.60,680862400,NO,101.75,101.45,91.33,101.91,95.47,,1865,1.10,109296.00,NO,NO,2019-12-20,519900.00
776,SOLC,23.85,23.91,25183.00,ETF,ETF,88.00,95.00,96.00,93.00,0.92,0.64,6679.00,16090.00,28.66,12.23,0,NO,22.25,19.02,18.34,19.63,17.21,,219,0.00,25183.00,NO,NO,2026-08-31,30500.00
777,TEM,76.63,76.50,5683353.00,Healthcare,Health Information Services,88.00,96.00,93.00,94.00,5.46,5.27,6470500.00,6989380.00,104.32,40.77,13826714624,NO,73.45,62.57,56.45,64.79,54.87,,577,0.00,5683353.00,NO,NO,2025-05-28,50365400.00
778,STXX,38.76,48.51,712283.00,ETF,ETF,88.00,87.00,6.00,,4.72,3.76,83158.00,34190.00,86.89,22.23,0,NO,41.83,41.33,,41.82,,,112,0.00,712283.00,NO,YES,2026-10-02,712283.00
779,CTS,61.60,59.81,236475.00,Technology,Electronic Components,88.00,89.00,71.00,85.00,1.60,1.48,212774.00,262510.00,69.55,36.03,1759061632,NO,58.27,59.93,56.10,60.27,58.74,,11732,1.99,236475.00,NO,NO,2001-03-07,3751300.00
780,DXCM,85.36,86.23,2173839.00,Healthcare,Medical Devices,88.00,28.00,91.00,89.00,2.01,2.01,4572192.00,4612700.00,92.59,54.11,32211515392,NO,86.57,86.38,73.05,87.34,74.44,,5402,0.00,2173839.00,NO,NO,2017-09-28,123168400.00
781,PIE,34.77,34.05,84290.00,ETF,ETF,88.00,83.00,79.00,88.00,0.58,0.42,78457.00,31020.00,35.17,22.58,0,NO,33.87,32.96,29.75,33.38,31.32,,4715,1.62,84290.00,NO,NO,2011-08-08,1961800.00
782,AIUP,32.22,32.49,1438.00,ETF,ETF,88.00,92.00,91.00,88.00,0.56,0.38,1973.00,3670.00,32.83,22.56,0,NO,31.15,29.93,,30.33,27.67,,165,0.00,1438.00,NO,NO,2026-03-19,40300.00
783,ODTX,20.73,20.42,192502.00,Healthcare,Biotechnology,88.00,1.00,93.00,,2.07,2.04,270776.00,535160.00,29.05,15.10,996012992,NO,23.02,22.53,,23.06,,,102,1.22,192502.00,NO,NO,2026-05-08,3170900.00
784,PARK,19.84,20.11,31270.00,Healthcare,Medical Care Facilities,88.00,30.00,32.00,63.00,0.94,0.94,29815.00,30870.00,26.79,9.53,94344792,NO,20.38,20.47,18.42,20.46,19.05,,209,0.00,31270.00,NO,NO,2025-12-03,481900.00
785,JAZZ,235.67,233.01,636605.00,Healthcare,Biotechnology,88.00,33.00,39.00,84.00,5.47,5.38,861696.00,897700.00,266.38,128.80,15298417664,NO,239.57,247.21,211.91,246.02,227.64,,4866,0.17,636605.00,NO,NO,2009-06-15,27415800.00
786,SENEA,177.66,177.03,121232.00,Consumer Defensive,Packaged Foods,88.00,5.00,47.00,60.00,5.83,5.51,99646.00,105640.00,210.00,99.58,1202839424,NO,184.34,184.60,151.52,186.09,164.74,,7128,0.27,121232.00,NO,NO,2009-07-16,1543800.00
787,MT,64.51,64.56,2128236.00,Basic Materials,Steel,88.00,5.00,51.00,80.00,1.97,1.54,1451415.00,1408160.00,79.68,36.70,48540004352,NO,72.17,72.41,62.11,72.49,64.90,,7334,0.00,2128236.00,NO,NO,2013-01-10,32161712.00
788,PXE,40.79,40.72,43678.00,ETF,ETF,88.00,39.00,92.00,50.00,0.99,0.78,48288.00,186480.00,44.01,27.21,0,NO,41.17,40.05,35.66,40.33,37.74,,5266,0.00,43678.00,NO,NO,2021-03-08,1863000.00
789,QTUM,156.06,153.25,375003.00,ETF,ETF,88.00,89.00,56.00,90.00,2.84,2.25,336044.00,306080.00,170.00,98.21,0,NO,149.56,148.79,134.72,150.50,142.67,,2030,0.00,375003.00,NO,NO,2025-01-08,2103300.00
790,TINY,81.78,80.16,587.00,ETF,ETF,88.00,90.00,28.00,86.00,1.29,0.79,7057.00,1930.00,97.12,46.75,0,NO,76.04,77.19,72.86,77.79,77.76,,1238,0.00,587.00,NO,NO,2026-06-09,93700.00
791,BMNG,27.98,29.01,439548.00,ETF,ETF,88.00,95.00,98.00,77.00,3.60,3.02,593568.00,335490.00,347.00,8.39,0,NO,27.89,22.60,30.89,23.37,21.35,,235,0.00,439548.00,NO,NO,2026-03-25,5053080.00
792,FXL,228.06,225.95,9275.00,ETF,ETF,88.00,89.00,86.00,90.00,3.27,2.31,59277.00,111420.00,229.68,151.62,0,NO,217.96,214.02,190.51,216.65,199.19,,4881,0.00,9275.00,NO,NO,2017-11-10,17140900.00
793,EDC,79.57,76.63,180985.00,ETF,ETF,88.00,65.00,24.00,91.00,3.44,2.28,78609.00,66440.00,103.88,46.11,0,NO,79.63,77.15,73.85,78.91,76.91,,4467,3.28,180985.00,NO,NO,2010-05-04,6176700.00
794,FTI,68.82,68.85,2643689.00,Energy,Oil & Gas Equipment & Services,88.00,5.00,72.00,26.00,1.89,1.80,3118073.00,3139380.00,80.70,35.29,26988752896,NO,72.67,74.06,66.96,74.12,71.40,,6362,0.00,2643689.00,NO,NO,2021-02-11,186299232.00
795,TKNS,29.98,29.94,71.00,ETF,ETF,88.00,93.00,96.00,,0.57,0.11,639.00,580.00,30.02,20.08,0,NO,28.11,25.32,,25.82,,,98,0.00,71.00,NO,NO,2026-07-17,4900.00
796,ASMU,34.51,32.44,47730.00,ETF,ETF,88.00,95.00,43.00,94.00,1.50,1.23,109365.00,62140.00,43.00,18.72,0,NO,29.73,30.25,,30.71,29.39,,162,3.98,47730.00,NO,NO,2026-07-15,875200.00
797,NTCT,40.96,40.33,526107.00,Technology,Software - Infrastructure,88.00,90.00,43.00,84.00,1.04,0.97,610428.00,679460.00,45.28,25.20,2978091520,NO,38.73,39.01,35.16,39.02,37.89,,6827,0.00,526107.00,NO,NO,2021-11-04,16146600.00
798,GARY,28.53,28.13,7113.00,ETF,ETF,88.00,89.00,82.00,88.00,0.27,0.20,9104.00,12210.00,28.65,20.13,0,NO,27.32,26.89,,27.10,25.32,,196,0.00,7113.00,NO,NO,2026-07-22,158900.00
799,XOP,184.93,184.30,2264939.00,ETF,ETF,88.00,31.00,92.00,45.00,4.74,4.08,3196607.00,3550290.00,200.89,122.11,0,NO,188.04,183.12,163.66,184.32,173.30,,5102,0.00,2264939.00,NO,NO,2020-04-09,36283300.00
800,STT,175.96,174.62,1618741.00,Financial Services,Asset Management,88.00,15.00,60.00,89.00,4.01,3.91,1979068.00,2694810.00,195.93,104.64,48336523264,NO,183.73,186.19,154.92,186.89,164.92,,11732,0.22,1618741.00,NO,NO,2009-01-20,76692600.00
801,GXPT,35.92,35.53,51352.00,ETF,ETF,88.00,89.00,88.00,91.00,0.47,0.35,139158.00,20610.00,36.17,23.64,0,NO,34.53,33.65,30.03,34.02,31.36,,302,0.00,51352.00,NO,NO,2026-03-27,5322500.00
802,BIO,369.14,355.57,223640.00,Healthcare,Medical Devices,88.00,27.00,93.00,87.00,11.11,10.79,279753.00,284300.00,396.23,236.73,9878776832,NO,376.48,365.64,307.72,368.39,311.89,,11745,0.48,223640.00,NO,NO,2024-09-20,5791400.00
803,PTIR,21.40,21.70,2197920.00,ETF,ETF,88.00,95.00,98.00,84.00,1.25,1.25,4010092.00,2432080.00,40.78,7.84,0,NO,19.65,18.03,17.19,18.65,15.38,,522,0.00,2197920.00,NO,NO,2025-04-09,46785000.00
804,CGON,67.38,68.35,1542485.00,Healthcare,Biotechnology,88.00,10.00,43.00,35.00,3.47,3.44,888006.00,1309940.00,80.97,35.80,5972588544,NO,72.35,73.99,63.91,73.16,68.85,,675,0.00,1542485.00,NO,NO,2025-04-28,9040400.00
805,SMBK,50.99,49.86,101477.00,Financial Services,Banks - Regional,88.00,68.00,84.00,85.00,1.13,1.10,122144.00,158410.00,54.14,33.01,871851136,NO,51.01,51.43,43.99,51.61,45.88,,5784,0.96,101477.00,NO,NO,2017-06-23,777200.00
806,QQQA,73.03,72.93,14285.00,ETF,ETF,88.00,89.00,23.00,90.00,0.93,0.78,30079.00,14650.00,88.24,44.69,0,NO,70.15,70.66,64.52,70.81,69.22,,1349,0.00,14285.00,NO,NO,2026-08-06,205500.00
807,NPO,332.56,315.91,232128.00,Industrials,Specialty Industrial Machinery,88.00,93.00,44.00,87.00,10.44,9.92,188368.00,179570.00,390.42,202.00,7039523840,NO,301.12,311.87,289.04,313.57,307.64,,6129,2.00,232128.00,NO,NO,2014-01-13,3043000.00
808,SPXL,288.65,282.70,1595977.00,ETF,ETF,88.00,75.00,79.00,93.00,7.84,6.56,1601660.00,1562390.00,303.18,168.04,0,NO,283.96,284.32,249.01,287.51,259.15,,4504,0.00,1595977.00,NO,NO,2009-03-11,447939600.00
809,IOSX,32.86,32.68,13.00,ETF,ETF,88.00,91.00,,,0.65,0.05,365.00,100.00,36.08,26.18,0,NO,33.27,31.75,,31.64,,,65,0.00,100.00,NO,NO,2026-06-30,9300.00
810,XP,21.50,21.17,11895294.00,Financial Services,Capital Markets,88.00,88.00,94.00,71.00,0.79,0.76,6051528.00,7647330.00,23.13,14.80,10910023680,NO,20.29,18.30,18.22,18.53,17.91,,1711,1.04,11895294.00,YES,NO,2024-08-30,69889700.00
811,SUN,74.73,74.54,371505.00,Energy,Oil & Gas Refining & Marketing,88.00,50.00,87.00,70.00,2.16,2.10,530965.00,853370.00,80.22,48.60,14080167936,NO,76.08,75.53,66.57,75.40,69.94,,3528,0.00,371505.00,NO,NO,2023-12-15,13301300.00
812,CZFS,80.90,79.14,45539.00,Financial Services,Banks - Regional,88.00,51.00,88.00,85.00,2.10,2.07,32796.00,38100.00,84.65,52.35,389117280,NO,81.00,80.65,68.50,81.04,71.30,,6980,0.92,45539.00,NO,NO,2023-06-23,546612.00
813,AGIX,48.82,48.04,100552.00,ETF,ETF,88.00,91.00,83.00,91.00,0.86,0.67,135698.00,98550.00,49.67,30.89,0,NO,46.85,45.35,40.66,45.94,42.74,,555,1.48,100552.00,NO,NO,2026-06-16,1130900.00
814,FRDM,71.10,69.99,280387.00,ETF,ETF,88.00,81.00,60.00,85.00,1.40,1.06,276668.00,335000.00,76.90,43.77,0,NO,70.77,68.59,63.50,69.31,66.27,,1836,1.51,280387.00,NO,NO,2026-03-03,1209100.00
815,WCLD,41.24,41.49,250379.00,ETF,ETF,88.00,72.00,92.00,92.00,1.05,1.02,744185.00,568950.00,43.54,23.89,0,NO,40.51,39.69,32.66,40.02,33.23,,1778,0.00,250379.00,NO,NO,2026-02-26,4204300.00
816,KSMH,30.85,30.29,1074.00,ETF,ETF,88.00,96.00,,,0.81,0.30,5038.00,5210.00,31.00,23.10,0,NO,27.57,,,,,,32,0.00,1074.00,NO,NO,2026-09-08,34400.00
817,IGM,172.03,170.24,203779.00,ETF,ETF,88.00,89.00,84.00,90.00,2.56,2.03,313276.00,306330.00,173.21,112.60,0,NO,165.52,161.60,144.94,163.17,151.88,,6424,0.00,203779.00,NO,NO,2018-10-12,11570400.00
818,CHRD,137.01,136.85,457254.00,Energy,Oil & Gas E&P,88.00,13.00,93.00,24.00,4.47,3.92,744076.00,820960.00,157.06,84.25,7494155264,NO,143.01,141.51,125.55,141.91,135.59,,4099,0.00,457254.00,NO,NO,2020-04-23,342073100.00
819,LEGH,29.35,29.19,53778.00,Consumer Cyclical,Residential Construction,88.00,86.00,89.00,91.00,0.90,0.90,100958.00,89260.00,31.34,18.29,698032192,NO,28.33,28.13,23.67,28.46,24.89,,1960,0.00,53778.00,NO,NO,2018-12-14,2784200.00
820,BWIN,31.77,31.77,2551043.00,Financial Services,Insurance Brokers,88.00,79.00,91.00,91.00,0.20,0.19,2464990.00,3970690.00,32.70,15.88,3076561664,NO,31.33,30.42,24.38,30.75,25.32,,1744,0.00,2551043.00,NO,NO,2026-09-14,22670700.00
821,XOM,164.01,163.82,11164224.00,Energy,Oil & Gas Integrated,88.00,66.00,92.00,41.00,3.59,3.16,14267160.00,15040640.00,176.41,110.39,674394669056,NO,162.78,160.54,149.10,160.40,153.54,,16297,0.00,11164224.00,YES,NO,2010-06-25,118023500.00
822,UPRO,150.88,147.75,2447017.00,ETF,ETF,88.00,75.00,79.00,92.00,4.12,3.44,1924119.00,1878860.00,158.63,88.15,0,NO,148.50,148.73,130.48,150.38,135.71,,4345,0.00,2447017.00,NO,NO,2010-07-01,290347200.00
823,IVES,41.84,41.42,313445.00,ETF,ETF,88.00,90.00,86.00,91.00,0.69,0.56,370900.00,506190.00,42.20,26.92,0,NO,40.55,39.09,34.85,39.54,36.18,,335,0.00,313445.00,NO,NO,2025-11-20,2291700.00
824,EFOR,34.25,36.19,723682.00,Technology,Information Technology Services,88.00,91.00,98.00,9.00,1.80,1.67,842596.00,704600.00,54.94,16.90,1404249984,NO,32.74,31.23,33.13,32.11,27.33,,8567,0.00,723682.00,NO,NO,2018-10-10,10142400.00
825,CPAY,394.60,389.73,575536.00,Technology,Software - Infrastructure,88.00,25.00,87.00,88.00,7.56,7.33,495074.00,557230.00,427.46,252.84,25909278720,NO,400.82,401.69,346.73,403.27,355.98,,3973,0.58,575536.00,NO,NO,2018-06-19,19807400.00
826,NKSH,42.66,42.46,21741.00,Financial Services,Banks - Regional,88.00,81.00,91.00,74.00,0.94,0.94,35873.00,27740.00,43.31,27.00,271770656,NO,42.41,41.58,37.48,41.97,38.14,,6750,0.00,21741.00,NO,NO,2009-06-26,1235900.00
827,SGRT,35.42,34.68,28613.00,ETF,ETF,88.00,92.00,74.00,85.00,0.51,0.40,33793.00,27850.00,38.43,21.04,0,NO,33.59,32.56,31.05,32.85,32.75,,282,0.89,28613.00,NO,NO,2025-12-26,524100.00
828,ARMK,55.55,54.59,1885289.00,Industrials,Specialty Business Services,88.00,51.00,54.00,86.00,1.25,1.22,2468360.00,2245090.00,62.65,35.07,14644370432,NO,56.24,57.48,48.39,57.55,52.14,,3220,0.88,1885289.00,NO,NO,2023-03-17,56313269.00
829,ELMT,22.13,20.35,780264.00,Industrials,Aerospace & Defense,88.00,97.00,93.00,,2.16,2.09,675220.00,712640.00,25.03,12.49,674068672,NO,19.55,17.66,,18.38,,,113,1.08,780264.00,NO,NO,2026-09-14,14020400.00
830,DJCO,656.44,653.04,32108.00,Technology,Software - Application,88.00,87.00,88.00,84.00,22.19,22.19,58979.00,64230.00,692.50,348.63,904542784,NO,656.94,621.53,558.70,623.32,559.68,,10156,0.00,32108.00,NO,NO,2025-11-14,871300.00
831,PLBC,62.54,61.62,27804.00,Financial Services,Banks - Regional,88.00,69.00,81.00,84.00,1.27,1.24,54400.00,53570.00,64.00,39.80,435216864,NO,62.20,61.91,54.22,62.29,56.54,,5990,0.37,27804.00,NO,NO,2023-06-23,654700.00
832,RPRX,57.16,57.63,2226091.00,Healthcare,Biotechnology,88.00,11.00,63.00,74.00,1.06,1.06,2921850.00,3136430.00,64.38,35.23,33029074944,NO,58.83,59.42,51.08,59.23,54.67,,1583,0.00,2226091.00,NO,NO,2020-06-16,27619300.00
833,MBIN,49.95,49.52,145858.00,Financial Services,Banks - Regional,88.00,27.00,79.00,65.00,1.32,1.31,182984.00,259070.00,56.87,30.37,2294606848,NO,51.82,52.87,46.16,53.24,48.95,,2244,0.00,145858.00,NO,NO,2026-02-10,5334700.00
834,BXC,73.64,73.79,189951.00,Industrials,Industrial Distribution,88.00,43.00,94.00,91.00,4.30,4.20,163580.00,197800.00,93.80,44.78,573095552,NO,76.95,76.70,63.89,78.04,62.17,,5485,0.00,189951.00,NO,NO,2018-03-12,4990600.00
835,XLE,62.82,62.70,29216392.00,ETF,ETF,88.00,36.00,91.00,50.00,1.25,1.07,30170455.00,35012830.00,66.17,42.35,0,NO,63.47,62.11,56.55,62.36,58.98,,6987,0.00,29216392.00,YES,NO,2020-11-09,198713400.00
836,HGER,35.29,35.30,1206456.00,ETF,ETF,88.00,61.00,90.00,66.00,0.41,0.34,1505830.00,1596640.00,36.48,24.44,0,NO,35.75,34.50,30.75,34.70,32.34,,1165,0.00,1206456.00,NO,NO,2026-03-27,10842700.00
837,TEK,41.69,40.72,1261.00,ETF,ETF,88.00,91.00,75.00,91.00,0.57,0.27,4217.00,2130.00,43.85,26.72,0,NO,39.58,38.56,35.19,39.03,37.18,,488,0.00,1261.00,NO,NO,2025-08-13,286500.00
838,SXT,128.59,128.42,280266.00,Basic Materials,Specialty Chemicals,88.00,25.00,76.00,90.00,2.76,2.61,424887.00,376530.00,138.82,82.60,5473152000,NO,129.69,130.46,110.21,130.75,116.49,,11732,0.00,280266.00,NO,NO,2023-09-15,8000700.00
839,RS,400.31,393.04,273102.00,Basic Materials,Steel,87.00,67.00,82.00,87.00,9.60,9.06,319841.00,302410.00,433.02,260.31,20437649408,NO,391.39,400.19,357.17,400.45,372.88,,8065,0.96,273102.00,NO,NO,2007-04-19,5155700.00
840,NYSX,133.36,131.77,4321.00,ETF,ETF,87.00,87.00,82.00,88.00,1.56,0.85,3417.00,2630.00,133.88,93.26,0,NO,129.29,126.33,,127.63,,,132,0.00,4321.00,NO,NO,2026-08-05,110400.00
841,PNTG,39.24,38.79,254623.00,Healthcare,Medical Care Facilities,87.00,82.00,49.00,87.00,1.52,1.51,310603.00,366750.00,42.74,22.25,1370616832,NO,39.72,39.36,34.21,39.14,35.78,,1761,1.13,254623.00,NO,NO,2023-03-17,6678500.00
842,CFBK,34.42,33.88,49262.00,Financial Services,Banks - Regional,87.00,53.00,86.00,81.00,0.68,0.67,51844.00,36750.00,38.11,22.10,223461920,NO,34.72,35.03,30.66,35.12,31.45,,6982,0.94,49262.00,NO,NO,2025-06-27,477300.00
843,CCSI,35.36,35.73,103661.00,Technology,Software - Infrastructure,87.00,85.00,31.00,92.00,1.34,1.29,151898.00,127150.00,41.40,20.20,647969280,NO,35.85,36.77,30.53,36.50,32.97,,1257,0.00,103661.00,NO,NO,2021-10-08,4243100.00
844,TMO,654.80,652.51,1663049.00,Healthcare,Diagnostics & Research,87.00,89.00,93.00,88.00,16.19,15.96,2049823.00,2398330.00,683.63,435.27,242110529536,NO,646.26,617.45,542.61,621.29,533.11,,11732,0.25,1663049.00,NO,NO,2009-04-23,32610100.00
845,USCI,108.94,109.96,11839.00,ETF,ETF,87.00,76.00,90.00,66.00,1.31,0.99,13212.00,11960.00,111.86,75.87,0,NO,109.93,105.88,94.87,106.19,99.78,,4062,0.00,11839.00,NO,NO,2012-03-07,5010300.00
846,IOSP,97.41,95.17,196536.00,Basic Materials,Specialty Chemicals,87.00,83.00,91.00,87.00,2.23,2.19,182023.00,281030.00,100.48,65.51,2399310592,NO,94.68,92.78,82.41,93.77,83.72,,7142,1.32,196536.00,NO,NO,2011-06-24,4692000.00
847,VIST,64.25,64.63,904933.00,Energy,Oil & Gas E&P,87.00,3.00,80.00,10.00,2.50,2.37,1049528.00,965330.00,81.44,33.90,7107168256,NO,71.38,69.91,64.82,69.84,69.34,,1807,0.00,904933.00,NO,NO,2025-10-27,8095000.00
848,ACNB,63.78,62.89,45277.00,Financial Services,Banks - Regional,87.00,50.00,81.00,87.00,1.45,1.40,70915.00,72770.00,67.60,42.52,651324160,NO,64.10,64.27,55.29,64.60,57.46,,8180,0.83,45277.00,NO,NO,2021-06-25,1186600.00
849,MRVX,32.75,31.93,11899.00,ETF,ETF,87.00,98.00,,,2.12,1.52,9815.00,7600.00,34.11,13.69,0,NO,27.33,24.24,,25.14,,,58,0.00,11899.00,NO,NO,2026-08-28,52600.00
850,NPK,150.73,150.12,82977.00,Industrials,Aerospace & Defense,87.00,83.00,92.00,51.00,4.29,4.25,98380.00,127880.00,158.17,91.28,1075619328,NO,149.33,144.00,132.84,144.78,136.99,,11732,0.39,82977.00,NO,NO,1992-03-02,513400.00
851,KEMX,52.29,51.24,2519.00,ETF,ETF,87.00,78.00,65.00,86.00,0.72,0.35,8358.00,6370.00,54.91,34.31,0,NO,51.76,50.47,46.26,50.96,48.41,,1879,1.66,2519.00,NO,NO,2022-05-25,479800.00
852,NEU,924.06,921.14,113505.00,Basic Materials,Specialty Chemicals,87.00,77.00,90.00,91.00,21.49,21.49,122047.00,129280.00,981.66,580.03,8498031104,NO,891.76,893.83,745.58,903.99,776.89,,11732,0.00,113505.00,NO,NO,2010-04-12,1995800.00
853,STMX,17.28,15.22,7878.00,ETF,ETF,87.00,96.00,,,0.70,0.41,3138.00,4550.00,17.33,12.23,0,NO,14.23,,,,,,32,8.97,7878.00,NO,NO,2026-09-29,11900.00
854,MLR,54.39,53.19,50088.00,Consumer Cyclical,Auto Parts,87.00,55.00,87.00,77.00,1.54,1.49,89457.00,90330.00,59.70,35.72,617445312,NO,54.33,54.39,47.56,54.87,50.19,,8097,1.20,50088.00,NO,NO,1997-09-12,1990120.00
855,NVDA,233.95,230.86,134470648.00,Technology,Semiconductors,87.00,84.00,92.00,87.00,5.15,4.36,122420392.00,111674630.00,237.87,164.27,5649190617088,NO,223.79,218.28,200.71,221.21,206.76,,6967,0.00,134470648.00,YES,NO,2003-05-09,9230856000.00
856,SHEH,70.91,70.51,8726.00,ETF,ETF,87.00,86.00,93.00,45.00,1.02,0.75,8011.00,6980.00,72.01,50.34,0,NO,69.71,67.11,61.86,67.45,64.29,,499,0.00,8726.00,NO,NO,2025-06-25,204900.00
857,FBIZ,70.93,69.49,46212.00,Financial Services,Banks - Regional,87.00,57.00,87.00,85.00,1.34,1.29,62352.00,76630.00,73.74,46.07,593564928,NO,71.00,70.52,60.77,71.02,62.69,,5256,0.88,46212.00,NO,NO,2011-02-14,1251800.00
858,FBLA,16.96,16.78,72159.00,Financial Services,Banks - Regional,87.00,89.00,89.00,80.00,0.27,0.26,86780.00,127150.00,17.02,11.66,246257120,NO,16.25,15.90,14.33,15.97,14.83,,487,0.54,72159.00,NO,NO,2024-10-23,3578100.00
859,VBNB,29.78,29.85,3634.00,ETF,ETF,87.00,92.00,94.00,,0.66,0.39,2346.00,3070.00,31.33,21.15,0,NO,29.18,26.33,,26.79,,,88,0.00,3634.00,NO,NO,2026-08-05,24900.00
860,JXN,131.53,129.48,671903.00,Financial Services,Insurance - Life,87.00,32.00,92.00,84.00,4.55,4.55,700449.00,997930.00,140.90,89.67,8908361728,NO,133.79,131.74,115.90,132.77,116.94,,1277,0.49,671903.00,NO,NO,2021-09-20,15028400.00
861,HQ,15.79,14.92,188859.00,Technology,Software - Infrastructure,87.00,10.00,1.00,95.00,1.73,1.71,379147.00,288530.00,45.00,8.29,852219136,NO,14.70,15.01,,15.40,,,136,1.94,188859.00,NO,NO,2026-06-18,8691700.00
862,CVEO,33.17,33.75,181342.00,Consumer Cyclical,Lodging,87.00,57.00,77.00,83.00,1.07,1.05,122644.00,113540.00,36.50,19.75,342873600,NO,33.50,33.25,30.38,33.14,32.07,,3113,0.00,181342.00,NO,NO,2014-12-30,4745067.00
863,BPRN,43.72,43.16,31691.00,Financial Services,Banks - Regional,87.00,77.00,90.00,83.00,1.04,1.01,24558.00,35960.00,44.49,29.70,297873152,NO,43.35,42.71,37.47,42.91,38.45,,2349,1.09,31691.00,NO,NO,2021-06-25,760000.00
864,EZJ,70.93,68.77,1371.00,ETF,ETF,87.00,85.00,80.00,85.00,1.87,0.77,3604.00,8750.00,71.65,46.28,0,NO,69.24,67.54,62.04,68.81,63.43,,4359,0.00,1371.00,NO,NO,2011-03-15,2004000.00
865,BHP,86.07,84.65,3203355.00,Basic Materials,Other Industrial Metals & Mining,87.00,14.00,74.00,74.00,1.96,1.69,2604379.00,3069730.00,98.71,52.18,218744913920,NO,86.48,88.70,79.34,88.87,83.20,,11732,0.00,3203355.00,NO,NO,2008-11-25,22855281.00
866,PLTR,188.75,190.04,17716878.00,Technology,Software - Infrastructure,87.00,92.00,96.00,84.00,5.75,5.74,34829747.00,22790260.00,207.52,106.37,453577277440,NO,180.19,169.78,152.10,173.30,148.97,,1509,0.00,17716878.00,YES,NO,2024-09-20,450290500.00
867,BSTZ,30.88,30.89,154143.00,Financial Services,Asset Management,87.00,72.00,78.00,89.00,0.92,0.77,185520.00,204210.00,31.89,20.69,2122819328,NO,29.91,29.98,26.45,30.36,28.06,,1828,0.00,154143.00,NO,NO,2023-03-31,1979600.00
868,QQQG,32.71,32.97,26642.00,ETF,ETF,87.00,90.00,77.00,91.00,0.46,0.38,27611.00,15920.00,33.46,21.58,0,NO,31.55,30.98,27.66,31.21,29.13,,531,0.00,26642.00,NO,NO,2026-08-06,742600.00
869,ETHU,29.81,30.62,6876898.00,ETF,ETF,87.00,95.00,98.00,89.00,2.10,1.72,6561609.00,6571580.00,169.45,10.72,0,NO,28.58,23.30,26.97,24.24,21.30,,585,0.00,6876898.00,NO,NO,2026-06-05,26454600.00
870,VFLO,51.82,52.11,3088967.00,ETF,ETF,87.00,18.00,87.00,86.00,0.64,0.56,2003555.00,2377820.00,56.44,36.56,0,NO,52.84,52.86,44.83,53.16,46.84,,824,0.00,3088967.00,NO,NO,2025-02-28,8023500.00
871,JOYY,79.19,80.30,174148.00,Communication Services,Internet Content & Information,87.00,87.00,89.00,89.00,1.75,1.71,327580.00,398120.00,81.26,54.24,3878211840,NO,78.37,75.84,66.70,75.91,67.34,,3486,0.00,174148.00,NO,NO,2020-11-18,26438900.00
872,STXE,50.68,49.77,6255.00,ETF,ETF,87.00,75.00,50.00,85.00,0.92,0.62,10185.00,7680.00,55.39,32.08,0,NO,50.68,49.36,45.31,49.98,47.65,,922,1.48,6255.00,NO,NO,2023-01-31,4005600.00
873,BMNR,26.27,26.73,36663736.00,Financial Services,Capital Markets,87.00,93.00,97.00,88.00,1.71,1.45,38543203.00,37685280.00,65.60,12.80,15846757376,NO,25.91,22.52,21.67,23.06,20.03,,334,0.00,36663736.00,YES,NO,2025-08-11,147160700.00
874,TRUT,34.05,33.69,156669.00,ETF,ETF,87.00,88.00,87.00,90.00,0.45,0.34,179953.00,86170.00,34.24,22.83,0,NO,32.79,31.97,28.80,32.31,30.00,,281,0.00,156669.00,NO,NO,2026-03-27,4064100.00
875,TECB,79.36,78.93,5484.00,ETF,ETF,87.00,86.00,85.00,90.00,0.83,0.61,9126.00,12330.00,79.95,53.33,0,NO,77.63,75.21,66.27,75.79,69.02,,1690,0.00,5484.00,NO,NO,2020-06-03,3530100.00
876,TMP,98.89,97.01,90598.00,Financial Services,Banks - Regional,87.00,76.00,79.00,81.00,2.50,2.35,106811.00,140720.00,102.59,61.88,1422325504,NO,98.13,98.69,86.65,99.17,90.57,,10163,1.20,90598.00,NO,NO,2008-12-01,852610.00
877,SDCI,31.13,31.39,972398.00,ETF,ETF,87.00,76.00,90.00,67.00,0.39,0.33,293574.00,266900.00,31.95,21.97,0,NO,31.40,30.25,27.09,30.36,28.49,,2115,0.00,972398.00,NO,NO,2025-04-29,2772100.00
878,DBX,33.90,34.08,2634516.00,Technology,Software - Infrastructure,87.00,54.00,91.00,91.00,1.35,1.30,4203974.00,5866970.00,38.17,21.70,7371305472,NO,34.81,34.32,28.20,34.51,29.05,,2144,0.00,2634516.00,NO,NO,2018-03-23,56108700.00
879,EMXC,101.29,99.34,2271625.00,ETF,ETF,87.00,80.00,66.00,86.00,1.71,1.16,2055193.00,1878270.00,107.12,67.02,0,NO,99.99,97.26,89.67,98.35,93.89,,2310,1.61,2271625.00,NO,NO,2025-05-20,58238900.00
880,CVX,206.69,207.10,6642588.00,Energy,Oil & Gas Integrated,87.00,48.00,93.00,45.00,4.17,3.71,8469947.00,11771900.00,217.78,146.49,405443805184,NO,208.60,202.55,186.64,203.38,192.82,,16297,0.00,6642588.00,NO,NO,2022-03-08,57231000.00
881,FENY,34.64,34.56,1081498.00,ETF,ETF,87.00,32.00,91.00,47.00,0.67,0.57,1224679.00,1613640.00,36.60,23.52,0,NO,35.06,34.40,31.39,34.52,32.75,,3254,0.00,1081498.00,NO,NO,2026-01-14,17398200.00
882,PFIS,69.29,68.17,52170.00,Financial Services,Banks - Regional,87.00,54.00,74.00,84.00,1.73,1.69,59576.00,65310.00,73.37,43.64,693618368,NO,70.20,70.39,60.23,70.56,63.51,,6122,1.25,52170.00,NO,NO,2014-06-27,1016800.00
883,APLE,16.51,16.37,1756045.00,Real Estate,REIT - Hotel & Motel,87.00,85.00,56.00,91.00,0.29,0.29,2720163.00,2753750.00,17.28,10.85,3897725440,NO,15.81,16.09,14.14,16.14,14.97,,2862,0.67,1756045.00,NO,NO,2023-09-15,42325100.00
884,BOW,33.77,33.80,285804.00,Financial Services,Insurance - Property & Casualty,87.00,69.00,83.00,92.00,0.11,0.11,329369.00,267520.00,35.07,21.21,1112485248,NO,33.74,33.36,27.85,33.32,28.78,,592,0.00,285804.00,NO,NO,2024-05-23,3335800.00
885,GTOP,52.25,51.51,7157.00,ETF,ETF,87.00,90.00,83.00,90.00,0.58,0.42,12984.00,10420.00,52.45,34.43,0,NO,50.15,49.02,44.03,49.46,46.07,,206,0.00,7157.00,NO,NO,2025-12-22,673200.00
886,VDE,175.93,175.58,717521.00,ETF,ETF,87.00,32.00,91.00,47.00,3.29,2.90,497958.00,625840.00,186.23,119.84,0,NO,178.29,174.89,159.64,175.53,166.58,,5538,0.00,717521.00,NO,NO,2016-02-16,5786700.00
887,EXEL,58.39,57.94,1972056.00,Healthcare,Biotechnology,87.00,64.00,80.00,87.00,1.65,1.61,2364077.00,2250920.00,61.14,33.76,14467973120,NO,57.76,55.83,49.08,55.69,51.26,,6655,0.29,1972056.00,NO,NO,2015-07-20,74607500.00
888,CERY,39.35,39.52,142767.00,ETF,ETF,87.00,72.00,90.00,63.00,0.44,0.39,187520.00,145520.00,40.34,28.37,0,NO,39.62,38.14,34.95,38.34,36.51,,521,0.00,142767.00,NO,NO,2025-01-13,5632700.00
889,JHAI,36.47,35.92,2817.00,ETF,ETF,87.00,90.00,81.00,90.00,0.50,0.29,6584.00,5570.00,36.93,24.41,0,NO,34.61,33.96,30.96,34.37,32.38,,282,0.00,2817.00,NO,NO,2025-08-28,95200.00
890,EPC,26.97,26.67,413298.00,Consumer Defensive,Household & Personal Products,87.00,26.00,66.00,85.00,0.89,0.85,613877.00,649510.00,29.95,15.73,1243017984,NO,27.29,27.89,22.88,27.94,24.29,,6670,0.00,413298.00,NO,NO,2011-02-01,12842345.00
891,BLTE,159.56,162.98,184762.00,Healthcare,Biotechnology,87.00,61.00,77.00,16.00,5.65,5.58,184006.00,156980.00,200.00,72.65,6425823232,NO,172.53,165.68,160.96,166.25,157.09,,1111,0.00,184762.00,NO,NO,2022-05-03,7495900.00
892,IYE,66.22,65.98,930635.00,ETF,ETF,87.00,34.00,91.00,49.00,1.23,1.08,800387.00,1115920.00,69.80,45.12,0,NO,66.87,65.68,59.88,65.92,62.47,,6613,0.00,930635.00,NO,NO,2021-03-23,42603500.00
893,WBD,30.94,30.95,49936086.00,Communication Services,Entertainment,87.00,90.00,91.00,66.00,0.38,0.24,30035828.00,79944090.00,30.97,17.08,77570809856,NO,29.47,28.22,27.68,28.43,27.41,,5343,0.00,49936086.00,YES,NO,2025-09-11,298443300.00
894,WF,75.21,73.10,60047.00,Financial Services,Banks - Regional,87.00,61.00,92.00,68.00,2.18,1.35,111268.00,74190.00,84.71,48.83,18251855872,NO,77.38,73.23,67.11,73.96,67.80,,5788,1.81,60047.00,NO,NO,2010-11-30,373942.00
895,PBOG,34.96,34.83,27934.00,ETF,ETF,87.00,46.00,91.00,38.00,0.64,0.49,35103.00,38960.00,37.15,24.37,0,NO,35.36,34.73,31.80,34.81,33.29,,211,0.00,27934.00,NO,NO,2026-02-17,11163200.00
896,TRST,55.69,54.75,107459.00,Financial Services,Banks - Regional,87.00,44.00,67.00,83.00,1.46,1.42,131149.00,142080.00,59.28,34.31,948274816,NO,56.64,56.75,49.66,56.83,52.16,,10950,0.55,107459.00,NO,NO,2011-06-30,1090760.00
897,FRWD,33.30,33.16,7478.00,ETF,ETF,87.00,87.00,73.00,91.00,0.50,0.39,47653.00,66940.00,34.75,21.57,0,NO,32.18,31.92,,32.25,30.06,,182,0.00,7478.00,NO,NO,2026-03-26,2003300.00
898,SOEZ,20.39,20.42,5427.00,ETF,ETF,87.00,94.00,96.00,92.00,0.77,0.55,14438.00,15790.00,25.33,10.76,0,NO,19.07,16.34,16.00,16.86,14.95,,209,0.00,5427.00,NO,NO,2026-08-05,103800.00
899,CARZ,109.75,107.91,1066.00,ETF,ETF,87.00,85.00,39.00,87.00,1.40,0.70,4165.00,3910.00,123.17,70.12,0,NO,107.32,106.06,98.27,107.11,104.16,,3873,0.00,1066.00,NO,NO,2017-02-13,296500.00
900,BBH,237.45,238.74,11473.00,ETF,ETF,87.00,50.00,89.00,84.00,3.45,2.76,8685.00,11950.00,246.55,171.63,0,NO,237.42,229.45,201.41,230.53,203.99,,6755,0.00,11473.00,NO,NO,2002-07-11,13257600.00
901,CAT,845.42,826.35,2378887.00,Industrials,Farm & Heavy Construction Machinery,87.00,87.00,12.00,75.00,20.73,18.29,2676496.00,2428310.00,1073.46,483.55,388618321920,NO,811.29,823.45,795.10,825.02,845.60,,16297,1.75,2378887.00,NO,NO,2006-10-20,67780400.00
902,WXET,21.18,21.10,3099.00,ETF,ETF,87.00,1.00,90.00,58.00,0.86,0.72,20726.00,22020.00,28.83,14.52,0,NO,23.24,22.77,19.50,22.74,20.63,,444,0.00,3099.00,NO,NO,2026-03-12,130900.00
903,SRCE,86.85,85.94,110395.00,Financial Services,Banks - Regional,87.00,73.00,81.00,81.00,1.46,1.42,120780.00,127270.00,91.46,56.89,2091506560,NO,86.02,87.02,75.61,87.18,79.28,,10870,0.81,110395.00,NO,NO,2025-03-21,743700.00
904,BLSM,19.69,18.59,169323.00,Healthcare,Biotechnology,87.00,77.00,,,2.44,2.43,268123.00,282990.00,27.99,15.25,625844864,YES,22.31,,,,,,40,0.00,169323.00,NO,NO,2026-08-07,1757600.00
905,EPAI,28.77,28.20,924.00,ETF,ETF,87.00,91.00,62.00,83.00,0.32,0.11,823.00,420.00,31.74,19.76,0,NO,26.98,27.01,,27.27,26.90,,198,0.00,924.00,NO,NO,2025-12-18,174900.00
906,WST,364.98,365.01,472117.00,Healthcare,Medical Instruments & Supplies,87.00,87.00,71.00,91.00,8.41,7.91,642817.00,698980.00,386.00,223.83,25685745664,NO,361.10,351.83,302.32,351.89,320.76,,11732,0.00,472117.00,NO,NO,2020-05-21,16495700.00
907,FTXN,39.09,38.96,97344.00,ETF,ETF,87.00,26.00,91.00,45.00,0.80,0.66,688796.00,4020460.00,41.96,26.46,0,NO,39.80,39.07,35.46,39.25,37.16,,2520,0.00,97344.00,NO,NO,2021-12-10,63390400.00
908,IXC,57.89,57.70,551855.00,ETF,ETF,87.00,50.00,91.00,42.00,1.01,0.87,782033.00,576000.00,60.70,40.05,0,NO,58.46,57.23,52.71,57.39,55.06,,6253,0.00,551855.00,NO,NO,2024-06-06,21144900.00
909,HURC,22.29,22.06,11893.00,Industrials,Specialty Industrial Machinery,87.00,84.00,61.00,92.00,0.72,0.70,27223.00,16220.00,24.49,14.50,144357216,NO,22.17,22.03,18.74,22.22,19.72,,11618,0.95,11893.00,NO,NO,2005-08-17,2213700.00
910,HTEC,43.45,43.29,528137.00,ETF,ETF,87.00,77.00,88.00,86.00,0.68,0.56,27773.00,21990.00,44.64,30.95,0,NO,42.73,41.72,36.83,41.95,37.15,,1829,0.21,528137.00,NO,YES,2026-10-02,528137.00
911,PLTU,57.35,58.08,485219.00,ETF,ETF,87.00,95.00,98.00,83.00,3.37,3.37,1821571.00,620600.00,128.03,21.04,0,NO,52.67,48.36,46.51,50.02,41.48,,453,0.00,485219.00,NO,NO,2025-05-06,13459300.00
912,NHP,16.09,16.12,598444.00,Real Estate,REIT - Healthcare Facilities,87.00,64.00,81.00,,0.49,0.48,609331.00,1033000.00,17.46,11.25,1173039488,NO,16.14,16.21,,16.17,,,114,0.00,598444.00,NO,NO,2026-04-22,9885200.00
913,SEMI,40.85,40.45,4936.00,ETF,ETF,87.00,89.00,82.00,90.00,0.57,0.42,8968.00,11710.00,41.05,27.41,0,NO,38.98,38.31,34.93,38.71,36.52,,1132,0.00,4936.00,NO,NO,2022-06-27,826600.00
914,XCEM,52.62,51.42,163287.00,ETF,ETF,87.00,80.00,69.00,86.00,0.89,0.60,145177.00,176540.00,55.43,36.03,0,NO,51.78,50.48,46.61,51.04,48.71,,2787,1.96,163287.00,NO,NO,2025-03-05,2488200.00
915,COLO,47.06,46.36,73520.00,ETF,ETF,86.00,31.00,86.00,75.00,0.98,0.91,155057.00,217200.00,52.18,32.32,0,NO,49.22,48.37,42.14,48.60,43.14,,4440,1.06,73520.00,NO,NO,2026-06-01,1251100.00
916,BEN,32.81,32.50,5052816.00,Financial Services,Asset Management,86.00,62.00,31.00,90.00,0.78,0.72,4040863.00,4944320.00,36.28,21.11,16670003200,NO,33.21,33.66,29.53,33.77,30.93,,10841,0.86,5052816.00,NO,NO,1998-04-28,46707000.00
917,SSRM,33.27,33.42,1998840.00,Basic Materials,Gold,86.00,7.00,85.00,48.00,1.42,1.20,2755726.00,2561730.00,39.44,18.19,6784062976,NO,35.62,33.76,29.45,34.33,30.99,,7591,0.00,1998840.00,NO,NO,2024-02-13,67340200.00
918,SHEL,96.23,95.61,6634478.00,Energy,Oil & Gas Integrated,86.00,83.00,93.00,44.00,1.67,1.43,6405157.00,6596782.00,99.16,68.62,274291736576,NO,95.53,92.63,85.22,93.15,88.54,,10724,0.00,6634478.00,NO,NO,1993-05-14,723387184.00
919,GENC,17.59,17.35,59266.00,Industrials,Farm & Heavy Construction Machinery,86.00,38.00,91.00,73.00,0.51,0.50,55295.00,57580.00,20.19,12.22,257828976,NO,17.58,17.31,15.31,17.34,15.73,,5843,0.52,59266.00,NO,NO,2008-05-12,1853100.00
920,KMX,54.92,55.89,2815552.00,Consumer Cyclical,Auto & Truck Dealerships,86.00,9.00,86.00,88.00,2.90,2.78,2565493.00,4924300.00,65.28,30.26,7795498496,NO,58.47,59.29,48.19,59.35,50.36,,7462,0.00,2815552.00,NO,NO,2010-06-25,42565300.00
921,FBT,266.44,265.79,51127.00,ETF,ETF,86.00,47.00,78.00,87.00,4.39,4.12,74153.00,129370.00,275.23,182.08,0,NO,268.37,263.24,227.28,263.45,233.62,,5101,0.00,51127.00,NO,NO,2016-02-05,17193300.00
922,CHCI,18.77,19.03,23432.00,Real Estate,Real Estate Services,86.00,20.00,90.00,24.00,0.96,0.94,38101.00,47390.00,22.07,10.14,192992240,NO,19.98,18.26,15.38,18.48,16.90,,5485,0.00,23432.00,NO,NO,2021-02-09,33920100.00
923,WAB,287.54,287.84,911399.00,Industrials,Railroads,86.00,80.00,86.00,66.00,5.73,5.66,897250.00,871480.00,306.64,186.06,48568627200,NO,284.65,290.59,261.49,289.33,270.93,,7876,0.00,911399.00,NO,NO,2019-02-26,27636600.00
924,SCL,63.00,61.53,137984.00,Basic Materials,Specialty Chemicals,86.00,76.00,87.00,84.00,1.61,1.47,142252.00,170180.00,68.00,41.82,1430939392,NO,62.61,62.94,55.39,63.51,56.19,,13518,1.35,137984.00,NO,NO,2008-08-19,1285800.00
925,MSFT,517.53,512.80,17179496.00,Technology,Software - Infrastructure,86.00,83.00,95.00,90.00,11.85,11.08,28411306.00,25141990.00,553.72,349.20,3842942959616,NO,501.67,487.72,432.83,497.97,431.23,,10218,0.00,17179496.00,YES,NO,1986-03-13,1031788800.00
926,APH,86.96,85.67,9033300.00,Technology,Electronic Components,86.00,89.00,79.00,89.00,2.62,2.49,12548311.00,14182030.00,89.26,59.01,214440476672,NO,81.91,81.15,74.14,82.12,75.33,,8786,1.34,9033300.00,YES,NO,1997-01-23,440192000.00
927,PXI,63.04,62.78,709.00,ETF,ETF,86.00,33.00,91.00,54.00,0.93,0.73,20790.00,3820.00,66.62,44.56,0,NO,63.70,62.29,56.81,62.76,59.52,,5024,0.00,709.00,NO,NO,2021-12-06,2335600.00
928,AMDC,30.50,28.91,3956.00,ETF,ETF,86.00,98.00,90.00,,1.82,1.25,6926.00,4700.00,31.09,15.31,0,NO,24.89,20.99,,21.70,,,69,5.50,3956.00,NO,NO,2026-08-04,50300.00
929,AMKR,56.02,52.90,4333545.00,Technology,Semiconductor Equipment & Materials,86.00,95.00,5.00,78.00,2.39,2.13,4781144.00,3535070.00,96.68,28.19,13885817856,NO,51.21,51.72,57.27,52.17,61.45,,7150,3.48,4333545.00,NO,NO,2021-02-12,27265800.00
930,PLTA,21.65,21.96,2972.00,ETF,ETF,86.00,95.00,98.00,81.00,0.95,0.89,41738.00,20130.00,41.93,8.13,0,NO,20.01,18.43,17.89,19.04,15.88,,268,0.00,2972.00,NO,NO,2026-08-04,360400.00
931,INVX,27.31,27.52,1013333.00,Energy,Oil & Gas Equipment & Services,86.00,6.00,90.00,63.00,1.00,0.96,678074.00,805750.00,33.71,17.01,1909947264,NO,28.74,29.04,26.58,29.17,27.27,,7280,0.00,1013333.00,NO,NO,1997-10-23,8491800.00
932,SDP,27.48,27.74,11986.00,ETF,ETF,86.00,92.00,94.00,87.00,0.77,0.72,10261.00,28940.00,28.50,19.78,0,NO,26.31,24.40,22.92,24.72,22.69,,4921,0.00,11986.00,NO,NO,2026-09-22,159600.00
933,KALU,152.02,148.39,178365.00,Basic Materials,Aluminum,86.00,19.00,9.00,71.00,5.64,5.28,244480.00,266010.00,199.89,75.51,2485470720,NO,154.24,161.58,151.40,161.28,160.93,,5092,0.00,178365.00,NO,NO,2010-03-24,3730000.00
934,ASIC,26.17,26.75,55905.00,Financial Services,Insurance - Property & Casualty,86.00,51.00,80.00,87.00,0.90,0.88,74249.00,91040.00,29.00,16.35,1254247680,NO,27.11,25.98,21.83,26.17,22.78,,330,0.00,55905.00,NO,NO,2025-06-11,3079300.00
935,BSET,20.72,19.06,69778.00,Consumer Cyclical,"Furnishings, Fixtures & Appliances",86.00,90.00,81.00,92.00,0.75,0.73,37630.00,33400.00,22.26,13.17,179256192,NO,18.07,18.78,16.57,18.97,16.90,,11732,1.00,69778.00,NO,NO,2014-06-27,1488600.00
936,PTF,112.26,111.45,80627.00,ETF,ETF,86.00,95.00,41.00,80.00,3.25,2.58,132844.00,77350.00,139.65,66.48,0,NO,104.44,102.99,102.15,104.68,109.00,,5024,0.00,80633.00,NO,NO,2015-10-05,6038400.00
937,MMED,19.70,19.60,4637315.00,Healthcare,Medical Instruments & Supplies,86.00,3.00,94.00,90.00,0.81,0.80,1844636.00,3186220.00,24.43,10.65,5542593536,NO,21.35,20.33,,20.56,16.31,,146,0.00,4637315.00,NO,NO,2026-03-06,8823200.00
938,SHOO,45.97,45.69,1032292.00,Consumer Cyclical,Footwear & Accessories,86.00,90.00,90.00,88.00,1.44,1.37,1032909.00,1256350.00,49.70,31.33,3363951104,NO,43.47,44.92,41.28,45.19,41.55,,8257,0.00,1032292.00,NO,NO,2000-06-22,88704872.00
939,VAVX,22.15,23.00,11331.00,ETF,ETF,86.00,98.00,97.00,81.00,1.43,0.81,7676.00,21360.00,25.00,12.54,0,NO,19.19,16.14,,16.31,16.85,,174,0.00,11331.00,NO,NO,2026-09-21,46500.00
940,FCUS,43.86,43.11,36082.00,ETF,ETF,86.00,95.00,84.00,76.00,0.77,0.53,18839.00,22740.00,47.49,28.33,0,NO,40.50,38.41,38.88,38.98,39.94,,942,0.47,36082.00,NO,NO,2025-11-13,265800.00
941,COPP,42.59,41.23,50304.00,ETF,ETF,86.00,51.00,87.00,74.00,1.24,0.95,90280.00,60680.00,47.46,27.40,0,NO,42.81,42.50,39.77,42.82,39.85,,647,0.90,50304.00,NO,NO,2026-01-29,1706900.00
942,TBT,42.54,42.19,509598.00,ETF,ETF,86.00,91.00,92.00,81.00,0.88,0.74,312580.00,479180.00,43.28,31.69,0,NO,39.97,38.79,36.00,39.13,36.84,,4620,0.00,509598.00,NO,NO,2022-02-11,21934900.00
943,AIQ,66.23,65.67,1544245.00,ETF,ETF,86.00,85.00,77.00,90.00,1.03,0.81,1425287.00,1124020.00,70.26,44.46,0,NO,64.78,63.22,57.33,63.87,59.82,,2107,0.00,1544245.00,NO,NO,2026-06-23,12367000.00
944,JCI,156.24,151.77,3221206.00,Industrials,Building Products & Equipment,86.00,92.00,86.00,74.00,3.30,3.10,3274903.00,3025390.00,157.06,104.49,94641045504,NO,145.70,145.99,137.63,147.58,142.15,,9828,1.47,3221206.00,NO,NO,2009-03-16,269590295.00
945,HRMY,39.64,39.57,867930.00,Healthcare,Biotechnology,86.00,15.00,83.00,91.00,1.33,1.33,890825.00,1133760.00,43.49,25.52,2308490496,NO,41.18,39.54,34.64,39.58,34.28,,1538,0.00,867930.00,NO,NO,2023-03-28,12383000.00
946,SPHB,154.88,152.91,301339.00,ETF,ETF,86.00,88.00,75.00,87.00,2.87,2.23,304738.00,279460.00,157.57,103.31,0,NO,149.08,147.18,135.14,148.61,140.71,,3876,0.00,301339.00,NO,NO,2020-12-01,8418500.00
947,COP,126.75,127.06,5196222.00,Energy,Oil & Gas E&P,86.00,15.00,93.00,26.00,3.48,3.11,6690457.00,7550300.00,141.62,85.57,152269520896,NO,131.18,128.00,116.53,128.76,121.72,,11279,0.00,5196222.00,NO,NO,2011-07-14,81425360.00
948,KCHP,28.96,28.30,1784.00,ETF,ETF,86.00,,,,,,6861.00,5750.00,29.11,23.74,0,NO,,,,,,,14,0.00,1784.00,NO,NO,2026-09-18,11400.00
949,SMFG,25.40,25.28,1751244.00,Financial Services,Banks - Diversified,86.00,27.00,56.00,82.00,0.64,0.43,1545057.00,1508450.00,27.62,15.18,160500760576,NO,26.37,25.95,22.88,26.17,23.65,,5203,0.00,1751244.00,NO,NO,2020-02-27,26621400.00
950,CPXR,31.26,31.31,2244.00,ETF,ETF,86.00,58.00,83.00,84.00,0.95,0.54,14326.00,11720.00,34.91,20.40,0,NO,31.96,31.97,29.21,32.09,29.68,,427,0.00,2244.00,NO,NO,2026-01-29,1781800.00
951,AGM,214.79,209.19,115800.00,Financial Services,Credit Services,86.00,36.00,83.00,91.00,5.75,5.55,112241.00,127160.00,248.29,136.57,2331160832,NO,219.48,223.23,185.99,224.11,192.43,,8215,1.06,115800.00,NO,NO,2009-05-12,7577400.00
952,BOX,34.49,34.60,1902744.00,Technology,Software - Infrastructure,86.00,64.00,92.00,91.00,1.07,1.07,2915607.00,2966820.00,36.34,21.34,4732054528,NO,33.71,33.20,27.71,33.39,28.25,,2941,0.00,1902744.00,NO,NO,2015-01-23,42593200.00
953,ACHC,28.06,26.93,1444097.00,Healthcare,Medical Care Facilities,86.00,75.00,16.00,73.00,1.17,1.16,2077206.00,1661810.00,35.83,11.43,2612393472,NO,28.10,29.17,24.17,28.93,27.38,,8200,1.26,1444097.00,NO,NO,2017-10-25,19847500.00
954,GXPE,36.83,36.12,21.00,ETF,ETF,86.00,54.00,91.00,37.00,0.43,0.10,666.00,390.00,38.45,25.18,0,NO,37.21,36.22,33.04,36.36,34.51,,300,0.00,500.00,NO,NO,2025-09-30,14300.00
955,CNMD,46.32,45.93,240738.00,Healthcare,Medical Devices,86.00,20.00,94.00,88.00,1.39,1.33,503033.00,373040.00,53.66,31.44,1387341824,NO,46.31,47.91,40.91,47.96,40.50,,9874,0.00,240738.00,NO,NO,2000-07-12,9182400.00
956,WAT,425.21,425.53,596074.00,Healthcare,Diagnostics & Research,86.00,81.00,88.00,90.00,11.47,10.99,765268.00,798690.00,448.21,282.77,41749606400,NO,421.73,410.18,363.55,411.98,364.13,,7768,0.00,596074.00,NO,NO,2001-06-19,20194400.00
957,STRL,533.42,505.12,605266.00,Industrials,Engineering & Construction,86.00,94.00,3.00,85.00,23.38,21.66,653658.00,472520.00,1005.68,281.58,16316526592,NO,500.98,521.37,539.12,526.96,607.46,,8870,2.29,605266.00,NO,NO,2025-04-16,7646100.00
958,OAEM,50.05,49.15,26771.00,ETF,ETF,86.00,77.00,67.00,82.00,0.91,0.61,18531.00,43680.00,51.84,33.23,0,NO,49.51,48.48,44.99,48.86,46.80,,1016,1.79,26771.00,NO,NO,2024-07-31,712700.00
959,FCBC,48.00,47.57,91227.00,Financial Services,Banks - Regional,86.00,56.00,82.00,69.00,1.08,1.08,89996.00,100940.00,50.17,31.21,907695744,NO,47.43,48.17,42.46,48.25,44.86,,8176,0.46,91227.00,NO,NO,2009-06-05,1280100.00
960,AVBC,22.24,21.66,114509.00,Financial Services,Banks - Regional,86.00,70.00,83.00,65.00,0.40,0.38,138693.00,162460.00,22.90,14.31,410806144,NO,21.89,21.91,19.86,22.02,20.66,,295,0.69,114509.00,NO,NO,2025-08-01,4053700.00
961,CAC,57.19,56.42,69495.00,Financial Services,Banks - Regional,86.00,68.00,78.00,76.00,1.22,1.21,95634.00,107120.00,60.59,35.00,966342144,NO,57.24,57.40,51.00,57.64,52.81,,7291,0.99,69495.00,NO,NO,2008-06-27,1144050.00
962,BSOL,16.28,16.30,3881577.00,ETF,ETF,86.00,95.00,96.00,93.00,0.73,0.58,3355341.00,5128390.00,26.60,8.32,0,NO,15.17,12.96,12.49,13.37,11.72,,234,0.00,3881577.00,NO,NO,2026-09-18,8920000.00
963,QFRD,31.17,31.01,593.00,ETF,ETF,86.00,86.00,86.00,88.00,0.26,0.15,1146.00,2180.00,31.26,22.40,0,NO,30.08,29.54,,29.72,27.28,,181,0.00,593.00,NO,NO,2026-04-10,11400.00
964,HSTM,30.82,30.36,155942.00,Healthcare,Health Information Services,86.00,82.00,82.00,92.00,0.68,0.67,191336.00,191570.00,31.11,19.50,942965248,NO,29.31,28.97,24.55,29.14,25.62,,6659,1.05,155942.00,NO,NO,2011-06-24,2252800.00
965,BSVN,55.48,54.99,33943.00,Financial Services,Banks - Regional,86.00,87.00,85.00,88.00,1.32,1.28,44485.00,56210.00,57.68,38.29,528494496,NO,55.04,52.76,46.13,53.50,47.64,,2019,0.00,33943.00,NO,NO,2018-09-20,1405000.00
966,KNTK,52.53,51.01,1745020.00,Energy,Oil & Gas Midstream,86.00,42.00,87.00,65.00,1.60,1.57,1092503.00,1529660.00,56.92,31.33,8888069120,NO,53.08,52.55,46.82,52.79,49.52,,1981,0.00,1745020.00,NO,NO,2020-11-05,24032800.00
967,ACOM,23.99,23.86,34.00,ETF,ETF,86.00,72.00,93.00,,0.18,0.08,558.00,670.00,24.72,19.29,0,NO,24.15,23.23,,23.40,,,74,0.67,300.00,NO,NO,2026-06-17,249600.00
968,IBAT,42.00,40.62,10888.00,ETF,ETF,86.00,84.00,40.00,81.00,0.77,0.57,25211.00,12940.00,48.15,27.80,0,NO,40.57,40.19,38.25,40.63,40.70,,636,3.39,10888.00,NO,NO,2026-05-19,233500.00
969,RELY,21.77,21.48,4118492.00,Technology,Software - Infrastructure,86.00,2.00,15.00,89.00,0.91,0.87,3443630.00,4375770.00,27.48,12.08,4608361984,NO,22.12,23.84,19.51,23.99,21.53,,1262,0.00,4118492.00,NO,NO,2026-05-13,31142800.00
970,AIRT,29.80,29.86,17639.00,Industrials,Conglomerates,86.00,13.00,22.00,89.00,1.85,1.85,29425.00,78000.00,35.00,18.35,80355968,NO,29.92,30.06,24.24,30.27,25.50,,10694,0.00,17639.00,NO,NO,2004-07-06,15289650.00
971,MAKX,71.15,68.15,132.00,ETF,ETF,86.00,90.00,67.00,87.00,0.99,0.32,892.00,470.00,75.53,46.88,0,NO,66.10,66.92,61.71,67.76,64.81,,1256,1.16,1100.00,NO,NO,2026-05-01,19900.00
972,RAMP,37.65,37.70,1596570.00,Technology,Software - Infrastructure,86.00,63.00,62.00,90.00,0.20,0.19,1062820.00,1474340.00,38.23,21.71,2288931328,NO,37.65,37.71,32.29,37.70,34.51,,10784,0.00,1596570.00,NO,NO,2001-04-02,17869900.00
973,RSPG,110.51,110.05,65969.00,ETF,ETF,86.00,25.00,89.00,44.00,2.08,1.70,86084.00,86100.00,118.15,74.43,0,NO,112.60,110.88,101.47,111.33,106.29,,5006,0.00,65969.00,NO,NO,2020-04-30,1756600.00
974,VEGN,80.16,79.74,3225.00,ETF,ETF,86.00,85.00,67.00,90.00,0.84,0.61,5526.00,5280.00,82.36,54.62,0,NO,78.21,77.40,69.30,77.88,72.77,,1776,0.00,3225.00,NO,NO,2019-09-10,165900.00
975,GPRE,15.23,14.93,1014356.00,Basic Materials,Chemicals,86.00,67.00,40.00,10.00,0.48,0.47,1483874.00,1397140.00,19.65,8.93,1067551808,NO,15.08,15.44,14.81,15.36,15.92,,5171,0.00,1014356.00,NO,NO,2025-03-21,14644500.00
976,BRZU,105.77,100.20,55105.00,ETF,ETF,86.00,63.00,91.00,19.00,3.94,3.55,27311.00,23320.00,133.04,62.95,0,NO,103.16,97.05,100.29,97.81,100.19,,3392,1.69,55105.00,NO,NO,2020-04-24,1386000.00
977,PLTG,20.21,20.56,60042.00,ETF,ETF,86.00,95.00,98.00,82.00,1.07,1.06,222495.00,65280.00,44.95,7.54,0,NO,18.63,17.15,16.77,17.72,14.74,,362,0.00,60042.00,NO,NO,2026-08-04,1760200.00
978,BBY,87.97,87.70,2184871.00,Consumer Cyclical,Specialty Retail,86.00,75.00,89.00,89.00,2.72,2.61,3657620.00,3239930.00,96.53,55.10,18449745920,NO,90.87,87.61,72.95,87.54,75.54,,10445,0.00,2184871.00,NO,NO,1994-12-01,89680500.00
979,OSBC,24.95,24.63,721990.00,Financial Services,Banks - Regional,86.00,50.00,83.00,78.00,0.52,0.51,446044.00,543940.00,26.06,16.65,1269349120,NO,25.05,25.25,22.04,25.34,22.80,,8275,0.77,721990.00,NO,NO,2015-06-26,3125600.00
980,GEVX,18.61,18.60,147576.00,ETF,ETF,86.00,92.00,1.00,41.00,1.11,1.06,182376.00,145140.00,30.85,7.21,0,NO,17.14,18.23,18.50,18.37,20.67,,310,0.00,147576.00,NO,NO,2025-10-22,2438700.00
981,NBCM,31.02,31.12,88799.00,ETF,ETF,86.00,63.00,89.00,59.00,0.36,0.30,74011.00,106360.00,32.52,22.13,0,NO,31.43,30.34,27.72,30.46,29.03,,989,0.00,88799.00,NO,NO,2023-02-01,1474800.00
982,EET,110.73,107.79,3194.00,ETF,ETF,86.00,68.00,39.00,88.00,2.65,1.29,9557.00,7180.00,129.02,72.11,0,NO,110.82,108.25,101.75,109.85,105.67,,4360,2.52,3194.00,NO,NO,2019-02-25,247700.00
983,HELE,26.74,26.85,602842.00,Consumer Defensive,Household & Personal Products,86.00,19.00,42.00,95.00,1.27,1.24,438190.00,458320.00,30.68,13.85,622829696,NO,27.81,28.42,23.11,28.27,24.86,,12664,0.00,602842.00,NO,NO,1989-06-07,8791800.00
984,CTBI,76.21,75.25,98576.00,Financial Services,Banks - Regional,86.00,58.00,79.00,82.00,1.51,1.49,115879.00,147400.00,79.92,50.25,1384579712,NO,76.05,76.92,67.53,77.14,70.40,,9764,0.94,98576.00,NO,NO,2001-03-28,813454.00
985,SPHR,128.25,128.55,540956.00,Communication Services,Entertainment,86.00,12.00,9.00,38.00,5.99,5.89,658066.00,578270.00,181.63,57.01,4605920256,NO,140.20,148.10,129.00,147.13,140.16,,1629,0.00,540956.00,NO,NO,2023-12-05,9793100.00
986,DEXC,81.69,79.94,4504.00,ETF,ETF,86.00,80.00,64.00,84.00,1.29,0.78,22960.00,34180.00,86.67,55.88,0,NO,80.39,78.36,73.00,79.17,76.22,,471,0.00,4504.00,NO,NO,2024-11-14,688100.00
987,EQRR,85.44,85.08,8932.00,ETF,ETF,86.00,51.00,83.00,81.00,0.79,0.71,6922.00,11980.00,88.85,60.61,0,NO,85.88,85.50,75.82,85.87,79.28,,2311,0.22,8932.00,NO,NO,2026-06-10,470600.00
988,AXTC,25.01,22.85,5146.00,ETF,ETF,86.00,98.00,,,2.73,1.83,7011.00,5570.00,38.99,7.06,0,NO,18.25,18.90,,20.77,,,63,1.27,5146.00,NO,NO,2026-08-05,36400.00
989,CROX,118.09,119.24,1008894.00,Consumer Cyclical,Footwear & Accessories,86.00,78.00,25.00,90.00,4.67,4.34,1044971.00,1178190.00,141.28,73.21,5661833728,NO,118.50,124.45,106.47,123.72,114.01,,5195,0.00,1008894.00,NO,NO,2007-11-01,60485700.00
990,SAIL,20.43,20.58,6805943.00,Technology,Software - Infrastructure,86.00,92.00,94.00,93.00,1.12,1.12,4218769.00,5875260.00,24.00,10.30,11663724544,NO,19.89,18.89,16.06,19.04,15.61,,411,0.00,6805943.00,NO,NO,2025-02-13,43599000.00
991,KRYS,322.28,325.31,426103.00,Healthcare,Biotechnology,86.00,6.00,11.00,82.00,9.95,9.92,374619.00,314580.00,382.54,179.16,9539112960,NO,340.42,342.43,301.37,340.79,315.85,,2271,0.00,426103.00,NO,NO,2021-11-29,8480400.00
992,AEIS,304.28,294.11,426004.00,Industrials,Electrical Equipment & Parts,85.00,93.00,46.00,12.00,11.94,11.20,599887.00,540200.00,397.44,169.36,12186548224,NO,275.23,289.21,305.23,291.78,319.89,,7768,3.30,426004.00,NO,NO,2000-10-13,10704900.00
993,FISI,39.98,39.48,118708.00,Financial Services,Banks - Regional,85.00,51.00,74.00,82.00,0.81,0.78,146369.00,150590.00,42.97,25.61,787860288,NO,40.35,40.95,35.94,41.05,37.39,,6860,1.01,118708.00,NO,NO,2006-06-30,1357500.00
994,WSFS,78.03,76.62,341484.00,Financial Services,Banks - Regional,85.00,61.00,61.00,74.00,1.43,1.37,390423.00,394350.00,82.94,49.92,4009805568,NO,78.28,79.42,70.68,79.50,74.40,,10038,0.85,341484.00,NO,NO,2021-02-26,11161300.00
995,GARP,86.64,86.00,880340.00,ETF,ETF,85.00,85.00,83.00,88.00,1.14,0.95,369184.00,461640.00,87.14,61.25,0,NO,84.11,83.02,75.18,83.69,77.81,,1687,0.00,880340.00,NO,NO,2025-10-15,4546400.00
996,FIVE,221.19,221.17,624603.00,Consumer Cyclical,Specialty Retail,85.00,12.00,93.00,16.00,9.17,8.95,1119263.00,1149810.00,263.88,137.77,12177401856,NO,234.32,234.64,214.76,237.29,220.62,,3572,0.00,624603.00,NO,NO,2020-01-13,16786700.00
997,BPH,71.23,71.10,1085.00,ETF,ETF,85.00,83.00,92.00,24.00,1.36,0.84,866.00,1220.00,74.81,51.30,0,NO,70.64,68.53,64.74,68.77,67.79,,436,0.00,1085.00,NO,NO,2026-02-17,15200.00
998,TEC,35.56,35.05,1057.00,ETF,ETF,85.00,90.00,83.00,89.00,0.33,0.08,374.00,430.00,35.69,24.54,0,NO,33.94,33.30,30.39,33.63,31.48,,367,0.00,1057.00,NO,NO,2025-04-17,159900.00
999,VOYA,96.65,95.38,681674.00,Financial Services,Financial Conglomerates,85.00,23.00,62.00,91.00,2.73,2.73,1033501.00,1323590.00,105.64,64.50,8756137984,NO,99.45,99.95,84.26,100.57,88.54,,3376,0.24,681674.00,NO,NO,2013-05-02,32928800.00
1000,AIT,343.45,339.39,268208.00,Industrials,Industrial Distribution,85.00,88.00,79.00,85.00,7.69,7.69,282009.00,315280.00,374.80,238.34,12616257536,NO,327.31,337.63,303.37,337.89,315.85,,11732,0.00,268208.00,NO,NO,2024-03-15,7231300.00
1001,BNS,91.19,90.67,1007281.00,Financial Services,Banks - Diversified,85.00,50.00,79.00,86.00,1.48,1.44,2263869.00,1830830.00,95.74,62.98,110960590848,NO,92.91,90.93,80.53,91.41,83.12,,6120,0.42,1007281.00,NO,NO,2026-07-06,10265600.00
1002,EZPW,30.20,30.06,444546.00,Financial Services,Credit Services,85.00,16.00,10.00,62.00,1.21,1.18,929001.00,704780.00,37.13,16.50,1855590016,NO,31.18,30.81,28.54,31.02,30.92,,8838,0.00,444546.00,NO,NO,2006-10-13,12390000.00
1003,TKR,122.44,118.99,1133717.00,Industrials,Tools & Accessories,85.00,78.00,11.00,82.00,2.90,2.78,919122.00,1026350.00,146.37,70.57,8484705280,NO,118.10,124.80,114.62,124.69,121.84,,13518,1.67,1133717.00,NO,NO,2012-08-01,14754136.00
1004,IMO,125.68,124.53,416589.00,Energy,Oil & Gas Integrated,85.00,22.00,88.00,24.00,2.96,2.71,558887.00,607890.00,139.44,83.27,0,NO,127.51,129.56,119.78,129.34,125.78,,11732,0.00,416589.00,NO,NO,1990-12-03,39995100.00
1005,XCOM,27.69,26.42,20.00,ETF,ETF,85.00,87.00,96.00,,0.61,0.20,320.00,560.00,29.48,18.98,0,NO,27.79,25.44,,25.75,,,83,0.00,100.00,NO,NO,2026-06-03,10200.00
1006,MEIB,29.76,29.66,672.00,ETF,ETF,85.00,95.00,,,0.94,0.53,743.00,1710.00,32.92,22.66,0,NO,28.78,,,26.17,,,47,0.00,672.00,NO,NO,2026-09-24,7600.00
1007,ESCA,19.26,19.14,23335.00,Consumer Cyclical,Leisure,85.00,27.00,72.00,49.00,0.54,0.53,37596.00,29290.00,23.07,11.41,265134592,NO,19.58,20.18,17.61,20.24,19.02,,11732,0.00,23335.00,NO,NO,1990-12-04,2353590.00
1008,LXP,60.95,60.95,625214.00,Real Estate,REIT - Industrial,85.00,70.00,86.00,87.00,0.09,0.09,803638.00,955220.00,61.61,44.00,3593445376,NO,60.86,60.79,53.40,60.75,54.93,,8292,0.00,625214.00,NO,NO,2013-03-12,3436060.00
1009,XLEX,28.55,28.43,290.00,ETF,ETF,85.00,18.00,95.00,,0.77,0.40,2400.00,2910.00,31.31,20.75,0,NO,29.10,28.06,,28.23,,,85,0.00,290.00,NO,NO,2026-09-24,14700.00
1010,MSTR,160.01,160.50,27192681.00,Technology,Software - Application,85.00,96.00,97.00,88.00,9.89,8.53,21600247.00,24667060.00,365.21,81.81,63804116992,NO,147.70,123.61,135.99,127.92,131.63,,7122,0.00,27192681.00,YES,NO,2024-11-21,100444000.00
1011,ALAI,47.04,46.76,80006.00,ETF,ETF,85.00,87.00,79.00,90.00,0.70,0.61,71860.00,87770.00,47.46,30.84,0,NO,45.91,44.93,40.34,45.40,42.21,,625,0.58,80006.00,NO,NO,2025-09-19,766800.00
1012,INVN,25.55,25.63,4885.00,ETF,ETF,85.00,24.00,90.00,88.00,0.32,0.18,4849.00,1830.00,27.54,17.75,0,NO,25.87,25.74,21.81,25.90,22.31,,436,0.00,4885.00,NO,NO,2025-01-30,97200.00
1013,PAG,204.03,202.84,450598.00,Consumer Cyclical,Auto & Truck Dealerships,85.00,20.00,88.00,89.00,3.60,3.53,413415.00,474150.00,227.00,140.12,13397195776,NO,211.39,215.27,178.57,214.94,185.09,,7533,0.00,450598.00,NO,NO,2002-03-13,9297600.00
1014,BELFA,209.31,203.75,49580.00,Technology,Electronic Components,85.00,82.00,13.00,62.00,7.04,6.88,133007.00,76100.00,293.51,110.67,2662989824,NO,200.53,212.89,214.04,214.36,226.64,,10790,1.61,49580.00,NO,NO,1996-07-24,1593600.00
1015,EMM,45.18,44.42,59112.00,ETF,ETF,85.00,76.00,65.00,85.00,0.64,0.25,4587.00,1480.00,47.54,31.09,0,NO,44.87,43.70,40.52,44.14,42.17,,850,0.00,59112.00,NO,NO,2025-02-28,268200.00
1016,NVIB,29.14,28.71,1011.00,ETF,ETF,85.00,84.00,,,0.44,0.29,780.00,1240.00,29.31,24.15,0,NO,27.87,,,27.67,,,47,0.00,1011.00,NO,NO,2026-07-31,6100.00
1017,RBCAA,93.69,92.21,55764.00,Financial Services,Banks - Regional,85.00,45.00,74.00,86.00,1.68,1.63,108839.00,107240.00,102.22,63.97,1839621888,NO,94.54,95.93,81.20,96.11,85.36,,7094,1.45,55764.00,NO,NO,1998-07-22,1380329.00
1018,CBC,32.03,31.54,635827.00,Financial Services,Banks - Regional,85.00,60.00,64.00,87.00,0.76,0.75,1022433.00,2019490.00,33.82,22.50,7671349248,NO,31.92,32.33,27.70,32.45,29.18,,216,0.63,635827.00,NO,NO,2026-09-18,7571800.00
1019,UBR,34.77,32.97,1662.00,ETF,ETF,85.00,58.00,90.00,16.00,0.82,0.31,1804.00,770.00,43.88,20.79,0,NO,34.01,32.06,33.16,32.25,33.10,,4127,0.00,1662.00,NO,NO,2022-04-08,157500.00
1020,GEF,82.18,81.56,307707.00,Consumer Cyclical,Packaging & Containers,85.00,33.00,88.00,81.00,2.03,1.92,306579.00,439590.00,90.57,55.75,4671781888,NO,82.71,84.75,73.33,84.94,74.13,,7699,0.00,307707.00,NO,NO,2015-03-20,5750600.00
1021,IEX,232.99,229.85,619682.00,Industrials,Specialty Industrial Machinery,85.00,83.00,77.00,80.00,4.38,4.24,636814.00,717680.00,243.80,159.27,17175998464,NO,226.06,229.82,210.90,230.33,216.79,,9403,0.57,619682.00,NO,NO,2019-08-08,17655100.00
1022,GGTL,41.76,41.01,2189.00,ETF,ETF,85.00,91.00,79.00,88.00,0.45,0.05,2446.00,3550.00,41.79,29.94,0,NO,39.76,38.79,35.74,39.24,37.26,,1190,0.00,2189.00,NO,NO,2026-03-17,95700.00
1023,MATE,32.88,32.37,4375.00,ETF,ETF,85.00,86.00,85.00,83.00,0.48,0.39,13728.00,11040.00,33.75,22.68,0,NO,32.11,31.35,,31.63,29.83,,199,0.53,4375.00,NO,NO,2026-08-28,386600.00
1024,SNSR,50.28,49.13,4365.00,ETF,ETF,85.00,88.00,72.00,88.00,0.67,0.47,16060.00,10110.00,53.80,34.20,0,NO,48.21,47.76,43.98,48.27,46.21,,2525,1.62,4365.00,NO,NO,2023-02-01,973300.00
1025,ETHT,19.16,19.65,1635592.00,ETF,ETF,85.00,95.00,98.00,87.00,1.32,1.07,1793977.00,1462070.00,117.04,7.07,0,NO,18.37,15.01,18.01,15.61,13.98,,582,0.00,1635592.00,NO,NO,2026-06-05,5396900.00
1026,ENLT,66.58,65.30,171933.00,Utilities,Utilities - Renewable,85.00,6.00,3.00,21.00,2.79,1.69,189411.00,208500.00,108.65,30.95,9314827264,NO,72.23,78.30,75.73,77.64,82.31,,941,0.00,171933.00,NO,NO,2023-02-10,4633700.00
1027,PBFS,17.77,17.85,12900.00,Financial Services,Banks - Regional,85.00,51.00,79.00,84.00,0.42,0.41,12401.00,21260.00,19.91,12.64,429674176,NO,17.95,17.67,15.53,17.71,16.15,,1813,0.00,12900.00,NO,NO,2019-07-18,2281300.00
1028,PAGP,26.06,25.93,1943651.00,Energy,Oil & Gas Midstream,85.00,14.00,84.00,56.00,0.48,0.48,1606196.00,1748660.00,28.70,16.68,6071991296,NO,27.18,26.77,23.84,26.79,25.05,,3260,0.00,1943651.00,NO,NO,2013-10-16,19753200.00
1029,BITA,62.92,63.71,52828.00,ETF,ETF,85.00,88.00,93.00,,1.58,1.27,27082.00,31910.00,65.49,47.65,0,NO,61.46,57.38,,57.98,,,76,0.00,52828.00,NO,NO,2026-06-22,170600.00
1030,ABNB,162.43,160.47,3362539.00,Consumer Cyclical,Travel Services,85.00,8.00,86.00,86.00,5.34,5.10,4702012.00,6323620.00,193.45,110.81,97260748800,NO,164.31,169.68,143.49,172.86,148.82,,1459,0.00,3362539.00,NO,NO,2023-09-15,74788500.00
1031,FNWD,42.38,41.85,8031.00,Financial Services,Banks - Regional,85.00,49.00,90.00,79.00,0.75,0.67,16565.00,11590.00,45.90,30.05,183543248,NO,42.70,43.56,37.45,43.64,37.86,,7137,0.00,8031.00,NO,NO,2025-06-27,418100.00
1032,BIIB,219.88,222.82,774024.00,Healthcare,Drug Manufacturers - General,85.00,57.00,81.00,82.00,5.09,5.05,1088173.00,1396390.00,230.49,138.00,32488151040,NO,220.55,215.30,195.19,215.70,200.35,,8824,0.00,774024.00,NO,NO,2005-02-28,117940000.00
1033,DARP,59.57,58.79,6279.00,ETF,ETF,85.00,84.00,75.00,82.00,0.63,0.41,8661.00,8760.00,61.76,39.02,0,NO,57.74,57.19,53.52,57.79,55.58,,1202,1.05,6279.00,NO,NO,2023-10-05,484100.00
1034,COPA,53.06,51.77,2024.00,ETF,ETF,85.00,28.00,85.00,79.00,1.22,0.64,2606.00,1640.00,59.56,35.16,0,NO,54.32,53.75,49.46,54.23,49.84,,508,0.00,2024.00,NO,NO,2026-02-05,43700.00
1035,RSST,35.80,35.38,132142.00,ETF,ETF,85.00,85.00,85.00,82.00,0.43,0.42,127677.00,150480.00,36.08,25.86,0,NO,35.06,34.10,31.74,34.33,32.52,,772,0.00,132142.00,NO,NO,2025-06-12,1014600.00
1036,HELX,43.79,43.53,3777.00,ETF,ETF,85.00,81.00,82.00,86.00,0.55,0.22,4276.00,15200.00,44.89,31.24,0,NO,42.88,41.81,37.05,41.96,37.47,,1659,0.37,3777.00,NO,NO,2021-10-04,147500.00
1037,PATN,36.62,35.84,226638.00,ETF,ETF,85.00,82.00,56.00,85.00,0.56,0.46,129642.00,160730.00,38.85,25.71,0,NO,35.80,35.49,32.76,35.80,34.15,,513,1.00,226638.00,NO,NO,2026-07-30,721700.00
1038,TNET,63.24,64.86,322238.00,Industrials,Staffing & Employment Services,85.00,21.00,90.00,94.00,2.04,1.93,359787.00,333400.00,73.08,33.61,2903015680,NO,66.10,67.52,52.57,67.45,52.52,,3149,0.00,322238.00,NO,NO,2014-03-27,14207100.00
1039,LSBK,18.38,18.14,14552.00,Financial Services,Banks - Regional,85.00,87.00,84.00,77.00,0.59,0.58,17971.00,40650.00,19.09,12.50,144352624,NO,18.13,17.56,16.18,17.58,16.60,,5156,0.00,14552.00,NO,NO,2025-07-23,390800.00
1040,QQQU,63.51,61.66,32545.00,ETF,ETF,85.00,91.00,91.00,92.00,1.82,1.47,34066.00,28020.00,66.97,38.42,0,NO,60.92,57.54,54.21,58.69,54.60,,646,2.35,32545.00,NO,NO,2025-11-24,567800.00
1041,DAT,51.76,51.87,831.00,ETF,ETF,85.00,85.00,90.00,92.00,0.74,0.26,1819.00,510.00,52.58,31.88,0,NO,50.07,49.04,42.17,49.53,42.68,,1257,0.00,831.00,NO,NO,2024-04-29,72000.00
1042,ARXS,50.03,47.52,2105703.00,Industrials,Aerospace & Defense,85.00,50.00,83.00,,2.47,2.37,835398.00,1538830.00,61.50,33.15,21554241536,NO,50.66,52.35,,53.55,,,118,4.10,2105703.00,NO,NO,2026-04-16,19256400.00
1043,VAL,78.39,79.56,776076.00,Energy,Oil & Gas Drilling,85.00,4.00,82.00,5.00,2.96,2.90,1089066.00,1216140.00,114.12,46.70,5443073024,NO,82.54,82.98,82.23,83.13,87.80,,1362,0.00,776076.00,NO,NO,2026-02-09,15805400.00
1044,EMCS,47.28,46.80,1957.00,ETF,ETF,85.00,81.00,75.00,85.00,0.64,0.39,63425.00,59950.00,49.45,33.31,0,NO,46.92,45.61,42.23,46.08,43.80,,1966,0.00,1957.00,NO,NO,2025-07-30,7535500.00
1045,DGRE,41.15,40.47,11678.00,ETF,ETF,85.00,74.00,70.00,82.00,0.75,0.55,9561.00,12340.00,43.24,28.47,0,NO,41.05,40.19,37.15,40.54,38.59,,3313,0.00,11678.00,NO,NO,2026-01-21,1249400.00
1046,TS,55.99,55.65,984450.00,Energy,Oil & Gas Equipment & Services,85.00,67.00,78.00,24.00,1.17,1.01,1271773.00,1167130.00,64.60,33.65,28264865792,NO,56.13,55.35,54.27,55.21,57.63,,5987,0.00,984450.00,NO,NO,2008-11-25,14645400.00
1047,BBP,102.50,103.20,18713.00,ETF,ETF,85.00,19.00,75.00,81.00,2.17,1.92,11260.00,17470.00,110.05,70.27,0,NO,104.63,103.32,90.19,103.17,93.13,,2965,0.00,18713.00,NO,NO,2016-11-09,252400.00
1048,STXL,30.36,38.28,3230442.00,ETF,ETF,85.00,84.00,5.00,,3.90,3.27,166117.00,87800.00,70.41,18.20,0,NO,32.99,32.85,,33.21,,,113,0.00,3230442.00,NO,YES,2026-10-02,3230442.00
1049,MAGX,63.07,61.12,42608.00,ETF,ETF,85.00,91.00,91.00,91.00,1.96,1.65,55626.00,46490.00,64.60,38.72,0,NO,60.38,57.10,54.29,58.20,54.41,,651,2.26,42608.00,NO,NO,2025-08-27,735900.00
1050,QQUP,65.70,63.64,6724.00,ETF,ETF,85.00,83.00,89.00,91.00,1.43,0.68,2593.00,3520.00,70.28,40.09,0,NO,63.68,62.47,57.64,63.61,59.13,,329,3.15,6724.00,NO,NO,2025-12-02,147400.00
1051,TRNS,90.39,90.18,101188.00,Industrials,Specialty Business Services,85.00,86.00,50.00,76.00,3.47,3.26,126511.00,150950.00,100.00,50.23,846033472,NO,86.14,88.19,79.16,88.44,83.70,,12308,0.00,101188.00,NO,NO,1998-02-18,1505600.00
1052,SVXY,64.11,63.43,911696.00,ETF,ETF,85.00,77.00,87.00,90.00,0.87,0.77,1238165.00,969650.00,64.60,43.29,0,NO,63.35,61.43,54.96,62.05,55.44,,3771,0.77,911696.00,NO,NO,2020-03-20,43683400.00
1053,AFOS,45.49,45.32,8973.00,ETF,ETF,85.00,67.00,58.00,81.00,0.56,0.44,14536.00,10760.00,48.00,30.49,0,NO,45.30,45.33,41.45,45.60,43.20,,320,0.00,8973.00,NO,NO,2026-09-01,91900.00
1054,PKBK,32.87,32.68,37056.00,Financial Services,Banks - Regional,85.00,38.00,55.00,72.00,0.78,0.78,48185.00,44270.00,35.70,19.71,386599520,NO,33.90,34.05,30.38,34.16,31.88,,5858,0.03,37056.00,NO,NO,2021-06-25,1445800.00
1055,WEBL,29.22,28.52,29910.00,ETF,ETF,85.00,81.00,92.00,94.00,1.34,1.16,130555.00,62960.00,34.52,14.90,0,NO,28.90,28.29,24.38,28.83,24.71,,1734,0.00,29910.00,NO,NO,2022-12-13,8069100.00
1056,EMDM,42.25,41.58,7353.00,ETF,ETF,85.00,65.00,52.00,78.00,0.67,0.38,12373.00,9710.00,45.03,27.97,0,NO,42.60,41.66,38.92,42.03,40.49,,900,0.97,7353.00,NO,NO,2026-07-20,112300.00
1057,AOTG,68.39,67.93,14569.00,ETF,ETF,85.00,86.00,81.00,90.00,1.02,0.65,3876.00,3470.00,69.30,45.21,0,NO,66.82,64.78,58.33,65.55,60.32,,1070,0.00,14569.00,NO,NO,2022-06-29,624900.00
1058,CNO,53.86,53.08,699338.00,Financial Services,Insurance - Life,85.00,46.00,72.00,86.00,1.18,1.15,863888.00,1208800.00,57.59,38.22,4983200768,NO,54.55,54.56,47.38,54.92,49.42,,5803,0.13,699338.00,NO,NO,2009-10-14,40573100.00
1059,KIDS,22.16,21.69,150271.00,Healthcare,Medical Devices,85.00,44.00,84.00,89.00,0.82,0.81,203585.00,156810.00,26.74,14.42,578592896,NO,22.32,22.76,18.95,22.81,19.43,,2254,0.88,150271.00,NO,NO,2020-12-02,1051400.00
1060,FNRN,17.78,17.64,166807.00,Financial Services,Banks - Regional,85.00,85.00,59.00,66.00,0.39,0.38,116506.00,116350.00,19.25,11.88,291508512,NO,17.29,17.49,15.95,17.40,17.04,,6979,0.62,166807.00,NO,NO,2026-06-26,2154100.00
1061,ING,34.78,34.25,2993964.00,Financial Services,Banks - Diversified,85.00,30.00,81.00,86.00,0.70,0.53,2107769.00,2334530.00,37.52,23.64,98996871168,NO,36.36,35.60,30.79,35.86,31.58,,8149,0.20,2993964.00,NO,NO,2017-04-19,33581500.00
1062,USMD,32.79,32.50,16.00,ETF,ETF,85.00,86.00,75.00,89.00,0.36,0.07,192.00,150.00,33.65,23.22,0,NO,31.79,31.21,,31.58,29.85,,163,0.00,100.00,NO,NO,2026-08-05,5000.00
1063,SONO,17.70,17.75,2525664.00,Technology,Consumer Electronics,85.00,91.00,94.00,86.00,0.66,0.62,1919311.00,2547720.00,19.82,12.44,2093803520,NO,16.40,15.98,15.28,15.96,14.90,,2053,0.00,2525664.00,NO,NO,2020-11-19,44783200.00
1064,PRE,20.17,21.95,311504.00,Consumer Defensive,Packaged Foods,85.00,1.00,90.00,42.00,1.43,1.40,228520.00,141120.00,27.24,11.37,338439616,NO,23.34,21.77,19.28,21.89,19.75,,1310,0.00,311504.00,NO,NO,2023-01-10,2866573.00
1065,OBT,37.73,37.19,62513.00,Financial Services,Banks - Regional,85.00,66.00,61.00,72.00,1.03,1.02,54469.00,70240.00,40.10,23.25,505882432,NO,37.89,38.14,34.60,38.32,36.02,,5778,0.81,62513.00,NO,NO,2023-06-23,1200800.00
1066,ENS,196.30,189.59,566047.00,Industrials,Electrical Equipment & Parts,85.00,90.00,20.00,61.00,4.91,4.47,515395.00,629830.00,244.30,108.88,7079603712,NO,179.45,185.30,189.60,187.11,199.52,,5579,1.75,566047.00,NO,NO,2016-08-25,6830000.00
1067,RHI,36.12,37.79,1662303.00,Industrials,Staffing & Employment Services,85.00,3.00,85.00,91.00,1.39,1.34,2129131.00,1678310.00,46.70,21.83,3697308928,NO,37.65,40.36,31.29,40.45,32.80,,11732,0.00,1662303.00,NO,NO,2024-06-21,29354100.00
1068,DGX,233.33,231.09,1099433.00,Healthcare,Diagnostics & Research,84.00,40.00,86.00,75.00,5.80,5.22,1018120.00,1300310.00,248.84,171.18,25753415680,NO,237.64,237.79,206.08,238.12,212.64,,7495,0.00,1099433.00,NO,NO,2002-12-11,31680200.00
1069,ASH,69.52,68.61,501057.00,Basic Materials,Specialty Chemicals,84.00,20.00,78.00,85.00,1.62,1.61,676698.00,692910.00,78.25,47.12,3183554816,NO,69.83,71.69,62.59,72.13,63.28,,11732,0.82,501057.00,NO,NO,2008-11-13,24210158.00
1070,SI,19.01,18.75,144352.00,Health technology,Medical specialties,84.00,14.00,14.00,86.00,1.02,1.01,116242.00,176830.00,24.59,10.92,395768352,NO,18.38,20.27,16.60,20.03,17.67,,296,0.75,144352.00,NO,NO,2025-07-31,1978200.00
1071,CLH,318.51,312.51,424054.00,Industrials,Waste Management,84.00,74.00,84.00,53.00,5.71,5.66,432244.00,401400.00,335.94,201.34,16813266944,NO,315.90,314.84,290.89,315.70,301.82,,9787,0.35,424054.00,NO,NO,2003-11-14,10000200.00
1072,ESP,63.23,62.26,52389.00,Industrials,Electrical Equipment & Parts,84.00,78.00,42.00,63.00,2.78,2.72,45614.00,53400.00,74.77,36.00,181358560,NO,63.62,62.62,59.23,63.34,62.05,,11732,1.04,52389.00,NO,NO,2026-06-26,319000.00
1073,VPX,31.57,31.34,5830.00,ETF,ETF,84.00,77.00,82.00,86.00,0.29,0.21,15868.00,16750.00,31.76,23.40,0,NO,31.27,30.94,,31.12,28.67,,142,0.00,5830.00,NO,NO,2026-09-17,135100.00
1074,SKE,29.94,29.82,568557.00,Basic Materials,Other Industrial Metals & Mining,84.00,23.00,82.00,26.00,1.40,1.18,546236.00,533930.00,38.77,15.43,3756353536,NO,31.27,31.38,30.00,31.89,30.08,,6205,0.00,568557.00,NO,NO,2026-06-18,6109800.00
1075,ISSB,24.11,23.88,756.00,ETF,ETF,84.00,90.00,96.00,87.00,0.70,0.30,1263.00,1280.00,25.97,15.45,0,NO,22.78,20.53,,21.05,19.99,,177,0.00,756.00,NO,NO,2026-05-28,18600.00
1076,AMOM,62.79,62.07,6502.00,ETF,ETF,84.00,90.00,80.00,86.00,0.74,0.47,5234.00,4590.00,64.44,45.29,0,NO,60.15,58.70,55.05,59.25,56.95,,1853,0.00,6502.00,NO,NO,2021-04-14,278800.00
1077,FXN,22.50,22.38,383931.00,ETF,ETF,84.00,17.00,88.00,41.00,0.49,0.42,445155.00,546520.00,24.47,15.18,0,NO,23.12,22.87,20.87,22.96,21.92,,4881,0.00,383931.00,NO,NO,2023-02-10,87969500.00
1078,PYPU,30.12,30.56,7857.00,ETF,ETF,84.00,11.00,93.00,70.00,1.30,1.08,7715.00,9430.00,44.63,19.84,0,NO,31.13,36.08,,35.54,,,133,0.00,7857.00,NO,NO,2026-07-15,66100.00
1079,BST,51.33,51.13,135251.00,Financial Services,Asset Management,84.00,79.00,80.00,89.00,1.28,1.02,95274.00,133610.00,52.32,34.87,1782178688,NO,49.51,49.00,44.14,49.49,45.77,,2999,0.00,135251.00,NO,NO,2014-10-29,950673.00
1080,RNIN,35.85,36.04,4317.00,ETF,ETF,84.00,19.00,84.00,80.00,0.45,0.36,24907.00,28050.00,38.96,26.10,0,NO,36.69,36.92,31.84,37.05,33.20,,347,0.00,4317.00,NO,NO,2025-05-19,159000.00
1081,UFOX,88.11,85.85,23567.00,ETF,ETF,84.00,91.00,48.00,81.00,1.52,1.10,28844.00,13750.00,106.59,59.50,0,NO,84.25,83.38,79.25,84.20,84.54,,1907,1.25,23567.00,NO,NO,2020-09-09,1203700.00
1082,WDS,21.79,21.80,664798.00,Energy,Oil & Gas E&P,84.00,13.00,88.00,11.00,0.53,0.39,631006.00,624830.00,25.19,14.27,0,NO,22.83,23.02,21.10,22.99,22.48,,7515,0.00,664798.00,NO,NO,2026-06-12,6934900.00
1083,TEKY,47.66,46.85,18.00,ETF,ETF,84.00,92.00,77.00,90.00,0.46,0.09,388.00,390.00,47.66,32.22,0,NO,44.98,44.31,40.91,44.78,42.49,,375,0.00,18.00,NO,NO,2025-06-06,31100.00
1084,KEX,137.87,133.46,503445.00,Industrials,Marine Shipping,84.00,46.00,77.00,40.00,3.58,3.58,508420.00,512130.00,157.69,79.52,7279535616,NO,135.50,136.80,134.60,136.53,139.04,,11732,0.34,503445.00,NO,NO,2009-09-08,7200100.00
1085,DNOW,15.76,15.28,1885651.00,Industrials,Industrial Distribution,84.00,64.00,93.00,86.00,0.45,0.44,2349657.00,2105210.00,17.26,10.94,2849185536,NO,15.77,15.57,13.87,15.77,13.86,,3112,0.52,1885651.00,NO,NO,2014-05-30,20871300.00
1086,WLYB,49.53,48.93,1120.00,Communication Services,Publishing,84.00,20.00,20.00,85.00,0.72,0.31,2612.00,8177.00,55.51,29.62,2510628352,NO,48.17,50.89,41.68,50.56,45.35,,11102,0.88,1120.00,NO,NO,1986-09-23,923200.00
1087,YANG,34.37,32.28,971729.00,ETF,ETF,84.00,95.00,19.00,69.00,1.29,0.72,699228.00,593100.00,42.22,19.94,0,NO,31.23,29.40,28.40,29.59,30.51,,4233,5.82,971729.00,NO,NO,2025-10-10,18624300.00
1088,HVT,27.50,27.42,111529.00,Consumer Cyclical,Home Improvement Retail,84.00,56.00,86.00,87.00,0.62,0.59,124541.00,145960.00,29.83,19.89,428824704,NO,27.65,27.52,24.68,27.62,24.54,,11732,0.00,111529.00,NO,NO,2024-09-20,4960800.00
1089,EMSF,39.89,39.42,283.00,ETF,ETF,84.00,76.00,42.00,85.00,0.53,0.27,3339.00,3340.00,48.05,26.75,0,NO,39.41,38.97,36.03,39.27,37.96,,760,0.75,283.00,NO,NO,2023-12-08,192500.00
1090,PWB,165.88,163.93,79769.00,ETF,ETF,84.00,89.00,74.00,86.00,2.41,1.93,109209.00,119610.00,169.01,118.50,0,NO,159.06,157.43,146.49,158.62,152.12,,5431,1.15,79769.00,NO,NO,2007-07-17,7757800.00
1091,DVN,47.65,47.16,7906155.00,Energy,Oil & Gas E&P,84.00,44.00,91.00,23.00,1.53,1.35,11387561.00,14241170.00,52.71,31.47,52415000576,NO,48.26,46.93,44.60,47.20,46.38,,10380,0.00,7906155.00,NO,NO,2016-02-18,97177500.00
1092,AAPL,333.69,330.32,31878433.00,Technology,Consumer Electronics,84.00,80.00,83.00,86.00,6.50,6.20,46211098.00,40622490.00,345.34,243.42,4869931925504,NO,331.89,322.42,289.16,322.04,299.68,,11544,0.87,31878433.00,YES,NO,2000-09-29,7421640800.00
1093,EEMO,23.26,22.61,21492.00,ETF,ETF,84.00,85.00,55.00,89.00,0.44,0.25,57690.00,207990.00,26.17,16.24,0,NO,22.62,21.83,20.47,22.16,21.36,,3673,2.03,21492.00,NO,NO,2018-04-03,21029600.00
1094,HYPG,30.71,31.09,224401.00,ETF,ETF,84.00,88.00,92.00,,1.62,1.22,99571.00,67400.00,34.33,18.47,0,NO,30.67,26.17,,26.68,,,85,0.00,224401.00,NO,NO,2026-08-19,527900.00
1095,CASS,54.06,53.70,59307.00,Industrials,Specialty Business Services,84.00,33.00,76.00,80.00,1.02,0.99,80385.00,95250.00,59.63,36.07,692300416,NO,54.75,55.96,48.67,55.93,50.71,,7612,0.63,59307.00,NO,NO,2021-06-25,857800.00
1096,CRM,234.69,236.69,7840153.00,Technology,Software - Application,84.00,12.00,96.00,83.00,7.92,7.26,13711898.00,12297610.00,269.11,146.32,193149878272,NO,241.13,220.06,200.51,225.17,192.25,,5606,0.00,7840153.00,NO,NO,2008-09-12,87332400.00
1097,IVZ,30.66,30.42,3872225.00,Financial Services,Asset Management,84.00,38.00,87.00,84.00,0.88,0.82,4519433.00,5325650.00,33.66,20.67,13536382976,NO,31.07,31.40,27.82,31.61,28.19,,7827,0.00,3872225.00,NO,NO,2008-08-20,70829500.00
1098,SPRX,51.08,49.71,66332.00,ETF,ETF,84.00,95.00,51.00,89.00,1.56,1.21,78371.00,31730.00,59.10,32.75,0,NO,46.71,45.92,44.65,46.72,46.56,,1297,1.41,66332.00,NO,NO,2026-02-04,753100.00
1099,GMAB,34.75,34.55,5436340.00,Healthcare,Biotechnology,84.00,77.00,93.00,84.00,0.89,0.88,2488463.00,3334790.00,35.91,23.62,21686034432,NO,34.30,32.67,29.63,32.96,28.91,,4363,0.00,5436340.00,NO,NO,2026-10-01,6377000.00
1100,DXYZ,32.80,31.24,1085823.00,Financial Services,Asset Management,84.00,69.00,94.00,70.00,1.14,1.05,1050552.00,778300.00,72.87,19.71,999273728,NO,31.25,30.10,31.76,30.95,32.82,,633,1.92,1085823.00,NO,NO,2024-11-11,20218900.00
1101,GRMN,281.16,282.46,830704.00,Technology,Scientific & Technical Instruments,84.00,78.00,90.00,75.00,7.41,7.39,903423.00,920790.00,314.28,186.67,54222422016,NO,282.10,287.89,246.32,290.40,257.38,,6491,0.00,830704.00,NO,NO,2006-08-02,31320800.00
1102,INOD,70.07,71.85,1363977.00,Technology,Information Technology Services,84.00,96.00,34.00,95.00,5.09,5.05,1346338.00,2336240.00,125.14,34.23,2409192448,NO,61.87,61.07,61.38,61.51,65.09,,8344,0.00,1363977.00,NO,NO,2026-05-08,19182400.00
1103,RSSY,26.61,26.51,29733.00,ETF,ETF,84.00,78.00,79.00,74.00,0.21,0.20,25431.00,28790.00,26.61,18.89,0,NO,26.25,25.84,23.55,25.91,24.93,,589,0.26,29733.00,NO,NO,2024-05-29,5044300.00
1104,TERC,25.43,23.76,45.00,ETF,ETF,84.00,96.00,,,1.34,0.26,651.00,420.00,30.95,14.89,0,NO,20.71,21.65,,22.31,,,61,0.00,200.00,NO,NO,2026-07-07,12400.00
1105,ROST,228.54,234.10,2300201.00,Consumer Cyclical,Apparel Retail,84.00,59.00,84.00,45.00,4.97,4.79,2331836.00,2000200.00,257.00,147.49,73311305728,NO,230.77,237.77,217.87,237.19,228.52,,10367,0.00,2300201.00,NO,NO,1986-11-28,132160000.00
1106,DVQQ,33.85,33.36,1937.00,ETF,ETF,84.00,90.00,84.00,88.00,0.46,0.19,1638.00,1670.00,33.91,23.73,0,NO,32.30,31.60,29.34,31.90,30.19,,444,0.00,1937.00,NO,NO,2026-02-06,96100.00
1107,GEV,988.70,987.45,2129488.00,Industrials,Specialty Industrial Machinery,84.00,88.00,10.00,60.00,32.43,31.02,2389058.00,2142700.00,1195.94,530.16,263324024832,NO,944.66,965.04,917.50,969.85,990.51,,632,0.00,2129488.00,NO,NO,2024-04-02,18246100.00
1108,CNAV,41.97,41.78,6190.00,ETF,ETF,84.00,90.00,35.00,86.00,0.38,0.25,7371.00,10430.00,48.17,28.72,0,NO,40.49,39.57,37.22,39.81,39.11,,503,0.30,6190.00,NO,NO,2024-10-01,1193900.00
1109,EMR,161.61,158.57,2888938.00,Industrials,Specialty Industrial Machinery,84.00,89.00,89.00,81.00,3.80,3.51,2562631.00,2722270.00,166.35,122.64,90517757952,NO,153.06,154.65,144.62,155.85,144.67,,13698,1.90,2888938.00,NO,NO,2001-07-11,24822800.00
1110,RGA,249.41,244.62,342306.00,Financial Services,Insurance - Reinsurance,84.00,58.00,88.00,80.00,5.18,5.15,348422.00,401020.00,257.81,178.21,16286887936,NO,247.83,245.23,218.91,246.70,223.80,,4542,0.00,342306.00,NO,NO,2008-09-12,5543600.00
1111,FLYW,17.58,17.56,1273457.00,Technology,Software - Infrastructure,84.00,19.00,35.00,92.00,0.52,0.52,1763796.00,1640610.00,19.73,10.55,2138917632,NO,17.58,17.80,15.10,17.97,15.94,,1345,0.00,1273457.00,NO,NO,2025-02-26,25422300.00
1112,SEIC,102.43,103.87,619144.00,Financial Services,Asset Management,84.00,21.00,84.00,87.00,2.36,2.35,765076.00,1083100.00,112.15,75.08,12293565440,NO,105.37,106.09,90.99,106.58,93.77,,11474,0.00,619144.00,NO,NO,1995-07-03,26980800.00
1113,PEMX,87.74,86.01,1380.00,ETF,ETF,84.00,80.00,44.00,83.00,1.05,0.32,1228.00,1050.00,95.20,62.14,0,NO,86.60,84.96,79.30,85.81,82.82,,839,1.60,1380.00,NO,NO,2026-06-12,130000.00
1114,FDBC,55.31,54.18,8486.00,Financial Services,Banks - Regional,84.00,80.00,83.00,84.00,1.59,1.39,11387.00,13050.00,56.90,39.87,321297600,NO,54.88,54.23,48.23,54.59,49.68,,6912,1.33,8486.00,NO,NO,2023-06-23,543900.00
1115,LXFR,17.27,17.24,208735.00,Industrials,Specialty Industrial Machinery,84.00,70.00,56.00,91.00,0.06,0.06,355025.00,341190.00,19.45,11.26,466172640,NO,17.25,17.17,15.49,17.18,15.95,,3519,0.00,208735.00,NO,NO,2019-06-28,3804500.00
1116,PPIH,31.86,31.32,51448.00,Industrials,Building Products & Equipment,84.00,94.00,93.00,44.00,0.88,0.86,82222.00,79960.00,36.72,22.13,261098400,NO,30.47,27.90,29.74,28.51,29.10,,9266,1.25,51448.00,NO,NO,2026-06-26,1032900.00
1117,SOLV,87.85,87.77,878618.00,Healthcare,Medical Instruments & Supplies,84.00,30.00,89.00,89.00,1.78,1.77,1029184.00,867660.00,94.16,62.38,14954153984,NO,88.93,88.13,77.95,88.30,78.06,,633,0.00,878618.00,NO,NO,2024-04-01,14094900.00
1118,EVLU,41.69,41.38,1020.00,ETF,ETF,84.00,47.00,69.00,83.00,0.44,0.24,4088.00,3240.00,43.97,29.65,0,NO,41.90,41.49,38.00,41.73,39.47,,520,0.00,1020.00,NO,NO,2026-02-26,32700.00
1119,TPC,86.73,83.26,420447.00,Industrials,Engineering & Construction,84.00,57.00,85.00,64.00,2.62,2.52,659874.00,476620.00,102.30,57.90,4563273216,NO,85.58,88.01,80.40,89.28,81.97,,13468,1.14,420447.00,NO,NO,2026-07-23,8217300.00
1120,AXGN,37.39,39.92,3061429.00,Healthcare,Medical Devices,84.00,1.00,6.00,56.00,1.99,1.99,1165496.00,1190430.00,52.91,15.27,2193727744,NO,43.77,45.76,38.94,45.47,41.38,,10024,0.00,3061429.00,NO,NO,2025-07-29,5556000.00
1121,AGIQ,27.07,26.74,7011.00,ETF,ETF,84.00,88.00,87.00,88.00,0.40,0.32,4777.00,5070.00,27.18,19.37,0,NO,26.21,25.40,23.34,25.66,23.67,,273,0.76,7011.00,NO,NO,2025-09-05,49800.00
1122,INGM,28.50,27.79,1509318.00,Technology,Information Technology Services,84.00,81.00,85.00,70.00,0.98,0.94,1509479.00,2369450.00,31.69,19.03,6556051456,NO,27.09,27.92,25.79,27.99,27.39,,486,1.15,1509318.00,NO,NO,2026-05-06,10011700.00
1123,LITU,26.16,24.45,52297.00,ETF,ETF,84.00,97.00,97.00,,2.40,2.23,123152.00,75130.00,34.10,9.53,0,NO,20.27,18.69,,19.63,,,93,1.88,52297.00,NO,NO,2026-08-10,278000.00
1124,PSCE,59.10,58.79,9583.00,ETF,ETF,84.00,14.00,87.00,29.00,1.06,0.92,19346.00,11170.00,65.26,40.53,0,NO,60.93,60.42,56.78,60.85,59.59,,4149,0.00,9583.00,NO,NO,2023-04-03,1647680.00
1125,AMGN,403.04,407.27,3503505.00,Healthcare,Drug Manufacturers - General,84.00,12.00,86.00,71.00,9.62,9.21,2704103.00,3497940.00,447.03,288.00,217896321024,NO,399.21,409.48,364.54,410.10,370.23,,10909,0.00,3503505.00,NO,NO,1998-12-21,309017200.00
1126,SEZL,107.41,109.72,650700.00,Financial Services,Credit Services,84.00,7.00,0.00,94.00,5.29,5.26,622852.00,585840.00,195.71,49.50,3617033472,NO,113.85,126.78,103.08,121.98,115.73,,767,0.00,650700.00,NO,NO,2023-09-19,10405200.00
1127,MRAX,31.62,30.81,973.00,ETF,ETF,84.00,97.00,,,2.34,1.79,6602.00,4040.00,41.00,18.09,0,NO,25.91,,,,,,38,0.00,973.00,NO,NO,2026-08-25,30500.00
1128,CLW,19.81,19.45,95763.00,Basic Materials,Paper & Paper Products,84.00,25.00,93.00,88.00,0.89,0.88,171480.00,138670.00,23.59,11.73,319441248,NO,20.45,20.90,17.12,21.05,17.05,,4483,1.54,95763.00,NO,NO,2024-11-01,4138000.00
1129,WASH,38.46,37.78,79569.00,Financial Services,Banks - Regional,84.00,47.00,82.00,68.00,0.85,0.82,142438.00,126580.00,40.54,25.23,733598336,NO,39.09,39.27,34.82,39.41,35.82,,9906,0.95,79569.00,NO,NO,2024-12-13,1366400.00
1130,BP,44.79,44.50,7555951.00,Energy,Oil & Gas Integrated,84.00,78.00,92.00,20.00,1.13,1.01,8744276.00,9771510.00,48.27,32.72,115349585920,NO,44.77,43.81,41.61,43.97,43.43,,16297,0.00,7555951.00,NO,NO,2010-06-09,240808500.00
1131,SHBI,23.00,22.70,201333.00,Financial Services,Banks - Regional,84.00,63.00,63.00,80.00,0.44,0.43,198680.00,240040.00,24.89,14.93,767562368,NO,23.09,23.45,20.68,23.51,21.56,,6409,1.15,201333.00,NO,NO,2022-06-24,2799100.00
1132,BCTK,31.80,31.24,18407.00,ETF,ETF,84.00,90.00,70.00,88.00,0.49,0.34,49644.00,54890.00,32.62,22.06,0,NO,30.44,29.93,27.69,30.28,28.79,,201,0.00,18407.00,NO,NO,2026-08-05,1556600.00
1133,ICOP,54.11,52.54,41670.00,ETF,ETF,84.00,27.00,84.00,63.00,1.43,1.13,110542.00,74320.00,60.93,36.08,0,NO,54.91,54.90,51.58,55.30,51.91,,822,1.14,41670.00,NO,NO,2026-01-29,1544100.00
1134,QTOP,39.78,39.30,216947.00,ETF,ETF,84.00,89.00,81.00,86.00,0.56,0.44,135990.00,192700.00,40.08,28.71,0,NO,38.40,37.50,34.94,37.82,36.19,,486,0.00,216947.00,NO,NO,2026-05-28,1144100.00
1135,OXY,58.08,57.84,8872692.00,Energy,Oil & Gas E&P,84.00,29.00,91.00,13.00,1.65,1.40,8685974.00,10179490.00,67.45,38.80,58058940416,NO,58.78,58.38,54.02,58.70,57.29,,11279,0.00,8872692.00,NO,NO,2022-03-09,134669000.00
1136,SPSC,82.35,84.20,465740.00,Technology,Software - Application,84.00,62.00,95.00,92.00,2.64,2.61,544836.00,475300.00,114.87,49.04,2964614400,NO,81.33,78.50,68.65,80.12,64.68,,4138,0.00,465740.00,NO,NO,2016-09-22,4884400.00
1137,KRNT,17.49,16.87,418285.00,Industrials,Specialty Industrial Machinery,84.00,89.00,89.00,76.00,0.55,0.55,283274.00,405320.00,19.78,11.93,751484736,NO,15.87,16.26,15.45,16.49,15.79,,2893,1.48,418285.00,NO,NO,2022-07-06,11815900.00
1138,LTCC,16.71,16.60,100540.00,ETF,ETF,84.00,97.00,97.00,87.00,0.92,0.64,32320.00,110830.00,26.94,9.61,0,NO,14.60,12.70,13.54,13.05,12.59,,234,0.00,100540.00,NO,NO,2026-09-24,407100.00
1139,CPAI,52.69,52.45,43240.00,ETF,ETF,84.00,77.00,73.00,82.00,0.60,0.49,67234.00,75660.00,53.96,37.29,0,NO,52.11,51.83,47.25,52.13,48.98,,713,0.25,43240.00,NO,NO,2026-07-29,522800.00
1140,KEYG,15.66,14.78,2388.00,ETF,ETF,84.00,97.00,95.00,,0.50,0.29,3447.00,1610.00,16.33,9.88,0,NO,12.66,12.18,,12.59,,,76,3.99,2388.00,NO,NO,2026-07-15,41300.00
1141,AVXC,83.81,82.22,29322.00,ETF,ETF,84.00,75.00,56.00,82.00,1.25,0.79,44433.00,53530.00,88.77,59.15,0,NO,83.07,81.42,76.15,82.15,79.16,,636,1.48,29322.00,NO,NO,2024-09-23,539800.00
1142,EGBN,28.38,28.21,208238.00,Financial Services,Banks - Regional,84.00,79.00,79.00,62.00,0.64,0.63,282087.00,382650.00,29.29,15.03,865135104,NO,28.07,28.01,26.26,28.11,27.12,,6848,0.00,208238.00,NO,NO,2018-11-16,6263500.00
1143,SMRI,44.92,45.21,5014.00,ETF,ETF,84.00,13.00,83.00,83.00,0.52,0.38,19876.00,31880.00,50.48,33.63,0,NO,46.55,46.69,40.24,46.89,41.80,,766,0.00,5014.00,NO,NO,2023-09-15,370000.00
1144,USCB,22.55,22.07,73562.00,Financial Services,Banks - Regional,83.00,61.00,87.00,76.00,0.51,0.50,65503.00,94590.00,23.89,16.36,416599296,NO,22.81,22.56,20.02,22.66,20.40,,1305,0.63,73562.00,NO,NO,2021-07-23,1346700.00
1145,PSTL,22.69,22.53,199863.00,Real Estate,REIT - Office,83.00,27.00,22.00,77.00,0.61,0.58,317860.00,383070.00,25.22,14.25,903072384,NO,23.46,23.33,21.22,23.27,22.54,,1857,0.53,199863.00,NO,NO,2021-06-25,1854400.00
1146,COPX,85.91,83.40,2530247.00,ETF,ETF,83.00,30.00,86.00,64.00,2.40,1.84,2788709.00,1950980.00,99.99,56.93,0,NO,87.40,87.25,82.92,88.07,82.66,,4140,1.24,2530247.00,NO,NO,2026-01-29,18336200.00
1147,PAA,23.75,23.70,2190086.00,Energy,Oil & Gas Midstream,83.00,15.00,83.00,53.00,0.52,0.51,2520304.00,2916960.00,26.39,15.69,16757203968,NO,24.99,24.64,22.10,24.67,23.14,,7010,0.00,2190086.00,NO,NO,2020-03-20,24882700.00
1148,TBXU,36.95,37.91,799.00,ETF,ETF,83.00,2.00,84.00,76.00,0.81,0.39,4726.00,930.00,45.88,25.71,0,NO,39.71,39.51,33.63,39.51,33.70,,252,0.00,799.00,NO,NO,2026-09-09,52800.00
1149,COMB,27.92,28.00,26561.00,ETF,ETF,83.00,61.00,89.00,47.00,0.30,0.23,47487.00,36640.00,28.99,20.23,0,NO,28.38,27.35,25.44,27.46,26.42,,2318,0.00,26561.00,NO,NO,2023-08-02,1217000.00
1150,SAIC,125.26,126.30,418366.00,Technology,Information Technology Services,83.00,55.00,85.00,83.00,3.55,3.42,448906.00,457320.00,142.66,81.08,5248097792,NO,130.18,126.67,107.61,127.21,110.89,,3282,0.00,418366.00,NO,NO,2020-06-26,7374300.00
1151,CRPT,16.54,15.85,20515.00,ETF,ETF,83.00,94.00,95.00,91.00,0.76,0.67,76009.00,52130.00,24.84,10.74,0,NO,15.54,13.74,13.87,14.19,13.55,,1264,2.02,20515.00,NO,NO,2022-05-10,782800.00
1152,SFLO,37.62,37.66,111692.00,ETF,ETF,83.00,20.00,82.00,82.00,0.47,0.43,161382.00,151630.00,42.00,27.45,0,NO,38.36,38.68,33.42,38.81,34.77,,697,0.00,111692.00,NO,NO,2025-05-02,868900.00
1153,KNX,66.76,65.41,3411899.00,Industrials,Trucking,83.00,59.00,14.00,68.00,2.13,1.92,3614493.00,3489790.00,82.86,40.34,10865591296,NO,66.91,68.72,65.11,68.79,68.44,,8038,1.71,3411899.00,NO,NO,2018-07-26,20546000.00
1154,APHU,28.24,27.22,2517.00,ETF,ETF,83.00,94.00,71.00,94.00,1.06,0.93,6726.00,8000.00,31.77,14.50,0,NO,25.13,25.08,,25.63,22.96,,158,1.69,2517.00,NO,NO,2026-05-26,71600.00
1155,RULE,30.95,30.80,2087.00,ETF,ETF,83.00,84.00,41.00,85.00,0.26,0.18,3460.00,1950.00,34.42,21.46,0,NO,30.33,30.08,27.95,30.27,29.29,,1232,0.37,2087.00,NO,NO,2022-06-09,649000.00
1156,IBB,205.29,205.96,2088379.00,ETF,ETF,83.00,33.00,80.00,79.00,4.00,3.79,1557150.00,1522440.00,217.12,149.09,0,NO,206.90,203.77,181.05,203.94,184.10,,6448,0.00,2088379.00,NO,NO,2015-09-28,35551800.00
1157,ADM,80.45,79.52,3414148.00,Consumer Defensive,Farm Products,83.00,23.00,75.00,57.00,2.15,2.12,3684834.00,3585160.00,88.75,55.58,38773399552,NO,83.53,81.88,74.41,81.62,77.96,,11732,0.00,3414148.00,NO,NO,2007-02-16,52414800.00
1158,Q,131.48,128.45,1161729.00,Technology,Semiconductor Equipment & Materials,83.00,92.00,15.00,66.00,4.31,3.96,1741166.00,1545450.00,177.28,70.50,27506739200,NO,122.86,127.59,125.70,128.37,135.92,,235,0.00,1161729.00,NO,NO,2025-11-03,10626200.00
1159,TD,117.88,117.61,1773725.00,Financial Services,Banks - Diversified,83.00,42.00,45.00,82.00,1.96,1.89,2257720.00,1286010.00,125.47,77.95,192500006912,NO,120.36,120.45,107.88,120.74,113.03,,7570,0.00,1773725.00,NO,NO,2007-10-02,25521400.00
1160,WLDR,47.22,46.97,15032.00,ETF,ETF,83.00,57.00,78.00,83.00,0.86,0.78,38198.00,22940.00,49.14,34.65,0,NO,47.78,47.29,42.22,47.60,44.10,,2190,0.30,15032.00,NO,NO,2026-09-14,544500.00
1161,ECON,35.82,35.48,11191.00,ETF,ETF,83.00,72.00,61.00,83.00,0.51,0.31,28877.00,13290.00,38.18,26.08,0,NO,35.76,35.04,32.51,35.35,33.76,,4038,0.00,11191.00,NO,NO,2015-06-03,8312100.00
1162,CCNE,34.10,33.68,151124.00,Financial Services,Banks - Regional,83.00,66.00,66.00,72.00,0.69,0.67,152315.00,158260.00,36.17,22.80,1010072128,NO,34.07,34.37,30.95,34.42,32.27,,8180,1.04,151124.00,NO,NO,2009-06-26,1102100.00
1163,XBI,154.43,154.51,8732783.00,ETF,ETF,83.00,19.00,36.00,78.00,4.25,4.03,8521568.00,9467710.00,169.89,102.55,0,NO,157.27,158.05,138.83,157.61,143.84,,5197,0.00,8732783.00,NO,NO,2025-04-09,36123800.00
1164,SDRL,43.85,45.06,570562.00,Energy,Oil & Gas Drilling,83.00,6.00,90.00,23.00,1.70,1.67,650909.00,558590.00,55.47,28.10,2742442240,NO,46.87,46.27,43.57,46.48,45.58,,995,0.00,570562.00,NO,NO,2023-06-23,8437100.00
1165,SIG,100.58,104.25,895623.00,Consumer Cyclical,Luxury Goods,83.00,95.00,93.00,76.00,3.78,3.70,823895.00,883840.00,110.20,71.62,3853948416,NO,99.53,93.40,89.45,93.32,88.96,,9627,0.00,895623.00,NO,NO,2018-03-14,25956200.00
1166,FRHC,173.00,173.41,309243.00,Financial Services,Financial Conglomerates,83.00,79.00,90.00,68.00,6.11,5.96,119668.00,91530.00,178.00,107.97,11035266048,NO,168.10,162.11,144.46,163.18,151.61,,2175,0.00,309243.00,NO,NO,2023-02-16,3701600.00
1167,EPEM,30.19,30.41,13.00,ETF,ETF,83.00,76.00,79.00,78.00,0.31,0.00,231.00,100.00,31.10,22.10,0,NO,30.39,29.87,27.69,30.09,28.62,,332,0.00,100.00,NO,NO,2025-06-05,248800.00
1168,EPU,89.56,88.75,59450.00,ETF,ETF,83.00,40.00,80.00,59.00,1.53,1.23,38004.00,26110.00,95.28,59.08,0,NO,90.57,90.09,84.84,90.59,85.30,,4348,0.75,59450.00,NO,NO,2011-01-27,3119800.00
1169,ESI,37.93,36.33,3681797.00,Basic Materials,Specialty Chemicals,83.00,91.00,15.00,63.00,1.29,1.20,5339325.00,4408290.00,49.25,22.86,9243012096,NO,34.72,35.93,35.98,36.04,38.42,,3256,2.28,3681797.00,NO,NO,2025-03-21,43421900.00
1170,KRYP,24.18,24.47,1145.00,ETF,ETF,83.00,92.00,95.00,77.00,0.70,0.42,2031.00,5710.00,25.67,16.25,0,NO,23.33,20.89,,21.28,20.49,,167,0.00,1145.00,NO,NO,2026-05-27,185000.00
1171,URI,1081.04,1034.11,605523.00,Industrials,Rental & Leasing Services,83.00,91.00,48.00,92.00,32.41,30.91,468488.00,543570.00,1179.18,701.59,67286622208,NO,1019.28,1064.88,947.80,1066.57,987.51,,7241,1.41,605523.00,NO,NO,2007-11-14,36409300.00
1172,CZNC,25.63,25.19,67144.00,Financial Services,Banks - Regional,83.00,61.00,85.00,69.00,0.52,0.52,63738.00,56680.00,26.37,18.87,459670656,NO,25.70,25.58,23.02,25.73,23.50,,8179,0.64,67144.00,NO,NO,2008-06-27,901600.00
1173,CURE,124.02,124.04,27110.00,ETF,ETF,83.00,7.00,78.00,88.00,4.71,4.58,62219.00,42920.00,150.00,82.41,0,NO,129.02,130.52,110.38,129.85,109.12,,3848,0.00,27110.00,NO,NO,2014-12-23,1863200.00
1174,INBK,27.62,27.11,50513.00,Financial Services,Banks - Regional,83.00,42.00,52.00,88.00,0.96,0.93,46546.00,47920.00,31.09,17.05,241221328,NO,27.57,28.06,24.23,28.45,25.52,,5156,0.96,50513.00,NO,NO,2023-06-23,1302900.00
1175,ARIS,17.50,17.32,1466157.00,Basic Materials,Gold,83.00,8.00,86.00,11.00,0.86,0.72,1552171.00,1861120.00,23.29,8.75,3612537088,NO,18.79,18.12,17.93,18.52,17.67,,4020,0.00,1466157.00,NO,NO,2026-03-20,14336400.00
1176,FMED,31.82,31.66,9117.00,ETF,ETF,83.00,62.00,84.00,85.00,0.50,0.40,6579.00,4160.00,32.89,23.48,0,NO,31.76,30.99,27.36,31.07,27.57,,831,0.00,9117.00,NO,NO,2026-05-06,571200.00
1177,SPUU,225.95,222.76,13565.00,ETF,ETF,83.00,75.00,78.00,88.00,3.69,2.70,16706.00,12920.00,232.39,154.85,0,NO,223.32,223.08,201.96,224.84,208.19,,3107,0.00,13565.00,NO,NO,2014-10-01,640800.00
1178,COKE,192.04,187.11,457899.00,Consumer Defensive,Beverages - Non-Alcoholic,83.00,54.00,71.00,31.00,5.51,5.40,520873.00,629640.00,219.65,118.02,12783006720,NO,191.91,190.67,182.22,191.39,189.08,,13518,0.29,457899.00,NO,NO,2022-07-19,9896000.00
1179,QQMG,52.42,51.99,8524.00,ETF,ETF,83.00,87.00,79.00,86.00,0.62,0.46,20203.00,28970.00,52.73,38.05,0,NO,50.80,49.98,46.22,50.37,47.86,,1237,0.00,8524.00,NO,NO,2025-12-23,560200.00
1180,SAMM,36.17,35.70,10570.00,ETF,ETF,83.00,92.00,89.00,75.00,0.50,0.29,4234.00,3170.00,36.18,28.35,0,NO,34.54,32.94,31.67,33.29,32.03,,627,0.99,10570.00,NO,NO,2024-04-09,221900.00
1181,PBHC,17.43,16.71,1081.00,Financial Services,Banks - Regional,83.00,92.00,85.00,88.00,0.51,0.27,8325.00,1910.00,18.30,12.06,109436752,NO,17.17,16.58,14.73,16.74,15.22,,7769,0.12,1081.00,NO,NO,1995-11-16,645295.00
1182,GCO,34.80,34.81,126041.00,Consumer Cyclical,Apparel Retail,83.00,83.00,80.00,81.00,1.14,1.09,198384.00,160990.00,43.60,21.93,376541280,NO,34.34,35.33,32.58,35.28,34.41,,13518,0.00,126041.00,NO,NO,2008-03-03,8196117.00
1183,VPL,118.11,116.27,200038.00,ETF,ETF,83.00,79.00,73.00,78.00,1.95,1.34,393544.00,421800.00,121.23,85.97,0,NO,116.77,114.62,107.24,115.75,110.73,,5426,1.47,200038.00,NO,NO,2026-02-17,23548100.00
1184,SPMO,153.23,152.75,2110789.00,ETF,ETF,83.00,84.00,61.00,88.00,2.29,1.93,2009063.00,2329960.00,162.30,107.24,0,NO,149.80,148.53,135.47,149.57,141.90,,2760,0.00,2110789.00,NO,NO,2024-08-19,14305300.00
1185,AVNT,41.17,40.54,876562.00,Basic Materials,Specialty Chemicals,83.00,24.00,82.00,74.00,1.03,0.95,786312.00,675660.00,46.64,27.48,3776093696,NO,41.18,41.84,37.65,42.53,38.29,,6806,0.00,876562.00,NO,NO,2014-04-30,15544600.00
1186,TRV,360.38,361.64,840382.00,Financial Services,Insurance - Property & Casualty,83.00,55.00,82.00,81.00,6.38,6.04,1707403.00,1416990.00,398.70,252.26,75166269440,NO,367.88,371.62,320.14,370.51,332.18,,12825,0.00,840382.00,NO,NO,2009-06-05,27820200.00
1187,FTXH,40.73,40.82,53732.00,ETF,ETF,83.00,38.00,79.00,77.00,0.68,0.65,686698.00,520620.00,43.52,28.77,0,NO,41.18,40.79,36.31,40.75,37.18,,2521,0.00,53732.00,NO,NO,2026-07-24,31305000.00
1188,CVLT,150.28,147.77,471021.00,Technology,Software - Application,83.00,93.00,61.00,96.00,5.79,5.72,615746.00,670230.00,186.21,71.75,6228289024,NO,143.23,138.14,115.52,137.72,120.34,,5038,1.45,471021.00,NO,NO,2006-09-22,8587700.00
1189,MSTP,30.52,30.82,99282.00,ETF,ETF,83.00,98.00,98.00,70.00,3.28,2.70,67214.00,48150.00,368.66,10.13,0,NO,26.94,20.42,34.47,21.58,28.62,,331,0.00,99282.00,NO,NO,2026-04-16,775870.00
1190,CRVL,75.47,74.72,168782.00,Financial Services,Insurance Brokers,83.00,88.00,91.00,90.00,1.60,1.59,188249.00,240750.00,79.43,44.83,3812485632,NO,71.77,67.91,61.38,68.57,61.77,,8879,0.90,168782.00,NO,NO,1991-06-28,40111200.00
1191,IQM,114.74,112.48,973.00,ETF,ETF,83.00,92.00,62.00,84.00,1.83,0.87,7842.00,2650.00,126.21,79.58,0,NO,108.24,106.57,102.82,107.88,107.04,,1659,1.28,973.00,NO,NO,2026-06-12,165400.00
1192,ANDE,67.72,65.49,382841.00,Consumer Defensive,Food Distribution,83.00,29.00,62.00,13.00,1.88,1.87,356993.00,377500.00,82.11,39.94,2306140672,NO,68.93,68.58,68.13,67.92,71.05,,7705,0.00,382841.00,NO,NO,2006-05-04,5467500.00
1193,WAR,32.36,31.78,11291.00,ETF,ETF,83.00,88.00,42.00,87.00,0.64,0.47,14850.00,9990.00,36.16,22.40,0,NO,31.14,31.19,28.89,31.52,30.43,,440,1.22,11291.00,NO,NO,2026-03-06,92800.00
1194,FVCB,17.79,17.60,73992.00,Financial Services,Banks - Regional,83.00,39.00,72.00,73.00,0.38,0.38,86806.00,73510.00,19.11,11.83,320828512,NO,18.07,18.35,16.28,18.37,16.87,,2870,0.51,73992.00,NO,NO,2021-06-25,1977000.00
1195,DEHP,41.85,41.27,22331.00,ETF,ETF,83.00,74.00,55.00,82.00,0.67,0.46,32073.00,33020.00,45.13,29.90,0,NO,41.63,40.88,38.30,41.28,39.79,,1113,1.05,22331.00,NO,NO,2022-08-29,1157700.00
1196,FPS,40.35,37.33,8526356.00,Industrials,Electrical Equipment & Parts,83.00,97.00,9.00,90.00,2.63,2.21,8780922.00,9923390.00,66.00,25.95,12871035904,NO,35.55,34.94,,35.71,40.46,,166,6.00,8526356.00,NO,NO,2026-09-15,32398100.00
1197,SSO,70.58,69.59,4865539.00,ETF,ETF,83.00,74.00,77.00,88.00,1.30,1.08,2963760.00,3487030.00,72.80,48.63,0,NO,69.79,69.78,63.32,70.31,65.22,,5103,0.00,4865539.00,NO,NO,2008-11-20,2931585600.00
1198,EMF,22.47,22.20,24406.00,Financial Services,Asset Management,83.00,62.00,44.00,84.00,0.54,0.49,32534.00,32390.00,24.70,16.07,335879232,NO,22.46,22.11,20.71,22.29,21.43,,9976,0.00,24406.00,NO,NO,1987-02-26,4003800.00
1199,SNDR,32.89,32.31,780461.00,Industrials,Trucking,83.00,51.00,20.00,80.00,0.89,0.82,765673.00,760210.00,39.27,20.11,5765646336,NO,32.93,34.38,31.59,34.37,33.00,,2386,1.52,780461.00,NO,NO,2017-04-06,16878900.00
1200,OIH,382.70,381.12,285277.00,ETF,ETF,83.00,6.00,82.00,22.00,8.45,8.04,261355.00,220470.00,459.28,242.24,0,NO,401.33,403.75,388.15,405.13,405.17,,6439,0.00,285277.00,NO,NO,2007-05-21,3823260.00
1201,EFSI,45.51,45.31,32068.00,Financial Services,Banks - Regional,83.00,90.00,88.00,84.00,0.99,0.97,54496.00,36520.00,48.17,31.44,246317216,NO,45.57,43.30,39.76,43.44,40.25,,6349,0.00,32068.00,NO,NO,2025-06-27,586000.00
1202,MPWC,26.00,23.36,1310.00,ETF,ETF,83.00,97.00,,,1.13,0.39,532.00,640.00,29.21,16.68,0,NO,20.68,22.17,,22.92,,,63,0.00,1310.00,NO,NO,2026-07-07,10800.00
1203,DUNK,28.39,28.27,16534.00,ETF,ETF,83.00,77.00,87.00,90.00,0.33,0.24,11576.00,10770.00,29.21,19.50,0,NO,27.91,27.82,24.36,28.04,24.89,,264,0.00,16534.00,NO,NO,2025-09-18,119400.00
1204,ST,43.51,42.35,1486259.00,Technology,Scientific & Technical Instruments,83.00,82.00,27.00,83.00,1.01,0.95,1475376.00,1289030.00,53.89,28.16,6332264960,NO,42.12,43.61,41.17,43.74,43.61,,4167,1.72,1486259.00,NO,NO,2023-09-15,23136900.00
1205,MTUM,322.88,320.88,1184639.00,ETF,ETF,83.00,90.00,62.00,87.00,4.58,3.90,1608950.00,2617580.00,345.59,229.42,0,NO,311.42,307.43,284.98,309.39,297.52,,3386,0.60,1184639.00,NO,NO,2026-09-22,15571000.00
1206,GREK,82.47,83.89,41581.00,ETF,ETF,83.00,50.00,80.00,84.00,1.37,1.06,70014.00,57140.00,87.68,60.53,0,NO,85.39,83.68,74.19,84.15,75.67,,3725,0.00,41581.00,NO,NO,2015-06-29,2084233.00
1207,FMBH,49.98,49.28,117626.00,Financial Services,Banks - Regional,83.00,57.00,74.00,78.00,0.90,0.85,130495.00,165060.00,53.36,34.16,1329563520,NO,49.99,50.74,45.13,50.79,46.60,,6931,0.91,117626.00,NO,NO,2026-06-26,922500.00
1208,HLAL,75.60,74.93,45104.00,ETF,ETF,83.00,83.00,82.00,84.00,0.82,0.67,54165.00,51620.00,75.97,57.22,0,NO,73.97,72.76,67.42,73.24,69.35,,1815,0.00,45104.00,NO,NO,2025-11-05,529700.00
1209,BY,37.74,37.19,192249.00,Financial Services,Banks - Regional,83.00,56.00,65.00,75.00,0.64,0.62,273828.00,279580.00,40.03,25.57,1705335552,NO,37.66,38.33,34.23,38.41,35.49,,2327,0.43,192249.00,NO,NO,2017-06-30,3492700.00
1210,EPOL,43.03,43.25,265856.00,ETF,ETF,83.00,47.00,84.00,73.00,0.74,0.44,395595.00,337950.00,46.03,31.74,0,NO,44.77,44.09,39.52,44.23,40.56,,4114,0.00,265856.00,NO,NO,2025-08-21,2401800.00
1211,NEM,115.56,114.67,4015405.00,Basic Materials,Gold,83.00,15.00,91.00,40.00,3.70,3.00,7437809.00,6978450.00,135.29,76.05,121764675584,NO,122.45,117.84,111.50,119.93,110.19,,11732,0.00,4015405.00,NO,NO,2023-11-07,98183700.00
1212,NACP,61.80,61.22,958.00,ETF,ETF,83.00,82.00,75.00,84.00,0.65,0.42,2342.00,2480.00,63.00,46.79,0,NO,60.73,60.04,55.33,60.44,57.18,,2063,0.00,958.00,NO,NO,2020-10-30,202800.00
1213,DIEM,43.28,42.86,4419.00,ETF,ETF,83.00,70.00,63.00,81.00,0.53,0.33,23993.00,27420.00,46.58,31.27,0,NO,43.35,42.48,39.61,42.79,41.02,,2598,0.74,4419.00,NO,NO,2016-11-04,7034900.00
1214,GCC,26.52,26.65,22539.00,ETF,ETF,83.00,66.00,89.00,61.00,0.27,0.22,56784.00,38380.00,27.24,20.03,0,NO,26.90,25.94,24.19,26.07,24.83,,4703,0.00,22539.00,NO,NO,2009-09-18,2185100.00
1215,MD,25.97,25.76,616412.00,Healthcare,Medical Care Facilities,83.00,38.00,29.00,81.00,0.81,0.81,779238.00,842020.00,27.94,15.70,2110147456,NO,26.26,26.37,23.29,26.54,24.20,,7810,0.04,616412.00,NO,NO,1999-02-16,17085600.00
1216,HLTH,29.68,29.51,11027.00,ETF,ETF,83.00,83.00,,,0.69,0.59,10373.00,10050.00,31.22,24.88,0,NO,28.94,28.13,,28.31,,,53,0.00,11027.00,NO,NO,2026-08-24,110400.00
1217,DBJP,118.98,117.11,84548.00,ETF,ETF,83.00,81.00,70.00,71.00,1.63,1.09,24063.00,20940.00,119.34,85.24,0,NO,115.79,115.21,108.23,115.91,111.09,,3852,1.19,84548.00,NO,NO,2017-03-16,17237800.00
1218,OPPJ,59.93,59.06,9612.00,ETF,ETF,83.00,79.00,70.00,55.00,1.11,0.68,47403.00,26170.00,61.45,41.10,0,NO,59.85,58.45,55.84,58.81,57.50,,3336,1.32,9612.00,NO,NO,2016-02-04,2358400.00
1219,CVLG,33.76,33.08,104977.00,Industrials,Trucking,83.00,73.00,4.00,78.00,1.29,1.21,210074.00,163690.00,49.88,18.00,856753728,NO,34.19,35.34,33.30,34.60,36.09,,8035,1.51,104977.00,NO,NO,1994-10-28,9770400.00
1220,DFEV,43.06,42.38,153991.00,ETF,ETF,82.00,69.00,70.00,78.00,0.60,0.41,246588.00,229520.00,44.95,30.99,0,NO,42.90,41.99,39.41,42.33,40.75,,1113,1.37,153991.00,NO,NO,2026-03-06,1895600.00
1221,RIOT,19.73,19.61,16547692.00,Financial Services,Capital Markets,82.00,86.00,11.00,93.00,1.47,1.37,18488503.00,17866610.00,30.32,11.50,7403858944,NO,21.90,20.92,19.34,20.83,20.81,,2643,0.00,16547692.00,YES,NO,2025-07-21,127903700.00
1222,FBL,32.00,31.83,336509.00,ETF,ETF,82.00,97.00,95.00,89.00,2.47,2.26,1224409.00,1414310.00,45.83,17.43,0,NO,29.77,24.55,27.10,24.67,24.99,,954,0.00,336509.00,NO,NO,2025-10-30,16201300.00
1223,PDLB,20.35,20.08,94282.00,Financial Services,Banks - Regional,82.00,67.00,65.00,78.00,0.34,0.33,73542.00,99890.00,21.10,13.91,492223776,NO,20.32,20.34,18.31,20.41,19.06,,2263,0.15,94282.00,NO,NO,2023-06-23,2486000.00
1224,PEBK,44.27,43.15,28072.00,Financial Services,Banks - Regional,82.00,73.00,72.00,63.00,1.05,0.99,32365.00,25140.00,45.78,27.33,235575152,NO,43.71,43.70,40.72,43.90,42.13,,10320,0.23,28072.00,NO,NO,2024-06-28,742100.00
1225,RHP,121.66,120.94,438027.00,Real Estate,REIT - Hotel & Motel,82.00,60.00,30.00,86.00,2.83,2.72,687957.00,686480.00,137.46,83.82,8392628736,NO,121.50,125.38,110.48,124.84,116.00,,8797,0.00,438027.00,NO,NO,2009-09-24,11874000.00
1226,BBVA,26.98,26.87,1718592.00,Financial Services,Banks - Diversified,82.00,15.00,75.00,81.00,0.67,0.49,1437323.00,1599430.00,29.64,17.90,148458668032,NO,28.58,28.41,24.55,28.63,24.90,,9519,0.00,1718592.00,NO,NO,2019-06-21,37740500.00
1227,PEO,27.82,27.71,34491.00,Financial Services,Asset Management,82.00,27.00,88.00,47.00,0.56,0.52,57965.00,54700.00,29.75,20.75,779746560,NO,28.47,28.01,26.03,28.06,26.76,,11732,0.00,34491.00,NO,NO,2020-03-11,861800.00
1228,BATRA,57.62,57.84,38674.00,Communication Services,Entertainment,82.00,77.00,70.00,76.00,1.23,1.20,66650.00,60720.00,60.48,41.50,3697353984,NO,56.89,56.05,51.35,56.00,53.95,,2631,0.00,38674.00,NO,NO,2023-03-08,2094000.00
1229,WSM,232.30,233.39,921758.00,Consumer Cyclical,Specialty Retail,82.00,85.00,77.00,85.00,6.55,6.32,1051546.00,1163020.00,254.89,165.51,27360102400,NO,227.39,233.66,208.85,233.67,211.83,,10896,0.00,921758.00,NO,NO,1996-01-09,42896000.00
1230,MFC,42.93,42.55,1112332.00,Financial Services,Insurance - Life,82.00,60.00,77.00,81.00,0.66,0.64,2078863.00,1360330.00,45.33,31.38,71231578112,NO,43.59,43.68,39.26,43.75,40.34,,6797,0.35,1112332.00,NO,NO,2004-04-28,42675000.00
1231,FTDR,77.24,75.45,619952.00,Consumer Cyclical,Personal Services,82.00,28.00,45.00,90.00,2.75,2.68,547119.00,764580.00,93.43,48.47,5321319424,NO,77.60,79.58,67.11,80.85,70.52,,2024,1.38,619952.00,NO,NO,2022-07-05,17877100.00
1232,ETN,436.11,437.28,2088721.00,Industrials,Specialty Industrial Machinery,82.00,92.00,81.00,79.00,12.92,11.86,2096307.00,2104120.00,478.00,311.92,169341501440,NO,423.24,421.93,389.12,427.45,405.94,,13698,0.00,2088721.00,NO,NO,2008-04-23,27268200.00
1233,XPRO,16.30,16.30,803638.00,Energy,Oil & Gas Equipment & Services,82.00,7.00,90.00,29.00,0.66,0.66,896293.00,834660.00,19.23,11.92,1831291136,NO,16.82,17.15,16.24,17.21,16.41,,3307,0.00,803638.00,NO,NO,2021-12-17,7179900.00
1234,GSBC,79.27,78.11,61536.00,Financial Services,Banks - Regional,82.00,64.00,66.00,82.00,1.47,1.42,100460.00,91640.00,82.91,53.76,863845312,NO,78.99,79.54,70.56,79.80,73.80,,9266,0.78,61536.00,NO,NO,2009-06-26,1904100.00
1235,CACI,615.04,627.06,264286.00,Technology,Information Technology Services,82.00,68.00,92.00,52.00,16.86,16.35,276063.00,260420.00,683.50,434.70,13592134656,NO,622.06,609.11,562.36,619.33,550.96,,11732,0.00,264286.00,NO,NO,2002-04-23,9114200.00
1236,DXJ,182.03,179.73,229919.00,ETF,ETF,82.00,74.00,67.00,66.00,2.23,1.52,270252.00,143350.00,183.11,126.81,0,NO,178.60,178.15,166.71,179.18,171.32,,5106,0.67,229919.00,NO,NO,2013-05-23,29200300.00
1237,NX,19.00,19.20,459935.00,Industrials,Building Products & Equipment,82.00,70.00,87.00,57.00,0.81,0.78,385592.00,410190.00,23.33,11.04,870697984,NO,20.42,20.11,18.77,20.38,18.81,,11732,0.00,459935.00,NO,NO,2010-03-19,5626200.00
1238,AME,251.93,249.09,1585887.00,Industrials,Specialty Industrial Machinery,82.00,89.00,82.00,70.00,4.86,4.64,1300984.00,1559590.00,261.16,179.24,57743110144,NO,242.14,243.84,230.27,244.59,233.96,,10634,0.00,1585887.00,NO,NO,2013-09-20,27213500.00
1239,PFG,111.96,112.24,1094883.00,Financial Services,Asset Management,82.00,71.00,56.00,82.00,2.54,2.54,1380541.00,1465060.00,121.18,77.90,23971155968,NO,115.00,113.74,101.61,114.05,105.52,,6276,0.00,1094883.00,NO,NO,2009-05-12,38848500.00
1240,AFEM,98.81,97.64,7075.00,ETF,ETF,82.00,63.00,81.00,78.00,1.30,0.72,3641.00,4800.00,100.83,73.81,0,NO,98.77,97.11,90.28,97.80,92.79,,2590,0.00,7075.00,NO,NO,2019-01-10,304200.00
1241,FITE,112.55,111.40,5167.00,ETF,ETF,82.00,85.00,49.00,84.00,1.71,1.39,7496.00,8220.00,120.45,77.72,0,NO,110.16,111.16,100.35,111.31,104.20,,2203,0.00,5167.00,NO,NO,2025-04-16,227300.00
1242,TSBK,45.49,44.63,28403.00,Financial Services,Banks - Regional,82.00,64.00,76.00,66.00,1.01,0.97,34744.00,30570.00,49.38,30.93,353715136,NO,45.78,45.65,41.35,45.88,42.87,,7225,1.86,28403.00,NO,NO,1998-01-13,7028400.00
1243,LRND,48.33,47.78,229.00,ETF,ETF,82.00,84.00,85.00,85.00,0.44,0.21,38495.00,1550.00,48.59,35.87,0,NO,47.06,46.46,42.78,46.85,43.85,,1167,0.00,229.00,NO,NO,2025-12-12,2168300.00
1244,TTOP,20.17,19.93,43.00,ETF,ETF,82.00,89.00,96.00,81.00,0.36,0.09,553.00,800.00,25.57,13.68,0,NO,19.24,17.37,17.59,17.84,16.84,,220,0.00,100.00,NO,NO,2025-11-24,6700.00
1245,TILE,34.89,34.45,472011.00,Consumer Cyclical,"Furnishings, Fixtures & Appliances",82.00,25.00,62.00,89.00,0.86,0.82,476900.00,557090.00,40.50,24.40,2016658048,NO,34.80,36.05,31.42,36.38,31.96,,10954,0.00,472011.00,NO,NO,1999-01-08,6473700.00
1246,MEMX,48.78,47.88,132.00,ETF,ETF,82.00,70.00,61.00,77.00,0.68,0.24,3414.00,2460.00,51.52,34.74,0,NO,48.40,47.44,44.49,47.83,46.11,,934,0.00,1300.00,NO,NO,2024-05-31,268800.00
1247,BCI,25.88,25.97,1430756.00,ETF,ETF,82.00,60.00,89.00,47.00,0.31,0.25,1752125.00,1602600.00,26.84,19.47,0,NO,26.30,25.34,23.62,25.43,24.46,,2390,0.00,1430756.00,NO,NO,2026-07-17,21232800.00
1248,EMBJ,75.21,74.09,1237553.00,Industrials,Aerospace & Defense,82.00,83.00,88.00,78.00,2.44,2.41,1190139.00,1300180.00,80.75,53.56,13384242176,NO,75.37,73.75,67.09,74.34,65.46,,6589,0.00,1237553.00,NO,NO,2017-12-21,16914800.00
1249,GFF,93.97,93.15,318705.00,Industrials,Building Products & Equipment,82.00,52.00,65.00,87.00,2.59,2.45,333990.00,403800.00,108.57,65.01,4310087680,NO,95.33,97.31,87.54,97.84,89.55,,13468,0.00,318705.00,NO,NO,2022-05-16,3996500.00
1250,FEMR,41.73,41.30,75342.00,ETF,ETF,82.00,75.00,62.00,80.00,0.64,0.41,39742.00,40440.00,44.41,30.23,0,NO,41.66,40.88,38.46,41.20,39.73,,466,0.63,75342.00,NO,NO,2026-03-03,239100.00
1251,TECH,72.40,72.40,1864706.00,Healthcare,Biotechnology,82.00,68.00,71.00,89.00,0.16,0.15,3258260.00,3488290.00,72.69,43.20,11353640960,NO,72.39,72.27,62.04,72.34,62.20,,9481,0.00,1864706.00,NO,NO,2026-06-25,51699100.00
1252,FRAF,63.16,62.30,24590.00,Financial Services,Banks - Regional,82.00,67.00,51.00,80.00,1.69,1.69,37273.00,41150.00,65.41,43.47,284193600,NO,62.98,62.90,56.91,63.10,59.42,,8178,0.90,24590.00,NO,NO,2025-06-27,552500.00
1253,WTS,363.07,359.49,238517.00,Industrials,Specialty Industrial Machinery,82.00,81.00,48.00,83.00,6.67,6.30,199161.00,205730.00,394.54,260.00,12120384512,NO,355.29,362.09,323.83,365.50,332.86,,10106,0.94,238517.00,NO,NO,2022-01-31,5752500.00
1254,BHB,39.45,38.87,97390.00,Financial Services,Banks - Regional,82.00,60.00,78.00,77.00,0.99,0.95,95915.00,134060.00,41.12,28.11,661421888,NO,39.86,39.82,35.70,39.85,36.79,,7302,1.03,97390.00,NO,NO,2012-06-22,903375.00
1255,PLGO,24.25,24.35,327842.00,Financial Services,Insurance - Diversified,82.00,44.00,49.00,84.00,0.45,0.44,440088.00,576790.00,26.34,17.58,2006162176,NO,24.30,24.51,21.79,24.50,22.89,,819,0.00,327842.00,NO,NO,2024-03-15,6501000.00
1256,SPYQ,195.32,192.50,38.00,ETF,ETF,82.00,74.00,77.00,87.00,2.02,0.65,1453.00,310.00,200.50,135.47,0,NO,192.91,192.95,175.82,194.53,180.79,,503,0.00,38.00,NO,NO,2026-06-03,379200.00
1257,MTCH,40.32,40.13,2575493.00,Communication Services,Internet Content & Information,82.00,27.00,83.00,85.00,1.28,1.24,3221373.00,3775970.00,44.94,28.81,9405305856,NO,41.68,40.40,35.48,40.54,37.04,,8485,0.00,2575493.00,NO,NO,2003-06-09,2720060826.00
1258,FBP,27.04,26.66,1349059.00,Financial Services,Banks - Regional,82.00,27.00,71.00,82.00,0.53,0.53,1362807.00,1677090.00,29.88,19.16,4128150272,NO,27.34,28.17,24.41,28.17,25.50,,10007,0.30,1349059.00,NO,NO,2013-08-13,22284600.00
1259,TSNF,31.69,31.34,450.00,ETF,ETF,82.00,85.00,55.00,85.00,0.35,0.14,1360.00,1500.00,34.31,22.34,0,NO,31.17,30.88,,31.15,29.75,,191,0.00,450.00,NO,NO,2026-01-07,210700.00
1260,XTL,210.19,205.93,55091.00,ETF,ETF,82.00,72.00,36.00,49.00,3.29,2.77,51398.00,31370.00,247.62,131.25,0,NO,206.47,210.12,200.53,210.72,213.59,,3944,1.32,55091.00,NO,NO,2021-03-08,1571100.00
1261,BGR,17.05,17.00,74532.00,Financial Services,Asset Management,82.00,47.00,90.00,43.00,0.29,0.27,94363.00,118100.00,17.92,12.92,434027712,NO,17.31,16.98,15.88,17.03,16.33,,5478,0.00,74532.00,NO,NO,2019-12-27,878400.00
1262,ZLAB,24.33,25.50,951837.00,Healthcare,Biotechnology,82.00,14.00,94.00,77.00,1.06,0.87,947836.00,755070.00,34.07,15.96,2731437312,NO,25.40,24.21,20.39,24.50,21.11,,2271,0.00,951837.00,NO,NO,2023-01-05,5599800.00
1263,NE,40.70,41.72,1607863.00,Energy,Oil & Gas Drilling,82.00,4.00,85.00,5.00,1.60,1.55,1333698.00,1220130.00,54.98,26.70,6497438720,NO,44.02,44.02,43.06,43.90,45.47,,1336,0.00,1607863.00,NO,NO,2025-09-19,25673700.00
1264,INSP,69.97,70.78,761927.00,Healthcare,Medical Devices,82.00,91.00,96.00,84.00,3.65,3.65,807726.00,1057440.00,147.03,38.91,2022859008,NO,70.63,63.21,61.32,64.46,54.23,,2116,0.00,761927.00,NO,NO,2025-08-05,10973600.00
1265,NSP,46.48,48.63,459866.00,Industrials,Staffing & Employment Services,82.00,14.00,80.00,93.00,1.96,1.93,509471.00,544210.00,55.90,18.57,1775316224,NO,49.29,50.86,38.59,50.79,39.71,,7466,0.00,459866.00,NO,NO,1999-01-28,17205200.00
1266,RBB,26.19,26.22,94033.00,Financial Services,Banks - Regional,82.00,60.00,35.00,79.00,0.54,0.54,134949.00,114270.00,28.24,16.74,443029120,NO,26.52,26.59,23.96,26.68,24.91,,2310,0.00,94033.00,NO,NO,2017-07-26,2038500.00
1267,FPA,50.43,49.68,50101.00,ETF,ETF,82.00,76.00,51.00,72.00,0.89,0.63,8876.00,26790.00,58.89,36.23,0,NO,50.01,48.93,47.67,49.33,49.65,,3886,0.00,50101.00,NO,NO,2014-11-03,2994300.00
1268,FSTR,37.27,36.36,42928.00,Industrials,Railroads,82.00,70.00,10.00,88.00,1.01,0.99,61677.00,47810.00,45.81,23.81,392071584,NO,37.36,38.50,35.13,38.43,37.33,,11422,1.21,42928.00,NO,NO,1993-06-04,1782700.00
1269,ILDR,40.13,39.61,50209.00,ETF,ETF,82.00,85.00,74.00,87.00,0.69,0.60,55223.00,65910.00,40.99,28.19,0,NO,39.21,38.66,35.45,39.01,36.63,,1345,0.00,50209.00,NO,NO,2025-12-23,549100.00
1270,HNI,46.82,46.73,516887.00,Consumer Cyclical,"Furnishings, Fixtures & Appliances",82.00,40.00,89.00,91.00,1.39,1.33,563580.00,611760.00,52.79,28.93,3379551744,NO,46.85,47.36,41.47,47.86,39.89,,11732,0.00,516887.00,NO,NO,2021-02-12,8700000.00
1271,XES,109.16,109.13,36789.00,ETF,ETF,82.00,6.00,76.00,18.00,2.43,2.27,64352.00,79440.00,135.35,68.06,0,NO,115.33,116.56,112.24,117.11,117.75,,5102,0.00,36789.00,NO,NO,2023-04-03,1256400.00
1272,XHS,133.36,131.52,19628.00,ETF,ETF,82.00,54.00,41.00,87.00,1.89,1.78,28553.00,64040.00,139.68,98.15,0,NO,135.21,134.95,118.23,135.07,122.35,,3774,0.33,19628.00,NO,NO,2016-08-12,1247000.00
1273,INTA,36.49,37.59,442596.00,Technology,Software - Application,82.00,7.00,94.00,92.00,1.37,1.28,670123.00,558900.00,47.93,19.01,2791891968,NO,37.20,37.67,30.36,38.31,28.98,,1321,0.00,442596.00,NO,NO,2026-02-04,7079400.00
1274,SSS,23.57,23.46,22.00,ETF,ETF,82.00,86.00,89.00,85.00,0.28,0.01,977.00,110.00,23.82,17.90,0,NO,22.96,21.89,,22.15,20.52,,170,0.00,22.00,NO,NO,2026-06-26,86200.00
1275,CMDY,63.57,63.85,42288.00,ETF,ETF,82.00,60.00,89.00,48.00,0.70,0.62,94315.00,158310.00,66.16,47.63,0,NO,64.68,62.42,58.01,62.63,60.26,,2136,0.00,42288.00,NO,NO,2026-08-10,953700.00
1276,FA,18.09,18.34,1934339.00,Industrials,Specialty Business Services,82.00,10.00,15.00,94.00,0.76,0.72,2005371.00,2181690.00,25.15,8.82,3107024384,NO,20.12,20.68,15.86,20.84,17.06,,1326,0.00,1934339.00,NO,NO,2026-06-15,13837100.00
1277,NOVT,149.27,143.58,367600.00,Technology,Scientific & Technical Instruments,82.00,82.00,16.00,85.00,5.26,4.86,403031.00,399220.00,176.38,98.27,5645058560,NO,141.92,147.18,140.37,148.42,143.66,,6925,2.04,367600.00,NO,NO,2022-07-25,6805900.00
1278,QQQM,308.69,305.57,3010790.00,ETF,ETF,82.00,86.00,77.00,85.00,3.99,3.23,2912334.00,2692180.00,310.66,228.75,0,NO,299.67,295.15,275.29,297.34,284.22,,1500,0.00,3010790.00,NO,NO,2025-11-20,12592000.00
1279,FDRX,25.34,24.74,24247.00,ETF,ETF,82.00,92.00,90.00,92.00,0.48,0.10,10138.00,18300.00,26.20,15.38,0,NO,24.29,22.90,,23.33,21.24,,180,2.34,24247.00,NO,NO,2026-02-05,322100.00
1280,QQQ,749.58,742.03,34175024.00,ETF,ETF,82.00,86.00,77.00,85.00,9.77,7.95,35418079.00,36199640.00,754.53,555.60,0,NO,727.78,716.82,668.60,722.13,690.33,,6935,0.00,34175024.00,YES,NO,2008-09-15,616772300.00
1281,IBBQ,34.37,34.42,134542.00,ETF,ETF,82.00,25.00,72.00,75.00,0.65,0.58,30634.00,47940.00,36.84,25.00,0,NO,34.89,34.60,30.93,34.60,31.56,,1334,0.00,134542.00,NO,NO,2022-06-16,790700.00
1282,PLUS,93.40,92.89,183853.00,Technology,Software - Application,82.00,88.00,88.00,79.00,2.39,2.35,232350.00,257610.00,98.14,69.25,2436845056,NO,91.19,90.02,85.16,90.36,85.31,,7516,0.00,183853.00,NO,NO,1999-11-30,11105200.00
1283,PDS,84.91,83.80,149958.00,Energy,Oil & Gas Drilling,82.00,10.00,88.00,11.00,2.73,2.36,107387.00,99280.00,103.80,53.42,1068802112,NO,85.51,84.71,85.94,85.41,88.32,,7516,0.00,149958.00,NO,NO,2016-03-04,611795.00
1284,TUG,48.42,47.99,2076.00,ETF,ETF,82.00,85.00,78.00,85.00,0.44,0.19,1744.00,2350.00,48.43,35.93,0,NO,47.05,46.51,43.13,46.84,44.52,,1096,0.00,2076.00,NO,NO,2022-05-23,6501700.00
1285,LSVD,36.37,36.04,185.00,ETF,ETF,82.00,72.00,80.00,81.00,0.26,0.09,1320.00,3290.00,36.93,27.41,0,NO,36.35,36.03,32.90,36.25,33.97,,362,0.00,200.00,NO,NO,2025-09-10,18238800.00
1286,ETH,25.46,25.78,3395170.00,ETF,ETF,82.00,92.00,97.00,86.00,0.89,0.72,2784766.00,2739110.00,44.84,14.53,0,NO,24.74,21.94,21.35,22.44,20.12,,552,0.00,3395170.00,NO,NO,2026-02-04,27872700.00
1287,TTE,84.40,84.51,2480529.00,Energy,Oil & Gas Integrated,82.00,19.00,87.00,12.00,1.76,1.48,1591222.00,1759070.00,94.17,57.39,186310868992,NO,89.89,88.55,82.86,88.49,87.26,,8796,0.00,2480529.00,NO,NO,2012-03-27,27055300.00
1288,DCOM,39.88,39.52,332346.00,Financial Services,Banks - Regional,82.00,57.00,54.00,72.00,0.76,0.75,302825.00,356370.00,41.97,25.63,1760965120,NO,40.36,40.50,36.59,40.59,38.21,,6974,0.40,332346.00,NO,NO,2021-01-29,3788300.00
1289,CTEF,87.40,86.49,758.00,ETF,ETF,82.00,67.00,29.00,84.00,0.84,0.46,7011.00,8260.00,94.37,61.99,0,NO,86.13,88.08,80.17,88.32,83.71,,325,0.00,758.00,NO,NO,2025-12-31,138700.00
1290,META,728.08,725.93,12873427.00,Communication Services,Internet Content & Information,82.00,95.00,92.00,84.00,28.88,26.85,19468738.00,27911530.00,779.82,520.26,1854788337664,NO,695.92,625.04,628.38,627.69,614.47,,3614,0.00,12873427.00,YES,NO,2012-05-18,573576400.00
1291,USSE,41.65,41.21,21129.00,ETF,ETF,82.00,83.00,78.00,82.00,0.37,0.29,27439.00,22070.00,41.91,31.56,0,NO,40.68,40.57,37.40,40.87,38.64,,776,0.00,21129.00,NO,NO,2026-03-12,590000.00
1292,HEWJ,66.41,65.50,56317.00,ETF,ETF,82.00,80.00,69.00,71.00,0.81,0.51,74820.00,45330.00,66.92,49.40,0,NO,64.75,64.46,60.41,64.88,62.01,,3184,1.01,56317.00,NO,NO,2017-12-05,9629700.00
1293,CRBG,34.03,33.66,5299286.00,Financial Services,Asset Management,82.00,76.00,87.00,90.00,0.90,0.88,4354809.00,5582210.00,35.64,22.19,15169638400,NO,34.25,33.34,29.41,33.68,29.37,,1015,0.62,5299286.00,NO,NO,2025-12-16,39081000.00
1294,IX,37.12,37.36,940428.00,Financial Services,Financial Conglomerates,82.00,17.00,22.00,82.00,0.78,0.47,279828.00,346570.00,42.39,24.19,38604288000,NO,39.07,39.46,35.35,39.37,36.68,,7055,0.00,940428.00,NO,NO,2009-07-31,2705000.00
1295,SKHY,195.13,193.50,15399066.00,Technology,Semiconductors,82.00,94.00,,,7.80,6.62,29622825.00,20546640.00,199.87,124.80,1387521638400,NO,186.41,166.55,,171.37,,,60,0.43,15399066.00,YES,NO,2026-07-10,107674700.00
1296,MVPL,44.46,43.82,12625.00,ETF,ETF,81.00,75.00,77.00,86.00,0.59,0.27,3376.00,3420.00,45.75,32.95,0,NO,43.92,43.90,39.85,44.26,41.19,,652,1.34,12625.00,NO,NO,2025-07-21,153800.00
1297,BRIF,37.74,37.39,9538.00,ETF,ETF,81.00,76.00,72.00,83.00,0.31,0.26,9657.00,6050.00,38.55,29.07,0,NO,37.23,37.38,33.83,37.47,35.16,,443,0.56,9538.00,NO,NO,2025-01-14,655800.00
1298,NEMG,19.36,19.09,3805.00,ETF,ETF,81.00,3.00,94.00,9.00,1.00,0.60,6179.00,3210.00,33.47,12.24,0,NO,21.97,20.80,20.71,21.42,19.29,,220,0.00,3805.00,NO,NO,2026-06-01,88300.00
1299,SNEX,65.81,65.40,1100221.00,Financial Services,Capital Markets,81.00,55.00,6.00,73.00,2.67,2.56,976246.00,1067060.00,94.66,36.45,7937786880,NO,67.60,68.94,64.44,68.61,70.48,,7948,0.00,1100221.00,NO,NO,2006-12-21,12345413.00
1300,QNBC,45.61,45.44,7232.00,Financial Services,Banks - Regional,81.00,73.00,78.00,66.00,0.32,0.31,9176.00,19330.00,46.00,34.00,283206304,NO,45.34,44.60,41.44,44.75,43.50,,5867,0.00,7232.00,NO,NO,2016-12-15,92400.00
1301,DAL,84.09,84.13,8143457.00,Industrials,Airlines,81.00,89.00,19.00,84.00,2.44,2.26,6206823.00,8893060.00,95.68,55.03,55299518464,NO,81.40,84.08,75.80,83.93,78.70,,4886,0.00,8143457.00,NO,NO,2013-09-10,206372300.00
1302,KSS,18.81,18.92,3424379.00,Consumer Cyclical,Department Stores,81.00,51.00,88.00,92.00,0.89,0.86,3929352.00,4081670.00,25.22,11.38,2132610944,NO,17.67,18.31,16.90,18.27,16.16,,8654,0.00,3424379.00,NO,NO,2025-07-22,209344000.00
1303,CLSE,34.25,34.01,371047.00,ETF,ETF,81.00,75.00,72.00,77.00,0.29,0.29,397526.00,476590.00,34.76,25.29,0,NO,34.07,33.84,31.28,33.91,32.60,,1158,0.41,371047.00,NO,NO,2025-03-06,1165300.00
1304,DFTT,31.45,31.33,360.00,ETF,ETF,81.00,88.00,69.00,84.00,0.31,0.17,2196.00,1390.00,32.67,23.44,0,NO,30.59,30.16,28.14,30.40,29.16,,223,0.00,360.00,NO,NO,2026-01-06,608500.00
1305,SLX,103.53,101.81,7970.00,ETF,ETF,81.00,21.00,76.00,64.00,1.55,1.19,20261.00,14030.00,114.00,71.82,0,NO,106.28,107.13,100.28,107.37,102.94,,5021,0.50,7970.00,NO,NO,2011-01-26,2467600.00
1306,CMCI,31.37,31.34,65.00,ETF,ETF,81.00,77.00,89.00,64.00,0.11,0.01,147.00,130.00,31.96,23.94,0,NO,31.62,30.66,28.14,30.84,29.28,,779,0.00,100.00,NO,NO,2025-01-29,16100.00
1307,PMTL,23.51,23.39,3632.00,ETF,ETF,81.00,9.00,,,0.45,0.05,1332.00,790.00,28.12,19.88,0,NO,25.20,24.64,,25.05,,,51,0.00,3632.00,NO,NO,2026-07-28,12000.00
1308,PCB,28.01,27.82,34260.00,Financial Services,Banks - Regional,81.00,73.00,44.00,80.00,0.62,0.57,38900.00,47420.00,30.84,19.70,393389312,NO,27.75,27.83,25.06,27.88,26.09,,2047,0.58,34260.00,NO,NO,2021-06-25,1885500.00
1309,IBKR,88.30,85.81,4865631.00,Financial Services,Capital Markets,81.00,60.00,19.00,86.00,2.78,2.48,4147774.00,4101990.00,98.75,58.95,150446915584,NO,89.43,90.65,81.28,90.98,85.06,,4885,0.86,4865631.00,NO,NO,2025-08-27,98998600.00
1310,UMMA,37.77,37.13,56177.00,ETF,ETF,81.00,78.00,46.00,81.00,0.61,0.48,45930.00,45280.00,41.53,27.26,0,NO,36.96,36.97,34.74,37.23,35.91,,1188,1.47,56177.00,NO,NO,2022-01-07,860100.00
1311,DCBO,23.33,23.44,22772.00,Technology,Software - Application,81.00,18.00,93.00,89.00,0.70,0.69,71950.00,24270.00,28.72,14.39,582027392,NO,23.50,23.15,19.85,23.45,19.93,,1464,0.00,22772.00,NO,NO,2025-05-09,954700.00
1312,NANR,84.79,84.28,9987.00,ETF,ETF,81.00,18.00,88.00,38.00,1.21,1.04,27101.00,17070.00,92.21,61.40,0,NO,87.57,86.51,81.16,86.94,82.88,,2712,0.15,9987.00,NO,NO,2015-12-18,26998100.00
1313,PEXL,74.80,74.32,374.00,ETF,ETF,81.00,86.00,66.00,84.00,0.71,0.30,1857.00,920.00,75.84,55.51,0,NO,72.59,72.02,67.47,72.45,69.61,,1999,0.44,374.00,NO,NO,2023-05-25,82400.00
1314,YNOT,34.27,33.72,14730.00,ETF,ETF,81.00,87.00,82.00,84.00,0.55,0.42,54168.00,22250.00,35.02,25.19,0,NO,33.31,32.61,30.75,33.01,31.55,,311,0.00,14730.00,NO,NO,2025-07-31,2031900.00
1315,FCXG,15.60,14.47,9183.00,ETF,ETF,81.00,16.00,94.00,68.00,0.86,0.67,34876.00,11360.00,19.79,9.53,0,NO,15.64,15.45,,15.64,14.07,,157,2.63,9183.00,NO,NO,2026-08-21,341000.00
1316,IBOT,66.56,65.24,12463.00,ETF,ETF,81.00,83.00,50.00,82.00,0.86,0.60,14285.00,10870.00,69.42,47.92,0,NO,63.97,65.18,61.31,65.61,63.24,,875,0.00,12463.00,NO,NO,2024-12-23,158000.00
1317,HYP,30.40,29.60,3445.00,ETF,ETF,81.00,94.00,76.00,78.00,0.58,0.39,30904.00,2260.00,32.16,21.06,0,NO,27.94,26.84,27.15,27.28,27.63,,259,1.34,3445.00,NO,NO,2026-08-31,1393300.00
1318,VABK,47.06,47.95,5987.00,Financial Services,Banks - Regional,81.00,72.00,84.00,81.00,1.10,1.02,6987.00,10980.00,50.00,37.35,255313776,NO,47.80,47.08,43.00,47.21,44.04,,6897,0.00,5987.00,NO,NO,2023-06-23,606100.00
1319,DDS,654.11,646.35,188313.00,Consumer Cyclical,Department Stores,81.00,80.00,93.00,68.00,21.91,21.82,163079.00,215000.00,741.98,503.06,10216839168,NO,649.74,627.54,604.17,626.50,590.71,,11732,0.00,188313.00,NO,NO,2008-10-21,14962500.00
1320,FMTL,34.98,34.26,2582.00,ETF,ETF,81.00,20.00,82.00,41.00,0.67,0.42,4511.00,4010.00,39.50,23.95,0,NO,35.96,35.85,34.69,36.19,34.99,,228,1.48,2582.00,NO,NO,2026-01-07,145400.00
1321,RGR,44.37,43.71,285259.00,Industrials,Aerospace & Defense,81.00,94.00,91.00,55.00,1.06,0.94,149136.00,295350.00,48.21,28.33,708955200,NO,40.40,38.95,38.61,39.26,39.58,,13468,0.46,285259.00,NO,NO,2007-10-25,4197300.00
1322,EOG,141.38,141.31,3592737.00,Energy,Oil & Gas E&P,81.00,26.00,86.00,32.00,3.64,3.19,3060142.00,3408870.00,154.16,101.59,75303026688,NO,143.80,144.34,132.01,144.10,139.17,,9317,0.00,3592737.00,NO,NO,2000-11-01,85014000.00
1323,COMD,29.92,30.04,539.00,ETF,ETF,81.00,59.00,90.00,60.00,0.23,0.08,480.00,510.00,30.95,24.24,0,NO,30.38,29.30,,29.42,28.03,,162,0.00,539.00,NO,NO,2026-04-07,29200.00
1324,METU,30.82,30.66,2611279.00,ETF,ETF,81.00,97.00,95.00,89.00,2.41,2.23,5978726.00,6862630.00,44.89,16.85,0,NO,28.72,23.71,26.45,23.83,24.28,,583,0.00,2611279.00,NO,NO,2025-10-30,37580900.00
1325,VERS,74.74,73.00,110.00,ETF,ETF,81.00,89.00,68.00,89.00,1.06,0.45,401.00,660.00,84.91,50.55,0,NO,72.68,71.43,66.51,72.19,69.42,,1140,0.18,800.00,NO,NO,2024-04-22,71500.00
1326,BCAL,21.78,21.55,230543.00,Financial Services,Banks - Regional,81.00,75.00,78.00,81.00,0.43,0.43,207490.00,266790.00,22.41,15.85,700238784,NO,21.68,21.51,19.59,21.58,19.99,,5255,0.74,230543.00,NO,NO,2026-01-28,1586500.00
1327,MFEM,29.00,28.33,15706.00,ETF,ETF,81.00,71.00,78.00,72.00,0.41,0.26,12079.00,8920.00,30.60,21.46,0,NO,28.75,28.25,26.97,28.45,27.69,,2280,1.79,15706.00,NO,NO,2021-01-14,6703300.00
1328,PWER,44.07,43.25,100.00,ETF,ETF,81.00,29.00,84.00,53.00,0.55,0.23,1130.00,1030.00,47.15,31.83,0,NO,45.06,44.59,41.44,44.91,42.73,,712,0.00,100.00,NO,NO,2024-07-11,26100.00
1329,AAXJ,118.20,116.92,435619.00,ETF,ETF,81.00,75.00,63.00,81.00,1.84,1.31,494120.00,497680.00,124.89,87.98,0,NO,117.33,115.33,108.46,116.33,111.99,,4561,0.00,435619.00,NO,NO,2011-10-19,9487100.00
1330,PCTY,144.47,146.60,537272.00,Technology,Software - Application,81.00,19.00,94.00,89.00,4.15,3.98,717163.00,753630.00,161.93,92.99,7998726144,NO,144.71,146.47,125.07,147.33,122.50,,3155,0.00,537272.00,NO,NO,2014-03-19,9435400.00
1331,MKTW,20.11,19.86,18000.00,Financial Services,Financial Data & Stock Exchanges,81.00,92.00,84.00,51.00,0.80,0.80,17965.00,19860.00,22.83,13.49,56161420,NO,18.75,19.06,17.24,19.12,18.20,,1521,0.73,18000.00,NO,NO,2021-03-02,681375.00
1332,FDTS,71.90,70.86,1998.00,ETF,ETF,81.00,79.00,85.00,61.00,0.76,0.33,933.00,460.00,72.63,54.10,0,NO,70.99,69.52,67.06,70.10,68.19,,3678,1.35,1998.00,NO,NO,2015-11-25,138700.00
1333,OPTZ,46.15,45.79,4370.00,ETF,ETF,81.00,78.00,46.00,83.00,0.51,0.25,7620.00,8810.00,49.76,33.27,0,NO,45.35,45.75,42.16,46.04,44.03,,614,0.00,4370.00,NO,NO,2024-05-07,911800.00
1334,SLF,78.57,77.67,392754.00,Financial Services,Insurance - Diversified,81.00,58.00,56.00,82.00,1.12,1.09,758809.00,488590.00,84.38,57.22,43686932480,NO,79.78,80.39,71.74,80.44,75.04,,6672,0.26,392754.00,NO,NO,2000-03-23,17882300.00
1335,QGRW,69.54,68.91,373734.00,ETF,ETF,81.00,84.00,81.00,85.00,0.83,0.69,227342.00,310660.00,69.92,50.94,0,NO,67.86,67.17,62.22,67.68,63.85,,947,0.00,373734.00,NO,NO,2025-03-10,5423700.00
1336,JEMA,62.83,61.98,125905.00,ETF,ETF,81.00,70.00,55.00,79.00,0.91,0.64,145617.00,134040.00,66.68,46.44,0,NO,62.64,61.65,57.91,62.13,59.93,,1393,1.29,125905.00,NO,NO,2022-04-29,9442300.00
1337,RVER,37.02,36.30,1338.00,ETF,ETF,81.00,81.00,82.00,88.00,0.65,0.37,9374.00,15030.00,39.45,26.34,0,NO,36.79,36.14,32.65,36.49,33.35,,628,0.00,1338.00,NO,NO,2024-04-04,595400.00
1338,CHE,507.50,502.90,159121.00,Healthcare,Medical Care Facilities,81.00,40.00,81.00,88.00,12.35,11.93,160706.00,191700.00,557.00,365.21,6633005056,NO,508.62,523.38,455.13,524.13,462.28,,13468,0.00,159121.00,NO,NO,2008-04-25,4358800.00
1339,XLVX,31.53,31.56,280.00,ETF,ETF,81.00,15.00,75.00,,0.39,0.15,1122.00,600.00,35.56,25.40,0,NO,32.37,32.56,,32.44,,,85,0.00,280.00,NO,NO,2026-06-26,43100.00
1340,EQH,52.64,51.95,3136968.00,Financial Services,Asset Management,81.00,78.00,87.00,90.00,1.44,1.42,2838031.00,3585520.00,55.06,35.20,14358390784,NO,52.88,51.28,45.30,51.81,45.37,,2111,0.62,3136968.00,NO,NO,2019-11-08,62014300.00
1341,TEMX,37.56,37.92,18.00,ETF,ETF,81.00,78.00,51.00,84.00,0.52,0.09,266.00,280.00,40.16,28.32,0,NO,37.72,36.84,34.15,37.21,35.41,,397,0.00,100.00,NO,NO,2025-03-10,85000.00
1342,IETC,116.51,115.36,12332.00,ETF,ETF,81.00,89.00,86.00,86.00,1.63,1.23,30358.00,16570.00,118.70,84.32,0,NO,111.85,109.13,102.48,110.40,104.56,,2144,0.00,12332.00,NO,NO,2025-09-10,637800.00
1343,AMA,28.12,27.04,290217.00,ETF,ETF,81.00,97.00,2.00,,1.57,1.34,299734.00,260970.00,62.00,16.64,0,NO,21.62,24.02,,23.99,,,107,0.00,290217.00,NO,NO,2026-08-13,2112600.00
1344,IDGT,115.29,113.51,17750.00,ETF,ETF,81.00,81.00,53.00,64.00,2.06,1.62,26176.00,25190.00,133.05,82.45,0,NO,114.40,115.66,108.08,115.98,115.37,,6312,1.21,17750.00,NO,NO,2016-07-08,2852100.00
1345,GOLD,42.29,42.09,401997.00,Financial Services,Capital Markets,81.00,37.00,35.00,42.00,1.66,1.53,522395.00,541730.00,66.70,23.00,1232954624,NO,45.17,44.18,44.37,44.67,43.26,,3157,0.00,401997.00,NO,NO,2021-03-04,2739600.00
1346,QETH,26.53,26.84,56589.00,ETF,ETF,81.00,92.00,97.00,86.00,0.84,0.64,37112.00,37470.00,47.47,15.25,0,NO,25.77,22.86,22.39,23.38,21.04,,552,0.00,56589.00,NO,NO,2026-02-02,500400.00
1347,ADEA,25.74,25.34,1222802.00,Technology,Software - Application,81.00,81.00,12.00,42.00,0.97,0.92,1073850.00,1214357.00,34.34,11.61,2838611200,NO,25.55,26.42,25.04,26.59,27.54,,5757,0.00,1222802.00,NO,NO,2008-03-04,68886091.00
1348,EZET,20.20,20.44,50122.00,ETF,ETF,81.00,92.00,97.00,85.00,0.65,0.48,52214.00,59600.00,36.15,11.62,0,NO,19.63,17.42,17.05,17.81,16.03,,552,0.00,50122.00,NO,NO,2025-11-17,1481500.00
1349,TYO,15.69,15.57,19767.00,ETF,ETF,81.00,85.00,88.00,71.00,0.34,0.23,33373.00,34780.00,15.88,12.62,0,NO,15.46,14.97,13.99,15.08,14.34,,4394,0.00,19767.00,NO,NO,2022-09-28,1059600.00
1350,UAN,124.82,124.58,19135.00,Basic Materials,Agricultural Inputs,81.00,18.00,86.00,32.00,3.43,3.21,38431.00,30560.00,139.50,89.20,0,NO,129.68,126.71,119.31,127.84,124.24,,3894,0.00,19135.00,NO,NO,2011-04-08,1331100.00
1351,SLB,48.74,48.66,11141176.00,Energy,Oil & Gas Equipment & Services,81.00,3.00,82.00,31.00,1.53,1.46,12694485.00,14636220.00,60.46,31.64,72337145856,NO,52.65,52.92,50.49,53.01,52.03,,11279,0.00,11141176.00,YES,NO,2010-02-22,87130600.00
1352,ETHV,38.95,39.43,36058.00,ETF,ETF,81.00,92.00,97.00,85.00,1.27,1.00,48634.00,63210.00,69.72,22.40,0,NO,37.86,33.59,32.88,34.36,30.91,,552,0.00,36058.00,NO,NO,2026-04-07,1362500.00
1353,ETHW,19.08,19.31,368167.00,ETF,ETF,81.00,92.00,97.00,86.00,0.66,0.53,885685.00,562200.00,34.11,10.93,0,NO,18.53,16.44,16.10,16.81,15.13,,552,0.00,368167.00,NO,NO,2026-02-05,5985000.00
1354,BATRK,52.03,52.25,501594.00,Communication Services,Entertainment,81.00,76.00,60.00,76.00,1.20,1.16,508498.00,593570.00,54.86,37.76,3338655488,NO,51.68,51.47,47.06,51.31,49.45,,2631,0.00,501594.00,NO,NO,2016-06-24,3311400.00
1355,SWK,91.34,89.59,1710535.00,Industrials,Tools & Accessories,81.00,23.00,51.00,87.00,2.61,2.38,1738833.00,1745220.00,104.68,61.90,13793859584,NO,90.39,95.36,83.81,95.73,84.84,,11732,1.92,1710535.00,NO,NO,2009-11-03,17520500.00
1356,NRSH,31.33,30.32,59.00,ETF,ETF,81.00,79.00,28.00,82.00,0.23,0.06,1815.00,700.00,35.67,22.16,0,NO,30.27,31.02,28.74,31.05,30.34,,711,0.00,200.00,NO,NO,2023-11-30,320900.00
1357,MBWM,59.50,58.90,107324.00,Financial Services,Banks - Regional,81.00,48.00,74.00,71.00,1.25,1.22,118942.00,113580.00,62.95,42.75,1028512704,NO,60.11,60.31,54.40,60.56,55.73,,6844,0.75,107324.00,NO,NO,2012-06-22,1140400.00
1358,WDAY,186.14,186.75,1425582.00,Technology,Software - Application,81.00,16.00,95.00,90.00,6.97,6.91,4062014.00,2467270.00,247.40,110.36,44859740160,NO,189.94,185.89,157.25,189.43,150.02,,3512,0.00,1425582.00,NO,NO,2024-12-20,46874100.00
1359,FETH,26.55,26.89,1867834.00,ETF,ETF,81.00,92.00,97.00,85.00,0.92,0.75,2004173.00,2233770.00,47.54,15.22,0,NO,25.80,22.89,22.42,23.41,21.07,,552,0.00,1867834.00,NO,NO,2025-11-17,16113400.00
1360,STBA,49.64,49.01,271852.00,Financial Services,Banks - Regional,81.00,63.00,63.00,73.00,0.95,0.94,265934.00,380440.00,53.50,34.38,1750578944,NO,49.66,50.50,45.53,50.46,47.02,,8674,0.65,271852.00,NO,NO,2008-12-01,2372100.00
1361,SOYB,27.22,27.20,67313.00,ETF,ETF,81.00,56.00,84.00,64.00,0.32,0.27,78711.00,62950.00,28.19,21.45,0,NO,27.74,26.65,24.62,26.68,25.37,,3782,0.00,67313.00,NO,NO,2020-07-28,1300900.00
1362,MET,94.43,94.35,2974432.00,Financial Services,Insurance - Life,81.00,51.00,79.00,88.00,1.86,1.86,3367655.00,3445100.00,100.93,67.33,60008087552,NO,96.45,96.43,83.75,96.63,86.37,,6663,0.00,2974432.00,NO,NO,2011-03-03,151462370.00
1363,FFUT,64.33,64.28,19968.00,ETF,ETF,81.00,80.00,88.00,62.00,1.02,1.01,46053.00,64070.00,66.84,51.68,0,NO,64.55,62.52,58.56,62.73,60.04,,334,0.00,19968.00,NO,NO,2025-12-12,1858000.00
1364,JPY,39.57,39.02,1315.00,ETF,ETF,81.00,78.00,78.00,77.00,0.44,0.14,3941.00,10940.00,39.79,28.92,0,NO,39.20,38.58,35.83,38.91,36.62,,375,1.19,1315.00,NO,NO,2025-07-17,348200.00
1365,LFSC,43.40,43.46,2391.00,ETF,ETF,81.00,24.00,24.00,82.00,0.73,0.50,4323.00,2790.00,48.78,29.44,0,NO,45.07,46.04,40.10,45.81,41.45,,481,0.00,2391.00,NO,NO,2026-02-19,65400.00
1366,JHX,24.99,25.20,6275926.00,Basic Materials,Building Materials,81.00,7.00,44.00,88.00,1.06,1.03,9110776.00,17588230.00,31.43,16.46,14507256832,NO,26.94,28.24,23.90,28.37,24.33,,6277,0.00,6275926.00,NO,NO,2025-08-20,71251500.00
1367,MUR,37.66,37.47,1134731.00,Energy,Oil & Gas E&P,81.00,66.00,91.00,12.00,1.38,1.19,1661006.00,1853380.00,43.34,26.49,5398544896,NO,37.40,36.83,35.93,36.70,37.36,,11732,0.00,1134731.00,NO,NO,2017-07-25,39195300.00
1368,UVSP,41.81,41.22,175167.00,Financial Services,Banks - Regional,81.00,70.00,28.00,77.00,0.75,0.73,237100.00,256670.00,45.46,28.04,1153152000,NO,42.07,42.55,38.47,42.49,40.35,,7161,0.78,175167.00,NO,NO,2017-11-30,1435900.00
1369,JADE,79.73,79.04,2266.00,ETF,ETF,81.00,63.00,57.00,78.00,0.96,0.53,2442.00,2170.00,82.75,59.11,0,NO,79.97,78.93,73.70,79.51,76.05,,596,0.51,2266.00,NO,NO,2026-01-07,66100.00
1370,SLP,18.50,18.49,460149.00,Healthcare,Health Information Services,81.00,70.00,64.00,93.00,0.03,0.03,289150.00,273320.00,21.01,11.09,374159488,NO,18.44,18.39,16.35,18.39,16.42,,7369,0.00,460149.00,NO,NO,2025-07-15,6147000.00
1371,GABC,49.40,48.80,104348.00,Financial Services,Banks - Regional,81.00,64.00,78.00,71.00,0.93,0.92,143955.00,159050.00,52.23,37.19,1856393216,NO,49.28,49.86,44.75,50.04,46.22,,8399,0.76,104348.00,NO,NO,2009-06-26,3043350.00
1372,QCRH,100.95,99.26,136252.00,Financial Services,Banks - Regional,80.00,63.00,77.00,71.00,1.96,1.85,116969.00,118560.00,108.11,66.65,1653118208,NO,100.72,101.90,92.94,102.23,95.20,,8304,0.78,136252.00,NO,NO,2015-06-26,1448300.00
1373,FTGC,30.65,30.76,642118.00,ETF,ETF,80.00,54.00,87.00,50.00,0.34,0.27,500392.00,551250.00,31.71,22.70,0,NO,31.11,30.30,27.92,30.39,29.19,,3255,0.00,642118.00,NO,NO,2023-10-27,14133200.00
1374,ETHA,20.11,20.37,38808468.00,ETF,ETF,80.00,92.00,97.00,85.00,0.71,0.58,36551658.00,33327990.00,36.04,11.53,0,NO,19.55,17.34,16.98,17.74,15.96,,552,0.00,38808468.00,YES,NO,2025-08-22,135662400.00
1375,WUGI,92.82,91.91,2102.00,ETF,ETF,80.00,93.00,73.00,90.00,1.30,0.15,542.00,290.00,97.10,62.65,0,NO,87.50,84.96,79.59,86.00,82.29,,1636,0.00,2102.00,NO,NO,2026-01-05,125900.00
1376,EEMA,117.29,116.02,20617.00,ETF,ETF,80.00,69.00,65.00,81.00,1.77,1.37,98030.00,171310.00,122.73,89.13,0,NO,117.20,115.48,108.17,116.36,111.44,,3683,0.00,20617.00,NO,NO,2025-06-10,4652900.00
1377,FFEM,42.43,42.09,7100.00,ETF,ETF,80.00,69.00,47.00,78.00,0.61,0.39,15565.00,10500.00,45.62,30.76,0,NO,42.47,41.99,39.57,42.29,40.88,,466,0.76,7100.00,NO,NO,2024-11-22,400900.00
1378,AGEM,48.84,48.31,8909.00,ETF,ETF,80.00,60.00,52.00,79.00,0.91,0.64,10793.00,10640.00,51.50,36.22,0,NO,49.35,48.74,45.47,49.13,46.96,,408,0.00,8909.00,NO,NO,2025-10-13,952200.00
1379,TRFM,60.79,59.86,14619.00,ETF,ETF,80.00,84.00,48.00,85.00,0.81,0.61,45160.00,111460.00,64.50,43.76,0,NO,58.81,59.31,54.73,59.72,56.94,,1062,1.30,14619.00,NO,NO,2026-10-01,814500.00
1380,URBN,80.80,78.77,1069345.00,Consumer Cyclical,Apparel Retail,80.00,80.00,91.00,83.00,2.20,2.11,1116511.00,1089090.00,85.43,59.54,6921342976,NO,76.71,76.86,72.27,77.49,72.66,,8280,1.50,1069345.00,NO,NO,2010-02-05,34530300.00
1381,PTH,60.21,59.66,14927.00,ETF,ETF,80.00,51.00,52.00,79.00,1.27,1.16,65003.00,43940.00,64.10,44.47,0,NO,61.19,60.83,53.72,60.77,55.32,,5024,0.75,14927.00,NO,NO,2016-02-01,4980000.00
1382,WLY,47.50,48.90,398538.00,Communication Services,Publishing,80.00,17.00,16.00,80.00,1.57,1.56,503853.00,500589.00,57.45,28.38,2407486464,NO,48.08,50.63,41.33,49.96,45.45,,13698,0.00,398538.00,NO,NO,1991-07-03,10067200.00
1383,NIC,166.47,163.62,173613.00,Financial Services,Banks - Regional,80.00,52.00,61.00,64.00,3.71,3.55,174657.00,173330.00,180.00,114.12,3488796928,NO,167.87,170.81,153.02,171.28,157.80,,3365,0.89,173613.00,NO,NO,2026-06-18,3314400.00
1384,PBE,95.07,95.10,18132.00,ETF,ETF,80.00,35.00,76.00,79.00,1.52,1.46,28106.00,14370.00,98.82,70.01,0,NO,95.50,94.85,85.70,94.78,86.99,,5353,0.00,18132.00,NO,NO,2005-07-18,1271200.00
1385,CSX,47.43,46.54,10691604.00,Industrials,Railroads,80.00,47.00,42.00,70.00,0.87,0.84,11296234.00,12395850.00,53.60,33.63,87862886400,NO,47.65,49.44,44.30,49.34,46.64,,11571,0.73,10691604.00,YES,NO,2010-11-04,331713900.00
1386,COIX,34.31,36.82,721.00,ETF,ETF,80.00,79.00,54.00,,3.06,1.23,680.00,350.00,42.31,24.48,0,NO,36.24,32.99,,33.37,,,69,0.00,721.00,NO,NO,2026-06-26,9200.00
1387,EMPB,35.22,35.10,7221.00,ETF,ETF,80.00,78.00,83.00,78.00,0.18,0.15,7085.00,3750.00,36.02,27.68,0,NO,34.79,34.47,31.51,34.70,32.55,,452,0.00,7221.00,NO,NO,2026-01-02,51700.00
1388,OFG,51.29,50.69,198323.00,Financial Services,Banks - Regional,80.00,45.00,75.00,82.00,0.96,0.95,276152.00,322330.00,54.47,35.71,2167797248,NO,51.96,52.35,45.82,52.54,47.78,,9956,0.51,198323.00,NO,NO,1987-03-26,7571489.00
1389,HYMC,18.71,18.93,1598631.00,Basic Materials,Gold,80.00,2.00,5.00,0.00,1.35,1.18,1857209.00,2394370.00,58.73,6.22,1743429120,NO,20.89,22.82,30.80,22.95,28.37,,2153,0.00,1598631.00,NO,NO,2022-03-29,38618670.00
1390,GHM,91.49,86.90,254350.00,Industrials,Specialty Industrial Machinery,80.00,91.00,5.00,65.00,3.38,3.19,201361.00,184880.00,125.82,52.57,1073821184,NO,86.56,94.65,90.64,94.76,97.17,,11732,4.78,254350.00,NO,NO,1990-07-20,1783500.00
1391,JMOM,85.04,84.09,212497.00,ETF,ETF,80.00,83.00,67.00,81.00,0.92,0.71,133385.00,122530.00,85.91,64.82,0,NO,83.08,82.94,76.78,83.36,79.50,,2235,1.08,212497.00,NO,NO,2019-09-05,1547700.00
1392,BDX,176.80,178.07,1858299.00,Healthcare,Medical Instruments & Supplies,80.00,23.00,89.00,69.00,3.55,3.46,1784111.00,1973760.00,193.07,127.59,48157990912,NO,180.99,180.09,162.50,181.16,161.93,,13518,0.00,1858299.00,NO,NO,1991-11-08,18168714.00
1393,NWFL,33.70,33.22,37611.00,Financial Services,Banks - Regional,80.00,46.00,80.00,64.00,0.78,0.75,34642.00,39060.00,35.48,23.82,367399904,NO,34.19,34.08,31.06,34.17,31.84,,7191,1.29,37611.00,NO,NO,2023-06-23,837600.00
1394,SGLC,45.90,45.51,13624.00,ETF,ETF,80.00,76.00,79.00,80.00,0.41,0.24,13307.00,24860.00,46.25,35.88,0,NO,45.47,45.29,41.79,45.56,42.88,,880,0.67,13624.00,NO,NO,2023-08-01,399000.00
1395,SHOP,151.39,149.09,5571811.00,Technology,Software - Application,80.00,87.00,93.00,85.00,6.51,5.91,9475507.00,11836470.00,182.19,94.00,196451942400,NO,138.43,140.75,129.55,142.12,124.72,,2860,0.00,5571811.00,NO,NO,2017-10-04,208959000.00
1396,WPM,136.28,133.42,1461183.00,Basic Materials,Gold,80.00,10.00,91.00,37.00,5.25,4.36,2008192.00,2175830.00,165.76,92.57,61892919296,NO,146.49,139.85,133.01,142.79,131.44,,5345,1.61,1461183.00,NO,NO,2010-11-09,34931700.00
1397,IGE,62.67,62.32,104189.00,ETF,ETF,80.00,23.00,87.00,38.00,0.80,0.72,163304.00,118060.00,67.33,46.65,0,NO,64.13,63.51,59.92,63.80,61.32,,6253,0.00,104189.00,NO,NO,2015-12-18,22036700.00
1398,KEYX,27.28,24.54,14.00,ETF,ETF,80.00,97.00,94.00,,0.81,0.11,230.00,150.00,27.28,17.10,0,NO,21.66,21.02,,21.73,,,70,0.00,400.00,NO,NO,2026-06-24,9800.00
1399,FNLC,34.21,33.69,33672.00,Financial Services,Banks - Regional,80.00,57.00,42.00,77.00,0.97,0.97,32571.00,51160.00,36.30,24.08,385968832,NO,34.61,34.87,30.63,34.94,31.85,,6848,0.80,33672.00,NO,NO,2008-06-27,816000.00
1400,GILD,144.74,147.50,4786436.00,Healthcare,Drug Manufacturers - General,80.00,39.00,88.00,44.00,3.51,3.51,6235128.00,6380660.00,157.29,109.66,179471122432,NO,148.66,143.20,136.70,143.41,136.32,,8736,0.00,4786436.00,NO,NO,1999-11-02,455376000.00
1401,LTC,43.00,42.67,696117.00,Real Estate,REIT - Healthcare Facilities,80.00,82.00,87.00,64.00,0.87,0.85,581876.00,689980.00,43.60,33.64,2317939200,NO,42.73,41.27,38.68,41.32,39.45,,8591,0.73,696117.00,NO,NO,2013-05-03,2565900.00
1402,IAG,18.52,18.34,3491776.00,Basic Materials,Gold,80.00,13.00,88.00,26.00,0.78,0.65,5472884.00,7063290.00,24.87,10.87,10574920704,NO,19.67,18.75,18.29,19.18,17.77,,5843,0.00,3491776.00,NO,NO,2014-12-19,90834700.00
1403,FRST,15.62,15.39,88248.00,Financial Services,Banks - Regional,80.00,49.00,46.00,73.00,0.32,0.32,162380.00,164720.00,16.88,9.55,387361504,NO,15.81,16.02,14.62,16.08,15.09,,5010,0.71,88248.00,NO,NO,2026-06-26,1935500.00
1404,SPWO,34.26,33.60,62797.00,ETF,ETF,80.00,82.00,65.00,79.00,0.58,0.49,66968.00,78980.00,35.46,25.51,0,NO,33.46,33.19,31.38,33.45,32.25,,698,1.40,62797.00,NO,NO,2025-07-10,612000.00
1405,W,101.25,101.37,2214675.00,Consumer Cyclical,Internet Retail,80.00,88.00,85.00,90.00,4.93,4.62,2905936.00,2472020.00,119.98,55.60,13868016640,NO,101.28,100.42,88.25,99.83,84.59,,3018,0.00,2214675.00,NO,NO,2023-02-23,27610900.00
1406,LGRO,47.22,47.01,3847.00,ETF,ETF,80.00,75.00,83.00,85.00,0.38,0.24,6207.00,11400.00,48.18,35.71,0,NO,46.70,46.56,42.36,46.88,43.17,,781,0.00,3847.00,NO,NO,2023-08-24,1358900.00
1407,FLAX,37.00,36.70,1874.00,ETF,ETF,80.00,74.00,64.00,79.00,0.44,0.21,7263.00,4760.00,39.20,28.16,0,NO,36.84,36.23,34.20,36.53,35.23,,2174,0.62,1874.00,NO,NO,2023-11-20,352300.00
1408,JBHT,234.20,227.20,1005574.00,Industrials,Integrated Freight & Logistics,80.00,10.00,9.00,57.00,8.19,6.39,1025642.00,1143200.00,299.76,134.53,21994876928,NO,245.70,260.72,243.42,259.46,256.63,,10799,1.62,1005574.00,NO,NO,2002-07-15,28216800.00
1409,STRN,27.28,26.90,4745.00,ETF,ETF,80.00,85.00,50.00,85.00,0.27,0.19,10457.00,5190.00,29.08,19.65,0,NO,26.42,26.41,24.74,26.56,25.60,,282,1.17,4745.00,NO,NO,2025-12-17,627400.00
1410,ARVR,58.86,58.36,11.00,ETF,ETF,80.00,82.00,77.00,87.00,0.62,0.11,309.00,680.00,59.24,42.61,0,NO,57.77,56.80,52.24,57.26,53.80,,1118,0.00,11.00,NO,NO,2024-09-30,70700.00
1411,COPJ,43.97,43.07,41830.00,ETF,ETF,80.00,37.00,84.00,63.00,1.42,1.19,71400.00,50760.00,53.95,32.21,0,NO,44.92,44.40,42.81,44.91,42.08,,920,1.60,41830.00,NO,NO,2026-01-26,1161700.00
1412,FWD,134.71,132.51,169105.00,ETF,ETF,80.00,88.00,36.00,80.00,1.92,1.46,231682.00,152670.00,149.57,95.53,0,NO,129.96,129.56,124.35,130.44,129.24,,887,1.41,169105.00,NO,NO,2026-03-23,1808600.00
1413,REMG,37.04,36.50,10833.00,ETF,ETF,80.00,72.00,60.00,78.00,0.53,0.37,18706.00,18950.00,38.96,27.73,0,NO,36.97,36.40,34.35,36.70,35.38,,338,0.93,10833.00,NO,NO,2025-06-10,1114500.00
1414,EEMX,53.54,52.97,5758.00,ETF,ETF,80.00,75.00,60.00,80.00,0.70,0.40,5792.00,3480.00,56.38,40.68,0,NO,53.36,52.49,49.44,52.95,50.93,,2483,0.90,5758.00,NO,NO,2026-03-04,1193000.00
1415,ETHO,81.05,80.06,4076.00,ETF,ETF,80.00,73.00,68.00,78.00,0.67,0.43,3444.00,6290.00,83.93,61.14,0,NO,79.83,80.81,73.96,81.11,76.27,,2732,1.20,4076.00,NO,NO,2021-09-23,120000.00
1416,BNY,145.40,143.92,2830358.00,Financial Services,Banks - Diversified,80.00,9.00,41.00,77.00,3.02,2.88,3446703.00,4714120.00,165.84,103.11,98654494720,NO,153.57,157.42,136.77,157.50,143.52,,13468,0.44,2830358.00,NO,NO,2008-09-18,66396000.00
1417,EQIX,1025.72,1012.33,330015.00,Real Estate,REIT - Specialty,80.00,72.00,74.00,42.00,24.09,22.44,544938.00,547550.00,1128.68,720.62,101209522176,NO,1026.20,1043.83,987.51,1040.26,1045.49,,6574,1.15,330015.00,NO,NO,2010-10-06,30574200.00
1418,MINV,48.94,48.55,7141.00,ETF,ETF,80.00,69.00,14.00,85.00,0.63,0.36,9568.00,15420.00,61.03,32.86,0,NO,48.72,49.00,45.65,49.23,48.70,,1060,0.00,7141.00,NO,NO,2022-12-12,1709300.00
1419,ESGE,54.93,54.20,492913.00,ETF,ETF,80.00,76.00,69.00,79.00,0.80,0.56,703469.00,852950.00,57.11,42.08,0,NO,54.66,53.56,50.61,54.05,52.00,,2566,1.13,492913.00,NO,NO,2022-05-18,49535100.00
1420,EYLD,48.06,47.46,67560.00,ETF,ETF,80.00,48.00,73.00,70.00,0.73,0.59,88809.00,90930.00,50.26,36.08,0,NO,48.72,47.87,44.61,48.15,45.90,,2570,0.00,67560.00,NO,NO,2025-05-16,1234200.00
1421,VLGEA,46.00,45.53,34037.00,Consumer Defensive,Grocery Stores,80.00,88.00,84.00,52.00,1.11,1.08,52004.00,55620.00,48.21,30.08,681236608,NO,44.55,43.80,41.44,44.10,43.38,,13518,0.94,34037.00,NO,NO,1989-06-21,2449200.00
1422,SPB,78.32,79.45,385116.00,Consumer Defensive,Household & Personal Products,80.00,7.00,25.00,51.00,2.20,2.10,330322.00,335920.00,99.06,49.99,1801015040,NO,84.72,87.06,78.75,86.85,82.94,,12037,0.00,385116.00,NO,NO,2018-11-19,5876000.00
1423,SPUS,60.33,59.72,290803.00,ETF,ETF,80.00,81.00,81.00,82.00,0.64,0.54,423623.00,412650.00,60.60,46.43,0,NO,59.12,58.55,54.53,58.90,55.87,,1706,0.00,290803.00,NO,NO,2025-11-20,1765800.00
1424,BTCK,27.88,27.75,1.00,ETF,ETF,80.00,89.00,92.00,,1.15,0.86,1512.00,400.00,31.50,22.18,0,NO,28.16,26.42,,26.85,,,83,0.00,100.00,NO,NO,2026-06-04,54800.00
1425,TSSD,30.42,30.34,540.00,ETF,ETF,80.00,86.00,77.00,80.00,0.35,0.25,1682.00,1310.00,32.15,23.67,0,NO,29.96,30.07,,30.06,27.49,,191,0.23,540.00,NO,NO,2026-01-08,124400.00
1426,WS,36.97,36.33,300729.00,Basic Materials,Steel,80.00,80.00,89.00,80.00,1.38,1.34,261998.00,371720.00,49.17,27.22,1883496576,NO,34.74,35.60,37.28,35.78,36.29,,714,0.00,300729.00,NO,NO,2025-03-21,2838400.00
1427,ATEN,27.63,27.60,1009265.00,Technology,Software - Infrastructure,80.00,92.00,3.00,70.00,1.06,1.05,1279963.00,1372770.00,38.49,16.52,2006187264,NO,26.04,27.03,25.64,26.45,28.28,,3153,0.00,1009265.00,NO,NO,2022-04-25,16033800.00
1428,OCNL,27.98,28.04,18727.00,ETF,ETF,80.00,98.00,,,2.88,2.16,4530.00,3830.00,32.56,16.77,0,NO,25.74,,,,,,41,0.00,18727.00,NO,NO,2026-08-10,35100.00
1429,MSIX,31.72,31.40,13.00,ETF,ETF,80.00,4.00,86.00,,0.62,0.14,260.00,110.00,38.35,26.11,0,NO,33.70,33.76,,34.21,,,69,0.00,100.00,NO,NO,2026-06-24,9300.00
1430,RPG,59.64,59.06,206975.00,ETF,ETF,80.00,86.00,50.00,82.00,0.91,0.74,514946.00,264080.00,64.06,43.41,0,NO,57.73,57.67,54.17,58.06,56.40,,5177,0.00,206975.00,NO,NO,2019-04-03,16660000.00
1431,MTUS,19.89,19.42,282829.00,Basic Materials,Steel,80.00,77.00,84.00,81.00,0.62,0.57,361368.00,354240.00,22.58,14.19,824426240,NO,19.17,19.96,18.93,19.98,18.90,,3091,1.44,282829.00,NO,NO,2021-02-23,48569500.00
1432,BBNX,18.96,18.87,515077.00,Healthcare,Medical Devices,80.00,49.00,89.00,96.00,1.60,1.59,1304230.00,1173780.00,32.71,8.80,1022820160,NO,19.89,18.35,15.82,18.34,14.59,,421,0.00,515077.00,NO,NO,2026-01-09,8291100.00
1433,CAPA,28.57,27.73,7366.00,ETF,ETF,80.00,94.00,,,0.61,0.28,13807.00,4190.00,28.74,23.94,0,NO,26.03,,,,,,27,2.92,7366.00,NO,NO,2026-09-04,61200.00
1434,FLBR,23.93,23.29,86083.00,ETF,ETF,80.00,77.00,87.00,36.00,0.45,0.41,175980.00,226190.00,26.25,17.65,0,NO,23.46,22.55,22.55,22.65,22.84,,2238,0.56,86083.00,NO,NO,2022-04-19,3459800.00
1435,ASGM,33.09,32.95,4446.00,ETF,ETF,80.00,71.00,81.00,72.00,0.32,0.20,1274.00,4650.00,33.61,24.60,0,NO,33.05,32.43,30.31,32.58,31.19,,293,0.00,4446.00,NO,NO,2025-08-05,200100.00
1436,CF,115.01,114.54,1884871.00,Basic Materials,Agricultural Inputs,80.00,3.00,69.00,9.00,4.24,4.05,2520661.00,2795920.00,141.96,75.42,17405399040,NO,125.39,124.42,112.49,123.70,120.51,,5319,0.00,1884871.00,NO,NO,2009-02-25,86849000.00
1437,KWR,160.73,158.39,150665.00,Basic Materials,Specialty Chemicals,80.00,57.00,65.00,88.00,4.20,3.78,149477.00,150120.00,183.01,112.18,2765793792,NO,157.65,161.60,148.99,162.64,147.78,,11732,0.00,150665.00,NO,NO,1996-06-24,33880000.00
1438,NBTB,51.53,50.74,385833.00,Financial Services,Banks - Regional,80.00,72.00,74.00,77.00,0.91,0.88,348388.00,411890.00,54.50,39.20,2677501952,NO,51.29,52.00,46.84,52.11,48.15,,8698,1.02,385833.00,NO,NO,2025-05-02,2160000.00
1439,SEEM,39.19,38.74,31664.00,ETF,ETF,80.00,67.00,55.00,78.00,0.54,0.37,54606.00,35110.00,41.79,29.25,0,NO,39.24,38.77,36.54,39.05,37.67,,496,0.90,31664.00,NO,NO,2024-10-28,7424800.00
1440,TOS,30.99,30.43,15.00,ETF,ETF,80.00,83.00,78.00,82.00,0.29,0.09,1125.00,110.00,31.32,23.67,0,NO,30.15,29.64,,29.96,28.70,,170,0.00,100.00,NO,NO,2026-07-09,45100.00
1441,XBIX,34.21,34.36,15626.00,ETF,ETF,80.00,5.00,12.00,,1.08,0.58,822.00,2770.00,42.22,25.13,0,NO,35.78,36.60,,36.31,,,85,0.00,15626.00,NO,NO,2026-06-26,30300.00
1442,KSPI,94.05,92.02,438669.00,Technology,Software - Infrastructure,80.00,7.00,79.00,84.00,2.57,2.53,531515.00,472810.00,109.94,68.59,17872064512,NO,97.53,97.72,85.13,98.43,88.14,,679,0.03,438669.00,NO,NO,2024-09-19,5114700.00
1443,DFJ,116.16,115.08,10412.00,ETF,ETF,80.00,78.00,84.00,66.00,1.55,1.00,31607.00,20970.00,117.96,89.61,0,NO,115.73,113.26,106.51,114.30,107.99,,5106,0.00,10412.00,NO,NO,2018-03-06,1729300.00
1444,GSJY,56.46,55.59,4496.00,ETF,ETF,80.00,80.00,82.00,69.00,0.77,0.37,8582.00,3900.00,56.65,43.73,0,NO,55.79,54.79,51.66,55.43,52.48,,2661,1.52,4496.00,NO,NO,2024-08-05,176800.00
1445,SEIV,49.76,49.45,131589.00,ETF,ETF,80.00,51.00,77.00,76.00,0.50,0.44,150857.00,131700.00,51.66,37.70,0,NO,50.16,50.30,45.78,50.50,47.21,,1098,0.54,131589.00,NO,NO,2024-02-13,13262700.00
1446,SGRW,25.15,24.89,44.00,ETF,ETF,80.00,57.00,36.00,89.00,0.26,0.10,16007.00,2130.00,27.05,17.30,0,NO,24.96,25.44,,25.53,23.22,,179,0.00,400.00,NO,NO,2026-07-23,910600.00
1447,BITX,19.92,20.11,10959712.00,ETF,ETF,79.00,94.00,97.00,89.00,1.18,0.94,10457793.00,11099670.00,67.02,10.09,0,NO,18.71,15.97,17.74,16.39,15.59,,821,0.00,10959712.00,YES,NO,2026-02-05,41894400.00
1448,GQQQ,36.40,36.11,41025.00,ETF,ETF,79.00,81.00,71.00,83.00,0.35,0.22,18750.00,20140.00,37.78,27.67,0,NO,35.83,35.62,33.15,35.83,34.23,,503,0.00,41025.00,NO,NO,2025-01-14,760400.00
1449,GEME,41.60,41.24,13735.00,ETF,ETF,79.00,62.00,41.00,79.00,0.57,0.42,66993.00,15870.00,45.99,30.60,0,NO,41.73,41.90,39.32,42.11,40.75,,426,0.81,13735.00,NO,NO,2025-03-03,979600.00
1450,MSTX,19.82,20.00,9127012.00,ETF,ETF,79.00,98.00,98.00,61.00,2.32,2.00,8213366.00,7797880.00,271.50,6.72,0,NO,17.50,13.28,23.33,14.03,19.04,,535,0.00,9127012.00,YES,NO,2026-08-21,17299100.00
1451,NAVN,21.43,21.50,2617277.00,Technology,Software - Application,79.00,1.00,6.00,95.00,0.99,0.98,3648050.00,4362580.00,30.88,8.11,5580597248,NO,21.85,25.61,18.59,25.36,20.74,,232,0.00,2617277.00,NO,NO,2026-03-26,21264100.00
1452,AMPH,25.43,25.35,372329.00,Healthcare,Drug Manufacturers - Specialty & Generic,79.00,88.00,94.00,82.00,1.00,1.00,466279.00,644940.00,29.52,16.65,1081739904,NO,24.61,22.47,22.35,22.74,20.71,,3087,0.00,372329.00,NO,NO,2016-09-21,6087500.00
1453,LCNB,18.94,18.79,24078.00,Financial Services,Banks - Regional,79.00,56.00,82.00,74.00,0.49,0.48,38604.00,36130.00,21.32,14.31,269989472,NO,18.95,19.43,17.53,19.36,17.78,,6775,0.00,24078.00,NO,NO,2022-02-11,2190800.00
1454,ITAN,43.91,43.73,3127.00,ETF,ETF,79.00,52.00,78.00,79.00,0.44,0.29,11319.00,6780.00,45.18,33.88,0,NO,44.25,44.17,40.27,44.39,41.33,,1322,0.00,3127.00,NO,NO,2026-07-20,259400.00
1455,UTMD,74.13,74.35,19637.00,Healthcare,Medical Instruments & Supplies,79.00,82.00,75.00,74.00,1.25,1.21,32606.00,32570.00,76.89,53.66,235275120,NO,73.19,71.97,66.49,71.97,68.52,,6937,0.00,19637.00,NO,NO,2003-05-12,1520000.00
1456,FLJH,46.96,46.38,6877.00,ETF,ETF,79.00,78.00,65.00,70.00,0.55,0.34,36633.00,22280.00,47.50,36.00,0,NO,45.92,45.76,43.06,46.01,44.18,,2238,0.86,6877.00,NO,NO,2023-10-27,4593000.00
1457,ICUI,159.38,157.18,227671.00,Healthcare,Medical Instruments & Supplies,79.00,21.00,59.00,86.00,4.30,4.24,280444.00,296950.00,192.85,112.50,3985621760,NO,159.64,168.93,147.02,169.50,146.62,,8688,1.02,227671.00,NO,NO,2023-11-29,5004800.00
1458,GOP,45.36,44.92,11066.00,ETF,ETF,79.00,81.00,73.00,77.00,0.44,0.34,8934.00,6020.00,45.88,34.81,0,NO,44.65,44.51,41.48,44.71,42.90,,917,0.00,11066.00,NO,NO,2025-01-21,71400.00
1459,BAP,373.31,378.35,245641.00,Financial Services,Banks - Regional,79.00,54.00,31.00,59.00,9.26,8.95,301836.00,294620.00,413.25,230.45,29648025600,NO,381.39,381.86,350.67,382.30,360.44,,7785,0.00,245641.00,NO,NO,2011-06-06,5387007.00
1460,MSTU,43.16,43.47,7107325.00,ETF,ETF,79.00,98.00,98.00,61.00,5.07,4.35,9280528.00,7211160.00,591.00,14.60,0,NO,38.04,28.93,50.75,30.56,41.51,,512,0.00,7107325.00,NO,NO,2026-08-20,24481050.00
1461,CBK,31.88,31.47,22635.00,Financial Services,Banks - Regional,79.00,16.00,32.00,77.00,0.79,0.76,53430.00,42050.00,35.78,23.23,436796480,NO,32.73,33.74,29.36,33.81,30.93,,252,1.08,22635.00,NO,NO,2025-12-19,1268600.00
1462,IFLO,35.33,35.14,63688.00,ETF,ETF,79.00,29.00,78.00,65.00,0.41,0.30,57961.00,35300.00,37.77,26.68,0,NO,36.24,36.18,32.73,36.36,33.84,,320,0.00,63688.00,NO,NO,2026-08-03,877300.00
1463,MBBC,15.03,14.79,2527.00,Financial Services,Banks - Regional,79.00,65.00,54.00,51.00,0.26,0.21,2504.00,4790.00,15.79,10.40,45238840,NO,15.13,15.07,14.13,15.15,14.68,,1371,0.00,2527.00,NO,NO,2026-06-10,206300.00
1464,MCBS,35.23,34.68,69313.00,Financial Services,Banks - Regional,79.00,66.00,38.00,78.00,0.65,0.64,78080.00,101240.00,37.46,24.53,1013962624,NO,35.04,35.36,31.95,35.46,33.60,,1779,0.92,69313.00,NO,NO,2019-12-20,2003200.00
1465,BAX,23.49,23.64,4801808.00,Healthcare,Medical Instruments & Supplies,79.00,12.00,78.00,90.00,0.65,0.63,6570882.00,8140170.00,30.00,15.73,12144235520,NO,23.75,25.25,20.83,25.22,21.18,,11324,0.00,4801808.00,NO,NO,2000-12-12,181911787.00
1466,EQLT,38.14,37.74,658.00,ETF,ETF,79.00,40.00,59.00,77.00,0.43,0.19,1522.00,1600.00,40.89,28.92,0,NO,38.64,38.65,35.97,38.88,37.35,,3171,0.73,658.00,NO,NO,2014-02-26,104900.00
1467,GNE,16.43,16.42,68627.00,Utilities,Utilities - Regulated Electric,79.00,89.00,89.00,72.00,0.37,0.35,77753.00,82630.00,16.83,12.69,432431424,NO,15.97,15.18,14.37,15.25,14.46,,3755,0.00,68627.00,NO,NO,2023-06-23,2783900.00
1468,SHE,158.60,157.94,2269.00,ETF,ETF,79.00,71.00,73.00,81.00,1.37,0.75,2431.00,2410.00,162.02,124.40,0,NO,157.81,157.89,145.17,158.56,149.72,,2659,0.00,2269.00,NO,NO,2016-03-08,4219800.00
1469,HG,34.13,33.75,280824.00,Financial Services,Insurance - Reinsurance,79.00,34.00,53.00,65.00,0.76,0.76,406701.00,424400.00,37.31,22.66,3365709056,NO,34.27,34.99,31.56,35.08,32.86,,725,0.53,280824.00,NO,NO,2023-11-10,4339000.00
1470,JTEK,107.61,106.39,285769.00,ETF,ETF,79.00,91.00,69.00,87.00,1.81,1.40,273634.00,244150.00,111.82,75.25,0,NO,102.81,100.56,95.16,101.49,98.00,,751,0.00,285769.00,NO,NO,2023-11-21,1925100.00
1471,AHLT,31.30,31.07,134166.00,ETF,ETF,79.00,86.00,84.00,59.00,0.29,0.25,27757.00,58500.00,31.38,24.22,0,NO,30.60,29.75,28.85,29.93,29.15,,775,0.00,134166.00,NO,NO,2026-05-27,3024400.00
1472,DIVB,64.98,65.37,265802.00,ETF,ETF,79.00,21.00,73.00,78.00,0.75,0.66,272395.00,305820.00,69.82,50.58,0,NO,66.74,67.34,59.80,67.44,61.81,,2235,0.00,265802.00,NO,NO,2025-06-06,1625700.00
1473,ROE,43.26,42.88,22025.00,ETF,ETF,79.00,69.00,71.00,79.00,0.37,0.29,25768.00,32360.00,44.42,33.11,0,NO,42.99,43.19,39.70,43.37,40.94,,797,0.74,22025.00,NO,NO,2024-07-11,1429500.00
1474,THFF,74.99,73.99,79684.00,Financial Services,Banks - Regional,79.00,28.00,43.00,74.00,1.55,1.48,106920.00,135900.00,84.17,51.21,891773248,NO,76.30,78.64,69.98,78.67,72.49,,8708,1.18,79684.00,NO,NO,2025-03-21,827200.00
1475,BSRR,39.76,39.20,38157.00,Financial Services,Banks - Regional,79.00,55.00,43.00,73.00,0.76,0.74,56241.00,46240.00,43.13,26.49,515424640,NO,40.14,40.29,37.57,40.37,38.69,,8170,0.87,38157.00,NO,NO,2014-03-04,376100.00
1476,SFYF,65.57,64.81,1259.00,ETF,ETF,79.00,84.00,79.00,84.00,0.69,0.48,3031.00,2450.00,67.37,48.90,0,NO,64.47,62.92,58.73,63.50,60.25,,1862,1.09,1259.00,NO,NO,2021-04-08,112900.00
1477,EMES,28.18,27.93,687.00,ETF,ETF,79.00,63.00,51.00,80.00,0.34,0.09,323.00,570.00,29.76,21.44,0,NO,28.36,28.04,26.22,28.27,27.11,,348,0.56,687.00,NO,NO,2025-05-15,400100.00
1478,BGRO,44.85,44.34,1299.00,ETF,ETF,79.00,86.00,81.00,85.00,0.40,0.15,928.00,1790.00,44.91,33.21,0,NO,43.74,43.23,40.25,43.59,41.23,,584,0.00,1299.00,NO,NO,2025-07-08,14700.00
1479,EMGF,72.29,71.50,158487.00,ETF,ETF,79.00,68.00,61.00,78.00,1.06,0.75,170244.00,202290.00,76.58,54.88,0,NO,72.26,71.10,67.23,71.65,69.29,,2712,0.98,158487.00,NO,NO,2025-09-15,2894300.00
1480,EEE,23.15,23.11,114.00,ETF,ETF,79.00,82.00,89.00,81.00,0.24,0.09,1187.00,1950.00,23.54,18.18,0,NO,22.88,22.04,,22.24,20.76,,170,0.00,114.00,NO,NO,2026-08-17,8800.00
1481,RSPH,36.62,36.58,91272.00,ETF,ETF,79.00,39.00,83.00,79.00,0.41,0.39,138398.00,199670.00,38.19,29.46,0,NO,36.83,36.50,33.02,36.58,33.24,,5006,0.00,91272.00,NO,NO,2015-09-15,9197000.00
1482,NLSI,57.39,57.82,1067.00,ETF,ETF,79.00,61.00,86.00,83.00,0.62,0.29,2065.00,1620.00,58.74,44.08,0,NO,57.52,56.32,50.94,56.74,51.80,,204,0.00,1067.00,NO,NO,2026-06-09,45800.00
1483,HST,22.56,22.51,6570787.00,Real Estate,REIT - Hotel & Motel,79.00,78.00,41.00,75.00,0.44,0.43,9078273.00,9886010.00,25.71,15.61,15673028608,NO,22.22,22.93,21.37,22.79,22.33,,11732,0.00,6570787.00,NO,NO,2009-04-24,70603628.00
1484,HSBH,107.60,107.66,5831.00,ETF,ETF,79.00,20.00,52.00,63.00,1.75,1.16,9376.00,8030.00,118.30,71.92,0,NO,112.87,113.41,101.97,113.44,105.76,,377,0.00,5831.00,NO,NO,2025-04-23,72400.00
1485,BUSE,29.73,29.46,988006.00,Financial Services,Banks - Regional,79.00,48.00,65.00,72.00,0.56,0.56,779839.00,1021600.00,31.70,22.00,2455012864,NO,30.04,30.40,27.41,30.49,28.36,,7041,0.00,988006.00,NO,NO,2026-09-18,2952100.00
1486,EMKT,31.66,31.32,7407.00,ETF,ETF,79.00,74.00,53.00,80.00,0.40,0.23,13692.00,11910.00,33.28,23.77,0,NO,31.50,31.20,29.19,31.43,30.14,,235,1.06,7407.00,NO,NO,2026-07-01,184900.00
1487,ONC,358.07,358.77,474063.00,Healthcare,Biotechnology,79.00,59.00,90.00,70.00,9.17,7.93,389666.00,407530.00,385.22,253.95,40505651200,NO,356.82,353.31,320.10,352.75,314.38,,2682,0.00,474063.00,NO,NO,2020-11-30,5213400.00
1488,XITK,204.66,203.34,242.00,ETF,ETF,79.00,86.00,82.00,89.00,2.81,1.47,1901.00,1220.00,211.22,141.05,0,NO,197.27,196.66,179.11,199.19,184.31,,2695,0.00,242.00,NO,NO,2023-04-03,133800.00
1489,LUMA,27.60,26.26,11844.00,ETF,ETF,79.00,94.00,,,0.86,0.52,15942.00,9000.00,28.14,19.12,0,NO,25.09,24.43,,24.98,,,57,4.34,11844.00,NO,NO,2026-08-17,71800.00
1490,MPTI,77.11,76.96,30643.00,Technology,Electronic Components,79.00,86.00,9.00,63.00,2.58,2.57,169296.00,82660.00,104.85,43.55,335156768,NO,75.90,79.73,73.68,79.56,79.10,,1004,0.00,30643.00,NO,NO,2024-03-26,555100.00
1491,CALF,53.85,53.97,447296.00,ETF,ETF,79.00,18.00,78.00,77.00,0.65,0.61,558822.00,682840.00,58.34,41.60,0,NO,55.09,55.85,49.44,55.97,50.95,,2336,0.00,447296.00,NO,NO,2024-07-16,8331900.00
1492,EMXF,57.64,57.20,3270.00,ETF,ETF,79.00,67.00,61.00,79.00,0.75,0.46,8111.00,13290.00,60.04,44.11,0,NO,57.88,56.96,53.32,57.32,54.95,,1500,0.60,3270.00,NO,NO,2024-02-20,540600.00
1493,AVBP,28.27,28.93,511587.00,Healthcare,Biotechnology,79.00,16.00,7.00,67.00,1.49,1.45,524953.00,813370.00,35.83,17.00,1393929472,NO,29.27,29.91,27.32,29.50,29.24,,674,0.00,511587.00,NO,NO,2024-09-20,4315400.00
1494,ETHE,21.43,21.69,3011682.00,ETF,ETF,79.00,92.00,96.00,85.00,0.75,0.61,2433253.00,2854880.00,39.16,12.36,0,NO,20.83,18.50,18.25,18.92,17.10,,1836,0.00,3011682.00,NO,NO,2021-05-19,36683426.00
1495,EMOP,51.33,51.07,34992.00,ETF,ETF,79.00,74.00,50.00,73.00,0.61,0.42,58707.00,73810.00,54.35,38.26,0,NO,51.45,50.56,48.12,50.91,49.62,,325,0.25,34992.00,NO,NO,2026-03-30,7596700.00
1496,ARQQ,24.62,23.95,193975.00,Technology,Software - Infrastructure,79.00,95.00,88.00,95.00,1.73,1.67,357830.00,307370.00,62.00,11.52,428447392,NO,21.88,21.15,18.95,21.63,18.01,,1383,1.46,193975.00,NO,NO,2026-06-18,5673000.00
1497,SPYG,124.62,123.39,1908994.00,ETF,ETF,79.00,82.00,80.00,83.00,1.44,1.23,2224326.00,2580390.00,125.30,93.61,0,NO,122.00,120.81,112.72,121.70,115.46,,6539,0.00,1908994.00,NO,NO,2023-06-05,19715200.00
1498,GVAL,38.04,37.66,96013.00,ETF,ETF,79.00,53.00,77.00,67.00,0.56,0.46,157896.00,113120.00,39.87,28.50,0,NO,38.84,38.36,35.61,38.54,36.32,,3160,0.00,96013.00,NO,NO,2026-06-08,1668600.00
1499,KMLM,31.08,31.16,235515.00,ETF,ETF,79.00,79.00,89.00,59.00,0.35,0.32,361828.00,337990.00,31.34,25.77,0,NO,30.85,29.86,28.30,29.94,28.94,,1465,0.00,235515.00,NO,NO,2025-03-13,3517900.00
1500,MVBF,30.46,29.79,89941.00,Financial Services,Banks - Regional,79.00,57.00,81.00,81.00,0.78,0.76,49401.00,50370.00,31.99,23.99,394365600,NO,30.46,30.39,27.80,30.60,28.10,,3561,0.87,89941.00,NO,NO,2018-06-22,870500.00
1501,CLOD,35.72,35.67,615.00,ETF,ETF,79.00,84.00,88.00,89.00,0.32,0.04,471.00,290.00,36.31,24.72,0,NO,34.97,34.28,30.78,34.57,31.14,,701,0.00,615.00,NO,NO,2024-04-22,106900.00
1502,VOOG,86.50,85.69,1469959.00,ETF,ETF,79.00,82.00,80.00,83.00,1.01,0.85,1195017.00,1394340.00,87.00,64.99,0,NO,84.72,83.89,78.27,84.49,80.17,,4041,0.00,1469959.00,NO,NO,2025-04-09,7119000.00
1503,IVW,143.91,142.53,2505187.00,ETF,ETF,79.00,82.00,80.00,83.00,1.68,1.42,1389009.00,1743650.00,144.74,108.13,0,NO,140.89,139.54,130.19,140.54,133.35,,6627,0.00,2505187.00,NO,NO,2024-03-14,55163800.00
1504,MGA,64.57,64.46,712726.00,Consumer Cyclical,Auto Parts,79.00,53.00,48.00,73.00,1.63,1.44,1232984.00,1111540.00,73.22,43.11,17273755648,NO,64.59,66.97,61.71,67.58,63.65,,10579,0.00,712726.00,NO,NO,1992-10-06,41434000.00
1505,TILL,20.18,20.02,15292.00,ETF,ETF,79.00,32.00,89.00,62.00,0.25,0.20,49969.00,49400.00,21.21,16.45,0,NO,20.44,19.73,18.14,19.79,18.59,,1099,0.25,15292.00,NO,NO,2022-08-08,1914500.00
1506,KAIT,27.74,26.83,1278.00,ETF,ETF,79.00,92.00,,,0.65,0.32,25122.00,17750.00,27.74,23.30,0,NO,25.64,,,,,,32,3.28,1278.00,NO,NO,2026-09-08,81500.00
1507,NRC,20.35,21.32,124145.00,Healthcare,Health Information Services,79.00,77.00,16.00,76.00,0.96,0.95,115601.00,154580.00,23.68,11.01,450133184,NO,21.12,21.00,18.97,20.82,19.52,,3361,0.00,124145.00,NO,NO,2017-02-17,1033900.00
1508,TXBC,18.53,18.77,1217.00,ETF,ETF,79.00,92.00,96.00,83.00,0.49,0.26,1809.00,2170.00,25.53,11.68,0,NO,17.97,15.94,16.09,16.27,15.07,,222,0.00,1217.00,NO,NO,2026-09-09,16900.00
1509,NOV,18.80,18.91,3128720.00,Energy,Oil & Gas Equipment & Services,79.00,5.00,81.00,36.00,0.57,0.53,3314465.00,3773240.00,21.93,12.29,6701788160,NO,20.23,20.36,19.38,20.28,19.79,,7529,0.00,3128720.00,NO,NO,2021-09-17,89460700.00
1510,LNG,269.95,272.40,2823797.00,Energy,Oil & Gas Midstream,79.00,12.00,86.00,23.00,7.22,6.86,1876780.00,2144250.00,300.89,186.20,55753900032,NO,273.30,272.09,246.89,272.84,260.56,,8180,0.00,2823797.00,NO,NO,2011-10-26,32573600.00
1511,IDHQ,43.50,43.00,403535.00,ETF,ETF,79.00,39.00,50.00,80.00,0.50,0.38,173292.00,306470.00,46.35,33.24,0,NO,43.87,44.59,40.34,44.73,41.53,,4858,0.00,403535.00,NO,NO,2008-11-24,1182800.00
1512,KARO,60.00,60.76,63273.00,Technology,Software - Application,79.00,16.00,82.00,79.00,2.39,2.36,102679.00,99870.00,68.80,41.25,1853597952,NO,63.98,64.07,52.87,64.10,55.22,,1383,0.00,63273.00,NO,NO,2025-06-12,856900.00
1513,IOT,41.12,40.04,5715975.00,Technology,Software - Infrastructure,79.00,92.00,86.00,85.00,1.70,1.68,6016474.00,5170630.00,47.47,23.38,24080084992,NO,39.42,39.09,33.64,39.62,34.69,,1204,0.92,5715975.00,NO,NO,2026-03-06,33401800.00
1514,SMC,30.84,30.63,66375.00,Energy,Oil & Gas Midstream,79.00,8.00,72.00,45.00,1.06,1.03,58107.00,95940.00,36.47,19.83,425086784,NO,32.29,32.66,30.20,32.67,30.87,,3522,0.00,66375.00,NO,NO,2025-06-27,1383500.00
1515,IFF,82.42,83.12,1853855.00,Basic Materials,Specialty Chemicals,79.00,26.00,56.00,67.00,1.73,1.58,1693596.00,1897040.00,89.32,59.14,21029459968,NO,84.53,83.94,76.35,84.25,77.93,,13057,0.00,1853855.00,NO,NO,2021-02-01,30551300.00
1516,EGO,38.12,37.61,3363824.00,Basic Materials,Gold,79.00,7.00,89.00,51.00,1.82,1.50,2785912.00,3856640.00,51.16,24.44,9942089728,NO,41.61,40.25,37.00,40.91,35.31,,5962,0.00,3363824.00,NO,NO,2020-02-21,20222100.00
1517,ESEA,72.42,70.51,43520.00,Industrials,Marine Shipping,79.00,21.00,81.00,54.00,2.33,2.26,43398.00,40120.00,79.67,51.00,510950688,NO,73.24,74.88,67.00,75.03,70.44,,5135,0.00,43520.00,NO,NO,2020-05-27,14008879.00
1518,LARK,31.36,31.30,5880.00,Financial Services,Banks - Regional,79.00,56.00,72.00,81.00,0.75,0.65,8960.00,8270.00,34.60,23.57,191312752,NO,32.03,31.96,28.72,31.93,29.36,,8184,0.00,5880.00,NO,NO,1994-03-28,1448170.00
1519,NXTE,49.47,48.38,4354.00,ETF,ETF,79.00,84.00,32.00,83.00,0.69,0.35,3382.00,5550.00,54.97,35.99,0,NO,48.10,47.50,45.07,47.87,46.64,,1006,0.00,4354.00,NO,NO,2024-03-06,996200.00
1520,WRND,44.05,43.37,651.00,ETF,ETF,79.00,82.00,79.00,80.00,0.50,0.05,568.00,1350.00,44.06,34.38,0,NO,43.07,42.75,40.29,43.13,41.19,,1167,1.35,651.00,NO,NO,2023-06-09,227400.00
1521,RWEM,36.21,35.83,6381.00,ETF,ETF,79.00,60.00,66.00,76.00,1.01,0.92,9207.00,4000.00,42.02,26.00,0,NO,36.64,36.04,33.63,36.39,34.74,,1203,0.00,6381.00,NO,NO,2022-01-21,1178900.00
1522,EWJV,48.48,48.02,260085.00,ETF,ETF,79.00,67.00,80.00,65.00,0.80,0.46,167023.00,115690.00,50.22,37.41,0,NO,48.95,47.96,44.71,48.35,45.51,,1905,0.52,260085.00,NO,NO,2024-04-02,1587400.00
1523,FDSB,17.40,17.33,7774.00,Financial Services,Banks - Regional,79.00,26.00,81.00,74.00,0.26,0.25,6300.00,7330.00,18.69,13.00,91100448,NO,18.12,18.06,15.99,18.10,16.41,,545,0.00,7774.00,NO,NO,2024-08-01,619200.00
1524,CTAP,29.97,29.83,19024.00,ETF,ETF,79.00,68.00,89.00,57.00,0.68,0.55,105988.00,21820.00,33.64,24.80,0,NO,30.44,29.07,28.24,29.26,28.70,,204,0.00,19024.00,NO,NO,2026-07-21,3195000.00
1525,BMNP,99.48,99.22,4133.00,Finance,Financial conglomerates,78.00,75.00,90.00,,0.80,0.79,38977.00,17520.00,99.88,79.73,0,NO,98.69,94.55,,95.25,,,76,0.00,4133.00,NO,NO,2026-07-31,400000.00
1526,QQQS,42.88,42.45,5919.00,ETF,ETF,78.00,35.00,38.00,82.00,0.63,0.50,6184.00,5110.00,45.44,31.17,0,NO,43.13,43.61,39.62,43.71,41.27,,996,0.00,5919.00,NO,NO,2024-07-12,88300.00
1527,MFUT,19.76,19.68,20093.00,ETF,ETF,78.00,63.00,82.00,59.00,0.19,0.19,24439.00,13130.00,22.00,15.26,0,NO,20.00,19.64,18.62,19.68,19.05,,589,0.07,20093.00,NO,NO,2026-08-06,815500.00
1528,TLG,28.59,28.17,5025.00,ETF,ETF,78.00,85.00,84.00,79.00,0.31,0.21,24611.00,5720.00,28.84,22.41,0,NO,27.64,27.49,,27.79,,,140,1.49,5025.00,NO,NO,2026-09-03,1186700.00
1529,EWJ,98.92,97.38,7328612.00,ETF,ETF,78.00,81.00,77.00,71.00,1.58,1.02,3996019.00,4386530.00,99.22,78.21,0,NO,97.46,95.98,90.39,96.92,92.14,,7686,1.37,7328612.00,NO,NO,2011-03-15,99041775.00
1530,TRUN,29.64,29.57,17.00,ETF,ETF,78.00,41.00,,,0.32,0.05,314.00,190.00,31.13,25.62,0,NO,29.95,29.27,,29.36,,,62,0.00,17.00,NO,NO,2026-08-27,2000.00
1531,ONEQ,107.11,105.90,412502.00,ETF,ETF,78.00,82.00,78.00,82.00,1.34,1.09,248273.00,205800.00,107.76,81.45,0,NO,104.93,103.65,97.37,104.41,99.85,,5788,0.00,412502.00,NO,NO,2008-07-08,24904000.00
1532,INCY,115.30,117.14,2169074.00,Healthcare,Biotechnology,78.00,9.00,58.00,78.00,3.31,3.27,1597598.00,1789510.00,132.60,82.82,23371051008,NO,123.49,123.63,106.86,122.51,108.64,,8283,0.00,2169074.00,NO,NO,2017-02-27,33193000.00
1533,ETSY,72.77,72.84,1975132.00,Consumer Cyclical,Internet Retail,78.00,8.00,41.00,90.00,2.90,2.86,3027660.00,3701520.00,87.97,44.00,6678957056,NO,72.34,78.38,65.68,77.48,69.43,,2884,0.00,1975132.00,NO,NO,2024-09-20,37801100.00
1534,EWS,32.96,33.20,1426387.00,ETF,ETF,78.00,35.00,85.00,72.00,0.36,0.21,1128760.00,1163740.00,34.60,26.70,0,NO,33.41,33.34,29.97,33.44,30.66,,7686,0.00,1426387.00,NO,NO,2008-03-28,12505100.00
1535,IUSG,196.16,194.19,392137.00,ETF,ETF,78.00,82.00,79.00,83.00,2.20,1.82,465426.00,419180.00,197.19,148.39,0,NO,192.08,190.54,178.00,191.87,182.33,,6584,0.00,392137.00,NO,NO,2018-12-11,8178500.00
1536,EEM,67.67,66.81,18287381.00,ETF,ETF,78.00,73.00,61.00,77.00,1.02,0.73,20163723.00,19964310.00,71.57,51.82,0,NO,67.45,66.41,62.99,66.98,64.78,,5906,1.18,18287381.00,YES,NO,2008-11-21,248682100.00
1537,FDIF,42.04,41.71,3900.00,ETF,ETF,78.00,80.00,76.00,84.00,0.42,0.28,7841.00,3130.00,42.27,31.30,0,NO,41.41,40.99,37.67,41.26,38.46,,826,0.00,3900.00,NO,NO,2026-07-07,245800.00
1538,ECBK,20.43,20.36,5205.00,Financial Services,Banks - Regional,78.00,41.00,68.00,79.00,0.58,0.57,9071.00,10130.00,21.78,14.83,178511248,NO,20.74,20.67,18.74,20.74,19.24,,1050,0.00,5205.00,NO,NO,2022-07-28,1934400.00
1539,BWA,60.52,60.38,2152386.00,Consumer Cyclical,Auto Parts,78.00,17.00,19.00,69.00,1.89,1.81,2228430.00,3166460.00,78.82,40.50,12325888000,NO,62.75,64.53,59.45,65.20,62.99,,8341,0.00,2152386.00,NO,NO,2025-03-21,55739000.00
1540,MTD,1486.19,1481.17,125521.00,Healthcare,Diagnostics & Research,78.00,89.00,90.00,75.00,47.20,46.74,183460.00,229440.00,1554.83,1023.05,29778132992,NO,1416.90,1408.47,1318.60,1408.75,1284.96,,7264,0.00,125521.00,NO,NO,1999-01-29,5587700.00
1541,IPAR,113.95,111.85,247488.00,Consumer Defensive,Household & Personal Products,78.00,50.00,26.00,83.00,3.58,3.30,255433.00,274720.00,129.29,77.21,3649337600,NO,113.69,117.10,101.70,116.86,105.27,,9738,1.39,247488.00,NO,NO,2005-10-26,3451200.00
1542,GEM,51.58,50.93,168000.00,ETF,ETF,78.00,71.00,60.00,77.00,0.76,0.51,117207.00,129560.00,54.29,39.63,0,NO,51.54,50.76,47.98,51.18,49.33,,2769,1.20,168000.00,NO,NO,2021-03-08,17486200.00
1543,BUZZ,38.83,38.41,13169.00,ETF,ETF,78.00,88.00,81.00,88.00,0.76,0.58,45793.00,50480.00,41.23,26.93,0,NO,38.15,36.59,34.57,37.02,35.29,,1403,0.00,13169.00,NO,NO,2021-03-04,18199900.00
1544,MEMA,31.83,31.35,7303.00,ETF,ETF,78.00,74.00,70.00,75.00,0.51,0.20,10544.00,8480.00,33.05,25.64,0,NO,31.54,30.87,,31.12,30.32,,192,0.00,7303.00,NO,NO,2026-04-02,59300.00
1545,QVAL,58.97,59.00,30454.00,ETF,ETF,78.00,28.00,80.00,66.00,0.54,0.48,28457.00,34210.00,62.73,44.98,0,NO,59.89,60.36,55.11,60.53,56.57,,3004,0.00,30454.00,NO,NO,2020-04-24,579400.00
1546,CMCO,16.74,15.94,355759.00,Industrials,Farm & Heavy Construction Machinery,78.00,29.00,92.00,78.00,0.79,0.69,554547.00,427180.00,24.40,11.99,483043136,NO,16.65,17.74,16.83,18.02,15.79,,7702,3.45,355759.00,NO,NO,2025-02-11,4574900.00
1547,MIGO,30.18,30.05,15.00,ETF,ETF,78.00,79.00,56.00,87.00,0.25,0.06,2426.00,160.00,30.84,21.81,0,NO,29.63,29.58,,29.79,28.11,,151,0.00,300.00,NO,NO,2026-04-10,712700.00
1548,CHGX,33.33,33.23,19098.00,ETF,ETF,78.00,67.00,66.00,81.00,0.29,0.23,15677.00,19680.00,34.33,25.96,0,NO,33.08,33.30,30.50,33.41,31.56,,2257,0.00,19098.00,NO,NO,2022-04-20,719263.00
1549,SFY,155.13,153.98,33944.00,ETF,ETF,78.00,79.00,79.00,81.00,1.45,1.13,14500.00,12700.00,156.06,120.23,0,NO,152.84,151.58,141.36,152.52,144.81,,1880,0.00,33944.00,NO,NO,2025-01-21,2873400.00
1550,KO,85.65,86.10,19281489.00,Consumer Defensive,Beverages - Non-Alcoholic,78.00,42.00,76.00,63.00,1.15,1.08,15793704.00,16448130.00,92.49,65.84,368513318912,NO,87.70,87.94,80.01,88.12,82.31,,16297,0.00,19281489.00,YES,NO,2009-09-18,124169000.00
1551,STLR,24.53,25.32,1562.00,ETF,ETF,78.00,95.00,74.00,,1.26,0.98,2117.00,4740.00,31.78,17.18,0,NO,23.23,21.41,,21.50,,,128,0.00,1562.00,NO,NO,2026-06-22,20200.00
1552,METV,21.16,20.94,18423.00,ETF,ETF,78.00,86.00,87.00,87.00,0.35,0.30,49614.00,51810.00,21.86,15.16,0,NO,20.86,19.96,18.43,20.13,18.61,,1321,0.00,18423.00,NO,NO,2021-11-18,7976500.00
1553,PSMT,170.68,167.64,286265.00,Consumer Defensive,Discount Stores,78.00,60.00,13.00,64.00,3.78,3.69,249241.00,243710.00,199.84,111.68,5267274240,NO,170.66,176.04,162.31,175.24,171.10,,7317,1.45,286265.00,NO,NO,2019-09-25,4886600.00
1554,JBL,304.41,299.79,1376528.00,Technology,Electronic Components,78.00,77.00,15.00,67.00,13.78,13.28,1175655.00,2037950.00,428.93,189.60,31898236928,NO,306.02,316.86,301.66,318.34,323.34,,8413,1.30,1376528.00,NO,NO,2014-11-04,36679300.00
1555,NWBI,15.19,14.99,1014699.00,Financial Services,Banks - Regional,78.00,55.00,63.00,74.00,0.30,0.29,1020053.00,1330790.00,16.16,11.25,2223762944,NO,15.30,15.46,13.92,15.49,14.47,,8029,1.07,1014699.00,NO,NO,2009-12-18,17001600.00
1556,TAGS,27.36,27.19,5649.00,ETF,ETF,78.00,28.00,87.00,61.00,0.33,0.26,18534.00,19170.00,28.99,22.56,0,NO,27.85,26.96,24.82,27.04,25.45,,3650,0.40,5649.00,NO,NO,2026-04-09,393000.00
1557,BTCL,20.33,20.54,43479.00,ETF,ETF,78.00,94.00,97.00,89.00,1.11,0.88,80811.00,85440.00,68.29,10.40,0,NO,19.09,16.30,18.35,16.73,16.01,,561,0.00,43479.00,NO,NO,2026-02-05,1017300.00
1558,FLOW,41.92,42.12,430.00,ETF,ETF,78.00,18.00,84.00,73.00,0.38,0.25,3809.00,3310.00,45.39,33.23,0,NO,42.76,43.14,38.56,43.28,39.40,,810,0.00,430.00,NO,NO,2025-01-31,41300.00
1559,CM,111.02,109.95,1708384.00,Financial Services,Banks - Diversified,78.00,33.00,37.00,70.00,2.04,1.89,1259388.00,2037440.00,124.86,79.32,100798988288,NO,113.50,116.25,106.67,116.34,111.32,,7265,0.00,1708384.00,NO,NO,2017-06-23,26519600.00
1560,POW,27.08,26.37,23037.00,ETF,ETF,78.00,89.00,23.00,61.00,0.51,0.39,46025.00,20560.00,35.55,18.72,0,NO,25.97,26.26,26.26,26.44,27.82,,234,1.74,23037.00,NO,NO,2026-05-06,600000.00
1561,FBCG,63.97,63.40,870189.00,ETF,ETF,78.00,84.00,77.00,83.00,0.85,0.72,597125.00,639040.00,64.38,47.60,0,NO,62.57,61.84,58.00,62.31,59.53,,1590,0.00,870189.00,NO,NO,2024-12-31,20180400.00
1562,ASTH,35.88,34.91,310356.00,Healthcare,Medical Care Facilities,78.00,17.00,4.00,91.00,1.93,1.87,470838.00,487790.00,51.60,18.08,1779804800,NO,36.28,37.10,32.68,37.25,36.42,,4419,1.78,310356.00,NO,NO,2021-09-17,6954600.00
1563,AVEM,95.41,94.06,1435064.00,ETF,ETF,78.00,72.00,61.00,75.00,1.33,0.98,1784492.00,1919490.00,100.83,72.94,0,NO,94.75,93.38,88.82,94.15,91.34,,1769,1.18,1435064.00,NO,NO,2025-05-12,12045200.00
1564,IYZ,42.57,41.61,601548.00,ETF,ETF,78.00,64.00,76.00,48.00,0.62,0.58,884711.00,564010.00,46.07,31.06,0,NO,42.04,42.42,40.31,42.66,41.99,,6627,1.25,601548.00,NO,NO,2023-07-10,8922100.00
1565,CNEQ,41.01,40.68,241818.00,ETF,ETF,78.00,83.00,68.00,86.00,0.57,0.48,180839.00,138310.00,42.15,29.47,0,NO,40.21,39.71,36.96,40.04,38.12,,626,0.00,241818.00,NO,NO,2026-03-10,3760000.00
1566,AVSE,80.35,79.14,6534.00,ETF,ETF,78.00,74.00,56.00,78.00,1.01,0.62,12458.00,7910.00,84.92,61.79,0,NO,79.59,78.35,74.43,78.99,76.54,,1132,1.36,6534.00,NO,NO,2025-06-13,186900.00
1567,RXL,57.05,57.24,22100.00,ETF,ETF,78.00,14.00,77.00,82.00,1.05,0.94,15414.00,12230.00,64.60,42.76,0,NO,58.60,58.90,52.01,58.69,51.80,,4949,0.00,22100.00,NO,NO,2010-06-21,5489600.00
1568,PJFV,100.27,99.54,4186.00,ETF,ETF,78.00,71.00,67.00,76.00,0.90,0.71,16093.00,9360.00,102.79,78.13,0,NO,100.19,100.46,92.42,100.76,95.20,,953,0.00,4186.00,NO,NO,2026-05-20,193900.00
1569,GNRC,216.80,207.91,1112057.00,Industrials,Specialty Industrial Machinery,78.00,95.00,8.00,63.00,11.66,9.35,1202373.00,1336780.00,296.44,134.80,12805061632,NO,197.02,200.80,212.59,202.51,225.97,,4186,1.85,1112057.00,NO,NO,2020-02-12,13312000.00
1570,CPER,39.52,39.51,303017.00,ETF,ETF,78.00,66.00,79.00,70.00,0.66,0.43,497696.00,526990.00,41.52,30.01,0,NO,39.88,39.78,37.45,39.86,37.98,,3741,0.00,303017.00,NO,NO,2026-01-29,9379500.00
1571,FYLD,39.64,39.31,84228.00,ETF,ETF,78.00,46.00,83.00,51.00,0.50,0.42,71060.00,101850.00,41.34,30.32,0,NO,40.47,40.12,37.59,40.29,38.54,,3227,0.00,84228.00,NO,NO,2026-06-08,1688900.00
1572,WEAT,24.75,24.72,241307.00,ETF,ETF,78.00,8.00,84.00,55.00,0.46,0.40,595650.00,451420.00,28.41,19.78,0,NO,25.85,25.51,23.18,25.49,24.02,,3782,0.00,241307.00,NO,NO,2022-03-04,5474120.00
1573,CATY,60.84,60.08,463283.00,Financial Services,Banks - Regional,78.00,53.00,43.00,78.00,1.14,1.11,468606.00,587000.00,65.26,44.57,4058868736,NO,61.37,62.38,56.30,62.49,58.53,,9014,1.12,463283.00,NO,NO,2023-09-15,12909900.00
1574,GROZ,34.26,33.87,6831.00,ETF,ETF,78.00,84.00,83.00,81.00,0.37,0.27,20819.00,22830.00,34.38,26.43,0,NO,33.44,32.96,30.94,33.22,31.49,,457,0.00,6831.00,NO,NO,2026-04-15,202500.00
1575,GTES,27.65,26.50,1670856.00,Industrials,Specialty Industrial Machinery,78.00,91.00,70.00,83.00,0.82,0.79,1833338.00,1723240.00,30.34,20.88,6999629824,NO,26.10,26.62,25.36,26.79,25.81,,2184,1.81,1670856.00,NO,NO,2024-07-19,36627800.00
1576,BMED,33.80,34.56,222.00,ETF,ETF,78.00,66.00,83.00,73.00,0.40,0.23,2204.00,2630.00,34.98,27.25,0,NO,33.97,33.15,30.52,33.29,30.42,,1506,0.00,200.00,NO,NO,2021-12-06,113100.00
1577,MGK,93.68,92.76,1892398.00,ETF,ETF,78.00,85.00,82.00,84.00,1.19,0.99,1253458.00,1445620.00,94.31,63.74,0,NO,91.39,89.82,84.43,90.50,86.06,,4721,0.00,1892398.00,NO,NO,2009-01-08,36061500.00
1578,ABM,48.97,48.46,370082.00,Industrials,Specialty Business Services,78.00,86.00,87.00,84.00,1.06,1.01,446388.00,522980.00,51.29,36.96,2870356736,NO,49.32,48.39,44.05,48.36,43.93,,11732,0.76,370082.00,NO,NO,2024-06-21,5993500.00
1579,SSK,15.95,15.96,19730.00,ETF,ETF,78.00,95.00,96.00,92.00,0.65,0.51,59125.00,41860.00,36.54,8.37,0,NO,14.87,12.75,12.91,13.16,11.68,,316,0.00,19730.00,NO,NO,2025-08-14,2186300.00
1580,QQH,88.86,87.79,27931.00,ETF,ETF,78.00,88.00,81.00,84.00,1.38,1.07,61525.00,80200.00,89.64,68.57,0,NO,85.86,84.14,79.91,84.93,81.25,,1754,0.24,27931.00,NO,NO,2019-10-14,774000.00
1581,ROBT,60.19,59.67,36577.00,ETF,ETF,78.00,82.00,80.00,85.00,0.86,0.68,39173.00,31820.00,60.97,44.01,0,NO,58.74,58.34,53.95,58.89,54.64,,2158,0.00,36577.00,NO,NO,2025-10-08,518600.00
1582,GFLW,33.86,33.78,118169.00,ETF,ETF,78.00,74.00,66.00,84.00,0.37,0.33,199892.00,263550.00,34.94,25.00,0,NO,33.43,33.46,30.49,33.67,31.47,,457,0.00,118169.00,NO,NO,2025-03-04,5297900.00
1583,MLI,62.56,61.32,1250335.00,Industrials,Metal Fabrication,78.00,73.00,86.00,66.00,1.27,1.19,1534033.00,2287740.00,71.12,48.27,13837108224,NO,61.00,63.55,62.36,63.46,62.78,,8966,1.11,1250335.00,NO,NO,2024-11-25,47070600.00
1584,TDI,47.05,46.63,67440.00,ETF,ETF,78.00,68.00,77.00,66.00,0.60,0.45,79747.00,172260.00,47.90,36.42,0,NO,47.06,46.66,43.94,46.95,44.84,,705,0.45,67440.00,NO,NO,2026-09-28,770800.00
1585,DMLP,28.64,28.60,53404.00,Energy,Oil & Gas E&P,78.00,50.00,89.00,42.00,0.66,0.64,168174.00,96640.00,30.54,20.85,1405977856,NO,29.24,28.32,26.64,28.53,27.58,,5955,0.00,53404.00,NO,NO,2026-06-18,1143100.00
1586,ACEP,20.00,20.00,791.00,ETF,ETF,78.00,41.00,65.00,67.00,0.14,0.07,3420.00,2350.00,20.99,15.46,0,NO,20.19,20.40,18.90,20.45,19.50,,215,0.00,791.00,NO,NO,2026-06-26,51600.00
1587,IEZ,26.81,26.74,468395.00,ETF,ETF,78.00,5.00,77.00,16.00,0.54,0.51,215266.00,363260.00,32.87,17.86,0,NO,28.33,28.79,27.94,28.87,29.01,,5135,0.00,468395.00,NO,NO,2020-05-12,13030000.00
1588,FFF,27.36,27.06,10147.00,ETF,ETF,78.00,85.00,85.00,87.00,0.35,0.19,2633.00,3480.00,27.66,19.85,0,NO,26.86,26.11,,26.37,24.28,,196,0.00,10147.00,NO,NO,2026-02-06,21600.00
1589,CLSM,28.00,27.81,3001.00,ETF,ETF,78.00,80.00,75.00,77.00,0.22,0.10,9709.00,5120.00,28.13,22.42,0,NO,27.56,27.35,25.65,27.50,26.41,,1313,0.61,3001.00,NO,NO,2021-07-13,8221200.00
1590,TEMT,34.45,34.31,152838.00,ETF,ETF,78.00,97.00,94.00,95.00,4.78,4.66,220992.00,190410.00,152.22,11.52,0,NO,32.61,25.37,26.22,26.89,22.21,,350,0.00,152838.00,NO,NO,2025-08-08,1692667.00
1591,TNXT,28.96,28.73,246.00,ETF,ETF,78.00,78.00,76.00,84.00,0.23,0.06,701.00,210.00,29.22,21.63,0,NO,28.57,28.30,,28.49,26.66,,171,0.00,246.00,NO,NO,2026-02-03,60000.00
1592,GSEE,69.60,68.82,1990.00,ETF,ETF,78.00,71.00,59.00,77.00,0.79,0.33,3611.00,850.00,74.01,54.34,0,NO,69.39,68.38,64.94,68.93,66.70,,1602,0.00,1990.00,NO,NO,2023-11-29,1585300.00
1593,NANC,52.95,52.61,24379.00,ETF,ETF,78.00,82.00,79.00,82.00,0.53,0.44,15846.00,14790.00,53.17,40.78,0,NO,51.98,51.50,47.87,51.81,48.83,,917,0.00,24379.00,NO,NO,2025-04-07,353200.00
1594,TEXN,33.71,33.23,11271.00,ETF,ETF,78.00,71.00,80.00,64.00,0.22,0.12,2212.00,3270.00,34.25,25.96,0,NO,33.51,33.09,31.27,33.26,32.23,,322,1.34,11271.00,NO,NO,2025-06-25,108700.00
1595,ABOT,43.65,43.45,357.00,ETF,ETF,78.00,62.00,85.00,86.00,0.31,0.03,347.00,180.00,44.73,32.14,0,NO,43.52,43.15,38.42,43.34,39.09,,1461,0.00,357.00,NO,NO,2020-12-10,3397200.00
1596,LIVN,75.07,74.70,528515.00,Healthcare,Medical Devices,78.00,12.00,14.00,74.00,2.10,2.07,650066.00,776840.00,85.76,48.82,4123860480,NO,77.93,79.22,71.35,78.74,73.90,,2755,0.00,528515.00,NO,NO,2017-06-23,6983200.00
1597,FELV,41.60,41.44,428108.00,ETF,ETF,78.00,43.00,71.00,76.00,0.36,0.31,224384.00,382800.00,43.26,32.73,0,NO,42.07,42.38,38.56,42.48,39.65,,719,0.00,428108.00,NO,NO,2024-12-31,6536600.00
1598,USXF,69.07,68.56,59681.00,ETF,ETF,78.00,80.00,68.00,82.00,0.77,0.62,64455.00,127670.00,70.69,53.05,0,NO,67.83,67.95,63.25,68.31,65.18,,1581,0.00,59681.00,NO,NO,2025-05-20,3565900.00
1599,VRT,252.18,246.12,3336969.00,Industrials,Electrical Equipment & Parts,78.00,53.00,5.00,24.00,9.54,8.42,5275369.00,4323180.00,379.94,147.82,97086308352,NO,251.27,260.77,264.61,261.93,289.81,,2053,1.84,3336969.00,NO,NO,2026-03-20,87826600.00
1600,IWX,109.92,109.40,156952.00,ETF,ETF,78.00,47.00,71.00,75.00,0.89,0.72,375328.00,447240.00,113.95,86.44,0,NO,111.15,111.60,101.96,111.87,104.73,,4280,0.00,156952.00,NO,NO,2025-03-04,10183200.00
1601,UNF,251.78,252.32,555375.00,Industrials,Specialty Business Services,77.00,13.00,22.00,30.00,7.09,7.09,236760.00,369950.00,306.67,147.66,4553232896,NO,263.50,278.56,253.70,276.46,269.08,,10763,0.00,555375.00,NO,NO,2026-03-11,2388900.00
1602,FXNC,30.06,29.63,11487.00,Financial Services,Banks - Regional,77.00,45.00,68.00,61.00,0.90,0.88,32160.00,33450.00,33.24,21.59,271821408,NO,30.46,30.94,28.38,31.02,29.24,,6972,0.71,11487.00,NO,NO,2025-06-27,969500.00
1603,NOG,23.83,23.52,1735702.00,Energy,Oil & Gas E&P,77.00,9.00,95.00,7.00,0.89,0.79,2507450.00,2452180.00,31.17,17.18,2539065600,NO,24.60,24.14,24.06,24.50,23.92,,4900,0.00,1735702.00,NO,NO,2023-02-01,17165800.00
1604,SFST,60.85,59.88,47418.00,Financial Services,Banks - Regional,77.00,45.00,55.00,60.00,1.49,1.46,103819.00,96720.00,65.09,40.90,576356288,NO,61.42,62.26,58.12,62.51,59.26,,6773,1.12,47418.00,NO,NO,2026-04-16,579000.00
1605,JHEM,40.08,39.60,121770.00,ETF,ETF,77.00,63.00,64.00,74.00,0.51,0.35,68661.00,37660.00,42.16,30.85,0,NO,40.24,39.64,37.58,39.93,38.62,,2013,0.81,121770.00,NO,NO,2019-02-19,6657600.00
1606,EPIN,28.41,28.16,18.00,ETF,ETF,77.00,56.00,52.00,76.00,0.23,0.04,558.00,500.00,29.31,21.28,0,NO,28.45,28.52,26.19,28.62,27.01,,333,0.00,1600.00,NO,NO,2025-06-05,249000.00
1607,DVA,178.69,176.35,451529.00,Healthcare,Medical Care Facilities,77.00,63.00,3.00,81.00,5.32,5.20,796388.00,735610.00,247.49,101.00,11469217792,NO,181.83,189.47,170.08,186.50,187.45,,7781,0.00,451529.00,NO,NO,1999-02-18,56235600.00
1608,XHR,18.20,18.07,822934.00,Real Estate,REIT - Hotel & Motel,77.00,57.00,16.00,81.00,0.43,0.43,753620.00,1097860.00,22.06,11.75,1800494720,NO,17.87,18.95,17.14,18.77,17.98,,2933,0.00,822934.00,NO,NO,2019-03-29,23241400.00
1609,CPBI,20.08,19.99,4766.00,Financial Services,Banks - Regional,77.00,31.00,80.00,69.00,0.28,0.20,3165.00,6850.00,21.84,15.56,78052464,NO,20.65,20.68,18.56,20.72,19.08,,740,0.05,4766.00,NO,NO,2023-10-20,533900.00
1610,CECO,73.66,71.87,747904.00,Industrials,Pollution & Treatment Controls,77.00,82.00,17.00,76.00,3.38,3.12,809538.00,646760.00,101.24,42.82,4314253824,NO,72.89,72.22,72.01,72.67,74.46,,11552,0.00,747904.00,NO,NO,2023-06-23,4359900.00
1611,ARKK,89.83,88.58,5553138.00,ETF,ETF,77.00,89.00,83.00,87.00,2.23,1.88,4766776.00,4390420.00,92.65,62.95,0,NO,87.54,83.02,77.76,84.12,78.17,,2997,0.00,5553138.00,NO,NO,2022-05-12,79683500.00
1612,PCVX,56.48,56.05,2399621.00,Healthcare,Biotechnology,77.00,13.00,54.00,25.00,2.24,2.21,1134831.00,1559160.00,65.00,39.87,8404521984,NO,58.37,58.54,55.14,58.41,55.97,,1585,0.00,2399621.00,NO,NO,2022-10-24,14494400.00
1613,DFAE,39.86,39.34,566625.00,ETF,ETF,77.00,68.00,61.00,75.00,0.57,0.40,1014130.00,924160.00,42.16,30.69,0,NO,39.81,39.21,37.31,39.52,38.32,,1464,1.22,566625.00,NO,NO,2022-09-26,5178000.00
1614,MMSI,85.37,86.15,470592.00,Healthcare,Medical Instruments & Supplies,77.00,25.00,92.00,84.00,1.69,1.67,803990.00,629960.00,94.75,59.74,5097478656,NO,86.73,87.30,76.73,88.03,74.53,,9164,0.00,470592.00,NO,NO,2019-10-31,7245300.00
1615,NTRS,171.40,169.20,1054987.00,Financial Services,Asset Management,77.00,18.00,28.00,78.00,3.84,3.72,1042460.00,1113130.00,195.78,121.12,31358597120,NO,177.93,182.40,162.80,183.06,169.80,,11732,0.15,1054987.00,NO,NO,1998-01-29,16895600.00
1616,CANC,40.99,41.30,44883.00,ETF,ETF,77.00,16.00,49.00,61.00,0.82,0.77,27787.00,33040.00,47.00,29.28,0,NO,41.95,42.53,38.71,42.39,39.57,,788,0.00,44883.00,NO,NO,2025-07-03,494200.00
1617,IEMG,82.36,81.22,9986623.00,ETF,ETF,77.00,71.00,63.00,76.00,1.19,0.86,11258425.00,17504230.00,86.49,64.07,0,NO,82.05,80.82,76.94,81.50,78.98,,3504,1.23,9986623.00,YES,NO,2023-01-11,90038300.00
1618,HAP,73.76,72.81,15292.00,ETF,ETF,77.00,25.00,82.00,40.00,0.90,0.66,31509.00,15380.00,79.33,56.04,0,NO,75.73,74.77,70.97,75.09,72.44,,4500,0.47,15292.00,NO,NO,2009-11-02,1341800.00
1619,ATFV,40.95,40.70,10833.00,ETF,ETF,77.00,84.00,72.00,85.00,0.58,0.46,38625.00,29420.00,42.00,29.73,0,NO,40.20,39.59,37.01,39.98,38.00,,1361,0.00,10833.00,NO,NO,2025-09-25,847500.00
1620,NBDS,41.65,41.20,8475.00,ETF,ETF,77.00,83.00,58.00,88.00,0.53,0.21,26141.00,23850.00,42.86,29.42,0,NO,40.50,40.54,37.10,40.84,38.31,,1126,0.00,8475.00,NO,NO,2026-06-15,2091900.00
1621,CIVB,26.98,26.57,96697.00,Financial Services,Banks - Regional,77.00,55.00,39.00,74.00,0.59,0.58,142165.00,156700.00,29.97,19.82,561028544,NO,27.09,27.75,25.41,27.75,26.28,,8178,1.17,96697.00,NO,NO,2017-06-23,1172300.00
1622,HSBC,96.14,95.82,2017351.00,Financial Services,Banks - Diversified,77.00,13.00,43.00,68.00,1.95,1.47,1327296.00,1656360.00,107.92,64.65,328925478912,NO,101.92,103.18,92.14,103.30,95.07,,6846,0.00,2017351.00,NO,NO,2025-02-28,24038600.00
1623,JAN,29.05,28.74,1804540.00,Real Estate,REIT - Residential,77.00,25.00,52.00,80.00,0.84,0.84,1653482.00,2419320.00,32.83,22.76,9025334272,NO,30.27,30.45,,30.37,,,136,0.00,1804540.00,NO,NO,2026-03-20,15894500.00
1624,VEXC,96.30,94.78,28391.00,ETF,ETF,77.00,61.00,60.00,76.00,1.13,0.70,20201.00,22950.00,98.79,74.97,0,NO,96.63,95.46,89.82,96.11,92.12,,252,1.25,28391.00,NO,NO,2025-10-08,152000.00
1625,ET,20.47,20.10,11114908.00,Energy,Oil & Gas Midstream,77.00,27.00,82.00,55.00,0.39,0.38,8857663.00,10428810.00,21.84,16.18,70484336640,NO,20.84,20.84,19.29,20.89,19.90,,5198,0.00,11114908.00,YES,NO,2021-12-08,136660800.00
1626,NTSE,46.62,45.97,2985.00,ETF,ETF,77.00,62.00,47.00,75.00,0.61,0.32,2904.00,2880.00,56.98,35.55,0,NO,46.81,46.28,44.08,46.59,45.35,,1349,0.00,2985.00,NO,NO,2024-04-23,933000.00
1627,GEVG,23.61,23.53,60019.00,ETF,ETF,77.00,92.00,1.00,36.00,1.33,1.24,38914.00,21920.00,39.74,12.07,0,NO,21.72,23.17,23.75,23.31,26.45,,200,0.00,60019.00,NO,NO,2026-04-22,352100.00
1628,PST,25.40,25.21,9149.00,ETF,ETF,77.00,87.00,87.00,66.00,0.28,0.23,6995.00,13270.00,25.56,21.39,0,NO,24.69,23.98,22.88,24.10,23.26,,4620,0.00,9149.00,NO,NO,2022-03-15,2523300.00
1629,EBF,22.56,22.55,149868.00,Industrials,Specialty Business Services,77.00,88.00,82.00,45.00,0.44,0.44,152498.00,219180.00,22.94,16.30,570729024,NO,21.78,21.82,20.77,21.81,21.28,,11732,0.00,149868.00,NO,NO,1985-05-22,2582550.00
1630,IUS,68.30,67.97,65056.00,ETF,ETF,77.00,47.00,74.00,73.00,0.52,0.47,52712.00,55710.00,70.65,53.97,0,NO,68.87,69.11,63.49,69.28,65.27,,2025,0.00,65056.00,NO,NO,2019-07-05,4305600.00
1631,CHCO,142.82,141.39,103846.00,Financial Services,Banks - Regional,77.00,60.00,82.00,73.00,2.67,2.67,124171.00,161250.00,148.99,113.21,2005929856,NO,142.32,143.78,129.67,144.28,132.58,,9892,0.52,103846.00,NO,NO,2009-11-25,2020200.00
1632,SBH,16.24,16.07,1383099.00,Consumer Cyclical,Specialty Retail,77.00,62.00,90.00,80.00,0.57,0.54,1334355.00,1501190.00,17.92,11.54,1520425984,NO,16.30,16.24,14.88,16.32,14.68,,4998,0.00,1383099.00,NO,NO,2020-10-02,34036700.00
1633,EMC,37.67,37.20,941.00,ETF,ETF,77.00,75.00,61.00,80.00,0.54,0.32,4639.00,5140.00,39.30,27.88,0,NO,37.52,36.87,34.84,37.18,35.75,,850,1.04,941.00,NO,NO,2023-09-07,1098300.00
1634,QTAP,53.31,53.17,2288.00,ETF,ETF,77.00,77.00,78.00,71.00,0.14,0.07,1992.00,810.00,53.31,42.60,0,NO,52.82,52.19,48.87,52.40,50.44,,1383,0.15,2288.00,NO,NO,2021-09-27,692800.00
1635,BKEM,30.82,30.46,5160.00,ETF,ETF,77.00,71.00,54.00,73.00,0.40,0.28,18741.00,7090.00,33.51,23.58,0,NO,30.74,30.37,29.04,30.60,29.89,,1619,0.91,5160.00,NO,NO,2025-07-21,3766200.00
1636,WOR,60.66,59.14,228948.00,Industrials,Metal Fabrication,77.00,78.00,87.00,72.00,2.91,2.72,321447.00,615390.00,67.54,45.01,2967898624,NO,59.23,58.16,55.41,58.72,55.96,,11732,1.83,228948.00,NO,NO,2004-12-17,15741510.00
1637,NTSD,47.24,46.50,9826.00,ETF,ETF,77.00,61.00,66.00,79.00,0.63,0.44,10773.00,16270.00,49.05,36.85,0,NO,47.34,47.54,,47.79,,,137,0.00,9826.00,NO,NO,2026-04-20,473600.00
1638,MAGS,72.59,71.44,3816696.00,ETF,ETF,77.00,86.00,86.00,83.00,1.17,1.00,3935417.00,4935120.00,73.46,55.09,0,NO,70.94,68.77,65.77,69.47,66.29,,874,1.39,3816696.00,NO,NO,2026-06-03,12230600.00
1639,QEW,30.06,29.91,17323.00,ETF,ETF,77.00,75.00,62.00,80.00,0.29,0.26,18631.00,13150.00,31.00,23.71,0,NO,29.62,29.83,,29.94,,,138,0.00,17323.00,NO,NO,2026-05-22,577900.00
1640,THG,219.43,216.94,318076.00,Financial Services,Insurance - Property & Casualty,77.00,37.00,57.00,83.00,4.19,4.13,311484.00,355920.00,236.07,166.54,7640600576,NO,222.97,224.87,195.28,225.62,203.35,,7795,0.26,318076.00,NO,NO,1995-10-11,6137300.00
1641,NUEM,43.07,42.56,22061.00,ETF,ETF,77.00,74.00,75.00,75.00,0.71,0.61,59700.00,161440.00,44.66,33.47,0,NO,42.93,42.10,39.92,42.46,40.86,,2341,0.79,22061.00,NO,NO,2020-03-30,1233600.00
1642,HNVR,25.64,25.23,105511.00,Financial Services,Banks - Regional,77.00,22.00,86.00,76.00,0.70,0.68,46092.00,33310.00,27.94,19.91,180901072,NO,26.48,26.72,23.81,26.75,24.21,,1103,0.83,105511.00,NO,NO,2025-06-27,565100.00
1643,TTC,98.64,97.79,580083.00,Industrials,Tools & Accessories,77.00,62.00,69.00,51.00,2.03,2.00,725346.00,927010.00,105.19,67.64,9337594880,NO,94.94,96.27,93.48,96.37,94.23,,11732,0.00,580083.00,NO,NO,2015-09-24,15046600.00
1644,SVAL,42.07,41.72,10224.00,ETF,ETF,77.00,40.00,64.00,71.00,0.42,0.37,37047.00,19540.00,44.28,31.96,0,NO,42.34,42.99,39.43,43.11,40.60,,1488,0.60,10224.00,NO,NO,2026-01-12,2713700.00
1645,BRCE,30.38,30.26,423.00,ETF,ETF,77.00,71.00,77.00,77.00,0.19,0.13,2326.00,5990.00,30.73,24.45,0,NO,30.24,30.15,27.97,30.31,28.62,,238,0.00,423.00,NO,NO,2025-10-22,803300.00
1646,UBSI,47.04,46.40,1165195.00,Financial Services,Banks - Regional,77.00,62.00,67.00,65.00,0.83,0.80,974928.00,1309800.00,49.62,34.10,6405594112,NO,46.94,47.69,44.07,47.75,45.12,,9908,0.88,1165195.00,NO,NO,2017-04-11,14134600.00
1647,FLJP,42.00,41.33,902099.00,ETF,ETF,77.00,80.00,75.00,70.00,0.65,0.40,866433.00,818570.00,42.09,33.64,0,NO,41.44,40.87,38.63,41.25,39.34,,2238,1.33,902099.00,NO,NO,2026-03-03,9396700.00
1648,LNOK,17.35,16.79,61003.00,ETF,ETF,77.00,90.00,0.00,32.00,1.35,1.12,234579.00,109360.00,60.61,8.87,0,NO,17.40,16.76,,17.27,24.76,,177,0.00,61003.00,NO,NO,2026-06-09,1894600.00
1649,KNO,63.04,62.59,393.00,ETF,ETF,77.00,60.00,59.00,77.00,0.46,0.16,526.00,310.00,65.24,48.97,0,NO,62.81,63.44,58.53,63.71,60.31,,2824,0.00,100.00,NO,NO,2025-01-22,885500.00
1650,PICK,60.50,59.35,848588.00,ETF,ETF,77.00,18.00,76.00,49.00,1.29,1.04,699401.00,664140.00,69.02,44.06,0,NO,62.00,62.50,60.13,62.81,60.98,,3688,1.68,848588.00,NO,NO,2026-01-30,3228100.00
1651,BMO,165.70,166.30,2338384.00,Financial Services,Banks - Diversified,77.00,32.00,26.00,80.00,3.08,2.90,770173.00,651070.00,187.22,119.84,115176775680,NO,172.29,175.55,156.43,175.59,163.80,,8036,0.00,2338384.00,NO,NO,2010-12-17,10489300.00
1652,QEMM,81.09,80.30,23565.00,ETF,ETF,77.00,59.00,68.00,74.00,0.90,0.54,3463.00,3520.00,83.21,63.92,0,NO,81.54,80.66,75.66,81.20,77.90,,3101,0.58,23565.00,NO,NO,2015-01-30,1280500.00
1653,MNZL,61.53,60.96,9771.00,ETF,ETF,77.00,80.00,63.00,79.00,0.81,0.69,6026.00,5970.00,64.99,48.79,0,NO,60.58,60.28,56.44,60.48,57.97,,218,0.00,9771.00,NO,NO,2026-04-21,54400.00
1654,JPAN,43.76,42.99,2380.00,ETF,ETF,77.00,79.00,68.00,75.00,0.49,0.19,1542.00,2210.00,44.33,35.13,0,NO,42.87,42.67,40.19,43.08,41.07,,760,1.59,2380.00,NO,NO,2025-02-27,26000.00
1655,BCD,38.47,38.49,40405.00,ETF,ETF,77.00,58.00,87.00,55.00,0.31,0.27,48396.00,68560.00,39.55,30.87,0,NO,38.93,37.89,35.90,38.01,36.74,,2390,0.00,40405.00,NO,NO,2023-02-14,1013700.00
1656,JPXN,104.82,103.05,15686.00,ETF,ETF,77.00,78.00,75.00,67.00,1.38,0.67,5585.00,5310.00,105.68,83.09,0,NO,103.63,102.56,96.96,103.46,98.76,,6273,1.48,15686.00,NO,NO,2009-04-13,771600.00
1657,MKTX,164.14,164.22,540914.00,Financial Services,Capital Markets,77.00,73.00,96.00,22.00,0.37,0.36,1058873.00,978460.00,195.97,108.75,5777267712,NO,163.57,159.58,156.70,163.04,148.73,,5511,0.00,540914.00,NO,NO,2025-09-19,9702700.00
1658,HRI,138.37,131.86,519837.00,Industrials,Rental & Leasing Services,77.00,70.00,70.00,92.00,7.72,7.50,618820.00,1167470.00,188.35,88.45,4625908736,NO,137.78,150.69,141.35,149.49,136.06,,4999,1.43,519837.00,NO,NO,2014-08-20,28676900.00
1659,NULV,53.21,52.85,387892.00,ETF,ETF,77.00,61.00,79.00,71.00,0.46,0.40,201685.00,370220.00,54.23,42.80,0,NO,53.24,53.14,49.42,53.32,50.49,,2446,0.00,387892.00,NO,NO,2020-06-09,6145900.00
1660,MCHP,81.32,78.50,7730360.00,Technology,Semiconductors,77.00,92.00,21.00,82.00,2.76,2.39,9436168.00,8887410.00,105.91,48.52,44157468672,NO,74.84,75.80,78.89,76.88,81.35,,8443,3.22,7730360.00,NO,NO,2007-12-04,90537000.00
1661,XCNY,33.96,33.43,134.00,ETF,ETF,77.00,69.00,63.00,75.00,0.29,0.06,615.00,500.00,34.51,26.94,0,NO,33.88,33.37,31.52,33.59,32.30,,521,1.21,134.00,NO,NO,2025-01-08,80100.00
1662,JNJ,256.03,258.66,10176696.00,Healthcare,Drug Manufacturers - General,77.00,17.00,51.00,48.00,4.87,4.81,6978412.00,7106950.00,281.07,182.94,617006301184,NO,267.65,266.00,241.71,265.23,248.03,,16297,0.00,10176696.00,YES,NO,2023-08-21,151319500.00
1663,QTJA,34.47,34.35,303.00,ETF,ETF,77.00,78.00,80.00,78.00,0.11,0.06,6053.00,2400.00,34.51,27.34,0,NO,34.13,33.66,31.58,33.82,32.28,,1192,0.00,303.00,NO,NO,2023-01-18,575800.00
1664,ECG,123.35,119.63,415359.00,Industrials,Engineering & Construction,77.00,90.00,10.00,34.00,4.23,4.02,521363.00,376750.00,171.58,78.14,6298723840,NO,116.34,122.73,123.50,123.80,133.82,,484,2.32,415359.00,NO,NO,2025-05-14,3734500.00
1665,FXP,22.93,21.98,2544.00,ETF,ETF,77.00,93.00,25.00,59.00,0.62,0.36,3665.00,2570.00,26.20,15.81,0,NO,21.53,20.67,20.04,20.82,21.11,,4754,3.46,2544.00,NO,NO,2024-10-02,263350.00
1666,GWW,1280.30,1281.68,270205.00,Industrials,Industrial Distribution,77.00,64.00,23.00,69.00,24.76,23.74,263461.00,299800.00,1419.91,906.52,60303339520,NO,1271.51,1302.53,1206.55,1299.54,1257.90,,13518,0.00,270205.00,NO,NO,2017-10-17,6078300.00
1667,PZLV,30.04,30.01,16.00,ETF,ETF,77.00,34.00,77.00,,0.22,0.02,1093.00,190.00,31.96,24.99,0,NO,30.84,30.92,,31.02,,,126,0.00,100.00,NO,NO,2026-04-13,955100.00
1668,JQUA,74.62,74.35,556229.00,ETF,ETF,77.00,72.00,75.00,79.00,0.57,0.50,508620.00,670850.00,75.64,59.70,0,NO,73.96,74.00,68.19,74.24,69.89,,2235,0.00,556229.00,NO,NO,2026-03-03,6182600.00
1669,TSIB,28.52,27.29,50.00,ETF,ETF,77.00,30.00,,,0.52,0.14,445.00,470.00,30.30,24.21,0,NO,28.71,,,28.03,,,46,0.00,900.00,NO,NO,2026-08-12,2200.00
1670,QQEW,163.66,163.27,29602.00,ETF,ETF,77.00,75.00,73.00,85.00,2.17,1.67,42515.00,46300.00,167.27,122.38,0,NO,160.45,160.94,146.91,161.74,150.13,,5138,0.00,29602.00,NO,NO,2013-10-09,6759500.00
1671,DBEM,39.57,39.19,2523.00,ETF,ETF,77.00,74.00,46.00,73.00,0.45,0.31,11133.00,5050.00,45.42,30.17,0,NO,39.38,38.91,37.23,39.14,38.41,,3852,0.79,2523.00,NO,NO,2016-12-12,5253800.00
1672,AAUA,59.29,58.77,5416.00,ETF,ETF,77.00,76.00,76.00,78.00,0.35,0.13,5703.00,2520.00,59.50,47.04,0,NO,58.72,58.45,,58.74,,,137,0.78,5416.00,NO,NO,2026-07-27,149600.00
1673,BREE,27.67,27.35,318.00,ETF,ETF,77.00,75.00,65.00,81.00,0.32,0.17,955.00,970.00,28.60,21.70,0,NO,27.51,27.03,,27.25,26.04,,147,1.10,318.00,NO,NO,2026-03-05,646600.00
1674,GNR,74.43,73.76,232506.00,ETF,ETF,77.00,22.00,86.00,34.00,1.03,0.86,325869.00,304100.00,80.58,57.24,0,NO,76.86,76.03,72.16,76.31,73.47,,4038,0.14,232506.00,NO,NO,2021-01-06,6791100.00
1675,TCV,32.06,31.91,6619.00,ETF,ETF,77.00,38.00,61.00,70.00,0.34,0.26,13153.00,10770.00,34.24,24.41,0,NO,32.24,32.88,30.48,32.95,31.28,,306,0.00,6619.00,NO,NO,2026-07-28,140300.00
1676,DRMY,50.94,51.04,6687.00,ETF,ETF,76.00,89.00,,,1.62,1.13,9860.00,6410.00,52.92,38.16,0,NO,49.65,47.52,,48.23,,,56,0.00,6687.00,NO,NO,2026-07-24,34300.00
1677,OBTC,27.05,27.16,43357.00,ETF,ETF,76.00,90.00,94.00,84.00,0.66,0.49,6211.00,4140.00,37.70,18.38,0,NO,26.07,23.78,23.77,24.15,22.94,,1416,0.00,43357.00,NO,NO,2021-02-24,661900.00
1678,DRUP,71.04,70.91,308.00,ETF,ETF,76.00,82.00,87.00,85.00,0.55,0.29,1722.00,1020.00,71.69,52.83,0,NO,69.85,68.69,62.88,69.09,62.93,,1757,0.15,308.00,NO,NO,2020-07-21,549600.00
1679,TMAT,30.48,30.10,13594.00,ETF,ETF,76.00,90.00,67.00,85.00,0.41,0.29,28239.00,16370.00,31.46,22.26,0,NO,28.95,28.86,27.02,29.05,27.85,,1426,0.00,13594.00,NO,NO,2021-03-02,1099900.00
1680,BFC,152.60,149.50,48951.00,Financial Services,Banks - Regional,76.00,61.00,65.00,63.00,2.85,2.67,80469.00,71310.00,159.10,119.08,1691663744,NO,152.06,153.02,143.05,153.73,146.16,,5778,0.00,48951.00,NO,NO,2019-06-28,803400.00
1681,HCMT,43.55,42.90,30503.00,ETF,ETF,76.00,88.00,82.00,82.00,0.83,0.58,37119.00,23610.00,43.94,34.19,0,NO,41.93,41.19,39.24,41.68,39.56,,824,0.00,30503.00,NO,NO,2023-06-27,4970900.00
1682,VFMF,180.81,180.48,75739.00,ETF,ETF,76.00,39.00,68.00,70.00,1.71,1.52,60371.00,64690.00,188.08,139.30,0,NO,182.81,184.20,169.41,184.52,174.02,,2169,0.00,75739.00,NO,NO,2026-07-09,670700.00
1683,FCFS,210.36,208.15,277713.00,Financial Services,Credit Services,76.00,30.00,24.00,49.00,5.75,5.54,416665.00,358510.00,238.93,146.77,9123691520,NO,218.80,215.30,202.35,216.66,214.34,,8893,0.97,277713.00,NO,NO,2019-09-20,6973400.00
1684,QXQ,33.32,33.03,9980.00,ETF,ETF,76.00,86.00,77.00,85.00,0.40,0.25,13398.00,7830.00,33.38,24.75,0,NO,32.39,31.86,29.88,32.11,30.71,,577,0.00,9980.00,NO,NO,2025-01-14,293100.00
1685,AU,94.92,94.20,1296419.00,Basic Materials,Gold,76.00,7.00,89.00,16.00,3.29,2.52,2622558.00,2731130.00,129.14,62.55,48007614464,NO,100.68,99.75,96.85,101.70,94.85,,7084,0.00,1296419.00,NO,NO,2018-06-15,45859100.00
1686,EWZ,38.19,37.14,59879187.00,ETF,ETF,76.00,69.00,86.00,34.00,0.78,0.72,22376706.00,26408140.00,42.02,28.66,0,NO,37.61,36.34,36.38,36.51,36.63,,6594,0.86,59879187.00,YES,NO,2017-05-18,166606800.00
1687,BALQ,57.73,57.00,26898.00,ETF,ETF,76.00,86.00,75.00,83.00,0.70,0.49,10987.00,17600.00,58.29,44.52,0,NO,56.25,55.58,52.72,56.02,54.05,,209,1.20,26898.00,NO,NO,2026-08-28,44400.00
1688,WTLS,61.52,61.65,4486.00,ETF,ETF,76.00,57.00,68.00,81.00,1.09,0.96,4065.00,5230.00,63.94,47.21,0,NO,61.64,61.88,,62.13,58.30,,175,0.00,4486.00,NO,NO,2026-02-02,177400.00
1689,DKL,54.93,54.47,77393.00,Energy,Oil & Gas Refining & Marketing,76.00,59.00,79.00,58.00,1.24,1.13,172998.00,307210.00,61.50,42.35,3174805760,NO,55.41,55.91,52.28,55.91,53.34,,3499,0.00,77393.00,NO,NO,2012-11-02,6563000.00
1690,IHG,161.74,161.44,162667.00,Consumer Cyclical,Lodging,76.00,73.00,42.00,79.00,2.46,2.35,221039.00,159520.00,175.89,118.47,23633778688,NO,156.70,158.75,149.78,158.91,153.89,,5908,0.00,162667.00,NO,NO,2009-02-17,3722890.00
1691,JVAL,58.69,58.40,64258.00,ETF,ETF,76.00,57.00,65.00,76.00,0.57,0.46,63196.00,59650.00,60.64,45.91,0,NO,58.80,59.06,54.58,59.28,56.14,,2235,0.00,64258.00,NO,NO,2021-05-28,7944700.00
1692,QCOM,184.87,182.09,10092090.00,Technology,Semiconductors,76.00,90.00,54.00,91.00,9.24,8.55,12537433.00,16612040.00,259.92,121.99,197452333056,NO,185.29,171.45,169.26,172.15,176.08,,8762,0.00,10092090.00,YES,NO,1998-02-06,242896000.00
1693,DFEM,40.31,39.73,708798.00,ETF,ETF,76.00,66.00,59.00,73.00,0.55,0.38,885193.00,811390.00,42.57,31.20,0,NO,40.19,39.61,37.84,39.92,38.86,,1113,1.23,708798.00,NO,NO,2025-04-08,4804200.00
1694,LH,308.49,304.60,586944.00,Healthcare,Diagnostics & Research,76.00,17.00,85.00,65.00,7.27,6.95,730138.00,924630.00,341.80,244.52,25018537984,NO,314.66,319.35,280.35,319.52,284.61,,9195,0.38,586944.00,NO,NO,2002-10-04,24787380.00
1695,XSW,197.93,199.58,57018.00,ETF,ETF,76.00,51.00,86.00,89.00,3.82,3.40,50000.00,43040.00,211.34,135.19,0,NO,198.04,196.56,172.23,197.89,172.79,,3774,0.00,57018.00,NO,NO,2021-06-15,916700.00
1696,GSGO,46.15,45.66,18706.00,ETF,ETF,76.00,86.00,77.00,83.00,0.68,0.53,13679.00,32820.00,47.61,35.01,0,NO,44.89,44.34,41.77,44.67,42.68,,220,0.00,18706.00,NO,NO,2026-10-01,269300.00
1697,ITIC,290.20,285.75,33858.00,Financial Services,Insurance - Specialty,76.00,62.00,75.00,87.00,7.29,6.93,60769.00,58360.00,309.55,209.75,547896448,NO,293.13,292.23,257.93,291.62,261.43,,10034,1.31,33858.00,NO,NO,2026-08-06,228300.00
1698,EDGE,52.31,52.00,151.00,ETF,ETF,76.00,74.00,79.00,76.00,0.24,0.06,2057.00,590.00,52.39,42.20,0,NO,51.85,51.53,48.11,51.79,49.06,,427,0.00,151.00,NO,NO,2025-01-24,37100.00
1699,RUSHA,47.18,46.19,781936.00,Consumer Cyclical,Auto & Truck Dealerships,76.00,30.00,30.00,54.00,1.25,1.19,667957.00,737340.00,55.74,30.45,5507341312,NO,48.27,50.87,46.74,50.81,48.29,,5784,1.71,781936.00,NO,NO,2023-12-29,20779500.00
1700,TFGZ,36.73,36.27,12.00,ETF,ETF,76.00,84.00,63.00,,0.38,0.13,312.00,380.00,37.97,30.38,0,NO,35.49,36.00,,36.24,,,128,0.00,12.00,NO,NO,2026-05-05,57700.00
1701,QTOC,39.63,39.37,29056.00,ETF,ETF,76.00,77.00,79.00,77.00,0.10,0.08,6123.00,5070.00,39.78,31.40,0,NO,39.19,38.81,36.36,38.95,37.20,,1256,0.00,29056.00,NO,NO,2023-07-27,557700.00
1702,BRZX,26.02,25.07,9.00,ETF,ETF,76.00,87.00,90.00,,0.57,0.09,122.00,120.00,28.37,21.86,0,NO,26.91,25.28,,25.35,,,82,0.00,100.00,NO,NO,2026-06-15,2400.00
1703,FCG,29.18,29.09,639804.00,ETF,ETF,76.00,12.00,88.00,15.00,0.72,0.62,819560.00,1188980.00,33.03,21.76,0,NO,30.36,30.12,28.36,30.20,29.53,,4880,0.00,639804.00,NO,NO,2020-03-10,11232500.00
1704,PRXG,41.28,40.84,1080.00,ETF,ETF,76.00,83.00,81.00,82.00,0.40,0.25,4944.00,6460.00,41.28,31.48,0,NO,40.36,39.89,37.56,40.18,38.28,,374,1.03,1080.00,NO,NO,2025-05-02,461100.00
1705,ROAM,35.63,35.37,43527.00,ETF,ETF,76.00,47.00,55.00,69.00,0.37,0.20,9519.00,9110.00,37.76,27.35,0,NO,36.07,35.66,33.69,35.79,34.70,,2917,0.39,43527.00,NO,NO,2023-02-17,844400.00
1706,BITQ,25.26,25.44,197765.00,ETF,ETF,76.00,82.00,69.00,87.00,1.13,0.95,97887.00,108050.00,31.45,16.65,0,NO,26.28,24.76,23.43,25.02,24.35,,1355,0.00,197765.00,NO,NO,2026-01-20,1782700.00
1707,BBJP,79.65,78.41,1221464.00,ETF,ETF,76.00,80.00,76.00,69.00,1.25,0.77,1364930.00,827730.00,79.85,64.62,0,NO,78.61,77.45,73.46,78.19,74.65,,2085,1.29,1221464.00,NO,NO,2018-07-12,11569200.00
1708,SMBC,72.59,71.36,55979.00,Financial Services,Banks - Regional,76.00,62.00,29.00,64.00,1.21,1.18,92741.00,90990.00,79.86,47.60,799453888,NO,72.39,74.60,68.59,74.45,71.20,,8174,0.85,55979.00,NO,NO,1994-04-13,1702400.00
1709,BFST,30.90,30.46,192813.00,Financial Services,Banks - Regional,76.00,57.00,60.00,65.00,0.51,0.50,218544.00,232470.00,32.52,22.56,1005791424,NO,30.93,31.33,28.90,31.38,29.47,,2124,1.05,192813.00,NO,NO,2018-06-22,1252300.00
1710,QSIX,43.75,43.35,440.00,ETF,ETF,76.00,84.00,72.00,82.00,0.43,0.23,2501.00,2540.00,44.34,33.94,0,NO,42.71,42.26,40.03,42.54,41.08,,508,0.00,440.00,NO,NO,2025-01-24,39800.00
1711,TOLL,41.47,40.99,3245.00,ETF,ETF,76.00,88.00,67.00,80.00,0.33,0.23,8595.00,12890.00,41.94,32.72,0,NO,40.33,39.84,37.83,40.05,38.54,,852,0.00,3245.00,NO,NO,2026-06-26,249800.00
1712,WK,71.23,69.63,3240709.00,Technology,Software - Application,76.00,22.00,96.00,76.00,3.20,3.11,862607.00,1138100.00,97.09,43.34,3876086528,NO,71.57,69.91,63.80,71.19,59.22,,2968,0.00,3240709.00,NO,NO,2014-12-12,5034500.00
1713,MPB,36.40,35.91,118303.00,Financial Services,Banks - Regional,76.00,56.00,75.00,65.00,0.75,0.75,127473.00,104870.00,39.15,26.56,922201920,NO,36.55,37.18,34.01,37.24,34.66,,7251,0.78,118303.00,NO,NO,2026-06-26,893900.00
1714,ASCE,33.47,33.10,157931.00,ETF,ETF,76.00,42.00,40.00,74.00,0.58,0.51,110822.00,220840.00,36.31,24.65,0,NO,33.73,34.34,31.36,34.45,32.61,,313,0.00,157931.00,NO,NO,2026-07-23,847700.00
1715,NIXT,32.70,32.69,1015.00,ETF,ETF,76.00,23.00,54.00,72.00,0.30,0.23,3196.00,7950.00,35.25,23.83,0,NO,33.24,33.88,30.55,33.88,31.67,,518,0.00,1015.00,NO,NO,2024-09-10,543800.00
1716,TOPT,35.21,34.89,859983.00,ETF,ETF,76.00,84.00,82.00,80.00,0.42,0.35,345785.00,599370.00,35.46,27.54,0,NO,34.54,33.86,32.09,34.07,32.64,,486,0.00,859983.00,NO,NO,2025-11-04,1926700.00
1717,MLCC,57.35,54.95,4176.00,ETF,ETF,76.00,,,,1.44,0.74,5960.00,6170.00,57.80,48.28,0,NO,,,,,,,16,4.29,4176.00,NO,NO,2026-09-21,17500.00
1718,FDX,290.36,287.07,1459305.00,Industrials,Integrated Freight & Logistics,76.00,13.00,24.00,34.00,6.64,6.34,1575926.00,1941960.00,345.37,180.99,68719624192,NO,299.50,313.35,299.04,313.09,311.55,,12220,0.20,1459305.00,NO,NO,2022-09-16,42444558.00
1719,AFSM,40.00,39.60,33674.00,ETF,ETF,76.00,64.00,53.00,78.00,0.44,0.38,17280.00,22770.00,41.63,30.74,0,NO,39.78,40.23,37.04,40.35,38.16,,1716,0.00,33674.00,NO,NO,2025-12-09,395400.00
1720,MYLD,32.44,32.25,7123.00,ETF,ETF,76.00,36.00,65.00,70.00,0.29,0.18,11858.00,2930.00,34.30,24.58,0,NO,32.78,33.25,30.50,33.29,31.26,,689,0.00,7123.00,NO,NO,2025-03-05,681000.00
1721,SXI,288.59,285.12,222779.00,Industrials,Specialty Industrial Machinery,76.00,83.00,16.00,64.00,9.18,9.07,138642.00,146580.00,363.89,209.85,3544307968,NO,270.64,293.71,274.05,295.14,285.87,,13518,0.00,222779.00,NO,NO,1988-10-18,1331200.00
1722,FRGN,31.37,31.03,19723.00,ETF,ETF,76.00,59.00,57.00,72.00,0.40,0.27,59190.00,34400.00,32.36,25.00,0,NO,31.60,31.51,29.59,31.67,30.44,,208,0.54,19723.00,NO,NO,2025-12-09,3193800.00
1723,MHK,126.41,125.12,980124.00,Consumer Cyclical,"Furnishings, Fixtures & Appliances",76.00,50.00,85.00,86.00,4.23,3.89,967798.00,1215980.00,140.30,92.99,8562779136,NO,125.56,128.45,115.20,130.35,114.07,,8687,0.00,980124.00,NO,NO,2002-07-16,16419600.00
1724,XT,84.31,83.35,48290.00,ETF,ETF,76.00,81.00,67.00,81.00,0.86,0.69,70446.00,69510.00,84.64,65.47,0,NO,82.64,82.11,76.75,82.54,78.82,,2900,1.13,48290.00,NO,NO,2018-02-12,11237000.00
1725,IOO,144.84,143.45,92589.00,ETF,ETF,76.00,70.00,79.00,76.00,1.54,1.28,243368.00,120060.00,146.68,116.49,0,NO,144.11,143.64,134.57,144.47,137.47,,6491,0.95,92589.00,NO,NO,2008-04-30,6337800.00
1726,PKE,30.42,29.72,217670.00,Industrials,Aerospace & Defense,76.00,43.00,6.00,54.00,0.94,0.91,258798.00,254070.00,39.86,18.25,661671872,NO,30.50,33.12,30.36,33.00,32.60,,11732,1.51,217670.00,NO,NO,2023-03-17,5547900.00
1727,EWO,41.76,41.51,94872.00,ETF,ETF,76.00,26.00,42.00,73.00,0.69,0.48,67531.00,43650.00,44.98,30.36,0,NO,43.59,43.51,39.73,43.67,40.87,,7686,0.00,94872.00,NO,NO,2007-04-04,2815100.00
1728,GSIB,61.21,61.19,6057.00,ETF,ETF,76.00,18.00,55.00,76.00,0.98,0.73,17023.00,20250.00,67.77,45.64,0,NO,64.06,64.34,57.60,64.48,59.16,,701,0.00,6057.00,NO,NO,2026-07-24,143400.00
1729,FFOG,52.86,52.18,31312.00,ETF,ETF,76.00,89.00,80.00,84.00,0.78,0.61,39203.00,35860.00,53.08,38.89,0,NO,50.99,49.80,47.54,50.31,48.43,,729,0.00,31312.00,NO,NO,2024-08-08,635700.00
1730,PJP,120.88,121.24,21600.00,ETF,ETF,76.00,17.00,64.00,74.00,1.69,1.50,44039.00,48870.00,131.68,92.10,0,NO,125.33,125.75,112.60,125.51,114.82,,5353,0.00,21600.00,NO,NO,2011-07-01,3545800.00
1731,TDIV,115.47,113.70,116206.00,ETF,ETF,76.00,73.00,70.00,80.00,1.57,1.23,148369.00,164630.00,128.50,90.24,0,NO,114.55,114.22,106.91,115.14,110.41,,3554,1.41,116206.00,NO,NO,2014-02-21,3977200.00
1732,AVLV,91.56,91.19,1720997.00,ETF,ETF,76.00,45.00,63.00,66.00,0.79,0.74,1670987.00,1257510.00,95.31,70.10,0,NO,92.27,93.16,86.75,93.33,89.31,,1262,0.31,1720997.00,NO,NO,2026-06-22,16509100.00
1733,NBBK,22.57,22.27,221954.00,Financial Services,Banks - Regional,76.00,65.00,83.00,46.00,0.44,0.44,310552.00,305570.00,23.47,16.84,988983232,NO,22.67,22.64,21.29,22.69,21.39,,693,1.17,221954.00,NO,NO,2024-06-28,6538300.00
1734,AFSC,37.36,36.75,296.00,ETF,ETF,76.00,62.00,40.00,78.00,0.51,0.40,460.00,460.00,40.06,28.91,0,NO,37.02,38.00,34.93,38.08,36.10,,409,0.00,296.00,NO,NO,2025-06-02,96800.00
1735,GAMR,100.09,99.66,688.00,ETF,ETF,76.00,84.00,84.00,87.00,0.93,0.31,920.00,570.00,103.93,71.43,0,NO,98.89,96.94,88.45,97.67,89.54,,2657,0.00,688.00,NO,NO,2021-01-27,442000.00
1736,PTNQ,90.37,89.47,28745.00,ETF,ETF,76.00,86.00,77.00,81.00,1.10,0.86,35525.00,51760.00,90.94,71.56,0,NO,87.74,86.42,82.35,87.06,83.81,,2844,0.00,28745.00,NO,NO,2020-03-13,712200.00
1737,HAFC,31.67,31.21,179314.00,Financial Services,Banks - Regional,76.00,68.00,44.00,77.00,0.62,0.60,239015.00,278980.00,33.50,22.85,938991936,NO,31.80,31.73,29.52,31.84,30.42,,8178,1.06,179314.00,NO,NO,2011-11-15,2889588.00
1738,HBTA,33.41,33.10,14465.00,ETF,ETF,76.00,87.00,73.00,81.00,0.53,0.40,72401.00,19430.00,33.56,25.52,0,NO,32.52,32.19,30.62,32.45,31.24,,426,0.00,14465.00,NO,NO,2026-06-23,2496600.00
1739,CHPY,71.54,70.40,696382.00,ETF,ETF,76.00,91.00,14.00,85.00,1.67,1.29,623879.00,599540.00,89.86,50.85,0,NO,68.04,68.21,67.01,68.66,70.23,,374,1.61,696382.00,NO,NO,2026-05-05,1887900.00
1740,REX,43.37,43.75,179631.00,Basic Materials,Chemicals,76.00,76.00,32.00,21.00,1.24,1.23,194122.00,320410.00,53.36,30.31,1438827520,NO,42.82,43.02,41.71,42.90,44.70,,10636,0.00,179631.00,NO,NO,2000-01-06,51880500.00
1741,GRNJ,30.32,29.77,60265.00,ETF,ETF,76.00,87.00,54.00,77.00,0.53,0.42,161017.00,71200.00,32.69,23.08,0,NO,29.27,29.49,28.64,29.74,29.21,,219,1.48,60265.00,NO,NO,2025-11-19,1374600.00
1742,DEMZ,49.19,48.85,2568.00,ETF,ETF,76.00,83.00,78.00,79.00,0.36,0.20,2304.00,2200.00,49.29,39.03,0,NO,47.93,47.80,44.85,48.02,45.60,,1484,0.00,2568.00,NO,NO,2023-12-13,89600.00
1743,BLGR,33.24,32.94,22525.00,ETF,ETF,76.00,81.00,79.00,81.00,0.32,0.25,27107.00,36280.00,33.36,25.63,0,NO,32.61,32.32,30.39,32.55,30.99,,323,0.00,22525.00,NO,NO,2025-06-24,3536200.00
1744,MEM,44.19,43.62,1532.00,ETF,ETF,76.00,68.00,49.00,78.00,0.61,0.27,2253.00,2890.00,47.53,34.38,0,NO,44.12,43.82,41.52,44.14,42.68,,1060,1.28,1532.00,NO,NO,2023-05-23,939600.00
1745,MSEP,32.94,32.82,14.00,ETF,ETF,76.00,72.00,70.00,,0.10,0.04,1403.00,4720.00,33.18,27.55,0,NO,32.82,32.68,,32.75,,,81,0.00,900.00,NO,NO,2026-09-24,17900.00
1746,GTPE,61.48,60.70,22017.00,ETF,ETF,76.00,76.00,60.00,77.00,0.54,0.38,1715.00,4660.00,63.06,47.70,0,NO,60.63,61.09,56.90,61.35,58.54,,237,0.99,22017.00,NO,NO,2026-02-26,179400.00
1747,DTCR,27.27,27.07,510025.00,ETF,ETF,76.00,62.00,30.00,61.00,0.48,0.42,772288.00,570860.00,32.79,19.25,0,NO,27.81,28.00,27.04,28.10,28.33,,1488,0.00,510025.00,NO,NO,2026-07-02,9154000.00
1748,ALSN,117.97,116.28,749677.00,Consumer Cyclical,Auto Parts,76.00,18.00,66.00,38.00,3.79,3.65,828455.00,992760.00,137.62,76.01,9741731840,NO,119.77,122.20,117.53,122.60,120.26,,3659,1.38,749677.00,NO,NO,2012-03-15,13911300.00
1749,RIO,94.21,92.87,1927664.00,Basic Materials,Other Industrial Metals & Mining,76.00,13.00,64.00,35.00,1.92,1.54,2331909.00,1838390.00,112.58,65.35,153222168576,NO,97.25,98.77,95.61,99.16,97.61,,9132,0.66,1927664.00,NO,NO,2014-10-06,19088900.00
1750,FV,74.10,73.77,56244.00,ETF,ETF,76.00,77.00,65.00,80.00,0.87,0.76,71182.00,86660.00,76.08,58.33,0,NO,73.11,72.63,68.41,72.95,69.64,,3164,0.43,56244.00,NO,NO,2015-08-24,11282300.00
1751,SGP,24.92,26.50,142058.00,Healthcare,Biotechnology,76.00,7.00,94.00,62.00,1.73,1.73,112074.00,165550.00,32.44,17.06,833523648,NO,27.66,26.10,,26.45,23.37,,165,0.00,142058.00,NO,NO,2026-06-26,1478800.00
1752,FDRS,26.17,25.85,196256.00,ETF,ETF,76.00,87.00,86.00,85.00,0.31,0.18,74414.00,131430.00,26.30,19.37,0,NO,25.50,24.61,,24.87,23.27,,191,1.04,196256.00,NO,NO,2026-09-24,1004800.00
1753,DSI,148.09,146.71,96703.00,ETF,ETF,75.00,76.00,78.00,79.00,1.43,1.14,99774.00,86310.00,148.93,117.08,0,NO,146.04,145.49,136.25,146.45,138.95,,4998,0.00,96703.00,NO,NO,2022-05-18,2626300.00
1754,SIBN,18.08,18.41,547320.00,Healthcare,Medical Devices,75.00,23.00,72.00,89.00,0.60,0.59,553225.00,623220.00,21.89,11.48,810319872,NO,18.52,18.64,16.34,18.61,15.95,,2000,0.00,547320.00,NO,NO,2018-10-17,4390000.00
1755,TDV,102.60,101.44,8087.00,ETF,ETF,75.00,77.00,71.00,78.00,1.19,0.76,5757.00,6430.00,106.70,81.52,0,NO,100.24,100.94,95.27,101.67,97.84,,1734,0.00,8087.00,NO,NO,2020-04-17,268700.00
1756,DBMF,32.91,32.85,2225631.00,ETF,ETF,75.00,84.00,83.00,56.00,0.35,0.29,2254628.00,2761010.00,32.95,27.15,0,NO,32.17,31.57,30.63,31.70,30.98,,1862,0.00,2225631.00,NO,NO,2026-09-10,18237000.00
1757,XSOE,47.45,46.81,55335.00,ETF,ETF,75.00,65.00,48.00,76.00,0.68,0.47,97100.00,86290.00,51.38,36.95,0,NO,47.53,47.01,44.72,47.36,45.97,,2958,0.00,55335.00,NO,NO,2021-03-08,13291900.00
1758,BMY,61.15,61.46,9638721.00,Healthcare,Drug Manufacturers - General,75.00,10.00,84.00,42.00,1.33,1.32,11032941.00,15683000.00,68.64,42.52,124912001024,NO,63.14,64.51,59.40,64.50,60.32,,13698,0.00,9638721.00,YES,NO,2019-11-20,185413200.00
1759,QQQE,121.39,120.66,215636.00,ETF,ETF,75.00,75.00,62.00,80.00,1.34,1.12,169350.00,199340.00,125.00,95.64,0,NO,119.46,120.34,111.53,120.79,114.70,,3655,0.00,215636.00,NO,NO,2023-07-10,3758100.00
1760,IGV,108.43,108.23,6262834.00,ETF,ETF,75.00,85.00,90.00,88.00,2.20,2.16,11391230.00,7849360.00,117.76,73.93,0,NO,105.40,102.98,93.61,103.91,93.48,,6341,0.00,6262834.00,NO,NO,2026-02-24,50584600.00
1761,THRO,44.43,44.12,714200.00,ETF,ETF,75.00,77.00,76.00,79.00,0.41,0.34,801580.00,2116620.00,44.69,34.95,0,NO,44.02,43.73,40.92,43.95,41.85,,1203,0.00,714200.00,NO,NO,2025-05-20,94275700.00
1762,SJM,117.19,115.95,1139847.00,Consumer Defensive,Packaged Foods,75.00,8.00,80.00,81.00,2.58,2.50,1370955.00,1338570.00,135.89,88.25,12518608896,NO,121.45,122.51,108.63,122.58,110.42,,8034,0.00,1139847.00,NO,NO,2008-11-06,20807000.00
1763,PNRG,204.66,201.42,29689.00,Energy,Oil & Gas E&P,75.00,25.00,91.00,9.00,7.65,6.92,87384.00,94480.00,278.90,126.40,323894912,NO,208.15,202.87,199.22,204.47,206.25,,11732,0.80,29689.00,NO,NO,2025-06-09,277500.00
1764,OALC,41.54,41.26,91468.00,ETF,ETF,75.00,69.00,71.00,78.00,0.37,0.31,20817.00,16520.00,42.70,33.37,0,NO,41.25,41.41,38.50,41.64,39.54,,1224,0.00,91468.00,NO,NO,2023-01-10,852100.00
1765,XDAT,28.16,27.83,48.00,ETF,ETF,75.00,84.00,87.00,87.00,0.37,0.11,939.00,790.00,28.78,20.15,0,NO,27.19,26.39,24.37,26.72,24.55,,1434,0.57,1400.00,NO,NO,2021-01-22,80900.00
1766,OUT,28.70,28.05,1566464.00,Real Estate,REIT - Specialty,75.00,43.00,13.00,50.00,0.65,0.64,1661046.00,2081650.00,34.96,16.97,5055081984,NO,28.25,29.71,28.96,29.47,30.35,,3148,0.25,1566464.00,NO,NO,2014-07-10,35135707.00
1767,TEMR,28.93,28.60,360.00,ETF,ETF,75.00,76.00,62.00,79.00,0.31,0.04,1026.00,400.00,30.28,23.18,0,NO,28.78,28.30,,28.54,27.53,,142,1.12,360.00,NO,NO,2026-07-17,11400.00
1768,VUSG,67.85,67.02,52124.00,ETF,ETF,75.00,84.00,81.00,80.00,0.86,0.67,76257.00,140630.00,68.22,52.58,0,NO,66.06,65.20,62.06,65.80,62.94,,219,0.00,52124.00,NO,NO,2026-06-29,777700.00
1769,MLKN,20.24,20.15,576440.00,Consumer Cyclical,"Furnishings, Fixtures & Appliances",75.00,11.00,40.00,90.00,0.84,0.83,655071.00,944600.00,24.71,13.77,1392507776,NO,20.73,22.24,19.19,22.21,19.00,,11732,0.00,576440.00,NO,NO,2020-09-17,25199500.00
1770,OMDA,20.37,20.41,1245024.00,Healthcare,Health Information Services,75.00,6.00,14.00,94.00,0.89,0.88,1406468.00,1794300.00,26.91,10.28,1246984320,NO,20.51,21.75,17.28,21.80,18.50,,333,0.00,1245024.00,NO,NO,2025-06-06,11283600.00
1771,INFO,28.29,28.12,350219.00,ETF,ETF,75.00,73.00,77.00,77.00,0.24,0.20,53290.00,147700.00,28.88,22.71,0,NO,28.13,28.08,26.13,28.20,26.73,,496,0.00,350219.00,NO,NO,2025-07-25,22169500.00
1772,ESGG,238.93,237.53,605.00,ETF,ETF,75.00,65.00,73.00,75.00,2.29,1.26,1371.00,5960.00,243.59,194.43,0,NO,238.78,238.59,221.73,239.55,226.85,,2569,0.42,605.00,NO,NO,2017-09-25,200500.00
1773,MCK,902.28,898.82,775563.00,Healthcare,Medical Distribution,75.00,48.00,90.00,41.00,23.21,20.86,943795.00,922910.00,999.00,723.68,105197150208,NO,883.67,878.08,847.42,878.01,835.97,,8026,0.02,775563.00,NO,NO,1999-04-28,41625900.00
1774,IALT,29.97,29.84,2470376.00,ETF,ETF,75.00,80.00,82.00,58.00,0.25,0.24,1820995.00,5485750.00,30.00,24.97,0,NO,29.58,29.18,27.68,29.26,28.39,,203,0.34,2470376.00,NO,NO,2026-05-28,116564800.00
1775,FRUT,28.21,27.85,1857.00,ETF,ETF,75.00,,,,0.48,0.31,6921.00,5650.00,28.54,24.66,0,NO,27.19,,,,,,24,0.79,1857.00,NO,NO,2026-09-08,20100.00
1776,SEIM,54.88,54.31,47376.00,ETF,ETF,75.00,81.00,65.00,75.00,0.57,0.46,99547.00,73890.00,56.23,42.86,0,NO,53.69,53.93,50.89,54.23,52.30,,1098,1.01,47376.00,NO,NO,2024-02-13,12625300.00
1777,WABC,59.60,59.12,140681.00,Financial Services,Banks - Regional,75.00,75.00,63.00,70.00,1.30,1.29,192617.00,338140.00,63.61,44.93,1377424640,NO,59.41,59.29,54.93,59.52,56.89,,11732,0.76,140681.00,NO,NO,2014-09-19,3917400.00
1778,CSD,128.60,127.80,4307.00,ETF,ETF,75.00,61.00,17.00,65.00,1.53,1.21,11493.00,6890.00,150.43,91.13,0,NO,128.85,131.99,125.38,132.16,131.28,,4979,0.00,4307.00,NO,NO,2014-04-15,882400.00
1779,QBIG,42.46,41.79,600.00,ETF,ETF,75.00,79.00,83.00,82.00,0.46,0.28,4828.00,3710.00,43.36,32.67,0,NO,41.72,41.19,39.07,41.59,39.75,,457,1.03,600.00,NO,NO,2024-12-16,283800.00
1780,CNI,119.77,117.16,831295.00,Industrials,Railroads,75.00,56.00,49.00,70.00,2.14,2.11,1426138.00,1209710.00,131.55,90.74,72353054720,NO,120.42,124.19,113.23,124.18,117.73,,7509,0.32,831295.00,NO,NO,1999-06-18,23503200.00
1781,VUG,91.17,90.23,5740321.00,ETF,ETF,75.00,83.00,81.00,82.00,1.14,0.95,6203019.00,6039430.00,91.75,69.63,0,NO,89.19,88.10,83.21,88.73,84.67,,5705,0.00,5740321.00,NO,NO,2017-01-23,58402200.00
1782,ORRF,41.67,41.03,82906.00,Financial Services,Banks - Regional,75.00,58.00,71.00,68.00,0.94,0.92,105495.00,131930.00,43.81,31.87,819633280,NO,41.85,42.32,38.59,42.36,39.47,,6890,1.00,82906.00,NO,NO,2024-06-28,1299700.00
1783,FCAP,62.90,62.00,13472.00,Financial Services,Banks - Regional,75.00,61.00,48.00,83.00,2.04,1.95,17282.00,29990.00,71.00,37.64,210376912,NO,62.13,62.91,57.78,62.96,59.25,,6980,0.40,13472.00,NO,NO,2021-06-25,422900.00
1784,TFSL,16.82,16.44,1028234.00,Financial Services,Banks - Regional,75.00,35.00,26.00,74.00,0.32,0.30,831815.00,772170.00,19.49,12.54,4717046784,NO,16.82,17.40,15.70,17.38,16.32,,4894,1.03,1028234.00,NO,NO,2007-04-23,15230100.00
1785,FCF,20.56,20.28,1467910.00,Financial Services,Banks - Regional,75.00,51.00,62.00,70.00,0.38,0.37,856112.00,1248070.00,22.34,15.00,2077709824,NO,20.93,21.13,19.11,21.18,19.71,,8639,0.69,1467910.00,NO,NO,2010-08-05,8044000.00
1786,RAFE,49.13,48.87,27546.00,ETF,ETF,75.00,46.00,71.00,75.00,0.37,0.27,12366.00,20030.00,50.84,39.76,0,NO,49.73,49.74,45.70,49.87,46.84,,1705,0.00,27546.00,NO,NO,2024-11-18,454800.00
1787,NTB,58.76,58.32,148216.00,Financial Services,Banks - Diversified,75.00,56.00,41.00,59.00,1.04,1.04,167711.00,185520.00,64.17,40.59,2310836224,NO,59.27,60.24,55.90,60.43,57.87,,2525,0.62,148216.00,NO,NO,2017-06-23,5566500.00
1788,GSPY,42.60,42.30,42737.00,ETF,ETF,75.00,70.00,79.00,77.00,0.32,0.22,4520.00,6650.00,42.99,34.35,0,NO,42.42,42.20,39.29,42.42,40.15,,1447,0.00,42737.00,NO,NO,2021-12-13,6500100.00
1789,TVAL,42.25,41.99,124810.00,ETF,ETF,75.00,51.00,59.00,71.00,0.32,0.27,89385.00,126840.00,43.60,33.55,0,NO,42.63,42.90,39.61,42.96,40.75,,828,0.50,124810.00,NO,NO,2026-06-23,4345500.00
1790,LSAF,53.76,53.55,1484.00,ETF,ETF,75.00,33.00,68.00,72.00,0.46,0.39,8041.00,11440.00,56.56,42.47,0,NO,54.43,55.09,50.05,55.21,51.42,,2011,0.00,1484.00,NO,NO,2018-10-05,1148700.00
1791,FANG,184.71,185.51,2135051.00,Energy,Oil & Gas E&P,75.00,11.00,82.00,21.00,5.72,4.39,2319087.00,2971540.00,216.90,137.03,51722452992,NO,193.57,197.64,184.63,196.98,193.32,,3512,0.00,2135051.00,NO,NO,2018-11-30,33049700.00
1792,ROK,454.35,442.45,664942.00,Industrials,Specialty Industrial Machinery,75.00,88.00,26.00,82.00,9.94,9.67,750387.00,655770.00,497.36,332.71,50557321216,NO,428.11,437.80,423.81,440.47,432.94,,11279,1.20,664942.00,NO,NO,2009-04-08,8355000.00
1793,EMMF,38.12,37.64,7098.00,ETF,ETF,75.00,63.00,55.00,72.00,0.44,0.26,13768.00,21910.00,40.96,29.94,0,NO,38.27,37.77,36.04,38.02,36.98,,2047,0.98,7098.00,NO,NO,2024-01-31,621800.00
1794,CHIP,28.04,26.77,11460.00,ETF,ETF,75.00,,,,,,10371.00,10371.00,28.06,24.51,0,NO,,,,,,,8,3.36,11460.00,NO,NO,2026-09-23,22300.00
1795,FVC,42.74,42.53,368.00,ETF,ETF,75.00,77.00,64.00,80.00,0.35,0.23,2763.00,1300.00,44.23,33.81,0,NO,42.17,41.90,39.44,42.08,40.15,,2651,0.23,368.00,NO,NO,2016-05-26,1269400.00
1796,PROV,18.31,18.25,12724.00,Financial Services,Banks - Regional,75.00,66.00,83.00,65.00,0.28,0.26,12406.00,12400.00,18.99,14.95,114143768,NO,18.50,18.20,16.99,18.27,17.35,,7614,0.00,12724.00,NO,NO,1996-06-28,3397050.00
1797,BIBL,55.38,54.64,166654.00,ETF,ETF,75.00,76.00,48.00,71.00,0.59,0.50,43587.00,55150.00,58.17,43.21,0,NO,54.54,55.23,52.03,55.36,53.63,,2242,1.06,166654.00,NO,NO,2023-02-03,658900.00
1798,EFFE,27.46,27.73,15.00,ETF,ETF,75.00,49.00,71.00,78.00,0.32,0.02,123.00,160.00,30.05,22.27,0,NO,28.23,27.71,25.90,27.92,26.61,,440,0.00,100.00,NO,NO,2025-07-28,42900.00
1799,QQQJ,44.45,44.15,195724.00,ETF,ETF,75.00,59.00,44.00,78.00,0.56,0.48,155060.00,206090.00,46.94,34.39,0,NO,44.31,44.97,41.45,45.12,42.74,,1500,0.00,195724.00,NO,NO,2021-03-04,2226500.00
1800,CDEI,94.53,93.83,1167.00,ETF,ETF,75.00,72.00,74.00,79.00,0.68,0.31,1663.00,910.00,95.12,75.45,0,NO,93.76,93.63,87.01,94.04,88.94,,921,0.00,1167.00,NO,NO,2024-07-17,101500.00
1801,DYNF,69.97,69.49,2552715.00,ETF,ETF,75.00,73.00,76.00,76.00,0.67,0.56,2243044.00,3077410.00,70.51,56.18,0,NO,69.53,69.22,64.69,69.54,66.12,,1895,0.00,2552715.00,NO,NO,2024-03-14,62457700.00
1802,SCHG,36.34,36.00,8240283.00,ETF,ETF,75.00,81.00,81.00,82.00,0.42,0.36,7272298.00,8577310.00,36.53,27.96,0,NO,35.64,35.34,33.13,35.56,33.66,,4213,0.00,8240283.00,NO,NO,2026-05-12,85366800.00
1803,WSBF,19.94,19.51,110796.00,Financial Services,Banks - Regional,75.00,21.00,58.00,58.00,0.51,0.49,76742.00,89750.00,21.66,14.52,358461952,NO,20.64,20.79,18.90,20.85,19.49,,5281,0.77,110796.00,NO,NO,2014-01-23,4630800.00
1804,ASIA,41.96,41.40,125.00,ETF,ETF,75.00,76.00,44.00,76.00,0.50,0.15,4006.00,1620.00,47.47,32.15,0,NO,41.51,41.11,39.54,41.36,40.78,,758,0.12,400.00,NO,NO,2024-12-20,1096600.00
1805,HODL,23.84,23.92,780937.00,ETF,ETF,75.00,90.00,95.00,83.00,0.70,0.55,1078150.00,603460.00,35.76,16.40,0,NO,22.97,20.95,20.92,21.26,20.19,,684,0.00,780937.00,NO,NO,2024-02-20,27264000.00
1806,FLNG,31.24,31.32,270800.00,Energy,Oil & Gas Midstream,75.00,54.00,79.00,42.00,0.74,0.72,360752.00,325390.00,33.40,24.00,1689845760,NO,31.49,31.21,29.62,31.41,30.82,,1835,0.00,270800.00,NO,NO,2022-06-24,4063900.00
1807,FUSB,16.50,16.49,3063.00,Financial Services,Banks - Regional,75.00,69.00,58.00,53.00,0.24,0.22,15966.00,10700.00,16.99,12.15,90827696,NO,16.51,16.51,15.70,16.49,16.15,,6975,0.00,3063.00,NO,NO,2009-06-26,948700.00
1808,BLCR,49.71,49.38,1441318.00,ETF,ETF,75.00,74.00,57.00,76.00,0.56,0.47,1259984.00,5912990.00,51.02,38.86,0,NO,49.21,49.32,46.57,49.55,47.97,,736,0.00,1441318.00,NO,NO,2026-03-12,75105500.00
1809,DFUV,55.48,55.19,245505.00,ETF,ETF,75.00,39.00,64.00,68.00,0.47,0.39,380012.00,321820.00,57.89,43.56,0,NO,56.20,56.58,52.35,56.70,53.75,,1105,0.00,245505.00,NO,NO,2024-07-31,5040100.00
1810,BBEM,77.32,76.55,17129.00,ETF,ETF,75.00,67.00,53.00,75.00,0.91,0.52,28814.00,28110.00,82.68,61.87,0,NO,77.40,76.37,72.82,76.94,74.72,,852,0.73,17129.00,NO,NO,2025-09-12,5437000.00
1811,TLTE,77.19,76.06,15875.00,ETF,ETF,75.00,63.00,62.00,70.00,1.00,0.55,6720.00,16860.00,80.63,61.37,0,NO,77.15,76.15,73.03,76.66,74.71,,3520,1.18,15875.00,NO,NO,2019-03-21,720200.00
1812,SPNT,24.42,24.41,690052.00,Financial Services,Insurance - Reinsurance,75.00,70.00,56.00,60.00,0.65,0.62,794434.00,1441440.00,26.50,17.39,2836749824,NO,24.72,24.27,22.64,24.14,23.35,,3303,0.00,690052.00,NO,NO,2013-08-15,14029300.00
1813,IWD,249.38,248.24,1700617.00,ETF,ETF,75.00,42.00,65.00,71.00,2.08,1.75,1633955.00,1832170.00,260.19,199.40,0,NO,252.27,254.51,233.98,254.98,240.09,,6627,0.00,1700617.00,NO,NO,2008-12-22,13494400.00
1814,IQSU,63.22,62.74,2034.00,ETF,ETF,75.00,77.00,66.00,80.00,0.54,0.30,9998.00,3580.00,63.60,49.82,0,NO,62.59,62.40,58.30,62.71,59.67,,1707,0.00,2034.00,NO,NO,2020-10-08,2672600.00
1815,HFGO,30.69,30.36,13248.00,ETF,ETF,75.00,86.00,80.00,82.00,0.45,0.35,31039.00,16620.00,31.08,23.25,0,NO,29.94,29.48,27.90,29.75,28.48,,1228,0.00,13248.00,NO,NO,2022-01-06,3305300.00
1816,RDWR,30.70,30.12,373516.00,Technology,Software - Infrastructure,75.00,91.00,67.00,66.00,1.20,1.16,281314.00,452960.00,32.79,21.68,1291932416,NO,29.34,28.57,27.06,28.59,28.00,,6793,0.56,373516.00,NO,NO,2010-09-14,19026400.00
1817,FFLG,34.48,34.14,36830.00,ETF,ETF,75.00,85.00,71.00,80.00,0.44,0.35,99203.00,56260.00,35.33,26.40,0,NO,33.64,33.18,31.73,33.42,32.47,,1422,0.00,36830.00,NO,NO,2023-01-10,2558700.00
1818,BITB,45.75,45.95,1149639.00,ETF,ETF,75.00,90.00,95.00,83.00,1.35,1.07,1167320.00,919740.00,68.74,31.49,0,NO,44.09,40.21,40.16,40.81,38.76,,684,0.00,1149639.00,NO,NO,2026-02-05,11785700.00
1819,GVUS,64.01,63.67,400.00,ETF,ETF,75.00,42.00,65.00,71.00,0.46,0.31,26273.00,16280.00,66.57,51.24,0,NO,64.84,65.35,60.11,65.47,61.66,,712,0.38,400.00,NO,NO,2023-12-20,2377200.00
1820,VONV,109.35,108.83,588847.00,ETF,ETF,75.00,41.00,65.00,71.00,0.91,0.78,713960.00,972350.00,114.08,87.52,0,NO,110.76,111.66,102.68,111.87,105.34,,4032,0.00,588847.00,NO,NO,2026-02-23,15453800.00
1821,IHE,98.65,99.00,663744.00,ETF,ETF,75.00,21.00,49.00,67.00,1.61,1.57,248642.00,150210.00,108.66,72.94,0,NO,101.73,103.04,93.13,102.60,95.30,,5135,0.00,663744.00,NO,NO,2008-06-18,3293400.00
1822,TGLB,30.31,29.89,1847.00,ETF,ETF,75.00,68.00,76.00,78.00,0.24,0.07,844.00,910.00,32.51,24.22,0,NO,30.26,30.20,27.90,30.35,28.55,,320,1.36,1847.00,NO,NO,2025-06-26,66200.00
1823,SFNC,22.90,22.73,2362659.00,Financial Services,Banks - Regional,75.00,74.00,63.00,74.00,0.48,0.48,1369738.00,1574060.00,24.32,17.00,3309365760,NO,22.95,23.16,21.38,23.27,21.95,,10469,0.18,2362659.00,NO,NO,2025-07-22,11374700.00
1824,HUMM,28.62,27.69,1810.00,ETF,ETF,75.00,,,,,,7918.00,950.00,28.62,25.64,0,NO,,,,,,,12,0.00,1810.00,NO,NO,2026-09-17,77600.00
1825,EZBC,48.70,48.92,77946.00,ETF,ETF,75.00,90.00,94.00,83.00,1.38,1.07,131084.00,108930.00,73.16,33.50,0,NO,46.94,42.80,42.75,43.45,41.26,,684,0.00,77946.00,NO,NO,2024-01-11,2401200.00
1826,GLBL,28.59,28.51,13.00,ETF,ETF,75.00,79.00,76.00,81.00,0.19,0.00,168.00,100.00,28.95,22.93,0,NO,28.43,28.29,26.61,28.47,27.22,,361,0.00,100.00,NO,NO,2026-02-10,2300.00
1827,AIHY,22.22,21.82,17699.00,ETF,ETF,75.00,87.00,,,0.39,0.31,25007.00,42000.00,22.55,18.54,0,NO,21.75,21.10,,21.37,,,53,0.00,17699.00,NO,NO,2026-08-27,298000.00
1828,FBTC,73.33,73.61,3679825.00,ETF,ETF,75.00,90.00,94.00,83.00,2.18,1.74,3778798.00,3852780.00,110.25,50.48,0,NO,70.67,64.46,64.40,65.41,62.14,,684,0.00,3679825.00,NO,NO,2024-03-05,37918500.00
1829,MNSB,24.93,24.90,30111.00,Financial Services,Banks - Regional,74.00,58.00,66.00,62.00,0.55,0.53,30871.00,28690.00,25.87,17.86,177564032,NO,25.05,24.66,23.12,24.71,23.83,,5302,0.00,30111.00,NO,NO,2024-06-28,888100.00
1830,WELL,227.71,226.94,2637780.00,Real Estate,REIT - Healthcare Facilities,74.00,29.00,46.00,65.00,4.66,4.33,2820463.00,3108050.00,255.20,163.75,164081467392,NO,232.60,235.66,214.08,234.39,221.92,,11730,0.00,2637780.00,NO,NO,2011-03-02,24268600.00
1831,AVSU,88.91,88.36,17176.00,ETF,ETF,74.00,68.00,65.00,76.00,0.78,0.55,9220.00,11100.00,91.17,71.39,0,NO,88.48,88.84,82.98,89.19,84.99,,1141,0.00,17176.00,NO,NO,2022-10-10,374100.00
1832,FELC,43.69,43.42,671099.00,ETF,ETF,74.00,68.00,76.00,77.00,0.41,0.35,689582.00,714590.00,44.36,35.09,0,NO,43.51,43.44,40.48,43.63,41.33,,719,0.00,671099.00,NO,NO,2025-04-09,8454500.00
1833,HYDR,44.99,43.71,9819.00,ETF,ETF,74.00,89.00,11.00,80.00,1.34,1.00,45388.00,16280.00,74.80,31.69,0,NO,44.48,43.45,45.27,43.93,48.44,,1312,1.83,9819.00,NO,NO,2026-06-10,545500.00
1834,ENOR,35.30,34.88,29335.00,ETF,ETF,74.00,28.00,86.00,22.00,0.45,0.39,86538.00,60710.00,38.15,26.70,0,NO,36.42,35.94,34.41,36.10,35.53,,3695,0.00,29335.00,NO,NO,2026-09-09,2312400.00
1835,BTCW,89.00,89.45,2184.00,ETF,ETF,74.00,90.00,95.00,83.00,1.98,1.26,20138.00,7620.00,133.92,61.45,0,NO,85.83,78.27,78.23,79.44,75.46,,684,0.00,2184.00,NO,NO,2024-02-20,4037200.00
1836,BTC,37.25,37.44,2932330.00,ETF,ETF,74.00,90.00,94.00,83.00,1.10,0.87,1745466.00,1730440.00,55.96,25.65,0,NO,35.92,32.76,32.72,33.25,31.58,,546,0.00,2932330.00,NO,NO,2026-02-05,17048200.00
1837,BITU,15.39,15.57,5297010.00,ETF,ETF,74.00,94.00,97.00,89.00,0.90,0.72,4614314.00,4597150.00,64.40,7.92,0,NO,14.50,12.39,14.12,12.71,12.19,,629,0.00,5297010.00,NO,NO,2026-02-05,16219600.00
1838,HEEM,42.53,42.27,15921.00,ETF,ETF,74.00,73.00,40.00,72.00,0.56,0.39,133696.00,26010.00,46.49,32.93,0,NO,42.44,42.00,40.30,42.25,41.49,,3023,0.00,15921.00,NO,NO,2015-04-10,4556300.00
1839,ARKB,27.93,28.05,1560685.00,ETF,ETF,74.00,90.00,94.00,83.00,0.83,0.66,1767961.00,1503680.00,41.99,19.24,0,NO,26.93,24.56,24.54,24.93,23.68,,684,0.00,1560685.00,NO,NO,2024-03-05,25505400.00
1840,JOE,65.38,65.16,185286.00,Real Estate,Real Estate - Diversified,74.00,66.00,84.00,37.00,1.48,1.45,241328.00,334580.00,73.54,46.37,3722112768,NO,65.01,65.82,65.40,66.07,65.10,,9199,0.00,185286.00,NO,NO,2010-10-13,12828900.00
1841,TMFC,80.84,80.13,62124.00,ETF,ETF,74.00,79.00,79.00,79.00,0.84,0.72,75347.00,52190.00,81.40,63.76,0,NO,79.76,79.14,74.28,79.58,75.68,,2181,0.00,62124.00,NO,NO,2018-02-01,1085800.00
1842,IBIT,47.73,47.96,48500051.00,ETF,ETF,74.00,90.00,94.00,83.00,1.44,1.15,46180547.00,45773150.00,71.82,32.84,0,NO,46.01,41.96,41.92,42.60,40.46,,684,0.00,48500051.00,YES,NO,2026-02-05,284371500.00
1843,PSIL,21.85,22.06,21295.00,ETF,ETF,74.00,7.00,33.00,84.00,0.67,0.63,42493.00,35080.00,27.02,15.63,0,NO,24.07,24.58,20.41,24.48,21.63,,1267,0.00,21295.00,NO,NO,2024-10-16,454700.00
1844,BTCO,83.79,84.15,17060.00,ETF,ETF,74.00,90.00,94.00,83.00,2.23,1.68,47519.00,45490.00,125.96,57.76,0,NO,80.79,73.68,73.62,74.79,71.03,,684,0.00,17060.00,NO,NO,2024-02-28,2691900.00
1845,BRRR,23.75,23.86,45124.00,ETF,ETF,74.00,90.00,94.00,83.00,0.62,0.45,57261.00,51120.00,35.70,16.37,0,NO,22.90,20.88,20.86,21.20,20.13,,684,0.00,45124.00,NO,NO,2025-02-25,3711900.00
1846,DFLV,40.47,40.32,892626.00,ETF,ETF,74.00,37.00,69.00,66.00,0.34,0.30,637987.00,669460.00,42.35,32.06,0,NO,41.09,41.38,38.29,41.44,39.26,,958,0.30,892626.00,NO,NO,2022-12-09,4094100.00
1847,SPBC,50.56,50.23,22181.00,ETF,ETF,74.00,77.00,81.00,79.00,0.51,0.34,6742.00,6380.00,51.29,40.29,0,NO,50.08,49.43,46.48,49.72,47.22,,1346,0.00,22181.00,NO,NO,2023-01-12,2000700.00
1848,SSUS,56.57,56.17,39201.00,ETF,ETF,74.00,74.00,73.00,77.00,0.45,0.33,25912.00,68010.00,57.15,45.21,0,NO,56.13,55.98,52.37,56.22,53.62,,1686,0.00,39201.00,NO,NO,2023-11-13,1640000.00
1849,DUBS,43.20,42.85,26316.00,ETF,ETF,74.00,72.00,75.00,76.00,0.52,0.41,22360.00,21770.00,44.88,34.84,0,NO,43.01,42.85,40.11,43.04,40.98,,829,0.00,26316.00,NO,NO,2023-08-02,1164300.00
1850,LLY,1142.85,1149.85,2020098.00,Healthcare,Drug Manufacturers - General,74.00,55.00,31.00,80.00,31.20,31.16,2503255.00,2517680.00,1292.65,783.85,1019126611968,NO,1151.22,1176.79,1073.81,1168.90,1086.02,,13698,0.00,2020098.00,NO,NO,2019-03-06,74822500.00
1851,NUGO,44.77,44.31,2818.00,ETF,ETF,74.00,85.00,78.00,81.00,0.44,0.26,64628.00,45780.00,45.08,34.28,0,NO,43.62,43.34,40.99,43.66,41.78,,1259,0.00,2818.00,NO,NO,2021-10-15,8095400.00
1852,LDRX,37.17,36.84,977.00,ETF,ETF,74.00,76.00,78.00,78.00,0.29,0.16,5068.00,3190.00,37.45,29.65,0,NO,36.84,36.54,34.33,36.74,35.00,,356,0.00,977.00,NO,NO,2026-02-19,294200.00
1853,FBOT,39.62,38.93,16793.00,ETF,ETF,74.00,81.00,57.00,76.00,0.48,0.33,13215.00,9570.00,40.84,30.45,0,NO,38.55,38.95,37.15,39.26,37.88,,831,1.46,16793.00,NO,NO,2025-05-09,491800.00
1854,BAY,30.69,30.57,445.00,ETF,ETF,74.00,86.00,80.00,,0.24,0.06,144.00,350.00,30.71,26.33,0,NO,29.96,29.32,,29.52,,,104,0.00,445.00,NO,NO,2026-05-06,66200.00
1855,HAS,89.54,89.98,1817767.00,Consumer Cyclical,Leisure,74.00,31.00,90.00,33.00,2.31,2.31,1905060.00,2145400.00,106.98,69.50,12629121024,NO,89.05,91.99,90.37,92.12,89.95,,11732,0.00,1817767.00,NO,NO,1996-02-02,26326125.00
1856,EGUS,59.83,59.16,3467.00,ETF,ETF,74.00,81.00,72.00,82.00,0.50,0.23,2295.00,1770.00,60.00,45.91,0,NO,58.57,58.36,54.81,58.70,56.07,,919,0.00,3467.00,NO,NO,2025-01-27,331400.00
1857,VRSN,288.32,286.90,1241269.00,Technology,Software - Infrastructure,74.00,62.00,88.00,62.00,7.25,6.96,755506.00,793270.00,312.48,208.86,26064128000,NO,292.07,289.28,265.88,290.60,277.62,,7213,0.32,1241269.00,NO,NO,2002-04-26,87809700.00
1858,UDIV,61.72,61.28,4431.00,ETF,ETF,74.00,70.00,72.00,76.00,0.55,0.38,9076.00,13290.00,68.06,50.02,0,NO,61.46,61.36,57.44,61.63,58.84,,2598,0.00,4431.00,NO,NO,2024-06-24,1160700.00
1859,ALRM,54.68,54.86,379814.00,Technology,Software - Application,74.00,38.00,86.00,83.00,1.22,1.21,424931.00,524820.00,58.15,41.49,2684253696,NO,54.52,55.43,49.29,55.67,49.43,,2834,0.00,379814.00,NO,NO,2015-06-26,9088400.00
1860,MJSC,61.69,61.41,14.00,ETF,ETF,74.00,76.00,49.00,67.00,0.51,0.03,873.00,100.00,63.81,46.90,0,NO,61.66,61.47,58.17,61.85,59.93,,261,0.00,100.00,NO,NO,2025-09-19,357100.00
1861,PRAE,42.06,41.72,144.00,ETF,ETF,74.00,77.00,82.00,66.00,0.16,0.03,623.00,470.00,42.06,35.19,0,NO,41.51,41.12,39.61,41.33,39.96,,699,0.55,144.00,NO,NO,2023-12-22,62800.00
1862,TCBX,43.36,42.87,74523.00,Financial Services,Banks - Regional,74.00,39.00,83.00,65.00,1.10,1.05,111214.00,118070.00,46.35,35.73,722159488,NO,44.06,44.40,40.67,44.69,40.99,,1229,1.00,74523.00,NO,NO,2022-06-24,1080600.00
1863,INRO,37.18,36.86,365055.00,ETF,ETF,74.00,77.00,71.00,78.00,0.41,0.33,202379.00,1260220.00,37.90,29.63,0,NO,36.77,36.65,34.37,36.84,35.19,,631,0.00,365055.00,NO,NO,2026-09-22,4974500.00
1864,GVLE,47.60,47.36,2524.00,ETF,ETF,74.00,55.00,63.00,76.00,0.40,0.28,6204.00,14040.00,49.77,38.78,0,NO,47.94,48.42,44.43,48.58,45.61,,220,0.36,2524.00,NO,NO,2026-10-01,131500.00
1865,SUSL,137.55,136.40,22722.00,ETF,ETF,74.00,71.00,76.00,78.00,1.25,0.98,21747.00,24050.00,139.19,109.85,0,NO,136.04,136.04,127.54,136.86,129.86,,1860,0.00,22722.00,NO,NO,2023-06-08,28474200.00
1866,LOUP,91.12,90.44,7853.00,ETF,ETF,74.00,87.00,22.00,86.00,1.74,1.15,12125.00,11940.00,100.31,64.87,0,NO,87.93,89.26,83.90,89.89,86.41,,2053,0.00,7853.00,NO,NO,2018-08-22,187800.00
1867,CRTC,41.69,41.50,32145.00,ETF,ETF,74.00,81.00,82.00,73.00,0.42,0.32,18595.00,62320.00,41.87,33.57,0,NO,41.06,40.67,38.33,40.88,38.83,,721,0.00,32145.00,NO,NO,2025-02-10,1277100.00
1868,LCOW,26.92,26.73,3138.00,ETF,ETF,74.00,75.00,79.00,78.00,0.15,0.10,3655.00,2860.00,27.05,21.73,0,NO,26.58,26.49,24.77,26.58,25.13,,353,0.00,3138.00,NO,NO,2025-06-06,132300.00
1869,LST,47.44,47.11,43568.00,ETF,ETF,74.00,58.00,70.00,71.00,0.40,0.30,90288.00,185100.00,51.35,37.80,0,NO,47.49,47.54,44.42,47.70,45.43,,428,0.55,43568.00,NO,NO,2026-06-29,1738400.00
1870,VUS,30.23,29.87,22.00,ETF,ETF,74.00,66.00,71.00,71.00,0.19,0.08,1160.00,1400.00,30.69,24.70,0,NO,30.05,30.12,28.37,30.24,29.12,,208,0.00,700.00,NO,NO,2025-12-18,647700.00
1871,ALKS,41.75,40.54,2252752.00,Healthcare,Drug Manufacturers - Specialty & Generic,74.00,6.00,3.00,78.00,1.55,1.51,1800428.00,3108060.00,55.67,27.00,7004116480,NO,43.61,46.95,39.09,46.10,42.22,,8868,1.21,2252752.00,NO,NO,2023-12-15,31745300.00
1872,TSES,31.00,30.83,4894.00,ETF,ETF,74.00,59.00,76.00,41.00,0.21,0.09,1004.00,1180.00,32.15,24.94,0,NO,31.05,31.04,,31.12,30.70,,191,0.00,4894.00,NO,NO,2025-12-30,74900.00
1873,SPXN,85.25,84.50,154.00,ETF,ETF,74.00,78.00,77.00,76.00,0.53,0.16,974.00,450.00,85.64,68.63,0,NO,84.16,83.61,78.83,84.08,80.55,,2771,0.03,1300.00,NO,NO,2021-04-01,241200.00
1874,ITT,206.17,202.13,608506.00,Industrials,Specialty Industrial Machinery,74.00,80.00,85.00,52.00,6.18,6.04,880253.00,1057090.00,230.32,166.96,0,NO,203.60,205.18,197.03,206.50,200.30,,7749,0.00,608506.00,NO,NO,2011-01-12,67149578.00
1875,WINN,34.66,34.27,119018.00,ETF,ETF,74.00,83.00,81.00,82.00,0.38,0.31,99257.00,80880.00,34.84,26.62,0,NO,33.91,33.56,31.60,33.78,32.08,,1170,1.11,119018.00,NO,NO,2024-05-28,1159100.00
1876,FTIF,27.90,27.50,64.00,ETF,ETF,74.00,23.00,76.00,44.00,0.33,0.19,1609.00,1970.00,30.00,21.37,0,NO,28.79,28.82,27.06,28.87,27.96,,891,0.00,9900.00,NO,NO,2024-09-25,23200.00
1877,ALRG,31.16,31.19,19.00,ETF,ETF,74.00,74.00,81.00,75.00,0.18,0.03,550.00,790.00,31.79,25.71,0,NO,31.19,31.12,29.15,31.29,29.76,,311,0.00,3600.00,NO,NO,2025-07-08,200300.00
1878,PRMR,28.80,28.66,5315.00,ETF,ETF,74.00,74.00,70.00,80.00,0.20,0.15,18733.00,10050.00,29.20,22.80,0,NO,28.65,28.54,26.27,28.65,26.92,,205,0.00,5315.00,NO,NO,2025-12-09,1586100.00
1879,BITW,55.19,55.56,16678.00,ETF,ETF,74.00,90.00,95.00,83.00,1.56,1.17,31882.00,35260.00,86.70,37.20,0,NO,53.29,48.24,48.38,49.03,46.28,,1459,0.00,16678.00,NO,NO,2024-01-18,2503000.00
1880,BPOP,158.14,156.52,570626.00,Financial Services,Banks - Regional,74.00,16.00,24.00,71.00,2.91,2.89,495765.00,581180.00,179.24,108.74,10085932032,NO,161.65,168.29,150.21,168.16,157.00,,11732,0.25,570626.00,NO,NO,2010-04-14,21428080.00
1881,FMTM,39.49,39.02,213087.00,ETF,ETF,74.00,78.00,35.00,62.00,0.52,0.49,204325.00,178420.00,48.00,28.92,0,NO,38.69,38.84,37.82,38.95,38.85,,387,0.86,213087.00,NO,NO,2026-07-02,471200.00
1882,XPO,186.09,179.73,1358542.00,Industrials,Trucking,74.00,67.00,15.00,14.00,6.02,5.61,981644.00,1148880.00,232.05,121.48,21788618752,NO,179.59,191.27,192.61,190.97,201.86,,5784,1.61,1358542.00,NO,NO,2018-12-13,114758560.00
1883,NULG,114.81,114.21,43776.00,ETF,ETF,74.00,78.00,55.00,82.00,1.23,1.04,95436.00,58960.00,118.72,87.17,0,NO,112.51,113.67,105.45,114.04,108.64,,2457,0.00,43776.00,NO,NO,2026-01-14,3011000.00
1884,BSVO,28.48,28.23,255356.00,ETF,ETF,74.00,34.00,50.00,62.00,0.33,0.30,159738.00,266640.00,30.20,21.60,0,NO,28.86,29.31,27.22,29.34,28.08,,894,0.80,255356.00,NO,NO,2025-04-04,2835200.00
1885,USSG,72.01,71.55,9273.00,ETF,ETF,74.00,71.00,75.00,77.00,0.59,0.45,14592.00,24810.00,72.95,57.65,0,NO,71.34,71.31,66.89,71.71,68.07,,1904,0.00,9273.00,NO,NO,2023-04-04,54547300.00
1886,SFTX,30.85,30.55,32003.00,ETF,ETF,74.00,57.00,58.00,69.00,0.35,0.24,197160.00,58990.00,32.97,25.04,0,NO,31.17,31.07,29.28,31.24,30.04,,208,0.60,32003.00,NO,NO,2025-12-09,14117800.00
1887,RND,33.75,33.41,7581.00,ETF,ETF,74.00,80.00,80.00,80.00,0.29,0.15,3306.00,1680.00,33.85,26.25,0,NO,33.13,32.85,30.91,33.09,31.37,,608,0.00,7581.00,NO,NO,2026-06-30,90600.00
1888,ROBO,82.82,81.01,115168.00,ETF,ETF,74.00,85.00,36.00,77.00,1.26,0.97,163366.00,103450.00,90.51,62.80,0,NO,79.70,80.68,78.33,81.24,80.18,,3256,1.91,115168.00,NO,NO,2017-07-31,5493300.00
1889,PEBO,37.48,36.89,957411.00,Financial Services,Banks - Regional,74.00,26.00,39.00,64.00,0.89,0.73,310703.00,485240.00,42.29,27.49,1347117952,NO,39.04,40.00,35.45,39.96,36.85,,8469,0.52,957411.00,NO,NO,2026-03-20,1439300.00
1890,BAMG,45.35,44.99,13605.00,ETF,ETF,74.00,80.00,66.00,81.00,0.39,0.24,20414.00,48890.00,45.51,35.32,0,NO,44.62,44.43,41.69,44.65,42.56,,756,0.00,13605.00,NO,NO,2023-11-10,452800.00
1891,BVFL,21.23,21.20,22316.00,Financial Services,Banks - Regional,74.00,55.00,51.00,57.00,0.55,0.51,15695.00,23530.00,22.17,14.60,179830912,NO,21.15,21.22,20.02,21.19,20.47,,5440,0.09,22316.00,NO,NO,2025-06-27,1137600.00
1892,AOSL,30.24,28.84,559568.00,Technology,Semiconductors,74.00,95.00,5.00,88.00,1.23,1.13,598730.00,603190.00,54.34,17.01,916425344,NO,26.51,28.23,30.09,28.42,33.28,,4133,3.95,559568.00,NO,NO,2022-05-18,5137100.00
1893,CFR,155.04,153.48,322738.00,Financial Services,Banks - Regional,74.00,32.00,54.00,64.00,2.96,2.92,551226.00,548100.00,170.80,119.00,9635547136,NO,158.64,162.45,146.51,162.46,150.13,,11732,0.23,322738.00,NO,NO,1991-07-25,4072400.00
1894,EHC,119.80,119.06,1095403.00,Healthcare,Medical Care Facilities,74.00,58.00,88.00,81.00,3.02,3.02,915409.00,1016530.00,127.99,92.77,11818675200,NO,121.99,120.41,108.18,120.96,109.80,,10083,0.13,1095403.00,NO,NO,2003-03-26,22074378.00
1895,JIVE,94.97,94.32,534441.00,ETF,ETF,74.00,35.00,66.00,60.00,1.14,0.78,335022.00,452690.00,100.21,73.71,0,NO,97.42,97.15,90.69,97.53,92.69,,766,0.27,534441.00,NO,NO,2026-04-29,2314400.00
1896,ESN,20.40,20.32,21194.00,ETF,ETF,74.00,62.00,68.00,70.00,0.23,0.19,64273.00,77010.00,21.06,16.62,0,NO,20.54,20.49,19.02,20.52,19.49,,489,0.00,21194.00,NO,NO,2025-06-24,1621900.00
1897,TIME,27.93,27.66,444.00,ETF,ETF,74.00,83.00,80.00,78.00,0.19,0.09,2036.00,1490.00,27.95,22.31,0,NO,27.46,27.03,25.70,27.17,26.12,,1174,0.97,444.00,NO,NO,2022-12-05,1294100.00
1898,EZPZ,21.34,21.46,5110.00,ETF,ETF,74.00,91.00,95.00,83.00,0.56,0.35,7387.00,5740.00,33.77,14.40,0,NO,20.57,18.62,18.70,18.94,17.90,,405,0.00,5110.00,NO,NO,2026-06-05,233900.00
1899,USNZ,48.74,48.76,17.00,ETF,ETF,74.00,76.00,77.00,80.00,0.31,0.01,414.00,100.00,49.48,38.98,0,NO,48.69,48.40,45.36,48.70,46.31,,1068,0.00,100.00,NO,NO,2022-06-30,864200.00
1900,GMOI,39.39,39.14,28200.00,ETF,ETF,74.00,25.00,73.00,54.00,0.46,0.34,115561.00,43580.00,42.15,30.41,0,NO,40.75,40.83,37.77,40.94,38.61,,483,0.08,28200.00,NO,NO,2026-01-21,2067400.00
1901,SNPG,60.31,60.00,1544.00,ETF,ETF,74.00,80.00,67.00,82.00,0.48,0.17,1411.00,510.00,61.71,46.74,0,NO,59.00,59.11,55.36,59.46,56.48,,975,0.00,1544.00,NO,NO,2025-10-15,126900.00
1902,CWBC,26.53,26.24,138506.00,Financial Services,Banks - Regional,74.00,75.00,45.00,69.00,0.60,0.59,233633.00,244100.00,28.17,19.79,719870528,NO,26.17,25.89,24.58,26.02,25.02,,6937,0.99,138506.00,NO,NO,2021-06-25,1615300.00
1903,GLOF,61.09,60.65,5010.00,ETF,ETF,74.00,66.00,75.00,72.00,0.57,0.41,25868.00,25180.00,61.94,50.37,0,NO,60.98,60.69,57.02,61.00,58.21,,2872,0.00,5010.00,NO,NO,2018-12-04,3040500.00
1904,NOEQ,29.53,29.52,9.00,ETF,ETF,74.00,75.00,74.00,73.00,0.16,0.00,100.00,100.00,29.92,24.64,0,NO,29.58,29.44,,29.59,,,133,0.00,100.00,NO,NO,2026-03-23,1800.00
1905,OEF,384.83,381.55,269046.00,ETF,ETF,73.00,75.00,78.00,78.00,4.00,3.29,225331.00,240710.00,388.13,306.84,0,NO,381.50,378.74,356.32,380.69,362.69,,6520,0.00,269046.00,NO,NO,2026-03-12,30134500.00
1906,RAUS,30.26,30.01,225812.00,ETF,ETF,73.00,72.00,74.00,75.00,0.23,0.16,6879.00,4510.00,30.48,24.60,0,NO,30.06,29.98,28.14,30.12,28.74,,266,0.00,225812.00,NO,NO,2025-09-12,358800.00
1907,GGME,65.92,65.71,983.00,ETF,ETF,73.00,81.00,83.00,85.00,0.71,0.31,1647.00,720.00,67.85,49.02,0,NO,65.63,64.00,58.81,64.28,59.92,,5353,0.00,983.00,NO,NO,2014-04-02,3511600.00
1908,ASMF,27.54,27.43,270.00,ETF,ETF,73.00,84.00,83.00,56.00,0.22,0.17,5800.00,12660.00,28.00,22.97,0,NO,27.02,26.38,25.72,26.49,25.95,,597,0.00,270.00,NO,NO,2025-08-19,407400.00
1909,MGC,284.69,282.64,189736.00,ETF,ETF,73.00,76.00,76.00,77.00,2.78,2.27,79430.00,94990.00,287.52,228.37,0,NO,282.44,280.55,263.92,281.98,268.98,,4721,0.00,189736.00,NO,NO,2025-12-16,3290900.00
1910,ILCG,118.75,117.50,56812.00,ETF,ETF,73.00,83.00,73.00,81.00,1.40,1.11,61506.00,75480.00,120.57,91.26,0,NO,115.91,115.26,109.35,115.99,111.72,,5593,0.00,56812.00,NO,NO,2013-11-06,2459000.00
1911,COPY,15.27,15.28,126841.00,ETF,ETF,73.00,31.00,68.00,63.00,0.15,0.13,174488.00,156500.00,16.20,11.86,0,NO,15.58,15.71,14.57,15.72,14.92,,442,0.00,126841.00,NO,NO,2026-09-02,1185200.00
1912,RY,195.67,195.36,1684069.00,Financial Services,Banks - Diversified,73.00,22.00,26.00,78.00,3.16,2.93,1258039.00,1138970.00,218.57,143.13,270891384832,NO,202.81,206.68,186.39,206.40,193.13,,7792,0.00,1684069.00,NO,NO,2015-01-22,9830200.00
1913,GDLC,38.68,38.83,18434.00,ETF,ETF,73.00,91.00,95.00,84.00,1.09,0.83,38371.00,30020.00,61.89,25.97,0,NO,37.30,33.79,33.85,34.37,32.37,,1723,0.00,18434.00,NO,NO,2021-09-07,1315700.00
1914,PSCH,51.63,51.28,7867.00,ETF,ETF,73.00,22.00,32.00,83.00,0.77,0.66,25834.00,21700.00,56.45,39.08,0,NO,53.02,54.02,47.50,53.86,48.76,,4149,0.57,7867.00,NO,NO,2011-03-11,6500400.00
1915,CCML,28.44,27.39,50230.00,ETF,ETF,73.00,,,,0.75,0.44,55594.00,37180.00,28.71,25.14,0,NO,,,,,,,18,0.00,50230.00,NO,NO,2026-09-10,119900.00
1916,TBF,26.84,26.70,343928.00,ETF,ETF,73.00,85.00,86.00,62.00,0.28,0.23,187831.00,346670.00,27.10,23.01,0,NO,26.01,25.60,24.60,25.72,24.91,,4306,0.00,343928.00,NO,NO,2022-03-01,10356500.00
1917,TNA,59.85,58.37,6798605.00,ETF,ETF,73.00,6.00,6.00,86.00,2.41,2.15,3902690.00,5051310.00,77.24,37.03,0,NO,62.44,68.02,60.48,67.93,63.51,,4494,0.00,6798605.00,NO,NO,2011-10-04,222000000.00
1918,WEEI,24.62,24.50,29682.00,ETF,ETF,73.00,48.00,88.00,41.00,0.35,0.27,45822.00,38390.00,25.57,20.38,0,NO,24.88,24.64,23.57,24.67,23.96,,608,0.00,29682.00,NO,NO,2026-03-23,220400.00
1919,RGEF,35.50,35.11,228.00,ETF,ETF,73.00,78.00,68.00,73.00,0.46,0.31,7744.00,4900.00,35.78,29.03,0,NO,35.08,35.01,33.12,35.21,33.81,,484,0.91,228.00,NO,NO,2025-02-18,804700.00
1920,AVUQ,68.45,67.97,3972.00,ETF,ETF,73.00,81.00,77.00,77.00,0.63,0.47,28928.00,56280.00,68.70,54.65,0,NO,67.31,66.91,63.40,67.31,64.64,,377,0.00,3972.00,NO,NO,2026-10-01,429600.00
1921,USNG,35.02,34.49,4845.00,ETF,ETF,73.00,69.00,50.00,50.00,0.38,0.31,6003.00,3080.00,37.60,26.87,0,NO,35.16,34.74,33.65,34.91,35.08,,345,1.22,4845.00,NO,NO,2025-05-20,119700.00
1922,PVAL,52.78,52.61,1747160.00,ETF,ETF,73.00,49.00,68.00,66.00,0.46,0.42,1700604.00,1779810.00,54.70,41.58,0,NO,53.39,53.74,49.91,53.85,50.99,,1345,0.29,1747160.00,NO,NO,2025-11-05,11067400.00
1923,DEM,55.42,54.90,137153.00,ETF,ETF,73.00,55.00,71.00,64.00,0.62,0.44,234147.00,216730.00,57.41,44.23,0,NO,56.21,55.26,52.36,55.49,53.57,,4837,0.71,137153.00,NO,NO,2023-06-28,4962000.00
1924,ZS,196.60,198.78,1720683.00,Technology,Software - Infrastructure,73.00,93.00,94.00,90.00,9.24,8.77,2818036.00,3114770.00,336.99,114.62,32056555520,NO,191.49,179.09,166.42,179.08,154.24,,2149,0.00,1720683.00,NO,NO,2026-05-27,31831500.00
1925,STOX,32.20,31.98,59194.00,ETF,ETF,73.00,74.00,77.00,75.00,0.35,0.29,57974.00,25730.00,33.16,26.22,0,NO,31.98,31.88,29.95,32.03,30.50,,320,0.00,59194.00,NO,NO,2025-07-31,2331400.00
1926,EPSV,29.62,29.23,1067.00,ETF,ETF,73.00,55.00,36.00,69.00,0.19,0.07,1128.00,1330.00,31.83,22.70,0,NO,29.52,30.34,28.24,30.37,29.26,,357,1.18,1067.00,NO,NO,2025-05-02,173200.00
1927,CSNR,36.42,35.98,10120.00,ETF,ETF,73.00,20.00,84.00,24.00,0.48,0.37,17558.00,47680.00,39.42,28.36,0,NO,37.69,37.32,35.92,37.46,36.53,,417,0.65,10120.00,NO,NO,2025-03-31,574800.00
1928,EBI,66.23,65.79,767.00,ETF,ETF,73.00,53.00,71.00,67.00,0.52,0.40,12993.00,19340.00,68.15,53.16,0,NO,66.49,66.83,62.53,67.05,64.00,,401,0.00,767.00,NO,NO,2025-04-08,181900.00
1929,AIFR,26.80,26.36,92.00,ETF,ETF,73.00,,,,0.64,0.27,2093.00,2160.00,26.87,23.17,0,NO,,,,,,,17,0.00,92.00,NO,NO,2026-09-17,4000.00
1930,ADVE,46.81,46.40,821.00,ETF,ETF,73.00,65.00,66.00,64.00,0.51,0.21,2293.00,3130.00,47.82,37.40,0,NO,46.74,46.42,44.44,46.66,45.39,,760,0.50,821.00,NO,NO,2024-07-01,122000.00
1931,XUSP,54.06,53.56,3045.00,ETF,ETF,73.00,71.00,71.00,79.00,0.50,0.24,4514.00,2550.00,55.40,42.62,0,NO,53.70,53.74,50.33,54.02,51.36,,1040,0.00,3045.00,NO,NO,2025-04-08,269900.00
1932,AVLC,91.24,90.64,111127.00,ETF,ETF,73.00,67.00,69.00,73.00,1.18,0.88,73676.00,86390.00,94.80,74.45,0,NO,90.94,91.05,85.46,91.36,87.42,,756,0.00,111127.00,NO,NO,2024-04-11,798100.00
1933,QLTY,43.15,42.87,397485.00,ETF,ETF,73.00,70.00,76.00,75.00,0.39,0.35,370715.00,390430.00,43.70,35.15,0,NO,42.79,42.73,40.26,42.91,40.82,,722,0.00,397485.00,NO,NO,2024-01-29,4061400.00
1934,ARKW,162.89,160.50,222294.00,ETF,ETF,73.00,87.00,85.00,88.00,3.12,2.35,63795.00,60480.00,183.00,113.36,0,NO,159.77,153.17,142.20,154.79,143.45,,3020,0.00,222294.00,NO,NO,2021-02-23,6257400.00
1935,PM,187.46,188.18,3052459.00,Consumer Defensive,Tobacco,73.00,64.00,68.00,76.00,4.18,4.12,4647804.00,5128650.00,207.76,142.11,292177674240,NO,189.91,189.98,177.90,189.11,179.93,,4667,0.00,3052459.00,NO,NO,2018-04-19,45570300.00
1936,FYC,116.46,115.51,135049.00,ETF,ETF,73.00,50.00,25.00,75.00,1.54,1.35,76925.00,78760.00,127.57,86.85,0,NO,116.95,119.54,110.35,119.52,114.35,,3886,0.00,135049.00,NO,NO,2023-10-27,719900.00
1937,MANU,20.08,20.62,385739.00,Communication Services,Entertainment,73.00,24.00,16.00,72.00,0.78,0.73,318787.00,453830.00,24.45,14.85,3463627264,NO,20.38,21.82,19.44,21.58,20.43,,3556,0.00,385739.00,NO,NO,2022-11-25,35226200.00
1938,FESM,45.63,45.22,1022824.00,ETF,ETF,73.00,42.00,33.00,75.00,0.58,0.52,966526.00,1289070.00,48.93,34.83,0,NO,45.84,46.95,43.27,46.96,44.72,,719,0.00,1022824.00,NO,NO,2025-03-07,5100800.00
1939,ABBV,262.82,259.93,5541012.00,Healthcare,Drug Manufacturers - General,73.00,70.00,75.00,84.00,4.74,4.74,4922441.00,4054220.00,269.39,190.75,464433774592,NO,261.09,257.84,231.52,257.16,234.31,,3459,0.00,5541012.00,NO,NO,2014-10-15,122740200.00
1940,WEX,169.10,168.66,528329.00,Technology,Software - Infrastructure,73.00,7.00,89.00,58.00,6.08,6.06,650863.00,648830.00,203.99,125.29,5763201024,NO,185.36,188.80,161.67,188.76,163.78,,5441,0.00,528329.00,NO,NO,2005-02-16,16649800.00
1941,DAN,27.88,27.63,981854.00,Consumer Cyclical,Auto Parts,73.00,11.00,83.00,6.00,1.07,1.03,1447919.00,1786720.00,39.56,17.74,2999237632,NO,29.40,29.36,30.88,29.57,31.32,,4718,0.00,981854.00,NO,NO,2009-09-24,28204800.00
1942,SCJ,110.15,108.84,41793.00,ETF,ETF,73.00,75.00,66.00,64.00,1.40,0.84,36579.00,29250.00,111.44,88.08,0,NO,109.73,108.73,102.85,109.41,104.83,,4721,1.08,41793.00,NO,NO,2019-01-29,3946500.00
1943,GMOV,31.58,31.53,6797.00,ETF,ETF,73.00,31.00,78.00,65.00,0.28,0.21,15404.00,7630.00,33.47,25.66,0,NO,32.35,32.32,29.93,32.38,30.52,,483,0.00,6797.00,NO,NO,2025-02-03,234400.00
1944,CAH,228.30,230.09,1820599.00,Healthcare,Medical Distribution,73.00,17.00,36.00,52.00,5.47,5.06,1983642.00,2211960.00,258.30,150.78,52864999424,NO,229.35,232.67,218.03,232.13,219.61,,10876,0.00,1820599.00,NO,NO,2004-07-01,35567800.00
1945,COM,34.85,34.82,24017.00,ETF,ETF,73.00,49.00,81.00,46.00,0.20,0.17,71777.00,70080.00,35.93,28.61,0,NO,35.33,34.79,33.17,34.80,34.02,,2391,0.00,24017.00,NO,NO,2026-03-17,1013800.00
1946,NVRI,20.21,19.46,229299.00,Industrials,Waste Management,73.00,8.00,12.00,40.00,0.81,0.81,370133.00,340230.00,24.20,11.15,569722304,NO,20.77,21.38,19.98,21.29,20.57,,11732,1.95,229299.00,NO,NO,2026-05-26,20018800.00
1947,CSW,302.69,292.38,124105.00,Industrials,Specialty Industrial Machinery,73.00,69.00,84.00,70.00,8.99,8.49,143458.00,129680.00,355.48,230.45,4931875840,NO,295.06,312.85,292.19,315.97,289.18,,2768,2.25,124105.00,NO,NO,2024-09-20,3051100.00
1948,GRIN,33.10,32.58,6172.00,ETF,ETF,73.00,65.00,50.00,74.00,0.43,0.27,42274.00,27650.00,34.70,25.75,0,NO,32.82,33.05,30.96,33.24,31.65,,320,0.00,6172.00,NO,NO,2025-07-31,2336200.00
1949,GBTC,65.11,65.44,1948251.00,ETF,ETF,73.00,90.00,94.00,83.00,1.93,1.54,1825577.00,1649090.00,99.12,44.98,0,NO,62.80,57.31,57.48,58.17,55.38,,2867,0.00,1948251.00,NO,NO,2024-01-11,62378454.00
1950,ESGV,136.75,135.65,1087809.00,ETF,ETF,73.00,73.00,74.00,79.00,1.42,1.17,170271.00,203190.00,138.12,108.18,0,NO,135.70,135.30,126.84,135.98,129.28,,2019,0.00,1087809.00,NO,NO,2021-07-07,3142700.00
1951,LECO,274.38,269.40,387206.00,Industrials,Tools & Accessories,73.00,72.00,79.00,65.00,6.14,5.74,421550.00,432870.00,310.00,216.22,14955289600,NO,263.94,271.19,264.12,272.96,263.44,,8177,0.00,387206.00,NO,NO,2006-06-01,10480400.00
1952,AVIE,77.75,77.48,485.00,ETF,ETF,73.00,26.00,75.00,53.00,0.51,0.35,1901.00,1860.00,82.03,62.42,0,NO,79.18,79.31,74.04,79.32,75.67,,1006,0.14,485.00,NO,NO,2023-06-15,193300.00
1953,ORO,20.70,20.79,339.00,ETF,ETF,73.00,76.00,88.00,60.00,0.28,0.08,734.00,500.00,21.50,17.70,0,NO,20.64,19.65,19.15,19.84,19.27,,241,0.00,339.00,NO,NO,2025-10-17,102900.00
1954,AKAM,108.92,106.93,5032187.00,Technology,Software - Infrastructure,73.00,82.00,39.00,13.00,7.01,6.56,4192485.00,8321350.00,165.45,70.82,15653612544,NO,109.04,111.87,111.68,110.80,117.88,,6772,1.70,5032187.00,NO,NO,2009-07-30,62872400.00
1955,FNDF,53.84,53.33,2385059.00,ETF,ETF,73.00,41.00,63.00,58.00,0.64,0.44,1678717.00,1994150.00,56.48,42.32,0,NO,54.95,54.94,51.67,55.17,52.93,,3303,0.54,2385059.00,NO,NO,2020-03-09,12151800.00
1956,SYBT,78.64,77.42,125310.00,Financial Services,Banks - Regional,73.00,59.00,66.00,73.00,1.80,1.75,164307.00,151340.00,89.22,61.51,2443080960,NO,78.67,81.17,72.86,81.13,75.09,,8440,0.88,125310.00,NO,NO,2024-09-19,1489200.00
1957,EPS,80.59,80.06,33321.00,ETF,ETF,73.00,67.00,75.00,74.00,0.69,0.56,42974.00,29430.00,81.95,65.97,0,NO,80.48,80.31,75.31,80.66,76.86,,4934,0.00,33321.00,NO,NO,2008-12-11,1811400.00
1958,TARK,55.81,54.41,3606.00,ETF,ETF,73.00,93.00,85.00,93.00,2.27,1.46,16731.00,26480.00,94.00,30.70,0,NO,53.56,48.96,46.18,50.12,45.18,,1110,0.00,3606.00,NO,NO,2022-12-13,2686400.00
1959,SCDS,72.82,71.91,6067.00,ETF,ETF,73.00,49.00,34.00,74.00,0.55,0.18,1131.00,620.00,78.04,56.10,0,NO,72.92,74.83,69.34,74.90,71.74,,448,0.00,6067.00,NO,NO,2026-06-18,16100.00
1960,MGYR,19.32,19.29,1155.00,Financial Services,Banks - Regional,73.00,66.00,87.00,60.00,0.27,0.17,2750.00,1850.00,20.00,16.03,124685728,NO,19.37,19.30,18.00,19.39,18.14,,5206,0.00,1155.00,NO,NO,2006-01-24,533089.00
1961,OWNB,22.66,22.71,1664.00,ETF,ETF,73.00,93.00,92.00,90.00,0.67,0.39,2755.00,3520.00,39.00,15.07,0,NO,22.15,19.83,20.10,20.25,19.62,,394,0.00,1664.00,NO,NO,2025-06-16,274900.00
1962,FVAL,81.47,81.08,47058.00,ETF,ETF,73.00,55.00,76.00,72.00,0.74,0.62,46419.00,45220.00,83.71,67.20,0,NO,81.82,82.01,76.63,82.29,78.01,,2526,0.00,47058.00,NO,NO,2025-03-17,2300900.00
1963,REVS,32.99,32.81,12879.00,ETF,ETF,73.00,39.00,72.00,69.00,0.27,0.24,44161.00,62300.00,34.55,27.24,0,NO,33.41,33.63,31.01,33.69,31.74,,1765,0.52,12879.00,NO,NO,2025-12-05,1119500.00
1964,USFD,96.92,93.93,3479344.00,Consumer Defensive,Food Distribution,73.00,15.00,26.00,54.00,2.58,2.54,2363861.00,2591720.00,111.42,69.88,20966772736,NO,95.04,101.40,92.18,101.83,95.05,,2603,0.71,3479344.00,NO,NO,2023-03-17,32994200.00
1965,PRF,54.83,54.58,392405.00,ETF,ETF,73.00,49.00,64.00,69.00,0.43,0.38,298423.00,425950.00,56.66,44.11,0,NO,55.38,55.61,51.81,55.73,53.09,,5228,0.00,392405.00,NO,NO,2020-03-12,19276500.00
1966,USMC,77.29,76.65,51480.00,ETF,ETF,73.00,74.00,78.00,78.00,0.71,0.58,84012.00,63940.00,77.69,62.28,0,NO,76.55,76.02,71.21,76.32,72.57,,2255,0.00,51480.00,NO,NO,2019-08-01,5057200.00
1967,COSO,26.98,26.39,297624.00,Financial Services,Banks - Regional,73.00,60.00,67.00,58.00,0.56,0.54,100636.00,135140.00,28.56,20.80,322530944,NO,27.00,27.29,25.69,27.39,26.29,,353,1.02,297624.00,NO,NO,2025-09-19,892700.00
1968,GOOGL,343.50,338.24,22734069.00,Communication Services,Internet Content & Information,73.00,78.00,24.00,72.00,9.18,8.61,27174865.00,30003600.00,408.61,235.84,4200982642688,NO,342.62,344.37,338.92,346.17,346.74,,5566,0.91,22734069.00,YES,NO,2006-01-20,1643023332.00
1969,ITRN,52.53,51.32,100886.00,Technology,Scientific & Technical Instruments,73.00,79.00,17.00,42.00,1.18,1.07,132517.00,106720.00,68.30,35.00,1041963008,NO,51.86,52.53,52.80,52.35,55.73,,5286,1.29,100886.00,NO,NO,2005-09-28,2976100.00
1970,BASG,28.55,28.29,20117.00,ETF,ETF,73.00,77.00,81.00,83.00,0.24,0.16,15385.00,25840.00,29.19,21.90,0,NO,28.10,28.17,25.89,28.37,26.31,,327,0.87,20117.00,NO,NO,2025-07-18,1287500.00
1971,FEAC,33.16,32.90,816.00,ETF,ETF,73.00,65.00,72.00,75.00,0.27,0.19,9346.00,3900.00,34.05,26.95,0,NO,32.98,33.11,30.95,33.22,31.61,,466,0.00,816.00,NO,NO,2026-07-06,187600.00
1972,CARK,49.14,48.68,279.00,ETF,ETF,73.00,83.00,78.00,80.00,0.40,0.14,4234.00,300.00,49.35,38.26,0,NO,47.93,47.77,45.27,48.09,45.98,,707,0.00,279.00,NO,NO,2023-12-07,9712300.00
1973,EFIV,74.74,74.31,9017.00,ETF,ETF,73.00,67.00,75.00,74.00,0.64,0.52,50566.00,33920.00,76.28,61.09,0,NO,74.21,74.34,69.96,74.72,71.23,,1553,0.00,9017.00,NO,NO,2025-05-02,6010300.00
1974,FDT,94.84,93.28,887669.00,ETF,ETF,73.00,59.00,62.00,55.00,1.47,0.98,121725.00,129450.00,101.32,73.51,0,NO,95.62,94.49,91.98,95.10,93.82,,3887,1.37,887669.00,NO,NO,2019-09-06,3140300.00
1975,RCUS,24.44,25.23,1041904.00,Healthcare,Biotechnology,73.00,2.00,6.00,51.00,1.23,1.19,1311473.00,1593700.00,31.73,13.21,3073896192,NO,25.86,27.79,24.77,27.47,25.82,,2150,0.00,1041904.00,NO,NO,2022-04-06,13084900.00
1976,BBB,32.35,32.20,1173.00,ETF,ETF,73.00,81.00,86.00,79.00,0.30,0.12,2373.00,870.00,32.75,25.96,0,NO,31.89,31.06,29.54,31.28,29.77,,448,0.00,1173.00,NO,NO,2026-01-12,27500.00
1977,SMOM,29.25,29.11,4287.00,ETF,ETF,73.00,68.00,80.00,72.00,0.18,0.15,10038.00,23260.00,29.61,24.31,0,NO,29.09,28.99,27.18,29.09,27.67,,268,0.01,4287.00,NO,NO,2025-10-16,1005200.00
1978,JMSB,23.01,22.90,93613.00,Financial Services,Banks - Regional,73.00,66.00,78.00,66.00,0.49,0.48,54515.00,68940.00,24.26,18.50,324720192,NO,23.10,23.11,21.35,23.16,21.82,,2411,0.00,93613.00,NO,NO,2022-06-24,1261300.00
1979,MAC,23.05,22.54,4101032.00,Real Estate,REIT - Retail,73.00,55.00,17.00,75.00,0.44,0.42,3233074.00,3600090.00,26.68,16.03,6800449536,NO,22.71,23.90,21.77,23.72,22.90,,8196,1.51,4101032.00,NO,NO,2021-01-27,58466600.00
1980,ZM,92.88,93.80,2007286.00,Technology,Software - Application,73.00,40.00,86.00,66.00,2.97,2.84,3155549.00,3170160.00,114.74,70.70,27100870656,NO,92.66,97.22,91.12,98.06,93.16,,1875,0.00,2007286.00,NO,NO,2020-09-01,53226200.00
1981,SNPE,70.59,70.14,203361.00,ETF,ETF,73.00,66.00,74.00,74.00,0.65,0.56,273312.00,218920.00,72.02,57.67,0,NO,70.08,70.19,66.04,70.55,67.23,,1828,0.00,203361.00,NO,NO,2019-09-24,2606200.00
1982,AVDV,109.09,108.06,589269.00,ETF,ETF,72.00,46.00,75.00,56.00,1.33,1.01,817303.00,597640.00,114.00,87.15,0,NO,110.81,109.90,105.04,110.62,106.52,,1764,0.74,589269.00,NO,NO,2024-10-31,4139500.00
1983,NGVT,72.41,71.09,178596.00,Basic Materials,Specialty Chemicals,72.00,85.00,47.00,41.00,2.04,1.94,246968.00,317280.00,79.29,45.85,2489305344,NO,69.99,71.68,70.23,72.10,71.81,,2620,1.67,178596.00,NO,NO,2016-05-16,10098300.00
1984,PQUS,28.78,28.58,18070.00,ETF,ETF,72.00,75.00,76.00,76.00,0.27,0.21,125471.00,269970.00,29.40,23.45,0,NO,28.52,28.45,,28.58,27.23,,152,0.00,18070.00,NO,NO,2026-09-22,2525800.00
1985,BLUC,32.32,32.05,28875.00,ETF,ETF,72.00,77.00,76.00,77.00,0.30,0.22,31749.00,42930.00,32.54,24.53,0,NO,31.96,31.81,30.00,31.98,30.56,,323,0.00,28875.00,NO,NO,2025-06-24,4264700.00
1986,RFFC,77.03,76.46,1674.00,ETF,ETF,72.00,72.00,70.00,70.00,0.50,0.26,1173.00,1120.00,77.69,63.01,0,NO,76.62,76.40,72.23,76.71,73.46,,2581,0.55,1674.00,NO,NO,2018-03-08,1302900.00
1987,EETH,32.11,32.58,43834.00,ETF,ETF,72.00,91.00,96.00,83.00,1.01,0.77,54665.00,64480.00,74.00,18.68,0,NO,31.33,27.87,27.75,28.49,25.86,,754,0.00,43834.00,NO,NO,2025-10-01,721900.00
1988,AVUS,129.58,128.71,404628.00,ETF,ETF,72.00,63.00,67.00,71.00,1.11,0.96,293973.00,304650.00,132.81,105.72,0,NO,129.19,129.67,121.91,130.14,124.70,,1764,0.00,404628.00,NO,NO,2026-06-10,2586300.00
1989,FBCV,41.15,40.68,10818.00,ETF,ETF,72.00,30.00,70.00,67.00,0.40,0.31,16638.00,20400.00,43.49,33.41,0,NO,42.00,42.31,38.95,42.40,39.77,,1590,0.00,10818.00,NO,NO,2026-02-04,684200.00
1990,FDRR,68.73,68.18,15039.00,ETF,ETF,72.00,55.00,78.00,72.00,0.73,0.65,18773.00,34060.00,70.70,57.18,0,NO,69.23,69.17,64.48,69.44,65.61,,2526,0.70,15039.00,NO,NO,2020-03-11,802000.00
1991,UPSD,30.20,30.00,18837.00,ETF,ETF,72.00,64.00,80.00,74.00,0.31,0.22,11131.00,14250.00,32.34,24.61,0,NO,30.05,30.01,28.06,30.15,28.35,,466,0.00,18837.00,NO,NO,2025-05-30,269600.00
1992,CAFG,31.89,31.70,17985.00,ETF,ETF,72.00,33.00,27.00,71.00,0.34,0.29,19912.00,18040.00,34.76,24.24,0,NO,32.40,33.15,30.28,33.13,31.50,,859,0.00,17985.00,NO,NO,2026-08-03,423500.00
1993,SFTY,31.91,31.70,35830.00,ETF,ETF,72.00,74.00,76.00,73.00,0.26,0.20,213065.00,67040.00,32.17,26.29,0,NO,31.68,31.59,29.75,31.73,30.30,,320,0.60,35830.00,NO,NO,2025-07-31,11976600.00
1994,PBEU,33.09,32.93,25225.00,ETF,ETF,72.00,17.00,43.00,76.00,0.63,0.40,36279.00,36920.00,36.31,25.81,0,NO,35.12,35.31,31.43,35.40,32.14,,211,0.00,25225.00,NO,NO,2026-02-17,8864800.00
1995,BKDV,33.88,33.70,551109.00,ETF,ETF,72.00,50.00,62.00,68.00,0.29,0.25,421906.00,676410.00,35.14,27.35,0,NO,34.20,34.43,32.06,34.51,32.82,,476,0.50,551109.00,NO,NO,2025-03-03,5590700.00
1996,FXH,129.51,129.10,21302.00,ETF,ETF,72.00,36.00,74.00,74.00,1.30,1.23,56628.00,41860.00,135.82,104.53,0,NO,130.90,131.10,119.11,131.25,120.62,,4881,0.00,21302.00,NO,NO,2016-03-28,17468500.00
1997,WLDU,17.37,17.09,1783.00,ETF,ETF,72.00,53.00,53.00,81.00,0.32,0.22,8415.00,4200.00,18.38,13.00,0,NO,17.46,17.58,,17.71,16.74,,144,0.00,1783.00,NO,NO,2026-09-09,91300.00
1998,DSMC,42.10,42.07,5899.00,ETF,ETF,72.00,28.00,74.00,64.00,0.36,0.28,7117.00,4900.00,44.49,32.94,0,NO,42.83,43.29,39.74,43.40,40.69,,1001,0.00,5899.00,NO,NO,2022-10-06,312600.00
1999,CTRN,47.91,49.40,138580.00,Consumer Cyclical,Apparel Retail,72.00,0.00,11.00,61.00,2.69,2.66,166287.00,244460.00,77.91,30.73,399542912,NO,56.57,64.79,52.10,63.63,54.47,,5378,0.00,138580.00,NO,NO,2007-08-09,3897700.00
2000,ARGX,919.21,936.00,333869.00,Healthcare,Biotechnology,72.00,6.00,62.00,81.00,21.45,20.54,280804.00,291620.00,1072.75,661.85,57506689024,NO,976.43,956.72,851.23,951.97,863.47,,2357,0.00,333869.00,NO,NO,2023-12-20,5438700.00
2001,PJFG,122.12,120.91,930.00,ETF,ETF,72.00,85.00,79.00,82.00,1.32,0.62,2785.00,1870.00,123.26,93.67,0,NO,119.10,117.80,111.61,118.60,113.20,,953,0.00,930.00,NO,NO,2023-01-18,640200.00
2002,TRIN,17.59,17.55,821755.00,Financial Services,Asset Management,72.00,29.00,58.00,74.00,0.34,0.32,977819.00,825530.00,18.89,14.13,1581123712,NO,17.75,17.96,16.56,17.97,16.89,,1426,0.00,821755.00,NO,NO,2026-08-05,3446400.00
2003,ASEA,20.95,20.90,30323.00,ETF,ETF,72.00,36.00,79.00,54.00,0.23,0.14,23446.00,22050.00,22.06,16.83,0,NO,21.35,21.39,20.10,21.41,20.36,,3929,0.00,30323.00,NO,NO,2013-06-26,824700.00
2004,XDIV,31.47,31.25,12958.00,ETF,ETF,72.00,73.00,74.00,74.00,0.27,0.22,31212.00,43800.00,31.76,25.62,0,NO,31.24,31.17,29.34,31.31,29.92,,311,0.00,12958.00,NO,NO,2025-12-30,158800.00
2005,JUST,109.83,108.99,1908.00,ETF,ETF,72.00,65.00,72.00,74.00,0.84,0.51,4819.00,4730.00,111.97,89.86,0,NO,109.40,109.64,102.80,110.12,104.99,,2087,0.66,1908.00,NO,NO,2019-03-07,1240100.00
2006,VEM,28.25,27.86,14.00,ETF,ETF,72.00,71.00,82.00,72.00,0.24,0.01,734.00,120.00,29.14,23.06,0,NO,28.31,27.65,,27.91,26.81,,166,0.04,300.00,NO,NO,2026-02-10,217900.00
2007,TSPA,48.74,48.39,336739.00,ETF,ETF,72.00,74.00,72.00,75.00,0.47,0.39,379290.00,453630.00,49.17,39.53,0,NO,48.34,48.19,45.44,48.40,46.33,,1333,0.00,336739.00,NO,NO,2024-05-23,9410000.00
2008,XTAP,46.78,46.76,302.00,ETF,ETF,72.00,78.00,76.00,66.00,0.11,0.02,1868.00,330.00,46.94,39.33,0,NO,46.64,46.30,43.64,46.46,44.86,,1381,0.00,100.00,NO,NO,2022-03-11,345300.00
2009,AGRW,33.42,33.09,880.00,ETF,ETF,72.00,81.00,79.00,80.00,0.21,0.06,817.00,1090.00,33.72,26.19,0,NO,32.73,32.52,30.78,32.74,31.27,,382,0.00,880.00,NO,NO,2025-04-14,4410000.00
2010,QVML,45.58,45.24,38108.00,ETF,ETF,72.00,71.00,74.00,75.00,0.38,0.30,68641.00,78950.00,46.38,37.24,0,NO,45.32,45.26,42.55,45.47,43.42,,1321,0.00,38108.00,NO,NO,2021-06-30,29976900.00
2011,RNR,325.53,322.99,333929.00,Financial Services,Insurance - Reinsurance,72.00,54.00,64.00,56.00,6.44,6.33,306641.00,345250.00,340.24,231.17,13526387712,NO,326.22,325.51,303.91,325.30,310.96,,7848,0.00,333929.00,NO,NO,2005-11-02,9403700.00
2012,UXOC,40.35,40.02,1089.00,ETF,ETF,72.00,73.00,73.00,76.00,0.33,0.14,1138.00,1440.00,40.90,32.58,0,NO,40.05,40.01,37.62,40.21,38.37,,489,0.75,1089.00,NO,NO,2026-01-07,605800.00
2013,LCDS,73.93,73.42,12.00,ETF,ETF,72.00,69.00,75.00,74.00,0.38,0.04,314.00,230.00,74.86,60.85,0,NO,73.59,73.51,69.11,73.85,70.38,,540,0.00,12.00,NO,NO,2026-07-22,7700.00
2014,FJP,79.50,77.73,17342.00,ETF,ETF,72.00,82.00,69.00,56.00,1.61,1.25,9396.00,10680.00,82.45,62.01,0,NO,78.05,76.92,75.17,77.59,75.98,,3883,2.17,17342.00,NO,NO,2016-01-29,3469600.00
2015,HSIC,84.88,84.93,1131677.00,Healthcare,Medical Distribution,72.00,21.00,47.00,69.00,1.86,1.83,1184406.00,1221380.00,92.18,61.95,9459581952,NO,86.49,87.71,80.26,87.59,81.25,,7778,0.00,1131677.00,NO,NO,1999-08-03,47935410.00
2016,FAST,50.75,50.23,7142537.00,Industrials,Industrial Distribution,72.00,86.00,80.00,59.00,0.92,0.91,7572096.00,7895060.00,52.92,38.97,58235502592,NO,49.75,49.88,46.23,50.07,47.18,,9854,0.74,7142537.00,NO,NO,2008-09-12,151740800.00
2017,EME,786.61,769.03,369543.00,Industrials,Engineering & Construction,72.00,88.00,59.00,45.00,21.35,20.66,403657.00,392180.00,951.96,564.92,34697289728,NO,756.62,771.92,772.71,780.11,797.94,,7986,1.43,369543.00,NO,NO,2003-10-03,19518800.00
2018,MSBT,24.17,24.26,1113959.00,ETF,ETF,72.00,90.00,95.00,,0.71,0.56,616361.00,1041980.00,25.20,16.64,0,NO,23.29,21.24,,21.56,,,125,0.00,1113959.00,NO,NO,2026-09-22,3928300.00
2019,AMZA,47.95,47.67,32192.00,ETF,ETF,72.00,22.00,76.00,47.00,1.03,1.00,34573.00,37700.00,51.56,38.01,0,NO,49.51,49.54,46.08,49.59,47.53,,3018,0.00,32192.00,NO,NO,2018-03-15,554500.00
2020,DFSE,48.91,48.25,28495.00,ETF,ETF,72.00,65.00,62.00,71.00,0.75,0.60,28133.00,28700.00,51.20,39.72,0,NO,48.88,48.26,46.34,48.65,47.33,,982,1.15,28495.00,NO,NO,2022-11-03,535400.00
2021,STXG,57.10,56.60,7135.00,ETF,ETF,72.00,78.00,74.00,79.00,0.49,0.27,5301.00,4640.00,57.47,45.06,0,NO,56.32,56.06,52.90,56.39,53.87,,975,0.00,7135.00,NO,NO,2023-06-02,242300.00
2022,UXJA,39.10,38.79,1801.00,ETF,ETF,72.00,72.00,72.00,76.00,0.29,0.09,1200.00,1440.00,39.70,31.78,0,NO,38.83,38.81,36.50,38.99,37.24,,428,0.00,1801.00,NO,NO,2026-04-15,152200.00
2023,URTY,69.49,67.79,319007.00,ETF,ETF,72.00,6.00,6.00,86.00,2.79,2.43,373063.00,364350.00,89.85,43.33,0,NO,72.56,79.10,70.50,78.97,73.94,,4186,0.00,319007.00,NO,NO,2011-10-05,8068400.00
2024,RSSX,27.18,27.15,5070.00,ETF,ETF,72.00,64.00,88.00,71.00,0.62,0.41,36623.00,29050.00,31.06,22.05,0,NO,27.30,26.55,26.00,26.88,25.65,,338,0.00,5070.00,NO,NO,2026-08-31,969400.00
2025,APUE,47.51,47.08,90164.00,ETF,ETF,72.00,73.00,72.00,74.00,0.41,0.32,147265.00,105400.00,48.17,38.77,0,NO,47.14,47.14,44.32,47.33,45.19,,858,0.79,90164.00,NO,NO,2024-04-08,18618400.00
2026,SNDA,37.70,37.77,532879.00,Healthcare,Medical Care Facilities,72.00,69.00,18.00,73.00,1.04,1.04,455347.00,419940.00,44.39,24.95,1811409280,NO,38.46,39.24,36.15,38.77,37.24,,7274,0.00,532879.00,NO,NO,2026-06-26,3873100.00
2027,COGT,31.02,31.59,1172087.00,Healthcare,Biotechnology,72.00,9.00,4.00,9.00,1.30,1.27,1973974.00,2553050.00,43.73,13.78,5382745088,NO,32.65,36.02,36.37,35.36,35.59,,2140,0.00,1172087.00,NO,NO,2022-06-10,106374200.00
2028,IRM,113.39,111.13,1703586.00,Real Estate,REIT - Specialty,72.00,76.00,44.00,59.00,2.85,2.62,1768733.00,1624680.00,134.68,77.77,33756522496,NO,113.72,119.02,112.27,118.35,119.13,,7717,1.48,1703586.00,NO,NO,2009-01-05,35745493.00
2029,IMNM,20.90,20.89,1173987.00,Healthcare,Biotechnology,72.00,1.00,12.00,22.00,1.15,1.11,1203641.00,1786210.00,30.06,11.55,2373772544,NO,23.74,25.26,22.76,24.88,22.57,,1507,0.00,1173987.00,NO,NO,2021-07-20,21212700.00
2030,CVRT,47.32,46.53,5028.00,ETF,ETF,72.00,76.00,29.00,59.00,0.48,0.31,9928.00,3710.00,54.09,35.45,0,NO,46.77,47.43,45.94,47.59,47.82,,752,1.32,5028.00,NO,NO,2025-04-16,406100.00
2031,VOXP,40.09,39.73,726.00,ETF,ETF,72.00,71.00,75.00,75.00,0.21,0.02,3300.00,570.00,40.45,32.82,0,NO,39.90,39.73,37.36,39.93,38.08,,980,0.87,726.00,NO,NO,2022-11-04,2440000.00
2032,LENS,43.15,43.06,23512.00,ETF,ETF,72.00,13.00,86.00,17.00,0.57,0.31,8206.00,7300.00,50.84,33.06,0,NO,45.13,44.59,43.98,44.93,43.68,,422,0.09,23512.00,NO,NO,2026-02-11,118000.00
2033,ENHU,28.72,28.51,196.00,ETF,ETF,72.00,71.00,73.00,75.00,0.15,0.03,195.00,590.00,29.07,23.45,0,NO,28.53,28.51,26.77,28.64,27.31,,228,0.00,196.00,NO,NO,2025-12-11,14000.00
2034,UXJL,37.36,37.08,649.00,ETF,ETF,72.00,72.00,71.00,77.00,0.23,0.03,393.00,400.00,37.87,30.02,0,NO,37.12,37.09,34.88,37.26,35.58,,304,0.00,649.00,NO,NO,2026-02-04,128600.00
2035,MOOD,44.79,44.65,66746.00,ETF,ETF,72.00,72.00,70.00,57.00,0.13,0.11,22365.00,35800.00,44.89,35.97,0,NO,44.53,44.31,42.67,44.41,43.28,,1097,0.00,66746.00,NO,NO,2026-02-18,339900.00
2036,KMTS,27.43,27.11,254761.00,Healthcare,Medical Instruments & Supplies,72.00,87.00,49.00,89.00,1.52,1.51,371111.00,427950.00,30.00,17.34,1633780096,NO,25.62,25.74,23.60,25.73,22.95,,397,0.00,254761.00,NO,NO,2025-03-06,3947100.00
2037,AQLT,32.22,31.90,24025.00,ETF,ETF,72.00,76.00,71.00,71.00,0.27,0.21,35990.00,31710.00,32.58,26.70,0,NO,31.80,31.80,30.28,31.92,30.78,,452,0.90,24025.00,NO,NO,2024-12-16,6636000.00
2038,PFDE,28.41,28.23,20583.00,ETF,ETF,72.00,70.00,71.00,77.00,0.28,0.22,23576.00,17710.00,29.09,22.76,0,NO,28.29,28.30,,28.45,27.10,,190,0.00,20564.00,NO,NO,2026-01-29,1429100.00
2039,FNDX,31.70,31.56,3542241.00,ETF,ETF,72.00,46.00,66.00,67.00,0.26,0.22,2814669.00,3791180.00,32.85,25.67,0,NO,32.08,32.21,30.06,32.27,30.78,,3303,0.41,3542241.00,NO,NO,2026-05-12,47993700.00
2040,IWL,191.84,190.32,26478.00,ETF,ETF,72.00,75.00,75.00,76.00,1.80,1.43,46441.00,41110.00,193.28,155.38,0,NO,190.29,189.38,178.68,190.32,181.87,,4280,0.00,26478.00,NO,NO,2012-06-20,4204500.00
2041,BRNY,58.25,57.79,16654.00,ETF,ETF,72.00,68.00,54.00,75.00,0.61,0.42,18292.00,13250.00,60.15,46.89,0,NO,57.87,58.34,54.38,58.57,55.85,,995,0.00,16654.00,NO,NO,2025-03-05,332500.00
2042,AAUS,62.19,61.70,10119.00,ETF,ETF,72.00,76.00,76.00,75.00,0.39,0.10,8858.00,980.00,62.46,50.93,0,NO,61.59,61.32,57.84,61.63,58.87,,302,0.00,10119.00,NO,NO,2026-07-23,255600.00
2043,MSTQ,40.60,40.21,5537.00,ETF,ETF,72.00,86.00,77.00,81.00,0.46,0.18,2536.00,1990.00,41.37,31.79,0,NO,39.39,38.79,37.02,39.09,37.77,,1142,0.00,5537.00,NO,NO,2023-12-04,183300.00
2044,IQSZ,31.94,32.07,56.00,ETF,ETF,72.00,66.00,71.00,71.00,0.20,0.00,196.00,180.00,32.75,26.22,0,NO,32.30,32.21,30.31,32.37,30.99,,305,0.00,100.00,NO,NO,2025-08-14,643100.00
2045,FEM,32.71,32.09,122574.00,ETF,ETF,72.00,53.00,69.00,55.00,0.40,0.28,98200.00,128630.00,35.61,25.85,0,NO,32.87,32.46,31.25,32.64,31.97,,3887,1.75,122574.00,NO,NO,2014-02-03,8517700.00
2046,SAPH,39.12,39.53,221.00,ETF,ETF,72.00,79.00,94.00,80.00,0.52,0.34,720.00,670.00,51.58,27.49,0,NO,38.91,37.91,35.68,38.30,33.84,,436,0.00,221.00,NO,NO,2025-10-15,7500.00
2047,FDMO,96.46,95.75,21186.00,ETF,ETF,72.00,81.00,65.00,77.00,1.12,0.93,76534.00,100880.00,98.87,76.63,0,NO,94.92,94.57,90.01,95.03,91.93,,2526,0.67,21186.00,NO,NO,2025-04-09,817500.00
2048,HIPO,32.24,31.51,158290.00,Financial Services,Insurance - Property & Casualty,72.00,27.00,90.00,83.00,0.96,0.94,174963.00,224040.00,38.73,24.08,850793664,NO,31.63,32.10,28.95,32.34,28.68,,1439,1.21,158290.00,NO,NO,2025-06-12,1411200.00
2049,FDLS,42.14,41.69,26965.00,ETF,ETF,72.00,51.00,61.00,65.00,0.42,0.38,26755.00,18210.00,44.01,33.36,0,NO,42.14,42.61,40.06,42.74,40.97,,1031,0.98,26965.00,NO,NO,2022-08-25,1601900.00
2050,BBC,44.56,45.00,9005.00,ETF,ETF,72.00,3.00,9.00,45.00,1.50,1.33,21557.00,24170.00,56.18,27.62,0,NO,48.31,50.78,45.32,50.33,46.92,,2965,0.00,9005.00,NO,NO,2018-07-30,536100.00
2051,ULH,18.46,17.71,88576.00,Industrials,Trucking,72.00,78.00,94.00,8.00,0.91,0.89,48239.00,78120.00,25.80,11.73,486749632,NO,17.84,18.01,17.30,18.18,17.54,,5444,2.43,88576.00,NO,NO,2005-02-11,3273100.00
2052,GUSE,46.14,45.78,1364.00,ETF,ETF,72.00,75.00,70.00,73.00,0.36,0.24,4636.00,3540.00,46.69,37.95,0,NO,45.70,45.71,43.11,45.88,43.97,,220,0.00,1364.00,NO,NO,2025-11-21,542800.00
2053,ESG,180.31,179.54,155.00,ETF,ETF,72.00,64.00,72.00,76.00,0.97,0.23,542.00,630.00,184.01,148.19,0,NO,180.75,180.44,168.29,181.12,171.87,,2569,0.00,300.00,NO,NO,2021-01-06,370000.00
2054,LRGE,91.57,90.58,10724.00,ETF,ETF,72.00,84.00,80.00,79.00,0.83,0.54,18682.00,4050.00,92.07,72.34,0,NO,89.50,88.05,83.58,88.67,84.63,,2349,0.00,10724.00,NO,NO,2020-05-08,3279700.00
2055,ZBIO,28.30,27.94,1513613.00,Healthcare,Biotechnology,72.00,4.00,83.00,87.00,2.12,2.12,727538.00,817930.00,44.60,13.50,1844175360,NO,30.36,31.23,25.28,30.77,24.92,,515,0.00,1513613.00,NO,NO,2026-01-05,8145100.00
2056,SRHQ,46.82,46.77,308.00,ETF,ETF,72.00,25.00,58.00,67.00,0.33,0.20,1095.00,750.00,50.36,37.22,0,NO,47.78,48.69,44.11,48.74,45.44,,1002,0.00,308.00,NO,NO,2022-10-05,7200700.00
2057,LNGX,42.49,42.29,5226.00,ETF,ETF,72.00,13.00,83.00,14.00,1.02,0.84,14203.00,17930.00,49.01,33.81,0,NO,43.85,43.94,42.00,43.95,43.45,,232,0.21,5226.00,NO,NO,2026-03-23,390800.00
2058,EMET,41.64,40.64,1040.00,ETF,ETF,71.00,20.00,75.00,41.00,0.84,0.45,5163.00,3820.00,49.42,29.27,0,NO,42.66,42.80,42.40,43.16,42.24,,1227,1.64,1040.00,NO,NO,2026-01-30,157000.00
2059,LRGF,78.57,78.02,241532.00,ETF,ETF,71.00,71.00,76.00,75.00,0.73,0.59,157480.00,304270.00,79.44,63.89,0,NO,78.11,77.91,73.00,78.27,74.42,,2874,0.00,241532.00,NO,NO,2018-01-16,4002600.00
2060,PEPS,33.21,32.94,22.00,ETF,ETF,71.00,76.00,73.00,74.00,0.19,0.06,325.00,330.00,33.26,27.14,0,NO,32.91,32.77,30.94,32.94,31.47,,365,0.00,22.00,NO,NO,2025-05-13,5200.00
2061,FLQL,79.43,78.56,97996.00,ETF,ETF,71.00,76.00,72.00,72.00,0.74,0.59,90055.00,137070.00,81.55,65.30,0,NO,78.54,78.45,74.42,78.81,75.90,,2371,0.00,97996.00,NO,NO,2019-03-08,14863300.00
2062,CGXU,34.71,34.21,702243.00,ETF,ETF,71.00,71.00,60.00,74.00,0.59,0.41,979406.00,1183630.00,36.27,28.14,0,NO,34.90,34.66,32.73,34.87,33.36,,1156,0.85,702243.00,NO,NO,2025-06-25,6302500.00
2063,HLIO,71.71,68.89,550371.00,Industrials,Specialty Industrial Machinery,71.00,77.00,11.00,52.00,2.04,1.96,326138.00,459660.00,95.05,47.01,2362885888,NO,69.00,74.18,72.27,74.40,75.18,,7480,1.90,550371.00,NO,NO,2018-02-02,3161100.00
2064,EMCR,43.60,43.20,1667.00,ETF,ETF,71.00,65.00,50.00,73.00,0.52,0.30,2663.00,3500.00,46.27,35.17,0,NO,43.62,43.22,41.49,43.51,42.35,,1966,0.00,1667.00,NO,NO,2023-11-14,5904000.00
2065,AGMI,69.24,68.62,249.00,ETF,ETF,71.00,8.00,85.00,33.00,1.73,0.89,1482.00,1070.00,91.80,48.95,0,NO,73.74,72.42,71.02,73.35,69.13,,606,0.00,249.00,NO,NO,2025-10-21,29800.00
2066,TOV,32.48,32.24,2187.00,ETF,ETF,71.00,73.00,73.00,74.00,0.23,0.12,10982.00,7730.00,32.80,26.52,0,NO,32.29,32.20,30.35,32.35,30.93,,402,0.00,2187.00,NO,NO,2025-02-27,2706600.00
2067,LCAP,34.02,33.83,46573.00,ETF,ETF,71.00,77.00,69.00,72.00,0.27,0.22,36695.00,51400.00,34.34,28.15,0,NO,33.57,33.57,31.77,33.69,32.42,,383,0.00,46573.00,NO,NO,2025-10-30,1798000.00
2068,BCOR,27.51,26.99,94.00,ETF,ETF,71.00,89.00,92.00,86.00,0.66,0.12,1214.00,470.00,36.98,20.15,0,NO,27.17,24.61,24.56,25.16,24.22,,358,0.32,400.00,NO,NO,2025-06-12,39000.00
2069,FEUS,83.56,82.91,212.00,ETF,ETF,71.00,63.00,74.00,76.00,0.61,0.25,3404.00,6840.00,85.07,67.94,0,NO,83.44,83.41,78.05,83.78,79.62,,1264,0.72,212.00,NO,NO,2024-05-22,131700.00
2070,IMF,53.65,53.55,1956.00,ETF,ETF,71.00,75.00,79.00,47.00,0.27,0.21,8612.00,15470.00,55.71,43.74,0,NO,53.65,52.91,50.71,53.06,51.92,,388,0.00,1956.00,NO,NO,2026-04-01,420400.00
2071,VOTE,90.78,90.11,15464.00,ETF,ETF,71.00,71.00,73.00,75.00,0.79,0.60,24139.00,41140.00,91.89,73.89,0,NO,90.23,90.06,84.79,90.45,86.43,,1326,0.00,15464.00,NO,NO,2021-06-25,1994900.00
2072,LYB,58.58,57.78,3479487.00,Basic Materials,Specialty Chemicals,71.00,7.00,87.00,3.00,1.83,1.67,4199133.00,3707220.00,83.94,41.58,18923563008,NO,61.40,62.32,62.03,62.25,65.68,,4134,0.00,3479487.00,NO,NO,2012-09-04,41142800.00
2073,KGS,54.33,53.56,1354391.00,Energy,Oil & Gas Equipment & Services,71.00,8.00,7.00,16.00,2.15,2.11,1777955.00,2069290.00,77.68,32.55,5492982272,NO,57.11,58.82,57.98,59.55,63.46,,819,0.65,1354391.00,NO,NO,2025-08-05,10519400.00
2074,VFMO,231.25,228.99,33264.00,ETF,ETF,71.00,78.00,42.00,70.00,2.80,2.35,58339.00,32520.00,250.20,174.61,0,NO,228.01,229.21,218.93,230.03,225.18,,2168,0.62,33264.00,NO,NO,2025-08-25,248900.00
2075,HCC,89.35,89.08,378280.00,Basic Materials,Coking Coal,71.00,2.00,86.00,16.00,3.52,3.26,641282.00,760220.00,111.42,61.87,4717866496,NO,93.44,94.56,90.37,95.24,90.23,,2381,0.00,378280.00,NO,NO,2017-04-13,11341600.00
2076,CORO,36.56,36.18,2500490.00,ETF,ETF,71.00,61.00,62.00,65.00,0.48,0.37,3252833.00,16457410.00,37.66,29.76,0,NO,36.77,36.65,34.74,36.86,35.48,,456,0.94,2500490.00,NO,NO,2026-09-22,130910900.00
2077,FDN,291.75,289.33,109207.00,ETF,ETF,71.00,77.00,84.00,80.00,4.56,3.85,254138.00,196020.00,299.00,224.47,0,NO,289.98,286.65,266.05,288.80,269.74,,5101,0.00,109207.00,NO,NO,2015-11-03,10420200.00
2078,MPLY,33.37,32.83,10160.00,ETF,ETF,71.00,82.00,79.00,77.00,0.32,0.20,4939.00,3830.00,33.81,26.56,0,NO,32.67,32.29,31.01,32.53,31.45,,347,1.51,10160.00,NO,NO,2025-05-16,268400.00
2079,OMFL,70.31,69.85,142097.00,ETF,ETF,71.00,66.00,69.00,71.00,0.57,0.51,132958.00,247470.00,71.51,57.12,0,NO,69.88,70.20,65.99,70.40,67.39,,2234,0.00,142097.00,NO,NO,2024-10-08,6378000.00
2080,IMCG,95.72,94.74,152016.00,ETF,ETF,71.00,69.00,45.00,77.00,1.07,0.90,136630.00,175460.00,100.79,75.67,0,NO,94.77,96.43,89.22,96.69,91.91,,5593,0.90,152016.00,NO,NO,2009-06-26,5301600.00
2081,FELG,45.73,45.26,546543.00,ETF,ETF,71.00,83.00,80.00,79.00,0.54,0.45,342573.00,335380.00,46.00,35.92,0,NO,44.63,44.10,42.17,44.41,42.73,,719,0.00,546543.00,NO,NO,2025-08-21,6713600.00
2082,AZZ,139.39,135.41,193025.00,Industrials,Specialty Business Services,71.00,81.00,18.00,60.00,3.48,3.28,264523.00,288520.00,162.20,92.98,4188878592,NO,135.96,141.54,135.84,141.30,140.81,,11732,1.61,193025.00,NO,NO,2008-06-27,4336800.00
2083,ESLG,28.66,28.54,2535.00,ETF,ETF,71.00,75.00,63.00,79.00,0.22,0.16,5333.00,4540.00,29.71,22.65,0,NO,28.31,28.52,26.50,28.62,27.12,,254,0.00,2535.00,NO,NO,2026-04-14,177600.00
2084,FUNC,43.62,43.86,24420.00,Financial Services,Banks - Regional,71.00,63.00,49.00,75.00,1.46,1.45,24582.00,40020.00,46.30,33.54,281516320,NO,43.75,44.04,40.18,44.04,41.24,,8579,0.00,24420.00,NO,NO,2021-06-25,926600.00
2085,FMNB,15.34,15.15,340644.00,Financial Services,Banks - Regional,71.00,48.00,83.00,69.00,0.28,0.27,396211.00,436170.00,16.46,12.12,908857792,NO,15.52,15.70,14.22,15.74,14.59,,6980,0.86,340644.00,NO,NO,2016-06-24,2830000.00
2086,HWBK,38.63,38.24,9820.00,Financial Services,Banks - Regional,71.00,58.00,69.00,68.00,1.24,1.23,15850.00,22800.00,40.60,29.39,282531296,NO,38.82,39.13,36.07,39.30,37.21,,6844,0.00,9820.00,NO,NO,2021-06-25,815635.00
2087,BRAZ,31.80,31.82,1378.00,ETF,ETF,71.00,46.00,83.00,28.00,0.31,0.11,422.00,330.00,35.79,24.50,0,NO,32.21,31.20,31.09,31.29,31.21,,784,0.00,1378.00,NO,NO,2025-04-01,54800.00
2088,ILCB,106.74,105.98,7156.00,ETF,ETF,71.00,72.00,73.00,75.00,0.85,0.64,11646.00,12610.00,108.12,86.96,0,NO,105.99,105.84,99.72,106.30,101.63,,5593,0.65,7156.00,NO,NO,2012-01-05,2425600.00
2089,QLVE,34.07,33.62,20.00,ETF,ETF,71.00,63.00,74.00,68.00,0.32,0.02,244.00,180.00,35.16,28.16,0,NO,34.16,33.70,32.22,33.87,32.81,,1814,0.31,300.00,NO,NO,2024-03-25,326000.00
2090,XPND,40.87,40.35,6655.00,ETF,ETF,71.00,87.00,67.00,81.00,0.39,0.23,3444.00,1670.00,42.34,31.65,0,NO,39.28,39.14,37.40,39.38,38.23,,1331,0.00,6655.00,NO,NO,2023-01-23,647200.00
2091,FFBC,31.87,31.51,807672.00,Financial Services,Banks - Regional,71.00,48.00,20.00,67.00,0.66,0.61,933822.00,1154590.00,36.25,23.06,3351670016,NO,32.05,32.91,30.39,32.96,31.58,,10779,0.89,807672.00,NO,NO,2018-03-29,7526100.00
2092,HQGO,67.65,67.31,1013.00,ETF,ETF,71.00,75.00,74.00,76.00,0.36,0.04,195.00,260.00,68.46,55.01,0,NO,67.01,66.96,62.96,67.25,64.06,,708,0.44,1013.00,NO,NO,2024-11-12,714200.00
2093,LFEQ,61.32,60.88,2265.00,ETF,ETF,71.00,73.00,73.00,74.00,0.41,0.18,974.00,500.00,61.84,50.27,0,NO,60.89,60.76,57.28,61.03,58.36,,2258,0.00,2265.00,NO,NO,2020-03-17,600500.00
2094,CLCV,30.60,30.52,11726.00,ETF,ETF,71.00,43.00,66.00,68.00,0.27,0.16,2620.00,5130.00,32.01,25.02,0,NO,30.95,31.12,28.83,31.21,29.54,,302,0.18,11726.00,NO,NO,2025-10-09,71700.00
2095,FCTE,29.48,29.26,27585.00,ETF,ETF,71.00,83.00,66.00,75.00,0.47,0.42,21631.00,24230.00,30.75,23.89,0,NO,28.75,29.20,27.36,29.28,27.84,,566,0.00,27585.00,NO,NO,2024-07-29,2200800.00
2096,KMT,32.60,31.67,1544523.00,Industrials,Tools & Accessories,71.00,91.00,31.00,11.00,0.94,0.91,1372171.00,1493160.00,43.81,20.38,2490315008,NO,30.28,31.15,34.50,31.17,34.23,,13518,1.20,1544523.00,NO,NO,2023-03-17,16730700.00
2097,ABIG,35.67,35.27,13.00,ETF,ETF,71.00,79.00,75.00,79.00,0.26,0.18,3339.00,3170.00,36.48,28.39,0,NO,35.14,35.23,33.04,35.41,33.58,,373,0.00,13.00,NO,NO,2025-04-24,127200.00
2098,MDAA,116.48,116.66,899.00,ETF,ETF,71.00,70.00,65.00,72.00,0.89,0.00,120.00,100.00,122.75,94.59,0,NO,116.73,116.32,111.01,116.96,113.36,,249,0.00,100.00,NO,NO,2025-10-03,3611100.00
2099,SPXV,84.45,83.80,176.00,ETF,ETF,71.00,74.00,73.00,75.00,0.60,0.29,646.00,460.00,85.32,69.02,0,NO,83.81,83.63,79.02,84.06,80.65,,2772,0.00,176.00,NO,NO,2021-04-01,603000.00
2100,GSUS,106.50,105.69,64821.00,ETF,ETF,71.00,73.00,73.00,75.00,0.95,0.74,107398.00,196590.00,107.67,86.68,0,NO,105.88,105.58,99.48,106.06,101.33,,1602,0.00,64821.00,NO,NO,2020-06-09,4903100.00
2101,ESGU,168.46,167.30,461704.00,ETF,ETF,71.00,71.00,71.00,75.00,1.57,1.27,374446.00,445010.00,170.85,136.82,0,NO,167.27,167.24,157.29,167.93,160.29,,2469,0.00,461704.00,NO,NO,2023-03-17,50697000.00
2102,VV,355.00,352.41,208129.00,ETF,ETF,71.00,73.00,73.00,75.00,3.31,2.68,220973.00,232880.00,359.22,289.11,0,NO,353.04,352.00,331.75,353.58,337.86,,5705,0.00,208129.00,NO,NO,2025-04-11,6934700.00
2103,BKLC,49.23,48.87,412586.00,ETF,ETF,71.00,73.00,73.00,75.00,0.45,0.38,410655.00,506250.00,49.84,40.21,0,NO,48.96,48.83,46.02,49.04,46.88,,1627,0.00,412586.00,NO,NO,2023-02-01,49288500.00
2104,OASC,34.67,34.25,10552.00,ETF,ETF,71.00,71.00,51.00,68.00,0.32,0.25,12382.00,10380.00,36.05,27.30,0,NO,34.11,34.48,32.64,34.59,33.50,,577,0.00,10552.00,NO,NO,2025-09-08,251700.00
2105,NFJ,15.11,15.04,204469.00,Financial Services,Asset Management,71.00,45.00,55.00,76.00,0.21,0.19,222474.00,341300.00,15.75,12.25,1421877504,NO,15.26,15.39,14.25,15.44,14.64,,5433,0.33,204469.00,NO,NO,2010-12-22,2821200.00
2106,UXAP,43.80,43.82,56.00,ETF,ETF,71.00,72.00,72.00,77.00,0.32,0.10,1288.00,610.00,44.77,35.62,0,NO,43.86,43.77,41.18,43.99,42.02,,364,0.00,600.00,NO,NO,2025-04-23,60400.00
2107,NULC,56.06,55.84,2564.00,ETF,ETF,71.00,75.00,75.00,77.00,0.36,0.24,4068.00,4260.00,56.92,45.06,0,NO,55.45,55.45,51.69,55.69,52.85,,1844,0.00,2564.00,NO,NO,2019-06-04,423000.00
2108,AFLG,44.72,44.44,190012.00,ETF,ETF,71.00,66.00,75.00,69.00,0.36,0.31,69188.00,83160.00,45.42,37.40,0,NO,44.51,44.60,42.10,44.75,42.92,,1716,0.00,190012.00,NO,NO,2024-12-30,1518400.00
2109,TOT,24.22,24.04,2394.00,ETF,ETF,71.00,71.00,70.00,74.00,0.14,0.07,753.00,1780.00,24.66,19.86,0,NO,24.07,24.07,22.66,24.17,23.10,,273,0.71,2394.00,NO,NO,2026-01-14,46700.00
2110,STXF,49.77,49.41,60014.00,ETF,ETF,71.00,71.00,73.00,75.00,0.45,0.37,46173.00,53360.00,50.35,40.52,0,NO,49.48,49.36,46.52,49.58,47.39,,1016,0.00,60014.00,NO,NO,2022-09-21,970100.00
2111,SPYM,90.60,89.92,9860931.00,ETF,ETF,71.00,71.00,73.00,74.00,0.83,0.70,11657326.00,12112200.00,91.74,74.06,0,NO,89.96,89.87,84.78,90.24,86.33,,5252,0.00,9860931.00,YES,NO,2026-03-13,73446500.00
2112,CVIE,83.86,82.46,23225.00,ETF,ETF,71.00,57.00,48.00,69.00,1.08,0.73,24109.00,27880.00,86.98,66.97,0,NO,84.38,84.48,79.73,84.94,81.54,,921,1.49,23225.00,NO,NO,2025-08-14,315600.00
2113,EEMV,74.83,74.15,304912.00,ETF,ETF,71.00,56.00,63.00,71.00,0.84,0.58,205763.00,250370.00,77.39,62.77,0,NO,75.30,74.49,70.51,74.89,72.15,,3759,0.32,304912.00,NO,NO,2023-01-11,46466900.00
2114,FNDE,41.91,41.66,2159325.00,ETF,ETF,71.00,54.00,79.00,59.00,0.40,0.31,1342153.00,2043470.00,43.18,34.69,0,NO,42.33,41.84,39.94,42.01,40.55,,3303,0.22,2159325.00,NO,NO,2020-06-25,10888000.00
2115,AIPO,28.87,28.46,937873.00,ETF,ETF,71.00,82.00,16.00,67.00,0.64,0.53,1145612.00,971800.00,34.79,20.65,0,NO,28.57,28.93,28.18,29.09,29.63,,300,0.00,937873.00,NO,NO,2026-06-11,2865600.00
2116,GMOM,38.17,37.98,2278.00,ETF,ETF,71.00,61.00,82.00,50.00,0.28,0.24,9393.00,21800.00,39.05,31.59,0,NO,38.53,37.90,36.66,38.08,36.94,,1957,0.07,2278.00,NO,NO,2026-05-01,2100800.00
2117,BBUS,139.01,137.89,337085.00,ETF,ETF,71.00,72.00,73.00,74.00,1.28,1.03,202926.00,299140.00,140.70,113.43,0,NO,138.09,137.79,129.96,138.41,132.32,,1901,0.00,337085.00,NO,NO,2023-06-23,3951600.00
2118,CHRI,91.71,91.01,232.00,ETF,ETF,71.00,74.00,74.00,74.00,0.62,0.27,1065.00,2210.00,92.41,75.19,0,NO,90.97,90.75,85.71,91.18,87.26,,258,0.00,232.00,NO,NO,2026-06-25,11300.00
2119,HTUS,45.85,45.54,10069.00,ETF,ETF,71.00,74.00,78.00,77.00,0.42,0.34,11782.00,8730.00,48.30,36.59,0,NO,45.57,45.41,42.42,45.61,43.24,,2835,0.00,10069.00,NO,NO,2025-04-30,1010000.00
2120,LYLD,31.98,31.87,402.00,ETF,ETF,71.00,25.00,80.00,58.00,0.35,0.19,1053.00,1360.00,34.05,26.34,0,NO,32.72,32.89,30.44,32.95,30.92,,559,0.07,402.00,NO,NO,2024-12-05,353100.00
2121,FLCG,36.05,35.75,85588.00,ETF,ETF,71.00,82.00,82.00,77.00,0.41,0.34,61284.00,46960.00,36.27,28.69,0,NO,35.32,34.96,33.23,35.19,33.61,,546,0.00,85588.00,NO,NO,2025-03-11,6134900.00
2122,PEVC,31.80,31.77,15.00,ETF,ETF,71.00,68.00,81.00,80.00,0.29,0.07,311.00,500.00,32.45,24.36,0,NO,31.72,31.40,29.32,31.65,29.71,,416,0.00,200.00,NO,NO,2026-04-06,78600.00
2123,RSEE,39.25,38.78,4907.00,ETF,ETF,71.00,69.00,54.00,77.00,0.47,0.27,9131.00,5640.00,40.38,31.83,0,NO,39.05,39.10,37.10,39.30,37.81,,1179,0.00,4907.00,NO,NO,2022-02-11,289200.00
2124,VIDI,39.69,39.44,20709.00,ETF,ETF,71.00,41.00,61.00,58.00,0.42,0.31,12212.00,16890.00,41.68,31.33,0,NO,40.46,40.10,38.27,40.28,39.12,,3250,0.00,20709.00,NO,NO,2013-10-31,6400000.00
2125,AAPE,16.32,16.00,3207.00,ETF,ETF,71.00,83.00,,,0.52,0.41,15909.00,10060.00,17.93,13.50,0,NO,16.25,15.50,,15.43,,,63,0.00,3207.00,NO,NO,2026-08-31,63300.00
2126,FSBC,43.65,42.92,138687.00,Financial Services,Banks - Regional,71.00,22.00,14.00,68.00,0.95,0.92,193233.00,245430.00,50.26,30.68,1071023232,NO,44.60,45.64,42.11,45.61,43.58,,1361,0.96,138687.00,NO,NO,2021-05-05,2211300.00
2127,NECB,26.65,26.34,36672.00,Financial Services,Banks - Regional,71.00,64.00,37.00,58.00,0.60,0.60,40365.00,39890.00,28.94,19.27,366865472,NO,26.80,26.74,24.99,26.79,25.62,,5093,0.76,36672.00,NO,NO,2006-07-06,1742670.00
2128,VOO,707.54,702.35,6598003.00,ETF,ETF,71.00,71.00,73.00,74.00,6.65,5.47,7120250.00,10209140.00,716.39,578.46,0,NO,703.57,702.21,662.53,705.26,674.66,,4041,0.00,6598003.00,NO,NO,2025-12-18,37062400.00
2129,XPH,63.64,63.78,312512.00,ETF,ETF,71.00,8.00,28.00,72.00,1.39,1.32,146322.00,215700.00,74.35,46.90,0,NO,67.14,69.24,61.01,68.83,62.67,,5102,0.00,312512.00,NO,NO,2012-06-11,3142800.00
2130,CVLC,95.59,94.80,31431.00,ETF,ETF,71.00,68.00,66.00,75.00,0.89,0.70,29260.00,26570.00,98.11,77.38,0,NO,95.01,95.46,89.65,95.86,91.57,,921,0.00,31431.00,NO,NO,2023-04-04,555600.00
2131,IVV,773.10,767.38,4955935.00,ETF,ETF,71.00,71.00,73.00,74.00,7.30,5.97,6342374.00,8462180.00,783.09,632.14,0,NO,767.99,767.13,723.63,770.41,736.95,,6632,0.00,4955935.00,NO,NO,2025-12-16,40598500.00
2132,CGVV,31.09,30.94,59690.00,ETF,ETF,71.00,47.00,65.00,71.00,0.31,0.25,51674.00,78980.00,32.68,25.52,0,NO,31.36,31.69,29.58,31.80,30.18,,320,0.00,59690.00,NO,NO,2025-06-26,1041300.00
2133,QARP,67.17,66.85,1066.00,ETF,ETF,71.00,55.00,74.00,67.00,0.32,0.13,1446.00,1650.00,68.73,55.85,0,NO,67.36,67.54,63.68,67.67,64.81,,2136,0.31,1066.00,NO,NO,2018-04-17,1764100.00
2134,FLCC,36.61,36.36,27398.00,ETF,ETF,70.00,66.00,74.00,74.00,0.32,0.24,34141.00,64300.00,37.55,29.88,0,NO,36.43,36.54,34.15,36.68,34.81,,448,0.00,27398.00,NO,NO,2026-04-01,757100.00
2135,MAR,358.96,354.79,874280.00,Consumer Cyclical,Lodging,70.00,89.00,27.00,55.00,7.02,6.87,1576530.00,1674410.00,410.98,256.76,93604667392,NO,344.09,351.90,349.38,351.20,358.62,,7178,0.00,874280.00,NO,NO,2020-03-18,25881800.00
2136,USPX,67.34,66.86,29503.00,ETF,ETF,70.00,73.00,73.00,74.00,0.58,0.43,72131.00,162440.00,68.16,54.99,0,NO,66.93,66.78,63.01,67.07,64.15,,2598,0.00,29503.00,NO,NO,2022-08-23,11876100.00
2137,WBI,28.85,28.13,540263.00,Energy,Oil & Gas Equipment & Services,70.00,9.00,15.00,67.00,1.14,1.11,651376.00,971220.00,36.89,18.64,3561711616,NO,30.48,31.64,28.05,31.51,30.29,,263,0.00,540263.00,NO,NO,2026-06-18,14750900.00
2138,FLCV,36.21,36.05,11245.00,ETF,ETF,70.00,37.00,63.00,67.00,0.29,0.26,39492.00,41680.00,38.29,29.60,0,NO,36.68,37.16,34.27,37.23,35.14,,546,0.12,11245.00,NO,NO,2026-07-22,431300.00
2139,ALGM,39.53,36.38,5902691.00,Technology,Semiconductors,70.00,92.00,2.00,79.00,1.62,1.47,2359125.00,2792440.00,71.77,22.41,7368472576,NO,35.58,38.50,40.27,38.59,42.76,,1488,4.87,5902691.00,NO,NO,2024-09-20,19368900.00
2140,COWG,40.42,40.46,217420.00,ETF,ETF,70.00,80.00,74.00,76.00,0.48,0.44,254339.00,308340.00,40.80,32.64,0,NO,39.61,39.30,37.09,39.51,37.73,,942,0.00,217420.00,NO,NO,2025-11-13,1760500.00
2141,IPAC,85.78,84.75,50960.00,ETF,ETF,70.00,68.00,73.00,61.00,1.14,0.70,85860.00,64530.00,87.31,71.45,0,NO,85.56,85.06,80.93,85.62,82.16,,3096,1.10,50960.00,NO,NO,2022-06-08,6601000.00
2142,IHF,55.09,54.37,337137.00,ETF,ETF,70.00,30.00,41.00,86.00,0.74,0.69,529606.00,483860.00,58.30,40.85,0,NO,56.05,56.57,50.64,56.56,52.08,,5135,0.28,337137.00,NO,NO,2009-08-06,8205000.00
2143,EGGQ,55.77,55.90,5435.00,ETF,ETF,70.00,92.00,31.00,86.00,1.40,1.02,5022.00,6660.00,67.35,39.86,0,NO,53.62,52.19,50.83,52.86,52.76,,441,0.00,5435.00,NO,NO,2025-05-06,74400.00
2144,JSML,87.41,86.25,6050.00,ETF,ETF,70.00,62.00,32.00,81.00,1.21,1.01,26438.00,39020.00,98.01,66.97,0,NO,86.96,88.62,82.15,88.72,84.60,,2667,0.67,6050.00,NO,NO,2025-03-18,1215800.00
2145,LVDS,58.72,58.38,1841.00,ETF,ETF,70.00,46.00,66.00,71.00,0.39,0.31,5574.00,6590.00,61.20,49.22,0,NO,59.34,59.98,55.15,60.09,56.59,,309,0.00,1841.00,NO,NO,2026-03-23,174100.00
2146,AROW,37.79,37.27,59005.00,Financial Services,Banks - Regional,70.00,46.00,18.00,61.00,0.81,0.79,89312.00,101290.00,42.70,25.88,700011520,NO,38.08,38.70,36.41,38.72,37.73,,11603,0.97,59005.00,NO,NO,2007-06-22,1390389.00
2147,PBUS,77.19,76.57,105724.00,ETF,ETF,70.00,72.00,72.00,74.00,0.67,0.56,416677.00,1667740.00,78.22,63.03,0,NO,76.73,76.60,72.23,76.94,73.56,,2268,0.00,105724.00,NO,NO,2021-03-10,21668300.00
2148,SNPS,489.90,490.54,3051798.00,Technology,Software - Infrastructure,70.00,94.00,87.00,82.00,18.83,16.81,1950442.00,2656600.00,539.48,362.55,93882785792,NO,409.51,407.61,444.90,415.86,436.26,,8712,0.00,3051798.00,NO,NO,2000-02-18,35009600.00
2149,DFUS,83.91,83.26,1124509.00,ETF,ETF,70.00,71.00,70.00,74.00,0.78,0.65,661190.00,856310.00,85.27,68.59,0,NO,83.40,83.37,78.59,83.73,80.08,,1333,0.00,1124509.00,NO,NO,2026-03-19,4357900.00
2150,AHBM,26.78,26.39,4461.00,ETF,ETF,70.00,90.00,,,0.83,0.42,11019.00,2460.00,26.93,23.44,0,NO,25.62,,,,,,32,1.42,4461.00,NO,NO,2026-08-19,203800.00
2151,FNDB,30.85,30.68,217273.00,ETF,ETF,70.00,45.00,63.00,66.00,0.26,0.22,374136.00,344870.00,32.03,25.05,0,NO,31.20,31.39,29.36,31.44,30.04,,3303,0.00,217273.00,NO,NO,2018-01-16,3055500.00
2152,QTJL,44.01,43.56,24.00,ETF,ETF,70.00,85.00,82.00,66.00,0.36,0.14,7671.00,1470.00,44.01,37.10,0,NO,42.73,41.93,40.80,42.31,41.38,,1319,0.00,900.00,NO,NO,2023-01-18,580300.00
2153,GLBE,39.31,40.21,892326.00,Consumer Cyclical,Internet Retail,70.00,75.00,81.00,84.00,1.54,1.51,1466449.00,1718600.00,43.99,26.84,6602798592,NO,38.73,39.50,35.57,39.76,35.13,,1355,0.00,892326.00,NO,NO,2022-05-17,24913100.00
2154,NRES,33.65,33.25,229.00,ETF,ETF,70.00,17.00,84.00,24.00,0.37,0.06,860.00,580.00,36.43,26.69,0,NO,34.79,34.60,33.40,34.72,33.75,,653,0.43,229.00,NO,NO,2024-08-28,713000.00
2155,PRVS,32.49,32.31,2077.00,ETF,ETF,70.00,53.00,49.00,72.00,0.26,0.19,5990.00,5400.00,33.70,26.37,0,NO,32.66,33.00,30.64,33.12,31.33,,452,0.34,2077.00,NO,NO,2025-01-07,87600.00
2156,UNP,278.28,272.42,3036912.00,Industrials,Railroads,70.00,33.00,50.00,67.00,4.87,4.73,2672461.00,2991900.00,315.99,215.53,165319327744,NO,279.17,290.56,264.77,289.99,273.66,,11784,0.48,3036912.00,NO,NO,2009-11-03,39411400.00
2157,MFIG,21.98,21.84,4734.00,ETF,ETF,70.00,81.00,78.00,80.00,0.17,0.12,3365.00,1790.00,22.01,17.41,0,NO,21.57,21.39,20.10,21.47,20.32,,205,0.62,4734.00,NO,NO,2026-06-17,73600.00
2158,CZR,29.65,29.62,4138666.00,Consumer Cyclical,Resorts & Casinos,70.00,65.00,49.00,63.00,0.10,0.10,3954015.00,5459560.00,30.88,17.86,6042080768,NO,29.64,29.72,27.15,29.74,28.89,,3026,0.00,4138666.00,NO,NO,2026-05-28,95920300.00
2159,JDVL,31.53,31.34,142928.00,ETF,ETF,70.00,50.00,56.00,70.00,0.31,0.25,95760.00,71880.00,32.89,25.71,0,NO,31.69,31.97,29.86,32.07,30.48,,290,0.00,142928.00,NO,NO,2026-02-11,17133300.00
2160,HMC,31.35,31.62,1396620.00,Consumer Cyclical,Auto Manufacturers,70.00,38.00,82.00,86.00,0.54,0.43,1004544.00,977170.00,33.45,23.25,40682024960,NO,32.10,31.63,28.53,32.04,27.96,,11732,0.00,1396620.00,NO,NO,1985-01-25,12998000.00
2161,MEDP,599.47,598.08,303097.00,Healthcare,Diagnostics & Research,70.00,74.00,82.00,78.00,17.14,17.09,277584.00,285640.00,677.90,373.00,16732199936,NO,608.49,600.14,523.81,597.72,517.83,,2550,0.00,303097.00,NO,NO,2018-12-31,5652000.00
2162,CGNG,36.88,36.41,553915.00,ETF,ETF,70.00,72.00,55.00,73.00,0.49,0.38,593538.00,541650.00,38.25,30.13,0,NO,36.79,36.53,34.89,36.77,35.46,,569,0.88,553915.00,NO,NO,2026-05-28,4933600.00
2163,HAPI,46.19,45.89,6662.00,ETF,ETF,70.00,67.00,76.00,71.00,0.35,0.23,2214.00,4260.00,46.74,38.47,0,NO,45.94,45.96,43.26,46.15,44.04,,996,0.50,6662.00,NO,NO,2022-10-26,2437400.00
2164,XXX,22.16,22.14,252.00,ETF,ETF,70.00,81.00,86.00,76.00,0.35,0.13,982.00,240.00,22.66,18.22,0,NO,21.89,21.08,,21.26,20.36,,170,0.00,252.00,NO,NO,2026-06-10,13500.00
2165,MYFW,30.09,29.74,27241.00,Financial Services,Banks - Regional,70.00,42.00,17.00,79.00,0.65,0.62,52826.00,39250.00,34.36,22.00,293832736,NO,30.58,31.05,28.39,30.95,29.46,,2063,0.91,27241.00,NO,NO,2022-06-24,983600.00
2166,XCOR,90.57,89.93,1343.00,ETF,ETF,70.00,81.00,71.00,73.00,0.69,0.22,1306.00,1450.00,91.76,74.07,0,NO,89.16,88.49,84.74,89.06,86.32,,994,0.00,1343.00,NO,NO,2023-01-23,159000.00
2167,QUAL,224.48,223.44,1036905.00,ETF,ETF,70.00,76.00,74.00,72.00,1.99,1.83,996485.00,1123050.00,227.32,185.89,0,NO,221.32,222.23,210.13,222.77,213.31,,3323,0.00,1036905.00,NO,NO,2023-03-17,43206800.00
2168,SQLV,51.39,51.22,7216.00,ETF,ETF,70.00,26.00,43.00,71.00,0.47,0.37,7604.00,11680.00,55.30,39.95,0,NO,52.21,53.44,48.64,53.45,50.09,,2319,0.00,7216.00,NO,NO,2023-03-22,134200.00
2169,GFS,50.17,48.68,3645652.00,Technology,Semiconductors,70.00,93.00,2.00,69.00,1.98,1.77,3979512.00,3805380.00,92.55,32.02,27965691904,NO,46.68,48.13,54.25,49.05,59.19,,1237,2.71,3645652.00,NO,NO,2025-12-19,52580300.00
2170,QLC,91.70,91.21,62051.00,ETF,ETF,70.00,60.00,67.00,72.00,0.81,0.68,46306.00,103050.00,94.07,75.75,0,NO,91.78,92.06,86.38,92.37,88.15,,2772,0.00,62051.00,NO,NO,2024-09-18,1317700.00
2171,GOOG,340.35,334.93,17382114.00,Communication Services,Internet Content & Information,70.00,78.00,23.00,71.00,9.04,8.42,18114568.00,19772590.00,404.47,236.69,4162458484736,NO,339.27,341.77,337.39,343.49,344.42,,5566,0.97,17382114.00,YES,NO,2006-01-20,1650832619.00
2172,FYX,136.29,135.50,132071.00,ETF,ETF,70.00,34.00,34.00,66.00,1.72,1.63,32626.00,50950.00,147.18,103.42,0,NO,138.00,141.30,130.95,141.20,135.20,,4881,0.00,132071.00,NO,NO,2015-08-24,831900.00
2173,AETH,37.54,37.58,401.00,ETF,ETF,70.00,71.00,94.00,61.00,0.45,0.14,904.00,980.00,48.18,28.27,0,NO,38.08,34.99,34.45,35.62,33.90,,753,0.00,2400.00,NO,NO,2024-11-11,51200.00
2174,HARD,34.15,34.33,14814.00,ETF,ETF,70.00,62.00,89.00,19.00,0.83,0.58,35639.00,30100.00,37.63,28.52,0,NO,34.83,33.12,32.76,33.20,33.23,,882,0.00,14814.00,NO,NO,2025-02-03,580500.00
2175,M,22.73,22.76,4600637.00,Consumer Cyclical,Department Stores,70.00,76.00,35.00,85.00,0.72,0.70,5601963.00,6257850.00,26.59,16.41,5936544768,NO,22.32,23.20,21.58,23.09,21.69,,8726,0.00,4600637.00,NO,NO,2021-08-19,138751200.00
2176,MFMO,23.47,23.24,4939.00,ETF,ETF,70.00,89.00,34.00,79.00,0.29,0.20,8228.00,5340.00,25.73,18.06,0,NO,22.63,22.65,21.84,22.79,22.55,,205,0.00,4939.00,NO,NO,2026-04-01,69100.00
2177,TACU,28.22,28.01,8532.00,ETF,ETF,70.00,73.00,74.00,74.00,0.19,0.11,3131.00,4670.00,28.56,23.11,0,NO,28.02,27.97,26.30,28.09,26.80,,203,0.00,8532.00,NO,NO,2026-02-09,17700.00
2178,FCPI,56.62,56.30,13770.00,ETF,ETF,70.00,63.00,78.00,68.00,0.47,0.37,22877.00,14790.00,57.46,47.70,0,NO,56.46,56.28,53.04,56.57,54.00,,1734,0.50,13770.00,NO,NO,2022-06-03,452100.00
2179,CPTL,49.04,48.56,1025.00,ETF,ETF,70.00,75.00,75.00,73.00,0.35,0.24,4030.00,2060.00,49.85,40.41,0,NO,48.51,48.66,45.87,48.84,46.72,,2572,0.00,1025.00,NO,NO,2021-10-14,2178200.00
2180,GBUG,46.11,45.84,17252.00,ETF,ETF,70.00,11.00,88.00,31.00,1.67,1.38,32342.00,25690.00,59.02,33.93,0,NO,48.95,47.88,46.24,48.61,44.91,,407,0.00,17252.00,NO,NO,2026-01-30,510400.00
2181,NELS,29.23,29.00,4071.00,ETF,ETF,70.00,70.00,68.00,72.00,0.21,0.12,12395.00,4210.00,29.66,24.10,0,NO,29.05,29.11,27.43,29.22,27.97,,243,0.00,4071.00,NO,NO,2025-10-21,459500.00
2182,AINF,21.05,20.42,46.00,ETF,ETF,70.00,93.00,,,0.42,0.20,1096.00,1110.00,21.19,18.02,0,NO,19.68,,,,,,33,0.00,46.00,NO,NO,2026-08-24,7000.00
2183,SCHX,30.32,30.09,13421184.00,ETF,ETF,70.00,71.00,72.00,74.00,0.29,0.23,8872061.00,13721110.00,30.77,24.81,0,NO,30.14,30.11,28.40,30.24,28.92,,4254,0.00,13421184.00,YES,NO,2024-10-07,103780800.00
2184,MAVF,137.11,138.12,29.00,ETF,ETF,70.00,71.00,66.00,73.00,1.18,0.29,704.00,760.00,142.84,113.73,0,NO,138.60,139.05,130.80,139.62,133.38,,397,0.00,100.00,NO,NO,2025-06-24,13200.00
2185,DVSP,30.02,29.60,1496.00,ETF,ETF,70.00,75.00,76.00,79.00,0.33,0.13,1077.00,2080.00,30.64,23.71,0,NO,29.62,29.65,28.06,29.87,28.36,,449,1.28,1496.00,NO,NO,2026-06-11,14500.00
2186,AAEQ,55.36,54.91,10.00,ETF,ETF,70.00,76.00,76.00,75.00,0.35,0.18,1287.00,2180.00,55.54,45.01,0,NO,54.83,54.59,51.50,54.85,52.41,,202,0.00,10.00,NO,NO,2026-03-24,97200.00
2187,IYY,187.12,185.80,207412.00,ETF,ETF,70.00,70.00,71.00,73.00,1.56,1.18,22087.00,13140.00,189.95,153.32,0,NO,186.01,185.95,175.36,186.74,178.63,,6613,0.00,207412.00,NO,NO,2016-01-25,2573400.00
2188,SCHK,37.02,36.76,1275981.00,ETF,ETF,70.00,70.00,71.00,73.00,0.35,0.29,1300988.00,1906080.00,37.62,30.30,0,NO,36.83,36.81,34.71,36.97,35.36,,2255,0.00,1275981.00,NO,NO,2018-12-27,9595800.00
2189,LQAI,46.36,46.11,143.00,ETF,ETF,70.00,79.00,48.00,79.00,0.41,0.08,279.00,150.00,48.27,37.14,0,NO,46.24,45.74,42.92,46.04,44.36,,726,0.00,200.00,NO,NO,2025-11-12,65500.00
2190,AMZN,251.52,248.23,33047205.00,Consumer Cyclical,Internet Retail,70.00,56.00,75.00,78.00,5.37,4.73,39279852.00,39016360.00,287.20,196.00,2712973606912,NO,251.64,256.54,241.36,260.40,248.34,,7392,1.23,33047205.00,YES,NO,2007-04-25,2086584000.00
2191,SUSA,157.17,156.16,26833.00,ETF,ETF,70.00,66.00,68.00,75.00,1.33,1.03,37798.00,38550.00,160.35,128.09,0,NO,156.19,156.69,147.25,157.26,149.97,,5454,0.00,26833.00,NO,NO,2023-10-09,10450300.00
2192,DISV,42.91,42.65,291547.00,ETF,ETF,70.00,38.00,78.00,55.00,0.52,0.43,323803.00,298100.00,45.13,34.55,0,NO,43.89,43.74,41.49,43.97,41.94,,1136,0.19,291547.00,NO,NO,2022-06-06,2727000.00
2193,PXF,76.39,75.57,181204.00,ETF,ETF,70.00,34.00,58.00,57.00,0.90,0.64,111874.00,136770.00,80.65,60.17,0,NO,78.18,78.37,74.08,78.72,75.69,,4850,0.67,181204.00,NO,NO,2020-04-16,6802000.00
2194,SPYX,63.03,62.58,63591.00,ETF,ETF,70.00,71.00,72.00,74.00,0.57,0.47,67258.00,113880.00,63.96,51.28,0,NO,62.67,62.61,59.06,62.88,60.10,,2725,0.00,63591.00,NO,NO,2026-01-22,2668700.00
2195,NGNE,25.65,26.55,401638.00,Healthcare,Biotechnology,70.00,0.00,5.00,82.00,1.93,1.90,259780.00,448440.00,43.66,15.93,513291936,NO,32.39,34.76,27.22,34.01,30.23,,3163,0.00,401638.00,NO,NO,2015-08-07,3112795.00
2196,COWZ,67.50,67.63,1715678.00,ETF,ETF,70.00,19.00,82.00,55.00,0.69,0.62,979534.00,1083730.00,72.52,55.62,0,NO,68.77,69.44,64.57,69.67,65.39,,2457,0.00,1715678.00,NO,NO,2024-05-07,13834900.00
2197,KINS,18.50,18.14,68032.00,Financial Services,Insurance - Property & Casualty,70.00,18.00,19.00,84.00,0.55,0.52,102660.00,90840.00,20.90,13.83,267808464,NO,18.93,19.50,17.20,19.36,17.57,,6775,0.33,68032.00,NO,NO,2025-06-27,2015100.00
2198,TURF,33.67,33.27,3587.00,ETF,ETF,70.00,17.00,83.00,22.00,0.47,0.36,54988.00,15640.00,36.69,26.69,0,NO,34.85,34.53,33.46,34.65,33.92,,329,1.03,3587.00,NO,NO,2026-06-23,1395200.00
2199,ISMD,47.03,46.61,58391.00,ETF,ETF,70.00,38.00,29.00,71.00,0.53,0.43,36631.00,26650.00,51.58,35.81,0,NO,47.42,48.68,44.93,48.68,46.45,,2413,0.00,58391.00,NO,NO,2019-03-12,952400.00
2200,NXTI,36.11,36.14,475.00,ETF,ETF,70.00,69.00,75.00,79.00,0.18,0.06,12504.00,72900.00,36.83,29.10,0,NO,36.07,35.93,33.16,36.06,33.72,,619,0.00,475.00,NO,NO,2026-09-29,525000.00
2201,GPT,34.79,34.47,1034.00,ETF,ETF,70.00,80.00,69.00,66.00,0.31,0.18,1107.00,1960.00,34.89,28.91,0,NO,34.16,34.14,32.58,34.30,33.21,,512,0.81,1034.00,NO,NO,2024-09-23,178400.00
2202,XVV,58.77,58.35,9317.00,ETF,ETF,70.00,69.00,74.00,75.00,0.50,0.38,14792.00,13060.00,59.74,47.59,0,NO,58.43,58.41,55.05,58.69,56.00,,1512,0.00,9317.00,NO,NO,2022-02-09,4635600.00
2203,KLMN,31.39,31.43,17.00,ETF,ETF,70.00,70.00,73.00,74.00,0.21,0.07,606938.00,2510.00,32.07,25.96,0,NO,31.49,31.40,29.58,31.56,30.17,,449,0.00,1100.00,NO,NO,2026-03-25,29954800.00
2204,GXLC,92.22,92.22,13.00,ETF,ETF,70.00,74.00,73.00,75.00,0.55,0.09,223.00,240.00,93.62,76.06,0,NO,92.21,91.87,86.62,92.33,88.36,,256,0.00,100.00,NO,NO,2025-09-25,40600.00
2205,IDYA,37.36,37.81,566027.00,Healthcare,Biotechnology,70.00,17.00,30.00,68.00,1.57,1.50,832425.00,1140630.00,42.68,26.05,3604847360,NO,38.08,38.00,34.07,37.85,33.91,,1851,0.00,566027.00,NO,NO,2026-04-13,10039200.00
2206,GUSA,66.48,65.99,2444.00,ETF,ETF,70.00,71.00,71.00,73.00,0.37,0.06,320.00,1030.00,67.45,54.70,0,NO,66.12,66.07,62.36,66.36,63.48,,1122,0.00,2444.00,NO,NO,2024-11-06,80400.00
2207,RMBS,111.97,107.29,1258829.00,Technology,Semiconductors,70.00,96.00,52.00,78.00,5.61,5.10,2523804.00,3385290.00,174.10,77.89,12144445440,NO,94.87,93.52,107.89,94.76,111.29,,7393,3.43,1258829.00,NO,NO,2000-06-16,64340700.00
2208,CCBG,49.66,48.80,54178.00,Financial Services,Banks - Regional,69.00,46.00,62.00,65.00,0.94,0.91,77461.00,90030.00,53.60,38.27,849846272,NO,49.94,51.01,46.60,51.12,48.13,,8137,0.82,54178.00,NO,NO,2026-03-20,592200.00
2209,EWN,67.88,66.62,92913.00,ETF,ETF,69.00,65.00,51.00,73.00,0.97,0.73,212685.00,83960.00,71.85,54.99,0,NO,67.66,68.21,64.32,68.55,65.79,,7686,1.13,92913.00,NO,NO,2026-06-08,2307400.00
2210,GK,29.35,29.08,823.00,ETF,ETF,69.00,80.00,58.00,81.00,0.23,0.06,1120.00,1170.00,30.20,22.69,0,NO,28.88,28.90,27.30,29.08,27.94,,1319,0.88,823.00,NO,NO,2021-07-02,115000.00
2211,SAA,32.65,31.89,1929.00,ETF,ETF,69.00,15.00,13.00,76.00,0.61,0.37,3225.00,2800.00,38.94,22.57,0,NO,33.25,35.44,32.07,35.43,33.43,,4954,0.00,1929.00,NO,NO,2010-06-29,6045000.00
2212,PRNT,25.24,25.07,1977.00,ETF,ETF,69.00,70.00,72.00,80.00,0.32,0.24,6049.00,3290.00,26.65,19.82,0,NO,24.63,24.95,23.59,25.11,23.89,,2566,0.00,1977.00,NO,NO,2021-02-08,3027100.00
2213,DBAW,48.17,47.74,40940.00,ETF,ETF,69.00,64.00,53.00,64.00,0.46,0.32,31761.00,24630.00,49.25,39.19,0,NO,48.06,48.14,45.68,48.27,46.66,,3191,0.65,40940.00,NO,NO,2015-12-15,562000.00
2214,LAUR,38.62,38.00,1065141.00,Consumer Defensive,Education & Training Services,69.00,87.00,44.00,70.00,0.95,0.92,1010750.00,1174690.00,40.92,24.98,5319880192,NO,36.82,37.34,35.15,37.56,35.56,,2431,1.45,1065141.00,NO,NO,2026-03-20,22256800.00
2215,PCLN,30.86,30.53,102.00,ETF,ETF,69.00,77.00,24.00,78.00,0.38,0.02,430.00,110.00,33.66,23.72,0,NO,29.86,30.53,28.94,30.62,29.96,,240,0.00,100.00,NO,NO,2025-10-16,100300.00
2216,FBNC,62.33,61.57,237017.00,Financial Services,Banks - Regional,69.00,44.00,47.00,63.00,1.48,1.46,220809.00,274330.00,66.78,45.96,2580388864,NO,63.25,63.90,59.71,64.11,60.87,,9932,1.20,237017.00,NO,NO,2020-11-12,5674400.00
2217,VSLU,48.86,48.55,18825.00,ETF,ETF,69.00,65.00,78.00,72.00,0.49,0.43,21725.00,20320.00,49.95,39.80,0,NO,48.66,48.60,45.78,48.77,46.43,,1363,0.00,18825.00,NO,NO,2025-10-29,454400.00
2218,BINT,32.70,32.32,46404.00,ETF,ETF,69.00,61.00,63.00,67.00,0.35,0.21,39814.00,47830.00,33.40,26.92,0,NO,32.77,32.70,31.12,32.88,31.71,,323,1.11,46404.00,NO,NO,2025-06-24,4738200.00
2219,ITOT,167.95,166.67,1207448.00,ETF,ETF,69.00,69.00,69.00,73.00,1.59,1.30,1561544.00,1754080.00,171.03,137.73,0,NO,166.99,167.14,157.67,167.84,160.65,,5710,0.00,1207448.00,NO,NO,2022-06-17,20576200.00
2220,SPTM,93.02,92.29,428068.00,ETF,ETF,69.00,69.00,70.00,72.00,0.83,0.69,470293.00,564200.00,94.62,76.54,0,NO,92.53,92.58,87.44,92.96,89.05,,6533,0.00,428068.00,NO,NO,2014-08-25,16814400.00
2221,EVUS,36.47,36.35,32040.00,ETF,ETF,69.00,53.00,73.00,67.00,0.28,0.22,40376.00,35830.00,37.56,30.56,0,NO,36.72,36.81,34.51,36.90,35.09,,920,0.00,32040.00,NO,NO,2025-09-16,4225900.00
2222,SCHD,32.72,32.66,20649814.00,ETF,ETF,69.00,19.00,68.00,53.00,0.31,0.27,22647898.00,23871110.00,35.31,26.32,0,NO,33.62,34.05,31.72,34.04,32.53,,3759,0.00,20649814.00,YES,NO,2025-04-07,50085200.00
2223,SCHB,29.61,29.39,16508419.00,ETF,ETF,69.00,69.00,70.00,73.00,0.28,0.23,7062536.00,11789260.00,30.15,24.28,0,NO,29.47,29.48,27.81,29.60,28.33,,4254,0.00,16508419.00,YES,NO,2020-03-12,52420200.00
2224,CVBF,22.28,22.01,1649663.00,Financial Services,Banks - Regional,69.00,66.00,46.00,67.00,0.44,0.41,1326387.00,1571060.00,23.41,17.95,3921223168,NO,22.36,22.53,20.88,22.56,21.32,,10962,0.73,1649663.00,NO,NO,2010-08-10,13250400.00
2225,BUYO,32.47,32.21,1589.00,ETF,ETF,69.00,52.00,41.00,71.00,0.24,0.09,888.00,1220.00,34.52,25.63,0,NO,32.37,33.05,30.74,33.13,31.50,,498,0.00,1589.00,NO,NO,2024-10-09,395500.00
2226,AFMC,40.49,40.08,226984.00,ETF,ETF,69.00,61.00,60.00,65.00,0.39,0.33,31638.00,38260.00,42.13,32.43,0,NO,40.27,40.83,38.52,40.92,39.41,,1716,0.00,226984.00,NO,NO,2024-07-31,625700.00
2227,DFAU,52.88,52.51,447555.00,ETF,ETF,69.00,66.00,69.00,72.00,0.48,0.40,554831.00,644330.00,53.95,43.67,0,NO,52.69,52.78,49.77,52.98,50.70,,1473,0.00,447555.00,NO,NO,2025-04-04,4309700.00
2228,VONE,347.62,344.93,145324.00,ETF,ETF,69.00,70.00,71.00,73.00,3.19,2.63,90155.00,169410.00,353.24,285.56,0,NO,345.79,345.60,326.22,347.06,332.01,,4032,0.00,145324.00,NO,NO,2023-03-06,2031800.00
2229,HTO,60.13,60.20,472008.00,Utilities,Utilities - Regulated Water,69.00,25.00,48.00,40.00,1.21,1.18,439361.00,571200.00,67.09,43.75,2516849664,NO,62.50,62.86,58.03,62.69,60.26,,13698,0.00,472008.00,NO,NO,2022-12-16,5741500.00
2230,PDP,140.29,138.99,11664.00,ETF,ETF,69.00,87.00,45.00,68.00,1.89,1.49,21953.00,11760.00,153.23,106.53,0,NO,136.29,136.37,132.82,137.24,136.43,,4930,0.69,11664.00,NO,NO,2013-04-01,2799900.00
2231,BRIE,30.40,30.15,499609.00,ETF,ETF,69.00,51.00,58.00,63.00,0.41,0.33,191641.00,290110.00,31.57,24.77,0,NO,30.80,30.79,29.14,30.91,29.60,,238,0.60,499609.00,NO,NO,2026-03-09,1582300.00
2232,NPFE,28.28,28.01,84850.00,ETF,ETF,69.00,67.00,73.00,71.00,0.21,0.14,11168.00,5510.00,28.92,23.55,0,NO,28.03,28.22,,28.37,26.89,,143,0.00,84850.00,NO,NO,2026-08-20,113200.00
2233,AIZ,267.32,266.24,348799.00,Financial Services,Insurance - Property & Casualty,69.00,22.00,34.00,81.00,5.94,5.94,370506.00,464720.00,303.94,206.03,13185229824,NO,274.81,280.25,250.44,280.36,257.59,,5701,0.00,348799.00,NO,NO,2004-02-05,27565200.00
2234,IWB,420.21,416.97,455660.00,ETF,ETF,69.00,70.00,71.00,73.00,3.95,3.17,482588.00,535200.00,426.92,345.21,0,NO,417.76,417.72,394.28,419.50,401.34,,6632,0.00,455660.00,NO,NO,2008-11-21,20341700.00
2235,UNFI,45.59,44.78,605645.00,Consumer Defensive,Food Distribution,69.00,80.00,45.00,40.00,1.49,1.43,568903.00,692210.00,57.02,30.91,2749855744,NO,45.29,46.67,44.41,46.68,47.87,,7526,0.71,605645.00,NO,NO,2020-05-13,23196100.00
2236,IWV,436.16,432.59,152885.00,ETF,ETF,69.00,69.00,70.00,73.00,4.04,3.25,161606.00,196260.00,443.91,358.55,0,NO,433.71,434.11,409.66,435.86,417.16,,6627,0.00,152885.00,NO,NO,2004-01-23,18966400.00
2237,QGRD,30.34,30.10,8748.00,ETF,ETF,69.00,84.00,67.00,75.00,0.30,0.25,47244.00,19030.00,30.84,23.83,0,NO,29.67,29.42,28.20,29.58,28.79,,311,0.00,8748.00,NO,NO,2025-07-31,2803400.00
2238,NCIQ,21.08,21.47,58168.00,ETF,ETF,69.00,89.00,95.00,82.00,0.63,0.48,57014.00,58970.00,34.26,14.38,0,NO,20.59,18.65,18.72,18.94,17.90,,410,0.00,58168.00,NO,NO,2025-02-26,457200.00
2239,NBET,39.89,39.64,4662.00,ETF,ETF,69.00,19.00,75.00,30.00,0.40,0.34,4990.00,7490.00,43.14,31.34,0,NO,41.04,41.07,39.08,41.10,40.46,,1126,0.00,4662.00,NO,NO,2024-10-23,603400.00
2240,UHAL,61.89,60.99,167004.00,Industrials,Rental & Leasing Services,69.00,17.00,21.00,86.00,1.27,1.19,158030.00,144800.00,76.45,41.95,12099136512,NO,62.70,68.04,57.98,67.88,60.19,,8030,0.00,167004.00,NO,NO,2003-09-12,34300000.00
2241,EXTR,23.12,21.97,1953303.00,Technology,Communication Equipment,69.00,85.00,3.00,92.00,0.72,0.64,1629028.00,1558690.00,33.73,13.48,3055786496,NO,21.85,23.81,21.39,23.50,23.88,,6914,2.41,1953303.00,NO,NO,2003-12-16,38450300.00
2242,VTI,377.99,375.18,2943112.00,ETF,ETF,69.00,69.00,69.00,73.00,3.65,3.02,3098255.00,3266770.00,385.12,310.40,0,NO,376.45,376.56,355.38,378.07,361.90,,6362,0.00,2943112.00,NO,NO,2008-11-24,42316200.00
2243,LCF,46.18,45.78,271.00,ETF,ETF,69.00,64.00,80.00,73.00,0.34,0.13,746.00,890.00,46.92,37.99,0,NO,46.08,45.95,43.34,46.22,43.81,,1035,0.69,271.00,NO,NO,2025-01-21,140900.00
2244,IQDY,42.30,41.77,4257.00,ETF,ETF,69.00,47.00,51.00,62.00,0.52,0.32,7238.00,5560.00,44.46,33.35,0,NO,42.88,43.05,40.86,43.21,41.71,,3388,1.19,4257.00,NO,NO,2023-01-26,1326700.00
2245,PSC,67.54,66.94,135033.00,ETF,ETF,69.00,51.00,43.00,73.00,0.76,0.69,127246.00,104820.00,70.90,53.73,0,NO,67.66,68.68,63.93,68.75,65.49,,2521,0.00,135033.00,NO,NO,2022-01-11,5132900.00
2246,RECS,45.47,45.24,1071892.00,ETF,ETF,69.00,68.00,78.00,71.00,0.40,0.36,442757.00,509620.00,46.00,37.79,0,NO,45.29,45.10,42.56,45.23,43.17,,1765,0.00,1071892.00,NO,NO,2025-02-28,9333900.00
2247,WHG,19.61,19.41,62268.00,Financial Services,Asset Management,69.00,81.00,41.00,79.00,0.48,0.47,18558.00,17340.00,20.97,14.70,187141216,NO,18.85,19.18,17.76,19.30,17.95,,6116,0.52,62268.00,NO,NO,2021-06-25,1141200.00
2248,VTHR,338.57,335.81,119361.00,ETF,ETF,69.00,69.00,70.00,73.00,3.12,2.51,26596.00,41810.00,344.56,278.45,0,NO,337.02,337.14,318.19,338.50,323.97,,4032,0.71,119361.00,NO,NO,2025-04-08,675600.00
2249,INDV,35.71,35.38,1649816.00,Healthcare,Drug Manufacturers - Specialty & Generic,69.00,78.00,14.00,73.00,0.97,0.96,2049315.00,1930900.00,42.81,22.56,4214920448,NO,35.32,36.82,35.73,36.54,36.23,,2958,0.23,1649816.00,NO,NO,2025-07-31,24098600.00
2250,ISVL,53.41,53.05,14589.00,ETF,ETF,69.00,50.00,76.00,60.00,0.61,0.43,14225.00,13000.00,55.46,43.63,0,NO,54.23,53.83,51.24,54.11,51.70,,1385,0.38,14589.00,NO,NO,2026-02-06,3763800.00
2251,DAK,29.93,29.73,18.00,ETF,ETF,69.00,72.00,72.00,72.00,0.16,0.05,700.00,340.00,30.26,24.99,0,NO,29.81,29.79,28.13,29.91,28.65,,297,0.00,18.00,NO,NO,2025-10-07,46800.00
2252,PTIN,36.82,36.39,5409.00,ETF,ETF,69.00,53.00,55.00,64.00,0.49,0.31,8138.00,10600.00,39.49,30.05,0,NO,37.10,37.26,35.21,37.45,35.88,,1864,1.10,5409.00,NO,NO,2019-05-09,741800.00
2253,HBNC,19.48,19.08,1163655.00,Financial Services,Banks - Regional,69.00,60.00,45.00,72.00,0.39,0.37,566588.00,673990.00,21.04,14.97,1000191232,NO,19.41,19.83,18.45,19.85,18.86,,6223,1.21,1163655.00,NO,NO,2026-06-26,3684800.00
2254,GRNY,28.32,28.03,1001044.00,ETF,ETF,69.00,81.00,67.00,75.00,0.36,0.28,1210330.00,1222630.00,28.55,23.07,0,NO,27.94,27.76,26.36,27.90,26.86,,476,0.00,1001044.00,NO,NO,2026-01-09,9411000.00
2255,ECML,39.89,39.26,16.00,ETF,ETF,69.00,29.00,66.00,58.00,0.26,0.06,3007.00,570.00,42.43,31.80,0,NO,40.74,41.01,37.94,41.13,38.89,,843,0.00,4300.00,NO,NO,2025-04-17,218000.00
2256,XTJA,35.31,35.20,1245.00,ETF,ETF,69.00,73.00,76.00,69.00,0.09,0.04,2450.00,3620.00,35.31,29.53,0,NO,35.11,34.87,33.08,34.97,33.60,,1192,0.16,1245.00,NO,NO,2023-11-13,213700.00
2257,VFVA,152.19,151.82,19534.00,ETF,ETF,69.00,20.00,64.00,65.00,1.68,1.54,17644.00,14210.00,164.02,122.55,0,NO,156.33,158.77,145.90,158.98,148.88,,2169,0.00,19534.00,NO,NO,2022-05-16,978300.00
2258,DCOR,83.59,83.02,119483.00,ETF,ETF,69.00,60.00,67.00,70.00,0.88,0.70,128236.00,144440.00,85.88,69.88,0,NO,83.59,83.95,79.01,84.20,80.52,,767,0.00,119483.00,NO,NO,2024-12-26,1592700.00
2259,SMCP,27.15,26.85,2608.00,ETF,ETF,69.00,70.00,85.00,,0.29,0.12,5044.00,3490.00,28.09,23.29,0,NO,27.05,26.48,,26.72,,,99,0.56,2608.00,NO,NO,2026-08-05,124700.00
2260,FXZ,78.22,77.44,52057.00,ETF,ETF,69.00,11.00,53.00,40.00,1.44,1.08,45087.00,80280.00,88.25,57.87,0,NO,81.40,82.34,78.04,82.60,80.01,,4880,0.74,52057.00,NO,NO,2023-06-09,20955600.00
2261,JUDO,28.37,28.20,268.00,ETF,ETF,69.00,66.00,71.00,67.00,0.15,0.04,822.00,330.00,29.22,24.06,0,NO,28.25,28.45,,28.57,,,132,0.00,268.00,NO,NO,2026-03-31,7100.00
2262,NTR,70.06,69.73,1755192.00,Basic Materials,Agricultural Inputs,69.00,6.00,85.00,14.00,2.11,2.06,2595193.00,2901350.00,85.36,53.03,33433337856,NO,75.60,72.66,70.36,72.78,71.03,,2200,0.00,1755192.00,NO,NO,2022-03-07,11337400.00
2263,FMET,39.25,39.00,4772.00,ETF,ETF,69.00,79.00,80.00,82.00,0.51,0.39,2993.00,2800.00,40.25,30.14,0,NO,38.85,38.50,36.28,38.72,36.76,,1117,0.00,4772.00,NO,NO,2025-06-24,114300.00
2264,JUSA,69.10,68.58,183083.00,ETF,ETF,69.00,70.00,71.00,72.00,0.65,0.54,109125.00,121060.00,70.37,57.20,0,NO,68.72,68.78,64.99,69.09,66.15,,391,0.00,183083.00,NO,NO,2026-07-23,3215200.00
2265,OAIM,48.02,47.45,57093.00,ETF,ETF,69.00,63.00,63.00,61.00,0.88,0.68,20787.00,19680.00,50.65,38.83,0,NO,48.36,47.78,45.69,48.08,46.49,,1015,0.83,57093.00,NO,NO,2023-07-06,755400.00
2266,SECT,72.40,71.87,122705.00,ETF,ETF,69.00,77.00,66.00,76.00,0.73,0.59,123090.00,142730.00,73.68,58.39,0,NO,71.63,71.67,67.70,71.98,68.95,,2281,0.00,122705.00,NO,NO,2017-09-06,6568600.00
2267,XTOC,37.44,37.27,5078.00,ETF,ETF,69.00,74.00,75.00,69.00,0.08,0.06,7012.00,3170.00,37.50,31.00,0,NO,37.19,36.95,35.09,37.04,35.64,,1256,0.00,5078.00,NO,NO,2023-11-07,216600.00
2268,BMEZ,16.47,16.58,160685.00,Financial Services,Asset Management,69.00,49.00,80.00,69.00,0.27,0.26,143282.00,140640.00,17.25,13.70,1029398080,NO,16.65,16.41,15.15,16.45,15.16,,1679,0.00,160685.00,NO,NO,2023-03-31,2630000.00
2269,SKY,88.10,87.48,368838.00,Consumer Cyclical,Residential Construction,69.00,79.00,81.00,77.00,3.00,2.85,607839.00,548780.00,99.17,63.69,4782080000,NO,85.63,87.43,83.18,88.06,81.22,,13468,0.00,368838.00,NO,NO,2024-12-20,10462900.00
2270,SAWG,24.69,24.55,169.00,ETF,ETF,69.00,79.00,73.00,77.00,0.17,0.04,974.00,830.00,24.96,20.06,0,NO,24.34,24.34,23.05,24.44,23.48,,544,0.00,100.00,NO,NO,2024-08-21,27100.00
2271,AVSC,70.31,69.70,129380.00,ETF,ETF,69.00,39.00,39.00,63.00,0.78,0.69,116692.00,140850.00,75.30,54.31,0,NO,70.68,72.40,67.51,72.46,69.48,,1184,0.00,129380.00,NO,NO,2024-03-26,2599900.00
2272,SCC,16.24,16.61,13502.00,ETF,ETF,69.00,89.00,89.00,16.00,0.41,0.34,16790.00,35780.00,18.30,13.12,0,NO,15.99,15.18,14.95,15.04,15.20,,4948,0.00,13502.00,NO,NO,2026-09-22,228000.00
2273,CCNR,38.77,38.39,3470.00,ETF,ETF,69.00,15.00,77.00,25.00,0.52,0.35,28819.00,7350.00,43.85,30.42,0,NO,40.30,40.26,38.97,40.41,39.76,,560,0.65,3470.00,NO,NO,2026-02-26,2314300.00
2274,GRPM,136.85,136.68,5381.00,ETF,ETF,69.00,26.00,73.00,69.00,1.20,1.00,8958.00,10040.00,146.45,112.44,0,NO,138.90,140.56,128.41,141.00,130.82,,3978,0.00,5381.00,NO,NO,2016-02-23,524500.00
2275,SPGM,87.27,86.48,358606.00,ETF,ETF,69.00,67.00,68.00,69.00,0.85,0.66,118392.00,131830.00,88.84,73.12,0,NO,87.11,87.06,82.56,87.45,84.06,,3667,0.00,358606.00,NO,NO,2026-06-26,2578700.00
2276,BFXU,23.64,23.65,11.00,ETF,ETF,69.00,72.00,72.00,,0.16,0.03,439.00,150.00,24.17,20.70,0,NO,23.67,23.62,,23.74,,,122,0.00,100.00,NO,NO,2026-08-20,11700.00
2277,KOF,106.50,105.55,150524.00,Consumer Defensive,Beverages - Non-Alcoholic,69.00,26.00,50.00,54.00,2.30,2.20,130760.00,90880.00,117.09,80.22,0,NO,110.03,110.23,105.15,110.20,105.84,,8320,0.75,150524.00,NO,NO,1993-09-14,13098300.00
2278,ILCV,105.82,105.30,22851.00,ETF,ETF,69.00,49.00,71.00,66.00,0.83,0.67,22274.00,31850.00,109.57,88.03,0,NO,106.85,107.10,100.27,107.37,101.90,,5593,0.47,22851.00,NO,NO,2013-06-06,4851200.00
2279,DFAC,44.97,44.66,1923651.00,ETF,ETF,69.00,60.00,66.00,69.00,0.40,0.35,2039712.00,2117230.00,46.34,37.48,0,NO,44.94,45.21,42.59,45.36,43.41,,1333,0.00,1923651.00,NO,NO,2025-04-07,11594000.00
2280,PH,972.55,965.88,343039.00,Industrials,Specialty Industrial Machinery,69.00,79.00,61.00,53.00,19.38,19.31,611904.00,615660.00,1099.94,715.37,122650632192,NO,953.76,988.21,944.91,991.02,944.89,,11732,0.00,343039.00,NO,NO,2005-01-18,10077300.00
2281,BBLU,17.19,17.09,85760.00,ETF,ETF,69.00,58.00,71.00,72.00,0.14,0.12,80714.00,108100.00,17.58,14.34,0,NO,17.30,17.25,16.11,17.30,16.43,,994,0.00,85760.00,NO,NO,2023-01-09,2926800.00
2282,AVGE,99.34,98.54,143181.00,ETF,ETF,69.00,53.00,60.00,64.00,0.92,0.79,85163.00,72190.00,102.81,81.20,0,NO,99.80,100.40,95.02,100.72,97.05,,1006,0.75,143181.00,NO,NO,2026-08-05,243000.00
2283,ROUS,67.22,66.96,51153.00,ETF,ETF,69.00,64.00,63.00,65.00,0.53,0.48,56858.00,59940.00,69.30,55.39,0,NO,67.19,67.57,63.70,67.71,65.20,,2917,0.00,51153.00,NO,NO,2022-06-02,1902300.00
2284,POWI,54.46,51.50,892629.00,Technology,Semiconductors,69.00,89.00,3.00,45.00,2.32,2.11,750136.00,867770.00,91.18,30.86,3042859776,NO,50.61,55.18,57.88,55.45,63.75,,7245,4.02,892629.00,NO,NO,2000-03-24,19421400.00
2285,TCAF,42.54,42.28,535691.00,ETF,ETF,69.00,64.00,72.00,76.00,0.42,0.36,542523.00,523800.00,43.13,34.43,0,NO,42.44,42.37,39.68,42.53,40.35,,828,0.00,535691.00,NO,NO,2026-03-26,3878900.00
2286,HBCP,67.53,66.85,46900.00,Financial Services,Banks - Regional,68.00,46.00,45.00,60.00,1.34,1.32,85665.00,73720.00,74.50,50.54,531511744,NO,68.25,69.68,64.61,69.76,66.45,,4524,0.00,46900.00,NO,NO,2009-06-26,1229800.00
2287,NBN,126.86,124.70,130472.00,Financial Services,Banks - Regional,68.00,51.00,23.00,58.00,4.00,3.89,115033.00,123090.00,142.31,80.75,1085332992,NO,129.93,130.27,121.75,130.83,125.58,,9855,1.34,130472.00,NO,NO,2021-06-25,1137100.00
2288,RWLC,38.76,38.66,3846.00,ETF,ETF,68.00,61.00,76.00,79.00,0.38,0.33,6417.00,3690.00,41.40,31.10,0,NO,38.65,38.56,35.85,38.69,36.52,,1203,0.00,3846.00,NO,NO,2021-12-20,3413500.00
2289,ISRA,66.99,66.74,8869.00,ETF,ETF,68.00,69.00,63.00,57.00,0.78,0.65,3512.00,3220.00,73.55,53.09,0,NO,67.17,66.57,64.76,66.80,65.65,,3338,0.24,8869.00,NO,NO,2015-07-24,601500.00
2290,HAWX,45.83,45.32,57786.00,ETF,ETF,68.00,66.00,55.00,62.00,0.45,0.30,21268.00,8910.00,47.43,37.64,0,NO,45.71,45.74,43.64,45.89,44.52,,2831,0.88,57786.00,NO,NO,2018-05-29,2487800.00
2291,PFE,27.80,28.12,34914894.00,Healthcare,Drug Manufacturers - General,68.00,31.00,91.00,30.00,0.47,0.46,36790804.00,34973310.00,29.21,23.62,158450925568,NO,28.01,27.33,26.40,27.49,26.48,,13698,0.00,34914894.00,YES,NO,2025-03-21,349996500.00
2292,GRVY,68.50,67.88,32421.00,Communication Services,Electronic Gaming & Multimedia,68.00,28.00,82.00,56.00,1.88,1.83,34780.00,19980.00,76.00,54.54,475999648,NO,69.58,68.78,64.18,69.54,64.84,,5447,0.00,32421.00,NO,NO,2016-10-28,6031000.00
2293,DSPY,66.37,66.01,14221.00,ETF,ETF,68.00,63.00,64.00,71.00,0.47,0.28,10871.00,12700.00,68.42,55.66,0,NO,66.33,66.52,62.59,66.77,63.90,,378,0.00,14221.00,NO,NO,2026-05-29,1364500.00
2294,XLEI,27.39,27.40,309522.00,ETF,ETF,68.00,45.00,87.00,37.00,0.45,0.39,154401.00,294760.00,29.50,23.66,0,NO,27.89,27.59,26.53,27.64,26.90,,297,0.00,309522.00,NO,NO,2026-09-29,723000.00
2295,ISTR,29.41,28.96,85825.00,Financial Services,Banks - Regional,68.00,39.00,63.00,53.00,0.60,0.58,135622.00,108040.00,31.77,21.43,405182336,NO,29.99,30.16,28.78,30.26,29.13,,3083,1.07,85825.00,NO,NO,2021-06-25,1576400.00
2296,BKCG,39.73,39.29,1420.00,ETF,ETF,68.00,79.00,79.00,73.00,0.32,0.14,2238.00,3990.00,39.98,32.94,0,NO,39.16,39.03,37.23,39.26,37.54,,380,0.89,1420.00,NO,NO,2025-07-08,25400.00
2297,USPH,83.72,82.60,235743.00,Healthcare,Medical Care Facilities,68.00,88.00,89.00,67.00,2.45,2.45,204828.00,183460.00,93.50,58.19,1249328256,NO,82.24,80.13,76.28,80.63,73.54,,8647,0.74,235743.00,NO,NO,2002-08-19,10510000.00
2298,RHRX,21.63,21.59,1030.00,ETF,ETF,68.00,67.00,53.00,65.00,0.19,0.17,24066.00,10480.00,23.45,17.46,0,NO,21.51,21.66,20.54,21.69,21.18,,1229,0.00,1030.00,NO,NO,2023-12-04,566400.00
2299,FLS,74.37,73.06,1095291.00,Industrials,Specialty Industrial Machinery,68.00,31.00,56.00,32.00,2.05,1.89,1701130.00,1544750.00,92.41,48.71,9453378560,NO,74.23,76.66,76.36,76.97,75.22,,11732,1.51,1095291.00,NO,NO,2021-03-19,24350300.00
2300,IWC,186.68,185.14,230328.00,ETF,ETF,68.00,33.00,25.00,69.00,2.88,2.48,93277.00,286610.00,203.28,143.74,0,NO,189.26,192.84,179.90,193.18,185.14,,5316,0.00,230328.00,NO,NO,2009-12-01,1425500.00
2301,NORW,35.50,35.18,16510.00,ETF,ETF,68.00,27.00,85.00,15.00,0.39,0.30,29801.00,18620.00,39.39,27.84,0,NO,36.83,36.39,35.43,36.57,36.48,,4307,0.26,16510.00,NO,NO,2026-03-30,1375300.00
2302,LLYX,23.85,24.13,179276.00,ETF,ETF,68.00,31.00,10.00,88.00,1.29,1.28,307753.00,233780.00,31.19,14.51,0,NO,24.38,25.79,23.17,25.36,22.96,,540,0.00,179276.00,NO,NO,2025-08-07,17207100.00
2303,KNGZ,41.14,41.01,1963.00,ETF,ETF,68.00,44.00,67.00,67.00,0.39,0.24,6020.00,7390.00,43.06,33.67,0,NO,41.55,41.92,39.23,42.03,40.03,,2331,0.00,1963.00,NO,NO,2018-04-18,414500.00
2304,XLG,64.25,63.62,737336.00,ETF,ETF,68.00,80.00,79.00,73.00,0.71,0.60,1014823.00,1005490.00,64.77,52.60,0,NO,63.33,62.56,60.24,62.96,60.97,,5384,0.00,737336.00,NO,NO,2026-03-12,17335200.00
2305,WELD,55.17,54.01,12112.00,ETF,ETF,68.00,82.00,18.00,61.00,0.90,0.80,38879.00,34700.00,67.00,41.34,0,NO,53.42,55.32,54.05,55.52,55.82,,852,1.04,12112.00,NO,NO,2025-02-07,2136700.00
2306,DXUV,67.93,67.41,75919.00,ETF,ETF,68.00,50.00,67.00,67.00,0.59,0.51,51115.00,100570.00,70.73,56.29,0,NO,68.23,68.91,64.64,69.11,65.82,,516,0.00,75919.00,NO,NO,2024-09-12,1205600.00
2307,ACWI,160.09,158.74,1247103.00,ETF,ETF,68.00,66.00,67.00,69.00,1.61,1.28,2361217.00,2476760.00,162.80,133.65,0,NO,159.90,159.71,151.41,160.46,154.09,,4659,0.81,1247103.00,NO,NO,2022-02-03,21242100.00
2308,JXX,32.00,31.31,86.00,ETF,ETF,68.00,80.00,54.00,83.00,0.40,0.21,1539.00,2150.00,33.61,23.64,0,NO,31.27,31.32,29.28,31.52,30.19,,416,0.00,1900.00,NO,NO,2025-02-05,51700.00
2309,FDEM,35.88,35.60,92170.00,ETF,ETF,68.00,58.00,53.00,67.00,0.49,0.38,79434.00,73180.00,38.32,29.11,0,NO,36.17,35.80,34.53,36.00,35.16,,1909,0.00,92170.00,NO,NO,2026-05-26,2480500.00
2310,ESQ,119.92,118.19,129922.00,Financial Services,Banks - Regional,68.00,84.00,56.00,60.00,3.33,3.21,167166.00,217530.00,134.81,92.10,1451581568,NO,120.29,121.81,112.87,122.05,115.40,,2330,0.00,129922.00,NO,NO,2022-06-24,944600.00
2311,GUNR,53.12,52.66,508416.00,ETF,ETF,68.00,17.00,82.00,22.00,0.73,0.61,495909.00,425410.00,58.07,42.53,0,NO,55.00,54.60,52.80,54.73,53.60,,3779,0.06,508416.00,NO,NO,2013-01-24,11857800.00
2312,PFBC,106.48,105.99,80331.00,Financial Services,Banks - Regional,68.00,79.00,53.00,73.00,2.42,2.42,123923.00,229340.00,112.26,81.50,1262119808,NO,105.61,105.18,97.63,105.40,99.72,,6822,0.00,80331.00,NO,NO,2018-07-05,2921400.00
2313,PSFO,36.09,35.96,46196.00,ETF,ETF,68.00,77.00,77.00,66.00,0.09,0.05,6044.00,11160.00,36.15,31.09,0,NO,35.75,35.46,33.80,35.58,34.30,,1256,0.00,46196.00,NO,NO,2025-11-11,192600.00
2314,IDEQ,35.10,34.79,874297.00,ETF,ETF,68.00,53.00,55.00,59.00,0.44,0.34,315601.00,455090.00,36.47,28.03,0,NO,35.64,35.53,33.96,35.71,34.51,,351,0.57,874297.00,NO,NO,2025-07-21,13411800.00
2315,AVGV,85.16,84.52,42115.00,ETF,ETF,68.00,39.00,57.00,58.00,0.86,0.75,53850.00,63820.00,89.04,68.24,0,NO,86.25,87.03,82.36,87.21,84.14,,819,0.60,42115.00,NO,NO,2025-06-26,556600.00
2316,CBSE,47.87,46.92,1020.00,ETF,ETF,68.00,76.00,28.00,77.00,0.50,0.22,5892.00,3990.00,52.82,36.94,0,NO,46.97,47.39,45.64,47.57,47.08,,1477,0.00,1020.00,NO,NO,2024-01-11,153400.00
2317,RGLO,33.33,33.09,20500.00,ETF,ETF,68.00,63.00,67.00,69.00,0.37,0.34,28046.00,30090.00,34.43,27.27,0,NO,33.38,33.44,31.61,33.56,32.14,,338,0.66,20500.00,NO,NO,2025-06-10,3543700.00
2318,HDUS,73.26,72.74,4598.00,ETF,ETF,68.00,61.00,71.00,70.00,0.68,0.57,35595.00,9380.00,75.12,61.38,0,NO,73.21,73.39,69.19,73.66,70.47,,971,0.00,4598.00,NO,NO,2026-08-18,1283700.00
2319,KLMT,35.01,34.72,1125.00,ETF,ETF,68.00,63.00,66.00,70.00,0.23,0.03,1014.00,570.00,35.66,29.23,0,NO,35.03,35.05,33.11,35.20,33.71,,570,0.60,1125.00,NO,NO,2025-02-03,19325400.00
2320,IDCC,335.13,339.93,222380.00,Technology,Software - Application,68.00,77.00,91.00,53.00,10.98,10.86,227366.00,220390.00,412.60,249.14,8648367104,NO,332.84,328.00,317.36,335.11,308.95,,11312,0.00,222380.00,NO,NO,2011-08-15,15151400.00
2321,SPXE,82.73,82.14,723.00,ETF,ETF,68.00,73.00,70.00,75.00,0.60,0.31,1011.00,840.00,83.70,67.48,0,NO,82.25,82.08,77.54,82.45,78.97,,2771,0.00,600.00,NO,NO,2021-04-12,712200.00
2322,TGRT,47.77,47.24,81361.00,ETF,ETF,68.00,82.00,78.00,78.00,0.58,0.47,88384.00,90010.00,48.00,37.60,0,NO,46.66,46.33,44.36,46.63,44.84,,828,0.00,81361.00,NO,NO,2026-06-23,4977900.00
2323,FSML,29.29,29.00,1097.00,ETF,ETF,68.00,47.00,39.00,74.00,0.20,0.09,5204.00,21490.00,31.18,23.90,0,NO,29.44,29.99,27.85,30.02,28.61,,202,0.00,1097.00,NO,NO,2026-01-13,2543900.00
2324,LEXI,40.63,40.33,4991.00,ETF,ETF,68.00,69.00,61.00,68.00,0.25,0.16,11990.00,12870.00,41.36,34.26,0,NO,40.44,40.60,38.50,40.71,39.29,,1319,0.70,4991.00,NO,NO,2022-07-22,300000.00
2325,GRID,182.91,178.80,1035471.00,ETF,ETF,68.00,84.00,45.00,60.00,2.83,2.24,569963.00,473110.00,199.99,144.62,0,NO,178.51,180.18,176.97,181.43,182.02,,4244,2.05,1035471.00,NO,NO,2026-02-10,3661800.00
2326,NOVTU,62.92,61.08,107615.00,Technology,Scientific & Technical Instruments,68.00,81.00,17.00,76.00,1.52,1.07,25730.00,90410.00,76.95,47.57,0,NO,60.44,62.42,60.93,62.87,61.74,,226,1.42,107615.00,NO,NO,2025-11-07,4630600.00
2327,GSWO,65.11,64.55,72364.00,ETF,ETF,68.00,64.00,70.00,69.00,0.61,0.41,66344.00,51240.00,66.64,54.51,0,NO,65.13,65.09,61.49,65.37,62.59,,1140,0.78,72364.00,NO,NO,2022-03-25,5459500.00
2328,ITDH,42.79,42.41,11346.00,ETF,ETF,68.00,63.00,65.00,69.00,0.38,0.26,6796.00,6730.00,43.82,35.84,0,NO,42.80,42.83,40.53,43.01,41.25,,740,0.00,11346.00,NO,NO,2025-06-13,105000.00
2329,CATH,91.48,90.84,26362.00,ETF,ETF,68.00,69.00,73.00,72.00,0.79,0.63,40244.00,53610.00,93.05,75.61,0,NO,90.91,90.87,86.23,91.26,87.61,,2625,0.00,26362.00,NO,NO,2019-01-24,1293200.00
2330,BOBP,30.63,30.31,1362.00,ETF,ETF,68.00,80.00,44.00,73.00,0.27,0.19,2242.00,1370.00,33.86,24.51,0,NO,30.02,29.99,29.03,30.13,29.79,,344,0.87,1362.00,NO,NO,2025-08-04,148200.00
2331,EXLS,35.75,36.48,2914822.00,Technology,Information Technology Services,68.00,40.00,94.00,71.00,0.98,0.88,2220990.00,2175740.00,43.88,24.85,5461989888,NO,35.35,35.30,33.04,35.71,31.31,,5018,0.00,2914822.00,NO,NO,2022-09-30,37685000.00
2332,TRUH,29.00,29.00,1165.00,ETF,ETF,68.00,34.00,73.00,,0.23,0.15,911.00,710.00,30.68,24.78,0,NO,29.42,29.41,,29.37,,,127,0.00,1165.00,NO,NO,2026-06-16,7800.00
2333,ACN,198.90,212.30,10008516.00,Technology,Information Technology Services,68.00,86.00,96.00,31.00,10.17,7.73,6543125.00,8794600.00,291.09,118.15,121715277824,NO,185.30,180.09,195.91,182.03,174.35,,6339,0.00,10008516.00,YES,NO,2011-07-05,89655900.00
2334,CNOB,30.78,30.34,357158.00,Financial Services,Banks - Regional,68.00,42.00,26.00,67.00,0.62,0.60,399893.00,437590.00,34.14,23.20,1548844416,NO,31.24,32.03,29.62,32.03,30.61,,8180,1.15,357158.00,NO,NO,2026-06-26,1948300.00
2335,YSAG,60.69,61.11,21472.00,ETF,ETF,68.00,16.00,,,1.28,0.42,1121.00,630.00,70.21,55.63,0,NO,64.05,64.02,,64.49,,,56,0.00,21472.00,NO,NO,2026-08-14,21600.00
2336,SYLD,81.20,81.12,30614.00,ETF,ETF,68.00,20.00,67.00,54.00,0.83,0.76,35417.00,37370.00,87.33,65.26,0,NO,83.49,84.63,78.60,84.69,80.39,,3368,0.00,30614.00,NO,NO,2013-05-20,1706100.00
2337,AFGR,38.36,38.10,52308.00,ETF,ETF,68.00,84.00,80.00,79.00,0.33,0.20,5574.00,7490.00,38.51,30.07,0,NO,37.46,37.19,35.38,37.42,35.77,,1558,0.00,52308.00,NO,NO,2021-06-24,578500.00
2338,R,237.24,230.92,293584.00,Industrials,Rental & Leasing Services,68.00,48.00,16.00,70.00,5.86,5.54,294868.00,259680.00,284.25,157.67,9097411584,NO,238.35,249.02,231.75,248.13,243.93,,11784,1.28,293584.00,NO,NO,2017-06-16,9940400.00
2339,UNM,88.57,88.08,1056906.00,Financial Services,Insurance - Life,68.00,29.00,52.00,77.00,2.31,2.28,1624368.00,2060660.00,96.77,69.02,14021233664,NO,92.82,91.15,82.68,91.69,85.61,,10052,0.19,1056906.00,NO,NO,2021-09-17,48589100.00
2340,MODL,52.61,52.24,20236.00,ETF,ETF,68.00,64.00,70.00,73.00,0.47,0.38,50141.00,36770.00,53.43,43.38,0,NO,52.48,52.43,49.39,52.60,50.16,,997,0.00,20236.00,NO,NO,2026-01-23,1277300.00
2341,COOL,22.23,21.77,2098.00,ETF,ETF,68.00,88.00,,,0.41,0.18,3362.00,3730.00,22.26,19.00,0,NO,21.17,,,,,,36,0.00,2098.00,NO,NO,2026-08-26,32300.00
2342,PGRO,48.69,48.24,5595.00,ETF,ETF,68.00,85.00,77.00,77.00,0.49,0.34,60065.00,120480.00,49.39,38.70,0,NO,47.38,46.93,45.27,47.25,45.90,,1345,0.00,5595.00,NO,NO,2026-07-22,2054300.00
2343,LRGC,86.53,85.85,18906.00,ETF,ETF,68.00,71.00,72.00,73.00,0.70,0.56,35020.00,31550.00,88.18,71.25,0,NO,85.91,86.15,81.26,86.47,82.58,,762,0.00,18906.00,NO,NO,2026-03-23,2036200.00
2344,BWB,20.71,20.42,71059.00,Financial Services,Banks - Regional,68.00,42.00,35.00,69.00,0.52,0.51,146436.00,108680.00,22.62,16.06,577473984,NO,20.92,21.18,19.48,21.28,19.89,,2151,0.98,71059.00,NO,NO,2018-03-14,2694300.00
2345,XUDV,31.46,31.52,8906.00,ETF,ETF,68.00,18.00,53.00,62.00,0.32,0.26,11384.00,23210.00,34.03,25.30,0,NO,32.55,33.02,30.35,33.00,31.29,,426,0.00,8906.00,NO,NO,2025-05-14,1286800.00
2346,MOTO,62.52,61.37,1421.00,ETF,ETF,68.00,79.00,41.00,65.00,0.57,0.06,180.00,100.00,70.01,49.32,0,NO,61.42,61.87,60.73,62.27,62.29,,1728,1.27,1421.00,NO,NO,2024-10-02,34200.00
2347,UWM,58.13,57.12,228192.00,ETF,ETF,68.00,12.00,12.00,79.00,1.54,1.33,263196.00,327230.00,68.82,40.92,0,NO,59.77,63.19,57.68,63.14,59.90,,4954,0.00,228192.00,NO,NO,2014-03-04,91532400.00
2348,LCTU,82.39,81.78,40130.00,ETF,ETF,68.00,66.00,70.00,72.00,0.74,0.54,93649.00,128130.00,83.80,67.95,0,NO,82.04,82.10,77.51,82.44,78.77,,1379,0.00,40130.00,NO,NO,2021-04-08,24790200.00
2349,RKSG,28.23,28.24,39.00,ETF,ETF,68.00,61.00,77.00,,0.12,0.02,603.00,610.00,29.08,22.99,0,NO,28.46,28.43,,28.54,,,123,0.00,100.00,NO,NO,2026-04-07,18000.00
2350,VOLT,36.73,36.16,180091.00,ETF,ETF,68.00,83.00,21.00,49.00,0.62,0.57,236585.00,157400.00,42.16,28.05,0,NO,35.80,36.56,36.14,36.68,37.69,,457,1.11,180091.00,NO,NO,2025-06-24,848600.00
2351,JHDV,46.25,46.06,4863.00,ETF,ETF,68.00,52.00,54.00,69.00,0.34,0.11,1063.00,4200.00,48.29,38.46,0,NO,46.55,47.05,44.18,47.17,45.38,,1005,0.00,4863.00,NO,NO,2022-09-30,190200.00
2352,MFSG,30.92,30.61,143970.00,ETF,ETF,68.00,82.00,75.00,77.00,0.34,0.27,48092.00,41620.00,31.01,24.50,0,NO,30.26,30.09,28.85,30.29,29.25,,457,0.00,143970.00,NO,NO,2026-03-04,1539300.00
2353,ITDI,42.74,42.37,1349.00,ETF,ETF,68.00,62.00,64.00,69.00,0.34,0.23,3441.00,5280.00,43.70,35.92,0,NO,42.77,42.80,40.50,42.98,41.23,,741,0.69,1349.00,NO,NO,2026-02-19,38700.00
2354,RGLD,234.64,232.33,439339.00,Basic Materials,Gold,68.00,11.00,90.00,10.00,7.02,6.06,696604.00,754680.00,306.25,168.88,19880544256,NO,249.34,240.10,241.20,243.20,232.13,,11422,0.00,439339.00,NO,NO,2012-06-04,9316900.00
2355,TDVI,31.69,30.91,165917.00,ETF,ETF,68.00,76.00,66.00,76.00,0.45,0.37,149926.00,151100.00,35.57,25.63,0,NO,31.23,31.20,29.86,31.45,30.60,,790,1.13,165917.00,NO,NO,2026-04-24,1149600.00
2356,CGDV,49.20,48.84,3797956.00,ETF,ETF,68.00,58.00,61.00,70.00,0.47,0.40,3444965.00,3194890.00,51.63,41.23,0,NO,49.24,49.84,46.93,49.96,47.83,,1156,0.00,3797956.00,NO,NO,2023-09-28,31576600.00
2357,QQHG,67.32,66.84,55.00,ETF,ETF,68.00,79.00,71.00,68.00,0.44,0.10,1706.00,690.00,67.91,57.40,0,NO,66.83,66.20,63.28,66.51,64.52,,354,0.00,55.00,NO,NO,2026-08-31,40700.00
2358,NSI,38.62,38.18,721.00,ETF,ETF,68.00,74.00,62.00,59.00,0.42,0.16,1206.00,420.00,39.85,31.46,0,NO,38.31,38.03,37.10,38.26,37.57,,707,0.70,721.00,NO,NO,2025-06-09,227500.00
2359,ITDJ,33.22,32.94,5626.00,ETF,ETF,68.00,62.00,64.00,69.00,0.28,0.20,4504.00,4510.00,33.97,27.91,0,NO,33.25,33.28,31.49,33.42,32.06,,471,0.00,5626.00,NO,NO,2025-04-22,55500.00
2360,NREF,15.81,15.75,62733.00,Real Estate,REIT - Mortgage,68.00,10.00,65.00,76.00,0.54,0.49,58053.00,83030.00,18.43,12.36,364169728,NO,16.37,16.86,15.28,16.93,15.60,,1672,0.00,62733.00,NO,NO,2020-02-07,1151000.00
2361,SAP,208.57,210.79,1407799.00,Technology,Software - Application,68.00,62.00,94.00,79.00,4.49,4.32,2622568.00,1858660.00,281.37,144.97,240732389376,NO,210.83,206.49,193.48,208.81,182.66,,7812,0.00,1407799.00,NO,NO,2006-07-13,17908300.00
2362,PKX,57.59,56.13,171050.00,Basic Materials,Steel,68.00,20.00,87.00,32.00,1.63,0.97,269779.00,192530.00,92.40,44.99,17420001280,NO,59.01,57.82,61.23,58.56,61.70,,8045,2.10,171050.00,NO,NO,1999-07-14,4960300.00
2363,PSO,16.12,16.16,550775.00,Communication Services,Publishing,67.00,67.00,44.00,79.00,0.22,0.19,717398.00,689560.00,17.75,12.02,9689233408,NO,15.92,16.28,14.72,16.22,15.30,,7515,0.00,550775.00,NO,NO,2015-06-09,9002800.00
2364,OVBC,44.61,44.30,31132.00,Financial Services,Banks - Regional,67.00,29.00,80.00,38.00,1.31,1.27,37125.00,29910.00,54.96,34.18,210157808,NO,45.27,44.66,43.94,44.75,44.88,,8030,0.00,31132.00,NO,NO,2009-06-26,614400.00
2365,JOYT,59.63,59.30,5174.00,ETF,ETF,67.00,72.00,78.00,63.00,0.41,0.33,8171.00,14350.00,60.77,50.85,0,NO,59.24,59.00,56.37,59.24,56.87,,283,0.00,5174.00,NO,NO,2026-04-16,185800.00
2366,EUO,32.02,32.13,33405.00,ETF,ETF,67.00,87.00,80.00,54.00,0.25,0.19,16190.00,24400.00,32.21,26.93,0,NO,30.82,30.39,29.50,30.38,29.96,,4490,0.00,33405.00,NO,NO,2011-10-27,12556300.00
2367,XNAV,93.94,92.39,265.00,ETF,ETF,67.00,83.00,58.00,66.00,0.91,0.24,1293.00,760.00,100.67,76.09,0,NO,91.64,91.17,89.46,91.81,91.34,,993,0.00,1000.00,NO,NO,2023-05-25,26500.00
2368,ELV,386.43,381.67,889961.00,Healthcare,Healthcare Plans,67.00,28.00,28.00,85.00,8.95,8.90,1216263.00,1248150.00,436.24,274.84,83804798976,NO,403.50,397.22,365.80,398.50,375.14,,6271,0.11,889961.00,NO,NO,2008-03-11,54425800.00
2369,EL,91.97,90.19,2689636.00,Consumer Defensive,Household & Personal Products,67.00,11.00,84.00,87.00,3.19,3.00,2971704.00,3375870.00,121.64,66.22,33322827776,NO,96.27,93.76,92.11,94.45,85.72,,7768,0.61,2689636.00,NO,NO,2006-01-04,50805400.00
2370,MTDR,53.50,52.96,1429113.00,Energy,Oil & Gas E&P,67.00,9.00,83.00,7.00,2.09,1.96,1937423.00,1820160.00,66.84,37.14,6620850688,NO,56.08,54.47,53.00,54.95,55.69,,3688,0.00,1429113.00,NO,NO,2020-03-09,29637500.00
2371,GSLC,146.45,145.51,421893.00,ETF,ETF,67.00,68.00,73.00,71.00,1.30,1.08,273925.00,251700.00,148.94,121.12,0,NO,145.76,145.79,137.98,146.36,140.03,,2775,0.00,421893.00,NO,NO,2020-08-31,11357100.00
2372,NBGX,30.52,30.22,701.00,ETF,ETF,67.00,81.00,77.00,76.00,0.20,0.05,457.00,540.00,30.53,24.60,0,NO,29.95,29.72,28.40,29.90,28.77,,447,0.74,701.00,NO,NO,2024-12-19,400100.00
2373,DFVX,84.07,83.67,7776.00,ETF,ETF,67.00,58.00,68.00,65.00,0.64,0.50,10422.00,12930.00,86.51,70.73,0,NO,84.31,84.73,80.17,85.00,81.54,,731,0.00,7776.00,NO,NO,2023-11-13,1543500.00
2374,EIRL,80.26,79.56,3969.00,ETF,ETF,67.00,36.00,63.00,72.00,0.90,0.44,4106.00,3640.00,85.56,65.85,0,NO,82.80,82.36,76.19,82.64,77.13,,4125,0.00,3969.00,NO,NO,2014-08-18,923200.00
2375,SEPI,28.97,28.86,121854.00,ETF,ETF,67.00,76.00,76.00,69.00,0.30,0.26,53282.00,75430.00,29.54,24.23,0,NO,28.93,28.69,27.31,28.79,27.67,,270,0.00,121854.00,NO,NO,2025-09-16,405000.00
2376,MKTN,28.00,27.97,41417.00,ETF,ETF,67.00,74.00,83.00,55.00,0.19,0.17,25612.00,31470.00,28.16,24.14,0,NO,27.84,27.54,26.19,27.61,26.44,,257,0.00,41417.00,NO,NO,2026-01-05,495300.00
2377,WBIL,39.67,39.51,164.00,ETF,ETF,67.00,56.00,54.00,72.00,0.24,0.10,4747.00,810.00,41.82,32.84,0,NO,39.70,40.24,37.51,40.34,38.26,,3043,0.40,164.00,NO,NO,2014-08-27,4000600.00
2378,ITDG,42.74,42.35,5722.00,ETF,ETF,67.00,62.00,64.00,69.00,0.36,0.26,9155.00,11000.00,43.72,35.91,0,NO,42.75,42.80,40.53,42.98,41.25,,735,0.64,5722.00,NO,NO,2026-09-04,93500.00
2379,FHLC,80.60,80.58,210618.00,ETF,ETF,67.00,33.00,70.00,68.00,1.00,0.97,250012.00,319460.00,85.46,67.77,0,NO,81.66,81.77,75.59,81.65,75.85,,3254,0.00,210618.00,NO,NO,2018-01-17,2999800.00
2380,IYH,70.40,70.40,615729.00,ETF,ETF,67.00,36.00,74.00,68.00,0.92,0.90,691065.00,573740.00,74.59,59.47,0,NO,71.27,71.20,65.92,71.15,66.07,,6613,0.00,615729.00,NO,NO,2014-10-20,30194000.00
2381,CENT,39.81,39.20,81161.00,Consumer Defensive,Packaged Foods,67.00,22.00,22.00,62.00,0.79,0.79,98319.00,86320.00,46.97,28.77,2491811584,NO,39.96,42.29,38.90,42.10,40.51,,8615,0.51,81161.00,NO,NO,1998-12-18,14465728.00
2382,TILT,279.67,277.85,6636.00,ETF,ETF,67.00,59.00,65.00,69.00,2.04,1.34,4449.00,9310.00,287.68,234.94,0,NO,280.15,281.54,265.25,282.43,270.08,,3779,0.00,6636.00,NO,NO,2018-10-19,1136700.00
2383,SPLS,55.57,54.99,4448.00,ETF,ETF,67.00,70.00,71.00,74.00,0.48,0.37,15298.00,82940.00,57.06,45.60,0,NO,55.31,55.25,,55.52,53.08,,179,0.00,4448.00,NO,NO,2026-01-26,848300.00
2384,AUPH,15.83,15.95,813421.00,Healthcare,Biotechnology,67.00,44.00,71.00,40.00,0.40,0.40,1059665.00,829760.00,19.25,10.90,2106199936,NO,16.38,15.99,15.56,16.05,15.69,,3039,0.00,813421.00,NO,NO,2017-03-07,49388400.00
2385,FDG,136.92,135.30,25176.00,ETF,ETF,67.00,85.00,71.00,76.00,1.67,1.18,9163.00,8050.00,141.46,108.74,0,NO,133.33,131.79,128.21,133.34,129.80,,1634,0.00,25176.00,NO,NO,2020-06-04,1834800.00
2386,VEFA,81.97,81.12,10.00,ETF,ETF,67.00,49.00,67.00,,0.58,0.00,115.00,100.00,85.19,0.01,0,NO,82.80,83.19,,83.55,,,127,0.00,10.00,NO,NO,2026-04-08,1900.00
2387,CET,56.19,55.49,12964.00,Financial Services,Asset Management,67.00,83.00,81.00,65.00,1.00,0.90,29265.00,23760.00,57.39,47.82,1660373120,NO,55.79,54.94,52.72,55.27,53.15,,11732,0.81,12964.00,NO,NO,2006-01-27,316400.00
2388,EBAY,106.40,105.89,2967758.00,Consumer Cyclical,Internet Retail,67.00,64.00,24.00,66.00,3.31,3.31,4420506.00,5551980.00,119.31,78.03,47347998720,NO,107.42,107.32,101.05,107.62,105.90,,7049,0.00,2967758.00,NO,NO,1998-11-10,577698739.00
2389,IFS,53.11,54.20,199478.00,Financial Services,Banks - Regional,67.00,30.00,15.00,49.00,1.26,1.25,224673.00,231350.00,61.38,38.29,5863222272,NO,54.93,55.83,50.87,55.63,52.60,,1825,0.00,199478.00,NO,NO,2019-07-19,2450600.00
2390,USCA,45.79,45.41,868.00,ETF,ETF,67.00,73.00,76.00,72.00,0.35,0.17,110433.00,25840.00,46.71,37.88,0,NO,45.45,45.31,42.97,45.53,43.54,,876,0.00,868.00,NO,NO,2026-07-08,6012100.00
2391,USCL,87.00,86.24,28.00,ETF,ETF,67.00,73.00,76.00,72.00,0.50,0.03,3244.00,160.00,87.55,72.13,0,NO,86.32,86.07,81.63,86.50,82.72,,833,0.00,28.00,NO,NO,2023-06-08,42250000.00
2392,VLU,240.90,239.59,6531.00,ETF,ETF,67.00,43.00,61.00,62.00,1.66,1.40,7439.00,9540.00,250.97,198.65,0,NO,243.80,245.74,231.12,246.24,236.11,,3503,0.52,6531.00,NO,NO,2024-11-20,184300.00
2393,RDVY,79.21,79.19,1152316.00,ETF,ETF,67.00,47.00,49.00,70.00,0.86,0.81,1046685.00,1161950.00,84.02,64.97,0,NO,79.64,81.15,75.57,81.28,77.08,,3204,0.00,1152316.00,NO,NO,2022-01-24,5448800.00
2394,TOPC,34.87,34.65,3556.00,ETF,ETF,67.00,68.00,64.00,70.00,0.24,0.15,8720.00,11130.00,35.63,29.14,0,NO,34.75,34.82,32.96,34.93,33.55,,368,0.00,3556.00,NO,NO,2026-04-30,87400.00
2395,MUSA,515.02,511.37,190157.00,Consumer Cyclical,Specialty Retail,67.00,59.00,18.00,42.00,13.63,12.59,275579.00,245700.00,636.05,349.83,9466247168,NO,516.19,544.08,505.12,535.74,540.87,,3301,0.00,190157.00,NO,NO,2013-08-30,9313400.00
2396,VHT,311.90,311.72,151495.00,ETF,ETF,67.00,34.00,71.00,68.00,3.99,3.93,210998.00,190990.00,330.75,263.00,0,NO,316.07,316.41,292.62,316.00,293.62,,5705,0.00,151495.00,NO,NO,2022-05-10,4434100.00
2397,VT,159.13,157.80,1836200.00,ETF,ETF,67.00,62.00,65.00,68.00,1.61,1.25,2456363.00,3526110.00,162.71,133.65,0,NO,159.28,159.38,151.27,160.06,153.82,,4596,0.83,1836200.00,NO,NO,2021-07-09,19201700.00
2398,CURB,28.27,27.95,2121003.00,Real Estate,REIT - Retail,67.00,33.00,25.00,55.00,0.56,0.54,1416107.00,1740100.00,32.15,22.25,3223844352,NO,28.70,29.54,27.78,29.37,28.92,,506,0.00,2121003.00,NO,NO,2026-06-30,6616700.00
2399,EIPX,31.75,31.55,20450.00,ETF,ETF,67.00,21.00,69.00,32.00,0.33,0.30,40173.00,33260.00,34.09,25.38,0,NO,32.65,32.83,31.24,32.83,32.24,,981,0.00,20450.00,NO,NO,2023-10-19,1984700.00
2400,SLVP,35.13,34.85,126968.00,ETF,ETF,67.00,6.00,85.00,21.00,1.38,1.09,257649.00,175710.00,50.15,24.70,0,NO,37.68,36.92,36.83,37.48,35.42,,3688,0.00,126968.00,NO,NO,2026-01-26,3479600.00
