Ticker,Type,Rows,Years,Start,End,Latest Volume,HVE,HVE Date,HVE Volume,HVE Age (Days)
EPOL,ETF,4119.0,16.37,2010-05-26,2026-10-09,3840944.0,YES,2026-10-09,3840944.0,0.0
FTXR,ETF,2276.0,10.05,2016-09-22,2026-10-09,33748912.0,YES,2026-10-09,33748912.0,0.0
ATFV,ETF,1315.0,5.43,2021-05-04,2026-10-09,965307.0,YES,2026-10-09,965307.0,0.0
BOAT,ETF,1302.0,5.18,2021-08-04,2026-10-09,348200.0,YES,2026-10-09,348200.0,0.0
JHMU,ETF,703.0,2.93,2023-11-02,2026-10-09,1663805.0,YES,2026-10-09,1663805.0,0.0
LDRI,ETF,477.0,1.92,2024-11-08,2026-10-09,82610.0,YES,2026-10-09,82610.0,0.0
MFSB,ETF,458.0,1.84,2024-12-05,2026-10-09,2107726.0,YES,2026-10-09,2107726.0,0.0
BCLO,ETF,426.0,1.69,2025-01-30,2026-10-09,119779.0,YES,2026-10-09,119779.0,0.0
HYTI,ETF,410.0,1.62,2025-02-24,2026-10-09,567608.0,YES,2026-10-09,567608.0,0.0
HOLD,ETF,288.0,1.15,2025-08-14,2026-10-09,129294.0,YES,2026-10-09,129294.0,0.0
THYM,ETF,217.0,0.88,2025-11-21,2026-10-09,35154.0,YES,2026-10-09,35154.0,0.0
TACU,ETF,208.0,0.83,2025-12-11,2026-10-09,32988.0,YES,2026-10-09,32988.0,0.0
MMMA,ETF,191.0,0.81,2025-12-17,2026-10-09,1048643.0,YES,2026-10-09,1048643.0,0.0
SCUB,ETF,133.0,0.52,2026-03-30,2026-10-07,148400.0,YES,2026-10-07,148400.0,0.0
LQ,ETF,108.0,0.43,2026-05-05,2026-10-09,8503.0,YES,2026-10-09,8503.0,0.0
BSGT,ETF,85.0,0.33,2026-06-10,2026-10-09,37686.0,YES,2026-10-09,37686.0,0.0
PMTL,ETF,54.0,0.21,2026-07-23,2026-10-07,13000.0,YES,2026-10-07,13000.0,0.0
MCTA,Stock,16.0,0.06,2025-10-21,2025-11-11,4251400.0,YES,2025-11-11,4251400.0,0.0
AIBF,ETF,13.0,0.04,2026-09-23,2026-10-09,154629.0,YES,2026-10-09,154629.0,0.0
MLRG,ETF,10.0,0.03,2026-09-28,2026-10-09,222691.0,YES,2026-10-09,222691.0,0.0
MUNJ,ETF,7.0,0.02,2026-09-30,2026-10-08,100.0,YES,2026-09-30,100.0,8.0
HXA,ETF,7.0,0.02,2026-09-30,2026-10-08,2700.0,YES,2026-10-08,2700.0,0.0
LLMA,ETF,7.0,0.02,2026-10-01,2026-10-09,4936.0,YES,2026-10-09,4936.0,0.0
MUNH,ETF,3.0,0.04,2026-08-26,2026-09-11,408.0,YES,2026-09-11,408.0,0.0
ILS,ETF,3.0,0.06,2026-09-16,2026-10-09,106227.0,YES,2026-10-09,106227.0,0.0
ENHE,ETF,3.0,0.02,2026-09-30,2026-10-09,1662.0,YES,2026-10-09,1662.0,0.0
MGIN,ETF,2.0,0.01,2026-09-28,2026-10-01,909.0,YES,2026-10-01,909.0,0.0
HPQ,Stock,16302.0,64.77,1962-01-02,2026-10-09,16689643.0,NO,2010-08-09,442012304.0,5905.0
BA,Stock,16302.0,64.77,1962-01-02,2026-10-09,5081545.0,NO,2020-06-11,103212800.0,2311.0
KO,Stock,16302.0,64.77,1962-01-02,2026-10-09,10350234.0,NO,2009-09-18,124169000.0,6230.0
XOM,Stock,16302.0,64.77,1962-01-02,2026-10-09,8078799.0,NO,2010-06-25,118023500.0,5950.0
MMM,Stock,16302.0,64.77,1962-01-02,2026-10-09,2371616.0,NO,2022-08-29,60436750.0,1502.0
PG,Stock,16302.0,64.77,1962-01-02,2026-10-09,6145400.0,NO,2000-03-07,137287200.0,9712.0
CAT,Stock,16302.0,64.77,1962-01-02,2026-10-09,1528071.0,NO,2006-10-20,67780400.0,7294.0
DIS,Stock,16302.0,64.77,1962-01-02,2026-10-09,7094123.0,NO,1984-10-04,205867207.0,15345.0
IP,Stock,16302.0,64.77,1962-01-02,2026-10-09,3689678.0,NO,2025-02-04,58185500.0,612.0
ED,Stock,16302.0,64.77,1962-01-02,2026-10-09,1314067.0,NO,1988-08-10,58343400.0,13939.0
CVX,Stock,16302.0,64.77,1962-01-02,2026-10-09,6030702.0,NO,2022-03-08,57231000.0,1676.0
AEP,Stock,16302.0,64.77,1962-01-02,2026-10-09,2732959.0,NO,1988-08-03,56677100.0,13946.0
MRK,Stock,16301.0,64.77,1962-01-02,2026-10-09,7995154.0,NO,2004-09-30,151976244.0,8044.0
AA,Stock,16301.0,64.77,1962-01-02,2026-10-09,4068751.0,NO,2009-03-19,100751769.0,6413.0
MSI,Stock,16301.0,64.77,1962-01-02,2026-10-09,908561.0,NO,2007-03-22,47171626.0,7141.0
GE,Stock,16301.0,64.77,1962-01-02,2026-10-09,2947220.0,NO,2009-03-04,157102606.0,6428.0
KR,Stock,16300.0,64.77,1962-01-02,2026-10-09,5291138.0,NO,2009-12-08,154165200.0,6149.0
CNP,Stock,16300.0,64.77,1962-01-02,2026-10-09,4464211.0,NO,1988-08-09,122716963.0,13940.0
LMT,Stock,16300.0,64.77,1962-01-02,2026-10-09,801350.0,NO,1991-03-18,40678280.0,12989.0
HON,Stock,16300.0,64.77,1962-01-02,2026-10-09,1563149.0,NO,2001-06-14,91487271.0,9248.0
GD,Stock,16300.0,64.77,1962-01-02,2026-10-09,1123193.0,NO,2003-01-22,32532800.0,8661.0
MO,Stock,16300.0,64.77,1962-01-02,2026-10-09,8369675.0,NO,1993-04-02,103014600.0,12243.0
DTE,Stock,16300.0,64.77,1962-01-02,2026-10-09,1176428.0,NO,1987-12-09,44175065.0,14184.0
IBM,Stock,16299.0,64.77,1962-01-02,2026-10-09,3347106.0,NO,1999-10-21,72639156.0,9850.0
BP,Stock,16298.0,64.77,1962-01-02,2026-10-09,8422406.0,NO,2010-06-09,240808500.0,5966.0
JNJ,Stock,16291.0,64.76,1962-01-03,2026-10-09,5460176.0,NO,2023-08-21,151319500.0,1145.0
RTX,Stock,16236.0,64.52,1962-04-02,2026-10-09,3344904.0,NO,2001-09-17,63223768.0,9153.0
MCD,Stock,15167.0,60.26,1966-07-05,2026-10-09,5946968.0,NO,2006-10-05,86981300.0,7309.0
DE,Stock,13703.0,54.35,1972-06-01,2026-10-09,1870598.0,NO,2008-05-14,32298200.0,6722.0
BMY,Stock,13702.0,54.35,1972-06-01,2026-10-09,9252193.0,NO,2019-11-20,185413200.0,2515.0
TXN,Stock,13702.0,54.35,1972-06-01,2026-10-09,4026281.0,NO,1987-09-16,136944000.0,14268.0
PFE,Stock,13702.0,54.35,1972-06-01,2026-10-09,22604129.0,NO,2025-03-21,349996500.0,567.0
DD,Stock,13702.0,54.35,1972-06-01,2026-10-09,615195.0,NO,2009-05-07,70021676.0,6364.0
LLY,Stock,13702.0,54.35,1972-06-01,2026-10-09,1384899.0,NO,2019-03-06,74822500.0,2774.0
PEP,Stock,13702.0,54.35,1972-06-01,2026-10-09,9853204.0,NO,1982-12-14,46162800.0,16005.0
EMR,Stock,13702.0,54.35,1972-06-01,2026-10-09,2430732.0,NO,2001-07-11,24822800.0,9221.0
ETN,Stock,13702.0,54.35,1972-06-01,2026-10-09,1632666.0,NO,2008-04-23,27268200.0,6743.0
ETR,Stock,13702.0,54.35,1972-06-01,2026-10-09,2161256.0,NO,1988-06-24,18572400.0,13986.0
HAL,Stock,13701.0,54.35,1972-06-01,2026-10-09,5138171.0,NO,2001-12-07,153932600.0,9072.0
PBI,Stock,13697.0,54.35,1972-06-01,2026-10-09,1236314.0,NO,2017-02-28,55136600.0,3510.0
WFC,Stock,13696.0,54.35,1972-06-01,2026-10-09,22320147.0,NO,2009-05-08,478736600.0,6363.0
WMT,Stock,13590.0,54.12,1972-08-25,2026-10-09,11823713.0,NO,2026-01-16,415144600.0,266.0
NI,Stock,13522.0,53.63,1973-02-21,2026-10-09,3209296.0,NO,2010-09-09,43850096.0,5874.0
AXP,Stock,13522.0,53.63,1973-02-21,2026-10-09,2577801.0,NO,2009-04-24,90336900.0,6377.0
ES,Stock,13522.0,53.63,1973-02-21,2026-10-09,2125878.0,NO,1988-05-24,23814200.0,14017.0
CMS,Stock,13522.0,53.63,1973-02-21,2026-10-09,2661875.0,NO,2003-01-24,15149200.0,8659.0
PNW,Stock,13522.0,53.63,1973-02-21,2026-10-09,1357442.0,NO,1988-07-25,25707200.0,13955.0
IDA,Stock,13522.0,53.63,1973-02-21,2026-10-09,520283.0,NO,1988-01-18,10214300.0,14144.0
CPB,Stock,13522.0,53.63,1973-02-21,2026-10-09,7043784.0,NO,2026-06-18,62142100.0,113.0
WGO,Stock,13522.0,53.63,1973-02-21,2026-10-09,570813.0,NO,2018-12-19,6508400.0,2851.0
GCO,Stock,13522.0,53.63,1973-02-21,2026-10-09,83239.0,NO,2008-03-03,8196117.0,6794.0
MRSH,Stock,13522.0,53.63,1973-02-21,2026-10-09,1966386.0,NO,2004-10-15,96352500.0,8029.0
SONY,Stock,13522.0,53.63,1973-02-21,2026-10-09,3195104.0,NO,2013-05-14,176662500.0,4896.0
CLX,Stock,13522.0,53.63,1973-02-21,2026-10-09,1496915.0,NO,2011-07-15,18113700.0,5565.0
WHR,Stock,13521.0,53.63,1973-02-21,2026-10-09,2371918.0,NO,2024-03-15,14710300.0,938.0
TXT,Stock,13521.0,53.63,1973-02-21,2026-10-09,1488480.0,NO,2009-04-30,43547500.0,6371.0
RVTY,Stock,13521.0,53.63,1973-02-21,2026-10-09,1224310.0,NO,2002-03-01,16194000.0,8988.0
XEL,Stock,13521.0,53.63,1973-02-21,2026-10-09,5043147.0,NO,1988-06-27,24849800.0,13983.0
HRB,Stock,13521.0,53.63,1973-02-21,2026-10-09,1494695.0,NO,2020-09-18,47106300.0,2212.0
TGT,Stock,13521.0,53.63,1973-02-21,2026-10-09,3599827.0,NO,1987-10-20,80400000.0,14234.0
OGE,Stock,13521.0,53.63,1973-02-21,2026-10-09,1563235.0,NO,1988-07-01,28384000.0,13979.0
LNT,Stock,13521.0,53.63,1973-02-21,2026-10-09,2268559.0,NO,2016-06-30,51880800.0,3753.0
NEE,Stock,13521.0,53.63,1973-02-21,2026-10-09,6613469.0,NO,1993-11-18,149870400.0,12013.0
GATX,Stock,13521.0,53.63,1973-02-21,2026-10-09,140837.0,NO,2004-01-30,5578900.0,8288.0
TXNM,Stock,13521.0,53.63,1973-02-21,2026-10-09,622798.0,NO,1988-07-29,34379850.0,13951.0
CVS,Stock,13521.0,53.63,1973-02-21,2026-10-09,11650453.0,NO,2009-11-05,185123500.0,6182.0
TKR,Stock,13520.0,53.63,1973-02-21,2026-10-09,820445.0,NO,2012-08-01,14754136.0,5182.0
AVA,Stock,13520.0,53.63,1973-02-21,2026-10-09,378042.0,NO,2023-01-31,12228600.0,1347.0
CRS,Stock,13520.0,53.63,1973-02-21,2026-10-09,608567.0,NO,2020-07-31,10557100.0,2261.0
EVRG,Stock,13518.0,53.63,1973-02-21,2026-10-09,1481328.0,NO,2018-06-04,51172100.0,3049.0
SPGI,Stock,13518.0,53.63,1973-02-21,2026-10-09,1376542.0,NO,2013-02-05,35537503.0,4994.0
BDX,Stock,13518.0,53.63,1973-02-21,2026-10-09,1202877.0,NO,1991-11-08,18168714.0,12754.0
ECL,Stock,13518.0,53.63,1973-02-21,2026-10-09,870460.0,NO,2020-06-02,38401500.0,2320.0
BAC,Stock,13517.0,53.63,1973-02-21,2026-10-09,28715342.0,NO,2009-12-04,1226791300.0,6153.0
SNA,Stock,13517.0,53.63,1973-02-21,2026-10-09,207330.0,NO,1995-05-01,3886650.0,11484.0
AVY,Stock,13515.0,53.63,1973-02-21,2026-10-09,510777.0,NO,2026-08-31,7318000.0,39.0
MDU,Stock,13515.0,53.63,1973-02-21,2026-10-09,1117694.0,NO,2024-10-10,65418254.0,729.0
SWX,Stock,13514.0,53.63,1973-02-21,2026-10-09,599490.0,NO,2016-06-30,8465800.0,3753.0
NWN,Stock,13514.0,53.63,1973-02-21,2026-10-09,192560.0,NO,2024-02-22,3217900.0,960.0
AEM,Stock,13514.0,53.63,1973-02-21,2026-10-09,1634355.0,NO,2009-10-30,15153000.0,6188.0
CMI,Stock,13514.0,53.63,1973-02-21,2026-10-09,905652.0,NO,2007-04-27,31219200.0,7105.0
MTZ,Stock,13513.0,53.63,1973-02-21,2026-10-09,1784429.0,NO,2018-11-09,13817900.0,2891.0
UGI,Stock,13511.0,53.63,1973-02-21,2026-10-09,1075910.0,NO,2023-08-31,22973600.0,1135.0
FUL,Stock,13509.0,53.63,1973-02-21,2026-10-09,469580.0,NO,2006-09-27,3686400.0,7317.0
OTTR,Stock,13507.0,53.63,1973-02-21,2026-10-09,131157.0,NO,2023-02-22,9929000.0,1325.0
CNA,Stock,13506.0,53.63,1973-02-21,2026-10-09,382098.0,NO,1985-07-11,14657100.0,15065.0
MKC,Stock,13506.0,53.63,1973-02-21,2026-10-09,3364011.0,NO,2003-03-20,32450400.0,8604.0
BALL,Stock,13504.0,53.63,1973-02-21,2026-10-09,1757342.0,NO,2003-05-28,36040800.0,8535.0
GWW,Stock,13503.0,53.63,1973-02-21,2026-10-09,182626.0,NO,2017-10-17,6078300.0,3279.0
SR,Stock,13488.0,53.63,1973-02-21,2026-10-09,331855.0,NO,2019-02-14,11259800.0,2794.0
CL,Stock,13474.0,53.44,1973-05-02,2026-10-09,3165003.0,NO,1995-09-20,47013600.0,11342.0
WDFC,Stock,13473.0,53.43,1973-05-03,2026-10-09,91935.0,NO,2007-07-10,1834800.0,7031.0
EXC,Stock,13473.0,53.44,1973-05-02,2026-10-09,4191631.0,NO,1988-05-18,181181862.0,14023.0
MSB,Stock,13472.0,53.63,1973-02-21,2026-10-09,13520.0,NO,2010-12-16,2792800.0,5776.0
WY,Stock,13472.0,53.43,1973-05-03,2026-10-09,9929207.0,NO,2014-07-03,57594700.0,4481.0
UVV,Stock,13472.0,53.63,1973-02-21,2026-10-09,266393.0,NO,2024-03-15,3903100.0,938.0
EIX,Stock,13472.0,53.43,1973-05-03,2026-10-09,4837219.0,NO,1988-06-27,197825400.0,13983.0
AVT,Stock,13471.0,53.43,1973-05-03,2026-10-09,1110917.0,NO,2008-04-15,8983800.0,6751.0
TRN,Stock,13470.0,53.43,1973-05-03,2026-10-09,476649.0,NO,2016-02-19,32522741.0,3885.0
MDT,Stock,13469.0,53.44,1973-05-02,2026-10-09,38860319.0,NO,2006-04-13,133028500.0,7484.0
CHE,Stock,13468.0,53.43,1973-05-03,2026-10-09,134462.0,NO,2008-04-25,4358800.0,6741.0
NFG,Stock,13467.0,53.43,1973-05-03,2026-10-09,576019.0,NO,2023-07-31,5582700.0,1166.0
BNY,Stock,13467.0,53.43,1973-05-03,2026-10-09,2884020.0,NO,2008-09-18,66396000.0,6595.0
SKY,Stock,13467.0,53.43,1973-05-03,2026-10-09,468577.0,NO,2024-12-20,10462900.0,658.0
MATX,Stock,13465.0,53.43,1973-05-03,2026-10-09,194840.0,NO,2014-03-21,7525600.0,4585.0
APOG,Stock,13465.0,53.43,1973-05-03,2026-10-09,280470.0,NO,2008-04-10,3850400.0,6756.0
TER,Stock,13460.0,53.63,1973-02-21,2026-10-09,1813418.0,NO,2020-09-18,30212400.0,2212.0
USB,Stock,13446.0,53.43,1973-05-03,2026-10-09,5214743.0,NO,2009-05-12,151560700.0,6359.0
NYT,Stock,13443.0,53.43,1973-05-03,2026-10-09,1882385.0,NO,2010-12-17,21384000.0,5775.0
GFF,Stock,13437.0,53.43,1973-05-03,2026-10-09,338374.0,NO,2022-05-16,3996500.0,1607.0
VMC,Stock,13437.0,53.63,1973-02-21,2026-10-09,1102611.0,NO,2009-06-12,13891000.0,6328.0
CSL,Stock,13433.0,53.63,1973-02-21,2026-10-09,311288.0,NO,2026-08-31,3662700.0,39.0
ITW,Stock,13423.0,53.57,1973-03-13,2026-10-09,1278454.0,NO,2010-09-17,21470600.0,5866.0
PNR,Stock,13420.0,53.43,1973-05-03,2026-10-09,2050068.0,NO,2012-09-28,41656860.0,5124.0
SXI,Stock,13420.0,53.63,1973-02-21,2026-10-09,81512.0,NO,1988-10-18,1331200.0,13870.0
KMT,Stock,13381.0,53.63,1973-02-21,2026-10-09,792525.0,NO,2023-03-17,16730700.0,1302.0
LZB,Stock,13374.0,53.63,1973-02-21,2026-10-09,486185.0,NO,2003-12-09,6321300.0,8340.0
GHC,Stock,13362.0,53.63,1973-02-21,2026-10-09,18659.0,NO,2010-08-16,1452097.0,5898.0
BKH,Stock,13329.0,53.63,1973-02-22,2026-10-09,1809870.0,NO,2015-11-18,6544800.0,3978.0
NBR,Stock,13319.0,53.63,1973-02-21,2026-10-09,188959.0,NO,2020-05-21,4234500.0,2332.0
AWR,Stock,13278.0,53.63,1973-02-21,2026-10-09,144413.0,NO,2018-01-31,3714000.0,3173.0
PKOH,Stock,13277.0,53.63,1973-02-21,2026-10-09,60340.0,NO,2009-06-26,1219900.0,6314.0
KLIC,Stock,13270.0,53.63,1973-02-21,2026-10-09,262826.0,NO,2000-08-03,23567800.0,9563.0
COKE,Stock,13267.0,53.63,1973-02-21,2026-10-09,593775.0,NO,2022-07-19,9896000.0,1543.0
TPC,Stock,13253.0,53.43,1973-05-03,2026-10-09,228938.0,NO,2026-07-23,8217300.0,78.0
DCO,Stock,13234.0,53.43,1973-05-03,2026-10-09,91818.0,NO,2012-06-22,1459500.0,5222.0
FRT,Stock,13206.0,53.43,1973-05-03,2026-10-09,720281.0,NO,2016-01-29,14539200.0,3906.0
CWT,Stock,13177.0,53.63,1973-02-21,2026-10-09,315437.0,NO,2016-03-07,5972500.0,3868.0
VMI,Stock,13127.0,53.63,1973-02-21,2026-10-09,135728.0,NO,2008-06-18,2167900.0,6687.0
ALX,Stock,13104.0,53.63,1973-02-21,2026-10-09,43434.0,NO,2026-02-09,395200.0,242.0
IFF,Stock,13062.0,51.81,1974-12-17,2026-10-09,1265323.0,NO,2021-02-01,30551300.0,2076.0
PHI,Stock,13015.0,53.43,1973-05-03,2026-10-09,233006.0,NO,1986-02-26,9634608.0,14835.0
STC,Stock,12995.0,53.63,1973-02-21,2026-10-09,218184.0,NO,2018-03-19,3341700.0,3126.0
ALCO,Stock,12990.0,53.43,1973-05-03,2026-10-09,20786.0,NO,2022-06-24,921500.0,1568.0
EGP,Stock,12953.0,53.63,1973-02-21,2026-10-09,220758.0,NO,2019-05-06,7631500.0,2713.0
SYY,Stock,12943.0,53.42,1973-05-08,2026-10-09,2283804.0,NO,2013-12-09,71683900.0,4687.0
TAP,Stock,12934.0,51.33,1975-06-12,2026-10-09,2281531.0,NO,2026-09-18,49898300.0,21.0
WRB,Stock,12869.0,52.96,1973-10-23,2026-10-09,1759086.0,NO,1985-07-16,81538365.0,15060.0
TRV,Stock,12827.0,50.89,1975-11-17,2026-10-09,753273.0,NO,2009-06-05,27820200.0,6335.0
OII,Stock,12822.0,50.94,1975-10-31,2026-10-09,330849.0,NO,2019-11-04,20401800.0,2531.0
PNC,Stock,12790.0,50.89,1975-11-17,2026-10-09,1147129.0,NO,2010-02-03,74680900.0,6092.0
MAT,Stock,12682.0,50.31,1976-06-17,2026-10-09,8321306.0,NO,2019-06-06,89227400.0,2682.0
DIOD,Stock,12657.0,53.63,1973-02-21,2026-10-09,354765.0,NO,2008-12-22,4679400.0,6500.0
SCL,Stock,12627.0,53.63,1973-02-21,2026-10-09,127794.0,NO,2008-08-19,1285800.0,6625.0
AXR,Stock,12602.0,53.43,1973-05-03,2026-10-09,6850.0,NO,2007-01-22,1615400.0,7200.0
C,Stock,12545.0,49.76,1977-01-03,2026-10-09,6505327.0,NO,2009-12-17,377263850.0,6140.0
RGR,Stock,12434.0,53.43,1973-05-04,2026-10-09,296586.0,NO,2007-10-25,4197300.0,6924.0
NC,Stock,12414.0,49.31,1977-06-17,2026-10-09,13562.0,NO,2000-06-02,12284958.0,9625.0
TNC,Stock,12301.0,53.63,1973-02-22,2026-10-09,98444.0,NO,2011-08-22,2527300.0,5527.0
ASA,Stock,12294.0,48.76,1978-01-03,2026-10-09,50315.0,NO,2008-06-16,2898300.0,6689.0
WLY,Stock,12259.0,53.63,1973-02-22,2026-10-09,256277.0,NO,1991-07-03,10067200.0,12882.0
BMI,Stock,12249.0,53.63,1973-02-21,2026-10-09,522627.0,NO,2026-04-17,4169200.0,175.0
FDX,Stock,12225.0,48.49,1978-04-12,2026-10-09,1213339.0,NO,2022-09-16,42444558.0,1484.0
WDC,Stock,12080.0,47.94,1978-10-31,2026-10-09,7021810.0,NO,2009-06-30,65696343.0,6310.0
DHR,Stock,12040.0,47.78,1978-12-29,2026-10-09,3185046.0,NO,2019-12-16,103834430.0,2489.0
APA,Stock,11949.0,47.4,1979-05-15,2026-10-09,4563623.0,NO,2020-04-09,92502300.0,2374.0
HTO,Stock,11936.0,53.63,1973-02-21,2026-10-09,386058.0,NO,2022-12-16,5741500.0,1393.0
SPB,Stock,11916.0,47.77,1979-01-02,2026-10-09,250854.0,NO,2018-11-19,5876000.0,2881.0
HELE,Stock,11903.0,50.25,1976-07-08,2026-10-09,763493.0,NO,1989-06-07,8791800.0,13638.0
SIF,Stock,11870.0,53.63,1973-02-21,2026-10-09,55123.0,NO,2020-12-24,23826800.0,2115.0
MSA,Stock,11795.0,53.63,1973-02-22,2026-10-09,193680.0,NO,2005-03-01,4022800.0,7892.0
R,Stock,11789.0,46.77,1980-01-02,2026-10-09,407115.0,NO,2017-06-16,9940400.0,3402.0
UNP,Stock,11789.0,46.77,1980-01-02,2026-10-09,1362936.0,NO,2009-11-03,39411400.0,6184.0
LUV,Stock,11789.0,46.77,1980-01-02,2026-10-09,6872769.0,NO,2020-04-29,101007800.0,2354.0
PEG,Stock,11789.0,46.77,1980-01-02,2026-10-09,2639431.0,NO,1988-02-29,80302600.0,14102.0
GTY,Stock,11770.0,53.43,1973-05-03,2026-10-09,447319.0,NO,2017-07-11,4578600.0,3377.0
CCK,Stock,11737.0,46.56,1980-03-17,2026-10-09,609330.0,NO,2023-06-16,20479800.0,1211.0
PPL,Stock,11737.0,46.56,1980-03-17,2026-10-09,6038268.0,NO,2011-04-12,109141722.0,5659.0
GIS,Stock,11737.0,46.56,1980-03-17,2026-10-09,7584785.0,NO,2025-03-21,48561100.0,567.0
ADP,Stock,11737.0,46.56,1980-03-17,2026-10-09,1097705.0,NO,2003-03-13,31330885.0,8611.0
GAM,Stock,11737.0,46.56,1980-03-17,2026-10-09,17763.0,NO,1999-11-11,601200.0,9829.0
DOV,Stock,11737.0,46.56,1980-03-17,2026-10-09,708595.0,NO,2014-11-04,11181245.0,4357.0
MUR,Stock,11737.0,46.56,1980-03-17,2026-10-09,849424.0,NO,2017-07-25,39195300.0,3363.0
LPX,Stock,11737.0,46.56,1980-03-17,2026-10-09,881660.0,NO,2009-09-24,22903400.0,6224.0
LOW,Stock,11737.0,46.56,1980-03-17,2026-10-09,2645934.0,NO,1992-08-14,63788800.0,12474.0
ASH,Stock,11737.0,46.56,1980-03-17,2026-10-09,408766.0,NO,2008-11-13,24210158.0,6539.0
PPG,Stock,11737.0,46.56,1980-03-17,2026-10-09,1124271.0,NO,2013-01-25,26017800.0,5005.0
JPM,Stock,11737.0,46.56,1980-03-17,2026-10-09,4930606.0,NO,2012-05-11,217294200.0,5264.0
GPC,Stock,11737.0,46.56,1980-03-17,2026-10-09,649635.0,NO,2024-10-22,6715600.0,717.0
HST,Stock,11737.0,46.56,1980-03-17,2026-10-09,4915490.0,NO,2009-04-24,70603628.0,6377.0
DUK,Stock,11737.0,46.56,1980-03-17,2026-10-09,2805504.0,NO,1988-02-05,30369988.0,14126.0
MAS,Stock,11737.0,46.56,1980-03-17,2026-10-09,1306223.0,NO,2013-02-12,26807297.0,4987.0
ABT,Stock,11737.0,46.56,1980-03-17,2026-10-09,6961418.0,NO,2026-03-20,81271300.0,203.0
TT,Stock,11737.0,46.56,1980-03-17,2026-10-09,1078278.0,NO,2009-06-30,125796279.0,6310.0
ALK,Stock,11737.0,46.56,1980-03-17,2026-10-09,3438012.0,NO,2023-12-15,33770600.0,1029.0
TDW,Stock,11737.0,46.56,1980-03-17,2026-10-09,470499.0,NO,2024-06-21,9859200.0,840.0
KMB,Stock,11737.0,46.56,1980-03-17,2026-10-09,5120615.0,NO,2025-11-03,36751500.0,340.0
ADX,Stock,11737.0,46.56,1980-03-17,2026-10-09,209475.0,NO,2002-01-02,1910800.0,9046.0
LNC,Stock,11737.0,46.56,1980-03-17,2026-10-09,1603324.0,NO,2023-09-15,44250100.0,1120.0
WEC,Stock,11737.0,46.56,1980-03-17,2026-10-09,1322749.0,NO,2008-10-30,38428600.0,6553.0
NEM,Stock,11737.0,46.56,1980-03-17,2026-10-09,4830284.0,NO,2023-11-07,98183700.0,1067.0
SWK,Stock,11737.0,46.56,1980-03-17,2026-10-09,1299481.0,NO,2009-11-03,17520500.0,6184.0
ADM,Stock,11737.0,46.56,1980-03-17,2026-10-09,2758026.0,NO,2007-02-16,52414800.0,7175.0
HSY,Stock,11737.0,46.56,1980-03-17,2026-10-09,1091732.0,NO,2002-09-18,20006200.0,8787.0
THC,Stock,11737.0,46.56,1980-03-17,2026-10-09,522654.0,NO,2010-12-10,59996300.0,5782.0
PEO,Stock,11737.0,46.56,1980-03-17,2026-10-09,41419.0,NO,2020-03-11,861800.0,2403.0
NUE,Stock,11737.0,46.56,1980-03-17,2026-10-09,1030958.0,NO,2001-06-26,358280000.0,9236.0
ADI,Stock,11737.0,46.56,1980-03-17,2026-10-09,2003799.0,NO,2006-08-11,27748000.0,7364.0
PH,Stock,11737.0,46.56,1980-03-17,2026-10-09,354579.0,NO,2005-01-18,10077300.0,7934.0
TY,Stock,11737.0,46.56,1980-03-17,2026-10-09,35555.0,NO,2006-01-06,2062100.0,7581.0
TTC,Stock,11737.0,46.56,1980-03-17,2026-10-09,566568.0,NO,2015-09-24,15046600.0,4033.0
ROL,Stock,11737.0,46.56,1980-03-17,2026-10-09,6705198.0,NO,2018-09-28,57655350.0,2933.0
NEU,Stock,11737.0,46.56,1980-03-17,2026-10-09,107479.0,NO,2010-04-12,1995800.0,6024.0
APD,Stock,11737.0,46.56,1980-03-17,2026-10-09,718808.0,NO,2016-03-08,15012928.0,3867.0
DLX,Stock,11737.0,46.56,1980-03-17,2026-10-09,402940.0,NO,2020-07-31,9268600.0,2261.0
INTC,Stock,11736.0,46.56,1980-03-17,2026-10-09,74577145.0,NO,1993-04-19,567708800.0,12226.0
AMAT,Stock,11736.0,46.56,1980-03-17,2026-10-09,3335378.0,NO,1997-10-24,245229200.0,10577.0
NX,Stock,11736.0,46.56,1980-03-17,2026-10-09,264260.0,NO,2010-03-19,5626200.0,6048.0
NVRI,Stock,11736.0,46.56,1980-03-17,2026-10-09,185691.0,NO,2026-05-26,20018800.0,136.0
TMO,Stock,11736.0,46.56,1980-03-17,2026-10-09,1575194.0,NO,2009-04-23,32610100.0,6378.0
AFL,Stock,11736.0,46.56,1980-03-17,2026-10-09,1294056.0,NO,2009-01-22,92666800.0,6469.0
WOR,Stock,11736.0,46.56,1980-03-17,2026-10-09,189803.0,NO,2004-12-17,15741510.0,7966.0
HL,Stock,11736.0,46.56,1980-03-17,2026-10-09,29083053.0,NO,2025-09-19,145814100.0,385.0
VFC,Stock,11736.0,46.56,1980-03-17,2026-10-09,8599889.0,NO,2024-04-02,81235300.0,920.0
D,Stock,11736.0,46.56,1980-03-17,2026-10-09,2583275.0,NO,2026-05-18,40094600.0,144.0
SHW,Stock,11736.0,46.56,1980-03-17,2026-10-09,885430.0,NO,2006-02-22,67457700.0,7534.0
IMO,Stock,11736.0,46.56,1980-03-17,2026-10-09,412093.0,NO,1990-12-03,39995100.0,13094.0
RPM,Stock,11736.0,46.56,1980-03-17,2026-10-09,1444375.0,NO,2026-08-31,11381600.0,39.0
AIG,Stock,11736.0,46.56,1980-03-17,2026-10-09,5031956.0,NO,2012-09-11,322510400.0,5141.0
EQT,Stock,11736.0,46.56,1980-03-17,2026-10-09,4245279.0,NO,2018-11-12,126791393.0,2888.0
FSS,Stock,11735.0,46.56,1980-03-17,2026-10-09,264575.0,NO,2010-05-07,9806600.0,5999.0
SOR,Stock,11735.0,46.56,1980-03-17,2026-10-09,7614.0,NO,2016-03-16,923100.0,3859.0
CDE,Stock,11735.0,46.56,1980-03-17,2026-10-09,26320248.0,NO,2026-06-18,182076200.0,113.0
MGEE,Stock,11735.0,46.56,1980-03-17,2026-10-09,102824.0,NO,2024-03-15,7619400.0,938.0
AMD,Stock,11735.0,46.56,1980-03-17,2026-10-09,13664055.0,NO,2018-08-27,325058400.0,2965.0
TFX,Stock,11735.0,46.56,1980-03-17,2026-10-09,424660.0,NO,2019-01-17,12248500.0,2822.0
WWW,Stock,11735.0,46.56,1980-03-17,2026-10-09,759328.0,NO,2012-05-02,9592200.0,5273.0
MLKN,Stock,11735.0,46.56,1980-03-17,2026-10-09,389709.0,NO,2020-09-17,25199500.0,2213.0
MTRN,Stock,11734.0,46.56,1980-03-17,2026-10-09,217637.0,NO,2007-06-20,4251800.0,7051.0
AFG,Stock,11734.0,46.56,1980-03-17,2026-10-09,259913.0,NO,1986-10-29,6660000.0,14590.0
PCAR,Stock,11734.0,46.56,1980-03-17,2026-10-09,3248072.0,NO,1999-12-17,86796563.0,9793.0
CXT,Stock,11734.0,46.56,1980-03-17,2026-10-09,427941.0,NO,1984-02-28,23322815.0,15564.0
SPXC,Stock,11733.0,46.56,1980-03-17,2026-10-09,342179.0,NO,2004-02-27,64421533.0,8260.0
L,Stock,11733.0,46.56,1980-03-17,2026-10-09,576653.0,NO,1982-09-24,115119000.0,16086.0
SYK,Stock,11732.0,46.56,1980-03-17,2026-10-09,1476433.0,NO,2000-12-11,37376800.0,9433.0
MCI,Stock,11732.0,46.56,1980-03-17,2026-10-09,17406.0,NO,2026-03-31,351800.0,192.0
AIR,Stock,11732.0,46.56,1980-03-17,2026-10-09,328698.0,NO,2008-02-06,4345300.0,6820.0
SCI,Stock,11732.0,46.56,1980-03-17,2026-10-09,709540.0,NO,1999-01-26,36418700.0,10118.0
PHG,Stock,11732.0,46.56,1980-03-17,2026-10-09,3330715.0,NO,1995-10-26,28376800.0,11306.0
FHN,Stock,11731.0,46.56,1980-03-17,2026-10-09,3361278.0,NO,2023-05-04,112613100.0,1254.0
STT,Stock,11731.0,46.56,1980-03-17,2026-10-09,1491304.0,NO,2009-01-20,76692600.0,6471.0
WTRG,Stock,11731.0,46.56,1980-03-17,2026-10-09,1386511.0,NO,2026-02-27,28658800.0,224.0
ARW,Stock,11731.0,46.56,1980-03-17,2026-10-09,314315.0,NO,2000-02-24,10397800.0,9724.0
HXL,Stock,11730.0,46.56,1980-03-17,2026-10-09,834486.0,NO,2020-06-19,12921200.0,2303.0
SMP,Stock,11730.0,46.56,1980-03-17,2026-10-09,87107.0,NO,2009-10-30,4256700.0,6188.0
CMCSA,Stock,11729.0,46.56,1980-03-17,2026-10-09,32651519.0,NO,2007-10-25,276688892.0,6924.0
ORI,Stock,11729.0,46.56,1980-03-17,2026-10-09,918546.0,NO,2011-12-07,31345100.0,5420.0
GAP,Stock,11729.0,46.56,1980-03-17,2026-10-09,3773560.0,NO,2020-06-26,135533300.0,2296.0
SXT,Stock,11727.0,46.56,1980-03-17,2026-10-09,188314.0,NO,2023-09-15,8000700.0,1120.0
KEX,Stock,11726.0,46.56,1980-03-17,2026-10-09,445113.0,NO,2009-09-08,7200100.0,6240.0
LEN,Stock,11725.0,46.56,1980-03-17,2026-10-09,3803868.0,NO,2009-01-09,61237411.0,6482.0
SON,Stock,11724.0,46.56,1980-03-17,2026-10-09,694442.0,NO,2026-04-22,7355100.0,170.0
NPK,Stock,11724.0,46.56,1980-03-17,2026-10-09,77790.0,NO,1992-03-02,513400.0,12639.0
PHM,Stock,11724.0,46.56,1980-03-17,2026-10-09,1160645.0,NO,2009-04-08,39762800.0,6393.0
GFI,Stock,11724.0,46.56,1980-03-17,2026-10-09,4792153.0,NO,2022-11-04,67307400.0,1435.0
VTRS,Stock,11722.0,46.56,1980-03-17,2026-10-09,8831095.0,NO,2007-11-14,89639200.0,6904.0
HMC,Stock,11721.0,46.56,1980-03-17,2026-10-09,791057.0,NO,1985-01-25,12998000.0,15232.0
RF,Stock,11720.0,46.56,1980-03-17,2026-10-09,9794993.0,NO,2009-05-21,570981700.0,6350.0
FLS,Stock,11719.0,46.56,1980-03-17,2026-10-09,1553358.0,NO,2021-03-19,24350300.0,2030.0
VSH,Stock,11717.0,46.56,1980-03-17,2026-10-09,2706181.0,NO,2010-11-04,49052300.0,5818.0
EFX,Stock,11716.0,46.56,1980-03-17,2026-10-09,1026289.0,NO,2017-09-14,34582400.0,3312.0
OMC,Stock,11716.0,46.56,1980-03-17,2026-10-09,1915968.0,NO,2002-06-12,62517600.0,8885.0
CINF,Stock,11715.0,46.56,1980-03-17,2026-10-09,444405.0,NO,1997-12-17,18840182.0,10523.0
CMC,Stock,11715.0,46.56,1980-03-17,2026-10-09,1158105.0,NO,2011-11-28,12000200.0,5429.0
SIGI,Stock,11715.0,46.56,1980-03-17,2026-10-09,253423.0,NO,2019-09-20,10019000.0,2576.0
TYL,Stock,11714.0,46.56,1980-03-17,2026-10-09,472159.0,NO,1988-08-04,10625700.0,13945.0
MZTI,Stock,11712.0,46.56,1980-03-17,2026-10-09,359208.0,NO,1990-04-03,5704400.0,13338.0
CACI,Stock,11711.0,46.56,1980-03-17,2026-10-09,251193.0,NO,2002-04-23,9114200.0,8935.0
HBAN,Stock,11710.0,46.56,1980-03-17,2026-10-09,20028174.0,NO,2026-01-30,211994500.0,252.0
PVH,Stock,11710.0,46.56,1980-03-17,2026-10-09,712372.0,NO,2013-02-13,17444200.0,4986.0
BSET,Stock,11705.0,46.56,1980-03-17,2026-10-09,16125.0,NO,2014-06-27,1488600.0,4487.0
WST,Stock,11703.0,46.56,1980-03-17,2026-10-09,480204.0,NO,2020-05-21,16495700.0,2332.0
HRL,Stock,11702.0,46.56,1980-03-17,2026-10-09,6312126.0,NO,2009-03-03,48811200.0,6429.0
DCI,Stock,11701.0,46.56,1980-03-17,2026-10-09,492616.0,NO,1987-09-01,15321600.0,14283.0
TSN,Stock,11700.0,46.56,1980-03-17,2026-10-09,3484846.0,NO,2008-09-10,35044800.0,6603.0
NTRS,Stock,11697.0,46.56,1980-03-17,2026-10-09,1024899.0,NO,1998-01-29,16895600.0,10480.0
TR,Stock,11697.0,46.56,1980-03-17,2026-10-09,109932.0,NO,2021-01-27,8642431.0,2081.0
DSGR,Stock,11696.0,46.56,1980-03-17,2026-10-09,149450.0,NO,2026-07-16,2358100.0,85.0
BHP,Stock,11694.0,46.56,1980-03-17,2026-10-09,2650632.0,NO,2008-11-25,22855281.0,6527.0
ABM,Stock,11693.0,46.56,1980-03-17,2026-10-09,277875.0,NO,2024-06-21,5993500.0,840.0
BOH,Stock,11693.0,46.56,1980-03-17,2026-10-09,267480.0,NO,2023-06-01,8430600.0,1226.0
HNI,Stock,11692.0,46.56,1980-03-17,2026-10-09,420823.0,NO,2021-02-12,8700000.0,2065.0
AON,Stock,11683.0,46.35,1980-06-02,2026-10-09,1799573.0,NO,2010-07-12,22718000.0,5933.0
NJR,Stock,11674.0,46.56,1980-03-17,2026-10-09,566093.0,NO,2016-03-07,11485200.0,3868.0
HAS,Stock,11671.0,46.56,1980-03-17,2026-10-09,1138536.0,NO,1996-02-02,26326125.0,11207.0
J,Stock,11659.0,46.56,1980-03-17,2026-10-09,652464.0,NO,2007-10-25,17160846.0,6924.0
KELYA,Stock,11659.0,46.56,1980-03-17,2026-10-09,207229.0,NO,2024-12-20,10892100.0,658.0
CFR,Stock,11656.0,46.56,1980-03-17,2026-10-09,385333.0,NO,1991-07-25,4072400.0,12860.0
EBF,Stock,11656.0,46.56,1980-03-17,2026-10-09,184075.0,NO,1985-05-22,2582550.0,15115.0
WMK,Stock,11654.0,46.56,1980-03-17,2026-10-09,90148.0,NO,2025-09-19,1306600.0,385.0
PGR,Stock,11653.0,46.56,1980-03-17,2026-10-09,1466088.0,NO,1985-05-02,89618400.0,15135.0
AIT,Stock,11632.0,46.56,1980-03-17,2026-10-09,130310.0,NO,2024-03-15,7231300.0,938.0
OXM,Stock,11626.0,46.56,1980-03-17,2026-10-09,382827.0,NO,2026-06-18,2649500.0,113.0
STEW,Stock,11624.0,46.56,1980-03-17,2026-10-09,85543.0,NO,2006-02-21,1950100.0,7535.0
POWL,Stock,11620.0,46.56,1980-03-17,2026-10-09,443582.0,NO,2024-07-31,5279700.0,800.0
BIO,Stock,11620.0,46.61,1980-02-29,2026-10-09,138950.0,NO,2024-09-20,5791400.0,749.0
JEF,Stock,11619.0,46.56,1980-03-17,2026-10-09,1517449.0,NO,2019-09-25,71883165.0,2571.0
ROG,Stock,11609.0,46.56,1980-03-17,2026-10-09,174591.0,NO,2022-11-02,4498800.0,1437.0
TM,Stock,11604.0,46.56,1980-03-17,2026-10-09,351936.0,NO,2010-02-03,18582700.0,6092.0
GSK,Stock,11603.0,46.53,1980-03-28,2026-10-09,8431411.0,NO,2022-08-11,35389900.0,1520.0
COHU,Stock,11602.0,46.56,1980-03-17,2026-10-09,665726.0,NO,2025-09-25,6205800.0,379.0
MTB,Stock,11600.0,46.56,1980-03-17,2026-10-09,721049.0,NO,2010-10-07,16449400.0,5846.0
OKE,Stock,11599.0,46.02,1980-10-01,2026-10-09,1787239.0,NO,2023-09-25,59253300.0,1110.0
GL,Stock,11599.0,46.02,1980-10-01,2026-10-09,353730.0,NO,2024-04-11,36577500.0,911.0
ZION,Stock,11597.0,46.56,1980-03-17,2026-10-09,1205350.0,NO,2024-03-15,37419600.0,938.0
CTS,Stock,11592.0,46.56,1980-03-17,2026-10-09,196062.0,NO,2001-03-07,3751300.0,9347.0
HP,Stock,11589.0,45.98,1980-10-15,2026-10-09,968438.0,NO,2020-05-21,33181400.0,2332.0
AGYS,Stock,11585.0,46.56,1980-03-17,2026-10-09,188125.0,NO,2003-01-14,4470300.0,8669.0
KLAC,Stock,11581.0,46.0,1980-10-08,2026-10-09,5293176.0,NO,2002-10-23,329584000.0,8752.0
CBT,Stock,11575.0,45.92,1980-11-05,2026-10-09,285550.0,NO,2021-06-25,6716400.0,1932.0
CSX,Stock,11575.0,45.93,1980-11-03,2026-10-09,5070191.0,NO,2010-11-04,331713900.0,5818.0
WABC,Stock,11574.0,46.56,1980-03-17,2026-10-09,163884.0,NO,2014-09-19,3917400.0,4403.0
WELL,Stock,11568.0,46.56,1980-03-19,2026-10-09,2834302.0,NO,2011-03-02,24268600.0,5700.0
CHD,Stock,11566.0,46.56,1980-03-17,2026-10-09,1709766.0,NO,2015-12-28,51369000.0,3938.0
FITB,Stock,11565.0,46.56,1980-03-17,2026-10-09,11289274.0,NO,2009-05-08,198530200.0,6363.0
NDSN,Stock,11564.0,46.56,1980-03-18,2026-10-09,410112.0,NO,2022-02-14,12875500.0,1698.0
CUZ,Stock,11564.0,46.56,1980-03-17,2026-10-09,1223634.0,NO,2016-10-05,19245056.0,3656.0
DDS,Stock,11558.0,46.56,1980-03-17,2026-10-09,176967.0,NO,2008-10-21,14962500.0,6562.0
NKE,Stock,11556.0,45.85,1980-12-02,2026-10-09,27321941.0,NO,1997-05-29,157445600.0,10725.0
PSA,Stock,11556.0,45.89,1980-11-18,2026-10-09,988380.0,NO,2005-08-18,15560100.0,7722.0
AAPL,Stock,11548.0,45.82,1980-12-12,2026-10-09,37821157.0,NO,2000-09-29,7421640800.0,9506.0
PBT,Stock,11546.0,45.96,1980-10-24,2026-10-09,411990.0,NO,2025-06-03,3721800.0,493.0
AZZ,Stock,11539.0,46.56,1980-03-17,2026-10-09,131218.0,NO,2008-06-27,4336800.0,6678.0
CET,Stock,11539.0,46.56,1980-03-17,2026-10-09,10094.0,NO,2006-01-27,316400.0,7560.0
RHI,Stock,11530.0,46.56,1980-03-17,2026-10-09,1097456.0,NO,2024-06-21,29354100.0,840.0
DINO,Stock,11518.0,46.56,1980-03-17,2026-10-09,3079249.0,NO,2021-06-03,44093600.0,1954.0
CBSH,Stock,11517.0,46.56,1980-03-17,2026-10-09,773220.0,NO,2008-06-05,14349251.0,6700.0
KWR,Stock,11517.0,46.56,1980-03-17,2026-10-09,71077.0,NO,1996-06-24,33880000.0,11064.0
PKE,Stock,11506.0,46.56,1980-03-17,2026-10-09,956031.0,NO,2023-03-17,5547900.0,1302.0
RRX,Stock,11501.0,46.56,1980-03-17,2026-10-09,1045792.0,NO,2021-10-05,5195500.0,1830.0
GGG,Stock,11500.0,46.56,1980-03-17,2026-10-09,1589263.0,NO,1994-03-04,38486644.0,11907.0
TRC,Stock,11500.0,46.56,1980-03-17,2026-10-09,50556.0,NO,1997-08-26,1976570.0,10636.0
MUX,Stock,11489.0,46.42,1980-05-07,2026-10-09,647178.0,NO,2025-02-07,10327800.0,609.0
BCV,Stock,11483.0,46.56,1980-03-17,2026-10-09,20585.0,NO,2016-07-22,453700.0,3731.0
CW,Stock,11483.0,46.56,1980-03-17,2026-10-09,268865.0,NO,2016-01-29,6845700.0,3906.0
TPL,Stock,11481.0,46.56,1980-03-17,2026-10-09,209502.0,NO,2024-11-25,13709100.0,683.0
SMTC,Stock,11469.0,46.56,1980-03-17,2026-10-09,2508859.0,NO,2023-10-19,23292100.0,1086.0
RLI,Stock,11464.0,46.56,1980-03-17,2026-10-09,699037.0,NO,2019-12-04,14996000.0,2501.0
TFC,Stock,11454.0,46.56,1980-03-18,2026-10-09,6790116.0,NO,2009-05-13,85484000.0,6358.0
MCS,Stock,11449.0,46.56,1980-03-17,2026-10-09,125734.0,NO,2024-06-21,8186900.0,840.0
SEIC,Stock,11447.0,45.54,1981-03-25,2026-10-09,961735.0,NO,1995-07-03,26980800.0,11421.0
MXF,Stock,11424.0,45.35,1981-06-04,2026-10-09,10095.0,NO,2001-03-08,3152200.0,9346.0
HEI,Stock,11408.0,46.56,1980-03-17,2026-10-09,286750.0,NO,1981-06-10,14352453.0,16557.0
UHS,Stock,11395.0,45.25,1981-07-09,2026-10-09,397326.0,NO,2003-02-14,35134000.0,8638.0
NVO,Stock,11389.0,45.44,1981-04-30,2026-10-09,9381643.0,NO,1984-10-16,258000000.0,15333.0
BKTI,Stock,11364.0,46.56,1980-03-18,2026-10-09,46667.0,NO,2000-01-20,1455100.0,9759.0
HD,Stock,11354.0,45.05,1981-09-22,2026-10-09,4560131.0,NO,1984-08-17,117113850.0,15393.0
BH,Stock,11335.0,46.56,1980-03-17,2026-10-09,57060.0,NO,2026-09-02,443800.0,37.0
BAX,Stock,11329.0,44.95,1981-10-27,2026-10-09,3011393.0,NO,2000-12-12,181911787.0,9432.0
CBRL,Stock,11318.0,44.93,1981-11-05,2026-10-09,1107108.0,NO,2026-06-10,11347700.0,121.0
IDCC,Stock,11315.0,44.91,1981-11-12,2026-10-09,115661.0,NO,2011-08-15,15151400.0,5534.0
MYE,Stock,11307.0,46.56,1980-03-17,2026-10-09,145595.0,NO,2024-11-26,6520700.0,682.0
MSEX,Stock,11296.0,53.63,1973-02-21,2026-10-09,96556.0,NO,2021-07-14,3638300.0,1913.0
TDS,Stock,11290.0,44.82,1981-12-15,2026-10-09,2777539.0,NO,2023-01-31,19482900.0,1347.0
HUM,Stock,11284.0,44.77,1981-12-31,2026-10-09,4989138.0,NO,2008-03-12,64314100.0,6785.0
GLW,Stock,11284.0,44.77,1981-12-31,2026-10-09,6663557.0,NO,2002-07-31,244754000.0,8836.0
SLB,Stock,11284.0,44.77,1981-12-31,2026-10-09,7578625.0,NO,2010-02-22,87130600.0,6073.0
OXY,Stock,11284.0,44.77,1981-12-31,2026-10-09,6681275.0,NO,2022-03-09,134669000.0,1675.0
COP,Stock,11284.0,44.77,1981-12-31,2026-10-09,3834399.0,NO,2011-07-14,81425360.0,5566.0
SO,Stock,11284.0,44.77,1981-12-31,2026-10-09,3130024.0,NO,1988-07-25,242201342.0,13955.0
NOC,Stock,11284.0,44.77,1981-12-31,2026-10-09,612884.0,NO,2002-10-17,28409961.0,8758.0
LHX,Stock,11284.0,44.77,1981-12-31,2026-10-09,973766.0,NO,2008-09-19,19579805.0,6594.0
ROK,Stock,11284.0,44.77,1981-12-31,2026-10-09,947576.0,NO,2009-04-08,8355000.0,6393.0
BC,Stock,11283.0,44.77,1981-12-31,2026-10-09,537080.0,NO,1983-08-12,20013600.0,15764.0
VLO,Stock,11283.0,44.76,1982-01-04,2026-10-09,3337871.0,NO,2004-04-28,84719360.0,8199.0
WMB,Stock,11282.0,44.77,1981-12-31,2026-10-09,6882805.0,NO,2018-08-10,121608100.0,2982.0
GNTX,Stock,11279.0,44.8,1981-12-22,2026-10-09,2061182.0,NO,2012-07-24,44871200.0,5190.0
VNO,Stock,11273.0,46.56,1980-03-17,2026-10-09,783560.0,NO,2023-01-04,60865700.0,1374.0
FSTR,Stock,11268.0,45.33,1981-06-09,2026-10-09,35090.0,NO,1993-06-04,1782700.0,12180.0
HURC,Stock,11263.0,46.12,1980-08-27,2026-10-09,34096.0,NO,2005-08-17,2213700.0,7723.0
CI,Stock,11222.0,44.53,1982-03-31,2026-10-09,885355.0,NO,2002-10-25,110733900.0,8750.0
BBWI,Stock,11221.0,44.52,1982-04-01,2026-10-09,6897185.0,NO,2020-04-22,61636370.0,2361.0
TISI,Stock,11198.0,46.0,1980-10-07,2026-10-09,147670.0,NO,2022-08-15,5043030.0,1516.0
UDR,Stock,11194.0,46.56,1980-03-17,2026-10-09,4290077.0,NO,2016-03-04,53725900.0,3871.0
FLXS,Stock,11189.0,46.56,1980-03-17,2026-10-09,50240.0,NO,2020-06-26,949200.0,2296.0
RGLD,Stock,11188.0,45.33,1981-06-09,2026-10-09,528797.0,NO,2012-06-04,9316900.0,5240.0
NSC,Stock,11179.0,44.35,1982-06-02,2026-10-09,372969.0,NO,2009-04-22,22727600.0,6379.0
FEIM,Stock,11155.0,46.31,1980-06-18,2026-10-09,191259.0,NO,2026-07-29,2025300.0,72.0
FELE,Stock,11149.0,46.56,1980-03-17,2026-10-09,303341.0,NO,2011-10-19,5087600.0,5469.0
BTI,Stock,11088.0,46.49,1980-04-14,2026-10-09,2601268.0,NO,2017-07-25,104557100.0,3363.0
UMBF,Stock,11084.0,46.56,1980-03-17,2026-10-09,496005.0,NO,2016-12-06,6362900.0,3594.0
WAFD,Stock,11066.0,43.92,1982-11-09,2026-10-09,794111.0,NO,2009-09-16,13681100.0,6232.0
BCE,Stock,11062.0,43.9,1982-11-15,2026-10-09,9300400.0,NO,2008-11-26,22231800.0,6526.0
TRP,Stock,11050.0,44.05,1982-09-20,2026-10-09,1094910.0,NO,2023-07-28,10985900.0,1169.0
BPOP,Stock,11043.0,46.56,1980-03-17,2026-10-09,329586.0,NO,2010-04-14,21428080.0,6022.0
MOD,Stock,11028.0,44.05,1982-09-20,2026-10-09,714533.0,NO,2026-06-26,9422200.0,105.0
SBR,Stock,11025.0,43.76,1983-01-03,2026-10-09,34468.0,NO,1983-01-14,698000.0,15974.0
COO,Stock,11016.0,43.72,1983-01-21,2026-10-09,3182621.0,NO,2005-11-22,45076400.0,7626.0
TWIN,Stock,11014.0,46.56,1980-03-17,2026-10-09,47630.0,NO,2012-01-23,1728000.0,5373.0
MEI,Stock,10997.0,43.97,1982-10-20,2026-10-09,642614.0,NO,2000-06-27,15771245.0,9600.0
GRC,Stock,10978.0,46.56,1980-03-17,2026-10-09,137456.0,NO,2006-12-28,1430664.0,7225.0
ATRO,Stock,10962.0,46.56,1980-03-17,2026-10-09,363534.0,NO,2025-09-10,7185830.0,394.0
ASB,Stock,10962.0,46.56,1980-03-17,2026-10-09,1114573.0,NO,2010-01-12,32066200.0,6114.0
TILE,Stock,10957.0,43.49,1983-04-14,2026-10-09,268873.0,NO,1999-01-08,6473700.0,10136.0
HVT,Stock,10940.0,46.56,1980-03-17,2026-10-09,72379.0,NO,2024-09-20,4960800.0,749.0
AMGN,Stock,10913.0,43.31,1983-06-17,2026-10-09,2009199.0,NO,1998-12-21,309017200.0,10154.0
TEVA,Stock,10894.0,44.64,1982-02-16,2026-10-09,14361762.0,NO,2017-11-02,117607600.0,3263.0
CPK,Stock,10891.0,46.56,1980-03-17,2026-10-09,70402.0,NO,2020-09-30,3359600.0,2200.0
PAYX,Stock,10859.0,43.12,1983-08-26,2026-10-09,1978798.0,NO,1998-09-30,48216375.0,10236.0
RJF,Stock,10848.0,43.27,1983-07-01,2026-10-09,1046786.0,NO,2017-03-17,34567650.0,3493.0
CAR,Stock,10847.0,43.07,1983-09-14,2026-10-09,311676.0,NO,1998-04-16,67790188.0,10403.0
SLM,Stock,10846.0,43.04,1983-09-23,2026-10-09,2509757.0,NO,2007-12-28,290309288.0,6860.0
CTAS,Stock,10822.0,43.14,1983-08-19,2026-10-09,1160406.0,NO,2001-02-28,176890800.0,9354.0
CAH,Stock,10821.0,43.18,1983-08-04,2026-10-09,1027448.0,NO,2004-07-01,35567800.0,8135.0
HOV,Stock,10821.0,43.09,1983-09-07,2026-10-09,97209.0,NO,2013-01-17,2201584.0,5013.0
TRMK,Stock,10821.0,46.56,1980-03-17,2026-10-09,262473.0,NO,2021-08-27,13076900.0,1869.0
PAR,Stock,10814.0,43.85,1982-12-03,2026-10-09,596414.0,NO,2026-03-13,15298300.0,210.0
CASY,Stock,10810.0,42.97,1983-10-20,2026-10-09,412481.0,NO,2010-04-09,15517800.0,6027.0
T,Stock,10805.0,42.88,1983-11-21,2026-10-09,150217381.0,NO,2021-05-18,327097378.0,1970.0
VZ,Stock,10805.0,42.88,1983-11-21,2026-10-09,94888715.0,NO,2014-02-24,616620500.0,4610.0
BEN,Stock,10797.0,43.04,1983-09-23,2026-10-09,4158685.0,NO,1998-04-28,46707000.0,10391.0
FRD,Stock,10782.0,46.56,1980-03-17,2026-10-09,26182.0,NO,2005-02-22,876000.0,7899.0
JBHT,Stock,10781.0,42.88,1983-11-22,2026-10-09,713200.0,NO,2002-07-15,28216800.0,8852.0
CP,Stock,10778.0,42.78,1983-12-30,2026-10-09,1305866.0,NO,2001-02-13,80638000.0,9369.0
RCMT,Stock,10774.0,43.07,1983-09-12,2026-10-09,31785.0,NO,2021-02-11,63555000.0,2066.0
ATO,Stock,10774.0,42.78,1983-12-28,2026-10-09,869718.0,NO,2019-02-14,31583900.0,2794.0
EAT,Stock,10771.0,42.76,1984-01-06,2026-10-09,1026217.0,NO,1997-01-29,23815350.0,10845.0
RRC,Stock,10757.0,46.31,1980-06-19,2026-10-09,2714637.0,NO,2022-03-01,65167500.0,1683.0
HCSG,Stock,10747.0,42.86,1983-11-29,2026-10-09,446299.0,NO,2021-09-17,15342300.0,1848.0
PATK,Stock,10742.0,46.56,1980-03-17,2026-10-09,388378.0,NO,2016-08-18,4479750.0,3704.0
WSM,Stock,10738.0,43.26,1983-07-07,2026-10-09,934374.0,NO,1996-01-09,42896000.0,11231.0
BN,Stock,10728.0,42.78,1983-12-30,2026-10-09,3755116.0,NO,2008-11-21,57227626.0,6531.0
LRCX,Stock,10690.0,42.43,1984-05-04,2026-10-09,4589061.0,NO,2012-06-04,298766000.0,5240.0
AOS,Stock,10687.0,43.03,1983-09-30,2026-10-09,2264651.0,NO,2017-07-25,32488300.0,3363.0
MU,Stock,10672.0,42.35,1984-06-01,2026-10-09,19765706.0,NO,2013-10-11,153906100.0,4746.0
SU,Stock,10660.0,46.56,1980-03-17,2026-10-09,3523079.0,NO,1989-05-25,40988800.0,13651.0
AME,Stock,10639.0,42.22,1984-07-19,2026-10-09,854311.0,NO,2013-09-20,27213500.0,4767.0
SF,Stock,10626.0,43.23,1983-07-19,2026-10-09,754221.0,NO,2021-06-25,20643600.0,1932.0
KF,Stock,10608.0,42.13,1984-08-22,2026-10-09,14833.0,NO,2011-12-27,557400.0,5400.0
REX,Stock,10599.0,42.23,1984-07-17,2026-10-09,215032.0,NO,2000-01-06,51880500.0,9773.0
RAMP,Stock,10592.0,42.82,1983-12-14,2026-10-09,1164682.0,NO,2001-04-02,17869900.0,9321.0
UL,Stock,10585.0,46.54,1980-03-25,2026-10-09,2083308.0,NO,2022-01-18,33753235.0,1725.0
MGA,Stock,10582.0,42.01,1984-10-05,2026-10-09,632903.0,NO,1992-10-06,41434000.0,12421.0
UNH,Stock,10575.0,41.98,1984-10-17,2026-10-09,7443022.0,NO,1998-08-06,161821600.0,10291.0
NSSC,Stock,10572.0,44.78,1981-12-29,2026-10-09,230106.0,NO,2023-08-21,16185500.0,1145.0
ALNT,Stock,10550.0,45.97,1980-10-20,2026-10-09,184859.0,NO,2000-01-31,1607100.0,9748.0
AJG,Stock,10549.0,42.3,1984-06-20,2026-10-09,960819.0,NO,2016-05-27,37176900.0,3787.0
SWKS,Stock,10532.0,42.09,1984-09-07,2026-10-09,9163263.0,NO,2015-03-11,40723100.0,4230.0
ACU,Stock,10513.0,46.56,1980-03-17,2026-10-09,23608.0,NO,2025-06-27,408400.0,469.0
EXPD,Stock,10506.0,42.03,1984-09-26,2026-10-09,1282911.0,NO,2007-10-09,36802800.0,6940.0
B,Stock,10493.0,41.65,1985-02-13,2026-10-09,6892188.0,NO,2013-11-01,74458200.0,4725.0
ODC,Stock,10485.0,46.56,1980-03-19,2026-10-09,271129.0,NO,1991-07-24,2174000.0,12861.0
UNF,Stock,10478.0,42.73,1984-01-16,2026-10-09,324417.0,NO,2026-03-11,2388900.0,212.0
THO,Stock,10468.0,42.75,1984-01-10,2026-10-09,752632.0,NO,2019-09-30,8293700.0,2566.0
GHM,Stock,10468.0,46.56,1980-03-17,2026-10-09,126970.0,NO,1990-07-20,1783500.0,13230.0
BBY,Stock,10450.0,41.48,1985-04-18,2026-10-09,2350055.0,NO,1994-12-01,89680500.0,11635.0
SEB,Stock,10446.0,53.63,1973-02-22,2026-10-09,7030.0,NO,1993-05-25,400000.0,12190.0
DY,Stock,10446.0,42.35,1984-06-04,2026-10-09,706219.0,NO,2005-05-24,7972600.0,7808.0
DOC,Stock,10424.0,41.38,1985-05-23,2026-10-09,5694674.0,NO,2024-02-29,66006500.0,953.0
LYTS,Stock,10409.0,41.58,1985-03-12,2026-10-09,285109.0,NO,1985-03-12,4779000.0,15186.0
ADSK,Stock,10400.0,41.28,1985-06-28,2026-10-09,1739883.0,NO,1991-01-25,49794400.0,13041.0
NNN,Stock,10383.0,42.0,1984-10-09,2026-10-09,2146862.0,NO,2011-12-07,25007100.0,5420.0
ROST,Stock,10372.0,41.17,1985-08-08,2026-10-09,2507391.0,NO,1986-11-28,132160000.0,14560.0
NVR,Stock,10371.0,41.22,1985-07-22,2026-10-09,25379.0,NO,1986-09-23,2610000.0,14626.0
SBCF,Stock,10361.0,42.68,1984-02-02,2026-10-09,503923.0,NO,2018-02-20,8156700.0,3153.0
DVN,Stock,10349.0,41.22,1985-07-22,2026-10-09,6361633.0,NO,2016-02-18,97177500.0,3886.0
ONB,Stock,10336.0,42.3,1984-06-20,2026-10-09,3371748.0,NO,2022-02-17,68430300.0,1695.0
KGC,Stock,10326.0,45.56,1981-03-17,2026-10-09,5802247.0,NO,2018-12-21,137772000.0,2849.0
OSK,Stock,10324.0,41.02,1985-10-02,2026-10-09,683532.0,NO,2009-08-07,14636300.0,6272.0
WTM,Stock,10309.0,40.96,1985-10-23,2026-10-09,20162.0,NO,1985-10-23,4668600.0,14961.0
SRCE,Stock,10302.0,43.16,1983-08-12,2026-10-09,73100.0,NO,2025-03-21,743700.0,567.0
MCY,Stock,10285.0,40.88,1985-11-20,2026-10-09,189281.0,NO,1985-11-20,9597600.0,14933.0
TRST,Stock,10277.0,43.47,1983-04-20,2026-10-09,67278.0,NO,2011-06-30,1090760.0,5580.0
MGRC,Stock,10272.0,41.9,1984-11-13,2026-10-09,101368.0,NO,2002-01-22,3898800.0,9026.0
EML,Stock,10265.0,46.56,1980-03-17,2026-10-09,3278.0,NO,2013-06-28,840500.0,4851.0
FULT,Stock,10263.0,41.1,1985-09-03,2026-10-09,970789.0,NO,2023-06-16,33876700.0,1211.0
AROW,Stock,10253.0,46.06,1980-09-18,2026-10-09,58738.0,NO,2007-06-22,1390389.0,7049.0
SHEL,Stock,10246.0,42.58,1984-03-12,2026-10-09,8485391.0,NO,1993-05-14,723387184.0,12201.0
ASYS,Stock,10239.0,43.17,1983-08-09,2026-10-09,161864.0,NO,2000-08-17,11404400.0,9549.0
ORCL,Stock,10224.0,40.58,1986-03-12,2026-10-09,25467677.0,NO,1997-12-09,1030963200.0,10531.0
JJSF,Stock,10224.0,40.68,1986-02-04,2026-10-09,233394.0,NO,1992-01-13,1860600.0,12688.0
MSFT,Stock,10223.0,40.57,1986-03-13,2026-10-09,17890995.0,NO,1986-03-13,1031788800.0,14820.0
CEF,ETF,10202.0,40.52,1986-04-03,2026-10-09,171054.0,NO,2011-05-05,11600000.0,5636.0
PLXS,Stock,10199.0,40.67,1986-02-05,2026-10-09,159847.0,NO,1997-12-18,7320200.0,10522.0
TROW,Stock,10194.0,40.52,1986-04-02,2026-10-09,1498790.0,NO,1986-04-02,40921600.0,14800.0
RGEN,Stock,10187.0,40.45,1986-04-29,2026-10-09,1339910.0,NO,2004-01-05,12843800.0,8313.0
RELL,Stock,10187.0,42.95,1983-10-28,2026-10-09,491703.0,NO,2015-08-13,3154200.0,4075.0
TRNS,Stock,10174.0,48.84,1977-12-05,2026-10-09,85562.0,NO,1998-02-18,1505600.0,10460.0
CLDX,Stock,10160.0,40.4,1986-05-15,2026-10-09,992725.0,NO,2020-06-11,61347800.0,2311.0
HOG,Stock,10143.0,40.25,1986-07-08,2026-10-09,1510779.0,NO,1991-10-24,67547200.0,12769.0
TOL,Stock,10143.0,40.25,1986-07-08,2026-10-09,690394.0,NO,2009-11-11,24530600.0,6176.0
COST,Stock,10142.0,40.25,1986-07-09,2026-10-09,1493334.0,NO,2003-08-05,56773500.0,8466.0
JKHY,Stock,10129.0,40.88,1985-11-20,2026-10-09,892425.0,NO,2018-11-12,19373600.0,2888.0
WERN,Stock,10126.0,40.3,1986-06-20,2026-10-09,689797.0,NO,2024-06-21,12667900.0,840.0
TEX,Stock,10121.0,46.56,1980-03-19,2026-10-09,1672551.0,NO,2009-05-29,23281700.0,6342.0
ARL,Stock,10118.0,44.47,1982-04-21,2026-10-09,1346.0,NO,2021-07-15,7985000.0,1912.0
ADBE,Stock,10117.0,40.16,1986-08-13,2026-10-09,3881488.0,NO,1996-01-05,175513600.0,11235.0
BDL,Stock,10107.0,53.63,1973-02-21,2026-10-09,95535.0,NO,2021-05-25,1544400.0,1963.0
KBH,Stock,10100.0,40.19,1986-08-01,2026-10-09,1585149.0,NO,2015-01-13,35023100.0,4287.0
WKC,Stock,10088.0,40.11,1986-08-28,2026-10-09,683796.0,NO,2021-08-03,14343300.0,1893.0
WTS,Stock,10083.0,40.13,1986-08-21,2026-10-09,192978.0,NO,2022-01-31,5752500.0,1712.0
EHC,Stock,10073.0,40.04,1986-09-24,2026-10-09,604359.0,NO,2003-03-26,22074378.0,8598.0
SSL,Stock,10072.0,44.45,1982-04-26,2026-10-09,1803335.0,NO,2020-04-07,18402900.0,2376.0
SKYW,Stock,10070.0,40.29,1986-06-26,2026-10-09,181599.0,NO,1998-02-13,7892400.0,10465.0
FISV,Stock,10069.0,40.04,1986-09-25,2026-10-09,3906076.0,NO,2001-03-30,134508000.0,9324.0
UNM,Stock,10057.0,39.92,1986-11-06,2026-10-09,1243309.0,NO,2021-09-17,48589100.0,1848.0
CSWC,Stock,10057.0,46.56,1980-03-17,2026-10-09,420568.0,NO,2006-12-07,7146686.0,7246.0
RVT,Stock,10048.0,39.89,1986-11-19,2026-10-09,199279.0,NO,2026-01-16,2061800.0,266.0
ESP,Stock,10047.0,46.56,1980-03-17,2026-10-09,18625.0,NO,2026-06-26,319000.0,105.0
CCEP,Stock,10045.0,39.87,1986-11-24,2026-10-09,2520988.0,NO,2016-05-27,62250400.0,3787.0
UHT,Stock,10019.0,39.79,1986-12-26,2026-10-09,126666.0,NO,2026-06-18,2310300.0,113.0
TWN,Stock,10007.0,39.81,1986-12-16,2026-10-09,4286.0,NO,2010-04-21,1037900.0,6015.0
LCII,Stock,10000.0,41.36,1985-05-29,2026-10-09,233141.0,NO,2026-06-30,3143200.0,101.0
WSFS,Stock,9996.0,39.87,1986-11-26,2026-10-09,243770.0,NO,2021-02-26,11161300.0,2051.0
BELFA,Stock,9991.0,42.84,1983-12-06,2026-10-09,137861.0,NO,1996-07-24,1593600.0,11034.0
CECO,Stock,9989.0,45.85,1980-12-02,2026-10-09,857381.0,NO,2023-06-23,4359900.0,1204.0
EMF,Stock,9981.0,39.62,1987-02-26,2026-10-09,20207.0,NO,1987-02-26,4003800.0,14470.0
MKL,Stock,9966.0,39.82,1986-12-12,2026-10-09,56997.0,NO,2001-11-16,703100.0,9093.0
BRO,Stock,9957.0,45.66,1981-02-11,2026-10-09,1637368.0,NO,2021-09-17,48381800.0,1848.0
BKR,Stock,9953.0,39.51,1987-04-06,2026-10-09,2790025.0,NO,2018-11-14,79090500.0,2886.0
MNST,Stock,9950.0,40.83,1985-12-09,2026-10-09,6381423.0,NO,2006-08-07,1083952800.0,7368.0
HQH,Stock,9942.0,39.46,1987-04-23,2026-10-09,181706.0,NO,2026-07-17,1078300.0,84.0
VALU,Stock,9922.0,43.42,1983-05-10,2026-10-09,3792.0,NO,1983-05-10,702800.0,15858.0
AVNW,Stock,9921.0,39.39,1987-05-19,2026-10-09,46456.0,NO,2006-06-30,2573250.0,7406.0
ASTE,Stock,9916.0,40.31,1986-06-18,2026-10-09,174495.0,NO,2006-02-28,2686500.0,7528.0
HWKN,Stock,9914.0,46.56,1980-03-18,2026-10-09,96569.0,NO,2009-06-26,3755400.0,6314.0
USLM,Stock,9912.0,46.56,1980-03-17,2026-10-09,93298.0,NO,1988-12-14,6179000.0,13813.0
CDNS,Stock,9906.0,39.33,1987-06-10,2026-10-09,1292737.0,NO,2017-09-15,57218100.0,3311.0
GBCI,Stock,9904.0,42.55,1984-03-22,2026-10-09,893572.0,NO,2020-06-19,14170400.0,2303.0
TJX,Stock,9897.0,39.29,1987-06-26,2026-10-09,4362822.0,NO,1999-12-02,137053600.0,9808.0
WSO,Stock,9882.0,42.34,1984-06-07,2026-10-09,554780.0,NO,2017-02-24,4447800.0,3514.0
CCL,Stock,9878.0,39.21,1987-07-24,2026-10-09,14432718.0,NO,2020-04-02,262061100.0,2381.0
DRS,Stock,9875.0,41.29,1985-06-24,2026-10-09,1188609.0,NO,2014-09-08,19788200.0,4414.0
BCS,Stock,9874.0,40.08,1986-09-09,2026-10-09,4411017.0,NO,2016-06-27,149635800.0,3756.0
CLFD,Stock,9861.0,40.18,1986-08-06,2026-10-09,139295.0,NO,2022-08-09,3035700.0,1522.0
FNB,Stock,9852.0,40.1,1986-09-02,2026-10-09,7428774.0,NO,2025-10-16,40469500.0,358.0
FBP,Stock,9850.0,39.74,1987-01-13,2026-10-09,1057693.0,NO,2013-08-13,22284600.0,4805.0
FAST,Stock,9848.0,39.14,1987-08-20,2026-10-09,5225082.0,NO,2008-09-12,151740800.0,6601.0
PII,Stock,9841.0,39.06,1987-09-16,2026-10-09,411238.0,NO,2010-11-10,11163800.0,5812.0
SCHW,Stock,9837.0,39.05,1987-09-22,2026-10-09,6498186.0,NO,2023-03-13,148476900.0,1306.0
IMKTA,Stock,9834.0,39.05,1987-09-22,2026-10-09,119575.0,NO,1987-09-22,864100.0,14262.0
JCI,Stock,9833.0,39.03,1987-09-28,2026-10-09,2551423.0,NO,2009-03-16,269590295.0,6416.0
AIN,Stock,9830.0,39.03,1987-09-30,2026-10-09,222698.0,NO,2006-03-08,3370700.0,7520.0
IBCP,Stock,9828.0,41.1,1985-09-04,2026-10-09,120398.0,NO,2014-06-27,3002400.0,4487.0
CNMD,Stock,9828.0,39.21,1987-07-23,2026-10-09,400448.0,NO,2000-07-12,9182400.0,9585.0
UFCS,Stock,9826.0,46.56,1980-03-18,2026-10-09,73662.0,NO,2001-10-11,4057200.0,9129.0
PLAB,Stock,9812.0,39.58,1987-03-10,2026-10-09,417627.0,NO,2025-12-10,15484800.0,303.0
KEY,Stock,9805.0,38.93,1987-11-05,2026-10-09,14401967.0,NO,2023-03-13,111197500.0,1306.0
NHC,Stock,9791.0,39.77,1987-01-02,2026-10-09,62819.0,NO,2023-12-15,2662000.0,1029.0
CLH,Stock,9759.0,38.87,1987-11-24,2026-10-09,230950.0,NO,2003-11-14,10000200.0,8365.0
PPC,Stock,9758.0,38.78,1987-12-30,2026-10-09,998253.0,NO,2008-12-02,25870400.0,6520.0
TAYD,Stock,9755.0,45.92,1980-11-05,2026-10-09,7314.0,NO,2004-12-28,27979000.0,7955.0
MOS,Stock,9750.0,38.7,1988-01-26,2026-10-09,13888061.0,NO,2013-07-30,61378400.0,4819.0
FFBC,Stock,9716.0,42.8,1983-12-21,2026-10-09,559878.0,NO,2018-03-29,7526100.0,3116.0
TCI,Stock,9697.0,41.59,1985-03-07,2026-10-09,22756.0,NO,2000-06-27,1914700.0,9600.0
AB,Stock,9695.0,38.49,1988-04-14,2026-10-09,301037.0,NO,2009-04-23,3258200.0,6378.0
BRC,Stock,9676.0,39.94,1986-10-31,2026-10-09,200492.0,NO,2023-06-23,7212200.0,1204.0
AD,Stock,9666.0,38.43,1988-05-04,2026-10-09,294081.0,NO,2023-08-04,7528500.0,1162.0
CBU,Stock,9620.0,40.87,1985-11-26,2026-10-09,314862.0,NO,2023-07-31,5232800.0,1166.0
INDB,Stock,9618.0,40.41,1986-05-14,2026-10-09,413362.0,NO,2021-11-12,4261700.0,1792.0
CVBF,Stock,9613.0,43.52,1983-04-04,2026-10-09,1001750.0,NO,2010-08-10,13250400.0,5904.0
WM,Stock,9608.0,38.3,1988-06-22,2026-10-09,1622720.0,NO,1999-07-07,70408500.0,9956.0
MTH,Stock,9599.0,38.2,1988-07-26,2026-10-09,928042.0,NO,2007-04-26,10253000.0,7106.0
JOUT,Stock,9591.0,39.0,1987-10-09,2026-10-09,23620.0,NO,1987-10-09,1079800.0,14245.0
MAN,Stock,9574.0,38.01,1988-10-05,2026-10-09,534694.0,NO,2025-09-19,9102700.0,385.0
LNN,Stock,9562.0,37.99,1988-10-13,2026-10-09,158955.0,NO,2008-06-18,7437800.0,6687.0
UBSI,Stock,9560.0,39.35,1987-06-04,2026-10-09,597510.0,NO,2017-04-11,14134600.0,3468.0
CMCL,Stock,9558.0,41.89,1984-11-19,2026-10-09,433859.0,NO,2026-01-15,3801500.0,267.0
WPP,Stock,9555.0,38.78,1987-12-29,2026-10-09,246615.0,NO,2026-08-06,2750000.0,64.0
VOD,Stock,9554.0,37.93,1988-11-02,2026-10-09,6516205.0,NO,1994-06-28,221207100.0,11791.0
MPV,Stock,9548.0,37.96,1988-10-24,2026-10-09,12857.0,NO,2025-12-31,243500.0,282.0
ESCA,Stock,9533.0,46.56,1980-03-17,2026-10-09,13983.0,NO,1990-12-04,2353590.0,13093.0
UTL,Stock,9529.0,41.59,1985-03-07,2026-10-09,58129.0,NO,2021-04-30,3033400.0,1988.0
IPAR,Stock,9490.0,38.68,1988-02-04,2026-10-09,132105.0,NO,2005-10-26,3451200.0,7653.0
MIDD,Stock,9483.0,39.16,1987-08-10,2026-10-09,417478.0,NO,1997-10-30,10934920.0,10571.0
FCNCA,Stock,9482.0,39.96,1986-10-22,2026-10-09,56380.0,NO,2023-03-27,1721400.0,1292.0
OLP,Stock,9477.0,43.46,1983-04-25,2026-10-09,45894.0,NO,2011-02-08,2086900.0,5722.0
TECH,Stock,9474.0,37.66,1989-02-09,2026-10-09,2227954.0,NO,2026-06-25,51699100.0,106.0
COHR,Stock,9474.0,39.02,1987-10-02,2026-10-09,8092549.0,NO,2026-03-20,51484800.0,203.0
MGM,Stock,9466.0,38.44,1988-05-02,2026-10-09,5456731.0,NO,2010-10-13,155613200.0,5840.0
OPY,Stock,9417.0,44.01,1982-10-06,2026-10-09,93059.0,NO,2009-05-11,1261500.0,6360.0
CRUS,Stock,9403.0,37.33,1989-06-09,2026-10-09,1210846.0,NO,2010-10-21,31256000.0,5832.0
IEX,Stock,9391.0,37.35,1989-06-02,2026-10-09,591539.0,NO,2019-08-08,17655100.0,2619.0
OFG,Stock,9388.0,39.54,1987-03-26,2026-10-09,149608.0,NO,1987-03-26,7571489.0,14442.0
GEN,Stock,9387.0,37.3,1989-06-23,2026-10-09,7432119.0,NO,2003-02-28,180090000.0,8624.0
CGNX,Stock,9375.0,37.22,1989-07-20,2026-10-09,1751890.0,NO,1989-07-20,33836800.0,13595.0
CMT,Stock,9372.0,38.06,1988-09-16,2026-10-09,32357.0,NO,2020-05-11,1741500.0,2342.0
PRG,Stock,9360.0,43.93,1982-11-04,2026-10-09,495174.0,NO,2014-02-07,15858729.0,4627.0
BBVA,Stock,9345.0,37.82,1988-12-15,2026-10-09,1937487.0,NO,2019-06-21,37740500.0,2667.0
FICO,Stock,9331.0,39.22,1987-07-22,2026-10-09,1059749.0,NO,2003-11-04,15025200.0,8375.0
EOG,Stock,9322.0,37.01,1989-10-04,2026-10-09,2266732.0,NO,2000-11-01,85014000.0,9473.0
DGII,Stock,9316.0,37.01,1989-10-06,2026-10-09,317485.0,NO,1996-07-03,3106100.0,11055.0
LSCC,Stock,9296.0,36.91,1989-11-09,2026-10-09,1042171.0,NO,2016-11-03,33890700.0,3627.0
PDEX,Stock,9295.0,40.17,1986-08-07,2026-10-09,31864.0,NO,2014-09-19,5321400.0,4403.0
PTC,Stock,9276.0,36.84,1989-12-08,2026-10-09,3660581.0,NO,2026-10-05,29552500.0,4.0
BCPC,Stock,9259.0,40.35,1986-06-03,2026-10-09,264221.0,NO,2008-07-02,2330250.0,6673.0
CSCO,Stock,9228.0,36.64,1990-02-16,2026-10-09,11343626.0,NO,1990-02-16,940636800.0,13384.0
CTO,Stock,9224.0,46.56,1980-03-17,2026-10-09,163041.0,NO,2024-09-10,5951900.0,759.0
WSBC,Stock,9220.0,39.42,1987-05-08,2026-10-09,679393.0,NO,2026-06-18,16538800.0,113.0
CEE,Stock,9208.0,36.61,1990-02-28,2026-10-09,30410.0,NO,1990-02-28,8639800.0,13372.0
JOE,Stock,9203.0,36.55,1990-03-23,2026-10-09,252015.0,NO,2010-10-13,12828900.0,5840.0
MTW,Stock,9194.0,36.54,1990-03-26,2026-10-09,336312.0,NO,2009-08-31,39005667.0,6248.0
VICR,Stock,9192.0,36.52,1990-04-03,2026-10-09,598551.0,NO,2023-07-26,4839800.0,1171.0
LH,Stock,9187.0,36.53,1990-03-29,2026-10-09,607853.0,NO,2002-10-04,24787380.0,8771.0
KMPR,Stock,9184.0,36.46,1990-04-23,2026-10-09,542077.0,NO,2026-03-20,10970500.0,203.0
GVA,Stock,9184.0,36.47,1990-04-20,2026-10-09,451998.0,NO,2019-12-20,8582800.0,2485.0
AN,Stock,9157.0,36.41,1990-05-11,2026-10-09,379550.0,NO,2003-02-21,38291000.0,8631.0
UMH,Stock,9138.0,41.63,1985-02-20,2026-10-09,410556.0,NO,2024-09-20,3986000.0,749.0
MLAB,Stock,9135.0,42.61,1984-02-29,2026-10-09,83573.0,NO,2025-09-19,1121900.0,385.0
TRMB,Stock,9122.0,36.22,1990-07-20,2026-10-09,1428818.0,NO,2021-01-20,53094000.0,2088.0
MMSI,Stock,9119.0,36.41,1990-05-14,2026-10-09,478987.0,NO,2019-10-31,7245300.0,2535.0
BHE,Stock,9094.0,36.28,1990-06-27,2026-10-09,240668.0,NO,2003-04-22,6885225.0,8571.0
TATT,Stock,9086.0,39.53,1987-03-31,2026-10-09,155218.0,NO,2021-07-02,34329500.0,1925.0
RIO,Stock,9080.0,36.28,1990-06-28,2026-10-09,1301749.0,NO,2014-10-06,19088900.0,4386.0
ESE,Stock,9069.0,36.02,1990-10-01,2026-10-09,154546.0,NO,2007-06-21,6413200.0,7050.0
AXGN,Stock,9038.0,39.81,1986-12-17,2026-10-09,871688.0,NO,2025-07-29,5556000.0,437.0
MITK,Stock,8991.0,37.76,1989-01-03,2026-10-09,433820.0,NO,2014-09-04,11746900.0,4418.0
EXPO,Stock,8987.0,36.15,1990-08-17,2026-10-09,316207.0,NO,1990-08-17,17904800.0,13202.0
CPF,Stock,8985.0,39.12,1987-08-28,2026-10-09,113814.0,NO,2014-12-31,3986100.0,4300.0
KEQU,Stock,8975.0,46.56,1980-03-17,2026-10-09,1663.0,NO,2006-11-29,338600.0,7254.0
MLI,Stock,8971.0,35.62,1991-02-25,2026-10-09,828670.0,NO,2024-11-25,47070600.0,683.0
DEO,Stock,8958.0,35.57,1991-03-14,2026-10-09,490469.0,NO,2026-02-25,9490700.0,226.0
GIII,Stock,8947.0,36.82,1989-12-14,2026-10-09,478402.0,NO,1998-12-29,36234000.0,10146.0
REGN,Stock,8946.0,35.52,1991-04-02,2026-10-09,466002.0,NO,2003-03-31,28330500.0,8593.0
AZO,Stock,8946.0,35.52,1991-04-02,2026-10-09,142046.0,NO,2003-12-10,13666700.0,8339.0
HAE,Stock,8917.0,35.42,1991-05-10,2026-10-09,1225339.0,NO,1991-05-10,11925600.0,12936.0
IONS,Stock,8911.0,35.4,1991-05-17,2026-10-09,4862012.0,NO,2016-05-26,27202800.0,3788.0
IDXX,Stock,8889.0,35.3,1991-06-21,2026-10-09,466758.0,NO,1997-03-24,88592800.0,10791.0
TMP,Stock,8877.0,40.35,1986-06-02,2026-10-09,56542.0,NO,2008-12-01,852610.0,6521.0
DIN,Stock,8873.0,35.24,1991-07-12,2026-10-09,471444.0,NO,1991-07-12,6450000.0,12873.0
FCFS,Stock,8871.0,35.33,1991-06-10,2026-10-09,188546.0,NO,2019-09-20,6973400.0,2576.0
ALKS,Stock,8871.0,35.23,1991-07-16,2026-10-09,1626918.0,NO,2023-12-15,31745300.0,1029.0
VRTX,Stock,8864.0,35.21,1991-07-24,2026-10-09,1469287.0,NO,2013-09-20,42258300.0,4767.0
SFNC,Stock,8861.0,41.57,1985-03-15,2026-10-09,1376432.0,NO,2025-07-22,11374700.0,444.0
PRGS,Stock,8860.0,35.2,1991-07-30,2026-10-09,601662.0,NO,1996-03-26,13521150.0,11154.0
MTG,Stock,8857.0,35.17,1991-08-07,2026-10-09,1780909.0,NO,2013-03-07,191554800.0,4964.0
RGS,Stock,8853.0,35.3,1991-06-21,2026-10-09,574.0,NO,2024-06-25,44456800.0,836.0
CVSA,Stock,8853.0,35.3,1991-06-21,2026-10-09,195877.0,NO,2012-09-28,18701200.0,5124.0
ZBRA,Stock,8851.0,35.15,1991-08-15,2026-10-09,338214.0,NO,1994-04-22,17863200.0,11858.0
SIG,Stock,8847.0,38.24,1988-07-14,2026-10-09,589066.0,NO,2018-03-14,25956200.0,3131.0
WASH,Stock,8833.0,39.34,1987-06-08,2026-10-09,144514.0,NO,2024-12-13,1366400.0,665.0
BIIB,Stock,8825.0,35.06,1991-09-17,2026-10-09,814919.0,NO,2005-02-28,117940000.0,7893.0
FRME,Stock,8816.0,37.3,1989-06-20,2026-10-09,436041.0,NO,2026-06-26,1955000.0,105.0
NHI,Stock,8812.0,35.0,1991-10-09,2026-10-09,167538.0,NO,2026-06-29,7913500.0,102.0
RHP,Stock,8802.0,34.96,1991-10-24,2026-10-09,412713.0,NO,2009-09-24,11874000.0,6224.0
TTE,Stock,8800.0,34.96,1991-10-25,2026-10-09,4110565.0,NO,2012-03-27,27055300.0,5309.0
CRVL,Stock,8795.0,35.28,1991-06-28,2026-10-09,157321.0,NO,1991-06-28,40111200.0,12887.0
VLGEA,Stock,8791.0,53.63,1973-02-21,2026-10-09,36627.0,NO,1989-06-21,2449200.0,13624.0
APH,Stock,8789.0,34.92,1991-11-08,2026-10-09,8338841.0,NO,1997-01-23,440192000.0,10851.0
EZPW,Stock,8783.0,35.12,1991-08-27,2026-10-09,908726.0,NO,2006-10-13,12390000.0,7301.0
DORM,Stock,8783.0,35.58,1991-03-12,2026-10-09,231537.0,NO,2013-01-29,3202600.0,5001.0
HMN,Stock,8782.0,34.9,1991-11-15,2026-10-09,182568.0,NO,1991-11-15,6093400.0,12747.0
KIM,Stock,8781.0,34.88,1991-11-22,2026-10-09,3444465.0,NO,2009-04-03,97657300.0,6398.0
QCOM,Stock,8767.0,34.82,1991-12-13,2026-10-09,7555158.0,NO,1998-02-06,242896000.0,10472.0
PRGO,Stock,8765.0,34.81,1991-12-17,2026-10-09,4356030.0,NO,2016-04-25,30032000.0,3819.0
AMSC,Stock,8764.0,34.83,1991-12-12,2026-10-09,744020.0,NO,2023-08-01,48611100.0,1165.0
WRLD,Stock,8764.0,34.87,1991-11-26,2026-10-09,35115.0,NO,1993-05-26,4631400.0,12189.0
WEYS,Stock,8739.0,46.56,1980-03-17,2026-10-09,21377.0,NO,1994-10-05,1683900.0,11692.0
GILD,Stock,8737.0,34.71,1992-01-22,2026-10-09,5333423.0,NO,1999-11-02,455376000.0,9838.0
SMG,Stock,8734.0,34.69,1992-01-31,2026-10-09,957131.0,NO,1992-01-31,19977200.0,12670.0
M,Stock,8731.0,34.67,1992-02-05,2026-10-09,5433483.0,NO,2021-08-19,138751200.0,1877.0
TTEK,Stock,8730.0,34.81,1991-12-17,2026-10-09,1615952.0,NO,2019-07-31,61289500.0,2627.0
VSEC,Stock,8727.0,43.96,1982-10-22,2026-10-09,375835.0,NO,2026-03-20,5698600.0,203.0
ROP,Stock,8722.0,34.65,1992-02-13,2026-10-09,437655.0,NO,1992-02-13,18506400.0,12657.0
STAA,Stock,8718.0,34.62,1992-02-24,2026-10-09,591496.0,NO,2025-08-05,40320100.0,430.0
SNPS,Stock,8717.0,34.62,1992-02-26,2026-10-09,1665280.0,NO,2000-02-18,35009600.0,9730.0
SCHL,Stock,8717.0,34.62,1992-02-25,2026-10-09,445945.0,NO,2003-02-11,13424600.0,8641.0
BANF,Stock,8711.0,36.54,1990-03-26,2026-10-09,94277.0,NO,2020-07-31,3934500.0,2261.0
GSBC,Stock,8708.0,36.82,1989-12-15,2026-10-09,72128.0,NO,2009-06-26,1904100.0,6314.0
HWC,Stock,8701.0,35.35,1991-06-04,2026-10-09,748171.0,NO,2011-06-03,8355300.0,5607.0
STZ,Stock,8700.0,34.56,1992-03-17,2026-10-09,2378260.0,NO,2013-02-14,50293100.0,4985.0
ICUI,Stock,8688.0,34.52,1992-03-31,2026-10-09,145997.0,NO,2023-11-29,5004800.0,1045.0
MHK,Stock,8687.0,34.52,1992-04-01,2026-10-09,968446.0,NO,2002-07-16,16419600.0,8851.0
AGCO,Stock,8674.0,34.48,1992-04-16,2026-10-09,1483308.0,NO,2004-02-05,13019500.0,8282.0
HQL,Stock,8671.0,34.44,1992-05-01,2026-10-09,104935.0,NO,2024-07-19,982700.0,812.0
CTBI,Stock,8668.0,38.78,1987-12-29,2026-10-09,78517.0,NO,2001-03-28,813454.0,9326.0
ARCB,Stock,8663.0,34.41,1992-05-13,2026-10-09,269977.0,NO,1992-05-13,9338300.0,12567.0
BSX,Stock,8659.0,34.39,1992-05-19,2026-10-09,12755289.0,NO,2010-03-15,243874000.0,6052.0
KSS,Stock,8659.0,34.39,1992-05-19,2026-10-09,3285206.0,NO,2025-07-22,209344000.0,444.0
STE,Stock,8651.0,34.35,1992-06-01,2026-10-09,596972.0,NO,1997-01-22,20865800.0,10852.0
BKE,Stock,8650.0,34.42,1992-05-08,2026-10-09,330713.0,NO,2009-08-06,7450123.0,6273.0
FC,Stock,8649.0,34.35,1992-06-03,2026-10-09,68062.0,NO,1995-06-26,3351800.0,11428.0
JBSS,Stock,8648.0,34.85,1991-12-04,2026-10-09,132510.0,NO,2004-10-25,2046800.0,8019.0
PRMB,Stock,8640.0,34.31,1992-06-16,2026-10-09,4510247.0,NO,2025-11-07,52402200.0,336.0
MEOH,Stock,8639.0,34.39,1992-05-19,2026-10-09,684716.0,NO,1995-02-24,5850500.0,11550.0
LIN,Stock,8639.0,34.31,1992-06-17,2026-10-09,1576874.0,NO,2018-10-30,57375600.0,2901.0
CHCO,Stock,8638.0,39.29,1987-06-26,2026-10-09,85148.0,NO,2009-11-25,2020200.0,6162.0
DHI,Stock,8635.0,34.34,1992-06-05,2026-10-09,2192896.0,NO,2009-11-20,35885100.0,6167.0
SBUX,Stock,8632.0,34.29,1992-06-26,2026-10-09,12757343.0,NO,1999-07-01,585508800.0,9962.0
CACC,Stock,8630.0,34.34,1992-06-05,2026-10-09,69186.0,NO,1997-04-25,5324000.0,10759.0
COLB,Stock,8608.0,34.31,1992-06-16,2026-10-09,1598516.0,NO,2023-02-28,37951300.0,1319.0
NBTB,Stock,8608.0,34.56,1992-03-17,2026-10-09,206686.0,NO,2025-05-02,2160000.0,525.0
OHI,Stock,8603.0,34.17,1992-08-07,2026-10-09,1379540.0,NO,2021-11-30,17025300.0,1774.0
ITIC,Stock,8600.0,39.85,1986-12-03,2026-10-09,40290.0,NO,2026-08-06,228300.0,64.0
LTC,Stock,8594.0,34.14,1992-08-18,2026-10-09,315904.0,NO,2013-05-03,2565900.0,4907.0
LWAY,Stock,8585.0,37.78,1988-12-29,2026-10-09,241787.0,NO,2019-06-20,2154800.0,2668.0
CAKE,Stock,8574.0,34.06,1992-09-18,2026-10-09,1136955.0,NO,1992-09-18,24816375.0,12439.0
EFOR,Stock,8571.0,34.05,1992-09-22,2026-10-09,470127.0,NO,2018-10-10,10142400.0,2921.0
LFUS,Stock,8568.0,34.05,1992-09-22,2026-10-09,98366.0,NO,2016-11-28,3396900.0,3602.0
BLX,Stock,8565.0,34.04,1992-09-24,2026-10-09,115001.0,NO,1992-09-24,2366000.0,12433.0
FIZZ,Stock,8557.0,35.07,1991-09-13,2026-10-09,314920.0,NO,2019-03-08,10830000.0,2772.0
FCF,Stock,8555.0,34.33,1992-06-10,2026-10-09,594261.0,NO,2010-08-05,8044000.0,5909.0
MTX,Stock,8549.0,33.96,1992-10-23,2026-10-09,135876.0,NO,2022-09-16,6418900.0,1484.0
ATNI,Stock,8546.0,34.9,1991-11-14,2026-10-09,132744.0,NO,1991-11-14,8504750.0,12748.0
PRK,Stock,8545.0,36.11,1990-08-31,2026-10-09,65364.0,NO,2020-07-31,2983600.0,2261.0
RDN,Stock,8544.0,33.94,1992-10-30,2026-10-09,2100294.0,NO,2010-05-06,70617100.0,6000.0
ACFN,Stock,8531.0,34.66,1992-02-11,2026-10-09,3798.0,NO,2026-08-05,334900.0,65.0
IIIN,Stock,8531.0,34.56,1992-03-17,2026-10-09,105858.0,NO,2006-04-21,3905600.0,7476.0
ENB,Stock,8528.0,42.57,1984-03-15,2026-10-09,3598516.0,NO,2017-02-27,151262600.0,3511.0
LGND,Stock,8519.0,33.89,1992-11-18,2026-10-09,183043.0,NO,2019-01-16,13747168.0,2823.0
STBA,Stock,8512.0,34.47,1992-04-21,2026-10-09,148763.0,NO,2008-12-01,2372100.0,6521.0
KAI,Stock,8510.0,33.93,1992-11-03,2026-10-09,142136.0,NO,2025-02-18,2393700.0,598.0
AAON,Stock,8499.0,33.81,1992-12-16,2026-10-09,521762.0,NO,2000-01-28,30539405.0,9751.0
SM,Stock,8488.0,33.81,1992-12-16,2026-10-09,1931363.0,NO,2020-04-29,43350900.0,2354.0
MTCH,Stock,8488.0,33.72,1993-01-19,2026-10-09,2181246.0,NO,2003-06-09,2720060826.0,8523.0
PPLI,Stock,8488.0,33.72,1993-01-19,2026-10-09,991660.0,NO,2003-06-09,4346044742.0,8523.0
CATY,Stock,8479.0,35.82,1990-12-14,2026-10-09,261670.0,NO,2023-09-15,12909900.0,1120.0
BOKF,Stock,8473.0,35.09,1991-09-05,2026-10-09,212097.0,NO,2025-11-07,2208800.0,336.0
NRIM,Stock,8467.0,35.9,1990-11-15,2026-10-09,84571.0,NO,2015-06-26,3806400.0,4123.0
MS,Stock,8466.0,33.62,1993-02-23,2026-10-09,4719400.0,NO,2008-09-17,329786100.0,6596.0
AORT,Stock,8464.0,33.65,1993-02-12,2026-10-09,342996.0,NO,2002-09-06,8525000.0,8799.0
ELS,Stock,8464.0,33.62,1993-02-25,2026-10-09,2369432.0,NO,2023-07-21,30453500.0,1176.0
LSTR,Stock,8454.0,33.6,1993-03-05,2026-10-09,179634.0,NO,1993-09-29,29786400.0,12063.0
INTU,Stock,8453.0,33.58,1993-03-12,2026-10-09,2601733.0,NO,2001-03-15,88643600.0,9339.0
ETD,Stock,8451.0,33.57,1993-03-16,2026-10-09,430436.0,NO,1993-03-16,10505700.0,12260.0
MCHP,Stock,8447.0,33.56,1993-03-19,2026-10-09,7730798.0,NO,2007-12-04,90537000.0,6884.0
FCEL,Stock,8447.0,34.29,1992-06-25,2026-10-09,6131080.0,NO,2026-06-26,27123800.0,105.0
CB,Stock,8444.0,33.54,1993-03-25,2026-10-09,1032151.0,NO,2008-07-17,74437100.0,6658.0
SANM,Stock,8429.0,33.49,1993-04-14,2026-10-09,558617.0,NO,2009-06-26,15827533.0,6314.0
ORLY,Stock,8422.0,33.46,1993-04-23,2026-10-09,3005480.0,NO,2009-03-26,417903000.0,6406.0
RCL,Stock,8421.0,33.45,1993-04-28,2026-10-09,1591749.0,NO,2020-06-05,61286500.0,2317.0
ATR,Stock,8418.0,33.46,1993-04-23,2026-10-09,542172.0,NO,2008-02-12,5111700.0,6814.0
RCKY,Stock,8412.0,33.68,1993-02-03,2026-10-09,22804.0,NO,1997-10-07,1498800.0,10594.0
AZN,Stock,8411.0,33.41,1993-05-12,2026-10-09,2058882.0,NO,2021-07-20,32770100.0,1907.0
JBL,Stock,8411.0,33.43,1993-05-03,2026-10-09,1279594.0,NO,2014-11-04,36679300.0,4357.0
HR,Stock,8400.0,33.37,1993-05-27,2026-10-09,4719791.0,NO,2022-07-15,43586000.0,1547.0
SKT,Stock,8399.0,33.37,1993-05-28,2026-10-09,715719.0,NO,2021-03-04,67358900.0,2045.0
ODFL,Stock,8397.0,34.96,1991-10-24,2026-10-09,1463166.0,NO,2019-12-06,46467600.0,2499.0
ALL,Stock,8396.0,33.35,1993-06-03,2026-10-09,1499666.0,NO,1993-06-03,56603000.0,12181.0
PZZA,Stock,8393.0,33.34,1993-06-08,2026-10-09,1312395.0,NO,1999-12-10,36628800.0,9800.0
NATH,Stock,8381.0,33.62,1993-02-26,2026-10-09,22351.0,NO,1993-02-26,797100.0,12278.0
ANIK,Stock,8380.0,33.43,1993-05-03,2026-10-09,88585.0,NO,2014-02-26,6447400.0,4608.0
AKR,Stock,8378.0,33.37,1993-05-27,2026-10-09,839247.0,NO,2024-12-20,10368200.0,658.0
FBNC,Stock,8369.0,39.44,1987-04-30,2026-10-09,105727.0,NO,2020-11-12,5674400.0,2157.0
YPF,Stock,8367.0,33.28,1993-06-29,2026-10-09,1196836.0,NO,1993-06-29,34346800.0,12155.0
CPT,Stock,8362.0,33.22,1993-07-22,2026-10-09,604801.0,NO,2022-04-01,22117100.0,1652.0
VMRK,Stock,8347.0,33.16,1993-08-12,2026-10-09,3583410.0,NO,2001-11-30,31955700.0,9079.0
BWA,Stock,8346.0,33.16,1993-08-13,2026-10-09,2260569.0,NO,2025-03-21,55739000.0,567.0
PPIH,Stock,8346.0,36.82,1989-12-15,2026-10-09,32314.0,NO,2026-06-26,1032900.0,105.0
BFS,Stock,8342.0,33.14,1993-08-19,2026-10-09,268046.0,NO,1993-08-19,3397000.0,12104.0
CENT,Stock,8336.0,34.23,1992-07-15,2026-10-09,34794.0,NO,1998-12-18,14465728.0,10157.0
KOF,Stock,8325.0,33.07,1993-09-14,2026-10-09,356675.0,NO,1993-09-14,13098300.0,12078.0
THRM,Stock,8312.0,33.33,1993-06-10,2026-10-09,1967377.0,NO,2026-10-06,10640200.0,3.0
IT,Stock,8310.0,33.01,1993-10-05,2026-10-09,706625.0,NO,1993-10-05,25536800.0,12057.0
BYD,Stock,8302.0,32.98,1993-10-15,2026-10-09,1018841.0,NO,2013-08-02,22654900.0,4816.0
CHDN,Stock,8301.0,33.53,1993-03-29,2026-10-09,1845656.0,NO,2016-06-23,12910200.0,3760.0
LXP,Stock,8297.0,32.96,1993-10-22,2026-10-09,726940.0,NO,2013-03-12,3436060.0,4959.0
USPH,Stock,8296.0,34.36,1992-05-29,2026-10-09,143467.0,NO,2002-08-19,10510000.0,8817.0
ITRI,Stock,8287.0,32.93,1993-11-05,2026-10-09,438715.0,NO,2026-07-28,6630900.0,73.0
INCY,Stock,8287.0,32.93,1993-11-04,2026-10-09,1122122.0,NO,2017-02-27,33193000.0,3511.0
REG,Stock,8284.0,32.94,1993-10-29,2026-10-09,1192882.0,NO,2017-03-01,27410600.0,3509.0
UFPI,Stock,8283.0,32.91,1993-11-10,2026-10-09,477391.0,NO,2023-02-22,17550900.0,1325.0
INOD,Stock,8282.0,33.16,1993-08-10,2026-10-09,801278.0,NO,2026-05-08,19182400.0,154.0
SQM,Stock,8277.0,33.05,1993-09-21,2026-10-09,558327.0,NO,1996-04-26,30256447.0,11123.0
URBN,Stock,8275.0,32.91,1993-11-09,2026-10-09,808650.0,NO,2010-02-05,34530300.0,6090.0
CDP,Stock,8274.0,34.77,1991-12-31,2026-10-09,625630.0,NO,2021-06-25,13551500.0,1932.0
ROCK,Stock,8274.0,32.93,1993-11-05,2026-10-09,426755.0,NO,2007-01-09,3592000.0,7213.0
BDC,Stock,8269.0,32.87,1993-11-24,2026-10-09,177367.0,NO,2014-06-30,5569800.0,4484.0
DECK,Stock,8265.0,32.98,1993-10-15,2026-10-09,1960109.0,NO,2005-04-21,135858600.0,7841.0
SUI,Stock,8264.0,32.83,1993-12-09,2026-10-09,1126176.0,NO,2026-08-19,16868800.0,51.0
SPG,Stock,8261.0,32.82,1993-12-14,2026-10-09,1184268.0,NO,2009-05-07,29396654.0,6364.0
EMN,Stock,8261.0,32.82,1993-12-14,2026-10-09,982073.0,NO,2025-11-03,29976900.0,340.0
SHOO,Stock,8256.0,32.82,1993-12-13,2026-10-09,1026004.0,NO,2000-06-22,88704872.0,9605.0
VIAV,Stock,8255.0,32.89,1993-11-17,2026-10-09,2779068.0,NO,2013-12-20,87404420.0,4676.0
MHO,Stock,8253.0,32.93,1993-11-03,2026-10-09,142413.0,NO,2009-05-20,4944100.0,6351.0
ALG,Stock,8248.0,33.56,1993-03-19,2026-10-09,131869.0,NO,1993-03-19,1462900.0,12257.0
FWRD,Stock,8244.0,32.9,1993-11-16,2026-10-09,414401.0,NO,2026-05-08,9890200.0,154.0
MAA,Stock,8229.0,32.7,1994-01-28,2026-10-09,841483.0,NO,2016-12-01,24658200.0,3599.0
RYN,Stock,8215.0,32.64,1994-02-17,2026-10-09,4444734.0,NO,2026-01-30,16024700.0,252.0
IIF,Stock,8214.0,32.64,1994-02-18,2026-10-09,19509.0,NO,1994-02-18,1581700.0,11921.0
ALB,Stock,8213.0,32.63,1994-02-22,2026-10-09,2510005.0,NO,2016-06-30,24895500.0,3753.0
MLM,Stock,8212.0,32.64,1994-02-17,2026-10-09,457205.0,NO,2014-07-01,18481700.0,4483.0
MAC,Stock,8201.0,32.58,1994-03-10,2026-10-09,2742173.0,NO,2021-01-27,58466600.0,2081.0
BZH,Stock,8201.0,32.62,1994-02-23,2026-10-09,647823.0,NO,2012-07-11,9466180.0,5203.0
MOV,Stock,8200.0,33.02,1993-09-30,2026-10-09,197894.0,NO,1993-09-30,6273375.0,12062.0
PNRG,Stock,8194.0,46.56,1980-03-17,2026-10-09,55421.0,NO,2025-06-09,277500.0,487.0
FLEX,Stock,8192.0,32.56,1994-03-18,2026-10-09,2229173.0,NO,2005-10-26,102901552.0,7653.0
CPRT,Stock,8186.0,32.56,1994-03-17,2026-10-09,7281888.0,NO,2002-09-18,277684800.0,8787.0
TSCO,Stock,8179.0,32.64,1994-02-17,2026-10-09,10217921.0,NO,1994-02-18,199352000.0,11921.0
AEO,Stock,8177.0,32.49,1994-04-14,2026-10-09,4401056.0,NO,2025-09-04,105608400.0,400.0
ADC,Stock,8173.0,32.48,1994-04-15,2026-10-09,1059687.0,NO,2023-02-03,18277700.0,1344.0
EXP,Stock,8172.0,32.49,1994-04-12,2026-10-09,368080.0,NO,2013-04-30,6959300.0,4910.0
WT,Stock,8171.0,33.6,1993-03-04,2026-10-09,2141029.0,NO,2014-10-31,20031700.0,4361.0
LECO,Stock,8171.0,32.51,1994-04-07,2026-10-09,235688.0,NO,2006-06-01,10480400.0,7435.0
SCSC,Stock,8155.0,32.56,1994-03-18,2026-10-09,196600.0,NO,2002-12-19,8674400.0,8695.0
DAKT,Stock,8155.0,32.66,1994-02-10,2026-10-09,434640.0,NO,2006-08-16,13833500.0,7359.0
PENN,Stock,8141.0,32.37,1994-05-26,2026-10-09,2628259.0,NO,2003-05-30,87965509.0,8533.0
ESS,Stock,8141.0,32.34,1994-06-07,2026-10-09,408537.0,NO,2014-04-01,18953500.0,4574.0
HIW,Stock,8140.0,32.34,1994-06-08,2026-10-09,1548886.0,NO,2023-09-15,19474600.0,1120.0
IMAX,Stock,8136.0,32.33,1994-06-10,2026-10-09,682241.0,NO,2010-12-31,25361100.0,5761.0
FRPH,Stock,8136.0,40.27,1986-07-02,2026-10-09,105029.0,NO,1990-03-26,2481000.0,13346.0
DRD,Stock,8130.0,32.4,1994-05-16,2026-10-09,155206.0,NO,2020-06-19,6841700.0,2303.0
FR,Stock,8128.0,32.29,1994-06-24,2026-10-09,828911.0,NO,2016-03-29,18223600.0,3846.0
GEO,Stock,8106.0,32.2,1994-07-27,2026-10-09,1650393.0,NO,2021-06-09,188207500.0,1948.0
MLR,Stock,8092.0,32.19,1994-08-02,2026-10-09,27304.0,NO,1997-09-12,1990120.0,10619.0
BTO,Stock,8092.0,32.15,1994-08-16,2026-10-09,35769.0,NO,2004-01-26,920300.0,8292.0
MATW,Stock,8091.0,32.22,1994-07-20,2026-10-09,498613.0,NO,2026-09-18,6350800.0,21.0
NKTR,Stock,8091.0,32.44,1994-05-03,2026-10-09,1087104.0,NO,2025-06-24,37172700.0,472.0
GBX,Stock,8087.0,32.24,1994-07-14,2026-10-09,252334.0,NO,2008-02-04,5236800.0,6822.0
ING,Stock,8080.0,32.39,1994-05-18,2026-10-09,3340607.0,NO,2017-04-19,33581500.0,3460.0
ACHC,Stock,8078.0,32.6,1994-03-04,2026-10-09,1326674.0,NO,2017-10-25,19847500.0,3271.0
SSD,Stock,8071.0,32.37,1994-05-26,2026-10-09,208748.0,NO,2020-10-06,8811400.0,2194.0
RS,Stock,8068.0,32.06,1994-09-16,2026-10-09,172825.0,NO,2007-04-19,5155700.0,7113.0
WWD,Stock,8053.0,32.51,1994-04-04,2026-10-09,735398.0,NO,2018-02-08,6412900.0,3165.0
PKX,Stock,8049.0,31.99,1994-10-14,2026-10-09,168610.0,NO,1999-07-14,4960300.0,9949.0
O,Stock,8048.0,31.98,1994-10-18,2026-10-09,4964174.0,NO,2024-01-22,45785700.0,991.0
SIRI,Stock,8047.0,32.07,1994-09-13,2026-10-09,7466714.0,NO,2010-04-07,60983450.0,6029.0
TSEM,Stock,8039.0,31.95,1994-10-26,2026-10-09,1199859.0,NO,2022-02-15,19691500.0,1697.0
BMO,Stock,8038.0,31.95,1994-10-27,2026-10-09,388277.0,NO,2010-12-17,10489300.0,5775.0
MCK,Stock,8031.0,31.91,1994-11-10,2026-10-09,482892.0,NO,1999-04-28,41625900.0,10026.0
COF,Stock,8027.0,31.9,1994-11-16,2026-10-09,2786020.0,NO,2009-05-11,114574400.0,6360.0
MCO,Stock,8027.0,31.94,1994-10-31,2026-10-09,588247.0,NO,1996-01-10,43545600.0,11230.0
SJM,Stock,8026.0,31.94,1994-10-31,2026-10-09,928285.0,NO,2008-11-06,20807000.0,6546.0
HUBB,Stock,8020.0,31.94,1994-10-31,2026-10-09,303598.0,NO,2023-10-17,11191392.0,1088.0
VECO,Stock,8019.0,31.86,1994-11-29,2026-10-09,296169.0,NO,2000-10-06,15022300.0,9499.0
UHAL,Stock,8019.0,31.93,1994-11-04,2026-10-09,145393.0,NO,2003-09-12,34300000.0,8428.0
KNX,Stock,8012.0,31.96,1994-10-25,2026-10-09,3078852.0,NO,2018-07-26,20546000.0,2997.0
STM,Stock,8012.0,31.84,1994-12-08,2026-10-09,6572027.0,NO,1994-12-08,41167800.0,11628.0
CVLG,Stock,8010.0,31.95,1994-10-28,2026-10-09,83644.0,NO,1994-10-28,9770400.0,11669.0
TGS,Stock,8009.0,31.89,1994-11-17,2026-10-09,260061.0,NO,2019-05-28,10435700.0,2691.0
PEBO,Stock,7992.0,33.66,1993-02-10,2026-10-09,285685.0,NO,2026-03-20,1439300.0,203.0
TCBK,Stock,7984.0,33.47,1993-04-20,2026-10-09,178353.0,NO,2026-07-13,3205900.0,88.0
THFF,Stock,7982.0,34.6,1992-03-03,2026-10-09,91939.0,NO,2025-03-21,827200.0,567.0
MCRI,Stock,7981.0,33.17,1993-08-06,2026-10-09,120306.0,NO,1993-08-06,2800000.0,12117.0
NSIT,Stock,7981.0,31.71,1995-01-24,2026-10-09,238813.0,NO,2002-07-18,12058000.0,8849.0
AZTA,Stock,7974.0,31.68,1995-02-02,2026-10-09,924548.0,NO,2021-01-06,14554600.0,2102.0
UPBD,Stock,7974.0,31.7,1995-01-25,2026-10-09,1054008.0,NO,2018-12-18,35802200.0,2852.0
FFIN,Stock,7967.0,32.94,1993-11-01,2026-10-09,1013070.0,NO,2019-03-21,25666000.0,2759.0
HMY,Stock,7966.0,32.4,1994-05-17,2026-10-09,3628354.0,NO,2015-09-18,73594000.0,4039.0
ACIW,Stock,7959.0,31.62,1995-02-24,2026-10-09,426215.0,NO,2000-04-26,34236000.0,9662.0
INTG,Stock,7958.0,46.56,1980-03-17,2026-10-09,25492.0,NO,2026-07-30,526800.0,71.0
ABCB,Stock,7958.0,32.39,1994-05-19,2026-10-09,334506.0,NO,2019-06-28,4545600.0,2660.0
BBSI,Stock,7955.0,33.33,1993-06-11,2026-10-09,157420.0,NO,2014-10-29,17426400.0,4363.0
DLTR,Stock,7952.0,31.59,1995-03-07,2026-10-09,1395743.0,NO,2000-12-19,96293700.0,9425.0
ASML,Stock,7946.0,31.57,1995-03-15,2026-10-09,1203224.0,NO,1995-03-15,71337728.0,11531.0
COR,Stock,7932.0,31.52,1995-04-04,2026-10-09,775051.0,NO,2003-09-19,55356000.0,8421.0
AIRT,Stock,7920.0,42.46,1984-04-24,2026-10-09,34960.0,NO,2004-07-06,15289650.0,8130.0
CBZ,Stock,7912.0,31.45,1995-04-27,2026-10-09,539933.0,NO,2026-07-29,16958900.0,72.0
MDY,ETF,7911.0,31.43,1995-05-04,2026-10-09,890285.0,NO,2008-10-10,27593700.0,6573.0
DRI,Stock,7908.0,31.42,1995-05-09,2026-10-09,858844.0,NO,2009-03-18,19930305.0,6414.0
BSAC,Stock,7908.0,31.94,1994-10-31,2026-10-09,428357.0,NO,2002-04-23,11063780.0,8935.0
WINA,Stock,7891.0,33.12,1993-08-25,2026-10-09,34241.0,NO,1993-08-25,1186400.0,12098.0
PAAS,Stock,7885.0,31.33,1995-06-12,2026-10-09,3261551.0,NO,2026-03-20,28015500.0,203.0
EME,Stock,7883.0,31.75,1995-01-10,2026-10-09,180523.0,NO,2003-10-03,19518800.0,8407.0
WAB,Stock,7881.0,31.32,1995-06-16,2026-10-09,713990.0,NO,2019-02-26,27636600.0,2782.0
RMD,Stock,7881.0,31.35,1995-06-02,2026-10-09,979651.0,NO,2017-07-25,30299300.0,3363.0
GIC,Stock,7871.0,31.29,1995-06-27,2026-10-09,93533.0,NO,2006-10-12,6703400.0,7302.0
FCX,Stock,7866.0,31.25,1995-07-10,2026-10-09,6978566.0,NO,2012-12-05,153828000.0,5056.0
RNR,Stock,7850.0,31.2,1995-07-27,2026-10-09,406946.0,NO,2005-11-02,9403700.0,7646.0
CYD,Stock,7844.0,31.81,1994-12-16,2026-10-09,348046.0,NO,2003-11-12,10089300.0,8367.0
TK,Stock,7838.0,31.22,1995-07-20,2026-10-09,411225.0,NO,2015-12-17,29935900.0,3949.0
KFRC,Stock,7837.0,31.15,1995-08-15,2026-10-09,169366.0,NO,2000-01-26,6210400.0,9753.0
IVZ,Stock,7824.0,31.12,1995-08-25,2026-10-09,5028503.0,NO,2008-08-20,70829500.0,6624.0
MD,Stock,7815.0,31.05,1995-09-20,2026-10-09,518044.0,NO,1999-02-16,17085600.0,10097.0
EG,Stock,7806.0,31.02,1995-10-03,2026-10-09,311363.0,NO,1995-10-03,10364800.0,11329.0
SAP,Stock,7802.0,31.06,1995-09-18,2026-10-09,2235891.0,NO,2006-07-13,17908300.0,7393.0
THG,Stock,7800.0,31.0,1995-10-11,2026-10-09,199720.0,NO,1995-10-11,6137300.0,11321.0
STRT,Stock,7798.0,31.62,1995-02-23,2026-10-09,43131.0,NO,1996-08-02,892000.0,11025.0
ERIE,Stock,7787.0,31.02,1995-10-02,2026-10-09,151387.0,NO,2024-09-20,5408500.0,749.0
DVA,Stock,7786.0,30.94,1995-10-31,2026-10-09,369636.0,NO,1999-02-18,56235600.0,10095.0
BANR,Stock,7784.0,30.94,1995-11-01,2026-10-09,186664.0,NO,2010-06-25,3555429.0,5950.0
HSIC,Stock,7783.0,30.93,1995-11-03,2026-10-09,1087373.0,NO,1999-08-03,47935410.0,9929.0
ACGL,Stock,7778.0,31.07,1995-09-14,2026-10-09,1685266.0,NO,2022-10-31,93699400.0,1439.0
SYBT,Stock,7776.0,33.54,1993-03-24,2026-10-09,131522.0,NO,2024-09-19,1489200.0,750.0
RY,Stock,7776.0,30.98,1995-10-16,2026-10-09,691507.0,NO,2015-01-22,9830200.0,4278.0
EL,Stock,7773.0,30.89,1995-11-17,2026-10-09,2661919.0,NO,2006-01-04,50805400.0,7583.0
WAT,Stock,7773.0,30.89,1995-11-17,2026-10-09,1119547.0,NO,2001-06-19,20194400.0,9243.0
AEIS,Stock,7773.0,30.89,1995-11-17,2026-10-09,252211.0,NO,2000-10-13,10704900.0,9492.0
RNST,Stock,7772.0,34.46,1992-04-24,2026-10-09,436781.0,NO,2020-10-06,10914400.0,2194.0
SAM,Stock,7771.0,30.88,1995-11-21,2026-10-09,149501.0,NO,1995-11-21,3474200.0,11280.0
NTAP,Stock,7770.0,30.88,1995-11-21,2026-10-09,1607866.0,NO,2012-05-24,54215800.0,5251.0
E,Stock,7767.0,30.86,1995-11-28,2026-10-09,408127.0,NO,1995-11-28,20880250.0,11273.0
BAP,Stock,7766.0,30.96,1995-10-25,2026-10-09,258634.0,NO,2011-06-06,5387007.0,5604.0
FUNC,Stock,7764.0,34.1,1992-09-03,2026-10-09,79076.0,NO,2021-06-25,926600.0,1932.0
POOL,Stock,7763.0,30.99,1995-10-13,2026-10-09,682013.0,NO,2007-09-21,10618900.0,6958.0
ITT,Stock,7754.0,30.82,1995-12-15,2026-10-09,764845.0,NO,2011-01-12,67149578.0,5749.0
MSM,Stock,7754.0,30.82,1995-12-15,2026-10-09,534864.0,NO,1995-12-15,7272800.0,11256.0
HIG,Stock,7754.0,30.82,1995-12-15,2026-10-09,1324010.0,NO,2008-12-05,119854300.0,6517.0
CLMB,Stock,7743.0,31.23,1995-07-18,2026-10-09,92269.0,NO,1999-01-08,8341200.0,10136.0
BCO,Stock,7743.0,30.77,1996-01-03,2026-10-09,236255.0,NO,2014-06-20,7504200.0,4494.0
SCCO,Stock,7740.0,30.76,1996-01-05,2026-10-09,832031.0,NO,2005-06-10,45748654.0,7791.0
RELX,Stock,7736.0,32.01,1994-10-06,2026-10-09,2186487.0,NO,2026-02-26,11391900.0,225.0
OTEX,Stock,7728.0,30.71,1996-01-24,2026-10-09,1075601.0,NO,1996-01-24,37326400.0,11216.0
NICE,Stock,7726.0,30.7,1996-01-25,2026-10-09,252597.0,NO,1998-09-25,17649600.0,10241.0
RCI,Stock,7716.0,30.74,1996-01-11,2026-10-09,3741726.0,NO,2013-06-26,5839300.0,4853.0
IRM,Stock,7716.0,30.69,1996-02-01,2026-10-09,1073112.0,NO,2009-01-05,35745493.0,6486.0
NWPX,Stock,7713.0,30.86,1995-11-30,2026-10-09,52526.0,NO,2008-12-30,1481600.0,6492.0
SPH,Stock,7703.0,30.61,1996-02-29,2026-10-09,151922.0,NO,2023-12-15,14009700.0,1029.0
GEF,Stock,7701.0,30.61,1996-02-28,2026-10-09,309075.0,NO,2015-03-20,5750600.0,4221.0
CMCO,Stock,7698.0,30.63,1996-02-23,2026-10-09,298293.0,NO,2025-02-11,4574900.0,605.0
EWJ,ETF,7691.0,30.56,1996-03-18,2026-10-09,2364180.0,NO,2011-03-15,99041775.0,5687.0
EWS,ETF,7689.0,30.56,1996-03-18,2026-10-09,12265389.0,NO,2008-03-28,12505100.0,6769.0
EWM,ETF,7686.0,30.56,1996-03-18,2026-10-09,217013.0,NO,2018-05-09,4399800.0,3075.0
EWH,ETF,7685.0,30.56,1996-03-18,2026-10-09,3729642.0,NO,2013-06-07,64668600.0,4872.0
EWG,ETF,7682.0,30.56,1996-03-18,2026-10-09,3530432.0,NO,2016-06-24,46597900.0,3759.0
EWW,ETF,7680.0,30.56,1996-03-18,2026-10-09,1243229.0,NO,2018-11-09,18100000.0,2891.0
RICK,Stock,7677.0,30.99,1995-10-13,2026-10-09,36955.0,NO,2010-03-01,2237000.0,6066.0
CENX,Stock,7676.0,30.53,1996-03-29,2026-10-09,900917.0,NO,2009-01-28,16580200.0,6463.0
EWA,ETF,7671.0,30.56,1996-03-18,2026-10-09,1768374.0,NO,2019-12-17,20564600.0,2488.0
OLED,Stock,7669.0,30.49,1996-04-11,2026-10-09,765036.0,NO,2011-08-25,9939600.0,5524.0
EWQ,ETF,7664.0,30.56,1996-03-18,2026-10-09,240286.0,NO,2013-06-11,11532400.0,4868.0
CRH,Stock,7662.0,37.24,1989-07-13,2026-10-09,2637557.0,NO,2025-12-19,140096300.0,294.0
CCJ,Stock,7661.0,30.57,1996-03-14,2026-10-09,1943096.0,NO,2022-10-12,47933300.0,1458.0
EWI,ETF,7659.0,30.56,1996-03-18,2026-10-09,2424741.0,NO,2014-08-07,15287400.0,4446.0
JAKK,Stock,7659.0,30.44,1996-05-02,2026-10-09,127022.0,NO,2020-11-03,22241500.0,2166.0
AGM,Stock,7658.0,32.66,1994-02-10,2026-10-09,109352.0,NO,2009-05-12,7577400.0,6359.0
CIB,Stock,7656.0,31.21,1995-07-26,2026-10-09,206152.0,NO,2007-07-17,5932400.0,7024.0
ANDE,Stock,7649.0,30.63,1996-02-20,2026-10-09,291766.0,NO,2006-05-04,5467500.0,7463.0
NBIX,Stock,7643.0,30.38,1996-05-23,2026-10-09,1019510.0,NO,2006-05-16,46749600.0,7451.0
FCN,Stock,7641.0,30.42,1996-05-09,2026-10-09,274537.0,NO,2008-11-06,12389000.0,6546.0
EWU,ETF,7632.0,30.56,1996-03-18,2026-10-09,1459395.0,NO,2018-03-06,21639600.0,3139.0
ARTNA,Stock,7630.0,32.45,1994-04-28,2026-10-09,19600.0,NO,2024-06-28,1792100.0,833.0
EWL,ETF,7630.0,30.56,1996-03-18,2026-10-09,989767.0,NO,2018-11-14,14710000.0,2886.0
HUBG,Stock,7626.0,30.57,1996-03-13,2026-10-09,1218892.0,NO,1996-03-13,15514400.0,11167.0
SKM,Stock,7620.0,30.28,1996-06-27,2026-10-09,765070.0,NO,2026-06-01,7801500.0,130.0
CHKP,Stock,7619.0,30.28,1996-06-28,2026-10-09,879632.0,NO,2002-04-04,57361000.0,8954.0
BVN,Stock,7617.0,30.4,1996-05-15,2026-10-09,581793.0,NO,2018-12-21,21800600.0,2849.0
QGEN,Stock,7616.0,30.28,1996-06-28,2026-10-09,1255460.0,NO,2011-06-24,23883985.0,5586.0
OCFC,Stock,7616.0,30.27,1996-07-03,2026-10-09,1978298.0,NO,1996-07-03,8223300.0,11055.0
FDS,Stock,7609.0,30.28,1996-06-28,2026-10-09,657592.0,NO,1996-06-28,7850250.0,11060.0
PEGA,Stock,7605.0,30.22,1996-07-19,2026-10-09,1170683.0,NO,1998-10-30,26158400.0,10206.0
STRA,Stock,7597.0,30.21,1996-07-25,2026-10-09,180987.0,NO,2005-05-04,7543600.0,7828.0
SSRM,Stock,7596.0,30.19,1996-08-01,2026-10-09,1956743.0,NO,2024-02-13,67340200.0,969.0
LAMR,Stock,7595.0,30.18,1996-08-02,2026-10-09,382420.0,NO,2007-10-05,10761600.0,6944.0
CSV,Stock,7588.0,30.17,1996-08-09,2026-10-09,277375.0,NO,2014-03-13,2073400.0,4593.0
EWC,ETF,7587.0,30.56,1996-03-18,2026-10-09,1971748.0,NO,2022-01-18,18747200.0,1725.0
OPCH,Stock,7586.0,30.15,1996-08-15,2026-10-09,6102088.0,NO,2026-10-06,65081100.0,3.0
OSBC,Stock,7583.0,32.9,1993-11-16,2026-10-09,391762.0,NO,2015-06-26,3125600.0,4123.0
EWP,ETF,7580.0,30.56,1996-03-18,2026-10-09,6448249.0,NO,2017-10-05,13154500.0,3291.0
UFPT,Stock,7579.0,32.81,1993-12-17,2026-10-09,92649.0,NO,2006-05-09,2402500.0,7458.0
EWN,ETF,7577.0,30.56,1996-03-18,2026-10-09,960805.0,NO,2026-06-08,2307400.0,123.0
TD,Stock,7575.0,30.11,1996-08-30,2026-10-09,837420.0,NO,2007-10-02,25521400.0,6947.0
LNG,Stock,7573.0,32.51,1994-04-04,2026-10-09,901589.0,NO,2011-10-26,32573600.0,5462.0
EWD,ETF,7568.0,30.56,1996-03-18,2026-10-09,615694.0,NO,2011-02-03,5970300.0,5727.0
FMS,Stock,7564.0,30.06,1996-09-17,2026-10-09,1010172.0,NO,1996-10-11,9079400.0,10955.0
AUB,Stock,7559.0,33.01,1993-10-06,2026-10-09,856247.0,NO,2023-03-17,15982900.0,1302.0
ANF,Stock,7557.0,30.03,1996-09-26,2026-10-09,1002037.0,NO,2012-11-14,35280600.0,5077.0
ONIT,Stock,7553.0,30.04,1996-09-25,2026-10-09,112388.0,NO,2017-04-20,4368720.0,3459.0
CHH,Stock,7543.0,29.98,1996-10-16,2026-10-09,369374.0,NO,2019-12-16,6484800.0,2489.0
SILC,Stock,7541.0,32.64,1994-02-18,2026-10-09,167098.0,NO,1999-12-08,2163100.0,9802.0
OCC,Stock,7539.0,30.52,1996-04-02,2026-10-09,114024.0,NO,2024-12-23,36950700.0,655.0
PAG,Stock,7538.0,29.96,1996-10-23,2026-10-09,404431.0,NO,2002-03-13,9297600.0,8976.0
IBOC,Stock,7537.0,31.11,1995-08-30,2026-10-09,273627.0,NO,2009-01-29,7898600.0,6462.0
NOV,Stock,7534.0,29.94,1996-10-29,2026-10-09,1935105.0,NO,2021-09-17,89460700.0,1848.0
GABC,Stock,7532.0,33.39,1993-05-21,2026-10-09,120400.0,NO,2009-06-26,3043350.0,6314.0
UNFI,Stock,7528.0,29.94,1996-11-01,2026-10-09,478710.0,NO,2020-05-13,23196100.0,2340.0
VEON,Stock,7521.0,29.9,1996-11-15,2026-10-09,140433.0,NO,2022-03-04,12290340.0,1680.0
PDS,Stock,7521.0,29.9,1996-11-15,2026-10-09,41093.0,NO,2016-03-04,611795.0,3871.0
STLD,Stock,7516.0,29.88,1996-11-22,2026-10-09,599357.0,NO,2022-12-21,38999600.0,1388.0
NVS,Stock,7514.0,29.92,1996-11-07,2026-10-09,1900903.0,NO,2010-12-15,39478054.0,5777.0
CNI,Stock,7514.0,29.87,1996-11-26,2026-10-09,716249.0,NO,1999-06-18,23503200.0,9975.0
BJRI,Stock,7512.0,30.0,1996-10-09,2026-10-09,389317.0,NO,2012-10-26,5316700.0,5096.0
CIGI,Stock,7510.0,31.72,1995-01-20,2026-10-09,135307.0,NO,1997-11-21,4780415.0,10549.0
VSAT,Stock,7510.0,29.85,1996-12-03,2026-10-09,2934836.0,NO,2024-06-28,18455500.0,833.0
DB,Stock,7507.0,29.89,1996-11-18,2026-10-09,1746152.0,NO,2016-09-30,78597344.0,3661.0
PROV,Stock,7506.0,30.28,1996-06-28,2026-10-09,9936.0,NO,1996-06-28,3397050.0,11060.0
DGX,Stock,7500.0,29.81,1996-12-17,2026-10-09,775435.0,NO,2002-12-11,31680200.0,8703.0
RUSHB,Stock,7498.0,30.34,1996-06-07,2026-10-09,141301.0,NO,1996-06-07,3476419.0,11081.0
CWCO,Stock,7487.0,31.7,1995-01-25,2026-10-09,104783.0,NO,2023-06-23,2216500.0,1204.0
ESLT,Stock,7484.0,29.86,1996-11-27,2026-10-09,64389.0,NO,1997-09-25,2566300.0,10606.0
LAD,Stock,7479.0,29.81,1996-12-18,2026-10-09,244364.0,NO,2012-08-01,7119800.0,5182.0
KRC,Stock,7471.0,29.69,1997-01-29,2026-10-09,1027301.0,NO,2013-02-28,11855100.0,4971.0
NSP,Stock,7470.0,29.69,1997-01-29,2026-10-09,320249.0,NO,1999-01-28,17205200.0,10116.0
KMX,Stock,7467.0,29.68,1997-02-04,2026-10-09,2011129.0,NO,2010-06-25,42565300.0,5950.0
MTN,Stock,7467.0,29.68,1997-02-04,2026-10-09,720214.0,NO,1997-02-04,6573500.0,10839.0
VCEL,Stock,7465.0,29.68,1997-02-04,2026-10-09,506881.0,NO,2016-12-14,53758900.0,3586.0
CIEN,Stock,7464.0,29.67,1997-02-07,2026-10-09,3769813.0,NO,2011-06-08,36581000.0,5602.0
HAFC,Stock,7453.0,32.51,1994-04-06,2026-10-09,173287.0,NO,2011-11-15,2889588.0,5442.0
DAR,Stock,7447.0,32.08,1994-09-09,2026-10-09,2697215.0,NO,2013-12-13,34955800.0,4683.0
SLGN,Stock,7446.0,29.65,1997-02-14,2026-10-09,868467.0,NO,1997-02-14,27013600.0,10829.0
STRL,Stock,7443.0,35.24,1991-07-12,2026-10-09,380831.0,NO,2025-04-16,7646100.0,541.0
EWO,ETF,7441.0,30.56,1996-03-18,2026-10-09,36307.0,NO,2007-04-04,2815100.0,7128.0
FCBC,Stock,7434.0,32.5,1994-04-08,2026-10-09,143200.0,NO,2009-06-05,1280100.0,6335.0
EWK,ETF,7433.0,30.56,1996-03-18,2026-10-09,18489.0,NO,2016-05-11,11977500.0,3803.0
EEFT,Stock,7421.0,29.59,1997-03-07,2026-10-09,784061.0,NO,2022-01-31,8640700.0,1712.0
CALM,Stock,7419.0,29.82,1996-12-12,2026-10-09,1198164.0,NO,2004-03-29,11822400.0,8229.0
ALV,Stock,7410.0,29.45,1997-04-28,2026-10-09,540144.0,NO,2009-03-25,21777720.0,6407.0
VTR,Stock,7405.0,29.43,1997-05-05,2026-10-09,4088214.0,NO,2009-03-03,28828394.0,6429.0
RMBS,Stock,7398.0,29.4,1997-05-14,2026-10-09,1077379.0,NO,2000-06-16,64340700.0,9611.0
TTWO,Stock,7397.0,29.48,1997-04-15,2026-10-09,1932392.0,NO,2009-12-04,52797400.0,6153.0
AMZN,Stock,7397.0,29.4,1997-05-15,2026-10-09,33510286.0,NO,2007-04-25,2086584000.0,7107.0
RYAAY,Stock,7388.0,29.36,1997-05-29,2026-10-09,2569039.0,NO,1997-05-29,169361878.0,10725.0
ARE,Stock,7385.0,29.37,1997-05-28,2026-10-09,1195499.0,NO,2017-03-17,16444300.0,3493.0
SRPT,Stock,7383.0,29.35,1997-06-04,2026-10-09,3014127.0,NO,2025-07-18,78437700.0,448.0
QCRH,Stock,7383.0,33.01,1993-10-06,2026-10-09,115221.0,NO,2015-06-26,1448300.0,4123.0
WLFC,Stock,7382.0,30.06,1996-09-18,2026-10-09,185762.0,NO,1996-09-18,2672400.0,10978.0
LOGI,Stock,7380.0,29.54,1997-03-27,2026-10-09,820203.0,NO,2003-07-09,20095600.0,8493.0
RL,Stock,7378.0,29.33,1997-06-12,2026-10-09,367790.0,NO,1997-06-12,19963800.0,10711.0
MMS,Stock,7377.0,29.32,1997-06-13,2026-10-09,734817.0,NO,2007-11-15,20118000.0,6903.0
BXP,Stock,7374.0,29.31,1997-06-18,2026-10-09,1450571.0,NO,2026-02-27,18749500.0,224.0
PSO,Stock,7373.0,29.84,1996-12-05,2026-10-09,669417.0,NO,2015-06-09,9002800.0,4140.0
NVEC,Stock,7369.0,31.38,1995-05-23,2026-10-09,113220.0,NO,2004-08-17,7825100.0,8088.0
FIX,Stock,7367.0,29.28,1997-06-27,2026-10-09,204055.0,NO,2025-12-19,8010000.0,294.0
RDNT,Stock,7362.0,29.76,1997-01-03,2026-10-09,507435.0,NO,2019-11-19,8417900.0,2516.0
CCBG,Stock,7357.0,32.34,1994-06-06,2026-10-09,84366.0,NO,2026-03-20,592200.0,203.0
CXW,Stock,7356.0,29.23,1997-07-15,2026-10-09,1402502.0,NO,2016-08-18,39922800.0,3704.0
JLL,Stock,7353.0,29.23,1997-07-17,2026-10-09,397091.0,NO,2009-06-11,7774800.0,6329.0
CNOB,Stock,7343.0,32.51,1994-04-04,2026-10-09,285435.0,NO,2026-06-26,1948300.0,105.0
MT,Stock,7339.0,29.17,1997-08-07,2026-10-09,1312534.0,NO,2013-01-10,32161712.0,5020.0
HIFS,Stock,7334.0,37.82,1988-12-14,2026-10-09,38290.0,NO,2025-10-10,253500.0,364.0
OZK,Stock,7333.0,29.23,1997-07-17,2026-10-09,1504875.0,NO,2018-10-19,20330800.0,2912.0
SLG,Stock,7333.0,29.15,1997-08-15,2026-10-09,571367.0,NO,2023-03-17,18745600.0,1302.0
YUM,Stock,7311.0,29.06,1997-09-17,2026-10-09,3138484.0,NO,2015-10-07,51106314.0,4020.0
PLUS,Stock,7304.0,29.9,1996-11-15,2026-10-09,157413.0,NO,1999-11-30,11105200.0,9810.0
NLY,Stock,7296.0,29.0,1997-10-08,2026-10-09,10380671.0,NO,2022-09-16,75349775.0,1484.0
TSM,Stock,7295.0,29.0,1997-10-09,2026-10-09,9207499.0,NO,2025-01-27,68667500.0,620.0
OSIS,Stock,7294.0,29.02,1997-10-02,2026-10-09,134839.0,NO,2000-03-17,22021400.0,9702.0
CHRW,Stock,7290.0,28.98,1997-10-16,2026-10-09,1888689.0,NO,2007-03-01,24014000.0,7162.0
INVX,Stock,7285.0,28.96,1997-10-23,2026-10-09,606775.0,NO,1997-10-23,8491800.0,10578.0
DMC,Stock,7284.0,28.96,1997-10-24,2026-10-09,434781.0,NO,2008-06-16,9928200.0,6689.0
SSB,Stock,7284.0,29.69,1997-01-28,2026-10-09,781747.0,NO,2025-06-27,16156800.0,469.0
PEBK,Stock,7282.0,40.98,1985-10-16,2026-10-09,14714.0,NO,2024-06-28,742100.0,833.0
GPI,Stock,7280.0,28.94,1997-10-30,2026-10-09,394502.0,NO,2006-06-21,4623000.0,7415.0
CWST,Stock,7280.0,28.94,1997-10-29,2026-10-09,556005.0,NO,2025-12-19,11025800.0,294.0
FE,Stock,7273.0,28.91,1997-11-10,2026-10-09,2900225.0,NO,2020-07-22,135941100.0,2270.0
PSMT,Stock,7272.0,29.1,1997-09-02,2026-10-09,220346.0,NO,2019-09-25,4886600.0,2571.0
SAH,Stock,7269.0,28.91,1997-11-12,2026-10-09,228185.0,NO,2009-09-18,10268600.0,6230.0
MTD,Stock,7269.0,28.9,1997-11-14,2026-10-09,179966.0,NO,1999-01-29,5587700.0,10115.0
CM,Stock,7268.0,28.9,1997-11-13,2026-10-09,477976.0,NO,2017-06-23,26519600.0,3395.0
EPR,Stock,7267.0,28.89,1997-11-18,2026-10-09,583350.0,NO,2016-01-15,10387300.0,3920.0
AMG,Stock,7264.0,28.88,1997-11-21,2026-10-09,310718.0,NO,2019-12-20,8956800.0,2485.0
PLD,Stock,7264.0,28.88,1997-11-21,2026-10-09,3310448.0,NO,2011-06-02,47686200.0,5608.0
SNDA,Stock,7252.0,28.94,1997-10-31,2026-10-09,579051.0,NO,2026-06-26,3873100.0,105.0
INGR,Stock,7251.0,28.83,1997-12-11,2026-10-09,629044.0,NO,2008-06-23,15828600.0,6682.0
POWI,Stock,7250.0,28.82,1997-12-12,2026-10-09,365452.0,NO,2000-03-24,19421400.0,9695.0
CASH,Stock,7248.0,33.05,1993-09-20,2026-10-09,128707.0,NO,2017-09-15,3960000.0,3311.0
URI,Stock,7246.0,28.81,1997-12-18,2026-10-09,387978.0,NO,2007-11-14,36409300.0,6904.0
AEE,Stock,7237.0,28.77,1998-01-02,2026-10-09,1482423.0,NO,2009-09-10,17604800.0,6238.0
DIA,ETF,7226.0,28.72,1998-01-20,2026-10-09,2629963.0,NO,2008-11-21,91695200.0,6531.0
WPC,Stock,7225.0,28.71,1998-01-21,2026-10-09,1144199.0,NO,2023-11-29,34714900.0,1045.0
MRCY,Stock,7218.0,28.69,1998-01-30,2026-10-09,294169.0,NO,2023-08-18,13314400.0,1148.0
VRSN,Stock,7218.0,28.69,1998-01-30,2026-10-09,503959.0,NO,2002-04-26,87809700.0,8932.0
CSR,Stock,7213.0,28.98,1997-10-17,2026-10-09,330664.0,NO,2020-02-07,2561800.0,2436.0
PWR,Stock,7209.0,28.65,1998-02-12,2026-10-09,685339.0,NO,2009-06-30,41581400.0,6310.0
AMT,Stock,7199.0,28.61,1998-02-27,2026-10-09,8468306.0,NO,2007-11-16,65933700.0,6902.0
CNXN,Stock,7197.0,28.6,1998-03-03,2026-10-09,99108.0,NO,1998-12-24,7898850.0,10151.0
PRDO,Stock,7195.0,28.69,1998-01-29,2026-10-09,450067.0,NO,2003-12-04,50803900.0,8345.0
RBA,Stock,7183.0,28.58,1998-03-10,2026-10-09,2144158.0,NO,2024-06-21,27178500.0,840.0
MAR,Stock,7183.0,28.55,1998-03-23,2026-10-09,834024.0,NO,2020-03-18,25881800.0,2396.0
BSRR,Stock,7182.0,32.48,1994-04-18,2026-10-09,34559.0,NO,2014-03-04,376100.0,4602.0
COLM,Stock,7179.0,28.54,1998-03-27,2026-10-09,595060.0,NO,1998-03-27,21024900.0,10423.0
IESC,Stock,7176.0,28.7,1998-01-28,2026-10-09,194706.0,NO,2007-09-06,3893000.0,6973.0
MANH,Stock,7161.0,28.46,1998-04-23,2026-10-09,449082.0,NO,2002-07-09,41219600.0,8858.0
CAC,Stock,7160.0,29.0,1997-10-08,2026-10-09,64758.0,NO,2008-06-27,1144050.0,6678.0
WTFC,Stock,7157.0,28.48,1998-04-16,2026-10-09,294747.0,NO,2017-03-31,9169400.0,3479.0
AMKR,Stock,7155.0,28.44,1998-05-01,2026-10-09,4242726.0,NO,2021-02-12,27265800.0,2065.0
WDS,Stock,7153.0,29.89,1996-11-18,2026-10-09,424970.0,NO,2026-06-12,6934900.0,119.0
FMX,Stock,7149.0,28.41,1998-05-11,2026-10-09,532833.0,NO,2009-10-02,12850500.0,6216.0
FHI,Stock,7146.0,28.41,1998-05-14,2026-10-09,958440.0,NO,2003-04-15,15420000.0,8578.0
CRAI,Stock,7142.0,28.46,1998-04-24,2026-10-09,114418.0,NO,1998-04-24,3292600.0,10395.0
IOSP,Stock,7142.0,28.41,1998-05-13,2026-10-09,182352.0,NO,2011-06-24,4692000.0,5586.0
AXTI,Stock,7141.0,28.39,1998-05-21,2026-10-09,8728062.0,NO,2024-02-23,103105600.0,959.0
WCN,Stock,7138.0,28.38,1998-05-22,2026-10-09,1782364.0,NO,2016-05-31,46882200.0,3783.0
OSPN,Stock,7136.0,28.39,1998-05-21,2026-10-09,535455.0,NO,2015-02-17,17302400.0,4252.0
HLIO,Stock,7129.0,29.75,1997-01-09,2026-10-09,347936.0,NO,2018-02-02,3161100.0,3171.0
MSTR,Stock,7127.0,28.33,1998-06-11,2026-10-09,15940127.0,NO,2024-11-21,100444000.0,687.0
SNEX,Stock,7124.0,31.59,1995-03-06,2026-10-09,587426.0,NO,2006-12-21,12345413.0,7232.0
HZO,Stock,7121.0,28.35,1998-06-03,2026-10-09,1398578.0,NO,2026-08-10,7672600.0,60.0
DOX,Stock,7121.0,28.31,1998-06-19,2026-10-09,1201143.0,NO,2002-06-21,20656300.0,8876.0
CTSH,Stock,7121.0,28.31,1998-06-19,2026-10-09,5100040.0,NO,2003-02-07,121130400.0,8645.0
ICLR,Stock,7121.0,28.4,1998-05-15,2026-10-09,712871.0,NO,2026-02-12,23558100.0,239.0
SRE,Stock,7115.0,28.28,1998-06-29,2026-10-09,3370845.0,NO,2025-02-25,29513700.0,591.0
CLS,Stock,7114.0,28.28,1998-06-30,2026-10-09,1237011.0,NO,2025-01-27,17004700.0,620.0
RSG,Stock,7113.0,28.27,1998-07-01,2026-10-09,1311049.0,NO,2001-12-13,31271850.0,9066.0
GIL,Stock,7111.0,28.31,1998-06-19,2026-10-09,1225436.0,NO,2008-04-29,31436000.0,6737.0
BELFB,Stock,7107.0,28.25,1998-07-10,2026-10-09,106695.0,NO,2021-08-02,2749000.0,1894.0
CSGP,Stock,7105.0,28.27,1998-07-01,2026-10-09,4093566.0,NO,2022-09-16,54034900.0,1484.0
LEU,Stock,7096.0,28.21,1998-07-23,2026-10-09,572122.0,NO,2016-03-08,15029500.0,3867.0
ACNB,Stock,7095.0,32.51,1994-04-04,2026-10-09,33782.0,NO,2021-06-25,1186600.0,1932.0
EPD,Stock,7095.0,28.2,1998-07-28,2026-10-09,3418052.0,NO,2020-03-12,36622200.0,2402.0
LKFN,Stock,7092.0,29.15,1997-08-14,2026-10-09,222450.0,NO,2021-08-03,5173700.0,1893.0
DHY,Stock,7092.0,28.2,1998-07-29,2026-10-09,32702.0,NO,2021-03-02,7011300.0,2047.0
RBCAA,Stock,7092.0,28.22,1998-07-22,2026-10-09,128293.0,NO,1998-07-22,1380329.0,10306.0
AU,Stock,7089.0,28.18,1998-08-05,2026-10-09,2163061.0,NO,2018-06-15,45859100.0,3038.0
CCI,Stock,7079.0,28.14,1998-08-18,2026-10-09,14173417.0,NO,2012-03-13,49940000.0,5323.0
HFWA,Stock,7061.0,28.42,1998-05-07,2026-10-09,196704.0,NO,2018-06-29,5464900.0,3024.0
EBAY,Stock,7054.0,28.04,1998-09-24,2026-10-09,2556330.0,NO,1998-11-10,577698739.0,10195.0
RGCO,Stock,7050.0,32.68,1994-02-01,2026-10-09,18101.0,NO,2021-06-25,1213800.0,1932.0
GIB,Stock,7044.0,28.01,1998-10-07,2026-10-09,279057.0,NO,2014-01-10,2241600.0,4655.0
AEHR,Stock,7044.0,29.15,1997-08-15,2026-10-09,2067348.0,NO,2021-07-19,139700300.0,1908.0
TVC,Stock,7040.0,27.99,1998-10-14,2026-10-09,19099.0,NO,2008-03-11,3159300.0,6786.0
DDT,Stock,7038.0,27.99,1998-10-14,2026-10-09,56311.0,NO,2018-07-20,1151400.0,3003.0
NBN,Stock,7030.0,39.14,1987-08-19,2026-10-09,59848.0,NO,2021-06-25,1137100.0,1932.0
TIMB,Stock,7017.0,27.9,1998-11-16,2026-10-09,1075512.0,NO,2012-07-19,10590000.0,5195.0
PAA,Stock,7015.0,27.89,1998-11-18,2026-10-09,1854344.0,NO,2020-03-20,24882700.0,2394.0
SBSI,Stock,7002.0,28.41,1998-05-13,2026-10-09,88409.0,NO,2015-01-26,3583964.0,4274.0
TSBK,Stock,6999.0,28.74,1998-01-13,2026-10-09,13801.0,NO,1998-01-13,7028400.0,10496.0
XLV,ETF,6992.0,27.8,1998-12-22,2026-10-09,7035528.0,NO,2015-09-28,66470200.0,4029.0
XLB,ETF,6992.0,27.8,1998-12-22,2026-10-09,7064616.0,NO,2011-08-04,78015800.0,5545.0
XLY,ETF,6992.0,27.8,1998-12-22,2026-10-09,6872601.0,NO,2014-02-03,64955400.0,4631.0
XLU,ETF,6992.0,27.8,1998-12-22,2026-10-09,16735225.0,NO,2020-02-28,180526200.0,2415.0
XLE,ETF,6992.0,27.8,1998-12-22,2026-10-09,27270976.0,NO,2020-11-09,198713400.0,2160.0
XLF,ETF,6992.0,27.8,1998-12-22,2026-10-09,35412884.0,NO,2008-09-18,1050592272.0,6595.0
XLP,ETF,6992.0,27.8,1998-12-22,2026-10-09,7702695.0,NO,2015-08-24,68723800.0,4064.0
XLK,ETF,6992.0,27.8,1998-12-22,2026-10-09,5507363.0,NO,2018-10-11,136539000.0,2920.0
XLI,ETF,6991.0,27.8,1998-12-22,2026-10-09,3836171.0,NO,2020-02-28,79118200.0,2415.0
CIX,Stock,6988.0,28.59,1998-03-06,2026-10-09,9284.0,NO,1998-03-06,3453400.0,10444.0
BUSE,Stock,6988.0,28.01,1998-10-06,2026-10-09,535173.0,NO,2026-09-18,2952100.0,21.0
EVI,Stock,6981.0,36.54,1990-03-27,2026-10-09,56278.0,NO,2010-03-10,943600.0,6057.0
REPX,Stock,6980.0,27.78,1998-12-28,2026-10-09,187259.0,NO,2020-10-21,5758100.0,2179.0
NVDA,Stock,6972.0,27.71,1999-01-22,2026-10-09,84307452.0,NO,2003-05-09,9230856000.0,8554.0
IX,Stock,6969.0,28.06,1998-09-16,2026-10-09,268987.0,NO,2009-07-31,2705000.0,6279.0
EWBC,Stock,6963.0,27.68,1999-02-03,2026-10-09,663698.0,NO,2010-06-25,19006800.0,5950.0
KFY,Stock,6958.0,27.66,1999-02-11,2026-10-09,341443.0,NO,1999-02-11,7954500.0,10102.0
DSGX,Stock,6952.0,27.7,1999-01-27,2026-10-09,385873.0,NO,1999-01-27,5972200.0,10117.0
PB,Stock,6942.0,27.91,1998-11-12,2026-10-09,578341.0,NO,2010-02-26,7257300.0,6069.0
BHB,Stock,6941.0,29.04,1997-09-23,2026-10-09,65704.0,NO,2012-06-22,903375.0,5222.0
UNTY,Stock,6940.0,29.73,1997-01-14,2026-10-09,39645.0,NO,2021-06-25,1132400.0,1932.0
QQQ,ETF,6940.0,27.58,1999-03-10,2026-10-09,20817259.0,NO,2008-09-15,616772300.0,6598.0
NOVT,Stock,6930.0,27.55,1999-03-24,2026-10-09,281814.0,NO,2022-07-25,6805900.0,1537.0
MKSI,Stock,6925.0,27.53,1999-03-30,2026-10-09,636381.0,NO,2017-11-21,9564400.0,3244.0
BKNG,Stock,6925.0,27.53,1999-03-31,2026-10-09,4218321.0,NO,2003-11-05,395902500.0,8374.0
TREX,Stock,6920.0,27.5,1999-04-08,2026-10-09,1368421.0,NO,2005-06-23,27536000.0,7778.0
EXTR,Stock,6919.0,27.5,1999-04-09,2026-10-09,1331818.0,NO,2003-12-16,38450300.0,8333.0
SIM,Stock,6918.0,33.26,1993-07-01,2026-10-05,5300.0,NO,2007-02-09,4092500.0,7178.0
CNX,Stock,6904.0,27.44,1999-04-30,2026-10-09,1662508.0,NO,2016-03-03,86523120.0,3872.0
GS,Stock,6902.0,27.43,1999-05-04,2026-10-09,1857084.0,NO,2008-09-18,114590700.0,6595.0
WCC,Stock,6896.0,27.41,1999-05-12,2026-10-09,843574.0,NO,2023-06-16,7823100.0,1211.0
TVE,Stock,6891.0,27.39,1999-05-19,2026-10-09,637.0,NO,2000-05-24,2821300.0,9634.0
KT,Stock,6886.0,27.37,1999-05-26,2026-10-09,4920157.0,NO,2001-12-18,11629800.0,9061.0
FFIV,Stock,6880.0,27.35,1999-06-04,2026-10-09,500969.0,NO,2005-07-21,26240600.0,7750.0
SBAC,Stock,6871.0,27.32,1999-06-16,2026-10-09,2355496.0,NO,2017-08-31,23507200.0,3326.0
UTHR,Stock,6870.0,27.31,1999-06-17,2026-10-09,561995.0,NO,2007-11-01,29067800.0,6917.0
UTMD,Stock,6852.0,27.59,1999-03-08,2026-10-09,45314.0,NO,2003-05-12,1520000.0,8551.0
HSBC,Stock,6851.0,27.23,1999-07-16,2026-10-09,2016291.0,NO,2025-02-28,24038600.0,588.0
CZNC,Stock,6850.0,32.51,1994-04-05,2026-10-09,59161.0,NO,2008-06-27,901600.0,6678.0
ZD,Stock,6846.0,27.21,1999-07-23,2026-10-09,326690.0,NO,2003-10-21,29652750.0,8389.0
BMRN,Stock,6843.0,27.21,1999-07-26,2026-10-09,2146354.0,NO,2020-08-19,34099100.0,2242.0
LII,Stock,6842.0,27.2,1999-07-29,2026-10-09,377497.0,NO,2024-12-20,7306000.0,658.0
QMCO,Stock,6840.0,27.19,1999-08-02,2026-10-09,1200228.0,NO,2024-11-22,39483900.0,686.0
CCNE,Stock,6833.0,32.51,1994-04-04,2026-10-09,84147.0,NO,2009-06-26,1102100.0,6314.0
NTCT,Stock,6832.0,27.16,1999-08-12,2026-10-09,360679.0,NO,2021-11-04,16146600.0,1800.0
CASS,Stock,6829.0,30.27,1996-07-02,2026-10-09,54462.0,NO,2021-06-25,857800.0,1932.0
ARLP,Stock,6829.0,27.15,1999-08-17,2026-10-09,186075.0,NO,1999-08-17,13010400.0,9915.0
MBWM,Stock,6827.0,27.22,1999-07-20,2026-10-09,132763.0,NO,2012-06-22,1140400.0,5222.0
AVNT,Stock,6811.0,27.07,1999-09-13,2026-10-09,2603271.0,NO,2014-04-30,15544600.0,4545.0
MFC,Stock,6802.0,27.04,1999-09-24,2026-10-09,808011.0,NO,2004-04-28,42675000.0,8199.0
RDWR,Stock,6798.0,27.03,1999-09-30,2026-10-09,423717.0,NO,2010-09-14,19026400.0,5869.0
BLK,Stock,6797.0,27.02,1999-10-01,2026-10-09,376723.0,NO,2012-05-23,22888000.0,5252.0
ATLC,Stock,6790.0,27.46,1999-04-23,2026-10-09,105847.0,NO,2001-01-31,14195200.0,9382.0
FISI,Stock,6787.0,27.29,1999-06-25,2026-10-09,62722.0,NO,2006-06-30,1357500.0,7406.0
TKO,Stock,6785.0,26.97,1999-10-19,2026-10-09,807892.0,NO,2014-05-16,40965100.0,4529.0
YORW,Stock,6782.0,27.44,1999-05-03,2026-10-09,142205.0,NO,2009-06-26,1911400.0,6314.0
AKAM,Stock,6777.0,26.95,1999-10-29,2026-10-09,5793256.0,NO,2009-07-30,62872400.0,6280.0
KTOS,Stock,6772.0,26.93,1999-11-05,2026-10-09,4182628.0,NO,2025-09-19,35427700.0,385.0
UPS,Stock,6769.0,26.91,1999-11-10,2026-10-09,3563954.0,NO,2002-07-19,94752600.0,8848.0
A,Stock,6763.0,26.89,1999-11-18,2026-10-09,1537153.0,NO,1999-11-18,62546380.0,9822.0
BBH,ETF,6760.0,26.88,1999-11-23,2026-10-09,10863.0,NO,2002-07-11,13257600.0,8856.0
TDY,Stock,6760.0,26.88,1999-11-23,2026-10-09,183677.0,NO,2020-06-19,6953100.0,2303.0
ATI,Stock,6757.0,26.86,1999-11-29,2026-10-09,817839.0,NO,2025-03-21,25961500.0,567.0
UVSP,Stock,6754.0,28.48,1998-04-16,2026-10-09,135083.0,NO,2017-11-30,1435900.0,3235.0
SNN,Stock,6734.0,26.9,1999-11-16,2026-10-09,982895.0,NO,2014-05-28,6735055.0,4517.0
PKG,Stock,6715.0,26.7,2000-01-28,2026-10-09,459504.0,NO,2017-07-25,22606500.0,3363.0
PPH,ETF,6713.0,26.69,2000-02-01,2026-10-09,273353.0,NO,2006-11-09,12173000.0,7274.0
CIVB,Stock,6694.0,32.51,1994-04-06,2026-10-09,58960.0,NO,2017-06-23,1172300.0,3395.0
SLF,Stock,6677.0,26.55,2000-03-23,2026-10-09,274761.0,NO,2000-03-23,17882300.0,9696.0
SLAB,Stock,6676.0,26.54,2000-03-24,2026-10-09,151571.0,NO,2004-07-27,14643300.0,8109.0
RTO,Stock,6675.0,29.89,1996-11-18,2026-10-09,2332159.0,NO,2022-10-18,11853100.0,1452.0
EW,Stock,6675.0,26.54,2000-03-27,2026-10-09,3890411.0,NO,2011-03-31,139237800.0,5671.0
EPC,Stock,6675.0,26.54,2000-03-27,2026-10-09,301458.0,NO,2011-02-01,12842345.0,5729.0
IBN,Stock,6672.0,26.53,2000-03-28,2026-10-09,3627420.0,NO,2009-05-18,150552600.0,6353.0
MET,Stock,6668.0,26.51,2000-04-05,2026-10-09,2336136.0,NO,2011-03-03,151462370.0,5699.0
SMBC,Stock,6662.0,32.49,1994-04-12,2026-10-09,100596.0,NO,1994-04-13,1702400.0,11867.0
EXEL,Stock,6660.0,26.48,2000-04-17,2026-10-09,2665498.0,NO,2015-07-20,74607500.0,4099.0
WLYB,Stock,6651.0,44.06,1982-09-14,2026-10-07,187.0,NO,1986-09-23,923200.0,14624.0
TOWN,Stock,6650.0,27.43,1999-05-05,2026-10-09,434592.0,NO,2026-03-20,3382300.0,203.0
ON,Stock,6650.0,26.44,2000-05-02,2026-10-09,10292201.0,NO,2022-06-17,93180900.0,1575.0
UBS,Stock,6639.0,26.4,2000-05-16,2026-10-09,1657425.0,NO,2023-03-20,40634500.0,1299.0
EWY,ETF,6639.0,26.41,2000-05-12,2026-10-09,6514952.0,NO,2026-03-03,65699600.0,220.0
IVV,ETF,6637.0,26.39,2000-05-19,2026-10-09,3080272.0,NO,2025-12-16,40598500.0,297.0
IYW,ETF,6637.0,26.39,2000-05-19,2026-10-09,405415.0,NO,2015-02-02,52116000.0,4267.0
IWB,ETF,6634.0,26.39,2000-05-19,2026-10-09,308035.0,NO,2008-11-21,20341700.0,6531.0
IVE,ETF,6632.0,26.37,2000-05-26,2026-10-09,626227.0,NO,2025-11-18,21719200.0,325.0
IJH,ETF,6632.0,26.37,2000-05-26,2026-10-09,6054593.0,NO,2014-02-03,162593500.0,4631.0
IWM,ETF,6632.0,26.37,2000-05-26,2026-10-09,18692275.0,NO,2008-09-18,355117000.0,6595.0
IWF,ETF,6632.0,26.37,2000-05-26,2026-10-09,3544082.0,NO,2011-09-22,68434400.0,5496.0
IWD,ETF,6632.0,26.37,2000-05-26,2026-10-09,1251301.0,NO,2008-12-22,13494400.0,6500.0
IJR,ETF,6632.0,26.37,2000-05-26,2026-10-09,2489708.0,NO,2005-10-13,25430200.0,7666.0
IVW,ETF,6631.0,26.37,2000-05-26,2026-10-09,1278494.0,NO,2024-03-14,55163800.0,939.0
IYZ,ETF,6631.0,26.37,2000-05-26,2026-10-09,774585.0,NO,2023-07-10,8922100.0,1187.0
IWV,ETF,6630.0,26.37,2000-05-26,2026-10-09,388341.0,NO,2004-01-23,18966400.0,8295.0
IYF,ETF,6629.0,26.36,2000-05-31,2026-10-09,164831.0,NO,2008-09-18,59441400.0,6595.0
INSM,Stock,6629.0,26.35,2000-06-01,2026-10-09,2474041.0,NO,2025-06-27,34487800.0,469.0
SMH,ETF,6627.0,26.34,2000-06-05,2026-10-09,5434819.0,NO,2004-12-09,106899600.0,7974.0
IYY,ETF,6618.0,26.31,2000-06-16,2026-10-09,35040.0,NO,2016-01-25,2573400.0,3910.0
ISRG,Stock,6618.0,26.31,2000-06-16,2026-10-09,1761570.0,NO,2007-07-20,80133300.0,7021.0
IYH,ETF,6618.0,26.31,2000-06-16,2026-10-09,931133.0,NO,2014-10-20,30194000.0,4372.0
IYE,ETF,6616.0,26.31,2000-06-16,2026-10-09,860032.0,NO,2021-03-23,42603500.0,2026.0
CRL,Stock,6613.0,26.29,2000-06-23,2026-10-09,679782.0,NO,2025-04-11,11604900.0,546.0
IYR,ETF,6612.0,26.31,2000-06-19,2026-10-09,7318191.0,NO,2008-11-24,93279100.0,6528.0
PUK,Stock,6609.0,26.28,2000-06-29,2026-10-09,804658.0,NO,2010-05-20,6585409.0,5986.0
MRVL,Stock,6608.0,26.28,2000-06-30,2026-10-09,15024644.0,NO,2026-06-18,250989400.0,113.0
IYG,ETF,6607.0,26.3,2000-06-21,2026-10-09,250796.0,NO,2009-04-24,19030200.0,6377.0
IDU,ETF,6604.0,26.3,2000-06-20,2026-10-09,77465.0,NO,2014-12-29,19570000.0,4302.0
BBT,Stock,6604.0,26.28,2000-06-28,2026-10-09,662488.0,NO,2018-06-08,7068600.0,3045.0
ACLS,Stock,6602.0,26.25,2000-07-11,2026-10-09,235264.0,NO,2017-10-18,5688300.0,3278.0
ENTG,Stock,6602.0,26.25,2000-07-11,2026-10-09,1479992.0,NO,2025-03-05,22198800.0,583.0
EWT,ETF,6597.0,26.29,2000-06-23,2026-10-09,4022291.0,NO,2009-04-29,37344000.0,6372.0
ECPG,Stock,6595.0,27.25,1999-07-09,2026-10-09,141220.0,NO,2005-01-20,6711200.0,7932.0
EMBJ,Stock,6594.0,26.22,2000-07-21,2026-10-09,3359961.0,NO,2017-12-21,16914800.0,3214.0
EPAC,Stock,6593.0,26.21,2000-07-24,2026-10-09,253873.0,NO,2006-06-20,17054400.0,7416.0
HSTM,Stock,6591.0,26.49,2000-04-11,2026-10-09,217974.0,NO,2011-06-24,2252800.0,5586.0
GGAL,Stock,6590.0,26.21,2000-07-25,2026-10-09,805732.0,NO,2019-08-12,30223700.0,2615.0
IEV,ETF,6589.0,26.2,2000-07-28,2026-10-09,134202.0,NO,2008-02-12,10492800.0,6814.0
IJK,ETF,6589.0,26.2,2000-07-28,2026-10-09,310849.0,NO,2008-10-01,20147200.0,6582.0
ILMN,Stock,6589.0,26.2,2000-07-28,2026-10-09,1893926.0,NO,2024-06-21,36257766.0,840.0
IWO,ETF,6589.0,26.2,2000-07-28,2026-10-09,168198.0,NO,2007-10-24,12894800.0,6925.0
CNQ,Stock,6588.0,26.19,2000-07-31,2026-10-09,3693265.0,NO,2020-03-31,48592657.0,2383.0
IWN,ETF,6586.0,26.2,2000-07-28,2026-10-09,1015059.0,NO,2011-08-05,7512000.0,5544.0
EZU,ETF,6584.0,26.19,2000-07-31,2026-10-09,1157763.0,NO,2025-04-28,36625400.0,529.0
BRKR,Stock,6584.0,26.18,2000-08-04,2026-10-09,1465523.0,NO,2025-09-03,18329700.0,401.0
IJJ,ETF,6581.0,26.2,2000-07-28,2026-10-09,85420.0,NO,2008-10-01,8870600.0,6582.0
IJT,ETF,6581.0,26.2,2000-07-28,2026-10-09,123320.0,NO,2008-10-01,7823200.0,6582.0
PBR,Stock,6580.0,26.16,2000-08-10,2026-10-09,26057787.0,NO,2021-02-22,207564100.0,2055.0
EQIX,Stock,6579.0,26.16,2000-08-11,2026-10-09,318078.0,NO,2010-10-06,30574200.0,5847.0
IJS,ETF,6577.0,26.2,2000-07-28,2026-10-09,118652.0,NO,2012-05-22,15473600.0,5253.0
IYK,ETF,6571.0,26.31,2000-06-16,2026-10-09,161524.0,NO,2006-01-20,8697300.0,7567.0
IYC,ETF,6571.0,26.28,2000-06-28,2026-10-09,70517.0,NO,2002-09-09,9072400.0,8796.0
EWZ,ETF,6566.0,26.24,2000-07-14,2026-10-09,56675543.0,NO,2026-10-05,190603400.0,4.0
IYM,ETF,6564.0,26.3,2000-06-20,2026-10-09,128956.0,NO,2009-03-26,6265500.0,6406.0
IA,Stock,6562.0,26.18,2000-08-04,2026-10-09,190641.0,NO,2000-08-04,5502150.0,9562.0
IUSG,ETF,6558.0,26.2,2000-07-28,2026-10-09,383047.0,NO,2018-12-11,8178500.0,2859.0
IYJ,ETF,6553.0,26.24,2000-07-14,2026-10-09,78037.0,NO,2014-02-10,17215800.0,4624.0
UMC,Stock,6553.0,26.05,2000-09-19,2026-10-09,5232400.0,NO,2025-03-31,50395100.0,557.0
TTMI,Stock,6549.0,26.04,2000-09-25,2026-10-09,2124221.0,NO,2016-11-17,20793200.0,3613.0
PGC,Stock,6545.0,27.45,1999-04-27,2026-10-09,109930.0,NO,2014-10-29,1283800.0,4363.0
ITGR,Stock,6544.0,26.03,2000-09-29,2026-10-09,1439779.0,NO,2025-10-23,14161400.0,351.0
ASR,Stock,6543.0,26.03,2000-09-28,2026-10-09,61702.0,NO,2000-09-28,5731600.0,9507.0
IUSV,ETF,6542.0,26.18,2000-08-04,2026-10-09,481794.0,NO,2015-09-25,5310900.0,4032.0
NEN,Stock,6542.0,38.89,1987-11-19,2026-10-09,125.0,NO,2006-07-07,229800.0,7399.0
TPR,Stock,6540.0,26.01,2000-10-06,2026-10-09,1813370.0,NO,2013-01-23,50973600.0,5007.0
CAMT,Stock,6540.0,26.2,2000-07-28,2026-10-09,245482.0,NO,2013-11-26,24046700.0,4700.0
ASX,Stock,6537.0,26.02,2000-10-02,2026-10-09,5370435.0,NO,2025-04-09,36777100.0,548.0
XNTK,ETF,6530.0,26.02,2000-10-02,2026-10-09,56307.0,NO,2001-12-05,5182000.0,9074.0
NTES,Stock,6523.0,26.28,2000-06-30,2026-10-09,806695.0,NO,2003-10-29,395796000.0,8381.0
OEF,ETF,6515.0,25.95,2000-10-27,2026-10-09,147896.0,NO,2026-03-12,30134500.0,211.0
RIGL,Stock,6503.0,25.86,2000-11-29,2026-10-09,279362.0,NO,2020-07-14,25850860.0,2278.0
SPTM,ETF,6503.0,26.0,2000-10-10,2026-10-09,275043.0,NO,2014-08-25,16814400.0,4428.0
FLR,Stock,6501.0,25.85,2000-12-01,2026-10-09,1597031.0,NO,2019-06-03,36298000.0,2685.0
NVMI,Stock,6499.0,26.49,2000-04-11,2026-10-09,184343.0,NO,2000-04-11,4895500.0,9677.0
GRMN,Stock,6496.0,25.83,2000-12-08,2026-10-09,586729.0,NO,2006-08-02,31320800.0,7373.0
IOO,ETF,6494.0,25.83,2000-12-08,2026-10-09,57291.0,NO,2008-04-30,6337800.0,6736.0
SPYG,ETF,6487.0,26.02,2000-10-02,2026-10-09,1347256.0,NO,2023-06-05,19715200.0,1222.0
SMID,Stock,6480.0,30.82,1995-12-13,2026-10-09,10925.0,NO,2002-03-21,1067700.0,8968.0
SLYG,ETF,6478.0,26.02,2000-10-02,2026-10-09,201123.0,NO,2018-10-05,4742100.0,2926.0
ANIP,Stock,6477.0,26.41,2000-05-12,2026-10-09,537541.0,NO,2021-11-01,4244200.0,1803.0
SLYV,ETF,6473.0,26.02,2000-10-02,2026-10-09,228882.0,NO,2025-02-10,4138600.0,606.0
GPN,Stock,6472.0,25.73,2001-01-16,2026-10-09,1776214.0,NO,2016-04-22,36730000.0,3822.0
ALGN,Stock,6462.0,25.69,2001-01-30,2026-10-09,1079153.0,NO,2006-09-28,24482300.0,7316.0
AMX,Stock,6453.0,25.65,2001-02-12,2026-10-09,3699473.0,NO,2008-04-25,114249200.0,6741.0
IBB,ETF,6453.0,25.65,2001-02-12,2026-10-09,2448145.0,NO,2015-09-28,35551800.0,4029.0
ICF,ETF,6451.0,25.68,2001-02-02,2026-10-09,386198.0,NO,2009-02-04,11440600.0,6456.0
DXPE,Stock,6448.0,28.42,1998-05-07,2026-10-09,141378.0,NO,2005-09-06,5090000.0,7703.0
OIH,ETF,6444.0,25.62,2001-02-26,2026-10-09,187313.0,NO,2007-05-21,3823260.0,7081.0
SPYV,ETF,6438.0,26.02,2000-10-02,2026-10-09,1308363.0,NO,2023-03-21,28136800.0,1298.0
IGM,ETF,6420.0,25.56,2001-03-19,2026-10-09,165351.0,NO,2018-10-12,11570400.0,2919.0
MUFG,Stock,6419.0,25.52,2001-04-02,2026-10-09,2480313.0,NO,2025-03-21,54976700.0,567.0
FRAF,Stock,6414.0,32.51,1994-04-06,2026-10-09,26092.0,NO,2025-06-27,552500.0,469.0
AGX,Stock,6388.0,30.99,1995-10-13,2026-10-09,187357.0,NO,2026-03-20,2581700.0,203.0
CFFI,Stock,6388.0,28.41,1998-05-13,2026-10-09,71517.0,NO,2014-06-27,463700.0,4487.0
RTH,ETF,6387.0,25.4,2001-05-17,2026-10-09,3941.0,NO,2008-01-23,67092000.0,6834.0
IDT,Stock,6381.0,25.4,2001-05-16,2026-10-09,259116.0,NO,2020-10-02,11877600.0,2198.0
DGT,ETF,6380.0,26.02,2000-10-02,2026-10-09,4224.0,NO,2009-09-09,311000.0,6239.0
WTW,Stock,6369.0,25.33,2001-06-12,2026-10-09,404669.0,NO,2016-01-04,22046981.0,3931.0
MDLZ,Stock,6369.0,25.32,2001-06-13,2026-10-09,4889738.0,NO,2008-08-01,101679900.0,6643.0
BMRC,Stock,6369.0,26.8,1999-12-23,2026-10-09,84216.0,NO,2009-06-26,1549000.0,6314.0
PNFP,Stock,6368.0,26.13,2000-08-22,2026-10-09,590736.0,NO,2025-12-31,8544800.0,282.0
BFH,Stock,6367.0,25.32,2001-06-15,2026-10-09,503387.0,NO,2008-01-28,42684447.0,6829.0
FTI,Stock,6367.0,25.32,2001-06-15,2026-10-09,1544459.0,NO,2021-02-11,186299232.0,2066.0
VTI,ETF,6367.0,25.32,2001-06-15,2026-10-09,2680517.0,NO,2008-11-24,42316200.0,6528.0
EQNR,Stock,6366.0,25.31,2001-06-18,2026-10-09,5966433.0,NO,2026-03-19,22092000.0,204.0
AXON,Stock,6365.0,25.31,2001-06-19,2026-10-09,723295.0,NO,2004-04-21,134827600.0,8206.0
FIS,Stock,6364.0,25.3,2001-06-20,2026-10-09,4145287.0,NO,2019-07-31,65404200.0,2627.0
FNLC,Stock,6363.0,27.24,1999-07-15,2026-10-09,35283.0,NO,2008-06-27,816000.0,6678.0
SOXX,ETF,6348.0,25.24,2001-07-13,2026-10-09,4897190.0,NO,2025-10-10,26691200.0,364.0
WTBA,Stock,6348.0,27.44,1999-05-03,2026-10-09,60291.0,NO,2008-06-27,1673400.0,6678.0
ACN,Stock,6344.0,25.22,2001-07-19,2026-10-09,4875161.0,NO,2011-07-05,89655900.0,5575.0
ZBH,Stock,6340.0,25.21,2001-07-25,2026-10-09,1604127.0,NO,2006-06-26,13186472.0,7410.0
IGV,ETF,6339.0,25.23,2001-07-17,2026-10-09,5784039.0,NO,2026-02-24,50584600.0,227.0
ARWR,Stock,6337.0,32.81,1993-12-16,2026-10-09,2765660.0,NO,2014-10-08,54778100.0,4384.0
PDFS,Stock,6336.0,25.19,2001-07-31,2026-10-09,480996.0,NO,2026-05-14,5406700.0,148.0
BG,Stock,6334.0,25.19,2001-08-02,2026-10-09,1528281.0,NO,2023-03-14,39934100.0,1305.0
HDB,Stock,6334.0,25.22,2001-07-20,2026-10-09,4019444.0,NO,2007-07-18,44294000.0,7023.0
FRO,Stock,6332.0,25.17,2001-08-06,2026-10-09,2905114.0,NO,2023-01-10,33598700.0,1368.0
OMCL,Stock,6329.0,25.17,2001-08-09,2026-10-09,303069.0,NO,2004-04-06,10561000.0,8221.0
IWS,ETF,6324.0,25.18,2001-08-03,2026-10-09,665903.0,NO,2008-05-22,13505700.0,6714.0
NKSH,Stock,6321.0,26.85,1999-12-03,2026-10-09,22132.0,NO,2009-06-26,1235900.0,6314.0
IWP,ETF,6319.0,25.18,2001-08-03,2026-10-09,435613.0,NO,2008-03-13,17928800.0,6784.0
EFA,ETF,6317.0,25.12,2001-08-27,2026-10-09,9665866.0,NO,2020-02-28,122342000.0,2415.0
IDGT,ETF,6311.0,25.12,2001-08-27,2026-10-09,17813.0,NO,2016-07-08,2852100.0,3745.0
RWR,ETF,6309.0,25.11,2001-08-29,2026-10-09,111907.0,NO,2009-11-04,6993200.0,6183.0
IWR,ETF,6306.0,25.12,2001-08-27,2026-10-09,1300396.0,NO,2008-11-13,60872400.0,6539.0
PFG,Stock,6279.0,24.96,2001-10-23,2026-10-09,1096572.0,NO,2009-05-12,38848500.0,6359.0
ELV,Stock,6276.0,24.94,2001-10-30,2026-10-09,2076983.0,NO,2008-03-11,54425800.0,6786.0
EPP,ETF,6268.0,24.95,2001-10-26,2026-10-09,232078.0,NO,2018-03-06,13661900.0,3139.0
AMN,Stock,6266.0,24.9,2001-11-13,2026-10-09,428635.0,NO,2015-10-22,5523800.0,4005.0
KB,Stock,6266.0,24.9,2001-11-13,2026-10-09,217162.0,NO,2002-06-19,2766500.0,8878.0
SBFG,Stock,6265.0,27.76,1999-01-04,2026-10-09,6711.0,NO,2021-06-25,930615.0,1932.0
DCOM,Stock,6257.0,27.74,1999-01-12,2026-10-09,440199.0,NO,2021-01-29,3788300.0,2079.0
AAP,Stock,6255.0,24.86,2001-11-29,2026-10-09,1308312.0,NO,2025-05-22,27499800.0,505.0
AYI,Stock,6253.0,24.85,2001-12-03,2026-10-09,273484.0,NO,2018-06-15,8973200.0,3038.0
PRU,Stock,6245.0,24.82,2001-12-13,2026-10-09,1773831.0,NO,2002-07-19,57058900.0,8848.0
CNC,Stock,6244.0,24.82,2001-12-13,2026-10-09,2852458.0,NO,2025-07-02,93566700.0,464.0
IXJ,ETF,6244.0,24.87,2001-11-26,2026-10-09,94734.0,NO,2016-01-25,4959600.0,3910.0
ILF,ETF,6239.0,24.95,2001-10-26,2026-10-09,1864104.0,NO,2016-11-10,13135600.0,3620.0
VXF,ETF,6230.0,24.76,2002-01-04,2026-10-09,340449.0,NO,2020-12-18,7784000.0,2121.0
PLPC,Stock,6228.0,27.45,1999-04-28,2026-10-09,50535.0,NO,2025-07-14,470600.0,452.0
IXC,ETF,6226.0,24.87,2001-11-26,2026-10-09,225683.0,NO,2024-06-06,21144900.0,855.0
SHBI,Stock,6226.0,25.5,2001-04-09,2026-10-09,217055.0,NO,2022-06-24,2799100.0,1568.0
SYNA,Stock,6215.0,24.69,2002-01-29,2026-10-09,2009021.0,NO,2005-02-09,38096250.0,7912.0
SENEA,Stock,6209.0,28.34,1998-06-08,2026-10-09,91983.0,NO,2009-07-16,1543800.0,6294.0
GME,Stock,6204.0,24.65,2002-02-13,2026-10-09,16185023.0,NO,2021-01-22,788631600.0,2086.0
IGE,ETF,6203.0,24.86,2001-11-30,2026-10-09,37637.0,NO,2015-12-18,22036700.0,3948.0
IXP,ETF,6199.0,24.86,2001-11-28,2026-10-09,13750.0,NO,2022-03-07,1936000.0,1677.0
TEN,Stock,6189.0,24.6,2002-03-05,2026-10-09,298979.0,NO,2023-03-16,1751600.0,1303.0
EGBN,Stock,6184.0,27.24,1999-07-14,2026-10-09,381396.0,NO,2018-11-16,6263500.0,2884.0
IXN,ETF,6182.0,24.87,2001-11-27,2026-10-09,157781.0,NO,2018-07-10,19988400.0,3013.0
UCB,Stock,6179.0,24.55,2002-03-21,2026-10-09,627022.0,NO,2021-12-31,4989200.0,1743.0
ABG,Stock,6179.0,24.55,2002-03-21,2026-10-09,277141.0,NO,2006-09-19,4162900.0,7325.0
DIT,Stock,6171.0,31.18,1995-08-04,2026-10-09,1625.0,NO,2007-01-29,247200.0,7193.0
OVV,Stock,6168.0,24.5,2002-04-08,2026-10-09,3145547.0,NO,2020-06-26,46194000.0,2296.0
IXG,ETF,6152.0,24.87,2001-11-27,2026-10-09,30758.0,NO,2021-05-26,18058100.0,1962.0
JPXN,ETF,6149.0,24.95,2001-10-26,2026-10-09,103461.0,NO,2009-04-13,771600.0,6388.0
NFLX,Stock,6135.0,24.38,2002-05-23,2026-10-09,29022504.0,NO,2004-10-15,3234140000.0,8029.0
NPO,Stock,6134.0,24.38,2002-05-24,2026-10-09,98067.0,NO,2014-01-13,3043000.0,4652.0
LARK,Stock,6131.0,32.53,1994-03-28,2026-10-09,3367.0,NO,1994-03-28,1448170.0,11883.0
IOR,Stock,6126.0,39.93,1986-11-05,2026-10-09,420.0,NO,2000-06-16,405600.0,9611.0
BNS,Stock,6124.0,24.34,2002-06-07,2026-10-09,841372.0,NO,2026-07-06,10265600.0,95.0
TRI,Stock,6122.0,24.33,2002-06-12,2026-10-09,965514.0,NO,2025-07-25,23377500.0,441.0
ELLO,Stock,6116.0,31.0,1995-10-06,2026-10-05,3900.0,NO,2019-02-04,532800.0,2800.0
SNY,Stock,6109.0,24.27,2002-07-01,2026-10-09,2101570.0,NO,2022-08-11,21753500.0,1520.0
DJCO,Stock,6106.0,40.33,1986-06-12,2026-10-09,41531.0,NO,2025-11-14,871300.0,329.0
SENEB,Stock,6093.0,46.56,1980-03-17,2026-10-07,300.0,NO,1989-11-27,790000.0,13463.0
SBRA,Stock,6093.0,24.52,2002-04-02,2026-10-09,1393547.0,NO,2017-08-16,19650300.0,3341.0
NDAQ,Stock,6090.0,24.27,2002-07-01,2026-10-09,1830335.0,NO,2008-10-21,88611600.0,6562.0
IEF,ETF,6089.0,24.19,2002-07-30,2026-10-09,7197602.0,NO,2025-04-07,68670600.0,550.0
LQD,ETF,6089.0,24.19,2002-07-30,2026-10-09,28429878.0,NO,2026-03-03,78775000.0,220.0
TLT,ETF,6089.0,24.19,2002-07-30,2026-10-09,26415928.0,NO,2025-04-09,131353500.0,548.0
SHY,ETF,6089.0,24.19,2002-07-30,2026-10-09,3054051.0,NO,2014-02-03,54448200.0,4631.0
CAE,Stock,6088.0,24.2,2002-07-29,2026-10-09,372860.0,NO,2026-05-22,4668800.0,140.0
GLAD,Stock,6086.0,24.19,2002-08-02,2026-10-09,98389.0,NO,2014-06-27,1740400.0,4487.0
WHG,Stock,6071.0,24.32,2002-06-13,2026-10-09,3453.0,NO,2021-06-25,1141200.0,1932.0
SAIA,Stock,6059.0,24.08,2002-09-11,2026-10-09,217812.0,NO,2021-08-27,6159900.0,1869.0
NRP,Stock,6037.0,23.99,2002-10-11,2026-10-09,11311.0,NO,2017-11-17,743600.0,3248.0
DKS,Stock,6034.0,23.98,2002-10-16,2026-10-09,1375685.0,NO,2026-08-25,38850000.0,45.0
FEZ,ETF,6029.0,23.97,2002-10-21,2026-10-09,604963.0,NO,2003-07-11,22068500.0,8491.0
NGS,Stock,6028.0,23.96,2002-10-22,2026-10-09,61009.0,NO,2005-10-06,3607100.0,7673.0
WYNN,Stock,6027.0,23.96,2002-10-25,2026-10-09,1707551.0,NO,2021-09-15,26088800.0,1850.0
CEVA,Stock,6022.0,23.94,2002-11-01,2026-10-09,300586.0,NO,2025-11-19,4236800.0,324.0
PRAA,Stock,6017.0,23.92,2002-11-08,2026-10-09,192867.0,NO,2005-11-01,7982700.0,7647.0
BCH,Stock,6007.0,24.19,2002-08-02,2026-10-09,382360.0,NO,2014-01-29,3064023.0,4636.0
SAFT,Stock,6007.0,23.88,2002-11-22,2026-10-09,100519.0,NO,2026-07-27,1966100.0,74.0
CME,Stock,5998.0,23.84,2002-12-06,2026-10-09,2593040.0,NO,2008-02-06,43380500.0,6820.0
STX,Stock,5995.0,23.83,2002-12-11,2026-10-09,3919769.0,NO,2012-06-29,89629700.0,5215.0
TS,Stock,5992.0,23.81,2002-12-16,2026-10-09,1051270.0,NO,2008-11-25,14645400.0,6527.0
PFS,Stock,5971.0,23.73,2003-01-16,2026-10-09,472643.0,NO,2003-01-16,23419300.0,8667.0
EGO,Stock,5967.0,23.71,2003-01-23,2026-10-09,2604345.0,NO,2020-02-21,20222100.0,2422.0
JHX,Stock,5962.0,24.96,2001-10-22,2026-10-09,5550728.0,NO,2025-08-20,71251500.0,415.0
DMLP,Stock,5957.0,23.68,2003-02-03,2026-10-09,64794.0,NO,2026-06-18,1143100.0,113.0
FUSB,Stock,5949.0,27.74,1999-01-11,2026-10-09,27833.0,NO,2009-06-26,948700.0,6314.0
SPEU,ETF,5930.0,23.97,2002-10-21,2026-10-09,51732.0,NO,2025-03-11,5071900.0,577.0
ORKA,Stock,5927.0,29.17,1997-08-08,2026-10-09,1206680.0,NO,2026-04-29,7921000.0,163.0
NCV,Stock,5921.0,23.53,2003-03-31,2026-10-09,137989.0,NO,2019-04-02,1116600.0,2747.0
CHSCP,Stock,5919.0,23.55,2003-03-24,2026-10-09,9810.0,NO,2016-01-20,368800.0,3915.0
EZA,ETF,5919.0,23.67,2003-02-07,2026-10-09,99671.0,NO,2019-03-22,3625600.0,2758.0
TECK,Stock,5912.0,24.23,2002-07-18,2026-10-09,2718410.0,NO,2025-09-09,41720700.0,395.0
EEM,ETF,5911.0,23.49,2003-04-14,2026-10-09,14925847.0,NO,2008-11-21,248682100.0,6531.0
IHG,Stock,5909.0,23.49,2003-04-15,2026-10-09,163914.0,NO,2009-02-17,3722890.0,6443.0
RSP,ETF,5899.0,23.44,2003-05-01,2026-10-09,6534338.0,NO,2025-11-21,57508500.0,322.0
FORM,Stock,5870.0,23.33,2003-06-12,2026-10-09,812916.0,NO,2018-03-09,14323200.0,3136.0
RNP,Stock,5861.0,23.29,2003-06-25,2026-10-09,149971.0,NO,2010-05-06,1427600.0,6000.0
AXS,Stock,5857.0,23.27,2003-07-01,2026-10-09,499802.0,NO,2003-07-01,11648400.0,8501.0
MOH,Stock,5856.0,23.27,2003-07-02,2026-10-09,509032.0,NO,2026-03-20,14407900.0,203.0
CVCO,Stock,5856.0,23.27,2003-07-01,2026-10-09,105322.0,NO,2008-03-20,2607900.0,6777.0
DGICA,Stock,5854.0,23.27,2003-07-03,2026-10-09,89166.0,NO,2003-11-25,2379022.0,8354.0
GLNG,Stock,5848.0,23.24,2003-07-15,2026-10-09,1256012.0,NO,2018-05-31,16446500.0,3053.0
IAG,Stock,5848.0,23.24,2003-07-15,2026-10-09,2777850.0,NO,2014-12-19,90834700.0,4312.0
IMOS,Stock,5845.0,23.27,2003-07-03,2026-10-09,53977.0,NO,2013-04-19,2513512.0,4921.0
CHT,Stock,5843.0,23.23,2003-07-18,2026-10-09,171536.0,NO,2005-08-10,16076617.0,7730.0
CFBK,Stock,5838.0,27.78,1998-12-30,2026-10-09,20076.0,NO,2025-06-27,477300.0,469.0
NTGR,Stock,5836.0,23.19,2003-07-31,2026-10-09,253370.0,NO,2003-07-31,14755764.0,8471.0
CBAN,Stock,5828.0,28.52,1998-04-02,2026-10-09,113381.0,NO,2022-06-24,1991000.0,1568.0
TCBI,Stock,5825.0,23.15,2003-08-13,2026-10-07,863600.0,NO,2021-03-29,9274800.0,2018.0
BMVP,ETF,5823.0,23.44,2003-05-01,2026-10-09,208.0,NO,2014-07-16,6082200.0,4468.0
FLC,Stock,5817.0,23.12,2003-08-27,2026-10-09,69181.0,NO,2010-05-06,320700.0,6000.0
FVD,ETF,5817.0,23.12,2003-08-27,2026-10-09,557134.0,NO,2020-03-12,8251000.0,2402.0
CNO,Stock,5808.0,23.08,2003-09-10,2026-10-09,665268.0,NO,2009-10-14,40573100.0,6204.0
EVT,Stock,5796.0,23.04,2003-09-26,2026-10-09,76340.0,NO,2020-03-23,1444600.0,2391.0
AGG,ETF,5795.0,23.03,2003-09-29,2026-10-09,10045311.0,NO,2025-11-04,29687500.0,339.0
ONEQ,ETF,5793.0,23.02,2003-10-01,2026-10-09,147114.0,NO,2008-07-08,24904000.0,6667.0
LKQ,Stock,5790.0,23.01,2003-10-06,2026-10-09,2465539.0,NO,2025-12-19,61632800.0,294.0
BANC,Stock,5788.0,24.13,2002-08-23,2026-10-09,1383300.0,NO,2016-10-18,17249200.0,3643.0
SHG,Stock,5787.0,23.06,2003-09-17,2026-10-09,172384.0,NO,2026-03-05,893900.0,218.0
RUSHA,Stock,5786.0,23.01,2003-10-07,2026-10-09,679034.0,NO,2023-12-29,20779500.0,1015.0
EFSC,Stock,5777.0,23.24,2003-07-15,2026-10-09,118478.0,NO,2025-03-21,2939900.0,567.0
NWFL,Stock,5777.0,28.6,1998-03-04,2026-10-09,29443.0,NO,2023-06-23,837600.0,1204.0
CRI,Stock,5774.0,22.95,2003-10-28,2026-10-09,797017.0,NO,2009-10-27,14202000.0,6191.0
XPO,Stock,5773.0,23.01,2003-10-07,2026-10-09,886254.0,NO,2018-12-13,114758560.0,2857.0
FORTY,Stock,5769.0,28.96,1997-10-20,2026-10-05,1400.0,NO,1998-06-25,1135300.0,10329.0
DVY,ETF,5766.0,22.92,2003-11-07,2026-10-09,241093.0,NO,2011-11-21,8384700.0,5436.0
ADEA,Stock,5760.0,22.9,2003-11-13,2026-10-09,685376.0,NO,2008-03-04,68886091.0,6793.0
SNX,Stock,5754.0,22.87,2003-11-25,2026-10-09,357478.0,NO,2019-06-28,10486600.0,2660.0
GDV,Stock,5754.0,22.87,2003-11-25,2026-10-09,74754.0,NO,2020-03-20,1870600.0,2394.0
NRG,Stock,5749.0,22.85,2003-12-02,2026-10-09,2277477.0,NO,2017-07-12,53494000.0,3376.0
TIP,ETF,5747.0,22.84,2003-12-05,2026-10-09,2579963.0,NO,2022-02-01,18785900.0,1711.0
NXST,Stock,5747.0,22.87,2003-11-25,2026-10-09,301027.0,NO,2022-11-30,7328100.0,1409.0
TCOM,Stock,5745.0,22.83,2003-12-09,2026-10-09,2853388.0,NO,2003-12-09,89640000.0,8340.0
DGICB,Stock,5744.0,39.95,1986-10-29,2026-10-09,519.0,NO,1993-09-29,1247763.0,12063.0
CMP,Stock,5742.0,22.83,2003-12-12,2026-10-09,326893.0,NO,2024-09-20,9026400.0,749.0
NNI,Stock,5742.0,22.83,2003-12-12,2026-10-09,84617.0,NO,2009-02-26,3768500.0,6434.0
UTI,Stock,5738.0,22.81,2003-12-18,2026-10-09,940071.0,NO,2026-05-26,9714400.0,136.0
SGI,Stock,5738.0,22.81,2003-12-18,2026-10-09,1171123.0,NO,2012-06-06,167095200.0,5238.0
OVBC,Stock,5733.0,31.93,1994-11-04,2026-10-09,8766.0,NO,2009-06-26,614400.0,6314.0
PIPR,Stock,5729.0,22.77,2004-01-02,2026-10-09,540118.0,NO,2005-04-20,15896000.0,7842.0
IYT,ETF,5729.0,22.77,2004-01-02,2026-10-09,608009.0,NO,2008-04-21,17956000.0,6745.0
ITOT,ETF,5712.0,22.71,2004-01-23,2026-10-09,1203952.0,NO,2022-06-17,20576200.0,1575.0
ETG,Stock,5711.0,22.69,2004-01-29,2026-10-09,66948.0,NO,2008-10-10,1498400.0,6573.0
VV,ETF,5710.0,22.69,2004-01-30,2026-10-09,219821.0,NO,2025-04-11,6934700.0,546.0
VTV,ETF,5710.0,22.69,2004-01-30,2026-10-09,1517769.0,NO,2008-11-25,11999000.0,6527.0
VB,ETF,5710.0,22.69,2004-01-30,2026-10-09,417378.0,NO,2008-11-25,9288100.0,6527.0
VBR,ETF,5710.0,22.69,2004-01-30,2026-10-09,218397.0,NO,2024-02-13,7756100.0,969.0
VHT,ETF,5710.0,22.69,2004-01-30,2026-10-09,249922.0,NO,2022-05-10,4434100.0,1613.0
WF,Stock,5708.0,23.02,2003-10-02,2026-10-09,67657.0,NO,2010-11-30,373942.0,5792.0
VUG,ETF,5708.0,22.69,2004-01-30,2026-10-09,4326113.0,NO,2017-01-23,58402200.0,3546.0
VPU,ETF,5707.0,22.69,2004-01-30,2026-10-09,259926.0,NO,2012-08-01,7174800.0,5182.0
VO,ETF,5707.0,22.69,2004-01-30,2026-10-09,2249770.0,NO,2008-11-25,48133200.0,6527.0
VAW,ETF,5707.0,22.69,2004-01-30,2026-10-09,52179.0,NO,2008-07-08,6294000.0,6667.0
FCCO,Stock,5707.0,27.59,1999-03-09,2026-10-09,26617.0,NO,2024-06-28,948900.0,833.0
VBK,ETF,5706.0,22.69,2004-01-30,2026-10-09,192177.0,NO,2009-10-14,4486700.0,6204.0
VDC,ETF,5706.0,22.69,2004-01-30,2026-10-09,65596.0,NO,2020-05-12,2471000.0,2341.0
AIZ,Stock,5706.0,22.67,2004-02-05,2026-10-09,373997.0,NO,2004-02-05,27565200.0,8282.0
HBNC,Stock,5705.0,24.75,2002-01-09,2026-10-09,638331.0,NO,2026-06-26,3684800.0,105.0
VFH,ETF,5701.0,22.69,2004-01-30,2026-10-09,373879.0,NO,2016-09-23,9941900.0,3668.0
VCR,ETF,5700.0,22.69,2004-01-30,2026-10-09,77424.0,NO,2008-10-29,2399200.0,6554.0
VGT,ETF,5698.0,22.69,2004-01-30,2026-10-09,3043048.0,NO,2018-03-06,52516000.0,3139.0
HTH,Stock,5697.0,22.64,2004-02-19,2026-10-09,208733.0,NO,2021-01-20,15215100.0,2088.0
UNB,Stock,5694.0,27.17,1999-08-09,2026-10-09,1192.0,NO,2020-06-26,422600.0,2296.0
TYG,Stock,5693.0,22.62,2004-02-25,2026-10-09,104899.0,NO,2026-05-08,725300.0,154.0
HTD,Stock,5693.0,22.62,2004-02-25,2026-10-09,75588.0,NO,2010-05-06,1009000.0,6000.0
UTG,Stock,5693.0,22.62,2004-02-25,2026-10-09,157154.0,NO,2025-04-04,1306900.0,553.0
TBBK,Stock,5691.0,22.68,2004-02-03,2026-10-09,630227.0,NO,2021-05-06,16544500.0,1982.0
GENC,Stock,5677.0,23.24,2003-07-15,2026-10-09,48800.0,NO,2008-05-12,1853100.0,6724.0
HALO,Stock,5674.0,22.57,2004-03-16,2026-10-09,1845170.0,NO,2025-06-27,21399500.0,469.0
UCTT,Stock,5671.0,22.54,2004-03-25,2026-10-09,790695.0,NO,2018-01-02,7165600.0,3202.0
UTF,Stock,5671.0,22.54,2004-03-26,2026-10-09,246554.0,NO,2020-03-18,1535800.0,2396.0
CSQ,Stock,5667.0,22.52,2004-04-01,2026-10-09,185815.0,NO,2010-05-06,2178900.0,6000.0
AGI,Stock,5659.0,23.44,2003-05-02,2026-10-09,1866662.0,NO,2017-03-17,23193400.0,3493.0
CORT,Stock,5656.0,22.49,2004-04-14,2026-10-09,496517.0,NO,2020-09-02,88404100.0,2228.0
SA,Stock,5654.0,22.47,2004-04-20,2026-10-09,381966.0,NO,2025-03-03,11394700.0,585.0
AGO,Stock,5652.0,22.46,2004-04-23,2026-10-09,342195.0,NO,2008-07-22,37464500.0,6653.0
LGI,Stock,5649.0,22.45,2004-04-28,2026-10-09,30584.0,NO,2004-05-25,468000.0,8172.0
CYTK,Stock,5647.0,22.44,2004-04-30,2026-10-09,1118458.0,NO,2021-07-19,40137500.0,1908.0
GBLI,Stock,5646.0,22.81,2003-12-16,2026-10-09,4962.0,NO,2003-12-16,2079000.0,8333.0
HWBK,Stock,5637.0,27.22,1999-07-20,2026-10-09,10430.0,NO,2021-06-25,815635.0,1932.0
CII,Stock,5629.0,22.37,2004-05-26,2026-10-09,89643.0,NO,2018-02-05,809800.0,3168.0
ETO,Stock,5629.0,22.37,2004-05-26,2026-10-09,11162.0,NO,2022-08-17,495500.0,1514.0
GLU,Stock,5627.0,22.37,2004-05-26,2026-10-09,4878.0,NO,2018-12-21,288600.0,2849.0
ALNY,Stock,5626.0,22.35,2004-06-01,2026-10-09,859922.0,NO,2017-09-20,18362400.0,3306.0
ACAD,Stock,5625.0,22.37,2004-05-27,2026-10-09,1470141.0,NO,2012-11-27,60106100.0,5064.0
AUBN,Stock,5622.0,31.18,1995-08-03,2026-10-09,916.0,NO,2021-06-25,308600.0,1932.0
CBRE,Stock,5619.0,22.33,2004-06-10,2026-10-09,1758730.0,NO,2004-06-10,35097600.0,8156.0
PRSU,Stock,5612.0,22.3,2004-06-22,2026-10-09,152000.0,NO,2004-07-01,1585832.0,8135.0
CRM,Stock,5611.0,22.29,2004-06-23,2026-10-09,4678244.0,NO,2008-09-12,87332400.0,6601.0
ATLO,Stock,5608.0,26.52,2000-03-31,2026-10-09,12428.0,NO,2021-06-25,1234400.0,1932.0
ILCV,ETF,5598.0,22.24,2004-07-13,2026-10-09,19532.0,NO,2013-06-06,4851200.0,4873.0
ISCV,ETF,5598.0,22.24,2004-07-13,2026-10-09,7055.0,NO,2013-02-13,1264800.0,4986.0
DPZ,Stock,5598.0,22.24,2004-07-13,2026-10-09,612867.0,NO,2004-07-13,14964100.0,8123.0
ILCG,ETF,5598.0,22.24,2004-07-13,2026-10-09,84111.0,NO,2013-11-06,2459000.0,4720.0
IMCB,ETF,5597.0,22.24,2004-07-13,2026-10-09,21066.0,NO,2006-11-17,1572400.0,7266.0
MSML,ETF,5595.0,22.24,2004-07-13,2026-10-09,5839.0,NO,2010-06-02,1352800.0,5973.0
CWBC,Stock,5594.0,27.59,1999-03-08,2026-10-09,162973.0,NO,2021-06-25,1615300.0,1932.0
IMCV,ETF,5591.0,22.24,2004-07-13,2026-10-09,36025.0,NO,2008-02-25,986700.0,6801.0
BLKB,Stock,5589.0,22.2,2004-07-26,2026-10-09,331833.0,NO,2017-06-28,8084100.0,3390.0
SFST,Stock,5587.0,26.95,1999-10-28,2026-10-09,48777.0,NO,2026-04-16,579000.0,176.0
IMCG,ETF,5586.0,22.24,2004-07-13,2026-10-09,126807.0,NO,2009-06-26,5301600.0,6314.0
CHMG,Stock,5585.0,27.76,1999-01-04,2026-10-09,62699.0,NO,2019-10-11,726200.0,2555.0
ENS,Stock,5584.0,22.18,2004-08-02,2026-10-09,490841.0,NO,2016-08-25,6830000.0,3697.0
ISCG,ETF,5582.0,22.24,2004-07-13,2026-10-09,22219.0,NO,2021-05-07,1891200.0,1981.0
KRG,Stock,5576.0,22.16,2004-08-12,2026-10-09,1916716.0,NO,2021-10-21,38464300.0,1814.0
WLK,Stock,5576.0,22.16,2004-08-12,2026-10-09,766074.0,NO,2022-10-17,8056900.0,1453.0
EXR,Stock,5574.0,22.15,2004-08-16,2026-10-09,1160991.0,NO,2016-01-15,22998400.0,3920.0
CNS,Stock,5574.0,22.15,2004-08-16,2026-10-09,285957.0,NO,2024-04-22,6195500.0,900.0
GOOGL,Stock,5571.0,22.14,2004-08-19,2026-10-09,17231359.0,NO,2006-01-20,1643023332.0,7567.0
GOOG,Stock,5571.0,22.14,2004-08-19,2026-10-09,10253182.0,NO,2006-01-20,1650832619.0,7567.0
FFA,Stock,5565.0,22.12,2004-08-27,2026-10-09,21958.0,NO,2014-10-15,479100.0,4377.0
VNQ,ETF,5543.0,22.03,2004-09-29,2026-10-09,4083634.0,NO,2020-02-28,22471800.0,2415.0
VDE,ETF,5543.0,22.03,2004-09-29,2026-10-09,522065.0,NO,2016-02-16,5786700.0,3888.0
TXRH,Stock,5539.0,22.01,2004-10-05,2026-10-09,1146604.0,NO,2004-10-05,13656000.0,8039.0
ARCC,Stock,5539.0,22.01,2004-10-05,2026-10-09,3991275.0,NO,2014-06-27,28820900.0,4487.0
VIS,ETF,5538.0,22.03,2004-09-29,2026-10-09,71468.0,NO,2022-05-10,1796300.0,1613.0
INVA,Stock,5536.0,22.01,2004-10-05,2026-10-09,486251.0,NO,2016-11-09,13479900.0,3621.0
FXI,ETF,5536.0,22.0,2004-10-08,2026-10-09,31513500.0,NO,2024-10-08,322806900.0,731.0
HURN,Stock,5533.0,21.99,2004-10-13,2026-10-09,153881.0,NO,2009-08-03,32441200.0,6276.0
PKBK,Stock,5529.0,23.3,2003-06-23,2026-10-09,28097.0,NO,2021-06-25,1445800.0,1932.0
VOX,ETF,5527.0,22.03,2004-09-29,2026-10-09,268312.0,NO,2021-11-19,2838300.0,1785.0
CUBE,Stock,5526.0,21.96,2004-10-22,2026-10-09,1896376.0,NO,2022-12-16,36453200.0,1393.0
EOI,Stock,5523.0,21.95,2004-10-27,2026-10-09,96024.0,NO,2018-10-26,932500.0,2905.0
BBW,Stock,5522.0,21.95,2004-10-28,2026-10-09,202125.0,NO,2005-06-03,7241900.0,7798.0
DLR,Stock,5521.0,21.94,2004-10-29,2026-10-09,1288179.0,NO,2020-03-11,34673400.0,2403.0
MKTX,Stock,5516.0,21.92,2004-11-05,2026-10-09,443184.0,NO,2025-09-19,9702700.0,385.0
ORA,Stock,5512.0,21.91,2004-11-11,2026-10-09,536417.0,NO,2022-07-06,7526700.0,1556.0
GLD,ETF,5507.0,21.89,2004-11-18,2026-10-09,7274435.0,NO,2013-04-15,93804200.0,4925.0
MPWR,Stock,5506.0,21.89,2004-11-19,2026-10-09,433542.0,NO,2021-02-11,10003300.0,2066.0
PFBC,Stock,5499.0,27.14,1999-08-19,2026-10-09,57508.0,NO,2018-07-05,2921400.0,3018.0
PEY,ETF,5493.0,21.83,2004-12-09,2026-10-09,262787.0,NO,2011-10-27,5337700.0,5461.0
PGJ,ETF,5493.0,21.83,2004-12-09,2026-10-09,24703.0,NO,2007-11-08,4354500.0,6910.0
NEO,Stock,5492.0,22.57,2004-03-16,2026-10-09,1385262.0,NO,2022-03-29,20137400.0,1655.0
LVS,Stock,5489.0,21.82,2004-12-15,2026-10-09,4128097.0,NO,2009-05-05,143836600.0,6366.0
BXC,Stock,5488.0,21.82,2004-12-14,2026-10-09,167286.0,NO,2018-03-12,4990600.0,3133.0
BGR,Stock,5483.0,21.79,2004-12-23,2026-10-09,133520.0,NO,2019-12-27,878400.0,2478.0
LCNB,Stock,5465.0,26.95,1999-10-26,2026-10-09,13461.0,NO,2022-02-11,2190800.0,1701.0
CE,Stock,5464.0,21.71,2005-01-21,2026-10-09,1049141.0,NO,2025-03-21,27641400.0,567.0
EOS,Stock,5460.0,21.7,2005-01-27,2026-10-09,166308.0,NO,2014-04-02,1191300.0,4573.0
IAU,ETF,5459.0,21.69,2005-01-28,2026-10-09,2875335.0,NO,2026-01-30,76121500.0,252.0
ORRF,Stock,5456.0,27.41,1999-05-13,2026-10-09,78005.0,NO,2024-06-28,1299700.0,833.0
SUSA,ETF,5455.0,21.69,2005-01-28,2026-10-09,26501.0,NO,2023-10-09,10450300.0,1096.0
CHCI,Stock,5452.0,21.82,2004-12-14,2026-10-09,24542.0,NO,2021-02-09,33920100.0,2068.0
PBH,Stock,5450.0,21.66,2005-02-10,2026-10-09,323704.0,NO,2005-07-28,14748300.0,7743.0
ULH,Stock,5449.0,21.66,2005-02-11,2026-10-09,132009.0,NO,2005-02-11,3273100.0,7910.0
WEX,Stock,5446.0,21.64,2005-02-16,2026-10-09,434177.0,NO,2005-02-16,16649800.0,7905.0
DLB,Stock,5445.0,21.64,2005-02-17,2026-10-09,583877.0,NO,2005-02-17,21616200.0,7904.0
UVE,Stock,5437.0,23.31,2003-06-18,2026-10-09,196080.0,NO,2015-11-17,9240400.0,3979.0
PBW,ETF,5436.0,21.6,2005-03-03,2026-10-09,332455.0,NO,2025-05-28,4637200.0,499.0
PWB,ETF,5436.0,21.6,2005-03-03,2026-10-09,75401.0,NO,2007-07-17,7757800.0,7024.0
XSVM,ETF,5435.0,21.6,2005-03-03,2026-10-09,26809.0,NO,2021-07-01,722400.0,1926.0
PWV,ETF,5434.0,21.6,2005-03-03,2026-10-09,284627.0,NO,2013-11-21,6204900.0,4705.0
VPL,ETF,5431.0,21.58,2005-03-10,2026-10-09,198797.0,NO,2026-02-17,23548100.0,234.0
VWO,ETF,5431.0,21.58,2005-03-10,2026-10-09,9757927.0,NO,2011-08-08,84218900.0,5541.0
VGK,ETF,5431.0,21.58,2005-03-10,2026-10-09,2242525.0,NO,2025-04-07,31607500.0,550.0
XMVM,ETF,5424.0,21.6,2005-03-03,2026-10-09,18772.0,NO,2021-08-03,1389900.0,1893.0
XMMO,ETF,5424.0,21.6,2005-03-03,2026-10-09,361270.0,NO,2024-09-03,5858300.0,766.0
BME,Stock,5419.0,21.53,2005-03-29,2026-10-09,50090.0,NO,2005-03-29,807900.0,7864.0
DXCM,Stock,5406.0,21.49,2005-04-14,2026-10-09,3112659.0,NO,2017-09-28,123168400.0,3298.0
ETB,Stock,5398.0,21.45,2005-04-27,2026-10-09,82285.0,NO,2010-09-17,864100.0,5866.0
MORN,Stock,5394.0,21.43,2005-05-03,2026-10-09,229568.0,NO,2023-09-15,3779800.0,1120.0
AX,Stock,5393.0,21.57,2005-03-16,2026-10-09,212193.0,NO,2015-10-14,23818000.0,4013.0
LAZ,Stock,5392.0,21.43,2005-05-05,2026-10-09,933473.0,NO,2005-05-05,34955500.0,7827.0
XLG,ETF,5389.0,21.42,2005-05-10,2026-10-09,783134.0,NO,2026-03-12,17335200.0,211.0
CTRN,Stock,5383.0,21.39,2005-05-18,2026-10-09,79860.0,NO,2007-08-09,3897700.0,7001.0
XSMO,ETF,5382.0,21.6,2005-03-03,2026-10-09,260404.0,NO,2024-09-10,6460300.0,759.0
HTGC,Stock,5367.0,21.33,2005-06-09,2026-10-09,817368.0,NO,2019-03-12,10309100.0,2768.0
GAIN,Stock,5358.0,21.3,2005-06-23,2026-10-09,102932.0,NO,2014-06-27,4546400.0,4487.0
PJP,ETF,5358.0,21.3,2005-06-23,2026-10-09,27565.0,NO,2011-07-01,3545800.0,5579.0
PBE,ETF,5357.0,21.3,2005-06-23,2026-10-09,2943.0,NO,2005-07-18,1271200.0,7753.0
IDR,Stock,5357.0,26.95,1999-10-27,2026-10-09,1098663.0,NO,2025-06-27,2176700.0,469.0
LINC,Stock,5356.0,21.3,2005-06-23,2026-10-09,493262.0,NO,2026-08-10,4502000.0,60.0
BLDR,Stock,5355.0,21.28,2005-06-28,2026-10-09,1921695.0,NO,2021-06-25,29314900.0,1932.0
ETV,Stock,5355.0,21.28,2005-06-28,2026-10-09,193692.0,NO,2022-01-24,1863900.0,1719.0
PBJ,ETF,5354.0,21.3,2005-06-23,2026-10-09,53133.0,NO,2014-02-26,3759700.0,4608.0
PEJ,ETF,5354.0,21.3,2005-06-23,2026-10-09,16315.0,NO,2021-06-03,8380400.0,1954.0
GGME,ETF,5353.0,21.29,2005-06-23,2026-10-08,2700.0,NO,2014-04-02,3511600.0,4572.0
SIMO,Stock,5353.0,21.28,2005-06-30,2026-10-09,447232.0,NO,2023-07-26,17771600.0,1171.0
WAL,Stock,5352.0,21.27,2005-07-01,2026-10-09,838074.0,NO,2023-03-13,60550200.0,1306.0
WPM,Stock,5350.0,21.26,2005-07-06,2026-10-09,1005844.0,NO,2010-11-09,34931700.0,5813.0
IGPT,ETF,5349.0,21.3,2005-06-23,2026-10-09,44456.0,NO,2006-12-20,3724500.0,7233.0
PSI,ETF,5346.0,21.3,2005-06-23,2026-10-09,185250.0,NO,2007-10-25,9293700.0,6924.0
EXPE,Stock,5339.0,21.22,2005-07-21,2026-10-09,1232186.0,NO,2019-11-07,30819900.0,2528.0
FTK,Stock,5334.0,21.2,2005-07-27,2026-10-09,439989.0,NO,2021-12-29,6681450.0,1745.0
EFG,ETF,5328.0,21.18,2005-08-05,2026-10-09,501030.0,NO,2026-03-12,72455500.0,211.0
BIDU,Stock,5328.0,21.18,2005-08-05,2026-10-09,2099749.0,NO,2005-08-05,226811000.0,7735.0
EFV,ETF,5328.0,21.18,2005-08-05,2026-10-09,1986334.0,NO,2026-05-28,81665600.0,134.0
GRVY,Stock,5326.0,21.66,2005-02-08,2026-10-09,10981.0,NO,2016-10-28,6031000.0,3633.0
STN,Stock,5326.0,21.18,2005-08-05,2026-10-09,191205.0,NO,2021-09-17,1290300.0,1848.0
NGG,Stock,5325.0,21.16,2005-08-10,2026-10-09,666678.0,NO,2026-05-15,7056000.0,147.0
RBC,Stock,5325.0,21.16,2005-08-10,2026-10-09,284734.0,NO,2005-08-10,4659200.0,7730.0
ATRC,Stock,5325.0,21.18,2005-08-05,2026-10-09,712506.0,NO,2026-09-18,8670300.0,21.0
CF,Stock,5324.0,21.16,2005-08-11,2026-10-09,4419724.0,NO,2009-02-25,86849000.0,6435.0
TSAT,Stock,5314.0,21.2,2005-07-27,2026-10-09,88708.0,NO,2023-08-11,23276300.0,1155.0
IWC,ETF,5313.0,21.15,2005-08-16,2026-10-09,158356.0,NO,2009-12-01,1425500.0,6156.0
KINS,Stock,5307.0,26.95,1999-10-26,2026-10-09,75969.0,NO,2025-06-27,2015100.0,469.0
PID,ETF,5300.0,21.07,2005-09-15,2026-10-09,42757.0,NO,2011-10-18,7049000.0,5470.0
AMP,Stock,5300.0,21.07,2005-09-15,2026-10-09,487078.0,NO,2009-06-12,34678200.0,6328.0
PFM,ETF,5300.0,21.07,2005-09-15,2026-10-09,11759.0,NO,2010-05-26,3345500.0,5980.0
ITRN,Stock,5291.0,21.03,2005-09-28,2026-10-09,71147.0,NO,2005-09-28,2976100.0,7681.0
GLP,Stock,5290.0,21.03,2005-09-29,2026-10-09,119842.0,NO,2023-12-15,5939400.0,1029.0
CMPR,Stock,5289.0,21.02,2005-09-30,2026-10-09,129229.0,NO,2010-07-29,20730500.0,5916.0
DHT,Stock,5280.0,20.99,2005-10-13,2026-10-09,3047137.0,NO,2020-03-30,14381700.0,2384.0
WSBF,Stock,5279.0,21.01,2005-10-05,2026-10-09,61508.0,NO,2014-01-23,4630800.0,4642.0
FNF,Stock,5279.0,20.99,2005-10-14,2026-10-09,2018764.0,NO,2014-06-30,83380395.0,4484.0
KNCT,ETF,5279.0,21.3,2005-06-23,2026-10-09,630.0,NO,2010-07-26,574400.0,5919.0
FDM,ETF,5276.0,21.02,2005-09-30,2026-10-09,9259.0,NO,2013-10-31,1994800.0,4726.0
OFLX,Stock,5274.0,21.19,2005-08-01,2026-10-09,41010.0,NO,2006-06-30,370100.0,7406.0
PPA,ETF,5271.0,20.95,2005-10-26,2026-10-09,185512.0,NO,2011-12-21,5323300.0,5406.0
PXE,ETF,5271.0,20.95,2005-10-26,2026-10-09,68085.0,NO,2021-03-08,1863000.0,2041.0
SMTI,Stock,5271.0,32.5,1994-04-11,2026-10-09,123980.0,NO,2026-07-30,3249200.0,71.0
PXJ,ETF,5271.0,20.95,2005-10-26,2026-10-09,13288.0,NO,2021-03-15,1641540.0,2034.0
PKB,ETF,5270.0,20.95,2005-10-26,2026-10-09,25225.0,NO,2016-12-15,1054400.0,3585.0
SDY,ETF,5257.0,20.9,2005-11-15,2026-10-09,182561.0,NO,2011-02-01,8134600.0,5729.0
KBE,ETF,5257.0,20.9,2005-11-15,2026-10-09,1841740.0,NO,2009-03-18,37097200.0,6414.0
ICE,Stock,5256.0,20.9,2005-11-16,2026-10-09,2429268.0,NO,2005-11-16,97759000.0,7632.0
PUI,ETF,5256.0,20.95,2005-10-26,2026-10-09,5109.0,NO,2011-07-01,5555700.0,5579.0
AMSF,Stock,5254.0,20.89,2005-11-18,2026-10-09,331814.0,NO,2005-11-18,3272500.0,7630.0
SPXX,Stock,5251.0,20.88,2005-11-23,2026-10-09,306631.0,NO,2026-07-17,1164200.0,84.0
KIE,ETF,5248.0,20.9,2005-11-15,2026-10-09,656241.0,NO,2016-05-18,9463800.0,3796.0
KCE,ETF,5246.0,20.9,2005-11-15,2026-10-09,17648.0,NO,2009-06-25,4310600.0,6315.0
PLBC,Stock,5244.0,23.83,2002-12-11,2026-10-09,35931.0,NO,2023-06-23,654700.0,1204.0
SPHQ,ETF,5243.0,20.84,2005-12-06,2026-10-09,695967.0,NO,2023-01-23,13295300.0,1355.0
PHO,ETF,5243.0,20.84,2005-12-06,2026-10-09,41054.0,NO,2012-04-30,3241400.0,5275.0
FXE,ETF,5239.0,20.82,2005-12-12,2026-10-09,120547.0,NO,2010-05-20,8212100.0,5986.0
MPB,Stock,5239.0,28.85,1997-12-04,2026-10-09,119436.0,NO,2026-06-26,893900.0,105.0
CPA,Stock,5236.0,20.82,2005-12-15,2026-10-09,287457.0,NO,2005-12-15,11589800.0,7603.0
PRF,ETF,5233.0,20.8,2005-12-20,2026-10-09,577845.0,NO,2020-03-12,19276500.0,2402.0
LYV,Stock,5232.0,20.8,2005-12-21,2026-10-09,1589507.0,NO,2019-12-20,27143600.0,2485.0
GCBC,Stock,5231.0,27.28,1999-06-30,2026-10-09,17445.0,NO,2021-06-25,806600.0,1932.0
CLMT,Stock,5209.0,20.7,2006-01-26,2026-10-09,1000178.0,NO,2016-04-18,11492600.0,3826.0
CMG,Stock,5209.0,20.7,2006-01-26,2026-10-09,20054983.0,NO,2006-01-26,660930000.0,7561.0
SMFG,Stock,5206.0,20.7,2006-01-27,2026-10-09,1021879.0,NO,2020-02-27,26621400.0,2416.0
KOP,Stock,5205.0,20.68,2006-02-01,2026-10-09,134137.0,NO,2006-02-01,5037200.0,7555.0
TX,Stock,5205.0,20.68,2006-02-01,2026-10-09,496760.0,NO,2006-02-01,13285000.0,7555.0
ET,Stock,5203.0,20.68,2006-02-03,2026-10-09,6310471.0,NO,2021-12-08,136660800.0,1766.0
XBI,ETF,5202.0,20.67,2006-02-06,2026-10-09,12118770.0,NO,2025-04-09,36123800.0,548.0
DBC,ETF,5202.0,20.67,2006-02-06,2026-10-09,624708.0,NO,2018-01-31,35764200.0,3173.0
XHB,ETF,5202.0,20.67,2006-02-06,2026-10-09,1268920.0,NO,2009-04-15,36006600.0,6386.0
UAL,Stock,5202.0,20.67,2006-02-06,2026-10-09,4652616.0,NO,2020-06-04,142812800.0,2318.0
CROX,Stock,5200.0,20.67,2006-02-08,2026-10-09,847343.0,NO,2007-11-01,60485700.0,6917.0
XSD,ETF,5198.0,20.67,2006-02-06,2026-10-09,97386.0,NO,2008-01-14,3099800.0,6843.0
LQDT,Stock,5188.0,20.61,2006-02-27,2026-10-09,199668.0,NO,2014-04-02,8518000.0,4573.0
MDYG,ETF,5182.0,20.9,2005-11-15,2026-10-09,49395.0,NO,2024-05-29,10224300.0,863.0
PAC,Stock,5180.0,20.61,2006-02-27,2026-10-09,109238.0,NO,2006-02-27,3042200.0,7529.0
TDG,Stock,5176.0,20.57,2006-03-15,2026-10-09,278670.0,NO,2016-06-02,9761000.0,3781.0
FDL,ETF,5176.0,20.57,2006-03-15,2026-10-09,474382.0,NO,2022-04-21,5267000.0,1632.0
KTH,Stock,5171.0,25.65,2001-02-13,2026-10-09,599.0,NO,2016-06-21,47500.0,3762.0
BMA,Stock,5168.0,20.54,2006-03-27,2026-10-09,158487.0,NO,2019-05-28,7173700.0,2691.0
RPV,ETF,5166.0,20.59,2006-03-07,2026-10-09,233167.0,NO,2024-03-14,5509900.0,939.0
RPG,ETF,5164.0,20.59,2006-03-07,2026-10-09,97060.0,NO,2019-04-03,16660000.0,2746.0
POR,Stock,5164.0,20.53,2006-03-31,2026-10-09,1118710.0,NO,2022-06-28,16205900.0,1564.0
USO,ETF,5158.0,20.5,2006-04-10,2026-10-09,2794390.0,NO,2026-03-09,143771900.0,214.0
RZV,ETF,5157.0,20.59,2006-03-07,2026-10-09,1892.0,NO,2017-11-02,828300.0,3263.0
SLV,ETF,5145.0,20.45,2006-04-28,2026-10-09,13522476.0,NO,2026-01-30,510687700.0,252.0
VIG,ETF,5143.0,20.44,2006-05-02,2026-10-09,1040302.0,NO,2014-02-06,9916200.0,4628.0
CYRX,Stock,5143.0,21.13,2005-08-22,2026-10-09,479869.0,NO,2025-08-06,9690900.0,429.0
QQEW,ETF,5142.0,20.44,2006-05-02,2026-10-09,31449.0,NO,2013-10-09,6759500.0,4748.0
DK,Stock,5141.0,20.43,2006-05-04,2026-10-09,1150338.0,NO,2026-09-18,11554200.0,21.0
IEZ,ETF,5140.0,20.43,2006-05-05,2026-10-09,247041.0,NO,2020-05-12,13030000.0,2341.0
IAT,ETF,5140.0,20.43,2006-05-05,2026-10-09,171573.0,NO,2021-07-12,7885800.0,1915.0
ITB,ETF,5140.0,20.43,2006-05-05,2026-10-09,1804969.0,NO,2013-08-15,22046900.0,4803.0
IHE,ETF,5140.0,20.43,2006-05-05,2026-10-09,342362.0,NO,2008-06-18,3293400.0,6687.0
ITA,ETF,5140.0,20.43,2006-05-05,2026-10-09,471075.0,NO,2025-09-16,11652500.0,388.0
IHI,ETF,5140.0,20.43,2006-05-05,2026-10-09,1655567.0,NO,2020-04-09,23167800.0,2374.0
IEO,ETF,5140.0,20.43,2006-05-05,2026-10-09,200414.0,NO,2008-08-04,4540400.0,6640.0
IAI,ETF,5140.0,20.43,2006-05-05,2026-10-09,69576.0,NO,2007-08-16,12330500.0,6994.0
IHF,ETF,5140.0,20.43,2006-05-05,2026-10-09,504305.0,NO,2009-08-06,8205000.0,6273.0
RFV,ETF,5139.0,20.59,2006-03-07,2026-10-09,5034.0,NO,2017-05-26,584900.0,3423.0
QTEC,ETF,5132.0,20.44,2006-05-03,2026-10-09,3915028.0,NO,2016-11-11,18972200.0,3619.0
BEP,Stock,5132.0,20.9,2005-11-15,2026-10-09,554283.0,NO,2026-04-29,4162400.0,163.0
UPGD,ETF,5129.0,20.39,2006-05-19,2026-10-09,6383.0,NO,2008-10-07,788400.0,6576.0
GDX,ETF,5129.0,20.38,2006-05-22,2026-10-09,19735321.0,NO,2016-10-04,232153600.0,3657.0
MA,Stock,5126.0,20.38,2006-05-25,2026-10-09,2423360.0,NO,2006-05-25,395343000.0,7442.0
IAK,ETF,5125.0,20.43,2006-05-05,2026-10-09,61950.0,NO,2024-04-11,1034600.0,911.0
MWA,Stock,5125.0,20.37,2006-05-26,2026-10-09,812941.0,NO,2009-09-18,31019800.0,6230.0
AIVL,ETF,5111.0,20.31,2006-06-16,2026-10-09,2325.0,NO,2012-12-11,2404300.0,5050.0
DLS,ETF,5111.0,20.31,2006-06-16,2026-10-09,9378.0,NO,2007-03-23,1216300.0,7140.0
DHS,ETF,5111.0,20.31,2006-06-16,2026-10-09,28290.0,NO,2015-03-10,1981600.0,4231.0
DON,ETF,5111.0,20.31,2006-06-16,2026-10-09,128084.0,NO,2017-08-02,3178200.0,3355.0
DTH,ETF,5111.0,20.31,2006-06-16,2026-10-09,15766.0,NO,2020-03-19,702000.0,2395.0
DWM,ETF,5111.0,20.31,2006-06-16,2026-10-09,3843.0,NO,2012-09-27,1398300.0,5125.0
DLN,ETF,5111.0,20.31,2006-06-16,2026-10-09,107483.0,NO,2014-10-17,8394000.0,4375.0
DTD,ETF,5111.0,20.31,2006-06-16,2026-10-09,12322.0,NO,2015-04-09,1427400.0,4201.0
DES,ETF,5111.0,20.31,2006-06-16,2026-10-09,49450.0,NO,2017-01-27,2079900.0,3542.0
AIVI,ETF,5110.0,20.31,2006-06-16,2026-10-09,1046.0,NO,2011-09-20,826200.0,5498.0
DFJ,ETF,5109.0,20.31,2006-06-16,2026-10-09,28042.0,NO,2018-03-06,1729300.0,3139.0
MVV,ETF,5108.0,20.3,2006-06-21,2026-10-09,2568.0,NO,2014-02-03,95802300.0,4631.0
DOL,ETF,5108.0,20.31,2006-06-16,2026-10-09,15854.0,NO,2022-09-28,1096600.0,1472.0
QLD,ETF,5108.0,20.3,2006-06-21,2026-10-09,2650051.0,NO,2008-11-20,5974124800.0,6532.0
PSQ,ETF,5108.0,20.3,2006-06-21,2026-10-09,15881441.0,NO,2026-10-01,25983300.0,8.0
DIM,ETF,5108.0,20.31,2006-06-16,2026-10-09,1968.0,NO,2007-03-23,1204000.0,7140.0
SSO,ETF,5108.0,20.3,2006-06-21,2026-10-09,4364299.0,NO,2008-11-20,2931585600.0,6532.0
DOG,ETF,5108.0,20.3,2006-06-21,2026-10-09,6495731.0,NO,2026-03-06,19316000.0,217.0
DDM,ETF,5108.0,20.3,2006-06-21,2026-10-09,159576.0,NO,2008-11-21,779758800.0,6531.0
SH,ETF,5108.0,20.3,2006-06-21,2026-10-09,7387604.0,NO,2026-03-09,34760900.0,214.0
XES,ETF,5107.0,20.3,2006-06-22,2026-10-09,56817.0,NO,2023-04-03,1256400.0,1285.0
KRE,ETF,5107.0,20.3,2006-06-22,2026-10-09,14994394.0,NO,2023-05-04,117644200.0,1254.0
HOMB,Stock,5106.0,20.3,2006-06-23,2026-10-09,1033661.0,NO,2017-06-01,21175800.0,3417.0
XME,ETF,5106.0,20.3,2006-06-22,2026-10-09,957326.0,NO,2016-05-09,24548500.0,3805.0
XOP,ETF,5106.0,20.3,2006-06-22,2026-10-09,2619247.0,NO,2020-04-09,36283300.0,2374.0
FXF,ETF,5105.0,20.29,2006-06-26,2026-10-09,27363.0,NO,2011-08-11,2631600.0,5538.0
XRT,ETF,5105.0,20.3,2006-06-22,2026-10-09,2606458.0,NO,2010-05-06,77268600.0,6000.0
FXC,ETF,5105.0,20.29,2006-06-26,2026-10-09,21987.0,NO,2011-04-29,2752300.0,5642.0
FXA,ETF,5103.0,20.29,2006-06-26,2026-10-09,4642.0,NO,2011-09-23,2744800.0,5495.0
RFG,ETF,5101.0,20.59,2006-03-07,2026-10-09,2532.0,NO,2011-08-05,9756000.0,5544.0
FXB,ETF,5099.0,20.29,2006-06-26,2026-10-09,1641.0,NO,2016-06-24,1764500.0,3759.0
FPX,ETF,5097.0,20.38,2006-05-24,2026-10-09,21681.0,NO,2015-08-24,1013000.0,4064.0
KALU,Stock,5097.0,20.26,2006-07-07,2026-10-09,91153.0,NO,2010-03-24,3730000.0,6043.0
DEW,ETF,5096.0,20.31,2006-06-16,2026-10-09,4711.0,NO,2015-09-28,516200.0,4029.0
FBT,ETF,5096.0,20.3,2006-06-23,2026-10-09,187284.0,NO,2016-02-05,17193300.0,3899.0
MYY,ETF,5095.0,20.3,2006-06-21,2026-10-09,1423.0,NO,2014-09-23,1662075.0,4399.0
FDN,ETF,5094.0,20.3,2006-06-23,2026-10-09,90296.0,NO,2015-11-03,10420200.0,3993.0
SDS,ETF,5093.0,20.24,2006-07-13,2026-10-09,3747006.0,NO,2025-11-26,12628000.0,317.0
DXD,ETF,5093.0,20.24,2006-07-13,2026-10-09,2459494.0,NO,2026-06-09,9579500.0,122.0
FTCS,ETF,5091.0,20.25,2006-07-11,2026-10-09,213851.0,NO,2026-06-05,2268300.0,126.0
TNL,Stock,5088.0,20.22,2006-07-19,2026-10-09,571676.0,NO,2018-05-30,54592884.0,3054.0
DXJ,ETF,5087.0,20.31,2006-06-16,2026-10-09,602580.0,NO,2013-05-23,29200300.0,4887.0
GSG,ETF,5087.0,20.22,2006-07-21,2026-10-09,1787951.0,NO,2022-03-07,11178900.0,1677.0
XPH,ETF,5083.0,20.3,2006-06-22,2026-10-09,82527.0,NO,2012-06-11,3142800.0,5233.0
DFE,ETF,5082.0,20.31,2006-06-16,2026-10-09,4742.0,NO,2016-06-15,2645100.0,3768.0
DNL,ETF,5074.0,20.31,2006-06-16,2026-10-09,14916.0,NO,2007-06-14,3932400.0,7057.0
EVR,Stock,5071.0,20.15,2006-08-14,2026-10-09,520205.0,NO,2018-03-23,7295000.0,3122.0
VOT,ETF,5062.0,20.12,2006-08-25,2026-10-09,150592.0,NO,2008-03-12,2841300.0,6785.0
VOE,ETF,5062.0,20.12,2006-08-25,2026-10-09,262561.0,NO,2009-10-14,5517700.0,6204.0
RZG,ETF,5057.0,20.59,2006-03-07,2026-10-09,3717.0,NO,2011-07-07,4709700.0,5573.0
KTN,Stock,5053.0,22.85,2003-12-04,2026-10-09,3044.0,NO,2009-04-13,156300.0,6388.0
EDU,Stock,5048.0,20.07,2006-09-15,2026-10-09,312730.0,NO,2021-07-23,80673160.0,1904.0
CVY,ETF,5044.0,20.05,2006-09-21,2026-10-09,1724.0,NO,2011-07-14,3108400.0,5566.0
PRFZ,ETF,5044.0,20.05,2006-09-20,2026-10-09,45675.0,NO,2020-03-09,7730500.0,2405.0
MXI,ETF,5043.0,20.05,2006-09-22,2026-10-09,7353.0,NO,2010-11-04,8102000.0,5818.0
KXI,ETF,5043.0,20.05,2006-09-22,2026-10-09,64401.0,NO,2023-09-28,7349400.0,1107.0
JXI,ETF,5043.0,20.05,2006-09-22,2026-10-09,28836.0,NO,2019-01-29,4147400.0,2810.0
CVLT,Stock,5043.0,20.05,2006-09-22,2026-10-09,458072.0,NO,2006-09-22,8587700.0,7322.0
CAF,Stock,5039.0,20.03,2006-09-28,2026-10-09,10870.0,NO,2015-12-29,1443700.0,3937.0
ICFI,Stock,5039.0,20.03,2006-09-28,2026-10-09,159309.0,NO,2007-03-21,2738400.0,7142.0
ESEA,Stock,5035.0,20.43,2006-05-05,2026-10-09,35765.0,NO,2020-05-27,14008879.0,2326.0
EXI,ETF,5028.0,20.03,2006-09-27,2026-10-09,90009.0,NO,2021-03-08,3583900.0,2041.0
DAC,Stock,5027.0,19.98,2006-10-16,2026-10-09,216413.0,NO,2019-11-22,2851600.0,2513.0
PXI,ETF,5027.0,19.99,2006-10-12,2026-10-09,6968.0,NO,2021-12-06,2335600.0,1768.0
SLX,ETF,5026.0,19.98,2006-10-17,2026-10-09,6947.0,NO,2011-01-26,2467600.0,5735.0
LDOS,Stock,5026.0,19.98,2006-10-17,2026-10-09,952077.0,NO,2019-08-08,34119300.0,2619.0
PTH,ETF,5026.0,19.99,2006-10-12,2026-10-09,17328.0,NO,2016-02-01,4980000.0,3903.0
AWI,Stock,5025.0,19.98,2006-10-18,2026-10-09,258930.0,NO,2023-12-15,8415400.0,1029.0
EXLS,Stock,5023.0,19.97,2006-10-20,2026-10-09,1515993.0,NO,2022-09-30,37685000.0,1470.0
PSP,ETF,5021.0,19.96,2006-10-24,2026-10-09,26955.0,NO,2014-01-31,1701520.0,4634.0
MDYV,ETF,5021.0,20.9,2005-11-15,2026-10-09,47494.0,NO,2021-03-23,12911100.0,2026.0
ERTH,ETF,5018.0,19.96,2006-10-24,2026-10-09,956.0,NO,2020-06-16,1063100.0,2306.0
PTF,ETF,5016.0,19.99,2006-10-12,2026-10-09,67840.0,NO,2015-10-05,6038400.0,4022.0
OC,Stock,5015.0,19.94,2006-11-01,2026-10-09,1001613.0,NO,2019-09-20,15337800.0,2576.0
GSAT,Stock,5013.0,19.93,2006-11-02,2026-10-09,636816.0,NO,2021-08-30,37190507.0,1866.0
RXI,ETF,5013.0,20.05,2006-09-21,2026-10-09,9083.0,NO,2016-01-25,2814000.0,3910.0
PYZ,ETF,5008.0,19.99,2006-10-12,2026-10-09,1021.0,NO,2016-04-06,1166700.0,3838.0
PRN,ETF,5006.0,19.99,2006-10-12,2026-10-09,11478.0,NO,2007-09-14,2106600.0,6965.0
PFI,ETF,5004.0,19.99,2006-10-12,2026-10-09,2876.0,NO,2016-12-07,2142400.0,3593.0
VYM,ETF,5004.0,19.9,2006-11-16,2026-10-09,935798.0,NO,2022-06-24,10206900.0,1568.0
HRI,Stock,5004.0,19.9,2006-11-16,2026-10-09,471838.0,NO,2014-08-20,28676900.0,4433.0
KBR,Stock,5004.0,19.9,2006-11-16,2026-10-09,1176809.0,NO,2007-04-03,36408800.0,7129.0
FSLR,Stock,5003.0,19.89,2006-11-17,2026-10-09,1287834.0,NO,2013-04-09,40171200.0,4931.0
SBH,Stock,5003.0,19.89,2006-11-17,2026-10-09,1437711.0,NO,2020-10-02,34036700.0,2198.0
AER,Stock,5001.0,19.88,2006-11-21,2026-10-09,988037.0,NO,2015-06-04,40781000.0,4145.0
PSL,ETF,4995.0,19.99,2006-10-12,2026-10-09,2098.0,NO,2016-12-07,1531000.0,3593.0
OMAB,Stock,4992.0,19.86,2006-11-29,2026-10-09,250102.0,NO,2006-11-29,12208800.0,7254.0
ALGT,Stock,4989.0,19.84,2006-12-08,2026-10-09,307142.0,NO,2006-12-08,5542000.0,7245.0
IPGP,Stock,4986.0,19.82,2006-12-13,2026-10-09,245714.0,NO,2006-12-13,10771500.0,7240.0
RWX,ETF,4982.0,19.81,2006-12-19,2026-10-09,23058.0,NO,2018-11-15,7309000.0,2885.0
DSI,ETF,4980.0,19.89,2006-11-17,2026-10-09,99902.0,NO,2022-05-18,2626300.0,1605.0
AG,Stock,4980.0,19.86,2006-11-28,2026-10-09,9332338.0,NO,2026-01-30,60807500.0,252.0
PKW,ETF,4977.0,19.8,2006-12-20,2026-10-09,29960.0,NO,2021-07-20,8111000.0,1907.0
RSPD,ETF,4976.0,19.92,2006-11-07,2026-10-09,511171.0,NO,2021-10-26,4005000.0,1809.0
PEZ,ETF,4975.0,19.99,2006-10-12,2026-10-09,70.0,NO,2008-11-21,1415100.0,6531.0
LMAT,Stock,4975.0,19.97,2006-10-19,2026-10-09,126706.0,NO,2017-05-02,2960300.0,3447.0
DBE,ETF,4972.0,19.76,2007-01-05,2026-10-09,50722.0,NO,2009-06-25,5046800.0,6315.0
DBB,ETF,4972.0,19.76,2007-01-05,2026-10-09,63115.0,NO,2014-02-13,5379600.0,4621.0
DBA,ETF,4972.0,19.76,2007-01-05,2026-10-09,1460929.0,NO,2022-03-04,11291500.0,1680.0
DBO,ETF,4972.0,19.76,2007-01-05,2026-10-09,351784.0,NO,2018-06-27,18928200.0,3026.0
DBP,ETF,4971.0,19.76,2007-01-05,2026-10-09,3983.0,NO,2011-04-25,1971100.0,5646.0
IEI,ETF,4968.0,19.74,2007-01-11,2026-10-09,1400051.0,NO,2014-03-04,42883800.0,4602.0
TLH,ETF,4968.0,19.74,2007-01-11,2026-10-09,1728542.0,NO,2025-02-27,27571600.0,589.0
IGSB,ETF,4968.0,19.74,2007-01-11,2026-10-09,4514805.0,NO,2020-04-09,43043200.0,2374.0
SHV,ETF,4968.0,19.74,2007-01-11,2026-10-09,2464406.0,NO,2014-12-29,39315800.0,4302.0
GVI,ETF,4967.0,19.74,2007-01-11,2026-10-09,397775.0,NO,2017-06-28,5490100.0,3390.0
CWI,ETF,4965.0,19.73,2007-01-17,2026-10-09,183445.0,NO,2018-12-27,9871800.0,2843.0
IGIB,ETF,4964.0,19.74,2007-01-11,2026-10-09,2382962.0,NO,2020-04-09,24143800.0,2374.0
USIG,ETF,4963.0,19.74,2007-01-11,2026-10-09,1665319.0,NO,2025-09-22,15239200.0,382.0
RSPG,ETF,4962.0,19.92,2006-11-07,2026-10-09,69415.0,NO,2020-04-30,1756600.0,2353.0
POWA,ETF,4962.0,19.82,2006-12-15,2026-10-09,46316.0,NO,2020-07-22,527300.0,2270.0
AVAV,Stock,4961.0,19.71,2007-01-23,2026-10-09,1249884.0,NO,2026-03-02,13461900.0,221.0
UWM,ETF,4959.0,19.7,2007-01-25,2026-10-09,198372.0,NO,2014-03-04,91532400.0,4602.0
TWM,ETF,4959.0,19.7,2007-01-25,2026-10-09,373082.0,NO,2024-08-05,2996640.0,795.0
RSPH,ETF,4959.0,19.92,2006-11-07,2026-10-09,166355.0,NO,2015-09-15,9197000.0,4042.0
EIG,Stock,4955.0,19.69,2007-01-31,2026-10-09,182342.0,NO,2007-01-31,15894800.0,7191.0
QQQX,Stock,4954.0,19.69,2007-02-01,2026-10-09,151803.0,NO,2018-02-05,924700.0,3168.0
SRS,ETF,4954.0,19.69,2007-02-01,2026-10-09,16849.0,NO,2022-05-04,253000.0,1619.0
DIG,ETF,4954.0,19.69,2007-02-01,2026-10-09,66065.0,NO,2009-01-06,36635600.0,6485.0
SKF,ETF,4952.0,19.69,2007-02-01,2026-10-09,14648.0,NO,2009-05-07,307125.0,6364.0
MDGL,Stock,4951.0,19.67,2007-02-06,2026-10-09,312984.0,NO,2022-12-19,8816700.0,1390.0
CENTA,Stock,4951.0,19.67,2007-02-06,2026-10-09,161894.0,NO,2018-08-09,5682250.0,2983.0
UYM,ETF,4951.0,19.69,2007-02-01,2026-10-09,641.0,NO,2008-11-13,69206000.0,6539.0
URE,ETF,4950.0,19.67,2007-02-06,2026-10-09,2785.0,NO,2009-05-08,27360800.0,6363.0
RSPT,ETF,4950.0,19.92,2006-11-07,2026-10-09,539700.0,NO,2023-05-09,18775000.0,1249.0
USD,ETF,4948.0,19.69,2007-02-01,2026-10-09,429022.0,NO,2008-12-09,144076800.0,6513.0
CSD,ETF,4947.0,19.82,2006-12-15,2026-10-09,3103.0,NO,2014-04-15,882400.0,4560.0
UYG,ETF,4946.0,19.69,2007-02-01,2026-10-09,54022.0,NO,2008-10-10,202575180.0,6573.0
SPYM,ETF,4946.0,20.9,2005-11-15,2026-10-09,28642447.0,NO,2026-03-13,73446500.0,210.0
FXY,ETF,4946.0,19.65,2007-02-13,2026-10-09,58825.0,NO,2013-06-06,5126200.0,4873.0
AGGM,ETF,4946.0,19.74,2007-01-11,2026-10-09,1677.0,NO,2021-05-19,2235000.0,1969.0
QCLN,ETF,4942.0,19.65,2007-02-14,2026-10-09,66020.0,NO,2021-01-07,2309400.0,2101.0
ROM,ETF,4939.0,19.69,2007-02-01,2026-10-09,25426.0,NO,2008-10-13,38278400.0,6570.0
NIE,Stock,4939.0,19.62,2007-02-23,2026-10-09,106366.0,NO,2023-01-10,551700.0,1368.0
SMN,ETF,4937.0,19.67,2007-02-05,2026-10-09,1170.0,NO,2026-04-01,75300.0,191.0
PDP,ETF,4935.0,19.61,2007-03-01,2026-10-09,19744.0,NO,2013-04-01,2799900.0,4939.0
UDN,ETF,4935.0,19.61,2007-03-01,2026-10-09,74540.0,NO,2010-05-27,3443500.0,5979.0
HOVNP,Stock,4934.0,20.86,2005-11-30,2026-10-09,3612.0,NO,2007-12-19,691600.0,6869.0
UUP,ETF,4934.0,19.61,2007-03-01,2026-10-09,1579995.0,NO,2010-05-05,22279700.0,6001.0
RXL,ETF,4932.0,19.69,2007-02-01,2026-10-09,8823.0,NO,2010-06-21,5489600.0,5954.0
VEU,ETF,4930.0,19.59,2007-03-08,2026-10-09,2814312.0,NO,2020-03-19,20323300.0,2395.0
GII,ETF,4928.0,19.69,2007-01-31,2026-10-09,11005.0,NO,2014-09-11,941800.0,4411.0
EES,ETF,4925.0,19.62,2007-02-23,2026-10-09,5326.0,NO,2010-03-03,1810800.0,6064.0
MBB,ETF,4923.0,19.57,2007-03-16,2026-10-09,3817710.0,NO,2026-09-22,60949200.0,17.0
EPS,ETF,4923.0,19.62,2007-02-23,2026-10-09,22090.0,NO,2008-12-11,1811400.0,6511.0
CQP,Stock,4921.0,19.55,2007-03-21,2026-10-09,106845.0,NO,2012-09-20,6475500.0,5132.0
BR,Stock,4920.0,19.55,2007-03-22,2026-10-09,751110.0,NO,2018-06-15,25107800.0,3038.0
GXC,ETF,4919.0,19.55,2007-03-23,2026-10-09,12928.0,NO,2019-01-31,3540600.0,2808.0
SPEM,ETF,4919.0,19.55,2007-03-23,2026-10-09,1194849.0,NO,2025-04-22,15483800.0,535.0
EZM,ETF,4918.0,19.62,2007-02-23,2026-10-09,53652.0,NO,2015-03-02,956100.0,4239.0
GMF,ETF,4917.0,19.55,2007-03-23,2026-10-08,1100.0,NO,2015-09-10,1099800.0,4046.0
JCE,Stock,4916.0,19.53,2007-03-28,2026-10-09,12863.0,NO,2022-10-04,1166600.0,1466.0
SMCI,Stock,4915.0,19.53,2007-03-29,2026-10-09,27216188.0,NO,2024-08-28,369735000.0,772.0
PFF,ETF,4914.0,19.53,2007-03-30,2026-10-09,2541776.0,NO,2020-03-12,21992700.0,2402.0
CCEC,Stock,4911.0,19.53,2007-03-30,2026-10-09,3497.0,NO,2014-09-03,1897771.0,4419.0
RSPM,ETF,4909.0,19.92,2006-11-07,2026-10-09,9108.0,NO,2020-11-12,4264000.0,2157.0
BSV,ETF,4908.0,19.5,2007-04-10,2026-10-09,2192407.0,NO,2019-01-16,41170700.0,2823.0
BLV,ETF,4908.0,19.5,2007-04-10,2026-10-09,642890.0,NO,2024-03-19,8983600.0,934.0
BIV,ETF,4908.0,19.5,2007-04-10,2026-10-09,2490451.0,NO,2019-01-16,19788900.0,2823.0
BND,ETF,4907.0,19.5,2007-04-10,2026-10-09,10062721.0,NO,2025-04-16,33963000.0,541.0
HYG,ETF,4907.0,19.5,2007-04-11,2026-10-09,37529775.0,NO,2025-04-07,193374800.0,550.0
HQI,Stock,4904.0,23.01,2003-10-07,2026-10-09,30386.0,NO,2019-04-09,2379200.0,2740.0
CZWI,Stock,4903.0,22.53,2004-03-30,2026-10-09,38915.0,NO,2025-06-27,1136800.0,469.0
TMUS,Stock,4901.0,19.47,2007-04-19,2026-10-09,18955439.0,NO,2013-11-15,68946800.0,4711.0
CELH,Stock,4900.0,19.71,2007-01-22,2026-10-09,5045626.0,NO,2025-02-21,62380500.0,595.0
TFSL,Stock,4898.0,19.46,2007-04-23,2026-10-09,688518.0,NO,2007-04-23,15230100.0,7109.0
CNK,Stock,4898.0,19.46,2007-04-24,2026-10-09,885743.0,NO,2020-11-09,50927700.0,2160.0
UPW,ETF,4898.0,19.69,2007-02-01,2026-10-09,19043.0,NO,2011-01-25,2851200.0,5736.0
GWX,ETF,4896.0,19.46,2007-04-26,2026-10-09,29993.0,NO,2017-10-10,4672300.0,3286.0
SAR,Stock,4891.0,19.54,2007-03-27,2026-10-09,194041.0,NO,2026-07-08,1023400.0,93.0
DAL,Stock,4891.0,19.44,2007-05-03,2026-10-09,11913228.0,NO,2013-09-10,206372300.0,4777.0
IBKR,Stock,4888.0,19.43,2007-05-04,2026-10-09,2423935.0,NO,2025-08-27,98998600.0,408.0
ACM,Stock,4886.0,19.42,2007-05-10,2026-10-09,2902124.0,NO,2007-05-10,20007900.0,7092.0
FIW,ETF,4885.0,19.41,2007-05-11,2026-10-09,35823.0,NO,2016-11-22,868000.0,3608.0
CGW,ETF,4884.0,19.41,2007-05-14,2026-10-09,19022.0,NO,2008-09-05,1445000.0,6608.0
FCG,ETF,4884.0,19.41,2007-05-11,2026-10-09,461393.0,NO,2020-03-10,11232500.0,2404.0
PODD,Stock,4883.0,19.4,2007-05-15,2026-10-09,864469.0,NO,2023-03-14,16412200.0,1305.0
REM,ETF,4883.0,19.43,2007-05-04,2026-10-09,1768109.0,NO,2022-10-11,8511700.0,1459.0
SPDW,ETF,4881.0,19.46,2007-04-26,2026-10-09,1952036.0,NO,2022-10-03,26986500.0,1467.0
TRS,Stock,4880.0,19.39,2007-05-18,2026-10-09,207052.0,NO,2007-05-18,7380279.0,7084.0
EQWL,ETF,4880.0,19.85,2006-12-01,2026-10-09,61070.0,NO,2026-01-29,1042400.0,253.0
SMOG,ETF,4875.0,19.42,2007-05-09,2026-10-09,303.0,NO,2008-10-20,247100.0,6563.0
BIL,ETF,4873.0,19.36,2007-05-30,2026-10-09,5909953.0,NO,2022-06-13,37231500.0,1579.0
RSPF,ETF,4872.0,19.92,2006-11-07,2026-10-09,18641.0,NO,2016-11-30,3262100.0,3600.0
WTRE,ETF,4869.0,19.35,2007-06-05,2026-10-09,615.0,NO,2012-03-14,548000.0,5322.0
JAZZ,Stock,4869.0,19.36,2007-06-01,2026-10-09,1288280.0,NO,2009-06-15,27415800.0,6325.0
SPIP,ETF,4868.0,19.36,2007-05-30,2026-10-09,791885.0,NO,2022-04-29,10123700.0,1624.0
USRT,ETF,4868.0,19.43,2007-05-04,2026-10-09,1120968.0,NO,2023-02-06,4702500.0,1341.0
FXN,ETF,4865.0,19.42,2007-05-10,2026-10-09,560502.0,NO,2023-02-10,87969500.0,1337.0
PIO,ETF,4863.0,19.32,2007-06-13,2026-10-09,6106.0,NO,2010-03-17,1201500.0,6050.0
NOG,Stock,4863.0,19.49,2007-04-13,2026-10-09,1706952.0,NO,2023-02-01,17165800.0,1346.0
TEL,Stock,4862.0,19.32,2007-06-14,2026-10-09,1531292.0,NO,2009-06-25,147437100.0,6315.0
PBD,ETF,4862.0,19.32,2007-06-13,2026-10-09,80047.0,NO,2026-08-31,3734100.0,39.0
FNX,ETF,4861.0,19.42,2007-05-10,2026-10-09,10712.0,NO,2011-09-08,1549400.0,5510.0
GRBK,Stock,4858.0,19.3,2007-06-20,2026-10-09,344443.0,NO,2014-03-31,27712195.0,4575.0
IDV,ETF,4857.0,19.3,2007-06-21,2026-10-09,426993.0,NO,2017-01-19,7268500.0,3550.0
BX,Stock,4856.0,19.3,2007-06-22,2026-10-09,3959865.0,NO,2023-09-15,117475900.0,1120.0
PXF,ETF,4855.0,19.29,2007-06-25,2026-10-09,87587.0,NO,2020-04-16,6802000.0,2367.0
FTC,ETF,4854.0,19.41,2007-05-11,2026-10-09,7104.0,NO,2015-03-03,1200300.0,4238.0
SPAB,ETF,4854.0,19.36,2007-05-30,2026-10-09,3496088.0,NO,2024-08-09,21755500.0,791.0
WLDN,Stock,4853.0,19.88,2006-11-21,2026-10-09,270718.0,NO,2026-05-11,1746500.0,151.0
FEX,ETF,4852.0,19.42,2007-05-10,2026-10-09,24148.0,NO,2015-08-24,2866400.0,4064.0
RSPU,ETF,4848.0,19.92,2006-11-07,2026-10-09,62325.0,NO,2015-02-27,2145200.0,4242.0
RSPN,ETF,4843.0,19.92,2006-11-07,2026-10-09,77852.0,NO,2020-08-13,3858500.0,2248.0
FXL,ETF,4842.0,19.42,2007-05-10,2026-10-09,242935.0,NO,2017-11-10,17140900.0,3255.0
DEM,ETF,4842.0,19.24,2007-07-13,2026-10-09,1006278.0,NO,2023-06-28,4962000.0,1199.0
REZ,ETF,4840.0,19.43,2007-05-04,2026-10-09,125972.0,NO,2021-09-16,3070100.0,1849.0
SPTI,ETF,4838.0,19.36,2007-05-30,2026-10-09,2323803.0,NO,2022-07-01,108356500.0,1561.0
FXZ,ETF,4835.0,19.41,2007-05-11,2026-10-09,24688.0,NO,2023-06-09,20955600.0,1218.0
VEA,ETF,4833.0,19.21,2007-07-26,2026-10-09,7364502.0,NO,2020-03-12,67385000.0,2402.0
SDP,ETF,4833.0,19.57,2007-03-15,2026-10-09,17506.0,NO,2026-09-22,159600.0,17.0
LULU,Stock,4832.0,19.2,2007-07-27,2026-10-09,3390358.0,NO,2017-03-30,49620300.0,3480.0
EDN,Stock,4829.0,19.46,2007-04-26,2026-10-09,296685.0,NO,2007-04-26,9331300.0,7106.0
G,Stock,4828.0,19.19,2007-08-02,2026-10-09,1288971.0,NO,2021-04-30,30165700.0,1988.0
FYX,ETF,4827.0,19.42,2007-05-10,2026-10-09,16461.0,NO,2015-08-24,831900.0,4064.0
SPTL,ETF,4827.0,19.36,2007-05-30,2026-10-09,11601821.0,NO,2025-11-13,62423000.0,330.0
FXH,ETF,4824.0,19.42,2007-05-10,2026-10-09,75116.0,NO,2016-03-28,17468500.0,3847.0
MELI,Stock,4822.0,19.16,2007-08-10,2026-10-09,313134.0,NO,2007-08-10,9800300.0,7000.0
FTA,ETF,4822.0,19.38,2007-05-24,2026-10-09,79188.0,NO,2020-05-14,1078800.0,2339.0
AROC,Stock,4815.0,19.13,2007-08-21,2026-10-09,991928.0,NO,2018-04-27,19724500.0,3087.0
FRI,ETF,4812.0,19.42,2007-05-10,2026-10-09,46552.0,NO,2011-07-20,13665100.0,5560.0
QQXT,ETF,4810.0,19.42,2007-05-08,2026-10-09,41296.0,NO,2025-04-11,11871700.0,546.0
SRV,Stock,4806.0,19.1,2007-09-04,2026-10-09,28870.0,NO,2025-11-07,291700.0,336.0
UXI,ETF,4805.0,19.67,2007-02-06,2026-10-09,609.0,NO,2009-03-11,5551200.0,6421.0
MOO,ETF,4805.0,19.09,2007-09-05,2026-10-09,176923.0,NO,2011-05-09,5819100.0,5632.0
MUB,ETF,4802.0,19.08,2007-09-10,2026-10-09,22972665.0,NO,2026-09-28,27207300.0,11.0
TFI,ETF,4799.0,19.07,2007-09-13,2026-10-09,1772329.0,NO,2022-04-25,17423100.0,1628.0
PXH,ETF,4788.0,19.03,2007-09-28,2026-10-09,114269.0,NO,2022-10-25,9164900.0,1445.0
TDC,Stock,4786.0,19.02,2007-10-02,2026-10-09,1408302.0,NO,2021-04-22,26249400.0,1996.0
OVLY,Stock,4784.0,22.98,2003-10-15,2026-10-09,10229.0,NO,2021-06-25,898500.0,1932.0
PDN,ETF,4784.0,19.03,2007-09-28,2026-10-09,2709.0,NO,2025-04-22,4202000.0,535.0
FRST,Stock,4783.0,19.94,2006-11-01,2026-10-09,71767.0,NO,2026-06-26,1935500.0,105.0
FXU,ETF,4783.0,19.42,2007-05-10,2026-10-09,155646.0,NO,2016-02-05,48303600.0,3899.0
FXG,ETF,4782.0,19.42,2007-05-10,2026-10-09,9772.0,NO,2016-11-28,21516500.0,3602.0
RSPS,ETF,4782.0,19.92,2006-11-07,2026-10-09,139257.0,NO,2026-09-15,7016500.0,24.0
GOVI,ETF,4779.0,19.0,2007-10-11,2026-10-09,113020.0,NO,2021-04-06,9398200.0,2012.0
BWX,ETF,4779.0,19.0,2007-10-11,2026-10-09,563600.0,NO,2026-01-27,13155200.0,255.0
PCY,ETF,4779.0,19.0,2007-10-11,2026-10-09,646573.0,NO,2013-01-17,16599800.0,5013.0
DTRE,ETF,4778.0,19.11,2007-08-30,2026-10-09,434.0,NO,2012-06-22,474800.0,5222.0
FXO,ETF,4776.0,19.42,2007-05-10,2026-10-09,136235.0,NO,2023-03-24,31170100.0,1295.0
CMF,ETF,4776.0,19.0,2007-10-11,2026-10-09,3022089.0,NO,2026-09-28,6276900.0,11.0
MAIN,Stock,4775.0,19.0,2007-10-09,2026-10-09,431391.0,NO,2014-06-27,4071200.0,4487.0
PZA,ETF,4774.0,18.98,2007-10-18,2026-10-09,3806831.0,NO,2020-10-15,15197800.0,2185.0
SHM,ETF,4773.0,18.98,2007-10-18,2026-10-09,862840.0,NO,2013-03-08,5801700.0,4963.0
NWG,Stock,4772.0,18.98,2007-10-18,2026-10-09,3648457.0,NO,2025-02-28,57055500.0,588.0
CVI,Stock,4771.0,18.96,2007-10-23,2026-10-09,635389.0,NO,2012-04-19,26037700.0,5286.0
ULTA,Stock,4769.0,18.96,2007-10-25,2026-10-09,384007.0,NO,2019-08-30,16029100.0,2597.0
DGS,ETF,4766.0,18.94,2007-10-30,2026-10-09,29168.0,NO,2017-09-28,2757900.0,3298.0
EFZ,ETF,4766.0,18.96,2007-10-25,2026-10-09,581.0,NO,2014-02-14,1263800.0,4620.0
FAB,ETF,4765.0,19.41,2007-05-11,2026-10-09,846.0,NO,2023-02-03,382600.0,1344.0
EUM,ETF,4764.0,18.94,2007-11-01,2026-10-09,9630.0,NO,2015-08-27,2886300.0,4061.0
IDHQ,ETF,4763.0,19.32,2007-06-13,2026-10-09,205936.0,NO,2008-11-24,1182800.0,6528.0
NYF,ETF,4762.0,19.0,2007-10-11,2026-10-09,1357477.0,NO,2026-09-11,2097800.0,28.0
PWZ,ETF,4761.0,18.97,2007-10-19,2026-10-09,1405549.0,NO,2024-08-06,9914400.0,794.0
PBHC,Stock,4760.0,30.9,1995-11-16,2026-10-09,406.0,NO,1995-11-16,645295.0,11285.0
PZT,ETF,4759.0,19.0,2007-10-11,2026-10-09,36927.0,NO,2026-09-11,632200.0,28.0
FXP,ETF,4759.0,18.92,2007-11-08,2026-10-09,3619.0,NO,2024-10-02,263350.0,737.0
APEI,Stock,4758.0,18.92,2007-11-09,2026-10-09,168759.0,NO,2010-08-06,6126800.0,5908.0
CUT,ETF,4758.0,18.92,2007-11-09,2026-10-09,5771.0,NO,2010-04-09,1314900.0,6027.0
ENSG,Stock,4758.0,18.92,2007-11-09,2026-10-09,205323.0,NO,2024-09-30,11223200.0,739.0
NMM,Stock,4756.0,18.9,2007-11-13,2026-10-09,173254.0,NO,2021-04-05,2107700.0,2013.0
MSCI,Stock,4754.0,18.9,2007-11-15,2026-10-09,323253.0,NO,2018-04-03,22350100.0,3111.0
FAD,ETF,4752.0,19.41,2007-05-11,2026-10-09,5123.0,NO,2011-08-01,419700.0,5548.0
BKF,ETF,4751.0,18.89,2007-11-20,2026-10-09,1571.0,NO,2013-04-04,6848100.0,4936.0
IFGL,ETF,4751.0,18.89,2007-11-19,2026-10-09,7784.0,NO,2013-06-12,34235700.0,4867.0
ECH,ETF,4751.0,18.89,2007-11-20,2026-10-09,424251.0,NO,2022-09-02,5211700.0,1498.0
IFLN,ETF,4750.0,18.9,2007-11-15,2026-10-09,30207.0,NO,2021-10-27,10932500.0,1808.0
AIA,ETF,4750.0,18.89,2007-11-20,2026-10-09,185613.0,NO,2021-03-08,4956000.0,2041.0
FXD,ETF,4748.0,19.42,2007-05-10,2026-10-09,2707.0,NO,2016-11-11,25408100.0,3619.0
PVI,ETF,4746.0,18.9,2007-11-15,2026-10-09,2164.0,NO,2010-08-13,2739200.0,5901.0
SBLK,Stock,4743.0,18.85,2007-12-03,2026-10-09,1237210.0,NO,2022-02-17,9415600.0,1695.0
JNK,ETF,4741.0,18.85,2007-12-04,2026-10-09,2418641.0,NO,2023-10-04,46175000.0,1101.0
SAA,ETF,4740.0,19.7,2007-01-25,2026-10-09,890.0,NO,2010-06-29,6045000.0,5946.0
IGF,ETF,4736.0,18.83,2007-12-12,2026-10-09,652967.0,NO,2025-02-10,9116700.0,606.0
SCZ,ETF,4736.0,18.83,2007-12-12,2026-10-09,451844.0,NO,2021-06-15,7679000.0,1942.0
LRN,Stock,4735.0,18.82,2007-12-13,2026-10-09,761374.0,NO,2025-10-29,25125700.0,345.0
TITN,Stock,4735.0,18.82,2007-12-13,2026-10-09,365129.0,NO,2012-09-10,7990000.0,5142.0
TNK,Stock,4735.0,18.82,2007-12-13,2026-10-09,399254.0,NO,2020-06-26,3984300.0,2296.0
FOR,Stock,4733.0,18.82,2007-12-13,2026-10-09,138190.0,NO,2017-06-05,12937200.0,3413.0
OESX,Stock,4731.0,18.81,2007-12-19,2026-10-09,38461.0,NO,2026-08-05,678000.0,65.0
EMB,ETF,4730.0,18.81,2007-12-19,2026-10-09,8399198.0,NO,2026-03-12,39160000.0,211.0
USL,ETF,4729.0,18.84,2007-12-06,2026-10-09,4325.0,NO,2020-04-21,5075300.0,2362.0
MGK,ETF,4726.0,18.78,2007-12-27,2026-10-09,989246.0,NO,2009-01-08,36061500.0,6483.0
MGC,ETF,4726.0,18.78,2007-12-27,2026-10-09,72188.0,NO,2025-12-16,3290900.0,297.0
MGV,ETF,4726.0,18.78,2007-12-27,2026-10-09,166523.0,NO,2022-08-02,4557200.0,1529.0
NWE,Stock,4725.0,18.78,2007-12-28,2026-10-09,568626.0,NO,2016-09-22,7326600.0,3669.0
PBP,ETF,4725.0,18.78,2007-12-27,2026-10-09,67711.0,NO,2016-01-29,3276700.0,3906.0
ITM,ETF,4725.0,18.84,2007-12-06,2026-10-09,1267435.0,NO,2024-10-09,3004100.0,730.0
XMHQ,ETF,4724.0,19.85,2006-12-01,2026-10-09,139801.0,NO,2024-05-29,5716100.0,863.0
ECHO,Stock,4723.0,18.77,2008-01-02,2026-10-09,5896532.0,NO,2026-06-12,50142900.0,119.0
FNV,Stock,4723.0,18.83,2007-12-10,2026-10-09,474919.0,NO,2013-09-20,9018600.0,4767.0
FDD,ETF,4723.0,19.11,2007-08-30,2026-10-09,57625.0,NO,2025-04-29,3745000.0,528.0
PIE,ETF,4720.0,18.75,2008-01-07,2026-10-09,32781.0,NO,2011-08-08,1961800.0,5541.0
BIP,Stock,4717.0,18.75,2008-01-10,2026-10-09,520883.0,NO,2017-09-12,11552184.0,3314.0
PIZ,ETF,4717.0,18.75,2008-01-07,2026-10-09,40228.0,NO,2013-06-21,1818600.0,4858.0
FXR,ETF,4711.0,19.42,2007-05-10,2026-10-09,41819.0,NO,2016-11-28,28030500.0,3602.0
EWV,ETF,4708.0,18.92,2007-11-08,2026-10-09,2765.0,NO,2026-03-03,226300.0,220.0
GCC,ETF,4708.0,18.71,2008-01-24,2026-10-09,51424.0,NO,2009-09-18,2185100.0,6230.0
FGD,ETF,4707.0,18.87,2007-11-27,2026-10-09,118316.0,NO,2023-01-06,3095900.0,1372.0
NLR,ETF,4707.0,19.15,2007-08-15,2026-10-09,396934.0,NO,2025-10-22,1763500.0,352.0
WTV,ETF,4707.0,19.62,2007-02-23,2026-10-09,125302.0,NO,2017-01-04,2421800.0,3565.0
SCJ,ETF,4703.0,18.78,2007-12-27,2026-10-09,17626.0,NO,2019-01-29,3946500.0,2810.0
DAN,Stock,4703.0,18.77,2008-01-02,2026-10-09,1186976.0,NO,2009-09-24,28204800.0,6224.0
IEUS,ETF,4702.0,18.89,2007-11-19,2026-10-09,2118.0,NO,2019-05-28,2356300.0,2691.0
MLN,ETF,4697.0,18.73,2008-01-16,2026-10-09,1205689.0,NO,2025-06-18,3404800.0,478.0
DWX,ETF,4690.0,18.63,2008-02-20,2026-10-09,18233.0,NO,2018-06-06,4840000.0,3047.0
EDV,ETF,4687.0,18.69,2008-01-29,2026-10-09,3621293.0,NO,2026-09-30,7491300.0,9.0
EPI,ETF,4686.0,18.62,2008-02-26,2026-10-09,369669.0,NO,2015-06-11,15801700.0,4138.0
UGA,ETF,4684.0,18.61,2008-02-28,2026-10-09,15783.0,NO,2020-04-23,2350100.0,2360.0
GENZ,ETF,4683.0,18.71,2008-01-24,2026-10-09,302.0,NO,2009-05-08,2694900.0,6363.0
IMVP,ETF,4680.0,18.6,2008-03-05,2026-10-09,13960.0,NO,2016-12-30,9166600.0,3570.0
RWL,ETF,4674.0,18.59,2008-03-07,2026-10-09,196399.0,NO,2025-01-23,5144600.0,624.0
PM,Stock,4672.0,18.56,2008-03-17,2026-10-09,3237041.0,NO,2018-04-19,45570300.0,3095.0
TOK,ETF,4671.0,18.83,2007-12-12,2026-10-09,405.0,NO,2008-11-20,8845600.0,6532.0
V,Stock,4670.0,18.56,2008-03-19,2026-10-09,5826430.0,NO,2008-03-19,708486000.0,6778.0
WIP,ETF,4670.0,18.56,2008-03-19,2026-10-09,40957.0,NO,2009-12-16,2268800.0,6141.0
ACWI,ETF,4664.0,18.53,2008-03-28,2026-10-09,1375549.0,NO,2022-02-03,21242100.0,1709.0
EIS,ETF,4664.0,18.53,2008-03-28,2026-10-09,81611.0,NO,2008-06-11,1669600.0,6694.0
TUR,ETF,4664.0,18.53,2008-03-28,2026-10-09,81685.0,NO,2018-08-10,13295900.0,2982.0
RWK,ETF,4663.0,18.58,2008-03-11,2026-10-09,7701.0,NO,2025-08-18,574400.0,417.0
THD,ETF,4662.0,18.52,2008-04-01,2026-10-09,253749.0,NO,2020-07-31,1446000.0,2261.0
ACWX,ETF,4662.0,18.52,2008-04-01,2026-10-09,1993955.0,NO,2026-09-22,80173900.0,17.0
RWJ,ETF,4656.0,18.63,2008-02-22,2026-10-09,160791.0,NO,2025-04-04,2289000.0,553.0
ZIONP,Stock,4654.0,19.76,2007-01-05,2026-10-09,21087.0,NO,2009-11-23,2278787.0,6164.0
SBB,ETF,4654.0,19.7,2007-01-25,2026-10-09,1206.0,NO,2013-06-10,585338.0,4869.0
TAN,ETF,4652.0,18.48,2008-04-15,2026-10-09,288775.0,NO,2021-01-06,7216500.0,2102.0
UCC,ETF,4650.0,19.67,2007-02-05,2026-10-08,300.0,NO,2010-10-25,5158400.0,5827.0
SMB,ETF,4647.0,18.61,2008-02-28,2026-10-09,263888.0,NO,2022-10-04,2325000.0,1466.0
IPI,Stock,4647.0,18.46,2008-04-22,2026-10-09,167141.0,NO,2008-04-22,4274930.0,6744.0
AWK,Stock,4646.0,18.46,2008-04-23,2026-10-09,1128636.0,NO,2016-03-03,33567100.0,3872.0
CZA,ETF,4646.0,19.52,2007-04-03,2026-10-09,4873.0,NO,2014-01-31,172900.0,4634.0
KDP,Stock,4636.0,18.42,2008-05-07,2026-10-09,8605185.0,NO,2022-06-17,143326600.0,1575.0
ENOV,Stock,4635.0,18.42,2008-05-08,2026-10-09,1129583.0,NO,2025-01-13,10728800.0,634.0
PST,ETF,4625.0,18.38,2008-05-22,2026-10-09,6104.0,NO,2022-03-15,2523300.0,1669.0
TBT,ETF,4625.0,18.38,2008-05-22,2026-10-09,328227.0,NO,2022-02-11,21934900.0,1701.0
RWO,ETF,4623.0,18.38,2008-05-22,2026-10-09,232001.0,NO,2018-06-15,10759300.0,3038.0
EWX,ETF,4621.0,18.38,2008-05-22,2026-10-09,14781.0,NO,2011-02-01,6493500.0,5729.0
SIJ,ETF,4618.0,19.69,2007-02-01,2026-10-09,11986.0,NO,2026-02-06,179850.0,245.0
SEF,ETF,4609.0,18.32,2008-06-12,2026-10-09,4323.0,NO,2023-03-15,354575.0,1304.0
IRDM,Stock,4603.0,18.55,2008-03-20,2026-10-09,885024.0,NO,2021-02-11,24324300.0,2066.0
FBIZ,Stock,4602.0,20.91,2005-11-09,2026-10-09,106696.0,NO,2011-02-14,1251800.0,5716.0
ICLN,ETF,4602.0,18.29,2008-06-25,2026-10-09,3883489.0,NO,2022-11-18,25135400.0,1421.0
VT,ETF,4601.0,18.29,2008-06-26,2026-10-09,1621235.0,NO,2021-07-09,19201700.0,1918.0
WOOD,ETF,4601.0,18.29,2008-06-25,2026-10-09,8140.0,NO,2025-01-08,662800.0,639.0
FAN,ETF,4600.0,18.28,2008-06-27,2026-10-09,22618.0,NO,2014-10-15,2654400.0,4377.0
AFK,ETF,4585.0,18.24,2008-07-14,2026-10-09,9660.0,NO,2026-03-11,543500.0,212.0
JBTM,Stock,4582.0,18.21,2008-07-23,2026-10-09,376923.0,NO,2025-01-03,3537200.0,644.0
UGE,ETF,4572.0,19.69,2007-02-01,2026-10-09,8005.0,NO,2011-01-25,3496800.0,5736.0
TREE,Stock,4569.0,18.16,2008-08-12,2026-10-09,222423.0,NO,2016-01-13,6652500.0,3922.0
GSL,Stock,4565.0,18.15,2008-08-15,2026-10-09,157896.0,NO,2022-03-02,3415800.0,1682.0
MYRG,Stock,4564.0,18.15,2008-08-13,2026-10-09,168002.0,NO,2009-06-26,3646200.0,6314.0
AAXJ,ETF,4564.0,18.15,2008-08-15,2026-10-09,297037.0,NO,2011-10-19,9487100.0,5469.0
CARE,Stock,4562.0,19.57,2007-03-15,2026-10-09,158413.0,NO,2019-06-28,2743100.0,2660.0
RDOG,ETF,4562.0,18.38,2008-05-22,2026-10-07,1200.0,NO,2014-10-07,231600.0,4383.0
PRIM,Stock,4562.0,18.17,2008-08-06,2026-10-09,1543640.0,NO,2026-05-06,13165500.0,156.0
EBMT,Stock,4559.0,26.51,2000-04-06,2026-10-09,17608.0,NO,2025-06-27,969500.0,469.0
BOTJ,Stock,4551.0,26.16,2000-08-10,2026-10-09,13553.0,NO,2022-08-19,200500.0,1512.0
RGA,Stock,4547.0,18.07,2008-09-12,2026-10-09,530015.0,NO,2008-09-12,5543600.0,6601.0
PFIS,Stock,4543.0,24.33,2002-06-11,2026-10-09,100484.0,NO,2014-06-27,1016800.0,4487.0
EC,Stock,4543.0,18.06,2008-09-18,2026-10-09,741364.0,NO,2022-11-30,11628800.0,1409.0
PNQI,ETF,4541.0,18.32,2008-06-13,2026-10-09,14806.0,NO,2015-01-26,2246000.0,4274.0
HCI,Stock,4522.0,18.06,2008-09-15,2026-10-09,145223.0,NO,2013-06-04,1536300.0,4875.0
HBCP,Stock,4511.0,18.0,2008-10-08,2026-10-09,35017.0,NO,2009-06-26,1229800.0,6314.0
SPXL,ETF,4509.0,17.92,2008-11-05,2026-10-09,1202466.0,NO,2009-03-11,447939600.0,6421.0
AOA,ETF,4504.0,17.91,2008-11-11,2026-10-09,131149.0,NO,2022-12-12,1157400.0,1397.0
AGZ,ETF,4503.0,17.91,2008-11-11,2026-10-09,14512.0,NO,2021-06-15,1690600.0,1942.0
HAP,ETF,4501.0,17.91,2008-11-11,2026-10-09,9075.0,NO,2009-11-02,1341800.0,6185.0
AOM,ETF,4500.0,17.91,2008-11-11,2026-10-09,610425.0,NO,2026-09-15,2526200.0,24.0
EVX,ETF,4500.0,19.98,2006-10-16,2026-10-09,3783.0,NO,2008-09-16,536000.0,6597.0
SUB,ETF,4499.0,17.89,2008-11-19,2026-10-09,1539151.0,NO,2026-01-13,3671000.0,269.0
TNA,ETF,4499.0,17.89,2008-11-19,2026-10-09,4231504.0,NO,2011-10-04,222000000.0,5484.0
SPXS,ETF,4499.0,17.89,2008-11-19,2026-10-09,9328334.0,NO,2026-03-09,39720500.0,214.0
FAS,ETF,4499.0,17.89,2008-11-19,2026-10-09,652896.0,NO,2009-04-21,715300128.0,6380.0
ERX,ETF,4499.0,17.89,2008-11-19,2026-10-09,264167.0,NO,2020-04-09,17675600.0,2374.0
TZA,ETF,4499.0,17.89,2008-11-19,2026-10-09,2962237.0,NO,2026-05-19,47314710.0,143.0
FAZ,ETF,4499.0,17.89,2008-11-19,2026-10-09,729999.0,NO,2025-04-04,6679380.0,553.0
AOR,ETF,4498.0,17.89,2008-11-19,2026-10-09,449020.0,NO,2023-01-23,3553200.0,1355.0
LOPE,Stock,4498.0,17.88,2008-11-20,2026-10-09,208719.0,NO,2019-12-20,8109100.0,2485.0
UCO,ETF,4495.0,17.87,2008-11-25,2026-10-09,2269489.0,NO,2020-04-21,207308000.0,2362.0
SCO,ETF,4495.0,17.87,2008-11-25,2026-10-09,3886009.0,NO,2026-05-26,28491875.0,136.0
YCS,ETF,4495.0,17.87,2008-11-25,2026-10-09,4715.0,NO,2011-03-18,16318800.0,5684.0
EUO,ETF,4495.0,17.87,2008-11-25,2026-10-09,9737.0,NO,2011-10-27,12556300.0,5461.0
AOK,ETF,4490.0,17.89,2008-11-19,2026-10-09,268222.0,NO,2022-07-28,4799100.0,1534.0
GLL,ETF,4490.0,17.85,2008-12-03,2026-10-09,1905909.0,NO,2026-01-29,71020300.0,253.0
UGL,ETF,4490.0,17.85,2008-12-03,2026-10-09,2822504.0,NO,2026-01-29,36588700.0,253.0
AGQ,ETF,4489.0,17.85,2008-12-04,2026-10-09,2155116.0,NO,2026-01-30,38653800.0,252.0
CLW,Stock,4488.0,17.84,2008-12-05,2026-10-09,56523.0,NO,2024-11-01,4138000.0,707.0
CZFS,Stock,4480.0,27.76,1999-01-04,2026-10-09,23101.0,NO,2023-06-23,546612.0,1204.0
SLMBP,Stock,4476.0,21.24,2005-07-11,2026-10-08,1200.0,NO,2012-01-23,2272200.0,5372.0
ZSL,ETF,4475.0,17.83,2008-12-09,2026-10-09,1931442.0,NO,2026-01-30,100224410.0,252.0
EDC,ETF,4472.0,17.77,2008-12-30,2026-10-09,50769.0,NO,2010-05-04,6176700.0,6002.0
TECL,ETF,4472.0,17.77,2008-12-30,2026-10-09,346763.0,NO,2010-05-04,332400000.0,6002.0
VRTS,Stock,4470.0,17.77,2009-01-02,2026-10-09,86922.0,NO,2017-01-27,1283800.0,3542.0
MIDU,ETF,4466.0,17.75,2009-01-08,2026-10-09,14425.0,NO,2010-05-04,3607200.0,6002.0
HYD,ETF,4447.0,17.67,2009-02-05,2026-10-09,2598961.0,NO,2022-06-14,5720900.0,1578.0
IGOV,ETF,4445.0,17.69,2009-01-30,2026-10-09,134711.0,NO,2023-12-11,12919200.0,1033.0
BWZ,ETF,4442.0,17.69,2009-01-30,2026-10-09,125574.0,NO,2025-06-04,9950600.0,492.0
FCAP,Stock,4442.0,27.75,1999-01-08,2026-10-09,11821.0,NO,2021-06-25,422900.0,1932.0
SPIB,ETF,4437.0,17.63,2009-02-20,2026-10-09,4380120.0,NO,2022-10-31,37971400.0,1439.0
COLO,ETF,4430.0,17.66,2009-02-09,2026-10-09,33691.0,NO,2026-06-01,1251100.0,130.0
NECB,Stock,4421.0,20.26,2006-07-06,2026-10-09,66030.0,NO,2006-07-06,1742670.0,7400.0
HBM,Stock,4420.0,17.64,2009-02-17,2026-10-09,4029950.0,NO,2025-08-13,30836400.0,422.0
SPLB,ETF,4415.0,17.58,2009-03-11,2026-10-09,2801975.0,NO,2025-08-11,17332400.0,424.0
QAI,ETF,4414.0,17.54,2009-03-25,2026-10-09,19523.0,NO,2019-02-05,6007800.0,2803.0
VSS,ETF,4406.0,17.51,2009-04-06,2026-10-09,125810.0,NO,2025-04-07,3314200.0,550.0
CWB,ETF,4399.0,17.48,2009-04-16,2026-10-09,361735.0,NO,2023-03-14,18483100.0,1305.0
TMF,ETF,4399.0,17.48,2009-04-16,2026-10-09,5862326.0,NO,2025-04-09,33110100.0,548.0
TMV,ETF,4399.0,17.48,2009-04-16,2026-10-09,1071607.0,NO,2024-01-16,13853500.0,997.0
ISHG,ETF,4392.0,17.69,2009-01-28,2026-10-09,62545.0,NO,2026-04-29,2091000.0,163.0
SPMB,ETF,4386.0,17.69,2009-01-30,2026-10-09,2526789.0,NO,2020-02-12,15216600.0,2431.0
SZK,ETF,4383.0,19.69,2007-02-01,2026-10-09,7869.0,NO,2026-09-22,174300.0,17.0
BRF,ETF,4379.0,17.4,2009-05-14,2026-10-09,16549.0,NO,2009-10-28,1596200.0,6190.0
TYO,ETF,4378.0,17.48,2009-04-16,2026-10-09,42322.0,NO,2022-09-28,1059600.0,1472.0
EOT,Stock,4366.0,17.35,2009-06-03,2026-10-09,91731.0,NO,2022-06-21,333700.0,1571.0
XPP,ETF,4364.0,17.35,2009-06-04,2026-10-09,849.0,NO,2024-10-07,331800.0,732.0
EET,ETF,4359.0,17.35,2009-06-04,2026-10-09,9747.0,NO,2019-02-25,247700.0,2783.0
EPU,ETF,4353.0,17.3,2009-06-22,2026-10-09,9214.0,NO,2011-01-27,3119800.0,5734.0
CEW,ETF,4353.0,17.35,2009-06-02,2026-10-09,5051.0,NO,2010-06-02,6404800.0,5973.0
UPRO,ETF,4350.0,17.29,2009-06-25,2026-10-09,1854919.0,NO,2010-07-01,290347200.0,5944.0
SPXU,ETF,4350.0,17.29,2009-06-25,2026-10-09,6482468.0,NO,2026-06-09,24299300.0,122.0
EPV,ETF,4347.0,17.31,2009-06-19,2026-10-09,9734.0,NO,2022-10-04,594780.0,1466.0
BUD,Stock,4346.0,17.27,2009-07-01,2026-10-09,1228028.0,NO,2013-01-31,13492400.0,4999.0
IGI,Stock,4346.0,17.27,2009-07-01,2026-10-09,7369.0,NO,2024-02-28,778100.0,954.0
QABA,ETF,4336.0,17.27,2009-07-01,2026-10-09,447.0,NO,2016-11-15,928600.0,3615.0
DRV,ETF,4329.0,17.2,2009-07-27,2026-10-09,162442.0,NO,2022-11-10,1617500.0,1429.0
EMIF,ETF,4328.0,17.31,2009-06-19,2026-10-09,4037.0,NO,2024-06-12,521800.0,849.0
TPZ,ETF,4327.0,17.2,2009-07-29,2026-10-09,18411.0,NO,2024-12-26,1567900.0,652.0
AVGO,Stock,4321.0,17.17,2009-08-06,2026-10-09,16467294.0,NO,2014-05-07,560280000.0,4538.0
OGC,Stock,4316.0,18.29,2008-06-26,2026-10-09,601586.0,NO,2016-03-18,11516567.0,3857.0
VNM,ETF,4307.0,17.12,2009-08-26,2026-10-09,256990.0,NO,2025-04-04,8387900.0,553.0
GSY,ETF,4307.0,18.66,2008-02-12,2026-10-09,870092.0,NO,2026-01-06,4516200.0,276.0
STPZ,ETF,4307.0,17.12,2009-08-26,2026-10-09,15641.0,NO,2010-03-08,3226100.0,6059.0
CSM,ETF,4307.0,17.12,2009-08-26,2026-10-09,2780.0,NO,2020-04-09,3128600.0,2374.0
TBF,ETF,4307.0,17.12,2009-08-26,2026-10-09,296004.0,NO,2022-03-01,10356500.0,1683.0
SIVR,ETF,4307.0,17.12,2009-08-26,2026-10-09,2679645.0,NO,2026-01-30,26230700.0,252.0
EQL,ETF,4303.0,17.12,2009-08-26,2026-10-09,27680.0,NO,2022-12-19,2136900.0,1390.0
PSR,ETF,4299.0,17.88,2008-11-21,2026-10-09,465.0,NO,2016-02-18,428500.0,3886.0
NORW,ETF,4295.0,17.12,2009-08-26,2026-10-09,5795.0,NO,2026-03-30,1375300.0,193.0
SGOL,ETF,4295.0,17.07,2009-09-14,2026-10-09,1371614.0,NO,2026-01-30,51951200.0,252.0
LTPZ,ETF,4292.0,17.07,2009-09-14,2026-10-09,520062.0,NO,2012-10-03,3698900.0,5119.0
SCC,ETF,4283.0,19.67,2007-02-05,2026-10-09,8120.0,NO,2026-09-22,228000.0,17.0
PSK,ETF,4279.0,17.01,2009-10-06,2026-10-09,214296.0,NO,2023-04-26,2371700.0,1262.0
VRSK,Stock,4278.0,17.0,2009-10-07,2026-10-09,1414405.0,NO,2009-10-07,63739500.0,6211.0
OMER,Stock,4277.0,17.0,2009-10-08,2026-10-09,793713.0,NO,2025-10-15,125221000.0,359.0
MG,Stock,4277.0,17.0,2009-10-08,2026-10-09,387592.0,NO,2009-10-08,6392700.0,6210.0
PAM,Stock,4276.0,17.0,2009-10-09,2026-10-09,86897.0,NO,2019-05-28,9857700.0,2691.0
FXNC,Stock,4272.0,27.73,1999-01-14,2026-10-09,9412.0,NO,2025-06-27,969500.0,469.0
IWY,ETF,4272.0,17.03,2009-09-28,2026-10-09,302438.0,NO,2023-03-15,5490600.0,1304.0
TIPZ,ETF,4268.0,17.07,2009-09-14,2026-10-09,14638.0,NO,2022-07-01,1761300.0,1561.0
ADUS,Stock,4261.0,16.95,2009-10-28,2026-10-09,101603.0,NO,2009-10-28,2471500.0,6190.0
SCHB,ETF,4259.0,16.93,2009-11-03,2026-10-09,9233301.0,NO,2020-03-12,52420200.0,2402.0
SCHX,ETF,4259.0,16.93,2009-11-03,2026-10-09,7810136.0,NO,2024-10-07,103780800.0,732.0
SCHA,ETF,4259.0,16.93,2009-11-03,2026-10-09,3080011.0,NO,2024-02-13,32822600.0,969.0
SCHF,ETF,4259.0,16.93,2009-11-03,2026-10-09,6577135.0,NO,2025-08-18,73778900.0,417.0
H,Stock,4257.0,16.93,2009-11-05,2026-10-09,561477.0,NO,2009-11-05,19384900.0,6182.0
LEA,Stock,4255.0,16.91,2009-11-09,2026-10-09,540075.0,NO,2019-12-20,8951400.0,2485.0
GDXJ,ETF,4253.0,16.91,2009-11-11,2026-10-09,3772036.0,NO,2020-03-12,84076500.0,2402.0
DG,Stock,4251.0,16.9,2009-11-13,2026-10-09,1776461.0,NO,2012-11-30,66137200.0,5061.0
HROW,Stock,4249.0,19.03,2007-09-28,2026-10-09,1351681.0,NO,2017-10-19,23716800.0,3277.0
MINT,ETF,4249.0,16.89,2009-11-17,2026-10-09,1293029.0,NO,2022-10-28,12439000.0,1442.0
BAB,ETF,4249.0,16.89,2009-11-17,2026-10-09,170467.0,NO,2024-03-14,9475800.0,939.0
SMBK,Stock,4249.0,22.96,2003-10-24,2026-10-09,88203.0,NO,2017-06-23,777200.0,3395.0
FTNT,Stock,4248.0,16.89,2009-11-18,2026-10-09,2068351.0,NO,2018-10-10,166853000.0,2921.0
INDY,ETF,4246.0,16.88,2009-11-20,2026-10-09,51740.0,NO,2018-04-05,10789300.0,3109.0
VCSH,ETF,4245.0,16.88,2009-11-23,2026-10-09,12017349.0,NO,2019-01-16,41829100.0,2823.0
VGSH,ETF,4245.0,16.88,2009-11-23,2026-10-09,4690274.0,NO,2026-08-26,33640000.0,44.0
VCIT,ETF,4245.0,16.88,2009-11-23,2026-10-09,8500863.0,NO,2025-09-12,39431200.0,392.0
VMBS,ETF,4244.0,16.88,2009-11-23,2026-10-09,2529151.0,NO,2025-04-22,109432000.0,535.0
CVE,Stock,4243.0,16.89,2009-11-17,2026-10-09,9050187.0,NO,2017-03-30,45049000.0,3480.0
VGIT,ETF,4242.0,16.88,2009-11-23,2026-10-09,6292506.0,NO,2026-01-13,24697600.0,269.0
STK,Stock,4242.0,16.87,2009-11-27,2026-10-09,47329.0,NO,2018-01-12,384000.0,3192.0
JLS,Stock,4242.0,16.87,2009-11-27,2026-10-09,33694.0,NO,2018-07-05,394000.0,3018.0
VCLT,ETF,4242.0,16.88,2009-11-23,2026-10-09,4408398.0,NO,2026-09-30,23857800.0,9.0
IWX,ETF,4242.0,17.03,2009-09-28,2026-10-09,106663.0,NO,2025-03-04,10183200.0,584.0
CHIQ,ETF,4239.0,16.85,2009-12-01,2026-10-09,26911.0,NO,2021-05-19,6258400.0,1969.0
TFII,Stock,4238.0,20.9,2005-11-15,2026-10-09,285745.0,NO,2020-02-13,2600800.0,2430.0
YINN,ETF,4238.0,16.85,2009-12-03,2026-10-09,2295998.0,NO,2024-10-08,59687000.0,731.0
FNRN,Stock,4235.0,27.76,1999-01-05,2026-10-09,49625.0,NO,2026-06-26,2154100.0,105.0
YANG,ETF,4235.0,16.85,2009-12-04,2026-10-09,982575.0,NO,2025-10-10,18624300.0,364.0
ZROZ,ETF,4235.0,16.93,2009-11-04,2026-10-09,890543.0,NO,2026-08-18,5186800.0,52.0
PEB,Stock,4234.0,16.83,2009-12-09,2026-10-09,1358158.0,NO,2023-03-17,29801700.0,1302.0
OPLN,Stock,4232.0,16.83,2009-12-11,2026-10-09,1276901.0,NO,2013-11-07,40911634.0,4719.0
SCHV,ETF,4230.0,16.82,2009-12-15,2026-10-09,1927770.0,NO,2026-04-10,20911700.0,182.0
MUNI,ETF,4230.0,16.82,2009-12-15,2026-10-09,1669263.0,NO,2026-10-02,3914100.0,7.0
MNA,ETF,4229.0,16.89,2009-11-17,2026-10-09,32251.0,NO,2019-02-20,1416600.0,2788.0
FMBH,Stock,4219.0,27.57,1999-03-16,2026-10-09,119839.0,NO,2026-06-26,922500.0,105.0
SCHG,ETF,4218.0,16.76,2010-01-04,2026-10-09,7104965.0,NO,2026-05-12,85366800.0,150.0
SPSB,ETF,4218.0,16.76,2010-01-04,2026-10-09,8333504.0,NO,2026-03-19,34180200.0,204.0
TAK,Stock,4217.0,16.76,2010-01-05,2026-10-09,2043124.0,NO,2019-01-10,20535900.0,2829.0
PALL,ETF,4214.0,16.75,2010-01-08,2026-10-09,1143551.0,NO,2026-01-30,11070000.0,252.0
PPLT,ETF,4214.0,16.75,2010-01-08,2026-10-09,2400516.0,NO,2025-12-26,38334000.0,287.0
SCHC,ETF,4210.0,16.73,2010-01-14,2026-10-09,241963.0,NO,2020-03-12,5394800.0,2402.0
VGLT,ETF,4210.0,16.76,2010-01-05,2026-10-09,2380395.0,NO,2026-03-20,17568800.0,203.0
SCHE,ETF,4210.0,16.73,2010-01-14,2026-10-09,2054713.0,NO,2020-03-12,15765600.0,2402.0
RBLD,ETF,4208.0,17.98,2008-10-17,2026-10-09,714.0,NO,2012-08-13,385500.0,5170.0
YCL,ETF,4205.0,17.83,2008-12-09,2026-10-09,33627.0,NO,2024-08-05,563400.0,795.0
IGLB,ETF,4205.0,16.83,2009-12-09,2026-10-09,1569069.0,NO,2026-07-27,10607400.0,74.0
CQQQ,ETF,4202.0,16.71,2010-01-22,2026-10-09,393814.0,NO,2025-10-10,8899700.0,364.0
CHTR,Stock,4199.0,16.76,2010-01-05,2026-10-09,5113835.0,NO,2016-09-07,35466600.0,3684.0
IPB,ETF,4195.0,22.72,2004-01-20,2026-10-09,7398.0,NO,2004-03-05,130200.0,8253.0
TRNO,Stock,4192.0,16.66,2010-02-10,2026-10-09,402305.0,NO,2024-12-20,19700100.0,658.0
SRTY,ETF,4191.0,16.66,2010-02-11,2026-10-09,652153.0,NO,2026-06-12,11465600.0,119.0
UDOW,ETF,4191.0,16.66,2010-02-11,2026-10-09,2503994.0,NO,2020-03-25,67061200.0,2389.0
URTY,ETF,4191.0,16.66,2010-02-11,2026-10-09,176726.0,NO,2011-10-05,8068400.0,5483.0
TQQQ,ETF,4191.0,16.66,2010-02-11,2026-10-09,39365090.0,NO,2011-10-17,1094342400.0,5471.0
GNRC,Stock,4191.0,16.66,2010-02-11,2026-10-09,966403.0,NO,2020-02-12,13312000.0,2431.0
QNST,Stock,4191.0,16.66,2010-02-11,2026-10-09,678044.0,NO,2010-02-11,5815700.0,6084.0
SDOW,ETF,4189.0,16.66,2010-02-11,2026-10-09,3178197.0,NO,2025-04-07,19075600.0,550.0
UMDD,ETF,4188.0,16.66,2010-02-11,2026-10-09,1426.0,NO,2011-10-04,9932000.0,5484.0
PCEF,ETF,4186.0,16.64,2010-02-19,2026-10-09,123328.0,NO,2026-04-08,1583900.0,184.0
IWL,ETF,4183.0,17.03,2009-09-28,2026-10-09,26910.0,NO,2012-06-20,4204500.0,5224.0
PHYS,ETF,4181.0,16.62,2010-02-26,2026-10-09,2796253.0,NO,2026-01-30,48356400.0,252.0
FDBC,Stock,4177.0,27.49,1999-04-13,2026-10-09,8407.0,NO,2023-06-23,543900.0,1204.0
SOXL,ETF,4172.0,16.58,2010-03-11,2026-10-09,58824798.0,NO,2025-04-09,787748800.0,548.0
HEDJ,ETF,4172.0,16.73,2010-01-15,2026-10-09,117414.0,NO,2015-08-24,36568400.0,4064.0
ST,Stock,4172.0,16.58,2010-03-11,2026-10-09,769491.0,NO,2023-09-15,23136900.0,1120.0
INDL,ETF,4171.0,16.58,2010-03-11,2026-10-09,25800.0,NO,2020-05-18,1196600.0,2335.0
UST,ETF,4168.0,16.68,2010-02-02,2026-10-09,16315.0,NO,2014-02-03,73322000.0,4631.0
MXL,Stock,4163.0,16.54,2010-03-24,2026-10-09,2888364.0,NO,2026-04-24,29044000.0,168.0
FIBK,Stock,4163.0,16.54,2010-03-24,2026-10-09,750417.0,NO,2025-12-01,16609500.0,312.0
CALX,Stock,4163.0,16.54,2010-03-24,2026-10-09,1432296.0,NO,2024-03-15,11724100.0,938.0
SQQQ,ETF,4162.0,16.59,2010-03-09,2026-10-09,32615109.0,NO,2026-06-09,158568600.0,122.0
HTHT,Stock,4161.0,16.54,2010-03-26,2026-10-09,1714543.0,NO,2010-03-26,23327200.0,6041.0
STNG,Stock,4158.0,16.53,2010-03-31,2026-10-09,1059227.0,NO,2020-04-21,7668500.0,2362.0
SSNC,Stock,4158.0,16.53,2010-03-31,2026-10-09,747686.0,NO,2018-04-04,18212400.0,3110.0
EUFN,ETF,4157.0,16.68,2010-02-03,2026-10-09,1605097.0,NO,2021-03-08,22888800.0,2041.0
PRI,Stock,4157.0,16.52,2010-04-01,2026-10-09,172457.0,NO,2010-04-01,18080100.0,6035.0
REK,ETF,4157.0,16.56,2010-03-18,2026-10-09,38851.0,NO,2015-09-08,1555250.0,4049.0
PSCH,ETF,4153.0,16.51,2010-04-07,2026-10-09,4516.0,NO,2011-03-11,6500400.0,5691.0
INBK,Stock,4148.0,20.49,2006-04-12,2026-10-09,20077.0,NO,2023-06-23,1302900.0,1204.0
SIL,ETF,4145.0,16.47,2010-04-20,2026-10-09,642774.0,NO,2026-01-30,15286500.0,252.0
PSCE,ETF,4145.0,16.51,2010-04-07,2026-10-09,13194.0,NO,2023-04-03,1647680.0,1285.0
PSCT,ETF,4144.0,16.51,2010-04-07,2026-10-09,12884.0,NO,2015-08-20,5811600.0,4068.0
SPSC,Stock,4143.0,16.47,2010-04-22,2026-10-09,378902.0,NO,2016-09-22,4884400.0,3669.0
COPX,ETF,4143.0,16.47,2010-04-20,2026-10-09,2426748.0,NO,2026-01-29,18336200.0,253.0
LYB,Stock,4139.0,16.45,2010-04-28,2026-10-09,3001653.0,NO,2012-09-04,41142800.0,5148.0
AOSL,Stock,4138.0,16.45,2010-04-29,2026-10-09,351785.0,NO,2022-05-18,5137100.0,1605.0
PSCD,ETF,4136.0,16.51,2010-04-07,2026-10-09,100.0,NO,2010-08-11,1014200.0,5903.0
PLOW,Stock,4134.0,16.43,2010-05-05,2026-10-09,152215.0,NO,2011-05-17,3421000.0,5624.0
SMMU,ETF,4121.0,16.68,2010-02-03,2026-10-09,229611.0,NO,2025-04-16,1652700.0,541.0
IBND,ETF,4120.0,16.39,2010-05-20,2026-10-09,43252.0,NO,2023-08-01,2132900.0,1165.0
PSCF,ETF,4118.0,16.51,2010-04-07,2026-10-09,904.0,NO,2010-08-11,1922500.0,5903.0
PSCI,ETF,4118.0,16.51,2010-04-07,2026-10-09,8386.0,NO,2026-09-15,790800.0,24.0
FAF,Stock,4117.0,16.37,2010-05-28,2026-10-09,893977.0,NO,2016-06-24,10069200.0,3759.0
PSCC,ETF,4115.0,16.51,2010-04-07,2026-10-09,2669.0,NO,2016-09-27,1262700.0,3664.0
PICB,ETF,4114.0,16.35,2010-06-03,2026-10-09,106531.0,NO,2021-02-25,1496300.0,2052.0
PSCU,ETF,4113.0,16.51,2010-04-07,2026-10-09,884.0,NO,2015-08-20,665600.0,4068.0
BIB,ETF,4110.0,16.5,2010-04-09,2026-10-09,7335.0,NO,2015-09-28,3660800.0,4029.0
CORN,ETF,4110.0,16.33,2010-06-09,2026-10-09,559890.0,NO,2026-03-19,3329200.0,204.0
CBOE,Stock,4106.0,16.32,2010-06-15,2026-10-09,1443147.0,NO,2017-02-28,20233300.0,3510.0
ILTB,ETF,4106.0,16.83,2009-12-09,2026-10-09,52968.0,NO,2017-05-01,4376600.0,3448.0
UBR,ETF,4106.0,16.42,2010-05-07,2026-10-09,3560.0,NO,2022-04-08,157500.0,1645.0
TYD,ETF,4105.0,17.48,2009-04-16,2026-10-09,26093.0,NO,2011-07-01,1149800.0,5579.0
CHRD,Stock,4104.0,16.31,2010-06-17,2026-10-09,531975.0,NO,2020-04-23,342073100.0,2360.0
FN,Stock,4098.0,16.29,2010-06-25,2026-10-09,689978.0,NO,2024-09-20,7225100.0,749.0
GRID,ETF,4098.0,16.89,2009-11-17,2026-10-09,337645.0,NO,2026-02-10,3661800.0,241.0
TSLA,Stock,4096.0,16.28,2010-06-29,2026-10-09,38834397.0,NO,2020-02-04,914082000.0,2439.0
VPG,Stock,4091.0,16.26,2010-07-07,2026-10-09,177310.0,NO,2026-08-05,2048900.0,65.0
BNO,ETF,4088.0,16.35,2010-06-02,2026-10-09,939387.0,NO,2026-03-19,20930000.0,204.0
KKR,Stock,4085.0,16.24,2010-07-15,2026-10-09,4338294.0,NO,2024-06-21,145539500.0,840.0
FTRI,ETF,4080.0,16.53,2010-03-31,2026-10-09,9268.0,NO,2011-06-15,4894000.0,5595.0
AMRC,Stock,4080.0,16.22,2010-07-22,2026-10-09,369108.0,NO,2023-11-07,3625600.0,1067.0
EMLC,ETF,4079.0,16.21,2010-07-23,2026-10-09,1919178.0,NO,2026-03-03,14559100.0,220.0
LIT,ETF,4079.0,16.21,2010-07-23,2026-10-09,208343.0,NO,2021-01-05,5146000.0,2103.0
BWXT,Stock,4073.0,16.19,2010-08-02,2026-10-09,786505.0,NO,2023-06-16,15142700.0,1211.0
SCHP,ETF,4070.0,16.18,2010-08-05,2026-10-09,4820438.0,NO,2023-03-29,64819400.0,1290.0
CPHC,Stock,4070.0,18.08,2008-09-08,2026-10-09,798.0,NO,2015-04-27,268400.0,4183.0
SCHO,ETF,4070.0,16.18,2010-08-05,2026-10-09,3060586.0,NO,2023-01-18,61120600.0,1360.0
SCHR,ETF,4070.0,16.18,2010-08-05,2026-10-09,3069662.0,NO,2022-04-29,56106800.0,1624.0
YXI,ETF,4069.0,16.56,2010-03-18,2026-10-09,1223.0,NO,2014-07-24,475450.0,4460.0
NXPI,Stock,4069.0,16.18,2010-08-06,2026-10-09,2383748.0,NO,2021-03-19,53102200.0,2030.0
ELD,ETF,4068.0,16.17,2010-08-09,2026-10-09,12601.0,NO,2011-09-27,4352500.0,5491.0
USCI,ETF,4067.0,16.16,2010-08-10,2026-10-09,9254.0,NO,2012-03-07,5010300.0,5329.0
EIRL,ETF,4066.0,16.41,2010-05-11,2026-10-09,3435.0,NO,2014-08-18,923200.0,4435.0
MMYT,Stock,4065.0,16.16,2010-08-12,2026-10-09,1010742.0,NO,2025-06-18,13204700.0,478.0
AMLP,ETF,4056.0,16.12,2010-08-25,2026-10-09,1290755.0,NO,2018-03-15,24690960.0,3130.0
GLIN,ETF,4056.0,16.12,2010-08-25,2026-10-09,22616.0,NO,2026-03-03,1862800.0,220.0
EZJ,ETF,4052.0,17.34,2009-06-05,2026-10-09,5639.0,NO,2011-03-15,2004000.0,5687.0
ENZL,ETF,4050.0,16.1,2010-09-02,2026-10-09,2909.0,NO,2018-09-10,894800.0,2951.0
VOOG,ETF,4046.0,16.08,2010-09-09,2026-10-09,1207867.0,NO,2025-04-09,7119000.0,548.0
VOO,ETF,4046.0,16.08,2010-09-09,2026-10-09,4335241.0,NO,2025-12-18,37062400.0,295.0
GNR,ETF,4043.0,16.07,2010-09-14,2026-10-09,122028.0,NO,2021-01-06,6791100.0,2102.0
ECON,ETF,4043.0,16.07,2010-09-14,2026-10-09,5884.0,NO,2015-06-03,8312100.0,4146.0
IVOG,ETF,4040.0,16.08,2010-09-09,2026-10-09,17025.0,NO,2017-12-05,2216200.0,3230.0
VOOV,ETF,4038.0,16.08,2010-09-09,2026-10-09,90809.0,NO,2022-03-28,887900.0,1656.0
VTWO,ETF,4037.0,16.05,2010-09-22,2026-10-09,1081557.0,NO,2025-01-27,10705800.0,620.0
VTWG,ETF,4035.0,16.05,2010-09-22,2026-10-09,18820.0,NO,2014-04-08,421800.0,4567.0
VONG,ETF,4032.0,16.05,2010-09-22,2026-10-09,1045366.0,NO,2026-02-23,11665100.0,228.0
EPHE,ETF,4032.0,16.03,2010-09-29,2026-10-09,489610.0,NO,2014-07-07,2530000.0,4477.0
IVOO,ETF,4032.0,16.08,2010-09-09,2026-10-09,42227.0,NO,2020-10-30,1776400.0,2170.0
EWZS,ETF,4032.0,16.03,2010-09-29,2026-10-09,2792143.0,NO,2026-05-13,6372300.0,149.0
VONE,ETF,4028.0,16.05,2010-09-22,2026-10-09,71844.0,NO,2023-03-06,2031800.0,1313.0
CORP,ETF,4028.0,16.05,2010-09-21,2026-10-09,88884.0,NO,2026-03-13,1742400.0,210.0
VC,Stock,4025.0,16.01,2010-10-05,2026-10-09,281611.0,NO,2018-07-10,5116700.0,3013.0
VONV,ETF,4024.0,16.05,2010-09-22,2026-10-09,763160.0,NO,2026-02-23,15453800.0,228.0
VIOO,ETF,4022.0,16.08,2010-09-09,2026-10-09,42247.0,NO,2022-07-11,2159600.0,1551.0
PBA,Stock,4018.0,16.01,2010-10-06,2026-10-09,1769437.0,NO,2025-10-03,7363600.0,371.0
GLTR,ETF,4015.0,15.96,2010-10-22,2026-10-09,31077.0,NO,2014-12-23,1647300.0,4308.0
REMX,ETF,4011.0,15.95,2010-10-28,2026-10-09,565445.0,NO,2025-10-13,4389900.0,361.0
PSLV,ETF,4010.0,15.95,2010-10-29,2026-10-09,3761814.0,NO,2025-10-03,115057500.0,371.0
VNQI,ETF,4009.0,15.94,2010-11-01,2026-10-09,262873.0,NO,2014-07-10,10854300.0,4474.0
GOEX,ETF,4006.0,15.93,2010-11-04,2026-10-09,5955.0,NO,2026-02-09,347600.0,242.0
CMRE,Stock,4006.0,15.93,2010-11-04,2026-10-09,332628.0,NO,2017-05-25,9000600.0,3424.0
URA,ETF,4005.0,15.93,2010-11-05,2026-10-09,2685640.0,NO,2026-01-29,14166800.0,253.0
HHH,Stock,4005.0,15.93,2010-11-05,2026-10-09,436179.0,NO,2020-06-03,6766260.0,2319.0
VIOG,ETF,3998.0,16.08,2010-09-09,2026-10-09,26292.0,NO,2020-10-13,1332200.0,2187.0
LPLA,Stock,3996.0,15.89,2010-11-18,2026-10-09,585038.0,NO,2016-02-12,11417700.0,3892.0
BAH,Stock,3996.0,15.89,2010-11-18,2026-10-09,1185890.0,NO,2025-12-19,19506200.0,294.0
GM,Stock,3996.0,15.89,2010-11-18,2026-10-09,6592990.0,NO,2010-11-18,457044300.0,5804.0
ISBA,Stock,3994.0,20.65,2006-02-13,2026-10-09,17777.0,NO,2026-06-26,962500.0,105.0
PSF,Stock,3991.0,15.87,2010-11-26,2026-10-09,30896.0,NO,2013-11-15,389200.0,4711.0
ECNS,ETF,3990.0,16.03,2010-09-29,2026-10-09,13345.0,NO,2025-07-31,693700.0,435.0
STIP,ETF,3986.0,15.85,2010-12-03,2026-10-09,886032.0,NO,2023-08-18,8583200.0,1148.0
TRGP,Stock,3984.0,15.84,2010-12-07,2026-10-09,768066.0,NO,2022-10-11,49033200.0,1459.0
NUGT,ETF,3983.0,15.84,2010-12-08,2026-10-09,474727.0,NO,2018-07-17,16470580.0,3006.0
VTHR,ETF,3979.0,16.05,2010-09-22,2026-10-09,20128.0,NO,2025-04-08,675600.0,549.0
CPS,Stock,3978.0,16.38,2010-05-25,2026-10-09,293691.0,NO,2022-08-05,9149700.0,1526.0
WD,Stock,3978.0,15.82,2010-12-15,2026-10-09,570624.0,NO,2010-12-15,6326200.0,5777.0
CPAY,Stock,3978.0,15.82,2010-12-15,2026-10-09,480156.0,NO,2018-06-19,19807400.0,3034.0
GRPM,ETF,3977.0,15.84,2010-12-08,2026-10-09,3199.0,NO,2016-02-23,524500.0,3881.0
ASMB,Stock,3975.0,15.81,2010-12-17,2026-10-09,170489.0,NO,2023-10-17,6323483.0,1088.0
VIOV,ETF,3974.0,16.08,2010-09-09,2026-10-09,69376.0,NO,2014-03-24,1040200.0,4582.0
ELMD,Stock,3972.0,16.16,2010-08-13,2026-10-09,51013.0,NO,2016-02-10,6309600.0,3894.0
KBWY,ETF,3971.0,15.85,2010-12-02,2026-10-09,260556.0,NO,2024-03-05,920000.0,948.0
VTWV,ETF,3968.0,16.05,2010-09-22,2026-10-09,27364.0,NO,2022-02-08,1076000.0,1704.0
VIXY,ETF,3965.0,15.76,2011-01-04,2026-10-09,1489060.0,NO,2026-03-09,12874500.0,214.0
WTMF,ETF,3964.0,15.76,2011-01-05,2026-10-09,66174.0,NO,2012-06-22,1079700.0,5222.0
DUST,ETF,3960.0,15.84,2010-12-08,2026-10-09,1314275.0,NO,2026-01-30,23143600.0,252.0
SCHM,ETF,3958.0,15.74,2011-01-13,2026-10-09,1785399.0,NO,2024-10-16,15838400.0,723.0
SCHH,ETF,3958.0,15.74,2011-01-13,2026-10-09,15132328.0,NO,2026-06-24,30842700.0,107.0
AAT,Stock,3958.0,15.74,2011-01-13,2026-10-09,273037.0,NO,2011-01-13,15536900.0,5748.0
HDGE,ETF,3949.0,15.7,2011-01-27,2026-10-09,54237.0,NO,2022-09-22,955900.0,1478.0
VXUS,ETF,3948.0,15.7,2011-01-28,2026-10-09,4030828.0,NO,2025-04-07,20278100.0,550.0
BKU,Stock,3948.0,15.7,2011-01-28,2026-10-09,742675.0,NO,2011-01-28,25965400.0,5733.0
EFO,ETF,3948.0,17.35,2009-06-04,2026-10-09,1068.0,NO,2016-08-09,3152100.0,3713.0
PCRX,Stock,3944.0,15.68,2011-02-03,2026-10-09,4689955.0,NO,2026-10-08,28900300.0,1.0
PYT,Stock,3943.0,22.2,2004-07-27,2026-10-09,102.0,NO,2014-05-29,164100.0,4516.0
KMI,Stock,3938.0,15.66,2011-02-11,2026-10-09,8118975.0,NO,2014-11-26,251528800.0,4335.0
EBND,ETF,3929.0,15.62,2011-02-24,2026-10-09,157272.0,NO,2023-03-29,26942100.0,1290.0
EDIV,ETF,3928.0,15.61,2011-02-28,2026-10-09,76550.0,NO,2019-01-22,2568700.0,2817.0
BKLN,ETF,3925.0,15.6,2011-03-03,2026-10-09,11104883.0,NO,2025-04-03,86836100.0,554.0
HCA,Stock,3920.0,15.58,2011-03-10,2026-10-09,980821.0,NO,2015-01-26,81150000.0,4274.0
XTN,ETF,3914.0,15.7,2011-01-27,2026-10-09,27309.0,NO,2021-10-20,1619000.0,1815.0
HII,Stock,3912.0,15.55,2011-03-22,2026-10-09,393705.0,NO,2018-01-02,9026900.0,3202.0
SJB,ETF,3912.0,15.55,2011-03-22,2026-10-09,209162.0,NO,2022-06-14,4826500.0,1578.0
UPV,ETF,3908.0,16.42,2010-05-07,2026-10-08,1300.0,NO,2015-02-24,200500.0,4244.0
APO,Stock,3906.0,15.53,2011-03-30,2026-10-09,3492797.0,NO,2024-12-20,91314300.0,658.0
HDV,ETF,3905.0,15.53,2011-03-31,2026-10-09,1833671.0,NO,2022-05-18,68162500.0,1605.0
IVOV,ETF,3902.0,16.08,2010-09-09,2026-10-09,11486.0,NO,2016-05-02,1986200.0,3812.0
UAN,Stock,3899.0,15.5,2011-04-08,2026-10-09,25942.0,NO,2011-04-08,1331100.0,5663.0
MCHI,ETF,3898.0,15.53,2011-03-31,2026-10-09,2714056.0,NO,2022-03-16,25402100.0,1668.0
XHE,ETF,3895.0,15.7,2011-01-27,2026-10-09,18137.0,NO,2023-08-16,958400.0,1150.0
STAG,Stock,3894.0,15.49,2011-04-15,2026-10-09,1042915.0,NO,2023-05-03,37188800.0,1255.0
ASEA,ETF,3894.0,15.64,2011-02-17,2026-10-09,166452.0,NO,2013-06-26,824700.0,4853.0
TGTX,Stock,3893.0,16.44,2010-05-03,2026-10-09,1619911.0,NO,2023-11-01,50843300.0,1073.0
FEM,ETF,3891.0,15.47,2011-04-19,2026-10-09,79314.0,NO,2014-02-03,8517700.0,4631.0
HYMB,ETF,3883.0,15.49,2011-04-14,2026-10-09,5035953.0,NO,2026-10-02,16754300.0,7.0
FDT,ETF,3881.0,15.47,2011-04-19,2026-10-09,59993.0,NO,2019-09-06,3140300.0,2590.0
SPLV,ETF,3881.0,15.43,2011-05-05,2026-10-09,1233875.0,NO,2022-01-24,23332300.0,1719.0
FNY,ETF,3875.0,15.47,2011-04-20,2026-10-09,9663.0,NO,2020-10-28,462700.0,2172.0
SPHB,ETF,3870.0,15.43,2011-05-05,2026-10-09,292800.0,NO,2020-12-01,8418500.0,2138.0
ARGT,ETF,3870.0,15.6,2011-03-03,2026-10-09,121774.0,NO,2025-10-27,2944800.0,347.0
TBX,ETF,3862.0,15.51,2011-04-05,2026-10-09,18536.0,NO,2022-05-20,1506900.0,1603.0
SDIV,ETF,3857.0,15.33,2011-06-09,2026-10-09,661246.0,NO,2026-03-02,2045800.0,221.0
EMO,Stock,3854.0,15.32,2011-06-14,2026-10-09,35996.0,NO,2020-03-10,739140.0,2404.0
HYS,ETF,3851.0,15.31,2011-06-17,2026-10-09,63785.0,NO,2022-06-13,7611200.0,1579.0
FLOT,ETF,3851.0,15.31,2011-06-17,2026-10-09,2242253.0,NO,2020-03-31,17336400.0,2383.0
FMAO,Stock,3850.0,20.69,2006-01-31,2026-10-09,22355.0,NO,2022-06-24,1476600.0,1568.0
FDUS,Stock,3849.0,15.3,2011-06-21,2026-10-09,197847.0,NO,2026-07-06,3019700.0,95.0
MPC,Stock,3846.0,15.29,2011-06-24,2026-10-09,1965400.0,NO,2018-09-28,39153800.0,2933.0
FYC,ETF,3841.0,15.47,2011-04-20,2026-10-09,216506.0,NO,2023-10-27,719900.0,1078.0
CBFV,Stock,3840.0,23.0,2003-10-09,2026-10-09,2738.0,NO,2020-06-26,606300.0,2296.0
SKYY,ETF,3839.0,15.26,2011-07-06,2026-10-09,644999.0,NO,2018-03-06,9755100.0,3139.0
FNK,ETF,3839.0,15.47,2011-04-20,2026-10-09,12497.0,NO,2021-11-18,1457000.0,1786.0
EUSA,ETF,3839.0,16.42,2010-05-07,2026-10-09,161717.0,NO,2011-11-30,4233800.0,5427.0
FLTR,ETF,3837.0,15.46,2011-04-26,2026-10-09,2116982.0,NO,2024-07-31,6225100.0,800.0
SCHZ,ETF,3833.0,15.24,2011-07-14,2026-10-09,2196145.0,NO,2021-11-09,13345200.0,1795.0
ZG,Stock,3829.0,15.22,2011-07-20,2026-10-09,1819654.0,NO,2015-04-14,38439743.0,4196.0
BPOPM,Stock,3826.0,17.89,2008-11-19,2026-10-09,871.0,NO,2009-02-24,217300.0,6436.0
CHEF,Stock,3823.0,15.2,2011-07-28,2026-10-09,352749.0,NO,2011-07-28,6574100.0,5552.0
CURE,ETF,3822.0,15.32,2011-06-15,2026-10-09,51806.0,NO,2014-12-23,1863200.0,4308.0
VABK,Stock,3822.0,27.43,1999-05-04,2026-10-09,2253.0,NO,2023-06-23,606100.0,1204.0
FTAG,ETF,3817.0,16.53,2010-03-31,2026-10-09,446.0,NO,2022-04-28,243800.0,1625.0
XTL,ETF,3814.0,15.7,2011-01-27,2026-10-09,43387.0,NO,2021-03-08,1571100.0,2041.0
XMPT,ETF,3805.0,15.24,2011-07-13,2026-10-09,192338.0,NO,2021-08-23,1948400.0,1873.0
BFC,Stock,3803.0,22.98,2003-10-15,2026-10-09,38624.0,NO,2019-06-28,803400.0,2660.0
PSCM,ETF,3798.0,16.51,2010-04-07,2026-10-09,22.0,NO,2014-11-11,342300.0,4350.0
FYT,ETF,3795.0,15.47,2011-04-20,2026-10-09,9116.0,NO,2014-06-02,897500.0,4512.0
FBIN,Stock,3788.0,15.06,2011-09-16,2026-10-09,1284371.0,NO,2016-06-23,37212552.0,3760.0
GUNR,ETF,3784.0,15.05,2011-09-22,2026-10-09,300541.0,NO,2013-01-24,11857800.0,5006.0
TDTF,ETF,3783.0,15.05,2011-09-22,2026-10-09,465308.0,NO,2019-03-06,4995500.0,2774.0
CARZ,ETF,3783.0,15.42,2011-05-10,2026-10-09,12786.0,NO,2017-02-13,296500.0,3525.0
TDTT,ETF,3783.0,15.04,2011-09-23,2026-10-09,638888.0,NO,2013-03-14,7502500.0,4957.0
WEAT,ETF,3780.0,15.06,2011-09-19,2026-10-09,368148.0,NO,2022-03-04,5474120.0,1680.0
DBEF,ETF,3777.0,15.33,2011-06-09,2026-10-09,484365.0,NO,2017-07-07,60086100.0,3381.0
SVXY,ETF,3776.0,15.01,2011-10-04,2026-10-09,797001.0,NO,2020-03-20,43683400.0,2394.0
CMTV,Stock,3776.0,27.68,1999-02-02,2026-10-09,23559.0,NO,2026-06-26,657900.0,105.0
PFIG,ETF,3773.0,15.07,2011-09-15,2026-10-09,12752.0,NO,2019-07-05,3058600.0,2653.0
SPBO,ETF,3773.0,15.51,2011-04-07,2026-10-09,417439.0,NO,2023-09-27,11599700.0,1108.0
AADR,ETF,3772.0,16.22,2010-07-21,2026-10-09,1835.0,NO,2020-03-12,323800.0,2402.0
KOLD,ETF,3770.0,15.01,2011-10-06,2026-10-09,3951267.0,NO,2022-11-23,97627200.0,1416.0
XYL,Stock,3769.0,14.99,2011-10-13,2026-10-09,1894199.0,NO,2023-05-25,20241700.0,1233.0
UI,Stock,3768.0,14.99,2011-10-14,2026-10-09,92645.0,NO,2017-09-18,11737400.0,3308.0
SOYB,ETF,3768.0,15.06,2011-09-19,2026-10-09,54707.0,NO,2020-07-28,1300900.0,2264.0
TILT,ETF,3767.0,15.05,2011-09-22,2026-10-09,1569.0,NO,2018-10-19,1136700.0,2912.0
SCHD,ETF,3764.0,14.97,2011-10-20,2026-10-09,17747145.0,NO,2025-04-07,50085200.0,550.0
EEMV,ETF,3760.0,14.97,2011-10-20,2026-10-09,298226.0,NO,2023-01-11,46466900.0,1367.0
LEMB,ETF,3760.0,14.97,2011-10-20,2026-10-09,25065.0,NO,2016-02-29,5566600.0,3875.0
GNE,Stock,3759.0,14.95,2011-10-26,2026-10-09,31968.0,NO,2023-06-23,2783900.0,1204.0
USMV,ETF,3757.0,14.97,2011-10-20,2026-10-09,1284114.0,NO,2016-02-19,19258800.0,3885.0
EFAV,ETF,3756.0,14.97,2011-10-20,2026-10-09,493481.0,NO,2022-09-27,44718600.0,1473.0
MGYR,Stock,3755.0,20.71,2006-01-24,2026-10-09,377.0,NO,2006-01-24,533089.0,7563.0
KBWB,ETF,3755.0,14.94,2011-11-01,2026-10-09,2774834.0,NO,2021-07-19,19929800.0,1908.0
CGAU,Stock,3754.0,18.29,2008-06-26,2026-10-09,838540.0,NO,2026-03-20,11932500.0,203.0
GRPN,Stock,3753.0,14.93,2011-11-04,2026-10-09,629710.0,NO,2020-08-07,38209900.0,2254.0
VAC,Stock,3751.0,14.92,2011-11-08,2026-10-09,231193.0,NO,2018-08-31,7085300.0,2961.0
ARIS,Stock,3751.0,15.99,2010-10-12,2026-10-09,1343098.0,NO,2026-03-20,14336400.0,203.0
FNWD,Stock,3746.0,28.37,1998-05-28,2026-10-09,3849.0,NO,2025-06-27,418100.0,469.0
APTV,Stock,3744.0,14.89,2011-11-17,2026-10-09,2085066.0,NO,2012-12-21,87378183.0,5040.0
NXTG,ETF,3744.0,15.64,2011-02-18,2026-10-09,2570.0,NO,2019-06-06,2258300.0,2682.0
SOCL,ETF,3742.0,14.9,2011-11-15,2026-10-09,3098.0,NO,2015-03-17,2558500.0,4224.0
SPGP,ETF,3741.0,15.32,2011-06-16,2026-10-09,34423.0,NO,2013-01-31,2934200.0,4999.0
BUI,Stock,3740.0,14.88,2011-11-23,2026-10-09,67410.0,NO,2011-11-23,631000.0,5434.0
HDG,ETF,3737.0,15.24,2011-07-14,2026-10-08,400.0,NO,2013-06-06,778600.0,4872.0
EEMS,ETF,3736.0,15.14,2011-08-18,2026-10-09,21646.0,NO,2026-05-27,2019300.0,135.0
FDIQ,ETF,3736.0,14.94,2011-11-01,2026-10-09,4453.0,NO,2017-03-28,1189800.0,3482.0
ACWV,ETF,3734.0,14.97,2011-10-20,2026-10-09,59651.0,NO,2015-05-28,5104500.0,4152.0
GREK,ETF,3726.0,14.84,2011-12-08,2026-10-09,20910.0,NO,2015-06-29,2084233.0,4120.0
PFX,Stock,3725.0,15.72,2011-01-20,2026-10-09,390.0,NO,2013-09-04,484970.0,4783.0
MAYS,Stock,3721.0,41.82,1984-12-13,2026-10-08,500.0,NO,1993-08-27,254600.0,12095.0
LTL,ETF,3714.0,18.38,2008-05-22,2026-10-09,1879.0,NO,2010-04-21,1692800.0,6015.0
XHS,ETF,3711.0,15.03,2011-09-29,2026-10-09,11994.0,NO,2016-08-12,1247000.0,3710.0
GJS,Stock,3708.0,20.45,2006-04-28,2026-10-09,12055.0,NO,2009-08-12,634700.0,6267.0
EELV,ETF,3700.0,14.74,2012-01-13,2026-10-09,73065.0,NO,2018-09-04,16843300.0,2957.0
GWRE,Stock,3699.0,14.7,2012-01-25,2026-10-09,818632.0,NO,2025-01-24,13926100.0,623.0
FEP,ETF,3696.0,15.46,2011-04-26,2026-10-09,12289.0,NO,2014-11-03,6055700.0,4358.0
RING,ETF,3693.0,14.68,2012-02-02,2026-10-09,343539.0,NO,2016-12-14,5547100.0,3586.0
MTDR,Stock,3693.0,14.68,2012-02-02,2026-10-09,759403.0,NO,2020-03-09,29637500.0,2405.0
XSW,ETF,3691.0,15.03,2011-09-29,2026-10-09,125539.0,NO,2021-06-15,916700.0,1942.0
BOIL,ETF,3691.0,14.74,2012-01-11,2026-10-09,5155554.0,NO,2026-09-24,21575000.0,15.0
IDLV,ETF,3691.0,14.73,2012-01-17,2026-10-09,24785.0,NO,2022-04-12,4163100.0,1641.0
POST,Stock,3691.0,14.67,2012-02-06,2026-10-09,585062.0,NO,2014-08-08,19394598.0,4445.0
TIPT,Stock,3689.0,15.98,2010-10-15,2026-10-09,253926.0,NO,2021-04-21,5932400.0,1997.0
EPAM,Stock,3689.0,14.67,2012-02-08,2026-10-09,502730.0,NO,2026-06-01,16724500.0,130.0
DBJP,ETF,3686.0,15.33,2011-06-09,2026-10-09,18341.0,NO,2017-03-16,17237800.0,3494.0
FLRN,ETF,3682.0,14.86,2011-12-01,2026-10-09,1289330.0,NO,2020-02-28,8380100.0,2415.0
DBEM,ETF,3680.0,15.33,2011-06-09,2026-10-09,8833.0,NO,2016-12-12,5253800.0,3588.0
SII,Stock,3679.0,16.62,2010-02-25,2026-10-09,53143.0,NO,2025-04-16,841100.0,541.0
PRLB,Stock,3678.0,14.62,2012-02-24,2026-10-09,140290.0,NO,2016-03-04,4045400.0,3871.0
QLTA,ETF,3678.0,14.64,2012-02-16,2026-10-09,95003.0,NO,2015-10-07,5962100.0,4020.0
BCML,Stock,3678.0,20.91,2005-11-10,2026-10-09,64354.0,NO,2022-06-24,1786400.0,1568.0
DVYE,ETF,3677.0,14.62,2012-02-24,2026-10-09,69348.0,NO,2020-10-01,4427200.0,2199.0
PICK,ETF,3675.0,14.68,2012-02-02,2026-10-09,276031.0,NO,2026-01-30,3228100.0,252.0
CMBS,ETF,3674.0,14.64,2012-02-16,2026-10-09,30886.0,NO,2016-10-05,2024500.0,3656.0
BOND,ETF,3674.0,14.61,2012-03-01,2026-10-09,1197090.0,NO,2014-09-26,5042400.0,4396.0
VEGI,ETF,3674.0,14.68,2012-02-02,2026-10-09,24160.0,NO,2026-03-18,720500.0,205.0
YELP,Stock,3673.0,14.6,2012-03-02,2026-10-09,919654.0,NO,2017-05-10,47155000.0,3439.0
GOVT,ETF,3669.0,14.62,2012-02-24,2026-10-09,20034091.0,NO,2026-03-12,172976800.0,211.0
INDA,ETF,3667.0,14.68,2012-02-03,2026-10-09,3240726.0,NO,2026-02-02,30890600.0,249.0
FJP,ETF,3666.0,15.46,2011-04-26,2026-10-09,211497.0,NO,2016-01-29,3469600.0,3906.0
EDEN,ETF,3664.0,14.7,2012-01-26,2026-10-09,4319.0,NO,2016-03-09,864300.0,3866.0
ALSN,Stock,3664.0,14.57,2012-03-15,2026-10-09,774394.0,NO,2012-03-15,13911300.0,5321.0
MTSI,Stock,3663.0,14.57,2012-03-15,2026-10-09,1219452.0,NO,2018-02-07,14046200.0,3166.0
EINC,ETF,3662.0,14.57,2012-03-14,2026-10-09,2331.0,NO,2026-07-15,169800.0,86.0
SPVM,ETF,3662.0,15.32,2011-06-16,2026-10-09,10667.0,NO,2016-02-18,1098200.0,3886.0
SURE,ETF,3661.0,15.01,2011-10-05,2026-10-07,100.0,NO,2013-10-30,427000.0,4725.0
GNMA,ETF,3656.0,14.63,2012-02-21,2026-10-09,27578.0,NO,2023-12-19,1616800.0,1025.0
RM,Stock,3655.0,14.53,2012-03-28,2026-10-09,100921.0,NO,2014-10-31,2797700.0,4361.0
XAR,ETF,3655.0,15.03,2011-09-29,2026-10-09,175035.0,NO,2018-12-06,2454200.0,2864.0
TTT,ETF,3654.0,14.53,2012-03-29,2026-10-09,3457.0,NO,2021-10-14,1096000.0,1821.0
ZWS,Stock,3654.0,14.53,2012-03-29,2026-10-09,662164.0,NO,2012-03-29,34322093.0,5307.0
ENPH,Stock,3653.0,14.53,2012-03-30,2026-10-09,3583545.0,NO,2020-06-17,55172900.0,2305.0
INCO,ETF,3652.0,15.16,2011-08-10,2026-10-09,9744.0,NO,2017-09-20,402500.0,3306.0
DVYA,ETF,3651.0,14.62,2012-02-24,2026-10-09,48811.0,NO,2016-10-14,602900.0,3647.0
IHY,ETF,3649.0,14.52,2012-04-03,2026-10-09,1450.0,NO,2013-10-22,5174000.0,4735.0
SJNK,ETF,3648.0,14.5,2012-04-09,2026-10-09,2527818.0,NO,2022-06-13,37987400.0,1579.0
SLVP,ETF,3648.0,14.68,2012-02-02,2026-10-09,124049.0,NO,2026-01-26,3479600.0,256.0
IYLD,ETF,3648.0,14.5,2012-04-09,2026-10-09,21514.0,NO,2020-04-02,1743200.0,2381.0
EMHY,ETF,3647.0,14.52,2012-04-03,2026-10-09,145485.0,NO,2018-12-10,2627900.0,2860.0
PSX,Stock,3645.0,14.49,2012-04-12,2026-10-09,2819322.0,NO,2022-03-08,16579800.0,1676.0
FET,Stock,3645.0,14.49,2012-04-12,2026-10-09,142576.0,NO,2020-04-23,2488920.0,2360.0
MLPA,ETF,3639.0,14.47,2012-04-19,2026-10-09,442048.0,NO,2020-06-18,4973100.0,2304.0
ENOR,ETF,3638.0,14.71,2012-01-24,2026-10-09,1932929.0,NO,2026-09-09,2312400.0,30.0
MOAT,ETF,3636.0,14.46,2012-04-25,2026-10-09,402447.0,NO,2025-04-04,2901300.0,553.0
EFNL,ETF,3635.0,14.7,2012-01-26,2026-10-09,261002.0,NO,2026-06-08,2183300.0,123.0
EEMA,ETF,3634.0,14.66,2012-02-09,2026-10-09,14088.0,NO,2025-06-10,4652900.0,486.0
EUHY,ETF,3633.0,14.52,2012-04-03,2026-10-09,17380.0,NO,2026-01-15,1885700.0,267.0
SUPN,Stock,3632.0,14.44,2012-05-01,2026-10-09,579132.0,NO,2013-08-19,11208700.0,4799.0
CG,Stock,3630.0,14.43,2012-05-03,2026-10-09,2136715.0,NO,2023-11-29,42543500.0,1045.0
GHYG,ETF,3628.0,14.5,2012-04-09,2026-10-09,3226.0,NO,2017-01-18,552600.0,3551.0
INKM,ETF,3626.0,14.45,2012-04-26,2026-10-09,1238.0,NO,2013-07-16,2151400.0,4833.0
LSBK,Stock,3622.0,20.51,2006-04-05,2026-10-09,23542.0,NO,2025-07-23,390800.0,443.0
META,Stock,3619.0,14.39,2012-05-18,2026-10-09,12586094.0,NO,2012-05-18,573576400.0,5257.0
RLY,ETF,3618.0,14.45,2012-04-26,2026-10-09,340187.0,NO,2022-06-28,1752400.0,1564.0
ANGL,ETF,3616.0,14.49,2012-04-11,2026-10-09,581084.0,NO,2025-04-04,13342300.0,553.0
HYEM,ETF,3612.0,14.4,2012-05-14,2026-10-09,72878.0,NO,2022-07-11,15662300.0,1551.0
COFS,Stock,3602.0,23.36,2003-05-29,2026-10-09,75360.0,NO,2025-06-27,1207400.0,469.0
EMCB,ETF,3600.0,14.58,2012-03-09,2026-10-09,5137.0,NO,2012-09-11,230200.0,5141.0
GAL,ETF,3598.0,14.45,2012-04-26,2026-10-09,10185.0,NO,2015-12-18,690500.0,3948.0
EMLP,ETF,3596.0,14.3,2012-06-21,2026-10-09,127094.0,NO,2014-05-05,5683100.0,4540.0
CEMB,ETF,3593.0,14.47,2012-04-19,2026-10-09,49037.0,NO,2022-03-04,1624500.0,1680.0
QQQE,ETF,3592.0,14.55,2012-03-21,2026-10-09,80549.0,NO,2023-07-10,3758100.0,1187.0
NOW,Stock,3590.0,14.28,2012-06-29,2026-10-09,6272232.0,NO,2019-11-20,189014500.0,2515.0
FPA,ETF,3589.0,15.47,2011-04-20,2026-10-09,4982.0,NO,2014-11-03,2994300.0,4358.0
SPHY,ETF,3586.0,14.31,2012-06-19,2026-10-09,3861855.0,NO,2026-07-30,42465900.0,71.0
HTB,Stock,3583.0,14.25,2012-07-11,2026-10-09,65883.0,NO,2012-07-11,6851700.0,5203.0
SDOG,ETF,3580.0,14.23,2012-07-16,2026-10-09,27092.0,NO,2015-08-24,1147600.0,4064.0
PFXF,ETF,3577.0,14.22,2012-07-19,2026-10-09,466918.0,NO,2026-05-12,3802000.0,150.0
FIVE,Stock,3577.0,14.22,2012-07-19,2026-10-09,1022723.0,NO,2020-01-13,16786700.0,2461.0
PANW,Stock,3576.0,14.22,2012-07-20,2026-10-09,3832323.0,NO,2017-03-01,130718400.0,3509.0
DWAS,ETF,3575.0,14.22,2012-07-19,2026-10-09,4160.0,NO,2026-01-21,1701700.0,261.0
NGVC,Stock,3573.0,14.21,2012-07-25,2026-10-09,84000.0,NO,2012-07-25,6309400.0,5189.0
GURU,ETF,3573.0,14.34,2012-06-05,2026-10-09,1305.0,NO,2016-04-21,1711600.0,3823.0
LDP,Stock,3570.0,14.19,2012-07-30,2026-10-09,63523.0,NO,2014-12-31,706800.0,4300.0
FSZ,ETF,3569.0,14.64,2012-02-16,2026-10-09,39.0,NO,2014-09-02,3029900.0,4420.0
ALRS,Stock,3568.0,23.52,2003-04-01,2026-10-09,114135.0,NO,2020-06-26,1362100.0,2296.0
GMED,Stock,3566.0,14.18,2012-08-03,2026-10-09,1078349.0,NO,2023-08-31,20919900.0,1135.0
SMIN,ETF,3564.0,14.66,2012-02-09,2026-10-09,28930.0,NO,2026-06-26,1488100.0,105.0
SHIP,Stock,3564.0,18.59,2008-03-07,2026-10-09,313730.0,NO,2021-02-12,14385650.0,2065.0
MANU,Stock,3560.0,14.16,2012-08-10,2026-10-09,273370.0,NO,2022-11-25,35226200.0,1414.0
POWR,ETF,3560.0,14.68,2012-02-02,2026-10-09,163526.0,NO,2026-05-13,1643300.0,149.0
MDIV,ETF,3559.0,14.15,2012-08-14,2026-10-09,48117.0,NO,2020-08-10,3593700.0,2251.0
TDIV,ETF,3559.0,14.15,2012-08-14,2026-10-09,92871.0,NO,2014-02-21,3977200.0,4613.0
MNSB,Stock,3558.0,21.09,2005-09-06,2026-10-09,16468.0,NO,2024-06-28,888100.0,833.0
FKU,ETF,3553.0,14.61,2012-02-27,2026-10-09,250.0,NO,2016-07-01,3603200.0,3752.0
LKFT,Stock,3552.0,14.61,2012-02-27,2026-10-09,212541.0,NO,2017-08-10,2828800.0,3347.0
EMA,Stock,3551.0,16.76,2010-01-06,2026-10-09,735726.0,NO,2026-10-07,2678300.0,2.0
FGM,ETF,3547.0,14.64,2012-02-17,2026-10-09,2206.0,NO,2022-03-18,1104800.0,1666.0
BTT,Stock,3547.0,14.11,2012-08-30,2026-10-09,96383.0,NO,2014-07-02,1595600.0,4482.0
SPTS,ETF,3536.0,14.86,2011-12-01,2026-10-09,1223367.0,NO,2020-03-09,96504300.0,2405.0
NBHC,Stock,3533.0,14.05,2012-09-20,2026-10-09,306107.0,NO,2016-12-05,4411200.0,3595.0
SUN,Stock,3533.0,14.05,2012-09-20,2026-10-09,249064.0,NO,2023-12-15,13301300.0,1029.0
KBWP,ETF,3531.0,15.79,2010-12-23,2026-10-09,8402.0,NO,2021-04-12,1330000.0,2006.0
NXG,Stock,3529.0,14.03,2012-09-26,2026-10-09,26416.0,NO,2026-07-17,453100.0,84.0
SMC,Stock,3527.0,14.03,2012-09-28,2026-10-09,76517.0,NO,2025-06-27,1383500.0,469.0
QLYS,Stock,3527.0,14.03,2012-09-28,2026-10-09,658712.0,NO,2015-05-05,9904700.0,4175.0
HY,Stock,3526.0,14.02,2012-10-01,2026-10-09,118748.0,NO,2023-06-23,596400.0,1204.0
LXFR,Stock,3524.0,14.02,2012-10-03,2026-10-09,1013033.0,NO,2019-06-28,3804500.0,2660.0
FEMS,ETF,3522.0,14.64,2012-02-17,2026-10-09,19311.0,NO,2023-10-31,764500.0,1074.0
TLTE,ETF,3522.0,14.02,2012-10-02,2026-10-09,1450.0,NO,2019-03-21,720200.0,2759.0
TLTD,ETF,3521.0,14.02,2012-10-03,2026-10-09,3042.0,NO,2019-03-21,1418700.0,2759.0
QNBC,Stock,3519.0,23.33,2003-06-10,2026-10-09,34428.0,NO,2016-12-15,92400.0,3585.0
AMBA,Stock,3519.0,14.0,2012-10-10,2026-10-09,2020903.0,NO,2015-06-22,25072600.0,4127.0
FLN,ETF,3518.0,15.47,2011-04-20,2026-10-09,3337.0,NO,2019-09-06,5884800.0,2590.0
FANG,Stock,3517.0,13.99,2012-10-12,2026-10-09,1145524.0,NO,2018-11-30,33049700.0,2870.0
WDAY,Stock,3517.0,13.99,2012-10-12,2026-10-09,1857655.0,NO,2024-12-20,46874100.0,658.0
VTIP,ETF,3515.0,13.98,2012-10-16,2026-10-09,2116277.0,NO,2022-02-07,27456100.0,1705.0
IEMG,ETF,3509.0,13.96,2012-10-24,2026-10-09,7684185.0,NO,2023-01-11,90038300.0,1367.0
URTH,ETF,3509.0,14.74,2012-01-12,2026-10-09,154909.0,NO,2026-04-30,11521900.0,162.0
CAPL,Stock,3508.0,13.95,2012-10-25,2026-10-09,34590.0,NO,2015-06-16,5346200.0,4133.0
MPLX,Stock,3507.0,13.95,2012-10-26,2026-10-09,1698574.0,NO,2019-07-29,16465500.0,2629.0
CUBI,Stock,3507.0,14.49,2012-04-11,2026-10-09,172475.0,NO,2023-03-13,8396700.0,1306.0
IEFA,ETF,3507.0,13.96,2012-10-24,2026-10-09,11107026.0,NO,2018-01-30,95742200.0,3174.0
SPHD,ETF,3507.0,13.95,2012-10-26,2026-10-09,1021717.0,NO,2024-09-23,6977400.0,746.0
FSBW,Stock,3506.0,14.25,2012-07-10,2026-10-09,16266.0,NO,2012-07-10,2104600.0,5204.0
IXUS,ETF,3506.0,13.96,2012-10-24,2026-10-09,1155764.0,NO,2025-04-30,30256500.0,527.0
EWUS,ETF,3505.0,14.7,2012-01-26,2026-10-09,897.0,NO,2020-04-20,531400.0,2363.0
DKL,Stock,3504.0,13.93,2012-11-02,2026-10-09,47181.0,NO,2012-11-02,6563000.0,5089.0
RH,Stock,3504.0,13.93,2012-11-02,2026-10-09,900178.0,NO,2016-06-09,29946300.0,3774.0
PAYS,Stock,3494.0,19.0,2007-10-11,2026-10-09,784653.0,NO,2024-03-27,13259600.0,926.0
JOYY,Stock,3491.0,13.88,2012-11-21,2026-10-09,392605.0,NO,2020-11-18,26438900.0,2151.0
ISTB,ETF,3489.0,13.96,2012-10-24,2026-10-09,439152.0,NO,2019-11-18,7513600.0,2517.0
FTS,Stock,3484.0,16.76,2010-01-05,2026-10-09,800885.0,NO,2025-02-14,7646600.0,602.0
FRBA,Stock,3482.0,15.98,2010-10-15,2026-10-09,48430.0,NO,2018-06-22,1581900.0,3031.0
WES,Stock,3479.0,13.83,2012-12-10,2026-10-09,570262.0,NO,2020-03-20,12506000.0,2394.0
PARR,Stock,3478.0,14.09,2012-09-05,2026-10-09,1002219.0,NO,2023-12-15,8762400.0,1029.0
PBF,Stock,3476.0,13.82,2012-12-13,2026-10-09,3392696.0,NO,2022-11-30,33081200.0,1409.0
QDF,ETF,3471.0,13.8,2012-12-19,2026-10-09,10039.0,NO,2016-02-16,4766600.0,3888.0
PHDG,ETF,3467.0,13.84,2012-12-06,2026-10-09,1244.0,NO,2016-05-12,3008500.0,3802.0
ABBV,Stock,3464.0,13.77,2013-01-02,2026-10-09,4263014.0,NO,2014-10-15,122740200.0,4377.0
TVTX,Stock,3464.0,13.9,2012-11-14,2026-10-09,1169383.0,NO,2021-08-16,31010800.0,1880.0
SPGM,ETF,3462.0,14.59,2012-03-06,2026-10-09,40285.0,NO,2026-06-26,2578700.0,105.0
FWONA,Stock,3458.0,13.74,2013-01-10,2026-10-09,152222.0,NO,2013-01-11,57032721.0,5019.0
USAC,Stock,3455.0,13.73,2013-01-15,2026-10-09,80917.0,NO,2023-12-15,11526500.0,1029.0
NCLH,Stock,3452.0,13.72,2013-01-18,2026-10-09,16389746.0,NO,2020-05-05,155971800.0,2348.0
VTOL,Stock,3451.0,13.71,2013-01-22,2026-10-09,139890.0,NO,2020-09-18,3705400.0,2212.0
BFAM,Stock,3448.0,13.7,2013-01-25,2026-10-09,581146.0,NO,2026-05-13,10150700.0,149.0
SILJ,ETF,3447.0,13.86,2012-11-29,2026-10-09,2053122.0,NO,2026-01-30,34495200.0,252.0
ZTS,Stock,3443.0,13.68,2013-02-01,2026-10-09,2890253.0,NO,2013-02-01,66789100.0,4998.0
BCC,Stock,3440.0,13.67,2013-02-06,2026-10-09,205207.0,NO,2013-02-06,13195500.0,4993.0
FPE,ETF,3436.0,13.65,2013-02-12,2026-10-09,2589155.0,NO,2023-03-16,8490300.0,1303.0
QDEF,ETF,3434.0,13.8,2012-12-19,2026-10-09,1859.0,NO,2021-07-23,659500.0,1904.0
XSLV,ETF,3432.0,13.65,2013-02-15,2026-10-09,7628.0,NO,2020-08-05,8822000.0,2256.0
XMLV,ETF,3430.0,13.65,2013-02-15,2026-10-09,11177.0,NO,2019-06-12,2575800.0,2676.0
NVGS,Stock,3430.0,19.75,2007-01-09,2026-10-09,383295.0,NO,2013-11-21,8669300.0,4705.0
HYLS,ETF,3426.0,13.61,2013-02-27,2026-10-09,385742.0,NO,2026-03-30,3136800.0,193.0
RAVI,ETF,3422.0,13.99,2012-10-11,2026-10-09,18693.0,NO,2018-12-18,808400.0,2852.0
APAM,Stock,3420.0,13.59,2013-03-07,2026-10-09,853787.0,NO,2023-06-16,14238500.0,1211.0
DIV,ETF,3417.0,13.58,2013-03-12,2026-10-09,145749.0,NO,2023-10-25,2474200.0,1080.0
CPER,ETF,3417.0,14.9,2011-11-15,2026-10-09,414081.0,NO,2026-01-29,9379500.0,253.0
ETX,Stock,3405.0,13.54,2013-03-27,2026-10-09,37067.0,NO,2013-12-30,296800.0,4666.0
SRLN,ETF,3401.0,13.51,2013-04-04,2026-10-09,1436606.0,NO,2022-01-24,37316800.0,1719.0
EVTC,Stock,3395.0,13.49,2013-04-12,2026-10-09,225309.0,NO,2013-04-12,20216100.0,4928.0
HASI,Stock,3391.0,13.48,2013-04-18,2026-10-09,636015.0,NO,2023-09-15,21762200.0,1120.0
PRKS,Stock,3390.0,13.47,2013-04-19,2026-10-09,487003.0,NO,2014-08-13,41554100.0,4440.0
MTUM,ETF,3389.0,13.48,2013-04-18,2026-10-09,721907.0,NO,2026-09-22,15571000.0,17.0
IQDF,ETF,3388.0,13.48,2013-04-16,2026-10-09,20983.0,NO,2020-02-14,6511100.0,2429.0
PSIX,Stock,3386.0,14.48,2012-04-17,2026-10-09,265625.0,NO,2025-11-07,5381200.0,336.0
BRZU,ETF,3384.0,13.5,2013-04-10,2026-10-09,73409.0,NO,2020-04-24,1386000.0,2359.0
EFSI,Stock,3382.0,23.14,2003-08-19,2026-10-09,19837.0,NO,2025-06-27,586000.0,469.0
FTSL,ETF,3381.0,13.44,2013-05-02,2026-10-09,380568.0,NO,2026-03-30,2639300.0,193.0
VOYA,Stock,3381.0,13.44,2013-05-02,2026-10-09,878027.0,NO,2013-05-02,32928800.0,4908.0
SMLV,ETF,3381.0,13.63,2013-02-21,2026-10-09,2482.0,NO,2018-02-20,325400.0,3153.0
PFSI,Stock,3376.0,13.42,2013-05-09,2026-10-09,691324.0,NO,2013-05-09,6508200.0,4901.0
IQV,Stock,3376.0,13.42,2013-05-09,2026-10-09,972314.0,NO,2017-08-28,34428200.0,3329.0
SYLD,ETF,3373.0,13.4,2013-05-14,2026-10-09,19834.0,NO,2013-05-20,1706100.0,4890.0
DGRW,ETF,3367.0,13.38,2013-05-22,2026-10-09,333402.0,NO,2022-05-06,5389200.0,1617.0
CSTM,Stock,3366.0,13.38,2013-05-23,2026-10-09,1284392.0,NO,2021-06-25,17210000.0,1932.0
NRC,Stock,3366.0,13.38,2013-05-23,2026-10-09,52562.0,NO,2017-02-17,1033900.0,3521.0
FPF,Stock,3365.0,13.38,2013-05-24,2026-10-09,207657.0,NO,2013-05-24,1928900.0,4886.0
DFP,Stock,3365.0,13.38,2013-05-24,2026-10-09,67477.0,NO,2013-07-01,835400.0,4848.0
HYHG,ETF,3361.0,13.38,2013-05-23,2026-10-09,10439.0,NO,2026-09-01,684600.0,38.0
BNDX,ETF,3359.0,13.35,2013-06-04,2026-10-09,4187308.0,NO,2024-02-13,24482300.0,969.0
VWOB,ETF,3359.0,13.35,2013-06-04,2026-10-09,818698.0,NO,2025-07-17,6531400.0,449.0
BHRB,Stock,3358.0,23.0,2003-10-10,2026-10-09,200959.0,NO,2023-06-23,851000.0,1204.0
KORU,ETF,3357.0,13.5,2013-04-10,2026-10-09,10808321.0,NO,2024-12-03,107838800.0,675.0
BFOR,ETF,3356.0,13.35,2013-06-04,2026-10-09,23096.0,NO,2013-10-28,3772400.0,4729.0
NWS,Stock,3348.0,13.31,2013-06-19,2026-10-09,930364.0,NO,2015-09-18,18792600.0,4039.0
NWSA,Stock,3348.0,13.31,2013-06-19,2026-10-09,3342022.0,NO,2013-06-19,31981500.0,4860.0
PTCT,Stock,3347.0,13.3,2013-06-20,2026-10-09,1167194.0,NO,2016-04-15,28675100.0,3829.0
PGHY,ETF,3344.0,13.3,2013-06-21,2026-10-09,48792.0,NO,2018-04-02,2032300.0,3112.0
WDIV,ETF,3344.0,13.36,2013-05-30,2026-10-09,3003.0,NO,2022-02-22,378200.0,1690.0
CDW,Stock,3342.0,13.28,2013-06-27,2026-10-09,1406589.0,NO,2019-09-20,24549400.0,2576.0
IDOG,ETF,3341.0,13.28,2013-06-28,2026-10-09,52766.0,NO,2018-01-18,748200.0,3186.0
ISRA,ETF,3339.0,13.29,2013-06-26,2026-10-09,7517.0,NO,2015-07-24,601500.0,4095.0
CXSE,ETF,3334.0,14.05,2012-09-20,2026-10-09,19223.0,NO,2024-02-23,3406200.0,959.0
REXR,Stock,3327.0,13.22,2013-07-19,2026-10-09,3918018.0,NO,2020-07-31,20288500.0,2261.0
QUAL,ETF,3327.0,13.23,2013-07-18,2026-10-09,638952.0,NO,2023-03-17,43206800.0,1302.0
AGIO,Stock,3324.0,13.21,2013-07-24,2026-10-09,722276.0,NO,2025-11-19,17657900.0,324.0
DGRS,ETF,3319.0,13.21,2013-07-25,2026-10-09,9609.0,NO,2025-03-14,520100.0,574.0
SFM,Stock,3318.0,13.19,2013-08-01,2026-10-09,2749986.0,NO,2016-02-08,27242700.0,3896.0
AMH,Stock,3318.0,13.19,2013-08-01,2026-10-09,2322885.0,NO,2024-02-29,53186700.0,953.0
ASC,Stock,3318.0,13.19,2013-08-01,2026-10-09,540633.0,NO,2016-06-08,5524200.0,3775.0
FCA,ETF,3316.0,15.47,2011-04-21,2026-10-09,536.0,NO,2020-03-27,2381400.0,2387.0
DGRE,ETF,3316.0,13.19,2013-08-01,2026-10-09,46032.0,NO,2026-01-21,1249400.0,261.0
SPSM,ETF,3315.0,13.25,2013-07-09,2026-10-09,1287297.0,NO,2024-02-13,15358900.0,969.0
MLPX,ETF,3314.0,13.17,2013-08-07,2026-10-09,265477.0,NO,2024-04-19,5659700.0,903.0
FOXF,Stock,3313.0,13.17,2013-08-08,2026-10-09,258665.0,NO,2020-09-18,8461800.0,2212.0
LGLV,ETF,3313.0,13.63,2013-02-21,2026-10-09,24382.0,NO,2023-05-10,639500.0,1248.0
XPRO,Stock,3312.0,13.17,2013-08-09,2026-10-09,645287.0,NO,2021-12-17,7179900.0,1757.0
SPMD,ETF,3310.0,13.25,2013-07-09,2026-10-09,1317558.0,NO,2024-02-13,14064900.0,969.0
KWEB,ETF,3309.0,13.19,2013-08-01,2026-10-09,32944566.0,NO,2022-03-16,103268500.0,1668.0
SPNT,Stock,3308.0,13.15,2013-08-15,2026-10-09,390620.0,NO,2013-08-15,14029300.0,4803.0
FNDF,ETF,3308.0,13.15,2013-08-15,2026-10-09,2314924.0,NO,2020-03-09,12151800.0,2405.0
FNDB,ETF,3308.0,13.15,2013-08-15,2026-10-09,97435.0,NO,2018-01-16,3055500.0,3188.0
FNDA,ETF,3308.0,13.15,2013-08-15,2026-10-09,2444738.0,NO,2026-05-12,39922700.0,150.0
FNDX,ETF,3308.0,13.15,2013-08-15,2026-10-09,3655767.0,NO,2026-05-12,47993700.0,150.0
FNDE,ETF,3308.0,13.15,2013-08-15,2026-10-09,2021618.0,NO,2020-06-25,10888000.0,2297.0
FNDC,ETF,3308.0,13.15,2013-08-15,2026-10-09,57080.0,NO,2025-04-22,17490700.0,535.0
MUSA,Stock,3306.0,13.14,2013-08-19,2026-10-09,248385.0,NO,2013-08-30,9313400.0,4788.0
VLUE,ETF,3304.0,13.48,2013-04-18,2026-10-09,359658.0,NO,2022-01-27,17944500.0,1716.0
OPPJ,ETF,3298.0,13.28,2013-06-28,2026-10-09,22934.0,NO,2016-02-04,2358400.0,3900.0
SAIC,Stock,3287.0,13.06,2013-09-16,2026-10-09,656220.0,NO,2020-06-26,7374300.0,2296.0
TGLS,Stock,3286.0,14.41,2012-05-10,2026-10-09,301959.0,NO,2021-12-09,11093300.0,1765.0
CHSCO,Stock,3282.0,13.04,2013-09-23,2026-10-09,26574.0,NO,2013-10-18,905300.0,4739.0
AAOI,Stock,3279.0,13.03,2013-09-26,2026-10-09,14448250.0,NO,2022-09-16,77414200.0,1484.0
RNG,Stock,3278.0,13.03,2013-09-27,2026-10-09,917297.0,NO,2026-02-11,15343500.0,240.0
BURL,Stock,3275.0,13.02,2013-10-02,2026-10-09,1443636.0,NO,2013-10-02,15051500.0,4755.0
JNUG,ETF,3274.0,13.02,2013-10-03,2026-10-09,267456.0,NO,2020-03-19,10465210.0,2395.0
NEAR,ETF,3274.0,13.02,2013-10-03,2026-10-09,1862822.0,NO,2020-06-04,14373900.0,2318.0
RDIV,ETF,3273.0,13.02,2013-10-01,2026-10-09,51618.0,NO,2018-12-28,1343300.0,2842.0
DBEU,ETF,3271.0,13.02,2013-10-01,2026-10-09,20791.0,NO,2015-12-23,10117500.0,3943.0
RIGS,ETF,3270.0,13.0,2013-10-09,2026-10-09,5231.0,NO,2016-03-15,3932100.0,3860.0
AR,Stock,3269.0,13.0,2013-10-10,2026-10-09,3008069.0,NO,2020-08-18,59919600.0,2243.0
NOBL,ETF,3269.0,13.0,2013-10-10,2026-10-09,1022544.0,NO,2020-03-03,15439800.0,2411.0
GLPI,Stock,3267.0,12.99,2013-10-14,2026-10-09,2201872.0,NO,2023-09-15,37749200.0,1120.0
VEEV,Stock,3265.0,12.98,2013-10-16,2026-10-09,1846000.0,NO,2026-05-06,35354600.0,156.0
PAGP,Stock,3265.0,12.98,2013-10-16,2026-10-09,832662.0,NO,2013-10-16,19753200.0,4741.0
OMF,Stock,3265.0,12.98,2013-10-16,2026-10-09,745767.0,NO,2013-10-16,17412400.0,4741.0
SHYG,ETF,3263.0,12.98,2013-10-17,2026-10-09,1749739.0,NO,2021-01-14,45752000.0,2094.0
RVNU,ETF,3262.0,13.35,2013-06-04,2026-10-09,84112.0,NO,2016-10-13,538800.0,3648.0
GJO,Stock,3262.0,20.88,2005-11-21,2026-10-08,200.0,NO,2006-03-20,200100.0,7507.0
ROBO,ETF,3261.0,12.96,2013-10-22,2026-10-09,73499.0,NO,2017-07-31,5493300.0,3357.0
FIDU,ETF,3259.0,12.96,2013-10-24,2026-10-09,70355.0,NO,2026-09-15,2341300.0,24.0
FHLC,ETF,3259.0,12.96,2013-10-24,2026-10-09,159460.0,NO,2018-01-17,2999800.0,3187.0
FDIS,ETF,3259.0,12.96,2013-10-24,2026-10-09,61621.0,NO,2015-03-02,3266600.0,4239.0
FCOM,ETF,3259.0,12.96,2013-10-24,2026-10-09,173412.0,NO,2022-04-27,3476300.0,1626.0
FENY,ETF,3259.0,12.96,2013-10-24,2026-10-09,1208727.0,NO,2026-01-14,17398200.0,268.0
FUTY,ETF,3259.0,12.96,2013-10-24,2026-10-09,356802.0,NO,2022-05-11,6269100.0,1612.0
FTEC,ETF,3259.0,12.96,2013-10-24,2026-10-09,220592.0,NO,2024-07-25,4556800.0,806.0
FSTA,ETF,3259.0,12.96,2013-10-24,2026-10-09,99363.0,NO,2018-11-13,3316400.0,2887.0
FMAT,ETF,3259.0,12.96,2013-10-24,2026-10-09,45960.0,NO,2014-10-27,1764800.0,4365.0
FNCL,ETF,3259.0,12.96,2013-10-24,2026-10-09,94038.0,NO,2014-12-08,4920200.0,4323.0
IPO,ETF,3258.0,12.98,2013-10-16,2026-10-09,6870.0,NO,2020-12-09,1199600.0,2130.0
VCYT,Stock,3255.0,12.94,2013-10-30,2026-10-09,966523.0,NO,2025-07-28,15571600.0,438.0
BRX,Stock,3255.0,12.94,2013-10-30,2026-10-09,1948070.0,NO,2019-02-05,58450000.0,2803.0
CRTO,Stock,3255.0,12.94,2013-10-30,2026-10-09,534907.0,NO,2017-12-14,16662500.0,3221.0
ESNT,Stock,3254.0,12.94,2013-10-31,2026-10-09,559769.0,NO,2020-05-29,18389600.0,2324.0
MMI,Stock,3254.0,12.94,2013-10-31,2026-10-09,112302.0,NO,2018-11-05,4285000.0,2895.0
VIDI,ETF,3251.0,12.94,2013-10-30,2026-10-09,39696.0,NO,2013-10-31,6400000.0,4726.0
ASHR,ETF,3250.0,12.92,2013-11-06,2026-10-09,2919380.0,NO,2024-10-07,70912500.0,732.0
WIX,Stock,3250.0,12.92,2013-11-06,2026-10-09,507939.0,NO,2026-05-13,11117900.0,149.0
NFRA,ETF,3250.0,13.0,2013-10-09,2026-10-09,82685.0,NO,2019-06-20,2968300.0,2668.0
FTGC,ETF,3249.0,12.96,2013-10-23,2026-10-09,829671.0,NO,2023-10-27,14133200.0,1078.0
LGIH,Stock,3249.0,12.92,2013-11-07,2026-10-09,236503.0,NO,2017-02-06,3565100.0,3532.0
NMIH,Stock,3248.0,12.92,2013-11-08,2026-10-09,372939.0,NO,2017-10-13,11986100.0,3283.0
ASTH,Stock,3245.0,17.51,2009-04-06,2026-10-09,314938.0,NO,2021-09-17,6954600.0,1848.0
TNDM,Stock,3244.0,12.9,2013-11-14,2026-10-09,1430143.0,NO,2018-06-22,17879100.0,3031.0
BANX,Stock,3244.0,12.92,2013-11-07,2026-10-09,22402.0,NO,2014-11-04,390800.0,4357.0
FID,ETF,3243.0,13.13,2013-08-23,2026-10-09,5857.0,NO,2023-08-21,541800.0,1145.0
SFBC,Stock,3243.0,18.75,2008-01-09,2026-10-09,2065.0,NO,2025-06-27,265100.0,469.0
ENFR,ETF,3242.0,12.94,2013-11-01,2026-10-09,46303.0,NO,2026-07-28,533400.0,73.0
ALLE,Stock,3242.0,12.89,2013-11-18,2026-10-09,803060.0,NO,2026-08-31,7471000.0,39.0
IGHG,ETF,3240.0,12.9,2013-11-13,2026-10-09,84765.0,NO,2020-10-15,3220000.0,2185.0
SLQD,ETF,3240.0,12.98,2013-10-17,2026-10-09,249807.0,NO,2020-07-24,6586600.0,2268.0
BWFG,Stock,3236.0,16.45,2010-04-28,2026-10-09,39753.0,NO,2021-06-25,928300.0,1932.0
XNCR,Stock,3232.0,12.85,2013-12-03,2026-10-09,1145230.0,NO,2019-07-01,9135200.0,2657.0
ULST,ETF,3226.0,13.0,2013-10-10,2026-10-09,33910.0,NO,2016-03-01,4356900.0,3874.0
ATHM,Stock,3226.0,12.83,2013-12-11,2026-10-09,388416.0,NO,2026-02-27,9293300.0,224.0
HLT,Stock,3225.0,12.82,2013-12-12,2026-10-09,1153804.0,NO,2018-04-11,52096400.0,3103.0
FYLD,ETF,3225.0,12.85,2013-12-03,2026-10-09,25635.0,NO,2026-06-08,1688900.0,123.0
ARMK,Stock,3225.0,12.82,2013-12-12,2026-10-09,1251547.0,NO,2023-03-17,56313269.0,1302.0
USDU,ETF,3220.0,12.81,2013-12-18,2026-10-09,596041.0,NO,2022-04-05,9843500.0,1648.0
GMAB,Stock,3218.0,17.36,2009-06-01,2026-10-09,2333436.0,NO,2026-10-05,12401300.0,4.0
BANFP,Stock,3217.0,22.57,2004-03-16,2026-10-09,507.0,NO,2006-11-14,255300.0,7269.0
ESI,Stock,3217.0,12.96,2013-10-22,2026-10-09,5256564.0,NO,2025-03-21,43421900.0,567.0
GQRE,ETF,3211.0,12.92,2013-11-06,2026-10-09,16821.0,NO,2026-09-15,709600.0,24.0
PEX,ETF,3208.0,13.61,2013-02-28,2026-10-09,2591.0,NO,2022-03-09,269600.0,1675.0
SHYD,ETF,3204.0,12.73,2014-01-14,2026-10-09,335637.0,NO,2023-02-16,1160500.0,1331.0
TECS,ETF,3203.0,16.69,2010-01-29,2026-10-09,391517.0,NO,2026-06-05,2463120.0,126.0
OGS,Stock,3202.0,12.73,2014-01-16,2026-10-09,662903.0,NO,2014-01-31,9630700.0,4634.0
UVXY,ETF,3200.0,13.02,2013-10-03,2026-10-09,4365723.0,NO,2025-10-10,29043480.0,364.0
CHRN,Stock,3199.0,12.73,2014-01-17,2026-10-09,108182.0,NO,2025-12-30,111143000.0,283.0
SIZE,ETF,3199.0,13.48,2013-04-18,2026-10-09,5535.0,NO,2019-11-14,7964300.0,2521.0
EURL,ETF,3199.0,12.71,2014-01-22,2026-10-09,13855.0,NO,2016-06-24,1294200.0,3759.0
VUSE,ETF,3197.0,12.71,2014-01-22,2026-10-09,20476.0,NO,2018-10-01,607900.0,2930.0
RARE,Stock,3192.0,12.69,2014-01-31,2026-10-09,2927552.0,NO,2026-09-03,27159700.0,36.0
MBUU,Stock,3192.0,12.69,2014-01-31,2026-10-09,209231.0,NO,2014-01-31,5159600.0,4634.0
QURE,Stock,3189.0,12.67,2014-02-05,2026-10-09,1513347.0,NO,2025-09-24,70079700.0,380.0
RDVY,ETF,3185.0,12.75,2014-01-07,2026-10-09,1006880.0,NO,2022-01-24,5448800.0,1719.0
IBP,Stock,3183.0,12.65,2014-02-13,2026-10-09,345235.0,NO,2014-02-13,3809600.0,4621.0
KN,Stock,3182.0,12.65,2014-02-14,2026-10-09,370300.0,NO,2014-02-28,18716400.0,4606.0
VRNS,Stock,3173.0,12.61,2014-02-28,2026-10-09,1575185.0,NO,2025-10-29,29366700.0,345.0
IPKW,ETF,3172.0,12.61,2014-02-27,2026-10-09,16209.0,NO,2023-12-11,672900.0,1033.0
FV,ETF,3169.0,12.59,2014-03-06,2026-10-09,70631.0,NO,2015-08-24,11282300.0,4064.0
CHSCN,Stock,3168.0,12.59,2014-03-06,2026-10-09,30481.0,NO,2014-03-06,2229900.0,4600.0
HEWJ,ETF,3167.0,12.67,2014-02-05,2026-10-09,16358.0,NO,2017-12-05,9629700.0,3230.0
GVAL,ETF,3165.0,12.58,2014-03-12,2026-10-09,93881.0,NO,2026-06-08,1668600.0,123.0
NGNE,Stock,3164.0,12.59,2014-03-07,2026-10-09,465832.0,NO,2015-08-07,3112795.0,4081.0
AIRR,ETF,3161.0,12.58,2014-03-11,2026-10-09,729985.0,NO,2025-08-12,2385200.0,423.0
PCTY,Stock,3160.0,12.56,2014-03-19,2026-10-09,445898.0,NO,2014-03-19,9435400.0,4587.0
QTWO,Stock,3159.0,12.56,2014-03-20,2026-10-09,400703.0,NO,2025-09-19,13172900.0,385.0
TSLX,Stock,3158.0,12.55,2014-03-21,2026-10-09,649687.0,NO,2016-03-03,3962400.0,3872.0
ATEN,Stock,3158.0,12.55,2014-03-21,2026-10-09,1000293.0,NO,2022-04-25,16033800.0,1628.0
TNET,Stock,3154.0,12.54,2014-03-27,2026-10-09,243154.0,NO,2014-03-27,14207100.0,4579.0
OUT,Stock,3153.0,12.53,2014-03-28,2026-10-09,1084310.0,NO,2014-07-10,35135707.0,4474.0
ALLY,Stock,3151.0,12.7,2014-01-28,2026-10-09,2738266.0,NO,2023-09-15,43181700.0,1120.0
MGNI,Stock,3150.0,12.52,2014-04-02,2026-10-09,1516866.0,NO,2021-01-07,26363200.0,2101.0
GOLD,Stock,3150.0,12.56,2014-03-17,2026-10-09,288089.0,NO,2021-03-04,2739600.0,2045.0
FIVN,Stock,3148.0,12.51,2014-04-04,2026-10-09,1300207.0,NO,2026-07-31,16109600.0,70.0
IQDY,ETF,3147.0,13.48,2013-04-16,2026-10-09,5390.0,NO,2023-01-26,1326700.0,1352.0
PAHC,Stock,3143.0,12.5,2014-04-11,2026-10-09,235913.0,NO,2014-04-11,4251100.0,4564.0
TOLZ,ETF,3142.0,12.54,2014-03-27,2026-10-09,7743.0,NO,2021-06-08,1277500.0,1949.0
PAYC,Stock,3141.0,12.48,2014-04-15,2026-10-09,406866.0,NO,2026-03-20,14557300.0,203.0
MC,Stock,3140.0,12.48,2014-04-16,2026-10-09,890421.0,NO,2023-06-16,15139700.0,1211.0
VRP,ETF,3130.0,12.44,2014-05-01,2026-10-09,440786.0,NO,2018-11-29,5711000.0,2871.0
ARES,Stock,3129.0,12.44,2014-05-02,2026-10-09,1824168.0,NO,2025-12-10,47940600.0,303.0
EDOG,ETF,3127.0,12.53,2014-03-28,2026-10-09,43048.0,NO,2017-03-30,329300.0,3480.0
TIPX,ETF,3126.0,13.36,2013-05-30,2026-10-09,686806.0,NO,2025-03-10,10779600.0,578.0
LPG,Stock,3125.0,12.42,2014-05-08,2026-10-09,447873.0,NO,2020-01-14,9706000.0,2460.0
SFBS,Stock,3121.0,12.41,2014-05-14,2026-10-09,347151.0,NO,2016-04-01,11364400.0,3843.0
OUNZ,ETF,3119.0,12.4,2014-05-16,2026-10-09,304456.0,NO,2026-01-29,17831100.0,253.0
CVEO,Stock,3117.0,12.39,2014-05-19,2026-10-09,61249.0,NO,2014-12-30,4745067.0,4301.0
DNOW,Stock,3117.0,12.39,2014-05-20,2026-10-09,2278740.0,NO,2014-05-30,20871300.0,4515.0
IHDG,ETF,3117.0,12.42,2014-05-07,2026-10-09,101064.0,NO,2016-04-21,8881400.0,3823.0
JD,Stock,3115.0,12.38,2014-05-22,2026-10-09,8845455.0,NO,2016-05-31,95370800.0,3783.0
HRTG,Stock,3114.0,12.38,2014-05-23,2026-10-09,147510.0,NO,2017-08-11,5637900.0,3346.0
ASHS,ETF,3113.0,12.39,2014-05-21,2026-10-09,6923.0,NO,2015-07-10,791600.0,4109.0
HYZD,ETF,3112.0,12.81,2013-12-18,2026-10-09,34729.0,NO,2018-12-19,1468900.0,2851.0
CTRE,Stock,3111.0,12.36,2014-05-29,2026-10-09,1302152.0,NO,2026-03-20,43157400.0,203.0
LIND,Stock,3109.0,13.27,2013-07-03,2026-10-09,702751.0,NO,2026-06-26,4872900.0,105.0
ANET,Stock,3105.0,12.34,2014-06-06,2026-10-09,4326938.0,NO,2018-08-27,178592000.0,2965.0
DGRO,ETF,3101.0,12.33,2014-06-12,2026-10-09,1070408.0,NO,2020-05-26,31166500.0,2327.0
IEUR,ETF,3100.0,12.33,2014-06-12,2026-10-09,603448.0,NO,2026-03-05,15914100.0,218.0
IPAC,ETF,3100.0,12.33,2014-06-12,2026-10-09,102573.0,NO,2022-06-08,6601000.0,1584.0
FMF,ETF,3100.0,13.19,2013-08-02,2026-10-09,45701.0,NO,2026-06-29,1349600.0,102.0
LDUR,ETF,3098.0,12.71,2014-01-23,2026-10-09,123564.0,NO,2026-04-06,1236200.0,186.0
VNOM,Stock,3097.0,12.31,2014-06-18,2026-10-09,1790980.0,NO,2026-03-03,14804700.0,220.0
CCS,Stock,3097.0,12.31,2014-06-18,2026-10-09,152244.0,NO,2019-04-10,6423300.0,2739.0
MTUS,Stock,3096.0,12.31,2014-06-19,2026-10-09,249556.0,NO,2021-02-23,48569500.0,2054.0
EUDG,ETF,3096.0,12.42,2014-05-07,2026-10-09,2776.0,NO,2017-11-07,479500.0,3258.0
GGZ,Stock,3094.0,12.33,2014-06-12,2026-10-09,4246.0,NO,2015-11-16,1667075.0,3980.0
HEFA,ETF,3093.0,12.65,2014-02-14,2026-10-09,343784.0,NO,2024-03-14,49529700.0,939.0
AMPH,Stock,3092.0,12.29,2014-06-25,2026-10-09,269274.0,NO,2016-09-21,6087500.0,3670.0
VRDN,Stock,3091.0,12.31,2014-06-18,2026-10-09,1334231.0,NO,2020-10-28,17798400.0,2172.0
KBA,ETF,3089.0,12.6,2014-03-05,2026-10-09,20319.0,NO,2019-05-28,3719900.0,2691.0
AGZD,ETF,3089.0,12.81,2013-12-18,2026-10-09,60800.0,NO,2015-08-21,2452800.0,4067.0
DDIV,ETF,3088.0,12.58,2014-03-11,2026-10-09,3629.0,NO,2023-02-08,436300.0,1339.0
CDC,ETF,3087.0,12.27,2014-07-02,2026-10-09,18070.0,NO,2023-09-27,1994600.0,1108.0
WFG,Stock,3085.0,17.64,2009-02-17,2026-10-09,100704.0,NO,2022-07-19,3990200.0,1543.0
CFO,ETF,3084.0,12.27,2014-07-02,2026-10-09,4303.0,NO,2021-04-12,678400.0,2006.0
FWONK,Stock,3084.0,12.25,2014-07-08,2026-10-09,2291977.0,NO,2018-05-03,14561031.0,3081.0
SGDM,ETF,3079.0,12.24,2014-07-15,2026-10-09,23884.0,NO,2015-01-20,2010500.0,4280.0
IRMD,Stock,3078.0,12.23,2014-07-16,2026-10-09,68873.0,NO,2014-07-16,902700.0,4468.0
NIC,Stock,3077.0,13.4,2013-05-17,2026-10-09,131629.0,NO,2026-06-18,3314400.0,113.0
REET,ETF,3076.0,12.25,2014-07-10,2026-10-09,2222127.0,NO,2025-06-20,19257000.0,476.0
GLOB,Stock,3076.0,12.23,2014-07-18,2026-10-09,496989.0,NO,2025-05-16,11031600.0,511.0
CDNA,Stock,3075.0,12.23,2014-07-17,2026-10-09,895592.0,NO,2025-07-17,16111000.0,449.0
TRUP,Stock,3075.0,12.23,2014-07-18,2026-10-09,269943.0,NO,2023-05-05,7566700.0,1253.0
IFV,ETF,3073.0,12.21,2014-07-23,2026-10-09,13219.0,NO,2015-08-21,2447500.0,4067.0
SPUU,ETF,3073.0,12.37,2014-05-28,2026-10-09,43755.0,NO,2014-10-01,640800.0,4391.0
WMS,Stock,3071.0,12.21,2014-07-25,2026-10-09,739432.0,NO,2023-03-17,10745300.0,1302.0
LOCO,Stock,3071.0,12.21,2014-07-25,2026-10-09,221279.0,NO,2014-07-28,26901000.0,4456.0
THQ,Stock,3069.0,12.2,2014-07-29,2026-10-09,177647.0,NO,2014-07-29,1307900.0,4455.0
CNXT,ETF,3068.0,12.21,2014-07-24,2026-10-09,32467.0,NO,2024-10-07,1103200.0,732.0
WLKP,Stock,3068.0,12.19,2014-07-30,2026-10-09,15691.0,NO,2014-07-30,11547700.0,4454.0
UAE,ETF,3068.0,12.44,2014-05-01,2026-10-09,1020813.0,NO,2026-03-03,4255100.0,220.0
HQY,Stock,3067.0,12.19,2014-07-31,2026-10-09,555906.0,NO,2018-09-14,12317600.0,2947.0
SYF,Stock,3067.0,12.19,2014-07-31,2026-10-09,2909829.0,NO,2015-11-17,128981900.0,3979.0
RINF,ETF,3066.0,14.74,2012-01-12,2026-10-09,18235.0,NO,2019-07-08,1648000.0,2650.0
FMB,ETF,3063.0,12.4,2014-05-15,2026-10-09,315840.0,NO,2026-10-08,1559700.0,1.0
HYGH,ETF,3062.0,12.36,2014-05-29,2026-10-09,50750.0,NO,2018-12-19,1563300.0,2851.0
RYZ,Stock,3061.0,12.17,2014-08-08,2026-10-09,232061.0,NO,2016-07-20,7576400.0,3733.0
BLBD,Stock,3061.0,12.56,2014-03-20,2026-10-09,303851.0,NO,2023-12-12,3311600.0,1032.0
DBAW,ETF,3060.0,12.7,2014-01-27,2026-10-09,30376.0,NO,2015-12-15,562000.0,3951.0
IUSB,ETF,3058.0,12.33,2014-06-12,2026-10-09,4598779.0,NO,2026-05-28,136187500.0,134.0
FTHI,ETF,3053.0,12.75,2014-01-07,2026-10-09,485359.0,NO,2026-04-23,3943400.0,169.0
ISTR,Stock,3052.0,12.27,2014-07-01,2026-10-09,65034.0,NO,2021-06-25,1576400.0,1932.0
WBIG,ETF,3048.0,12.12,2014-08-27,2026-10-09,1324.0,NO,2014-08-27,4408500.0,4426.0
WBIF,ETF,3046.0,12.12,2014-08-27,2026-10-09,129.0,NO,2014-08-27,3561300.0,4426.0
WBIL,ETF,3046.0,12.11,2014-08-27,2026-10-08,7500.0,NO,2014-08-27,4000600.0,4425.0
JDST,ETF,3043.0,12.33,2014-06-12,2026-10-09,629585.0,NO,2026-01-30,6196895.0,252.0
CHSCM,Stock,3039.0,12.08,2014-09-10,2026-10-09,41301.0,NO,2014-10-17,2805700.0,4375.0
VEGA,ETF,3039.0,14.06,2012-09-18,2026-10-09,4470.0,NO,2023-01-12,263100.0,1366.0
BYLD,ETF,3039.0,12.46,2014-04-24,2026-10-09,62234.0,NO,2026-03-25,2273100.0,198.0
VVX,Stock,3035.0,12.06,2014-09-16,2026-10-09,330881.0,NO,2026-09-18,3934700.0,21.0
FTSM,ETF,3033.0,12.18,2014-08-06,2026-10-09,646932.0,NO,2014-11-03,18074800.0,4358.0
BABA,Stock,3032.0,12.05,2014-09-19,2026-10-09,12312876.0,NO,2014-09-19,271879400.0,4403.0
EFAD,ETF,3031.0,12.13,2014-08-21,2026-10-09,714.0,NO,2022-06-16,191000.0,1576.0
CZR,Stock,3031.0,12.05,2014-09-22,2026-10-09,4742104.0,NO,2026-05-28,95920300.0,134.0
AUPH,Stock,3029.0,12.1,2014-09-03,2026-10-09,849225.0,NO,2017-03-07,49388400.0,3503.0
CFG,Stock,3029.0,12.04,2014-09-24,2026-10-09,2969070.0,NO,2016-01-29,94875300.0,3906.0
AMZA,ETF,3023.0,12.02,2014-10-02,2026-10-09,30798.0,NO,2018-03-15,554500.0,3130.0
W,Stock,3023.0,12.02,2014-10-02,2026-10-09,907382.0,NO,2023-02-23,27610900.0,1324.0
ARKW,ETF,3021.0,12.02,2014-09-30,2026-10-09,235778.0,NO,2021-02-23,6257400.0,2054.0
ARKQ,ETF,3020.0,12.02,2014-09-30,2026-10-09,97758.0,NO,2021-02-23,4436100.0,2054.0
HEZU,ETF,3019.0,12.04,2014-09-23,2026-10-09,27102.0,NO,2015-12-22,9106600.0,3944.0
FLTB,ETF,3018.0,12.0,2014-10-09,2026-10-09,126570.0,NO,2016-03-01,3502500.0,3874.0
FBND,ETF,3018.0,12.0,2014-10-09,2026-10-09,4328221.0,NO,2024-10-28,47256600.0,711.0
HUBS,Stock,3018.0,12.0,2014-10-09,2026-10-09,1460664.0,NO,2026-09-18,8986600.0,21.0
AAMI,Stock,3018.0,12.0,2014-10-09,2026-10-09,295442.0,NO,2020-06-19,12096900.0,2303.0
GNK,Stock,3012.0,12.24,2014-07-15,2026-10-09,402406.0,NO,2016-10-06,6988800.0,3655.0
KEYS,Stock,3011.0,11.97,2014-10-20,2026-10-09,899509.0,NO,2018-11-05,47677800.0,2895.0
VBND,ETF,3011.0,11.98,2014-10-16,2026-10-09,77688.0,NO,2014-10-16,528900.0,4376.0
HEEM,ETF,3009.0,12.04,2014-09-25,2026-10-09,8883.0,NO,2015-04-10,4556300.0,4200.0
QVAL,ETF,3008.0,11.96,2014-10-22,2026-10-09,15132.0,NO,2020-04-24,579400.0,2359.0
COMT,ETF,3006.0,11.98,2014-10-16,2026-10-09,87755.0,NO,2021-05-26,30132900.0,1962.0
FTLS,ETF,3006.0,12.08,2014-09-09,2026-10-09,203923.0,NO,2025-07-16,821000.0,450.0
FCOR,ETF,3006.0,12.0,2014-10-09,2026-10-09,39125.0,NO,2021-03-16,461600.0,2033.0
BST,Stock,3004.0,11.95,2014-10-29,2026-10-09,31019.0,NO,2014-10-29,950673.0,4363.0
BOOT,Stock,3003.0,11.94,2014-10-30,2026-10-09,471672.0,NO,2018-05-16,7446900.0,3068.0
KE,Stock,3001.0,11.93,2014-11-03,2026-10-09,195227.0,NO,2025-05-30,826500.0,497.0
XENE,Stock,2999.0,11.93,2014-11-05,2026-10-09,1230526.0,NO,2021-10-04,63786400.0,1831.0
ARKG,ETF,2999.0,11.94,2014-10-31,2026-10-09,5790404.0,NO,2020-12-29,15040000.0,2110.0
FRPT,Stock,2997.0,11.92,2014-11-07,2026-10-09,893821.0,NO,2014-11-07,9931800.0,4354.0
TFIN,Stock,2997.0,11.92,2014-11-07,2026-10-09,173894.0,NO,2018-08-03,4469000.0,2989.0
HISF,ETF,2996.0,12.15,2014-08-14,2026-10-09,17832.0,NO,2022-03-01,380200.0,1683.0
ARKK,ETF,2994.0,11.94,2014-10-31,2026-10-09,5346567.0,NO,2022-05-12,79683500.0,1611.0
HACK,ETF,2994.0,11.91,2014-11-12,2026-10-09,457478.0,NO,2015-08-24,3235000.0,4064.0
AXTA,Stock,2994.0,11.91,2014-11-12,2026-10-09,1327844.0,NO,2023-03-17,34854700.0,1302.0
ENVA,Stock,2993.0,11.9,2014-11-13,2026-10-09,234365.0,NO,2015-12-18,2255200.0,3948.0
WCCB,Stock,2992.0,21.61,2005-02-28,2026-10-09,39542.0,NO,2021-01-12,152240.0,2096.0
EMQQ,ETF,2991.0,11.89,2014-11-17,2026-10-09,22201.0,NO,2021-07-27,1706300.0,1900.0
CFA,ETF,2991.0,12.27,2014-07-02,2026-10-09,55736.0,NO,2019-06-03,622400.0,2685.0
DEEP,ETF,2990.0,12.04,2014-09-23,2026-10-09,1170.0,NO,2020-03-03,2752800.0,2411.0
LQDH,ETF,2985.0,12.31,2014-06-17,2026-10-09,37738.0,NO,2022-07-11,3405000.0,1551.0
DAX,ETF,2982.0,11.96,2014-10-23,2026-10-09,18603.0,NO,2025-03-06,783300.0,582.0
QSR,Stock,2974.0,11.83,2014-12-11,2026-10-09,2876596.0,NO,2025-06-27,28728200.0,469.0
HAPN,Stock,2974.0,11.83,2014-12-11,2026-10-09,2363995.0,NO,2021-07-29,41561900.0,1898.0
TFLO,ETF,2973.0,12.68,2014-02-04,2026-10-09,2276450.0,NO,2023-07-20,74721700.0,1177.0
WK,Stock,2973.0,11.82,2014-12-12,2026-10-09,906516.0,NO,2026-10-05,9132400.0,4.0
QAT,ETF,2969.0,12.44,2014-05-01,2026-10-09,9060.0,NO,2026-06-08,1294600.0,123.0
GAA,ETF,2969.0,11.83,2014-12-10,2026-10-09,9404.0,NO,2020-01-14,199900.0,2460.0
JPIN,ETF,2968.0,11.91,2014-11-10,2026-10-09,5894.0,NO,2019-03-08,3121600.0,2772.0
BBC,ETF,2967.0,11.81,2014-12-17,2026-10-09,5322.0,NO,2018-07-30,536100.0,2993.0
PDBC,ETF,2964.0,11.92,2014-11-07,2026-10-09,4527542.0,NO,2026-07-17,64685800.0,84.0
EQAL,ETF,2962.0,11.78,2014-12-29,2026-10-09,17515.0,NO,2019-01-02,4775100.0,2837.0
BBP,ETF,2962.0,11.81,2014-12-17,2026-10-09,8884.0,NO,2016-11-09,252400.0,3621.0
SBIO,ETF,2961.0,11.77,2014-12-31,2026-10-09,33630.0,NO,2018-12-20,650300.0,2850.0
EEMO,ETF,2960.0,14.62,2012-02-24,2026-10-09,13724.0,NO,2018-04-03,21029600.0,3111.0
MBSD,ETF,2957.0,12.1,2014-09-04,2026-10-09,45581.0,NO,2023-10-20,707400.0,1085.0
MMTM,ETF,2953.0,13.95,2012-10-25,2026-10-09,1174.0,NO,2014-04-04,115300.0,4571.0
CHSCL,Stock,2951.0,11.73,2015-01-15,2026-10-09,28495.0,NO,2015-01-15,2556400.0,4285.0
UE,Stock,2950.0,11.73,2015-01-16,2026-10-09,669862.0,NO,2022-02-17,24270800.0,1695.0
BOX,Stock,2946.0,11.71,2015-01-23,2026-10-09,1272393.0,NO,2015-01-23,42593200.0,4277.0
IVAL,ETF,2946.0,11.81,2014-12-17,2026-10-09,6050.0,NO,2019-11-05,813800.0,2530.0
CMBT,Stock,2945.0,11.7,2015-01-26,2026-10-09,974402.0,NO,2025-08-21,19766600.0,414.0
ASND,Stock,2943.0,11.7,2015-01-28,2026-10-09,815733.0,NO,2023-04-03,7860200.0,1285.0
SHAK,Stock,2941.0,11.69,2015-01-30,2026-10-09,850367.0,NO,2015-01-30,16264900.0,4270.0
CRBN,ETF,2940.0,11.83,2014-12-11,2026-10-09,3770.0,NO,2019-01-09,1256800.0,2830.0
ATEX,Stock,2939.0,11.68,2015-02-03,2026-10-09,497756.0,NO,2020-12-21,3077900.0,2118.0
XHR,Stock,2938.0,11.68,2015-02-04,2026-10-09,867429.0,NO,2019-03-29,23241400.0,2751.0
FREL,ETF,2937.0,11.67,2015-02-05,2026-10-09,393352.0,NO,2026-01-15,8690500.0,267.0
FTSD,ETF,2936.0,12.93,2013-11-05,2026-10-09,26065.0,NO,2021-03-24,1256400.0,2025.0
DEA,Stock,2936.0,11.67,2015-02-06,2026-10-09,297426.0,NO,2018-06-19,3703960.0,3034.0
QEMM,ETF,2927.0,12.34,2014-06-05,2026-10-09,4503.0,NO,2015-01-30,1280500.0,4270.0
TOTL,ETF,2925.0,11.62,2015-02-24,2026-10-09,647553.0,NO,2022-10-17,4689400.0,1453.0
OPPE,ETF,2917.0,11.6,2015-03-04,2026-10-09,32743.0,NO,2016-01-15,2099100.0,3920.0
NXRT,Stock,2908.0,11.56,2015-03-19,2026-10-09,357305.0,NO,2020-01-03,4545000.0,2471.0
PVLA,Stock,2906.0,11.77,2015-01-02,2026-10-09,174036.0,NO,2024-07-24,5845900.0,807.0
XT,ETF,2905.0,11.55,2015-03-24,2026-10-09,44879.0,NO,2018-02-12,11237000.0,3161.0
SEDG,Stock,2903.0,11.54,2015-03-26,2026-10-09,1220087.0,NO,2025-06-17,33137600.0,479.0
CCD,Stock,2902.0,11.54,2015-03-27,2026-10-09,100702.0,NO,2015-03-27,1922100.0,4214.0
SRET,ETF,2901.0,11.56,2015-03-17,2026-10-09,54472.0,NO,2025-01-15,1059700.0,632.0
LMBS,ETF,2900.0,11.93,2014-11-05,2026-10-09,652473.0,NO,2021-06-24,9630200.0,1933.0
DBEZ,ETF,2900.0,11.82,2014-12-15,2026-10-09,476.0,NO,2016-06-06,486500.0,3777.0
SGDJ,ETF,2900.0,11.53,2015-03-31,2026-10-09,26112.0,NO,2018-09-25,1083500.0,2936.0
GDDY,Stock,2899.0,11.52,2015-04-01,2026-10-09,2203221.0,NO,2024-06-21,32950700.0,840.0
REGL,ETF,2898.0,11.67,2015-02-05,2026-10-09,55749.0,NO,2025-04-16,1985200.0,541.0
KRNT,Stock,2898.0,11.52,2015-04-02,2026-10-09,418637.0,NO,2022-07-06,11815900.0,1556.0
FFTY,ETF,2894.0,11.5,2015-04-09,2026-10-09,8842.0,NO,2018-10-10,1019300.0,2921.0
SMMT,Stock,2890.0,11.6,2015-03-05,2026-10-09,5748461.0,NO,2022-12-06,156896100.0,1403.0
SMDV,ETF,2890.0,11.67,2015-02-05,2026-10-09,76440.0,NO,2022-07-12,1543100.0,1550.0
VIRT,Stock,2889.0,11.48,2015-04-16,2026-10-09,749998.0,NO,2024-06-21,16222000.0,840.0
ETSY,Stock,2889.0,11.48,2015-04-16,2026-10-09,2974813.0,NO,2024-09-20,37801100.0,749.0
CHAU,ETF,2889.0,11.48,2015-04-16,2026-10-09,20481.0,NO,2024-10-07,20150000.0,732.0
JPEM,ETF,2887.0,11.75,2015-01-09,2026-10-09,8771.0,NO,2021-04-01,969300.0,2017.0
VKTX,Stock,2880.0,11.45,2015-04-29,2026-10-09,4030535.0,NO,2022-12-19,96447900.0,1390.0
JETS,ETF,2879.0,11.44,2015-04-30,2026-10-09,2463369.0,NO,2021-12-06,33592800.0,1768.0
FTQI,ETF,2875.0,12.75,2014-01-07,2026-10-09,458490.0,NO,2026-04-23,3739700.0,169.0
COLL,Stock,2873.0,11.43,2015-05-07,2026-10-09,438193.0,NO,2021-02-11,8511300.0,2066.0
GJT,Stock,2872.0,19.18,2007-08-02,2026-10-05,2600.0,NO,2012-07-25,136700.0,5185.0
GBTC,ETF,2871.0,11.41,2015-05-11,2026-10-09,1173623.0,NO,2024-01-11,62378454.0,1002.0
FTAI,Stock,2868.0,11.4,2015-05-15,2026-10-09,962946.0,NO,2025-01-15,20029100.0,632.0
CWEN,Stock,2868.0,11.4,2015-05-15,2026-10-09,821865.0,NO,2023-11-29,19954500.0,1045.0
APLE,Stock,2867.0,11.39,2015-05-18,2026-10-09,1149397.0,NO,2023-09-15,42325100.0,1120.0
SHOP,Stock,2864.0,11.39,2015-05-21,2026-10-09,6727472.0,NO,2017-10-04,208959000.0,3292.0
SDEM,ETF,2863.0,11.56,2015-03-17,2026-10-09,958.0,NO,2021-12-02,1443400.0,1772.0
ACV,Stock,2863.0,11.38,2015-05-22,2026-10-09,54223.0,NO,2015-05-22,1279800.0,4158.0
FPXI,ETF,2862.0,11.91,2014-11-11,2026-10-09,3165.0,NO,2026-10-02,1049400.0,7.0
LABU,ETF,2860.0,11.37,2015-05-28,2026-10-09,605184.0,NO,2025-04-09,7938800.0,548.0
SYSB,ETF,2859.0,11.62,2015-02-26,2026-10-09,1177385.0,NO,2025-11-18,5826500.0,325.0
FSV,Stock,2857.0,11.35,2015-06-02,2026-10-09,78890.0,NO,2025-10-31,777700.0,343.0
GUSH,ETF,2853.0,11.36,2015-05-29,2026-10-09,529270.0,NO,2020-04-02,39570400.0,2381.0
QEFA,ETF,2853.0,12.34,2014-06-05,2026-10-09,33553.0,NO,2025-02-07,1277400.0,609.0
PTNQ,ETF,2849.0,11.33,2015-06-12,2026-10-09,14721.0,NO,2020-03-13,712200.0,2401.0
PTLC,ETF,2849.0,11.33,2015-06-12,2026-10-09,78520.0,NO,2020-03-12,3548900.0,2402.0
PTMC,ETF,2849.0,11.33,2015-06-12,2026-10-09,15225.0,NO,2022-10-17,2284500.0,1453.0
WING,Stock,2849.0,11.33,2015-06-12,2026-10-09,878247.0,NO,2015-06-12,10899000.0,4137.0
DRIP,ETF,2849.0,11.35,2015-06-04,2026-10-09,881338.0,NO,2026-03-31,7922200.0,192.0
ENR,Stock,2849.0,11.33,2015-06-12,2026-10-09,527404.0,NO,2023-09-15,12386500.0,1120.0
LRGF,ETF,2842.0,11.44,2015-04-30,2026-10-09,434081.0,NO,2018-01-16,4002600.0,3188.0
RNRG,ETF,2841.0,11.37,2015-05-28,2026-10-09,650.0,NO,2022-02-28,621033.0,1684.0
LNTH,Stock,2840.0,11.29,2015-06-25,2026-10-09,973530.0,NO,2022-10-11,15528900.0,1459.0
TRU,Stock,2840.0,11.29,2015-06-25,2026-10-09,2199354.0,NO,2025-09-19,26552700.0,385.0
GKOS,Stock,2840.0,11.29,2015-06-25,2026-10-09,1196004.0,NO,2018-08-29,11054300.0,2963.0
ALRM,Stock,2839.0,11.29,2015-06-26,2026-10-09,236489.0,NO,2015-06-26,9088400.0,4123.0
APPF,Stock,2839.0,11.29,2015-06-26,2026-10-09,378338.0,NO,2015-06-26,3529100.0,4123.0
SKOR,ETF,2837.0,11.9,2014-11-13,2026-10-09,52970.0,NO,2026-09-11,3363300.0,28.0
KHC,Stock,2834.0,11.26,2015-07-06,2026-10-09,15087982.0,NO,2019-02-22,135204800.0,2786.0
PYPL,Stock,2834.0,11.26,2015-07-06,2026-10-09,11576896.0,NO,2026-02-03,141690600.0,248.0
NTRA,Stock,2834.0,11.26,2015-07-06,2026-10-09,1011243.0,NO,2022-03-09,41733200.0,1675.0
CIBR,ETF,2833.0,11.26,2015-07-07,2026-10-09,1853667.0,NO,2025-08-12,8503900.0,423.0
ICSH,ETF,2831.0,12.81,2013-12-16,2026-10-09,1355725.0,NO,2026-02-05,16142300.0,246.0
OUSA,ETF,2828.0,11.24,2015-07-14,2026-10-09,15244.0,NO,2018-12-20,6152900.0,2850.0
OLLI,Stock,2826.0,11.23,2015-07-16,2026-10-09,1426469.0,NO,2019-08-29,15778900.0,2598.0
MCFT,Stock,2825.0,11.23,2015-07-17,2026-10-09,132724.0,NO,2015-07-17,4330300.0,4102.0
OOMA,Stock,2824.0,11.22,2015-07-20,2026-10-09,291486.0,NO,2017-06-23,2080900.0,3395.0
INTF,ETF,2823.0,11.43,2015-05-04,2026-10-09,1200809.0,NO,2025-04-28,15267700.0,529.0
LOB,Stock,2821.0,11.21,2015-07-23,2026-10-09,237006.0,NO,2015-07-23,2755700.0,4096.0
LITE,Stock,2821.0,11.21,2015-07-23,2026-10-09,5235815.0,NO,2026-03-20,22868800.0,203.0
Z,Stock,2814.0,11.18,2015-08-03,2026-10-09,4400372.0,NO,2021-11-03,78433900.0,1801.0
PLNT,Stock,2811.0,11.18,2015-08-06,2026-10-09,3134282.0,NO,2026-05-07,17245900.0,155.0
IPAY,ETF,2810.0,11.23,2015-07-16,2026-10-09,86912.0,NO,2019-06-10,2517100.0,2678.0
HFBL,Stock,2809.0,19.29,2007-06-21,2026-10-05,2000.0,NO,2010-12-22,597600.0,5766.0
HTUS,ETF,2809.0,11.29,2015-06-25,2026-10-09,8581.0,NO,2025-04-30,1010000.0,527.0
NFLT,ETF,2806.0,11.16,2015-08-11,2026-10-09,128825.0,NO,2015-08-11,4862600.0,4077.0
HLI,Stock,2806.0,11.16,2015-08-13,2026-10-09,870370.0,NO,2023-12-15,7795500.0,1029.0
CBON,ETF,2805.0,11.91,2014-11-11,2026-10-09,3443.0,NO,2022-02-07,723000.0,1705.0
FEUZ,ETF,2804.0,11.95,2014-10-27,2026-10-09,5699.0,NO,2014-12-01,9742900.0,4330.0
VTVT,Stock,2803.0,11.2,2015-07-30,2026-10-09,12835.0,NO,2021-04-13,6399033.0,2005.0
HFXI,ETF,2800.0,11.22,2015-07-22,2026-10-09,322172.0,NO,2017-11-07,4457900.0,3258.0
VTEB,ETF,2798.0,11.12,2015-08-25,2026-10-09,37375907.0,NO,2026-09-28,54955300.0,11.0
KNO,ETF,2797.0,11.25,2015-07-10,2026-10-09,1615.0,NO,2025-01-22,885500.0,625.0
CDL,ETF,2789.0,11.26,2015-07-08,2026-10-09,9081.0,NO,2020-03-12,1942200.0,2402.0
OEFA,ETF,2789.0,11.14,2015-08-19,2026-10-09,4002.0,NO,2016-03-07,759600.0,3868.0
ROAM,ETF,2788.0,11.61,2015-02-27,2026-10-09,36240.0,NO,2023-02-17,844400.0,1330.0
IMTM,ETF,2787.0,11.69,2015-01-29,2026-10-09,408730.0,NO,2024-03-26,2832700.0,927.0
MVBF,Stock,2785.0,14.12,2012-08-27,2026-10-09,56614.0,NO,2018-06-22,870500.0,3031.0
TPYP,ETF,2782.0,11.28,2015-06-30,2026-10-09,35995.0,NO,2024-04-19,2275600.0,903.0
HAUZ,ETF,2781.0,13.02,2013-10-01,2026-10-09,77544.0,NO,2020-03-12,4786900.0,2402.0
PEN,Stock,2781.0,11.06,2015-09-18,2026-10-09,555295.0,NO,2026-01-15,9675200.0,267.0
GSLC,ETF,2780.0,11.05,2015-09-21,2026-10-09,149966.0,NO,2020-08-31,11357100.0,2230.0
IQLT,ETF,2779.0,11.71,2015-01-23,2026-10-09,1084733.0,NO,2026-01-28,34717200.0,254.0
PJT,Stock,2779.0,11.05,2015-09-22,2026-10-09,338750.0,NO,2023-12-15,4236200.0,1029.0
MSGS,Stock,2779.0,11.06,2015-09-17,2026-10-09,309722.0,NO,2023-07-31,4346300.0,1166.0
CSW,Stock,2773.0,11.03,2015-09-30,2026-10-09,79516.0,NO,2024-09-20,3051100.0,749.0
PFGC,Stock,2772.0,11.02,2015-10-01,2026-10-09,912420.0,NO,2021-09-02,24592100.0,1863.0
GEM,ETF,2770.0,11.03,2015-09-29,2026-10-09,156040.0,NO,2021-03-08,17486200.0,2041.0
JHMM,ETF,2769.0,11.03,2015-09-29,2026-10-09,176871.0,NO,2019-09-20,4213000.0,2576.0
JHML,ETF,2768.0,11.03,2015-09-30,2026-10-09,13038.0,NO,2016-07-27,7135600.0,3726.0
P,Stock,2768.0,11.01,2015-10-07,2026-10-09,4008526.0,NO,2026-09-18,73094300.0,21.0
PMTS,Stock,2765.0,11.0,2015-10-09,2026-10-09,105339.0,NO,2026-09-11,1546700.0,28.0
MEAR,ETF,2764.0,11.6,2015-03-05,2026-10-09,483172.0,NO,2025-03-28,2450100.0,560.0
FDTS,ETF,2763.0,14.64,2012-02-16,2026-10-09,362.0,NO,2015-11-25,138700.0,3971.0
XLRE,ETF,2762.0,11.0,2015-10-08,2026-10-09,7006779.0,NO,2020-04-09,49899800.0,2374.0
SMLF,ETF,2761.0,11.44,2015-04-30,2026-10-09,216187.0,NO,2026-01-29,2504900.0,253.0
LIVN,Stock,2760.0,10.97,2015-10-19,2026-10-09,339431.0,NO,2017-06-23,6983200.0,3395.0
HPE,Stock,2760.0,10.97,2015-10-19,2026-10-09,13440804.0,NO,2026-06-02,153197800.0,129.0
CTGO,Stock,2759.0,15.8,2010-12-21,2026-10-09,245168.0,NO,2026-06-18,3880700.0,113.0
RACE,Stock,2758.0,10.97,2015-10-21,2026-10-09,270903.0,NO,2015-10-21,22498800.0,4006.0
SPYD,ETF,2757.0,10.97,2015-10-22,2026-10-09,838166.0,NO,2022-05-09,33884000.0,1614.0
RODM,ETF,2753.0,11.61,2015-02-27,2026-10-09,99922.0,NO,2020-06-04,5140500.0,2318.0
NZAC,ETF,2750.0,11.87,2014-11-26,2026-10-09,4313.0,NO,2024-02-21,4945000.0,961.0
LMB,Stock,2750.0,12.17,2014-08-08,2026-10-09,231979.0,NO,2026-08-05,1701200.0,65.0
ITEQ,ETF,2749.0,10.93,2015-11-03,2026-10-09,830.0,NO,2021-10-26,484600.0,1809.0
AGGY,ETF,2746.0,11.25,2015-07-09,2026-10-09,179878.0,NO,2020-11-19,2428200.0,2150.0
KELYB,Stock,2746.0,42.18,1984-08-03,2026-10-08,600.0,NO,2026-02-05,2035600.0,245.0
CRAK,ETF,2744.0,11.14,2015-08-20,2026-10-09,644275.0,NO,2026-10-08,1554000.0,1.0
GSIE,ETF,2744.0,10.91,2015-11-10,2026-10-09,286014.0,NO,2025-09-15,6624400.0,389.0
FCPT,Stock,2744.0,10.91,2015-11-10,2026-10-09,561666.0,NO,2015-11-10,11957800.0,3986.0
EQBK,Stock,2743.0,10.91,2015-11-11,2026-10-09,74453.0,NO,2015-11-11,805500.0,3985.0
ICVT,ETF,2739.0,11.35,2015-06-04,2026-10-09,1411629.0,NO,2022-05-18,9873600.0,1605.0
AXSM,Stock,2737.0,10.89,2015-11-19,2026-10-09,894482.0,NO,2019-01-07,51674500.0,2832.0
XYZ,Stock,2737.0,10.89,2015-11-19,2026-10-09,5232238.0,NO,2023-03-23,140313900.0,1296.0
IAGG,ETF,2733.0,10.91,2015-11-12,2026-10-09,1237016.0,NO,2026-05-28,52220400.0,134.0
OBT,Stock,2729.0,22.95,2003-10-29,2026-10-09,86507.0,NO,2023-06-23,1200800.0,1204.0
CSB,ETF,2727.0,11.2,2015-07-29,2026-10-09,8521.0,NO,2019-07-18,350300.0,2640.0
VAMO,ETF,2725.0,11.08,2015-09-09,2026-10-09,2135.0,NO,2026-06-08,1441700.0,123.0
TEAM,Stock,2723.0,10.83,2015-12-10,2026-10-09,2093164.0,NO,2026-05-01,27384500.0,161.0
SPYX,ETF,2722.0,10.86,2015-12-01,2026-10-09,76967.0,NO,2026-01-22,2668700.0,260.0
RMR,Stock,2721.0,10.82,2015-12-14,2026-10-09,193128.0,NO,2019-06-27,2283100.0,2661.0
KEN,Stock,2719.0,11.73,2015-01-15,2026-10-09,9515.0,NO,2024-04-04,272600.0,918.0
NAIL,ETF,2718.0,11.14,2015-08-19,2026-10-09,1920088.0,NO,2026-10-07,4461300.0,2.0
NANR,ETF,2717.0,10.81,2015-12-18,2026-10-09,13615.0,NO,2015-12-18,26998100.0,3948.0
ETHO,ETF,2715.0,10.89,2015-11-19,2026-10-09,2999.0,NO,2021-09-23,120000.0,1842.0
IVLU,ETF,2715.0,11.24,2015-07-15,2026-10-09,1241740.0,NO,2021-06-07,12614300.0,1950.0
ISCF,ETF,2711.0,11.44,2015-05-01,2026-10-09,397493.0,NO,2022-08-05,1703700.0,1526.0
DPST,ETF,2710.0,11.14,2015-08-20,2026-10-09,156182.0,NO,2023-05-04,6262040.0,1254.0
LVHD,ETF,2708.0,10.78,2015-12-29,2026-10-09,39978.0,NO,2017-07-10,4115400.0,3378.0
YLD,ETF,2708.0,11.24,2015-07-13,2026-10-09,227551.0,NO,2022-12-21,3099900.0,1388.0
JPUS,ETF,2705.0,11.03,2015-09-30,2026-10-09,6353.0,NO,2017-05-02,1209400.0,3447.0
PTEU,ETF,2704.0,10.81,2015-12-17,2026-10-09,568.0,NO,2019-05-09,732700.0,2710.0
MOTI,ETF,2700.0,11.24,2015-07-14,2026-10-09,2194.0,NO,2026-04-29,2881500.0,163.0
FEMB,ETF,2700.0,11.93,2014-11-05,2026-10-09,73718.0,NO,2025-06-27,1423300.0,469.0
KSA,ETF,2699.0,11.06,2015-09-17,2026-10-09,376748.0,NO,2019-05-28,11753300.0,2691.0
UJB,ETF,2695.0,15.48,2011-04-14,2026-10-07,5200.0,NO,2021-12-20,351600.0,1752.0
ONC,Stock,2687.0,10.68,2016-02-03,2026-10-09,191366.0,NO,2020-11-30,5213400.0,2139.0
NFTY,ETF,2687.0,14.61,2012-02-28,2026-10-09,6391.0,NO,2021-04-16,1470800.0,2002.0
VLU,ETF,2676.0,13.95,2012-10-25,2026-10-09,3708.0,NO,2024-11-20,184300.0,688.0
ATS,Stock,2674.0,16.78,2009-12-29,2026-10-09,127240.0,NO,2023-05-25,1918800.0,1233.0
GCOW,ETF,2673.0,10.63,2016-02-23,2026-10-09,223673.0,NO,2026-02-06,2548300.0,245.0
WTPI,ETF,2672.0,10.62,2016-02-25,2026-10-09,113610.0,NO,2018-02-06,3402400.0,3167.0
VYMI,ETF,2668.0,10.6,2016-03-02,2026-10-09,1293622.0,NO,2026-03-03,4857900.0,220.0
VIGI,ETF,2668.0,10.6,2016-03-02,2026-10-09,196645.0,NO,2025-09-15,3264000.0,389.0
SNDX,Stock,2667.0,10.6,2016-03-03,2026-10-09,1459040.0,NO,2020-04-28,15078100.0,2355.0
EMDV,ETF,2662.0,10.69,2016-01-27,2026-10-07,100.0,NO,2018-08-20,96400.0,2970.0
DDWM,ETF,2662.0,10.68,2016-02-04,2026-10-09,131131.0,NO,2016-04-21,8958400.0,3823.0
IDMO,ETF,2659.0,14.62,2012-02-24,2026-10-09,497990.0,NO,2020-10-01,10249100.0,2199.0
DJD,ETF,2656.0,10.81,2015-12-18,2026-10-09,18782.0,NO,2019-01-03,2286900.0,2836.0
DEUS,ETF,2656.0,10.81,2015-12-18,2026-10-09,2741.0,NO,2022-09-29,776500.0,1471.0
QMOM,ETF,2655.0,10.85,2015-12-02,2026-10-09,7249.0,NO,2022-11-01,413700.0,1438.0
FVC,ETF,2655.0,10.56,2016-03-18,2026-10-09,2703.0,NO,2016-05-26,1269400.0,3788.0
AIVC,ETF,2655.0,10.58,2016-03-09,2026-10-09,3030.0,NO,2026-06-02,218800.0,129.0
GAMR,ETF,2652.0,10.58,2016-03-10,2026-10-09,196.0,NO,2021-01-27,442000.0,2081.0
QUS,ETF,2651.0,11.48,2015-04-16,2026-10-09,21647.0,NO,2020-03-30,1014100.0,2384.0
GLOF,ETF,2650.0,11.43,2015-05-04,2026-10-09,22111.0,NO,2018-12-04,3040500.0,2866.0
XITK,ETF,2647.0,10.73,2016-01-14,2026-10-08,2000.0,NO,2023-04-03,133800.0,1284.0
RIOT,Stock,2644.0,10.52,2016-03-31,2026-10-09,11615748.0,NO,2025-07-21,127903700.0,445.0
GTO,ETF,2644.0,10.66,2016-02-12,2026-10-09,218616.0,NO,2026-02-27,2670400.0,224.0
SYRE,Stock,2643.0,10.51,2016-04-07,2026-10-09,1116435.0,NO,2023-06-22,10228380.0,1205.0
SHE,ETF,2640.0,10.59,2016-03-08,2026-10-09,2901.0,NO,2016-03-08,4219800.0,3867.0
BATRK,Stock,2636.0,10.48,2016-04-18,2026-10-09,625741.0,NO,2016-06-24,3311400.0,3759.0
BATRA,Stock,2636.0,10.48,2016-04-18,2026-10-09,29502.0,NO,2023-03-08,2094000.0,1311.0
AFDM,ETF,2635.0,10.49,2016-04-14,2026-10-09,2722.0,NO,2018-03-08,1051000.0,3137.0
RSPR,ETF,2633.0,11.15,2015-08-14,2026-10-09,30013.0,NO,2016-09-16,1675000.0,3675.0
AVBH,Stock,2632.0,22.24,2004-07-12,2026-10-09,31298.0,NO,2026-06-26,1146900.0,105.0
FTDS,ETF,2632.0,11.75,2015-01-09,2026-10-09,501.0,NO,2016-10-07,317600.0,3654.0
RRR,Stock,2629.0,10.45,2016-04-27,2026-10-09,486062.0,NO,2016-04-27,13630200.0,3817.0
XSOE,ETF,2628.0,11.78,2014-12-29,2026-10-09,64594.0,NO,2021-03-08,13291900.0,2041.0
JSMD,ETF,2628.0,10.62,2016-02-25,2026-10-09,21199.0,NO,2026-04-29,454900.0,163.0
IBUY,ETF,2628.0,10.47,2016-04-20,2026-10-09,2974.0,NO,2021-05-13,835000.0,1975.0
ROUS,ETF,2627.0,11.61,2015-02-27,2026-10-09,49326.0,NO,2022-06-02,1902300.0,1590.0
EMGF,ETF,2625.0,10.81,2015-12-18,2026-10-09,73330.0,NO,2025-09-15,2894300.0,389.0
NGVT,Stock,2625.0,10.43,2016-05-03,2026-10-09,224012.0,NO,2016-05-16,10098300.0,3798.0
MILN,ETF,2621.0,10.43,2016-05-06,2026-10-09,5302.0,NO,2019-08-09,534800.0,2618.0
TPB,Stock,2619.0,10.41,2016-05-11,2026-10-09,244300.0,NO,2022-07-27,2226900.0,1535.0
SITE,Stock,2618.0,10.41,2016-05-12,2026-10-09,783390.0,NO,2016-05-12,6437000.0,3802.0
EUDV,ETF,2618.0,11.07,2015-09-11,2026-10-07,100.0,NO,2016-01-28,117600.0,3905.0
IMOM,ETF,2616.0,10.8,2015-12-23,2026-10-09,4205.0,NO,2019-12-03,854100.0,2502.0
FCVT,ETF,2615.0,10.93,2015-11-04,2026-10-09,3323.0,NO,2021-06-28,1155600.0,1929.0
SKE,Stock,2613.0,17.89,2008-11-18,2026-10-09,496084.0,NO,2026-06-18,6109800.0,113.0
ROSC,ETF,2612.0,11.55,2015-03-24,2026-10-09,490.0,NO,2026-02-04,262200.0,247.0
GSEU,ETF,2611.0,10.6,2016-03-04,2026-10-09,5170.0,NO,2026-08-14,442300.0,56.0
MSBI,Stock,2610.0,10.38,2016-05-24,2026-10-09,135944.0,NO,2016-05-24,1775300.0,3790.0
PLSE,Stock,2610.0,10.39,2016-05-18,2026-10-09,365803.0,NO,2022-09-26,4339700.0,1474.0
IGRO,ETF,2609.0,10.39,2016-05-19,2026-10-09,22025.0,NO,2025-10-08,1572900.0,366.0
USFD,Stock,2608.0,10.37,2016-05-26,2026-10-09,1362256.0,NO,2023-03-17,32994200.0,1302.0
CATH,ETF,2608.0,10.45,2016-04-26,2026-10-09,27338.0,NO,2019-01-24,1293200.0,2815.0
ONEO,ETF,2607.0,10.85,2015-12-03,2026-10-09,1387.0,NO,2015-12-03,5731400.0,3963.0
PR,Stock,2607.0,10.48,2016-04-15,2026-10-09,7148034.0,NO,2024-06-28,79792400.0,833.0
ATKR,Stock,2598.0,10.33,2016-06-10,2026-10-09,352431.0,NO,2026-08-03,8858500.0,67.0
EPRF,ETF,2598.0,10.38,2016-05-24,2026-10-09,10802.0,NO,2021-09-30,474400.0,1835.0
ADME,ETF,2592.0,10.32,2016-06-13,2026-10-09,10071.0,NO,2023-02-10,1049700.0,1337.0
HSCZ,ETF,2592.0,11.22,2015-07-21,2026-10-09,8335.0,NO,2018-08-20,351500.0,2972.0
LKOR,ETF,2592.0,11.04,2015-09-24,2026-10-09,7018.0,NO,2026-01-27,274900.0,255.0
TWLO,Stock,2589.0,10.29,2016-06-23,2026-10-09,2617939.0,NO,2022-11-04,44840800.0,1435.0
FVCB,Stock,2587.0,11.43,2015-05-06,2026-10-09,31277.0,NO,2021-06-25,1977000.0,1932.0
STOT,ETF,2587.0,10.49,2016-04-14,2026-10-09,50878.0,NO,2021-08-16,1641700.0,1880.0
XRN,Stock,2584.0,10.28,2016-06-30,2026-10-09,81465.0,NO,2021-03-16,1086240.0,2033.0
QLC,ETF,2583.0,11.04,2015-09-24,2026-10-09,11355.0,NO,2024-09-18,1317700.0,751.0
XCEM,ETF,2583.0,11.1,2015-09-02,2026-10-09,498537.0,NO,2025-03-05,2488200.0,583.0
FTV,Stock,2582.0,10.26,2016-07-05,2026-10-09,1582621.0,NO,2018-09-21,62910152.0,2940.0
OR,Stock,2581.0,10.26,2016-07-06,2026-10-09,647011.0,NO,2017-06-16,9296200.0,3402.0
QWLD,ETF,2580.0,12.34,2014-06-05,2026-10-09,573.0,NO,2019-03-18,226700.0,2762.0
MJ,ETF,2578.0,10.85,2015-12-03,2026-10-09,6336.0,NO,2021-02-11,1735275.0,2066.0
HAWX,ETF,2576.0,11.27,2015-07-01,2026-10-09,5319.0,NO,2018-05-29,2487800.0,3055.0
JSML,ETF,2575.0,10.62,2016-02-25,2026-10-09,15230.0,NO,2025-03-18,1215800.0,570.0
IGBH,ETF,2575.0,11.08,2015-09-11,2026-10-09,136178.0,NO,2020-10-14,16856700.0,2186.0
IQDG,ETF,2574.0,10.51,2016-04-07,2026-10-09,43386.0,NO,2024-01-31,2042900.0,982.0
PRNT,ETF,2571.0,10.22,2016-07-20,2026-10-09,11952.0,NO,2021-02-08,3027100.0,2069.0
EYLD,ETF,2571.0,10.24,2016-07-14,2026-10-09,107370.0,NO,2025-05-16,1234200.0,511.0
PI,Stock,2570.0,10.22,2016-07-21,2026-10-09,232578.0,NO,2018-02-02,11711900.0,3171.0
CPTL,ETF,2568.0,10.24,2016-07-12,2026-10-09,1613.0,NO,2021-10-14,2178200.0,1821.0
KNSL,Stock,2565.0,10.2,2016-07-28,2026-10-09,343960.0,NO,2016-07-28,4916500.0,3725.0
TCMD,Stock,2565.0,10.2,2016-07-28,2026-10-09,136695.0,NO,2022-06-17,4963500.0,1575.0
GSJY,ETF,2564.0,10.6,2016-03-04,2026-10-09,2078.0,NO,2024-08-05,176800.0,795.0
AFEM,ETF,2564.0,10.32,2016-06-15,2026-10-09,1861.0,NO,2019-01-10,304200.0,2829.0
JPME,ETF,2562.0,10.3,2016-06-21,2026-10-09,5430.0,NO,2025-04-10,603400.0,547.0
RFFC,ETF,2562.0,10.28,2016-06-28,2026-10-08,4800.0,NO,2018-03-08,1302900.0,3136.0
FHB,Stock,2559.0,10.18,2016-08-05,2026-10-09,1327173.0,NO,2020-07-23,28095500.0,2269.0
SDG,ETF,2559.0,10.46,2016-04-22,2026-10-09,10328.0,NO,2021-08-09,227700.0,1887.0
RFCI,ETF,2556.0,10.31,2016-06-17,2026-10-09,8564.0,NO,2018-08-07,1990200.0,2985.0
MEDP,Stock,2555.0,10.16,2016-08-11,2026-10-09,159763.0,NO,2018-12-31,5652000.0,2839.0
FALN,ETF,2555.0,10.3,2016-06-21,2026-10-09,909424.0,NO,2021-10-21,29882400.0,1814.0
PTGX,Stock,2555.0,10.16,2016-08-11,2026-10-09,761527.0,NO,2021-10-11,45683600.0,1824.0
ONEV,ETF,2553.0,10.85,2015-12-03,2026-10-09,1751.0,NO,2015-12-03,5716600.0,3963.0
UTES,ETF,2552.0,11.04,2015-09-24,2026-10-09,148180.0,NO,2026-05-19,2196300.0,143.0
DELL,Stock,2551.0,10.14,2016-08-17,2026-10-09,5273949.0,NO,2016-09-07,147907159.0,3684.0
DIEM,ETF,2551.0,10.35,2016-06-03,2026-10-09,14791.0,NO,2016-11-04,7034900.0,3626.0
HUSV,ETF,2543.0,10.12,2016-08-25,2026-10-09,5781.0,NO,2020-06-22,2509300.0,2300.0
LVHI,ETF,2539.0,10.2,2016-07-28,2026-10-09,1775026.0,NO,2025-03-18,5582000.0,570.0
HDMV,ETF,2536.0,10.11,2016-08-29,2026-10-08,400.0,NO,2016-11-09,668100.0,3620.0
CNYA,ETF,2535.0,10.31,2016-06-16,2026-10-09,114992.0,NO,2022-12-08,5812800.0,1401.0
FVAL,ETF,2531.0,10.06,2016-09-15,2026-10-09,19948.0,NO,2025-03-17,2300900.0,571.0
FDMO,ETF,2531.0,10.06,2016-09-15,2026-10-09,44164.0,NO,2025-04-09,817500.0,548.0
FDRR,ETF,2531.0,10.06,2016-09-15,2026-10-09,15638.0,NO,2020-03-11,802000.0,2403.0
FDLO,ETF,2531.0,10.06,2016-09-15,2026-10-09,79994.0,NO,2024-03-11,1686700.0,942.0
FDVV,ETF,2531.0,10.06,2016-09-15,2026-10-09,503780.0,NO,2021-10-06,5264000.0,1829.0
FQAL,ETF,2530.0,10.06,2016-09-16,2026-10-09,93338.0,NO,2024-01-29,2264300.0,984.0
ASIX,Stock,2530.0,10.06,2016-09-15,2026-10-09,242716.0,NO,2016-10-03,6622200.0,3658.0
FBK,Stock,2530.0,10.06,2016-09-16,2026-10-09,338692.0,NO,2020-08-14,4814200.0,2247.0
NTB,Stock,2530.0,10.06,2016-09-16,2026-10-09,74458.0,NO,2017-06-23,5566500.0,3395.0
SNSR,ETF,2530.0,10.06,2016-09-16,2026-10-09,9429.0,NO,2023-02-01,973300.0,1346.0
BOTZ,ETF,2530.0,10.07,2016-09-13,2026-10-09,489718.0,NO,2018-02-05,7218100.0,3168.0
ELF,Stock,2526.0,10.05,2016-09-22,2026-10-09,919612.0,NO,2025-02-07,23546500.0,609.0
VVV,Stock,2525.0,10.04,2016-09-23,2026-10-09,3175083.0,NO,2016-09-23,35297100.0,3668.0
WSC,Stock,2525.0,10.93,2015-11-05,2026-10-09,1828052.0,NO,2025-03-21,35465200.0,567.0
DFIN,Stock,2524.0,10.03,2016-09-26,2026-10-09,202359.0,NO,2017-06-14,5408500.0,3404.0
DEEF,ETF,2524.0,10.78,2015-12-30,2026-10-09,539.0,NO,2016-09-30,1238100.0,3661.0
SMMV,ETF,2523.0,10.08,2016-09-09,2026-10-09,5109.0,NO,2020-06-08,8552000.0,2314.0
ESGE,ETF,2522.0,10.22,2016-07-20,2026-10-09,617087.0,NO,2022-05-18,49535100.0,1605.0
OILK,ETF,2522.0,10.03,2016-09-28,2026-10-09,28591.0,NO,2026-03-09,2583100.0,214.0
ABFL,ETF,2521.0,10.03,2016-09-28,2026-10-09,53605.0,NO,2026-03-30,2979400.0,193.0
IBDR,ETF,2521.0,10.05,2016-09-22,2026-10-09,4910971.0,NO,2022-05-11,7621300.0,1612.0
NTNX,Stock,2520.0,10.02,2016-09-30,2026-10-09,2094726.0,NO,2020-08-28,68037500.0,2233.0
RFDA,ETF,2520.0,10.03,2016-09-28,2026-10-09,1716.0,NO,2018-03-08,1290400.0,3137.0
BSCQ,ETF,2520.0,10.05,2016-09-22,2026-10-09,604885.0,NO,2022-05-11,7116200.0,1612.0
ESGD,ETF,2519.0,10.12,2016-08-25,2026-10-09,373464.0,NO,2022-04-25,4132500.0,1628.0
NUAG,ETF,2518.0,10.06,2016-09-15,2026-10-09,206649.0,NO,2021-01-12,8990500.0,2096.0
VST,Stock,2516.0,10.01,2016-10-05,2026-10-09,7038981.0,NO,2024-05-07,86269000.0,885.0
VRIG,ETF,2516.0,10.05,2016-09-22,2026-10-09,1247191.0,NO,2025-04-07,7633800.0,550.0
FLGT,Stock,2516.0,10.03,2016-09-29,2026-10-09,252909.0,NO,2021-03-05,7432100.0,2044.0
MRAM,Stock,2515.0,10.0,2016-10-07,2026-10-09,448924.0,NO,2021-11-12,92870200.0,1792.0
FTXL,ETF,2514.0,10.05,2016-09-21,2026-10-09,99709.0,NO,2023-03-24,17226700.0,1295.0
FAAR,ETF,2511.0,10.38,2016-05-23,2026-10-09,37733.0,NO,2025-10-30,1069800.0,344.0
UDIV,ETF,2510.0,10.35,2016-06-03,2026-10-09,6522.0,NO,2024-06-24,1160700.0,837.0
ADNT,Stock,2508.0,9.98,2016-10-17,2026-10-09,684544.0,NO,2016-10-31,22653300.0,3630.0
YUMC,Stock,2508.0,9.98,2016-10-17,2026-10-09,2840344.0,NO,2016-11-01,87709200.0,3629.0
FCEF,ETF,2507.0,10.03,2016-09-29,2026-10-09,9041.0,NO,2020-02-06,479400.0,2437.0
FTXO,ETF,2507.0,10.0,2016-10-07,2026-10-09,71080.0,NO,2026-02-27,35386300.0,224.0
CRSP,Stock,2507.0,9.97,2016-10-19,2026-10-09,1465256.0,NO,2023-12-08,17230200.0,1036.0
QVMT,ETF,2507.0,11.0,2015-10-09,2026-10-09,3206.0,NO,2021-08-19,2766300.0,1877.0
IRTC,Stock,2506.0,9.97,2016-10-20,2026-10-09,516473.0,NO,2021-01-29,7505900.0,2079.0
FINX,ETF,2506.0,10.07,2016-09-13,2026-10-09,33543.0,NO,2022-07-21,1642400.0,1541.0
ZTO,Stock,2501.0,9.95,2016-10-27,2026-10-09,1283686.0,NO,2016-10-27,55321100.0,3634.0
BL,Stock,2500.0,9.95,2016-10-28,2026-10-09,881553.0,NO,2024-03-15,11261500.0,938.0
GOLF,Stock,2500.0,9.95,2016-10-28,2026-10-09,409651.0,NO,2016-10-28,6904800.0,3633.0
GDS,Stock,2497.0,9.93,2016-11-02,2026-10-09,1973688.0,NO,2018-07-31,31598300.0,2992.0
GBIL,ETF,2491.0,10.07,2016-09-14,2026-10-09,589524.0,NO,2022-12-29,6447000.0,1380.0
LW,Stock,2491.0,9.91,2016-11-10,2026-10-09,1961597.0,NO,2018-11-30,39405400.0,2870.0
GVIP,ETF,2490.0,9.91,2016-11-11,2026-10-09,8146.0,NO,2019-01-15,369700.0,2824.0
CWS,ETF,2487.0,10.05,2016-09-21,2026-10-09,3637.0,NO,2016-11-21,154800.0,3609.0
INSW,Stock,2485.0,9.89,2016-11-16,2026-10-09,560166.0,NO,2024-12-27,7364100.0,651.0
IMTB,ETF,2482.0,9.92,2016-11-07,2026-10-09,86724.0,NO,2022-06-23,1021000.0,1569.0
VNLA,ETF,2478.0,9.88,2016-11-22,2026-10-09,653462.0,NO,2019-01-11,4063500.0,2828.0
MRGR,ETF,2478.0,13.82,2012-12-13,2026-10-09,556.0,NO,2022-07-12,1195400.0,1550.0
IIPR,Stock,2477.0,9.85,2016-12-01,2026-10-09,207391.0,NO,2026-06-10,3234300.0,121.0
BBHY,ETF,2472.0,10.06,2016-09-15,2026-10-09,99535.0,NO,2021-01-21,10128300.0,2087.0
ICHR,Stock,2471.0,9.83,2016-12-09,2026-10-09,343647.0,NO,2018-08-24,8215700.0,2968.0
TAGS,ETF,2470.0,14.53,2012-03-28,2026-10-09,20077.0,NO,2026-04-09,393000.0,183.0
DDLS,ETF,2467.0,10.45,2016-04-26,2026-10-09,12696.0,NO,2025-03-04,431800.0,584.0
JPSE,ETF,2467.0,9.88,2016-11-22,2026-10-09,18745.0,NO,2019-08-08,1768100.0,2619.0
HWM,Stock,2463.0,9.92,2016-11-08,2026-10-09,2670594.0,NO,2019-01-22,55218793.0,2817.0
WBIY,ETF,2462.0,9.8,2016-12-22,2026-10-09,6703.0,NO,2018-09-05,1113900.0,2956.0
COWZ,ETF,2461.0,9.8,2016-12-22,2026-10-09,882796.0,NO,2024-05-07,13834900.0,885.0
HYLB,ETF,2459.0,9.82,2016-12-13,2026-10-09,1037884.0,NO,2022-06-13,26649300.0,1579.0
OUSM,ETF,2457.0,9.77,2016-12-30,2026-10-09,139186.0,NO,2025-03-11,919800.0,577.0
PK,Stock,2455.0,9.76,2017-01-04,2026-10-09,3338788.0,NO,2019-09-17,42330600.0,2579.0
CWEB,ETF,2455.0,9.91,2016-11-10,2026-10-09,1303690.0,NO,2022-10-24,5189300.0,1446.0
HGV,Stock,2455.0,9.76,2017-01-04,2026-10-09,527063.0,NO,2019-08-01,12871000.0,2626.0
ACSI,ETF,2451.0,9.92,2016-11-07,2026-10-09,217.0,NO,2018-05-07,144900.0,3077.0
NUSC,ETF,2450.0,9.81,2016-12-16,2026-10-09,47162.0,NO,2026-01-14,2290400.0,268.0
DWLD,ETF,2448.0,9.74,2017-01-12,2026-10-09,29455.0,NO,2018-12-28,1342400.0,2842.0
DFNL,ETF,2448.0,9.74,2017-01-12,2026-10-09,6810.0,NO,2022-01-05,1087700.0,1738.0
DUSA,ETF,2448.0,9.74,2017-01-12,2026-10-09,21937.0,NO,2020-04-27,1664100.0,2356.0
DIVI,ETF,2446.0,10.35,2016-06-03,2026-10-09,156074.0,NO,2026-08-18,1659700.0,52.0
VREX,Stock,2443.0,9.71,2017-01-23,2026-10-09,237362.0,NO,2017-01-30,13325800.0,3539.0
JHMD,ETF,2442.0,9.8,2016-12-22,2026-10-09,112827.0,NO,2018-12-11,4789200.0,2859.0
USFR,ETF,2439.0,12.68,2014-02-04,2026-10-09,5504853.0,NO,2023-12-14,24328900.0,1030.0
ANAB,Stock,2439.0,9.7,2017-01-26,2026-10-09,495167.0,NO,2019-11-08,26495100.0,2527.0
LAUR,Stock,2436.0,9.68,2017-02-01,2026-10-09,846847.0,NO,2026-03-20,22256800.0,203.0
INVH,Stock,2436.0,9.68,2017-02-01,2026-10-09,4510923.0,NO,2022-09-16,97902400.0,1484.0
AGNG,ETF,2433.0,10.41,2016-05-10,2026-10-09,2491.0,NO,2021-06-24,674600.0,1933.0
KRP,Stock,2433.0,9.68,2017-02-03,2026-10-09,546476.0,NO,2025-01-08,4889400.0,639.0
PFFR,ETF,2430.0,9.66,2017-02-08,2026-10-09,53500.0,NO,2025-03-14,702800.0,574.0
ONEY,ETF,2426.0,10.85,2015-12-03,2026-10-09,15345.0,NO,2015-12-03,5718300.0,3963.0
SPXE,ETF,2425.0,11.04,2015-09-24,2026-10-09,486.0,NO,2021-04-12,712200.0,2006.0
FIXD,ETF,2425.0,9.64,2017-02-16,2026-10-09,273905.0,NO,2024-12-09,9734200.0,669.0
BVFL,Stock,2422.0,21.64,2005-02-17,2026-10-09,15661.0,NO,2025-06-27,1137600.0,469.0
HLNE,Stock,2417.0,9.61,2017-03-01,2026-10-09,411574.0,NO,2017-03-01,7162700.0,3509.0
NUMG,ETF,2417.0,9.8,2016-12-20,2026-10-09,12798.0,NO,2022-01-25,594600.0,1718.0
DIVO,ETF,2416.0,9.82,2016-12-15,2026-10-09,990537.0,NO,2023-09-27,2769400.0,1108.0
NUMV,ETF,2416.0,9.8,2016-12-20,2026-10-09,18045.0,NO,2023-05-19,497400.0,1239.0
BLES,ETF,2415.0,9.61,2017-02-28,2026-10-09,7179.0,NO,2024-04-02,1622000.0,920.0
HDEF,ETF,2412.0,11.14,2015-08-18,2026-10-09,153489.0,NO,2018-06-06,7562800.0,3047.0
PAVE,ETF,2411.0,9.59,2017-03-08,2026-10-09,1035280.0,NO,2021-07-12,12042000.0,1915.0
JILL,Stock,2411.0,9.59,2017-03-09,2026-10-09,123714.0,NO,2020-09-01,19615700.0,2229.0
ISMD,ETF,2407.0,9.61,2017-02-28,2026-10-09,22528.0,NO,2019-03-12,952400.0,2768.0
CEFS,ETF,2403.0,9.55,2017-03-21,2026-10-09,62503.0,NO,2019-03-29,403000.0,2751.0
NULG,ETF,2402.0,9.79,2016-12-23,2026-10-09,40773.0,NO,2026-01-14,3011000.0,268.0
GRNB,ETF,2397.0,9.59,2017-03-07,2026-10-09,10613.0,NO,2023-10-06,373200.0,1099.0
BTU,Stock,2394.0,9.52,2017-04-03,2026-10-09,1347362.0,NO,2021-07-07,45548100.0,1920.0
NULV,ETF,2393.0,9.74,2017-01-10,2026-10-09,67071.0,NO,2020-06-09,6145900.0,2313.0
HESM,Stock,2392.0,9.51,2017-04-05,2026-10-09,3702612.0,NO,2026-10-07,11904100.0,2.0
SPMO,ETF,2391.0,10.99,2015-10-12,2026-10-09,1336750.0,NO,2024-08-19,14305300.0,781.0
SNDR,Stock,2391.0,9.51,2017-04-06,2026-10-09,600915.0,NO,2017-04-06,16878900.0,3473.0
OKTA,Stock,2390.0,9.51,2017-04-07,2026-10-09,2487142.0,NO,2022-09-01,45872000.0,1499.0
ESGG,ETF,2388.0,10.23,2016-07-15,2026-10-09,447.0,NO,2017-09-25,200500.0,3301.0
HCC,Stock,2386.0,9.49,2017-04-13,2026-10-09,556846.0,NO,2017-04-13,11341600.0,3466.0
TBLU,ETF,2385.0,9.65,2017-02-15,2026-10-09,882.0,NO,2020-02-27,383400.0,2416.0
IDEV,ETF,2382.0,9.54,2017-03-27,2026-10-09,1181176.0,NO,2026-01-28,22335300.0,254.0
EFAX,ETF,2382.0,9.93,2016-11-03,2026-10-09,24625.0,NO,2022-03-25,529600.0,1659.0
FTXN,ETF,2380.0,10.04,2016-09-23,2026-10-09,1515167.0,NO,2021-12-10,63390400.0,1764.0
FND,Stock,2377.0,9.45,2017-04-27,2026-10-09,1976199.0,NO,2023-10-19,19517800.0,1086.0
ZYME,Stock,2376.0,9.45,2017-04-28,2026-10-09,486980.0,NO,2022-04-29,36641400.0,1624.0
CVNA,Stock,2376.0,9.45,2017-04-28,2026-10-09,6795458.0,NO,2023-06-08,878905000.0,1219.0
IPOS,ETF,2373.0,12.01,2014-10-07,2026-10-09,1857.0,NO,2020-09-30,319400.0,2200.0
DFEN,ETF,2373.0,9.43,2017-05-03,2026-10-09,249491.0,NO,2020-11-09,12407400.0,2160.0
AM,Stock,2372.0,9.43,2017-05-04,2026-10-09,2218181.0,NO,2019-09-20,44385300.0,2576.0
URGN,Stock,2372.0,9.43,2017-05-04,2026-10-09,3895481.0,NO,2025-06-12,21079900.0,484.0
BCI,ETF,2371.0,9.52,2017-03-31,2026-10-09,1366867.0,NO,2026-07-17,21232800.0,84.0
AAVM,ETF,2369.0,9.43,2017-05-04,2026-10-09,2722.0,NO,2018-11-26,430700.0,2874.0
JPIB,ETF,2368.0,9.48,2017-04-17,2026-10-09,494758.0,NO,2026-03-19,1558700.0,204.0
AYA,Stock,2367.0,16.45,2010-04-26,2026-10-09,978041.0,NO,2026-09-18,4577900.0,21.0
SEI,Stock,2366.0,9.41,2017-05-12,2026-10-09,1532545.0,NO,2025-10-07,12906400.0,367.0
IR,Stock,2366.0,9.41,2017-05-12,2026-10-09,2697919.0,NO,2020-03-02,38314900.0,2412.0
FTXH,ETF,2360.0,10.05,2016-09-22,2026-10-09,1263430.0,NO,2026-07-24,31305000.0,77.0
QHY,ETF,2359.0,10.45,2016-04-27,2026-10-09,13954.0,NO,2026-03-31,618300.0,192.0
PENG,Stock,2358.0,9.38,2017-05-24,2026-10-09,5784741.0,NO,2026-10-07,21009200.0,2.0
ARGX,Stock,2358.0,9.39,2017-05-18,2026-10-09,512220.0,NO,2023-12-20,5438700.0,1024.0
APPN,Stock,2357.0,9.37,2017-05-25,2026-10-09,760693.0,NO,2020-11-30,7563900.0,2139.0
CCOR,ETF,2356.0,9.37,2017-05-25,2026-10-09,2105.0,NO,2022-07-05,1723700.0,1557.0
ESG,ETF,2355.0,10.24,2016-07-14,2026-10-09,1256.0,NO,2021-01-06,370000.0,2102.0
EFAS,ETF,2354.0,9.81,2016-12-16,2026-10-09,18752.0,NO,2019-08-08,924500.0,2619.0
VSHY,ETF,2349.0,9.82,2016-12-14,2026-10-09,31232.0,NO,2017-01-04,2428900.0,3565.0
GIGB,ETF,2346.0,9.34,2017-06-08,2026-10-09,695839.0,NO,2025-04-09,2212300.0,548.0
JPST,ETF,2343.0,9.39,2017-05-19,2026-10-09,4960080.0,NO,2025-04-07,41231900.0,550.0
MEXX,ETF,2342.0,9.43,2017-05-03,2026-10-09,1743.0,NO,2025-02-03,793100.0,613.0
ESGU,ETF,2341.0,9.84,2016-12-06,2026-10-09,464171.0,NO,2023-03-17,50697000.0,1302.0
UTSL,ETF,2340.0,9.43,2017-05-03,2026-10-09,198455.0,NO,2023-10-03,827300.0,1102.0
DOO,Stock,2338.0,13.17,2013-08-07,2026-10-09,266189.0,NO,2026-04-15,4952100.0,177.0
TPOR,ETF,2337.0,9.43,2017-05-03,2026-10-09,5190.0,NO,2020-05-01,962500.0,2352.0
WTTR,Stock,2336.0,9.29,2017-06-26,2026-10-09,1328623.0,NO,2025-03-21,15588100.0,567.0
GOAU,ETF,2333.0,9.28,2017-06-29,2026-10-09,7544.0,NO,2020-06-25,510700.0,2297.0
BY,Stock,2332.0,9.28,2017-06-30,2026-10-09,197684.0,NO,2017-06-30,3492700.0,3388.0
ESQ,Stock,2331.0,9.28,2017-06-27,2026-10-09,84507.0,NO,2022-06-24,944600.0,1568.0
EEMX,ETF,2330.0,9.9,2016-11-15,2026-10-09,4164.0,NO,2026-03-04,1193000.0,219.0
COM,ETF,2330.0,9.53,2017-03-30,2026-10-09,121718.0,NO,2026-03-17,1013800.0,206.0
FLCO,ETF,2328.0,10.01,2016-10-05,2026-10-09,418270.0,NO,2024-02-22,13890600.0,960.0
ICOW,ETF,2327.0,9.31,2017-06-19,2026-10-09,61945.0,NO,2025-04-08,1921300.0,549.0
PRPO,Stock,2326.0,9.28,2017-06-30,2026-10-09,22201.0,NO,2021-05-03,16673370.0,1985.0
NUEM,ETF,2325.0,9.32,2017-06-13,2026-10-09,19186.0,NO,2020-03-30,1233600.0,2384.0
CALF,ETF,2324.0,9.31,2017-06-19,2026-10-09,275831.0,NO,2024-07-16,8331900.0,815.0
DUSL,ETF,2323.0,9.43,2017-05-03,2026-10-09,7956.0,NO,2021-08-11,841700.0,1885.0
NUDM,ETF,2321.0,9.32,2017-06-14,2026-10-09,33323.0,NO,2026-10-01,1904900.0,8.0
SHAG,ETF,2321.0,9.39,2017-05-19,2026-10-09,4161.0,NO,2025-09-11,1346900.0,393.0
BHF,Stock,2321.0,9.23,2017-07-17,2026-10-09,853123.0,NO,2019-04-02,28621700.0,2747.0
NURE,ETF,2319.0,9.8,2016-12-20,2026-10-09,8617.0,NO,2020-10-05,1019800.0,2195.0
COMB,ETF,2318.0,9.24,2017-07-14,2026-10-09,9093.0,NO,2023-08-02,1217000.0,1164.0
BPRN,Stock,2316.0,9.36,2017-05-31,2026-10-09,26911.0,NO,2021-06-25,760000.0,1932.0
RBB,Stock,2315.0,9.2,2017-07-26,2026-10-09,85084.0,NO,2017-07-26,2038500.0,3362.0
IBD,ETF,2314.0,9.25,2017-07-11,2026-10-09,425345.0,NO,2025-02-11,1845300.0,605.0
FLQL,ETF,2309.0,9.45,2017-04-28,2026-10-09,46588.0,NO,2019-03-08,14863300.0,2772.0
GSSC,ETF,2307.0,9.25,2017-07-10,2026-10-09,23938.0,NO,2026-01-29,1521500.0,253.0
INDV,Stock,2307.0,11.78,2014-12-29,2026-10-09,3776641.0,NO,2025-07-31,24098600.0,435.0
AGNCN,Stock,2300.0,9.15,2017-08-16,2026-10-09,14539.0,NO,2017-08-16,4632800.0,3341.0
PREF,ETF,2298.0,9.25,2017-07-11,2026-10-09,319582.0,NO,2023-03-20,3207300.0,1299.0
ACGLO,Stock,2297.0,9.13,2017-08-21,2026-10-09,19066.0,NO,2018-01-19,833300.0,3185.0
RNGR,Stock,2297.0,9.16,2017-08-11,2026-10-09,141414.0,NO,2023-06-23,2283500.0,1204.0
FPEI,ETF,2295.0,9.13,2017-08-23,2026-10-09,591649.0,NO,2025-04-03,4450300.0,554.0
USMF,ETF,2292.0,9.28,2017-06-29,2026-10-09,8592.0,NO,2018-10-01,2216800.0,2930.0
MFLX,ETF,2289.0,10.03,2016-09-29,2026-10-09,14625.0,NO,2018-11-13,293900.0,2887.0
SECT,ETF,2286.0,9.09,2017-09-06,2026-10-09,101248.0,NO,2017-09-06,6568600.0,3320.0
SUSB,ETF,2284.0,9.23,2017-07-18,2026-10-09,117247.0,NO,2026-05-28,10314100.0,134.0
MFDX,ETF,2282.0,9.09,2017-09-07,2026-10-09,24638.0,NO,2023-11-02,1014000.0,1072.0
MFEM,ETF,2281.0,9.09,2017-09-07,2026-10-09,9355.0,NO,2021-01-14,6703300.0,2094.0
PFFD,ETF,2280.0,9.07,2017-09-14,2026-10-09,848342.0,NO,2022-08-23,19465500.0,1508.0
GSEW,ETF,2279.0,9.07,2017-09-15,2026-10-09,53516.0,NO,2025-09-24,3673600.0,380.0
ZLAB,Stock,2276.0,9.05,2017-09-20,2026-10-09,1024847.0,NO,2023-01-05,5599800.0,1373.0
IBDS,ETF,2275.0,9.06,2017-09-18,2026-10-09,601734.0,NO,2023-12-07,5033200.0,1037.0
KRYS,Stock,2275.0,9.05,2017-09-20,2026-10-09,196947.0,NO,2021-11-29,8480400.0,1775.0
CELC,Stock,2274.0,9.05,2017-09-20,2026-10-09,1277636.0,NO,2025-07-28,27636800.0,438.0
HBB,Stock,2272.0,9.03,2017-09-26,2026-10-09,45327.0,NO,2022-06-24,1353100.0,1568.0
SUSC,ETF,2270.0,9.22,2017-07-20,2026-10-09,136249.0,NO,2023-01-11,19020100.0,1367.0
ROKU,Stock,2270.0,9.03,2017-09-28,2026-10-09,628398.0,NO,2022-02-18,66585200.0,1694.0
PDLB,Stock,2267.0,9.02,2017-10-02,2026-10-09,44696.0,NO,2023-06-23,2486000.0,1204.0
MFUS,ETF,2267.0,9.09,2017-09-07,2026-10-09,38932.0,NO,2020-04-22,1950000.0,2361.0
SMMD,ETF,2267.0,9.24,2017-07-14,2026-10-09,304710.0,NO,2024-02-07,4760500.0,975.0
MAGA,ETF,2264.0,9.06,2017-09-14,2026-10-07,100.0,NO,2017-09-28,600600.0,3296.0
XFLT,Stock,2263.0,9.0,2017-10-09,2026-10-09,142645.0,NO,2024-12-03,726100.0,675.0
RYTM,Stock,2263.0,9.0,2017-10-09,2026-10-09,1405324.0,NO,2022-07-13,29957500.0,1549.0
SCHK,ETF,2260.0,8.99,2017-10-12,2026-10-09,1045122.0,NO,2018-12-27,9595800.0,2843.0
CARG,Stock,2260.0,8.99,2017-10-12,2026-10-09,1672152.0,NO,2023-06-16,20623500.0,1211.0
KIDS,Stock,2259.0,8.99,2017-10-13,2026-10-09,135532.0,NO,2020-12-02,1051400.0,2137.0
EDOW,ETF,2259.0,9.17,2017-08-09,2026-10-09,9284.0,NO,2020-04-21,1448600.0,2362.0
HYDB,ETF,2258.0,9.24,2017-07-14,2026-10-09,698398.0,NO,2024-11-08,5660200.0,700.0
BSCR,ETF,2258.0,9.03,2017-09-27,2026-10-09,659532.0,NO,2026-03-11,4341400.0,212.0
AIEQ,ETF,2256.0,8.97,2017-10-18,2026-10-09,2104.0,NO,2017-10-23,1762100.0,3273.0
GJP,Stock,2255.0,18.78,2007-12-27,2026-10-09,2900.0,NO,2016-02-04,51000.0,3900.0
MDB,Stock,2255.0,8.97,2017-10-19,2026-10-09,1973622.0,NO,2025-08-27,20747000.0,408.0
SE,Stock,2254.0,8.97,2017-10-20,2026-10-09,7565560.0,NO,2023-08-15,52278000.0,1151.0
GHYB,ETF,2253.0,9.04,2017-09-25,2026-10-09,7242.0,NO,2023-05-02,765700.0,1256.0
USPX,ETF,2253.0,10.35,2016-06-03,2026-10-09,53300.0,NO,2022-08-23,11876100.0,1508.0
AMCR,Stock,2251.0,14.34,2012-06-07,2026-10-09,2716155.0,NO,2026-03-20,46524100.0,203.0
EYE,Stock,2249.0,8.95,2017-10-27,2026-10-09,975647.0,NO,2022-06-15,19952800.0,1577.0
MBIN,Stock,2249.0,8.95,2017-10-27,2026-10-09,127675.0,NO,2026-02-10,5334700.0,241.0
LFEQ,ETF,2249.0,9.0,2017-10-09,2026-10-09,340.0,NO,2020-03-17,600500.0,2397.0
USVM,ETF,2249.0,8.95,2017-10-27,2026-10-09,45726.0,NO,2025-01-14,2903500.0,633.0
ADAMN,Stock,2248.0,8.94,2017-10-30,2026-10-09,1713.0,NO,2018-01-19,654200.0,3185.0
FCAL,ETF,2248.0,9.28,2017-06-27,2026-10-09,56385.0,NO,2025-07-17,1804200.0,449.0
OBOR,ETF,2247.0,9.07,2017-09-14,2026-10-08,200.0,NO,2019-12-03,279400.0,2501.0
USMC,ETF,2247.0,8.99,2017-10-12,2026-10-09,38674.0,NO,2019-08-01,5057200.0,2626.0
PSC,ETF,2246.0,10.05,2016-09-22,2026-10-09,57375.0,NO,2022-01-11,5132900.0,1732.0
ACMR,Stock,2245.0,8.93,2017-11-02,2026-10-09,555318.0,NO,2024-02-28,12244400.0,954.0
UEVM,ETF,2244.0,8.95,2017-10-27,2026-10-09,2425.0,NO,2020-10-15,681100.0,2185.0
MGY,Stock,2244.0,9.28,2017-06-29,2026-10-09,4000471.0,NO,2024-03-15,40683700.0,938.0
UIVM,ETF,2243.0,8.95,2017-10-27,2026-10-09,6188.0,NO,2018-03-27,714500.0,3118.0
ULVM,ETF,2243.0,8.95,2017-10-27,2026-10-09,887.0,NO,2018-04-23,1037400.0,3091.0
FLCH,ETF,2242.0,8.92,2017-11-06,2026-10-09,56208.0,NO,2025-12-05,2185300.0,308.0
NUBD,ETF,2242.0,9.02,2017-10-03,2026-10-09,161528.0,NO,2026-04-17,1219800.0,175.0
UITB,ETF,2242.0,8.95,2017-10-27,2026-10-09,154475.0,NO,2026-01-27,2555200.0,255.0
MCB,Stock,2241.0,8.92,2017-11-08,2026-10-09,93873.0,NO,2023-03-30,6584500.0,1289.0
FLRT,ETF,2240.0,11.64,2015-02-19,2026-10-09,418491.0,NO,2026-09-25,2561600.0,14.0
VTC,ETF,2240.0,8.91,2017-11-09,2026-10-09,129372.0,NO,2023-09-27,4144800.0,1108.0
BIBL,ETF,2240.0,8.94,2017-10-31,2026-10-09,56065.0,NO,2023-02-03,658900.0,1344.0
BAND,Stock,2240.0,8.91,2017-11-09,2026-10-09,621270.0,NO,2022-11-02,11116300.0,1437.0
KEMQ,ETF,2240.0,8.99,2017-10-12,2026-10-07,1900.0,NO,2020-06-19,2355200.0,2301.0
USTB,ETF,2239.0,8.95,2017-10-27,2026-10-09,305347.0,NO,2025-09-09,2332500.0,395.0
EMXC,ETF,2237.0,9.2,2017-07-26,2026-10-09,1438862.0,NO,2025-05-20,58238900.0,507.0
USHY,ETF,2237.0,8.95,2017-10-26,2026-10-09,9843864.0,NO,2025-04-04,88713300.0,553.0
DIAL,ETF,2235.0,8.99,2017-10-13,2026-10-09,367889.0,NO,2021-05-03,3962700.0,1985.0
PILL,ETF,2234.0,8.9,2017-11-15,2026-10-09,58588.0,NO,2025-04-09,1023100.0,548.0
CNNE,Stock,2233.0,8.88,2017-11-20,2026-10-09,294453.0,NO,2021-02-17,6168300.0,2060.0
JMSB,Stock,2233.0,9.6,2017-03-02,2026-10-09,136447.0,NO,2022-06-24,1261300.0,1568.0
JHSC,ETF,2233.0,8.91,2017-11-09,2026-10-09,17934.0,NO,2019-09-20,3208800.0,2576.0
CLIX,ETF,2232.0,8.89,2017-11-16,2026-10-07,100.0,NO,2020-05-27,365200.0,2324.0
EMTY,ETF,2232.0,8.9,2017-11-16,2026-10-09,457.0,NO,2022-11-28,173600.0,1411.0
DIVB,ETF,2232.0,8.91,2017-11-09,2026-10-09,166415.0,NO,2025-06-06,1625700.0,490.0
CNR,Stock,2231.0,8.9,2017-11-14,2026-10-09,457498.0,NO,2025-01-13,6592700.0,634.0
FLJP,ETF,2231.0,8.92,2017-11-06,2026-10-09,372479.0,NO,2026-03-03,9396700.0,220.0
XOVR,ETF,2230.0,8.92,2017-11-08,2026-10-09,1026675.0,NO,2026-06-12,32373500.0,119.0
DFTX,Stock,2228.0,9.9,2016-11-15,2026-10-09,2770064.0,NO,2024-03-07,38010300.0,946.0
NUSA,ETF,2226.0,9.52,2017-04-03,2026-10-09,4469.0,NO,2024-05-01,462100.0,891.0
FLBR,ETF,2224.0,8.92,2017-11-06,2026-10-09,110545.0,NO,2022-04-19,3459800.0,1634.0
IZRL,ETF,2222.0,8.84,2017-12-05,2026-10-09,3735.0,NO,2021-02-09,1359600.0,2068.0
DNLI,Stock,2220.0,8.84,2017-12-08,2026-10-09,1340962.0,NO,2026-06-26,6526900.0,105.0
FSCS,ETF,2220.0,9.3,2017-06-22,2026-10-09,839.0,NO,2025-05-07,254700.0,520.0
SPDV,ETF,2219.0,8.86,2017-11-29,2026-10-09,4172.0,NO,2019-01-07,292700.0,2832.0
FTXG,ETF,2218.0,10.0,2016-10-10,2026-10-09,851.0,NO,2023-09-08,44804300.0,1127.0
HYXF,ETF,2217.0,10.31,2016-06-17,2026-10-09,7234.0,NO,2025-03-12,539100.0,576.0
PWS,ETF,2217.0,8.82,2017-12-12,2026-10-08,2800.0,NO,2019-01-02,1062300.0,2836.0
VSMV,ETF,2214.0,9.29,2017-06-26,2026-10-09,4101.0,NO,2019-07-18,3182200.0,2640.0
INCE,ETF,2214.0,10.05,2016-09-22,2026-10-09,12970.0,NO,2026-08-03,2010000.0,67.0
FBIOP,Stock,2211.0,8.9,2017-11-14,2026-10-09,677.0,NO,2023-08-17,343200.0,1149.0
XSHQ,ETF,2209.0,9.48,2017-04-17,2026-10-09,21405.0,NO,2025-04-16,2793300.0,541.0
BNDC,ETF,2209.0,9.82,2016-12-13,2026-10-09,12987.0,NO,2020-05-11,1018500.0,2342.0
FSGS,ETF,2209.0,9.29,2017-06-26,2026-10-09,1386.0,NO,2024-04-26,328200.0,896.0
DTEC,ETF,2206.0,8.78,2017-12-29,2026-10-09,7087.0,NO,2023-12-13,134500.0,1031.0
NTR,Stock,2205.0,8.77,2018-01-02,2026-10-09,4486743.0,NO,2022-03-07,11337400.0,1677.0
CUE,Stock,2205.0,8.77,2018-01-02,2026-10-09,394411.0,NO,2026-05-01,18924600.0,161.0
VICI,Stock,2205.0,8.77,2018-01-02,2026-10-09,8043030.0,NO,2022-06-07,198882200.0,1585.0
OMFL,ETF,2204.0,8.91,2017-11-10,2026-10-09,194301.0,NO,2024-10-08,6378000.0,731.0
FMHI,ETF,2204.0,8.93,2017-11-03,2026-10-09,692015.0,NO,2026-10-07,943300.0,2.0
IGEB,ETF,2202.0,9.24,2017-07-14,2026-10-09,135562.0,NO,2024-06-06,12454400.0,855.0
LBRT,Stock,2198.0,8.74,2018-01-11,2026-10-09,2339825.0,NO,2023-09-15,39848500.0,1120.0
BCD,ETF,2192.0,9.52,2017-03-31,2026-10-09,24697.0,NO,2023-02-14,1013700.0,1333.0
FITE,ETF,2192.0,8.78,2017-12-27,2026-10-09,3323.0,NO,2025-04-16,227300.0,541.0
LEGR,ETF,2189.0,8.7,2018-01-25,2026-10-09,417.0,NO,2023-05-26,325600.0,1232.0
YARW,Stock,2189.0,8.7,2018-01-25,2026-10-09,162192.0,NO,2025-12-17,5206904.0,296.0
MRBK,Stock,2189.0,8.92,2017-11-07,2026-10-09,39657.0,NO,2021-06-25,1436200.0,1932.0
FIDI,ETF,2189.0,8.7,2018-01-25,2026-10-09,19685.0,NO,2026-08-17,665500.0,53.0
GTES,Stock,2189.0,8.7,2018-01-25,2026-10-09,1219753.0,NO,2024-07-19,36627800.0,812.0
BLOK,ETF,2189.0,8.7,2018-01-25,2026-10-09,93331.0,NO,2021-02-16,3474500.0,2061.0
SHRY,ETF,2188.0,9.3,2017-06-22,2026-10-09,3.0,NO,2018-04-18,313500.0,3096.0
KARS,ETF,2187.0,8.7,2018-01-25,2026-10-09,10908.0,NO,2025-07-18,492900.0,448.0
TMFC,ETF,2186.0,8.69,2018-01-30,2026-10-09,46360.0,NO,2018-02-01,1085800.0,3172.0
SOXS,ETF,2186.0,9.33,2017-06-09,2026-10-09,71493135.0,NO,2026-06-09,138885730.0,122.0
FIVA,ETF,2184.0,8.7,2018-01-25,2026-10-09,79922.0,NO,2024-12-23,1200200.0,655.0
HNDL,ETF,2184.0,8.7,2018-01-25,2026-10-09,126902.0,NO,2022-01-18,2453900.0,1725.0
CAAP,Stock,2184.0,8.68,2018-02-01,2026-10-09,102781.0,NO,2020-12-01,18554400.0,2138.0
KURE,ETF,2182.0,8.68,2018-02-01,2026-10-09,95481.0,NO,2025-03-20,1821900.0,568.0
TBLL,ETF,2182.0,9.65,2017-02-13,2026-10-09,364088.0,NO,2026-03-13,4064900.0,210.0
SHYL,ETF,2181.0,8.74,2018-01-10,2026-10-09,12764.0,NO,2020-05-12,4716100.0,2341.0
VCTR,Stock,2179.0,8.67,2018-02-08,2026-10-09,586896.0,NO,2025-07-17,8797500.0,449.0
SLGL,Stock,2179.0,8.68,2018-02-01,2026-10-09,31468.0,NO,2024-12-23,1837620.0,655.0
ABLG,ETF,2179.0,9.25,2017-07-10,2026-10-09,628.0,NO,2025-03-17,2276500.0,571.0
WHD,Stock,2179.0,8.67,2018-02-08,2026-10-09,257501.0,NO,2024-06-21,15098500.0,840.0
EQIN,ETF,2176.0,10.22,2016-07-21,2026-10-09,23282.0,NO,2021-12-01,454100.0,1773.0
FRHC,Stock,2176.0,8.67,2018-02-07,2026-10-09,54143.0,NO,2023-02-16,3701600.0,1331.0
FLKR,ETF,2176.0,8.81,2017-12-18,2026-10-09,267630.0,NO,2024-07-25,4655000.0,806.0
INEQ,ETF,2175.0,10.22,2016-07-21,2026-10-09,10082.0,NO,2024-06-11,584500.0,850.0
VFMF,ETF,2174.0,8.65,2018-02-15,2026-10-09,98925.0,NO,2026-07-09,670700.0,92.0
VFMV,ETF,2174.0,8.65,2018-02-15,2026-10-09,20498.0,NO,2025-04-08,253800.0,549.0
VSDA,ETF,2173.0,9.48,2017-04-18,2026-10-09,9201.0,NO,2019-07-18,2986200.0,2640.0
VFVA,ETF,2173.0,8.65,2018-02-15,2026-10-09,12341.0,NO,2022-05-16,978300.0,1607.0
USAI,ETF,2171.0,8.82,2017-12-13,2026-10-09,19514.0,NO,2019-03-04,458900.0,2776.0
VFMO,ETF,2170.0,8.64,2018-02-16,2026-10-09,25866.0,NO,2025-08-25,248900.0,410.0
ISHP,ETF,2169.0,9.99,2016-10-11,2026-10-09,9.0,NO,2021-04-09,412700.0,2009.0
VFQY,ETF,2165.0,8.65,2018-02-15,2026-10-09,3199.0,NO,2025-01-15,190600.0,632.0
ROBT,ETF,2163.0,8.6,2018-03-05,2026-10-09,23776.0,NO,2025-10-08,518600.0,366.0
DINT,ETF,2163.0,8.6,2018-03-05,2026-10-09,82944.0,NO,2022-01-07,3169300.0,1736.0
FLIN,ETF,2158.0,8.67,2018-02-08,2026-10-09,316195.0,NO,2026-06-22,15456500.0,109.0
BWB,Stock,2156.0,8.57,2018-03-14,2026-10-09,45276.0,NO,2018-03-14,2694300.0,3131.0
FLEE,ETF,2155.0,8.81,2017-12-18,2026-10-09,69801.0,NO,2017-12-18,3257600.0,3217.0
RCUS,Stock,2155.0,8.57,2018-03-15,2026-10-09,795186.0,NO,2022-04-06,13084900.0,1647.0
ZS,Stock,2154.0,8.57,2018-03-16,2026-10-09,3789499.0,NO,2026-05-27,31831500.0,135.0
DBX,Stock,2149.0,8.55,2018-03-23,2026-10-09,2767523.0,NO,2018-03-23,56108700.0,3122.0
IETC,ETF,2149.0,8.55,2018-03-23,2026-10-09,15647.0,NO,2025-09-10,637800.0,394.0
HAIL,ETF,2148.0,8.78,2017-12-27,2026-10-09,2355.0,NO,2021-02-16,435900.0,2061.0
RDVT,Stock,2147.0,8.54,2018-03-27,2026-10-09,134748.0,NO,2018-05-15,2401400.0,3069.0
FLGB,ETF,2147.0,8.92,2017-11-06,2026-10-09,32554.0,NO,2021-10-26,11001600.0,1809.0
BILI,Stock,2146.0,8.53,2018-03-28,2026-10-09,2918455.0,NO,2022-04-11,36062400.0,1642.0
EQRR,ETF,2145.0,9.21,2017-07-25,2026-10-09,5569.0,NO,2026-06-10,470600.0,121.0
COGT,Stock,2145.0,8.53,2018-03-29,2026-10-09,2522126.0,NO,2022-06-10,106374200.0,1582.0
PPTY,ETF,2144.0,8.54,2018-03-27,2026-10-09,2483.0,NO,2024-10-01,1139200.0,738.0
GJR,Stock,2143.0,18.78,2007-12-27,2026-10-07,900.0,NO,2008-02-26,200200.0,6798.0
SPOT,Stock,2143.0,8.52,2018-04-03,2026-10-09,1320449.0,NO,2018-04-03,30526500.0,3111.0
KNG,ETF,2140.0,8.54,2018-03-27,2026-10-09,257878.0,NO,2026-04-23,1720700.0,169.0
CHGX,ETF,2140.0,9.0,2017-10-10,2026-10-09,5861.0,NO,2022-04-20,719263.0,1633.0
FERG,Stock,2138.0,16.75,2010-01-08,2026-10-09,940140.0,NO,2026-08-04,46181600.0,66.0
SPXT,ETF,2136.0,11.04,2015-09-24,2026-10-09,5652.0,NO,2026-04-30,239100.0,162.0
DRIV,ETF,2133.0,8.48,2018-04-17,2026-10-09,60164.0,NO,2021-01-19,4130100.0,2089.0
PULS,ETF,2132.0,8.5,2018-04-10,2026-10-09,2998897.0,NO,2026-06-05,15129900.0,126.0
FLCA,ETF,2131.0,8.92,2017-11-06,2026-10-09,27931.0,NO,2022-07-13,2946200.0,1549.0
UBOT,ETF,2131.0,8.47,2018-04-19,2026-10-09,7548.0,NO,2020-03-25,340900.0,2389.0
LRGE,ETF,2131.0,9.36,2017-05-31,2026-10-09,9525.0,NO,2020-05-08,3279700.0,2345.0
SDVY,ETF,2128.0,8.93,2017-11-03,2026-10-09,764186.0,NO,2025-04-07,8663000.0,550.0
BFST,Stock,2128.0,8.46,2018-04-23,2026-10-09,218389.0,NO,2018-06-22,1252300.0,3031.0
NVT,Stock,2128.0,8.46,2018-04-24,2026-10-09,1663265.0,NO,2018-05-01,40727700.0,3083.0
JMOM,ETF,2127.0,8.91,2017-11-09,2026-10-09,105989.0,NO,2019-09-05,1547700.0,2591.0
SIMS,ETF,2127.0,8.78,2017-12-27,2026-10-09,250.0,NO,2021-04-28,113400.0,1990.0
LASR,Stock,2126.0,8.45,2018-04-26,2026-10-09,621744.0,NO,2026-06-26,5746600.0,105.0
DOCU,Stock,2125.0,8.45,2018-04-27,2026-10-09,2249236.0,NO,2021-12-03,76138900.0,1771.0
PLTM,ETF,2125.0,8.67,2018-02-05,2026-10-09,77104.0,NO,2026-01-26,5253700.0,256.0
GSHD,Stock,2125.0,8.45,2018-04-27,2026-10-09,237739.0,NO,2023-08-31,4984800.0,1135.0
INSP,Stock,2121.0,8.44,2018-05-03,2026-10-09,867340.0,NO,2025-08-05,10973600.0,430.0
ROAD,Stock,2120.0,8.43,2018-05-04,2026-10-09,494033.0,NO,2026-07-21,8955200.0,80.0
QARP,ETF,2120.0,8.51,2018-04-05,2026-10-09,785.0,NO,2018-04-17,1764100.0,3097.0
AMRX,Stock,2119.0,8.42,2018-05-07,2026-10-09,1681244.0,NO,2019-12-12,48231900.0,2493.0
OBK,Stock,2117.0,8.42,2018-05-09,2026-10-09,167387.0,NO,2018-06-22,2217800.0,3031.0
TALO,Stock,2116.0,8.42,2018-05-10,2026-10-09,5091416.0,NO,2023-06-16,16103200.0,1211.0
EQH,Stock,2116.0,8.42,2018-05-10,2026-10-09,2203718.0,NO,2019-11-08,62014300.0,2527.0
HUT,Stock,2114.0,8.59,2018-03-08,2026-10-09,6362047.0,NO,2025-12-17,22652500.0,296.0
FFIU,ETF,2114.0,9.13,2017-08-21,2026-10-09,1801.0,NO,2017-08-21,609400.0,3336.0
VALQ,ETF,2113.0,8.73,2018-01-16,2026-10-09,1594.0,NO,2019-10-24,2276400.0,2542.0
QSIG,ETF,2112.0,10.45,2016-04-27,2026-10-09,8730.0,NO,2023-12-18,153500.0,1026.0
QIG,ETF,2112.0,10.45,2016-04-27,2026-10-08,200.0,NO,2022-08-22,589300.0,1508.0
AIQ,ETF,2112.0,8.4,2018-05-16,2026-10-09,680783.0,NO,2026-06-23,12367000.0,108.0
SRVR,ETF,2111.0,8.4,2018-05-16,2026-10-09,81570.0,NO,2021-07-12,7720800.0,1915.0
ESML,ETF,2110.0,8.4,2018-05-15,2026-10-09,192129.0,NO,2026-06-09,6691600.0,122.0
PFFA,ETF,2110.0,8.4,2018-05-16,2026-10-09,762404.0,NO,2026-06-11,2140300.0,120.0
KNGZ,ETF,2110.0,9.29,2017-06-26,2026-10-09,517.0,NO,2018-04-18,414500.0,3096.0
WH,Stock,2108.0,8.39,2018-05-21,2026-10-09,983075.0,NO,2023-10-17,5950100.0,1088.0
IFRA,ETF,2108.0,8.51,2018-04-05,2026-10-09,200697.0,NO,2025-02-27,18067000.0,589.0
KNSA,Stock,2105.0,8.38,2018-05-25,2026-10-09,430275.0,NO,2025-06-27,8685900.0,469.0
SRRK,Stock,2105.0,8.38,2018-05-25,2026-10-09,1258329.0,NO,2020-10-27,53359100.0,2173.0
OGIG,ETF,2099.0,8.34,2018-06-05,2026-10-09,9238.0,NO,2020-03-05,922900.0,2409.0
JPMB,ETF,2098.0,8.69,2018-01-31,2026-10-09,12208.0,NO,2023-08-01,9750800.0,1165.0
PY,ETF,2097.0,10.55,2016-03-22,2026-10-09,9292.0,NO,2025-02-18,2624600.0,598.0
RAAX,ETF,2096.0,8.5,2018-04-10,2026-10-09,324628.0,NO,2026-02-09,1751800.0,242.0
FLAU,ETF,2096.0,8.92,2017-11-06,2026-10-09,3068.0,NO,2026-07-08,1931500.0,93.0
OSW,Stock,2094.0,8.89,2017-11-17,2026-10-09,366570.0,NO,2026-02-09,18336900.0,242.0
JUST,ETF,2092.0,8.32,2018-06-14,2026-10-09,3021.0,NO,2019-03-07,1240100.0,2773.0
FDHY,ETF,2092.0,8.32,2018-06-14,2026-10-09,34076.0,NO,2026-03-30,543500.0,193.0
INDS,ETF,2092.0,8.4,2018-05-15,2026-10-09,4456.0,NO,2022-02-22,740747.0,1690.0
XLC,ETF,2089.0,8.31,2018-06-19,2026-10-09,5995002.0,NO,2025-04-09,23909100.0,548.0
FLDR,ETF,2089.0,8.31,2018-06-18,2026-10-09,160376.0,NO,2026-06-23,3607100.0,108.0
DNTH,Stock,2087.0,8.3,2018-06-21,2026-10-09,738864.0,NO,2025-09-08,5974200.0,396.0
IIIV,Stock,2087.0,8.3,2018-06-21,2026-10-09,313504.0,NO,2018-06-21,5136700.0,3032.0
EPRT,Stock,2087.0,8.3,2018-06-21,2026-10-09,1657026.0,NO,2019-10-10,16078700.0,2556.0
TECX,Stock,2086.0,8.3,2018-06-21,2026-10-09,110701.0,NO,2023-05-22,7131450.0,1236.0
FLAX,ETF,2084.0,8.67,2018-02-08,2026-10-09,1483.0,NO,2023-11-20,352300.0,1054.0
GLDM,ETF,2084.0,8.29,2018-06-26,2026-10-09,2396676.0,NO,2026-01-30,72714300.0,252.0
BBEU,ETF,2082.0,8.31,2018-06-18,2026-10-09,331523.0,NO,2022-05-31,26249500.0,1592.0
EVER,Stock,2082.0,8.28,2018-06-28,2026-10-09,447407.0,NO,2026-05-05,6856600.0,157.0
BJ,Stock,2082.0,8.28,2018-06-28,2026-10-09,2150809.0,NO,2020-05-21,25025200.0,2332.0
ARTY,ETF,2082.0,8.28,2018-06-28,2026-10-09,331135.0,NO,2026-03-12,3072000.0,211.0
BBJP,ETF,2081.0,8.31,2018-06-18,2026-10-09,1288003.0,NO,2018-07-12,11569200.0,3011.0
ACES,ETF,2079.0,8.28,2018-06-29,2026-10-09,4523.0,NO,2022-06-23,1543500.0,1569.0
DALI,ETF,2077.0,8.4,2018-05-15,2026-10-09,1608.0,NO,2020-03-26,2144500.0,2388.0
EFXT,Stock,2077.0,15.32,2011-06-13,2026-10-09,415394.0,NO,2024-04-10,4719300.0,912.0
BBRE,ETF,2077.0,8.31,2018-06-18,2026-10-09,12150.0,NO,2019-11-11,4935600.0,2524.0
UCON,ETF,2073.0,8.34,2018-06-05,2026-10-09,919765.0,NO,2025-04-04,4905200.0,553.0
DCTH,Stock,2071.0,8.44,2018-05-03,2026-10-09,190110.0,NO,2023-08-15,105160200.0,1151.0
FLMX,ETF,2070.0,8.92,2017-11-06,2026-10-09,8365.0,NO,2025-06-20,594700.0,476.0
FLQM,ETF,2068.0,9.45,2017-04-28,2026-10-09,47795.0,NO,2026-04-21,1885400.0,171.0
CCB,Stock,2068.0,8.22,2018-07-19,2026-10-09,215049.0,NO,2026-07-30,2056000.0,71.0
ESTA,Stock,2068.0,8.22,2018-07-19,2026-10-09,299660.0,NO,2023-11-08,10486500.0,1066.0
JVAL,ETF,2065.0,8.91,2017-11-09,2026-10-09,12952.0,NO,2021-05-28,7944700.0,1960.0
BE,Stock,2064.0,8.21,2018-07-25,2026-10-09,8443691.0,NO,2026-09-18,73471700.0,21.0
OSCV,ETF,2064.0,8.23,2018-07-18,2026-10-09,67525.0,NO,2024-10-21,1390900.0,718.0
TENB,Stock,2063.0,8.21,2018-07-26,2026-10-09,5088269.0,NO,2026-08-28,24005100.0,42.0
LQDA,Stock,2063.0,8.21,2018-07-26,2026-10-09,3571134.0,NO,2022-07-19,30246200.0,1543.0
PDD,Stock,2063.0,8.21,2018-07-26,2026-10-09,6810145.0,NO,2024-08-26,103174600.0,774.0
OPRA,Stock,2062.0,8.2,2018-07-27,2026-10-09,413745.0,NO,2024-06-10,10945500.0,851.0
FLTW,ETF,2062.0,8.81,2017-12-18,2026-10-09,136184.0,NO,2026-09-22,12337600.0,17.0
SONO,Stock,2058.0,8.19,2018-08-02,2026-10-09,1013320.0,NO,2020-11-19,44783200.0,2150.0
RNEM,ETF,2058.0,9.25,2017-07-10,2026-10-09,693.0,NO,2024-03-06,367700.0,947.0
HYGV,ETF,2057.0,8.23,2018-07-18,2026-10-09,124564.0,NO,2024-04-17,1933700.0,905.0
FCTR,ETF,2057.0,8.19,2018-08-02,2026-10-09,2567.0,NO,2022-01-21,1422900.0,1722.0
JQUA,ETF,2055.0,8.91,2017-11-09,2026-10-09,409945.0,NO,2026-03-03,6182600.0,220.0
AMAL,Stock,2053.0,8.17,2018-08-09,2026-10-09,171668.0,NO,2018-08-09,3584100.0,2983.0
MYFW,Stock,2053.0,8.22,2018-07-19,2026-10-09,35534.0,NO,2022-06-24,983600.0,1568.0
TH,Stock,2052.0,8.58,2018-03-12,2026-10-09,1042311.0,NO,2021-04-06,27016300.0,2012.0
RJET,Stock,2052.0,8.16,2018-08-10,2026-10-09,57741.0,NO,2024-01-19,4168380.0,994.0
BBCA,ETF,2052.0,8.16,2018-08-10,2026-10-09,391611.0,NO,2018-08-14,9491250.0,2978.0
PCB,Stock,2052.0,8.16,2018-08-10,2026-10-09,31387.0,NO,2021-06-25,1885500.0,1932.0
DRSK,ETF,2052.0,8.17,2018-08-09,2026-10-09,163258.0,NO,2024-09-19,2933600.0,750.0
EDRY,Stock,2051.0,8.36,2018-06-01,2026-10-09,63358.0,NO,2020-11-12,15683900.0,2157.0
BBAX,ETF,2051.0,8.16,2018-08-13,2026-10-09,283970.0,NO,2021-01-25,9010700.0,2083.0
AAAU,ETF,2049.0,8.15,2018-08-15,2026-10-09,739819.0,NO,2026-01-29,34357200.0,253.0
LOUP,ETF,2048.0,8.19,2018-08-02,2026-10-09,8930.0,NO,2018-08-22,187800.0,2970.0
VRT,Stock,2046.0,8.19,2018-08-02,2026-10-09,3419680.0,NO,2026-03-20,87826600.0,203.0
KGRN,ETF,2046.0,8.99,2017-10-13,2026-10-09,26454.0,NO,2023-04-06,587900.0,1282.0
FLQS,ETF,2046.0,9.45,2017-04-28,2026-10-09,1966.0,NO,2025-08-22,249000.0,413.0
BSCS,ETF,2045.0,8.17,2018-08-09,2026-10-09,466374.0,NO,2026-08-06,5205400.0,64.0
HMOP,ETF,2043.0,8.82,2017-12-14,2026-10-09,299878.0,NO,2020-06-15,1185700.0,2307.0
NTSX,ETF,2043.0,8.19,2018-08-02,2026-10-09,34762.0,NO,2020-05-21,2659900.0,2332.0
BSJQ,ETF,2039.0,8.17,2018-08-09,2026-10-09,240849.0,NO,2024-10-09,1636700.0,730.0
AUSF,ETF,2039.0,8.11,2018-08-28,2026-10-09,30362.0,NO,2025-02-07,1429100.0,609.0
FLSW,ETF,2038.0,8.67,2018-02-08,2026-10-09,8654.0,NO,2020-01-31,928000.0,2443.0
KORP,ETF,2037.0,8.73,2018-01-16,2026-10-09,56942.0,NO,2025-04-24,1002000.0,533.0
OCIO,ETF,2036.0,9.28,2017-06-29,2026-10-09,444.0,NO,2017-08-01,800200.0,3356.0
BNDW,ETF,2034.0,8.09,2018-09-06,2026-10-09,85169.0,NO,2024-12-16,1319600.0,662.0
PSET,ETF,2034.0,10.55,2016-03-22,2026-10-09,1567.0,NO,2021-04-06,547200.0,2012.0
QTUM,ETF,2033.0,8.09,2018-09-05,2026-10-09,225218.0,NO,2025-01-08,2103300.0,639.0
FTDR,Stock,2029.0,8.07,2018-09-13,2026-10-09,541408.0,NO,2022-07-05,17877100.0,1557.0
TRTY,ETF,2029.0,8.07,2018-09-12,2026-10-09,11487.0,NO,2026-08-06,4167200.0,64.0
MMIN,ETF,2027.0,8.97,2017-10-18,2026-10-09,197473.0,NO,2025-06-25,6398200.0,471.0
HTRB,ETF,2026.0,9.03,2017-09-28,2026-10-09,528120.0,NO,2026-01-20,6868300.0,262.0
GTX,Stock,2026.0,8.06,2018-09-17,2026-10-09,1249367.0,NO,2020-09-24,34688500.0,2206.0
BOUT,ETF,2026.0,8.07,2018-09-13,2026-10-09,1977.0,NO,2026-03-10,149200.0,213.0
ELAN,Stock,2024.0,8.05,2018-09-20,2026-10-09,2520305.0,NO,2025-08-29,71268800.0,406.0
ESGV,ETF,2024.0,8.05,2018-09-20,2026-10-09,136822.0,NO,2021-07-07,3142700.0,1920.0
VSGX,ETF,2024.0,8.05,2018-09-20,2026-10-09,136689.0,NO,2020-11-16,4306700.0,2153.0
CMDY,ETF,2023.0,8.51,2018-04-05,2026-10-09,57462.0,NO,2026-08-10,953700.0,60.0
JMBS,ETF,2022.0,8.07,2018-09-13,2026-10-09,1688464.0,NO,2023-11-28,15744800.0,1046.0
BSVN,Stock,2022.0,8.05,2018-09-20,2026-10-09,35763.0,NO,2018-09-20,1405000.0,2941.0
CBNK,Stock,2020.0,8.04,2018-09-26,2026-10-09,120072.0,NO,2018-09-26,987500.0,2935.0
IBDT,ETF,2019.0,8.05,2018-09-20,2026-10-09,707288.0,NO,2022-05-11,6995500.0,1612.0
FLGR,ETF,2018.0,8.92,2017-11-06,2026-10-09,6503.0,NO,2026-01-13,383000.0,269.0
QINT,ETF,2018.0,8.06,2018-09-18,2026-10-09,13038.0,NO,2019-10-24,1900900.0,2542.0
KOD,Stock,2014.0,8.01,2018-10-04,2026-10-09,1731645.0,NO,2026-09-28,38552000.0,11.0
LSAF,ETF,2014.0,8.02,2018-10-02,2026-10-09,1998.0,NO,2018-10-05,1148700.0,2926.0
GH,Stock,2014.0,8.01,2018-10-04,2026-10-09,1519912.0,NO,2026-06-26,18771300.0,105.0
ESTC,Stock,2013.0,8.01,2018-10-05,2026-10-09,1170779.0,NO,2023-12-01,12243800.0,1043.0
QGRO,ETF,2011.0,8.07,2018-09-12,2026-10-09,221159.0,NO,2019-10-24,2803900.0,2542.0
SIBN,Stock,2005.0,7.98,2018-10-17,2026-10-09,555906.0,NO,2018-10-17,4390000.0,2914.0
ESPO,ETF,2005.0,7.98,2018-10-17,2026-10-09,14881.0,NO,2020-08-07,795400.0,2254.0
VLYPO,Stock,2005.0,7.99,2018-10-11,2026-10-09,2286.0,NO,2019-02-01,594600.0,2807.0
DWMF,ETF,2005.0,8.16,2018-08-10,2026-10-09,2631.0,NO,2024-01-25,328000.0,988.0
ONLN,ETF,2004.0,7.98,2018-10-18,2026-10-09,3165.0,NO,2022-09-27,3136900.0,1473.0
QDIV,ETF,2002.0,8.23,2018-07-17,2026-10-09,459.0,NO,2023-07-25,240400.0,1172.0
SQLV,ETF,2002.0,9.24,2017-07-13,2026-10-09,2526.0,NO,2023-03-22,134200.0,1297.0
FLMB,ETF,2001.0,9.09,2017-09-05,2026-10-09,9714.0,NO,2025-04-23,608200.0,534.0
DVOL,ETF,2000.0,7.98,2018-10-18,2026-10-09,238.0,NO,2019-11-05,2045100.0,2530.0
YETI,Stock,1999.0,7.96,2018-10-25,2026-10-09,974275.0,NO,2021-01-20,18608800.0,2088.0
KOMP,ETF,1999.0,7.96,2018-10-23,2026-10-09,35787.0,NO,2020-02-13,5144200.0,2430.0
VLYPP,Stock,1999.0,7.99,2018-10-11,2026-10-09,2260.0,NO,2025-02-05,538100.0,611.0
REZI,Stock,1997.0,7.95,2018-10-29,2026-10-09,1556867.0,NO,2018-10-29,43724318.0,2902.0
OMFS,ETF,1996.0,8.91,2017-11-10,2026-10-09,94103.0,NO,2021-02-16,991100.0,2061.0
JMST,ETF,1995.0,7.96,2018-10-22,2026-10-09,1775428.0,NO,2026-01-16,21343200.0,266.0
TWST,Stock,1995.0,7.94,2018-10-31,2026-10-09,3538034.0,NO,2026-10-06,8557500.0,3.0
JHEM,ETF,1994.0,8.03,2018-09-28,2026-10-09,19392.0,NO,2019-02-19,6657600.0,2789.0
DSTL,ETF,1993.0,7.96,2018-10-24,2026-10-09,43357.0,NO,2025-02-25,1668200.0,591.0
DURA,ETF,1993.0,7.94,2018-10-31,2026-10-09,1583.0,NO,2023-10-04,418400.0,1101.0
PBAM,Stock,1992.0,14.61,2012-03-01,2026-10-09,74970.0,NO,2026-09-18,447700.0,21.0
TMFS,ETF,1992.0,7.93,2018-11-05,2026-10-09,9014.0,NO,2018-11-05,468700.0,2895.0
ACA,Stock,1992.0,7.93,2018-11-05,2026-10-09,423888.0,NO,2019-06-28,5586000.0,2660.0
WHLRD,Stock,1991.0,9.22,2017-07-21,2026-10-08,400.0,NO,2018-12-21,491400.0,2848.0
SWAN,ETF,1991.0,7.92,2018-11-06,2026-10-09,2530.0,NO,2020-10-14,2570500.0,2186.0
ROKT,ETF,1991.0,7.96,2018-10-23,2026-10-09,9477.0,NO,2026-07-31,287800.0,70.0
AMTB,Stock,1991.0,7.98,2018-10-18,2026-10-09,316212.0,NO,2019-06-28,2472300.0,2660.0
PAWZ,ETF,1988.0,7.92,2018-11-09,2026-10-09,732.0,NO,2020-10-26,343800.0,2174.0
EAGG,ETF,1988.0,7.96,2018-10-23,2026-10-09,595536.0,NO,2024-06-24,8839300.0,837.0
RSPC,ETF,1987.0,7.92,2018-11-07,2026-10-09,4247.0,NO,2023-03-09,2633900.0,1310.0
KNTK,Stock,1986.0,7.9,2018-11-13,2026-10-09,740121.0,NO,2020-11-05,24032800.0,2164.0
ETON,Stock,1986.0,7.9,2018-11-13,2026-10-09,370920.0,NO,2023-08-11,15757000.0,1155.0
CNRG,ETF,1983.0,7.96,2018-10-23,2026-10-09,11197.0,NO,2021-04-07,307700.0,2011.0
IGIC,Stock,1980.0,8.5,2018-04-10,2026-10-09,55974.0,NO,2019-10-11,7038300.0,2555.0
SPXN,ETF,1979.0,11.04,2015-09-24,2026-10-09,544.0,NO,2021-04-01,241200.0,2017.0
WLDR,ETF,1979.0,8.73,2018-01-17,2026-10-09,17917.0,NO,2026-09-14,544500.0,25.0
HYMC,Stock,1976.0,8.58,2018-03-12,2026-10-09,1594041.0,NO,2022-03-29,38618670.0,1655.0
GTIP,ETF,1976.0,7.98,2018-10-18,2026-10-09,13631.0,NO,2024-01-30,374000.0,983.0
WANT,ETF,1974.0,7.86,2018-11-29,2026-10-09,10250.0,NO,2022-05-25,459300.0,1598.0
FLHY,ETF,1972.0,8.32,2018-06-14,2026-10-09,280338.0,NO,2026-04-08,5518500.0,184.0
MOTG,ETF,1972.0,7.94,2018-10-31,2026-10-09,2188.0,NO,2022-09-29,262300.0,1471.0
NACP,ETF,1971.0,8.22,2018-07-19,2026-10-08,300.0,NO,2020-10-30,202800.0,2169.0
BGRN,ETF,1971.0,7.87,2018-11-27,2026-10-09,33306.0,NO,2022-05-10,772900.0,1613.0
MRNA,Stock,1970.0,7.84,2018-12-07,2026-10-09,28817183.0,NO,2026-08-19,199252300.0,51.0
EBIZ,ETF,1967.0,7.86,2018-11-30,2026-10-09,2566.0,NO,2024-12-26,574800.0,652.0
LEGH,Stock,1965.0,7.82,2018-12-14,2026-10-09,46449.0,NO,2018-12-14,2784200.0,2856.0
PBTP,ETF,1963.0,9.03,2017-09-28,2026-10-09,26005.0,NO,2026-08-18,3420000.0,52.0
TRPA,ETF,1962.0,8.36,2018-05-31,2026-10-09,18413.0,NO,2022-01-06,1099500.0,1737.0
DVLU,ETF,1962.0,7.98,2018-10-18,2026-10-09,3045.0,NO,2021-05-27,556600.0,1961.0
GMOM,ETF,1962.0,7.81,2018-12-19,2026-10-09,3335.0,NO,2026-05-01,2100800.0,161.0
GDMA,ETF,1960.0,7.9,2018-11-15,2026-10-09,3165.0,NO,2025-04-01,1202200.0,556.0
SDCI,ETF,1955.0,8.43,2018-05-04,2026-10-09,290398.0,NO,2025-04-29,2772100.0,528.0
PBUS,ETF,1954.0,9.04,2017-09-25,2026-10-09,83070.0,NO,2021-03-10,21668300.0,2039.0
FDNI,ETF,1953.0,7.92,2018-11-09,2026-10-09,4730.0,NO,2025-04-07,3002200.0,550.0
WOMN,ETF,1951.0,8.11,2018-08-30,2026-10-08,300.0,NO,2021-04-23,206500.0,1994.0
BBAG,ETF,1951.0,7.82,2018-12-14,2026-10-09,63066.0,NO,2023-06-23,6984200.0,1204.0
TIGO,Stock,1949.0,7.75,2019-01-09,2026-10-09,1402799.0,NO,2026-05-29,15237500.0,133.0
LDSF,ETF,1947.0,7.75,2019-01-09,2026-10-09,5677.0,NO,2024-05-06,1988900.0,886.0
HYDW,ETF,1942.0,8.69,2018-01-31,2026-10-09,3778.0,NO,2021-03-17,5502400.0,2032.0
HYUP,ETF,1941.0,8.74,2018-01-11,2026-10-09,3227.0,NO,2020-08-11,2951400.0,2250.0
FLJH,ETF,1939.0,8.92,2017-11-06,2026-10-09,10541.0,NO,2023-10-27,4593000.0,1078.0
FSMB,ETF,1937.0,7.87,2018-11-27,2026-10-09,222264.0,NO,2024-09-04,1984500.0,765.0
TAXF,ETF,1937.0,8.07,2018-09-12,2026-10-09,66811.0,NO,2022-11-08,559200.0,1431.0
PDX,Stock,1935.0,7.69,2019-01-30,2026-10-09,128494.0,NO,2025-01-13,3942800.0,634.0
MMIT,ETF,1932.0,8.97,2017-10-18,2026-10-09,1169754.0,NO,2026-05-26,7285700.0,136.0
ARKF,ETF,1932.0,7.68,2019-02-04,2026-10-09,97776.0,NO,2021-02-23,10620100.0,2054.0
TRMD,Stock,1928.0,8.62,2018-02-23,2026-10-09,1644105.0,NO,2026-09-15,8378300.0,24.0
YLDE,ETF,1928.0,9.37,2017-05-26,2026-10-09,8239.0,NO,2025-03-11,1004300.0,577.0
JMUB,ETF,1926.0,7.93,2018-11-05,2026-10-09,4591631.0,NO,2026-10-08,6625300.0,1.0
VRAI,ETF,1923.0,7.67,2019-02-08,2026-10-09,2124.0,NO,2020-03-26,5221200.0,2388.0
FUMB,ETF,1920.0,7.92,2018-11-08,2026-10-09,151215.0,NO,2022-05-10,2292700.0,1613.0
FSMD,ETF,1914.0,7.61,2019-02-28,2026-10-09,166956.0,NO,2025-04-09,3040400.0,548.0
UFOX,ETF,1912.0,7.6,2019-03-05,2026-10-09,13006.0,NO,2020-09-09,1203700.0,2221.0
FLLA,ETF,1912.0,7.99,2018-10-11,2026-10-09,11492.0,NO,2022-06-28,1541800.0,1564.0
AGNCM,Stock,1911.0,7.59,2019-03-06,2026-10-09,23201.0,NO,2019-04-25,850300.0,2724.0
SSPY,ETF,1911.0,7.76,2019-01-04,2026-10-09,373.0,NO,2020-01-08,1476100.0,2466.0
IUS,ETF,1909.0,8.07,2018-09-12,2026-10-09,32563.0,NO,2019-07-05,4305600.0,2653.0
FUTU,Stock,1909.0,7.59,2019-03-08,2026-10-09,1278850.0,NO,2026-05-22,61357700.0,140.0
IIGD,ETF,1909.0,7.96,2018-10-24,2026-10-09,5465.0,NO,2019-07-05,2023200.0,2653.0
ERO,Stock,1908.0,8.97,2017-10-20,2026-10-09,1522047.0,NO,2026-01-29,4622800.0,253.0
TANH,Stock,1908.0,11.55,2015-03-24,2026-10-09,69608.0,NO,2026-09-03,2163510.0,36.0
FOXA,Stock,1907.0,7.58,2019-03-12,2026-10-09,2334585.0,NO,2026-06-15,33618700.0,116.0
USSG,ETF,1906.0,7.59,2019-03-08,2026-10-09,4003.0,NO,2023-04-04,54547300.0,1284.0
FOX,Stock,1906.0,7.58,2019-03-13,2026-10-09,433779.0,NO,2021-12-17,13993200.0,1757.0
BBUS,ETF,1906.0,7.58,2019-03-13,2026-10-09,111867.0,NO,2023-06-23,3951600.0,1204.0
BPYPP,Stock,1905.0,7.57,2019-03-14,2026-10-09,5812.0,NO,2019-03-15,2741900.0,2765.0
FDEM,ETF,1903.0,7.61,2019-03-01,2026-10-09,1485652.0,NO,2026-05-26,2480500.0,136.0
MUST,ETF,1903.0,8.0,2018-10-10,2026-10-09,87976.0,NO,2026-09-15,1903600.0,24.0
HOMZ,ETF,1901.0,7.56,2019-03-20,2026-10-09,1176.0,NO,2021-09-20,138500.0,1845.0
DOW,Stock,1901.0,7.56,2019-03-20,2026-10-09,8410298.0,NO,2025-07-24,66003500.0,442.0
EMMF,ETF,1901.0,8.16,2018-08-10,2026-10-09,10312.0,NO,2024-01-31,621800.0,982.0
LEVI,Stock,1900.0,7.55,2019-03-21,2026-10-09,8694790.0,NO,2019-03-21,43433700.0,2759.0
LQDI,ETF,1899.0,8.4,2018-05-15,2026-10-09,9414.0,NO,2025-11-17,1425900.0,326.0
NETL,ETF,1899.0,7.55,2019-03-22,2026-10-09,3396.0,NO,2022-11-15,568500.0,1424.0
DYNF,ETF,1896.0,7.55,2019-03-21,2026-10-09,1815766.0,NO,2024-03-14,62457700.0,939.0
UMI,ETF,1896.0,8.86,2017-11-30,2026-10-09,28795.0,NO,2021-03-31,1223600.0,2018.0
LYFT,Stock,1894.0,7.53,2019-03-29,2026-10-09,7954309.0,NO,2023-02-10,146014600.0,1337.0
FDEV,ETF,1893.0,7.61,2019-03-01,2026-10-09,12777.0,NO,2026-06-17,384100.0,114.0
KRSA,Stock,1892.0,7.56,2019-03-18,2026-10-09,45915.0,NO,2026-04-01,37810614.0,191.0
SPXV,ETF,1891.0,11.04,2015-09-24,2026-10-09,530.0,NO,2021-04-01,603000.0,2017.0
IG,ETF,1890.0,8.47,2018-04-19,2026-10-09,67984.0,NO,2018-05-16,4000000.0,3068.0
TW,Stock,1890.0,7.52,2019-04-04,2026-10-09,973877.0,NO,2019-04-04,32661800.0,2745.0
ALC,Stock,1887.0,7.5,2019-04-09,2026-10-09,1276370.0,NO,2019-04-09,10608300.0,2740.0
FLBL,ETF,1887.0,8.36,2018-06-01,2026-10-09,99114.0,NO,2025-04-03,5794500.0,554.0
SFY,ETF,1885.0,7.5,2019-04-11,2026-10-09,10572.0,NO,2025-01-21,2873400.0,626.0
PD,Stock,1885.0,7.5,2019-04-11,2026-10-09,1550257.0,NO,2025-11-26,18750700.0,317.0
GNOM,ETF,1885.0,7.5,2019-04-10,2026-10-09,24274.0,NO,2023-10-26,2182525.0,1079.0
UFO,ETF,1885.0,7.5,2019-04-11,2026-10-09,168560.0,NO,2026-05-29,4061500.0,133.0
XLSR,ETF,1884.0,7.52,2019-04-03,2026-10-09,53335.0,NO,2023-10-13,920800.0,1092.0
PHYL,ETF,1882.0,8.03,2018-09-27,2026-10-09,553815.0,NO,2026-01-06,6399400.0,276.0
JCPB,ETF,1882.0,7.57,2019-03-14,2026-10-09,3093270.0,NO,2026-09-29,9354500.0,10.0
CLOU,ETF,1882.0,7.48,2019-04-16,2026-10-09,342087.0,NO,2026-08-10,4165900.0,60.0
PLMR,Stock,1881.0,7.48,2019-04-17,2026-10-09,106615.0,NO,2019-04-17,4341800.0,2732.0
PINS,Stock,1880.0,7.48,2019-04-18,2026-10-09,13204888.0,NO,2020-10-29,128101800.0,2171.0
FISR,ETF,1880.0,7.52,2019-04-03,2026-10-09,115326.0,NO,2025-08-11,4989300.0,424.0
ZM,Stock,1880.0,7.48,2019-04-18,2026-10-09,2361095.0,NO,2020-09-01,53226200.0,2229.0
IBMO,ETF,1878.0,7.52,2019-04-04,2026-10-09,607305.0,NO,2025-11-19,1467600.0,324.0
DMXU,ETF,1877.0,7.92,2018-11-08,2026-10-09,2592.0,NO,2023-05-30,151000.0,1228.0
TPHD,ETF,1872.0,7.44,2019-05-01,2026-10-09,29577.0,NO,2019-05-01,1745700.0,2718.0
TPLC,ETF,1872.0,7.44,2019-05-01,2026-10-09,8091.0,NO,2019-05-01,1675200.0,2718.0
RRBI,Stock,1870.0,7.44,2019-05-03,2026-10-09,45001.0,NO,2019-12-20,519900.0,2485.0
TMDX,Stock,1870.0,7.44,2019-05-02,2026-10-09,733651.0,NO,2024-10-29,11704800.0,710.0
PTIN,ETF,1869.0,7.43,2019-05-06,2026-10-09,12360.0,NO,2019-05-09,741800.0,2710.0
PSN,Stock,1867.0,7.42,2019-05-08,2026-10-09,1183493.0,NO,2019-05-08,14797300.0,2711.0
SPFI,Stock,1866.0,7.42,2019-05-09,2026-10-09,83988.0,NO,2019-05-09,1449800.0,2710.0
TRND,ETF,1866.0,7.43,2019-05-06,2026-10-09,3399.0,NO,2021-03-18,220500.0,2031.0
MEC,Stock,1866.0,7.42,2019-05-09,2026-10-09,201315.0,NO,2019-05-09,2814500.0,2710.0
QNCX,Stock,1866.0,7.42,2019-05-09,2026-10-09,138477.0,NO,2026-02-10,7967477.0,241.0
EMCS,ETF,1865.0,7.84,2018-12-06,2026-10-09,1751.0,NO,2025-07-30,7535500.0,436.0
UBER,Stock,1865.0,7.42,2019-05-10,2026-10-09,16530388.0,NO,2023-12-15,364261200.0,1029.0
FGCPP,Stock,1864.0,8.55,2018-03-22,2026-10-09,207.0,NO,2021-05-19,94600.0,1969.0
IDRV,ETF,1864.0,7.48,2019-04-18,2026-10-09,38958.0,NO,2026-09-15,5176300.0,24.0
IVOL,ETF,1863.0,7.41,2019-05-14,2026-10-09,100849.0,NO,2023-07-24,9529300.0,1173.0
PSTL,Stock,1862.0,7.4,2019-05-15,2026-10-09,128846.0,NO,2021-06-25,1854400.0,1932.0
SUSL,ETF,1862.0,7.42,2019-05-10,2026-10-09,3607.0,NO,2023-06-08,28474200.0,1219.0
ZIG,ETF,1862.0,7.4,2019-05-15,2026-10-09,355.0,NO,2021-09-07,194000.0,1858.0
FSLY,Stock,1860.0,7.4,2019-05-17,2026-10-09,15145871.0,NO,2026-02-12,116491700.0,239.0
AVTR,Stock,1860.0,7.4,2019-05-17,2026-10-09,4244050.0,NO,2024-07-25,117919700.0,806.0
IDYA,Stock,1856.0,7.38,2019-05-23,2026-10-09,698920.0,NO,2026-04-13,10039200.0,179.0
IBMP,ETF,1854.0,7.5,2019-04-11,2026-10-09,147237.0,NO,2022-12-09,526300.0,1400.0
KTB,Stock,1854.0,7.37,2019-05-28,2026-10-09,475420.0,NO,2020-05-29,15833400.0,2324.0
IBMQ,ETF,1854.0,7.48,2019-04-18,2026-10-09,164053.0,NO,2023-04-04,585800.0,1284.0
NERD,ETF,1849.0,7.35,2019-06-04,2026-10-09,770.0,NO,2021-02-23,238500.0,2054.0
LGOV,ETF,1849.0,7.71,2019-01-23,2026-10-09,162979.0,NO,2025-06-27,3317000.0,469.0
GSST,ETF,1849.0,7.48,2019-04-17,2026-10-09,141732.0,NO,2026-01-08,1895000.0,274.0
RVLV,Stock,1846.0,7.34,2019-06-07,2026-10-09,453199.0,NO,2019-06-07,18882300.0,2681.0
CRWD,Stock,1843.0,7.33,2019-06-12,2026-10-09,7041009.0,NO,2024-06-21,209024000.0,840.0
CHWY,Stock,1841.0,7.32,2019-06-14,2026-10-09,6424979.0,NO,2019-06-14,69671400.0,2674.0
FLNG,Stock,1840.0,7.31,2019-06-17,2026-10-09,260824.0,NO,2022-06-24,4063900.0,1568.0
FRDM,ETF,1840.0,7.32,2019-06-14,2026-10-09,308609.0,NO,2026-03-03,1209100.0,220.0
IHAK,ETF,1840.0,7.32,2019-06-14,2026-10-09,153826.0,NO,2023-04-11,1858800.0,1277.0
ETHE,ETF,1838.0,7.32,2019-06-14,2026-10-09,1293873.0,NO,2021-05-19,36683426.0,1969.0
SFYF,ETF,1838.0,7.42,2019-05-08,2026-10-09,4565.0,NO,2021-04-08,112900.0,2010.0
STOK,Stock,1838.0,7.31,2019-06-19,2026-10-09,704952.0,NO,2024-03-26,19469000.0,927.0
PSNL,Stock,1837.0,7.3,2019-06-20,2026-10-09,1835894.0,NO,2024-07-19,22803000.0,812.0
SW,Stock,1836.0,18.21,2008-07-25,2026-10-09,2494489.0,NO,2024-07-08,67456700.0,823.0
FLSA,ETF,1836.0,7.99,2018-10-11,2026-10-07,400.0,NO,2023-02-15,563400.0,1330.0
IDNA,ETF,1836.0,7.32,2019-06-14,2026-10-09,151518.0,NO,2026-09-30,577100.0,9.0
HTEC,ETF,1834.0,7.29,2019-06-25,2026-10-09,136400.0,NO,2026-10-02,528100.0,7.0
BSTZ,Stock,1833.0,7.29,2019-06-26,2026-10-09,130129.0,NO,2023-03-31,1979600.0,1288.0
ADPT,Stock,1832.0,7.29,2019-06-27,2026-10-09,1519482.0,NO,2025-05-02,15572000.0,525.0
BBIO,Stock,1832.0,7.29,2019-06-27,2026-10-09,1846398.0,NO,2023-07-17,47288900.0,1180.0
SNPE,ETF,1831.0,7.29,2019-06-26,2026-10-09,253306.0,NO,2019-09-24,2606200.0,2572.0
XPEL,Stock,1828.0,7.27,2019-07-02,2026-10-09,101044.0,NO,2022-02-14,4433700.0,1698.0
RMBI,Stock,1828.0,7.27,2019-07-02,2026-10-09,48121.0,NO,2019-07-02,2655000.0,2656.0
BBCB,ETF,1825.0,7.81,2018-12-17,2026-10-09,33710.0,NO,2018-12-19,494500.0,2851.0
OPER,ETF,1823.0,8.25,2018-07-11,2026-10-09,2989.0,NO,2023-11-30,306600.0,1044.0
ACIO,ETF,1822.0,7.25,2019-07-10,2026-10-09,113304.0,NO,2024-04-16,1388600.0,906.0
HTAB,ETF,1820.0,8.47,2018-04-19,2026-10-09,113856.0,NO,2026-08-31,2386100.0,39.0
HLAL,ETF,1820.0,7.23,2019-07-16,2026-10-09,33398.0,NO,2025-11-05,529700.0,338.0
MIRM,Stock,1818.0,7.23,2019-07-18,2026-10-09,1139676.0,NO,2019-12-16,8442800.0,2489.0
DBMF,ETF,1818.0,7.42,2019-05-08,2026-10-09,2158843.0,NO,2026-09-10,18237000.0,29.0
PBFS,Stock,1818.0,7.23,2019-07-18,2026-10-09,8083.0,NO,2019-07-18,2281300.0,2640.0
IFS,Stock,1816.0,7.23,2019-07-19,2026-10-09,228571.0,NO,2019-07-19,2450600.0,2639.0
CNBS,ETF,1815.0,7.21,2019-07-23,2026-10-09,1886.0,NO,2025-01-27,2730283.0,620.0
CSTL,Stock,1813.0,7.21,2019-07-25,2026-10-09,249077.0,NO,2023-07-07,12789100.0,1190.0
BCAL,Stock,1812.0,20.9,2005-11-14,2026-10-09,156643.0,NO,2026-01-28,1586500.0,254.0
VIST,Stock,1812.0,7.21,2019-07-26,2026-10-09,528653.0,NO,2025-10-27,8095000.0,347.0
EMCR,ETF,1810.0,7.84,2018-12-06,2026-10-09,1366.0,NO,2023-11-14,5904000.0,1060.0
KRUS,Stock,1808.0,7.19,2019-08-01,2026-10-09,158475.0,NO,2019-08-01,1854200.0,2626.0
DT,Stock,1808.0,7.19,2019-08-01,2026-10-09,8383751.0,NO,2026-02-27,31805900.0,224.0
IMVT,Stock,1808.0,7.3,2019-06-21,2026-10-09,1494823.0,NO,2023-09-26,35084900.0,1109.0
EWJV,ETF,1807.0,7.59,2019-03-07,2026-10-09,162485.0,NO,2024-04-02,1587400.0,920.0
QLV,ETF,1805.0,7.23,2019-07-16,2026-10-09,4399.0,NO,2020-07-20,835100.0,2272.0
FLEU,ETF,1803.0,8.92,2017-11-06,2026-10-09,2390.0,NO,2017-12-11,775000.0,3224.0
AMOM,ETF,1790.0,7.39,2019-05-21,2026-10-09,1234.0,NO,2021-04-14,278800.0,2004.0
FLMI,ETF,1787.0,9.07,2017-09-15,2026-10-09,2484962.0,NO,2026-09-30,4082800.0,9.0
WCLD,ETF,1783.0,7.09,2019-09-06,2026-10-09,703434.0,NO,2026-02-26,4204300.0,225.0
KHYB,ETF,1782.0,8.25,2018-07-09,2026-10-09,1610.0,NO,2022-01-11,187500.0,1732.0
VEGN,ETF,1781.0,7.08,2019-09-10,2026-10-09,12397.0,NO,2019-09-10,165900.0,2586.0
TXG,Stock,1779.0,7.07,2019-09-12,2026-10-09,3684561.0,NO,2025-06-27,17909500.0,469.0
NET,Stock,1778.0,7.07,2019-09-13,2026-10-09,2621605.0,NO,2019-09-13,35993700.0,2583.0
BSCT,ETF,1777.0,7.07,2019-09-13,2026-10-09,557219.0,NO,2026-10-06,4038800.0,3.0
FLUT,Stock,1776.0,17.63,2009-02-20,2026-10-09,2517299.0,NO,2026-02-27,21975500.0,224.0
FPXE,ETF,1776.0,7.97,2018-10-19,2026-10-09,119.0,NO,2021-02-09,105500.0,2068.0
MCBS,Stock,1775.0,7.09,2019-09-05,2026-10-09,65257.0,NO,2019-12-20,2003200.0,2485.0
NVST,Stock,1775.0,7.06,2019-09-18,2026-10-09,2357665.0,NO,2021-04-09,36578800.0,2009.0
AVEM,ETF,1774.0,7.06,2019-09-19,2026-10-09,2478148.0,NO,2025-05-12,12045200.0,515.0
IBDU,ETF,1774.0,7.06,2019-09-19,2026-10-09,3860713.0,NO,2026-08-21,6946200.0,49.0
DDOG,Stock,1774.0,7.06,2019-09-19,2026-10-09,3703089.0,NO,2025-07-08,86386000.0,458.0
FLCB,ETF,1771.0,7.06,2019-09-19,2026-10-09,1051290.0,NO,2022-06-17,13667800.0,1575.0
BUL,ETF,1770.0,7.43,2019-05-06,2026-10-09,2378.0,NO,2022-03-07,730300.0,1677.0
BSJR,ETF,1770.0,7.07,2019-09-13,2026-10-09,115692.0,NO,2026-10-02,1127600.0,7.0
AVDE,ETF,1769.0,7.04,2019-09-26,2026-10-09,864328.0,NO,2025-09-15,5173600.0,389.0
AVUS,ETF,1769.0,7.04,2019-09-26,2026-10-09,253902.0,NO,2026-06-10,2586300.0,121.0
AVUV,ETF,1769.0,7.04,2019-09-26,2026-10-09,1370867.0,NO,2025-04-04,5412600.0,553.0
AGNCO,Stock,1768.0,7.03,2019-09-27,2026-10-09,64985.0,NO,2019-09-27,6105500.0,2569.0
BWMX,Stock,1768.0,7.69,2019-01-29,2026-10-09,28668.0,NO,2022-02-11,1138400.0,1701.0
AVDV,ETF,1768.0,7.04,2019-09-26,2026-10-09,561488.0,NO,2024-10-31,4139500.0,708.0
DKNG,Stock,1767.0,7.21,2019-07-25,2026-10-09,9563074.0,NO,2022-01-26,90381900.0,1717.0
PNTG,Stock,1766.0,7.02,2019-10-01,2026-10-09,294124.0,NO,2023-03-17,6678500.0,1302.0
WWJD,ETF,1762.0,7.02,2019-10-02,2026-10-09,38804.0,NO,2024-04-02,1005800.0,920.0
LGH,ETF,1759.0,7.0,2019-10-10,2026-10-09,20087.0,NO,2021-08-02,789100.0,1894.0
QQH,ETF,1759.0,7.0,2019-10-10,2026-10-09,34735.0,NO,2019-10-14,774000.0,2552.0
BNTX,Stock,1759.0,7.0,2019-10-10,2026-10-09,1288850.0,NO,2020-07-23,15899700.0,2269.0
DRUP,ETF,1759.0,7.0,2019-10-07,2026-10-08,1400.0,NO,2020-07-21,549600.0,2270.0
SCHJ,ETF,1758.0,7.0,2019-10-11,2026-10-09,311162.0,NO,2022-01-27,4261200.0,1716.0
SCHI,ETF,1758.0,7.0,2019-10-11,2026-10-09,3385753.0,NO,2023-03-29,118639600.0,1290.0
HBT,Stock,1758.0,7.0,2019-10-11,2026-10-09,106780.0,NO,2019-10-11,3754600.0,2555.0
SCHQ,ETF,1757.0,7.0,2019-10-11,2026-10-09,1181662.0,NO,2026-05-20,6323400.0,142.0
OVL,ETF,1757.0,7.02,2019-10-01,2026-10-09,146461.0,NO,2023-01-23,2547600.0,1355.0
GOODN,Stock,1756.0,7.04,2019-09-26,2026-10-09,7628.0,NO,2019-09-26,938200.0,2570.0
FLIA,ETF,1754.0,8.36,2018-06-01,2026-10-09,29098.0,NO,2026-09-14,14243400.0,25.0
OVB,ETF,1754.0,7.02,2019-10-01,2026-10-09,10957.0,NO,2022-04-22,1916600.0,1631.0
ADAMM,Stock,1753.0,6.98,2019-10-18,2026-10-09,14031.0,NO,2020-03-24,1014400.0,2390.0
PTBD,ETF,1750.0,6.96,2019-10-23,2026-10-09,26307.0,NO,2022-04-29,2457300.0,1624.0
BWIN,Stock,1748.0,6.96,2019-10-24,2026-10-09,3392302.0,NO,2026-09-14,22670700.0,25.0
PGNY,Stock,1748.0,6.96,2019-10-25,2026-10-09,694541.0,NO,2024-09-20,19314500.0,749.0
DAO,Stock,1747.0,6.96,2019-10-25,2026-10-09,41720.0,NO,2021-07-26,4580900.0,1901.0
NUHY,ETF,1746.0,7.04,2019-09-26,2026-10-09,13515.0,NO,2019-12-16,967500.0,2489.0
AIO,Stock,1745.0,6.95,2019-10-29,2026-10-09,85099.0,NO,2019-10-29,1904000.0,2537.0
ONTO,Stock,1745.0,6.94,2019-10-30,2026-10-09,567170.0,NO,2023-10-17,9552200.0,1088.0
NTRSO,Stock,1744.0,6.94,2019-10-30,2026-10-09,26767.0,NO,2019-10-30,4336500.0,2536.0
BUG,ETF,1743.0,6.94,2019-11-01,2026-10-09,2656951.0,NO,2026-02-24,4956600.0,227.0
PEXL,ETF,1740.0,7.98,2018-10-18,2026-10-09,988.0,NO,2023-05-25,82400.0,1233.0
WEBL,ETF,1739.0,6.92,2019-11-07,2026-10-09,56893.0,NO,2022-12-13,8069100.0,1396.0
HIBL,ETF,1739.0,6.92,2019-11-07,2026-10-09,27632.0,NO,2024-12-04,2894000.0,674.0
HERO,ETF,1739.0,6.94,2019-10-31,2026-10-09,5819.0,NO,2021-01-14,2123100.0,2094.0
TDV,ETF,1739.0,6.92,2019-11-07,2026-10-09,6904.0,NO,2020-04-17,268700.0,2366.0
FCPI,ETF,1734.0,6.92,2019-11-07,2026-10-09,22856.0,NO,2022-06-03,452100.0,1589.0
ROMO,ETF,1733.0,6.93,2019-11-04,2026-10-09,2597.0,NO,2020-05-04,473700.0,2349.0
FPWR,ETF,1732.0,7.13,2019-08-21,2026-10-09,9593.0,NO,2024-06-14,136300.0,847.0
SITM,Stock,1730.0,6.89,2019-11-20,2026-10-09,384046.0,NO,2026-03-20,4028500.0,203.0
PINE,Stock,1728.0,6.88,2019-11-22,2026-10-09,212773.0,NO,2023-06-23,1786300.0,1204.0
GDLC,ETF,1727.0,6.88,2019-11-22,2026-10-09,14750.0,NO,2021-09-07,1315700.0,1858.0
GXDW,ETF,1724.0,6.93,2019-11-04,2026-10-09,152.0,NO,2023-01-26,297200.0,1352.0
MOTO,ETF,1724.0,6.9,2019-11-15,2026-10-09,193.0,NO,2024-10-02,34200.0,737.0
TPSC,ETF,1720.0,6.85,2019-12-03,2026-10-09,15537.0,NO,2023-08-08,829000.0,1158.0
NULC,ETF,1720.0,7.35,2019-06-04,2026-10-08,2200.0,NO,2019-06-04,423000.0,2683.0
URNM,ETF,1720.0,6.85,2019-12-04,2026-10-09,455868.0,NO,2026-05-26,3967600.0,136.0
TPIF,ETF,1720.0,6.85,2019-12-03,2026-10-09,16668.0,NO,2019-12-03,829300.0,2502.0
HIBS,ETF,1718.0,6.89,2019-11-18,2026-10-09,163314.0,NO,2026-03-03,2756370.0,220.0
XP,Stock,1716.0,6.83,2019-12-11,2026-10-09,11229521.0,NO,2024-08-30,69889700.0,770.0
BILL,Stock,1715.0,6.83,2019-12-12,2026-10-09,1046446.0,NO,2025-02-07,28463100.0,609.0
HIMS,Stock,1715.0,7.07,2019-09-13,2026-10-09,15946607.0,NO,2025-06-23,176087900.0,473.0
RPAR,ETF,1714.0,6.82,2019-12-13,2026-10-09,6675.0,NO,2022-12-15,17155900.0,1394.0
QLVD,ETF,1712.0,7.23,2019-07-16,2026-10-08,200.0,NO,2020-02-25,732800.0,2417.0
EMNT,ETF,1712.0,6.83,2019-12-12,2026-10-09,6206.0,NO,2022-12-08,256100.0,1401.0
SPUS,ETF,1711.0,6.81,2019-12-18,2026-10-09,170715.0,NO,2025-11-20,1765800.0,323.0
QQQH,ETF,1708.0,6.8,2019-12-20,2026-10-09,14721.0,NO,2021-12-15,679600.0,1759.0
MNPR,Stock,1708.0,6.81,2019-12-19,2026-10-09,135842.0,NO,2024-09-12,40971400.0,757.0
PFLD,ETF,1707.0,6.89,2019-11-20,2026-10-09,32743.0,NO,2023-04-27,898400.0,1261.0
BBIN,ETF,1706.0,6.83,2019-12-09,2026-10-09,34851.0,NO,2020-06-11,35556700.0,2311.0
AESR,ETF,1704.0,6.81,2019-12-17,2026-10-09,18361.0,NO,2026-06-23,4059600.0,108.0
MTGP,ETF,1703.0,6.84,2019-12-06,2026-10-09,4547.0,NO,2026-03-16,214100.0,207.0
SPSK,ETF,1703.0,6.77,2019-12-31,2026-10-09,114935.0,NO,2026-09-21,12402400.0,18.0
BSMQ,ETF,1695.0,7.04,2019-09-26,2026-10-09,22751.0,NO,2026-04-09,545300.0,183.0
TMDV,ETF,1694.0,6.92,2019-11-07,2026-10-07,100.0,NO,2022-03-29,40700.0,1653.0
TECB,ETF,1692.0,6.74,2020-01-13,2026-10-09,8541.0,NO,2020-06-03,3530100.0,2319.0
SSUS,ETF,1691.0,6.73,2020-01-17,2026-10-09,7793.0,NO,2023-11-13,1640000.0,1061.0
ABEQ,ETF,1688.0,6.71,2020-01-22,2026-10-09,1088.0,NO,2023-10-30,495800.0,1075.0
BKSY,Stock,1688.0,6.8,2019-12-20,2026-10-09,583360.0,NO,2022-05-25,19075850.0,1598.0
OVM,ETF,1687.0,7.02,2019-10-01,2026-10-09,3526.0,NO,2024-02-20,299000.0,962.0
DWAW,ETF,1684.0,6.78,2019-12-27,2026-10-09,199.0,NO,2019-12-27,1051100.0,2478.0
BMEZ,Stock,1684.0,6.69,2020-01-29,2026-10-09,223941.0,NO,2023-03-31,2630000.0,1288.0
ARQT,Stock,1682.0,6.69,2020-01-31,2026-10-09,1731364.0,NO,2023-12-18,45222900.0,1026.0
REYN,Stock,1682.0,6.69,2020-01-31,2026-10-09,966231.0,NO,2020-01-31,26201800.0,2443.0
AGNCP,Stock,1679.0,6.67,2020-02-05,2026-10-09,106646.0,NO,2020-02-05,7403400.0,2438.0
BEAM,Stock,1678.0,6.67,2020-02-06,2026-10-09,1798758.0,NO,2025-03-10,8844200.0,578.0
SDGR,Stock,1678.0,6.67,2020-02-06,2026-10-09,2076875.0,NO,2023-06-16,13271100.0,1211.0
ASTS,Stock,1677.0,6.94,2019-11-01,2026-10-09,54011382.0,NO,2024-05-29,109899300.0,863.0
NREF,Stock,1677.0,6.67,2020-02-07,2026-10-09,46277.0,NO,2020-02-07,1151000.0,2436.0
RVMD,Stock,1673.0,6.65,2020-02-13,2026-10-09,2210279.0,NO,2025-06-27,26439100.0,469.0
AWAY,ETF,1673.0,6.65,2020-02-13,2026-10-09,8860.0,NO,2021-07-06,1589600.0,1921.0
RAFE,ETF,1667.0,6.81,2019-12-19,2026-10-09,8611.0,NO,2024-11-18,454800.0,690.0
GFL,Stock,1661.0,6.6,2020-03-03,2026-10-09,2455603.0,NO,2026-06-26,18445000.0,105.0
LRNZ,ETF,1658.0,6.6,2020-03-02,2026-10-09,921.0,NO,2022-03-15,170500.0,1669.0
SEIX,ETF,1656.0,7.46,2019-04-25,2026-10-09,74927.0,NO,2026-09-16,1293700.0,23.0
FCNCP,Stock,1656.0,6.59,2020-03-06,2026-10-09,19030.0,NO,2020-03-06,1834700.0,2408.0
ELVN,Stock,1654.0,6.58,2020-03-12,2026-10-09,1002679.0,NO,2022-09-07,25749275.0,1493.0
BUYZ,ETF,1651.0,6.61,2020-02-27,2026-10-09,1062.0,NO,2024-03-06,133100.0,947.0
ADV,Stock,1651.0,6.75,2020-01-08,2026-10-09,36486.0,NO,2021-06-25,520216.0,1932.0
LDEM,ETF,1650.0,6.66,2020-02-12,2026-10-09,998.0,NO,2020-11-09,1448700.0,2160.0
OTIS,Stock,1649.0,6.56,2020-03-19,2026-10-09,3692504.0,NO,2020-04-03,22551600.0,2380.0
KEMX,ETF,1649.0,7.49,2019-04-12,2026-10-09,5986.0,NO,2022-05-25,479800.0,1598.0
CARR,Stock,1649.0,6.56,2020-03-19,2026-10-09,3575531.0,NO,2020-04-03,66934300.0,2380.0
NTRL,ETF,1648.0,6.67,2020-02-05,2026-10-09,994.0,NO,2026-03-30,520800.0,193.0
PRCH,Stock,1647.0,6.74,2020-01-13,2026-10-09,827285.0,NO,2025-02-26,31966500.0,590.0
HELX,ETF,1644.0,6.61,2020-02-27,2026-10-09,131015.0,NO,2021-10-04,147500.0,1831.0
OVS,ETF,1643.0,7.02,2019-10-01,2026-10-09,8114.0,NO,2026-05-12,150800.0,150.0
BIPC,Stock,1641.0,6.52,2020-03-31,2026-10-09,736869.0,NO,2020-06-26,6185550.0,2296.0
WUGI,ETF,1640.0,6.52,2020-03-31,2026-10-08,100.0,NO,2026-01-05,125900.0,276.0
FDG,ETF,1639.0,6.52,2020-04-02,2026-10-09,1885.0,NO,2020-06-04,1834800.0,2318.0
IQM,ETF,1639.0,6.61,2020-02-27,2026-10-09,1712.0,NO,2026-06-12,165400.0,119.0
FLV,ETF,1637.0,6.52,2020-04-02,2026-10-09,3365.0,NO,2020-06-04,1370200.0,2318.0
HYTR,ETF,1637.0,6.71,2020-01-22,2026-10-09,46929.0,NO,2024-12-19,1110200.0,659.0
BSMT,ETF,1634.0,7.04,2019-09-25,2026-10-09,85483.0,NO,2026-09-29,488500.0,10.0
SPHR,Stock,1634.0,6.5,2020-04-09,2026-10-09,729806.0,NO,2023-12-05,9793100.0,1039.0
OVF,ETF,1633.0,7.02,2019-10-01,2026-10-09,8899.0,NO,2024-12-11,106100.0,667.0
IBTH,ETF,1632.0,6.61,2020-02-28,2026-10-09,711364.0,NO,2025-10-22,6882600.0,352.0
CTEV,Stock,1632.0,6.52,2020-04-03,2026-10-09,126752.0,NO,2024-12-24,2112000.0,654.0
ECOW,ETF,1629.0,7.43,2019-05-06,2026-10-09,148215.0,NO,2026-05-28,365800.0,134.0
IQSU,ETF,1627.0,6.81,2019-12-17,2026-10-09,2763.0,NO,2020-10-08,2672600.0,2192.0
IBTJ,ETF,1625.0,6.61,2020-02-28,2026-10-09,401350.0,NO,2025-12-09,3297200.0,304.0
BKLC,ETF,1625.0,6.49,2020-04-14,2026-10-09,270010.0,NO,2023-02-01,49288500.0,1346.0
APG,Stock,1621.0,6.44,2020-04-29,2026-10-09,2082948.0,NO,2025-06-23,56418600.0,473.0
IBTG,ETF,1620.0,6.61,2020-02-28,2026-10-09,352689.0,NO,2025-12-17,3996900.0,296.0
BSMR,ETF,1619.0,7.04,2019-09-26,2026-10-09,146167.0,NO,2024-09-03,453800.0,766.0
REVS,ETF,1618.0,7.04,2019-09-25,2026-10-09,51242.0,NO,2025-12-05,1119500.0,308.0
LCR,ETF,1615.0,6.76,2020-01-06,2026-10-09,4492.0,NO,2022-10-17,453600.0,1453.0
BKAG,ETF,1615.0,6.46,2020-04-24,2026-10-09,142314.0,NO,2023-12-18,26214700.0,1026.0
BKHY,ETF,1614.0,6.46,2020-04-24,2026-10-09,6424.0,NO,2023-02-01,5328100.0,1346.0
BBMC,ETF,1613.0,6.48,2020-04-15,2026-10-09,6371.0,NO,2021-01-29,2291600.0,2079.0
ARB,ETF,1613.0,6.41,2020-05-11,2026-10-09,4129.0,NO,2022-02-03,1331800.0,1709.0
THNQ,ETF,1608.0,6.39,2020-05-18,2026-10-09,40148.0,NO,2024-05-30,1048800.0,862.0
ONBPP,Stock,1606.0,6.39,2020-05-18,2026-10-09,11471.0,NO,2020-09-30,263500.0,2200.0
JEPI,ETF,1605.0,6.38,2020-05-21,2026-10-09,3335798.0,NO,2025-04-04,15139200.0,553.0
BKMC,ETF,1605.0,6.49,2020-04-14,2026-10-09,12909.0,NO,2023-05-26,12303000.0,1232.0
RSI,Stock,1604.0,6.45,2020-04-27,2026-10-09,2672505.0,NO,2026-06-18,18868400.0,113.0
BKIE,ETF,1602.0,6.46,2020-04-24,2026-10-09,101205.0,NO,2023-02-01,11704500.0,1346.0
RECS,ETF,1601.0,7.04,2019-09-25,2026-10-09,386092.0,NO,2025-02-28,9333900.0,588.0
BKSE,ETF,1601.0,6.49,2020-04-13,2026-10-09,9447.0,NO,2023-02-01,2017800.0,1346.0
HSMV,ETF,1601.0,6.5,2020-04-08,2026-10-09,506.0,NO,2026-08-26,778700.0,44.0
IBTI,ETF,1600.0,6.61,2020-02-28,2026-10-09,741137.0,NO,2024-12-13,3116500.0,665.0
SGOV,ETF,1599.0,6.35,2020-06-01,2026-10-09,18087509.0,NO,2026-09-01,43943700.0,38.0
SIXH,ETF,1599.0,6.41,2020-05-11,2026-10-09,23591.0,NO,2020-05-11,1164800.0,2342.0
DWUS,ETF,1598.0,6.78,2019-12-27,2026-10-09,10.0,NO,2019-12-27,1049000.0,2478.0
IQSI,ETF,1598.0,6.81,2019-12-17,2026-10-07,100.0,NO,2020-05-12,2045500.0,2339.0
AFLG,ETF,1598.0,6.85,2019-12-04,2026-10-09,84558.0,NO,2024-12-30,1518400.0,648.0
JIG,ETF,1597.0,6.35,2020-06-01,2026-10-09,25642.0,NO,2025-09-25,1602200.0,379.0
WMG,Stock,1597.0,6.35,2020-06-03,2026-10-09,1721141.0,NO,2020-06-03,34950900.0,2319.0
BETZ,ETF,1596.0,6.35,2020-06-04,2026-10-09,4379.0,NO,2020-06-05,2948700.0,2317.0
LEGN,Stock,1595.0,6.34,2020-06-05,2026-10-09,1387403.0,NO,2026-06-02,14632600.0,129.0
FBCG,ETF,1595.0,6.34,2020-06-05,2026-10-09,771404.0,NO,2024-12-31,20180400.0,647.0
FFLC,ETF,1595.0,6.34,2020-06-05,2026-10-09,114347.0,NO,2024-09-05,778500.0,764.0
FBCV,ETF,1595.0,6.34,2020-06-05,2026-10-09,9967.0,NO,2026-02-04,684200.0,247.0
FOUR,Stock,1595.0,6.34,2020-06-05,2026-10-09,1676841.0,NO,2025-08-05,12672900.0,430.0
EMBD,ETF,1594.0,6.35,2020-06-03,2026-10-09,211541.0,NO,2026-03-03,1664400.0,220.0
SIXA,ETF,1593.0,6.41,2020-05-11,2026-10-09,19864.0,NO,2025-03-05,738300.0,583.0
PCVX,Stock,1590.0,6.32,2020-06-12,2026-10-09,4380939.0,NO,2026-10-05,14924000.0,4.0
BSMS,ETF,1590.0,7.04,2019-09-26,2026-10-09,160573.0,NO,2022-11-22,393400.0,1417.0
FLGV,ETF,1589.0,6.32,2020-06-12,2026-10-09,1241696.0,NO,2024-02-02,10035200.0,980.0
RPRX,Stock,1588.0,6.31,2020-06-16,2026-10-09,2691113.0,NO,2020-06-16,27619300.0,2306.0
QLVE,ETF,1586.0,7.23,2019-07-16,2026-10-07,100.0,NO,2024-03-25,326000.0,926.0
SIXS,ETF,1586.0,6.41,2020-05-11,2026-10-09,2857.0,NO,2020-05-12,149200.0,2341.0
MP,Stock,1584.0,6.3,2020-06-22,2026-10-09,4113787.0,NO,2025-07-10,86416200.0,456.0
IVT,Stock,1584.0,12.61,2014-02-27,2026-10-09,388603.0,NO,2026-06-18,12086200.0,113.0
ONBPO,Stock,1582.0,6.31,2020-06-19,2026-10-09,542.0,NO,2020-09-30,263500.0,2200.0
BNR,Stock,1581.0,6.32,2020-06-12,2026-10-09,7694.0,NO,2025-07-23,588700.0,443.0
ALTL,ETF,1581.0,6.29,2020-06-25,2026-10-09,9716.0,NO,2023-11-17,1118500.0,1057.0
IBDV,ETF,1580.0,6.29,2020-06-26,2026-10-09,2874525.0,NO,2025-12-19,5322700.0,294.0
THY,ETF,1580.0,6.29,2020-06-25,2026-10-09,69523.0,NO,2020-06-25,1664500.0,2297.0
GARP,ETF,1579.0,6.73,2020-01-16,2026-10-09,562189.0,NO,2025-10-15,4546400.0,359.0
PAMC,ETF,1579.0,6.29,2020-06-25,2026-10-09,1135.0,NO,2022-01-18,268600.0,1725.0
BKEM,ETF,1578.0,6.46,2020-04-24,2026-10-09,3232.0,NO,2025-07-21,3766200.0,445.0
LMND,Stock,1576.0,6.27,2020-07-02,2026-10-09,1261540.0,NO,2020-07-02,18371900.0,2290.0
PALC,ETF,1574.0,6.29,2020-06-25,2026-10-09,4960.0,NO,2022-02-01,920700.0,1711.0
EUSB,ETF,1573.0,6.27,2020-07-02,2026-10-09,33045.0,NO,2023-01-11,5497900.0,1367.0
USXF,ETF,1573.0,6.31,2020-06-18,2026-10-09,38552.0,NO,2025-05-20,3565900.0,507.0
NCNO,Stock,1569.0,6.24,2020-07-14,2026-10-09,1798206.0,NO,2025-04-02,20086400.0,555.0
RLAY,Stock,1567.0,6.23,2020-07-16,2026-10-09,1764492.0,NO,2024-09-09,19068500.0,760.0
ACLC,ETF,1566.0,6.23,2020-07-17,2026-10-09,6085.0,NO,2024-06-14,870100.0,847.0
HERD,ETF,1566.0,7.43,2019-05-07,2026-10-09,2431.0,NO,2024-06-27,556600.0,834.0
GSUS,ETF,1566.0,6.39,2020-05-19,2026-10-09,89972.0,NO,2020-06-09,4903100.0,2313.0
PFFV,ETF,1564.0,6.29,2020-06-25,2026-10-09,95735.0,NO,2022-06-21,3110200.0,1571.0
RISN,ETF,1564.0,6.23,2020-07-17,2026-10-09,5038.0,NO,2020-07-17,2471500.0,2275.0
DMXF,ETF,1563.0,6.31,2020-06-18,2026-10-09,24813.0,NO,2025-09-16,3053000.0,388.0
BEPC,Stock,1561.0,6.21,2020-07-24,2026-10-09,1420518.0,NO,2021-06-25,15446300.0,1932.0
NRIX,Stock,1561.0,6.21,2020-07-24,2026-10-09,1406259.0,NO,2026-06-08,21065100.0,123.0
ASGI,Stock,1558.0,6.2,2020-07-29,2026-10-09,149960.0,NO,2020-07-29,1742100.0,2263.0
HEAL,ETF,1557.0,6.19,2020-07-30,2026-10-09,2810.0,NO,2021-08-09,1622533.0,1887.0
SIXL,ETF,1557.0,6.41,2020-05-11,2026-10-08,2700.0,NO,2020-05-13,542600.0,2339.0
EFIV,ETF,1557.0,6.2,2020-07-29,2026-10-09,39799.0,NO,2025-05-02,6010300.0,525.0
MID,ETF,1556.0,6.2,2020-07-27,2026-10-09,513.0,NO,2026-01-26,97300.0,256.0
KRBN,ETF,1556.0,6.19,2020-07-31,2026-10-09,5889.0,NO,2022-03-01,4304000.0,1683.0
TCHP,ETF,1553.0,6.18,2020-08-05,2026-10-09,99786.0,NO,2026-03-16,2581200.0,207.0
TDVG,ETF,1553.0,6.18,2020-08-05,2026-10-09,36231.0,NO,2025-08-04,3278400.0,431.0
TGRW,ETF,1552.0,6.18,2020-08-05,2026-10-09,4079.0,NO,2025-07-25,11570100.0,441.0
TEQI,ETF,1552.0,6.18,2020-08-05,2026-10-09,3945.0,NO,2024-06-25,679100.0,836.0
IBEX,Stock,1551.0,6.17,2020-08-07,2026-10-09,67671.0,NO,2020-08-07,2677900.0,2254.0
DEED,ETF,1549.0,6.44,2020-04-30,2026-10-09,5532.0,NO,2021-10-19,979900.0,1816.0
NTST,Stock,1547.0,6.15,2020-08-13,2026-10-09,991631.0,NO,2026-06-26,21931900.0,105.0
BEKE,Stock,1547.0,6.15,2020-08-13,2026-10-09,10018609.0,NO,2022-03-16,118619000.0,1668.0
EQLT,ETF,1544.0,12.62,2014-02-25,2026-10-09,397.0,NO,2014-02-26,104900.0,4608.0
IRON,Stock,1544.0,6.16,2020-08-12,2026-10-09,675132.0,NO,2024-04-01,6219200.0,921.0
HRMY,Stock,1543.0,6.14,2020-08-19,2026-10-09,487112.0,NO,2023-03-28,12383000.0,1291.0
AFGR,ETF,1543.0,6.21,2020-07-22,2026-10-09,5886.0,NO,2021-06-24,578500.0,1933.0
MIR,Stock,1542.0,6.14,2020-08-20,2026-10-09,6986292.0,NO,2025-09-08,36367300.0,396.0
KYMR,Stock,1541.0,6.13,2020-08-21,2026-10-09,1305178.0,NO,2025-12-08,7495500.0,305.0
AOUT,Stock,1541.0,6.13,2020-08-21,2026-10-09,84770.0,NO,2026-09-04,4431500.0,35.0
ELE,Stock,1540.0,6.18,2020-08-04,2026-10-09,287040.0,NO,2026-06-26,5214700.0,105.0
SPYC,ETF,1531.0,6.09,2020-09-04,2026-10-09,1091.0,NO,2022-10-25,977100.0,1445.0
TNGX,Stock,1529.0,6.1,2020-09-03,2026-10-09,3098811.0,NO,2023-08-09,74897800.0,1157.0
SPD,ETF,1529.0,6.09,2020-09-04,2026-10-09,11089.0,NO,2022-11-10,1405400.0,1429.0
KWT,ETF,1527.0,6.1,2020-09-03,2026-10-09,2134.0,NO,2025-03-25,727700.0,563.0
MRSK,ETF,1527.0,6.29,2020-06-25,2026-10-09,15892.0,NO,2025-04-04,1400700.0,553.0
FLSP,ETF,1527.0,6.8,2019-12-23,2026-10-09,186893.0,NO,2020-02-11,1778100.0,2432.0
MKTW,Stock,1526.0,6.07,2020-09-14,2026-10-09,6465.0,NO,2021-03-02,681375.0,2047.0
SNOW,Stock,1524.0,6.06,2020-09-16,2026-10-09,8022555.0,NO,2024-11-21,55121600.0,687.0
FROG,Stock,1524.0,6.06,2020-09-16,2026-10-09,1125305.0,NO,2026-06-26,26093700.0,105.0
STEP,Stock,1524.0,6.06,2020-09-16,2026-10-09,417138.0,NO,2024-06-21,10352500.0,840.0
TDSC,ETF,1523.0,6.06,2020-09-17,2026-10-09,3558.0,NO,2020-09-17,20271700.0,2213.0
GCOR,ETF,1523.0,6.06,2020-09-17,2026-10-09,377480.0,NO,2025-04-23,4104700.0,534.0
BNL,Stock,1523.0,6.06,2020-09-17,2026-10-09,1573595.0,NO,2026-04-08,33401600.0,184.0
DYN,Stock,1523.0,6.06,2020-09-17,2026-10-09,3565833.0,NO,2024-01-03,20936900.0,1010.0
TDSB,ETF,1523.0,6.06,2020-09-17,2026-10-09,3041.0,NO,2020-09-17,12118300.0,2213.0
U,Stock,1522.0,6.06,2020-09-18,2026-10-09,5743312.0,NO,2026-02-11,104917400.0,240.0
FLRG,ETF,1522.0,6.06,2020-09-18,2026-10-09,27575.0,NO,2024-09-23,1128900.0,746.0
BSY,Stock,1519.0,6.04,2020-09-23,2026-10-09,1589328.0,NO,2025-10-03,22864700.0,371.0
VCEB,ETF,1518.0,6.04,2020-09-24,2026-10-09,75466.0,NO,2026-03-10,3704500.0,213.0
VNT,Stock,1517.0,6.04,2020-09-24,2026-10-09,895825.0,NO,2021-03-19,30134800.0,2030.0
GLSI,Stock,1517.0,6.04,2020-09-25,2026-10-09,119351.0,NO,2020-12-09,19193200.0,2130.0
AIRTP,Stock,1516.0,7.32,2019-06-13,2026-10-09,3018.0,NO,2021-06-23,159500.0,1934.0
XJR,ETF,1514.0,6.04,2020-09-25,2026-10-09,13036.0,NO,2021-01-27,122700.0,2081.0
PLTR,Stock,1514.0,6.02,2020-09-30,2026-10-09,37389859.0,NO,2024-09-20,450290500.0,749.0
MSTB,ETF,1514.0,6.02,2020-09-30,2026-10-09,3559.0,NO,2022-01-24,3225800.0,1719.0
XVV,ETF,1514.0,6.04,2020-09-25,2026-10-09,7452.0,NO,2022-02-09,4635600.0,1703.0
GOVZ,ETF,1513.0,6.04,2020-09-25,2026-10-09,672734.0,NO,2021-05-28,5557475.0,1960.0
BLDG,ETF,1513.0,6.04,2020-09-24,2026-10-09,429.0,NO,2026-06-08,1028900.0,123.0
BSCU,ETF,1513.0,6.06,2020-09-18,2026-10-09,1064106.0,NO,2024-12-27,3376400.0,651.0
XJH,ETF,1513.0,6.04,2020-09-25,2026-10-09,37217.0,NO,2024-02-29,546900.0,953.0
IMNM,Stock,1512.0,6.02,2020-10-02,2026-10-09,997784.0,NO,2021-07-20,21212700.0,1907.0
ASO,Stock,1512.0,6.02,2020-10-02,2026-10-09,1432040.0,NO,2022-03-15,23329400.0,1669.0
ARCM,ETF,1508.0,9.52,2017-03-31,2026-10-08,700.0,NO,2017-04-20,200000.0,3458.0
SPRB,Stock,1507.0,6.0,2020-10-09,2026-10-09,83584.0,NO,2025-10-06,24947100.0,368.0
QQQJ,ETF,1505.0,5.99,2020-10-13,2026-10-09,84291.0,NO,2021-03-04,2226500.0,2045.0
QQQM,ETF,1505.0,5.99,2020-10-13,2026-10-09,1617277.0,NO,2025-11-20,12592000.0,323.0
AFSM,ETF,1504.0,6.85,2019-12-04,2026-10-09,17974.0,NO,2025-12-09,395400.0,304.0
EBC,Stock,1503.0,5.98,2020-10-15,2026-10-09,3648356.0,NO,2020-10-15,39485500.0,2185.0
TARS,Stock,1502.0,5.98,2020-10-16,2026-10-09,448636.0,NO,2024-10-29,3175500.0,710.0
PRAX,Stock,1502.0,5.98,2020-10-16,2026-10-09,517225.0,NO,2025-10-16,13741900.0,358.0
HCRB,ETF,1502.0,6.63,2020-02-20,2026-10-09,23267.0,NO,2021-07-14,2634300.0,1913.0
AAA,ETF,1501.0,6.08,2020-09-09,2026-10-09,146251.0,NO,2026-08-11,803900.0,59.0
LANDO,Stock,1501.0,5.97,2020-10-19,2026-10-09,13307.0,NO,2020-10-30,702200.0,2170.0
JAAA,ETF,1501.0,5.97,2020-10-19,2026-10-09,9883696.0,NO,2025-04-04,22488900.0,553.0
HYBB,ETF,1499.0,6.0,2020-10-08,2026-10-09,22103.0,NO,2025-04-16,6085100.0,541.0
OUST,Stock,1499.0,6.0,2020-10-09,2026-10-09,1256322.0,NO,2025-06-11,17407500.0,485.0
AVIG,ETF,1498.0,5.98,2020-10-15,2026-10-09,325902.0,NO,2026-10-05,3381800.0,4.0
FULTP,Stock,1497.0,5.96,2020-10-23,2026-10-09,20159.0,NO,2020-10-23,1180000.0,2177.0
LSAT,ETF,1494.0,5.95,2020-10-27,2026-10-09,942.0,NO,2020-10-29,1873400.0,2171.0
PTA,Stock,1494.0,5.95,2020-10-28,2026-10-09,220164.0,NO,2020-10-28,2396100.0,2172.0
CRC,Stock,1494.0,5.95,2020-10-28,2026-10-09,639406.0,NO,2023-06-16,17635200.0,1211.0
BDSX,Stock,1494.0,5.95,2020-10-28,2026-10-09,46731.0,NO,2026-01-12,75528700.0,270.0
ROOT,Stock,1494.0,5.95,2020-10-28,2026-10-09,127058.0,NO,2024-10-31,13509200.0,708.0
CTEC,ETF,1493.0,5.94,2020-10-29,2026-10-09,1223.0,NO,2025-04-01,209720.0,556.0
DMRA,Stock,1493.0,5.94,2020-10-29,2026-10-09,368713.0,NO,2025-10-07,77432200.0,367.0
ALGM,Stock,1493.0,5.94,2020-10-29,2026-10-09,2550674.0,NO,2024-09-20,19368900.0,749.0
SVAL,ETF,1493.0,5.94,2020-10-29,2026-10-09,53579.0,NO,2026-01-12,2713700.0,270.0
DTCR,ETF,1493.0,5.94,2020-10-29,2026-10-09,609411.0,NO,2026-07-02,9154000.0,99.0
ACVF,ETF,1493.0,5.94,2020-10-29,2026-10-09,9586.0,NO,2021-08-24,142800.0,1872.0
RDFI,ETF,1490.0,5.97,2020-10-21,2026-10-09,57514.0,NO,2021-08-31,303500.0,1865.0
EMXF,ETF,1490.0,5.99,2020-10-13,2026-10-09,4128.0,NO,2024-02-20,540600.0,962.0
SPUC,ETF,1488.0,6.09,2020-09-04,2026-10-09,37883.0,NO,2026-07-23,3129600.0,78.0
AVSF,ETF,1487.0,5.98,2020-10-15,2026-10-09,25903.0,NO,2026-04-06,2062800.0,186.0
ANEW,ETF,1486.0,5.97,2020-10-16,2026-10-07,100.0,NO,2021-01-25,99500.0,2081.0
GINN,ETF,1486.0,5.91,2020-11-09,2026-10-09,2367.0,NO,2024-09-26,1532200.0,743.0
AFMC,ETF,1484.0,6.85,2019-12-04,2026-10-09,109412.0,NO,2024-07-31,625700.0,800.0
WGS,Stock,1483.0,5.93,2020-11-04,2026-10-09,404689.0,NO,2026-05-05,11259700.0,157.0
BSJS,ETF,1483.0,6.06,2020-09-16,2026-10-09,78202.0,NO,2026-03-03,824900.0,220.0
JOET,ETF,1478.0,5.89,2020-11-19,2026-10-09,10736.0,NO,2020-11-19,734700.0,2150.0
DFAU,ETF,1478.0,5.89,2020-11-19,2026-10-09,374958.0,NO,2025-04-04,4309700.0,553.0
DFAI,ETF,1478.0,5.89,2020-11-19,2026-10-09,3222516.0,NO,2026-02-25,17106300.0,226.0
SHC,Stock,1477.0,5.88,2020-11-20,2026-10-09,1595050.0,NO,2023-01-10,49454100.0,1368.0
BMED,ETF,1477.0,6.02,2020-10-02,2026-10-08,3100.0,NO,2021-12-06,113100.0,1767.0
GSID,ETF,1476.0,6.39,2020-05-19,2026-10-09,34146.0,NO,2026-03-10,1729400.0,213.0
RKLB,Stock,1475.0,5.87,2020-11-24,2026-10-09,14852656.0,NO,2024-11-13,121001300.0,695.0
PWP,Stock,1475.0,5.87,2020-11-24,2026-10-09,1256237.0,NO,2026-09-29,12441200.0,10.0
SDHY,Stock,1474.0,5.87,2020-11-25,2026-10-09,67897.0,NO,2020-11-25,1852100.0,2144.0
IBHF,ETF,1472.0,5.89,2020-11-18,2026-10-09,142806.0,NO,2025-12-19,1583800.0,294.0
CNXC,Stock,1472.0,5.87,2020-11-24,2026-10-09,1022021.0,NO,2026-06-18,9527900.0,113.0
KVLE,ETF,1469.0,5.87,2020-11-24,2026-10-09,578.0,NO,2025-04-08,754300.0,549.0
DFAE,ETF,1469.0,5.85,2020-12-03,2026-10-09,772753.0,NO,2022-09-26,5178000.0,1474.0
DCBO,Stock,1469.0,5.85,2020-12-03,2026-10-09,31800.0,NO,2025-05-09,954700.0,518.0
MGMT,ETF,1467.0,5.84,2020-12-07,2026-10-09,885.0,NO,2025-08-04,346800.0,431.0
ROIV,Stock,1466.0,5.83,2020-12-08,2026-10-09,5533056.0,NO,2024-03-28,65648400.0,925.0
BBSC,ETF,1466.0,5.85,2020-12-02,2026-10-09,963.0,NO,2024-02-26,2526300.0,956.0
PUBM,Stock,1465.0,5.83,2020-12-09,2026-10-09,461308.0,NO,2021-11-10,11276500.0,1794.0
DASH,Stock,1465.0,5.83,2020-12-09,2026-10-09,2332220.0,NO,2025-03-21,73637400.0,567.0
JSTC,ETF,1464.0,5.83,2020-12-10,2026-10-09,3813.0,NO,2025-06-13,482300.0,483.0
GLRY,ETF,1464.0,5.83,2020-12-09,2026-10-09,15083.0,NO,2022-11-10,742600.0,1429.0
ABNB,Stock,1464.0,5.83,2020-12-10,2026-10-09,2035485.0,NO,2023-09-15,74788500.0,1120.0
BITW,ETF,1464.0,5.83,2020-12-10,2026-10-09,17986.0,NO,2024-01-18,2503000.0,995.0
ABOT,ETF,1463.0,5.83,2020-12-08,2026-10-07,100.0,NO,2020-12-10,3397200.0,2127.0
ABXB,ETF,1463.0,5.83,2020-12-08,2026-10-08,200.0,NO,2020-12-10,3013500.0,2128.0
AVMU,ETF,1460.0,5.83,2020-12-10,2026-10-09,62866.0,NO,2025-04-09,779200.0,548.0
UPST,Stock,1460.0,5.81,2020-12-16,2026-10-09,2682960.0,NO,2022-05-10,68822500.0,1613.0
DSTX,ETF,1460.0,5.82,2020-12-15,2026-10-09,6042.0,NO,2022-10-06,413300.0,1464.0
SPCK,ETF,1459.0,5.81,2020-12-16,2026-10-09,521.0,NO,2021-01-25,1480700.0,2083.0
PIFI,ETF,1457.0,6.02,2020-10-02,2026-10-08,4800.0,NO,2022-01-05,356900.0,1737.0
HEGD,ETF,1455.0,5.79,2020-12-23,2026-10-09,39896.0,NO,2023-08-30,2733600.0,1136.0
LBAY,ETF,1455.0,5.89,2020-11-17,2026-10-08,700.0,NO,2022-02-25,806800.0,1686.0
TFJL,ETF,1451.0,6.11,2020-08-31,2026-10-09,47178.0,NO,2024-11-14,2048600.0,694.0
SPRE,ETF,1451.0,5.77,2020-12-30,2026-10-09,62193.0,NO,2026-05-20,685500.0,142.0
GSPY,ETF,1451.0,5.78,2020-12-29,2026-10-09,533.0,NO,2021-12-13,6500100.0,1761.0
IONQ,Stock,1449.0,5.76,2021-01-04,2026-10-09,13151483.0,NO,2025-01-08,128343800.0,639.0
QPX,ETF,1449.0,5.78,2020-12-29,2026-10-09,802.0,NO,2023-03-22,735600.0,1297.0
SOFI,Stock,1449.0,5.76,2021-01-04,2026-10-09,29112956.0,NO,2024-01-29,286380900.0,984.0
WFRD,Stock,1449.0,5.76,2021-01-04,2026-10-09,611303.0,NO,2023-09-15,13812900.0,1120.0
CHTRP,Stock,1448.0,5.8,2020-12-22,2026-10-09,19045.0,NO,2025-01-27,229500.0,620.0
CGEM,Stock,1445.0,5.75,2021-01-08,2026-10-09,566369.0,NO,2022-05-12,14668600.0,1611.0
REAX,Stock,1445.0,5.75,2021-01-08,2026-10-09,535411.0,NO,2026-08-24,2076870.0,46.0
HIPO,Stock,1444.0,5.74,2021-01-11,2026-10-09,131114.0,NO,2025-06-12,1411200.0,484.0
PSFF,ETF,1444.0,5.77,2020-12-30,2026-10-09,52321.0,NO,2024-11-20,883100.0,688.0
INFL,ETF,1443.0,5.74,2021-01-12,2026-10-09,53225.0,NO,2022-02-28,3708300.0,1684.0
ONOF,ETF,1442.0,5.74,2021-01-13,2026-10-09,2416.0,NO,2022-03-21,759200.0,1663.0
AFRM,Stock,1442.0,5.74,2021-01-13,2026-10-09,5475238.0,NO,2022-02-10,86940400.0,1702.0
SRZN,Stock,1440.0,5.74,2021-01-11,2026-10-09,781259.0,NO,2026-09-24,11527000.0,15.0
DIVY,ETF,1438.0,5.75,2021-01-08,2026-10-09,4269.0,NO,2024-02-14,44000.0,968.0
GRND,Stock,1435.0,5.73,2021-01-14,2026-10-09,1225790.0,NO,2025-10-24,11484300.0,350.0
GSEE,ETF,1434.0,6.39,2020-05-19,2026-10-09,438.0,NO,2023-11-29,1585300.0,1045.0
DEMZ,ETF,1433.0,5.93,2020-11-04,2026-10-09,388.0,NO,2023-12-13,89600.0,1031.0
WCBR,ETF,1432.0,5.69,2021-01-28,2026-10-09,111961.0,NO,2026-01-27,908500.0,255.0
DIVZ,ETF,1432.0,5.69,2021-01-28,2026-10-09,15204.0,NO,2024-05-02,823300.0,890.0
ZIM,Stock,1432.0,5.69,2021-01-28,2026-10-09,821659.0,NO,2026-02-17,39624500.0,234.0
TRIN,Stock,1431.0,5.69,2021-01-29,2026-10-09,777207.0,NO,2026-08-05,3446400.0,65.0
RYM,Stock,1431.0,5.69,2021-01-28,2026-10-09,22516.0,NO,2024-11-05,21302400.0,703.0
TMAT,ETF,1431.0,5.69,2021-01-29,2026-10-09,13958.0,NO,2021-03-02,1099900.0,2047.0
ISWN,ETF,1431.0,5.7,2021-01-26,2026-10-09,569.0,NO,2021-01-26,1069800.0,2082.0
PQDI,ETF,1431.0,6.31,2020-06-17,2026-10-09,77514.0,NO,2025-04-14,1082900.0,543.0
WAFDP,Stock,1429.0,5.68,2021-02-02,2026-10-09,13811.0,NO,2021-02-02,1814300.0,2075.0
KSTR,ETF,1429.0,5.68,2021-02-01,2026-10-09,520712.0,NO,2026-02-05,4388000.0,246.0
HBANP,Stock,1429.0,5.68,2021-02-02,2026-10-09,53570.0,NO,2021-02-02,5066400.0,2075.0
FFLG,ETF,1427.0,5.68,2021-02-04,2026-10-09,100870.0,NO,2023-01-10,2558700.0,1368.0
FPRO,ETF,1427.0,5.68,2021-02-04,2026-10-09,5565.0,NO,2021-06-10,98900.0,1947.0
FFSM,ETF,1427.0,5.68,2021-02-04,2026-10-09,495040.0,NO,2025-01-06,6187500.0,641.0
FMAG,ETF,1427.0,5.68,2021-02-04,2026-10-09,6784.0,NO,2024-10-17,405000.0,722.0
FTH,Stock,1426.0,5.68,2021-02-04,2026-10-09,197135.0,NO,2026-02-18,12540600.0,233.0
XDAT,ETF,1426.0,5.73,2021-01-14,2026-10-08,500.0,NO,2021-01-22,80900.0,2085.0
IMCR,Stock,1426.0,5.67,2021-02-05,2026-10-09,452838.0,NO,2024-05-24,5140200.0,868.0
VOR,Stock,1426.0,5.67,2021-02-05,2026-10-09,1102365.0,NO,2025-12-09,41895000.0,304.0
AMR,Stock,1425.0,5.66,2021-02-08,2026-10-09,224337.0,NO,2022-06-24,3637600.0,1568.0
CBSE,ETF,1424.0,5.9,2020-11-13,2026-10-09,2820.0,NO,2024-01-11,153400.0,1002.0
EXE,Stock,1423.0,5.66,2021-02-10,2026-10-09,2106977.0,NO,2025-03-21,53145100.0,567.0
FICS,ETF,1422.0,5.81,2020-12-17,2026-10-09,23024.0,NO,2025-09-18,649700.0,386.0
OBTC,ETF,1421.0,5.65,2021-02-12,2026-10-09,1620.0,NO,2021-02-24,661900.0,2053.0
PHVS,Stock,1419.0,5.67,2021-02-05,2026-10-09,754988.0,NO,2022-12-08,80834100.0,1401.0
PPTA,Stock,1418.0,5.64,2021-02-18,2026-10-09,775153.0,NO,2025-06-12,11327900.0,484.0
UCYB,ETF,1418.0,5.71,2021-01-21,2026-10-09,16506.0,NO,2026-08-10,28200.0,60.0
FXED,ETF,1414.0,5.76,2021-01-04,2026-10-09,12850.0,NO,2026-05-18,156600.0,144.0
OVT,ETF,1413.0,5.73,2021-01-15,2026-10-09,1511.0,NO,2024-11-07,809600.0,701.0
REIT,ETF,1412.0,5.62,2021-02-26,2026-10-09,12033.0,NO,2021-06-25,193400.0,1932.0
JSCP,ETF,1410.0,5.6,2021-03-02,2026-10-09,413626.0,NO,2025-11-18,1915500.0,325.0
FRTY,ETF,1410.0,5.6,2021-03-02,2026-10-09,16929.0,NO,2025-12-10,559800.0,303.0
OSCR,Stock,1409.0,5.6,2021-03-03,2026-10-09,5310065.0,NO,2025-07-22,82717500.0,444.0
BUZZ,ETF,1408.0,5.6,2021-03-04,2026-10-09,7645.0,NO,2021-03-04,18199900.0,2045.0
IGLD,ETF,1407.0,5.6,2021-03-04,2026-10-09,321407.0,NO,2026-10-01,1732600.0,8.0
RBLX,Stock,1404.0,5.58,2021-03-10,2026-10-09,9936610.0,NO,2022-05-11,105794300.0,1612.0
SKYU,ETF,1404.0,5.71,2021-01-21,2026-10-09,1882.0,NO,2022-11-09,126700.0,1430.0
CPNG,Stock,1403.0,5.58,2021-03-11,2026-10-09,17696056.0,NO,2025-09-19,111561900.0,385.0
SYM,Stock,1402.0,5.59,2021-03-09,2026-10-09,1149848.0,NO,2024-11-27,21916600.0,681.0
KMLM,ETF,1401.0,5.85,2020-12-02,2026-10-09,419342.0,NO,2025-03-13,3517900.0,575.0
FIGB,ETF,1400.0,5.6,2021-03-04,2026-10-09,52566.0,NO,2026-07-31,2839400.0,70.0
MBINN,Stock,1398.0,5.56,2021-03-17,2026-10-09,13755.0,NO,2021-03-17,1851400.0,2032.0
JEMA,ETF,1397.0,5.56,2021-03-18,2026-10-09,68819.0,NO,2022-04-29,9442300.0,1624.0
SHYM,ETF,1397.0,5.56,2021-03-19,2026-10-09,538255.0,NO,2026-05-26,7832700.0,136.0
MBND,ETF,1396.0,5.67,2021-02-05,2026-10-09,70862.0,NO,2025-03-26,500200.0,562.0
OVLH,ETF,1396.0,5.73,2021-01-15,2026-10-09,2399.0,NO,2022-12-16,1377600.0,1393.0
DOCN,Stock,1394.0,5.54,2021-03-24,2026-10-09,1825683.0,NO,2026-04-08,16602000.0,184.0
ACGR,ETF,1394.0,6.71,2020-01-21,2026-10-07,500.0,NO,2026-03-23,79500.0,198.0
EWTX,Stock,1392.0,5.54,2021-03-26,2026-10-09,991782.0,NO,2025-04-02,16114400.0,555.0
MBCE,ETF,1391.0,5.53,2021-03-29,2026-10-09,12658.0,NO,2024-12-12,666700.0,666.0
ARKX,ETF,1390.0,5.53,2021-03-30,2026-10-09,578168.0,NO,2021-03-30,14594100.0,2019.0
ISVL,ETF,1389.0,5.53,2021-03-30,2026-10-09,12054.0,NO,2026-02-06,3763800.0,245.0
MPRO,ETF,1389.0,5.53,2021-03-29,2026-10-09,20846.0,NO,2025-08-14,1829900.0,421.0
BSMU,ETF,1388.0,5.99,2020-10-12,2026-10-09,138633.0,NO,2026-09-17,644700.0,22.0
KARO,Stock,1387.0,5.52,2021-04-01,2026-10-09,55267.0,NO,2025-06-12,856900.0,484.0
DIVS,ETF,1386.0,5.52,2021-04-01,2026-10-09,846.0,NO,2024-11-19,145400.0,689.0
VUSB,ETF,1385.0,5.51,2021-04-07,2026-10-09,1493588.0,NO,2026-08-04,16916400.0,66.0
MAMB,ETF,1384.0,5.53,2021-03-29,2026-10-09,32329.0,NO,2024-12-12,426100.0,666.0
LCTU,ETF,1384.0,5.5,2021-04-08,2026-10-09,24061.0,NO,2021-04-08,24790200.0,2010.0
XDQQ,ETF,1384.0,5.52,2021-04-01,2026-10-09,2467.0,NO,2023-01-03,328500.0,1375.0
ARQQ,Stock,1381.0,5.52,2021-04-01,2026-10-09,738628.0,NO,2026-06-18,5673000.0,113.0
AQWA,ETF,1380.0,5.49,2021-04-12,2026-10-09,838.0,NO,2026-03-06,736700.0,217.0
COIN,Stock,1380.0,5.49,2021-04-14,2026-10-09,12300102.0,NO,2021-04-14,81065700.0,2004.0
LCTD,ETF,1380.0,5.5,2021-04-08,2026-10-09,4745.0,NO,2021-04-08,13095300.0,2010.0
XDSQ,ETF,1380.0,5.52,2021-04-01,2026-10-09,6068.0,NO,2023-08-17,648000.0,1149.0
APP,Stock,1379.0,5.48,2021-04-15,2026-10-09,3282034.0,NO,2025-09-19,73131600.0,385.0
DAPP,ETF,1379.0,5.48,2021-04-15,2026-10-09,337944.0,NO,2025-12-16,4667200.0,297.0
KRT,Stock,1379.0,5.48,2021-04-15,2026-10-09,184039.0,NO,2021-04-15,1963200.0,2003.0
AGL,Stock,1379.0,5.48,2021-04-15,2026-10-09,171878.0,NO,2025-08-05,7008856.0,430.0
OXLCL,Stock,1378.0,5.56,2021-03-18,2026-10-09,1559.0,NO,2021-03-18,183600.0,2031.0
DRUG,Stock,1376.0,5.55,2021-03-22,2026-10-09,98412.0,NO,2024-10-15,102757200.0,724.0
IMFL,ETF,1373.0,5.62,2021-02-26,2026-10-09,30862.0,NO,2024-03-14,6231100.0,939.0
PL,Stock,1370.0,5.45,2021-04-26,2026-10-09,7794477.0,NO,2025-06-05,68278500.0,491.0
ADIV,ETF,1370.0,5.53,2021-03-29,2026-10-09,2161.0,NO,2026-03-03,496400.0,220.0
MINN,ETF,1370.0,5.58,2021-03-12,2026-10-09,6137.0,NO,2026-09-30,179800.0,9.0
PRVA,Stock,1370.0,5.45,2021-04-28,2026-10-09,1128403.0,NO,2023-06-13,21691600.0,1214.0
SCHY,ETF,1369.0,5.45,2021-04-29,2026-10-09,365347.0,NO,2025-01-22,2641400.0,625.0
VAL,Stock,1367.0,5.43,2021-05-03,2026-10-09,307723.0,NO,2026-02-09,15805400.0,242.0
FSBC,Stock,1366.0,5.43,2021-05-04,2026-10-09,216341.0,NO,2021-05-05,2211300.0,1983.0
MBOX,ETF,1365.0,5.43,2021-05-05,2026-10-09,4363.0,NO,2021-05-06,115800.0,1982.0
NBTX,Stock,1363.0,5.83,2020-12-11,2026-10-09,93496.0,NO,2023-05-05,39763000.0,1253.0
AGOX,ETF,1362.0,5.42,2021-05-10,2026-10-09,34931.0,NO,2021-11-09,836700.0,1795.0
BWMN,Stock,1362.0,5.42,2021-05-07,2026-10-09,790605.0,NO,2026-08-10,3061000.0,60.0
PFIX,ETF,1361.0,5.41,2021-05-11,2026-10-09,756905.0,NO,2026-04-08,2379700.0,184.0
MIDE,ETF,1361.0,5.62,2021-02-26,2026-10-09,1699.0,NO,2024-02-15,205700.0,967.0
GLBE,Stock,1360.0,5.41,2021-05-12,2026-10-09,814049.0,NO,2022-05-17,24913100.0,1606.0
BITQ,ETF,1360.0,5.41,2021-05-12,2026-10-09,95365.0,NO,2026-01-20,1782700.0,262.0
SVOL,ETF,1359.0,5.41,2021-05-13,2026-10-09,273988.0,NO,2024-08-05,5456900.0,795.0
VERA,Stock,1358.0,5.4,2021-05-14,2026-10-09,996434.0,NO,2025-06-02,13253900.0,494.0
DAVE,Stock,1357.0,5.45,2021-04-26,2026-10-09,180468.0,NO,2022-07-27,3887050.0,1535.0
GPOR,Stock,1356.0,5.39,2021-05-18,2026-10-09,269185.0,NO,2026-06-30,2845000.0,101.0
QTAP,ETF,1356.0,5.52,2021-04-01,2026-10-09,1920.0,NO,2021-09-27,692800.0,1838.0
RTAI,ETF,1356.0,5.97,2020-10-21,2026-10-09,2154.0,NO,2022-02-14,160900.0,1698.0
FSEC,ETF,1355.0,5.59,2021-03-08,2026-10-09,917559.0,NO,2025-03-21,7148400.0,567.0
NTSE,ETF,1354.0,5.39,2021-05-20,2026-10-09,575.0,NO,2024-04-23,933000.0,899.0
PCOR,Stock,1354.0,5.39,2021-05-20,2026-10-09,3822719.0,NO,2024-08-02,15378700.0,798.0
QQQA,ETF,1353.0,5.39,2021-05-20,2026-10-09,4583.0,NO,2026-08-06,205500.0,64.0
NTSI,ETF,1353.0,5.39,2021-05-21,2026-10-09,15477.0,NO,2021-12-28,1491300.0,1746.0
NBXG,Stock,1350.0,5.37,2021-05-26,2026-10-09,96593.0,NO,2021-05-26,6996400.0,1962.0
FLYW,Stock,1350.0,5.37,2021-05-26,2026-10-09,855054.0,NO,2025-02-26,25422300.0,590.0
VSLU,ETF,1350.0,5.44,2021-04-30,2026-10-09,16138.0,NO,2025-10-29,454400.0,345.0
PVAL,ETF,1350.0,5.37,2021-05-26,2026-10-09,1849457.0,NO,2025-11-05,11067400.0,338.0
PAY,Stock,1350.0,5.37,2021-05-26,2026-10-09,423907.0,NO,2026-06-26,11410000.0,105.0
FIGS,Stock,1349.0,5.37,2021-05-27,2026-10-09,3757496.0,NO,2024-02-29,39695900.0,953.0
SPBC,ETF,1346.0,5.37,2021-05-25,2026-10-09,5478.0,NO,2023-01-12,2000700.0,1366.0
DLO,Stock,1345.0,5.35,2021-06-03,2026-10-09,1887933.0,NO,2022-11-17,56800700.0,1422.0
ACGLN,Stock,1345.0,5.35,2021-06-03,2026-10-09,60161.0,NO,2021-06-03,3787900.0,1954.0
GTOQ,ETF,1343.0,5.84,2020-12-07,2026-10-09,9654.0,NO,2026-05-04,1163700.0,158.0
GOLY,ETF,1342.0,5.39,2021-05-18,2026-10-09,8569.0,NO,2022-04-13,547900.0,1640.0
KOKU,ETF,1342.0,6.5,2020-04-08,2026-10-07,100.0,NO,2020-09-15,2563000.0,2213.0
PGY,Stock,1342.0,5.47,2021-04-21,2026-10-09,2805990.0,NO,2026-02-09,23974100.0,242.0
NE,Stock,1341.0,5.33,2021-06-09,2026-10-09,662283.0,NO,2025-09-19,25673700.0,385.0
MQ,Stock,1341.0,5.33,2021-06-09,2026-10-09,643677.0,NO,2024-11-05,20095250.0,703.0
MNDY,Stock,1340.0,5.33,2021-06-10,2026-10-09,516259.0,NO,2026-02-09,12910400.0,242.0
ZETA,Stock,1340.0,5.33,2021-06-10,2026-10-09,5348223.0,NO,2025-08-06,47365300.0,429.0
JANX,Stock,1339.0,5.33,2021-06-11,2026-10-09,1172964.0,NO,2025-12-02,15978000.0,311.0
HBANM,Stock,1339.0,5.33,2021-06-10,2026-10-09,26239.0,NO,2023-06-30,228600.0,1197.0
BZ,Stock,1339.0,5.33,2021-06-11,2026-10-09,2470443.0,NO,2026-09-14,42113900.0,25.0
CEFA,ETF,1339.0,6.29,2020-06-24,2026-10-09,3512.0,NO,2024-05-09,293200.0,883.0
BILS,ETF,1339.0,6.0,2020-10-07,2026-10-09,267597.0,NO,2024-10-01,2128600.0,738.0
IBBQ,ETF,1339.0,5.33,2021-06-11,2026-10-09,31470.0,NO,2022-06-16,790700.0,1576.0
SOXQ,ETF,1339.0,5.33,2021-06-11,2026-10-09,1008172.0,NO,2026-06-05,6881000.0,126.0
DFUS,ETF,1338.0,5.32,2021-06-14,2026-10-09,348814.0,NO,2026-03-19,4357900.0,204.0
DFAT,ETF,1338.0,5.32,2021-06-14,2026-10-09,280833.0,NO,2023-05-04,3011900.0,1254.0
DFAC,ETF,1338.0,5.32,2021-06-14,2026-10-09,1835373.0,NO,2025-04-07,11594000.0,550.0
DFAS,ETF,1338.0,5.32,2021-06-14,2026-10-09,501094.0,NO,2025-04-04,2317600.0,553.0
EMHC,ETF,1336.0,5.51,2021-04-07,2026-10-09,34006.0,NO,2025-03-27,6481300.0,561.0
JULZ,ETF,1336.0,6.27,2020-07-02,2026-10-08,4900.0,NO,2024-07-01,545200.0,829.0
CCNEP,Stock,1335.0,6.13,2020-08-21,2026-10-08,200.0,NO,2023-03-21,72500.0,1297.0
ATLCP,Stock,1334.0,5.32,2021-06-14,2026-10-09,11297.0,NO,2021-06-14,274400.0,1943.0
FPFD,ETF,1334.0,5.31,2021-06-17,2026-10-09,20268.0,NO,2025-07-07,182500.0,459.0
TSPA,ETF,1334.0,5.32,2021-06-14,2026-10-09,278170.0,NO,2024-05-23,9410000.0,869.0
WDNA,ETF,1333.0,5.35,2021-06-03,2026-10-09,1684.0,NO,2022-07-25,45300.0,1537.0
VOTE,ETF,1331.0,5.3,2021-06-23,2026-10-09,10440.0,NO,2021-06-25,1994900.0,1932.0
FA,Stock,1331.0,5.3,2021-06-23,2026-10-09,1311480.0,NO,2026-06-15,13837100.0,116.0
DOCS,Stock,1330.0,5.29,2021-06-24,2026-10-09,4940945.0,NO,2026-08-07,65315800.0,63.0
GHRS,Stock,1329.0,5.29,2021-06-25,2026-10-09,146042.0,NO,2025-02-03,10308500.0,613.0
BNT,Stock,1328.0,5.28,2021-06-28,2026-10-09,5701.0,NO,2022-03-31,618150.0,1653.0
POWWP,Stock,1327.0,5.39,2021-05-21,2026-10-09,1938.0,NO,2021-06-10,259400.0,1947.0
PECO,Stock,1326.0,5.62,2021-02-25,2026-10-09,847374.0,NO,2023-06-16,23954100.0,1211.0
DYLD,ETF,1326.0,5.28,2021-06-29,2026-10-08,2900.0,NO,2021-06-30,1590100.0,1926.0
METV,ETF,1326.0,5.28,2021-06-30,2026-10-09,20107.0,NO,2021-11-18,7976500.0,1786.0
XMTR,Stock,1326.0,5.28,2021-06-30,2026-10-09,484474.0,NO,2026-02-24,6999500.0,227.0
S,Stock,1326.0,5.28,2021-06-30,2026-10-09,7386603.0,NO,2023-06-02,61486700.0,1225.0
YOU,Stock,1326.0,5.28,2021-06-30,2026-10-09,699590.0,NO,2024-09-20,17915700.0,749.0
PGRO,ETF,1326.0,5.37,2021-05-26,2026-10-09,15417.0,NO,2026-07-22,2054300.0,79.0
IBDW,ETF,1326.0,5.29,2021-06-25,2026-10-09,2802812.0,NO,2025-07-22,3039200.0,444.0
INTA,Stock,1326.0,5.28,2021-06-30,2026-10-09,437741.0,NO,2026-02-04,7079400.0,247.0
IAUM,ETF,1325.0,5.27,2021-07-01,2026-10-09,1493727.0,NO,2026-01-30,55596700.0,252.0
BALT,ETF,1325.0,5.27,2021-07-01,2026-10-09,455375.0,NO,2025-11-18,8283400.0,325.0
DTM,Stock,1325.0,5.27,2021-07-01,2026-10-09,615780.0,NO,2021-07-01,23044100.0,1926.0
JHCB,ETF,1324.0,5.52,2021-03-31,2026-10-09,10721.0,NO,2026-08-11,818700.0,59.0
GK,ETF,1324.0,5.27,2021-07-02,2026-10-09,417.0,NO,2021-07-02,115000.0,1925.0
ECCC,Stock,1324.0,5.32,2021-06-14,2026-10-09,1939.0,NO,2021-07-27,235400.0,1900.0
SEPZ,ETF,1323.0,6.1,2020-09-01,2026-10-09,4106.0,NO,2025-05-06,2182200.0,521.0
INMU,ETF,1323.0,5.56,2021-03-19,2026-10-09,1196998.0,NO,2026-09-22,3914500.0,17.0
NAMS,Stock,1320.0,5.66,2021-02-09,2026-10-09,1265528.0,NO,2024-12-10,9602500.0,668.0
ADAML,Stock,1319.0,5.28,2021-06-30,2026-10-09,8316.0,NO,2021-06-30,1062200.0,1927.0
CLSM,ETF,1318.0,5.24,2021-07-13,2026-10-09,5316.0,NO,2021-07-13,8221200.0,1914.0
BKCH,ETF,1317.0,5.24,2021-07-14,2026-10-09,80762.0,NO,2026-02-02,1019500.0,249.0
HYDR,ETF,1317.0,5.24,2021-07-14,2026-10-09,28990.0,NO,2026-06-10,545500.0,121.0
XPND,ETF,1317.0,5.31,2021-06-16,2026-10-09,11442.0,NO,2023-01-23,647200.0,1355.0
ILDR,ETF,1316.0,5.37,2021-05-26,2026-10-09,25095.0,NO,2025-12-23,549100.0,290.0
RCBC,Stock,1316.0,18.69,2008-01-31,2026-10-09,59805.0,NO,2026-08-06,543200.0,64.0
KROP,ETF,1315.0,5.24,2021-07-14,2026-10-09,5931.0,NO,2025-01-30,150133.0,617.0
ERAS,Stock,1315.0,5.23,2021-07-16,2026-10-09,7586512.0,NO,2026-04-28,51259600.0,164.0
STVN,Stock,1315.0,5.23,2021-07-16,2026-10-09,267097.0,NO,2021-07-16,12538600.0,1911.0
ZHDG,ETF,1314.0,5.26,2021-07-07,2026-10-09,1215.0,NO,2022-08-26,443800.0,1505.0
ITAN,ETF,1313.0,5.28,2021-06-29,2026-10-09,15516.0,NO,2026-07-20,259400.0,81.0
VSXY,Stock,1312.0,5.22,2021-07-21,2026-10-09,1424779.0,NO,2024-03-07,25901500.0,946.0
GXO,Stock,1311.0,5.22,2021-07-22,2026-10-09,586393.0,NO,2024-10-10,7241500.0,729.0
IBTK,ETF,1311.0,6.22,2020-07-20,2026-10-09,281449.0,NO,2022-10-18,3922300.0,1452.0
RYAN,Stock,1311.0,5.22,2021-07-22,2026-10-09,1627250.0,NO,2021-07-22,15892000.0,1905.0
CNM,Stock,1311.0,5.22,2021-07-22,2026-10-09,1284417.0,NO,2023-11-10,23872700.0,1064.0
IDUB,ETF,1310.0,5.21,2021-07-23,2026-10-09,40804.0,NO,2023-08-11,797500.0,1155.0
GOODO,Stock,1309.0,5.3,2021-06-22,2026-10-09,3036.0,NO,2021-06-22,893600.0,1935.0
BPYPM,Stock,1308.0,5.2,2021-07-27,2026-10-09,12188.0,NO,2021-07-30,2846900.0,1897.0
DUOL,Stock,1307.0,5.2,2021-07-28,2026-10-09,621458.0,NO,2026-02-27,20124200.0,224.0
USCB,Stock,1307.0,5.21,2021-07-23,2026-10-09,45578.0,NO,2021-07-23,1346700.0,1904.0
TBLD,Stock,1307.0,5.2,2021-07-28,2026-10-09,34972.0,NO,2021-07-28,2756500.0,1899.0
SXQG,ETF,1307.0,5.41,2021-05-12,2026-10-09,1712.0,NO,2022-12-07,76900.0,1402.0
QDPL,ETF,1307.0,5.2,2021-07-28,2026-10-09,159647.0,NO,2025-02-10,1243000.0,606.0
MBBB,ETF,1306.0,5.85,2020-12-02,2026-10-08,800.0,NO,2026-05-05,177400.0,156.0
HOOD,Stock,1306.0,5.2,2021-07-29,2026-10-09,13683634.0,NO,2025-09-19,202388400.0,385.0
RLYB,Stock,1306.0,5.2,2021-07-29,2026-10-09,6941.0,NO,2025-07-08,18984488.0,458.0
COOK,Stock,1306.0,5.2,2021-07-29,2026-10-09,53868.0,NO,2023-08-03,300422.0,1163.0
XTAP,ETF,1306.0,5.52,2021-04-01,2026-10-09,3883.0,NO,2022-03-11,345300.0,1673.0
ABND,ETF,1304.0,5.27,2021-07-01,2026-10-09,78783.0,NO,2023-10-25,450000.0,1080.0
IBHG,ETF,1302.0,5.25,2021-07-09,2026-10-09,200261.0,NO,2026-05-29,1567600.0,133.0
QTJL,ETF,1300.0,5.27,2021-07-01,2026-10-09,570.0,NO,2023-01-18,580300.0,1360.0
PRE,Stock,1295.0,5.23,2021-07-16,2026-10-09,135952.0,NO,2023-01-10,2866573.0,1368.0
OKLO,Stock,1293.0,5.25,2021-07-08,2026-10-09,7427445.0,NO,2025-05-23,92503100.0,504.0
SPRX,ETF,1288.0,5.18,2021-08-04,2026-10-09,45502.0,NO,2026-02-04,753100.0,247.0
OWNS,ETF,1287.0,5.2,2021-07-27,2026-10-09,10826.0,NO,2021-07-27,4045100.0,1900.0
XRMI,ETF,1286.0,5.12,2021-08-26,2026-10-09,17372.0,NO,2026-09-09,373400.0,30.0
FFND,ETF,1286.0,5.12,2021-08-25,2026-10-09,7814.0,NO,2025-01-23,2023900.0,624.0
ZECP,ETF,1283.0,5.12,2021-08-26,2026-10-09,13231.0,NO,2025-08-08,380500.0,427.0
QRMI,ETF,1283.0,5.12,2021-08-26,2026-10-09,151.0,NO,2024-05-31,87600.0,861.0
JXN,Stock,1282.0,5.1,2021-09-01,2026-10-09,471193.0,NO,2021-09-20,15028400.0,1845.0
SMIG,ETF,1282.0,5.12,2021-08-26,2026-10-09,237119.0,NO,2025-04-07,1153100.0,550.0
FMNY,ETF,1280.0,5.41,2021-05-13,2026-10-09,11771.0,NO,2026-10-06,470300.0,3.0
DFAX,ETF,1275.0,5.07,2021-09-13,2026-10-09,624732.0,NO,2025-07-02,6244600.0,464.0
DFIV,ETF,1275.0,5.07,2021-09-13,2026-10-09,1233444.0,NO,2025-04-28,20695100.0,529.0
BROS,Stock,1273.0,5.07,2021-09-15,2026-10-09,4189234.0,NO,2024-08-08,25332900.0,792.0
CDZIP,Stock,1273.0,5.28,2021-06-30,2026-10-09,5841.0,NO,2021-07-09,265000.0,1918.0
TYRA,Stock,1273.0,5.07,2021-09-15,2026-10-09,649438.0,NO,2026-03-04,6161200.0,219.0
PRCT,Stock,1273.0,5.07,2021-09-15,2026-10-09,1113757.0,NO,2026-02-26,9027900.0,225.0
ONON,Stock,1273.0,5.07,2021-09-15,2026-10-09,11120917.0,NO,2025-11-12,48483000.0,331.0
GTEK,ETF,1272.0,5.06,2021-09-16,2026-10-09,10857.0,NO,2021-09-16,1013200.0,1849.0
PSIL,ETF,1272.0,5.06,2021-09-16,2026-10-09,18236.0,NO,2024-10-16,454700.0,723.0
ACT,Stock,1272.0,5.06,2021-09-16,2026-10-09,249476.0,NO,2025-04-15,5363000.0,542.0
LOPP,ETF,1271.0,5.68,2021-02-04,2026-10-09,168.0,NO,2021-02-08,176500.0,2069.0
MINO,ETF,1270.0,5.08,2021-09-10,2026-10-09,746254.0,NO,2026-10-02,1291700.0,7.0
VBNK,Stock,1270.0,5.12,2021-08-27,2026-10-09,87346.0,NO,2024-12-17,2102600.0,661.0
BNDD,ETF,1268.0,5.05,2021-09-21,2026-10-08,1000.0,NO,2026-07-20,328800.0,80.0
TOST,Stock,1268.0,5.05,2021-09-22,2026-10-09,5829387.0,NO,2026-06-30,71537000.0,101.0
SLVM,Stock,1267.0,5.04,2021-09-23,2026-10-09,248524.0,NO,2021-10-01,9638400.0,1834.0
AVLV,ETF,1267.0,5.04,2021-09-23,2026-10-09,1196841.0,NO,2026-06-22,16509100.0,109.0
BSCV,ETF,1267.0,5.06,2021-09-16,2026-10-09,727716.0,NO,2024-12-27,2383200.0,651.0
RELY,Stock,1267.0,5.04,2021-09-23,2026-10-09,2015018.0,NO,2026-05-13,31142800.0,149.0
XTJL,ETF,1264.0,5.27,2021-07-01,2026-10-09,167.0,NO,2023-08-09,282500.0,1157.0
AMPL,Stock,1264.0,5.03,2021-09-28,2026-10-09,2182499.0,NO,2022-02-17,20105300.0,1695.0
NUGO,ETF,1263.0,5.03,2021-09-28,2026-10-09,2463.0,NO,2021-10-15,8095400.0,1820.0
WRBY,Stock,1263.0,5.03,2021-09-29,2026-10-09,1542057.0,NO,2025-12-10,23628800.0,303.0
CCSI,Stock,1262.0,5.02,2021-09-30,2026-10-09,94074.0,NO,2021-10-08,4243100.0,1827.0
AVIV,ETF,1262.0,5.02,2021-09-30,2026-10-09,71487.0,NO,2026-05-21,2271700.0,141.0
TBUX,ETF,1262.0,5.03,2021-09-29,2026-10-09,298685.0,NO,2026-09-08,1695200.0,31.0
FNGG,ETF,1262.0,5.02,2021-09-30,2026-10-09,1506.0,NO,2024-10-11,183800.0,728.0
AVES,ETF,1262.0,5.02,2021-09-30,2026-10-09,39086.0,NO,2026-01-21,2365600.0,261.0
AVRE,ETF,1262.0,5.02,2021-09-30,2026-10-09,37836.0,NO,2022-11-01,693900.0,1438.0
RISR,ETF,1261.0,5.02,2021-10-01,2026-10-09,106345.0,NO,2022-05-09,579600.0,1614.0
AUGZ,ETF,1260.0,6.18,2020-08-03,2026-10-09,1014.0,NO,2025-05-01,1131700.0,526.0
KCCA,ETF,1259.0,5.01,2021-10-05,2026-10-09,4580.0,NO,2024-12-04,4972600.0,674.0
CNOBP,Stock,1259.0,5.16,2021-08-13,2026-10-09,1968.0,NO,2021-09-30,434100.0,1835.0
JAVA,ETF,1258.0,5.01,2021-10-05,2026-10-09,762363.0,NO,2024-11-12,5371800.0,696.0
FCLD,ETF,1257.0,5.0,2021-10-07,2026-10-09,12677.0,NO,2023-06-15,227600.0,1212.0
LTH,Stock,1257.0,5.0,2021-10-07,2026-10-09,2913153.0,NO,2026-03-20,25367600.0,203.0
FRNW,ETF,1257.0,5.0,2021-10-07,2026-10-09,28058.0,NO,2026-04-10,2447400.0,182.0
FDRV,ETF,1257.0,5.0,2021-10-07,2026-10-09,2211.0,NO,2021-11-08,127300.0,1796.0
DAT,ETF,1257.0,5.02,2021-09-30,2026-10-09,3302.0,NO,2024-04-29,72000.0,893.0
SATO,ETF,1256.0,5.0,2021-10-07,2026-10-09,532.0,NO,2022-02-09,185600.0,1703.0
PINK,ETF,1256.0,5.0,2021-10-08,2026-10-09,66220.0,NO,2022-04-27,1380800.0,1626.0
CTEX,ETF,1253.0,5.02,2021-09-30,2026-10-08,400.0,NO,2024-10-11,91600.0,727.0
GTLB,Stock,1252.0,4.99,2021-10-14,2026-10-09,2370535.0,NO,2026-09-02,28993600.0,37.0
STNC,ETF,1251.0,5.57,2021-03-16,2026-10-09,3105.0,NO,2024-01-11,142700.0,1002.0
NUDV,ETF,1251.0,5.03,2021-09-28,2026-10-09,3101.0,NO,2025-04-22,209000.0,535.0
SSFI,ETF,1250.0,5.02,2021-09-29,2026-10-08,15000.0,NO,2026-04-02,375700.0,189.0
CBLS,ETF,1249.0,5.9,2020-11-13,2026-10-09,204.0,NO,2024-05-16,334900.0,876.0
FLUD,ETF,1248.0,6.22,2020-07-20,2026-10-09,807247.0,NO,2026-05-14,4493700.0,148.0
TAGG,ETF,1248.0,5.03,2021-09-29,2026-10-09,131739.0,NO,2025-04-08,5320700.0,549.0
COCO,Stock,1247.0,4.97,2021-10-21,2026-10-09,1386566.0,NO,2021-10-21,9664500.0,1814.0
BKUI,ETF,1247.0,5.16,2021-08-11,2026-10-09,25304.0,NO,2026-09-28,4617200.0,11.0
DDX,ETF,1247.0,5.05,2021-09-21,2026-10-08,6600.0,NO,2022-11-07,83500.0,1431.0
DECZ,ETF,1246.0,5.85,2020-12-01,2026-10-09,456.0,NO,2025-05-06,1336500.0,521.0
BTF,ETF,1246.0,4.96,2021-10-22,2026-10-09,8628.0,NO,2021-10-22,638460.0,1813.0
AIP,Stock,1243.0,4.95,2021-10-27,2026-10-09,473871.0,NO,2025-08-05,21920200.0,430.0
BXSL,Stock,1242.0,4.95,2021-10-28,2026-10-09,1136999.0,NO,2025-12-19,8077900.0,294.0
QQMG,ETF,1242.0,4.95,2021-10-28,2026-10-09,16568.0,NO,2025-12-23,560200.0,290.0
GFS,Stock,1242.0,4.95,2021-10-28,2026-10-09,5922293.0,NO,2025-12-19,52580300.0,294.0
SAIH,Stock,1241.0,5.28,2021-06-28,2026-10-09,20900.0,NO,2023-04-26,3801647.0,1262.0
BSJT,ETF,1240.0,5.07,2021-09-15,2026-10-09,74748.0,NO,2026-05-27,722000.0,135.0
CBL,Stock,1239.0,4.93,2021-11-02,2026-10-09,307764.0,NO,2022-06-24,3600200.0,1568.0
ZCSH,ETF,1239.0,4.97,2021-10-18,2026-10-09,801086.0,NO,2026-09-17,4527600.0,22.0
JPIE,ETF,1239.0,4.93,2021-11-02,2026-10-09,1049256.0,NO,2026-06-02,10116200.0,129.0
HEQT,ETF,1238.0,4.93,2021-11-02,2026-10-09,57244.0,NO,2024-04-03,6781100.0,919.0
TOTR,ETF,1238.0,5.03,2021-09-29,2026-10-09,5491.0,NO,2025-03-17,2453300.0,571.0
LEXI,ETF,1238.0,5.27,2021-07-02,2026-10-09,2650.0,NO,2022-07-22,300000.0,1540.0
CDRE,Stock,1237.0,4.93,2021-11-04,2026-10-09,877052.0,NO,2022-06-10,3206400.0,1582.0
XTR,ETF,1236.0,5.09,2021-09-07,2026-10-09,311.0,NO,2024-04-16,44800.0,906.0
VNSE,ETF,1236.0,6.05,2020-09-17,2026-10-07,100.0,NO,2024-09-04,248100.0,763.0
QVML,ETF,1234.0,5.28,2021-06-30,2026-10-09,14098.0,NO,2021-06-30,29976900.0,1927.0
TCBX,Stock,1234.0,4.91,2021-11-09,2026-10-09,89553.0,NO,2022-06-24,1080600.0,1568.0
BWLP,Stock,1234.0,12.7,2014-01-28,2026-10-09,560962.0,NO,2025-12-02,1569700.0,311.0
SARK,ETF,1234.0,4.91,2021-11-09,2026-10-09,104427.0,NO,2023-03-13,3684533.0,1306.0
PRM,Stock,1234.0,4.91,2021-11-09,2026-10-09,532185.0,NO,2022-06-24,15125900.0,1568.0
EMET,ETF,1232.0,4.91,2021-11-11,2026-10-09,2897.0,NO,2026-01-30,157000.0,252.0
PSFD,ETF,1232.0,5.79,2020-12-24,2026-10-08,500.0,NO,2021-12-20,464200.0,1753.0
XTOC,ETF,1231.0,5.02,2021-10-01,2026-10-09,970.0,NO,2023-11-07,216600.0,1067.0
TINY,ETF,1230.0,4.95,2021-10-27,2026-10-08,1100.0,NO,2026-06-09,93700.0,121.0
GTR,ETF,1230.0,5.0,2021-10-07,2026-10-09,4811.0,NO,2025-01-24,684800.0,623.0
DFSD,ETF,1229.0,4.9,2021-11-16,2026-10-09,784000.0,NO,2022-06-02,4721300.0,1590.0
DFCF,ETF,1229.0,4.9,2021-11-16,2026-10-09,1857638.0,NO,2026-09-29,9342400.0,10.0
OALC,ETF,1229.0,4.9,2021-11-16,2026-10-09,40668.0,NO,2023-01-10,852100.0,1368.0
DFIP,ETF,1229.0,4.9,2021-11-16,2026-10-09,111291.0,NO,2026-02-13,971800.0,238.0
DFNM,ETF,1229.0,4.9,2021-11-16,2026-10-09,885241.0,NO,2026-10-08,2125200.0,1.0
HFGO,ETF,1229.0,4.91,2021-11-10,2026-10-09,13507.0,NO,2022-01-06,3305300.0,1737.0
IREN,Stock,1228.0,4.89,2021-11-17,2026-10-09,37655795.0,NO,2026-05-11,112561500.0,151.0
BITS,ETF,1228.0,4.9,2021-11-16,2026-10-09,1764.0,NO,2024-01-11,96800.0,1002.0
BRZE,Stock,1228.0,4.89,2021-11-17,2026-10-09,1454958.0,NO,2026-03-25,11777100.0,198.0
GDOC,ETF,1228.0,4.91,2021-11-11,2026-10-08,100.0,NO,2022-12-29,310800.0,1379.0
GGRW,ETF,1227.0,5.63,2021-02-19,2026-10-08,600.0,NO,2024-01-10,104400.0,1002.0
RULE,ETF,1227.0,4.93,2021-11-04,2026-10-09,570.0,NO,2022-06-09,649000.0,1583.0
OZ,Stock,1226.0,4.97,2021-10-18,2026-10-09,86963.0,NO,2021-12-31,514800.0,1743.0
RSPE,ETF,1223.0,4.89,2021-11-17,2026-10-09,2574.0,NO,2026-02-04,249200.0,247.0
MAKX,ETF,1220.0,5.02,2021-09-30,2026-10-09,743.0,NO,2026-05-01,19900.0,161.0
FORH,ETF,1220.0,5.44,2021-04-30,2026-10-08,6400.0,NO,2021-05-07,291200.0,1980.0
MFUL,ETF,1218.0,4.93,2021-11-04,2026-10-08,3300.0,NO,2022-05-18,698200.0,1604.0
RHRX,ETF,1218.0,4.91,2021-11-09,2026-10-09,4655.0,NO,2023-12-04,566400.0,1040.0
LQDB,ETF,1218.0,5.39,2021-05-21,2026-10-09,1568.0,NO,2023-03-21,595000.0,1298.0
AHYB,ETF,1217.0,4.89,2021-11-18,2026-10-09,1577.0,NO,2022-01-21,334800.0,1722.0
USG,ETF,1216.0,4.93,2021-11-03,2026-10-09,6789.0,NO,2023-03-07,123300.0,1312.0
QTOC,ETF,1215.0,5.02,2021-10-01,2026-10-09,12719.0,NO,2023-07-27,557700.0,1170.0
ADAMZ,Stock,1214.0,4.89,2021-11-18,2026-10-09,6389.0,NO,2021-11-18,591200.0,1786.0
NU,Stock,1213.0,4.83,2021-12-09,2026-10-09,75383344.0,NO,2024-08-30,561757400.0,770.0
VNAM,ETF,1212.0,4.83,2021-12-10,2026-10-09,1790.0,NO,2025-04-04,158200.0,553.0
TMFM,ETF,1211.0,4.82,2021-12-13,2026-10-09,4586.0,NO,2024-12-18,373800.0,660.0
TMFG,ETF,1211.0,4.82,2021-12-13,2026-10-09,1434.0,NO,2024-12-18,624400.0,660.0
BEPI,Stock,1210.0,4.82,2021-12-14,2026-10-09,6812.0,NO,2021-12-31,2016800.0,1743.0
IOT,Stock,1209.0,4.82,2021-12-15,2026-10-09,3305515.0,NO,2026-03-06,33401800.0,217.0
ABLD,ETF,1209.0,4.82,2021-12-15,2026-10-09,26747.0,NO,2026-10-08,2930900.0,1.0
GDMN,ETF,1208.0,4.81,2021-12-16,2026-10-09,24050.0,NO,2026-09-24,388100.0,15.0
NPFD,Stock,1208.0,4.81,2021-12-16,2026-10-09,69319.0,NO,2021-12-16,2535700.0,1758.0
FSIG,ETF,1206.0,4.89,2021-11-18,2026-10-09,606832.0,NO,2022-12-29,8419600.0,1380.0
RITA,ETF,1205.0,4.83,2021-12-09,2026-10-09,512.0,NO,2021-12-21,419200.0,1753.0
MNSBP,Stock,1204.0,6.06,2020-09-16,2026-10-09,292.0,NO,2021-10-15,161400.0,1820.0
FGBIP,Stock,1203.0,5.46,2021-04-23,2026-10-09,1180.0,NO,2021-04-23,59400.0,1995.0
QVMS,ETF,1203.0,5.27,2021-06-30,2026-10-08,19000.0,NO,2022-06-29,2368900.0,1562.0
IBTL,ETF,1203.0,5.11,2021-08-30,2026-10-09,306496.0,NO,2025-03-11,2051800.0,577.0
PSMJ,ETF,1202.0,5.27,2021-07-02,2026-10-09,561.0,NO,2022-06-30,480000.0,1562.0
BSMV,ETF,1202.0,5.05,2021-09-21,2026-10-09,59745.0,NO,2023-10-30,396300.0,1075.0
QCLR,ETF,1202.0,5.12,2021-08-26,2026-10-09,4671.0,NO,2022-09-30,58600.0,1470.0
ICAP,ETF,1200.0,4.78,2021-12-29,2026-10-09,15427.0,NO,2023-02-09,188600.0,1338.0
WTAI,ETF,1200.0,4.83,2021-12-09,2026-10-09,164129.0,NO,2025-12-17,2709400.0,296.0
PPI,ETF,1199.0,4.77,2021-12-30,2026-10-09,25528.0,NO,2022-01-10,882200.0,1733.0
TMFE,ETF,1198.0,4.77,2021-12-31,2026-10-09,6824.0,NO,2025-08-12,332500.0,423.0
TMFX,ETF,1198.0,4.77,2021-12-31,2026-10-09,14934.0,NO,2022-01-12,273800.0,1731.0
UPAR,ETF,1196.0,4.76,2022-01-04,2026-10-09,2896.0,NO,2023-01-05,3306900.0,1373.0
LFMDP,Stock,1195.0,5.01,2021-10-05,2026-10-09,359.0,NO,2024-02-08,506600.0,974.0
PTRB,ETF,1195.0,4.84,2021-12-08,2026-10-09,302668.0,NO,2026-01-13,2721800.0,269.0
QVMM,ETF,1195.0,5.28,2021-06-30,2026-10-09,599.0,NO,2021-06-30,8019200.0,1927.0
BKCI,ETF,1193.0,4.83,2021-12-09,2026-10-09,3617.0,NO,2024-10-01,1543400.0,738.0
AMLX,Stock,1193.0,4.75,2022-01-07,2026-10-09,1471480.0,NO,2024-03-08,61466800.0,945.0
FCNCO,Stock,1193.0,4.75,2022-01-07,2026-10-09,29350.0,NO,2023-02-28,768400.0,1319.0
ELC,Stock,1193.0,4.75,2022-01-07,2026-10-09,18621.0,NO,2024-01-02,334100.0,1011.0
UMMA,ETF,1193.0,4.75,2022-01-07,2026-10-09,52830.0,NO,2022-01-07,860100.0,1736.0
OXLCO,Stock,1192.0,5.16,2021-08-11,2026-10-09,389.0,NO,2021-08-11,379900.0,1885.0
MSMR,ETF,1191.0,4.89,2021-11-17,2026-10-09,9598.0,NO,2025-01-22,470200.0,625.0
JBBB,ETF,1190.0,4.74,2022-01-12,2026-10-09,474711.0,NO,2024-06-12,4788300.0,849.0
AVSC,ETF,1189.0,4.74,2022-01-13,2026-10-09,201657.0,NO,2024-03-26,2599900.0,927.0
TPG,Stock,1189.0,4.74,2022-01-13,2026-10-09,3255858.0,NO,2022-01-13,14928500.0,1730.0
FPAG,ETF,1188.0,4.81,2021-12-17,2026-10-09,33973.0,NO,2026-03-19,911800.0,204.0
CEG,Stock,1186.0,4.72,2022-01-19,2026-10-09,3785046.0,NO,2022-02-02,23860900.0,1710.0
SEA,ETF,1185.0,4.72,2022-01-20,2026-10-09,39648.0,NO,2026-03-06,418800.0,217.0
GFGF,ETF,1184.0,4.81,2021-12-16,2026-10-09,6.0,NO,2021-12-16,257200.0,1758.0
SAMT,ETF,1182.0,4.7,2022-01-25,2026-10-09,177486.0,NO,2026-06-15,765900.0,116.0
CPLB,ETF,1182.0,5.28,2021-06-29,2026-10-09,174238.0,NO,2024-10-03,5889200.0,736.0
JHPI,ETF,1181.0,4.82,2021-12-15,2026-10-09,163572.0,NO,2025-08-04,623000.0,431.0
CRDO,Stock,1180.0,4.7,2022-01-27,2026-10-09,6294335.0,NO,2026-06-26,38637200.0,105.0
EART,ETF,1179.0,4.7,2022-01-27,2026-10-09,10013.0,NO,2023-08-31,261500.0,1135.0
SAGP,ETF,1179.0,4.7,2022-01-25,2026-10-09,2537.0,NO,2023-11-08,161000.0,1066.0
CLST,Stock,1176.0,4.99,2021-10-13,2026-10-09,5789.0,NO,2021-10-13,1345800.0,1822.0
EFSCP,Stock,1175.0,4.91,2021-11-11,2026-10-09,3241.0,NO,2024-03-22,368800.0,931.0
PWRD,ETF,1175.0,4.68,2022-02-03,2026-10-09,83188.0,NO,2026-05-20,1339900.0,142.0
WINN,ETF,1175.0,4.68,2022-02-03,2026-10-09,209143.0,NO,2024-05-28,1159100.0,864.0
MDEV,ETF,1175.0,5.29,2021-06-24,2026-10-08,200.0,NO,2021-10-28,1025300.0,1806.0
MIG,ETF,1173.0,5.85,2020-12-02,2026-10-09,1659.0,NO,2025-05-07,353800.0,520.0
NVCT,Stock,1173.0,4.68,2022-02-04,2026-10-09,152959.0,NO,2022-02-07,43338700.0,1705.0
FHYS,ETF,1173.0,4.81,2021-12-17,2026-10-09,311519.0,NO,2021-12-17,990600.0,1757.0
WGMI,ETF,1172.0,4.67,2022-02-08,2026-10-09,329660.0,NO,2025-03-04,2252000.0,584.0
FEDM,ETF,1171.0,5.05,2021-09-21,2026-10-08,43100.0,NO,2022-05-19,192600.0,1603.0
HGER,ETF,1170.0,4.66,2022-02-10,2026-10-09,1202035.0,NO,2026-03-27,10842700.0,196.0
JHMB,ETF,1169.0,5.14,2021-08-20,2026-10-09,41063.0,NO,2026-09-30,1134100.0,9.0
XTJA,ETF,1168.0,4.76,2022-01-03,2026-10-09,4332.0,NO,2023-11-13,213700.0,1061.0
TIME,ETF,1167.0,4.69,2022-01-28,2026-10-07,700.0,NO,2022-12-05,1294100.0,1402.0
NOVZ,ETF,1167.0,5.93,2020-11-02,2026-10-09,1006.0,NO,2025-07-14,302700.0,452.0
CDX,ETF,1165.0,4.64,2022-02-17,2026-10-09,52620.0,NO,2024-04-03,2232400.0,919.0
HYBL,ETF,1165.0,4.64,2022-02-17,2026-10-09,265425.0,NO,2023-06-06,1225300.0,1221.0
GEMD,ETF,1164.0,4.64,2022-02-18,2026-10-09,2114.0,NO,2025-04-23,1220100.0,534.0
TCHI,ETF,1163.0,4.68,2022-02-01,2026-10-09,4718.0,NO,2025-03-18,319400.0,570.0
FSYD,ETF,1163.0,4.64,2022-02-17,2026-10-09,8031.0,NO,2025-04-04,91200.0,553.0
CLSE,ETF,1162.0,4.63,2022-02-22,2026-10-09,201541.0,NO,2025-03-06,1165300.0,582.0
DUHP,ETF,1161.0,4.62,2022-02-24,2026-10-09,726988.0,NO,2024-07-31,6805400.0,800.0
DFAR,ETF,1161.0,4.62,2022-02-24,2026-10-09,2647699.0,NO,2026-09-08,8750600.0,31.0
CGGO,ETF,1161.0,4.62,2022-02-24,2026-10-09,1109827.0,NO,2026-01-28,5495700.0,254.0
CGDV,ETF,1161.0,4.62,2022-02-24,2026-10-09,2368724.0,NO,2023-09-28,31576600.0,1107.0
CGGR,ETF,1161.0,4.62,2022-02-24,2026-10-09,3298881.0,NO,2025-10-17,13399300.0,357.0
CGXU,ETF,1161.0,4.62,2022-02-24,2026-10-09,1022268.0,NO,2025-06-25,6302500.0,471.0
CGCP,ETF,1161.0,4.62,2022-02-24,2026-10-09,3739497.0,NO,2026-09-14,5845200.0,25.0
CGUS,ETF,1161.0,4.62,2022-02-24,2026-10-09,727083.0,NO,2025-08-15,10263500.0,420.0
DFSV,ETF,1161.0,4.62,2022-02-24,2026-10-09,1076554.0,NO,2025-04-04,8422300.0,553.0
SBND,ETF,1159.0,5.04,2021-09-24,2026-10-09,68614.0,NO,2026-07-10,1003500.0,91.0
MMSC,ETF,1159.0,4.99,2021-10-14,2026-10-09,5073.0,NO,2025-11-18,368300.0,325.0
THRO,ETF,1158.0,4.81,2021-12-16,2026-10-09,484330.0,NO,2025-05-20,94275700.0,507.0
HAUS,ETF,1157.0,4.61,2022-03-01,2026-10-08,10100.0,NO,2024-08-27,83300.0,772.0
QTJA,ETF,1154.0,4.76,2022-01-03,2026-10-09,1120.0,NO,2023-01-18,575800.0,1360.0
PRAY,ETF,1153.0,4.67,2022-02-08,2026-10-09,1327.0,NO,2026-07-15,131700.0,86.0
CTA,ETF,1153.0,4.59,2022-03-08,2026-10-09,522144.0,NO,2025-04-04,3125000.0,553.0
BBUC,Stock,1150.0,4.59,2022-03-07,2026-10-09,272472.0,NO,2026-06-26,6931400.0,105.0
BFIX,ETF,1149.0,4.66,2022-02-10,2026-10-09,3138.0,NO,2023-01-23,650100.0,1355.0
EICA,Stock,1148.0,4.97,2021-10-19,2026-10-09,9442.0,NO,2021-10-19,447900.0,1816.0
DGIN,ETF,1148.0,4.64,2022-02-17,2026-10-09,725.0,NO,2024-04-04,131200.0,918.0
AVSU,ETF,1146.0,4.56,2022-03-17,2026-10-09,5291.0,NO,2022-10-10,374100.0,1460.0
RHTX,ETF,1146.0,4.91,2021-11-09,2026-10-07,100.0,NO,2022-03-29,603300.0,1653.0
TCBS,Stock,1146.0,5.23,2021-07-16,2026-10-09,6387.0,NO,2021-07-16,372600.0,1911.0
KMPB,Stock,1146.0,4.57,2022-03-16,2026-10-09,11796.0,NO,2022-03-31,778400.0,1653.0
VERS,ETF,1145.0,4.56,2022-03-17,2026-10-09,201.0,NO,2024-04-22,71500.0,900.0
GSWO,ETF,1145.0,4.56,2022-03-18,2026-10-09,39362.0,NO,2022-03-25,5459500.0,1659.0
DARP,ETF,1145.0,4.81,2021-12-17,2026-10-09,1364.0,NO,2023-10-05,484100.0,1100.0
QTR,ETF,1144.0,5.12,2021-08-26,2026-10-09,133.0,NO,2022-01-24,93900.0,1719.0
XCLR,ETF,1143.0,5.54,2021-03-25,2026-10-09,377.0,NO,2025-03-10,200300.0,578.0
AVSD,ETF,1143.0,4.56,2022-03-17,2026-10-09,22984.0,NO,2026-08-19,848000.0,51.0
TACK,ETF,1142.0,4.55,2022-03-23,2026-10-09,14161.0,NO,2026-07-31,301300.0,70.0
DISV,ETF,1141.0,4.54,2022-03-24,2026-10-09,290145.0,NO,2022-06-06,2727000.0,1586.0
DFIS,ETF,1141.0,4.54,2022-03-24,2026-10-09,434286.0,NO,2025-10-22,6533100.0,352.0
DFIC,ETF,1141.0,4.54,2022-03-24,2026-10-09,2022379.0,NO,2022-10-13,7634900.0,1457.0
MMCA,ETF,1141.0,4.8,2021-12-21,2026-10-09,44660.0,NO,2021-12-21,2000100.0,1753.0
EUDA,Stock,1141.0,4.82,2021-12-14,2026-10-09,12691.0,NO,2026-04-23,4734000.0,169.0
DIHP,ETF,1141.0,4.54,2022-03-24,2026-10-09,416569.0,NO,2024-03-26,5107500.0,927.0
VCLN,ETF,1139.0,5.18,2021-08-04,2026-10-09,705.0,NO,2023-08-22,244000.0,1144.0
GHTA,ETF,1139.0,4.89,2021-11-17,2026-10-09,914.0,NO,2022-12-20,269800.0,1389.0
AGGH,ETF,1138.0,4.64,2022-02-17,2026-10-09,68639.0,NO,2026-09-04,3963300.0,35.0
UVIX,ETF,1137.0,4.53,2022-03-30,2026-10-09,1974594.0,NO,2026-03-03,5635180.0,220.0
SVIX,ETF,1137.0,4.53,2022-03-30,2026-10-09,1093801.0,NO,2025-04-07,63788800.0,550.0
SEMI,ETF,1137.0,4.53,2022-03-30,2026-10-09,3642.0,NO,2022-06-27,826600.0,1565.0
OBND,ETF,1136.0,5.03,2021-09-28,2026-10-09,166.0,NO,2026-08-24,989800.0,46.0
GDE,ETF,1136.0,4.56,2022-03-17,2026-10-09,264939.0,NO,2025-06-12,789300.0,484.0
OACP,ETF,1136.0,4.53,2022-03-31,2026-10-09,993850.0,NO,2022-03-31,1589700.0,1653.0
AVSE,ETF,1135.0,4.53,2022-03-31,2026-10-09,9999.0,NO,2025-06-13,186900.0,483.0
ESAB,Stock,1134.0,4.53,2022-03-29,2026-10-09,1093148.0,NO,2026-10-08,2511600.0,1.0
NUTX,Stock,1134.0,4.51,2022-04-04,2026-10-09,171185.0,NO,2025-07-22,1422400.0,444.0
RSEE,ETF,1134.0,4.71,2022-01-21,2026-10-09,39813.0,NO,2022-02-11,289200.0,1701.0
PSMD,ETF,1133.0,5.79,2020-12-23,2026-10-08,2300.0,NO,2024-03-26,257700.0,926.0
CAPE,ETF,1133.0,4.51,2022-04-05,2026-10-09,7633.0,NO,2022-06-16,2387100.0,1576.0
MARZ,ETF,1131.0,5.6,2021-03-02,2026-10-09,648.0,NO,2024-04-01,591400.0,921.0
IBHI,ETF,1130.0,4.58,2022-03-10,2026-10-09,110392.0,NO,2025-09-11,1214000.0,393.0
FEIG,ETF,1130.0,5.05,2021-09-21,2026-10-08,44900.0,NO,2023-09-26,255400.0,1108.0
DBND,ETF,1130.0,4.5,2022-04-08,2026-10-09,113850.0,NO,2026-03-10,814800.0,213.0
JCPI,ETF,1129.0,4.5,2022-04-11,2026-10-09,29275.0,NO,2024-02-27,4923900.0,955.0
APLD,Stock,1127.0,4.49,2022-04-13,2026-10-09,23535071.0,NO,2025-06-02,239746500.0,494.0
EE,Stock,1127.0,4.49,2022-04-13,2026-10-09,254134.0,NO,2022-04-13,11900700.0,1640.0
OXLCZ,Stock,1126.0,4.73,2022-01-14,2026-10-09,3474.0,NO,2022-04-28,137900.0,1625.0
PAB,ETF,1124.0,5.48,2021-04-15,2026-10-09,7051.0,NO,2026-05-19,1062000.0,143.0
OND,ETF,1123.0,4.94,2021-10-29,2026-10-09,386.0,NO,2025-07-31,43800.0,435.0
FDIG,ETF,1122.0,4.47,2022-04-21,2026-10-09,13027.0,NO,2024-03-12,462000.0,941.0
FMET,ETF,1122.0,4.47,2022-04-21,2026-10-09,8548.0,NO,2025-06-24,114300.0,472.0
WEED,ETF,1122.0,4.47,2022-04-20,2026-10-09,3965.0,NO,2025-12-18,394400.0,295.0
SIHY,ETF,1121.0,5.06,2021-09-16,2026-10-09,4179.0,NO,2025-09-11,374700.0,393.0
RWEM,ETF,1120.0,4.81,2021-12-16,2026-10-09,118975.0,NO,2022-01-21,1178900.0,1722.0
JANZ,ETF,1119.0,5.76,2021-01-05,2026-10-09,1418.0,NO,2026-05-04,725500.0,158.0
IBHH,ETF,1119.0,4.57,2022-03-16,2026-10-09,69368.0,NO,2026-01-06,903500.0,276.0
DFEM,ETF,1118.0,4.45,2022-04-27,2026-10-09,822472.0,NO,2025-04-08,4804200.0,549.0
DEHP,ETF,1118.0,4.45,2022-04-27,2026-10-09,52955.0,NO,2022-08-29,1157700.0,1502.0
IBLC,ETF,1118.0,4.45,2022-04-27,2026-10-09,4221.0,NO,2025-11-14,149800.0,329.0
DFEV,ETF,1118.0,4.45,2022-04-27,2026-10-09,1115266.0,NO,2026-03-06,1895600.0,217.0
FEUS,ETF,1117.0,5.05,2021-09-21,2026-10-09,600.0,NO,2024-05-22,131700.0,870.0
BLTE,Stock,1116.0,4.45,2022-04-29,2026-10-09,158399.0,NO,2022-05-03,7495900.0,1620.0
TARK,ETF,1115.0,4.44,2022-05-02,2026-10-09,7889.0,NO,2022-12-13,2686400.0,1396.0
EVMT,ETF,1114.0,4.45,2022-04-27,2026-10-09,254.0,NO,2026-03-04,279200.0,219.0
PABU,ETF,1114.0,4.47,2022-04-20,2026-10-09,13.0,NO,2023-05-23,3605100.0,1235.0
JEPQ,ETF,1113.0,4.43,2022-05-04,2026-10-09,3617727.0,NO,2025-04-04,22360000.0,553.0
BLCO,Stock,1111.0,4.43,2022-05-06,2026-10-09,234317.0,NO,2022-05-06,15225300.0,1617.0
BNGE,ETF,1111.0,4.67,2022-02-04,2026-10-07,200.0,NO,2022-02-11,111000.0,1699.0
JMEE,ETF,1110.0,4.42,2022-05-09,2026-10-09,108609.0,NO,2025-03-03,1358200.0,585.0
DFUV,ETF,1110.0,4.42,2022-05-09,2026-10-09,207852.0,NO,2024-07-31,5040100.0,800.0
ESMV,ETF,1108.0,4.91,2021-11-11,2026-10-09,17.0,NO,2024-02-08,647500.0,974.0
NBDS,ETF,1106.0,4.51,2022-04-07,2026-10-09,1372.0,NO,2026-06-15,2091900.0,116.0
PSMO,ETF,1105.0,5.01,2021-10-04,2026-10-08,47900.0,NO,2024-10-01,833500.0,737.0
WLTG,ETF,1104.0,4.84,2021-12-07,2026-10-09,2431.0,NO,2024-12-05,141300.0,673.0
BWBBP,Stock,1104.0,5.14,2021-08-18,2026-10-09,418.0,NO,2021-08-18,66100.0,1878.0
TILL,ETF,1104.0,4.4,2022-05-17,2026-10-09,45245.0,NO,2022-08-08,1914500.0,1523.0
RWLC,ETF,1103.0,4.81,2021-12-16,2026-10-09,107984.0,NO,2021-12-20,3413500.0,1754.0
KONG,ETF,1102.0,5.21,2021-07-22,2026-10-08,1200.0,NO,2021-07-30,271400.0,1896.0
TUG,ETF,1101.0,4.39,2022-05-20,2026-10-09,13.0,NO,2022-05-23,6501700.0,1600.0
SEIM,ETF,1100.0,4.39,2022-05-18,2026-10-09,57849.0,NO,2024-02-13,12625300.0,969.0
JPRE,ETF,1100.0,4.38,2022-05-23,2026-10-09,29025.0,NO,2023-02-07,2231800.0,1340.0
SEIV,ETF,1100.0,4.39,2022-05-18,2026-10-09,98184.0,NO,2024-02-13,13262700.0,969.0
SEPQ,ETF,1099.0,4.39,2022-05-20,2026-10-09,19790.0,NO,2023-06-21,394600.0,1206.0
GDIV,ETF,1099.0,4.38,2022-05-23,2026-10-09,7329.0,NO,2025-03-17,1831100.0,571.0
SEIQ,ETF,1097.0,4.39,2022-05-19,2026-10-09,32685.0,NO,2024-02-13,6038800.0,969.0
SUPL,ETF,1094.0,4.51,2022-04-07,2026-10-09,1163.0,NO,2022-04-29,16100.0,1624.0
XCCC,ETF,1093.0,4.37,2022-05-26,2026-10-09,98029.0,NO,2025-10-14,2466100.0,360.0
EKG,ETF,1090.0,4.55,2022-03-23,2026-10-09,2308.0,NO,2023-11-29,332700.0,1045.0
VABS,ETF,1089.0,5.66,2021-02-10,2026-10-09,11794.0,NO,2025-09-03,1379400.0,401.0
LONZ,ETF,1087.0,4.33,2022-06-09,2026-10-09,61971.0,NO,2025-04-04,1253600.0,553.0
XBB,ETF,1085.0,4.37,2022-05-26,2026-10-09,7887.0,NO,2025-03-26,2724100.0,562.0
HFSI,ETF,1084.0,5.05,2021-09-22,2026-10-09,390868.0,NO,2026-01-08,1778200.0,274.0
TINT,ETF,1084.0,4.95,2021-10-27,2026-10-09,211.0,NO,2022-03-17,26200.0,1667.0
GVLU,ETF,1084.0,4.34,2022-06-08,2026-10-09,1334.0,NO,2023-01-09,1544000.0,1369.0
JIRE,ETF,1084.0,4.32,2022-06-15,2026-10-09,436938.0,NO,2025-12-31,7928400.0,282.0
SVRN,Stock,1083.0,4.86,2021-11-30,2026-10-09,86408.0,NO,2026-03-03,5494625.0,220.0
XB,ETF,1082.0,4.37,2022-05-26,2026-10-09,4271.0,NO,2022-05-26,275900.0,1597.0
FER,Stock,1082.0,14.13,2012-08-21,2026-10-09,1710479.0,NO,2025-12-19,62023100.0,294.0
BITI,ETF,1081.0,4.3,2022-06-21,2026-10-09,1398077.0,NO,2026-02-05,11169600.0,246.0
PSFJ,ETF,1081.0,5.27,2021-07-01,2026-10-09,3335.0,NO,2026-07-07,188600.0,94.0
SELV,ETF,1078.0,4.39,2022-05-18,2026-10-09,13505.0,NO,2024-02-13,3083100.0,969.0
CLOI,ETF,1075.0,4.3,2022-06-23,2026-10-09,256671.0,NO,2026-09-22,2440200.0,17.0
IBDX,ETF,1074.0,4.28,2022-06-30,2026-10-09,414292.0,NO,2025-12-16,2851400.0,297.0
SSXU,ETF,1073.0,4.27,2022-07-01,2026-10-09,1691.0,NO,2023-05-26,225700.0,1232.0
HNVR,Stock,1072.0,4.41,2022-05-11,2026-10-09,21760.0,NO,2025-06-27,565100.0,469.0
FGDL,ETF,1068.0,4.28,2022-06-30,2026-10-09,7184.0,NO,2023-02-23,2086000.0,1324.0
APLM,Stock,1066.0,4.87,2021-11-26,2026-10-09,8792.0,NO,2024-11-18,16778222.0,690.0
IBTM,ETF,1065.0,4.25,2022-07-08,2026-10-09,206742.0,NO,2025-09-04,2313800.0,400.0
NVDS,ETF,1065.0,4.24,2022-07-14,2026-10-09,151205.0,NO,2025-10-29,2753100.0,345.0
TSLQ,ETF,1065.0,4.24,2022-07-14,2026-10-09,7092045.0,NO,2025-09-15,35040967.0,389.0
IMPPP,Stock,1064.0,4.84,2021-12-06,2026-10-08,200.0,NO,2025-04-14,41900.0,542.0
PSCW,ETF,1063.0,5.52,2021-04-01,2026-10-07,100.0,NO,2026-01-02,543500.0,278.0
MEM,ETF,1061.0,4.24,2022-07-14,2026-10-09,1115.0,NO,2023-05-23,939600.0,1235.0
IPX,Stock,1061.0,4.3,2022-06-21,2026-10-09,609069.0,NO,2023-06-13,14305900.0,1214.0
MCH,ETF,1057.0,4.24,2022-07-14,2026-10-08,500.0,NO,2023-01-06,681800.0,1371.0
MINV,ETF,1057.0,4.24,2022-07-14,2026-10-09,2932.0,NO,2022-12-12,1709300.0,1397.0
PFRL,ETF,1056.0,4.36,2022-05-31,2026-10-09,39360.0,NO,2025-04-04,752400.0,553.0
BCDF,ETF,1051.0,4.19,2022-08-02,2026-10-09,288.0,NO,2023-11-09,40300.0,1065.0
CGV,ETF,1050.0,4.19,2022-08-01,2026-10-09,12424.0,NO,2022-11-16,482700.0,1423.0
STCE,ETF,1050.0,4.18,2022-08-04,2026-10-09,72830.0,NO,2026-09-25,761000.0,14.0
ECBK,Stock,1047.0,4.2,2022-07-28,2026-10-09,6290.0,NO,2022-07-28,1934400.0,1534.0
JGRO,ETF,1047.0,4.17,2022-08-09,2026-10-09,393377.0,NO,2024-11-12,4463000.0,696.0
DRLL,ETF,1047.0,4.17,2022-08-09,2026-10-09,14636.0,NO,2022-08-17,2150300.0,1514.0
OXLCN,Stock,1047.0,4.33,2022-06-10,2026-10-09,13590.0,NO,2022-06-17,74000.0,1575.0
TBIL,ETF,1047.0,4.17,2022-08-09,2026-10-09,1624479.0,NO,2025-04-04,6557200.0,553.0
UTEN,ETF,1047.0,4.17,2022-08-09,2026-10-09,81285.0,NO,2023-11-01,992200.0,1073.0
UTWO,ETF,1047.0,4.17,2022-08-09,2026-10-09,131375.0,NO,2024-01-22,812700.0,991.0
AAPU,ETF,1047.0,4.17,2022-08-09,2026-10-09,1529105.0,NO,2025-08-08,17954100.0,427.0
TSLS,ETF,1046.0,4.16,2022-08-10,2026-10-09,228871.0,NO,2025-11-20,12671280.0,323.0
AAPB,ETF,1046.0,4.16,2022-08-10,2026-10-09,28565.0,NO,2025-08-08,1340300.0,427.0
BULD,ETF,1045.0,4.43,2022-05-06,2026-10-09,110.0,NO,2026-07-09,151900.0,92.0
AOTG,ETF,1042.0,4.28,2022-06-29,2026-10-09,2470.0,NO,2022-06-29,624900.0,1563.0
GCT,Stock,1040.0,4.14,2022-08-18,2026-10-09,754251.0,NO,2022-08-19,36268800.0,1512.0
APRZ,ETF,1039.0,5.52,2021-04-01,2026-10-08,1600.0,NO,2024-07-01,663400.0,829.0
HYGW,ETF,1038.0,4.13,2022-08-22,2026-10-09,17719.0,NO,2024-10-30,3033200.0,709.0
TLTW,ETF,1037.0,4.13,2022-08-23,2026-10-09,1480057.0,NO,2026-03-20,4934600.0,203.0
FDLS,ETF,1036.0,4.13,2022-08-24,2026-10-09,123671.0,NO,2022-08-25,1601900.0,1506.0
FRMEP,Stock,1036.0,6.13,2020-08-18,2026-10-06,1100.0,NO,2020-11-19,71100.0,2147.0
LQDW,ETF,1036.0,4.13,2022-08-24,2026-10-09,87672.0,NO,2026-07-24,1735700.0,77.0
PDBA,ETF,1035.0,4.13,2022-08-24,2026-10-09,56839.0,NO,2026-09-11,3895500.0,28.0
ODDS,ETF,1035.0,4.5,2022-04-11,2026-10-09,175.0,NO,2025-07-02,51400.0,464.0
TFPM,Stock,1032.0,4.11,2022-08-30,2026-10-09,261064.0,NO,2025-05-16,2898100.0,511.0
SPYI,ETF,1031.0,4.11,2022-08-30,2026-10-09,2136671.0,NO,2026-03-03,10743800.0,220.0
XUSP,ETF,1029.0,4.16,2022-08-11,2026-10-09,2463.0,NO,2025-04-08,269900.0,549.0
MSFU,ETF,1027.0,4.09,2022-09-07,2026-10-09,2167460.0,NO,2026-07-30,23941600.0,71.0
AMZU,ETF,1027.0,4.09,2022-09-07,2026-10-09,2134231.0,NO,2026-02-06,15917400.0,245.0
GGLL,ETF,1027.0,4.09,2022-09-07,2026-10-09,990690.0,NO,2025-05-07,11451700.0,520.0
SIFI,ETF,1026.0,5.06,2021-09-16,2026-10-09,365.0,NO,2026-09-10,233900.0,29.0
XEMD,ETF,1026.0,4.28,2022-06-30,2026-10-09,113382.0,NO,2022-06-30,4403600.0,1562.0
IDVO,ETF,1026.0,4.08,2022-09-08,2026-10-09,178980.0,NO,2026-05-28,1468900.0,134.0
GABF,ETF,1026.0,4.42,2022-05-10,2026-10-09,2270.0,NO,2026-01-15,108400.0,267.0
BSCW,ETF,1025.0,4.08,2022-09-09,2026-10-09,312342.0,NO,2026-09-21,2658800.0,18.0
AGNCL,Stock,1025.0,4.08,2022-09-09,2026-10-09,5270.0,NO,2022-09-30,684100.0,1470.0
TRFM,ETF,1024.0,4.24,2022-07-12,2026-10-09,9972.0,NO,2026-10-01,814500.0,8.0
THLV,ETF,1023.0,4.07,2022-09-13,2026-10-09,4300.0,NO,2022-11-04,1354000.0,1435.0
IBRN,ETF,1023.0,4.11,2022-08-29,2026-10-09,2418.0,NO,2023-12-05,50300.0,1039.0
YEAR,ETF,1022.0,4.07,2022-09-14,2026-10-09,222571.0,NO,2022-09-14,3008000.0,1486.0
OAEM,ETF,1021.0,4.07,2022-09-15,2026-10-09,38616.0,NO,2024-07-31,712700.0,800.0
STXF,ETF,1021.0,4.07,2022-09-15,2026-10-09,80693.0,NO,2022-09-21,970100.0,1479.0
CRBG,Stock,1020.0,4.06,2022-09-16,2026-10-09,4423763.0,NO,2025-12-16,39081000.0,297.0
GGLS,ETF,1020.0,4.06,2022-09-16,2026-10-09,117329.0,NO,2026-04-30,4427790.0,162.0
XONE,ETF,1020.0,4.06,2022-09-16,2026-10-09,198124.0,NO,2023-06-06,13921000.0,1221.0
DVND,ETF,1020.0,4.18,2022-08-05,2026-10-09,295.0,NO,2026-05-08,234800.0,154.0
OAIM,ETF,1020.0,4.06,2022-09-16,2026-10-09,30507.0,NO,2023-07-06,755400.0,1191.0
TAFI,ETF,1020.0,4.07,2022-09-14,2026-10-09,393461.0,NO,2026-10-06,2838700.0,3.0
XHLF,ETF,1019.0,4.06,2022-09-16,2026-10-09,667648.0,NO,2023-06-06,10070000.0,1221.0
CSHI,ETF,1018.0,4.11,2022-08-30,2026-10-09,1063491.0,NO,2026-09-09,1430500.0,30.0
MSBIP,Stock,1018.0,4.11,2022-08-29,2026-10-09,2680.0,NO,2022-09-30,535000.0,1470.0
CCSO,ETF,1016.0,4.05,2022-09-21,2026-10-09,1232.0,NO,2022-09-23,154100.0,1477.0
XTWO,ETF,1014.0,4.05,2022-09-19,2026-10-09,63137.0,NO,2025-01-28,748000.0,619.0
XC,ETF,1014.0,4.05,2022-09-22,2026-10-09,2986.0,NO,2023-02-21,487000.0,1326.0
MBINM,Stock,1012.0,4.04,2022-09-26,2026-10-09,5554.0,NO,2025-09-12,718000.0,392.0
NXTE,ETF,1011.0,4.03,2022-09-29,2026-10-09,1843.0,NO,2024-03-06,996200.0,947.0
AVGE,ETF,1011.0,4.03,2022-09-29,2026-10-09,43630.0,NO,2026-08-05,243000.0,65.0
BYRE,ETF,1010.0,4.39,2022-05-19,2026-10-09,2744.0,NO,2022-05-19,199600.0,1604.0
NBET,ETF,1009.0,4.51,2022-04-07,2026-10-09,2233.0,NO,2024-10-23,603400.0,716.0
ARVR,ETF,1009.0,4.47,2022-04-20,2026-10-09,470.0,NO,2024-09-30,70700.0,739.0
MOOD,ETF,1008.0,4.39,2022-05-19,2026-10-09,44248.0,NO,2026-02-18,339900.0,233.0
TRFK,ETF,1008.0,4.33,2022-06-10,2026-10-09,155699.0,NO,2025-11-20,640500.0,323.0
BSJU,ETF,1007.0,4.05,2022-09-20,2026-10-09,44384.0,NO,2025-06-24,381400.0,472.0
TSME,ETF,1007.0,4.01,2022-10-05,2026-10-09,48123.0,NO,2025-09-22,3145200.0,382.0
SMOT,ETF,1006.0,4.01,2022-10-06,2026-10-09,13231.0,NO,2023-07-13,1524900.0,1184.0
SHOC,ETF,1006.0,4.01,2022-10-06,2026-10-09,9054.0,NO,2024-07-17,277200.0,814.0
MPTI,Stock,1005.0,4.02,2022-10-03,2026-10-09,68514.0,NO,2024-03-26,555100.0,927.0
YALL,ETF,1003.0,3.99,2022-10-11,2026-10-09,2044.0,NO,2022-10-11,502200.0,1459.0
OSEA,ETF,1003.0,4.08,2022-09-08,2026-10-09,27204.0,NO,2026-01-08,2324800.0,274.0
HFND,ETF,1003.0,3.99,2022-10-11,2026-10-09,5641.0,NO,2022-11-15,1280800.0,1424.0
DSMC,ETF,1002.0,4.01,2022-10-06,2026-10-09,7026.0,NO,2022-10-06,312600.0,1464.0
MODL,ETF,1002.0,3.99,2022-10-12,2026-10-09,16147.0,NO,2026-01-23,1277300.0,259.0
SCMB,ETF,1002.0,3.99,2022-10-12,2026-10-09,4155844.0,NO,2025-04-22,81759400.0,535.0
PBDC,ETF,1001.0,4.02,2022-09-30,2026-10-09,48693.0,NO,2026-04-15,1125400.0,177.0
QQQS,ETF,1001.0,3.99,2022-10-13,2026-10-09,2570.0,NO,2024-07-12,88300.0,819.0
SDRL,Stock,1000.0,3.99,2022-10-14,2026-10-09,459973.0,NO,2023-06-23,8437100.0,1204.0
BBLU,ETF,999.0,3.98,2022-10-17,2026-10-09,55003.0,NO,2023-01-09,2926800.0,1369.0
IRVH,ETF,997.0,4.25,2022-07-07,2026-10-07,100.0,NO,2024-04-23,95900.0,897.0
XCOR,ETF,997.0,3.98,2022-10-17,2026-10-08,100.0,NO,2023-01-23,159000.0,1354.0
MSTQ,ETF,996.0,4.56,2022-03-16,2026-10-08,500.0,NO,2023-12-04,183300.0,1039.0
RDVI,ETF,996.0,3.97,2022-10-20,2026-10-09,1245898.0,NO,2026-09-30,3736800.0,9.0
NBCM,ETF,994.0,3.96,2022-10-24,2026-10-09,100283.0,NO,2023-02-01,1474800.0,1346.0
UYLD,ETF,993.0,3.96,2022-10-25,2026-10-09,494173.0,NO,2026-09-14,10317100.0,25.0
AMID,ETF,993.0,4.15,2022-08-17,2026-10-09,3962.0,NO,2022-08-17,303000.0,1514.0
MISL,ETF,992.0,3.95,2022-10-26,2026-10-09,36482.0,NO,2025-12-12,31632600.0,301.0
BMN,Stock,991.0,3.95,2022-10-27,2026-10-09,40080.0,NO,2023-12-13,262000.0,1031.0
CGMS,ETF,991.0,3.95,2022-10-27,2026-10-09,1220931.0,NO,2026-08-20,6480700.0,50.0
BRNY,ETF,991.0,3.99,2022-10-14,2026-10-09,50586.0,NO,2025-03-05,332500.0,583.0
RXO,Stock,991.0,3.95,2022-10-27,2026-10-09,1926876.0,NO,2023-01-04,23780600.0,1374.0
CGSD,ETF,991.0,3.95,2022-10-27,2026-10-09,1482937.0,NO,2026-09-22,3743300.0,17.0
CGMU,ETF,991.0,3.95,2022-10-27,2026-10-09,3085491.0,NO,2024-07-25,21003000.0,806.0
HIGH,ETF,989.0,3.95,2022-10-28,2026-10-09,20356.0,NO,2024-09-27,2393500.0,742.0
DVAL,ETF,988.0,3.94,2022-10-31,2026-10-09,168.0,NO,2024-07-31,2649600.0,800.0
BUCK,ETF,988.0,3.95,2022-10-28,2026-10-09,118027.0,NO,2025-01-31,4536300.0,616.0
JUCY,ETF,988.0,3.94,2022-11-01,2026-10-09,15739.0,NO,2024-02-12,2115600.0,970.0
DFSE,ETF,987.0,3.93,2022-11-02,2026-10-09,25108.0,NO,2022-11-03,535400.0,1436.0
DFSI,ETF,987.0,3.93,2022-11-02,2026-10-09,28326.0,NO,2022-11-03,806800.0,1436.0
DFSU,ETF,987.0,3.93,2022-11-02,2026-10-09,59595.0,NO,2023-03-02,5233800.0,1317.0
DIVD,ETF,987.0,4.02,2022-09-30,2026-10-09,8606.0,NO,2025-04-16,76700.0,541.0
EIPX,ETF,983.0,3.93,2022-11-03,2026-10-09,5540.0,NO,2023-10-19,1984700.0,1086.0
BPAY,ETF,983.0,4.13,2022-08-23,2026-10-09,1853.0,NO,2025-12-18,30600.0,295.0
ADPV,ETF,983.0,3.93,2022-11-04,2026-10-09,7934.0,NO,2023-02-13,210600.0,1334.0
SFLR,ETF,982.0,3.92,2022-11-09,2026-10-09,223795.0,NO,2026-05-20,5981500.0,142.0
UBND,ETF,982.0,5.01,2021-10-05,2026-10-09,344381.0,NO,2025-08-01,7518900.0,434.0
CVAR,ETF,982.0,4.79,2021-12-23,2026-10-08,1800.0,NO,2022-01-07,441900.0,1735.0
CARY,ETF,981.0,3.92,2022-11-08,2026-10-09,329265.0,NO,2026-02-27,4399800.0,224.0
AVIE,ETF,981.0,4.03,2022-09-29,2026-10-09,2627.0,NO,2023-06-15,193300.0,1212.0
ATAT,Stock,980.0,3.91,2022-11-11,2026-10-09,775605.0,NO,2025-04-11,4603100.0,546.0
STXK,ETF,980.0,3.91,2022-11-11,2026-10-09,3595.0,NO,2023-06-02,236000.0,1225.0
BRLN,ETF,980.0,4.01,2022-10-06,2026-10-09,4760.0,NO,2024-02-12,165500.0,970.0
STXV,ETF,980.0,3.91,2022-11-11,2026-10-09,6879.0,NO,2025-03-04,255100.0,584.0
PSCX,ETF,980.0,5.79,2020-12-23,2026-10-09,441.0,NO,2026-01-02,415100.0,280.0
STXG,ETF,979.0,3.91,2022-11-11,2026-10-09,4790.0,NO,2023-06-02,242300.0,1225.0
STXD,ETF,979.0,3.91,2022-11-11,2026-10-09,1458.0,NO,2026-01-02,222000.0,280.0
BNDI,ETF,979.0,4.11,2022-08-30,2026-10-09,17586.0,NO,2024-09-25,493500.0,744.0
OBIL,ETF,978.0,3.9,2022-11-15,2026-10-09,26572.0,NO,2025-05-19,614400.0,508.0
DFSB,ETF,977.0,3.9,2022-11-16,2026-10-09,71870.0,NO,2023-11-27,1362700.0,1047.0
TUA,ETF,977.0,3.9,2022-11-16,2026-10-09,96377.0,NO,2023-06-07,6439100.0,1220.0
FDV,ETF,977.0,3.9,2022-11-16,2026-10-09,113317.0,NO,2026-04-22,1858500.0,170.0
TFLR,ETF,974.0,3.89,2022-11-18,2026-10-09,100818.0,NO,2026-02-26,1335400.0,225.0
FG,Stock,973.0,3.88,2022-11-22,2026-10-09,693882.0,NO,2026-05-18,7565500.0,144.0
PSFO,ETF,973.0,5.02,2021-10-01,2026-10-09,3070.0,NO,2025-11-11,192600.0,332.0
THYF,ETF,972.0,3.95,2022-10-26,2026-10-09,36440.0,NO,2025-04-29,2952400.0,528.0
FTGS,ETF,972.0,3.95,2022-10-26,2026-10-09,105809.0,NO,2024-09-27,1978700.0,742.0
BAM,Stock,967.0,3.85,2022-12-01,2026-10-09,3543261.0,NO,2025-06-27,23014800.0,469.0
AZTD,ETF,967.0,4.13,2022-08-22,2026-10-08,200.0,NO,2022-12-29,652600.0,1379.0
FIAX,ETF,967.0,3.86,2022-11-30,2026-10-09,12678.0,NO,2024-10-29,2012900.0,710.0
VOXP,ETF,966.0,3.92,2022-11-04,2026-10-07,100.0,NO,2022-11-04,2440000.0,1433.0
INTL,ETF,966.0,3.85,2022-12-02,2026-10-09,7324.0,NO,2022-12-02,1383500.0,1407.0
LRND,ETF,966.0,4.67,2022-02-08,2026-10-09,17.0,NO,2025-12-12,2168300.0,301.0
HIDE,ETF,966.0,3.89,2022-11-17,2026-10-09,2489.0,NO,2026-06-04,504000.0,127.0
ION,ETF,965.0,3.85,2022-12-01,2026-10-09,5603.0,NO,2026-04-14,48900.0,178.0
XSVN,ETF,965.0,4.04,2022-09-26,2026-10-09,72549.0,NO,2026-09-15,2295000.0,24.0
GUSA,ETF,965.0,4.49,2022-04-13,2026-10-08,300.0,NO,2026-10-05,380300.0,3.0
SDSI,ETF,964.0,3.99,2022-10-13,2026-10-09,156470.0,NO,2025-09-18,750900.0,386.0
DFGR,ETF,963.0,3.84,2022-12-07,2026-10-09,469010.0,NO,2022-12-08,2309800.0,1401.0
DFLV,ETF,963.0,3.84,2022-12-07,2026-10-09,714878.0,NO,2022-12-09,4094100.0,1400.0
XTEN,ETF,963.0,3.99,2022-10-13,2026-10-09,102641.0,NO,2025-02-27,3862000.0,589.0
QVOY,ETF,963.0,3.84,2022-12-07,2026-10-09,3194.0,NO,2022-12-12,517900.0,1397.0
OCTZ,ETF,960.0,6.02,2020-10-01,2026-10-09,709.0,NO,2026-04-30,596800.0,162.0
EQTY,ETF,960.0,3.82,2022-12-12,2026-10-09,4922.0,NO,2023-01-25,4493500.0,1353.0
NVDL,ETF,959.0,3.82,2022-12-13,2026-10-09,7189875.0,NO,2025-01-27,275820900.0,620.0
BABX,ETF,959.0,3.82,2022-12-13,2026-10-09,895119.0,NO,2026-05-13,6537000.0,149.0
PSCJ,ETF,958.0,5.27,2021-07-01,2026-10-07,100.0,NO,2025-05-13,407100.0,512.0
XTWY,ETF,958.0,3.99,2022-10-12,2026-10-09,238396.0,NO,2025-12-16,3282000.0,297.0
GEHC,Stock,957.0,3.82,2022-12-15,2026-10-09,2856400.0,NO,2023-01-04,33338500.0,1374.0
FBL,ETF,956.0,3.82,2022-12-13,2026-10-09,470707.0,NO,2025-10-30,16201300.0,344.0
SHPP,ETF,955.0,4.33,2022-06-10,2026-10-09,256.0,NO,2025-11-03,176200.0,340.0
XFIV,ETF,955.0,4.07,2022-09-15,2026-10-09,231663.0,NO,2025-04-14,12034700.0,543.0
QGRW,ETF,951.0,3.8,2022-12-22,2026-10-09,144637.0,NO,2025-03-10,5423700.0,578.0
MEDI,ETF,951.0,3.89,2022-11-17,2026-10-09,1537.0,NO,2026-05-19,229900.0,143.0
GGTL,ETF,951.0,4.76,2022-01-05,2026-10-08,2800.0,NO,2026-03-17,95700.0,205.0
FMCX,ETF,951.0,4.45,2022-04-25,2026-10-07,800.0,NO,2022-06-01,39600.0,1589.0
BOXX,ETF,949.0,3.78,2022-12-28,2026-10-09,2778248.0,NO,2026-09-09,7517400.0,30.0
PSMR,ETF,948.0,5.52,2021-04-01,2026-10-08,300.0,NO,2025-03-20,491800.0,567.0
COWG,ETF,947.0,3.78,2022-12-30,2026-10-09,155387.0,NO,2025-11-13,1760500.0,330.0
OCCIN,Stock,946.0,4.84,2021-12-06,2026-10-09,2139.0,NO,2024-01-23,121600.0,990.0
PIT,ETF,945.0,3.8,2022-12-22,2026-10-09,36494.0,NO,2026-06-15,435900.0,116.0
XTRE,ETF,943.0,3.99,2022-10-12,2026-10-09,25046.0,NO,2026-09-30,1112800.0,9.0
PJFG,ETF,943.0,3.82,2022-12-14,2026-10-09,694.0,NO,2023-01-18,640200.0,1360.0
XNAV,ETF,943.0,3.97,2022-10-17,2026-10-07,100.0,NO,2023-05-25,26500.0,1231.0
SHDG,ETF,942.0,3.96,2022-10-25,2026-10-09,2110.0,NO,2026-08-26,182700.0,44.0
EFRA,ETF,942.0,3.93,2022-11-03,2026-10-09,306.0,NO,2023-10-13,42100.0,1092.0
VTS,Stock,941.0,3.75,2023-01-10,2026-10-09,271920.0,NO,2023-01-17,6021800.0,1361.0
CLOA,ETF,939.0,3.74,2023-01-12,2026-10-09,463367.0,NO,2026-10-05,8278400.0,4.0
ICLO,ETF,939.0,3.83,2022-12-09,2026-10-09,89346.0,NO,2025-04-04,2148200.0,553.0
SNAV,ETF,939.0,3.74,2023-01-11,2026-10-09,1901.0,NO,2024-10-01,963500.0,738.0
SKWD,Stock,938.0,3.74,2023-01-13,2026-10-09,241501.0,NO,2023-01-13,4172700.0,1365.0
WCEO,ETF,938.0,3.75,2023-01-09,2026-10-09,4383.0,NO,2026-08-07,38400.0,63.0
LCLG,ETF,937.0,4.17,2022-08-08,2026-10-09,244.0,NO,2023-01-04,30600.0,1374.0
SAY,Stock,936.0,3.81,2022-12-16,2026-10-09,8367.0,NO,2022-12-16,97600.0,1393.0
PRFD,ETF,935.0,3.72,2023-01-19,2026-10-09,13203.0,NO,2023-05-23,1353900.0,1235.0
ERET,ETF,933.0,3.89,2022-11-18,2026-10-09,10.0,NO,2025-09-11,77600.0,393.0
MEMX,ETF,933.0,3.74,2023-01-11,2026-10-09,1934.0,NO,2024-05-31,268800.0,861.0
CPII,ETF,932.0,4.28,2022-06-29,2026-10-09,833.0,NO,2022-06-29,338900.0,1563.0
CLOZ,ETF,932.0,3.71,2023-01-24,2026-10-09,342585.0,NO,2026-02-25,4144300.0,226.0
FCSH,ETF,931.0,4.8,2021-12-17,2026-10-07,300.0,NO,2025-07-10,2065700.0,454.0
HAPI,ETF,930.0,3.99,2022-10-13,2026-10-08,1100.0,NO,2022-10-26,2437400.0,1443.0
NYAX,Stock,930.0,4.05,2022-09-21,2026-10-09,8577.0,NO,2022-09-22,398600.0,1478.0
JLQD,ETF,929.0,5.08,2021-09-09,2026-10-07,200.0,NO,2022-07-14,100000.0,1546.0
FTBD,ETF,928.0,3.7,2023-01-26,2026-10-09,5478.0,NO,2023-01-26,297900.0,1352.0
STXE,ETF,927.0,3.69,2023-01-31,2026-10-09,4163.0,NO,2023-01-31,4005600.0,1347.0
CVSB,ETF,926.0,3.69,2023-02-01,2026-10-09,11157.0,NO,2024-10-30,1998200.0,709.0
CVLC,ETF,926.0,3.69,2023-02-01,2026-10-09,22834.0,NO,2023-04-04,555600.0,1284.0
PSCQ,ETF,925.0,5.01,2021-10-04,2026-10-09,611.0,NO,2024-11-20,478700.0,688.0
SETM,ETF,925.0,3.68,2023-02-02,2026-10-09,69036.0,NO,2026-05-07,1438400.0,155.0
CVIE,ETF,925.0,3.69,2023-02-01,2026-10-09,17594.0,NO,2025-08-14,315600.0,421.0
COPJ,ETF,925.0,3.68,2023-02-02,2026-10-09,44459.0,NO,2026-01-26,1161700.0,256.0
URNJ,ETF,925.0,3.68,2023-02-02,2026-10-09,416686.0,NO,2025-03-06,1967900.0,582.0
ENLT,Stock,924.0,3.76,2023-01-05,2026-10-09,104427.0,NO,2023-02-10,4633700.0,1337.0
GPCR,Stock,924.0,3.68,2023-02-03,2026-10-09,592794.0,NO,2025-12-08,19520000.0,305.0
ASST,Stock,924.0,3.68,2023-02-03,2026-10-09,8368902.0,NO,2025-10-27,54170565.0,347.0
GCAD,ETF,923.0,3.76,2023-01-04,2026-10-09,1498.0,NO,2026-06-17,39400.0,114.0
PSFM,ETF,922.0,5.52,2021-04-01,2026-10-07,100.0,NO,2023-07-05,108700.0,1190.0
NANC,ETF,922.0,3.67,2023-02-07,2026-10-09,9564.0,NO,2025-04-07,353200.0,550.0
GOP,ETF,922.0,3.67,2023-02-07,2026-10-09,4546.0,NO,2025-01-21,71400.0,626.0
RSBT,ETF,921.0,3.67,2023-02-08,2026-10-09,15936.0,NO,2024-12-09,695100.0,669.0
SNPG,ETF,921.0,3.91,2022-11-11,2026-10-09,711.0,NO,2025-10-15,126900.0,359.0
NXT,Stock,920.0,3.66,2023-02-09,2026-10-09,1322063.0,NO,2026-06-26,27197700.0,105.0
HSAI,Stock,920.0,3.66,2023-02-09,2026-10-09,530104.0,NO,2024-11-26,36501600.0,682.0
MLYS,Stock,919.0,3.66,2023-02-10,2026-10-09,895212.0,NO,2025-09-02,15718600.0,402.0
FSUN,Stock,919.0,4.18,2022-08-03,2026-10-09,163253.0,NO,2025-06-27,1939800.0,469.0
ARP,ETF,917.0,3.8,2022-12-22,2026-10-09,6798.0,NO,2022-12-27,463300.0,1382.0
TUSI,ETF,916.0,4.16,2022-08-10,2026-10-09,243235.0,NO,2026-04-24,978800.0,168.0
MEDX,ETF,915.0,3.69,2023-01-31,2026-10-09,148.0,NO,2025-05-01,24400.0,526.0
SROI,ETF,914.0,3.67,2023-02-06,2026-10-09,1263.0,NO,2023-03-16,153200.0,1303.0
FEBZ,ETF,910.0,5.68,2021-02-01,2026-10-08,3400.0,NO,2025-08-01,102600.0,433.0
BKGI,ETF,909.0,3.93,2022-11-04,2026-10-09,580061.0,NO,2026-09-17,6923100.0,22.0
HBANL,Stock,907.0,3.61,2023-02-28,2026-10-09,20703.0,NO,2023-03-31,3640300.0,1288.0
UDI,ETF,905.0,4.34,2022-06-08,2026-10-09,280.0,NO,2022-06-08,201200.0,1584.0
CVMC,ETF,904.0,3.69,2023-02-01,2026-10-09,1552.0,NO,2023-12-14,187400.0,1030.0
XBIL,ETF,903.0,3.59,2023-03-07,2026-10-09,82887.0,NO,2023-12-08,1750400.0,1036.0
SIO,ETF,901.0,4.13,2022-08-23,2026-10-09,59939.0,NO,2026-08-17,700700.0,53.0
VTES,ETF,901.0,3.59,2023-03-09,2026-10-09,552192.0,NO,2026-09-10,3680300.0,29.0
CAOS,ETF,901.0,3.59,2023-03-06,2026-10-09,51494.0,NO,2025-08-26,895200.0,409.0
BSMW,ETF,900.0,3.61,2023-03-02,2026-10-09,88606.0,NO,2026-04-22,1041200.0,170.0
SUPP,ETF,899.0,3.65,2023-02-15,2026-10-09,19.0,NO,2023-10-30,82900.0,1075.0
BSVO,ETF,899.0,3.58,2023-03-13,2026-10-09,338683.0,NO,2025-04-04,2835200.0,553.0
MNBD,ETF,895.0,4.39,2022-05-20,2026-10-09,12322.0,NO,2022-05-20,799400.0,1603.0
CDEI,ETF,895.0,3.68,2023-02-01,2026-10-08,2500.0,NO,2024-07-17,101500.0,813.0
UCRD,ETF,894.0,5.01,2021-10-05,2026-10-09,1000.0,NO,2021-10-05,4030800.0,1830.0
BITC,ETF,893.0,3.55,2023-03-21,2026-10-09,2672.0,NO,2024-01-11,78700.0,1002.0
NVIR,ETF,891.0,3.62,2023-02-22,2026-10-08,400.0,NO,2023-09-19,69200.0,1115.0
FWD,ETF,891.0,3.55,2023-03-22,2026-10-09,122384.0,NO,2026-03-23,1808600.0,200.0
SURI,ETF,890.0,3.66,2023-02-10,2026-10-09,406.0,NO,2024-04-05,330900.0,917.0
UTHY,ETF,887.0,3.53,2023-03-28,2026-10-09,87838.0,NO,2026-06-09,777600.0,122.0
CR,Stock,887.0,3.53,2023-03-29,2026-10-09,250834.0,NO,2026-01-27,1887900.0,255.0
HARD,ETF,887.0,3.53,2023-03-29,2026-10-09,3412.0,NO,2025-02-03,580500.0,613.0
DYTA,ETF,886.0,3.53,2023-03-30,2026-10-09,3860.0,NO,2023-05-19,646500.0,1239.0
HSHP,Stock,885.0,3.53,2023-03-31,2026-10-09,584354.0,NO,2023-06-23,3095400.0,1204.0
FCUS,ETF,885.0,3.78,2022-12-30,2026-10-09,18518.0,NO,2025-11-13,265800.0,330.0
IWFG,ETF,885.0,4.3,2022-06-23,2026-10-09,615.0,NO,2025-09-30,660100.0,374.0
SGLC,ETF,885.0,3.53,2023-03-31,2026-10-09,5020.0,NO,2023-08-01,399000.0,1165.0
APRJ,ETF,884.0,3.52,2023-04-03,2026-10-09,18254.0,NO,2023-04-03,389800.0,1285.0
SNPD,ETF,883.0,3.9,2022-11-16,2026-10-09,364.0,NO,2026-04-08,101400.0,184.0
DCRE,ETF,881.0,3.52,2023-04-04,2026-10-09,50851.0,NO,2024-09-12,775300.0,757.0
JUNZ,ETF,881.0,5.36,2021-06-01,2026-10-09,906.0,NO,2023-05-01,359700.0,1257.0
APRH,ETF,881.0,3.52,2023-04-03,2026-10-09,14911.0,NO,2023-05-02,245300.0,1256.0
CAMX,ETF,880.0,3.65,2023-02-13,2026-10-07,100.0,NO,2024-08-08,37600.0,790.0
MAGS,ETF,879.0,3.5,2023-04-11,2026-10-09,3253308.0,NO,2026-06-03,12230600.0,128.0
UTRE,ETF,879.0,3.53,2023-03-28,2026-10-09,605.0,NO,2024-01-11,187200.0,1002.0
DMBS,ETF,878.0,3.51,2023-04-06,2026-10-09,115428.0,NO,2023-06-13,1534100.0,1214.0
IBOT,ETF,878.0,3.5,2023-04-10,2026-10-09,5918.0,NO,2024-12-23,158000.0,655.0
NSLRL,Stock,877.0,4.81,2021-12-17,2026-10-09,1477.0,NO,2024-08-12,630000.0,788.0
FTAIM,Stock,877.0,3.59,2023-03-09,2026-10-09,3584.0,NO,2023-03-09,945800.0,1310.0
UFIV,ETF,876.0,3.53,2023-03-28,2026-10-09,2761.0,NO,2025-08-14,439100.0,421.0
MSGE,Stock,875.0,3.48,2023-04-17,2026-10-09,258775.0,NO,2023-06-23,5614100.0,1204.0
JPSV,ETF,875.0,3.59,2023-03-08,2026-10-09,2036.0,NO,2024-04-25,48700.0,897.0
HDUS,ETF,873.0,3.89,2022-11-17,2026-10-09,3625.0,NO,2026-08-18,1283700.0,52.0
FDAT,ETF,872.0,3.47,2023-04-20,2026-10-09,423.0,NO,2023-08-17,55300.0,1149.0
LOWV,ETF,871.0,3.53,2023-03-28,2026-10-09,7490.0,NO,2024-04-08,122900.0,914.0
VEMY,ETF,869.0,3.82,2022-12-13,2026-10-09,14877.0,NO,2026-10-01,658800.0,8.0
DOGG,ETF,867.0,3.45,2023-04-27,2026-10-09,12498.0,NO,2025-04-04,489100.0,553.0
WRND,ETF,866.0,4.67,2022-02-08,2026-10-09,49.0,NO,2023-06-09,227400.0,1218.0
APIE,ETF,863.0,3.44,2023-05-03,2026-10-09,47839.0,NO,2024-04-08,10454500.0,914.0
APUE,ETF,863.0,3.44,2023-05-03,2026-10-09,74954.0,NO,2024-04-08,18618400.0,914.0
ETEC,ETF,863.0,3.53,2023-03-31,2026-10-09,443.0,NO,2026-01-28,16300.0,254.0
USCA,ETF,863.0,3.5,2023-04-06,2026-10-07,100.0,NO,2026-07-08,6012100.0,91.0
APCB,ETF,863.0,3.44,2023-05-03,2026-10-09,53500.0,NO,2024-04-08,10425500.0,914.0
CAFG,ETF,862.0,3.44,2023-05-02,2026-10-09,3450.0,NO,2026-08-03,423500.0,67.0
JCHI,ETF,862.0,3.56,2023-03-17,2026-10-09,261.0,NO,2024-09-30,34900.0,739.0
KVUE,Stock,862.0,3.43,2023-05-04,2026-10-09,24213090.0,NO,2023-08-24,372341300.0,1142.0
BWET,ETF,858.0,3.44,2023-05-03,2026-10-09,105520.0,NO,2024-01-30,657200.0,983.0
MAYZ,ETF,857.0,5.43,2021-05-03,2026-10-07,2500.0,NO,2021-05-03,260300.0,1983.0
APMU,ETF,857.0,3.44,2023-05-03,2026-10-09,89191.0,NO,2023-05-05,1164100.0,1253.0
HYFI,ETF,855.0,3.4,2023-05-15,2026-10-09,26658.0,NO,2025-07-29,816400.0,437.0
EMM,ETF,855.0,3.4,2023-05-15,2026-10-09,12011.0,NO,2025-02-28,268200.0,588.0
EMC,ETF,855.0,3.4,2023-05-15,2026-10-09,1045.0,NO,2023-09-07,1098300.0,1128.0
MDLV,ETF,854.0,3.45,2023-04-26,2026-10-08,2400.0,NO,2023-05-23,545300.0,1234.0
HIDV,ETF,854.0,3.53,2023-03-28,2026-10-09,711.0,NO,2025-06-27,323100.0,469.0
CMDT,ETF,853.0,3.41,2023-05-11,2026-10-09,30096.0,NO,2025-07-17,5061600.0,449.0
BBLB,ETF,853.0,3.47,2023-04-20,2026-10-09,4338.0,NO,2023-06-07,510200.0,1220.0
WELD,ETF,852.0,3.41,2023-05-11,2026-10-09,22037.0,NO,2025-02-07,2136700.0,609.0
CHAT,ETF,852.0,3.39,2023-05-18,2026-10-09,171253.0,NO,2026-06-05,1714000.0,126.0
BINC,ETF,849.0,3.38,2023-05-23,2026-10-09,1808865.0,NO,2026-05-28,35063000.0,134.0
UTWY,ETF,849.0,3.53,2023-03-28,2026-10-09,3486.0,NO,2023-12-08,754800.0,1036.0
FUSI,ETF,849.0,3.55,2023-03-22,2026-10-09,72857.0,NO,2024-06-04,740300.0,857.0
TOLL,ETF,849.0,3.41,2023-05-11,2026-10-09,875.0,NO,2026-06-26,249800.0,105.0
LCF,ETF,849.0,4.14,2022-08-19,2026-10-09,6339.0,NO,2025-01-21,140900.0,626.0
USVN,ETF,849.0,3.53,2023-03-28,2026-10-09,99.0,NO,2024-01-04,69800.0,1009.0
ATMU,Stock,846.0,3.37,2023-05-26,2026-10-09,524187.0,NO,2024-03-20,14939200.0,933.0
IBMR,ETF,844.0,3.41,2023-05-11,2026-10-09,364898.0,NO,2024-03-21,605700.0,932.0
GTOH,ETF,843.0,3.82,2022-12-13,2026-10-08,600.0,NO,2024-12-09,109000.0,668.0
BLCV,ETF,843.0,3.38,2023-05-23,2026-10-09,3861.0,NO,2025-12-04,400100.0,309.0
BDGS,ETF,842.0,3.41,2023-05-11,2026-10-09,219.0,NO,2023-05-11,440700.0,1247.0
BBSB,ETF,842.0,3.47,2023-04-20,2026-10-09,694.0,NO,2023-09-18,106300.0,1117.0
ECML,ETF,841.0,3.38,2023-05-23,2026-10-07,100.0,NO,2025-04-17,218000.0,538.0
BBEM,ETF,841.0,3.41,2023-05-11,2026-10-09,949.0,NO,2025-09-12,5437000.0,392.0
KNF,Stock,840.0,3.34,2023-06-06,2026-10-09,598024.0,NO,2023-06-23,6308700.0,1204.0
JHDV,ETF,839.0,4.02,2022-09-30,2026-10-07,200.0,NO,2022-09-30,190200.0,1468.0
TLN,Stock,839.0,3.35,2023-06-02,2026-10-09,1249666.0,NO,2025-08-27,7201500.0,408.0
INCM,ETF,838.0,3.34,2023-06-08,2026-10-09,455336.0,NO,2024-04-24,2053100.0,898.0
LANDP,Stock,838.0,3.34,2023-06-08,2026-10-09,12757.0,NO,2023-06-13,187300.0,1214.0
RUNN,ETF,838.0,3.34,2023-06-08,2026-10-09,11371.0,NO,2026-07-20,1676600.0,81.0
LALT,ETF,837.0,3.68,2023-02-02,2026-10-09,210733.0,NO,2026-06-29,5674200.0,102.0
EGUS,ETF,837.0,3.68,2023-02-03,2026-10-09,3090.0,NO,2025-01-27,331400.0,620.0
FDTX,ETF,836.0,3.33,2023-06-12,2026-10-09,18961.0,NO,2024-02-22,136600.0,960.0
FDCF,ETF,836.0,3.33,2023-06-12,2026-10-09,3500.0,NO,2024-06-25,59300.0,836.0
FMED,ETF,836.0,3.33,2023-06-12,2026-10-09,1976.0,NO,2026-05-06,571200.0,156.0
FDFF,ETF,836.0,3.33,2023-06-12,2026-10-09,1268.0,NO,2026-08-31,44800.0,39.0
FBOT,ETF,836.0,3.33,2023-06-12,2026-10-09,9265.0,NO,2025-05-09,491800.0,518.0
USNZ,ETF,835.0,4.27,2022-06-30,2026-10-08,100.0,NO,2022-06-30,864200.0,1561.0
CAVA,Stock,833.0,3.32,2023-06-15,2026-10-09,1663491.0,NO,2025-08-13,41571000.0,422.0
TCAF,ETF,833.0,3.32,2023-06-15,2026-10-09,405181.0,NO,2026-03-26,3878900.0,197.0
TOUS,ETF,832.0,3.32,2023-06-15,2026-10-09,183844.0,NO,2025-03-25,4686800.0,563.0
TGRT,ETF,831.0,3.32,2023-06-15,2026-10-09,75656.0,NO,2026-06-23,4977900.0,108.0
FDIF,ETF,831.0,3.3,2023-06-20,2026-10-09,1748.0,NO,2026-07-07,245800.0,94.0
TMSL,ETF,831.0,3.32,2023-06-15,2026-10-09,458487.0,NO,2025-03-26,4210600.0,562.0
FTRE,Stock,831.0,3.32,2023-06-16,2026-10-09,874269.0,NO,2023-07-05,23950900.0,1192.0
IQHI,ETF,830.0,3.95,2022-10-25,2026-10-07,8700.0,NO,2023-05-17,2228800.0,1239.0
REAI,ETF,830.0,3.32,2023-06-13,2026-10-09,18.0,NO,2025-07-29,140900.0,437.0
HCMT,ETF,829.0,3.3,2023-06-22,2026-10-09,29154.0,NO,2023-06-27,4970900.0,1200.0
PYLD,ETF,829.0,3.3,2023-06-22,2026-10-09,6314936.0,NO,2026-01-12,18850000.0,270.0
VFLO,ETF,829.0,3.3,2023-06-22,2026-10-09,1592293.0,NO,2025-02-28,8023500.0,588.0
CLIP,ETF,829.0,3.3,2023-06-22,2026-10-09,180893.0,NO,2026-06-08,3214600.0,123.0
BILZ,ETF,828.0,3.3,2023-06-22,2026-10-09,182733.0,NO,2024-08-14,1223600.0,786.0
IBDY,ETF,828.0,3.3,2023-06-23,2026-10-09,209290.0,NO,2025-02-10,3083700.0,606.0
BITX,ETF,826.0,3.29,2023-06-27,2026-10-09,7373493.0,NO,2026-02-05,41894400.0,246.0
UNIY,ETF,826.0,3.67,2023-02-07,2026-10-09,3638.0,NO,2023-04-25,2066500.0,1263.0
DFCA,ETF,826.0,3.29,2023-06-27,2026-10-09,231866.0,NO,2023-08-07,2524200.0,1159.0
PHIN,Stock,825.0,3.28,2023-06-28,2026-10-09,277658.0,NO,2023-07-05,12492100.0,1192.0
CRDT,ETF,825.0,3.29,2023-06-27,2026-10-09,1205.0,NO,2023-06-27,1451000.0,1200.0
PBL,ETF,825.0,3.79,2022-12-23,2026-10-07,1600.0,NO,2024-06-25,298900.0,834.0
KGS,Stock,824.0,3.28,2023-06-29,2026-10-09,823110.0,NO,2025-08-05,10519400.0,430.0
PLGO,Stock,824.0,3.28,2023-06-29,2026-10-09,416168.0,NO,2024-03-15,6501000.0,938.0
BEMB,ETF,824.0,3.62,2023-02-24,2026-10-09,373.0,NO,2024-10-02,69200.0,737.0
AVGV,ETF,824.0,3.28,2023-06-29,2026-10-09,11539.0,NO,2025-06-26,556600.0,470.0
IVVB,ETF,823.0,3.28,2023-06-30,2026-10-09,6592.0,NO,2025-03-12,3881400.0,576.0
DUBS,ETF,823.0,3.32,2023-06-14,2026-10-09,28857.0,NO,2023-08-02,1164300.0,1164.0
VTMX,Stock,823.0,3.28,2023-06-30,2026-10-09,50003.0,NO,2023-06-30,3471100.0,1197.0
ICOP,ETF,823.0,3.29,2023-06-26,2026-10-09,29333.0,NO,2026-01-29,1544100.0,253.0
IBHJ,ETF,822.0,3.29,2023-06-26,2026-10-09,67349.0,NO,2026-08-07,711000.0,63.0
EMDM,ETF,822.0,3.6,2023-03-03,2026-10-09,3779.0,NO,2026-07-20,112300.0,81.0
IBTO,ETF,821.0,3.28,2023-06-30,2026-10-09,102304.0,NO,2024-11-06,2739500.0,702.0
TVAL,ETF,821.0,3.32,2023-06-15,2026-10-09,66588.0,NO,2026-06-23,4345500.0,108.0
JHID,ETF,820.0,3.8,2022-12-21,2026-10-09,833.0,NO,2022-12-22,140000.0,1387.0
JULJ,ETF,819.0,3.27,2023-07-03,2026-10-09,10630.0,NO,2023-07-03,185200.0,1194.0
IWLG,ETF,818.0,4.3,2022-06-23,2026-10-09,6165.0,NO,2026-04-28,7581900.0,164.0
SCYB,ETF,817.0,3.25,2023-07-11,2026-10-09,854541.0,NO,2025-09-03,7694100.0,401.0
AVNM,ETF,817.0,3.28,2023-06-29,2026-10-09,46471.0,NO,2025-04-25,1377400.0,532.0
AVMA,ETF,817.0,3.28,2023-06-29,2026-10-09,17274.0,NO,2025-11-24,69000.0,319.0
TFPN,ETF,816.0,3.24,2023-07-12,2026-10-09,4810.0,NO,2024-06-11,873500.0,850.0
MUSQ,ETF,815.0,3.25,2023-07-07,2026-10-07,900.0,NO,2026-07-30,60500.0,69.0
JULH,ETF,815.0,3.27,2023-07-03,2026-10-09,14848.0,NO,2023-07-03,128400.0,1194.0
IVVM,ETF,815.0,3.28,2023-06-30,2026-10-09,13743.0,NO,2026-03-26,616800.0,197.0
AVNV,ETF,814.0,3.28,2023-06-29,2026-10-09,2147.0,NO,2025-04-17,301500.0,540.0
USCL,ETF,814.0,3.34,2023-06-08,2026-10-09,48.0,NO,2023-06-08,42250000.0,1219.0
BCHP,ETF,814.0,3.24,2023-07-13,2026-10-09,13276.0,NO,2025-01-31,758900.0,616.0
JMHI,ETF,813.0,3.23,2023-07-17,2026-10-09,104155.0,NO,2026-07-23,339000.0,78.0
GTOS,ETF,813.0,3.82,2022-12-13,2026-10-09,4660.0,NO,2026-10-07,268400.0,2.0
CHPS,ETF,813.0,3.23,2023-07-17,2026-10-09,26499.0,NO,2026-06-23,145100.0,108.0
JMSI,ETF,813.0,3.23,2023-07-17,2026-10-09,206668.0,NO,2026-09-25,592100.0,14.0
FLOW,ETF,812.0,3.24,2023-07-13,2026-10-09,2035.0,NO,2025-01-31,41300.0,616.0
PSWD,ETF,812.0,3.23,2023-07-17,2026-10-09,3782.0,NO,2026-06-01,32600.0,130.0
TJUL,ETF,812.0,3.23,2023-07-18,2026-10-09,1327.0,NO,2024-07-12,1819700.0,819.0
ODD,Stock,811.0,3.23,2023-07-19,2026-10-09,767089.0,NO,2026-02-25,24094300.0,226.0
MKOR,ETF,811.0,3.23,2023-07-17,2026-10-09,2032.0,NO,2025-08-21,302200.0,414.0
CLOX,ETF,811.0,3.23,2023-07-19,2026-10-09,126432.0,NO,2024-11-08,3111800.0,700.0
EVUS,ETF,810.0,3.68,2023-02-02,2026-10-09,21573.0,NO,2025-09-16,4225900.0,388.0
XOEX,ETF,808.0,3.91,2022-11-10,2026-10-09,455.0,NO,2026-07-31,2216300.0,70.0
BBIB,ETF,808.0,3.47,2023-04-20,2026-10-09,12820.0,NO,2026-10-07,266000.0,2.0
SRHQ,ETF,807.0,4.01,2022-10-05,2026-10-09,224.0,NO,2022-10-05,7200700.0,1465.0
SHUS,ETF,806.0,5.29,2021-06-22,2026-10-07,100.0,NO,2022-10-17,54900.0,1451.0
JPEF,ETF,803.0,3.19,2023-07-31,2026-10-09,62631.0,NO,2026-02-17,2067500.0,234.0
JPLD,ETF,803.0,3.19,2023-07-31,2026-10-09,692758.0,NO,2025-09-09,6190100.0,395.0
SN,Stock,803.0,3.19,2023-07-31,2026-10-09,895172.0,NO,2026-05-15,11957600.0,147.0
FFLS,ETF,802.0,3.3,2023-06-21,2026-10-09,4702.0,NO,2024-05-30,911500.0,862.0
PAAA,ETF,802.0,3.21,2023-07-26,2026-10-09,2020360.0,NO,2026-02-20,12459200.0,231.0
ROE,ETF,802.0,3.19,2023-08-01,2026-10-09,36254.0,NO,2024-07-11,1429500.0,820.0
ZSB,ETF,800.0,3.73,2023-01-13,2026-10-07,100.0,NO,2025-03-11,146700.0,575.0
LLYVK,Stock,799.0,3.18,2023-08-04,2026-10-09,151391.0,NO,2023-08-07,3280100.0,1159.0
LLYVA,Stock,799.0,3.18,2023-08-04,2026-10-09,77158.0,NO,2026-05-14,2066700.0,148.0
TGLR,ETF,797.0,3.17,2023-08-08,2026-10-09,789.0,NO,2023-08-08,97600.0,1158.0
AVDS,ETF,797.0,3.22,2023-07-20,2026-10-09,17506.0,NO,2026-01-22,373300.0,260.0
IQSM,ETF,796.0,3.96,2022-10-25,2026-10-09,132.0,NO,2023-06-16,2044300.0,1211.0
PSDM,ETF,796.0,3.19,2023-08-01,2026-10-09,182439.0,NO,2026-09-08,348300.0,31.0
BUXX,ETF,795.0,3.16,2023-08-10,2026-10-09,235117.0,NO,2026-01-06,1989600.0,276.0
STXT,ETF,795.0,3.16,2023-08-10,2026-10-09,12714.0,NO,2023-08-10,1922000.0,1156.0
SDVD,ETF,794.0,3.16,2023-08-10,2026-10-09,816529.0,NO,2026-04-23,3683500.0,169.0
DBD,Stock,793.0,3.15,2023-08-14,2026-10-09,219988.0,NO,2026-04-09,6485200.0,183.0
MGOV,ETF,793.0,3.18,2023-08-04,2026-10-09,56520.0,NO,2025-10-01,1160600.0,373.0
LSGR,ETF,793.0,3.28,2023-06-29,2026-10-09,20835.0,NO,2024-02-28,1079900.0,954.0
FIIG,ETF,793.0,3.18,2023-08-03,2026-10-09,216670.0,NO,2024-03-27,2858800.0,926.0
SPAQ,ETF,792.0,3.69,2023-01-30,2026-10-09,147.0,NO,2023-03-01,63700.0,1318.0
TDVI,ETF,790.0,3.16,2023-08-10,2026-10-09,385185.0,NO,2026-04-24,1149600.0,168.0
CALI,ETF,790.0,3.24,2023-07-14,2026-10-09,156633.0,NO,2026-09-28,598600.0,11.0
NDIA,ETF,789.0,3.14,2023-08-18,2026-10-09,75494.0,NO,2025-04-11,431400.0,546.0
CSMD,ETF,787.0,3.13,2023-08-22,2026-10-09,21704.0,NO,2026-03-12,1366200.0,211.0
LGRO,ETF,786.0,3.13,2023-08-23,2026-10-09,1440.0,NO,2023-08-24,1358900.0,1142.0
DIVL,ETF,785.0,3.15,2023-08-15,2026-10-08,25100.0,NO,2023-08-17,750900.0,1148.0
CAML,ETF,785.0,3.13,2023-08-22,2026-10-09,6453.0,NO,2025-02-11,619900.0,605.0
VETZ,ETF,784.0,3.19,2023-08-02,2026-10-09,7150.0,NO,2026-04-14,1101100.0,178.0
CANC,ETF,783.0,3.15,2023-08-14,2026-10-09,12331.0,NO,2025-07-03,494200.0,463.0
TSLR,ETF,783.0,3.12,2023-08-28,2026-10-09,882650.0,NO,2025-04-07,16153500.0,550.0
IROC,ETF,782.0,3.82,2022-12-12,2026-10-09,40204.0,NO,2026-08-06,298800.0,64.0
UPGR,ETF,781.0,3.24,2023-07-14,2026-10-09,365.0,NO,2026-05-07,18400.0,155.0
BRAZ,ETF,781.0,3.14,2023-08-18,2026-10-09,1606.0,NO,2025-04-01,54800.0,556.0
AHLT,ETF,780.0,3.11,2023-08-31,2026-10-09,18881.0,NO,2026-05-27,3024400.0,135.0
PWRZ,ETF,778.0,3.83,2022-12-09,2026-10-09,80211.0,NO,2026-05-05,86800.0,157.0
FTWO,ETF,778.0,3.11,2023-08-31,2026-10-09,1899.0,NO,2024-10-29,166000.0,710.0
RSST,ETF,777.0,3.09,2023-09-06,2026-10-09,98706.0,NO,2025-06-12,1014600.0,484.0
HF,ETF,776.0,3.18,2023-08-03,2026-10-08,400.0,NO,2024-12-26,92300.0,651.0
USSE,ETF,773.0,3.11,2023-08-30,2026-10-09,11626.0,NO,2026-03-12,590000.0,211.0
COWS,ETF,772.0,3.07,2023-09-13,2026-10-09,8097.0,NO,2025-01-27,316800.0,620.0
DCOR,ETF,772.0,3.07,2023-09-13,2026-10-09,78811.0,NO,2024-12-26,1592700.0,652.0
NVDU,ETF,772.0,3.07,2023-09-13,2026-10-09,164539.0,NO,2025-01-27,5833400.0,620.0
NVDD,ETF,772.0,3.07,2023-09-13,2026-10-09,153656.0,NO,2025-09-25,3858720.0,379.0
SEZL,Stock,771.0,3.07,2023-09-14,2026-10-09,669317.0,NO,2023-09-19,10405200.0,1116.0
QQQY,ETF,771.0,3.07,2023-09-14,2026-10-09,89303.0,NO,2026-04-09,1135400.0,183.0
JGLO,ETF,771.0,3.07,2023-09-14,2026-10-09,162277.0,NO,2024-11-12,19127900.0,696.0
SHLD,ETF,771.0,3.07,2023-09-14,2026-10-09,680158.0,NO,2025-09-16,8561000.0,388.0
ARM,Stock,771.0,3.07,2023-09-14,2026-10-09,4248039.0,NO,2023-09-14,130534500.0,1121.0
BGIG,ETF,770.0,3.07,2023-09-15,2026-10-09,225736.0,NO,2026-04-02,695400.0,190.0
SMRI,ETF,770.0,3.07,2023-09-14,2026-10-09,2393.0,NO,2023-09-15,370000.0,1120.0
SPDG,ETF,770.0,3.07,2023-09-12,2026-10-08,3300.0,NO,2023-12-11,120500.0,1032.0
IBIE,ETF,769.0,3.06,2023-09-18,2026-10-09,37261.0,NO,2025-05-08,1609200.0,519.0
IBID,ETF,769.0,3.06,2023-09-18,2026-10-09,17141.0,NO,2026-04-02,342400.0,190.0
CART,Stock,768.0,3.06,2023-09-19,2026-10-09,2733163.0,NO,2023-09-19,39495900.0,1116.0
WDTE,ETF,768.0,3.06,2023-09-19,2026-10-09,16412.0,NO,2024-06-20,236000.0,841.0
FTIF,ETF,767.0,3.57,2023-03-15,2026-10-09,1514.0,NO,2024-09-25,23200.0,744.0
KVYO,Stock,767.0,3.05,2023-09-20,2026-10-09,3746595.0,NO,2026-05-06,20093900.0,156.0
LRGC,ETF,767.0,3.05,2023-09-20,2026-10-09,30780.0,NO,2026-03-23,2036200.0,200.0
FDIV,ETF,767.0,3.05,2023-09-20,2026-10-09,3034.0,NO,2023-09-20,1723700.0,1115.0
SRBK,Stock,766.0,3.05,2023-09-20,2026-10-09,45562.0,NO,2025-06-27,1089700.0,469.0
BSCX,ETF,766.0,3.05,2023-09-21,2026-10-09,194309.0,NO,2025-02-10,3677400.0,606.0
IBIH,ETF,765.0,3.05,2023-09-22,2026-10-09,36525.0,NO,2026-06-30,195300.0,101.0
DESK,ETF,765.0,3.05,2023-09-21,2026-10-09,952.0,NO,2026-08-11,225600.0,59.0
BSJV,ETF,764.0,3.05,2023-09-20,2026-10-09,35107.0,NO,2024-02-05,335000.0,977.0
IBIJ,ETF,763.0,3.05,2023-09-22,2026-10-09,29697.0,NO,2025-09-23,192500.0,381.0
IBII,ETF,763.0,3.05,2023-09-22,2026-10-09,102397.0,NO,2026-09-09,357400.0,30.0
IBIF,ETF,762.0,3.04,2023-09-25,2026-10-09,17642.0,NO,2026-04-02,350200.0,190.0
ASIA,ETF,762.0,3.04,2023-09-25,2026-10-09,1538.0,NO,2024-12-20,1096600.0,658.0
DUSB,ETF,762.0,3.03,2023-09-27,2026-10-09,326621.0,NO,2026-10-02,9091400.0,7.0
DFAW,ETF,762.0,3.03,2023-09-27,2026-10-09,78002.0,NO,2026-07-01,651300.0,100.0
BALI,ETF,761.0,3.03,2023-09-28,2026-10-09,460530.0,NO,2026-04-22,4543400.0,170.0
TSEC,ETF,761.0,3.23,2023-07-19,2026-10-09,29295.0,NO,2024-01-19,583000.0,994.0
BAMB,ETF,761.0,3.03,2023-09-28,2026-10-09,1112.0,NO,2023-11-09,387400.0,1065.0
CGIE,ETF,761.0,3.03,2023-09-28,2026-10-09,188180.0,NO,2026-03-03,1470200.0,220.0
CGDG,ETF,761.0,3.03,2023-09-28,2026-10-09,511872.0,NO,2024-07-25,7850800.0,806.0
CGBL,ETF,761.0,3.03,2023-09-28,2026-10-09,816107.0,NO,2026-05-22,9023600.0,140.0
BAMU,ETF,761.0,3.03,2023-09-28,2026-10-09,1205.0,NO,2023-11-09,448100.0,1065.0
CGCB,ETF,760.0,3.03,2023-09-28,2026-10-09,1646255.0,NO,2026-08-11,24371100.0,59.0
REGCO,Stock,760.0,3.12,2023-08-22,2026-10-06,2000.0,NO,2025-01-31,106700.0,613.0
HELO,ETF,760.0,3.03,2023-09-29,2026-10-09,301323.0,NO,2026-07-16,5359700.0,85.0
BAMD,ETF,760.0,3.03,2023-09-29,2026-10-09,3488.0,NO,2023-11-10,460200.0,1064.0
BETH,ETF,759.0,3.02,2023-10-02,2026-10-09,870.0,NO,2025-06-20,42700.0,476.0
OCTH,ETF,759.0,3.02,2023-10-02,2026-10-09,3532.0,NO,2023-10-03,136600.0,1102.0
BETE,ETF,759.0,3.02,2023-10-02,2026-10-09,1485.0,NO,2025-11-11,37200.0,332.0
EETH,ETF,759.0,3.02,2023-10-02,2026-10-09,30368.0,NO,2025-10-01,721900.0,373.0
AVLC,ETF,759.0,3.03,2023-09-28,2026-10-09,71436.0,NO,2024-04-11,798100.0,911.0
OCTJ,ETF,758.0,3.02,2023-10-02,2026-10-09,346.0,NO,2025-04-04,248500.0,553.0
SMIZ,ETF,758.0,3.02,2023-10-03,2026-10-09,12228.0,NO,2024-04-18,439900.0,904.0
USE,ETF,758.0,3.43,2023-05-04,2026-10-07,9800.0,NO,2026-07-23,165700.0,76.0
INDE,ETF,758.0,3.05,2023-09-22,2026-10-09,2661.0,NO,2024-12-20,291400.0,658.0
BAMG,ETF,757.0,3.03,2023-09-28,2026-10-09,3075.0,NO,2023-11-10,452800.0,1064.0
BAMV,ETF,757.0,3.02,2023-10-02,2026-10-09,4869.0,NO,2023-11-10,452700.0,1064.0
SOVF,ETF,757.0,3.02,2023-10-03,2026-10-09,20976.0,NO,2024-07-23,341400.0,808.0
CGSM,ETF,757.0,3.03,2023-09-28,2026-10-09,445322.0,NO,2026-06-22,7637400.0,109.0
VLTO,Stock,757.0,3.01,2023-10-04,2026-10-09,890680.0,NO,2023-10-05,15351900.0,1100.0
BINV,ETF,756.0,3.01,2023-10-05,2026-10-09,13943.0,NO,2026-03-09,945800.0,214.0
BUSA,ETF,756.0,3.01,2023-10-05,2026-10-09,9250.0,NO,2025-02-11,830000.0,605.0
REIX,ETF,756.0,3.41,2023-05-10,2026-10-07,100.0,NO,2026-09-24,699300.0,13.0
CVRT,ETF,756.0,3.01,2023-10-04,2026-10-09,1197.0,NO,2025-04-16,406100.0,541.0
BSMC,ETF,755.0,3.01,2023-10-06,2026-10-09,5449.0,NO,2025-02-11,363400.0,605.0
BAMY,ETF,754.0,3.02,2023-10-03,2026-10-09,4891.0,NO,2023-11-10,221900.0,1064.0
BAMA,ETF,754.0,3.02,2023-10-03,2026-10-09,1227.0,NO,2023-11-10,222400.0,1064.0
IBIG,ETF,754.0,3.01,2023-10-06,2026-10-09,39562.0,NO,2025-04-16,1346200.0,541.0
JTEK,ETF,754.0,3.01,2023-10-05,2026-10-09,157437.0,NO,2023-11-21,1925100.0,1053.0
GSC,ETF,753.0,3.01,2023-10-06,2026-10-09,7042.0,NO,2026-04-16,827900.0,176.0
NATL,Stock,752.0,3.0,2023-10-11,2026-10-09,453301.0,NO,2023-10-17,15487600.0,1088.0
ECO,Stock,752.0,3.15,2023-08-14,2026-10-09,690479.0,NO,2026-09-22,1797000.0,17.0
BIRK,Stock,752.0,3.0,2023-10-11,2026-10-09,884284.0,NO,2023-10-11,15725600.0,1094.0
FEPI,ETF,752.0,3.0,2023-10-11,2026-10-09,220842.0,NO,2024-08-02,553400.0,798.0
BAMO,ETF,752.0,3.02,2023-10-03,2026-10-09,1177.0,NO,2023-11-10,221900.0,1064.0
JBND,ETF,751.0,2.99,2023-10-12,2026-10-09,852084.0,NO,2025-12-17,7674700.0,296.0
BSSX,ETF,751.0,3.05,2023-09-21,2026-10-09,36540.0,NO,2026-10-06,325600.0,3.0
EMSF,ETF,750.0,3.05,2023-09-22,2026-10-09,546.0,NO,2023-12-08,192500.0,1036.0
ACVU,ETF,749.0,2.98,2023-10-16,2026-10-09,7336.0,NO,2025-12-29,585000.0,284.0
REGCP,Stock,747.0,3.13,2023-08-21,2026-10-09,741.0,NO,2024-07-10,230600.0,821.0
JPAN,ETF,747.0,3.05,2023-09-22,2026-10-09,388.0,NO,2025-02-27,26000.0,589.0
CMCI,ETF,747.0,3.13,2023-08-23,2026-10-09,1170.0,NO,2025-01-29,16100.0,618.0
PEMX,ETF,747.0,3.36,2023-05-31,2026-10-09,641.0,NO,2026-06-12,130000.0,119.0
PAPI,ETF,746.0,2.97,2023-10-19,2026-10-09,186052.0,NO,2024-04-22,310000.0,900.0
IRTR,ETF,746.0,2.97,2023-10-19,2026-10-09,2003.0,NO,2026-01-09,132700.0,273.0
ITDD,ETF,746.0,2.97,2023-10-19,2026-10-09,6065.0,NO,2026-09-04,203100.0,35.0
ITDI,ETF,746.0,2.97,2023-10-19,2026-10-09,14257.0,NO,2026-02-19,38700.0,232.0
NVDX,ETF,746.0,2.97,2023-10-19,2026-10-09,2122195.0,NO,2025-01-27,56650200.0,620.0
ITDE,ETF,745.0,2.97,2023-10-20,2026-10-09,5548.0,NO,2026-09-04,203800.0,35.0
ITDF,ETF,745.0,2.97,2023-10-20,2026-10-09,11290.0,NO,2026-09-04,150900.0,35.0
ITDB,ETF,745.0,2.97,2023-10-20,2026-10-09,2717.0,NO,2026-05-06,179500.0,156.0
ITDC,ETF,745.0,2.97,2023-10-20,2026-10-09,12907.0,NO,2025-04-10,93200.0,547.0
ABVX,Stock,745.0,2.97,2023-10-20,2026-10-09,884878.0,NO,2025-07-23,27831900.0,443.0
ITDH,ETF,745.0,2.97,2023-10-20,2026-10-09,11080.0,NO,2025-06-13,105000.0,483.0
EVSB,ETF,743.0,2.97,2023-10-19,2026-10-09,776999.0,NO,2026-02-12,1399400.0,239.0
ANL,Stock,741.0,3.03,2023-09-29,2026-10-09,300012.0,NO,2025-12-29,23639500.0,284.0
ITDG,ETF,740.0,2.95,2023-10-27,2026-10-09,4434.0,NO,2026-09-04,93500.0,35.0
GPIQ,ETF,740.0,2.95,2023-10-27,2026-10-09,1256378.0,NO,2026-06-09,2597000.0,122.0
XRLX,ETF,740.0,3.0,2023-10-10,2026-10-09,2603.0,NO,2023-11-01,104000.0,1073.0
PMTU,Stock,740.0,3.03,2023-09-28,2026-10-09,884.0,NO,2025-05-16,471500.0,511.0
GPIX,ETF,740.0,2.95,2023-10-27,2026-10-09,906022.0,NO,2026-05-20,2249100.0,142.0
XFLX,ETF,739.0,3.0,2023-10-10,2026-10-09,791.0,NO,2026-01-12,908700.0,270.0
PHEQ,ETF,738.0,2.97,2023-10-19,2026-10-09,5328.0,NO,2024-11-01,644300.0,707.0
IWMY,ETF,737.0,2.94,2023-11-01,2026-10-09,39886.0,NO,2025-10-10,502700.0,364.0
SETH,ETF,736.0,2.93,2023-11-02,2026-10-09,9929.0,NO,2025-10-10,510675.0,364.0
DFVX,ETF,736.0,2.93,2023-11-02,2026-10-09,7178.0,NO,2023-11-13,1543500.0,1061.0
BLCR,ETF,735.0,2.95,2023-10-26,2026-10-09,1032139.0,NO,2026-03-12,75105500.0,211.0
JDOC,ETF,734.0,2.93,2023-11-02,2026-10-09,34.0,NO,2024-06-25,23200.0,836.0
FFOG,ETF,734.0,2.92,2023-11-06,2026-10-09,17314.0,NO,2024-08-08,635700.0,792.0
MTBA,ETF,733.0,2.92,2023-11-07,2026-10-09,114723.0,NO,2024-07-09,3228700.0,822.0
TBG,ETF,733.0,2.92,2023-11-07,2026-10-09,79204.0,NO,2023-11-07,1003700.0,1067.0
LQAI,ETF,732.0,2.92,2023-11-07,2026-10-08,500.0,NO,2025-11-12,65500.0,330.0
DFGP,ETF,732.0,2.92,2023-11-08,2026-10-09,296808.0,NO,2026-07-06,5503700.0,95.0
DFGX,ETF,732.0,2.92,2023-11-08,2026-10-09,206821.0,NO,2024-04-19,818700.0,903.0
JSI,ETF,731.0,2.92,2023-11-09,2026-10-09,509841.0,NO,2025-03-31,1097900.0,557.0
DGCB,ETF,731.0,2.92,2023-11-09,2026-10-09,232655.0,NO,2023-11-14,872800.0,1060.0
AVEE,ETF,731.0,2.92,2023-11-09,2026-10-09,3397.0,NO,2026-01-21,168900.0,261.0
KDRN,ETF,731.0,4.79,2021-12-21,2026-10-07,100.0,NO,2022-06-08,81200.0,1582.0
AVMV,ETF,731.0,2.92,2023-11-09,2026-10-09,26860.0,NO,2024-08-30,674400.0,770.0
AVMC,ETF,731.0,2.92,2023-11-09,2026-10-09,24903.0,NO,2024-05-06,654600.0,886.0
JIVE,ETF,730.0,3.07,2023-09-14,2026-10-09,382741.0,NO,2026-04-29,2314400.0,163.0
HG,Stock,730.0,2.91,2023-11-10,2026-10-09,246480.0,NO,2023-11-10,4339000.0,1064.0
SOFR,ETF,727.0,2.9,2023-11-15,2026-10-09,1082.0,NO,2025-04-09,1004900.0,548.0
QLTY,ETF,727.0,2.9,2023-11-15,2026-10-09,394749.0,NO,2024-01-29,4061400.0,984.0
THTA,ETF,727.0,2.9,2023-11-15,2026-10-09,37129.0,NO,2024-06-26,383900.0,835.0
ZHOG,ETF,724.0,3.09,2023-09-06,2026-10-09,8.0,NO,2023-09-06,477100.0,1129.0
FELC,ETF,724.0,2.89,2023-11-20,2026-10-09,583737.0,NO,2025-04-09,8454500.0,548.0
FELV,ETF,724.0,2.89,2023-11-20,2026-10-09,404253.0,NO,2024-12-31,6536600.0,647.0
CRTC,ETF,724.0,2.9,2023-11-16,2026-10-09,12447.0,NO,2025-02-10,1277100.0,606.0
FMDE,ETF,724.0,2.89,2023-11-20,2026-10-09,1274977.0,NO,2026-03-06,11280300.0,217.0
FESM,ETF,724.0,2.89,2023-11-20,2026-10-09,954078.0,NO,2025-03-07,5100800.0,581.0
FELG,ETF,724.0,2.89,2023-11-20,2026-10-09,211028.0,NO,2025-08-21,6713600.0,414.0
FENI,ETF,724.0,2.89,2023-11-20,2026-10-09,2334423.0,NO,2026-01-29,5451300.0,253.0
AGQI,ETF,723.0,2.88,2023-11-21,2026-10-09,2247.0,NO,2023-11-22,2415600.0,1052.0
HRTS,ETF,723.0,2.88,2023-11-21,2026-10-09,681.0,NO,2023-11-28,389500.0,1046.0
NMFCZ,Stock,719.0,2.87,2023-11-27,2026-10-09,12896.0,NO,2023-11-30,609600.0,1044.0
SMCO,ETF,718.0,2.86,2023-11-29,2026-10-09,3159.0,NO,2026-04-01,1117100.0,191.0
CPAI,ETF,718.0,2.86,2023-11-29,2026-10-09,207559.0,NO,2026-07-29,522800.0,72.0
WS,Stock,718.0,2.86,2023-11-28,2026-10-09,655354.0,NO,2025-03-21,2838400.0,567.0
SPTE,ETF,716.0,2.86,2023-12-01,2026-10-09,25508.0,NO,2026-06-24,444700.0,107.0
FTCB,ETF,716.0,2.92,2023-11-08,2026-10-09,1455462.0,NO,2024-12-30,7705500.0,648.0
MAGG,ETF,714.0,3.11,2023-08-29,2026-10-08,40100.0,NO,2023-09-21,625300.0,1113.0
RSSB,ETF,714.0,2.84,2023-12-05,2026-10-09,34531.0,NO,2024-06-24,2087000.0,837.0
QOWZ,ETF,713.0,2.84,2023-12-06,2026-10-09,29.0,NO,2024-05-17,100000.0,875.0
JHAC,ETF,713.0,2.93,2023-11-02,2026-10-07,700.0,NO,2023-11-06,184900.0,1066.0
SMTH,ETF,713.0,2.84,2023-12-06,2026-10-09,726673.0,NO,2026-09-14,20226000.0,25.0
VPLS,ETF,712.0,2.84,2023-12-07,2026-10-09,751263.0,NO,2026-10-01,1685800.0,8.0
DIVG,ETF,712.0,2.84,2023-12-07,2026-10-09,307.0,NO,2025-04-10,100800.0,547.0
NSI,ETF,712.0,2.84,2023-12-07,2026-10-09,1249.0,NO,2025-06-09,227500.0,487.0
SPAM,ETF,711.0,2.84,2023-12-08,2026-10-09,1456.0,NO,2025-01-03,28600.0,644.0
GGUS,ETF,711.0,2.86,2023-11-30,2026-10-09,10361.0,NO,2024-06-05,4188900.0,856.0
WISE,ETF,711.0,2.84,2023-12-08,2026-10-09,470.0,NO,2024-03-07,477000.0,946.0
USFI,ETF,710.0,3.2,2023-07-27,2026-10-09,732.0,NO,2023-07-28,400200.0,1169.0
NRSH,ETF,710.0,2.86,2023-11-30,2026-10-09,1816.0,NO,2023-11-30,320900.0,1044.0
BWTG,ETF,710.0,2.91,2023-11-09,2026-10-07,700.0,NO,2025-01-10,126700.0,635.0
SCAP,ETF,709.0,2.83,2023-12-12,2026-10-09,2473.0,NO,2024-06-18,44700.0,843.0
BEEZ,ETF,708.0,2.92,2023-11-08,2026-10-09,611.0,NO,2026-02-10,72500.0,241.0
AUMI,ETF,708.0,2.82,2023-12-13,2026-10-09,1505.0,NO,2025-09-19,122500.0,385.0
BSR,ETF,707.0,3.48,2023-04-18,2026-10-09,13040.0,NO,2025-11-05,177600.0,338.0
GQI,ETF,707.0,2.82,2023-12-13,2026-10-09,39899.0,NO,2026-01-06,845300.0,276.0
BRTR,ETF,707.0,2.82,2023-12-14,2026-10-09,143734.0,NO,2025-12-05,2983700.0,308.0
VCRB,ETF,707.0,2.82,2023-12-14,2026-10-09,986155.0,NO,2024-09-11,5911900.0,758.0
TDI,ETF,707.0,2.83,2023-12-11,2026-10-09,44407.0,NO,2026-09-28,770800.0,11.0
MKAM,ETF,707.0,3.49,2023-04-12,2026-10-09,6.0,NO,2023-04-12,70700.0,1276.0
GSIB,ETF,706.0,2.82,2023-12-15,2026-10-09,4457.0,NO,2026-07-24,143400.0,77.0
CLOD,ETF,706.0,2.82,2023-12-15,2026-10-09,18.0,NO,2024-04-22,106900.0,900.0
FCFY,ETF,706.0,3.12,2023-08-28,2026-10-09,128.0,NO,2023-08-30,101800.0,1136.0
CDLR,Stock,704.0,2.81,2023-12-19,2026-10-09,101884.0,NO,2025-12-02,1938200.0,311.0
ISPY,ETF,703.0,2.8,2023-12-20,2026-10-09,50461.0,NO,2026-09-14,1116400.0,25.0
WTBN,ETF,703.0,2.8,2023-12-20,2026-10-09,7799.0,NO,2024-11-22,517200.0,686.0
PSH,ETF,703.0,2.81,2023-12-19,2026-10-09,132598.0,NO,2026-09-17,389000.0,22.0
WABF,ETF,703.0,3.05,2023-09-21,2026-10-09,5411.0,NO,2023-09-27,415700.0,1108.0
SPWO,ETF,703.0,2.8,2023-12-20,2026-10-09,58012.0,NO,2025-07-10,612000.0,456.0
SFLO,ETF,702.0,2.8,2023-12-21,2026-10-09,320257.0,NO,2025-05-02,868900.0,525.0
CARK,ETF,702.0,2.84,2023-12-07,2026-10-08,200.0,NO,2023-12-07,9712300.0,1036.0
BCUS,ETF,702.0,2.8,2023-12-21,2026-10-09,1660.0,NO,2025-04-04,1317600.0,553.0
ABCS,ETF,702.0,2.8,2023-12-20,2026-10-09,3074.0,NO,2023-12-20,101200.0,1024.0
MSTI,ETF,699.0,3.09,2023-09-06,2026-10-09,1362.0,NO,2023-09-25,925000.0,1110.0
NBBK,Stock,698.0,2.78,2023-12-28,2026-10-09,179562.0,NO,2024-06-28,6538300.0,833.0
CPBI,Stock,697.0,2.97,2023-10-20,2026-10-09,8499.0,NO,2023-10-20,533900.0,1085.0
HAPS,ETF,696.0,3.48,2023-04-14,2026-10-07,100.0,NO,2023-04-20,450100.0,1266.0
FTRB,ETF,694.0,2.76,2024-01-04,2026-10-09,487988.0,NO,2026-01-06,2380900.0,276.0
MYLD,ETF,694.0,2.76,2024-01-04,2026-10-09,1031.0,NO,2025-03-05,681000.0,583.0
LBO,ETF,694.0,2.86,2023-11-30,2026-10-09,451.0,NO,2025-11-10,91700.0,333.0
AJAN,ETF,694.0,2.77,2024-01-02,2026-10-08,20300.0,NO,2024-01-02,642100.0,1010.0
DYFI,ETF,690.0,2.75,2024-01-10,2026-10-09,1292.0,NO,2024-01-10,757900.0,1003.0
TYLD,ETF,690.0,2.76,2024-01-04,2026-10-09,663.0,NO,2025-05-20,679800.0,507.0
GVUS,ETF,690.0,2.86,2023-11-30,2026-10-09,1443.0,NO,2023-12-20,2377200.0,1024.0
PJIO,ETF,689.0,2.81,2023-12-19,2026-10-09,3291.0,NO,2026-08-21,391400.0,49.0
BTCO,ETF,689.0,2.74,2024-01-11,2026-10-09,18293.0,NO,2024-02-28,2691900.0,954.0
AAPX,ETF,689.0,2.74,2024-01-11,2026-10-09,34265.0,NO,2025-12-22,896600.0,291.0
BTCW,ETF,689.0,2.74,2024-01-11,2026-10-09,7318.0,NO,2024-02-20,4037200.0,962.0
ARKB,ETF,689.0,2.74,2024-01-11,2026-10-09,1380880.0,NO,2024-03-05,25505400.0,948.0
GOOX,ETF,689.0,2.74,2024-01-11,2026-10-09,65988.0,NO,2025-07-29,677500.0,437.0
BRRR,ETF,689.0,2.74,2024-01-11,2026-10-09,91833.0,NO,2025-02-25,3711900.0,591.0
MSFX,ETF,689.0,2.74,2024-01-11,2026-10-09,21061.0,NO,2026-07-30,1288400.0,71.0
FBTC,ETF,689.0,2.74,2024-01-11,2026-10-09,1807249.0,NO,2024-03-05,37918500.0,948.0
IBIT,ETF,689.0,2.74,2024-01-11,2026-10-09,23500436.0,NO,2026-02-05,284371500.0,246.0
BITB,ETF,689.0,2.74,2024-01-11,2026-10-09,501479.0,NO,2026-02-05,11785700.0,246.0
EZBC,ETF,689.0,2.74,2024-01-11,2026-10-09,70504.0,NO,2024-01-11,2401200.0,1002.0
HODL,ETF,689.0,2.74,2024-01-11,2026-10-09,255008.0,NO,2024-02-20,27264000.0,962.0
CCEF,ETF,687.0,2.73,2024-01-16,2026-10-09,1079.0,NO,2025-03-17,63000.0,571.0
ADVE,ETF,685.0,3.04,2023-09-22,2026-10-08,200.0,NO,2024-07-01,122000.0,829.0
FLDZ,ETF,685.0,4.76,2022-01-03,2026-10-08,1300.0,NO,2022-01-10,101700.0,1732.0
MEMS,ETF,685.0,2.74,2024-01-11,2026-10-09,344.0,NO,2025-01-17,169100.0,630.0
SFGV,ETF,684.0,2.72,2024-01-18,2026-10-09,3055.0,NO,2025-09-11,1633100.0,393.0
ZTEN,ETF,684.0,2.74,2024-01-11,2026-10-09,9.0,NO,2025-08-04,693100.0,431.0
KSPI,Stock,684.0,2.72,2024-01-19,2026-10-09,575944.0,NO,2024-09-19,5114700.0,750.0
CGRO,ETF,682.0,2.98,2023-10-17,2026-10-08,4300.0,NO,2025-11-13,175100.0,329.0
CORZ,Stock,681.0,2.71,2024-01-24,2026-10-09,6922948.0,NO,2025-07-07,107713800.0,459.0
COAL,ETF,681.0,2.71,2024-01-24,2026-10-09,38382.0,NO,2026-04-01,953300.0,191.0
NUKZ,ETF,681.0,2.71,2024-01-24,2026-10-09,33136.0,NO,2025-01-27,750200.0,620.0
QFLR,ETF,680.0,2.7,2024-01-25,2026-10-09,94091.0,NO,2025-04-08,684000.0,549.0
BBBS,ETF,680.0,2.7,2024-01-25,2026-10-09,6131.0,NO,2024-05-30,529600.0,862.0
PJFV,ETF,680.0,3.82,2022-12-14,2026-10-09,13998.0,NO,2026-05-20,193900.0,142.0
CGON,Stock,680.0,2.7,2024-01-25,2026-10-09,516483.0,NO,2025-04-28,9040400.0,529.0
BTSG,Stock,679.0,2.7,2024-01-26,2026-10-09,1607040.0,NO,2026-07-16,32760800.0,85.0
AVBP,Stock,679.0,2.7,2024-01-26,2026-10-09,1730945.0,NO,2026-10-06,19742400.0,3.0
NBOS,ETF,678.0,2.69,2024-01-29,2026-10-09,40629.0,NO,2026-08-03,1102200.0,67.0
VTEC,ETF,677.0,2.69,2024-01-30,2026-10-09,1328689.0,NO,2025-04-09,2608200.0,548.0
QQQI,ETF,677.0,2.69,2024-01-30,2026-10-09,3786050.0,NO,2026-06-09,14287500.0,122.0
VTEI,ETF,677.0,2.69,2024-01-30,2026-10-09,554118.0,NO,2026-10-01,1541800.0,8.0
ATLCZ,Stock,676.0,2.69,2024-01-31,2026-10-09,5322.0,NO,2024-08-30,601200.0,770.0
QMID,ETF,675.0,2.7,2024-01-25,2026-10-09,363.0,NO,2024-05-28,96300.0,864.0
AS,Stock,675.0,2.69,2024-02-01,2026-10-09,4094589.0,NO,2025-05-20,19816200.0,507.0
DCMT,ETF,675.0,2.69,2024-02-01,2026-10-09,1746.0,NO,2024-02-05,717100.0,977.0
DFVE,ETF,675.0,2.69,2024-02-01,2026-10-09,2529.0,NO,2026-09-10,172800.0,29.0
MVPA,ETF,675.0,2.69,2024-01-31,2026-10-08,600.0,NO,2025-04-01,116400.0,555.0
ANRO,Stock,674.0,2.68,2024-02-02,2026-10-09,649426.0,NO,2025-10-03,61880600.0,371.0
JANH,ETF,673.0,2.77,2024-01-02,2026-10-09,2457.0,NO,2026-01-09,142900.0,273.0
MGNR,ETF,672.0,2.67,2024-02-06,2026-10-09,62306.0,NO,2026-08-25,5803000.0,45.0
JANJ,ETF,672.0,2.76,2024-01-02,2026-10-07,1000.0,NO,2024-01-03,217700.0,1008.0
AHR,Stock,671.0,2.67,2024-02-07,2026-10-09,1711562.0,NO,2026-06-26,27921000.0,105.0
LSEQ,ETF,671.0,2.85,2023-12-04,2026-10-09,323.0,NO,2023-12-07,376400.0,1037.0
RWTN,Stock,670.0,2.68,2024-02-02,2026-10-09,10044.0,NO,2026-10-06,113200.0,3.0
ZTWO,ETF,670.0,2.74,2024-01-11,2026-10-09,308.0,NO,2024-11-27,2546100.0,681.0
EVLN,ETF,670.0,2.67,2024-02-08,2026-10-09,35433.0,NO,2024-03-26,9897000.0,927.0
TBBB,Stock,669.0,2.66,2024-02-09,2026-10-09,1038127.0,NO,2024-02-09,15493600.0,973.0
QSML,ETF,668.0,2.7,2024-01-25,2026-10-09,9.0,NO,2025-04-02,25700.0,555.0
BBBL,ETF,668.0,2.7,2024-01-25,2026-10-09,3424.0,NO,2025-02-04,45100.0,612.0
GXUS,ETF,668.0,3.32,2023-06-13,2026-10-09,244.0,NO,2026-09-08,36900.0,31.0
UMAC,Stock,666.0,2.65,2024-02-14,2026-10-09,2503332.0,NO,2024-11-29,62631500.0,679.0
BBBI,ETF,663.0,2.7,2024-01-25,2026-10-09,10430.0,NO,2025-06-03,708100.0,493.0
ZTAX,ETF,663.0,3.39,2023-05-19,2026-10-08,500.0,NO,2026-07-10,84700.0,90.0
GGM,ETF,663.0,3.04,2023-09-26,2026-10-09,419.0,NO,2023-12-06,213400.0,1038.0
CPLS,ETF,663.0,2.77,2024-01-02,2026-10-09,2140.0,NO,2025-07-29,755300.0,437.0
PTHS,Stock,662.0,2.64,2024-02-16,2026-10-09,45019.0,NO,2025-04-17,3960440.0,540.0
ZTRE,ETF,659.0,2.74,2024-01-11,2026-10-09,889.0,NO,2025-08-06,2306200.0,429.0
FFLV,ETF,659.0,2.62,2024-02-26,2026-10-09,5567.0,NO,2025-10-29,261700.0,345.0
NBCE,ETF,659.0,2.98,2023-10-16,2026-10-07,100.0,NO,2026-01-27,118700.0,253.0
MBSF,ETF,657.0,2.61,2024-02-28,2026-10-09,11503.0,NO,2026-05-05,411700.0,157.0
PWER,ETF,657.0,2.86,2023-11-29,2026-10-09,1263.0,NO,2024-07-11,26100.0,820.0
MAGX,ETF,656.0,2.61,2024-02-29,2026-10-09,30992.0,NO,2025-08-27,735900.0,408.0
GINX,ETF,656.0,2.61,2024-02-29,2026-10-09,7673.0,NO,2024-03-15,477200.0,938.0
CANQ,ETF,655.0,2.65,2024-02-13,2026-10-09,703.0,NO,2026-01-12,272900.0,270.0
USDX,ETF,655.0,2.61,2024-02-29,2026-10-09,21683.0,NO,2025-03-31,2249200.0,557.0
COPP,ETF,652.0,2.59,2024-03-06,2026-10-09,59816.0,NO,2026-01-29,1706900.0,253.0
MITN,Stock,652.0,2.67,2024-02-06,2026-10-09,2508.0,NO,2024-02-06,71100.0,976.0
IOPP,ETF,651.0,2.59,2024-03-05,2026-10-07,100.0,NO,2024-10-08,81600.0,729.0
SPYT,ETF,651.0,2.59,2024-03-07,2026-10-09,88104.0,NO,2025-02-24,680300.0,592.0
MVFG,ETF,651.0,2.59,2024-03-07,2026-10-09,9646.0,NO,2024-03-07,1434800.0,946.0
QQQU,ETF,651.0,2.59,2024-03-07,2026-10-09,29087.0,NO,2025-11-24,567800.0,319.0
MDPL,ETF,651.0,2.59,2024-03-07,2026-10-09,3963.0,NO,2024-03-07,1270500.0,946.0
DIVP,ETF,649.0,2.59,2024-03-07,2026-10-09,2416.0,NO,2025-07-21,106600.0,445.0
MSSS,ETF,648.0,2.59,2024-03-07,2026-10-09,5445.0,NO,2024-12-12,1698800.0,666.0
MBBC,Stock,647.0,5.47,2021-04-20,2026-10-09,542.0,NO,2026-06-10,206300.0,121.0
PRAE,ETF,647.0,2.81,2023-12-19,2026-10-09,2826.0,NO,2023-12-22,62800.0,1022.0
EYEG,ETF,645.0,2.82,2023-12-13,2026-10-09,5.0,NO,2025-12-12,69200.0,301.0
IVVW,ETF,645.0,2.57,2024-03-15,2026-10-09,53553.0,NO,2026-06-26,195900.0,105.0
IWMW,ETF,645.0,2.57,2024-03-15,2026-10-09,8155.0,NO,2026-01-20,104000.0,262.0
NPFI,ETF,644.0,2.59,2024-03-07,2026-10-09,34142.0,NO,2025-12-22,774400.0,291.0
MVPL,ETF,644.0,2.61,2024-02-28,2026-10-09,10900.0,NO,2025-07-21,153800.0,445.0
AMZZ,ETF,644.0,2.56,2024-03-18,2026-10-09,218641.0,NO,2025-10-31,2138200.0,343.0
MSFL,ETF,644.0,2.56,2024-03-18,2026-10-09,184511.0,NO,2026-07-30,7450400.0,71.0
AMDL,ETF,644.0,2.56,2024-03-18,2026-10-09,1705735.0,NO,2025-10-06,106498200.0,368.0
MVFD,ETF,644.0,2.59,2024-03-07,2026-10-09,9417.0,NO,2024-03-07,1193700.0,946.0
TAXX,ETF,642.0,2.57,2024-03-14,2026-10-09,28184.0,NO,2026-07-06,403900.0,95.0
PABD,ETF,642.0,2.71,2024-01-22,2026-10-09,5416.0,NO,2024-02-29,1230400.0,953.0
ALAB,Stock,642.0,2.55,2024-03-20,2026-10-09,4061564.0,NO,2024-11-05,24756900.0,703.0
IQQQ,ETF,642.0,2.55,2024-03-20,2026-10-09,12289.0,NO,2024-10-29,745600.0,710.0
RDDT,Stock,641.0,2.55,2024-03-21,2026-10-09,5058758.0,NO,2024-03-21,48705500.0,932.0
AVXC,ETF,641.0,2.55,2024-03-21,2026-10-09,21364.0,NO,2024-09-23,539800.0,746.0
NBSM,ETF,641.0,2.55,2024-03-21,2026-10-09,4708.0,NO,2025-04-11,2177300.0,546.0
RNMN,ETF,641.0,4.24,2022-07-12,2026-10-08,200.0,NO,2022-07-19,128000.0,1542.0
EVTR,ETF,639.0,2.54,2024-03-25,2026-10-09,790257.0,NO,2026-08-18,3055200.0,52.0
EAGL,ETF,639.0,2.54,2024-03-25,2026-10-09,372684.0,NO,2025-05-20,4451900.0,507.0
SOLV,Stock,638.0,2.54,2024-03-26,2026-10-09,1063924.0,NO,2024-04-01,14094900.0,921.0
DXYZ,Stock,638.0,2.54,2024-03-26,2026-10-09,568315.0,NO,2024-11-11,20218900.0,697.0
PTL,ETF,638.0,2.54,2024-03-26,2026-10-09,14754.0,NO,2024-04-02,212200.0,920.0
BILD,ETF,638.0,2.86,2023-11-29,2026-10-07,100.0,NO,2026-02-13,52600.0,236.0
EVSM,ETF,638.0,2.54,2024-03-26,2026-10-09,288964.0,NO,2026-10-07,1036100.0,2.0
GEV,Stock,637.0,2.54,2024-03-27,2026-10-09,1113125.0,NO,2024-04-02,18246100.0,920.0
TRNZ,Stock,635.0,2.52,2024-04-01,2026-10-09,10723.0,NO,2024-04-30,563300.0,892.0
BTSGU,Stock,635.0,2.7,2024-01-26,2026-10-08,700.0,NO,2024-12-13,2341300.0,664.0
AAPR,ETF,634.0,2.52,2024-04-01,2026-10-09,3197.0,NO,2024-04-01,401700.0,921.0
SBIT,ETF,634.0,2.52,2024-04-02,2026-10-09,1024533.0,NO,2026-02-05,7663200.0,246.0
FTHF,ETF,634.0,2.93,2023-11-02,2026-10-09,4308.0,NO,2024-01-23,503300.0,990.0
RVER,ETF,633.0,2.52,2024-04-03,2026-10-09,660.0,NO,2024-04-04,595400.0,918.0
IBAT,ETF,633.0,2.55,2024-03-21,2026-10-09,20229.0,NO,2026-05-19,233500.0,143.0
INRO,ETF,633.0,2.53,2024-03-28,2026-10-09,487884.0,NO,2026-09-22,4974500.0,17.0
GRPZ,ETF,632.0,2.53,2024-03-28,2026-10-08,300.0,NO,2024-08-28,40700.0,771.0
SAMM,ETF,631.0,2.51,2024-04-04,2026-10-09,4818.0,NO,2024-04-09,221900.0,913.0
BTRN,ETF,631.0,2.55,2024-03-21,2026-10-07,100.0,NO,2025-01-30,86600.0,615.0
EHLS,ETF,630.0,2.52,2024-04-02,2026-10-09,733.0,NO,2024-04-03,1727500.0,919.0
FDND,ETF,629.0,2.55,2024-03-21,2026-10-09,1218.0,NO,2025-04-04,65100.0,553.0
ALAI,ETF,629.0,2.5,2024-04-08,2026-10-09,84436.0,NO,2025-09-19,766800.0,385.0
MDST,ETF,628.0,2.5,2024-04-10,2026-10-09,26662.0,NO,2025-07-15,570200.0,451.0
PACS,Stock,627.0,2.49,2024-04-11,2026-10-09,763380.0,NO,2024-11-04,13886700.0,704.0
FHEQ,ETF,627.0,2.49,2024-04-11,2026-10-09,54141.0,NO,2024-05-15,18776100.0,877.0
FYEE,ETF,627.0,2.49,2024-04-11,2026-10-09,119472.0,NO,2026-08-28,392300.0,42.0
CNEQ,ETF,626.0,2.51,2024-04-05,2026-10-09,1385004.0,NO,2026-03-10,3760000.0,213.0
ULS,Stock,626.0,2.49,2024-04-12,2026-10-09,748418.0,NO,2024-04-12,14953800.0,910.0
BHYB,ETF,625.0,2.94,2023-10-30,2026-10-09,230.0,NO,2025-12-04,7250200.0,309.0
CCSB,ETF,624.0,2.48,2024-04-16,2026-10-09,8713.0,NO,2024-04-16,332600.0,906.0
NEWZ,ETF,623.0,2.49,2024-04-12,2026-10-09,13.0,NO,2025-08-13,172800.0,422.0
KBUF,ETF,622.0,2.66,2024-02-08,2026-10-08,2000.0,NO,2026-06-08,99800.0,122.0
IBTA,Stock,621.0,2.47,2024-04-19,2026-10-09,264723.0,NO,2025-08-14,4331900.0,421.0
CTRI,Stock,621.0,2.47,2024-04-19,2026-10-09,1198146.0,NO,2025-09-04,13812700.0,400.0
TAFL,ETF,621.0,2.82,2023-12-13,2026-10-09,5367.0,NO,2026-05-19,241300.0,143.0
USSH,ETF,620.0,2.57,2024-03-14,2026-10-09,472.0,NO,2025-02-20,51200.0,596.0
MFAO,Stock,618.0,2.46,2024-04-24,2026-10-09,9140.0,NO,2026-04-28,341100.0,164.0
BOTT,ETF,618.0,2.46,2024-04-22,2026-10-09,2856.0,NO,2026-06-30,128900.0,101.0
LOAR,Stock,617.0,2.46,2024-04-25,2026-10-09,1012373.0,NO,2024-04-25,6965100.0,897.0
MRX,Stock,617.0,2.46,2024-04-25,2026-10-09,603576.0,NO,2024-04-25,7269100.0,897.0
RBRK,Stock,617.0,2.46,2024-04-25,2026-10-09,2512846.0,NO,2025-09-10,18684000.0,394.0
OPTZ,ETF,616.0,2.46,2024-04-23,2026-10-09,433.0,NO,2024-05-07,911800.0,885.0
FLJJ,ETF,616.0,2.68,2024-02-01,2026-10-07,200.0,NO,2025-05-01,806300.0,524.0
CPSM,ETF,613.0,2.44,2024-05-01,2026-10-09,1308.0,NO,2024-05-07,1485600.0,885.0
VIK,Stock,613.0,2.44,2024-05-01,2026-10-09,2099049.0,NO,2024-05-01,35017400.0,891.0
WEEI,ETF,613.0,2.44,2024-05-01,2026-10-09,28231.0,NO,2026-03-23,220400.0,200.0
NCPB,ETF,611.0,2.59,2024-03-06,2026-10-09,2230.0,NO,2024-03-06,400500.0,947.0
MATR,ETF,611.0,3.06,2023-09-14,2026-10-07,300.0,NO,2023-09-14,149000.0,1119.0
EIPI,ETF,610.0,2.43,2024-05-06,2026-10-09,50642.0,NO,2024-05-08,4047000.0,884.0
GRW,ETF,610.0,2.43,2024-05-06,2026-10-09,2162.0,NO,2026-01-28,317800.0,254.0
AIFD,ETF,610.0,2.43,2024-05-06,2026-10-09,24673.0,NO,2026-06-22,119600.0,109.0
HQGO,ETF,609.0,2.84,2023-12-06,2026-10-09,1510.0,NO,2024-11-12,714200.0,696.0
TOGA,ETF,609.0,2.43,2024-05-03,2026-10-09,343.0,NO,2024-05-06,309000.0,886.0
VMAX,ETF,608.0,2.84,2023-12-06,2026-10-07,200.0,NO,2024-11-12,786300.0,694.0
NNE,Stock,608.0,2.42,2024-05-08,2026-10-09,1580508.0,NO,2025-05-23,19940000.0,504.0
INDH,ETF,607.0,2.42,2024-05-09,2026-10-09,15.0,NO,2024-11-12,1020700.0,696.0
AGMI,ETF,606.0,2.43,2024-05-03,2026-10-09,438.0,NO,2025-10-21,29800.0,353.0
STBF,ETF,606.0,2.5,2024-04-10,2026-10-09,81247.0,NO,2026-10-01,1575900.0,8.0
NXTI,ETF,605.0,2.48,2024-04-16,2026-10-09,42267.0,NO,2026-09-29,525000.0,10.0
RND,ETF,604.0,2.44,2024-05-01,2026-10-09,5036.0,NO,2026-06-30,90600.0,101.0
AIBD,ETF,603.0,2.4,2024-05-15,2026-10-09,2481.0,NO,2025-11-20,54650.0,323.0
LRGG,ETF,603.0,2.4,2024-05-15,2026-10-09,7496.0,NO,2026-03-23,1423600.0,200.0
FLDB,ETF,603.0,2.62,2024-02-26,2026-10-09,25252.0,NO,2024-04-11,3650000.0,911.0
CAAA,ETF,603.0,2.61,2024-02-29,2026-10-09,7202.0,NO,2025-05-01,339000.0,526.0
JHHY,ETF,603.0,2.44,2024-05-02,2026-10-09,12904.0,NO,2024-05-02,1104300.0,890.0
AIBU,ETF,603.0,2.4,2024-05-15,2026-10-09,5910.0,NO,2025-11-04,106000.0,339.0
ASMF,ETF,602.0,2.4,2024-05-16,2026-10-09,8973.0,NO,2025-08-19,407400.0,416.0
BCIL,ETF,602.0,2.55,2024-03-21,2026-10-09,5388.0,NO,2025-10-31,885100.0,343.0
WEEL,ETF,602.0,2.4,2024-05-16,2026-10-09,15761.0,NO,2025-09-15,146700.0,389.0
OZEM,ETF,599.0,2.38,2024-05-21,2026-10-09,4723.0,NO,2024-10-07,600500.0,732.0
SPTB,ETF,599.0,2.38,2024-05-21,2026-10-09,72575.0,NO,2026-08-28,3434300.0,42.0
THNR,ETF,599.0,2.38,2024-05-21,2026-10-09,1571.0,NO,2024-06-24,64500.0,837.0
FLAO,ETF,598.0,2.52,2024-04-01,2026-10-08,500.0,NO,2024-08-01,2117900.0,798.0
PSTR,ETF,598.0,2.44,2024-04-30,2026-10-09,8669.0,NO,2025-10-28,523600.0,346.0
BOW,Stock,597.0,2.38,2024-05-23,2026-10-09,139373.0,NO,2024-05-23,3335800.0,869.0
IBIK,ETF,596.0,2.38,2024-05-24,2026-10-09,33533.0,NO,2025-01-16,709400.0,631.0
IBDZ,ETF,596.0,2.38,2024-05-24,2026-10-09,180437.0,NO,2026-02-19,1856500.0,232.0
JDVI,ETF,595.0,2.8,2023-12-20,2026-10-09,32226.0,NO,2026-08-06,647900.0,64.0
IBHK,ETF,594.0,2.38,2024-05-24,2026-10-09,18199.0,NO,2026-10-05,295500.0,4.0
CIMN,Stock,594.0,2.37,2024-05-28,2026-10-09,9480.0,NO,2024-05-28,374100.0,864.0
INBX,Stock,594.0,2.36,2024-05-29,2026-10-09,86817.0,NO,2025-10-24,6079600.0,350.0
MVAL,ETF,594.0,2.53,2024-03-28,2026-10-08,200.0,NO,2024-11-11,10100.0,696.0
IBMS,ETF,594.0,2.38,2024-05-24,2026-10-09,349126.0,NO,2025-12-05,859900.0,308.0
RSSY,ETF,594.0,2.36,2024-05-29,2026-10-09,39555.0,NO,2024-05-29,5044300.0,863.0
MFUT,ETF,594.0,2.36,2024-05-29,2026-10-09,876.0,NO,2026-08-06,815500.0,64.0
STAX,ETF,593.0,2.86,2023-11-29,2026-10-09,4754.0,NO,2026-06-09,264600.0,122.0
NDOW,ETF,593.0,2.4,2024-05-14,2026-10-09,3571.0,NO,2024-05-23,509000.0,869.0
KEAT,ETF,593.0,2.54,2024-03-27,2026-10-09,1624.0,NO,2024-04-15,236400.0,907.0
CPNJ,ETF,591.0,2.35,2024-06-03,2026-10-09,1937.0,NO,2024-06-03,1720400.0,858.0
ETHU,ETF,590.0,2.35,2024-06-04,2026-10-09,2851343.0,NO,2026-06-05,26454600.0,126.0
AIPI,ETF,590.0,2.35,2024-06-04,2026-10-09,143384.0,NO,2025-02-24,462300.0,592.0
BGRO,ETF,589.0,2.34,2024-06-05,2026-10-09,38.0,NO,2025-07-08,14700.0,458.0
RSSL,ETF,589.0,2.34,2024-06-05,2026-10-09,4818.0,NO,2024-06-14,4924400.0,847.0
RTRE,ETF,588.0,2.35,2024-06-03,2026-10-09,52660.0,NO,2024-06-06,304400.0,855.0
METU,ETF,588.0,2.34,2024-06-06,2026-10-09,2159916.0,NO,2025-10-30,37580900.0,344.0
USIN,ETF,588.0,2.57,2024-03-14,2026-10-09,349.0,NO,2024-08-21,48600.0,779.0
LIF,Stock,588.0,2.34,2024-06-06,2026-10-09,370773.0,NO,2026-03-20,13600000.0,203.0
ETHD,ETF,587.0,2.34,2024-06-07,2026-10-09,508504.0,NO,2025-10-10,8300670.0,364.0
RAPP,Stock,587.0,2.34,2024-06-07,2026-10-09,247896.0,NO,2025-09-08,13877600.0,396.0
ETHT,ETF,587.0,2.34,2024-06-07,2026-10-09,1475516.0,NO,2026-06-05,5396900.0,126.0
WAY,Stock,587.0,2.34,2024-06-07,2026-10-09,1316418.0,NO,2025-09-19,23165300.0,385.0
EAFG,ETF,587.0,2.54,2024-03-22,2026-10-07,100.0,NO,2025-05-22,86400.0,503.0
SCLZ,ETF,587.0,2.61,2024-02-27,2026-10-08,2200.0,NO,2025-02-26,33100.0,589.0
IBIC,ETF,586.0,2.33,2024-06-10,2026-10-09,1624.0,NO,2026-04-02,386600.0,190.0
SYFI,ETF,586.0,2.33,2024-06-10,2026-10-09,104941.0,NO,2025-01-31,1369100.0,616.0
NEWTG,Stock,586.0,2.36,2024-05-31,2026-10-09,7695.0,NO,2024-05-31,166600.0,861.0
SDFI,ETF,585.0,2.33,2024-06-11,2026-10-09,9413.0,NO,2024-07-23,442500.0,808.0
JADE,ETF,584.0,2.4,2024-05-17,2026-10-09,1249.0,NO,2026-01-07,66100.0,275.0
GRAL,Stock,583.0,2.32,2024-06-12,2026-10-09,773493.0,NO,2026-02-20,15444900.0,231.0
IBGA,ETF,583.0,2.32,2024-06-13,2026-10-09,52955.0,NO,2026-09-10,1311100.0,29.0
IBTP,ETF,582.0,2.32,2024-06-12,2026-10-09,76789.0,NO,2025-10-21,1014000.0,353.0
TEM,Stock,582.0,2.32,2024-06-14,2026-10-09,6244124.0,NO,2025-05-28,50365400.0,499.0
OASC,ETF,582.0,2.32,2024-06-14,2026-10-09,37787.0,NO,2025-09-08,251700.0,396.0
BSCY,ETF,582.0,2.32,2024-06-13,2026-10-09,153533.0,NO,2025-12-11,1932600.0,302.0
EVSD,ETF,581.0,2.31,2024-06-17,2026-10-09,382445.0,NO,2026-08-18,1317600.0,52.0
NUSB,ETF,580.0,2.59,2024-03-07,2026-10-09,10624.0,NO,2024-10-01,1603200.0,738.0
QXQ,ETF,580.0,2.32,2024-06-14,2026-10-09,2707.0,NO,2025-01-14,293100.0,633.0
BRHY,ETF,580.0,2.31,2024-06-18,2026-10-09,8085.0,NO,2026-05-28,650000.0,134.0
BSJW,ETF,580.0,2.32,2024-06-14,2026-10-09,7298.0,NO,2025-01-29,139400.0,618.0
SCIO,ETF,578.0,2.61,2024-02-29,2026-10-09,194292.0,NO,2026-09-16,4247800.0,23.0
QQQT,ETF,578.0,2.3,2024-06-21,2026-10-09,16058.0,NO,2026-05-06,140200.0,156.0
NITE,ETF,577.0,2.29,2024-06-24,2026-10-09,154.0,NO,2026-03-02,130900.0,221.0
FLXR,ETF,577.0,2.29,2024-06-24,2026-10-09,1762878.0,NO,2025-12-18,1848900.0,295.0
IWMI,ETF,576.0,2.29,2024-06-25,2026-10-09,452751.0,NO,2025-01-08,991800.0,639.0
NRES,ETF,575.0,2.61,2024-02-27,2026-10-09,3845.0,NO,2024-08-28,713000.0,772.0
NBSD,ETF,575.0,2.29,2024-06-24,2026-10-09,638123.0,NO,2026-09-29,1209400.0,10.0
URAA,ETF,575.0,2.29,2024-06-26,2026-10-09,67226.0,NO,2025-10-13,670500.0,361.0
CGIB,ETF,574.0,2.28,2024-06-27,2026-10-09,751237.0,NO,2024-06-27,1987600.0,834.0
CGIC,ETF,574.0,2.28,2024-06-27,2026-10-09,364218.0,NO,2026-05-28,4333800.0,134.0
CGCV,ETF,574.0,2.28,2024-06-27,2026-10-09,240274.0,NO,2025-08-15,11329500.0,420.0
TBN,Stock,574.0,2.28,2024-06-27,2026-10-09,75258.0,NO,2026-04-08,1742000.0,184.0
CGNG,ETF,574.0,2.28,2024-06-27,2026-10-09,372327.0,NO,2026-05-28,4933600.0,134.0
CGGE,ETF,574.0,2.28,2024-06-27,2026-10-09,337129.0,NO,2025-08-15,9037800.0,420.0
CGHM,ETF,574.0,2.28,2024-06-27,2026-10-09,1148370.0,NO,2025-08-15,44464400.0,420.0
LB,Stock,573.0,2.28,2024-06-28,2026-10-09,160151.0,NO,2024-06-28,3203400.0,833.0
JAJL,ETF,572.0,2.27,2024-07-01,2026-10-09,25863.0,NO,2024-07-01,2467600.0,830.0
ZJUL,ETF,572.0,2.27,2024-07-01,2026-10-09,20817.0,NO,2024-07-01,1627100.0,830.0
AJUL,ETF,572.0,2.27,2024-07-01,2026-10-09,4384.0,NO,2024-07-25,981700.0,806.0
QBER,ETF,571.0,2.27,2024-07-02,2026-10-09,5569.0,NO,2025-07-14,2264600.0,452.0
CGUI,ETF,571.0,2.28,2024-06-27,2026-10-09,1070876.0,NO,2025-05-02,1703100.0,525.0
FCTE,ETF,571.0,2.27,2024-07-02,2026-10-09,16039.0,NO,2024-07-29,2200800.0,802.0
QBUL,ETF,570.0,2.27,2024-07-02,2026-10-08,2300.0,NO,2025-07-14,1929400.0,451.0
ISTM,ETF,568.0,2.32,2024-06-12,2026-10-09,3468.0,NO,2026-03-12,399800.0,211.0
TAFM,ETF,566.0,2.25,2024-07-10,2026-10-09,707138.0,NO,2026-10-08,7892600.0,1.0
BTCL,ETF,566.0,2.25,2024-07-10,2026-10-09,56864.0,NO,2026-02-05,1017300.0,246.0
DUKQ,ETF,565.0,2.25,2024-07-11,2026-10-09,3400.0,NO,2026-10-07,142900.0,2.0
DUKX,ETF,565.0,2.25,2024-07-11,2026-10-09,242.0,NO,2026-02-02,35000.0,249.0
DUKH,ETF,565.0,2.25,2024-07-11,2026-10-09,1037.0,NO,2026-05-12,337900.0,150.0
DUKZ,ETF,564.0,2.25,2024-07-11,2026-10-09,5710.0,NO,2026-05-12,348100.0,150.0
NESR,Stock,564.0,2.25,2024-07-09,2026-10-09,2035043.0,NO,2025-06-27,8949700.0,469.0
LYLD,ETF,564.0,2.24,2024-07-12,2026-10-09,696.0,NO,2024-12-05,353100.0,673.0
EVHY,ETF,564.0,2.25,2024-07-11,2026-10-09,986.0,NO,2026-08-18,882200.0,52.0
ILOW,ETF,563.0,2.23,2024-07-15,2026-10-09,56452.0,NO,2025-08-13,1113500.0,422.0
CPSJ,ETF,563.0,2.27,2024-07-01,2026-10-09,114.0,NO,2024-07-01,526400.0,830.0
GBFH,Stock,562.0,2.25,2024-07-09,2026-10-09,46376.0,NO,2025-06-27,1318200.0,469.0
KSPY,ETF,562.0,2.23,2024-07-16,2026-10-09,39296.0,NO,2025-10-17,543600.0,357.0
QQA,ETF,561.0,2.23,2024-07-17,2026-10-09,146040.0,NO,2024-09-05,374200.0,764.0
RSPA,ETF,561.0,2.23,2024-07-17,2026-10-09,250598.0,NO,2025-07-16,1008600.0,450.0
DRAI,ETF,561.0,2.25,2024-07-11,2026-10-09,154.0,NO,2024-07-17,61900.0,814.0
TWFG,Stock,560.0,2.23,2024-07-18,2026-10-09,108759.0,NO,2024-07-18,4998200.0,813.0
AGGS,ETF,560.0,2.43,2024-05-02,2026-10-08,500.0,NO,2024-05-02,312000.0,889.0
MADE,ETF,560.0,2.23,2024-07-18,2026-10-09,20051.0,NO,2026-02-17,160700.0,234.0
AGIX,ETF,560.0,2.23,2024-07-18,2026-10-09,82788.0,NO,2026-06-16,1130900.0,115.0
TRNI,Stock,558.0,2.21,2024-07-22,2026-10-09,7980.0,NO,2025-03-18,694400.0,570.0
ETHA,ETF,557.0,2.21,2024-07-23,2026-10-09,8623848.0,NO,2025-08-22,45220800.0,413.0
ETH,ETF,557.0,2.21,2024-07-23,2026-10-09,1511995.0,NO,2026-02-04,27872700.0,247.0
ETHW,ETF,557.0,2.21,2024-07-23,2026-10-09,223668.0,NO,2026-02-05,5985000.0,246.0
KQQQ,ETF,557.0,2.21,2024-07-23,2026-10-09,17740.0,NO,2025-10-29,520000.0,345.0
QETH,ETF,557.0,2.21,2024-07-23,2026-10-09,24033.0,NO,2026-02-02,500400.0,249.0
EZET,ETF,557.0,2.21,2024-07-23,2026-10-09,27887.0,NO,2025-11-17,1481500.0,326.0
FETH,ETF,557.0,2.21,2024-07-23,2026-10-09,666988.0,NO,2025-11-17,16113400.0,326.0
EBIT,ETF,557.0,2.24,2024-07-11,2026-10-07,1800.0,NO,2026-02-13,34200.0,236.0
ETHV,ETF,557.0,2.21,2024-07-23,2026-10-09,27268.0,NO,2026-04-07,1362500.0,185.0
EFAA,ETF,555.0,2.23,2024-07-17,2026-10-09,66391.0,NO,2026-07-07,672900.0,94.0
LINE,Stock,555.0,2.21,2024-07-25,2026-10-09,1165361.0,NO,2024-07-25,14243000.0,806.0
CPRJ,ETF,555.0,2.27,2024-07-01,2026-10-09,7890.0,NO,2024-07-10,1194500.0,821.0
CON,Stock,555.0,2.21,2024-07-25,2026-10-09,778318.0,NO,2024-11-26,8703500.0,682.0
LTM,Stock,555.0,2.21,2024-07-25,2026-10-09,785657.0,NO,2025-09-25,9220700.0,379.0
EMOT,ETF,554.0,2.23,2024-07-18,2026-10-09,3197.0,NO,2026-01-16,65400.0,266.0
VLYPN,Stock,552.0,2.19,2024-07-30,2026-10-09,18862.0,NO,2024-08-30,894500.0,770.0
SEG,Stock,552.0,2.19,2024-07-30,2026-10-09,58214.0,NO,2025-06-27,1112200.0,469.0
BTC,ETF,551.0,2.19,2024-07-31,2026-10-09,928739.0,NO,2026-02-05,17048200.0,246.0
GIAX,ETF,551.0,2.19,2024-07-30,2026-10-09,92013.0,NO,2026-07-07,424400.0,94.0
NBCR,ETF,550.0,2.19,2024-08-01,2026-10-09,9315.0,NO,2026-01-15,5542200.0,267.0
AOMN,Stock,549.0,2.19,2024-08-01,2026-10-09,8640.0,NO,2026-04-28,260000.0,164.0
FDSB,Stock,549.0,2.19,2024-08-01,2026-10-09,4847.0,NO,2024-08-01,619200.0,799.0
XAIX,ETF,549.0,2.18,2024-08-02,2026-10-09,6655.0,NO,2026-02-13,307400.0,238.0
BDIV,ETF,548.0,2.19,2024-08-01,2026-10-09,3886.0,NO,2025-05-15,46900.0,512.0
GPRF,ETF,546.0,2.19,2024-08-01,2026-10-09,8289.0,NO,2026-01-08,1424000.0,274.0
LLYX,ETF,545.0,2.17,2024-08-08,2026-10-09,137459.0,NO,2025-08-07,17207100.0,428.0
TAXE,ETF,545.0,2.25,2024-07-10,2026-10-09,149648.0,NO,2026-09-28,491500.0,11.0
ZAUG,ETF,544.0,2.19,2024-08-01,2026-10-09,1983.0,NO,2024-08-01,1258600.0,799.0
CPSA,ETF,543.0,2.18,2024-08-01,2026-10-08,200.0,NO,2024-08-01,1027700.0,798.0
IBGK,ETF,543.0,2.23,2024-07-18,2026-10-09,86.0,NO,2024-12-02,28900.0,676.0
FLCG,ETF,542.0,2.19,2024-07-31,2026-10-09,14423.0,NO,2025-03-11,6134900.0,577.0
SCUS,ETF,542.0,2.15,2024-08-13,2026-10-09,134132.0,NO,2024-08-13,1025800.0,787.0
JGRW,ETF,542.0,2.15,2024-08-13,2026-10-09,81859.0,NO,2025-05-09,1431100.0,518.0
RMOP,ETF,542.0,2.15,2024-08-13,2026-10-09,202017.0,NO,2026-01-21,918600.0,261.0
GMUB,ETF,541.0,2.2,2024-07-29,2026-10-09,402577.0,NO,2026-08-25,1678900.0,45.0
CATF,ETF,541.0,2.23,2024-07-18,2026-10-09,27007.0,NO,2026-09-17,618300.0,22.0
MSTX,ETF,540.0,2.15,2024-08-15,2026-10-09,6225382.0,NO,2026-08-21,17299100.0,49.0
TSPY,ETF,540.0,2.15,2024-08-15,2026-10-09,315298.0,NO,2026-03-20,783800.0,203.0
PUSH,ETF,538.0,2.28,2024-06-28,2026-10-09,72460.0,NO,2026-09-30,102200.0,9.0
FLCV,ETF,538.0,2.19,2024-07-31,2026-10-09,31870.0,NO,2026-10-08,859500.0,1.0
AAUC,Stock,537.0,2.15,2024-08-15,2026-10-09,363421.0,NO,2026-01-26,4548400.0,256.0
RSBY,ETF,536.0,2.13,2024-08-21,2026-10-09,2019.0,NO,2024-08-21,5018100.0,779.0
QQQG,ETF,536.0,2.13,2024-08-21,2026-10-09,12194.0,NO,2026-08-06,742600.0,64.0
SAWG,ETF,535.0,2.19,2024-07-31,2026-10-09,218.0,NO,2024-08-21,27100.0,779.0
SAWS,ETF,535.0,2.19,2024-07-31,2026-10-09,2283.0,NO,2026-01-14,152600.0,268.0
QDVO,ETF,535.0,2.13,2024-08-22,2026-10-09,166123.0,NO,2025-11-20,1311600.0,323.0
CCNR,ETF,535.0,2.25,2024-07-11,2026-10-09,2135.0,NO,2026-02-26,2314300.0,225.0
AVGX,ETF,535.0,2.13,2024-08-22,2026-10-09,308007.0,NO,2026-06-04,9632200.0,127.0
TBFC,ETF,534.0,2.73,2024-01-16,2026-10-09,1286.0,NO,2025-02-19,568000.0,597.0
SECR,ETF,534.0,2.25,2024-07-11,2026-10-09,2212.0,NO,2024-10-03,1293200.0,736.0
GLOW,ETF,533.0,2.25,2024-07-11,2026-10-09,5744.0,NO,2025-04-28,222600.0,529.0
NBFC,ETF,532.0,2.29,2024-06-25,2026-10-09,11485.0,NO,2024-06-25,995200.0,836.0
SMHX,ETF,531.0,2.11,2024-08-28,2026-10-09,48792.0,NO,2025-08-12,845600.0,423.0
FSCC,ETF,530.0,2.19,2024-07-31,2026-10-09,180833.0,NO,2026-05-20,837800.0,142.0
MQQQ,ETF,528.0,2.1,2024-09-03,2026-10-09,2707.0,NO,2025-09-26,585700.0,378.0
SMLL,ETF,528.0,2.11,2024-08-29,2026-10-09,2299.0,NO,2024-08-29,291200.0,771.0
ZSEP,ETF,528.0,2.1,2024-09-03,2026-10-09,16876.0,NO,2024-09-03,2004100.0,766.0
CONI,ETF,527.0,2.09,2024-09-04,2026-10-09,496106.0,NO,2025-07-18,2678515.0,448.0
PTIR,ETF,527.0,2.09,2024-09-04,2026-10-09,5575712.0,NO,2025-04-09,46785000.0,548.0
MCHS,ETF,527.0,2.25,2024-07-11,2026-10-09,657.0,NO,2026-07-02,155500.0,99.0
GAEM,ETF,527.0,2.15,2024-08-13,2026-10-09,6774.0,NO,2025-09-19,598100.0,385.0
CERY,ETF,526.0,2.09,2024-09-05,2026-10-09,139799.0,NO,2025-01-13,5632700.0,634.0
ITWO,ETF,526.0,2.09,2024-09-05,2026-10-09,3816.0,NO,2025-12-10,316000.0,303.0
KHPI,ETF,526.0,2.09,2024-09-05,2026-10-09,106563.0,NO,2024-12-30,680300.0,648.0
GCAL,ETF,525.0,2.19,2024-07-31,2026-10-09,43669.0,NO,2025-07-17,1384300.0,449.0
PJFM,ETF,525.0,2.8,2023-12-19,2026-10-08,300.0,NO,2026-06-18,27800.0,112.0
CPSL,ETF,524.0,2.08,2024-09-09,2026-10-09,23683.0,NO,2025-06-03,658600.0,493.0
KLMT,ETF,524.0,2.29,2024-06-26,2026-10-09,318.0,NO,2025-02-03,19325400.0,613.0
TOAK,ETF,523.0,2.13,2024-08-20,2026-10-08,100.0,NO,2025-02-12,704000.0,603.0
NIXT,ETF,523.0,2.08,2024-09-10,2026-10-09,2104.0,NO,2024-09-10,543800.0,759.0
TEKX,ETF,522.0,2.08,2024-09-10,2026-10-09,3130.0,NO,2025-02-27,193300.0,589.0
DXIV,ETF,521.0,2.07,2024-09-12,2026-10-09,6270.0,NO,2024-09-12,580700.0,757.0
PSQO,ETF,521.0,2.07,2024-09-12,2026-10-09,19189.0,NO,2026-03-19,3001300.0,204.0
DECO,ETF,521.0,2.08,2024-09-10,2026-10-09,60.0,NO,2024-12-10,19000.0,668.0
DXUV,ETF,521.0,2.07,2024-09-12,2026-10-09,50661.0,NO,2024-09-12,1205600.0,757.0
MBX,Stock,520.0,2.07,2024-09-13,2026-10-09,538783.0,NO,2025-09-22,28303500.0,382.0
CAFX,ETF,520.0,2.07,2024-09-13,2026-10-09,20508.0,NO,2024-11-26,2408500.0,682.0
BCAX,Stock,520.0,2.07,2024-09-13,2026-10-09,715973.0,NO,2025-05-23,7213700.0,504.0
NMB,ETF,520.0,2.08,2024-09-11,2026-10-09,2240.0,NO,2025-08-11,69900.0,424.0
ZBIO,Stock,520.0,2.07,2024-09-13,2026-10-09,429604.0,NO,2026-01-05,8145100.0,277.0
RFLR,ETF,518.0,2.06,2024-09-17,2026-10-09,10136.0,NO,2026-04-06,348200.0,186.0
DTAN,ETF,518.0,2.08,2024-09-10,2026-10-09,885.0,NO,2024-12-31,195900.0,647.0
EVIM,ETF,517.0,2.06,2024-09-17,2026-10-09,164911.0,NO,2026-09-30,563400.0,9.0
MSTU,ETF,517.0,2.06,2024-09-18,2026-10-09,2981535.0,NO,2026-08-20,24481050.0,50.0
BSMY,ETF,517.0,2.08,2024-09-11,2026-10-09,75474.0,NO,2026-04-21,852200.0,171.0
GPT,ETF,517.0,2.06,2024-09-18,2026-10-09,190.0,NO,2024-09-23,178400.0,746.0
GMMA,ETF,516.0,2.06,2024-09-17,2026-10-08,100.0,NO,2024-09-18,49300.0,750.0
JMID,ETF,516.0,2.06,2024-09-18,2026-10-09,2945.0,NO,2026-05-06,111600.0,156.0
PSQA,ETF,515.0,2.07,2024-09-12,2026-10-09,638974.0,NO,2026-07-28,1426700.0,73.0
XCNY,ETF,514.0,2.09,2024-09-05,2026-10-09,269.0,NO,2025-01-08,80100.0,639.0
PMBS,ETF,514.0,2.04,2024-09-23,2026-10-09,336453.0,NO,2024-11-11,2806800.0,697.0
QSIX,ETF,513.0,2.04,2024-09-24,2026-10-09,1033.0,NO,2025-01-24,39800.0,623.0
URAN,ETF,513.0,2.04,2024-09-24,2026-10-09,980.0,NO,2026-07-07,97800.0,94.0
EVLU,ETF,513.0,2.09,2024-09-06,2026-10-09,2416.0,NO,2026-02-26,32700.0,225.0
AMTM,Stock,513.0,2.04,2024-09-24,2026-10-09,1270664.0,NO,2024-12-20,37788800.0,658.0
THIR,ETF,513.0,2.04,2024-09-24,2026-10-09,6934.0,NO,2025-04-01,1925300.0,556.0
EMEQ,ETF,512.0,2.09,2024-09-05,2026-10-09,72842.0,NO,2026-03-30,853300.0,193.0
SWP,ETF,512.0,2.04,2024-09-25,2026-10-09,9908.0,NO,2024-09-25,3202300.0,744.0
CLOB,ETF,512.0,2.04,2024-09-25,2026-10-09,6959.0,NO,2024-11-07,510100.0,701.0
MMKT,ETF,512.0,2.04,2024-09-25,2026-10-09,2857.0,NO,2024-10-04,132100.0,735.0
JDIV,ETF,511.0,2.03,2024-09-26,2026-10-09,1854.0,NO,2026-05-28,22400.0,134.0
GRDN,Stock,511.0,2.03,2024-09-26,2026-10-09,397504.0,NO,2026-09-18,3205600.0,21.0
BKV,Stock,511.0,2.03,2024-09-26,2026-10-09,1677147.0,NO,2026-09-10,18909800.0,29.0
CURB,Stock,511.0,2.03,2024-09-26,2026-10-09,1612840.0,NO,2026-06-30,6616700.0,101.0
MYCF,ETF,510.0,2.04,2024-09-24,2026-10-09,3276.0,NO,2025-12-02,434100.0,311.0
COPA,ETF,509.0,2.04,2024-09-24,2026-10-09,675.0,NO,2026-02-05,43700.0,246.0
HYBI,ETF,509.0,2.02,2024-09-30,2026-10-09,28094.0,NO,2025-10-14,335500.0,360.0
SPYQ,ETF,508.0,2.02,2024-10-01,2026-10-09,276.0,NO,2026-06-03,379200.0,128.0
ZOCT,ETF,508.0,2.02,2024-10-01,2026-10-09,120375.0,NO,2026-10-01,1658200.0,8.0
ELCV,ETF,508.0,2.02,2024-10-01,2026-10-09,36128.0,NO,2024-12-30,923100.0,648.0
QQQP,ETF,508.0,2.02,2024-10-01,2026-10-09,386.0,NO,2025-06-05,365300.0,491.0
GQQQ,ETF,508.0,2.02,2024-10-01,2026-10-09,9886.0,NO,2025-01-14,760400.0,633.0
AOCT,ETF,508.0,2.02,2024-10-01,2026-10-09,176397.0,NO,2024-10-07,513300.0,732.0
APOC,ETF,508.0,2.02,2024-10-01,2026-10-09,17523.0,NO,2026-02-17,1600600.0,234.0
FVR,Stock,507.0,2.02,2024-10-02,2026-10-09,180499.0,NO,2024-10-02,4954600.0,737.0
SARO,Stock,507.0,2.02,2024-10-02,2026-10-09,3353941.0,NO,2024-10-02,27287300.0,737.0
SOBO,Stock,506.0,2.02,2024-10-03,2026-10-09,1806970.0,NO,2025-03-28,8839100.0,560.0
NFXS,ETF,506.0,2.02,2024-10-03,2026-10-09,3377.0,NO,2025-05-05,1847500.0,522.0
GIBO,Stock,506.0,3.13,2023-08-21,2026-10-09,85197.0,NO,2026-01-23,1380512.0,259.0
FTCE,ETF,506.0,2.02,2024-10-03,2026-10-09,11706.0,NO,2024-10-23,1814600.0,716.0
EDGI,ETF,506.0,2.02,2024-10-03,2026-10-09,11094.0,NO,2026-03-09,2110000.0,214.0
EDGU,ETF,506.0,2.02,2024-10-03,2026-10-09,18361.0,NO,2026-09-11,2051900.0,28.0
CNAV,ETF,506.0,2.02,2024-10-01,2026-10-09,8471.0,NO,2024-10-01,1193900.0,738.0
MAGC,ETF,506.0,2.02,2024-10-03,2026-10-09,16375.0,NO,2024-10-07,2711400.0,732.0
EDGF,ETF,506.0,2.02,2024-10-03,2026-10-09,66031.0,NO,2024-10-08,3366300.0,731.0
TSMX,ETF,506.0,2.02,2024-10-03,2026-10-09,455013.0,NO,2025-01-27,3911500.0,620.0
EDGH,ETF,506.0,2.02,2024-10-03,2026-10-09,30871.0,NO,2024-10-08,1946900.0,731.0
CBNA,Stock,505.0,2.01,2024-10-04,2026-10-09,10960.0,NO,2024-10-04,345100.0,735.0
HYSD,ETF,505.0,2.09,2024-09-05,2026-10-09,1482.0,NO,2025-06-03,2974800.0,493.0
MYCI,ETF,504.0,2.04,2024-09-24,2026-10-09,3610.0,NO,2025-01-13,332900.0,634.0
WCMI,ETF,504.0,2.0,2024-10-07,2026-10-09,542165.0,NO,2026-08-25,5552900.0,45.0
NJNK,ETF,504.0,2.09,2024-09-05,2026-10-09,28080.0,NO,2024-09-05,1245300.0,764.0
CSHP,ETF,504.0,2.19,2024-08-01,2026-10-09,465.0,NO,2026-09-02,1820300.0,37.0
MYCG,ETF,504.0,2.04,2024-09-24,2026-10-09,4142.0,NO,2025-05-01,107600.0,526.0
SPIN,ETF,504.0,2.09,2024-09-05,2026-10-09,1158.0,NO,2025-10-22,650500.0,352.0
CPST,ETF,503.0,2.1,2024-09-03,2026-10-09,1134.0,NO,2024-09-03,437800.0,766.0
MYCJ,ETF,503.0,2.04,2024-09-24,2026-10-09,2982.0,NO,2025-01-13,338100.0,634.0
SHEH,ETF,503.0,2.0,2024-10-07,2026-10-09,5936.0,NO,2025-06-25,204900.0,471.0
GUMI,ETF,502.0,2.21,2024-07-25,2026-10-09,33070.0,NO,2026-07-13,198000.0,88.0
CPRO,ETF,502.0,2.02,2024-10-01,2026-10-09,5047.0,NO,2024-10-01,455100.0,738.0
SEEM,ETF,501.0,2.0,2024-10-10,2026-10-09,40922.0,NO,2024-10-28,7424800.0,711.0
LLDR,ETF,501.0,2.08,2024-09-10,2026-10-08,100.0,NO,2025-07-15,25100.0,450.0
AVL,ETF,501.0,2.0,2024-10-10,2026-10-09,796050.0,NO,2026-09-03,5195000.0,36.0
MUU,ETF,501.0,2.0,2024-10-10,2026-10-09,16828323.0,NO,2026-06-09,109858000.0,122.0
SEIS,ETF,501.0,2.0,2024-10-10,2026-10-09,53557.0,NO,2024-10-28,7884500.0,711.0
SEIE,ETF,500.0,2.0,2024-10-10,2026-10-09,84524.0,NO,2024-10-28,18554900.0,711.0
MYCH,ETF,500.0,2.04,2024-09-24,2026-10-09,24757.0,NO,2026-08-12,1190900.0,58.0
RMCA,ETF,500.0,2.15,2024-08-13,2026-10-08,5400.0,NO,2024-08-30,326400.0,769.0
NATO,ETF,500.0,1.99,2024-10-11,2026-10-09,18562.0,NO,2026-03-02,144500.0,221.0
CBLL,Stock,500.0,1.99,2024-10-11,2026-10-09,243731.0,NO,2024-10-11,3571200.0,728.0
RSMC,ETF,499.0,1.99,2024-10-11,2026-10-09,12293.0,NO,2024-11-06,997700.0,702.0
EIIA,Stock,498.0,2.0,2024-10-10,2026-10-09,949.0,NO,2025-09-11,139600.0,393.0
GMNY,ETF,497.0,2.07,2024-09-13,2026-10-09,22175.0,NO,2025-07-17,266400.0,449.0
KMID,ETF,497.0,1.98,2024-10-16,2026-10-09,5436.0,NO,2026-09-30,461800.0,9.0
BTGD,ETF,497.0,1.98,2024-10-16,2026-10-09,7675.0,NO,2026-01-30,813100.0,252.0
MYCN,ETF,497.0,2.04,2024-09-24,2026-10-09,8.0,NO,2025-03-20,143700.0,568.0
JEMB,ETF,497.0,2.15,2024-08-14,2026-10-09,101670.0,NO,2024-08-21,3097500.0,779.0
INFO,ETF,497.0,2.0,2024-10-10,2026-10-09,25183.0,NO,2025-07-25,22169500.0,441.0
BTCI,ETF,496.0,1.98,2024-10-17,2026-10-09,487197.0,NO,2026-02-05,1938000.0,246.0
CPNS,ETF,495.0,2.1,2024-09-03,2026-10-09,1205.0,NO,2025-01-13,640600.0,634.0
ESN,ETF,494.0,1.97,2024-10-21,2026-10-09,30360.0,NO,2025-06-24,1621900.0,472.0
HECO,ETF,494.0,2.08,2024-09-10,2026-10-09,17.0,NO,2025-11-04,430900.0,339.0
NBIS,Stock,494.0,1.97,2024-10-21,2026-10-09,9517515.0,NO,2025-09-09,88378300.0,395.0
BAI,ETF,493.0,1.96,2024-10-22,2026-10-09,2517479.0,NO,2025-09-16,79352700.0,388.0
XMAG,ETF,493.0,1.96,2024-10-22,2026-10-09,59315.0,NO,2026-06-25,865800.0,106.0
EUAD,ETF,493.0,1.96,2024-10-22,2026-10-09,615484.0,NO,2026-01-20,2799100.0,262.0
TEK,ETF,493.0,1.96,2024-10-22,2026-10-09,596.0,NO,2025-08-13,286500.0,422.0
UXOC,ETF,492.0,1.97,2024-10-21,2026-10-09,509.0,NO,2026-01-07,605800.0,275.0
FBLA,Stock,492.0,1.96,2024-10-23,2026-10-09,131708.0,NO,2024-10-23,3578100.0,716.0
RMNY,ETF,492.0,2.15,2024-08-13,2026-10-09,10251.0,NO,2025-04-14,178000.0,543.0
MYCK,ETF,492.0,2.04,2024-09-24,2026-10-09,3893.0,NO,2026-02-17,235900.0,234.0
TTEQ,ETF,491.0,1.96,2024-10-24,2026-10-09,48701.0,NO,2026-05-28,946200.0,134.0
QTOP,ETF,491.0,1.96,2024-10-24,2026-10-09,100699.0,NO,2026-05-28,1144100.0,134.0
INGM,Stock,491.0,1.96,2024-10-24,2026-10-09,1177116.0,NO,2026-05-06,10011700.0,156.0
TOPT,ETF,491.0,1.96,2024-10-24,2026-10-09,495109.0,NO,2025-11-04,1926700.0,339.0
QNXT,ETF,491.0,1.96,2024-10-24,2026-10-09,2148.0,NO,2026-07-02,307000.0,99.0
SEPN,Stock,490.0,1.95,2024-10-25,2026-10-09,349375.0,NO,2025-05-14,37815800.0,513.0
KCSH,ETF,490.0,2.2,2024-07-26,2026-10-08,300.0,NO,2024-07-26,3992400.0,804.0
PATN,ETF,490.0,2.06,2024-09-17,2026-10-09,77861.0,NO,2026-07-30,721700.0,71.0
ECG,Stock,489.0,1.95,2024-10-28,2026-10-09,289311.0,NO,2025-05-14,3734500.0,513.0
GMOI,ETF,488.0,1.94,2024-10-29,2026-10-09,17835.0,NO,2026-01-21,2067400.0,261.0
QLTI,ETF,488.0,1.94,2024-10-29,2026-10-09,17218.0,NO,2025-12-09,2363600.0,304.0
GMOV,ETF,488.0,1.94,2024-10-29,2026-10-09,2449.0,NO,2025-02-03,234400.0,613.0
TLTP,ETF,488.0,1.94,2024-10-29,2026-10-09,54805.0,NO,2026-05-15,408700.0,147.0
XPAY,ETF,486.0,1.94,2024-10-31,2026-10-09,22524.0,NO,2026-02-10,291200.0,241.0
LFSC,ETF,486.0,1.94,2024-10-31,2026-10-09,559.0,NO,2026-02-19,65400.0,232.0
SLDR,ETF,486.0,1.97,2024-10-18,2026-10-09,1037.0,NO,2026-07-07,200500.0,94.0
KPRO,ETF,485.0,2.66,2024-02-08,2026-10-07,100.0,NO,2026-06-08,103200.0,121.0
ZNOV,ETF,485.0,1.94,2024-11-01,2026-10-09,7328.0,NO,2024-11-01,1079700.0,707.0
KCAI,ETF,483.0,2.11,2024-08-28,2026-10-09,280.0,NO,2026-06-25,260300.0,106.0
MYCM,ETF,482.0,2.04,2024-09-24,2026-10-09,156.0,NO,2025-03-20,131400.0,568.0
BKDV,ETF,481.0,1.92,2024-11-07,2026-10-09,576774.0,NO,2025-03-03,5590700.0,585.0
GRNY,ETF,481.0,1.92,2024-11-07,2026-10-09,723850.0,NO,2026-01-09,9411000.0,273.0
PIEQ,ETF,481.0,1.92,2024-11-06,2026-10-09,22581.0,NO,2026-04-10,6541100.0,182.0
MYCL,ETF,480.0,2.04,2024-09-24,2026-10-09,8.0,NO,2025-03-20,166500.0,568.0
MULL,ETF,478.0,1.91,2024-11-12,2026-10-09,2843712.0,NO,2026-04-01,23787500.0,191.0
TSMU,ETF,478.0,1.91,2024-11-12,2026-10-09,31653.0,NO,2025-10-16,435900.0,358.0
RGEF,ETF,478.0,1.95,2024-10-28,2026-10-09,310.0,NO,2025-02-18,804700.0,598.0
CRWL,ETF,478.0,1.91,2024-11-12,2026-10-09,98945.0,NO,2026-02-23,1426500.0,228.0
LDRT,ETF,476.0,1.9,2024-11-14,2026-10-09,78488.0,NO,2026-07-24,2762300.0,77.0
DEXC,ETF,476.0,1.9,2024-11-14,2026-10-09,5883.0,NO,2024-11-14,688100.0,694.0
ITDJ,ETF,475.0,1.9,2024-11-14,2026-10-09,1897.0,NO,2025-04-22,55500.0,535.0
LDRC,ETF,475.0,1.9,2024-11-14,2026-10-09,15072.0,NO,2025-12-19,1131800.0,294.0
AELV,ETF,475.0,2.09,2024-09-05,2026-10-07,3900.0,NO,2024-09-05,75400.0,762.0
LDRH,ETF,474.0,1.9,2024-11-13,2026-10-09,4222.0,NO,2026-06-18,511000.0,113.0
BIDD,ETF,474.0,1.89,2024-11-18,2026-10-09,15533.0,NO,2025-10-08,5098100.0,366.0
SLNZ,ETF,473.0,1.89,2024-11-19,2026-10-09,539.0,NO,2025-10-24,1031900.0,350.0
TBFG,ETF,473.0,2.73,2024-01-16,2026-10-09,501.0,NO,2026-01-09,547900.0,273.0
WCME,ETF,473.0,1.99,2024-10-11,2026-10-09,4371.0,NO,2026-04-07,473600.0,185.0
HYBX,ETF,473.0,1.89,2024-11-19,2026-10-09,496.0,NO,2025-04-11,121600.0,546.0
SPMA,Stock,473.0,1.91,2024-11-11,2026-10-09,1574.0,NO,2025-04-08,74000.0,549.0
BAFE,ETF,473.0,1.89,2024-11-19,2026-10-09,29101.0,NO,2026-03-25,857500.0,198.0
MBINL,Stock,473.0,1.89,2024-11-19,2026-10-09,16773.0,NO,2025-01-31,1280900.0,616.0
SMBS,ETF,473.0,1.89,2024-11-19,2026-10-09,1534952.0,NO,2025-04-22,195497700.0,535.0
USAF,ETF,472.0,1.88,2024-11-20,2026-10-09,517.0,NO,2024-11-21,65000.0,687.0
VSDM,ETF,471.0,1.88,2024-11-21,2026-10-09,487263.0,NO,2026-09-22,1121000.0,17.0
FEAC,ETF,471.0,1.88,2024-11-21,2026-10-09,882.0,NO,2026-07-06,187600.0,95.0
FEMR,ETF,471.0,1.88,2024-11-21,2026-10-09,16866.0,NO,2026-03-03,239100.0,220.0
BIGY,ETF,471.0,1.88,2024-11-21,2026-10-09,4263.0,NO,2025-12-30,51500.0,283.0
UPSD,ETF,471.0,1.88,2024-11-21,2026-10-09,18167.0,NO,2025-05-30,269600.0,497.0
FAI,ETF,471.0,1.88,2024-11-21,2026-10-09,48990.0,NO,2026-06-29,1161800.0,102.0
FFDI,ETF,471.0,1.88,2024-11-21,2026-10-09,602.0,NO,2024-11-22,201300.0,686.0
VCRM,ETF,471.0,1.88,2024-11-21,2026-10-09,1391916.0,NO,2026-09-29,2457000.0,10.0
FFGX,ETF,470.0,1.88,2024-11-21,2026-10-09,10955.0,NO,2025-04-23,476900.0,534.0
CPSO,ETF,466.0,2.02,2024-10-01,2026-10-09,11666.0,NO,2024-10-01,465600.0,738.0
YGLD,ETF,464.0,1.85,2024-12-03,2026-10-09,26614.0,NO,2024-12-23,271100.0,655.0
ZDEK,ETF,464.0,1.85,2024-12-02,2026-10-09,30199.0,NO,2025-04-04,995500.0,553.0
OAKM,ETF,464.0,1.85,2024-12-03,2026-10-09,410470.0,NO,2025-04-15,9590700.0,542.0
SOXY,ETF,464.0,1.85,2024-12-03,2026-10-09,11689.0,NO,2026-02-27,106400.0,224.0
PCMM,ETF,464.0,1.85,2024-12-03,2026-10-09,23908.0,NO,2025-03-14,521800.0,574.0
PCLO,ETF,464.0,1.85,2024-12-03,2026-10-09,13250.0,NO,2024-12-03,401600.0,675.0
AIS,ETF,464.0,1.85,2024-12-03,2026-10-09,304015.0,NO,2026-10-02,3270100.0,7.0
CEPI,ETF,463.0,1.85,2024-12-04,2026-10-09,43924.0,NO,2026-05-26,158100.0,136.0
MFSG,ETF,462.0,1.84,2024-12-05,2026-10-09,33962.0,NO,2026-03-04,1539300.0,219.0
VOLT,ETF,462.0,1.84,2024-12-05,2026-10-09,80362.0,NO,2025-06-24,848600.0,472.0
DMX,ETF,462.0,1.85,2024-12-03,2026-10-09,5400.0,NO,2025-04-24,265700.0,533.0
GROZ,ETF,462.0,1.84,2024-12-05,2026-10-09,29038.0,NO,2026-04-15,202500.0,177.0
CPSD,ETF,462.0,1.85,2024-12-02,2026-10-08,500.0,NO,2024-12-02,660000.0,675.0
MFSI,ETF,462.0,1.84,2024-12-05,2026-10-09,146819.0,NO,2026-01-08,3007200.0,274.0
MFSV,ETF,462.0,1.84,2024-12-05,2026-10-09,74374.0,NO,2026-03-04,2075500.0,219.0
QBIG,ETF,462.0,1.84,2024-12-05,2026-10-09,2247.0,NO,2024-12-16,283800.0,662.0
QQLV,ETF,461.0,1.84,2024-12-06,2026-10-09,177.0,NO,2026-09-21,45600.0,18.0
GFLW,ETF,460.0,1.84,2024-12-05,2026-10-09,212496.0,NO,2025-03-04,5297900.0,584.0
APLU,ETF,459.0,1.84,2024-12-05,2026-10-09,49107.0,NO,2025-01-13,6130000.0,634.0
RFIX,ETF,459.0,1.83,2024-12-10,2026-10-09,1358349.0,NO,2026-03-19,1702100.0,204.0
LODI,ETF,459.0,1.85,2024-12-04,2026-10-09,6033.0,NO,2024-12-04,2002000.0,674.0
FMCE,ETF,459.0,1.89,2024-11-15,2026-10-07,100.0,NO,2025-02-14,120100.0,600.0
MSLC,ETF,458.0,1.83,2024-12-11,2026-10-09,59071.0,NO,2025-03-28,1990800.0,560.0
PLTU,ETF,458.0,1.83,2024-12-11,2026-10-09,1165434.0,NO,2025-05-06,13459300.0,521.0
BRKU,ETF,458.0,1.83,2024-12-11,2026-10-09,94514.0,NO,2025-09-08,2563800.0,396.0
MSSM,ETF,458.0,1.83,2024-12-11,2026-10-09,9358.0,NO,2025-04-16,591700.0,541.0
JIII,ETF,458.0,1.83,2024-12-11,2026-10-09,290793.0,NO,2025-04-17,1050800.0,540.0
SCDV,ETF,457.0,1.82,2024-12-12,2026-10-09,8541.0,NO,2025-01-28,93600.0,619.0
NCLO,ETF,457.0,1.83,2024-12-11,2026-10-09,27401.0,NO,2026-10-08,2076600.0,1.0
BGDV,ETF,457.0,1.82,2024-12-12,2026-10-09,10064.0,NO,2026-09-25,1687000.0,14.0
TTAN,Stock,457.0,1.82,2024-12-12,2026-10-09,1669392.0,NO,2026-09-09,22950500.0,30.0
PRCS,ETF,457.0,1.82,2024-12-12,2026-10-09,24253.0,NO,2026-07-08,784600.0,93.0
AINP,ETF,456.0,1.83,2024-12-09,2026-10-09,2900.0,NO,2025-01-27,4842100.0,620.0
SMCL,ETF,456.0,1.82,2024-12-13,2026-10-09,311963.0,NO,2026-03-20,8845065.0,203.0
EMPB,ETF,456.0,1.82,2024-12-12,2026-10-09,4407.0,NO,2026-01-02,51700.0,280.0
NVDG,ETF,456.0,1.82,2024-12-13,2026-10-09,75725.0,NO,2026-10-07,1982600.0,2.0
PRVS,ETF,456.0,1.82,2024-12-12,2026-10-09,1993.0,NO,2025-01-07,87600.0,640.0
IPAV,ETF,455.0,2.11,2024-08-28,2026-10-09,480.0,NO,2025-07-30,58700.0,436.0
AQLT,ETF,455.0,1.82,2024-12-12,2026-10-09,10103.0,NO,2024-12-16,6636000.0,662.0
CORO,ETF,455.0,1.84,2024-12-06,2026-10-09,3111057.0,NO,2026-09-22,130910900.0,17.0
CPNQ,ETF,454.0,1.85,2024-12-02,2026-10-09,1474.0,NO,2025-06-16,678100.0,480.0
TAX,ETF,453.0,1.81,2024-12-18,2026-10-09,15.0,NO,2026-01-22,243200.0,260.0
ESUM,ETF,453.0,1.81,2024-12-18,2026-10-09,45371.0,NO,2025-06-04,420200.0,492.0
BBB,ETF,453.0,1.81,2024-12-18,2026-10-09,1381.0,NO,2026-01-12,27500.0,270.0
RSBA,ETF,453.0,1.81,2024-12-18,2026-10-09,8270.0,NO,2026-01-20,400700.0,262.0
GAINI,Stock,453.0,1.81,2024-12-18,2026-10-09,24592.0,NO,2024-12-31,862900.0,647.0
TSYY,ETF,453.0,1.81,2024-12-18,2026-10-09,20551.0,NO,2025-10-03,1211288.0,371.0
ZAP,ETF,453.0,1.81,2024-12-18,2026-10-09,104301.0,NO,2024-12-23,1151100.0,655.0
ECCU,Stock,452.0,1.8,2024-12-19,2026-10-09,11964.0,NO,2025-02-04,146300.0,612.0
MFSM,ETF,452.0,1.84,2024-12-05,2026-10-09,164453.0,NO,2024-12-05,1006800.0,673.0
NBJP,ETF,452.0,2.07,2024-09-12,2026-10-09,283.0,NO,2026-01-15,565800.0,267.0
FLCC,ETF,452.0,1.81,2024-12-18,2026-10-09,10359.0,NO,2026-04-01,757100.0,191.0
FEGE,ETF,451.0,1.8,2024-12-20,2026-10-09,278436.0,NO,2026-01-16,1083300.0,266.0
FGSM,ETF,451.0,1.8,2024-12-20,2026-10-09,2103.0,NO,2024-12-23,1826900.0,655.0
FOPC,ETF,451.0,1.8,2024-12-20,2026-10-09,3511.0,NO,2024-12-23,1190800.0,655.0
FARX,ETF,451.0,1.8,2024-12-20,2026-10-09,2794.0,NO,2024-12-23,436300.0,655.0
FCBD,ETF,451.0,1.8,2024-12-20,2026-10-09,3253.0,NO,2024-12-23,1620900.0,655.0
FEOE,ETF,451.0,1.8,2024-12-20,2026-10-09,181387.0,NO,2026-08-19,1128100.0,51.0
FINT,ETF,451.0,1.8,2024-12-20,2026-10-09,3841.0,NO,2024-12-23,1515000.0,655.0
FLCE,ETF,451.0,1.8,2024-12-20,2026-10-09,4077.0,NO,2024-12-23,1456700.0,655.0
BEEX,ETF,449.0,1.81,2024-12-16,2026-10-09,1083.0,NO,2026-09-29,215400.0,10.0
TLTI,ETF,449.0,1.83,2024-12-11,2026-10-09,2781.0,NO,2026-05-12,30800.0,150.0
MCDS,ETF,448.0,1.81,2024-12-18,2026-10-09,6.0,NO,2025-04-04,48700.0,553.0
LCDS,ETF,448.0,2.17,2024-08-08,2026-10-09,6.0,NO,2026-07-22,7700.0,79.0
BRIF,ETF,448.0,1.79,2024-12-26,2026-10-09,4448.0,NO,2025-01-14,655800.0,633.0
CPSN,ETF,448.0,1.94,2024-11-01,2026-10-09,365.0,NO,2024-11-01,572400.0,707.0
COPY,ETF,447.0,1.78,2024-12-27,2026-10-09,115363.0,NO,2026-09-02,1185200.0,37.0
EGGS,ETF,447.0,1.78,2024-12-27,2026-10-09,2798.0,NO,2024-12-30,56800.0,648.0
IDVZ,ETF,447.0,1.78,2024-12-27,2026-10-09,12690.0,NO,2025-01-16,975800.0,631.0
EGGY,ETF,447.0,1.78,2024-12-27,2026-10-09,69574.0,NO,2026-09-25,292000.0,14.0
EGGQ,ETF,446.0,1.77,2024-12-30,2026-10-09,2470.0,NO,2025-05-06,74400.0,521.0
BUYO,ETF,445.0,2.0,2024-10-08,2026-10-09,710.0,NO,2024-10-09,395500.0,730.0
WAR,ETF,445.0,1.77,2024-12-31,2026-10-09,4228.0,NO,2026-03-06,92800.0,217.0
IGCB,ETF,445.0,1.88,2024-11-19,2026-10-08,600.0,NO,2025-04-10,206200.0,546.0
CPRY,ETF,444.0,1.77,2025-01-02,2026-10-09,1403.0,NO,2025-01-13,631500.0,634.0
RIOX,ETF,443.0,1.76,2025-01-03,2026-10-09,151300.0,NO,2026-08-11,1012500.0,59.0
TSEL,ETF,443.0,1.76,2025-01-03,2026-10-09,14371.0,NO,2025-01-15,702900.0,632.0
MILK,ETF,443.0,1.81,2024-12-18,2026-10-09,7950.0,NO,2025-04-15,101000.0,542.0
FPAS,ETF,442.0,1.93,2024-11-01,2026-10-07,100.0,NO,2026-06-11,174600.0,118.0
FOWF,ETF,442.0,1.8,2024-12-18,2026-10-08,800.0,NO,2026-02-12,70800.0,238.0
PMIO,ETF,442.0,1.81,2024-12-18,2026-10-09,20813.0,NO,2026-09-18,36500.0,21.0
ZJAN,ETF,440.0,1.77,2025-01-02,2026-10-09,5929.0,NO,2026-01-02,591300.0,280.0
INVN,ETF,440.0,1.75,2025-01-07,2026-10-09,765.0,NO,2025-01-30,97200.0,617.0
BOXA,ETF,439.0,1.81,2024-12-18,2026-10-09,1017.0,NO,2025-03-10,39200.0,578.0
TSMG,ETF,437.0,1.73,2025-01-14,2026-10-09,59835.0,NO,2026-01-15,391400.0,267.0
ASMG,ETF,437.0,1.73,2025-01-14,2026-10-09,15209.0,NO,2025-07-16,3736900.0,450.0
LFGY,ETF,437.0,1.73,2025-01-14,2026-10-09,51304.0,NO,2026-03-17,743000.0,206.0
ARMG,ETF,437.0,1.73,2025-01-14,2026-10-09,1164132.0,NO,2026-05-06,10883000.0,156.0
NVOH,ETF,437.0,1.75,2025-01-07,2026-10-08,6000.0,NO,2025-12-23,36800.0,289.0
IYRI,ETF,436.0,1.73,2025-01-15,2026-10-09,81195.0,NO,2026-09-16,227200.0,23.0
ORR,ETF,436.0,1.73,2025-01-15,2026-10-09,44361.0,NO,2026-03-03,815900.0,220.0
RSMV,ETF,436.0,1.73,2025-01-14,2026-10-09,515.0,NO,2025-01-15,4370500.0,632.0
BNDS,ETF,436.0,1.73,2025-01-15,2026-10-09,20006.0,NO,2026-06-11,120100.0,120.0
SLVR,ETF,436.0,1.73,2025-01-15,2026-10-09,70020.0,NO,2026-01-26,2568500.0,256.0
CGMM,ETF,435.0,1.73,2025-01-16,2026-10-09,727127.0,NO,2026-03-23,9330800.0,200.0
FLOC,Stock,435.0,1.73,2025-01-16,2026-10-09,562338.0,NO,2025-01-16,6442400.0,631.0
OCCIM,Stock,432.0,2.02,2024-10-03,2026-10-09,18377.0,NO,2024-10-04,75900.0,735.0
LST,ETF,432.0,1.71,2025-01-21,2026-10-09,52393.0,NO,2026-06-29,1738400.0,102.0
DVQQ,ETF,432.0,1.79,2024-12-24,2026-10-09,3275.0,NO,2026-02-06,96100.0,245.0
TJAN,ETF,432.0,1.77,2025-01-02,2026-10-09,991.0,NO,2025-06-16,658000.0,480.0
TXUE,ETF,432.0,1.71,2025-01-22,2026-10-09,30974.0,NO,2025-01-22,1567400.0,625.0
TWOX,ETF,432.0,1.73,2025-01-16,2026-10-09,168.0,NO,2026-07-01,295000.0,100.0
CBOJ,ETF,432.0,1.71,2025-01-22,2026-10-09,3765.0,NO,2025-01-22,1024100.0,625.0
NHYM,ETF,431.0,1.71,2025-01-23,2026-10-09,19858.0,NO,2025-12-31,962600.0,282.0
GPTY,ETF,431.0,1.71,2025-01-23,2026-10-09,57069.0,NO,2026-04-21,163200.0,171.0
HBTA,ETF,431.0,1.71,2025-01-23,2026-10-09,21446.0,NO,2026-06-23,2496600.0,108.0
AMDG,ETF,430.0,1.71,2025-01-24,2026-10-09,13107.0,NO,2025-10-06,1776500.0,368.0
FIXP,ETF,429.0,1.71,2025-01-23,2026-10-09,6728.0,NO,2025-01-23,490900.0,624.0
XIDV,ETF,428.0,1.71,2025-01-23,2026-10-09,10199.0,NO,2025-10-24,850100.0,350.0
XUDV,ETF,428.0,1.71,2025-01-23,2026-10-09,11551.0,NO,2025-05-14,1286800.0,513.0
CPSY,ETF,428.0,1.76,2025-01-02,2026-10-08,1200.0,NO,2025-01-02,614800.0,644.0
SFD,Stock,428.0,1.69,2025-01-28,2026-10-09,1759218.0,NO,2025-01-28,12165200.0,619.0
BENJ,ETF,428.0,1.71,2025-01-23,2026-10-09,15987.0,NO,2026-07-31,1191400.0,70.0
EDGE,ETF,428.0,1.71,2025-01-22,2026-10-09,217.0,NO,2025-01-24,37100.0,623.0
TRSY,ETF,428.0,2.0,2024-10-09,2026-10-09,10634.0,NO,2026-03-31,724100.0,192.0
QTPI,ETF,427.0,1.8,2024-12-19,2026-10-09,3296.0,NO,2025-12-18,728300.0,295.0
UX,ETF,427.0,1.69,2025-01-29,2026-10-09,1929.0,NO,2026-07-01,91000.0,100.0
GCPU,ETF,426.0,1.69,2025-01-30,2026-10-09,3720.0,NO,2025-01-31,115600.0,616.0
BBNX,Stock,426.0,1.69,2025-01-30,2026-10-09,955104.0,NO,2026-01-09,8291100.0,273.0
MLDR,ETF,426.0,2.07,2024-09-10,2026-10-07,100.0,NO,2025-12-29,17900.0,282.0
ROBN,ETF,425.0,1.69,2025-01-31,2026-10-09,309360.0,NO,2025-04-04,6933000.0,553.0
MAZE,Stock,425.0,1.69,2025-01-31,2026-10-09,670919.0,NO,2026-03-25,8232100.0,198.0
NDAA,ETF,424.0,1.97,2024-10-18,2026-10-09,2680.0,NO,2026-08-27,406300.0,43.0
NUMI,ETF,424.0,1.71,2025-01-23,2026-10-09,14384.0,NO,2026-10-02,613600.0,7.0
ZFEB,ETF,424.0,1.68,2025-02-03,2026-10-09,2946.0,NO,2025-02-03,1300400.0,613.0
STRK,Stock,424.0,1.68,2025-02-03,2026-10-09,37936.0,NO,2025-02-28,1281600.0,588.0
HVAC,ETF,423.0,1.68,2025-02-04,2026-10-09,2538.0,NO,2026-02-24,32700.0,227.0
CBXJ,ETF,423.0,1.68,2025-02-04,2026-10-09,1628.0,NO,2025-02-04,466600.0,612.0
CBTJ,ETF,423.0,1.68,2025-02-04,2026-10-09,2824.0,NO,2025-02-04,693200.0,612.0
FOXY,ETF,422.0,1.67,2025-02-05,2026-10-09,30090.0,NO,2026-06-25,1249000.0,106.0
JXX,ETF,422.0,1.67,2025-02-05,2026-10-09,1073.0,NO,2025-02-05,51700.0,611.0
CSNR,ETF,422.0,1.67,2025-02-05,2026-10-09,21132.0,NO,2025-03-31,574800.0,557.0
SCCR,ETF,422.0,1.67,2025-02-05,2026-10-09,199211.0,NO,2025-09-03,22099800.0,401.0
MRP,Stock,422.0,1.67,2025-02-05,2026-10-09,4496281.0,NO,2025-02-07,41730700.0,609.0
CSRE,ETF,422.0,1.67,2025-02-05,2026-10-09,350611.0,NO,2026-08-11,667200.0,59.0
PMMF,ETF,421.0,1.67,2025-02-06,2026-10-09,126045.0,NO,2025-06-27,426400.0,469.0
QBF,ETF,421.0,1.67,2025-02-06,2026-10-09,6215.0,NO,2026-05-26,154400.0,136.0
CPXR,ETF,421.0,1.71,2025-01-22,2026-10-09,7812.0,NO,2026-01-29,1781800.0,253.0
SAPH,ETF,421.0,1.75,2025-01-07,2026-10-09,445.0,NO,2025-10-15,7500.0,359.0
PEVC,ETF,421.0,1.67,2025-02-04,2026-10-07,400.0,NO,2026-04-06,78600.0,184.0
FFEM,ETF,421.0,1.88,2024-11-21,2026-10-09,15735.0,NO,2024-11-22,400900.0,686.0
KDEF,ETF,421.0,1.67,2025-02-06,2026-10-09,36714.0,NO,2026-06-10,567400.0,121.0
CSPF,ETF,421.0,1.67,2025-02-05,2026-10-09,172022.0,NO,2026-05-07,3061000.0,155.0
BPH,ETF,420.0,1.75,2025-01-07,2026-10-09,529.0,NO,2026-02-17,15200.0,234.0
TPLS,ETF,420.0,1.67,2025-02-05,2026-10-09,1340.0,NO,2025-02-05,397000.0,611.0
ORCX,ETF,420.0,1.67,2025-02-07,2026-10-09,1667788.0,NO,2026-03-11,10930800.0,212.0
BEGS,ETF,420.0,1.67,2025-02-07,2026-10-09,11112.0,NO,2025-02-19,71500.0,597.0
LENS,ETF,420.0,1.69,2025-01-29,2026-10-09,4867.0,NO,2026-02-11,118000.0,240.0
TMB,ETF,420.0,1.67,2025-02-05,2026-10-09,108728.0,NO,2026-03-25,2076000.0,198.0
GSKH,ETF,419.0,1.75,2025-01-07,2026-10-08,500.0,NO,2025-02-12,7500.0,603.0
HIMU,ETF,419.0,1.66,2025-02-10,2026-10-09,2391020.0,NO,2026-03-12,14940900.0,211.0
ACLO,ETF,419.0,1.89,2024-11-18,2026-10-09,1090.0,NO,2025-02-06,745100.0,610.0
LDDR,ETF,418.0,1.73,2025-01-14,2026-10-09,2022.0,NO,2025-04-14,63200.0,543.0
CAS,ETF,418.0,1.73,2025-01-14,2026-10-09,1670.0,NO,2026-05-21,75100.0,141.0
VGUS,ETF,417.0,1.65,2025-02-12,2026-10-09,217127.0,NO,2026-02-20,658500.0,231.0
ELM,ETF,417.0,1.65,2025-02-12,2026-10-09,9717.0,NO,2025-03-26,213200.0,562.0
TJGC,Stock,417.0,1.71,2025-01-22,2026-10-09,27689.0,NO,2025-06-03,14731900.0,493.0
VBIL,ETF,417.0,1.65,2025-02-12,2026-10-09,2272198.0,NO,2026-03-16,9352500.0,207.0
KRMN,Stock,416.0,1.65,2025-02-13,2026-10-09,2121293.0,NO,2026-07-16,18798100.0,85.0
SAIL,Stock,416.0,1.65,2025-02-13,2026-10-09,2870096.0,NO,2025-02-13,43599000.0,603.0
SNDK,Stock,416.0,1.65,2025-02-13,2026-10-09,5558695.0,NO,2025-11-26,43000900.0,317.0
INTW,ETF,416.0,1.65,2025-02-13,2026-10-09,4340295.0,NO,2025-09-18,79455200.0,386.0
JFLI,ETF,415.0,1.65,2025-02-14,2026-10-09,6931.0,NO,2026-01-07,167200.0,275.0
WXET,ETF,415.0,1.79,2024-12-24,2026-10-09,86071.0,NO,2026-03-12,130900.0,211.0
NCIQ,ETF,415.0,1.65,2025-02-14,2026-10-09,15540.0,NO,2025-02-26,457200.0,590.0
GMMF,ETF,415.0,1.65,2025-02-14,2026-10-09,20823.0,NO,2026-05-22,161400.0,140.0
DLLL,ETF,415.0,1.65,2025-02-14,2026-10-09,852783.0,NO,2026-05-28,15772800.0,134.0
NPB,Stock,414.0,1.64,2025-02-18,2026-10-09,256642.0,NO,2026-01-09,3268300.0,273.0
ROPE,ETF,414.0,1.81,2024-12-18,2026-10-09,1166.0,NO,2026-08-20,303100.0,50.0
GEME,ETF,413.0,1.71,2025-01-23,2026-10-09,16636.0,NO,2025-03-03,979600.0,585.0
AGEM,ETF,413.0,1.63,2025-02-19,2026-10-09,6034.0,NO,2025-10-13,952200.0,361.0
NBTR,ETF,412.0,1.81,2024-12-18,2026-10-09,514.0,NO,2024-12-18,990100.0,660.0
NCEW,Stock,412.0,1.81,2024-12-18,2026-10-09,496.0,NO,2025-05-07,5841313.0,520.0
GBUG,ETF,412.0,1.63,2025-02-20,2026-10-09,31159.0,NO,2026-01-30,510400.0,252.0
EMBX,ETF,412.0,14.05,2012-09-21,2026-10-09,20808.0,NO,2026-03-17,887500.0,206.0
AMDD,ETF,411.0,1.65,2025-02-12,2026-10-09,271566.0,NO,2026-05-06,5135080.0,156.0
CPSF,ETF,411.0,1.68,2025-02-03,2026-10-09,1300.0,NO,2025-02-03,417800.0,613.0
RHLD,Stock,410.0,1.62,2025-02-24,2026-10-09,89568.0,NO,2026-03-03,533000.0,220.0
EZPZ,ETF,410.0,1.62,2025-02-24,2026-10-09,9000.0,NO,2026-06-05,233900.0,126.0
TUSB,ETF,410.0,1.63,2025-02-19,2026-10-09,37293.0,NO,2025-04-14,1731700.0,543.0
LQTI,ETF,410.0,1.62,2025-02-24,2026-10-09,95005.0,NO,2026-09-24,1160600.0,15.0
LTTI,ETF,409.0,1.62,2025-02-25,2026-10-09,6104.0,NO,2026-03-11,331100.0,212.0
RBIL,ETF,409.0,1.62,2025-02-25,2026-10-09,11346.0,NO,2026-03-09,932100.0,214.0
JHCR,ETF,408.0,1.81,2024-12-18,2026-10-09,64555.0,NO,2026-02-24,89193300.0,227.0
RAA,ETF,408.0,1.62,2025-02-26,2026-10-09,28778.0,NO,2025-02-28,3998700.0,588.0
TCPB,ETF,407.0,1.63,2025-02-19,2026-10-09,25076.0,NO,2025-04-21,4332100.0,536.0
TOV,ETF,407.0,1.61,2025-02-27,2026-10-09,1261.0,NO,2025-02-27,2706600.0,589.0
PRIV,ETF,407.0,1.61,2025-02-27,2026-10-09,10535.0,NO,2026-02-02,15758300.0,249.0
PIPE,ETF,407.0,1.62,2025-02-24,2026-10-09,1059.0,NO,2025-04-04,101000.0,553.0
NBGX,ETF,406.0,1.8,2024-12-19,2026-10-08,1000.0,NO,2024-12-19,400100.0,658.0
EBI,ETF,406.0,1.61,2025-02-28,2026-10-09,3153.0,NO,2025-04-08,181900.0,549.0
OXLCG,Stock,405.0,1.61,2025-02-28,2026-10-09,3787.0,NO,2025-02-28,161700.0,588.0
MYMJ,ETF,404.0,2.04,2024-09-24,2026-10-09,41.0,NO,2025-01-13,212600.0,634.0
DABS,ETF,404.0,1.6,2025-03-04,2026-10-09,254439.0,NO,2025-03-14,631800.0,574.0
OMAH,ETF,403.0,1.6,2025-03-05,2026-10-09,636629.0,NO,2025-07-21,3109100.0,445.0
RDTY,ETF,402.0,1.59,2025-03-06,2026-10-09,8072.0,NO,2026-02-27,532800.0,224.0
EVYM,ETF,402.0,1.61,2025-02-27,2026-10-09,11975.0,NO,2025-04-08,152100.0,549.0
WEEK,ETF,402.0,1.59,2025-03-06,2026-10-09,41293.0,NO,2025-05-01,869300.0,526.0
KMTS,Stock,402.0,1.59,2025-03-06,2026-10-09,246776.0,NO,2025-03-06,3947100.0,582.0
ALLW,ETF,402.0,1.59,2025-03-06,2026-10-09,374258.0,NO,2026-03-20,3077400.0,203.0
ZMAR,ETF,401.0,1.6,2025-03-03,2026-10-09,7719.0,NO,2025-03-03,1518800.0,585.0
MVLL,ETF,401.0,1.59,2025-03-07,2026-10-09,1638887.0,NO,2025-08-29,36696300.0,406.0
MRAL,ETF,401.0,1.59,2025-03-07,2026-10-09,121221.0,NO,2026-03-26,505020.0,197.0
DVSP,ETF,401.0,1.81,2024-12-17,2026-10-09,6742.0,NO,2026-06-11,14500.0,120.0
HTAX,ETF,400.0,1.59,2025-03-06,2026-10-09,26926.0,NO,2025-07-01,537100.0,465.0
SNTH,ETF,399.0,1.58,2025-03-11,2026-10-09,36737.0,NO,2026-06-25,822700.0,106.0
OWNB,ETF,399.0,1.58,2025-03-11,2026-10-09,1720.0,NO,2025-06-16,274900.0,480.0
IONX,ETF,398.0,1.58,2025-03-12,2026-10-09,576140.0,NO,2026-04-16,10249600.0,176.0
MAVF,ETF,398.0,1.6,2025-03-04,2026-10-09,559.0,NO,2025-06-24,13200.0,472.0
AFSC,ETF,398.0,1.64,2025-02-18,2026-10-09,6.0,NO,2025-06-02,96800.0,494.0
PDPA,Stock,398.0,1.81,2024-12-16,2026-10-09,975.0,NO,2024-12-16,120600.0,662.0
SMDX,ETF,398.0,1.6,2025-02-28,2026-10-07,100.0,NO,2025-03-03,2450700.0,583.0
ISMF,ETF,397.0,1.57,2025-03-13,2026-10-09,1846.0,NO,2026-03-12,950600.0,211.0
HIMZ,ETF,397.0,1.57,2025-03-13,2026-10-09,972855.0,NO,2026-03-09,12750264.0,214.0
FRNM,Stock,397.0,2.32,2024-06-12,2026-10-09,558739.0,NO,2026-09-18,6047300.0,21.0
RKLX,ETF,397.0,1.57,2025-03-13,2026-10-09,2050761.0,NO,2026-05-08,9745300.0,154.0
UXJA,ETF,396.0,1.71,2025-01-21,2026-10-08,700.0,NO,2026-04-15,152200.0,176.0
SPUT,ETF,396.0,1.57,2025-03-14,2026-10-09,185.0,NO,2025-04-04,192500.0,553.0
TLCI,ETF,396.0,1.6,2025-03-05,2026-10-09,2726.0,NO,2025-09-10,1502600.0,394.0
TMH,ETF,396.0,1.57,2025-03-14,2026-10-09,125.0,NO,2025-09-29,30700.0,375.0
SCEC,ETF,394.0,1.57,2025-03-14,2026-10-09,420906.0,NO,2025-04-07,13429600.0,550.0
HOOX,ETF,393.0,1.56,2025-03-19,2026-10-09,6726.0,NO,2026-04-29,549600.0,163.0
SJCP,ETF,392.0,2.08,2024-09-10,2026-10-09,72.0,NO,2026-05-27,184700.0,135.0
TXXI,ETF,392.0,1.57,2025-03-13,2026-10-09,3868.0,NO,2025-03-13,157900.0,575.0
FMTM,ETF,392.0,1.56,2025-03-20,2026-10-09,194116.0,NO,2026-07-02,471200.0,99.0
SOLT,ETF,392.0,1.56,2025-03-20,2026-10-09,353965.0,NO,2026-02-06,1912135.0,245.0
MCHPP,Stock,391.0,1.55,2025-03-21,2026-10-09,5165.0,NO,2025-03-21,25280700.0,567.0
PANG,ETF,391.0,1.55,2025-03-21,2026-10-09,39523.0,NO,2026-02-18,646000.0,233.0
MYMI,ETF,391.0,2.04,2024-09-24,2026-10-09,49.0,NO,2025-01-13,213000.0,634.0
HOOG,ETF,391.0,1.55,2025-03-21,2026-10-09,216535.0,NO,2026-04-29,2566600.0,163.0
CPSR,ETF,389.0,1.6,2025-03-03,2026-10-09,214.0,NO,2025-03-03,422200.0,585.0
JUSA,ETF,389.0,1.57,2025-03-14,2026-10-09,44523.0,NO,2026-07-23,3215200.0,78.0
LMUB,ETF,389.0,1.56,2025-03-20,2026-10-09,338702.0,NO,2026-03-12,29885100.0,211.0
VRTL,ETF,389.0,1.54,2025-03-25,2026-10-09,144005.0,NO,2025-10-22,1792500.0,352.0
LCAP,ETF,388.0,1.54,2025-03-26,2026-10-09,27040.0,NO,2025-10-30,1798000.0,344.0
SCDS,ETF,388.0,1.81,2024-12-18,2026-10-09,1744.0,NO,2026-06-18,16100.0,113.0
IBCA,ETF,388.0,1.54,2025-03-26,2026-10-09,86302.0,NO,2025-12-23,1647100.0,290.0
STRF,Stock,388.0,1.54,2025-03-26,2026-10-09,27741.0,NO,2025-03-31,1843500.0,557.0
LFAI,ETF,387.0,2.06,2024-09-16,2026-10-07,100.0,NO,2025-10-27,7300.0,345.0
ELIL,ETF,387.0,1.54,2025-03-27,2026-10-09,20625.0,NO,2025-08-07,1728500.0,428.0
JHCP,ETF,387.0,1.81,2024-12-18,2026-10-09,481019.0,NO,2026-07-13,2191700.0,88.0
TCAL,ETF,387.0,1.54,2025-03-27,2026-10-09,38318.0,NO,2026-02-10,583200.0,241.0
PALU,ETF,387.0,1.54,2025-03-27,2026-10-09,58713.0,NO,2026-06-02,1848600.0,129.0
CRWV,Stock,386.0,1.53,2025-03-28,2026-10-09,19896654.0,NO,2026-08-12,87308400.0,58.0
RFAI,Stock,386.0,2.26,2024-07-05,2026-10-09,5186.0,NO,2026-08-21,3150800.0,49.0
IBIL,ETF,386.0,1.53,2025-03-28,2026-10-09,32367.0,NO,2025-09-02,251200.0,402.0
CFIT,ETF,386.0,1.53,2025-03-28,2026-10-09,17870.0,NO,2026-06-12,601500.0,119.0
BKCG,ETF,385.0,1.52,2025-03-31,2026-10-09,677.0,NO,2025-07-08,25400.0,458.0
ASLV,ETF,385.0,1.53,2025-03-27,2026-10-07,400.0,NO,2025-04-14,7147900.0,541.0
GLCR,ETF,385.0,1.54,2025-03-27,2026-10-09,671.0,NO,2026-02-17,13800.0,234.0
IBTQ,ETF,384.0,1.54,2025-03-27,2026-10-09,171846.0,NO,2026-04-28,2121300.0,164.0
HEQQ,ETF,383.0,1.54,2025-03-27,2026-10-09,784.0,NO,2025-09-23,101700.0,381.0
SMA,Stock,383.0,1.52,2025-04-02,2026-10-09,383995.0,NO,2025-04-02,10043400.0,555.0
PCHI,ETF,383.0,1.54,2025-03-25,2026-10-09,884.0,NO,2025-04-03,261300.0,554.0
BPI,ETF,383.0,1.52,2025-04-02,2026-10-09,1996.0,NO,2025-10-17,28000.0,357.0
CXRN,ETF,383.0,1.62,2025-02-24,2026-10-09,53224.0,NO,2026-08-26,102600.0,44.0
VSDB,ETF,382.0,1.52,2025-04-03,2026-10-09,42887.0,NO,2026-05-26,4581300.0,136.0
QCML,ETF,382.0,1.52,2025-04-03,2026-10-09,369323.0,NO,2026-05-07,8316800.0,155.0
SPYH,ETF,382.0,1.52,2025-04-03,2026-10-09,13573.0,NO,2026-08-20,204900.0,50.0
AVUQ,ETF,382.0,1.52,2025-04-03,2026-10-09,8576.0,NO,2026-10-08,644100.0,1.0
GIND,ETF,382.0,1.52,2025-04-03,2026-10-09,7310.0,NO,2025-09-30,1561400.0,374.0
HSBH,ETF,382.0,1.52,2025-04-03,2026-10-09,5587.0,NO,2025-04-23,72400.0,534.0
YSPY,ETF,382.0,1.52,2025-04-03,2026-10-09,18851.0,NO,2025-09-24,114500.0,380.0
IBGB,ETF,382.0,1.54,2025-03-26,2026-10-09,18063.0,NO,2025-09-05,54200.0,399.0
YOKE,ETF,382.0,1.52,2025-04-03,2026-10-09,8668.0,NO,2025-09-22,198700.0,382.0
AMUU,ETF,382.0,1.52,2025-04-03,2026-10-09,24090.0,NO,2025-10-06,1327100.0,368.0
IBMT,ETF,382.0,1.54,2025-03-27,2026-10-09,276810.0,NO,2026-06-18,368600.0,113.0
XYZG,ETF,381.0,1.51,2025-04-04,2026-10-09,2470.0,NO,2025-05-02,553500.0,525.0
TEKY,ETF,380.0,1.51,2025-04-07,2026-10-09,416.0,NO,2025-06-06,31100.0,490.0
FMUB,ETF,380.0,1.51,2025-04-07,2026-10-09,185111.0,NO,2025-06-03,820900.0,493.0
JPY,ETF,380.0,1.51,2025-04-07,2026-10-09,1092.0,NO,2025-07-17,348200.0,449.0
IBHL,ETF,380.0,1.52,2025-04-03,2026-10-09,5680.0,NO,2026-09-18,59900.0,21.0
LPRE,ETF,379.0,1.51,2025-04-04,2026-10-09,14406.0,NO,2026-08-26,328000.0,44.0
PRXG,ETF,379.0,1.5,2025-04-08,2026-10-09,3870.0,NO,2025-05-02,461100.0,525.0
AFIX,ETF,379.0,1.5,2025-04-08,2026-10-09,5807.0,NO,2026-04-21,2053800.0,171.0
FMUN,ETF,379.0,1.5,2025-04-08,2026-10-09,21981.0,NO,2026-09-30,63100.0,9.0
XXRP,ETF,379.0,1.5,2025-04-08,2026-10-09,320371.0,NO,2026-08-20,1775000.0,50.0
CPNM,ETF,379.0,1.6,2025-03-03,2026-10-09,612.0,NO,2025-03-03,137400.0,585.0
CHPY,ETF,379.0,1.5,2025-04-08,2026-10-09,659349.0,NO,2026-05-05,1887900.0,157.0
CBOA,ETF,378.0,1.5,2025-04-07,2026-10-07,100.0,NO,2025-04-07,93000.0,548.0
PRXV,ETF,378.0,1.5,2025-04-08,2026-10-09,3768.0,NO,2025-05-01,1047600.0,526.0
ELFY,ETF,377.0,1.5,2025-04-10,2026-10-09,7725.0,NO,2025-11-24,429100.0,319.0
ENDW,ETF,377.0,1.5,2025-04-10,2026-10-09,14699.0,NO,2026-07-15,131100.0,86.0
MUSE,ETF,377.0,1.89,2024-11-19,2026-10-09,508.0,NO,2025-11-07,259000.0,336.0
DSPY,ETF,377.0,1.52,2025-04-02,2026-10-09,9153.0,NO,2026-05-29,1364500.0,133.0
FTKI,ETF,376.0,1.61,2025-02-28,2026-10-09,2446.0,NO,2026-02-13,1092300.0,238.0
IBGL,ETF,376.0,1.5,2025-04-08,2026-10-09,138.0,NO,2026-04-01,48600.0,191.0
THMZ,ETF,376.0,1.51,2025-04-07,2026-10-09,4332.0,NO,2025-07-02,75100.0,464.0
AGRW,ETF,376.0,1.53,2025-03-27,2026-10-07,100.0,NO,2025-04-14,4410000.0,541.0
ALIL,ETF,376.0,1.5,2025-04-09,2026-10-09,2800.0,NO,2025-12-08,74000.0,305.0
CBTA,ETF,376.0,1.5,2025-04-07,2026-10-07,200.0,NO,2026-03-11,48900.0,210.0
ZAPR,ETF,376.0,1.52,2025-04-01,2026-10-09,3743.0,NO,2026-04-06,603000.0,186.0
MYMF,ETF,375.0,2.04,2024-09-24,2026-10-09,7.0,NO,2025-08-26,271500.0,409.0
HFGM,ETF,374.0,1.48,2025-04-15,2026-10-09,9723.0,NO,2026-05-07,375600.0,155.0
XV,ETF,374.0,1.48,2025-04-15,2026-10-09,30450.0,NO,2026-09-29,667400.0,10.0
ABIG,ETF,374.0,1.5,2025-04-09,2026-10-09,18380.0,NO,2025-04-24,127200.0,533.0
SBAR,ETF,374.0,1.48,2025-04-15,2026-10-09,76078.0,NO,2025-08-11,1240600.0,424.0
KLMN,ETF,373.0,1.82,2024-12-13,2026-10-07,100.0,NO,2026-03-25,29954800.0,196.0
TOPC,ETF,373.0,1.48,2025-04-16,2026-10-09,5553.0,NO,2026-04-30,87400.0,162.0
WSML,ETF,373.0,1.52,2025-04-03,2026-10-09,1396.0,NO,2026-03-05,6858900.0,218.0
RNTY,ETF,372.0,1.48,2025-04-17,2026-10-09,4348.0,NO,2026-02-27,704700.0,224.0
LGDX,ETF,371.0,1.6,2025-02-28,2026-10-07,100.0,NO,2025-03-06,1014500.0,580.0
TEC,ETF,371.0,1.48,2025-04-17,2026-10-08,100.0,NO,2025-04-17,159900.0,539.0
WTMU,ETF,371.0,1.52,2025-04-03,2026-10-09,12.0,NO,2026-01-05,138800.0,277.0
RVNL,ETF,370.0,1.46,2025-04-22,2026-10-09,166405.0,NO,2026-10-02,358700.0,7.0
PEPS,ETF,370.0,1.46,2025-04-22,2026-10-09,14.0,NO,2025-05-13,5200.0,514.0
EGLE,ETF,369.0,1.48,2025-04-16,2026-10-09,508.0,NO,2025-07-28,8000.0,438.0
THEQ,ETF,369.0,1.54,2025-03-27,2026-10-09,1282.0,NO,2025-07-09,172200.0,457.0
XOMX,ETF,369.0,1.46,2025-04-23,2026-10-09,4328.0,NO,2026-03-02,262900.0,221.0
BOEU,ETF,369.0,1.46,2025-04-23,2026-10-09,80695.0,NO,2026-09-28,293900.0,11.0
FLAG,ETF,368.0,1.48,2025-04-16,2026-10-07,100.0,NO,2025-05-29,5300.0,496.0
SNOU,ETF,368.0,1.46,2025-04-24,2026-10-09,74932.0,NO,2026-05-28,1302300.0,134.0
MYMG,ETF,368.0,2.04,2024-09-24,2026-10-09,255.0,NO,2025-03-20,85000.0,568.0
PLTG,ETF,367.0,1.46,2025-04-25,2026-10-09,99539.0,NO,2026-08-04,1760200.0,66.0
QBTX,ETF,367.0,1.46,2025-04-25,2026-10-09,379905.0,NO,2026-05-22,3196100.0,140.0
LITL,ETF,365.0,1.45,2025-04-29,2026-10-09,315.0,NO,2025-07-02,55300.0,464.0
BCOR,ETF,363.0,1.44,2025-04-30,2026-10-08,400.0,NO,2025-06-12,39000.0,483.0
HBTC,ETF,363.0,1.56,2025-03-19,2026-10-09,777.0,NO,2026-03-27,19400.0,196.0
BITY,ETF,363.0,1.44,2025-05-01,2026-10-09,5453.0,NO,2026-04-16,53300.0,176.0
CMDB,Stock,362.0,1.44,2025-05-01,2026-10-09,35090.0,NO,2025-05-14,471700.0,513.0
TXUG,ETF,362.0,1.71,2025-01-23,2026-10-09,6.0,NO,2025-01-24,50900.0,623.0
AGGA,ETF,362.0,1.44,2025-05-02,2026-10-09,6561.0,NO,2025-05-05,597400.0,522.0
ZTOP,ETF,361.0,1.48,2025-04-15,2026-10-09,13.0,NO,2025-06-17,239600.0,479.0
QUSA,ETF,360.0,1.43,2025-05-06,2026-10-09,6335.0,NO,2025-11-07,197800.0,336.0
AVGB,ETF,359.0,1.48,2025-04-17,2026-10-09,1177.0,NO,2026-09-17,787700.0,22.0
STRZ,Stock,359.0,1.42,2025-05-07,2026-10-09,142249.0,NO,2025-05-07,1817800.0,520.0
QQWZ,ETF,358.0,1.42,2025-05-08,2026-10-09,9266.0,NO,2025-12-19,246200.0,294.0
LCOW,ETF,358.0,1.42,2025-05-08,2026-10-09,4314.0,NO,2025-06-06,132300.0,490.0
AII,Stock,358.0,1.42,2025-05-08,2026-10-09,99900.0,NO,2025-05-08,3693300.0,519.0
WTFCN,Stock,357.0,1.42,2025-05-09,2026-10-09,7919.0,NO,2025-05-30,2814100.0,497.0
CBXA,ETF,356.0,1.5,2025-04-07,2026-10-07,100.0,NO,2025-04-08,46300.0,547.0
IDEQ,ETF,356.0,1.41,2025-05-12,2026-10-09,264483.0,NO,2025-07-21,13411800.0,445.0
IMF,ETF,355.0,1.56,2025-03-19,2026-10-09,6289.0,NO,2026-04-01,420400.0,191.0
TEMT,ETF,355.0,1.41,2025-05-13,2026-10-09,559885.0,NO,2025-08-08,1692667.0,427.0
ABLS,ETF,355.0,1.63,2025-02-19,2026-10-08,1900.0,NO,2026-07-22,40500.0,78.0
JAPN,ETF,355.0,1.41,2025-05-13,2026-10-09,2832.0,NO,2025-05-20,71900.0,507.0
BUSEP,Stock,354.0,1.4,2025-05-14,2026-10-09,6187.0,NO,2025-05-14,1400500.0,513.0
PCFI,ETF,354.0,1.53,2025-03-28,2026-10-07,3100.0,NO,2026-09-15,331700.0,22.0
RIFR,ETF,354.0,1.4,2025-05-14,2026-10-09,3208.0,NO,2025-06-10,394100.0,486.0
ETOR,Stock,354.0,1.4,2025-05-14,2026-10-09,756011.0,NO,2025-05-14,13071000.0,513.0
NODE,ETF,354.0,1.4,2025-05-14,2026-10-09,5704.0,NO,2025-11-14,232900.0,329.0
RUSC,ETF,353.0,1.4,2025-05-14,2026-10-09,9729.0,NO,2025-06-10,533200.0,486.0
TAXM,ETF,353.0,1.57,2025-03-13,2026-10-09,10756.0,NO,2026-02-04,124900.0,247.0
RINT,ETF,353.0,1.4,2025-05-14,2026-10-09,9900.0,NO,2025-06-10,1579100.0,486.0
SEMG,ETF,353.0,1.4,2025-05-14,2026-10-09,8833.0,NO,2025-07-23,1616000.0,443.0
SDCP,ETF,352.0,1.45,2025-04-25,2026-10-07,100.0,NO,2025-09-04,43900.0,398.0
GLXY,Stock,352.0,1.4,2025-05-16,2026-10-09,3851476.0,NO,2025-10-28,31326900.0,346.0
MPLY,ETF,352.0,1.4,2025-05-16,2026-10-09,28929.0,NO,2025-05-16,268400.0,511.0
AVGG,ETF,352.0,1.4,2025-05-16,2026-10-09,172193.0,NO,2026-06-04,2452000.0,127.0
QQHG,ETF,351.0,1.42,2025-05-07,2026-10-09,2783.0,NO,2026-08-31,40700.0,39.0
RNIN,ETF,351.0,1.4,2025-05-16,2026-10-09,20210.0,NO,2025-05-19,159000.0,508.0
DEFR,ETF,351.0,1.4,2025-05-14,2026-10-09,18836.0,NO,2025-07-30,816800.0,436.0
CSTK,ETF,350.0,1.42,2025-05-07,2026-10-09,8104.0,NO,2026-05-01,978400.0,161.0
USNG,ETF,350.0,1.39,2025-05-20,2026-10-09,4393.0,NO,2025-05-20,119700.0,507.0
ZMAY,ETF,350.0,1.44,2025-05-01,2026-10-09,4442.0,NO,2026-05-04,2219200.0,158.0
BOBP,ETF,349.0,1.39,2025-05-21,2026-10-09,1399.0,NO,2025-08-04,148200.0,431.0
IDEF,ETF,349.0,1.39,2025-05-21,2026-10-09,1017935.0,NO,2026-03-12,82433400.0,211.0
XRPT,ETF,348.0,1.38,2025-05-22,2026-10-09,145087.0,NO,2026-08-20,1296800.0,50.0
HNGE,Stock,348.0,1.38,2025-05-22,2026-10-09,1668125.0,NO,2025-05-22,9172800.0,505.0
MUNY,ETF,348.0,1.38,2025-05-22,2026-10-09,134376.0,NO,2026-09-28,752700.0,11.0
VTEL,ETF,348.0,1.38,2025-05-22,2026-10-09,197659.0,NO,2026-10-01,589100.0,8.0
MYMH,ETF,347.0,2.04,2024-09-24,2026-10-09,7.0,NO,2025-03-20,125000.0,568.0
QETA,Stock,345.0,2.86,2023-11-30,2026-10-09,136413.0,NO,2023-12-11,578000.0,1033.0
KNRG,ETF,345.0,1.37,2025-05-28,2026-10-09,6628.0,NO,2025-05-28,299500.0,499.0
NVII,ETF,345.0,1.37,2025-05-28,2026-10-09,71917.0,NO,2026-06-05,516100.0,126.0
UMBFO,Stock,343.0,1.36,2025-05-30,2026-10-09,6167.0,NO,2025-06-30,2330600.0,466.0
FTBI,ETF,343.0,1.36,2025-05-29,2026-10-09,1801.0,NO,2025-06-26,797600.0,470.0
RSSX,ETF,343.0,1.36,2025-05-30,2026-10-09,10639.0,NO,2026-08-31,969400.0,39.0
RGLO,ETF,343.0,1.36,2025-05-30,2026-10-09,22580.0,NO,2025-06-10,3543700.0,486.0
CPRA,ETF,343.0,1.52,2025-04-01,2026-10-07,100.0,NO,2026-04-01,146800.0,189.0
REMG,ETF,342.0,1.36,2025-05-30,2026-10-09,5806.0,NO,2025-06-10,1114500.0,486.0
LFAO,ETF,342.0,2.06,2024-09-16,2026-10-07,100.0,NO,2026-06-16,2300.0,113.0
COSO,Stock,341.0,1.42,2025-05-08,2026-10-09,61691.0,NO,2025-09-19,892700.0,385.0
PHOE,Stock,341.0,1.46,2025-04-25,2026-10-09,1883.0,NO,2026-05-08,1692300.0,154.0
IVES,ETF,340.0,1.35,2025-06-04,2026-10-09,278654.0,NO,2025-11-20,2291700.0,323.0
BESF,ETF,340.0,1.35,2025-06-04,2026-10-09,567.0,NO,2025-06-06,107600.0,490.0
INVG,ETF,340.0,1.35,2025-06-04,2026-10-09,846.0,NO,2025-11-03,157400.0,340.0
KOID,ETF,339.0,1.34,2025-06-05,2026-10-09,84388.0,NO,2026-08-19,521200.0,51.0
FFUT,ETF,339.0,1.34,2025-06-05,2026-10-09,70359.0,NO,2025-12-12,1858000.0,301.0
CRCL,Stock,339.0,1.34,2025-06-05,2026-10-09,12952018.0,NO,2025-06-23,99128700.0,473.0
GPZ,ETF,339.0,1.34,2025-06-05,2026-10-09,250840.0,NO,2026-04-13,1141900.0,179.0
LOGO,ETF,339.0,1.37,2025-05-28,2026-10-09,107.0,NO,2025-06-09,220500.0,487.0
CPSP,ETF,339.0,1.52,2025-04-01,2026-10-09,11400.0,NO,2025-04-01,321900.0,556.0
IAUI,ETF,339.0,1.34,2025-06-05,2026-10-09,127341.0,NO,2026-09-23,645600.0,16.0
BMNR,Stock,339.0,1.34,2025-06-05,2026-10-09,22711211.0,NO,2025-08-11,147160700.0,424.0
OMDA,Stock,338.0,1.34,2025-06-06,2026-10-09,836749.0,NO,2025-06-06,11283600.0,490.0
RTXG,ETF,338.0,1.34,2025-06-06,2026-10-09,8792.0,NO,2026-05-18,152400.0,144.0
STRD,Stock,338.0,1.34,2025-06-06,2026-10-09,68115.0,NO,2025-06-30,1872200.0,466.0
SJLD,ETF,337.0,1.46,2025-04-24,2026-10-09,6.0,NO,2025-11-18,35400.0,325.0
FMKT,ETF,336.0,1.33,2025-06-10,2026-10-09,2615.0,NO,2025-06-10,403900.0,486.0
ZJUN,ETF,336.0,1.35,2025-06-02,2026-10-09,1227.0,NO,2026-06-03,1147400.0,128.0
FFOX,ETF,336.0,1.33,2025-06-10,2026-10-09,4814.0,NO,2025-06-13,1990800.0,483.0
MSTP,ETF,336.0,1.33,2025-06-10,2026-10-09,25133.0,NO,2026-04-16,775870.0,176.0
HGRO,ETF,335.0,1.33,2025-06-11,2026-10-09,18249.0,NO,2026-05-05,278600.0,157.0
LSVD,ETF,335.0,1.4,2025-05-15,2026-10-09,1014.0,NO,2025-09-10,18238800.0,394.0
SPYA,ETF,335.0,1.34,2025-06-03,2026-10-07,100.0,NO,2025-07-11,15900.0,453.0
VGMS,ETF,335.0,1.33,2025-06-11,2026-10-09,104850.0,NO,2025-08-21,283300.0,414.0
BFAP,ETF,335.0,1.51,2025-04-04,2026-10-08,300.0,NO,2025-07-25,1720300.0,440.0
HBDC,ETF,335.0,1.33,2025-06-11,2026-10-09,290.0,NO,2025-09-03,777900.0,401.0
BSCZ,ETF,335.0,1.33,2025-06-11,2026-10-09,115336.0,NO,2026-08-21,2337000.0,49.0
ASIC,Stock,335.0,1.33,2025-06-11,2026-10-09,47591.0,NO,2025-06-11,3079300.0,485.0
VOYG,Stock,335.0,1.33,2025-06-11,2026-10-09,1329897.0,NO,2025-06-11,23157100.0,485.0
SGVT,ETF,334.0,1.33,2025-06-12,2026-10-09,388979.0,NO,2026-03-18,751200.0,205.0
TMED,ETF,334.0,1.33,2025-06-12,2026-10-09,3560.0,NO,2026-08-12,45100.0,58.0
QQUP,ETF,334.0,1.33,2025-06-12,2026-10-09,4253.0,NO,2025-12-02,147400.0,311.0
CHYM,Stock,334.0,1.33,2025-06-12,2026-10-09,5741511.0,NO,2025-06-12,36148200.0,484.0
QQDN,ETF,334.0,1.33,2025-06-12,2026-10-09,3109.0,NO,2025-11-20,33900.0,323.0
LFDR,ETF,334.0,1.45,2025-04-24,2026-10-07,100.0,NO,2026-08-03,300.0,65.0
BSJX,ETF,333.0,1.33,2025-06-11,2026-10-09,3490.0,NO,2026-05-22,288300.0,140.0
LDRX,ETF,333.0,1.43,2025-05-05,2026-10-09,445.0,NO,2026-02-19,294200.0,232.0
MBNKO,Stock,333.0,1.39,2025-05-21,2026-10-09,20600.0,NO,2026-09-24,247000.0,15.0
EFFI,ETF,332.0,1.8,2024-12-17,2026-10-07,200.0,NO,2026-03-20,76700.0,201.0
FIXT,ETF,332.0,1.31,2025-06-16,2026-10-09,101701.0,NO,2025-06-18,1512000.0,478.0
MBSX,ETF,332.0,1.44,2025-05-01,2026-10-09,333.0,NO,2025-05-01,194600.0,526.0
TFNS,ETF,331.0,1.33,2025-06-12,2026-10-09,1572.0,NO,2026-07-29,75800.0,72.0
BASV,ETF,331.0,1.31,2025-06-16,2026-10-09,1647.0,NO,2025-06-26,506300.0,470.0
BASG,ETF,331.0,1.31,2025-06-16,2026-10-09,11074.0,NO,2025-07-18,1287500.0,448.0
SLDE,Stock,330.0,1.31,2025-06-18,2026-10-09,972978.0,NO,2025-06-18,11950500.0,478.0
CTEF,ETF,330.0,1.31,2025-06-18,2026-10-09,588.0,NO,2025-12-31,138700.0,282.0
WTIP,ETF,330.0,1.31,2025-06-18,2026-10-09,12852.0,NO,2026-01-05,114100.0,277.0
CAI,Stock,330.0,1.31,2025-06-18,2026-10-09,5033899.0,NO,2025-06-18,15347900.0,478.0
GXIG,ETF,329.0,1.31,2025-06-17,2026-10-07,100.0,NO,2025-07-23,880200.0,441.0
TURF,ETF,329.0,1.33,2025-06-12,2026-10-09,1029.0,NO,2026-06-23,1395200.0,108.0
RW,ETF,329.0,1.31,2025-06-18,2026-10-08,1400.0,NO,2025-06-18,215100.0,477.0
AMRZ,Stock,328.0,1.3,2025-06-23,2026-10-09,2518243.0,NO,2025-09-19,40632400.0,385.0
BINT,ETF,328.0,1.3,2025-06-23,2026-10-09,35089.0,NO,2025-06-24,4738200.0,472.0
BDBT,ETF,328.0,1.3,2025-06-23,2026-10-09,26430.0,NO,2025-06-24,7405500.0,472.0
BLTD,ETF,328.0,1.3,2025-06-23,2026-10-09,8628.0,NO,2025-06-24,2551000.0,472.0
BLUC,ETF,328.0,1.3,2025-06-23,2026-10-09,15942.0,NO,2025-06-24,4264700.0,472.0
BLST,ETF,328.0,1.3,2025-06-23,2026-10-09,8987.0,NO,2025-06-24,2599100.0,472.0
BLGR,ETF,328.0,1.3,2025-06-23,2026-10-09,12819.0,NO,2025-06-24,3536200.0,472.0
IONZ,ETF,327.0,1.29,2025-06-24,2026-10-09,127855.0,NO,2026-05-22,4316470.0,140.0
BVAL,ETF,327.0,1.29,2025-06-24,2026-10-09,13373.0,NO,2025-06-24,3561200.0,472.0
TEXN,ETF,327.0,1.29,2025-06-24,2026-10-09,965.0,NO,2025-06-25,108700.0,471.0
BLUI,ETF,327.0,1.29,2025-06-24,2026-10-09,3925.0,NO,2025-06-24,1565100.0,472.0
BLUX,ETF,327.0,1.29,2025-06-24,2026-10-09,23487.0,NO,2025-06-24,7095400.0,472.0
QUBX,ETF,327.0,1.29,2025-06-24,2026-10-09,23876.0,NO,2026-05-12,1447150.0,150.0
QCMU,ETF,326.0,1.29,2025-06-25,2026-10-09,126604.0,NO,2026-04-27,1339700.0,165.0
RAL,Stock,326.0,1.29,2025-06-25,2026-10-09,928256.0,NO,2025-06-30,27065700.0,466.0
JPHY,ETF,326.0,1.29,2025-06-25,2026-10-09,19721.0,NO,2026-03-09,683900.0,214.0
CSCL,ETF,326.0,1.29,2025-06-25,2026-10-09,11366.0,NO,2026-08-13,495100.0,57.0
HUMN,ETF,325.0,1.29,2025-06-26,2026-10-09,16399.0,NO,2025-10-14,573400.0,360.0
CGVV,ETF,325.0,1.29,2025-06-26,2026-10-09,20976.0,NO,2025-06-26,1041300.0,470.0
GRIN,ETF,325.0,1.29,2025-06-26,2026-10-09,4068.0,NO,2025-07-31,2336200.0,435.0
CGGG,ETF,325.0,1.29,2025-06-26,2026-10-09,33191.0,NO,2025-06-26,1012500.0,470.0
JCAP,Stock,325.0,1.29,2025-06-26,2026-10-09,210224.0,NO,2025-06-26,3417000.0,470.0
AFOS,ETF,325.0,1.29,2025-06-26,2026-10-09,34804.0,NO,2026-09-01,91900.0,38.0
MMSD,ETF,324.0,1.43,2025-05-06,2026-10-09,26172.0,NO,2025-10-07,982900.0,367.0
CGHY,ETF,324.0,1.29,2025-06-26,2026-10-09,633478.0,NO,2026-03-09,2246700.0,214.0
FBDC,ETF,323.0,1.28,2025-06-30,2026-10-09,20951.0,NO,2025-07-07,469080.0,459.0
FGSI,ETF,323.0,1.29,2025-06-26,2026-10-09,1385.0,NO,2025-07-09,19700.0,457.0
DIVN,ETF,323.0,1.29,2025-06-26,2026-10-09,36201.0,NO,2025-07-31,4611700.0,435.0
JMTG,ETF,323.0,1.28,2025-06-30,2026-10-09,605148.0,NO,2026-03-30,6274500.0,193.0
ACVT,ETF,323.0,1.44,2025-04-30,2026-10-09,4454.0,NO,2025-04-30,221000.0,527.0
RCGE,ETF,322.0,1.61,2025-02-27,2026-10-09,94.0,NO,2025-02-27,2764500.0,589.0
XRPN,Stock,322.0,1.29,2025-06-24,2026-10-09,3134750.0,NO,2026-10-02,9305000.0,7.0
HECA,ETF,322.0,1.27,2025-07-01,2026-10-09,129814.0,NO,2026-03-02,1603200.0,221.0
TIER,ETF,322.0,1.29,2025-06-26,2026-10-09,3154.0,NO,2026-10-01,366700.0,8.0
UXAP,ETF,321.0,1.46,2025-04-21,2026-10-08,1900.0,NO,2025-04-23,60400.0,533.0
QCMD,ETF,320.0,1.29,2025-06-25,2026-10-09,19112.0,NO,2026-05-07,509200.0,155.0
WTMY,ETF,320.0,1.52,2025-04-03,2026-10-09,712.0,NO,2025-04-15,45800.0,542.0
GGOV,ETF,319.0,1.29,2025-06-26,2026-10-09,575425.0,NO,2026-05-28,41918100.0,134.0
TEMX,ETF,318.0,1.59,2025-03-04,2026-10-07,100.0,NO,2025-03-10,85000.0,576.0
ASCE,ETF,318.0,1.25,2025-07-08,2026-10-09,68045.0,NO,2026-07-23,847700.0,78.0
ABI,ETF,318.0,1.29,2025-06-26,2026-10-09,36015.0,NO,2026-09-14,16565000.0,25.0
IFLO,ETF,318.0,1.29,2025-06-26,2026-10-09,16176.0,NO,2026-08-03,877300.0,67.0
RAAA,ETF,317.0,1.25,2025-07-09,2026-10-09,43085.0,NO,2025-08-26,570300.0,409.0
ADAMH,Stock,317.0,1.25,2025-07-09,2026-10-09,18674.0,NO,2025-12-31,440100.0,282.0
VGVT,ETF,317.0,1.25,2025-07-09,2026-10-09,3480.0,NO,2025-07-09,80900.0,457.0
KGLD,ETF,317.0,1.25,2025-07-09,2026-10-09,110303.0,NO,2026-08-28,317500.0,42.0
XOEF,ETF,317.0,1.25,2025-07-09,2026-10-09,3952.0,NO,2025-07-11,60800.0,455.0
VTG,ETF,316.0,1.25,2025-07-10,2026-10-09,28388.0,NO,2026-05-27,169600.0,135.0
CBTY,ETF,316.0,1.25,2025-07-08,2026-10-08,2400.0,NO,2026-06-30,324500.0,100.0
XDIV,ETF,316.0,1.25,2025-07-10,2026-10-09,7289.0,NO,2025-12-30,158800.0,283.0
CBXY,ETF,316.0,1.25,2025-07-08,2026-10-09,1415.0,NO,2025-08-13,164800.0,422.0
TGLB,ETF,316.0,1.28,2025-06-26,2026-10-08,100.0,NO,2025-06-26,66200.0,469.0
VTP,ETF,316.0,1.25,2025-07-10,2026-10-09,71985.0,NO,2026-10-05,443500.0,4.0
GLIBK,Stock,315.0,1.25,2025-07-11,2026-10-09,688194.0,NO,2026-06-26,5414200.0,105.0
GLIBA,Stock,315.0,1.25,2025-07-11,2026-10-09,59996.0,NO,2026-06-26,1105700.0,105.0
CEGX,ETF,315.0,1.25,2025-07-11,2026-10-09,166718.0,NO,2026-10-06,1057600.0,3.0
EMOP,ETF,315.0,1.31,2025-06-18,2026-10-09,60809.0,NO,2026-03-30,7596700.0,193.0
STOX,ETF,315.0,1.29,2025-06-26,2026-10-09,14415.0,NO,2025-07-31,2331400.0,435.0
GEVX,ETF,315.0,1.25,2025-07-11,2026-10-09,62216.0,NO,2025-10-22,2438700.0,352.0
SFTY,ETF,314.0,1.29,2025-06-26,2026-10-09,105088.0,NO,2025-07-31,11976600.0,435.0
LVDS,ETF,314.0,1.24,2025-07-14,2026-10-09,985.0,NO,2026-03-23,174100.0,200.0
HOLA,ETF,314.0,1.24,2025-07-14,2026-10-09,8791.0,NO,2025-11-11,221700.0,332.0
GQGU,ETF,314.0,1.24,2025-07-14,2026-10-09,338684.0,NO,2026-10-01,4428200.0,8.0
CBOY,ETF,314.0,1.25,2025-07-08,2026-10-07,100.0,NO,2025-07-22,31500.0,442.0
DRGN,ETF,313.0,1.23,2025-07-15,2026-10-09,3553.0,NO,2026-02-11,126800.0,240.0
SLON,ETF,313.0,1.23,2025-07-15,2026-10-09,283394.0,NO,2026-09-25,505700.0,14.0
BNDY,ETF,313.0,1.27,2025-07-03,2026-10-09,81889.0,NO,2025-07-31,7008100.0,435.0
HFMF,ETF,313.0,1.23,2025-07-15,2026-10-09,1632.0,NO,2026-08-26,195100.0,44.0
HFEQ,ETF,313.0,1.23,2025-07-15,2026-10-09,778.0,NO,2025-08-12,443500.0,423.0
AVGU,ETF,313.0,1.23,2025-07-15,2026-10-09,116571.0,NO,2026-06-04,1014600.0,127.0
SBIL,ETF,313.0,1.23,2025-07-15,2026-10-09,38120.0,NO,2025-07-21,7849900.0,445.0
AUGO,Stock,312.0,1.23,2025-07-16,2026-10-09,1259483.0,NO,2026-05-29,5244300.0,133.0
AAAA,ETF,312.0,1.23,2025-07-16,2026-10-09,16002.0,NO,2025-07-31,794300.0,435.0
YNOT,ETF,312.0,1.25,2025-07-10,2026-10-09,75638.0,NO,2025-07-31,2031900.0,435.0
TLTX,ETF,312.0,1.23,2025-07-16,2026-10-09,13389.0,NO,2026-09-22,166600.0,17.0
QGRD,ETF,312.0,1.25,2025-07-10,2026-10-09,22986.0,NO,2025-07-31,2803400.0,435.0
WDEF,ETF,311.0,1.23,2025-07-17,2026-10-09,11168.0,NO,2026-09-03,342300.0,36.0
CPSU,ETF,310.0,1.35,2025-06-02,2026-10-07,200.0,NO,2025-07-01,484600.0,463.0
FLXN,ETF,309.0,1.25,2025-07-08,2026-10-09,15180.0,NO,2025-07-31,1280900.0,435.0
MGRT,Stock,309.0,1.23,2025-07-16,2026-10-07,1100.0,NO,2025-12-17,3760600.0,294.0
VSTL,ETF,308.0,1.22,2025-07-22,2026-10-09,362964.0,NO,2026-10-05,1216900.0,4.0
UNHG,ETF,308.0,1.22,2025-07-22,2026-10-09,723905.0,NO,2026-01-27,25585400.0,255.0
GIGL,ETF,308.0,1.29,2025-06-26,2026-10-09,10641.0,NO,2026-04-16,2007500.0,176.0
TAPR,ETF,308.0,1.52,2025-04-01,2026-10-07,100.0,NO,2025-05-01,95800.0,524.0
NIQ,Stock,307.0,1.21,2025-07-23,2026-10-09,992270.0,NO,2025-07-23,21974900.0,443.0
GTOC,ETF,307.0,1.21,2025-07-23,2026-10-09,53306.0,NO,2026-06-23,6413100.0,108.0
TSPX,ETF,307.0,1.62,2025-02-24,2026-10-07,100.0,NO,2025-04-07,4495600.0,548.0
JABS,ETF,307.0,1.21,2025-07-23,2026-10-09,3562.0,NO,2026-09-24,388000.0,15.0
GXPT,ETF,307.0,1.21,2025-07-23,2026-10-09,5769.0,NO,2026-03-27,5322500.0,196.0
GXPC,ETF,307.0,1.21,2025-07-23,2026-10-09,53704.0,NO,2026-07-07,3264200.0,94.0
CLCV,ETF,307.0,1.21,2025-07-23,2026-10-09,5788.0,NO,2025-10-09,71700.0,365.0
CLCG,ETF,307.0,1.21,2025-07-23,2026-10-09,328.0,NO,2025-08-19,292600.0,416.0
MTRA,ETF,307.0,1.32,2025-06-11,2026-10-07,100.0,NO,2025-09-23,251000.0,379.0
AAUS,ETF,307.0,1.21,2025-07-23,2026-10-09,7.0,NO,2026-07-23,255600.0,78.0
GXPD,ETF,306.0,1.21,2025-07-23,2026-10-09,2480.0,NO,2026-03-27,1526600.0,196.0
ARX,Stock,306.0,1.21,2025-07-24,2026-10-09,1291890.0,NO,2026-08-13,70095100.0,57.0
GXPS,ETF,305.0,1.21,2025-07-23,2026-10-09,24930.0,NO,2025-11-03,995400.0,340.0
EXUS,ETF,305.0,1.31,2025-06-18,2026-10-09,11792.0,NO,2025-11-19,915900.0,324.0
TCV,ETF,305.0,1.23,2025-07-17,2026-10-09,943.0,NO,2026-07-28,140300.0,73.0
SPXD,ETF,305.0,1.21,2025-07-25,2026-10-09,192.0,NO,2025-08-28,39100.0,407.0
AIPO,ETF,305.0,1.21,2025-07-25,2026-10-09,961066.0,NO,2026-06-11,2865600.0,120.0
CRWU,ETF,304.0,1.2,2025-07-28,2026-10-09,58415.0,NO,2026-08-12,1748380.0,58.0
GBND,ETF,304.0,1.29,2025-06-26,2026-10-09,59128.0,NO,2026-04-16,7237000.0,176.0
AKAF,ETF,304.0,1.28,2025-06-26,2026-10-07,100.0,NO,2025-08-15,8000.0,418.0
PVEX,ETF,304.0,1.28,2025-06-30,2026-10-09,1442.0,NO,2025-12-19,1496900.0,294.0
SPME,Stock,303.0,1.23,2025-07-15,2026-10-09,399.0,NO,2025-07-15,218200.0,451.0
CTIF,ETF,303.0,1.28,2025-06-25,2026-10-07,2500.0,NO,2026-01-13,209700.0,267.0
XLSI,ETF,302.0,1.19,2025-07-30,2026-10-09,12875.0,NO,2026-09-10,261800.0,29.0
STRC,Stock,302.0,1.19,2025-07-30,2026-10-09,1271391.0,NO,2026-04-14,15823400.0,178.0
XLEI,ETF,302.0,1.19,2025-07-30,2026-10-09,249328.0,NO,2026-09-29,723000.0,10.0
XLBI,ETF,302.0,1.19,2025-07-30,2026-10-09,7114.0,NO,2026-02-03,96600.0,248.0
AMBQ,Stock,302.0,1.19,2025-07-30,2026-10-09,265395.0,NO,2025-07-30,5479500.0,436.0
XLCI,ETF,302.0,1.19,2025-07-30,2026-10-09,2458.0,NO,2025-07-30,40900.0,436.0
XLFI,ETF,302.0,1.19,2025-07-30,2026-10-09,19123.0,NO,2026-10-01,31900.0,8.0
XLVI,ETF,302.0,1.19,2025-07-30,2026-10-09,43258.0,NO,2026-09-11,266900.0,28.0
XLII,ETF,302.0,1.19,2025-07-30,2026-10-09,10473.0,NO,2026-09-01,131000.0,38.0
EFFE,ETF,302.0,1.78,2024-12-27,2026-10-07,600.0,NO,2025-07-28,42900.0,436.0
XLUI,ETF,302.0,1.19,2025-07-30,2026-10-09,34325.0,NO,2026-09-10,572500.0,29.0
XLKI,ETF,302.0,1.19,2025-07-30,2026-10-09,49077.0,NO,2026-10-05,171000.0,4.0
XLRI,ETF,301.0,1.19,2025-07-30,2026-10-09,6392.0,NO,2026-03-23,23100.0,200.0
XLYI,ETF,301.0,1.19,2025-07-30,2026-10-09,24255.0,NO,2026-09-03,671400.0,36.0
RCTR,ETF,301.0,1.19,2025-07-31,2026-10-09,27079.0,NO,2026-06-15,107900.0,116.0
BILT,ETF,301.0,1.19,2025-07-31,2026-10-09,26709.0,NO,2026-06-30,1793100.0,101.0
FIG,Stock,301.0,1.19,2025-07-31,2026-10-09,7790297.0,NO,2026-05-15,77424700.0,147.0
SI,Stock,301.0,1.19,2025-07-31,2026-10-09,90987.0,NO,2025-07-31,1978200.0,435.0
AVBC,Stock,300.0,1.19,2025-08-01,2026-10-09,102947.0,NO,2025-08-01,4053700.0,434.0
CCFE,ETF,299.0,1.33,2025-06-12,2026-10-09,730.0,NO,2026-09-21,127900.0,18.0
EVMO,ETF,299.0,1.18,2025-08-04,2026-10-09,180571.0,NO,2026-09-30,1135300.0,9.0
OPPG,ETF,298.0,1.25,2025-07-08,2026-10-07,100.0,NO,2026-07-28,31800.0,71.0
TCAI,ETF,298.0,1.18,2025-08-05,2026-10-09,29003.0,NO,2025-09-23,788700.0,381.0
CTWO,ETF,297.0,1.3,2025-06-20,2026-10-07,100.0,NO,2026-07-20,33500.0,79.0
LMTL,ETF,297.0,1.17,2025-08-06,2026-10-09,10294.0,NO,2026-07-23,221500.0,78.0
AUSM,ETF,297.0,1.25,2025-07-08,2026-10-09,914.0,NO,2025-09-11,565000.0,393.0
DADS,ETF,297.0,1.17,2025-08-06,2026-10-09,231.0,NO,2026-07-07,81300.0,94.0
SHPU,ETF,297.0,1.17,2025-08-06,2026-10-09,64406.0,NO,2026-05-05,1723100.0,157.0
WYFI,Stock,296.0,1.17,2025-08-07,2026-10-09,1566158.0,NO,2026-08-19,15781500.0,51.0
CRCA,ETF,296.0,1.17,2025-08-07,2026-10-09,564195.0,NO,2026-02-25,7380560.0,226.0
FLY,Stock,296.0,1.17,2025-08-07,2026-10-09,2845227.0,NO,2025-08-07,30556600.0,428.0
CCUP,ETF,294.0,1.16,2025-08-11,2026-10-09,89842.0,NO,2026-07-10,1796800.0,91.0
LIBD,ETF,294.0,1.75,2025-01-06,2026-10-07,100.0,NO,2026-08-21,3100.0,47.0
BULG,ETF,294.0,1.16,2025-08-11,2026-10-09,62210.0,NO,2026-10-07,271700.0,2.0
HTFL,Stock,294.0,1.16,2025-08-11,2026-10-09,800889.0,NO,2026-06-26,12523600.0,105.0
CRWG,ETF,294.0,1.16,2025-08-11,2026-10-09,1578018.0,NO,2026-09-17,7683700.0,22.0
IDYN,ETF,294.0,1.17,2025-08-07,2026-10-09,8741.0,NO,2025-11-12,3118200.0,331.0
GXPE,ETF,293.0,1.21,2025-07-23,2026-10-07,300.0,NO,2025-09-30,14300.0,372.0
NEMD,ETF,293.0,1.16,2025-08-12,2026-10-09,1723.0,NO,2026-06-25,103200.0,106.0
BLSH,Stock,292.0,1.16,2025-08-13,2026-10-09,923004.0,NO,2025-08-13,58207600.0,422.0
CPAG,ETF,292.0,1.16,2025-08-12,2026-10-09,2317.0,NO,2026-01-28,842800.0,254.0
ALRG,ETF,291.0,1.25,2025-07-08,2026-10-08,200.0,NO,2025-07-08,200300.0,457.0
WCPB,ETF,291.0,1.16,2025-08-13,2026-10-09,21622.0,NO,2025-11-18,2105500.0,325.0
MIAX,Stock,291.0,1.15,2025-08-14,2026-10-09,1392546.0,NO,2025-08-14,18517100.0,421.0
QQXL,ETF,290.0,1.15,2025-08-15,2026-10-09,356.0,NO,2026-01-07,39400.0,275.0
LRCU,ETF,288.0,1.14,2025-08-19,2026-10-09,19118.0,NO,2026-07-30,400400.0,71.0
JOYT,ETF,288.0,1.14,2025-08-19,2026-10-09,1951.0,NO,2026-04-16,185800.0,176.0
QUIZ,ETF,288.0,1.14,2025-08-19,2026-10-09,12903.0,NO,2025-09-30,835300.0,374.0
JHLN,ETF,287.0,1.14,2025-08-20,2026-10-09,4970.0,NO,2026-03-05,10215900.0,218.0
JHAI,ETF,287.0,1.14,2025-08-20,2026-10-09,3289.0,NO,2025-08-28,95200.0,407.0
SGRT,ETF,287.0,1.14,2025-08-20,2026-10-09,15939.0,NO,2025-12-26,524100.0,287.0
CPHY,ETF,287.0,1.16,2025-08-12,2026-10-09,282.0,NO,2025-09-03,28700.0,401.0
STRN,ETF,287.0,1.14,2025-08-20,2026-10-09,3280.0,NO,2025-12-17,627400.0,296.0
TRUT,ETF,286.0,1.13,2025-08-21,2026-10-09,147680.0,NO,2026-03-27,4064100.0,196.0
VNIE,ETF,286.0,1.4,2025-05-15,2026-10-07,100.0,NO,2025-06-10,94800.0,484.0
TRUD,ETF,286.0,1.13,2025-08-21,2026-10-09,47364.0,NO,2026-03-27,1366700.0,196.0
BUUU,Stock,285.0,1.15,2025-08-14,2026-10-09,47648.0,NO,2025-08-14,1682200.0,421.0
QALT,ETF,284.0,1.12,2025-08-25,2026-10-09,31445.0,NO,2026-09-23,149200.0,16.0
KAT,ETF,284.0,1.12,2025-08-25,2026-10-09,8235.0,NO,2025-10-21,109600.0,353.0
NEWTP,Stock,284.0,1.15,2025-08-15,2026-10-09,8056.0,NO,2025-08-18,404400.0,417.0
GKAT,ETF,284.0,1.12,2025-08-25,2026-10-09,231.0,NO,2026-02-12,196800.0,239.0
BFJL,ETF,282.0,1.27,2025-07-02,2026-10-09,506.0,NO,2025-08-25,121200.0,410.0
URSP,ETF,282.0,1.12,2025-08-27,2026-10-09,22208.0,NO,2026-08-03,372800.0,67.0
EPSV,ETF,281.0,1.44,2025-05-02,2026-10-09,479.0,NO,2025-05-02,173200.0,525.0
ASGM,ETF,279.0,1.18,2025-08-05,2026-10-09,3602.0,NO,2025-08-05,200100.0,430.0
AGIQ,ETF,278.0,1.1,2025-09-03,2026-10-09,6428.0,NO,2025-09-05,49800.0,399.0
ELVR,Stock,278.0,1.1,2025-09-02,2026-10-09,19763.0,NO,2026-06-18,1553900.0,113.0
ANEL,ETF,277.0,1.1,2025-09-04,2026-10-09,22766.0,NO,2026-05-06,2116100.0,156.0
AGNCZ,Stock,277.0,1.1,2025-09-04,2026-10-09,86911.0,NO,2025-09-04,2343400.0,400.0
TOT,ETF,277.0,1.1,2025-09-03,2026-10-09,226.0,NO,2026-01-14,46700.0,268.0
TDAQ,ETF,277.0,1.1,2025-09-04,2026-10-09,450794.0,NO,2026-09-21,814200.0,18.0
SEPI,ETF,275.0,1.08,2025-09-08,2026-10-09,76258.0,NO,2025-09-16,405000.0,388.0
JDVL,ETF,275.0,1.17,2025-08-08,2026-10-09,110047.0,NO,2026-02-11,17133300.0,240.0
MULT,ETF,275.0,1.11,2025-08-28,2026-10-09,7.0,NO,2025-08-28,102400.0,407.0
LFAW,ETF,274.0,2.06,2024-09-16,2026-10-08,300.0,NO,2026-06-23,800.0,107.0
NEBX,ETF,274.0,1.08,2025-09-09,2026-10-09,1362323.0,NO,2025-11-11,10629300.0,332.0
ACKY,ETF,274.0,1.08,2025-09-09,2026-10-09,2837.0,NO,2025-09-15,482500.0,389.0
MCOW,ETF,274.0,1.11,2025-08-28,2026-10-08,1000.0,NO,2025-09-03,30100.0,400.0
TAXI,ETF,274.0,1.14,2025-08-19,2026-10-09,63354.0,NO,2026-03-13,340400.0,210.0
PLTA,ETF,273.0,1.08,2025-09-10,2026-10-09,14682.0,NO,2026-08-04,360400.0,66.0
METL,ETF,273.0,1.08,2025-09-10,2026-10-09,4338.0,NO,2026-01-29,423300.0,253.0
NVDB,ETF,273.0,1.08,2025-09-10,2026-10-09,4672.0,NO,2026-09-10,181600.0,29.0
PRSD,ETF,273.0,1.08,2025-09-10,2026-10-09,13957.0,NO,2026-08-03,2440700.0,67.0
TSLI,ETF,273.0,1.08,2025-09-10,2026-10-09,6052.0,NO,2026-07-23,122000.0,78.0
SMOM,ETF,273.0,1.08,2025-09-10,2026-10-09,1360.0,NO,2025-10-16,1005200.0,358.0
DGLO,ETF,272.0,1.17,2025-08-07,2026-10-09,2405.0,NO,2026-02-17,23200.0,234.0
LBRX,Stock,272.0,1.08,2025-09-11,2026-10-09,642578.0,NO,2025-12-19,4085700.0,294.0
FIGR,Stock,272.0,1.08,2025-09-11,2026-10-09,4733800.0,NO,2025-09-11,39451400.0,393.0
WDAF,ETF,271.0,1.07,2025-09-12,2026-10-09,555.0,NO,2026-05-07,307700.0,155.0
VIA,Stock,271.0,1.07,2025-09-12,2026-10-09,452047.0,NO,2026-06-26,7251700.0,105.0
WDGF,ETF,271.0,1.07,2025-09-12,2026-10-09,116.0,NO,2026-06-09,205600.0,122.0
LGN,Stock,271.0,1.07,2025-09-12,2026-10-09,532368.0,NO,2025-09-12,9811600.0,392.0
RAUS,ETF,271.0,1.07,2025-09-12,2026-10-09,2283.0,NO,2025-09-12,358800.0,392.0
SYZ,ETF,270.0,1.07,2025-09-15,2026-10-09,7345.0,NO,2026-09-28,53600.0,11.0
BDYN,ETF,270.0,1.07,2025-09-15,2026-10-09,519983.0,NO,2025-11-19,4959700.0,324.0
SCOW,ETF,270.0,1.11,2025-08-28,2026-10-07,100.0,NO,2025-09-03,25200.0,399.0
BDVL,ETF,270.0,1.07,2025-09-15,2026-10-09,194082.0,NO,2026-02-18,4421300.0,233.0
WSBCO,Stock,269.0,1.08,2025-09-11,2026-10-09,9174.0,NO,2025-10-31,1193400.0,343.0
DUNK,ETF,269.0,1.06,2025-09-16,2026-10-09,6169.0,NO,2025-09-18,119400.0,386.0
UNX,ETF,269.0,1.06,2025-09-16,2026-10-09,9329.0,NO,2026-02-11,5605840.0,240.0
TIIV,ETF,269.0,1.21,2025-07-25,2026-10-09,1358.0,NO,2026-05-27,116100.0,135.0
NIHI,ETF,268.0,1.06,2025-09-17,2026-10-09,54738.0,NO,2026-03-03,303800.0,220.0
CDIG,ETF,268.0,1.06,2025-09-17,2026-10-09,1502.0,NO,2025-10-08,377800.0,366.0
VGHY,ETF,268.0,1.06,2025-09-17,2026-10-09,53954.0,NO,2025-09-17,304100.0,387.0
WBI,Stock,268.0,1.06,2025-09-17,2026-10-09,349079.0,NO,2026-06-18,14750900.0,113.0
DIVE,ETF,267.0,1.06,2025-09-16,2026-10-09,503.0,NO,2025-10-29,61900.0,345.0
LIAM,ETF,267.0,1.44,2025-04-28,2026-10-07,200.0,NO,2026-05-20,10200.0,140.0
NTSK,Stock,267.0,1.06,2025-09-18,2026-10-09,6232910.0,NO,2025-09-18,33905500.0,386.0
QLDY,ETF,267.0,1.06,2025-09-18,2026-10-09,40797.0,NO,2026-06-15,124400.0,116.0
BSMZ,ETF,266.0,1.06,2025-09-17,2026-10-09,29416.0,NO,2026-01-27,295200.0,255.0
PTRN,Stock,266.0,1.05,2025-09-19,2026-10-09,889923.0,NO,2025-09-19,16625500.0,385.0
PCR,ETF,264.0,1.04,2025-09-23,2026-10-09,315.0,NO,2025-09-26,37500.0,378.0
DAK,ETF,264.0,1.19,2025-07-30,2026-10-09,6.0,NO,2025-10-07,46800.0,367.0
MTYY,ETF,264.0,1.04,2025-09-23,2026-10-09,513.0,NO,2026-01-30,16350.0,252.0
HYP,ETF,264.0,1.04,2025-09-23,2026-10-09,212.0,NO,2026-08-31,1393300.0,39.0
GEW,ETF,263.0,1.04,2025-09-24,2026-10-09,28.0,NO,2026-01-30,209600.0,252.0
MKTN,ETF,262.0,1.04,2025-09-25,2026-10-09,38010.0,NO,2026-01-05,495300.0,277.0
ARMY,ETF,262.0,1.04,2025-09-25,2026-10-09,3272.0,NO,2026-04-30,40400.0,162.0
CHRI,ETF,262.0,1.04,2025-09-24,2026-10-09,441.0,NO,2026-06-25,11300.0,106.0
OSCX,ETF,262.0,1.04,2025-09-25,2026-10-09,3904.0,NO,2025-11-24,357050.0,319.0
CNQQ,ETF,261.0,1.03,2025-09-26,2026-10-09,2028.0,NO,2025-11-04,290300.0,339.0
BMNU,ETF,261.0,1.03,2025-09-26,2026-10-09,3501390.0,NO,2026-03-16,20832860.0,207.0
JEDI,ETF,261.0,1.03,2025-09-26,2026-10-09,95336.0,NO,2026-05-28,1082800.0,134.0
UXJL,ETF,261.0,1.21,2025-07-21,2026-10-07,100.0,NO,2026-02-04,128600.0,245.0
MMID,ETF,261.0,1.04,2025-09-24,2026-10-09,322.0,NO,2025-09-24,803600.0,380.0
JFLX,ETF,260.0,1.03,2025-09-29,2026-10-09,85934.0,NO,2026-08-04,953600.0,66.0
EMES,ETF,260.0,1.4,2025-05-15,2026-10-09,380.0,NO,2025-05-15,400100.0,512.0
WOLF,Stock,260.0,1.03,2025-09-29,2026-10-09,3207288.0,NO,2025-09-30,47733800.0,374.0
IQSZ,ETF,260.0,1.23,2025-07-16,2026-10-07,2600.0,NO,2025-08-14,643100.0,419.0
NHYB,ETF,259.0,1.04,2025-09-24,2026-10-09,257.0,NO,2025-11-06,6014700.0,337.0
ESLV,ETF,259.0,1.02,2025-09-30,2026-10-09,1184.0,NO,2026-04-14,104100.0,178.0
DYNB,ETF,259.0,1.04,2025-09-24,2026-10-09,1526.0,NO,2025-09-24,970900.0,380.0
ESLG,ETF,259.0,1.02,2025-09-30,2026-10-09,1381.0,NO,2026-04-14,177600.0,178.0
FRIZ,ETF,259.0,1.1,2025-09-02,2026-10-09,110.0,NO,2025-12-19,150300.0,294.0
ZMUN,ETF,259.0,1.02,2025-09-30,2026-10-09,7064.0,NO,2026-05-21,62200.0,141.0
ESSC,ETF,259.0,1.02,2025-09-30,2026-10-09,38800.0,NO,2026-07-01,391100.0,100.0
LIFT,ETF,259.0,1.04,2025-09-24,2026-10-09,587.0,NO,2026-01-02,20000.0,280.0
KSLV,ETF,259.0,1.02,2025-09-30,2026-10-09,45569.0,NO,2026-01-30,751500.0,252.0
GLBL,ETF,258.0,1.45,2025-04-25,2026-10-07,100.0,NO,2026-02-10,2300.0,239.0
DRES,ETF,258.0,1.02,2025-10-01,2026-10-09,598.0,NO,2026-10-07,1946100.0,2.0
PCLG,ETF,258.0,1.02,2025-09-30,2026-10-09,1693.0,NO,2026-02-06,630600.0,245.0
CHPX,ETF,258.0,1.02,2025-10-01,2026-10-09,27522.0,NO,2026-05-05,1171400.0,157.0
NP,Stock,258.0,1.02,2025-10-01,2026-10-09,313904.0,NO,2025-10-01,13034000.0,373.0
TOCT,ETF,258.0,1.02,2025-10-01,2026-10-09,4490.0,NO,2026-07-08,407700.0,93.0
PCS,ETF,258.0,1.19,2025-08-01,2026-10-08,50200.0,NO,2026-02-19,2725000.0,231.0
TSXU,ETF,258.0,1.02,2025-10-01,2026-10-09,134278.0,NO,2026-08-05,712000.0,65.0
TBXU,ETF,257.0,1.02,2025-10-02,2026-10-09,414.0,NO,2026-09-09,52800.0,30.0
TTXU,ETF,257.0,1.02,2025-10-02,2026-10-09,5896.0,NO,2026-06-09,70500.0,122.0
EASY,ETF,257.0,1.02,2025-10-01,2026-10-09,9212.0,NO,2026-03-23,238300.0,200.0
RJDI,ETF,257.0,1.02,2025-10-02,2026-10-09,5328.0,NO,2025-12-11,290100.0,302.0
VEXC,ETF,257.0,1.02,2025-10-02,2026-10-09,11453.0,NO,2025-10-08,152000.0,366.0
TEXU,ETF,257.0,1.02,2025-10-02,2026-10-09,17332.0,NO,2026-03-04,60600.0,219.0
CBK,Stock,257.0,1.02,2025-10-02,2026-10-09,31255.0,NO,2025-12-19,1268600.0,294.0
THRV,ETF,256.0,1.02,2025-09-30,2026-10-09,6.0,NO,2026-07-24,36800.0,77.0
PCI,ETF,256.0,1.19,2025-08-01,2026-10-09,107.0,NO,2026-02-12,7233600.0,239.0
NXUS,ETF,256.0,1.04,2025-09-24,2026-10-09,8422.0,NO,2026-01-05,11789300.0,277.0
SPIT,ETF,255.0,1.01,2025-10-06,2026-10-09,1041.0,NO,2026-01-12,55100.0,270.0
SPCT,ETF,255.0,1.02,2025-10-01,2026-10-09,2583.0,NO,2026-03-23,445100.0,200.0
RJMI,ETF,255.0,1.02,2025-10-02,2026-10-09,20215.0,NO,2025-12-11,106600.0,302.0
CAM,ETF,255.0,1.01,2025-10-06,2026-10-09,295884.0,NO,2026-09-22,1112000.0,17.0
GLIX,ETF,255.0,1.01,2025-10-06,2026-10-09,5816.0,NO,2026-07-10,497600.0,91.0
TAXS,ETF,254.0,1.14,2025-08-19,2026-10-09,30083.0,NO,2025-11-20,759500.0,323.0
LOTI,ETF,254.0,1.02,2025-10-01,2026-10-09,430.0,NO,2025-10-22,132800.0,352.0
CBTO,ETF,254.0,1.0,2025-10-07,2026-10-09,10189.0,NO,2026-02-05,292200.0,246.0
ISUL,ETF,254.0,1.0,2025-10-07,2026-10-09,23070.0,NO,2026-07-17,998200.0,84.0
CBXO,ETF,254.0,1.0,2025-10-07,2026-10-09,784.0,NO,2025-11-26,62400.0,317.0
NBIL,ETF,254.0,1.0,2025-10-07,2026-10-09,2042202.0,NO,2026-08-12,11337100.0,58.0
QBTZ,ETF,254.0,1.0,2025-10-07,2026-10-09,85026.0,NO,2026-05-22,5464700.0,140.0
DRKY,ETF,253.0,1.0,2025-10-08,2026-10-09,8105.0,NO,2026-01-13,433000.0,269.0
PAYR,ETF,253.0,1.0,2025-10-08,2026-10-09,38126.0,NO,2026-07-08,152200.0,93.0
TRBF,ETF,253.0,1.0,2025-10-07,2026-10-09,1680.0,NO,2025-10-08,286700.0,366.0
MJSC,ETF,252.0,1.05,2025-09-17,2026-10-07,100.0,NO,2025-09-19,357100.0,383.0
ALH,Stock,252.0,1.0,2025-10-09,2026-10-09,1648624.0,NO,2025-10-09,14698300.0,365.0
PXED,Stock,252.0,1.0,2025-10-09,2026-10-09,105269.0,NO,2025-10-09,3557600.0,365.0
CBOO,ETF,252.0,1.0,2025-10-07,2026-10-08,5900.0,NO,2025-10-07,87100.0,366.0
WQTM,ETF,252.0,1.0,2025-10-09,2026-10-09,95436.0,NO,2026-05-22,1458400.0,140.0
RGTZ,ETF,252.0,1.0,2025-10-09,2026-10-09,111542.0,NO,2026-05-22,26676240.0,140.0
HEDG,ETF,250.0,0.99,2025-10-13,2026-10-09,17644.0,NO,2026-01-13,524000.0,269.0
BRKRP,Stock,250.0,1.1,2025-09-04,2026-10-09,333.0,NO,2025-09-04,1666700.0,400.0
MUND,ETF,250.0,1.14,2025-08-19,2026-10-09,1141.0,NO,2026-05-13,22200.0,149.0
SPTU,ETF,250.0,1.0,2025-10-08,2026-10-09,669.0,NO,2026-01-16,50500.0,266.0
GMOD,ETF,249.0,0.99,2025-10-14,2026-10-09,16945.0,NO,2026-01-26,107300.0,256.0
FIGG,ETF,249.0,0.99,2025-10-14,2026-10-09,84109.0,NO,2026-05-15,1233700.0,147.0
RPGL,Stock,249.0,0.99,2025-10-14,2026-10-09,23500.0,NO,2026-07-09,1402463.0,92.0
MYCO,ETF,249.0,1.06,2025-09-17,2026-10-09,152.0,NO,2026-09-08,22500.0,31.0
EPEM,ETF,248.0,1.34,2025-06-05,2026-10-07,100.0,NO,2025-06-05,248800.0,489.0
MANI,ETF,248.0,1.06,2025-09-18,2026-10-09,1847.0,NO,2025-09-18,783500.0,386.0
BFOC,ETF,247.0,1.02,2025-10-02,2026-10-09,1971.0,NO,2026-08-26,326700.0,44.0
EZMO,ETF,247.0,0.98,2025-10-16,2026-10-09,442.0,NO,2026-03-06,138800.0,217.0
NELS,ETF,247.0,0.98,2025-10-15,2026-10-09,11583.0,NO,2025-10-21,459500.0,353.0
CBTL,ETF,247.0,0.98,2025-10-14,2026-10-07,100.0,NO,2025-12-19,42600.0,292.0
EZRO,ETF,247.0,0.98,2025-10-16,2026-10-09,172.0,NO,2026-03-06,460500.0,217.0
LIAE,ETF,246.0,1.43,2025-05-02,2026-10-07,400.0,NO,2025-09-08,923.0,394.0
PBOT,ETF,246.0,0.98,2025-10-16,2026-10-08,100.0,NO,2026-04-01,256300.0,190.0
ASCI,ETF,245.0,0.97,2025-10-20,2026-10-09,1577.0,NO,2026-01-08,243900.0,274.0
SOLS,Stock,245.0,0.97,2025-10-20,2026-10-09,1686196.0,NO,2025-12-19,37846300.0,294.0
PQNT,ETF,245.0,0.98,2025-10-16,2026-10-09,88337.0,NO,2026-04-01,286000.0,191.0
LIAU,ETF,245.0,1.42,2025-05-05,2026-10-07,100.0,NO,2026-05-20,5900.0,140.0
SBTU,ETF,244.0,0.97,2025-10-21,2026-10-09,8549.0,NO,2026-08-19,636600.0,51.0
RJVI,ETF,244.0,1.02,2025-10-02,2026-10-09,17771.0,NO,2026-07-30,120800.0,71.0
PCL,ETF,244.0,1.17,2025-08-06,2026-10-08,11400.0,NO,2026-05-28,600000.0,133.0
NSCI,ETF,244.0,1.04,2025-09-24,2026-10-09,77395.0,NO,2025-09-26,401200.0,378.0
BRIE,ETF,243.0,0.96,2025-10-22,2026-10-09,181134.0,NO,2026-03-09,1582300.0,214.0
BREM,ETF,243.0,0.98,2025-10-16,2026-10-09,614.0,NO,2026-03-23,27900.0,200.0
AGCC,Stock,243.0,0.96,2025-10-22,2026-10-09,2376.0,NO,2025-10-22,2125600.0,352.0
RCLO,ETF,242.0,0.96,2025-10-22,2026-10-09,1834.0,NO,2026-08-12,290000.0,58.0
GTPE,ETF,242.0,0.96,2025-10-23,2026-10-09,12066.0,NO,2026-02-26,179400.0,225.0
TAXT,ETF,242.0,1.14,2025-08-19,2026-10-09,34458.0,NO,2026-10-05,533100.0,4.0
CBXL,ETF,241.0,0.99,2025-10-14,2026-10-09,311.0,NO,2025-11-06,13200.0,337.0
AVXX,ETF,241.0,0.96,2025-10-24,2026-10-09,38692.0,NO,2026-09-10,1053000.0,29.0
AMUN,ETF,241.0,0.97,2025-10-21,2026-10-09,695.0,NO,2026-04-09,890100.0,183.0
GLDB,ETF,241.0,0.96,2025-10-24,2026-10-09,65415.0,NO,2025-12-19,467200.0,294.0
GXLC,ETF,241.0,1.04,2025-09-25,2026-10-09,208.0,NO,2025-09-25,40600.0,379.0
PCLN,ETF,241.0,0.98,2025-10-16,2026-10-08,500.0,NO,2025-10-16,100300.0,357.0
BCKT,ETF,240.0,1.03,2025-09-24,2026-10-07,100.0,NO,2025-12-24,33800.0,287.0
BMNG,ETF,240.0,0.95,2025-10-27,2026-10-09,121070.0,NO,2026-03-25,5053080.0,198.0
OEI,ETF,240.0,0.96,2025-10-22,2026-10-09,19952.0,NO,2025-10-24,499400.0,350.0
AKRE,ETF,240.0,0.95,2025-10-27,2026-10-09,278056.0,NO,2026-05-28,5246400.0,134.0
NBIG,ETF,240.0,0.95,2025-10-27,2026-10-09,1844007.0,NO,2026-08-12,6853400.0,58.0
CBOL,ETF,240.0,0.98,2025-10-14,2026-10-07,100.0,NO,2025-10-14,41700.0,358.0
EMKT,ETF,240.0,0.95,2025-10-27,2026-10-09,3553.0,NO,2026-07-01,184900.0,100.0
Q,Stock,240.0,0.95,2025-10-27,2026-10-09,1285396.0,NO,2025-11-03,10626200.0,340.0
MHY,ETF,239.0,1.06,2025-09-18,2026-10-09,2782.0,NO,2025-09-18,753700.0,386.0
POW,ETF,239.0,0.95,2025-10-28,2026-10-09,31357.0,NO,2026-05-06,600000.0,156.0
EPMB,ETF,239.0,1.43,2025-05-02,2026-10-07,100.0,NO,2025-05-02,174000.0,523.0
LTCC,ETF,239.0,0.95,2025-10-28,2026-10-09,21012.0,NO,2026-09-24,407100.0,15.0
ORO,ETF,239.0,0.98,2025-10-17,2026-10-09,1218.0,NO,2025-10-17,102900.0,357.0
DRNZ,ETF,238.0,0.94,2025-10-29,2026-10-09,133559.0,NO,2026-05-28,1092100.0,134.0
IGGY,ETF,238.0,1.05,2025-09-18,2026-10-08,2300.0,NO,2025-10-31,6200.0,342.0
TIPD,ETF,238.0,1.13,2025-08-19,2026-10-07,100.0,NO,2026-03-03,6800.0,218.0
NAVN,Stock,237.0,0.94,2025-10-30,2026-10-09,1960044.0,NO,2026-03-26,21264100.0,197.0
LNGX,ETF,237.0,0.94,2025-10-30,2026-10-09,6438.0,NO,2026-03-23,390800.0,200.0
GECCG,Stock,236.0,1.07,2025-09-12,2026-10-08,2600.0,NO,2025-09-22,68700.0,381.0
ACSV,ETF,236.0,0.97,2025-10-16,2026-10-07,2700.0,NO,2025-10-16,125700.0,356.0
BGSI,Stock,235.0,0.93,2025-11-03,2026-10-09,32565.0,NO,2026-08-03,320700.0,67.0
KYLD,ETF,235.0,0.93,2025-11-03,2026-10-09,31049.0,NO,2026-01-30,203700.0,252.0
SOMN,Stock,234.0,0.93,2025-11-04,2026-10-09,127250.0,NO,2025-11-04,20464500.0,339.0
LFBE,ETF,234.0,1.69,2025-01-27,2026-10-07,100.0,NO,2026-01-08,1100.0,272.0
WMTI,ETF,234.0,0.93,2025-11-04,2026-10-09,5763.0,NO,2026-08-20,219600.0,50.0
EPSB,ETF,234.0,1.44,2025-05-02,2026-10-09,998.0,NO,2025-05-02,197500.0,525.0
BETA,Stock,234.0,0.93,2025-11-04,2026-10-09,1320984.0,NO,2026-09-18,25855300.0,21.0
KWIN,ETF,233.0,0.93,2025-11-05,2026-10-09,9338.0,NO,2025-11-24,630300.0,319.0
GMOC,ETF,233.0,0.94,2025-10-28,2026-10-08,24000.0,NO,2026-06-11,153000.0,119.0
CLOC,ETF,233.0,0.96,2025-10-23,2026-10-09,426.0,NO,2025-10-23,2000200.0,351.0
ACSG,ETF,233.0,0.98,2025-10-16,2026-10-09,1693.0,NO,2026-08-27,367800.0,43.0
BRCE,ETF,233.0,0.96,2025-10-22,2026-10-09,267346.0,NO,2025-10-22,803300.0,352.0
XZO,Stock,233.0,0.93,2025-11-05,2026-10-09,222832.0,NO,2025-11-05,3496500.0,338.0
BLLN,Stock,232.0,0.92,2025-11-06,2026-10-09,325029.0,NO,2026-08-06,3751800.0,64.0
NMBL,ETF,232.0,0.93,2025-11-03,2026-10-09,2898.0,NO,2026-01-21,120100.0,261.0
SATA,Stock,232.0,0.92,2025-11-06,2026-10-09,432680.0,NO,2026-05-29,1644600.0,133.0
AERO,Stock,232.0,0.92,2025-11-06,2026-10-09,608817.0,NO,2025-11-06,4944200.0,337.0
FMTL,ETF,232.0,0.93,2025-11-05,2026-10-09,8244.0,NO,2026-01-07,145400.0,275.0
SUNC,Stock,232.0,0.92,2025-11-06,2026-10-09,256462.0,NO,2025-11-06,4044700.0,337.0
SLWS,ETF,231.0,0.92,2025-11-06,2026-10-09,807.0,NO,2026-09-01,50300.0,38.0
ATTR,ETF,231.0,0.94,2025-10-28,2026-10-08,3000.0,NO,2025-11-25,313800.0,317.0
NYM,ETF,230.0,0.91,2025-11-10,2026-10-09,60083.0,NO,2026-01-29,579400.0,253.0
CORB,ETF,230.0,0.91,2025-11-10,2026-10-09,54026.0,NO,2026-01-15,868000.0,267.0
MUNC,ETF,229.0,1.13,2025-08-19,2026-10-07,100.0,NO,2026-08-12,40000.0,56.0
HWSM,ETF,229.0,1.52,2025-03-31,2026-10-09,6.0,NO,2025-04-01,44800.0,556.0
XAGG,ETF,229.0,0.91,2025-11-10,2026-10-09,678891.0,NO,2026-09-25,1797500.0,14.0
TIPA,ETF,228.0,1.14,2025-08-19,2026-10-09,261.0,NO,2026-09-08,40300.0,31.0
CCID,Stock,228.0,0.96,2025-10-24,2026-10-09,1780.0,NO,2025-10-24,191100.0,350.0
CSEX,ETF,227.0,0.9,2025-11-13,2026-10-09,63039.0,NO,2026-01-29,1513000.0,253.0
INTM,ETF,227.0,1.21,2025-07-23,2026-10-08,2900.0,NO,2025-09-18,141000.0,385.0
TXBC,ETF,227.0,0.9,2025-11-13,2026-10-09,1761.0,NO,2026-09-09,16900.0,30.0
EPIN,ETF,227.0,1.34,2025-06-05,2026-10-09,1093.0,NO,2025-06-05,249000.0,491.0
BEX,ETF,227.0,0.9,2025-11-13,2026-10-09,1571726.0,NO,2026-07-29,10914200.0,72.0
DFTT,ETF,226.0,0.91,2025-11-12,2026-10-09,13344.0,NO,2026-01-06,608500.0,276.0
TTOP,ETF,226.0,0.9,2025-11-13,2026-10-08,100.0,NO,2025-11-24,6700.0,318.0
NETG,ETF,225.0,0.89,2025-11-17,2026-10-09,41407.0,NO,2026-05-08,4616300.0,154.0
OKTG,ETF,225.0,0.89,2025-11-17,2026-10-09,59370.0,NO,2026-05-29,411900.0,133.0
GUSE,ETF,225.0,0.89,2025-11-17,2026-10-09,1014.0,NO,2025-11-21,542800.0,322.0
GSGO,ETF,225.0,0.89,2025-11-17,2026-10-09,4356.0,NO,2026-10-01,269300.0,8.0
NEMG,ETF,225.0,0.89,2025-11-17,2026-10-09,1973.0,NO,2026-06-01,88300.0,130.0
BBHL,ETF,225.0,0.89,2025-11-17,2026-10-09,44516.0,NO,2026-01-12,318900.0,270.0
TMVE,ETF,225.0,0.89,2025-11-17,2026-10-09,2337.0,NO,2026-06-18,1632100.0,113.0
GRNI,ETF,225.0,0.89,2025-11-17,2026-10-09,32918.0,NO,2026-01-07,694700.0,275.0
TERG,ETF,225.0,0.89,2025-11-17,2026-10-09,12684.0,NO,2026-04-29,432200.0,163.0
VUSV,ETF,224.0,0.89,2025-11-18,2026-10-09,21253.0,NO,2025-11-26,399000.0,317.0
STSM,ETF,224.0,0.89,2025-11-18,2026-10-09,4779.0,NO,2026-07-16,82050.0,85.0
RKLZ,ETF,224.0,0.89,2025-11-18,2026-10-09,515435.0,NO,2026-05-27,9159980.0,135.0
GRNJ,ETF,224.0,0.89,2025-11-18,2026-10-09,76574.0,NO,2025-11-19,1374600.0,324.0
GVLE,ETF,224.0,0.89,2025-11-17,2026-10-09,1316.0,NO,2026-10-01,131500.0,8.0
TEST,ETF,224.0,0.89,2025-11-18,2026-10-09,582.0,NO,2025-12-08,21500.0,305.0
VDIG,ETF,224.0,0.89,2025-11-18,2026-10-09,10019.0,NO,2025-12-30,52900.0,283.0
VUSG,ETF,224.0,0.89,2025-11-18,2026-10-09,89748.0,NO,2026-06-29,777700.0,102.0
NVIT,ETF,224.0,0.89,2025-11-18,2026-10-09,4471.0,NO,2026-09-21,32100.0,18.0
XXV,ETF,224.0,0.89,2025-11-18,2026-10-09,14747.0,NO,2026-06-16,384600.0,115.0
SOLC,ETF,224.0,0.89,2025-11-18,2026-10-09,1370.0,NO,2026-10-08,49400.0,1.0
MNZL,ETF,223.0,0.89,2025-11-19,2026-10-09,2042.0,NO,2026-04-21,54400.0,171.0
LINT,ETF,223.0,0.89,2025-11-19,2026-10-09,72741.0,NO,2026-01-23,456000.0,259.0
LVLN,ETF,223.0,0.89,2025-11-18,2026-10-09,731.0,NO,2026-02-24,478200.0,227.0
DDXX,ETF,223.0,0.9,2025-11-13,2026-10-09,319.0,NO,2026-02-02,165300.0,249.0
ORCS,ETF,223.0,0.89,2025-11-19,2026-10-09,36383.0,NO,2026-06-10,1064000.0,121.0
DDV,ETF,223.0,0.9,2025-11-13,2026-10-09,305.0,NO,2026-02-02,81700.0,249.0
MSST,ETF,223.0,0.89,2025-11-18,2026-10-08,600.0,NO,2026-03-17,84800.0,205.0
EPMV,ETF,223.0,1.43,2025-05-02,2026-10-07,100.0,NO,2025-05-02,174200.0,523.0
XRP,ETF,222.0,0.88,2025-11-20,2026-10-09,787126.0,NO,2026-08-20,5970400.0,50.0
IFLR,ETF,222.0,0.88,2025-11-20,2026-10-09,7781.0,NO,2026-06-25,228200.0,106.0
TXXD,ETF,222.0,0.88,2025-11-20,2026-10-09,7897.0,NO,2026-08-20,38590.0,50.0
HEFT,ETF,221.0,0.88,2025-11-21,2026-10-09,15606.0,NO,2026-03-30,722800.0,193.0
TSCV,ETF,221.0,0.89,2025-11-17,2026-10-08,2500.0,NO,2026-04-23,52800.0,168.0
CBC,Stock,221.0,0.88,2025-11-21,2026-10-09,589355.0,NO,2026-09-18,7571800.0,21.0
ESBG,ETF,221.0,0.88,2025-11-19,2026-10-07,100.0,NO,2026-01-29,21600.0,251.0
XRPZ,ETF,220.0,0.87,2025-11-24,2026-10-09,639709.0,NO,2026-09-15,2073900.0,24.0
GXRP,ETF,220.0,0.87,2025-11-24,2026-10-09,18478.0,NO,2026-01-29,636800.0,253.0
NOVTU,Stock,220.0,0.92,2025-11-07,2026-10-09,1599.0,NO,2025-11-07,4630600.0,336.0
IND,ETF,219.0,0.87,2025-11-25,2026-10-09,65.0,NO,2026-02-02,41400.0,249.0
ACEP,ETF,219.0,0.87,2025-11-24,2026-10-09,91.0,NO,2026-06-26,51600.0,105.0
TMSF,ETF,219.0,0.88,2025-11-21,2026-10-09,1374.0,NO,2026-01-13,24500.0,269.0
MUNA,ETF,218.0,1.13,2025-08-19,2026-10-07,100.0,NO,2025-10-24,33400.0,348.0
AQEC,ETF,218.0,0.89,2025-11-18,2026-10-09,4373.0,NO,2025-12-12,422300.0,301.0
ENHU,ETF,218.0,0.93,2025-11-05,2026-10-09,409.0,NO,2025-12-11,14000.0,302.0
MDAA,ETF,217.0,1.01,2025-10-03,2026-10-07,100.0,NO,2025-10-03,3611100.0,369.0
TIPB,ETF,217.0,1.14,2025-08-19,2026-10-09,692.0,NO,2025-11-06,14300.0,337.0
MUNX,ETF,216.0,0.94,2025-10-30,2026-10-08,3200.0,NO,2026-10-01,54200.0,7.0
GOU,ETF,215.0,0.85,2025-12-02,2026-10-09,109933.0,NO,2026-10-01,665700.0,8.0
NEHI,ETF,214.0,0.85,2025-12-03,2026-10-09,113281.0,NO,2026-05-18,205600.0,144.0
SOEZ,ETF,214.0,0.85,2025-12-03,2026-10-09,2048.0,NO,2026-08-05,103800.0,65.0
BALQ,ETF,214.0,0.85,2025-12-03,2026-10-09,14640.0,NO,2026-08-28,44400.0,42.0
PBEU,ETF,214.0,0.85,2025-12-01,2026-10-09,28613.0,NO,2026-02-17,8864800.0,234.0
PARK,Stock,214.0,0.85,2025-12-03,2026-10-09,4597.0,NO,2025-12-03,481900.0,310.0
ICPI,ETF,213.0,0.88,2025-11-21,2026-10-09,1777.0,NO,2026-08-28,68100.0,42.0
SFTX,ETF,213.0,0.85,2025-12-04,2026-10-09,95701.0,NO,2025-12-09,14117800.0,304.0
HYNE,Stock,213.0,0.85,2025-12-04,2026-10-09,3501.0,NO,2025-12-04,1701400.0,309.0
BNDP,ETF,213.0,0.85,2025-12-04,2026-10-09,14211.0,NO,2025-12-05,138600.0,308.0
TXXS,ETF,213.0,0.85,2025-12-04,2026-10-09,3565.0,NO,2026-07-27,36100.0,74.0
IVSS,ETF,213.0,0.85,2025-12-04,2026-10-09,609.0,NO,2026-03-31,236300.0,192.0
SMOX,ETF,212.0,0.85,2025-12-04,2026-10-09,16379.0,NO,2025-12-09,2007200.0,304.0
PBPH,ETF,212.0,0.85,2025-12-02,2026-10-09,75189.0,NO,2026-02-17,16690000.0,234.0
FRGN,ETF,212.0,0.85,2025-12-04,2026-10-09,24526.0,NO,2025-12-09,3193800.0,304.0
KPHO,ETF,211.0,0.84,2025-12-04,2026-10-07,100.0,NO,2026-02-03,27800.0,246.0
VUS,ETF,211.0,0.85,2025-12-03,2026-10-09,228.0,NO,2025-12-18,647700.0,295.0
MICC,Stock,211.0,0.84,2025-12-08,2026-10-09,798675.0,NO,2025-12-11,11203400.0,302.0
GTOP,ETF,211.0,0.84,2025-12-08,2026-10-09,7021.0,NO,2025-12-22,673200.0,291.0
MFVL,ETF,210.0,0.83,2025-12-09,2026-10-09,987.0,NO,2025-12-09,37100.0,304.0
MFIG,ETF,210.0,0.83,2025-12-09,2026-10-09,2648.0,NO,2026-06-17,73600.0,114.0
PRMR,ETF,210.0,0.83,2025-12-09,2026-10-09,19047.0,NO,2025-12-09,1586100.0,304.0
BEDY,ETF,210.0,0.83,2025-12-09,2026-10-09,107520.0,NO,2026-08-11,506500.0,59.0
MFMO,ETF,210.0,0.83,2025-12-09,2026-10-09,1355.0,NO,2026-04-01,69100.0,191.0
MUNB,ETF,210.0,1.13,2025-08-19,2026-10-07,100.0,NO,2026-07-24,29400.0,75.0
NLSI,ETF,209.0,0.83,2025-12-10,2026-10-09,888.0,NO,2026-06-09,45800.0,122.0
CDNL,Stock,209.0,0.83,2025-12-10,2026-10-09,3496635.0,NO,2026-08-11,3665600.0,59.0
CTAP,ETF,209.0,0.83,2025-12-10,2026-10-09,8565.0,NO,2026-07-21,3195000.0,80.0
PBOG,ETF,209.0,0.85,2025-12-02,2026-10-09,27058.0,NO,2026-02-17,11163200.0,234.0
KDVD,ETF,209.0,0.83,2025-12-08,2026-10-07,400.0,NO,2025-12-08,55200.0,303.0
SIOO,ETF,208.0,0.83,2025-12-11,2026-10-09,7881.0,NO,2026-05-14,91600.0,148.0
DUOG,ETF,208.0,0.83,2025-12-11,2026-10-09,764.0,NO,2026-02-27,797440.0,224.0
HELS,ETF,208.0,0.83,2025-12-11,2026-10-09,8968.0,NO,2026-03-03,293100.0,220.0
OAKI,ETF,208.0,0.83,2025-12-11,2026-10-09,37729.0,NO,2025-12-11,1203700.0,302.0
VDI,ETF,208.0,0.84,2025-12-03,2026-10-07,800.0,NO,2025-12-18,438200.0,293.0
AUAU,ETF,208.0,0.83,2025-12-11,2026-10-09,1420.0,NO,2026-01-30,86000.0,252.0
IALT,ETF,208.0,0.83,2025-12-11,2026-10-09,3633933.0,NO,2026-05-28,116564800.0,134.0
OAKG,ETF,207.0,0.82,2025-12-11,2026-10-08,1300.0,NO,2025-12-11,605400.0,301.0
YLDW,ETF,207.0,0.82,2025-12-12,2026-10-09,2021.0,NO,2025-12-12,171600.0,301.0
WTIB,ETF,207.0,0.83,2025-12-11,2026-10-09,960.0,NO,2026-01-02,21000.0,280.0
BTOT,ETF,207.0,0.82,2025-12-12,2026-10-09,599.0,NO,2026-06-12,30300.0,119.0
JMMF,ETF,207.0,0.82,2025-12-12,2026-10-09,10184.0,NO,2026-09-16,45800.0,23.0
TACN,ETF,206.0,0.82,2025-12-12,2026-10-08,400.0,NO,2026-02-04,18400.0,246.0
VUSI,ETF,206.0,0.88,2025-11-19,2026-10-08,1200.0,NO,2026-06-04,622800.0,126.0
WMSB,ETF,206.0,0.92,2025-11-05,2026-10-07,400.0,NO,2026-07-13,437000.0,86.0
BCSM,ETF,206.0,0.82,2025-12-15,2026-10-09,1328.0,NO,2025-12-29,468600.0,284.0
VSNT,Stock,206.0,0.82,2025-12-15,2026-10-09,1233916.0,NO,2026-01-05,41362800.0,277.0
BCFN,ETF,206.0,0.82,2025-12-15,2026-10-09,3362.0,NO,2026-03-02,85800.0,221.0
RONB,ETF,206.0,0.82,2025-12-15,2026-10-09,176066.0,NO,2026-06-12,7854700.0,119.0
BCTK,ETF,206.0,0.82,2025-12-15,2026-10-09,11906.0,NO,2026-08-05,1556600.0,65.0
BCGD,ETF,206.0,0.82,2025-12-15,2026-10-09,408.0,NO,2025-12-15,54300.0,298.0
GEVG,ETF,205.0,0.81,2025-12-16,2026-10-09,12151.0,NO,2026-04-22,352100.0,170.0
EUIG,ETF,205.0,0.92,2025-11-06,2026-10-07,200.0,NO,2026-04-08,15200.0,182.0
QTAC,ETF,205.0,0.81,2025-12-16,2026-10-09,13335.0,NO,2026-01-05,296200.0,277.0
BEG,ETF,205.0,0.81,2025-12-16,2026-10-09,270785.0,NO,2026-07-29,1629300.0,72.0
MATE,ETF,204.0,0.81,2025-12-17,2026-10-09,21901.0,NO,2026-08-28,386600.0,42.0
BRBI,Stock,204.0,1.05,2025-09-19,2026-10-09,2552.0,NO,2025-09-23,853400.0,381.0
WSGE,ETF,204.0,0.82,2025-12-12,2026-10-09,203.0,NO,2026-03-25,360500.0,198.0
ANDG,Stock,204.0,0.81,2025-12-17,2026-10-09,176730.0,NO,2025-12-17,7670200.0,296.0
MDLN,Stock,204.0,0.81,2025-12-17,2026-10-09,5331648.0,NO,2025-12-17,78930900.0,296.0
CRXP,ETF,204.0,0.83,2025-12-11,2026-10-09,106.0,NO,2026-03-09,198800.0,214.0
ESIM,ETF,204.0,0.81,2025-12-17,2026-10-09,2197.0,NO,2026-03-05,242600.0,218.0
KAMO,ETF,204.0,0.81,2025-12-17,2026-10-09,50779.0,NO,2025-12-18,3005500.0,295.0
CSIO,ETF,204.0,0.83,2025-12-11,2026-10-09,11897.0,NO,2026-02-20,192500.0,231.0
TNUK,ETF,203.0,0.81,2025-12-18,2026-10-09,306.0,NO,2026-01-27,22700.0,255.0
AAEQ,ETF,203.0,0.82,2025-12-12,2026-10-09,385.0,NO,2026-03-24,97200.0,199.0
SCEP,ETF,203.0,0.83,2025-12-11,2026-10-09,20405.0,NO,2026-01-12,7806700.0,270.0
PLGI,ETF,203.0,0.83,2025-12-11,2026-10-09,3531.0,NO,2025-12-18,696900.0,295.0
PGRI,ETF,203.0,0.96,2025-10-23,2026-10-07,100.0,NO,2026-01-06,170200.0,274.0
DANA,ETF,203.0,0.85,2025-12-03,2026-10-09,57648.0,NO,2026-08-14,90300.0,56.0
KLAG,ETF,203.0,0.81,2025-12-18,2026-10-09,25489.0,NO,2026-07-02,422200.0,99.0
MLPI,ETF,203.0,0.81,2025-12-18,2026-10-09,365317.0,NO,2026-10-05,754500.0,4.0
PBRG,ETF,203.0,0.81,2025-12-18,2026-10-09,9481.0,NO,2026-03-30,38900.0,193.0
CSSD,ETF,203.0,0.82,2025-12-15,2026-10-09,30286.0,NO,2026-03-03,608100.0,220.0
XCHG,ETF,202.0,0.81,2025-12-17,2026-10-08,500.0,NO,2026-03-23,98700.0,199.0
SCMC,ETF,201.0,0.83,2025-12-11,2026-10-09,1275866.0,NO,2026-01-12,5711400.0,270.0
GARY,ETF,201.0,0.8,2025-12-22,2026-10-09,8076.0,NO,2026-07-22,158900.0,79.0
DVGR,ETF,201.0,0.84,2025-12-05,2026-10-09,115.0,NO,2025-12-12,197300.0,301.0
TIPC,ETF,201.0,1.14,2025-08-19,2026-10-09,208.0,NO,2026-08-21,19000.0,49.0
USEW,ETF,201.0,0.8,2025-12-19,2026-10-08,2700.0,NO,2026-01-08,63200.0,273.0
FFF,ETF,201.0,0.8,2025-12-22,2026-10-09,3340.0,NO,2026-02-06,21600.0,245.0
VGRO,ETF,200.0,0.79,2025-12-23,2026-10-09,371.0,NO,2025-12-23,101600.0,290.0
STBQ,ETF,200.0,0.79,2025-12-23,2026-10-09,369.0,NO,2026-07-06,17200.0,95.0
TKNQ,ETF,200.0,0.79,2025-12-23,2026-10-09,2460.0,NO,2026-01-28,12600.0,254.0
FSML,ETF,200.0,0.82,2025-12-12,2026-10-09,1167.0,NO,2026-01-13,2543900.0,269.0
HEMI,ETF,200.0,0.81,2025-12-17,2026-10-08,5100.0,NO,2026-02-17,500500.0,233.0
EPAI,ETF,200.0,0.8,2025-12-18,2026-10-08,200.0,NO,2025-12-18,174900.0,294.0
AAAC,ETF,199.0,0.82,2025-12-11,2026-10-07,100.0,NO,2026-07-15,3780300.0,84.0
VCOB,ETF,198.0,0.89,2025-11-19,2026-10-09,1242.0,NO,2026-03-23,713700.0,200.0
RMME,ETF,198.0,0.84,2025-12-03,2026-10-07,1100.0,NO,2025-12-04,76600.0,307.0
TSNF,ETF,196.0,0.77,2025-12-30,2026-10-09,1037.0,NO,2026-01-07,210700.0,275.0
SCNM,ETF,196.0,0.83,2025-12-11,2026-10-09,104461.0,NO,2026-01-12,6421800.0,270.0
FDRS,ETF,196.0,0.77,2025-12-30,2026-10-09,3281.0,NO,2026-09-24,1004800.0,15.0
TSCM,ETF,196.0,0.77,2025-12-30,2026-10-09,1159.0,NO,2025-12-30,100200.0,283.0
TSES,ETF,196.0,0.77,2025-12-30,2026-10-09,1676.0,NO,2025-12-30,74900.0,283.0
REMC,ETF,196.0,0.82,2025-12-12,2026-10-07,100.0,NO,2026-03-09,123000.0,212.0
TMNS,ETF,195.0,0.88,2025-11-21,2026-10-09,9.0,NO,2026-07-24,5400.0,77.0
PFOE,ETF,195.0,0.77,2025-12-31,2026-10-09,6826.0,NO,2026-05-21,1503200.0,141.0
IVSI,ETF,195.0,0.83,2025-12-11,2026-10-09,7.0,NO,2025-12-11,87300.0,302.0
PFDE,ETF,195.0,0.77,2025-12-31,2026-10-09,12004.0,NO,2026-01-29,1429100.0,253.0
TSSD,ETF,195.0,0.77,2025-12-30,2026-10-08,400.0,NO,2026-01-08,124400.0,273.0
TSIC,ETF,195.0,0.77,2025-12-30,2026-10-08,700.0,NO,2025-12-30,29500.0,282.0
MEMA,ETF,194.0,0.78,2025-12-29,2026-10-09,10.0,NO,2026-04-02,59300.0,190.0
TSRS,ETF,194.0,0.77,2025-12-30,2026-10-07,600.0,NO,2025-12-30,29400.0,281.0
TMLP,ETF,194.0,0.78,2025-12-29,2026-10-09,716.0,NO,2026-01-02,78500.0,280.0
GOLS,ETF,194.0,0.77,2026-01-02,2026-10-09,1482.0,NO,2026-02-17,212600.0,234.0
RESM,ETF,194.0,0.82,2025-12-12,2026-10-09,107.0,NO,2026-03-09,122300.0,214.0
TSYX,ETF,191.0,0.75,2026-01-07,2026-10-09,16260.0,NO,2026-02-04,131800.0,247.0
TABD,ETF,191.0,0.81,2025-12-16,2026-10-09,3312.0,NO,2026-03-30,1660700.0,193.0
ARWG,ETF,191.0,0.77,2025-12-30,2026-10-08,1600.0,NO,2025-12-30,100900.0,282.0
TDAX,ETF,191.0,0.75,2026-01-07,2026-10-09,36831.0,NO,2026-06-22,177600.0,109.0
MYMK,ETF,191.0,1.06,2025-09-17,2026-10-09,40.0,NO,2026-01-12,246000.0,270.0
TMNL,ETF,189.0,0.88,2025-11-21,2026-10-09,445.0,NO,2026-09-30,22200.0,9.0
GBHI,ETF,189.0,0.89,2025-11-17,2026-10-07,100.0,NO,2025-12-12,26700.0,299.0
AKTS,Stock,189.0,0.75,2026-01-09,2026-10-09,361043.0,NO,2026-03-20,3904300.0,203.0
BKMI,ETF,188.0,0.74,2026-01-12,2026-10-09,452233.0,NO,2026-10-08,1410600.0,1.0
BKMS,ETF,188.0,0.74,2026-01-12,2026-10-09,33060.0,NO,2026-10-08,407900.0,1.0
BCPL,ETF,188.0,0.74,2026-01-12,2026-10-09,44565.0,NO,2026-03-05,605800.0,218.0
BMOP,ETF,188.0,0.74,2026-01-12,2026-10-09,432703.0,NO,2026-09-29,1352600.0,10.0
BKFI,ETF,188.0,0.74,2026-01-12,2026-10-09,39569.0,NO,2026-05-06,529800.0,156.0
REFA,ETF,187.0,0.82,2025-12-11,2026-10-07,100.0,NO,2025-12-11,50100.0,300.0
TALV,ETF,187.0,0.81,2025-12-17,2026-10-09,1519.0,NO,2026-03-26,1781800.0,197.0
CRMX,ETF,187.0,0.74,2026-01-13,2026-10-09,54797.0,NO,2026-04-17,517200.0,175.0
CABZ,ETF,186.0,0.73,2026-01-14,2026-10-09,175.0,NO,2026-06-02,63100.0,129.0
FRWD,ETF,186.0,0.74,2026-01-13,2026-10-09,11039.0,NO,2026-03-26,2003300.0,197.0
CLNK,ETF,186.0,0.73,2026-01-14,2026-10-09,36979.0,NO,2026-09-28,127100.0,11.0
QFRD,ETF,185.0,0.73,2026-01-14,2026-10-08,300.0,NO,2026-04-10,11400.0,181.0
FDRX,ETF,185.0,0.73,2026-01-15,2026-10-09,12255.0,NO,2026-02-05,322100.0,246.0
TINS,ETF,184.0,0.96,2025-10-23,2026-10-09,1906.0,NO,2026-01-06,175000.0,276.0
SPLS,ETF,184.0,0.73,2026-01-16,2026-10-09,4864.0,NO,2026-01-26,848300.0,256.0
MEMY,ETF,183.0,0.72,2026-01-20,2026-10-09,192.0,NO,2026-07-15,30400.0,86.0
LNOK,ETF,182.0,0.71,2026-01-21,2026-10-09,64593.0,NO,2026-06-09,1894600.0,122.0
TLDR,ETF,182.0,0.71,2026-01-21,2026-10-09,7787.0,NO,2026-09-10,1644900.0,29.0
ISSB,ETF,182.0,0.71,2026-01-21,2026-10-09,10168.0,NO,2026-05-28,18600.0,134.0
BPRO,ETF,181.0,0.71,2026-01-22,2026-10-09,2002.0,NO,2026-01-26,586800.0,256.0
GDT,ETF,181.0,0.71,2026-01-22,2026-10-09,758.0,NO,2026-03-18,100400.0,205.0
NBIZ,ETF,181.0,0.71,2026-01-22,2026-10-09,726871.0,NO,2026-08-14,11411600.0,56.0
TEXX,ETF,181.0,0.71,2026-01-22,2026-10-09,445.0,NO,2026-03-05,40700.0,218.0
RKNG,ETF,181.0,0.71,2026-01-22,2026-10-09,464.0,NO,2026-01-23,258700.0,259.0
TDOG,ETF,181.0,0.71,2026-01-22,2026-10-09,1164.0,NO,2026-04-09,60000.0,183.0
AVRY,ETF,181.0,0.71,2026-01-22,2026-10-09,8821.0,NO,2026-01-22,1023700.0,260.0
APLZ,ETF,181.0,0.71,2026-01-22,2026-10-09,43281.0,NO,2026-05-21,1328480.0,141.0
WTLS,ETF,180.0,0.71,2026-01-23,2026-10-09,1912.0,NO,2026-02-02,177400.0,249.0
EQPT,Stock,180.0,0.71,2026-01-23,2026-10-09,4929363.0,NO,2026-01-23,17411100.0,259.0
VAVX,ETF,179.0,0.7,2026-01-26,2026-10-09,7990.0,NO,2026-09-21,46500.0,18.0
SECU,ETF,178.0,0.7,2026-01-27,2026-10-09,82576.0,NO,2026-09-22,4654900.0,17.0
LITX,ETF,178.0,0.7,2026-01-27,2026-10-09,3354748.0,NO,2026-05-06,15119800.0,156.0
MBBA,ETF,178.0,0.7,2026-01-27,2026-10-09,141531.0,NO,2026-09-22,10582300.0,17.0
TEMD,ETF,178.0,0.71,2026-01-22,2026-10-07,100.0,NO,2026-02-11,401000.0,238.0
SGRW,ETF,177.0,0.73,2026-01-15,2026-10-09,1211.0,NO,2026-07-23,910600.0,78.0
TNXT,ETF,176.0,0.69,2026-01-29,2026-10-09,486.0,NO,2026-02-03,60000.0,248.0
LIFE,Stock,176.0,0.69,2026-01-29,2026-10-09,1006018.0,NO,2026-08-04,5332100.0,66.0
JIDE,ETF,175.0,0.69,2026-01-29,2026-10-09,5096.0,NO,2026-03-03,37400.0,220.0
NFRX,ETF,175.0,0.69,2026-01-30,2026-10-09,12.0,NO,2026-02-12,1499200.0,239.0
FCNCN,Stock,175.0,0.69,2026-01-30,2026-10-09,39257.0,NO,2026-02-27,2959400.0,224.0
ZCBC,ETF,174.0,0.74,2026-01-08,2026-10-07,100.0,NO,2026-01-12,10000.0,268.0
AVTM,ETF,174.0,0.68,2026-02-02,2026-10-09,507.0,NO,2026-07-09,97300.0,92.0
XXX,ETF,174.0,0.69,2026-01-30,2026-10-09,227.0,NO,2026-06-10,13500.0,121.0
DSCO,ETF,174.0,0.68,2026-02-02,2026-10-09,52688.0,NO,2026-07-14,942900.0,87.0
XSPI,ETF,173.0,0.68,2026-02-03,2026-10-09,86273.0,NO,2026-09-03,353600.0,36.0
BLDX,ETF,173.0,0.68,2026-02-03,2026-10-09,643.0,NO,2026-09-23,581400.0,16.0
HBANZ,Stock,173.0,0.68,2026-02-02,2026-10-09,3271.0,NO,2026-02-24,250500.0,227.0
XQQI,ETF,173.0,0.68,2026-02-03,2026-10-09,191678.0,NO,2026-06-02,748200.0,129.0
XBCI,ETF,173.0,0.68,2026-02-03,2026-10-09,161493.0,NO,2026-10-06,440300.0,3.0
XRPNU,Stock,172.0,1.39,2025-05-21,2026-10-09,1549.0,NO,2025-05-21,10914000.0,506.0
MANE,Stock,172.0,0.68,2026-02-04,2026-10-09,1113791.0,NO,2026-06-26,4047300.0,105.0
MRNX,ETF,172.0,0.68,2026-02-04,2026-10-09,499557.0,NO,2026-08-19,2943500.0,51.0
KRYP,ETF,172.0,0.68,2026-02-04,2026-10-09,552.0,NO,2026-05-27,185000.0,135.0
TOS,ETF,172.0,0.69,2026-01-29,2026-10-07,100.0,NO,2026-07-09,45100.0,90.0
VMSB,ETF,171.0,0.84,2025-12-03,2026-10-07,100.0,NO,2026-03-25,342300.0,196.0
BRES,ETF,171.0,0.67,2026-02-05,2026-10-09,2223.0,NO,2026-06-16,251100.0,115.0
FEMD,ETF,171.0,0.69,2026-01-28,2026-10-07,100.0,NO,2026-02-06,30200.0,243.0
FPS,Stock,171.0,0.67,2026-02-05,2026-10-09,6050587.0,NO,2026-09-15,32398100.0,24.0
UFOD,ETF,171.0,0.67,2026-02-05,2026-10-09,777.0,NO,2026-07-15,15600.0,86.0
ONEH,ETF,171.0,0.69,2026-01-30,2026-10-09,1923.0,NO,2026-08-03,576800.0,67.0
CCRP,ETF,170.0,0.82,2025-12-11,2026-10-07,100.0,NO,2026-05-04,2325500.0,156.0
AINT,ETF,170.0,0.67,2026-02-06,2026-10-09,3620.0,NO,2026-08-24,65600.0,46.0
SGP,Stock,170.0,0.67,2026-02-06,2026-10-09,68252.0,NO,2026-06-26,1478800.0,105.0
ASTN,ETF,170.0,0.67,2026-02-06,2026-10-09,481543.0,NO,2026-05-29,6460925.0,133.0
AIUP,ETF,170.0,0.67,2026-02-06,2026-10-09,852.0,NO,2026-03-19,40300.0,204.0
OFRM,Stock,170.0,0.67,2026-02-06,2026-10-09,189632.0,NO,2026-02-06,6771300.0,245.0
WAGN,ETF,169.0,0.66,2026-02-09,2026-10-09,100553.0,NO,2026-06-24,582500.0,107.0
LCO,ETF,169.0,0.74,2026-01-09,2026-10-07,100.0,NO,2026-03-09,7700.0,212.0
SSS,ETF,169.0,0.69,2026-01-30,2026-10-09,6.0,NO,2026-06-26,86200.0,105.0
AIMS,ETF,168.0,0.66,2026-02-10,2026-10-09,1217.0,NO,2026-02-10,2166500.0,241.0
CCOM,ETF,168.0,0.69,2026-01-28,2026-10-07,100.0,NO,2026-04-20,2300.0,170.0
ZCBA,ETF,168.0,0.74,2026-01-08,2026-10-07,100.0,NO,2026-05-29,4100.0,131.0
COMD,ETF,167.0,0.66,2026-02-11,2026-10-09,124.0,NO,2026-04-07,29200.0,185.0
ASMU,ETF,167.0,0.66,2026-02-11,2026-10-09,25922.0,NO,2026-07-15,875200.0,86.0
GARA,ETF,167.0,0.79,2025-12-22,2026-10-07,100.0,NO,2025-12-22,12200.0,289.0
GSUI,ETF,167.0,0.66,2026-02-11,2026-10-09,37450.0,NO,2026-05-26,838300.0,136.0
SMZ,ETF,167.0,0.66,2026-02-11,2026-10-09,40146.0,NO,2026-09-08,906700.0,31.0
VSECU,Stock,167.0,0.67,2026-02-05,2026-10-09,236.0,NO,2026-02-10,867700.0,241.0
VEM,ETF,167.0,0.67,2026-02-04,2026-10-07,100.0,NO,2026-02-10,217900.0,239.0
APC,Stock,166.0,0.65,2026-02-12,2026-10-09,79901.0,NO,2026-02-12,2587900.0,239.0
FAAA,ETF,166.0,0.65,2026-02-12,2026-10-09,47886.0,NO,2026-04-29,466000.0,163.0
MRVU,ETF,166.0,0.65,2026-02-12,2026-10-09,87592.0,NO,2026-06-03,1251400.0,128.0
FCLO,ETF,166.0,0.65,2026-02-12,2026-10-09,8802.0,NO,2026-08-20,349500.0,50.0
USFE,ETF,166.0,0.7,2026-01-28,2026-10-09,137.0,NO,2026-02-06,20600.0,245.0
MWH,Stock,166.0,0.65,2026-02-12,2026-10-09,1192917.0,NO,2026-05-29,9878000.0,133.0
XDEF,ETF,165.0,0.65,2026-02-12,2026-10-09,25.0,NO,2026-04-06,24800.0,186.0
ZCBE,ETF,165.0,0.74,2026-01-08,2026-10-07,100.0,NO,2026-01-12,10000.0,268.0
KCOP,ETF,165.0,0.65,2026-02-13,2026-10-09,8848.0,NO,2026-03-17,244400.0,206.0
IDVY,ETF,165.0,0.65,2026-02-12,2026-10-09,28.0,NO,2026-09-01,7400.0,38.0
QFHD,ETF,165.0,0.73,2026-01-14,2026-10-07,100.0,NO,2026-05-18,19400.0,142.0
ZCBG,ETF,165.0,0.74,2026-01-08,2026-10-07,100.0,NO,2026-01-12,10000.0,268.0
ZCBB,ETF,164.0,0.74,2026-01-08,2026-10-07,100.0,NO,2026-01-12,10000.0,268.0
RAAR,ETF,164.0,0.65,2026-02-12,2026-10-09,622.0,NO,2026-03-31,50000.0,192.0
EDGQ,ETF,163.0,0.64,2026-02-18,2026-10-09,9680.0,NO,2026-09-18,44100.0,21.0
COPZ,ETF,163.0,0.64,2026-02-18,2026-10-09,6739.0,NO,2026-06-26,209800.0,105.0
GLDN,ETF,163.0,0.64,2026-02-18,2026-10-09,9830.0,NO,2026-07-17,27300.0,84.0
EDGX,ETF,163.0,0.64,2026-02-18,2026-10-09,3910.0,NO,2026-10-05,29000.0,4.0
SHAZ,Stock,163.0,0.64,2026-02-18,2026-10-09,2378534.0,NO,2026-07-30,4489900.0,71.0
SUIS,ETF,163.0,0.64,2026-02-18,2026-10-09,709.0,NO,2026-05-28,23400.0,134.0
TPAY,ETF,163.0,0.64,2026-02-18,2026-10-09,4868.0,NO,2026-07-14,7500.0,87.0
MMK,ETF,163.0,0.65,2026-02-12,2026-10-09,1245.0,NO,2026-06-11,15100.0,120.0
FCXG,ETF,162.0,0.64,2026-02-19,2026-10-09,9235.0,NO,2026-08-21,341000.0,49.0
JA,ETF,162.0,0.64,2026-02-19,2026-10-09,8824.0,NO,2026-05-21,168000.0,141.0
COHX,ETF,162.0,0.64,2026-02-19,2026-10-09,2479153.0,NO,2026-08-12,3901500.0,58.0
APHU,ETF,162.0,0.64,2026-02-18,2026-10-08,2200.0,NO,2026-05-26,71600.0,135.0
IQMM,ETF,162.0,0.64,2026-02-19,2026-10-09,728664.0,NO,2026-02-19,175577300.0,232.0
LTAX,ETF,162.0,0.74,2026-01-13,2026-10-09,3055.0,NO,2026-10-01,34700.0,8.0
TRUC,ETF,162.0,0.64,2026-02-19,2026-10-09,13537.0,NO,2026-03-26,1705400.0,197.0
SDMF,ETF,162.0,0.64,2026-02-19,2026-10-09,3034.0,NO,2026-10-06,272600.0,3.0
SMRF,ETF,162.0,0.64,2026-02-19,2026-10-09,2580.0,NO,2026-02-19,121500.0,232.0
ZCBF,ETF,161.0,0.74,2026-01-08,2026-10-07,100.0,NO,2026-01-12,10000.0,268.0
EEE,ETF,161.0,0.69,2026-01-30,2026-10-09,824.0,NO,2026-08-17,8800.0,53.0
PIEL,ETF,161.0,0.77,2025-12-30,2026-10-07,100.0,NO,2025-12-31,10100.0,280.0
INDZ,ETF,160.0,0.64,2026-02-19,2026-10-09,415.0,NO,2026-08-24,98500.0,46.0
TFFI,ETF,159.0,0.62,2026-02-24,2026-10-09,21573.0,NO,2026-02-27,867800.0,224.0
TSUI,ETF,159.0,0.62,2026-02-24,2026-10-09,20274.0,NO,2026-03-27,356900.0,196.0
PPLC,Stock,159.0,0.62,2026-02-24,2026-10-09,1661.0,NO,2026-02-24,15163100.0,227.0
CMBO,ETF,158.0,0.93,2025-11-04,2026-10-09,1590.0,NO,2026-02-18,5400.0,233.0
BAIV,ETF,157.0,0.62,2026-02-26,2026-10-09,1989.0,NO,2026-03-02,482300.0,221.0
PQUS,ETF,157.0,0.62,2026-02-26,2026-10-09,15071.0,NO,2026-09-22,2525800.0,17.0
TPRY,ETF,157.0,0.62,2026-02-26,2026-10-09,1234.0,NO,2026-02-26,34100.0,225.0
RMRC,ETF,157.0,0.62,2026-02-24,2026-10-08,17000.0,NO,2026-05-14,200300.0,147.0
RCLR,ETF,156.0,0.65,2026-02-11,2026-10-07,200.0,NO,2026-02-24,13100.0,225.0
MINY,ETF,156.0,0.61,2026-02-27,2026-10-09,1450.0,NO,2026-07-20,36400.0,81.0
SUNB,Stock,155.0,0.61,2026-03-02,2026-10-09,2755197.0,NO,2026-06-18,33730700.0,113.0
NUKX,ETF,154.0,0.6,2026-03-03,2026-10-09,3598.0,NO,2026-03-03,68200.0,220.0
WEPN,ETF,154.0,0.6,2026-03-03,2026-10-09,563.0,NO,2026-03-03,119800.0,220.0
SASS,ETF,153.0,0.6,2026-03-04,2026-10-09,1137.0,NO,2026-05-01,82600.0,161.0
MIGO,ETF,153.0,0.61,2026-02-25,2026-10-07,100.0,NO,2026-04-10,712700.0,180.0
EVPF,ETF,152.0,0.6,2026-03-05,2026-10-09,12711.0,NO,2026-09-18,221400.0,21.0
MARS,ETF,152.0,0.6,2026-03-05,2026-10-09,23228.0,NO,2026-05-26,647400.0,136.0
MMED,Stock,151.0,0.59,2026-03-06,2026-10-09,18395551.0,NO,2026-10-08,23336100.0,1.0
RVI,Stock,151.0,0.59,2026-03-06,2026-10-09,113553.0,NO,2026-03-06,4787800.0,217.0
AVOS,ETF,151.0,0.59,2026-03-06,2026-10-09,7173.0,NO,2026-09-29,334200.0,10.0
BREE,ETF,151.0,0.6,2026-03-05,2026-10-09,165.0,NO,2026-03-05,646600.0,218.0
XEML,ETF,151.0,0.77,2025-12-29,2026-10-07,100.0,NO,2026-02-03,10600.0,246.0
NBIE,ETF,150.0,0.59,2026-03-09,2026-10-09,10607.0,NO,2026-03-12,8494900.0,211.0
YYYM,ETF,149.0,0.58,2026-03-10,2026-10-09,1893.0,NO,2026-09-01,20100.0,38.0
WLDU,ETF,149.0,0.58,2026-03-10,2026-10-09,2447.0,NO,2026-09-09,91300.0,30.0
LVIG,ETF,149.0,0.58,2026-03-10,2026-10-09,710.0,NO,2026-03-18,124500.0,205.0
PRAB,ETF,148.0,0.58,2026-03-11,2026-10-09,243.0,NO,2026-06-25,213400.0,106.0
NPFE,ETF,148.0,0.58,2026-03-11,2026-10-09,2191.0,NO,2026-08-20,113200.0,50.0
GAVA,ETF,147.0,0.58,2026-03-12,2026-10-09,4589.0,NO,2026-09-21,21700.0,18.0
DDDD,ETF,147.0,0.58,2026-03-12,2026-10-09,1085.0,NO,2026-06-29,33900.0,102.0
PAYP,Stock,147.0,0.58,2026-03-12,2026-10-09,667956.0,NO,2026-03-13,14116800.0,210.0
SPCI,ETF,147.0,0.58,2026-03-12,2026-10-09,8744.0,NO,2026-08-12,75200.0,58.0
WIMA,ETF,147.0,0.58,2026-03-12,2026-10-09,1651.0,NO,2026-03-25,1342800.0,198.0
USLN,ETF,147.0,0.6,2026-03-04,2026-10-09,13686.0,NO,2026-09-29,105300.0,10.0
ETHB,ETF,147.0,0.58,2026-03-12,2026-10-09,339010.0,NO,2026-03-13,2861800.0,210.0
MYHA,ETF,147.0,0.62,2026-02-26,2026-10-09,7.0,NO,2026-03-10,16300.0,213.0
WAMA,ETF,147.0,0.58,2026-03-12,2026-10-09,5380.0,NO,2026-03-31,3346000.0,192.0
USMD,ETF,147.0,0.67,2026-02-06,2026-10-07,100.0,NO,2026-08-05,5000.0,63.0
VPX,ETF,147.0,0.58,2026-03-12,2026-10-09,3831.0,NO,2026-09-17,135100.0,22.0
MDA,Stock,147.0,0.58,2026-03-12,2026-10-09,1142589.0,NO,2026-07-09,8492900.0,92.0
SNDU,ETF,147.0,0.58,2026-03-12,2026-10-09,1838892.0,NO,2026-07-29,36061600.0,72.0
TEMR,ETF,146.0,0.58,2026-03-12,2026-10-09,3105.0,NO,2026-07-17,11400.0,84.0
TLG,ETF,145.0,0.57,2026-03-16,2026-10-09,23006.0,NO,2026-09-03,1186700.0,36.0
CRUX,ETF,145.0,0.57,2026-03-16,2026-10-09,182338.0,NO,2026-03-23,12053100.0,200.0
EXEQ,ETF,145.0,0.65,2026-02-13,2026-10-07,100.0,NO,2026-02-20,11400.0,229.0
SQS,ETF,144.0,0.57,2026-03-16,2026-10-09,97617.0,NO,2026-03-30,219700.0,193.0
IVSX,ETF,144.0,0.63,2026-02-20,2026-10-09,21.0,NO,2026-02-20,102800.0,231.0
QEW,ETF,143.0,0.56,2026-03-18,2026-10-09,12919.0,NO,2026-05-22,577900.0,140.0
MNVT,ETF,143.0,0.56,2026-03-18,2026-10-09,15764.0,NO,2026-06-05,155000.0,126.0
FVNNU,Stock,143.0,2.07,2024-09-12,2026-10-09,1923.0,NO,2024-09-12,2844599.0,757.0
OXLCM,Stock,143.0,0.57,2026-03-13,2026-10-09,2014.0,NO,2026-03-13,1312800.0,210.0
BRIB,ETF,142.0,0.56,2026-03-19,2026-10-09,2535.0,NO,2026-08-18,1378500.0,52.0
MYHD,ETF,142.0,0.62,2026-02-26,2026-10-09,1459.0,NO,2026-08-04,15000.0,66.0
XBOX,ETF,142.0,0.56,2026-03-19,2026-10-09,13374.0,NO,2026-03-23,3200800.0,200.0
NTSD,ETF,142.0,0.56,2026-03-19,2026-10-09,15565.0,NO,2026-04-20,473600.0,172.0
BHDG,ETF,142.0,0.56,2026-03-19,2026-10-09,20196.0,NO,2026-06-05,457500.0,126.0
VCX,Stock,142.0,0.56,2026-03-19,2026-10-09,411800.0,NO,2026-08-14,3863200.0,56.0
ENHI,ETF,142.0,0.58,2026-03-12,2026-10-09,175.0,NO,2026-07-09,337100.0,92.0
ACTS,ETF,142.0,0.56,2026-03-19,2026-10-09,1015.0,NO,2026-07-15,157600.0,86.0
ROCY,ETF,142.0,0.56,2026-03-19,2026-10-09,147435.0,NO,2026-08-18,2613200.0,52.0
AAUA,ETF,142.0,0.56,2026-03-19,2026-10-09,135.0,NO,2026-07-27,149600.0,74.0
DFMC,ETF,141.0,0.56,2026-03-20,2026-10-09,11397.0,NO,2026-03-20,1180100.0,203.0
ROCQ,ETF,141.0,0.56,2026-03-19,2026-10-09,148704.0,NO,2026-09-04,684200.0,35.0
FTHB,ETF,141.0,0.56,2026-03-19,2026-10-09,778.0,NO,2026-07-15,132400.0,86.0
JAN,Stock,141.0,0.56,2026-03-20,2026-10-09,776239.0,NO,2026-03-20,15894500.0,203.0
HQ,Stock,141.0,0.56,2026-03-20,2026-10-09,138329.0,NO,2026-06-18,8691700.0,113.0
MYHE,ETF,139.0,0.62,2026-02-26,2026-10-09,1659.0,NO,2026-03-12,14600.0,211.0
DVVY,ETF,139.0,0.55,2026-03-19,2026-10-07,100.0,NO,2026-08-28,1500.0,40.0
CLIM,ETF,139.0,0.57,2026-03-12,2026-10-08,100.0,NO,2026-03-13,12300.0,209.0
BFJA,ETF,139.0,0.74,2026-01-13,2026-10-09,2038.0,NO,2026-08-27,12000.0,43.0
IBX,ETF,139.0,0.54,2026-03-24,2026-10-09,313045.0,NO,2026-07-14,14028800.0,87.0
MCVT,ETF,138.0,0.54,2026-03-25,2026-10-09,39573.0,NO,2026-09-24,114500.0,15.0
PYPU,ETF,138.0,0.54,2026-03-25,2026-10-09,1818.0,NO,2026-07-15,66100.0,86.0
ADBU,ETF,138.0,0.54,2026-03-25,2026-10-09,8721.0,NO,2026-06-12,672800.0,119.0
UNHU,ETF,138.0,0.54,2026-03-25,2026-10-09,15549.0,NO,2026-07-16,57000.0,85.0
TXNU,ETF,138.0,0.54,2026-03-25,2026-10-09,2641.0,NO,2026-04-23,220800.0,169.0
IBIM,ETF,137.0,0.54,2026-03-26,2026-10-09,65398.0,NO,2026-10-07,227500.0,2.0
VBCH,ETF,137.0,0.54,2026-03-26,2026-10-09,2662.0,NO,2026-03-30,43800.0,193.0
VBCG,ETF,137.0,0.54,2026-03-26,2026-10-09,2382.0,NO,2026-09-24,45200.0,15.0
VBCC,ETF,137.0,0.54,2026-03-26,2026-10-09,8643.0,NO,2026-04-27,146200.0,165.0
VBCI,ETF,137.0,0.54,2026-03-26,2026-10-09,1929.0,NO,2026-09-24,46400.0,15.0
BCGS,ETF,137.0,0.57,2026-03-11,2026-10-07,100.0,NO,2026-03-13,683600.0,208.0
VBCE,ETF,137.0,0.54,2026-03-26,2026-10-09,6844.0,NO,2026-04-27,152100.0,165.0
VBCF,ETF,137.0,0.54,2026-03-26,2026-10-09,3757.0,NO,2026-04-27,150300.0,165.0
VBCJ,ETF,137.0,0.54,2026-03-26,2026-10-09,4786.0,NO,2026-09-18,52700.0,21.0
VBCB,ETF,137.0,0.54,2026-03-26,2026-10-09,13318.0,NO,2026-08-25,353100.0,45.0
IBTR,ETF,137.0,0.54,2026-03-26,2026-10-09,78014.0,NO,2026-10-08,609700.0,1.0
VBCD,ETF,137.0,0.54,2026-03-26,2026-10-09,24931.0,NO,2026-04-27,139300.0,165.0
VBCA,ETF,137.0,0.54,2026-03-26,2026-10-09,8982.0,NO,2026-04-27,139400.0,165.0
IBCB,ETF,137.0,0.54,2026-03-26,2026-10-09,114593.0,NO,2026-08-21,950700.0,49.0
NYSX,ETF,137.0,0.54,2026-03-26,2026-10-09,1013.0,NO,2026-08-05,110400.0,65.0
IBHM,ETF,137.0,0.54,2026-03-26,2026-10-09,13077.0,NO,2026-08-07,58500.0,63.0
RFAIU,Stock,136.0,2.4,2024-05-17,2026-10-09,776.0,NO,2024-05-17,9572400.0,875.0
VGNT,Stock,136.0,0.54,2026-03-27,2026-10-09,543823.0,NO,2026-04-01,27163800.0,191.0
CTAG,ETF,136.0,13.56,2013-03-20,2026-10-09,710.0,NO,2014-02-11,3437770.0,4623.0
JUDO,ETF,136.0,0.54,2026-03-26,2026-10-08,1000.0,NO,2026-03-31,7100.0,191.0
IBMU,ETF,135.0,0.54,2026-03-27,2026-10-09,24383.0,NO,2026-07-28,78400.0,73.0
SCSB,ETF,135.0,0.53,2026-03-30,2026-10-09,6366.0,NO,2026-04-01,76600.0,191.0
PRTO,ETF,135.0,0.54,2026-03-25,2026-10-09,393.0,NO,2026-06-05,18500.0,126.0
NASA,ETF,134.0,0.53,2026-03-31,2026-10-09,1150993.0,NO,2026-06-12,35317100.0,119.0
STLR,ETF,133.0,0.52,2026-04-01,2026-10-09,711.0,NO,2026-06-22,20200.0,109.0
CRDD,ETF,133.0,0.52,2026-04-01,2026-10-09,3352.0,NO,2026-07-21,27000.0,80.0
PZIV,ETF,133.0,0.52,2026-04-01,2026-10-09,7316.0,NO,2026-05-14,192800.0,148.0
CHNU,ETF,133.0,0.52,2026-04-01,2026-10-09,6815.0,NO,2026-08-21,53600.0,49.0
CHNL,ETF,133.0,0.52,2026-04-01,2026-10-09,279.0,NO,2026-07-27,11400.0,74.0
HMH,Stock,133.0,0.52,2026-04-01,2026-10-09,136454.0,NO,2026-04-01,4415000.0,191.0
STLU,ETF,133.0,0.52,2026-04-01,2026-10-09,10294.0,NO,2026-09-16,640500.0,23.0
TRUH,ETF,132.0,0.52,2026-04-02,2026-10-09,262.0,NO,2026-06-16,7800.0,115.0
ODTE,ETF,132.0,0.52,2026-04-02,2026-10-09,1528.0,NO,2026-07-02,18700.0,99.0
DRAM,ETF,132.0,0.52,2026-04-02,2026-10-09,16155676.0,NO,2026-07-17,136040800.0,84.0
PZLV,ETF,132.0,0.52,2026-04-01,2026-10-08,500.0,NO,2026-04-13,955100.0,178.0
IMTG,ETF,132.0,0.61,2026-02-26,2026-10-07,100.0,NO,2026-08-21,5300.0,47.0
IBMV,ETF,131.0,0.54,2026-03-26,2026-10-09,7685.0,NO,2026-09-29,153600.0,10.0
PCPI,ETF,131.0,0.51,2026-04-06,2026-10-09,14549.0,NO,2026-05-19,616400.0,143.0
MSBT,ETF,130.0,0.51,2026-04-06,2026-10-09,684601.0,NO,2026-09-22,3928300.0,17.0
TRAX,Stock,130.0,0.51,2026-04-06,2026-10-09,855239.0,NO,2026-07-09,4512600.0,92.0
DLUX,ETF,130.0,0.52,2026-04-01,2026-10-09,32530.0,NO,2026-06-03,2001700.0,128.0
IBGM,ETF,129.0,0.54,2026-03-27,2026-10-09,4317.0,NO,2026-08-04,1538900.0,66.0
SPCL,ETF,129.0,0.5,2026-04-08,2026-10-09,56826.0,NO,2026-06-16,2067300.0,115.0
DUTY,ETF,129.0,0.5,2026-04-08,2026-10-09,434.0,NO,2026-06-18,10000.0,113.0
JHDG,ETF,129.0,0.5,2026-04-08,2026-10-09,1532.0,NO,2026-05-13,1041300.0,149.0
FLXI,ETF,129.0,0.61,2026-02-26,2026-10-07,100.0,NO,2026-03-03,12500.0,218.0
NGHT,ETF,129.0,0.5,2026-04-08,2026-10-09,41354.0,NO,2026-05-04,539800.0,158.0
MYHB,ETF,129.0,0.62,2026-02-26,2026-10-09,6.0,NO,2026-04-29,28900.0,163.0
IVEP,ETF,129.0,0.5,2026-04-08,2026-10-09,3962.0,NO,2026-05-27,93000.0,135.0
HBRD,ETF,129.0,0.61,2026-02-26,2026-10-07,200.0,NO,2026-05-05,6100.0,155.0
INDQ,ETF,128.0,0.52,2026-04-02,2026-10-09,10.0,NO,2026-04-10,17100.0,182.0
BCEM,ETF,128.0,0.5,2026-04-09,2026-10-09,1664.0,NO,2026-04-10,1142000.0,182.0
THMR,ETF,128.0,0.5,2026-04-09,2026-10-09,486.0,NO,2026-05-28,734200.0,134.0
RCLY,ETF,127.0,0.65,2026-02-12,2026-10-07,100.0,NO,2026-02-19,3900.0,230.0
IBGC,ETF,127.0,0.54,2026-03-27,2026-10-09,8948.0,NO,2026-08-04,780400.0,66.0
TROT,ETF,126.0,0.61,2026-02-26,2026-10-07,100.0,NO,2026-09-09,1900.0,28.0
SQLT,ETF,126.0,0.52,2026-04-01,2026-10-07,100.0,NO,2026-06-17,6700.0,112.0
TFGZ,ETF,125.0,0.52,2026-04-01,2026-10-09,1.0,NO,2026-10-08,95500.0,1.0
MUYY,ETF,125.0,0.49,2026-04-14,2026-10-09,35125.0,NO,2026-07-02,207700.0,99.0
RAAY,ETF,125.0,0.65,2026-02-11,2026-10-07,100.0,NO,2026-03-06,25000.0,215.0
TMYY,ETF,125.0,0.49,2026-04-14,2026-10-09,4914.0,NO,2026-06-09,23500.0,122.0
RKSG,ETF,125.0,0.5,2026-04-07,2026-10-07,100.0,NO,2026-04-07,18000.0,183.0
ORBX,ETF,124.0,0.48,2026-04-15,2026-10-09,15205.0,NO,2026-05-27,587100.0,135.0
BAVA,ETF,124.0,0.48,2026-04-15,2026-10-09,1344.0,NO,2026-04-15,102500.0,177.0
VDV,ETF,123.0,0.48,2026-04-16,2026-10-09,6184.0,NO,2026-06-22,53200.0,109.0
VDG,ETF,123.0,0.48,2026-04-16,2026-10-09,3072.0,NO,2026-04-23,26200.0,169.0
MAIR,Stock,123.0,0.48,2026-04-16,2026-10-09,1158769.0,NO,2026-04-16,36831100.0,176.0
TRUF,ETF,123.0,0.52,2026-04-02,2026-10-09,3.0,NO,2026-04-02,3600.0,190.0
ARXS,Stock,123.0,0.48,2026-04-16,2026-10-09,652359.0,NO,2026-04-16,19256400.0,176.0
SPDF,ETF,123.0,0.48,2026-04-15,2026-10-08,2600.0,NO,2026-05-27,377000.0,134.0
CBOX,ETF,122.0,0.48,2026-04-17,2026-10-09,78652.0,NO,2026-04-17,7945400.0,175.0
ALMR,Stock,122.0,0.48,2026-04-17,2026-10-09,1133448.0,NO,2026-04-17,4895500.0,175.0
IBMW,ETF,121.0,0.5,2026-04-08,2026-10-09,16149.0,NO,2026-09-29,78500.0,10.0
LQDM,ETF,120.0,0.47,2026-04-21,2026-10-09,31960.0,NO,2026-07-27,51500.0,74.0
UPLT,ETF,120.0,0.47,2026-04-21,2026-10-09,383.0,NO,2026-08-25,15400.0,45.0
JELM,ETF,119.0,0.47,2026-04-22,2026-10-09,28843.0,NO,2026-06-30,552400.0,101.0
BESO,ETF,119.0,0.47,2026-04-22,2026-10-09,25.0,NO,2026-04-22,185600.0,170.0
RIBBU,Stock,119.0,1.73,2025-01-15,2026-10-09,317.0,NO,2025-01-15,2113100.0,632.0
UCOP,ETF,119.0,0.47,2026-04-21,2026-10-08,900.0,NO,2026-07-09,79000.0,91.0
UPAL,ETF,119.0,0.47,2026-04-21,2026-10-09,144.0,NO,2026-06-08,5500.0,123.0
YSWY,Stock,119.0,0.47,2026-04-22,2026-10-09,134612.0,NO,2026-04-22,8828800.0,170.0
NHP,Stock,119.0,0.47,2026-04-22,2026-10-09,404223.0,NO,2026-04-22,9885200.0,170.0
LITZ,ETF,118.0,0.46,2026-04-23,2026-10-09,4219308.0,NO,2026-10-01,6064200.0,8.0
HYGM,ETF,118.0,0.46,2026-04-21,2026-10-07,300.0,NO,2026-08-03,16700.0,65.0
RISE,ETF,118.0,0.46,2026-04-23,2026-10-09,111.0,NO,2026-04-23,1164100.0,169.0
SSMG,ETF,118.0,0.46,2026-04-22,2026-10-08,3800.0,NO,2026-04-22,100200.0,169.0
STXL,ETF,118.0,0.46,2026-04-23,2026-10-09,290926.0,NO,2026-10-02,3252000.0,7.0
JELH,ETF,118.0,0.47,2026-04-22,2026-10-09,11950.0,NO,2026-06-26,80400.0,105.0
NOEQ,ETF,118.0,0.54,2026-03-23,2026-10-07,100.0,NO,2026-03-23,1800.0,198.0
ELMT,Stock,118.0,0.46,2026-04-23,2026-10-09,338085.0,NO,2026-09-14,14020400.0,25.0
MYHC,ETF,118.0,0.62,2026-02-26,2026-10-09,7.0,NO,2026-06-09,15700.0,122.0
MPWX,ETF,117.0,0.46,2026-04-24,2026-10-09,4163.0,NO,2026-07-31,85100.0,70.0
AXTX,ETF,117.0,0.46,2026-04-24,2026-10-09,3756888.0,NO,2026-07-31,6811075.0,70.0
STXX,ETF,117.0,0.46,2026-04-24,2026-10-09,52617.0,NO,2026-10-02,716600.0,7.0
WRTH,ETF,115.0,0.45,2026-04-28,2026-10-09,83776.0,NO,2026-04-29,721600.0,163.0
TAOZ,ETF,115.0,0.52,2026-04-01,2026-10-09,7.0,NO,2026-10-08,39500.0,1.0
CRY,ETF,115.0,0.45,2026-04-28,2026-10-09,9879.0,NO,2026-07-10,40200.0,91.0
XEY,ETF,115.0,0.45,2026-04-28,2026-10-09,284.0,NO,2026-10-02,2400.0,7.0
PS,Stock,114.0,0.45,2026-04-29,2026-10-09,163595.0,NO,2026-04-29,3286100.0,163.0
IBMX,ETF,114.0,0.48,2026-04-17,2026-10-09,1282.0,NO,2026-09-29,153900.0,10.0
PSUS,Stock,114.0,0.45,2026-04-29,2026-10-09,176821.0,NO,2026-04-29,9103800.0,163.0
WSDB,ETF,114.0,0.52,2026-04-01,2026-10-08,200.0,NO,2026-04-01,52000.0,190.0
WCMG,ETF,114.0,0.47,2026-04-22,2026-10-09,307.0,NO,2026-07-24,57300.0,77.0
MHIP,ETF,113.0,0.46,2026-04-21,2026-10-07,100.0,NO,2026-04-21,43100.0,169.0
FSEG,ETF,113.0,0.44,2026-04-30,2026-10-09,1746.0,NO,2026-04-30,199700.0,162.0
FEMG,ETF,113.0,0.44,2026-04-30,2026-10-09,1344.0,NO,2026-04-30,199700.0,162.0
AVLN,Stock,113.0,0.44,2026-04-30,2026-10-09,241837.0,NO,2026-04-30,6512000.0,162.0
TXXH,ETF,113.0,0.44,2026-04-30,2026-10-09,13719.0,NO,2026-06-05,72200.0,126.0
SPTX,Stock,112.0,0.44,2026-05-01,2026-10-09,171205.0,NO,2026-05-01,4697700.0,161.0
FEMV,ETF,112.0,0.44,2026-04-30,2026-10-08,1800.0,NO,2026-04-30,199600.0,161.0
AMA,ETF,112.0,0.44,2026-05-01,2026-10-09,82237.0,NO,2026-08-13,2112600.0,57.0
FSEV,ETF,112.0,0.44,2026-04-30,2026-10-08,1400.0,NO,2026-04-30,199600.0,161.0
COAG,Stock,112.0,0.44,2026-05-01,2026-10-09,619069.0,NO,2026-09-18,4149500.0,21.0
TPFI,ETF,110.0,0.43,2026-05-05,2026-10-09,1306.0,NO,2026-05-05,748700.0,157.0
FINY,ETF,110.0,0.43,2026-05-05,2026-10-09,2933.0,NO,2026-05-07,26200.0,155.0
TPFG,ETF,110.0,0.43,2026-05-05,2026-10-09,1581.0,NO,2026-05-05,207700.0,157.0
XOVL,ETF,110.0,0.43,2026-05-05,2026-10-09,2021.0,NO,2026-06-12,1457500.0,119.0
TECY,ETF,110.0,0.43,2026-05-05,2026-10-09,137.0,NO,2026-08-27,49700.0,43.0
AXTU,ETF,110.0,0.43,2026-05-05,2026-10-09,100429.0,NO,2026-07-31,272570.0,70.0
FIYY,ETF,110.0,0.43,2026-05-05,2026-10-09,10.0,NO,2026-05-05,900.0,157.0
TPFC,ETF,110.0,0.43,2026-05-05,2026-10-09,1938.0,NO,2026-05-05,202200.0,157.0
BFXU,ETF,110.0,0.5,2026-04-08,2026-10-07,100.0,NO,2026-08-20,11700.0,48.0
BIOY,ETF,110.0,0.43,2026-05-05,2026-10-09,779.0,NO,2026-07-07,10300.0,94.0
PCEB,ETF,109.0,0.43,2026-05-06,2026-10-09,3715.0,NO,2026-05-06,314600.0,156.0
LATR,ETF,109.0,0.43,2026-05-06,2026-10-09,272.0,NO,2026-05-06,51200.0,156.0
RSIT,ETF,109.0,0.43,2026-05-06,2026-10-09,16029.0,NO,2026-05-06,650900.0,156.0
CMAG,ETF,109.0,0.43,2026-05-06,2026-10-09,991.0,NO,2026-09-28,256100.0,11.0
JOUL,ETF,109.0,0.43,2026-05-06,2026-10-09,7691.0,NO,2026-05-29,144300.0,133.0
XA,ETF,109.0,0.43,2026-05-06,2026-10-09,3578.0,NO,2026-05-06,47800.0,156.0
EYES,ETF,109.0,0.43,2026-05-06,2026-10-09,278.0,NO,2026-08-07,89400.0,63.0
GNMX,ETF,109.0,0.43,2026-05-06,2026-10-09,526.0,NO,2026-05-06,48900.0,156.0
GASZ,ETF,109.0,0.43,2026-05-06,2026-10-09,187.0,NO,2026-05-06,108400.0,156.0
AV,ETF,109.0,0.43,2026-05-06,2026-10-09,1499.0,NO,2026-05-06,47400.0,156.0
BZZ,ETF,109.0,0.43,2026-05-06,2026-10-09,855.0,NO,2026-05-29,67900.0,133.0
CQTM,ETF,109.0,0.43,2026-05-06,2026-10-09,15602.0,NO,2026-06-23,110000.0,108.0
WR,ETF,109.0,0.43,2026-05-06,2026-10-09,211.0,NO,2026-05-06,110200.0,156.0
EUV,ETF,109.0,0.43,2026-05-06,2026-10-09,445697.0,NO,2026-07-01,4451600.0,100.0
DUSG,ETF,109.0,0.43,2026-05-06,2026-10-09,3406.0,NO,2026-07-31,90900.0,70.0
WATS,ETF,109.0,0.43,2026-05-06,2026-10-09,365.0,NO,2026-05-06,47200.0,156.0
BUYB,ETF,108.0,0.42,2026-05-07,2026-10-09,459.0,NO,2026-05-11,28800.0,151.0
CLUB,ETF,108.0,0.42,2026-05-06,2026-10-08,100.0,NO,2026-05-06,98200.0,155.0
DIPR,ETF,108.0,0.42,2026-05-06,2026-10-08,300.0,NO,2026-05-06,67600.0,155.0
WARP,ETF,108.0,0.42,2026-05-07,2026-10-09,35964.0,NO,2026-05-29,485200.0,133.0
BLCK,ETF,108.0,0.42,2026-05-06,2026-10-08,400.0,NO,2026-05-06,45400.0,155.0
PTNT,ETF,108.0,0.43,2026-05-06,2026-10-09,957.0,NO,2026-05-06,49200.0,156.0
TCAN,ETF,108.0,0.42,2026-05-07,2026-10-09,16380.0,NO,2026-05-14,72400.0,148.0
PSAI,ETF,107.0,0.42,2026-05-07,2026-10-08,500.0,NO,2026-06-01,52900.0,129.0
DPRE,ETF,107.0,0.48,2026-04-15,2026-10-08,300.0,NO,2026-04-15,100500.0,176.0
CBOT,ETF,107.0,0.42,2026-05-06,2026-10-07,100.0,NO,2026-05-06,65800.0,154.0
ODTX,Stock,107.0,0.42,2026-05-08,2026-10-09,325591.0,NO,2026-05-08,3170900.0,154.0
BREW,ETF,107.0,0.42,2026-05-06,2026-10-07,100.0,NO,2026-05-06,49100.0,154.0
DOCK,ETF,107.0,0.42,2026-05-06,2026-10-08,200.0,NO,2026-05-06,48100.0,155.0
ODDZ,ETF,107.0,0.42,2026-05-06,2026-10-08,500.0,NO,2026-05-06,49400.0,155.0
GLAM,ETF,106.0,0.43,2026-05-06,2026-10-09,341.0,NO,2026-09-04,49800.0,35.0
RWIN,ETF,106.0,0.5,2026-04-08,2026-10-09,338.0,NO,2026-09-16,6500.0,23.0
WDIG,ETF,106.0,0.42,2026-05-07,2026-10-07,300.0,NO,2026-05-08,78700.0,152.0
WDAI,ETF,106.0,0.42,2026-05-07,2026-10-07,100.0,NO,2026-06-01,13400.0,128.0
MHIG,ETF,106.0,0.46,2026-04-21,2026-10-07,100.0,NO,2026-04-21,8600.0,169.0
KMCA,ETF,106.0,0.42,2026-05-07,2026-10-07,2100.0,NO,2026-06-15,66100.0,114.0
BOT,Stock,106.0,0.41,2026-05-11,2026-10-09,213680.0,NO,2026-05-15,1982600.0,147.0
WNDR,ETF,106.0,0.42,2026-05-06,2026-10-08,1200.0,NO,2026-05-06,47800.0,155.0
YUNG,ETF,106.0,0.42,2026-05-06,2026-10-08,200.0,NO,2026-05-06,48600.0,155.0
THYP,ETF,105.0,0.41,2026-05-12,2026-10-09,82862.0,NO,2026-05-21,1422400.0,141.0
QVOL,ETF,105.0,0.41,2026-05-12,2026-10-09,3353.0,NO,2026-06-08,93000.0,123.0
SSCP,ETF,104.0,0.41,2026-05-13,2026-10-09,691.0,NO,2026-08-05,118500.0,65.0
KYC,ETF,104.0,0.42,2026-05-06,2026-10-07,200.0,NO,2026-05-06,50700.0,154.0
LQID,ETF,104.0,0.41,2026-05-13,2026-10-09,4045.0,NO,2026-07-17,64200.0,84.0
AMAU,ETF,104.0,0.41,2026-05-13,2026-10-09,106108.0,NO,2026-08-13,1579000.0,57.0
SMCP,ETF,104.0,0.41,2026-05-13,2026-10-09,577.0,NO,2026-08-05,124700.0,65.0
EROK,Stock,103.0,0.41,2026-05-14,2026-10-09,105091.0,NO,2026-05-14,4882400.0,148.0
BXDC,Stock,103.0,0.41,2026-05-14,2026-10-09,2279936.0,NO,2026-09-18,17411400.0,21.0
LOHA,ETF,103.0,0.41,2026-05-14,2026-10-09,99859.0,NO,2026-05-21,547500.0,141.0
WDRN,ETF,103.0,0.41,2026-05-14,2026-10-09,3755.0,NO,2026-05-28,146200.0,134.0
HULL,ETF,103.0,0.42,2026-05-06,2026-10-07,400.0,NO,2026-05-06,106500.0,154.0
CBRS,Stock,103.0,0.41,2026-05-14,2026-10-09,6541928.0,NO,2026-05-14,33497900.0,148.0
GTND,ETF,102.0,0.4,2026-05-14,2026-10-08,200.0,NO,2026-05-19,248800.0,142.0
BAY,ETF,102.0,0.42,2026-05-06,2026-10-07,100.0,NO,2026-05-06,66200.0,154.0
NICO,ETF,102.0,0.43,2026-05-06,2026-10-09,967.0,NO,2026-06-26,23200.0,105.0
NYYY,ETF,102.0,0.4,2026-05-15,2026-10-09,461.0,NO,2026-08-12,11500.0,58.0
BHYP,ETF,102.0,0.4,2026-05-15,2026-10-09,139546.0,NO,2026-06-12,1405900.0,119.0
NYNY,ETF,101.0,0.42,2026-05-06,2026-10-07,300.0,NO,2026-05-06,49800.0,154.0
PCSG,ETF,101.0,0.39,2026-05-18,2026-10-09,145.0,NO,2026-09-28,24600.0,11.0
LEND,ETF,101.0,0.39,2026-05-18,2026-10-09,87809.0,NO,2026-07-28,1094700.0,73.0
AVAZ,ETF,101.0,0.4,2026-05-15,2026-10-09,81678.0,NO,2026-10-08,86400.0,1.0
VEFA,ETF,100.0,0.52,2026-04-02,2026-10-09,685.0,NO,2026-04-08,1900.0,184.0
TKNS,ETF,100.0,0.41,2026-05-14,2026-10-09,422.0,NO,2026-07-17,4900.0,84.0
HIS,ETF,100.0,0.39,2026-05-19,2026-10-09,59403.0,NO,2026-09-17,571800.0,22.0
TYYY,ETF,100.0,0.4,2026-05-15,2026-10-07,100.0,NO,2026-05-18,1500.0,142.0
EMFI,ETF,100.0,0.46,2026-04-23,2026-10-07,100.0,NO,2026-04-23,338200.0,167.0
HALX,ETF,100.0,0.39,2026-05-19,2026-10-09,183.0,NO,2026-05-19,37900.0,143.0
PCLC,ETF,99.0,0.39,2026-05-18,2026-10-07,100.0,NO,2026-09-28,15700.0,9.0
BFLX,ETF,99.0,0.39,2026-05-20,2026-10-09,297561.0,NO,2026-07-15,32774300.0,86.0
EMEM,ETF,99.0,0.39,2026-05-20,2026-10-09,14.0,NO,2026-09-15,1104300.0,24.0
LCLN,Stock,99.0,0.39,2026-05-20,2026-10-09,293258.0,NO,2026-05-20,8740300.0,142.0
OCTV,Stock,98.0,0.39,2026-05-21,2026-10-09,1052285.0,NO,2026-09-18,19200800.0,21.0
STYL,ETF,98.0,0.42,2026-05-06,2026-10-08,100.0,NO,2026-05-06,48200.0,155.0
LITU,ETF,98.0,0.39,2026-05-21,2026-10-09,50887.0,NO,2026-08-10,278000.0,60.0
GIEQ,ETF,98.0,0.39,2026-05-21,2026-10-09,182.0,NO,2026-08-24,298300.0,46.0
EMSC,ETF,98.0,0.39,2026-05-21,2026-10-09,88.0,NO,2026-05-26,1428000.0,136.0
CVSM,ETF,97.0,0.39,2026-05-18,2026-10-09,2235.0,NO,2026-08-26,45700.0,44.0
RIZE,ETF,95.0,0.38,2026-05-21,2026-10-07,1000.0,NO,2026-05-21,399400.0,139.0
BROL,ETF,95.0,0.37,2026-05-27,2026-10-09,377.0,NO,2026-10-01,11595700.0,8.0
CLOO,ETF,95.0,0.42,2026-05-06,2026-10-07,100.0,NO,2026-06-18,212600.0,111.0
BTCU,ETF,95.0,0.37,2026-05-27,2026-10-09,23292.0,NO,2026-08-21,95700.0,49.0
EVMU,ETF,95.0,0.37,2026-05-27,2026-10-09,644.0,NO,2026-06-05,43400.0,126.0
MMAY,ETF,95.0,0.44,2026-05-01,2026-10-07,100.0,NO,2026-06-04,14200.0,125.0
FDXF,Stock,95.0,0.37,2026-05-27,2026-10-09,958668.0,NO,2026-06-01,7419200.0,130.0
ADDS,ETF,94.0,0.37,2026-05-28,2026-10-09,1456.0,NO,2026-07-17,59300.0,84.0
FITZ,ETF,94.0,0.37,2026-05-28,2026-10-09,50981.0,NO,2026-05-28,1025300.0,134.0
ASEC,ETF,94.0,0.37,2026-05-28,2026-10-09,13.0,NO,2026-05-28,376000.0,134.0
CVGD,ETF,94.0,0.39,2026-05-18,2026-10-07,200.0,NO,2026-08-26,73300.0,42.0
GOVM,ETF,94.0,0.41,2026-05-13,2026-10-09,9782.0,NO,2026-08-12,19800.0,58.0
VBNB,ETF,93.0,0.36,2026-05-29,2026-10-09,1366.0,NO,2026-08-05,24900.0,65.0
FOTO,ETF,93.0,0.36,2026-05-29,2026-10-09,153827.0,NO,2026-06-03,4566900.0,128.0
UGLD,ETF,93.0,0.36,2026-05-29,2026-10-09,153290.0,NO,2026-10-07,342600.0,2.0
LILAP,Stock,92.0,0.36,2026-06-01,2026-10-09,71478.0,NO,2026-06-30,2000600.0,101.0
BGCG,ETF,92.0,0.36,2026-06-01,2026-10-09,9497.0,NO,2026-06-12,232600.0,119.0
PJUS,ETF,92.0,0.38,2026-05-21,2026-10-07,100.0,NO,2026-05-21,17200.0,139.0
BGGG,ETF,92.0,0.36,2026-06-01,2026-10-09,13937.0,NO,2026-06-22,1034800.0,109.0
NISM,ETF,91.0,0.4,2026-05-13,2026-10-07,100.0,NO,2026-07-01,11600.0,98.0
RACK,ETF,91.0,0.35,2026-06-02,2026-10-09,11797.0,NO,2026-07-07,403800.0,94.0
ZINC,ETF,91.0,0.35,2026-06-02,2026-10-09,2156.0,NO,2026-07-14,165000.0,87.0
HBMX,ETF,91.0,0.35,2026-06-02,2026-10-09,8556.0,NO,2026-06-15,494400.0,116.0
ASD,ETF,91.0,0.35,2026-06-02,2026-10-09,450.0,NO,2026-07-08,4100.0,93.0
TOAO,ETF,91.0,0.45,2026-04-24,2026-10-07,100.0,NO,2026-05-14,1500.0,146.0
ACGO,ETF,90.0,0.35,2026-06-03,2026-10-09,543.0,NO,2026-06-03,745000.0,128.0
GOOGN,Stock,90.0,0.35,2026-06-03,2026-10-09,427918.0,NO,2026-06-03,62417700.0,128.0
XLUX,ETF,90.0,0.35,2026-06-03,2026-10-09,1292.0,NO,2026-10-01,11900.0,8.0
BGEG,ETF,90.0,0.35,2026-06-03,2026-10-09,23.0,NO,2026-10-07,68100.0,2.0
GOOGM,Stock,90.0,0.35,2026-06-03,2026-10-09,1180571.0,NO,2026-06-03,62405600.0,128.0
XLKX,ETF,90.0,0.35,2026-06-03,2026-10-09,4236.0,NO,2026-07-10,10900.0,91.0
TRUI,ETF,90.0,0.35,2026-06-03,2026-10-09,7.0,NO,2026-06-08,8400.0,123.0
XAGI,ETF,90.0,0.35,2026-06-03,2026-10-09,661.0,NO,2026-06-03,10300.0,128.0
HYPG,ETF,90.0,0.35,2026-06-03,2026-10-09,81421.0,NO,2026-08-19,527900.0,51.0
XLVX,ETF,90.0,0.35,2026-06-03,2026-10-09,1940.0,NO,2026-06-26,43100.0,105.0
XLEX,ETF,90.0,0.35,2026-06-03,2026-10-09,637.0,NO,2026-09-24,14700.0,15.0
XLFX,ETF,90.0,0.35,2026-06-03,2026-10-09,769.0,NO,2026-06-03,10100.0,128.0
EUVX,ETF,90.0,0.35,2026-06-03,2026-10-09,10883.0,NO,2026-06-30,140200.0,101.0
USX,ETF,89.0,0.35,2026-06-03,2026-10-08,100.0,NO,2026-06-03,10500.0,127.0
BGIA,ETF,89.0,0.35,2026-06-03,2026-10-09,21.0,NO,2026-07-23,4945100.0,78.0
TRUO,ETF,89.0,0.35,2026-06-03,2026-10-09,228.0,NO,2026-06-08,7400.0,123.0
XTAI,ETF,89.0,0.35,2026-06-03,2026-10-08,300.0,NO,2026-07-15,31300.0,85.0
QNT,Stock,89.0,0.35,2026-06-04,2026-10-09,1114503.0,NO,2026-06-04,29612000.0,127.0
PRIZ,ETF,89.0,0.35,2026-06-03,2026-10-08,8500.0,NO,2026-07-14,61200.0,86.0
XKRE,ETF,89.0,0.35,2026-06-03,2026-10-09,508.0,NO,2026-06-03,10200.0,128.0
XSEM,ETF,89.0,0.35,2026-06-03,2026-10-09,1163.0,NO,2026-06-08,11100.0,123.0
VCHY,ETF,89.0,0.35,2026-06-04,2026-10-09,32776.0,NO,2026-09-01,99800.0,38.0
LFTO,Stock,89.0,0.35,2026-06-04,2026-10-09,600016.0,NO,2026-06-04,11661500.0,127.0
XLPX,ETF,89.0,0.35,2026-06-03,2026-10-08,1800.0,NO,2026-06-10,13500.0,120.0
PCPP,ETF,88.0,0.34,2026-06-05,2026-10-09,14522.0,NO,2026-06-08,218600.0,123.0
USLX,ETF,88.0,0.34,2026-06-03,2026-10-07,100.0,NO,2026-07-13,26600.0,86.0
XCOM,ETF,88.0,0.34,2026-06-03,2026-10-07,100.0,NO,2026-06-03,10200.0,126.0
OWN,ETF,88.0,0.34,2026-06-03,2026-10-07,100.0,NO,2026-07-16,39400.0,83.0
XBIX,ETF,88.0,0.35,2026-06-03,2026-10-08,3700.0,NO,2026-06-26,30300.0,104.0
XIWC,ETF,88.0,0.34,2026-06-03,2026-10-07,100.0,NO,2026-06-03,10100.0,126.0
USGX,ETF,88.0,0.34,2026-06-03,2026-10-07,100.0,NO,2026-06-03,10000.0,126.0
MIVL,ETF,88.0,0.34,2026-06-04,2026-10-08,100.0,NO,2026-06-04,600300.0,126.0
XPAV,ETF,88.0,0.35,2026-06-03,2026-10-09,158.0,NO,2026-10-08,9700.0,1.0
CBIL,ETF,87.0,0.34,2026-06-04,2026-10-08,155100.0,NO,2026-08-21,601400.0,48.0
JPFP,ETF,87.0,0.34,2026-06-08,2026-10-09,652.0,NO,2026-07-28,315200.0,73.0
BRSM,ETF,87.0,0.34,2026-06-04,2026-10-07,200.0,NO,2026-06-04,802600.0,125.0
MEGX,ETF,87.0,0.34,2026-06-03,2026-10-07,400.0,NO,2026-06-03,10000.0,126.0
CGOV,ETF,87.0,0.34,2026-06-04,2026-10-08,119100.0,NO,2026-09-29,404100.0,9.0
FPAA,ETF,87.0,0.34,2026-06-08,2026-10-09,3944.0,NO,2026-06-11,247600.0,120.0
INIO,Stock,87.0,0.34,2026-06-08,2026-10-09,3664687.0,NO,2026-09-17,13127100.0,22.0
WX,ETF,87.0,0.34,2026-06-03,2026-10-07,500.0,NO,2026-06-03,10000.0,126.0
AQLG,ETF,87.0,0.34,2026-06-08,2026-10-09,14.0,NO,2026-06-09,1300.0,122.0
CIVG,ETF,87.0,0.34,2026-06-04,2026-10-08,100.0,NO,2026-06-15,54600.0,115.0
WHK,Stock,86.0,0.33,2026-06-09,2026-10-09,192303.0,NO,2026-06-09,2798300.0,122.0
CUST,ETF,86.0,0.34,2026-06-04,2026-10-07,100.0,NO,2026-09-17,234200.0,20.0
MAUG,ETF,86.0,0.44,2026-05-01,2026-10-07,100.0,NO,2026-06-25,4100.0,104.0
GEQ,ETF,86.0,0.33,2026-06-09,2026-10-09,11.0,NO,2026-06-16,59800.0,115.0
NUDG,ETF,86.0,0.34,2026-06-03,2026-10-07,100.0,NO,2026-06-05,80300.0,124.0
CHYG,ETF,86.0,0.34,2026-06-04,2026-10-07,100.0,NO,2026-07-17,1142600.0,82.0
CIEI,ETF,85.0,0.34,2026-06-04,2026-10-07,100.0,NO,2026-06-29,127800.0,100.0
BSTV,ETF,85.0,0.33,2026-06-10,2026-10-09,8025.0,NO,2026-08-14,36500.0,56.0
CCPX,ETF,85.0,0.34,2026-06-03,2026-10-07,100.0,NO,2026-06-16,46500.0,113.0
PBLS,Stock,85.0,0.33,2026-06-10,2026-10-09,1086558.0,NO,2026-09-18,9086000.0,21.0
XLIX,ETF,85.0,0.34,2026-06-03,2026-10-07,600.0,NO,2026-06-03,9700.0,126.0
AAAD,ETF,85.0,0.34,2026-06-03,2026-10-07,100.0,NO,2026-08-03,3300.0,65.0
BSCA,ETF,85.0,0.33,2026-06-10,2026-10-09,42559.0,NO,2026-09-15,256600.0,24.0
XLBX,ETF,85.0,0.34,2026-06-03,2026-10-07,100.0,NO,2026-06-03,9700.0,126.0
FRBT,Stock,84.0,0.33,2026-06-11,2026-10-09,50595.0,NO,2026-06-11,2502100.0,120.0
TPUT,ETF,84.0,0.33,2026-06-11,2026-10-09,3214.0,NO,2026-08-06,61400.0,64.0
XW,ETF,84.0,0.34,2026-06-03,2026-10-07,300.0,NO,2026-06-03,10000.0,126.0
SGVA,ETF,84.0,0.33,2026-06-11,2026-10-09,4105.0,NO,2026-07-30,1436000.0,71.0
UUPP,ETF,84.0,0.38,2026-05-21,2026-10-07,100.0,NO,2026-05-21,598000.0,139.0
WEBX,ETF,84.0,0.35,2026-06-03,2026-10-08,200.0,NO,2026-06-03,10500.0,127.0
ALISU,Stock,84.0,0.96,2025-10-22,2026-10-09,6918.0,NO,2025-10-22,2853100.0,352.0
EMXX,ETF,84.0,0.34,2026-06-04,2026-10-07,100.0,NO,2026-09-21,4600.0,16.0
DWWN,ETF,84.0,0.38,2026-05-21,2026-10-07,100.0,NO,2026-05-21,398600.0,139.0
SMCIP,Stock,84.0,0.33,2026-06-11,2026-10-09,45948.0,NO,2026-06-11,50814100.0,120.0
DRMP,ETF,84.0,0.33,2026-06-11,2026-10-09,9464.0,NO,2026-06-24,104200.0,107.0
SPCX,Stock,83.0,0.33,2026-06-12,2026-10-09,92493813.0,NO,2026-06-12,519234800.0,119.0
SPCM,ETF,82.0,0.32,2026-06-15,2026-10-09,828167.0,NO,2026-08-10,4071400.0,60.0
CSEN,ETF,82.0,0.32,2026-06-15,2026-10-09,20645.0,NO,2026-09-22,952400.0,17.0
SHRD,ETF,82.0,0.33,2026-06-12,2026-10-09,3841.0,NO,2026-06-12,318100.0,119.0
USSX,ETF,82.0,0.34,2026-06-03,2026-10-07,100.0,NO,2026-06-03,9900.0,126.0
BSJY,ETF,82.0,0.33,2026-06-10,2026-10-09,162.0,NO,2026-09-25,21800.0,14.0
GISC,ETF,82.0,0.32,2026-06-15,2026-10-09,1741.0,NO,2026-09-09,152300.0,30.0
HRSK,ETF,82.0,0.32,2026-06-15,2026-10-09,12861.0,NO,2026-06-15,384700.0,116.0
XHOA,ETF,82.0,0.35,2026-06-03,2026-10-08,100.0,NO,2026-06-03,9700.0,127.0
SPAL,ETF,82.0,0.32,2026-06-15,2026-10-09,1157338.0,NO,2026-08-07,5058300.0,63.0
JTNY,ETF,82.0,0.32,2026-06-15,2026-10-09,126016.0,NO,2026-09-21,148000.0,18.0
JCAL,ETF,82.0,0.32,2026-06-15,2026-10-09,78706.0,NO,2026-09-25,265100.0,14.0
SPCF,ETF,82.0,0.32,2026-06-15,2026-10-09,1385668.0,NO,2026-08-07,12279300.0,63.0
PINC,ETF,82.0,0.33,2026-06-11,2026-10-09,143.0,NO,2026-09-08,21200.0,31.0
HONA,Stock,82.0,0.32,2026-06-15,2026-10-09,2937086.0,NO,2026-08-06,20631100.0,64.0
LOFF,ETF,82.0,0.32,2026-06-15,2026-10-09,2187376.0,NO,2026-08-07,9220100.0,63.0
GCSH,ETF,82.0,0.32,2026-06-15,2026-10-09,26192.0,NO,2026-09-01,1763800.0,38.0
SPCU,ETF,82.0,0.32,2026-06-15,2026-10-09,1418684.0,NO,2026-08-07,14240900.0,63.0
XEUR,ETF,82.0,0.34,2026-06-03,2026-10-07,100.0,NO,2026-09-21,20900.0,16.0
TILC,ETF,82.0,0.32,2026-06-15,2026-10-09,39227.0,NO,2026-09-25,437600.0,14.0
BRZX,ETF,81.0,0.34,2026-06-04,2026-10-07,100.0,NO,2026-06-15,2400.0,114.0
USMX,ETF,81.0,0.34,2026-06-03,2026-10-07,100.0,NO,2026-06-03,9800.0,126.0
TISC,ETF,81.0,0.32,2026-06-15,2026-10-09,22.0,NO,2026-06-15,847100.0,116.0
YCLO,ETF,81.0,0.34,2026-06-04,2026-10-07,100.0,NO,2026-09-21,200000.0,16.0
BITA,ETF,81.0,0.31,2026-06-16,2026-10-09,62073.0,NO,2026-06-22,170600.0,109.0
XLYX,ETF,81.0,0.35,2026-06-03,2026-10-09,257.0,NO,2026-06-03,9900.0,128.0
BSTS,ETF,81.0,0.33,2026-06-10,2026-10-09,4068.0,NO,2026-09-15,103600.0,24.0
XSPC,ETF,81.0,0.31,2026-06-16,2026-10-09,1441.0,NO,2026-06-16,29700.0,115.0
KEYG,ETF,81.0,0.31,2026-06-16,2026-10-09,389.0,NO,2026-07-15,41300.0,86.0
BMNP,Stock,81.0,0.31,2026-06-16,2026-10-09,6477.0,NO,2026-07-31,400000.0,70.0
APHG,ETF,80.0,0.31,2026-06-16,2026-10-08,11600.0,NO,2026-08-13,49000.0,56.0
MFEB,ETF,80.0,0.44,2026-05-01,2026-10-07,100.0,NO,2026-06-25,4100.0,104.0
BSGR,ETF,80.0,0.33,2026-06-10,2026-10-09,16903.0,NO,2026-08-31,62200.0,39.0
WDE,ETF,80.0,0.39,2026-05-21,2026-10-09,1718.0,NO,2026-05-21,796800.0,141.0
FHIL,ETF,80.0,0.31,2026-06-17,2026-10-09,429.0,NO,2026-06-18,90100.0,113.0
TAJX,ETF,80.0,0.34,2026-06-03,2026-10-07,100.0,NO,2026-06-03,10000.0,126.0
BSTU,ETF,80.0,0.33,2026-06-10,2026-10-09,6049.0,NO,2026-08-14,34200.0,56.0
ACOM,ETF,80.0,0.31,2026-06-17,2026-10-09,8963.0,NO,2026-06-17,249600.0,114.0
XSHP,ETF,80.0,0.31,2026-06-17,2026-10-09,21926.0,NO,2026-06-17,143900.0,114.0
FIMU,ETF,79.0,0.31,2026-06-18,2026-10-09,8022.0,NO,2026-06-18,95300.0,113.0
NUIF,ETF,79.0,0.31,2026-06-18,2026-10-09,9.0,NO,2026-06-24,204300.0,107.0
FSTB,ETF,79.0,0.31,2026-06-18,2026-10-09,8458.0,NO,2026-07-01,8556900.0,100.0
FREI,ETF,79.0,0.31,2026-06-18,2026-10-09,10157.0,NO,2026-07-17,441100.0,84.0
NVPS,ETF,79.0,0.31,2026-06-18,2026-10-09,65.0,NO,2026-06-22,141700.0,109.0
MNVR,ETF,79.0,0.44,2026-05-01,2026-10-07,100.0,NO,2026-06-25,4100.0,104.0
MJUN,ETF,79.0,0.32,2026-06-12,2026-10-07,100.0,NO,2026-06-15,15500.0,114.0
OPI,Stock,78.0,0.3,2026-06-22,2026-10-09,52348.0,NO,2026-07-17,9688100.0,84.0
MMAR,ETF,78.0,0.32,2026-06-12,2026-10-07,100.0,NO,2026-06-25,4100.0,104.0
THOR,ETF,77.0,0.3,2026-06-23,2026-10-09,56388.0,NO,2026-06-23,113800.0,108.0
DFAL,ETF,77.0,0.3,2026-06-23,2026-10-09,19927.0,NO,2026-07-22,7681900.0,79.0
CRIB,ETF,77.0,0.3,2026-06-23,2026-10-09,225.0,NO,2026-06-26,26100.0,105.0
HPEL,ETF,77.0,0.3,2026-06-23,2026-10-09,296482.0,NO,2026-09-02,1895900.0,37.0
PBSC,ETF,76.0,0.3,2026-06-23,2026-10-09,994.0,NO,2026-06-23,1025000.0,108.0
BD,ETF,76.0,0.3,2026-06-23,2026-10-09,638.0,NO,2026-06-23,9500.0,108.0
AMGR,ETF,76.0,0.29,2026-06-24,2026-10-09,1461.0,NO,2026-08-05,66900.0,65.0
IINC,ETF,76.0,0.29,2026-06-24,2026-10-09,235.0,NO,2026-06-24,360000.0,107.0
FUSD,ETF,76.0,0.29,2026-06-24,2026-10-09,407.0,NO,2026-06-24,995200.0,107.0
RMHY,ETF,76.0,0.29,2026-06-24,2026-10-09,3059.0,NO,2026-06-24,1140500.0,107.0
QNDX,ETF,76.0,0.29,2026-06-24,2026-10-09,411527.0,NO,2026-10-06,2427900.0,3.0
AMEI,ETF,76.0,0.29,2026-06-24,2026-10-09,357.0,NO,2026-06-24,42100.0,107.0
ONTX,ETF,76.0,0.29,2026-06-24,2026-10-09,2757.0,NO,2026-06-30,113400.0,101.0
UMCX,ETF,76.0,0.29,2026-06-24,2026-10-09,757.0,NO,2026-10-05,27100.0,4.0
SMHC,ETF,76.0,0.29,2026-06-24,2026-10-09,39932.0,NO,2026-06-29,2809100.0,102.0
AAAP,ETF,76.0,0.3,2026-06-23,2026-10-09,7278.0,NO,2026-06-23,1025100.0,108.0
AMEM,ETF,76.0,0.29,2026-06-24,2026-10-09,1956.0,NO,2026-06-24,41300.0,107.0
MDCR,ETF,75.0,0.32,2026-06-12,2026-10-07,100.0,NO,2026-06-25,4100.0,104.0
PRXI,ETF,75.0,0.29,2026-06-24,2026-10-08,100.0,NO,2026-09-18,32500.0,20.0
MNSX,ETF,75.0,0.29,2026-06-24,2026-10-08,200.0,NO,2026-06-24,9500.0,106.0
AIX,ETF,75.0,0.29,2026-06-25,2026-10-09,39.0,NO,2026-07-01,6400.0,100.0
DPC,Stock,75.0,0.29,2026-06-25,2026-10-09,826838.0,NO,2026-06-25,18650400.0,106.0
BKLG,ETF,75.0,0.29,2026-06-23,2026-10-08,900.0,NO,2026-06-29,1200.0,101.0
TPLX,ETF,75.0,0.29,2026-06-24,2026-10-08,5100.0,NO,2026-06-24,9500.0,106.0
COIX,ETF,74.0,0.29,2026-06-26,2026-10-09,611.0,NO,2026-06-26,9200.0,105.0
PLTL,ETF,74.0,0.29,2026-06-26,2026-10-09,618.0,NO,2026-08-10,9400.0,60.0
MBGL,Stock,74.0,0.29,2026-06-26,2026-10-09,2215332.0,NO,2026-07-01,97846400.0,100.0
KEYX,ETF,74.0,0.29,2026-06-24,2026-10-07,100.0,NO,2026-06-24,9800.0,105.0
CAMC,ETF,74.0,0.29,2026-06-24,2026-10-07,100.0,NO,2026-06-24,10200.0,105.0
MSFC,ETF,74.0,0.29,2026-06-26,2026-10-09,394.0,NO,2026-08-03,35100.0,67.0
MSIX,ETF,74.0,0.29,2026-06-24,2026-10-08,600.0,NO,2026-06-24,9300.0,106.0
AMAA,ETF,74.0,0.29,2026-06-26,2026-10-09,330.0,NO,2026-08-04,22700.0,66.0
GOGL,ETF,74.0,0.29,2026-06-26,2026-10-09,5103.0,NO,2026-09-23,64800.0,16.0
LSTB,ETF,74.0,0.29,2026-06-24,2026-10-07,100.0,NO,2026-06-26,2040600.0,103.0
FBX,ETF,74.0,0.29,2026-06-26,2026-10-09,1088.0,NO,2026-06-26,9400.0,105.0
LSCP,ETF,74.0,0.29,2026-06-24,2026-10-07,100.0,NO,2026-06-26,1987600.0,103.0
LADM,ETF,74.0,0.29,2026-06-26,2026-10-09,107.0,NO,2026-10-02,16000.0,7.0
NVC,ETF,73.0,0.28,2026-06-26,2026-10-08,5900.0,NO,2026-06-26,10100.0,104.0
XIGV,ETF,73.0,0.28,2026-06-25,2026-10-07,100.0,NO,2026-07-01,4100.0,98.0
ORAC,ETF,73.0,0.28,2026-06-29,2026-10-09,705.0,NO,2026-06-29,522900.0,102.0
AMDC,ETF,73.0,0.28,2026-06-26,2026-10-08,33500.0,NO,2026-08-04,50300.0,65.0
TWSC,ETF,73.0,0.28,2026-06-26,2026-10-08,200.0,NO,2026-06-26,10100.0,104.0
LRNX,ETF,73.0,0.29,2026-06-24,2026-10-07,100.0,NO,2026-06-24,9600.0,105.0
AMHI,ETF,73.0,0.28,2026-06-25,2026-10-07,100.0,NO,2026-06-25,199100.0,104.0
CARX,ETF,73.0,0.29,2026-06-24,2026-10-07,100.0,NO,2026-06-24,9400.0,105.0
MSTC,ETF,73.0,0.28,2026-06-26,2026-10-08,600.0,NO,2026-08-21,17900.0,48.0
MFP,Stock,73.0,0.28,2026-06-29,2026-10-09,169745.0,NO,2026-07-07,8306000.0,94.0
BEC,ETF,72.0,0.28,2026-06-30,2026-10-09,8457.0,NO,2026-09-08,65200.0,31.0
LAZR,ETF,72.0,0.28,2026-06-30,2026-10-09,87198.0,NO,2026-08-12,656000.0,58.0
DISK,ETF,72.0,0.28,2026-06-30,2026-10-09,112848.0,NO,2026-07-29,1376500.0,72.0
AVGC,ETF,72.0,0.28,2026-06-30,2026-10-09,2049.0,NO,2026-09-03,19500.0,36.0
RANK,ETF,72.0,0.28,2026-06-30,2026-10-09,1561.0,NO,2026-07-14,161800.0,87.0
TESC,ETF,72.0,0.28,2026-06-26,2026-10-07,100.0,NO,2026-06-26,9700.0,103.0
CIEX,ETF,71.0,0.27,2026-07-01,2026-10-09,33780.0,NO,2026-09-03,277500.0,36.0
MSEP,ETF,71.0,0.32,2026-06-11,2026-10-07,500.0,NO,2026-09-24,17900.0,13.0
TSEU,ETF,71.0,0.27,2026-07-01,2026-10-09,2998.0,NO,2026-07-08,41000.0,93.0
LIME,Stock,71.0,0.27,2026-07-01,2026-10-09,360809.0,NO,2026-07-01,3688300.0,100.0
BSP,Stock,71.0,0.27,2026-07-01,2026-10-09,1539598.0,NO,2026-07-01,17370300.0,100.0
KMEM,ETF,71.0,0.27,2026-07-01,2026-10-09,30141.0,NO,2026-07-01,859000.0,100.0
ASMZ,ETF,71.0,0.27,2026-06-30,2026-10-08,1600.0,NO,2026-06-30,8900.0,100.0
ACHX,ETF,71.0,0.27,2026-06-30,2026-10-08,1600.0,NO,2026-06-30,9600.0,100.0
IOSX,ETF,70.0,0.27,2026-06-30,2026-10-07,100.0,NO,2026-06-30,9300.0,99.0
SMCC,ETF,70.0,0.27,2026-06-30,2026-10-07,100.0,NO,2026-06-30,12700.0,99.0
FESC,ETF,70.0,0.27,2026-07-02,2026-10-09,1161.0,NO,2026-09-29,53900.0,10.0
FECM,ETF,70.0,0.27,2026-07-02,2026-10-09,6461.0,NO,2026-10-08,7200.0,1.0
GMEC,ETF,70.0,0.27,2026-06-30,2026-10-07,400.0,NO,2026-06-30,9900.0,99.0
UN,ETF,68.0,0.26,2026-07-07,2026-10-09,228.0,NO,2026-07-07,9400.0,94.0
PUL,ETF,68.0,0.26,2026-07-07,2026-10-09,10232.0,NO,2026-09-24,26200.0,15.0
SFYI,ETF,68.0,0.26,2026-07-07,2026-10-09,1275.0,NO,2026-07-09,22400.0,92.0
AXTC,ETF,68.0,0.26,2026-07-07,2026-10-09,10794.0,NO,2026-08-05,36400.0,65.0
AAPE,ETF,68.0,0.26,2026-07-07,2026-10-09,24005.0,NO,2026-08-31,63300.0,39.0
AMZG,ETF,68.0,0.26,2026-07-07,2026-10-09,125241.0,NO,2026-08-05,900900.0,65.0
CIR,ETF,68.0,0.26,2026-07-07,2026-10-09,3748.0,NO,2026-07-07,11500.0,94.0
NFX,ETF,68.0,0.26,2026-07-07,2026-10-09,321.0,NO,2026-07-07,9600.0,94.0
METG,ETF,68.0,0.26,2026-07-07,2026-10-09,16769.0,NO,2026-09-25,95800.0,14.0
TERC,ETF,68.0,0.26,2026-07-07,2026-10-09,438.0,NO,2026-07-07,12400.0,94.0
CRWX,ETF,68.0,0.26,2026-07-07,2026-10-09,14690.0,NO,2026-07-22,128700.0,79.0
COHC,ETF,68.0,0.26,2026-07-07,2026-10-09,993.0,NO,2026-08-10,19300.0,60.0
LRCC,ETF,68.0,0.26,2026-07-07,2026-10-09,2165.0,NO,2026-09-18,25400.0,21.0
APMI,ETF,68.0,0.26,2026-07-07,2026-10-09,210.0,NO,2026-08-13,29600.0,57.0
TRUM,ETF,67.0,0.25,2026-07-08,2026-10-09,526.0,NO,2026-10-01,55200.0,8.0
TRUU,ETF,67.0,0.25,2026-07-08,2026-10-09,194.0,NO,2026-10-07,1700.0,2.0
SNTQ,ETF,67.0,0.25,2026-07-08,2026-10-09,74403.0,NO,2026-07-08,396400.0,93.0
MPWC,ETF,67.0,0.25,2026-07-07,2026-10-08,200.0,NO,2026-07-07,10800.0,93.0
TRUR,ETF,67.0,0.25,2026-07-08,2026-10-09,107.0,NO,2026-08-14,1000.0,56.0
TRUN,ETF,67.0,0.25,2026-07-08,2026-10-09,118.0,NO,2026-08-27,2000.0,43.0
PUR,ETF,67.0,0.25,2026-07-08,2026-10-09,81922.0,NO,2026-08-20,500100.0,50.0
BWQG,ETF,66.0,0.25,2026-07-09,2026-10-09,1273.0,NO,2026-07-17,288400.0,84.0
NSIG,ETF,66.0,0.25,2026-07-09,2026-10-09,605.0,NO,2026-07-09,2225000.0,92.0
ONDC,ETF,66.0,0.25,2026-07-07,2026-10-07,100.0,NO,2026-07-07,10700.0,92.0
BRKL,ETF,66.0,0.25,2026-07-07,2026-10-07,100.0,NO,2026-07-07,9900.0,92.0
WSPC,ETF,66.0,0.25,2026-07-09,2026-10-09,10.0,NO,2026-08-04,11800.0,66.0
FINA,ETF,66.0,0.25,2026-07-09,2026-10-09,258.0,NO,2026-07-13,34105100.0,88.0
DRVR,ETF,66.0,0.25,2026-07-09,2026-10-09,434.0,NO,2026-10-08,20000.0,1.0
IQQ,ETF,66.0,0.25,2026-07-09,2026-10-09,640758.0,NO,2026-07-10,5503500.0,91.0
NSIV,ETF,66.0,0.25,2026-07-09,2026-10-09,8172.0,NO,2026-07-09,2823600.0,92.0
LCTO,ETF,66.0,0.25,2026-07-07,2026-10-07,100.0,NO,2026-08-27,4700.0,41.0
FSPC,ETF,66.0,0.25,2026-07-09,2026-10-09,319.0,NO,2026-09-09,11500.0,30.0
BABC,ETF,65.0,0.25,2026-07-10,2026-10-09,215.0,NO,2026-07-10,9600.0,91.0
SKHY,Stock,65.0,0.25,2026-07-10,2026-10-09,11994532.0,NO,2026-07-10,107674700.0,91.0
LITC,ETF,65.0,0.25,2026-07-10,2026-10-09,2526.0,NO,2026-08-17,13000.0,53.0
HOOC,ETF,65.0,0.25,2026-07-10,2026-10-09,1373.0,NO,2026-07-10,10300.0,91.0
INT,ETF,65.0,0.25,2026-07-10,2026-10-09,95067.0,NO,2026-10-08,125400.0,1.0
SOFC,ETF,65.0,0.25,2026-07-10,2026-10-09,1452.0,NO,2026-08-19,5200.0,51.0
TEMC,ETF,65.0,0.25,2026-07-10,2026-10-09,582.0,NO,2026-09-18,6600.0,21.0
SLVY,ETF,65.0,0.25,2026-07-09,2026-10-08,1100.0,NO,2026-09-28,10700.0,10.0
JPRF,ETF,64.0,0.24,2026-07-13,2026-10-09,217567.0,NO,2026-08-24,447400.0,46.0
BNMC,ETF,64.0,0.25,2026-07-10,2026-10-08,300.0,NO,2026-07-10,9100.0,90.0
LGDS,ETF,64.0,0.24,2026-07-13,2026-10-09,13086.0,NO,2026-09-29,626800.0,10.0
SEUS,ETF,63.0,0.24,2026-07-14,2026-10-09,73388.0,NO,2026-07-14,34477300.0,87.0
SK,ETF,63.0,0.24,2026-07-14,2026-10-09,206959.0,NO,2026-07-29,4930300.0,72.0
HIMC,ETF,63.0,0.24,2026-07-14,2026-10-09,809.0,NO,2026-07-14,9600.0,87.0
RIVC,ETF,63.0,0.24,2026-07-14,2026-10-09,120.0,NO,2026-07-14,10700.0,87.0
NBIC,ETF,63.0,0.24,2026-07-14,2026-10-09,15163.0,NO,2026-08-13,21200.0,57.0
GEVC,ETF,63.0,0.24,2026-07-10,2026-10-07,2700.0,NO,2026-07-10,9400.0,89.0
QFF,ETF,63.0,0.24,2026-07-14,2026-10-09,3376.0,NO,2026-07-16,2115700.0,85.0
CRD,ETF,63.0,0.24,2026-07-14,2026-10-09,11388.0,NO,2026-09-02,104900.0,37.0
SKHU,ETF,63.0,0.24,2026-07-14,2026-10-09,138368.0,NO,2026-07-29,7540100.0,72.0
CRWC,ETF,63.0,0.24,2026-07-14,2026-10-09,2147.0,NO,2026-09-14,63900.0,25.0
MRVX,ETF,63.0,0.24,2026-07-14,2026-10-09,6383.0,NO,2026-08-28,52600.0,42.0
HYNX,ETF,63.0,0.24,2026-07-14,2026-10-09,181548.0,NO,2026-07-29,3451500.0,72.0
NOWX,ETF,63.0,0.24,2026-07-14,2026-10-09,692.0,NO,2026-07-14,10800.0,87.0
SKUU,ETF,63.0,0.24,2026-07-14,2026-10-09,900996.0,NO,2026-07-29,29148900.0,72.0
TDCL,ETF,62.0,0.24,2026-07-15,2026-10-09,20.0,NO,2026-08-05,49500.0,65.0
KWH,ETF,62.0,0.24,2026-07-15,2026-10-09,338.0,NO,2026-07-15,1351200.0,86.0
ORCZ,ETF,62.0,0.24,2026-07-15,2026-10-09,264387.0,NO,2026-09-11,999500.0,28.0
NTAL,ETF,62.0,0.24,2026-07-15,2026-10-09,4587.0,NO,2026-09-03,41100.0,36.0
TMGN,ETF,62.0,0.24,2026-07-15,2026-10-09,49752.0,NO,2026-07-15,149300.0,86.0
LUMA,ETF,62.0,0.24,2026-07-15,2026-10-09,24177.0,NO,2026-08-17,71800.0,53.0
RGTC,ETF,61.0,0.23,2026-07-14,2026-10-07,100.0,NO,2026-07-14,9100.0,85.0
YSAU,ETF,61.0,0.23,2026-07-16,2026-10-09,7992.0,NO,2026-08-14,33800.0,56.0
YSAG,ETF,61.0,0.23,2026-07-16,2026-10-09,731.0,NO,2026-08-14,21600.0,56.0
CDPI,ETF,61.0,0.23,2026-07-14,2026-10-07,100.0,NO,2026-07-14,250000.0,85.0
RTOO,ETF,61.0,0.23,2026-07-16,2026-10-09,3116.0,NO,2026-07-17,56900.0,84.0
CSQR,Stock,61.0,0.23,2026-07-16,2026-10-09,748749.0,NO,2026-09-18,13366500.0,21.0
DRMY,ETF,61.0,0.23,2026-07-16,2026-10-09,6031.0,NO,2026-07-24,34300.0,77.0
NQLT,ETF,61.0,0.23,2026-07-14,2026-10-07,200.0,NO,2026-08-19,23600.0,49.0
TKNZ,ETF,61.0,0.23,2026-07-16,2026-10-09,4357.0,NO,2026-09-15,18800.0,24.0
GALX,ETF,61.0,0.23,2026-07-16,2026-10-09,592.0,NO,2026-07-17,50700.0,84.0
RECI,ETF,61.0,0.23,2026-07-14,2026-10-07,100.0,NO,2026-07-14,250000.0,85.0
AMMO,ETF,61.0,0.23,2026-07-16,2026-10-09,1284.0,NO,2026-09-01,15600.0,38.0
VPFF,ETF,60.0,0.23,2026-07-15,2026-10-07,200.0,NO,2026-07-15,28100.0,84.0
JLCO,ETF,60.0,0.23,2026-07-16,2026-10-08,100.0,NO,2026-07-16,7100.0,84.0
BTCK,ETF,59.0,0.34,2026-06-04,2026-10-08,1100.0,NO,2026-06-04,54800.0,126.0
LOEV,ETF,59.0,0.22,2026-07-20,2026-10-09,46967.0,NO,2026-07-24,252000.0,77.0
AIHY,ETF,58.0,0.22,2026-07-21,2026-10-09,12773.0,NO,2026-08-27,298000.0,43.0
HLTH,ETF,58.0,0.22,2026-07-21,2026-10-09,6702.0,NO,2026-08-24,110400.0,46.0
HWO,ETF,57.0,0.22,2026-07-22,2026-10-09,6.0,NO,2026-07-22,2100.0,79.0
HWIV,ETF,57.0,0.22,2026-07-22,2026-10-09,7.0,NO,2026-07-28,13600.0,73.0
AAUB,ETF,56.0,0.21,2026-07-23,2026-10-09,1795.0,NO,2026-08-13,48900.0,57.0
EQQQ,ETF,56.0,0.21,2026-07-23,2026-10-09,304.0,NO,2026-08-13,61300.0,57.0
BUSM,ETF,54.0,0.2,2026-07-27,2026-10-09,11999.0,NO,2026-07-29,23400.0,72.0
SCTX,Stock,54.0,0.2,2026-07-27,2026-10-09,394901.0,NO,2026-09-18,2236400.0,21.0
BRSV,ETF,54.0,0.2,2026-07-27,2026-10-09,3277.0,NO,2026-07-30,284900.0,71.0
BAGX,ETF,54.0,0.2,2026-07-27,2026-10-09,575.0,NO,2026-08-14,9400.0,56.0
MSOL,ETF,53.0,0.2,2026-07-28,2026-10-09,15317.0,NO,2026-07-28,951300.0,73.0
IOND,Stock,53.0,0.2,2026-07-28,2026-10-09,253467.0,NO,2026-09-18,3880100.0,21.0
MSSE,ETF,53.0,0.2,2026-07-28,2026-10-09,14392.0,NO,2026-07-28,933600.0,73.0
RAMZ,ETF,53.0,0.2,2026-07-28,2026-10-09,235167.0,NO,2026-08-18,1972200.0,52.0
SKHA,ETF,53.0,0.2,2026-07-28,2026-10-09,4307.0,NO,2026-07-29,28600.0,72.0
BGFI,ETF,53.0,0.2,2026-07-28,2026-10-09,67653.0,NO,2026-09-14,21573300.0,25.0
BGUS,ETF,53.0,0.2,2026-07-28,2026-10-09,14.0,NO,2026-07-28,41500.0,73.0
MUIB,ETF,52.0,0.2,2026-07-29,2026-10-09,3255.0,NO,2026-07-31,8900.0,70.0
NVIB,ETF,52.0,0.2,2026-07-29,2026-10-09,790.0,NO,2026-07-31,6100.0,70.0
TSIB,ETF,52.0,0.2,2026-07-29,2026-10-09,360.0,NO,2026-08-12,2200.0,58.0
MEIB,ETF,52.0,0.2,2026-07-29,2026-10-09,153.0,NO,2026-09-24,7600.0,15.0
WSMD,ETF,52.0,0.2,2026-07-29,2026-10-09,408.0,NO,2026-07-29,111800.0,72.0
PLIB,ETF,52.0,0.2,2026-07-29,2026-10-09,530.0,NO,2026-08-07,2300.0,63.0
BNAV,ETF,52.0,0.2,2026-07-29,2026-10-09,2635.0,NO,2026-07-29,24800.0,72.0
BMSI,ETF,51.0,0.19,2026-07-28,2026-10-07,100.0,NO,2026-08-27,1200.0,41.0
ADIG,Stock,51.0,0.19,2026-07-30,2026-10-09,305220.0,NO,2026-08-10,3017800.0,60.0
ELOL,ETF,51.0,0.19,2026-07-30,2026-10-09,5519.0,NO,2026-08-04,64300.0,66.0
GOIB,ETF,51.0,0.19,2026-07-29,2026-10-08,300.0,NO,2026-09-23,6800.0,15.0
JMKE,Stock,51.0,0.19,2026-07-30,2026-10-09,2642614.0,NO,2026-07-30,36089100.0,71.0
ARMS,ETF,51.0,0.19,2026-07-30,2026-10-09,749.0,NO,2026-08-14,1195100.0,56.0
JLVP,ETF,50.0,0.19,2026-07-31,2026-10-09,241.0,NO,2026-08-03,41000.0,67.0
APMD,Stock,50.0,0.19,2026-07-31,2026-10-09,268251.0,NO,2026-07-31,3444700.0,70.0
ARCP,ETF,50.0,0.19,2026-07-30,2026-10-08,20000.0,NO,2026-08-14,1193700.0,55.0
SDUR,ETF,50.0,0.19,2026-07-30,2026-10-08,2000.0,NO,2026-08-07,465400.0,62.0
RJCA,ETF,49.0,0.18,2026-08-03,2026-10-09,5471.0,NO,2026-08-04,129300.0,66.0
FIZY,ETF,48.0,0.18,2026-08-04,2026-10-09,12085.0,NO,2026-09-23,45700.0,16.0
PHOS,Stock,48.0,0.18,2026-08-04,2026-10-09,50439.0,NO,2026-09-10,150500.0,29.0
ATTO,Stock,47.0,0.18,2026-08-05,2026-10-09,194180.0,NO,2026-08-05,4907300.0,65.0
KEO,ETF,47.0,0.18,2026-08-05,2026-10-09,793.0,NO,2026-08-25,21200.0,45.0
NCLD,ETF,46.0,0.18,2026-08-06,2026-10-09,645013.0,NO,2026-08-12,2141800.0,58.0
BRVE,Stock,46.0,0.18,2026-08-06,2026-10-09,255032.0,NO,2026-08-06,3292200.0,64.0
OCNL,ETF,46.0,0.18,2026-08-06,2026-10-09,5327.0,NO,2026-08-10,35100.0,60.0
CHDG,ETF,46.0,0.18,2026-08-04,2026-10-07,100.0,NO,2026-08-18,29500.0,50.0
PENU,ETF,46.0,0.18,2026-08-06,2026-10-09,99310.0,NO,2026-10-06,321700.0,3.0
DLCU,ETF,46.0,0.18,2026-08-06,2026-10-09,3202.0,NO,2026-10-07,18400.0,2.0
LYTE,ETF,46.0,0.18,2026-08-06,2026-10-09,1453658.0,NO,2026-08-17,5090200.0,53.0
ANGU,ETF,46.0,0.18,2026-08-06,2026-10-09,16988.0,NO,2026-08-06,17467800.0,64.0
TIH,ETF,46.0,0.18,2026-08-06,2026-10-09,25287.0,NO,2026-09-25,76400.0,14.0
AKAL,ETF,46.0,0.18,2026-08-06,2026-10-09,173379.0,NO,2026-09-25,840300.0,14.0
BLSM,Stock,45.0,0.17,2026-08-07,2026-10-09,131828.0,NO,2026-08-07,1757600.0,63.0
MWHS,ETF,45.0,0.24,2026-06-29,2026-09-25,100.0,NO,2026-07-15,23500.0,72.0
LTGO,Stock,45.0,0.17,2026-08-07,2026-10-09,184215.0,NO,2026-08-07,3301700.0,63.0
PHOX,ETF,44.0,0.16,2026-08-10,2026-10-09,1313.0,NO,2026-08-21,20300.0,49.0
GCPB,ETF,44.0,0.16,2026-08-10,2026-10-09,2522.0,NO,2026-08-19,50900.0,51.0
SITX,ETF,43.0,0.16,2026-08-11,2026-10-09,8627.0,NO,2026-08-17,34300.0,53.0
DUKU,Stock,43.0,0.16,2026-08-11,2026-10-09,39639.0,NO,2026-08-11,14010100.0,59.0
GINC,ETF,43.0,0.16,2026-08-10,2026-10-08,9900.0,NO,2026-09-23,2039500.0,15.0
MRAX,ETF,43.0,0.16,2026-08-11,2026-10-09,418.0,NO,2026-08-25,30500.0,45.0
LITG,ETF,43.0,0.16,2026-08-11,2026-10-09,8802.0,NO,2026-10-01,58700.0,8.0
MXLL,ETF,43.0,0.16,2026-08-11,2026-10-09,65535.0,NO,2026-10-08,104700.0,1.0
ARIA,ETF,42.0,0.16,2026-08-10,2026-10-07,400.0,NO,2026-09-28,1900.0,9.0
CSRA,ETF,42.0,0.16,2026-08-12,2026-10-09,3696.0,NO,2026-08-18,74700.0,52.0
UMCU,ETF,42.0,0.16,2026-08-11,2026-10-08,900.0,NO,2026-08-17,10400.0,52.0
MPDY,ETF,42.0,0.16,2026-08-12,2026-10-09,39956.0,NO,2026-08-12,199800.0,58.0
MPIA,ETF,42.0,0.16,2026-08-12,2026-10-09,1158.0,NO,2026-09-16,115400.0,23.0
VOGX,Stock,42.0,0.16,2026-08-12,2026-10-09,77188.0,NO,2026-08-18,776200.0,52.0
MPIM,ETF,42.0,0.16,2026-08-12,2026-10-09,10796.0,NO,2026-09-16,180600.0,23.0
COOL,ETF,41.0,0.16,2026-08-13,2026-10-09,146.0,NO,2026-08-26,32300.0,44.0
MTAW,ETF,41.0,0.16,2026-08-13,2026-10-09,1034.0,NO,2026-08-13,39100.0,57.0
YLDY,ETF,41.0,0.16,2026-08-13,2026-10-09,1524.0,NO,2026-08-26,817400.0,44.0
OAIW,ETF,41.0,0.16,2026-08-13,2026-10-09,11706.0,NO,2026-08-13,42500.0,57.0
ANTW,ETF,41.0,0.16,2026-08-13,2026-10-09,40590.0,NO,2026-09-23,265400.0,16.0
EXPN,ETF,41.0,0.16,2026-08-13,2026-10-09,3145.0,NO,2026-08-26,3265600.0,44.0
RVII,Stock,41.0,0.16,2026-08-13,2026-10-09,77713.0,NO,2026-08-13,2347900.0,57.0
CGPT,ETF,41.0,0.16,2026-08-13,2026-10-09,315.0,NO,2026-08-19,7100.0,51.0
GAIQ,ETF,40.0,0.15,2026-08-12,2026-10-07,100.0,NO,2026-08-12,10500.0,56.0
EFTY,Stock,40.0,0.15,2025-08-08,2025-10-03,2586800.0,NO,2025-08-08,2953000.0,56.0
HAWG,ETF,40.0,0.15,2026-08-14,2026-10-09,19230.0,NO,2026-08-14,3041000.0,56.0
FOIL,Stock,40.0,0.16,2026-08-12,2026-10-09,32925.0,NO,2026-08-12,397600.0,58.0
XAIW,ETF,40.0,0.15,2026-08-13,2026-10-08,2400.0,NO,2026-08-13,41100.0,56.0
ADAMK,Stock,39.0,0.15,2026-08-17,2026-10-09,28950.0,NO,2026-08-17,362400.0,53.0
HBIL,ETF,39.0,0.15,2026-08-13,2026-10-07,100.0,NO,2026-08-26,151100.0,42.0
ZDIS,ETF,39.0,0.15,2026-08-17,2026-10-09,637.0,NO,2026-09-03,11200.0,36.0
DEPW,ETF,39.0,0.15,2026-08-13,2026-10-07,900.0,NO,2026-08-13,40100.0,55.0
ZINN,ETF,39.0,0.15,2026-08-17,2026-10-09,3537.0,NO,2026-09-02,187600.0,37.0
PSOX,ETF,38.0,0.14,2026-08-17,2026-10-08,2600.0,NO,2026-09-08,45200.0,30.0
CROB,ETF,38.0,0.14,2026-08-18,2026-10-09,1384.0,NO,2026-08-26,34900.0,44.0
BEMD,ETF,38.0,0.15,2026-08-14,2026-10-07,100.0,NO,2026-08-14,940000.0,54.0
AXTQ,ETF,38.0,0.14,2026-08-18,2026-10-09,290586.0,NO,2026-09-29,1168700.0,10.0
COHQ,ETF,38.0,0.14,2026-08-18,2026-10-09,40979.0,NO,2026-10-01,207200.0,8.0
AINF,ETF,38.0,0.14,2026-08-18,2026-10-09,518.0,NO,2026-08-24,7000.0,46.0
XCSH,ETF,38.0,0.14,2026-08-18,2026-10-09,172.0,NO,2026-08-25,26900.0,45.0
FTG,ETF,38.0,0.14,2026-08-18,2026-10-09,5035.0,NO,2026-09-28,22400.0,11.0
XVTS,ETF,37.0,0.14,2026-08-19,2026-10-09,4824.0,NO,2026-09-25,14000.0,14.0
KSMH,ETF,37.0,0.14,2026-08-19,2026-10-09,3921.0,NO,2026-09-08,34400.0,31.0
XVNV,ETF,37.0,0.14,2026-08-19,2026-10-09,5951.0,NO,2026-10-02,10100.0,7.0
KAIT,ETF,37.0,0.14,2026-08-19,2026-10-09,1931.0,NO,2026-09-08,81500.0,31.0
MUG,ETF,37.0,0.14,2026-08-19,2026-10-09,24608.0,NO,2026-10-01,256500.0,8.0
XVAP,ETF,37.0,0.14,2026-08-19,2026-10-09,5913.0,NO,2026-10-02,9600.0,7.0
AHBM,ETF,37.0,0.14,2026-08-19,2026-10-09,1083.0,NO,2026-08-19,203800.0,51.0
XQBT,ETF,36.0,0.14,2026-08-19,2026-10-08,1100.0,NO,2026-08-19,22500.0,50.0
GEEQ,ETF,36.0,0.14,2026-08-20,2026-10-09,529.0,NO,2026-08-25,505100.0,45.0
ROBX,ETF,36.0,0.14,2026-08-19,2026-10-08,1900.0,NO,2026-08-19,21700.0,50.0
PCOV,ETF,36.0,0.14,2026-08-19,2026-10-08,1200.0,NO,2026-08-19,396300.0,50.0
HIAI,ETF,35.0,0.13,2026-08-21,2026-10-09,3766.0,NO,2026-09-17,613600.0,22.0
XWNG,ETF,35.0,0.13,2026-08-19,2026-10-07,100.0,NO,2026-08-19,21300.0,49.0
GCLO,ETF,34.0,0.13,2026-08-20,2026-10-07,100.0,NO,2026-09-09,325000.0,28.0
BBLS,ETF,34.0,0.13,2026-08-20,2026-10-07,100.0,NO,2026-08-20,300300.0,48.0
YRAM,ETF,33.0,0.12,2026-08-25,2026-10-09,19520.0,NO,2026-09-09,27800.0,30.0
HXC,ETF,33.0,0.13,2026-08-21,2026-10-07,100.0,NO,2026-08-21,1200100.0,47.0
CAPA,ETF,32.0,0.12,2026-08-26,2026-10-09,6227.0,NO,2026-09-04,61200.0,35.0
PRAM,ETF,31.0,0.12,2026-08-27,2026-10-09,40457.0,NO,2026-08-31,135300.0,39.0
HBIT,ETF,31.0,0.12,2026-08-27,2026-10-09,9051.0,NO,2026-08-27,43100.0,43.0
SAX,Stock,31.0,0.12,2026-08-27,2026-10-09,1141.0,NO,2026-09-30,564700.0,9.0
HXE,ETF,30.0,0.11,2026-08-26,2026-10-07,100.0,NO,2026-09-09,54400.0,28.0
BTA,ETF,30.0,0.11,2026-08-26,2026-10-07,100.0,NO,2026-08-28,210700.0,40.0
KPO,ETF,30.0,0.11,2026-08-28,2026-10-09,1749.0,NO,2026-08-31,342900.0,39.0
AESB,ETF,29.0,0.11,2026-08-27,2026-10-07,100.0,NO,2026-08-27,99400.0,41.0
AEMV,ETF,29.0,0.11,2026-08-27,2026-10-07,100.0,NO,2026-08-27,99300.0,41.0
LBOX,ETF,29.0,0.12,2026-08-25,2026-10-09,20392.0,NO,2026-09-21,34114.0,18.0
FRUT,ETF,29.0,0.11,2026-08-31,2026-10-09,1486.0,NO,2026-09-08,20100.0,31.0
AESL,ETF,29.0,0.11,2026-08-27,2026-10-07,200.0,NO,2026-08-27,99600.0,41.0
AEMC,ETF,29.0,0.11,2026-08-27,2026-10-07,100.0,NO,2026-08-27,99900.0,41.0
AEMG,ETF,29.0,0.11,2026-08-27,2026-10-07,100.0,NO,2026-08-27,99600.0,41.0
AESG,ETF,29.0,0.11,2026-08-27,2026-10-07,100.0,NO,2026-08-27,99100.0,41.0
ISRL,ETF,27.0,0.1,2026-09-02,2026-10-09,27.0,NO,2026-09-21,16200.0,18.0
VOOY,ETF,27.0,0.1,2026-09-02,2026-10-09,1798.0,NO,2026-09-04,20200.0,35.0
DIVH,ETF,27.0,0.1,2026-09-02,2026-10-09,3300.0,NO,2026-09-03,67100.0,36.0
OTAX,ETF,27.0,0.1,2026-09-02,2026-10-09,17027.0,NO,2026-09-04,158200.0,35.0
HXF,ETF,26.0,0.1,2026-09-03,2026-10-09,810.0,NO,2026-09-22,40600.0,17.0
UCBG,ETF,26.0,0.1,2026-09-03,2026-10-09,3829.0,NO,2026-09-29,11500.0,10.0
HQDG,ETF,25.0,0.1,2026-09-04,2026-10-09,2677.0,NO,2026-09-08,5600.0,31.0
PJSM,ETF,24.0,0.09,2026-09-04,2026-10-08,100.0,NO,2026-09-24,4000.0,14.0
TSCZ,ETF,24.0,0.09,2026-09-03,2026-10-07,500000.0,NO,2026-09-24,550100.0,13.0
DICE,ETF,23.0,0.08,2026-09-09,2026-10-09,1368.0,NO,2026-09-29,16700.0,10.0
PJIN,ETF,23.0,0.09,2026-09-04,2026-10-07,100.0,NO,2026-09-04,400.0,33.0
KATT,ETF,23.0,0.08,2026-09-09,2026-10-09,2098.0,NO,2026-10-02,14900.0,7.0
TRXS,ETF,23.0,0.08,2026-09-09,2026-10-09,1929.0,NO,2026-09-25,4900.0,14.0
CCML,ETF,23.0,0.08,2026-09-09,2026-10-09,15073.0,NO,2026-09-10,119900.0,29.0
NRAM,ETF,22.0,0.08,2026-09-10,2026-10-09,1219.0,NO,2026-09-14,36100.0,25.0
MFSX,ETF,22.0,0.08,2026-09-10,2026-10-09,156933.0,NO,2026-09-10,608100.0,29.0
VEGX,ETF,22.0,0.08,2026-09-10,2026-10-09,221.0,NO,2026-09-15,19300.0,24.0
MFSD,ETF,22.0,0.08,2026-09-10,2026-10-09,7615.0,NO,2026-09-10,1000100.0,29.0
AIFR,ETF,22.0,0.08,2026-09-10,2026-10-09,91.0,NO,2026-09-17,4000.0,22.0
VEEM,ETF,22.0,0.08,2026-09-10,2026-10-09,10.0,NO,2026-09-21,9800.0,18.0
AIMG,ETF,22.0,0.08,2026-09-10,2026-10-09,921.0,NO,2026-09-22,13000.0,17.0
CRAM,ETF,22.0,0.08,2026-09-10,2026-10-09,27251.0,NO,2026-10-05,46300.0,4.0
MLCC,ETF,21.0,0.08,2026-09-11,2026-10-09,938.0,NO,2026-10-06,23200.0,3.0
TIZE,ETF,20.0,0.07,2026-09-14,2026-10-09,1161.0,NO,2026-09-22,90000.0,17.0
PCPC,ETF,19.0,0.07,2026-09-15,2026-10-09,6039.0,NO,2026-09-30,116100.0,9.0
XUSM,ETF,19.0,0.07,2026-09-15,2026-10-09,9780.0,NO,2026-10-06,303200.0,3.0
KCHP,ETF,19.0,0.07,2026-09-15,2026-10-09,11096.0,NO,2026-10-07,12100.0,2.0
NUIB,ETF,19.0,0.07,2026-09-15,2026-10-09,1026.0,NO,2026-09-18,1395000.0,21.0
IQGR,ETF,18.0,0.06,2026-09-16,2026-10-09,6432.0,NO,2026-09-23,446400.0,16.0
JINT,ETF,18.0,0.06,2026-09-16,2026-10-09,1459.0,NO,2026-10-01,66900.0,8.0
ASBH,Stock,18.0,0.06,2026-09-16,2026-10-09,55655.0,NO,2026-09-16,1655800.0,23.0
AICH,ETF,18.0,0.06,2026-09-16,2026-10-09,7255.0,NO,2026-09-16,18200.0,23.0
BUIL,ETF,18.0,0.06,2026-09-16,2026-10-09,5241.0,NO,2026-09-16,527000.0,23.0
NFEGP,Stock,18.0,0.07,2026-09-14,2026-10-09,15558.0,NO,2026-09-15,106600.0,24.0
XVSP,ETF,17.0,0.06,2026-09-17,2026-10-09,5663.0,NO,2026-10-07,14800.0,2.0
TDNA,ETF,17.0,0.06,2026-09-17,2026-10-09,2406.0,NO,2026-09-24,4000.0,15.0
HUMM,ETF,17.0,0.06,2026-09-17,2026-10-09,1248.0,NO,2026-09-17,77600.0,22.0
AT,ETF,17.0,0.06,2026-09-17,2026-10-09,1339.0,NO,2026-09-21,17700.0,18.0
CGFS,ETF,17.0,0.06,2026-09-17,2026-10-09,207.0,NO,2026-10-01,2900.0,8.0
TMID,ETF,17.0,0.06,2026-09-17,2026-10-09,50.0,NO,2026-10-08,5100.0,1.0
LPSV,ETF,17.0,0.06,2026-09-17,2026-10-09,107.0,NO,2026-09-24,3300.0,15.0
TSEE,ETF,17.0,0.06,2026-09-17,2026-10-09,731.0,NO,2026-09-23,5500.0,16.0
ASSX,ETF,16.0,0.06,2026-09-18,2026-10-09,72676.0,NO,2026-09-21,276700.0,18.0
SECA,ETF,15.0,0.05,2026-09-21,2026-10-09,2320.0,NO,2026-09-22,16000.0,17.0
VOOB,ETF,14.0,0.05,2026-09-22,2026-10-09,12.0,NO,2026-10-05,6000.0,4.0
QQQB,ETF,14.0,0.05,2026-09-22,2026-10-09,157.0,NO,2026-09-22,1000.0,17.0
MYML,ETF,13.0,0.04,2026-09-23,2026-10-09,6.0,NO,2026-09-28,2400.0,11.0
TXNY,ETF,13.0,0.04,2026-09-23,2026-10-09,2024.0,NO,2026-09-28,7100.0,11.0
XVPT,ETF,13.0,0.04,2026-09-23,2026-10-09,4729.0,NO,2026-10-02,9500.0,7.0
CHIP,ETF,13.0,0.04,2026-09-23,2026-10-09,664.0,NO,2026-09-23,22300.0,16.0
MYHF,ETF,13.0,0.04,2026-09-23,2026-10-09,1892.0,NO,2026-09-25,3500.0,14.0
QQI,ETF,13.0,0.04,2026-09-23,2026-10-09,5967.0,NO,2026-09-23,28500.0,16.0
VMSD,ETF,13.0,0.04,2026-09-23,2026-10-09,5.0,NO,2026-09-23,895000.0,16.0
XVAZ,ETF,13.0,0.04,2026-09-23,2026-10-09,6291.0,NO,2026-10-02,10100.0,7.0
XVGL,ETF,13.0,0.04,2026-09-23,2026-10-09,4922.0,NO,2026-10-02,10200.0,7.0
XVMS,ETF,13.0,0.04,2026-09-23,2026-10-09,4696.0,NO,2026-10-02,9300.0,7.0
NECK,ETF,13.0,0.04,2026-09-23,2026-10-09,8106.0,NO,2026-10-07,217900.0,2.0
VMHY,ETF,13.0,0.04,2026-09-23,2026-10-09,511.0,NO,2026-09-23,895200.0,16.0
XVMT,ETF,13.0,0.04,2026-09-23,2026-10-09,4871.0,NO,2026-10-02,9800.0,7.0
XVAD,ETF,13.0,0.04,2026-09-23,2026-10-09,4895.0,NO,2026-10-02,10000.0,7.0
TXCA,ETF,13.0,0.04,2026-09-23,2026-10-09,6.0,NO,2026-09-23,2200.0,16.0
MYCP,ETF,13.0,0.04,2026-09-23,2026-10-09,4.0,NO,2026-09-28,4100.0,11.0
HWMV,ETF,12.0,0.04,2026-09-24,2026-10-09,1.0,NO,2026-09-24,1800.0,15.0
DCAP,ETF,12.0,0.04,2026-09-24,2026-10-09,2404.0,NO,2026-09-24,43300.0,15.0
TORK,ETF,12.0,0.04,2026-09-24,2026-10-09,3733.0,NO,2026-09-28,10500.0,11.0
ENRG,ETF,11.0,0.04,2026-09-22,2026-10-07,1300.0,NO,2026-09-25,478700.0,12.0
ADRX,Stock,11.0,0.04,2026-09-25,2026-10-09,688459.0,NO,2026-09-25,4213100.0,14.0
MNGB,ETF,10.0,0.04,2026-09-22,2026-10-07,100.0,NO,2026-09-30,400.0,7.0
NRR,ETF,9.0,0.03,2026-09-29,2026-10-09,226870.0,NO,2026-10-01,901400.0,8.0
LUNC,ETF,9.0,0.03,2026-09-29,2026-10-09,359.0,NO,2026-09-29,3200.0,10.0
JQTY,ETF,8.0,0.02,2026-09-30,2026-10-09,2990.0,NO,2026-09-30,62500.0,9.0
LCIV,ETF,8.0,0.02,2026-09-30,2026-10-09,612.0,NO,2026-09-30,700.0,9.0
BSMA,ETF,8.0,0.02,2026-09-30,2026-10-09,44750.0,NO,2026-10-07,177900.0,2.0
DBAR,ETF,8.0,0.02,2026-09-30,2026-10-09,1256.0,NO,2026-09-30,115000.0,9.0
HWGV,ETF,8.0,0.12,2026-08-27,2026-10-09,6.0,NO,2026-09-01,34207.0,38.0
TLIE,ETF,8.0,0.02,2026-09-30,2026-10-09,1028.0,NO,2026-09-30,4700.0,9.0
ICMO,ETF,8.0,0.02,2026-09-30,2026-10-09,778.0,NO,2026-09-30,41700.0,9.0
AVNC,ETF,7.0,0.02,2026-09-30,2026-10-08,300.0,NO,2026-10-05,1600.0,3.0
XX,ETF,7.0,0.02,2026-10-01,2026-10-09,2474.0,NO,2026-10-06,12900.0,3.0
MMHI,ETF,7.0,0.02,2026-10-01,2026-10-09,113144.0,NO,2026-10-08,150300.0,1.0
VYLR,Stock,7.0,0.02,2026-10-01,2026-10-09,4344386.0,NO,2026-10-05,17090500.0,4.0
TDEM,ETF,7.0,0.02,2026-10-01,2026-10-09,48.0,NO,2026-10-01,1400.0,8.0
ACSM,ETF,6.0,0.02,2026-09-30,2026-10-07,100.0,NO,2026-09-30,397500.0,7.0
TRIL,ETF,6.0,0.02,2026-10-01,2026-10-08,500.0,NO,2026-10-01,5600.0,7.0
ACIG,ETF,6.0,0.02,2026-09-30,2026-10-07,100.0,NO,2026-10-02,300000.0,5.0
MN,ETF,6.0,0.02,2026-10-02,2026-10-09,38283.0,NO,2026-10-05,990100.0,4.0
BCOM,ETF,6.0,0.02,2026-10-02,2026-10-09,21422.0,NO,2026-10-05,23400.0,4.0
MUNG,ETF,6.0,0.05,2026-08-26,2026-09-14,208.0,NO,2026-09-11,408.0,3.0
RWAYM,Stock,5.0,0.01,2026-10-05,2026-10-09,1009.0,NO,2026-10-05,31700.0,4.0
GMAC,ETF,4.0,0.01,2026-10-06,2026-10-09,4642.0,NO,2026-10-06,2464100.0,3.0
MUNF,ETF,4.0,0.06,2026-08-26,2026-09-16,209.0,NO,2026-09-11,408.0,5.0
PBUB,ETF,4.0,0.02,2026-10-02,2026-10-09,4.0,NO,2026-10-02,2443.0,7.0
UBIQ,ETF,4.0,0.01,2026-10-06,2026-10-09,195480.0,NO,2026-10-08,253000.0,1.0
ACCV,Stock,4.0,0.01,2026-10-06,2026-10-09,1572965.0,NO,2026-10-06,3534800.0,3.0
PFRX,ETF,4.0,0.01,2026-10-06,2026-10-09,23810.0,NO,2026-10-06,87600.0,3.0
CPU,ETF,3.0,0.01,2026-10-07,2026-10-09,1123.0,NO,2026-10-07,21900.0,2.0
OILT,ETF,3.0,0.07,2026-09-15,2026-10-09,1723.0,NO,2026-09-16,8580.0,23.0
OAKL,ETF,3.0,0.01,2026-10-07,2026-10-09,22833.0,NO,2026-10-07,122100.0,2.0
SMTJ,ETF,3.0,0.01,2026-10-07,2026-10-09,1425.0,NO,2026-10-08,47700.0,1.0
TIPF,ETF,3.0,0.05,2026-08-27,2026-09-16,906.0,NO,2026-09-11,2459.0,5.0
MMEDV,Stock,3.0,0.01,2026-10-07,2026-10-09,262.0,NO,2026-10-07,6400.0,2.0
SPXP,ETF,3.0,0.01,2026-10-07,2026-10-09,608.0,NO,2026-10-08,1900.0,1.0
SLVI,ETF,3.0,0.01,2026-10-07,2026-10-09,5714.0,NO,2026-10-07,10100.0,2.0
TXS,ETF,3.0,0.07,2026-09-15,2026-10-09,1774.0,NO,2026-09-15,2635.0,24.0
GEMQ,ETF,2.0,0.06,2026-09-16,2026-10-09,9.0,NO,2026-09-16,507.0,23.0
MNGZ,ETF,2.0,0.0,2026-10-06,2026-10-07,500.0,NO,2026-10-06,600.0,1.0
HFIX,ETF,2.0,0.0,2026-10-06,2026-10-07,500.0,NO,2026-10-06,3003300.0,1.0
TIPH,ETF,,,,,,NO,,,
PBWN,ETF,,,,,,NO,,,
TIPE,ETF,,,,,,NO,,,
EAFH,ETF,,,,,,NO,,,
PBCS,ETF,,,,,,NO,,,
RINK,ETF,,,,,,NO,,,
TIPG,ETF,,,,,,NO,,,
